<?xml version='1.0' encoding='UTF-8'?>
<kml xmlns:xsd="http://www.w3.org/2001/XMLSchema" xmlns:gx="http://www.google.com/kml/ext/2.2" xmlns:atom="http://www.w3.org/2005/Atom" xmlns="http://www.opengis.net/kml/2.2">
<Document>
<name>canelinha_4203709_localidades_2022</name>
<visibility>1</visibility>
<Schema name="Localidades" id="kml_schema_ft_Localidades">
<SimpleField type="xsd:string" name="CD_UF">
<displayName>CD_UF</displayName>
</SimpleField>
<SimpleField type="xsd:string" name="NM_UF">
<displayName>NM_UF</displayName>
</SimpleField>
<SimpleField type="xsd:string" name="SIGLA_UF">
<displayName>SIGLA_UF</displayName>
</SimpleField>
<SimpleField type="xsd:string" name="CD_MUN">
<displayName>CD_MUN</displayName>
</SimpleField>
<SimpleField type="xsd:string" name="NM_MUN">
<displayName>NM_MUN</displayName>
</SimpleField>
<SimpleField type="xsd:string" name="CD_RGINT">
<displayName>CD_RGINT</displayName>
</SimpleField>
<SimpleField type="xsd:string" name="NM_RGINT">
<displayName>NM_RGINT</displayName>
</SimpleField>
<SimpleField type="xsd:string" name="CD_RGI">
<displayName>CD_RGI</displayName>
</SimpleField>
<SimpleField type="xsd:string" name="NM_RGI">
<displayName>NM_RGI</displayName>
</SimpleField>
<SimpleField type="xsd:string" name="CT_LOCALIDADE">
<displayName>CT_LOCALIDADE</displayName>
</SimpleField>
<SimpleField type="xsd:string" name="SCT_LOCALIDADE">
<displayName>SCT_LOCALIDADE</displayName>
</SimpleField>
<SimpleField type="xsd:string" name="CD_LOCALIDADE">
<displayName>CD_LOCALIDADE</displayName>
</SimpleField>
<SimpleField type="xsd:string" name="NM_LOCALIDADE">
<displayName>NM_LOCALIDADE</displayName>
</SimpleField>
</Schema>
<Schema name="Núcleos Urbanos" id="kml_schema_ft_Núcleos_Urbanos">
<SimpleField type="xsd:string" name="CD_UF">
<displayName>CD_UF</displayName>
</SimpleField>
<SimpleField type="xsd:string" name="NM_UF">
<displayName>NM_UF</displayName>
</SimpleField>
<SimpleField type="xsd:string" name="SIGLA_UF">
<displayName>SIGLA_UF</displayName>
</SimpleField>
<SimpleField type="xsd:string" name="CD_MUN">
<displayName>CD_MUN</displayName>
</SimpleField>
<SimpleField type="xsd:string" name="NM_MUN">
<displayName>NM_MUN</displayName>
</SimpleField>
<SimpleField type="xsd:string" name="CD_RGINT">
<displayName>CD_RGINT</displayName>
</SimpleField>
<SimpleField type="xsd:string" name="NM_RGINT">
<displayName>NM_RGINT</displayName>
</SimpleField>
<SimpleField type="xsd:string" name="CD_RGI">
<displayName>CD_RGI</displayName>
</SimpleField>
<SimpleField type="xsd:string" name="NM_RGI">
<displayName>NM_RGI</displayName>
</SimpleField>
<SimpleField type="xsd:string" name="CT_LOCALIDADE">
<displayName>CT_LOCALIDADE</displayName>
</SimpleField>
<SimpleField type="xsd:string" name="CD_LOCALIDADE">
<displayName>CD_LOCALIDADE</displayName>
</SimpleField>
<SimpleField type="xsd:string" name="NM_LOCALIDADE">
<displayName>NM_LOCALIDADE</displayName>
</SimpleField>
<SimpleField type="xsd:string" name="LAT_LOCALIDADE">
<displayName>LAT_LOCALIDADE</displayName>
</SimpleField>
<SimpleField type="xsd:string" name="LONG_LOCALIDADE">
<displayName>LONG_LOCALIDADE</displayName>
</SimpleField>
</Schema>
<Schema name="01. Cidade" id="kml_schema_ft_01._Cidade">
<SimpleField type="xsd:string" name="CD_UF">
<displayName>CD_UF</displayName>
</SimpleField>
<SimpleField type="xsd:string" name="NM_UF">
<displayName>NM_UF</displayName>
</SimpleField>
<SimpleField type="xsd:string" name="SIGLA_UF">
<displayName>SIGLA_UF</displayName>
</SimpleField>
<SimpleField type="xsd:string" name="CD_MUN">
<displayName>CD_MUN</displayName>
</SimpleField>
<SimpleField type="xsd:string" name="NM_MUN">
<displayName>NM_MUN</displayName>
</SimpleField>
<SimpleField type="xsd:string" name="CD_RGINT">
<displayName>CD_RGINT</displayName>
</SimpleField>
<SimpleField type="xsd:string" name="NM_RGINT">
<displayName>NM_RGINT</displayName>
</SimpleField>
<SimpleField type="xsd:string" name="CD_RGI">
<displayName>CD_RGI</displayName>
</SimpleField>
<SimpleField type="xsd:string" name="NM_RGI">
<displayName>NM_RGI</displayName>
</SimpleField>
<SimpleField type="xsd:string" name="CT_LOCALIDADE">
<displayName>CT_LOCALIDADE</displayName>
</SimpleField>
<SimpleField type="xsd:string" name="SCT_LOCALIDADE">
<displayName>SCT_LOCALIDADE</displayName>
</SimpleField>
<SimpleField type="xsd:string" name="CD_LOCALIDADE">
<displayName>CD_LOCALIDADE</displayName>
</SimpleField>
<SimpleField type="xsd:string" name="NM_LOCALIDADE">
<displayName>NM_LOCALIDADE</displayName>
</SimpleField>
<SimpleField type="xsd:string" name="LAT_LOCALIDADE">
<displayName>LAT_LOCALIDADE</displayName>
</SimpleField>
<SimpleField type="xsd:string" name="LONG_LOCALIDADE">
<displayName>LONG_LOCALIDADE</displayName>
</SimpleField>
</Schema>
<Schema name="Terra Indígena" id="kml_schema_ft_Terra_Indígena">
<SimpleField type="xsd:string" name="COD_TI">
<displayName>COD_TI</displayName>
</SimpleField>
<SimpleField type="xsd:string" name="NOM_TI">
<displayName>NOM_TI</displayName>
</SimpleField>
</Schema>
<Schema name="Município" id="kml_schema_ft_Município">
<SimpleField type="xsd:string" name="CD_UF">
<displayName>CD_UF</displayName>
</SimpleField>
<SimpleField type="xsd:string" name="NM_UF">
<displayName>NM_UF</displayName>
</SimpleField>
<SimpleField type="xsd:string" name="CD_MUN">
<displayName>CD_MUN</displayName>
</SimpleField>
<SimpleField type="xsd:string" name="NM_MUN">
<displayName>NM_MUN</displayName>
</SimpleField>
<SimpleField type="xsd:string" name="CD_RGINT">
<displayName>CD_RGINT</displayName>
</SimpleField>
<SimpleField type="xsd:string" name="NM_RGINT">
<displayName>NM_RGINT</displayName>
</SimpleField>
<SimpleField type="xsd:string" name="CD_RGI">
<displayName>CD_RGI</displayName>
</SimpleField>
<SimpleField type="xsd:string" name="NM_RGI">
<displayName>NM_RGI</displayName>
</SimpleField>
</Schema>
<Folder id="01. Cidade">
<name>01. Cidade</name>
<Folder id="01.03. Sede Municipal">
<name>01.03. Sede Municipal</name>
<Placemark id="01.03. Sede Municipal">
<name>Canelinha [4203709]</name>
<visibility>1</visibility>
<snippet> </snippet>
<description>&lt;center&gt;&lt;table&gt;&lt;tr&gt;&lt;th colspan='2' align='center'&gt;&lt;em&gt;Atributos&lt;/em&gt;&lt;/th&gt;&lt;/tr&gt;&lt;tr bgcolor="#E3E3F3"&gt;
&lt;th&gt;CD_UF&lt;/th&gt;
&lt;td&gt;42&lt;/td&gt;
&lt;/tr&gt;&lt;tr bgcolor=""&gt;
&lt;th&gt;NM_UF&lt;/th&gt;
&lt;td&gt;Santa Catarina&lt;/td&gt;
&lt;/tr&gt;&lt;tr bgcolor="#E3E3F3"&gt;
&lt;th&gt;SIGLA_UF&lt;/th&gt;
&lt;td&gt;SC&lt;/td&gt;
&lt;/tr&gt;&lt;tr bgcolor=""&gt;
&lt;th&gt;CD_MUN&lt;/th&gt;
&lt;td&gt;4203709&lt;/td&gt;
&lt;/tr&gt;&lt;tr bgcolor="#E3E3F3"&gt;
&lt;th&gt;NM_MUN&lt;/th&gt;
&lt;td&gt;Canelinha&lt;/td&gt;
&lt;/tr&gt;&lt;tr bgcolor=""&gt;
&lt;th&gt;CD_RGINT&lt;/th&gt;
&lt;td&gt;4207&lt;/td&gt;
&lt;/tr&gt;&lt;tr bgcolor="#E3E3F3"&gt;
&lt;th&gt;NM_RGINT&lt;/th&gt;
&lt;td&gt;Blumenau&lt;/td&gt;
&lt;/tr&gt;&lt;tr bgcolor=""&gt;
&lt;th&gt;CD_RGI&lt;/th&gt;
&lt;td&gt;420021&lt;/td&gt;
&lt;/tr&gt;&lt;tr bgcolor="#E3E3F3"&gt;
&lt;th&gt;NM_RGI&lt;/th&gt;
&lt;td&gt;Brusque&lt;/td&gt;
&lt;/tr&gt;&lt;tr bgcolor=""&gt;
&lt;th&gt;CT_LOCALIDADE&lt;/th&gt;
&lt;td&gt;Cidade&lt;/td&gt;
&lt;/tr&gt;&lt;tr bgcolor="#E3E3F3"&gt;
&lt;th&gt;SCT_LOCALIDADE&lt;/th&gt;
&lt;td&gt;Sede Municipal&lt;/td&gt;
&lt;/tr&gt;&lt;tr bgcolor=""&gt;
&lt;th&gt;CD_LOCALIDADE&lt;/th&gt;
&lt;td&gt;4203709&lt;/td&gt;
&lt;/tr&gt;&lt;tr bgcolor="#E3E3F3"&gt;
&lt;th&gt;NM_LOCALIDADE&lt;/th&gt;
&lt;td&gt;Canelinha&lt;/td&gt;
&lt;/tr&gt;&lt;tr bgcolor=""&gt;
&lt;th&gt;LAT_LOCALIDADE&lt;/th&gt;
&lt;td&gt;-27.2664&lt;/td&gt;
&lt;/tr&gt;&lt;tr bgcolor="#E3E3F3"&gt;
&lt;th&gt;LONG_LOCALIDADE&lt;/th&gt;
&lt;td&gt;-48.7671&lt;/td&gt;
&lt;/tr&gt;&lt;/table&gt;&lt;/center&gt;</description>
<Style>
<IconStyle>
<color>ff00aaff</color>
<scale>1.0</scale>
<Icon>
<href>http://maps.google.com/mapfiles/kml/shapes/placemark_circle.png</href>
</Icon>
</IconStyle>
<LabelStyle>
<scale>1.0</scale>
</LabelStyle>
<LineStyle>
<color>ffffffff</color>
<width>3</width>
<gx:labelVisibility>1</gx:labelVisibility>
</LineStyle>
<PolyStyle>
<color>00ffffff</color>
</PolyStyle>
</Style>
<ExtendedData>
<SchemaData schemaUrl="#kml_schema_ft_01._Cidade">
<SimpleData name="CD_UF">42</SimpleData>
<SimpleData name="NM_UF">Santa Catarina</SimpleData>
<SimpleData name="SIGLA_UF">SC</SimpleData>
<SimpleData name="CD_MUN">4203709</SimpleData>
<SimpleData name="NM_MUN">Canelinha</SimpleData>
<SimpleData name="CD_RGINT">4207</SimpleData>
<SimpleData name="NM_RGINT">Blumenau</SimpleData>
<SimpleData name="CD_RGI">420021</SimpleData>
<SimpleData name="NM_RGI">Brusque</SimpleData>
<SimpleData name="CT_LOCALIDADE">Cidade</SimpleData>
<SimpleData name="SCT_LOCALIDADE">Sede Municipal</SimpleData>
<SimpleData name="CD_LOCALIDADE">4203709</SimpleData>
<SimpleData name="NM_LOCALIDADE">Canelinha</SimpleData>
<SimpleData name="LAT_LOCALIDADE">-27.2664</SimpleData>
<SimpleData name="LONG_LOCALIDADE">-48.7671</SimpleData>
</SchemaData>
</ExtendedData>
<Point>
<extrude>0</extrude>
<coordinates>-48.7671,-27.2663999992303,0.0</coordinates>
</Point>
</Placemark>
</Folder>
</Folder>
<Folder id="05. Núcleos Urbanos">
<name>05. Núcleos Urbanos</name>
<Placemark id="localidades">
<name>Papagaios [4203709001]</name>
<visibility>1</visibility>
<snippet> </snippet>
<description>&lt;center&gt;&lt;table&gt;&lt;tr&gt;&lt;th colspan='2' align='center'&gt;&lt;em&gt;Attributes&lt;/em&gt;&lt;/th&gt;&lt;/tr&gt;&lt;tr bgcolor="#E3E3F3"&gt;
&lt;th&gt;CD_UF&lt;/th&gt;
&lt;td&gt;42&lt;/td&gt;
&lt;/tr&gt;&lt;tr bgcolor=""&gt;
&lt;th&gt;NM_UF&lt;/th&gt;
&lt;td&gt;Santa Catarina&lt;/td&gt;
&lt;/tr&gt;&lt;tr bgcolor="#E3E3F3"&gt;
&lt;th&gt;SIGLA_UF&lt;/th&gt;
&lt;td&gt;SC&lt;/td&gt;
&lt;/tr&gt;&lt;tr bgcolor=""&gt;
&lt;th&gt;CD_MUN&lt;/th&gt;
&lt;td&gt;4203709&lt;/td&gt;
&lt;/tr&gt;&lt;tr bgcolor="#E3E3F3"&gt;
&lt;th&gt;NM_MUN&lt;/th&gt;
&lt;td&gt;Canelinha&lt;/td&gt;
&lt;/tr&gt;&lt;tr bgcolor=""&gt;
&lt;th&gt;CD_RGINT&lt;/th&gt;
&lt;td&gt;4207&lt;/td&gt;
&lt;/tr&gt;&lt;tr bgcolor="#E3E3F3"&gt;
&lt;th&gt;NM_RGINT&lt;/th&gt;
&lt;td&gt;Blumenau&lt;/td&gt;
&lt;/tr&gt;&lt;tr bgcolor=""&gt;
&lt;th&gt;CD_RGI&lt;/th&gt;
&lt;td&gt;420021&lt;/td&gt;
&lt;/tr&gt;&lt;tr bgcolor="#E3E3F3"&gt;
&lt;th&gt;NM_RGI&lt;/th&gt;
&lt;td&gt;Brusque&lt;/td&gt;
&lt;/tr&gt;&lt;tr bgcolor=""&gt;
&lt;th&gt;CT_LOCALIDADE&lt;/th&gt;
&lt;td&gt;Núcleo Urbano&lt;/td&gt;
&lt;/tr&gt;&lt;tr bgcolor="#E3E3F3"&gt;
&lt;th&gt;CD_LOCALIDADE&lt;/th&gt;
&lt;td&gt;4203709001&lt;/td&gt;
&lt;/tr&gt;&lt;tr bgcolor=""&gt;
&lt;th&gt;NM_LOCALIDADE&lt;/th&gt;
&lt;td&gt;Papagaios&lt;/td&gt;
&lt;/tr&gt;&lt;tr bgcolor="#E3E3F3"&gt;
&lt;th&gt;LAT_LOCALIDADE&lt;/th&gt;
&lt;td&gt;-27.2876&lt;/td&gt;
&lt;/tr&gt;&lt;tr bgcolor=""&gt;
&lt;th&gt;LONG_LOCALIDADE&lt;/th&gt;
&lt;td&gt;-48.7601&lt;/td&gt;
&lt;/tr&gt;&lt;/table&gt;&lt;/center&gt;</description>
<Style>
<IconStyle>
<color>ff0000ff</color>
<scale>0.9</scale>
<Icon>
<href>http://maps.google.com/mapfiles/kml/shapes/placemark_circle.png</href>
</Icon>
</IconStyle>
<LabelStyle>
<scale>0.9</scale>
</LabelStyle>
<LineStyle>
<color>72ffffff</color>
<width>1.0</width>
<gx:labelVisibility>1</gx:labelVisibility>
</LineStyle>
<PolyStyle>
<color>66ff54ff</color>
</PolyStyle>
</Style>
<ExtendedData>
<SchemaData schemaUrl="#kml_schema_ft_Núcleos_Urbanos">
<SimpleData name="CD_UF">42</SimpleData>
<SimpleData name="NM_UF">Santa Catarina</SimpleData>
<SimpleData name="SIGLA_UF">SC</SimpleData>
<SimpleData name="CD_MUN">4203709</SimpleData>
<SimpleData name="NM_MUN">Canelinha</SimpleData>
<SimpleData name="CD_RGINT">4207</SimpleData>
<SimpleData name="NM_RGINT">Blumenau</SimpleData>
<SimpleData name="CD_RGI">420021</SimpleData>
<SimpleData name="NM_RGI">Brusque</SimpleData>
<SimpleData name="CT_LOCALIDADE">Núcleo Urbano</SimpleData>
<SimpleData name="CD_LOCALIDADE">4203709001</SimpleData>
<SimpleData name="NM_LOCALIDADE">Papagaios</SimpleData>
<SimpleData name="LAT_LOCALIDADE">-27.2876</SimpleData>
<SimpleData name="LONG_LOCALIDADE">-48.7601</SimpleData>
</SchemaData>
</ExtendedData>
<Point>
<extrude>0</extrude>
<coordinates>-48.7600748053097,-27.2875943266635,0.0</coordinates>
</Point>
</Placemark>
<Placemark id="localidades">
<name>Galera [4203709002]</name>
<visibility>1</visibility>
<snippet> </snippet>
<description>&lt;center&gt;&lt;table&gt;&lt;tr&gt;&lt;th colspan='2' align='center'&gt;&lt;em&gt;Attributes&lt;/em&gt;&lt;/th&gt;&lt;/tr&gt;&lt;tr bgcolor="#E3E3F3"&gt;
&lt;th&gt;CD_UF&lt;/th&gt;
&lt;td&gt;42&lt;/td&gt;
&lt;/tr&gt;&lt;tr bgcolor=""&gt;
&lt;th&gt;NM_UF&lt;/th&gt;
&lt;td&gt;Santa Catarina&lt;/td&gt;
&lt;/tr&gt;&lt;tr bgcolor="#E3E3F3"&gt;
&lt;th&gt;SIGLA_UF&lt;/th&gt;
&lt;td&gt;SC&lt;/td&gt;
&lt;/tr&gt;&lt;tr bgcolor=""&gt;
&lt;th&gt;CD_MUN&lt;/th&gt;
&lt;td&gt;4203709&lt;/td&gt;
&lt;/tr&gt;&lt;tr bgcolor="#E3E3F3"&gt;
&lt;th&gt;NM_MUN&lt;/th&gt;
&lt;td&gt;Canelinha&lt;/td&gt;
&lt;/tr&gt;&lt;tr bgcolor=""&gt;
&lt;th&gt;CD_RGINT&lt;/th&gt;
&lt;td&gt;4207&lt;/td&gt;
&lt;/tr&gt;&lt;tr bgcolor="#E3E3F3"&gt;
&lt;th&gt;NM_RGINT&lt;/th&gt;
&lt;td&gt;Blumenau&lt;/td&gt;
&lt;/tr&gt;&lt;tr bgcolor=""&gt;
&lt;th&gt;CD_RGI&lt;/th&gt;
&lt;td&gt;420021&lt;/td&gt;
&lt;/tr&gt;&lt;tr bgcolor="#E3E3F3"&gt;
&lt;th&gt;NM_RGI&lt;/th&gt;
&lt;td&gt;Brusque&lt;/td&gt;
&lt;/tr&gt;&lt;tr bgcolor=""&gt;
&lt;th&gt;CT_LOCALIDADE&lt;/th&gt;
&lt;td&gt;Núcleo Urbano&lt;/td&gt;
&lt;/tr&gt;&lt;tr bgcolor="#E3E3F3"&gt;
&lt;th&gt;CD_LOCALIDADE&lt;/th&gt;
&lt;td&gt;4203709002&lt;/td&gt;
&lt;/tr&gt;&lt;tr bgcolor=""&gt;
&lt;th&gt;NM_LOCALIDADE&lt;/th&gt;
&lt;td&gt;Galera&lt;/td&gt;
&lt;/tr&gt;&lt;tr bgcolor="#E3E3F3"&gt;
&lt;th&gt;LAT_LOCALIDADE&lt;/th&gt;
&lt;td&gt;-27.2955&lt;/td&gt;
&lt;/tr&gt;&lt;tr bgcolor=""&gt;
&lt;th&gt;LONG_LOCALIDADE&lt;/th&gt;
&lt;td&gt;-48.7938&lt;/td&gt;
&lt;/tr&gt;&lt;/table&gt;&lt;/center&gt;</description>
<Style>
<IconStyle>
<color>ff0000ff</color>
<scale>0.9</scale>
<Icon>
<href>http://maps.google.com/mapfiles/kml/shapes/placemark_circle.png</href>
</Icon>
</IconStyle>
<LabelStyle>
<scale>0.9</scale>
</LabelStyle>
<LineStyle>
<color>72ffffff</color>
<width>1.0</width>
<gx:labelVisibility>1</gx:labelVisibility>
</LineStyle>
<PolyStyle>
<color>66ff54ff</color>
</PolyStyle>
</Style>
<ExtendedData>
<SchemaData schemaUrl="#kml_schema_ft_Núcleos_Urbanos">
<SimpleData name="CD_UF">42</SimpleData>
<SimpleData name="NM_UF">Santa Catarina</SimpleData>
<SimpleData name="SIGLA_UF">SC</SimpleData>
<SimpleData name="CD_MUN">4203709</SimpleData>
<SimpleData name="NM_MUN">Canelinha</SimpleData>
<SimpleData name="CD_RGINT">4207</SimpleData>
<SimpleData name="NM_RGINT">Blumenau</SimpleData>
<SimpleData name="CD_RGI">420021</SimpleData>
<SimpleData name="NM_RGI">Brusque</SimpleData>
<SimpleData name="CT_LOCALIDADE">Núcleo Urbano</SimpleData>
<SimpleData name="CD_LOCALIDADE">4203709002</SimpleData>
<SimpleData name="NM_LOCALIDADE">Galera</SimpleData>
<SimpleData name="LAT_LOCALIDADE">-27.2955</SimpleData>
<SimpleData name="LONG_LOCALIDADE">-48.7938</SimpleData>
</SchemaData>
</ExtendedData>
<Point>
<extrude>0</extrude>
<coordinates>-48.7938065825363,-27.2954898322467,0.0</coordinates>
</Point>
</Placemark>
</Folder>
<Folder id="12. Outras Localidades">
<name>12. Outras Localidades</name>
<Placemark id="12. Outras Localidades">
<name>Cuba [420370900004]</name>
<visibility>1</visibility>
<snippet> </snippet>
<description>&lt;center&gt;&lt;table&gt;&lt;tr&gt;&lt;th colspan='2' align='center'&gt;&lt;em&gt;Attributes&lt;/em&gt;&lt;/th&gt;&lt;/tr&gt;&lt;tr bgcolor="#E3E3F3"&gt;
&lt;th&gt;CD_UF&lt;/th&gt;
&lt;td&gt;42&lt;/td&gt;
&lt;/tr&gt;&lt;tr bgcolor=""&gt;
&lt;th&gt;NM_UF&lt;/th&gt;
&lt;td&gt;Santa Catarina&lt;/td&gt;
&lt;/tr&gt;&lt;tr bgcolor="#E3E3F3"&gt;
&lt;th&gt;SIGLA_UF&lt;/th&gt;
&lt;td&gt;SC&lt;/td&gt;
&lt;/tr&gt;&lt;tr bgcolor=""&gt;
&lt;th&gt;CD_MUN&lt;/th&gt;
&lt;td&gt;4203709&lt;/td&gt;
&lt;/tr&gt;&lt;tr bgcolor="#E3E3F3"&gt;
&lt;th&gt;NM_MUN&lt;/th&gt;
&lt;td&gt;Canelinha&lt;/td&gt;
&lt;/tr&gt;&lt;tr bgcolor=""&gt;
&lt;th&gt;CD_RGINT&lt;/th&gt;
&lt;td&gt;4207&lt;/td&gt;
&lt;/tr&gt;&lt;tr bgcolor="#E3E3F3"&gt;
&lt;th&gt;NM_RGINT&lt;/th&gt;
&lt;td&gt;Blumenau&lt;/td&gt;
&lt;/tr&gt;&lt;tr bgcolor=""&gt;
&lt;th&gt;CD_RGI&lt;/th&gt;
&lt;td&gt;420021&lt;/td&gt;
&lt;/tr&gt;&lt;tr bgcolor="#E3E3F3"&gt;
&lt;th&gt;NM_RGI&lt;/th&gt;
&lt;td&gt;Brusque&lt;/td&gt;
&lt;/tr&gt;&lt;tr bgcolor=""&gt;
&lt;th&gt;CT_LOCALIDADE&lt;/th&gt;
&lt;td&gt;Outras Localidades&lt;/td&gt;
&lt;/tr&gt;&lt;tr bgcolor="#E3E3F3"&gt;
&lt;th&gt;SCT_LOCALIDADE&lt;/th&gt;
&lt;td&gt;&lt;/td&gt;
&lt;/tr&gt;&lt;tr bgcolor=""&gt;
&lt;th&gt;CD_LOCALIDADE&lt;/th&gt;
&lt;td&gt;420370900004&lt;/td&gt;
&lt;/tr&gt;&lt;tr bgcolor="#E3E3F3"&gt;
&lt;th&gt;NM_LOCALIDADE&lt;/th&gt;
&lt;td&gt;Cuba&lt;/td&gt;
&lt;/tr&gt;&lt;/table&gt;&lt;/center&gt;</description>
<Style>
<IconStyle>
<color>ff0069d3</color>
<scale>0.6</scale>
<Icon>
<href>http://maps.google.com/mapfiles/kml/shapes/placemark_circle.png</href>
</Icon>
</IconStyle>
<LabelStyle>
<scale>0.6</scale>
</LabelStyle>
<LineStyle>
<width>1.0</width>
<gx:labelVisibility>1</gx:labelVisibility>
</LineStyle>
</Style>
<ExtendedData>
<SchemaData schemaUrl="#kml_schema_ft_Localidades">
<SimpleData name="CD_UF">42</SimpleData>
<SimpleData name="NM_UF">Santa Catarina</SimpleData>
<SimpleData name="SIGLA_UF">SC</SimpleData>
<SimpleData name="CD_MUN">4203709</SimpleData>
<SimpleData name="NM_MUN">Canelinha</SimpleData>
<SimpleData name="CD_RGINT">4207</SimpleData>
<SimpleData name="NM_RGINT">Blumenau</SimpleData>
<SimpleData name="CD_RGI">420021</SimpleData>
<SimpleData name="NM_RGI">Brusque</SimpleData>
<SimpleData name="CT_LOCALIDADE">Outras Localidades</SimpleData>
<SimpleData name="CD_LOCALIDADE">420370900004</SimpleData>
<SimpleData name="NM_LOCALIDADE">Cuba</SimpleData>
</SchemaData>
</ExtendedData>
<Point>
<extrude>0</extrude>
<coordinates>-48.8053280318714,-27.220567826488,0.0</coordinates>
</Point>
</Placemark>
<Placemark id="12. Outras Localidades">
<name>Moura [420370900005]</name>
<visibility>1</visibility>
<snippet> </snippet>
<description>&lt;center&gt;&lt;table&gt;&lt;tr&gt;&lt;th colspan='2' align='center'&gt;&lt;em&gt;Attributes&lt;/em&gt;&lt;/th&gt;&lt;/tr&gt;&lt;tr bgcolor="#E3E3F3"&gt;
&lt;th&gt;CD_UF&lt;/th&gt;
&lt;td&gt;42&lt;/td&gt;
&lt;/tr&gt;&lt;tr bgcolor=""&gt;
&lt;th&gt;NM_UF&lt;/th&gt;
&lt;td&gt;Santa Catarina&lt;/td&gt;
&lt;/tr&gt;&lt;tr bgcolor="#E3E3F3"&gt;
&lt;th&gt;SIGLA_UF&lt;/th&gt;
&lt;td&gt;SC&lt;/td&gt;
&lt;/tr&gt;&lt;tr bgcolor=""&gt;
&lt;th&gt;CD_MUN&lt;/th&gt;
&lt;td&gt;4203709&lt;/td&gt;
&lt;/tr&gt;&lt;tr bgcolor="#E3E3F3"&gt;
&lt;th&gt;NM_MUN&lt;/th&gt;
&lt;td&gt;Canelinha&lt;/td&gt;
&lt;/tr&gt;&lt;tr bgcolor=""&gt;
&lt;th&gt;CD_RGINT&lt;/th&gt;
&lt;td&gt;4207&lt;/td&gt;
&lt;/tr&gt;&lt;tr bgcolor="#E3E3F3"&gt;
&lt;th&gt;NM_RGINT&lt;/th&gt;
&lt;td&gt;Blumenau&lt;/td&gt;
&lt;/tr&gt;&lt;tr bgcolor=""&gt;
&lt;th&gt;CD_RGI&lt;/th&gt;
&lt;td&gt;420021&lt;/td&gt;
&lt;/tr&gt;&lt;tr bgcolor="#E3E3F3"&gt;
&lt;th&gt;NM_RGI&lt;/th&gt;
&lt;td&gt;Brusque&lt;/td&gt;
&lt;/tr&gt;&lt;tr bgcolor=""&gt;
&lt;th&gt;CT_LOCALIDADE&lt;/th&gt;
&lt;td&gt;Outras Localidades&lt;/td&gt;
&lt;/tr&gt;&lt;tr bgcolor="#E3E3F3"&gt;
&lt;th&gt;SCT_LOCALIDADE&lt;/th&gt;
&lt;td&gt;&lt;/td&gt;
&lt;/tr&gt;&lt;tr bgcolor=""&gt;
&lt;th&gt;CD_LOCALIDADE&lt;/th&gt;
&lt;td&gt;420370900005&lt;/td&gt;
&lt;/tr&gt;&lt;tr bgcolor="#E3E3F3"&gt;
&lt;th&gt;NM_LOCALIDADE&lt;/th&gt;
&lt;td&gt;Moura&lt;/td&gt;
&lt;/tr&gt;&lt;/table&gt;&lt;/center&gt;</description>
<Style>
<IconStyle>
<color>ff0069d3</color>
<scale>0.6</scale>
<Icon>
<href>http://maps.google.com/mapfiles/kml/shapes/placemark_circle.png</href>
</Icon>
</IconStyle>
<LabelStyle>
<scale>0.6</scale>
</LabelStyle>
<LineStyle>
<width>1.0</width>
<gx:labelVisibility>1</gx:labelVisibility>
</LineStyle>
</Style>
<ExtendedData>
<SchemaData schemaUrl="#kml_schema_ft_Localidades">
<SimpleData name="CD_UF">42</SimpleData>
<SimpleData name="NM_UF">Santa Catarina</SimpleData>
<SimpleData name="SIGLA_UF">SC</SimpleData>
<SimpleData name="CD_MUN">4203709</SimpleData>
<SimpleData name="NM_MUN">Canelinha</SimpleData>
<SimpleData name="CD_RGINT">4207</SimpleData>
<SimpleData name="NM_RGINT">Blumenau</SimpleData>
<SimpleData name="CD_RGI">420021</SimpleData>
<SimpleData name="NM_RGI">Brusque</SimpleData>
<SimpleData name="CT_LOCALIDADE">Outras Localidades</SimpleData>
<SimpleData name="CD_LOCALIDADE">420370900005</SimpleData>
<SimpleData name="NM_LOCALIDADE">Moura</SimpleData>
</SchemaData>
</ExtendedData>
<Point>
<extrude>0</extrude>
<coordinates>-48.8241923302278,-27.2317752176813,0.0</coordinates>
</Point>
</Placemark>
</Folder>
<Folder id="13. Referência">
<name>13. Referência</name>
<Placemark id="13. Referência">
<name>Canelinha [4203709]</name>
<visibility>1</visibility>
<snippet> </snippet>
<description>&lt;center&gt;&lt;table&gt;&lt;tr&gt;&lt;th colspan='2' align='center'&gt;&lt;em&gt;Attributes&lt;/em&gt;&lt;/th&gt;&lt;/tr&gt;&lt;tr bgcolor="#E3E3F3"&gt;
&lt;th&gt;CD_UF&lt;/th&gt;
&lt;td&gt;42&lt;/td&gt;
&lt;/tr&gt;&lt;tr bgcolor=""&gt;
&lt;th&gt;NM_UF&lt;/th&gt;
&lt;td&gt;Santa Catarina&lt;/td&gt;
&lt;/tr&gt;&lt;tr bgcolor="#E3E3F3"&gt;
&lt;th&gt;CD_MUN&lt;/th&gt;
&lt;td&gt;4203709&lt;/td&gt;
&lt;/tr&gt;&lt;tr bgcolor=""&gt;
&lt;th&gt;NM_MUN&lt;/th&gt;
&lt;td&gt;Canelinha&lt;/td&gt;
&lt;/tr&gt;&lt;tr bgcolor="#E3E3F3"&gt;
&lt;th&gt;CD_RGINT&lt;/th&gt;
&lt;td&gt;4207&lt;/td&gt;
&lt;/tr&gt;&lt;tr bgcolor=""&gt;
&lt;th&gt;NM_RGINT&lt;/th&gt;
&lt;td&gt;Blumenau&lt;/td&gt;
&lt;/tr&gt;&lt;tr bgcolor="#E3E3F3"&gt;
&lt;th&gt;CD_RGI&lt;/th&gt;
&lt;td&gt;420021&lt;/td&gt;
&lt;/tr&gt;&lt;tr bgcolor=""&gt;
&lt;th&gt;NM_RGI&lt;/th&gt;
&lt;td&gt;Brusque&lt;/td&gt;
&lt;/tr&gt;&lt;/table&gt;&lt;/center&gt;</description>
<Style>
<IconStyle>
<scale>0.7</scale>
</IconStyle>
<LabelStyle>
<scale>0.7</scale>
</LabelStyle>
<LineStyle>
<color>ffffffff</color>
<width>3</width>
<gx:labelVisibility>1</gx:labelVisibility>
</LineStyle>
<PolyStyle>
<color>00ffffff</color>
</PolyStyle>
</Style>
<ExtendedData>
<SchemaData schemaUrl="#kml_schema_ft_Município">
<SimpleData name="CD_UF">42</SimpleData>
<SimpleData name="NM_UF">Santa Catarina</SimpleData>
<SimpleData name="CD_MUN">4203709</SimpleData>
<SimpleData name="NM_MUN">Canelinha</SimpleData>
<SimpleData name="CD_RGINT">4207</SimpleData>
<SimpleData name="NM_RGINT">Blumenau</SimpleData>
<SimpleData name="CD_RGI">420021</SimpleData>
<SimpleData name="NM_RGI">Brusque</SimpleData>
</SchemaData>
</ExtendedData>
<MultiGeometry>
<Polygon>
<extrude>0</extrude>
<tessellate>1</tessellate>
<outerBoundaryIs>
<LinearRing>
<coordinates>-48.743335,-27.2508737992306,0.0 -48.743439,-27.2515712992306,0.0 -48.7434082,-27.2518932992306,0.0 -48.7433836,-27.2521258992306,0.0 -48.7433209,-27.2524085992306,0.0 -48.7429983,-27.2526387992306,0.0 -48.742662,-27.2528731992306,0.0 -48.7424189,-27.2531258992306,0.0 -48.7422197,-27.2532932992306,0.0 -48.742281,-27.2536331992306,0.0 -48.7423713,-27.2538533992306,0.0 -48.7425618,-27.2542076992306,0.0 -48.7429822,-27.2549004992305,0.0 -48.7430911,-27.2553119992305,0.0 -48.7431657,-27.2558076992305,0.0 -48.74327,-27.2561200992305,0.0 -48.7431696,-27.2565126992305,0.0 -48.743264,-27.2568019992305,0.0 -48.7432222,-27.2569507992305,0.0 -48.743265,-27.2570379992305,0.0 -48.7434025,-27.2573516992305,0.0 -48.7435798,-27.2577685992305,0.0 -48.743585,-27.2578789992305,0.0 -48.743789,-27.2581799992305,0.0 -48.743878,-27.2584379992305,0.0 -48.744386,-27.2588949992305,0.0 -48.745652,-27.2592209992305,0.0 -48.746115,-27.2594233992305,0.0 -48.7463437,-27.2594532992305,0.0 -48.746863,-27.2596622992305,0.0 -48.747007,-27.2597369992305,0.0 -48.7475341,-27.2598699992305,0.0 -48.7476985,-27.2598684992305,0.0 -48.747981,-27.2598859992305,0.0 -48.7481921,-27.2599877992305,0.0 -48.7483951,-27.2601320992305,0.0 -48.748795,-27.2608229992304,0.0 -48.748849,-27.2616439992304,0.0 -48.748762,-27.2619369992304,0.0 -48.748321,-27.2622789992304,0.0 -48.7481827,-27.2624602992304,0.0 -48.7480444,-27.2626415992304,0.0 -48.7479803,-27.2627256992304,0.0 -48.747679,-27.2630719992304,0.0 -48.7471699,-27.2633483992304,0.0 -48.7468278,-27.2635383992304,0.0 -48.7465518,-27.2637025992304,0.0 -48.7462489,-27.2638289992304,0.0 -48.7459605,-27.2639919992304,0.0 -48.745858,-27.2640798992304,0.0 -48.745055,-27.2643549992304,0.0 -48.7447466,-27.2644046992304,0.0 -48.7444436,-27.2645198992304,0.0 -48.744166,-27.2646573992304,0.0 -48.743677,-27.2644909992304,0.0 -48.7433686,-27.2644845992304,0.0 -48.7431157,-27.2644980992304,0.0 -48.7428127,-27.2645906992304,0.0 -48.7425963,-27.2646649992304,0.0 -48.7423076,-27.2647639992304,0.0 -48.7419667,-27.2648794992304,0.0 -48.741871,-27.2649789992304,0.0 -48.741567,-27.2650159992303,0.0 -48.7413546,-27.2651290992304,0.0 -48.740797,-27.2651689992304,0.0 -48.7407284,-27.2656215992303,0.0 -48.740674,-27.2659799992303,0.0 -48.7406585,-27.2668706992303,0.0 -48.7406877,-27.2673987992303,0.0 -48.7407255,-27.2680253992303,0.0 -48.7408963,-27.2684006992303,0.0 -48.7410357,-27.2686416992303,0.0 -48.7413949,-27.2689167992303,0.0 -48.7416185,-27.2691569992303,0.0 -48.7418441,-27.2692479992303,0.0 -48.7422267,-27.2695507992303,0.0 -48.7425451,-27.2699688992303,0.0 -48.7426352,-27.2702335992303,0.0 -48.7425533,-27.2705336992302,0.0 -48.7423048,-27.2708948992302,0.0 -48.7418029,-27.2711072992302,0.0 -48.7413775,-27.2711710992302,0.0 -48.7407682,-27.2711511992302,0.0 -48.7402726,-27.2710148992302,0.0 -48.7399951,-27.2707976992302,0.0 -48.7397689,-27.2705745992302,0.0 -48.739603,-27.2703506992303,0.0 -48.7392692,-27.2698405992303,0.0 -48.7391127,-27.2694287992303,0.0 -48.7391526,-27.2690815992303,0.0 -48.7394138,-27.2687797992303,0.0 -48.7394188,-27.2683298992303,0.0 -48.7391046,-27.2681673992303,0.0 -48.7385875,-27.2680597992303,0.0 -48.7377105,-27.2680524992303,0.0 -48.736853,-27.2683387992303,0.0 -48.7361479,-27.2685811992303,0.0 -48.7355069,-27.2686786992303,0.0 -48.7348983,-27.2686358992303,0.0 -48.7343568,-27.2685347992303,0.0 -48.7339879,-27.2683544992303,0.0 -48.7336252,-27.2680953992303,0.0 -48.7333843,-27.2677763992303,0.0 -48.7332913,-27.2676024992303,0.0 -48.7331984,-27.2674285992303,0.0 -48.733264,-27.2671447992303,0.0 -48.7333082,-27.2669345992303,0.0 -48.7332319,-27.2665705992303,0.0 -48.7330541,-27.2660105992303,0.0 -48.7327875,-27.2653532992303,0.0 -48.7320846,-27.2647039992304,0.0 -48.7314892,-27.2641748992304,0.0 -48.7306176,-27.2634620992304,0.0 -48.7299389,-27.2633112992304,0.0 -48.7294515,-27.2632355992304,0.0 -48.7287255,-27.2631820992304,0.0 -48.7279427,-27.2631638992304,0.0 -48.7273621,-27.2630973992304,0.0 -48.7268958,-27.2630438992304,0.0 -48.7265987,-27.2630844992304,0.0 -48.7265443,-27.2630783992304,0.0 -48.7265096,-27.2630779992304,0.0 -48.7264515,-27.2630797992304,0.0 -48.7261891,-27.2631632992304,0.0 -48.725813,-27.2633382992304,0.0 -48.7257852,-27.2633512992304,0.0 -48.7251092,-27.2638099992304,0.0 -48.725018,-27.2638999992304,0.0 -48.7249454,-27.2639940992304,0.0 -48.7246827,-27.2644106992304,0.0 -48.7246746,-27.2644239992304,0.0 -48.7246697,-27.2644286992304,0.0 -48.7246679,-27.2644304992304,0.0 -48.7246611,-27.2644346992304,0.0 -48.7246529,-27.2644384992304,0.0 -48.7246328,-27.2644467992304,0.0 -48.7239015,-27.2649121992304,0.0 -48.7236976,-27.2650753992304,0.0 -48.7235912,-27.2651907992304,0.0 -48.7234835,-27.2653803992303,0.0 -48.7234717,-27.2654166992303,0.0 -48.7234085,-27.2661951992303,0.0 -48.7233976,-27.2662475992303,0.0 -48.7233818,-27.2662924992303,0.0 -48.723356,-27.2663240992303,0.0 -48.7231073,-27.2664725992303,0.0 -48.7230416,-27.2664801992303,0.0 -48.7229469,-27.2664760992303,0.0 -48.7227786,-27.2664448992303,0.0 -48.7226569,-27.2663780992303,0.0 -48.7225974,-27.2663195992303,0.0 -48.7225846,-27.2662918992303,0.0 -48.722566,-27.2662374992303,0.0 -48.7224194,-27.2658505992303,0.0 -48.7222985,-27.2653032992304,0.0 -48.7221789,-27.2645792992304,0.0 -48.7220992,-27.2643479992304,0.0 -48.7220519,-27.2642459992304,0.0 -48.7219737,-27.2641842992304,0.0 -48.7219724,-27.2641835992304,0.0 -48.7219259,-27.2641582992304,0.0 -48.7218797,-27.2641530992304,0.0 -48.7215542,-27.2641486992304,0.0 -48.7215027,-27.2641576992304,0.0 -48.7214398,-27.2641797992304,0.0 -48.7213763,-27.2642282992304,0.0 -48.7210901,-27.2646101992304,0.0 -48.721014,-27.2647940992304,0.0 -48.7210043,-27.2648591992304,0.0 -48.7210057,-27.2648824992304,0.0 -48.721013,-27.2649131992303,0.0 -48.721311,-27.2653632992303,0.0 -48.7213577,-27.2655603992303,0.0 -48.7213403,-27.2656667992303,0.0 -48.7213102,-27.2657110992303,0.0 -48.7212598,-27.2657489992303,0.0 -48.7212122,-27.2657700992303,0.0 -48.7211415,-27.2657862992303,0.0 -48.7209392,-27.2658383992303,0.0 -48.7209079,-27.2658537992303,0.0 -48.7208923,-27.2658786992303,0.0 -48.7208797,-27.2659125992303,0.0 -48.720853,-27.2659212992303,0.0 -48.7204869,-27.2658333992303,0.0 -48.7203342,-27.2658053992303,0.0 -48.7199244,-27.2656197992303,0.0 -48.7197636,-27.2655009992303,0.0 -48.7197178,-27.2654715992303,0.0 -48.7197064,-27.2654670992303,0.0 -48.7196387,-27.2654599992303,0.0 -48.7195731,-27.2654617992303,0.0 -48.7193338,-27.2654771992303,0.0 -48.7191033,-27.2654616992303,0.0 -48.719054,-27.2654465992303,0.0 -48.7189782,-27.2654264992303,0.0 -48.7187578,-27.2653360992303,0.0 -48.7186962,-27.2653035992304,0.0 -48.7186422,-27.2652767992303,0.0 -48.7186103,-27.2652549992303,0.0 -48.7185903,-27.2652310992303,0.0 -48.7185791,-27.2651965992304,0.0 -48.7185643,-27.2651681992303,0.0 -48.7185428,-27.2651381992304,0.0 -48.7185186,-27.2651111992304,0.0 -48.7184849,-27.2650915992304,0.0 -48.7184383,-27.2650801992304,0.0 -48.7183875,-27.2650655992304,0.0 -48.7183428,-27.2650554992304,0.0 -48.718279,-27.2650334992304,0.0 -48.7181784,-27.2650055992304,0.0 -48.7181064,-27.2649949992303,0.0 -48.7179449,-27.2649811992304,0.0 -48.7179037,-27.2649816992304,0.0 -48.717837,-27.2649873992304,0.0 -48.7177742,-27.2650036992304,0.0 -48.7174046,-27.2651780992303,0.0 -48.7173009,-27.2652350992303,0.0 -48.7172404,-27.2652730992304,0.0 -48.7171965,-27.2653191992303,0.0 -48.7171736,-27.2653741992303,0.0 -48.7171458,-27.2654353992303,0.0 -48.7171196,-27.2654701992303,0.0 -48.7170766,-27.2655162992303,0.0 -48.7168204,-27.2658377992303,0.0 -48.7164152,-27.2663334992303,0.0 -48.7163246,-27.2663652992303,0.0 -48.7160566,-27.2663937992303,0.0 -48.7159988,-27.2663862992303,0.0 -48.7159645,-27.2663750992303,0.0 -48.7159238,-27.2663499992303,0.0 -48.7158725,-27.2663067992303,0.0 -48.7158258,-27.2662452992303,0.0 -48.7156739,-27.2659586992303,0.0 -48.7156491,-27.2658749992303,0.0 -48.7156563,-27.2657967992303,0.0 -48.7156716,-27.2657342992303,0.0 -48.7157306,-27.2655662992303,0.0 -48.7157577,-27.2655162992303,0.0 -48.715786,-27.2654606992303,0.0 -48.7158289,-27.2653857992304,0.0 -48.7158895,-27.2653148992304,0.0 -48.7164199,-27.2647784992304,0.0 -48.7167306,-27.2645068992304,0.0 -48.7168403,-27.2644389992304,0.0 -48.7173663,-27.2641347992304,0.0 -48.717788,-27.2638836992304,0.0 -48.7179095,-27.2638113992304,0.0 -48.7184428,-27.2634425992304,0.0 -48.7190658,-27.2629313992304,0.0 -48.7192432,-27.2628417992304,0.0 -48.7193564,-27.2627748992304,0.0 -48.7194973,-27.2626956992304,0.0 -48.7196536,-27.2626123992304,0.0 -48.7197285,-27.2625733992304,0.0 -48.7197569,-27.2625473992304,0.0 -48.7197679,-27.2625290992304,0.0 -48.7197747,-27.2625177992304,0.0 -48.7197831,-27.2624660992304,0.0 -48.7196811,-27.2619654992304,0.0 -48.7196649,-27.2619366992304,0.0 -48.7196123,-27.2618685992304,0.0 -48.7188331,-27.2614367992304,0.0 -48.7186626,-27.2613920992304,0.0 -48.7184478,-27.2613860992304,0.0 -48.7183466,-27.2613998992304,0.0 -48.7179162,-27.2614929992304,0.0 -48.7170698,-27.2616341992304,0.0 -48.7167113,-27.2616159992304,0.0 -48.7165646,-27.2615635992304,0.0 -48.7164132,-27.2614996992304,0.0 -48.716198,-27.2613767992304,0.0 -48.7159922,-27.2612302992304,0.0 -48.7157584,-27.2609790992304,0.0 -48.7156925,-27.2608934992304,0.0 -48.7156549,-27.2608620992304,0.0 -48.715617,-27.2608347992304,0.0 -48.7155626,-27.2607993992304,0.0 -48.7155188,-27.2607804992304,0.0 -48.7154349,-27.2607589992304,0.0 -48.7153467,-27.2607493992304,0.0 -48.7152805,-27.2607478992304,0.0 -48.7152141,-27.2607479992304,0.0 -48.714913,-27.2607773992304,0.0 -48.7148433,-27.2607877992304,0.0 -48.7147969,-27.2608008992304,0.0 -48.7147384,-27.2608197992304,0.0 -48.7146855,-27.2608468992304,0.0 -48.7146451,-27.2608675992304,0.0 -48.7141813,-27.2612587992304,0.0 -48.7141133,-27.2613340992304,0.0 -48.714072,-27.2613978992304,0.0 -48.7140505,-27.2614433992304,0.0 -48.7140309,-27.2615193992304,0.0 -48.7140207,-27.2616030992304,0.0 -48.7140169,-27.2616685992304,0.0 -48.7140236,-27.2617217992304,0.0 -48.7140442,-27.2617996992304,0.0 -48.7140649,-27.2618606992304,0.0 -48.7141082,-27.2619652992304,0.0 -48.7141384,-27.2620154992304,0.0 -48.7141702,-27.2620706992304,0.0 -48.714196,-27.2621054992304,0.0 -48.7142702,-27.2621561992304,0.0 -48.7143118,-27.2621797992304,0.0 -48.7143565,-27.2621978992304,0.0 -48.7146996,-27.2623106992304,0.0 -48.7149908,-27.2623296992304,0.0 -48.7152712,-27.2623498992304,0.0 -48.7153228,-27.2623562992304,0.0 -48.7153621,-27.2623740992304,0.0 -48.7154334,-27.2624118992304,0.0 -48.7154824,-27.2624485992304,0.0 -48.7155673,-27.2625149992304,0.0 -48.7156004,-27.2625629992304,0.0 -48.7156627,-27.2629271992304,0.0 -48.7156601,-27.2629879992304,0.0 -48.7156398,-27.2630607992304,0.0 -48.7154765,-27.2633560992304,0.0 -48.715364,-27.2634726992304,0.0 -48.7152274,-27.2635552992304,0.0 -48.7149,-27.2637748992304,0.0 -48.7148727,-27.2637816992304,0.0 -48.7146431,-27.2637998992304,0.0 -48.7144831,-27.2637596992304,0.0 -48.7143068,-27.2637081992304,0.0 -48.7141978,-27.2636542992304,0.0 -48.7139493,-27.2635017992304,0.0 -48.7136882,-27.2634136992304,0.0 -48.7135224,-27.2633955992304,0.0 -48.7134929,-27.2633941992304,0.0 -48.7134376,-27.2634060992304,0.0 -48.7126673,-27.2637021992304,0.0 -48.7126016,-27.2637063992304,0.0 -48.7123859,-27.2636690992304,0.0 -48.7122499,-27.2636187992304,0.0 -48.7122398,-27.2636070992304,0.0 -48.7122283,-27.2635881992304,0.0 -48.7121308,-27.2634137992304,0.0 -48.7120266,-27.2630924992304,0.0 -48.71202,-27.2630520992304,0.0 -48.7120245,-27.2629889992304,0.0 -48.7120367,-27.2629647992304,0.0 -48.7120481,-27.2629372992304,0.0 -48.7121012,-27.2628571992304,0.0 -48.7122879,-27.2625893992304,0.0 -48.7124319,-27.2623476992304,0.0 -48.7125897,-27.2619447992304,0.0 -48.7126126,-27.2617502992304,0.0 -48.7126184,-27.2616816992304,0.0 -48.7126159,-27.2616462992304,0.0 -48.7126054,-27.2615961992304,0.0 -48.7125239,-27.2613928992304,0.0 -48.7124786,-27.2613242992304,0.0 -48.712415,-27.2612764992304,0.0 -48.7122926,-27.2612227992304,0.0 -48.7121543,-27.2611802992304,0.0 -48.7120778,-27.2611703992304,0.0 -48.7119776,-27.2611656992304,0.0 -48.7118813,-27.2611724992304,0.0 -48.7118058,-27.2611913992304,0.0 -48.7117465,-27.2612094992304,0.0 -48.711704,-27.2612315992304,0.0 -48.7116427,-27.2612831992304,0.0 -48.711361,-27.2615177992304,0.0 -48.7112309,-27.2616904992304,0.0 -48.7111685,-27.2617932992304,0.0 -48.711117,-27.2618926992304,0.0 -48.7108946,-27.2624984992304,0.0 -48.7107628,-27.2629306992304,0.0 -48.7107545,-27.2630128992304,0.0 -48.7106957,-27.2640436992304,0.0 -48.710667,-27.2641056992304,0.0 -48.710641,-27.2641524992304,0.0 -48.7105826,-27.2642018992304,0.0 -48.7102583,-27.2643823992304,0.0 -48.7101668,-27.2644149992304,0.0 -48.7100749,-27.2644371992304,0.0 -48.7095061,-27.2644285992304,0.0 -48.7094701,-27.2644308992304,0.0 -48.7094217,-27.2644410992304,0.0 -48.7094138,-27.2644426992304,0.0 -48.709388,-27.2644558992304,0.0 -48.7090714,-27.2649371992304,0.0 -48.709068,-27.2649498992304,0.0 -48.7090663,-27.2650090992304,0.0 -48.70924,-27.2657253992303,0.0 -48.7093107,-27.2661308992303,0.0 -48.7093081,-27.2661451992303,0.0 -48.7092938,-27.2661741992303,0.0 -48.7087974,-27.2663444992303,0.0 -48.7087093,-27.2663746992303,0.0 -48.7085803,-27.2663879992303,0.0 -48.7071999,-27.2663953992303,0.0 -48.7070447,-27.2664129992303,0.0 -48.7069712,-27.2664346992303,0.0 -48.7067868,-27.2665147992303,0.0 -48.7067674,-27.2665231992303,0.0 -48.7067293,-27.2665320992303,0.0 -48.7066725,-27.2665357992303,0.0 -48.7056425,-27.2664954992303,0.0 -48.7055318,-27.2664925992303,0.0 -48.7054884,-27.2664997992303,0.0 -48.7054511,-27.2665150992303,0.0 -48.7049795,-27.2666885992303,0.0 -48.7051074,-27.2672694992303,0.0 -48.705096,-27.2677429992303,0.0 -48.7049026,-27.2680378992303,0.0 -48.7047691,-27.2682138992303,0.0 -48.704653,-27.2683030992303,0.0 -48.704316,-27.2685589992303,0.0 -48.7040452,-27.2685642992303,0.0 -48.7038426,-27.2685321992303,0.0 -48.703733,-27.2684969992303,0.0 -48.7036247,-27.2680921992303,0.0 -48.703527,-27.2674419992303,0.0 -48.703601,-27.2668669992303,0.0 -48.7036965,-27.2667453992303,0.0 -48.703784,-27.2664972992303,0.0 -48.704091,-27.2661319992303,0.0 -48.7044773,-27.2659401992303,0.0 -48.7047172,-27.2658480992303,0.0 -48.7049178,-27.2654302992303,0.0 -48.7051567,-27.2650795992304,0.0 -48.705249,-27.2648629992304,0.0 -48.705451,-27.2646919992304,0.0 -48.7053983,-27.2645700992304,0.0 -48.7053311,-27.2644145992304,0.0 -48.7051359,-27.2643197992304,0.0 -48.7048502,-27.2643307992304,0.0 -48.7039019,-27.2643481992304,0.0 -48.7032331,-27.2646913992304,0.0 -48.702859,-27.2647929992304,0.0 -48.702619,-27.2649869992304,0.0 -48.7023493,-27.2650475992303,0.0 -48.701697,-27.2650399992304,0.0 -48.7014257,-27.2649206992304,0.0 -48.7012227,-27.2647536992304,0.0 -48.701063,-27.2646739992304,0.0 -48.7009697,-27.2647221992304,0.0 -48.7009588,-27.2651833992304,0.0 -48.7009873,-27.2659927992303,0.0 -48.7008776,-27.2661839992303,0.0 -48.700502,-27.2667369992303,0.0 -48.700149,-27.2670099992303,0.0 -48.700139,-27.2677179992303,0.0 -48.70033,-27.2679979992303,0.0 -48.7010583,-27.2682526992303,0.0 -48.7014945,-27.2682914992303,0.0 -48.7021597,-27.2682656992303,0.0 -48.702582,-27.2683609992303,0.0 -48.702848,-27.2685269992303,0.0 -48.7028242,-27.2687216992303,0.0 -48.702831,-27.2689379992303,0.0 -48.70278,-27.2690833992303,0.0 -48.7026947,-27.2692281992303,0.0 -48.7026524,-27.2693516992303,0.0 -48.7025931,-27.2695613992303,0.0 -48.7025273,-27.2696453992303,0.0 -48.7024695,-27.2698486992303,0.0 -48.702286,-27.2701059992303,0.0 -48.7021255,-27.2702671992303,0.0 -48.7019155,-27.2704494992302,0.0 -48.7018186,-27.2705694992303,0.0 -48.7017118,-27.2706501992302,0.0 -48.701605,-27.2707309992302,0.0 -48.7013837,-27.2709111992302,0.0 -48.7024452,-27.2712670992302,0.0 -48.7031281,-27.2715087992302,0.0 -48.7033066,-27.2715891992302,0.0 -48.7034797,-27.2716774992302,0.0 -48.7036479,-27.2717736992302,0.0 -48.7038118,-27.2718779992302,0.0 -48.7038918,-27.2719341992302,0.0 -48.7039718,-27.2719903992302,0.0 -48.7041287,-27.2721106992302,0.0 -48.704283,-27.2722391992302,0.0 -48.7044352,-27.2723755992302,0.0 -48.704586,-27.2725201992302,0.0 -48.7047357,-27.2726723992302,0.0 -48.7048841,-27.2728305992302,0.0 -48.7050305,-27.2729924992302,0.0 -48.7051745,-27.2731559992302,0.0 -48.7053155,-27.2733189992302,0.0 -48.7055865,-27.2736346992302,0.0 -48.7057155,-27.2737831992302,0.0 -48.7058396,-27.2739230992302,0.0 -48.7059592,-27.2740550992302,0.0 -48.7060749,-27.2741806992302,0.0 -48.7061871,-27.2743010992302,0.0 -48.7064035,-27.2745315992302,0.0 -48.7065087,-27.2746443992302,0.0 -48.7066128,-27.2747572992302,0.0 -48.706716,-27.2748711992302,0.0 -48.7070163,-27.2752063992302,0.0 -48.7071116,-27.2753110992302,0.0 -48.7072036,-27.2754096992302,0.0 -48.7072917,-27.2755008992302,0.0 -48.7073756,-27.2755829992301,0.0 -48.7074551,-27.2756549992302,0.0 -48.7075328,-27.2757174992302,0.0 -48.7076114,-27.2757713992302,0.0 -48.707694,-27.2758176992301,0.0 -48.7077835,-27.2758574992301,0.0 -48.7078827,-27.2758914992301,0.0 -48.7079947,-27.2759209992302,0.0 -48.7081224,-27.2759466992302,0.0 -48.7082677,-27.2759696992301,0.0 -48.7084289,-27.2759905992301,0.0 -48.7086031,-27.2760102992302,0.0 -48.7087877,-27.2760293992302,0.0 -48.7091766,-27.2760686992301,0.0 -48.7093754,-27.2760903992301,0.0 -48.7095734,-27.2761143992301,0.0 -48.7097685,-27.2761413992301,0.0 -48.7099609,-27.2761719992301,0.0 -48.7101515,-27.2762068992301,0.0 -48.7103411,-27.2762466992301,0.0 -48.7105305,-27.2762919992301,0.0 -48.7107206,-27.2763434992301,0.0 -48.7109123,-27.2764018992301,0.0 -48.7111064,-27.2764676992301,0.0 -48.7113032,-27.2765410992301,0.0 -48.7115013,-27.2766203992301,0.0 -48.7116986,-27.2767031992301,0.0 -48.7118931,-27.2767873992301,0.0 -48.7122658,-27.2769506992301,0.0 -48.7124399,-27.2770252992301,0.0 -48.7126033,-27.2770921992301,0.0 -48.7127544,-27.2771495992301,0.0 -48.7128945,-27.2771975992301,0.0 -48.7130254,-27.2772365992301,0.0 -48.7131489,-27.2772670992301,0.0 -48.7132668,-27.2772896992301,0.0 -48.7133809,-27.2773048992301,0.0 -48.713493,-27.2773129992301,0.0 -48.7136049,-27.2773147992301,0.0 -48.7137179,-27.2773104992301,0.0 -48.7138317,-27.2773007992301,0.0 -48.7139455,-27.2772861992301,0.0 -48.7140583,-27.2772671992301,0.0 -48.7141693,-27.2772442992301,0.0 -48.7142778,-27.2772179992301,0.0 -48.7143827,-27.2771888992301,0.0 -48.7144834,-27.2771573992301,0.0 -48.7145791,-27.2771241992301,0.0 -48.7146699,-27.2770898992301,0.0 -48.714756,-27.2770553992301,0.0 -48.7149887,-27.2769579992301,0.0 -48.7150584,-27.2769301992301,0.0 -48.7151247,-27.2769059992301,0.0 -48.7151877,-27.2768860992301,0.0 -48.7152479,-27.2768709992301,0.0 -48.7153058,-27.2768612992301,0.0 -48.7153618,-27.2768572992301,0.0 -48.7154165,-27.2768593992301,0.0 -48.7154701,-27.2768681992301,0.0 -48.7155233,-27.2768839992301,0.0 -48.7155765,-27.2769073992301,0.0 -48.71563,-27.2769386992301,0.0 -48.7156832,-27.2769782992301,0.0 -48.7157354,-27.2770262992301,0.0 -48.7157859,-27.2770829992301,0.0 -48.7158339,-27.2771487992301,0.0 -48.7158789,-27.2772238992301,0.0 -48.7159199,-27.2773084992301,0.0 -48.7159564,-27.2774028992301,0.0 -48.7159879,-27.2775069992301,0.0 -48.7160156,-27.2776194992301,0.0 -48.7160407,-27.2777385992301,0.0 -48.7160894,-27.2779897992301,0.0 -48.7161157,-27.2781185992301,0.0 -48.7161452,-27.2782470992301,0.0 -48.7161794,-27.2783736992301,0.0 -48.7162194,-27.2784968992301,0.0 -48.7162645,-27.2786159992301,0.0 -48.7163141,-27.2787303992301,0.0 -48.7163673,-27.2788396992301,0.0 -48.7164233,-27.2789432992301,0.0 -48.7164813,-27.2790408992301,0.0 -48.7165404,-27.2791316992301,0.0 -48.7165998,-27.2792153992301,0.0 -48.7166588,-27.2792915992301,0.0 -48.7167168,-27.2793604992301,0.0 -48.7167733,-27.2794222992301,0.0 -48.7168279,-27.2794772992301,0.0 -48.71688,-27.2795258992301,0.0 -48.7169291,-27.2795683992301,0.0 -48.7169748,-27.2796048992301,0.0 -48.7170166,-27.2796358992301,0.0 -48.7170541,-27.2796616992301,0.0 -48.7170879,-27.2796827992301,0.0 -48.7171185,-27.2796996992301,0.0 -48.7171465,-27.2797128992301,0.0 -48.7171726,-27.2797230992301,0.0 -48.7171974,-27.2797306992301,0.0 -48.7172215,-27.2797362992301,0.0 -48.7172456,-27.2797404992301,0.0 -48.7172701,-27.2797435992301,0.0 -48.7172952,-27.2797458992301,0.0 -48.717321,-27.2797472992301,0.0 -48.7173473,-27.2797479992301,0.0 -48.7173743,-27.2797477992301,0.0 -48.717402,-27.2797469992301,0.0 -48.7174303,-27.2797454992301,0.0 -48.7174593,-27.2797432992301,0.0 -48.7175195,-27.2797370992301,0.0 -48.717551,-27.2797330992301,0.0 -48.7175835,-27.2797283992301,0.0 -48.7176521,-27.2797169992301,0.0 -48.7177262,-27.2797028992301,0.0 -48.7177656,-27.2796946992301,0.0 -48.7178068,-27.2796854992301,0.0 -48.71785,-27.2796747992301,0.0 -48.7178952,-27.2796623992301,0.0 -48.7179427,-27.2796477992301,0.0 -48.7179927,-27.2796307992301,0.0 -48.7180454,-27.2796109992301,0.0 -48.7181008,-27.2795878992301,0.0 -48.7181592,-27.2795614992301,0.0 -48.7182203,-27.2795321992301,0.0 -48.7182839,-27.2795004992301,0.0 -48.7184875,-27.2793971992301,0.0 -48.7185589,-27.2793619992301,0.0 -48.7186317,-27.2793273992301,0.0 -48.7187056,-27.2792939992301,0.0 -48.7187803,-27.2792618992301,0.0 -48.7188553,-27.2792312992301,0.0 -48.7189303,-27.2792023992301,0.0 -48.7190048,-27.2791753992301,0.0 -48.7190785,-27.2791503992301,0.0 -48.719151,-27.2791276992301,0.0 -48.7192219,-27.2791072992301,0.0 -48.719291,-27.2790893992301,0.0 -48.719359,-27.2790739992301,0.0 -48.7194268,-27.2790607992301,0.0 -48.7194955,-27.2790498992301,0.0 -48.7195659,-27.2790410992301,0.0 -48.7196391,-27.2790342992301,0.0 -48.7197158,-27.2790292992301,0.0 -48.7197972,-27.2790260992301,0.0 -48.7198867,-27.2790244992301,0.0 -48.7200391,-27.2794166992301,0.0 -48.7200812,-27.2794956992301,0.0 -48.7201392,-27.2795588992301,0.0 -48.7201926,-27.2795919992301,0.0 -48.720282,-27.2796280992301,0.0 -48.720367,-27.2796294992301,0.0 -48.7204109,-27.2796233992301,0.0 -48.7204932,-27.2796339992301,0.0 -48.7205283,-27.2796503992301,0.0 -48.7205799,-27.2796745992301,0.0 -48.7206528,-27.2797609992301,0.0 -48.7207325,-27.2798913992301,0.0 -48.7207743,-27.2799841992301,0.0 -48.7208693,-27.2801192992301,0.0 -48.7209542,-27.2802473992301,0.0 -48.7209866,-27.2803008992301,0.0 -48.7210111,-27.2803588992301,0.0 -48.7210259,-27.2803890992301,0.0 -48.721104,-27.2804755992301,0.0 -48.7212751,-27.2806696992301,0.0 -48.7213902,-27.2808281992301,0.0 -48.7214804,-27.28094719923,0.0 -48.7215183,-27.28098239923,0.0 -48.7215948,-27.2810227992301,0.0 -48.7216583,-27.2810629992301,0.0 -48.7217748,-27.28115939923,0.0 -48.721813,-27.28118079923,0.0 -48.721859,-27.28119999923,0.0 -48.7219023,-27.28122379923,0.0 -48.7220635,-27.28139919923,0.0 -48.7221833,-27.28158079923,0.0 -48.722242,-27.28172919923,0.0 -48.7223086,-27.28222999923,0.0 -48.7222994,-27.28229889923,0.0 -48.7222775,-27.28235839923,0.0 -48.7221688,-27.28249929923,0.0 -48.7221619,-27.28252339923,0.0 -48.7221549,-27.28254739923,0.0 -48.7221592,-27.28258669923,0.0 -48.7221712,-27.28262829923,0.0 -48.7222183,-27.28271659923,0.0 -48.7223645,-27.28299079923,0.0 -48.7224214,-27.28310229923,0.0 -48.7225341,-27.28325619923,0.0 -48.7226688,-27.28338919923,0.0 -48.7227738,-27.28349279923,0.0 -48.7228346,-27.28354219923,0.0 -48.7229161,-27.28358969923,0.0 -48.7229832,-27.28361429923,0.0 -48.7230081,-27.28362349923,0.0 -48.723123,-27.28367379923,0.0 -48.7235569,-27.28386999923,0.0 -48.7237829,-27.28402809923,0.0 -48.7239071,-27.28412459923,0.0 -48.7240017,-27.28416079923,0.0 -48.7241168,-27.28420189923,0.0 -48.7241938,-27.28421699923,0.0 -48.7242702,-27.28425749923,0.0 -48.7242768,-27.28426329923,0.0 -48.7244245,-27.28439589923,0.0 -48.724591,-27.28456229923,0.0 -48.7247141,-27.28471399923,0.0 -48.724764,-27.28479089923,0.0 -48.7247687,-27.28480939923,0.0 -48.7247956,-27.28487889923,0.0 -48.7248307,-27.28492549923,0.0 -48.7248789,-27.28495859923,0.0 -48.724893,-27.28496339923,0.0 -48.7249071,-27.28496829923,0.0 -48.7249612,-27.28496919923,0.0 -48.7250336,-27.28495659923,0.0 -48.7251478,-27.28491709923,0.0 -48.7252701,-27.28486389923,0.0 -48.7253484,-27.28481689923,0.0 -48.7254237,-27.28479059923,0.0 -48.7255192,-27.28478529923,0.0 -48.7256139,-27.28481449923,0.0 -48.7256878,-27.28485489923,0.0 -48.7259012,-27.28509289923,0.0 -48.7260434,-27.28526599923,0.0 -48.7261224,-27.28532859923,0.0 -48.7261734,-27.28536569923,0.0 -48.726222,-27.28539129923,0.0 -48.7262514,-27.28540429923,0.0 -48.7263012,-27.28542629923,0.0 -48.7263525,-27.28544279923,0.0 -48.7264318,-27.28547089923,0.0 -48.7265215,-27.28548989923,0.0 -48.7266011,-27.28549509923,0.0 -48.7266524,-27.28549549923,0.0 -48.7267344,-27.28551909923,0.0 -48.7267791,-27.28554349923,0.0 -48.7268366,-27.28557489923,0.0 -48.7269924,-27.28565639923,0.0 -48.7270436,-27.28567289923,0.0 -48.7271181,-27.28567569923,0.0 -48.7271975,-27.28569699923,0.0 -48.7274048,-27.28576739923,0.0 -48.7276383,-27.28579209923,0.0 -48.7277206,-27.28578119923,0.0 -48.7277875,-27.28577029923,0.0 -48.7278314,-27.28574079923,0.0 -48.7278602,-27.28567899923,0.0 -48.727879,-27.28559429923,0.0 -48.7279127,-27.28556239923,0.0 -48.7279667,-27.28554899923,0.0 -48.7280616,-27.28556809923,0.0 -48.7281305,-27.28560759923,0.0 -48.7281789,-27.28565849923,0.0 -48.7281938,-27.28571139923,0.0 -48.7281957,-27.28577329923,0.0 -48.7282132,-27.28582849923,0.0 -48.7282384,-27.28588379923,0.0 -48.7282561,-27.28590919923,0.0 -48.7282893,-27.28592319923,0.0 -48.7283252,-27.28593259923,0.0 -48.7283661,-27.28595819923,0.0 -48.728399,-27.28600659923,0.0 -48.7284216,-27.28606409923,0.0 -48.7284358,-27.2861903992299,0.0 -48.7284534,-27.2862295992299,0.0 -48.728484,-27.28625279923,0.0 -48.7285019,-27.2862585992299,0.0 -48.7285198,-27.2862644992299,0.0 -48.7286252,-27.28625379923,0.0 -48.7287152,-27.28624299923,0.0 -48.7287871,-27.28624359923,0.0 -48.7289508,-27.2863067992299,0.0 -48.7292014,-27.2864279992299,0.0 -48.7292578,-27.2864398992299,0.0 -48.7293169,-27.2864356992299,0.0 -48.7293608,-27.2864084992299,0.0 -48.7294073,-27.2863744992299,0.0 -48.7294305,-27.2863722992299,0.0 -48.7294612,-27.28638169923,0.0 -48.7295021,-27.2864026992299,0.0 -48.7295445,-27.2864197992299,0.0 -48.7296172,-27.2864494992299,0.0 -48.7296838,-27.28647059923,0.0 -48.7297578,-27.2865170992299,0.0 -48.7298701,-27.2865958992299,0.0 -48.7299057,-27.2866328992299,0.0 -48.7299208,-27.2866559992299,0.0 -48.7299231,-27.2866880992299,0.0 -48.7299453,-27.2867822992299,0.0 -48.7299605,-27.2868053992299,0.0 -48.7299783,-27.2868215992299,0.0 -48.7299987,-27.2868377992299,0.0 -48.7300243,-27.2868471992299,0.0 -48.7300447,-27.2868702992299,0.0 -48.730065,-27.2868956992299,0.0 -48.7301033,-27.2869082992299,0.0 -48.7302961,-27.2868808992299,0.0 -48.7304482,-27.2868200992299,0.0 -48.7305179,-27.2867815992299,0.0 -48.7306188,-27.2867066992299,0.0 -48.7306634,-27.2866674992299,0.0 -48.730668,-27.2866633992299,0.0 -48.7306966,-27.2866269992299,0.0 -48.7307381,-27.2865813992299,0.0 -48.7308699,-27.2864974992299,0.0 -48.7309627,-27.2864545992299,0.0 -48.7310043,-27.2864043992299,0.0 -48.7310269,-27.2863573992299,0.0 -48.7310645,-27.2862786992299,0.0 -48.7310959,-27.2862237992299,0.0 -48.7311734,-27.2861670992299,0.0 -48.7312147,-27.2861466992299,0.0 -48.7313021,-27.28613589923,0.0 -48.7313768,-27.28611349923,0.0 -48.7314362,-27.28608419923,0.0 -48.7314517,-27.28606819923,0.0 -48.7315058,-27.28605259923,0.0 -48.73156,-27.28602769923,0.0 -48.7316013,-27.28600049923,0.0 -48.7316476,-27.28599859923,0.0 -48.7317451,-27.28600849923,0.0 -48.731781,-27.28601909923,0.0 -48.7319115,-27.28605789923,0.0 -48.7319704,-27.28607899923,0.0 -48.7320138,-27.28610459923,0.0 -48.7321442,-27.28616519923,0.0 -48.7322951,-27.2862259992299,0.0 -48.732428,-27.2863026992299,0.0 -48.7324613,-27.2863097992299,0.0 -48.7324845,-27.28629399923,0.0 -48.7324873,-27.28627789923,0.0 -48.7324646,-27.2862272992299,0.0 -48.7324546,-27.2862019992299,0.0 -48.73246,-27.2861721992299,0.0 -48.7324703,-27.28616989923,0.0 -48.7325074,-27.2861768992299,0.0 -48.7326568,-27.2862722992299,0.0 -48.7326681,-27.2862887992299,0.0 -48.7326695,-27.2862907992299,0.0 -48.7326969,-27.2863826992299,0.0 -48.7327145,-27.2864218992299,0.0 -48.7327476,-27.28644509923,0.0 -48.7328013,-27.28647299923,0.0 -48.7328471,-27.2865169992299,0.0 -48.7328596,-27.2865514992299,0.0 -48.7328594,-27.2865789992299,0.0 -48.7328541,-27.28659039923,0.0 -48.7328539,-27.2866136992299,0.0 -48.7328538,-27.2866247992299,0.0 -48.7328793,-27.2866433992299,0.0 -48.7329304,-27.2866735992299,0.0 -48.7330608,-27.2867318992299,0.0 -48.7330967,-27.2867413992299,0.0 -48.7331557,-27.2867417992299,0.0 -48.7331659,-27.2867464992299,0.0 -48.7331864,-27.2867603992299,0.0 -48.7331986,-27.2867789992299,0.0 -48.7332345,-27.2868341992299,0.0 -48.7332598,-27.2868664992299,0.0 -48.7333415,-27.2869267992299,0.0 -48.7334999,-27.2870105992299,0.0 -48.7337967,-27.2871297992299,0.0 -48.7339335,-27.2871709992299,0.0 -48.7347065,-27.2879397992299,0.0 -48.734821,-27.2880530992299,0.0 -48.7348894,-27.2881024992299,0.0 -48.7349564,-27.2881535992299,0.0 -48.7349604,-27.2881565992299,0.0 -48.7350445,-27.2881947992299,0.0 -48.7351494,-27.2882217992299,0.0 -48.7352648,-27.2882374992299,0.0 -48.7354344,-27.2882494992299,0.0 -48.7356222,-27.2882479992299,0.0 -48.7359668,-27.2882582992299,0.0 -48.7361179,-27.2882906992299,0.0 -48.7362815,-27.2883416992299,0.0 -48.7363942,-27.2883664992299,0.0 -48.7367795,-27.2883958992299,0.0 -48.7368768,-27.2884158992299,0.0 -48.7370631,-27.2884878992299,0.0 -48.7372618,-27.2885854992299,0.0 -48.7373815,-27.2886425992299,0.0 -48.7375069,-27.2886768992299,0.0 -48.7376254,-27.2886695992299,0.0 -48.7377157,-27.2886549992299,0.0 -48.7378115,-27.2886289992299,0.0 -48.7379173,-27.2886123992299,0.0 -48.7382372,-27.2885716992299,0.0 -48.738428,-27.2885518992299,0.0 -48.7385074,-27.2885692992299,0.0 -48.7385683,-27.2886093992299,0.0 -48.7386032,-27.2886627992299,0.0 -48.7386204,-27.2887029992299,0.0 -48.7386449,-27.2887600992299,0.0 -48.7386613,-27.2888384992299,0.0 -48.7386926,-27.2889423992299,0.0 -48.7387423,-27.2890259992299,0.0 -48.7387798,-27.2890771992299,0.0 -48.7388582,-27.2891451992299,0.0 -48.7389027,-27.2891740992299,0.0 -48.7389343,-27.2891946992299,0.0 -48.7390465,-27.2892424992299,0.0 -48.7391869,-27.2892999992299,0.0 -48.7393123,-27.2893296992299,0.0 -48.7395303,-27.2893630992299,0.0 -48.7396356,-27.2893717992299,0.0 -48.7397407,-27.2893918992299,0.0 -48.7398144,-27.2894321992299,0.0 -48.7398597,-27.2894834992299,0.0 -48.7399273,-27.2895719992299,0.0 -48.740014,-27.2897365992299,0.0 -48.7400663,-27.2898201992299,0.0 -48.7401342,-27.2898925992299,0.0 -48.7404031,-27.2901028992299,0.0 -48.7405216,-27.2901954992299,0.0 -48.7405746,-27.2902446992299,0.0 -48.740597,-27.2902817992299,0.0 -48.7406218,-27.2903281992299,0.0 -48.7406503,-27.2903965992299,0.0 -48.7406585,-27.2904161992299,0.0 -48.7407178,-27.2905366992299,0.0 -48.740778,-27.2906088992299,0.0 -48.7408891,-27.2907118992299,0.0 -48.7409828,-27.2907846992299,0.0 -48.7410767,-27.2908482992299,0.0 -48.7411782,-27.2909154992299,0.0 -48.7412402,-27.2910279992299,0.0 -48.7412684,-27.2911548992299,0.0 -48.7412707,-27.2912928992298,0.0 -48.7412603,-27.2914213992299,0.0 -48.7412355,-27.2916255992298,0.0 -48.7412314,-27.2916683992299,0.0 -48.7412253,-27.2917302992298,0.0 -48.7412192,-27.2917930992298,0.0 -48.7412246,-27.2919034992298,0.0 -48.7412478,-27.2920280992298,0.0 -48.7413087,-27.2921922992298,0.0 -48.7414549,-27.2925853992298,0.0 -48.741504,-27.2926988992298,0.0 -48.7415732,-27.2928355992298,0.0 -48.7417085,-27.2930148992298,0.0 -48.741939,-27.2933128992298,0.0 -48.7419836,-27.2933963992298,0.0 -48.7420149,-27.2934979992298,0.0 -48.742023,-27.2936038992298,0.0 -48.7420133,-27.2937025992298,0.0 -48.7419931,-27.2938079992298,0.0 -48.7419573,-27.2939222992298,0.0 -48.7418299,-27.2941637992298,0.0 -48.7414859,-27.2948155992298,0.0 -48.7413976,-27.2949795992298,0.0 -48.7412278,-27.2952296992298,0.0 -48.7410613,-27.2954406992298,0.0 -48.7409563,-27.2955446992298,0.0 -48.7407312,-27.2957294992298,0.0 -48.740483,-27.2959092992298,0.0 -48.7403812,-27.2959855992298,0.0 -48.7402755,-27.2961149992298,0.0 -48.7402193,-27.2962197992298,0.0 -48.7401947,-27.2962860992298,0.0 -48.7401887,-27.2964537992297,0.0 -48.7401903,-27.2965172992298,0.0 -48.7401943,-27.2966790992298,0.0 -48.7401881,-27.2969777992297,0.0 -48.7401671,-27.2971245992297,0.0 -48.7401286,-27.2972411992297,0.0 -48.7400377,-27.2974074992297,0.0 -48.7399313,-27.2975780992297,0.0 -48.7398355,-27.2977304992297,0.0 -48.7395959,-27.2980544992297,0.0 -48.7394873,-27.2982059992297,0.0 -48.7394342,-27.2983581992297,0.0 -48.7394378,-27.2984347992297,0.0 -48.739506,-27.2985617992297,0.0 -48.7396039,-27.2987162992297,0.0 -48.7396865,-27.2988839992297,0.0 -48.7398542,-27.2992499992297,0.0 -48.7401143,-27.2999034992297,0.0 -48.7402251,-27.3003337992297,0.0 -48.7402551,-27.3005904992297,0.0 -48.7402587,-27.3006819992297,0.0 -48.7402686,-27.3009309992297,0.0 -48.7402641,-27.3011783992297,0.0 -48.7402564,-27.3013241992297,0.0 -48.7403022,-27.3015280992297,0.0 -48.7403831,-27.3017016992296,0.0 -48.740503,-27.3019066992297,0.0 -48.74068,-27.3022362992296,0.0 -48.7407989,-27.3024987992296,0.0 -48.7408211,-27.3026358992296,0.0 -48.7409755,-27.3028460992296,0.0 -48.7412001,-27.3032824992296,0.0 -48.7413548,-27.3034747992296,0.0 -48.7416322,-27.3037262992296,0.0 -48.7418161,-27.3039499992296,0.0 -48.7420337,-27.3042226992296,0.0 -48.7422577,-27.3044159992296,0.0 -48.7425413,-27.3046013992296,0.0 -48.7427095,-27.3047069992296,0.0 -48.7428152,-27.3047732992296,0.0 -48.7430298,-27.3049399992296,0.0 -48.743361,-27.3052231992296,0.0 -48.7436947,-27.3054876992296,0.0 -48.7438438,-27.3056058992296,0.0 -48.7440235,-27.3057852992296,0.0 -48.7441439,-27.3059682992296,0.0 -48.7442196,-27.3061549992296,0.0 -48.7442748,-27.3063811992296,0.0 -48.7443751,-27.3066162992296,0.0 -48.7444615,-27.3067099992296,0.0 -48.7445633,-27.3067853992296,0.0 -48.7448587,-27.3069474992296,0.0 -48.7448615,-27.3069487992296,0.0 -48.7448651,-27.3069503992296,0.0 -48.7448693,-27.3069523992296,0.0 -48.7448741,-27.3069544992296,0.0 -48.7448785,-27.3069565992296,0.0 -48.744884,-27.3069590992296,0.0 -48.7448884,-27.3069610992296,0.0 -48.7448953,-27.3069641992296,0.0 -48.7449023,-27.3069674992296,0.0 -48.7449087,-27.3069703992296,0.0 -48.7449166,-27.3069739992296,0.0 -48.7449211,-27.3069760992296,0.0 -48.7449229,-27.3069768992296,0.0 -48.7449247,-27.3069776992296,0.0 -48.7449272,-27.3069787992296,0.0 -48.7449305,-27.3069803992296,0.0 -48.7449335,-27.3069816992296,0.0 -48.7449361,-27.3069828992296,0.0 -48.7449388,-27.3069841992296,0.0 -48.7449413,-27.3069852992296,0.0 -48.7449437,-27.3069863992296,0.0 -48.7449501,-27.3069892992296,0.0 -48.7449543,-27.3069911992295,0.0 -48.7449584,-27.3069930992296,0.0 -48.7449872,-27.3070062992296,0.0 -48.7449979,-27.3070111992296,0.0 -48.7450198,-27.3070211992296,0.0 -48.7450321,-27.3070267992296,0.0 -48.7450402,-27.3070304992296,0.0 -48.7450763,-27.3070470992296,0.0 -48.7451126,-27.3070636992295,0.0 -48.7451503,-27.3070808992295,0.0 -48.7451791,-27.3070940992296,0.0 -48.7451849,-27.3070966992296,0.0 -48.745201,-27.3071040992296,0.0 -48.7452254,-27.3071152992296,0.0 -48.7452389,-27.3071213992295,0.0 -48.7452431,-27.3071233992296,0.0 -48.7452988,-27.3071487992296,0.0 -48.7453169,-27.3071570992296,0.0 -48.7453192,-27.3071581992296,0.0 -48.7453301,-27.3071630992295,0.0 -48.7453341,-27.3071649992296,0.0 -48.7453385,-27.3071669992295,0.0 -48.7453547,-27.3071743992296,0.0 -48.7453726,-27.3071825992296,0.0 -48.7453765,-27.3071843992296,0.0 -48.7454721,-27.3072280992296,0.0 -48.7455695,-27.3072725992296,0.0 -48.7457204,-27.3073416992295,0.0 -48.7458615,-27.3074061992296,0.0 -48.7459444,-27.3074440992295,0.0 -48.7460069,-27.3074726992296,0.0 -48.7460346,-27.3074853992295,0.0 -48.7460403,-27.3074879992295,0.0 -48.7460467,-27.3074908992296,0.0 -48.7460499,-27.3074923992295,0.0 -48.7462254,-27.3075725992295,0.0 -48.7462298,-27.3075746992295,0.0 -48.7462343,-27.3075766992295,0.0 -48.7462377,-27.3075782992295,0.0 -48.7462417,-27.3075800992295,0.0 -48.7462468,-27.3075823992295,0.0 -48.7462523,-27.3075849992295,0.0 -48.7462588,-27.3075878992296,0.0 -48.7462676,-27.3075918992295,0.0 -48.7462743,-27.3075949992296,0.0 -48.7462797,-27.3075974992295,0.0 -48.746285,-27.3075998992295,0.0 -48.7462894,-27.3076018992295,0.0 -48.7462922,-27.3076031992295,0.0 -48.7462943,-27.3076041992295,0.0 -48.7462971,-27.3076053992295,0.0 -48.7463001,-27.3076067992295,0.0 -48.7463033,-27.3076082992295,0.0 -48.7463048,-27.3076089992295,0.0 -48.7463066,-27.3076097992295,0.0 -48.7463085,-27.3076106992295,0.0 -48.7463107,-27.3076116992296,0.0 -48.7463126,-27.3076124992295,0.0 -48.7463267,-27.3076189992295,0.0 -48.746339,-27.3076245992295,0.0 -48.7463664,-27.3076370992295,0.0 -48.7466395,-27.3077706992295,0.0 -48.7466621,-27.3077816992295,0.0 -48.7472413,-27.3081344992295,0.0 -48.7473261,-27.3081860992295,0.0 -48.7477709,-27.3084579992295,0.0 -48.747942,-27.3085625992295,0.0 -48.7480914,-27.3086603992295,0.0 -48.7485767,-27.3089780992295,0.0 -48.7488702,-27.3091618992295,0.0 -48.7490149,-27.3092523992295,0.0 -48.74911,-27.3093119992295,0.0 -48.7493829,-27.3094986992295,0.0 -48.7496141,-27.3096569992295,0.0 -48.7499279,-27.3099020992295,0.0 -48.7500001,-27.3099585992295,0.0 -48.7500948,-27.3100324992295,0.0 -48.7506806,-27.3105408992295,0.0 -48.7510736,-27.3109612992295,0.0 -48.7513197,-27.3112244992295,0.0 -48.7514319,-27.3113444992295,0.0 -48.7517569,-27.3116597992295,0.0 -48.7521792,-27.3120694992295,0.0 -48.752333,-27.3122437992295,0.0 -48.7525041,-27.3124376992295,0.0 -48.7526976,-27.3125640992294,0.0 -48.7528814,-27.3126187992295,0.0 -48.7531766,-27.3127074992294,0.0 -48.7534453,-27.3127951992295,0.0 -48.7536213,-27.3128733992295,0.0 -48.7537961,-27.3129752992294,0.0 -48.7540579,-27.3132053992294,0.0 -48.7544869,-27.3135549992294,0.0 -48.7545781,-27.3136413992294,0.0 -48.7547097,-27.3137657992294,0.0 -48.7550446,-27.3139987992294,0.0 -48.7552636,-27.3141499992294,0.0 -48.7555109,-27.3142665992294,0.0 -48.7557911,-27.3143903992294,0.0 -48.7559662,-27.3144863992294,0.0 -48.7561728,-27.3146191992294,0.0 -48.756456,-27.3148204992294,0.0 -48.7569043,-27.3152239992294,0.0 -48.7569599,-27.3152739992294,0.0 -48.7572778,-27.3155836992294,0.0 -48.7578189,-27.3158185992294,0.0 -48.7582422,-27.3160133992294,0.0 -48.7585499,-27.3161203992294,0.0 -48.7586828,-27.3161255992294,0.0 -48.7590133,-27.3160372992294,0.0 -48.759154,-27.3160451992294,0.0 -48.7592781,-27.3160693992294,0.0 -48.7593527,-27.3161112992294,0.0 -48.7594245,-27.3161934992294,0.0 -48.759554,-27.3163702992294,0.0 -48.7597367,-27.3165530992294,0.0 -48.759902,-27.3167455992294,0.0 -48.7603303,-27.3172500992294,0.0 -48.7604625,-27.3173900992294,0.0 -48.7606038,-27.3175503992294,0.0 -48.7608164,-27.3177235992293,0.0 -48.7610069,-27.3178985992294,0.0 -48.7611158,-27.3180579992293,0.0 -48.7612325,-27.3182524992293,0.0 -48.7614775,-27.3184468992293,0.0 -48.7616087,-27.3186085992293,0.0 -48.7616952,-27.3187152992293,0.0 -48.7617691,-27.3190613992293,0.0 -48.7618682,-27.3193416992293,0.0 -48.7620423,-27.3199246992293,0.0 -48.7621629,-27.3202629992293,0.0 -48.762299,-27.3205740992293,0.0 -48.7624662,-27.3209201992293,0.0 -48.7626606,-27.3212040992293,0.0 -48.7628745,-27.3215034992293,0.0 -48.7631117,-27.3217446992293,0.0 -48.7632129,-27.3218622992293,0.0 -48.7633451,-27.3220177992293,0.0 -48.7634092,-27.3220858992293,0.0 -48.7634963,-27.3222102992293,0.0 -48.7636363,-27.3224008992293,0.0 -48.7638268,-27.3226225992293,0.0 -48.7640018,-27.3227936992293,0.0 -48.7643051,-27.3230036992293,0.0 -48.7649474,-27.3235258992292,0.0 -48.7651987,-27.3237263992292,0.0 -48.7653365,-27.3237807992292,0.0 -48.7655932,-27.3237937992292,0.0 -48.7658986,-27.3237140992292,0.0 -48.7662005,-27.3236891992292,0.0 -48.7663017,-27.3236824992292,0.0 -48.7663929,-27.3237063992292,0.0 -48.7664821,-27.3237631992292,0.0 -48.766575,-27.3237911992292,0.0 -48.7666927,-27.3237557992292,0.0 -48.7669907,-27.3236308992292,0.0 -48.767158,-27.3236170992292,0.0 -48.767385,-27.3236153992292,0.0 -48.7675893,-27.3236767992292,0.0 -48.7679776,-27.3239232992292,0.0 -48.7685694,-27.3245498992292,0.0 -48.7688767,-27.3247861992292,0.0 -48.7690928,-27.3250141992292,0.0 -48.7692191,-27.3251675992292,0.0 -48.7693207,-27.3253421992292,0.0 -48.7694175,-27.3254805992292,0.0 -48.7700216,-27.3259047992292,0.0 -48.77019,-27.3259451992292,0.0 -48.7706122,-27.3259943992292,0.0 -48.7708196,-27.3260032992292,0.0 -48.7709517,-27.3260097992292,0.0 -48.7711145,-27.3260440992292,0.0 -48.7712695,-27.3261276992292,0.0 -48.7715046,-27.3263562992292,0.0 -48.7714725,-27.3266885992292,0.0 -48.7713493,-27.3269481992292,0.0 -48.7710374,-27.3272189992292,0.0 -48.7707173,-27.3273153992292,0.0 -48.7705642,-27.3274061992292,0.0 -48.7704227,-27.3275840992292,0.0 -48.7703335,-27.3280446992292,0.0 -48.7703775,-27.3281767992292,0.0 -48.7704339,-27.3282817992292,0.0 -48.7705039,-27.3283303992291,0.0 -48.7706595,-27.3283711992292,0.0 -48.7707392,-27.3284022992291,0.0 -48.7708189,-27.3284528992291,0.0 -48.7709278,-27.3285383992291,0.0 -48.7710231,-27.3286317992291,0.0 -48.7712175,-27.3288621992291,0.0 -48.7714236,-27.3290254992291,0.0 -48.7716647,-27.3292315992291,0.0 -48.7717824,-27.3293929992291,0.0 -48.7720313,-27.3297390992291,0.0 -48.7721839,-27.3300093992291,0.0 -48.7723122,-27.3302465992291,0.0 -48.7724939,-27.3305637992291,0.0 -48.7726245,-27.3309030992291,0.0 -48.7727459,-27.3312047992291,0.0 -48.7729093,-27.3317018992291,0.0 -48.7730528,-27.3318642992291,0.0 -48.7731499,-27.3319962992291,0.0 -48.7734063,-27.3321832992291,0.0 -48.7736648,-27.3322584992291,0.0 -48.7739387,-27.3323342992291,0.0 -48.7740881,-27.3323925992291,0.0 -48.774238,-27.3325461992291,0.0 -48.7743786,-27.3326992992291,0.0 -48.7745154,-27.3329358992291,0.0 -48.7746862,-27.3331463992291,0.0 -48.7748556,-27.3333210992291,0.0 -48.7750638,-27.3334701992291,0.0 -48.7752855,-27.3335518992291,0.0 -48.7755732,-27.333644399229,0.0 -48.775982,-27.3337574992291,0.0 -48.7762159,-27.333932999229,0.0 -48.7765725,-27.334191699229,0.0 -48.7771378,-27.334642099229,0.0 -48.7774006,-27.334846699229,0.0 -48.7775324,-27.335019999229,0.0 -48.7777265,-27.335237099229,0.0 -48.7778978,-27.335406099229,0.0 -48.7785306,-27.335997499229,0.0 -48.7790387,-27.336330099229,0.0 -48.7799526,-27.336781799229,0.0 -48.780528,-27.337011199229,0.0 -48.780926,-27.337169899229,0.0 -48.7813662,-27.337396499229,0.0 -48.7816819,-27.337638999229,0.0 -48.782317,-27.337831499229,0.0 -48.7825846,-27.337876499229,0.0 -48.7828373,-27.337841499229,0.0 -48.7830311,-27.337779899229,0.0 -48.7831835,-27.337649899229,0.0 -48.7833079,-27.337662599229,0.0 -48.7834518,-27.337635399229,0.0 -48.7836112,-27.337627599229,0.0 -48.7837784,-27.337713099229,0.0 -48.7838795,-27.337860899229,0.0 -48.7838887,-27.337956699229,0.0 -48.7839039,-27.338099799229,0.0 -48.7838063,-27.338297899229,0.0 -48.7837203,-27.338446599229,0.0 -48.7836861,-27.338574999229,0.0 -48.7836847,-27.338698199229,0.0 -48.7837094,-27.338907499229,0.0 -48.7837016,-27.3390435992289,0.0 -48.7836666,-27.3391952992289,0.0 -48.7836433,-27.3393468992289,0.0 -48.7836472,-27.3394207992289,0.0 -48.7836627,-27.3395685992289,0.0 -48.7836822,-27.3397357992289,0.0 -48.7837483,-27.3399341992289,0.0 -48.7838495,-27.3401751992289,0.0 -48.783904,-27.3404113992289,0.0 -48.7839777,-27.3409490992289,0.0 -48.7840367,-27.3413767992289,0.0 -48.7840493,-27.3417983992289,0.0 -48.7840533,-27.3420723992289,0.0 -48.7841279,-27.3423501992289,0.0 -48.784189,-27.3424417992289,0.0 -48.78427,-27.3425215992289,0.0 -48.7844233,-27.3426875992289,0.0 -48.784611,-27.3427889992289,0.0 -48.7848139,-27.3428761992289,0.0 -48.7851872,-27.3431418992289,0.0 -48.7855918,-27.3437726992289,0.0 -48.7860451,-27.3444396992288,0.0 -48.7861551,-27.3446013992288,0.0 -48.7862821,-27.3447200992288,0.0 -48.786317,-27.3447958992288,0.0 -48.7863112,-27.3449008992288,0.0 -48.7862645,-27.3449825992288,0.0 -48.7861887,-27.3450466992288,0.0 -48.7860973,-27.3451186992288,0.0 -48.7860002,-27.3451748992288,0.0 -48.7859204,-27.3452372992288,0.0 -48.785823,-27.3453047992288,0.0 -48.7858193,-27.3453072992288,0.0 -48.7857959,-27.3453228992288,0.0 -48.7857784,-27.3453578992288,0.0 -48.7857862,-27.3454122992288,0.0 -48.7858115,-27.3454627992288,0.0 -48.7858543,-27.3455230992288,0.0 -48.7858938,-27.3455724992288,0.0 -48.785967,-27.3456183992288,0.0 -48.7860409,-27.3456475992288,0.0 -48.786109,-27.3457000992288,0.0 -48.7861537,-27.3457214992288,0.0 -48.7862257,-27.3457700992288,0.0 -48.7863627,-27.3458652992288,0.0 -48.7865332,-27.3460045992288,0.0 -48.7866109,-27.3460434992288,0.0 -48.7867587,-27.3461017992288,0.0 -48.7869882,-27.3462028992288,0.0 -48.7870399,-27.3462026992288,0.0 -48.7871138,-27.3461870992288,0.0 -48.7871779,-27.3461307992288,0.0 -48.7872149,-27.3460704992288,0.0 -48.7872499,-27.3460159992288,0.0 -48.7872868,-27.3459829992288,0.0 -48.787349,-27.3459576992288,0.0 -48.7874443,-27.3459440992288,0.0 -48.7875104,-27.3459595992288,0.0 -48.7875843,-27.3459926992288,0.0 -48.7876543,-27.3460334992288,0.0 -48.7877399,-27.3461054992288,0.0 -48.7877924,-27.3461773992288,0.0 -48.7878176,-27.3462318992288,0.0 -48.7878604,-27.3463387992288,0.0 -48.7879207,-27.3464884992288,0.0 -48.7879615,-27.3465720992288,0.0 -48.7879985,-27.3466731992288,0.0 -48.7880191,-27.3467235992288,0.0 -48.7880471,-27.3467918992288,0.0 -48.7880704,-27.3468462992288,0.0 -48.7881093,-27.3469065992288,0.0 -48.788173,-27.3469968992288,0.0 -48.7882761,-27.3471353992288,0.0 -48.7883951,-27.3472283992288,0.0 -48.7885837,-27.3474383992288,0.0 -48.7887141,-27.3476226992288,0.0 -48.7890382,-27.3480016992288,0.0 -48.7893484,-27.3483459992288,0.0 -48.7894886,-27.3485099992288,0.0 -48.7895737,-27.3487024992288,0.0 -48.7896346,-27.3489818992288,0.0 -48.7896794,-27.3491406992288,0.0 -48.7897701,-27.3493003992288,0.0 -48.7900132,-27.3494870992287,0.0 -48.7902318,-27.3495821992288,0.0 -48.7903904,-27.3495881992287,0.0 -48.790616,-27.3496153992287,0.0 -48.7907757,-27.3496515992287,0.0 -48.7909408,-27.3497436992287,0.0 -48.7911057,-27.3499168992287,0.0 -48.7913169,-27.3500918992287,0.0 -48.79162,-27.3503510992287,0.0 -48.7918591,-27.3505861992287,0.0 -48.792048,-27.3507139992287,0.0 -48.7921345,-27.3507460992287,0.0 -48.7922629,-27.3507849992287,0.0 -48.7923679,-27.3508315992287,0.0 -48.7924534,-27.3509171992287,0.0 -48.7924962,-27.3509754992287,0.0 -48.7925234,-27.3510454992287,0.0 -48.7925584,-27.3511348992287,0.0 -48.7925662,-27.3511886992287,0.0 -48.7925429,-27.3512955992287,0.0 -48.7924612,-27.3514297992287,0.0 -48.7923698,-27.3515230992287,0.0 -48.7922843,-27.3515833992287,0.0 -48.7922026,-27.3516436992287,0.0 -48.7921482,-27.3516922992287,0.0 -48.7921229,-27.3517369992287,0.0 -48.7921132,-27.3517991992287,0.0 -48.7921209,-27.3518652992287,0.0 -48.7921268,-27.3519634992287,0.0 -48.7921423,-27.3520995992287,0.0 -48.7921501,-27.3521773992287,0.0 -48.7921695,-27.3522512992287,0.0 -48.792189,-27.3522823992287,0.0 -48.7922357,-27.3523367992287,0.0 -48.7922979,-27.3523815992287,0.0 -48.7923873,-27.3524281992287,0.0 -48.7925079,-27.3524903992287,0.0 -48.7926129,-27.3525409992287,0.0 -48.792679,-27.3525992992287,0.0 -48.7927334,-27.3527042992287,0.0 -48.7927645,-27.3528209992287,0.0 -48.7927801,-27.3529414992287,0.0 -48.7927956,-27.3530309992287,0.0 -48.792819,-27.3530776992287,0.0 -48.7928569,-27.3530902992287,0.0 -48.7928817,-27.3530926992287,0.0 -48.7929065,-27.3530951992287,0.0 -48.7929885,-27.3530932992287,0.0 -48.7932156,-27.3531067992287,0.0 -48.7934198,-27.3531194992287,0.0 -48.7935919,-27.3531993992287,0.0 -48.7938263,-27.3533529992287,0.0 -48.7939501,-27.3534705992287,0.0 -48.794248,-27.3537210992287,0.0 -48.7943596,-27.3537968992287,0.0 -48.7944488,-27.3538756992287,0.0 -48.7945667,-27.3539285992287,0.0 -48.7946924,-27.3538968992287,0.0 -48.7947621,-27.3537886992287,0.0 -48.794898,-27.3535070992287,0.0 -48.7949817,-27.3533198992287,0.0 -48.7950468,-27.3532440992287,0.0 -48.7951682,-27.3532090992287,0.0 -48.7953056,-27.3532217992287,0.0 -48.7954328,-27.3532867992287,0.0 -48.7956495,-27.3534560992287,0.0 -48.795837,-27.3535809992287,0.0 -48.7959585,-27.3536704992287,0.0 -48.7962556,-27.3538572992287,0.0 -48.7964817,-27.3540483992287,0.0 -48.7966182,-27.3542566992287,0.0 -48.7966681,-27.3547499992286,0.0 -48.7967278,-27.3550219992286,0.0 -48.7966934,-27.3554193992286,0.0 -48.7966445,-27.3556213992286,0.0 -48.7966474,-27.3557922992286,0.0 -48.796712,-27.3559161992286,0.0 -48.79679,-27.3559878992286,0.0 -48.7969137,-27.3560926992286,0.0 -48.7971743,-27.3563407992286,0.0 -48.7974511,-27.3565911992286,0.0 -48.7976066,-27.3566650992286,0.0 -48.7977195,-27.3567957992286,0.0 -48.7978438,-27.3567972992286,0.0 -48.7980399,-27.3568271992286,0.0 -48.7982284,-27.3568659992286,0.0 -48.7984749,-27.3568862992286,0.0 -48.7986298,-27.3569096992286,0.0 -48.7989266,-27.3569403992286,0.0 -48.799125,-27.3569236992286,0.0 -48.7992908,-27.3569213992286,0.0 -48.7995928,-27.3569436992286,0.0 -48.7997975,-27.3570188992286,0.0 -48.800038,-27.3571969992286,0.0 -48.8002395,-27.3573165992286,0.0 -48.8005083,-27.3574519992286,0.0 -48.8005936,-27.3576741992286,0.0 -48.8006247,-27.3579371992286,0.0 -48.8006489,-27.3582930992286,0.0 -48.8011803,-27.3577188992286,0.0 -48.801381,-27.3575972992286,0.0 -48.8016606,-27.3573857992286,0.0 -48.8017995,-27.3572121992286,0.0 -48.8021619,-27.3569576992286,0.0 -48.8024327,-27.3567639992286,0.0 -48.8025672,-27.3563461992286,0.0 -48.8025553,-27.3560553992286,0.0 -48.8024161,-27.3557526992286,0.0 -48.8022823,-27.3554959992286,0.0 -48.8020817,-27.3552490992286,0.0 -48.8018805,-27.3551014992286,0.0 -48.8016069,-27.3548991992286,0.0 -48.8013007,-27.3546700992286,0.0 -48.8009198,-27.3544860992287,0.0 -48.8006958,-27.3543196992287,0.0 -48.8005747,-27.3542265992287,0.0 -48.8004694,-27.3541140992287,0.0 -48.8004075,-27.3540195992287,0.0 -48.8003281,-27.3538258992287,0.0 -48.8002688,-27.3536755992287,0.0 -48.8002078,-27.3535644992287,0.0 -48.8002042,-27.3535579992287,0.0 -48.8001268,-27.3534794992287,0.0 -48.8001057,-27.3534588992287,0.0 -48.7999817,-27.3533522992287,0.0 -48.7999263,-27.3532745992287,0.0 -48.7998728,-27.3531574992287,0.0 -48.7997087,-27.3528058992287,0.0 -48.799617,-27.3527168992287,0.0 -48.7992888,-27.3525631992287,0.0 -48.7987611,-27.3523428992287,0.0 -48.7983929,-27.3521778992287,0.0 -48.7981275,-27.3520231992287,0.0 -48.7979077,-27.3518373992287,0.0 -48.7977008,-27.3516124992287,0.0 -48.7975205,-27.3513688992287,0.0 -48.7974332,-27.3511787992287,0.0 -48.7974068,-27.3511211992287,0.0 -48.79737,-27.3508829992287,0.0 -48.7973583,-27.3507448992287,0.0 -48.7973462,-27.3506023992287,0.0 -48.7973747,-27.3503072992287,0.0 -48.7974366,-27.3499279992287,0.0 -48.7974607,-27.3497281992287,0.0 -48.7974648,-27.3496947992287,0.0 -48.7975019,-27.3493973992288,0.0 -48.7975233,-27.3491743992288,0.0 -48.7975132,-27.3490746992288,0.0 -48.797498,-27.3489266992288,0.0 -48.7974822,-27.3485542992288,0.0 -48.7974556,-27.3481781992288,0.0 -48.7974624,-27.3479444992288,0.0 -48.797468,-27.3477541992288,0.0 -48.7974705,-27.3472245992288,0.0 -48.7974556,-27.3465955992288,0.0 -48.7974388,-27.3464830992288,0.0 -48.7973543,-27.3463186992288,0.0 -48.797351,-27.3463146992288,0.0 -48.7971522,-27.3460709992288,0.0 -48.7969076,-27.3457854992288,0.0 -48.7966655,-27.3455231992288,0.0 -48.7964694,-27.3452757992288,0.0 -48.7964533,-27.3452553992288,0.0 -48.7963624,-27.3450709992288,0.0 -48.7963186,-27.3449512992288,0.0 -48.7962709,-27.3448207992288,0.0 -48.796222,-27.3444471992288,0.0 -48.7962433,-27.3439906992289,0.0 -48.7963095,-27.3435912992289,0.0 -48.7963355,-27.3434346992289,0.0 -48.7964072,-27.3432399992289,0.0 -48.7964721,-27.3431140992289,0.0 -48.7966555,-27.3427358992289,0.0 -48.7967926,-27.3424810992289,0.0 -48.7968966,-27.3423862992289,0.0 -48.7970553,-27.3422999992289,0.0 -48.7976478,-27.3419995992289,0.0 -48.797796,-27.3419117992289,0.0 -48.7977994,-27.3419097992289,0.0 -48.7978745,-27.3418006992289,0.0 -48.7979574,-27.3416030992289,0.0 -48.7980681,-27.3412814992289,0.0 -48.7980853,-27.3412392992289,0.0 -48.7982513,-27.3408309992289,0.0 -48.7983397,-27.3404360992289,0.0 -48.7983872,-27.3401285992289,0.0 -48.7984088,-27.3400350992289,0.0 -48.7984241,-27.3399686992289,0.0 -48.7984993,-27.3398537992289,0.0 -48.7988502,-27.3394557992289,0.0 -48.7990716,-27.339087899229,0.0 -48.7991295,-27.339004599229,0.0 -48.7991816,-27.3389296992289,0.0 -48.7993899,-27.338491299229,0.0 -48.7994511,-27.338365899229,0.0 -48.799489,-27.338287999229,0.0 -48.7995386,-27.338186299229,0.0 -48.79974,-27.337734999229,0.0 -48.7998273,-27.337573399229,0.0 -48.7998807,-27.337474699229,0.0 -48.7999785,-27.337207399229,0.0 -48.799987,-27.337120199229,0.0 -48.799996,-27.337028499229,0.0 -48.8000024,-27.336663999229,0.0 -48.7998752,-27.336163299229,0.0 -48.7998316,-27.335791599229,0.0 -48.7998339,-27.335659899229,0.0 -48.7998343,-27.335638099229,0.0 -48.7999376,-27.335466899229,0.0 -48.8002676,-27.335036499229,0.0 -48.8005594,-27.334733599229,0.0 -48.8007998,-27.334506699229,0.0 -48.8010045,-27.334272899229,0.0 -48.8010886,-27.334138999229,0.0 -48.8011519,-27.3340382992291,0.0 -48.8012062,-27.333802299229,0.0 -48.8012124,-27.333450599229,0.0 -48.8011924,-27.333335399229,0.0 -48.8011734,-27.3332261992291,0.0 -48.8010987,-27.3329947992291,0.0 -48.8009526,-27.3327496992291,0.0 -48.8008825,-27.3326581992291,0.0 -48.8006305,-27.3323293992291,0.0 -48.8005,-27.3320140992291,0.0 -48.8004213,-27.3316035992291,0.0 -48.8003567,-27.3312059992291,0.0 -48.8002768,-27.3308658992291,0.0 -48.8001597,-27.3306018992291,0.0 -48.8001034,-27.3305285992291,0.0 -48.7999216,-27.3302914992291,0.0 -48.7996205,-27.3299034992291,0.0 -48.7994181,-27.3295999992291,0.0 -48.7992503,-27.3293672992291,0.0 -48.7990271,-27.3292192992291,0.0 -48.7989742,-27.3291842992291,0.0 -48.7985636,-27.3289098992291,0.0 -48.7985568,-27.3289048992291,0.0 -48.7984476,-27.3288247992291,0.0 -48.7983232,-27.3287337992291,0.0 -48.7978166,-27.3282212992291,0.0 -48.7976098,-27.3280677992292,0.0 -48.7974914,-27.3279799992292,0.0 -48.7972503,-27.3278421992292,0.0 -48.797115,-27.3277955992292,0.0 -48.7967647,-27.3277585992292,0.0 -48.7963673,-27.3277403992292,0.0 -48.796225,-27.3276513992292,0.0 -48.7961981,-27.3276291992292,0.0 -48.7960518,-27.3275085992292,0.0 -48.7959156,-27.3273563992292,0.0 -48.7958931,-27.3273215992292,0.0 -48.7957687,-27.3271291992292,0.0 -48.7957513,-27.3271021992292,0.0 -48.7956405,-27.3268115992292,0.0 -48.7955606,-27.3265747992292,0.0 -48.7954897,-27.3262325992292,0.0 -48.7954114,-27.3258334992292,0.0 -48.7954012,-27.3257790992292,0.0 -48.7953686,-27.3256052992292,0.0 -48.7952964,-27.3254646992292,0.0 -48.7952145,-27.3253600992292,0.0 -48.7951718,-27.3253214992292,0.0 -48.794997,-27.3251635992292,0.0 -48.7947493,-27.3249731992292,0.0 -48.7945952,-27.3248381992292,0.0 -48.7945761,-27.3248213992292,0.0 -48.7945607,-27.3247973992292,0.0 -48.7945281,-27.3247465992292,0.0 -48.7944936,-27.3246656992292,0.0 -48.794493,-27.3246025992292,0.0 -48.7945177,-27.3243979992292,0.0 -48.7945168,-27.3243077992292,0.0 -48.7945156,-27.3241935992292,0.0 -48.7944659,-27.3239564992292,0.0 -48.7944285,-27.3237893992292,0.0 -48.7944236,-27.3237674992292,0.0 -48.7944225,-27.3236652992292,0.0 -48.7944247,-27.3235599992292,0.0 -48.79448,-27.3233731992292,0.0 -48.7945586,-27.3231680992293,0.0 -48.7946274,-27.3229900992293,0.0 -48.7946793,-27.3228507992293,0.0 -48.7947027,-27.3227880992293,0.0 -48.7947219,-27.3226976992293,0.0 -48.7947143,-27.3226135992293,0.0 -48.7946521,-27.3224607992293,0.0 -48.7945725,-27.3222764992293,0.0 -48.7945279,-27.3221732992293,0.0 -48.7945137,-27.3220390992293,0.0 -48.7945129,-27.3220320992293,0.0 -48.7945102,-27.3217765992293,0.0 -48.7944696,-27.3213753992293,0.0 -48.7944618,-27.3212982992293,0.0 -48.7944463,-27.3211457992293,0.0 -48.7944408,-27.3209413992293,0.0 -48.7943972,-27.3206321992293,0.0 -48.7943716,-27.3203522992293,0.0 -48.7943667,-27.3202986992293,0.0 -48.7943639,-27.3200281992293,0.0 -48.7943579,-27.3197816992293,0.0 -48.7943486,-27.3197301992293,0.0 -48.7943293,-27.3196225992293,0.0 -48.7943353,-27.3195563992293,0.0 -48.7943581,-27.3194870992293,0.0 -48.7944112,-27.3194144992293,0.0 -48.7944981,-27.3193505992293,0.0 -48.7946053,-27.3193075992293,0.0 -48.7950373,-27.3190979992293,0.0 -48.7950577,-27.3190881992293,0.0 -48.7951125,-27.3190619992293,0.0 -48.7951664,-27.3190245992293,0.0 -48.7952342,-27.3189677992293,0.0 -48.7952912,-27.3188861992293,0.0 -48.7952942,-27.3188019992293,0.0 -48.7952542,-27.3186685992293,0.0 -48.7951539,-27.3185066992293,0.0 -48.7950903,-27.3182996992293,0.0 -48.7950664,-27.3180677992293,0.0 -48.7950616,-27.3180423992293,0.0 -48.7949912,-27.3176655992294,0.0 -48.7949865,-27.3175483992294,0.0 -48.7950243,-27.3174529992294,0.0 -48.7950354,-27.3174249992294,0.0 -48.795163,-27.3172674992294,0.0 -48.7953042,-27.3170943992294,0.0 -48.7953199,-27.3170751992294,0.0 -48.7955528,-27.3168027992294,0.0 -48.7955749,-27.3167700992294,0.0 -48.7957356,-27.3165321992294,0.0 -48.7957944,-27.3164450992294,0.0 -48.7959609,-27.3161282992294,0.0 -48.7960457,-27.3158574992294,0.0 -48.7960564,-27.3157474992294,0.0 -48.796067,-27.3156374992294,0.0 -48.7960823,-27.3154395992294,0.0 -48.7961109,-27.3152023992294,0.0 -48.7961143,-27.3150012992294,0.0 -48.7962487,-27.3147717992294,0.0 -48.7963823,-27.3145274992294,0.0 -48.7964193,-27.3144912992294,0.0 -48.7964664,-27.3144451992294,0.0 -48.7966436,-27.3143414992294,0.0 -48.7967933,-27.3142900992294,0.0 -48.7968041,-27.3142863992294,0.0 -48.7970466,-27.3142004992294,0.0 -48.7972171,-27.3141162992294,0.0 -48.7973307,-27.3140589992294,0.0 -48.7975896,-27.3138651992294,0.0 -48.7977611,-27.3136735992294,0.0 -48.7979338,-27.3133064992294,0.0 -48.7979996,-27.3130722992294,0.0 -48.7980187,-27.3128542992294,0.0 -48.7979929,-27.3126714992294,0.0 -48.7978807,-27.3124526992295,0.0 -48.797871,-27.3123834992295,0.0 -48.7978417,-27.3121757992295,0.0 -48.7978248,-27.3120550992295,0.0 -48.7978317,-27.3119165992295,0.0 -48.7979112,-27.3117622992295,0.0 -48.7980644,-27.3115981992295,0.0 -48.7982724,-27.3114296992295,0.0 -48.7984684,-27.3113075992295,0.0 -48.7985772,-27.3111956992295,0.0 -48.7986202,-27.3111141992295,0.0 -48.7986324,-27.3110910992295,0.0 -48.7986726,-27.3109015992295,0.0 -48.7987202,-27.3107701992295,0.0 -48.7987689,-27.3107117992295,0.0 -48.7988336,-27.3106630992295,0.0 -48.7989668,-27.3106092992295,0.0 -48.7990132,-27.3105905992295,0.0 -48.7993107,-27.3104869992295,0.0 -48.799445,-27.3104726992295,0.0 -48.7995196,-27.3104909992295,0.0 -48.7995708,-27.3105147992295,0.0 -48.799677,-27.3105732992295,0.0 -48.7997821,-27.3106358992295,0.0 -48.7998856,-27.3106804992295,0.0 -48.7999938,-27.3106958992295,0.0 -48.8001358,-27.3106783992295,0.0 -48.8002346,-27.3106428992295,0.0 -48.8006052,-27.3105054992295,0.0 -48.800771,-27.3104221992295,0.0 -48.8008884,-27.3103350992295,0.0 -48.8009282,-27.3102789992295,0.0 -48.801215,-27.3099271992295,0.0 -48.8012826,-27.3097901992295,0.0 -48.8013466,-27.3096081992295,0.0 -48.8013824,-27.3094598992295,0.0 -48.8013911,-27.3093033992295,0.0 -48.8014054,-27.3090754992295,0.0 -48.8013692,-27.3088447992295,0.0 -48.8012025,-27.3083155992295,0.0 -48.8011423,-27.3081455992295,0.0 -48.8011363,-27.3080595992295,0.0 -48.8011695,-27.3078973992295,0.0 -48.8012962,-27.3076005992295,0.0 -48.8013211,-27.3074605992295,0.0 -48.8013208,-27.3074285992295,0.0 -48.8013202,-27.3073222992296,0.0 -48.8012953,-27.3072075992296,0.0 -48.8012597,-27.3071422992296,0.0 -48.8011956,-27.3070656992296,0.0 -48.8010769,-27.3069633992296,0.0 -48.800909,-27.3068701992296,0.0 -48.8006077,-27.3066411992296,0.0 -48.8005437,-27.3065924992296,0.0 -48.8003302,-27.3063641992296,0.0 -48.8002029,-27.3062038992296,0.0 -48.8001115,-27.3060757992296,0.0 -48.8000625,-27.3059777992296,0.0 -48.799995,-27.3057899992296,0.0 -48.7998495,-27.3054386992296,0.0 -48.7997144,-27.3050209992296,0.0 -48.7995534,-27.3043812992296,0.0 -48.7994038,-27.3036742992296,0.0 -48.7993284,-27.3034495992296,0.0 -48.7992633,-27.3033037992296,0.0 -48.7992057,-27.3032159992296,0.0 -48.7991287,-27.3031567992296,0.0 -48.7990855,-27.3031397992296,0.0 -48.7990292,-27.3031320992296,0.0 -48.7989249,-27.3031346992296,0.0 -48.7988302,-27.3031559992296,0.0 -48.7988033,-27.3031682992296,0.0 -48.798652,-27.3032375992296,0.0 -48.7984674,-27.3033292992296,0.0 -48.7983204,-27.3034030992296,0.0 -48.798248,-27.3034198992296,0.0 -48.7982144,-27.3034206992296,0.0 -48.7980276,-27.3033681992296,0.0 -48.7976632,-27.3031955992296,0.0 -48.7974955,-27.3031405992296,0.0 -48.7973931,-27.3030832992296,0.0 -48.7973677,-27.3030448992296,0.0 -48.797365,-27.3030202992296,0.0 -48.797375,-27.3029926992296,0.0 -48.7973973,-27.3029743992296,0.0 -48.7974415,-27.3029552992296,0.0 -48.7975107,-27.3029455992296,0.0 -48.7976007,-27.3029443992296,0.0 -48.7977133,-27.3029472992296,0.0 -48.7977513,-27.3029423992296,0.0 -48.7977781,-27.3029263992296,0.0 -48.7977939,-27.3029059992296,0.0 -48.7978002,-27.3028680992296,0.0 -48.7977976,-27.3028200992296,0.0 -48.7977779,-27.3027741992296,0.0 -48.7977405,-27.3027246992296,0.0 -48.7976829,-27.3026759992296,0.0 -48.7976277,-27.3026419992296,0.0 -48.7975753,-27.3026011992296,0.0 -48.7975057,-27.3025514992296,0.0 -48.7974433,-27.3025135992296,0.0 -48.7973829,-27.3024927992296,0.0 -48.7973143,-27.3024743992296,0.0 -48.7972555,-27.3024714992296,0.0 -48.7972033,-27.3024743992296,0.0 -48.797132,-27.3024624992296,0.0 -48.797063,-27.3024314992296,0.0 -48.7968529,-27.3023050992296,0.0 -48.7968102,-27.3022907992296,0.0 -48.7967579,-27.3022916992296,0.0 -48.7966038,-27.3022974992296,0.0 -48.7965229,-27.3022927992296,0.0 -48.7964663,-27.3022741992296,0.0 -48.7964369,-27.3022531992296,0.0 -48.7964158,-27.3022122992296,0.0 -48.7963994,-27.3021292992297,0.0 -48.7963877,-27.3019532992297,0.0 -48.7963992,-27.3018641992297,0.0 -48.7964168,-27.3018166992297,0.0 -48.7964459,-27.3017675992297,0.0 -48.7965628,-27.3016311992297,0.0 -48.7966978,-27.3014890992297,0.0 -48.7967341,-27.3014420992297,0.0 -48.7967633,-27.3013832992297,0.0 -48.7967808,-27.3013210992297,0.0 -48.7967992,-27.3012512992297,0.0 -48.7968251,-27.3011821992297,0.0 -48.7968477,-27.3011258992297,0.0 -48.7968624,-27.3010814992297,0.0 -48.796865,-27.3010306992297,0.0 -48.796856,-27.3009947992297,0.0 -48.7968387,-27.3009778992297,0.0 -48.7968078,-27.3009705992297,0.0 -48.7967611,-27.3009834992297,0.0 -48.7967112,-27.3010120992297,0.0 -48.7966606,-27.3010316992297,0.0 -48.7965835,-27.3010388992297,0.0 -48.7965177,-27.3010254992297,0.0 -48.7964867,-27.3010014992297,0.0 -48.7964656,-27.3009586992297,0.0 -48.7964264,-27.3007178992297,0.0 -48.7964123,-27.3005139992297,0.0 -48.7964062,-27.3004002992297,0.0 -48.7964268,-27.3003039992297,0.0 -48.7964518,-27.3002178992297,0.0 -48.7965038,-27.3001214992297,0.0 -48.7965199,-27.3000750992297,0.0 -48.7965164,-27.3000327992297,0.0 -48.7964999,-27.2999937992297,0.0 -48.7964704,-27.2999577992297,0.0 -48.7964347,-27.2999405992297,0.0 -48.7964018,-27.2999403992297,0.0 -48.7963686,-27.2999548992297,0.0 -48.7963543,-27.2999735992297,0.0 -48.7963424,-27.3000022992297,0.0 -48.7963048,-27.3000425992297,0.0 -48.7962459,-27.3000703992297,0.0 -48.7961871,-27.3000791992297,0.0 -48.796111,-27.3000840992297,0.0 -48.7960442,-27.3000743992297,0.0 -48.7959952,-27.3000461992297,0.0 -48.7959852,-27.3000143992297,0.0 -48.7959836,-27.2999729992297,0.0 -48.7960124,-27.2998287992297,0.0 -48.7961003,-27.2996059992297,0.0 -48.7961357,-27.2995569992297,0.0 -48.7961899,-27.2995192992297,0.0 -48.7962541,-27.2994926992297,0.0 -48.796308,-27.2994709992297,0.0 -48.7963272,-27.2994535992297,0.0 -48.7963381,-27.2994292992297,0.0 -48.7963371,-27.2994085992297,0.0 -48.796328,-27.2993917992297,0.0 -48.7962631,-27.2992978992297,0.0 -48.7961809,-27.2991644992297,0.0 -48.7961777,-27.2991430992297,0.0 -48.7961779,-27.2991323992297,0.0 -48.7962307,-27.2989849992297,0.0 -48.7962329,-27.2989498992297,0.0 -48.7961953,-27.2986460992297,0.0 -48.7961989,-27.2986277992297,0.0 -48.796206,-27.2986064992297,0.0 -48.7963469,-27.2985223992297,0.0 -48.7963574,-27.2985025992297,0.0 -48.7963576,-27.2984827992297,0.0 -48.7962226,-27.2983458992297,0.0 -48.7960603,-27.2982040992297,0.0 -48.796052,-27.2981825992297,0.0 -48.796054,-27.2981566992297,0.0 -48.7960713,-27.2981400992297,0.0 -48.7964469,-27.2979848992297,0.0 -48.7964625,-27.2979621992297,0.0 -48.7964748,-27.2979362992297,0.0 -48.7964698,-27.2979209992297,0.0 -48.7964359,-27.2979008992297,0.0 -48.796412,-27.2978991992297,0.0 -48.7964018,-27.2978990992297,0.0 -48.7963916,-27.2978943992297,0.0 -48.7963731,-27.2978728992297,0.0 -48.7963562,-27.2978559992297,0.0 -48.7963511,-27.2978512992297,0.0 -48.7963223,-27.2978312992297,0.0 -48.7962731,-27.2978048992297,0.0 -48.7962492,-27.2978061992297,0.0 -48.7962388,-27.2978182992297,0.0 -48.7962332,-27.2978578992297,0.0 -48.7962312,-27.2978883992297,0.0 -48.7962207,-27.2979141992297,0.0 -48.7962137,-27.2979278992297,0.0 -48.7961948,-27.2979337992297,0.0 -48.7961846,-27.2979336992297,0.0 -48.7961692,-27.2979335992297,0.0 -48.7961573,-27.2979288992297,0.0 -48.7961523,-27.2979227992297,0.0 -48.7961373,-27.2978905992297,0.0 -48.7961376,-27.2978600992297,0.0 -48.7961943,-27.2976775992297,0.0 -48.7962064,-27.2976639992297,0.0 -48.7962213,-27.2976522992297,0.0 -48.796238,-27.2976407992297,0.0 -48.7962467,-27.2976371992297,0.0 -48.7962735,-27.2976379992297,0.0 -48.7962951,-27.2976452992297,0.0 -48.7963148,-27.2976657992297,0.0 -48.7963394,-27.2976892992297,0.0 -48.7963651,-27.2977016992297,0.0 -48.7964087,-27.2976970992297,0.0 -48.796491,-27.2976782992297,0.0 -48.7966046,-27.2976530992297,0.0 -48.7966532,-27.2976478992297,0.0 -48.7967095,-27.2976749992297,0.0 -48.7968185,-27.2977533992297,0.0 -48.7968501,-27.2977547992297,0.0 -48.7968728,-27.2977454992297,0.0 -48.7968942,-27.2977241992297,0.0 -48.7969307,-27.2976231992297,0.0 -48.7969302,-27.2975500992297,0.0 -48.7969301,-27.2975286992297,0.0 -48.7968965,-27.2974779992297,0.0 -48.7968304,-27.2974362992297,0.0 -48.7967895,-27.2974282992297,0.0 -48.7967332,-27.2974246992297,0.0 -48.7966991,-27.2974228992297,0.0 -48.7966814,-27.2973996992297,0.0 -48.7966893,-27.2973764992297,0.0 -48.7967046,-27.2973534992297,0.0 -48.7967425,-27.2972996992297,0.0 -48.7969001,-27.2971592992297,0.0 -48.7969174,-27.2971350992297,0.0 -48.7969246,-27.2971091992297,0.0 -48.7969541,-27.2968289992297,0.0 -48.7969084,-27.2967261992297,0.0 -48.7968478,-27.2966478992298,0.0 -48.7968072,-27.2966169992297,0.0 -48.7967767,-27.2965953992298,0.0 -48.7967616,-27.2965738992298,0.0 -48.796755,-27.2965555992298,0.0 -48.7967508,-27.2965251992298,0.0 -48.796759,-27.2965028992298,0.0 -48.7967852,-27.2964781992298,0.0 -48.796815,-27.2964519992297,0.0 -48.7968453,-27.2964247992298,0.0 -48.7968758,-27.2964214992298,0.0 -48.7969085,-27.2964278992297,0.0 -48.7969338,-27.2964479992298,0.0 -48.7969599,-27.2964531992297,0.0 -48.7970155,-27.2964627992298,0.0 -48.7970686,-27.2964631992298,0.0 -48.797108,-27.2964588992298,0.0 -48.7971339,-27.2964491992297,0.0 -48.7971446,-27.2964340992298,0.0 -48.7971602,-27.2964137992298,0.0 -48.7971798,-27.2963947992298,0.0 -48.7971986,-27.2963778992298,0.0 -48.7972259,-27.2963565992298,0.0 -48.7972615,-27.2963313992298,0.0 -48.7972932,-27.2963059992298,0.0 -48.7973135,-27.2962886992298,0.0 -48.7973264,-27.2962644992298,0.0 -48.7973353,-27.2962339992298,0.0 -48.7973477,-27.2962050992298,0.0 -48.7973531,-27.2961915992298,0.0 -48.7973598,-27.2961750992298,0.0 -48.797368,-27.2961552992298,0.0 -48.7973745,-27.2961386992298,0.0 -48.7973803,-27.2961248992298,0.0 -48.7973861,-27.2961093992298,0.0 -48.797392,-27.2960949992298,0.0 -48.7973987,-27.2960798992298,0.0 -48.7974107,-27.2960617992298,0.0 -48.797424,-27.2960412992298,0.0 -48.7974415,-27.2960185992298,0.0 -48.7974516,-27.2960046992298,0.0 -48.797473,-27.2959745992298,0.0 -48.7974944,-27.2959395992298,0.0 -48.7975161,-27.2959049992298,0.0 -48.7975345,-27.2958775992298,0.0 -48.7975572,-27.2958423992298,0.0 -48.79757,-27.2958164992298,0.0 -48.7975802,-27.2957795992298,0.0 -48.797576,-27.2957567992298,0.0 -48.797569,-27.2957340992298,0.0 -48.797551,-27.2957169992298,0.0 -48.7975327,-27.2956992992298,0.0 -48.7975126,-27.2956787992298,0.0 -48.7975047,-27.2956701992298,0.0 -48.7974968,-27.2956616992298,0.0 -48.7974824,-27.2956435992298,0.0 -48.7974575,-27.2956205992298,0.0 -48.7974345,-27.2955980992298,0.0 -48.7974137,-27.2955761992298,0.0 -48.7973905,-27.2955497992298,0.0 -48.7973667,-27.2955247992298,0.0 -48.7973444,-27.2955010992298,0.0 -48.7973168,-27.2954693992298,0.0 -48.7973045,-27.2954551992298,0.0 -48.7972777,-27.2954300992298,0.0 -48.7972649,-27.2954161992298,0.0 -48.7972522,-27.2954021992298,0.0 -48.7972319,-27.2953800992298,0.0 -48.7972142,-27.2953678992298,0.0 -48.7971911,-27.2953532992298,0.0 -48.7971562,-27.2953367992298,0.0 -48.7971191,-27.2953208992298,0.0 -48.7970819,-27.2953133992298,0.0 -48.7970349,-27.2953134992298,0.0 -48.7969934,-27.2953244992298,0.0 -48.7969406,-27.2953455992298,0.0 -48.7969103,-27.2953557992298,0.0 -48.7968663,-27.2953716992298,0.0 -48.7968338,-27.2953834992298,0.0 -48.7967911,-27.2953932992298,0.0 -48.7967561,-27.2953910992298,0.0 -48.7967296,-27.2953823992298,0.0 -48.7967055,-27.2953572992298,0.0 -48.7966877,-27.2953203992298,0.0 -48.796671,-27.2952798992298,0.0 -48.796654,-27.2952395992298,0.0 -48.796639,-27.2952021992298,0.0 -48.7966264,-27.2951667992298,0.0 -48.7966126,-27.2951309992298,0.0 -48.7965937,-27.2950993992298,0.0 -48.7965726,-27.2950660992298,0.0 -48.7965621,-27.2950472992298,0.0 -48.7965553,-27.2950266992298,0.0 -48.7965524,-27.2950009992298,0.0 -48.7965555,-27.2949654992298,0.0 -48.7965635,-27.2949322992298,0.0 -48.7965769,-27.2949005992298,0.0 -48.7965886,-27.2948709992298,0.0 -48.7966024,-27.2948444992298,0.0 -48.7966113,-27.2948210992298,0.0 -48.7966185,-27.2947875992298,0.0 -48.79662,-27.2947565992298,0.0 -48.7966172,-27.2947158992298,0.0 -48.7966039,-27.2946695992298,0.0 -48.7965754,-27.2946309992298,0.0 -48.7965427,-27.2945884992298,0.0 -48.7965114,-27.2945476992298,0.0 -48.7964866,-27.2945221992298,0.0 -48.7964661,-27.2944982992298,0.0 -48.7964572,-27.2944719992298,0.0 -48.7964593,-27.2944421992298,0.0 -48.79647,-27.2944097992298,0.0 -48.7964839,-27.2943734992298,0.0 -48.7965002,-27.2943302992298,0.0 -48.7965171,-27.2942922992298,0.0 -48.7965296,-27.2942572992298,0.0 -48.7965448,-27.2942154992298,0.0 -48.7965593,-27.2941697992298,0.0 -48.7965707,-27.2941426992298,0.0 -48.7965819,-27.2941182992298,0.0 -48.7965951,-27.2940860992298,0.0 -48.7966066,-27.2940601992298,0.0 -48.7966212,-27.2940268992298,0.0 -48.7966348,-27.2939975992298,0.0 -48.7966518,-27.2939642992298,0.0 -48.7966682,-27.2939291992298,0.0 -48.7966785,-27.2939030992298,0.0 -48.7966877,-27.2938770992298,0.0 -48.7966987,-27.2938518992298,0.0 -48.796714,-27.2938197992298,0.0 -48.7967238,-27.2937971992298,0.0 -48.7967361,-27.2937663992298,0.0 -48.7967529,-27.2937291992298,0.0 -48.7967669,-27.2937008992298,0.0 -48.7967766,-27.2936824992298,0.0 -48.7967837,-27.2936639992298,0.0 -48.7967987,-27.2936295992298,0.0 -48.796812,-27.2936009992298,0.0 -48.7968162,-27.2935812992298,0.0 -48.7968201,-27.2935554992298,0.0 -48.7968194,-27.2935282992298,0.0 -48.7968122,-27.2935073992298,0.0 -48.7967989,-27.2934869992298,0.0 -48.7967809,-27.2934635992298,0.0 -48.7967549,-27.2934471992298,0.0 -48.7967226,-27.2934344992298,0.0 -48.7966949,-27.2934264992298,0.0 -48.7966505,-27.2934186992298,0.0 -48.7966158,-27.2934172992298,0.0 -48.7965821,-27.2934186992298,0.0 -48.7965478,-27.2934200992298,0.0 -48.7965022,-27.2934238992298,0.0 -48.7964449,-27.2934287992298,0.0 -48.79639,-27.2934317992298,0.0 -48.7963632,-27.2934353992298,0.0 -48.7963161,-27.2934405992298,0.0 -48.7962686,-27.2934451992298,0.0 -48.7962111,-27.2934489992298,0.0 -48.7961816,-27.2934457992298,0.0 -48.7961446,-27.2934400992298,0.0 -48.7961163,-27.2934282992298,0.0 -48.7960966,-27.2934069992298,0.0 -48.7960819,-27.2933761992298,0.0 -48.796074,-27.2933485992298,0.0 -48.7960749,-27.2933141992298,0.0 -48.7960768,-27.2932765992298,0.0 -48.7960788,-27.2932484992298,0.0 -48.7960803,-27.2932127992298,0.0 -48.79608,-27.2931882992298,0.0 -48.7960799,-27.2931602992298,0.0 -48.7960792,-27.2931403992298,0.0 -48.7960716,-27.2931249992298,0.0 -48.7960572,-27.2931170992298,0.0 -48.7960347,-27.2931126992298,0.0 -48.7960091,-27.2931118992298,0.0 -48.7959911,-27.2931138992298,0.0 -48.7959517,-27.2931218992298,0.0 -48.7959168,-27.2931283992298,0.0 -48.7958912,-27.2931341992298,0.0 -48.795875,-27.2931376992298,0.0 -48.7958526,-27.2931418992298,0.0 -48.7958269,-27.2931495992298,0.0 -48.7958069,-27.2931536992298,0.0 -48.7957798,-27.2931584992298,0.0 -48.795754,-27.2931637992298,0.0 -48.7957319,-27.2931681992298,0.0 -48.7957047,-27.2931707992298,0.0 -48.7956832,-27.2931677992298,0.0 -48.7956683,-27.2931608992298,0.0 -48.7956588,-27.2931511992298,0.0 -48.7956517,-27.2931390992298,0.0 -48.7956476,-27.2931177992298,0.0 -48.7956527,-27.2930972992298,0.0 -48.7956593,-27.2930758992298,0.0 -48.795667,-27.2930504992298,0.0 -48.7956725,-27.2930261992298,0.0 -48.7956778,-27.2930065992298,0.0 -48.7956842,-27.2929850992298,0.0 -48.7956895,-27.2929640992298,0.0 -48.7956964,-27.2929406992298,0.0 -48.795703,-27.2929198992298,0.0 -48.7957082,-27.2928974992298,0.0 -48.7957084,-27.2928783992298,0.0 -48.7957004,-27.2928610992298,0.0 -48.7956896,-27.2928538992298,0.0 -48.795671,-27.2928465992298,0.0 -48.7956424,-27.2928382992298,0.0 -48.7956211,-27.2928322992298,0.0 -48.795608,-27.2928281992298,0.0 -48.7955932,-27.2928237992298,0.0 -48.7955796,-27.2928197992298,0.0 -48.7955654,-27.2928131992298,0.0 -48.7955516,-27.2928026992298,0.0 -48.7955441,-27.2927941992298,0.0 -48.7955442,-27.2927859992298,0.0 -48.7955457,-27.2927763992298,0.0 -48.7955491,-27.2927681992298,0.0 -48.7955544,-27.2927612992298,0.0 -48.7955599,-27.2927576992298,0.0 -48.7955728,-27.2927528992298,0.0 -48.795594,-27.2927494992298,0.0 -48.7956315,-27.2927472992298,0.0 -48.7956723,-27.2927458992298,0.0 -48.7957019,-27.2927457992298,0.0 -48.7957324,-27.2927470992298,0.0 -48.7957575,-27.2927485992298,0.0 -48.7957794,-27.2927491992298,0.0 -48.7957983,-27.2927472992298,0.0 -48.7958143,-27.2927384992298,0.0 -48.7958335,-27.2927213992298,0.0 -48.795845,-27.2927012992298,0.0 -48.7958511,-27.2926783992298,0.0 -48.7958514,-27.2926482992298,0.0 -48.7958469,-27.2926203992298,0.0 -48.7958402,-27.2925943992298,0.0 -48.795826,-27.2925710992298,0.0 -48.7958131,-27.2925538992298,0.0 -48.7957949,-27.2925338992298,0.0 -48.7957759,-27.2925132992298,0.0 -48.7957581,-27.2924901992298,0.0 -48.7957352,-27.2924649992298,0.0 -48.7957144,-27.2924419992298,0.0 -48.7956945,-27.2924186992298,0.0 -48.7956813,-27.2924036992298,0.0 -48.7956645,-27.2923849992298,0.0 -48.7956449,-27.2923652992298,0.0 -48.7956226,-27.2923412992298,0.0 -48.7956029,-27.2923193992298,0.0 -48.7955784,-27.2922907992298,0.0 -48.7955554,-27.2922637992298,0.0 -48.7955393,-27.2922457992298,0.0 -48.7955204,-27.2922234992298,0.0 -48.7955008,-27.2922034992298,0.0 -48.7954793,-27.2921847992298,0.0 -48.7954542,-27.2921678992298,0.0 -48.7954341,-27.2921527992298,0.0 -48.7954144,-27.2921370992298,0.0 -48.795394,-27.2921205992298,0.0 -48.7953705,-27.2921044992298,0.0 -48.7953506,-27.2920898992298,0.0 -48.7953261,-27.2920734992298,0.0 -48.7952981,-27.2920563992298,0.0 -48.7952595,-27.2920327992298,0.0 -48.7952232,-27.2920078992298,0.0 -48.7951945,-27.2919887992298,0.0 -48.7951686,-27.2919708992298,0.0 -48.7951389,-27.2919518992298,0.0 -48.7951121,-27.2919327992298,0.0 -48.7950867,-27.2919180992298,0.0 -48.795055,-27.2918959992298,0.0 -48.7950294,-27.2918816992298,0.0 -48.7950037,-27.2918639992298,0.0 -48.79498,-27.2918489992298,0.0 -48.7949534,-27.2918327992298,0.0 -48.794938,-27.2918241992298,0.0 -48.7949295,-27.2918184992299,0.0 -48.794924,-27.2918089992298,0.0 -48.794921,-27.2917993992298,0.0 -48.7949208,-27.2917884992298,0.0 -48.7949215,-27.2917766992298,0.0 -48.7949263,-27.2917671992298,0.0 -48.7949338,-27.2917591992298,0.0 -48.7949625,-27.2917406992298,0.0 -48.7949781,-27.2917291992298,0.0 -48.7950002,-27.2917171992298,0.0 -48.7950179,-27.2917052992298,0.0 -48.7950301,-27.2916932992298,0.0 -48.795039,-27.2916800992298,0.0 -48.7950422,-27.2916694992299,0.0 -48.7950403,-27.2916572992298,0.0 -48.7950355,-27.2916470992298,0.0 -48.7950282,-27.2916381992299,0.0 -48.7950182,-27.2916295992299,0.0 -48.7949972,-27.2916154992298,0.0 -48.7949164,-27.2915667992298,0.0 -48.7948587,-27.2915299992298,0.0 -48.7948343,-27.2915132992298,0.0 -48.7948157,-27.2914991992299,0.0 -48.7948084,-27.2914928992299,0.0 -48.794797,-27.2914810992298,0.0 -48.7947925,-27.2914751992298,0.0 -48.794785,-27.2914627992299,0.0 -48.7947786,-27.2914485992298,0.0 -48.7947729,-27.2914327992299,0.0 -48.7947678,-27.2914157992298,0.0 -48.7947611,-27.2913889992299,0.0 -48.7947555,-27.2913624992299,0.0 -48.7947513,-27.2913389992299,0.0 -48.7947486,-27.2913164992299,0.0 -48.794749,-27.2913013992299,0.0 -48.7947501,-27.2912946992299,0.0 -48.7947523,-27.2912871992299,0.0 -48.7947592,-27.2912721992299,0.0 -48.7947675,-27.2912578992299,0.0 -48.7947795,-27.2912390992299,0.0 -48.7948691,-27.2911049992299,0.0 -48.7948997,-27.2910581992299,0.0 -48.7949294,-27.2910112992299,0.0 -48.7949554,-27.2909677992299,0.0 -48.7949664,-27.2909482992299,0.0 -48.7949759,-27.2909300992299,0.0 -48.794992,-27.2908962992299,0.0 -48.7950054,-27.2908633992299,0.0 -48.7950181,-27.2908282992299,0.0 -48.7950383,-27.2907682992299,0.0 -48.7950642,-27.2906865992299,0.0 -48.795077,-27.2906435992299,0.0 -48.7950866,-27.2906090992299,0.0 -48.7950936,-27.2905769992299,0.0 -48.7950958,-27.2905597992299,0.0 -48.795096,-27.2905449992299,0.0 -48.7950952,-27.2905382992299,0.0 -48.7950919,-27.2905254992299,0.0 -48.7950859,-27.2905130992299,0.0 -48.7950768,-27.2904999992299,0.0 -48.7950633,-27.2904848992299,0.0 -48.7950545,-27.2904761992299,0.0 -48.7950316,-27.2904553992299,0.0 -48.7950006,-27.2904289992299,0.0 -48.7949727,-27.2904058992299,0.0 -48.7949448,-27.2903826992299,0.0 -48.794889,-27.2903363992299,0.0 -48.7948753,-27.2903244992299,0.0 -48.7948616,-27.2903124992299,0.0 -48.7948435,-27.2902950992299,0.0 -48.7948327,-27.2902823992299,0.0 -48.7948292,-27.2902770992299,0.0 -48.7948246,-27.2902676992299,0.0 -48.7948217,-27.2902580992299,0.0 -48.7948209,-27.2902528992299,0.0 -48.7948206,-27.2902410992299,0.0 -48.7948214,-27.2902342992299,0.0 -48.7948247,-27.2902181992299,0.0 -48.7948309,-27.2901982992299,0.0 -48.7948442,-27.2901629992299,0.0 -48.7948604,-27.2901239992299,0.0 -48.794872,-27.2900972992299,0.0 -48.7948851,-27.2900695992299,0.0 -48.794901,-27.2900398992299,0.0 -48.7949103,-27.2900239992299,0.0 -48.7949326,-27.2899896992299,0.0 -48.7949592,-27.2899523992299,0.0 -48.7950755,-27.2897981992299,0.0 -48.7951016,-27.2897619992299,0.0 -48.7951263,-27.2897261992299,0.0 -48.7951496,-27.2896901992299,0.0 -48.7951715,-27.2896540992299,0.0 -48.7952023,-27.2896008992299,0.0 -48.7952395,-27.2895344992299,0.0 -48.79527,-27.2894785992299,0.0 -48.7952809,-27.2894565992299,0.0 -48.7952883,-27.2894394992299,0.0 -48.7952926,-27.2894262992299,0.0 -48.7952947,-27.2894117992299,0.0 -48.7952939,-27.2894002992299,0.0 -48.7952909,-27.2893902992299,0.0 -48.7952855,-27.2893815992299,0.0 -48.7952801,-27.2893762992299,0.0 -48.7952759,-27.2893735992299,0.0 -48.7952631,-27.2893670992299,0.0 -48.7952417,-27.2893585992299,0.0 -48.7951881,-27.2893399992299,0.0 -48.7949881,-27.2892740992299,0.0 -48.794925,-27.2892517992299,0.0 -48.7948905,-27.2892384992299,0.0 -48.794863,-27.2892264992299,0.0 -48.7948419,-27.2892154992299,0.0 -48.7948256,-27.2892046992299,0.0 -48.7948123,-27.2891933992299,0.0 -48.7948001,-27.2891808992299,0.0 -48.7947876,-27.2891651992299,0.0 -48.7947736,-27.2891437992299,0.0 -48.794757,-27.2891136992299,0.0 -48.7947248,-27.2890472992299,0.0 -48.7946328,-27.2888448992299,0.0 -48.7945953,-27.2887670992299,0.0 -48.7945703,-27.2887193992299,0.0 -48.7945441,-27.2886739992299,0.0 -48.7945303,-27.2886518992299,0.0 -48.7945012,-27.2886085992299,0.0 -48.7944703,-27.2885664992299,0.0 -48.7944541,-27.2885457992299,0.0 -48.7944204,-27.2885048992299,0.0 -48.7943849,-27.2884641992299,0.0 -48.7942821,-27.2883487992299,0.0 -48.7942067,-27.2882591992299,0.0 -48.7941021,-27.2881296992299,0.0 -48.7939786,-27.2879743992299,0.0 -48.793915,-27.2878925992299,0.0 -48.7938931,-27.2878663992299,0.0 -48.7938791,-27.2878522992299,0.0 -48.7938722,-27.2878461992299,0.0 -48.7938584,-27.2878359992299,0.0 -48.7938444,-27.2878278992299,0.0 -48.7938373,-27.2878245992299,0.0 -48.7938227,-27.2878193992299,0.0 -48.7937973,-27.2878135992299,0.0 -48.7937148,-27.2878012992299,0.0 -48.7936768,-27.2877949992299,0.0 -48.7936379,-27.2877872992299,0.0 -48.7936191,-27.2877828992299,0.0 -48.7936012,-27.2877781992299,0.0 -48.7935692,-27.2877676992299,0.0 -48.793555,-27.2877619992299,0.0 -48.7935297,-27.2877504992299,0.0 -48.7934886,-27.2877282992299,0.0 -48.7934554,-27.2877086992299,0.0 -48.7934329,-27.2876932992299,0.0 -48.7934109,-27.2876759992299,0.0 -48.7933911,-27.2876581992299,0.0 -48.7933761,-27.2876418992299,0.0 -48.7933669,-27.2876278992299,0.0 -48.7933633,-27.2876192992299,0.0 -48.7933615,-27.2876107992299,0.0 -48.7933609,-27.2876017992299,0.0 -48.7933613,-27.2875966992299,0.0 -48.7933635,-27.2875836992299,0.0 -48.7933682,-27.2875657992299,0.0 -48.7933758,-27.2875408992299,0.0 -48.7934661,-27.2872735992299,0.0 -48.7934865,-27.2872152992299,0.0 -48.793505,-27.2871646992299,0.0 -48.7935206,-27.2871253992299,0.0 -48.7935278,-27.2871090992299,0.0 -48.7935419,-27.2870806992299,0.0 -48.793566,-27.2870398992299,0.0 -48.7935977,-27.2869911992299,0.0 -48.7936229,-27.2869547992299,0.0 -48.7936505,-27.2869169992299,0.0 -48.793695,-27.2868604992299,0.0 -48.7937249,-27.2868251992299,0.0 -48.7937529,-27.2867935992299,0.0 -48.7937881,-27.2867564992299,0.0 -48.7938062,-27.2867393992299,0.0 -48.7938141,-27.2867326992299,0.0 -48.793829,-27.2867218992299,0.0 -48.7938437,-27.2867134992299,0.0 -48.7938597,-27.2867063992299,0.0 -48.7938773,-27.2866999992299,0.0 -48.7938962,-27.2866941992299,0.0 -48.7939488,-27.2866815992299,0.0 -48.79397,-27.2866758992299,0.0 -48.7939896,-27.2866686992299,0.0 -48.7939985,-27.2866642992299,0.0 -48.7940066,-27.2866592992299,0.0 -48.7940139,-27.2866534992299,0.0 -48.7940207,-27.2866471992299,0.0 -48.7940327,-27.2866323992299,0.0 -48.7940434,-27.2866147992299,0.0 -48.7940584,-27.2865832992299,0.0 -48.7940719,-27.2865491992299,0.0 -48.7940824,-27.2865184992299,0.0 -48.7940886,-27.2864951992299,0.0 -48.7940904,-27.2864822992299,0.0 -48.7940906,-27.28647609923,0.0 -48.7940888,-27.28645619923,0.0 -48.7940841,-27.2864335992299,0.0 -48.7940778,-27.2864108992299,0.0 -48.794064,-27.2863678992299,0.0 -48.7940587,-27.2863460992299,0.0 -48.7940571,-27.2863291992299,0.0 -48.7940575,-27.2863177992299,0.0 -48.7940594,-27.2863061992299,0.0 -48.794063,-27.28629439923,0.0 -48.7940682,-27.28628209923,0.0 -48.7940751,-27.2862693992299,0.0 -48.7940837,-27.28625589923,0.0 -48.7940944,-27.28624139923,0.0 -48.7941233,-27.2862065992299,0.0 -48.794195,-27.28612509923,0.0 -48.7942199,-27.28609339923,0.0 -48.7942259,-27.28608449923,0.0 -48.7942348,-27.28606849923,0.0 -48.7942404,-27.28605409923,0.0 -48.7942437,-27.28603989923,0.0 -48.7942459,-27.28601669923,0.0 -48.7942457,-27.28599779923,0.0 -48.7942443,-27.2859745992299,0.0 -48.7942385,-27.28591209923,0.0 -48.7942343,-27.28587679923,0.0 -48.7942293,-27.28584289923,0.0 -48.7942236,-27.28581339923,0.0 -48.7942206,-27.28580079923,0.0 -48.7942139,-27.28577909923,0.0 -48.7942103,-27.28576969923,0.0 -48.7942025,-27.28575299923,0.0 -48.7941889,-27.28573109923,0.0 -48.7941728,-27.28571139923,0.0 -48.7941602,-27.28569909923,0.0 -48.7941461,-27.28568719923,0.0 -48.7941289,-27.28567509923,0.0 -48.7941183,-27.28566849923,0.0 -48.7940914,-27.28565349923,0.0 -48.7940548,-27.28563499923,0.0 -48.7940067,-27.28561229923,0.0 -48.7937095,-27.28547809923,0.0 -48.7936401,-27.28544599923,0.0 -48.7936062,-27.28542949923,0.0 -48.7935822,-27.28541709923,0.0 -48.7935597,-27.28540359923,0.0 -48.7935498,-27.28539629923,0.0 -48.7935415,-27.28538919923,0.0 -48.793531,-27.28537829923,0.0 -48.7935253,-27.28537049923,0.0 -48.7935206,-27.28536189923,0.0 -48.7935169,-27.28535199923,0.0 -48.7935154,-27.28534619923,0.0 -48.7935134,-27.28533209923,0.0 -48.7935128,-27.28532359923,0.0 -48.7935126,-27.28530289923,0.0 -48.7935136,-27.28527679923,0.0 -48.7935172,-27.28522659923,0.0 -48.7935362,-27.28502289923,0.0 -48.7935384,-27.28498979923,0.0 -48.7935387,-27.28497729923,0.0 -48.793538,-27.28495879923,0.0 -48.7935356,-27.28494619923,0.0 -48.7935317,-27.28493619923,0.0 -48.7935263,-27.28492629923,0.0 -48.7935161,-27.28491099923,0.0 -48.7935041,-27.28489599923,0.0 -48.793491,-27.28488199923,0.0 -48.7934774,-27.28486989923,0.0 -48.7934641,-27.28486009923,0.0 -48.7934554,-27.28485509923,0.0 -48.7934422,-27.28484929923,0.0 -48.793433,-27.28484649923,0.0 -48.7934183,-27.28484349923,0.0 -48.7934031,-27.28484169923,0.0 -48.7933833,-27.28484099923,0.0 -48.7933689,-27.28484189923,0.0 -48.7933591,-27.28484339923,0.0 -48.7933491,-27.28484599923,0.0 -48.7933386,-27.28484959923,0.0 -48.793322,-27.28485749923,0.0 -48.7933042,-27.28486859923,0.0 -48.7932603,-27.28489989923,0.0 -48.7932419,-27.28491019923,0.0 -48.7932234,-27.28491799923,0.0 -48.7932035,-27.28492409923,0.0 -48.7931732,-27.28493059923,0.0 -48.7931372,-27.28493599923,0.0 -48.7930962,-27.28494009923,0.0 -48.793065,-27.28494149923,0.0 -48.7930356,-27.28494109923,0.0 -48.7930087,-27.28493889923,0.0 -48.7929924,-27.28493669923,0.0 -48.7929776,-27.28493389923,0.0 -48.7929641,-27.28493069923,0.0 -48.7929516,-27.28492699923,0.0 -48.7929291,-27.28491809923,0.0 -48.7929189,-27.28491279923,0.0 -48.7929094,-27.28490699923,0.0 -48.7928968,-27.28489699923,0.0 -48.7928859,-27.28488489923,0.0 -48.7928759,-27.28486899923,0.0 -48.7928656,-27.28484709923,0.0 -48.7928572,-27.28482489923,0.0 -48.7928387,-27.28476989923,0.0 -48.7927853,-27.28460249923,0.0 -48.7927593,-27.28452369923,0.0 -48.7927338,-27.28445029923,0.0 -48.7927102,-27.28438869923,0.0 -48.7926882,-27.28433739923,0.0 -48.7926669,-27.28429319923,0.0 -48.7926454,-27.28425269923,0.0 -48.7926115,-27.28419389923,0.0 -48.7925875,-27.28415589923,0.0 -48.7925751,-27.28413739923,0.0 -48.7925491,-27.28410179923,0.0 -48.7925356,-27.28408479923,0.0 -48.792522,-27.28406829923,0.0 -48.7924946,-27.28403719923,0.0 -48.7924219,-27.28395969923,0.0 -48.7923996,-27.28393499923,0.0 -48.7923734,-27.28390449923,0.0 -48.7922957,-27.28380959923,0.0 -48.7920867,-27.28354849923,0.0 -48.7920416,-27.28349349923,0.0 -48.792001,-27.28344649923,0.0 -48.7919824,-27.28342639923,0.0 -48.791965,-27.28340869923,0.0 -48.7919486,-27.28339339923,0.0 -48.7919332,-27.28338029923,0.0 -48.7919184,-27.28336879923,0.0 -48.7919042,-27.28335859923,0.0 -48.7918479,-27.28332119923,0.0 -48.791833,-27.28331069923,0.0 -48.7918021,-27.28328759923,0.0 -48.7916868,-27.28319719923,0.0 -48.7916456,-27.28316779923,0.0 -48.7916234,-27.28315439923,0.0 -48.7916174,-27.28315139923,0.0 -48.7916062,-27.28314699923,0.0 -48.791589,-27.28314289923,0.0 -48.7914471,-27.28312389923,0.0 -48.7913998,-27.28311679923,0.0 -48.791366,-27.28311069923,0.0 -48.7913514,-27.28310729923,0.0 -48.7913369,-27.28310239923,0.0 -48.7913216,-27.28309479923,0.0 -48.7913096,-27.28308709923,0.0 -48.7912907,-27.28307209923,0.0 -48.7912739,-27.28305689923,0.0 -48.7912554,-27.28303859923,0.0 -48.7911599,-27.28293549923,0.0 -48.7910984,-27.28286879923,0.0 -48.7910369,-27.28280209923,0.0 -48.7909713,-27.28272999923,0.0 -48.7909464,-27.28270169923,0.0 -48.7909215,-27.28267339923,0.0 -48.7909045,-27.28265269923,0.0 -48.7908916,-27.28263539923,0.0 -48.7908816,-27.28262019923,0.0 -48.7908734,-27.28260549923,0.0 -48.7908664,-27.28259059923,0.0 -48.7908579,-27.28256839923,0.0 -48.7908518,-27.28254709923,0.0 -48.7908503,-27.28254019923,0.0 -48.7908489,-27.28253329923,0.0 -48.7908465,-27.28251199923,0.0 -48.7908464,-27.28250429923,0.0 -48.7908463,-27.28249659923,0.0 -48.7908479,-27.28246969923,0.0 -48.7908544,-27.28241899923,0.0 -48.7908698,-27.28232259923,0.0 -48.790883,-27.28224769923,0.0 -48.7908882,-27.28222239923,0.0 -48.7908944,-27.28219849923,0.0 -48.7908981,-27.28218849923,0.0 -48.7909102,-27.28216219923,0.0 -48.7909128,-27.28215009923,0.0 -48.7909122,-27.28213619923,0.0 -48.7909097,-27.28212649923,0.0 -48.7909053,-27.28211679923,0.0 -48.7909024,-27.28211199923,0.0 -48.7908952,-27.28210269923,0.0 -48.790881,-27.28208899923,0.0 -48.790857,-27.28207039923,0.0 -48.7908432,-27.28206109923,0.0 -48.7908285,-27.28205209923,0.0 -48.7908049,-27.28203999923,0.0 -48.7907805,-27.28202989923,0.0 -48.7907486,-27.28201939923,0.0 -48.7907195,-27.28201229923,0.0 -48.7907059,-27.28200999923,0.0 -48.7906927,-27.28200859923,0.0 -48.7906733,-27.28200799923,0.0 -48.7906605,-27.28200869923,0.0 -48.7906477,-27.28201009923,0.0 -48.7906283,-27.28201379923,0.0 -48.7906078,-27.28202019923,0.0 -48.7905931,-27.28202679923,0.0 -48.7905773,-27.28203569923,0.0 -48.7905181,-27.28207569923,0.0 -48.7904952,-27.28208899923,0.0 -48.7904815,-27.28209559923,0.0 -48.7904691,-27.28210049923,0.0 -48.7904581,-27.28210379923,0.0 -48.7904482,-27.28210579923,0.0 -48.7904388,-27.28210639923,0.0 -48.790424,-27.28210479923,0.0 -48.790407,-27.28210069923,0.0 -48.7903946,-27.28209649923,0.0 -48.7903748,-27.28208789923,0.0 -48.7903612,-27.28208069923,0.0 -48.7903466,-27.28207179923,0.0 -48.7903304,-27.28206059923,0.0 -48.7903018,-27.28203849923,0.0 -48.7902689,-27.28201089923,0.0 -48.7902369,-27.28198189923,0.0 -48.790211,-27.28195549923,0.0 -48.7901975,-27.28193939923,0.0 -48.7901809,-27.28191529923,0.0 -48.7901661,-27.28188859923,0.0 -48.7901419,-27.28184009923,0.0 -48.7901259,-27.28181209923,0.0 -48.7901069,-27.28178469923,0.0 -48.7900914,-27.28176559923,0.0 -48.7900625,-27.28173399923,0.0 -48.7899569,-27.28162749923,0.0 -48.7898911,-27.28155959923,0.0 -48.7898129,-27.28147669923,0.0 -48.789754,-27.28141289923,0.0 -48.7896614,-27.28131029923,0.0 -48.7896319,-27.28127699923,0.0 -48.789576,-27.28121389923,0.0 -48.7895114,-27.28113869923,0.0 -48.78949,-27.28111249923,0.0 -48.7894687,-27.28108619923,0.0 -48.7894489,-27.2810601992301,0.0 -48.7894338,-27.2810386992301,0.0 -48.789422,-27.2810195992301,0.0 -48.7894171,-27.28101049923,0.0 -48.7894088,-27.2809917992301,0.0 -48.7894021,-27.2809709992301,0.0 -48.7893962,-27.2809461992301,0.0 -48.7893934,-27.2809313992301,0.0 -48.7893856,-27.2808729992301,0.0 -48.7893774,-27.2807860992301,0.0 -48.7893689,-27.2806734992301,0.0 -48.789354,-27.2804607992301,0.0 -48.789348,-27.2803870992301,0.0 -48.7893435,-27.2803470992301,0.0 -48.7893382,-27.2803113992301,0.0 -48.7893308,-27.2802777992301,0.0 -48.7893257,-27.2802610992301,0.0 -48.7893195,-27.2802440992301,0.0 -48.7893119,-27.2802265992301,0.0 -48.7893027,-27.2802081992301,0.0 -48.7892916,-27.2801885992301,0.0 -48.7892637,-27.2801454992301,0.0 -48.7891919,-27.2800434992301,0.0 -48.7891525,-27.2799851992301,0.0 -48.7891132,-27.2799223992301,0.0 -48.7890746,-27.2798556992301,0.0 -48.7890369,-27.2797855992301,0.0 -48.7890003,-27.2797127992301,0.0 -48.7889649,-27.2796380992301,0.0 -48.7889153,-27.2795269992301,0.0 -48.7888586,-27.2793931992301,0.0 -48.7888253,-27.2793104992301,0.0 -48.7888006,-27.2792429992301,0.0 -48.7887892,-27.2792058992301,0.0 -48.7887849,-27.2791891992301,0.0 -48.7887785,-27.2791572992301,0.0 -48.7887742,-27.2791240992301,0.0 -48.7887709,-27.2790861992301,0.0 -48.7887607,-27.2789451992301,0.0 -48.7887571,-27.2789042992301,0.0 -48.7887532,-27.2788735992301,0.0 -48.7887511,-27.2788615992301,0.0 -48.7887462,-27.2788426992301,0.0 -48.7887433,-27.2788350992301,0.0 -48.7887365,-27.2788217992301,0.0 -48.7887324,-27.2788155992301,0.0 -48.7887227,-27.2788029992301,0.0 -48.7887035,-27.2787828992301,0.0 -48.7886776,-27.2787596992301,0.0 -48.788635,-27.2787242992301,0.0 -48.788575,-27.2786764992301,0.0 -48.7885445,-27.2786535992301,0.0 -48.7885257,-27.2786407992301,0.0 -48.7885094,-27.2786318992301,0.0 -48.7884947,-27.2786266992301,0.0 -48.7884901,-27.2786257992301,0.0 -48.788481,-27.2786252992301,0.0 -48.7884765,-27.2786255992301,0.0 -48.7884678,-27.2786273992301,0.0 -48.7884591,-27.2786304992301,0.0 -48.7884504,-27.2786351992301,0.0 -48.7884348,-27.2786465992301,0.0 -48.7884126,-27.2786662992301,0.0 -48.7883568,-27.2787187992301,0.0 -48.7883179,-27.2787538992301,0.0 -48.7882921,-27.2787755992301,0.0 -48.788253,-27.2788060992301,0.0 -48.7882253,-27.2788261992301,0.0 -48.7881797,-27.2788576992301,0.0 -48.7880004,-27.2789777992301,0.0 -48.7879797,-27.2789907992301,0.0 -48.787963,-27.2790000992301,0.0 -48.7879494,-27.2790062992301,0.0 -48.7879376,-27.2790104992301,0.0 -48.787915,-27.2790161992301,0.0 -48.7878972,-27.2790192992301,0.0 -48.7878794,-27.2790207992301,0.0 -48.7878621,-27.2790200992301,0.0 -48.7878508,-27.2790180992301,0.0 -48.7878396,-27.2790148992301,0.0 -48.7878285,-27.2790100992301,0.0 -48.7878176,-27.2790039992301,0.0 -48.7878074,-27.2789967992301,0.0 -48.7877984,-27.2789886992301,0.0 -48.7877911,-27.2789798992301,0.0 -48.7877853,-27.2789696992301,0.0 -48.78778,-27.2789564992301,0.0 -48.7877743,-27.2789383992301,0.0 -48.7877511,-27.2788516992301,0.0 -48.7877439,-27.2788213992301,0.0 -48.7877386,-27.2787963992301,0.0 -48.7877307,-27.2787483992301,0.0 -48.7877276,-27.2787394992301,0.0 -48.7877226,-27.2787310992301,0.0 -48.7877152,-27.2787233992301,0.0 -48.7877105,-27.2787196992301,0.0 -48.787705,-27.2787160992301,0.0 -48.7876914,-27.2787093992301,0.0 -48.7876654,-27.2786996992301,0.0 -48.7876105,-27.2786828992301,0.0 -48.7875714,-27.2786727992301,0.0 -48.7875424,-27.2786669992301,0.0 -48.787527,-27.2786644992301,0.0 -48.7875109,-27.2786623992301,0.0 -48.7874767,-27.2786591992301,0.0 -48.7874402,-27.2786570992301,0.0 -48.7874015,-27.2786555992301,0.0 -48.7872544,-27.2786522992301,0.0 -48.7871053,-27.2786516992301,0.0 -48.787035,-27.2786524992301,0.0 -48.7869903,-27.2786537992301,0.0 -48.7869611,-27.2786552992301,0.0 -48.786898,-27.2786600992301,0.0 -48.7868825,-27.2786602992301,0.0 -48.7868675,-27.2786590992301,0.0 -48.7868505,-27.2786555992301,0.0 -48.7868403,-27.2786525992301,0.0 -48.7868146,-27.2786433992301,0.0 -48.7867983,-27.2786367992301,0.0 -48.7867582,-27.2786196992301,0.0 -48.7865505,-27.2785276992301,0.0 -48.7864997,-27.2785063992301,0.0 -48.7864516,-27.2784871992301,0.0 -48.7864205,-27.2784757992301,0.0 -48.7863854,-27.2784635992301,0.0 -48.7863447,-27.2784513992301,0.0 -48.7863047,-27.2784411992301,0.0 -48.7862415,-27.2784282992301,0.0 -48.7861947,-27.2784201992301,0.0 -48.7861438,-27.2784122992301,0.0 -48.7859988,-27.2783915992301,0.0 -48.7859661,-27.2783875992301,0.0 -48.7859309,-27.2783841992301,0.0 -48.7858926,-27.2783817992301,0.0 -48.7858504,-27.2783806992301,0.0 -48.7858035,-27.2783813992301,0.0 -48.7857513,-27.2783840992301,0.0 -48.7856929,-27.2783891992301,0.0 -48.7855439,-27.2769164992301,0.0 -48.7855383,-27.2768374992301,0.0 -48.7855363,-27.2768019992301,0.0 -48.7855344,-27.2767663992301,0.0 -48.785532,-27.2767014992301,0.0 -48.7855313,-27.2766415992301,0.0 -48.7855321,-27.2765849992301,0.0 -48.7855344,-27.2765302992301,0.0 -48.7855382,-27.2764762992301,0.0 -48.7855436,-27.2764228992301,0.0 -48.7855507,-27.2763700992301,0.0 -48.7855598,-27.2763180992301,0.0 -48.785571,-27.2762669992301,0.0 -48.7855843,-27.2762168992301,0.0 -48.7856001,-27.2761678992301,0.0 -48.7856185,-27.2761201992301,0.0 -48.7856394,-27.2760737992301,0.0 -48.7856628,-27.2760287992301,0.0 -48.7856882,-27.2759851992302,0.0 -48.7857153,-27.2759427992302,0.0 -48.7857439,-27.2759016992302,0.0 -48.7857736,-27.2758618992301,0.0 -48.7858041,-27.2758233992301,0.0 -48.785835,-27.2757860992301,0.0 -48.7858662,-27.2757500992302,0.0 -48.7858978,-27.2757153992302,0.0 -48.7859303,-27.2756819992302,0.0 -48.7859639,-27.2756501992302,0.0 -48.7859991,-27.2756198992302,0.0 -48.786036,-27.2755912992301,0.0 -48.7860752,-27.2755644992302,0.0 -48.7861169,-27.2755393992301,0.0 -48.7861613,-27.2755162992302,0.0 -48.7862082,-27.2754949992302,0.0 -48.786257,-27.2754754992302,0.0 -48.7863075,-27.2754577992302,0.0 -48.7863592,-27.2754416992302,0.0 -48.7864117,-27.2754271992302,0.0 -48.7864644,-27.2754142992302,0.0 -48.7865172,-27.2754028992302,0.0 -48.7865694,-27.2753928992302,0.0 -48.7866212,-27.2753841992302,0.0 -48.7866724,-27.2753767992302,0.0 -48.786723,-27.2753705992302,0.0 -48.786773,-27.2753653992302,0.0 -48.7868223,-27.2753611992302,0.0 -48.7868709,-27.2753578992302,0.0 -48.7869188,-27.2753553992302,0.0 -48.7870126,-27.2753525992302,0.0 -48.7870588,-27.2753522992302,0.0 -48.7871048,-27.2753526992302,0.0 -48.7871508,-27.2753539992302,0.0 -48.7871969,-27.2753560992302,0.0 -48.7872434,-27.2753589992302,0.0 -48.7872904,-27.2753627992302,0.0 -48.7873381,-27.2753674992302,0.0 -48.7873866,-27.2753731992302,0.0 -48.7874358,-27.2753801992302,0.0 -48.7874858,-27.2753885992302,0.0 -48.7875367,-27.2753986992302,0.0 -48.7875885,-27.2754105992301,0.0 -48.7876412,-27.2754244992302,0.0 -48.7876949,-27.2754405992302,0.0 -48.7877495,-27.2754589992302,0.0 -48.7878051,-27.2754795992302,0.0 -48.7878614,-27.2755020992301,0.0 -48.7879184,-27.2755262992302,0.0 -48.787976,-27.2755519992301,0.0 -48.7880341,-27.2755787992302,0.0 -48.7881512,-27.2756352992302,0.0 -48.7883277,-27.2757234992302,0.0 -48.7887263,-27.2759269992301,0.0 -48.7888332,-27.2759795992301,0.0 -48.7888852,-27.2760041992301,0.0 -48.7889363,-27.2760275992301,0.0 -48.7889863,-27.2760495992301,0.0 -48.7890354,-27.2760699992301,0.0 -48.7890834,-27.2760887992301,0.0 -48.7891306,-27.2761058992301,0.0 -48.7891773,-27.2761212992301,0.0 -48.7892238,-27.2761352992301,0.0 -48.7892702,-27.2761475992301,0.0 -48.7893169,-27.2761584992301,0.0 -48.7893642,-27.2761679992301,0.0 -48.7894123,-27.2761760992301,0.0 -48.7894613,-27.2761827992301,0.0 -48.7895111,-27.2761883992301,0.0 -48.7895612,-27.2761927992301,0.0 -48.7896114,-27.2761962992301,0.0 -48.7896613,-27.2761990992301,0.0 -48.7897588,-27.2762026992301,0.0 -48.7898511,-27.2762046992302,0.0 -48.7898955,-27.2762048992301,0.0 -48.7899398,-27.2762042992301,0.0 -48.7899848,-27.2762023992301,0.0 -48.7900311,-27.2761988992301,0.0 -48.7900795,-27.2761935992301,0.0 -48.7901309,-27.2761859992301,0.0 -48.7901859,-27.2761757992301,0.0 -48.7902452,-27.2761627992301,0.0 -48.790308,-27.2761472992301,0.0 -48.7903736,-27.2761295992301,0.0 -48.7904411,-27.2761100992301,0.0 -48.7905097,-27.2760890992301,0.0 -48.7905786,-27.2760669992301,0.0 -48.7906468,-27.2760441992301,0.0 -48.7907136,-27.2760208992301,0.0 -48.7907783,-27.2759974992301,0.0 -48.7908407,-27.2759738992301,0.0 -48.7909011,-27.2759496992302,0.0 -48.7909594,-27.2759247992302,0.0 -48.7910159,-27.2758988992301,0.0 -48.7910704,-27.2758716992302,0.0 -48.7911232,-27.2758430992302,0.0 -48.7911744,-27.2758127992302,0.0 -48.791224,-27.2757804992301,0.0 -48.7912724,-27.2757461992302,0.0 -48.7913201,-27.2757096992302,0.0 -48.7913674,-27.2756709992301,0.0 -48.7914149,-27.2756297992301,0.0 -48.7914628,-27.2755860992302,0.0 -48.7915117,-27.2755397992302,0.0 -48.7915619,-27.2754906992302,0.0 -48.7916667,-27.2753846992302,0.0 -48.7917206,-27.2753285992302,0.0 -48.7918289,-27.2752125992302,0.0 -48.7918824,-27.2751535992302,0.0 -48.7919348,-27.2750946992302,0.0 -48.7919856,-27.2750361992302,0.0 -48.7920346,-27.2749785992302,0.0 -48.7921728,-27.2748130992302,0.0 -48.7922172,-27.2747608992302,0.0 -48.7922612,-27.2747104992302,0.0 -48.7923053,-27.2746620992302,0.0 -48.7923499,-27.2746157992302,0.0 -48.7923951,-27.2745715992302,0.0 -48.7924416,-27.2745293992302,0.0 -48.7924897,-27.2744886992302,0.0 -48.79254,-27.2744491992302,0.0 -48.7925927,-27.2744104992302,0.0 -48.7926485,-27.2743721992302,0.0 -48.7927078,-27.2743340992302,0.0 -48.7927709,-27.2742955992302,0.0 -48.7928382,-27.2742565992302,0.0 -48.7929087,-27.2742173992302,0.0 -48.7929814,-27.2741782992302,0.0 -48.793055,-27.2741396992302,0.0 -48.7931285,-27.2741019992302,0.0 -48.7932707,-27.2740309992302,0.0 -48.7934573,-27.2739403992302,0.0 -48.7935123,-27.2739146992302,0.0 -48.7935648,-27.2738910992302,0.0 -48.7936155,-27.2738693992302,0.0 -48.7936652,-27.2738493992302,0.0 -48.7937145,-27.2738310992302,0.0 -48.7937642,-27.2738141992302,0.0 -48.7938148,-27.2737987992302,0.0 -48.7938663,-27.2737845992302,0.0 -48.7939185,-27.2737717992302,0.0 -48.793971,-27.2737602992302,0.0 -48.7940238,-27.2737501992302,0.0 -48.7940765,-27.2737414992302,0.0 -48.7941289,-27.2737340992302,0.0 -48.7941809,-27.2737280992302,0.0 -48.7942322,-27.2737234992302,0.0 -48.7942829,-27.2737200992302,0.0 -48.794333,-27.2737179992302,0.0 -48.7943825,-27.2737168992302,0.0 -48.7944316,-27.2737167992302,0.0 -48.7944802,-27.2737176992302,0.0 -48.7945285,-27.2737193992302,0.0 -48.7945764,-27.2737217992302,0.0 -48.7946241,-27.2737248992302,0.0 -48.7947188,-27.2737328992302,0.0 -48.7947657,-27.2737378992302,0.0 -48.7948588,-27.2737496992302,0.0 -48.7949508,-27.2737639992302,0.0 -48.7949964,-27.2737719992302,0.0 -48.7950419,-27.2737808992302,0.0 -48.7950875,-27.2737907992302,0.0 -48.7951332,-27.2738017992302,0.0 -48.7951794,-27.2738141992302,0.0 -48.795226,-27.2738280992302,0.0 -48.7952733,-27.2738436992302,0.0 -48.7953214,-27.2738611992302,0.0 -48.7953704,-27.2738806992302,0.0 -48.7954202,-27.2739020992302,0.0 -48.7954706,-27.2739251992302,0.0 -48.7955215,-27.2739498992302,0.0 -48.7955727,-27.2739758992302,0.0 -48.7956239,-27.2740031992302,0.0 -48.7956751,-27.2740314992302,0.0 -48.7957259,-27.2740606992302,0.0 -48.7957764,-27.2740904992302,0.0 -48.7958262,-27.2741209992302,0.0 -48.7958751,-27.2741519992302,0.0 -48.795923,-27.2741832992302,0.0 -48.7959696,-27.2742148992302,0.0 -48.7960147,-27.2742465992302,0.0 -48.7960582,-27.2742783992302,0.0 -48.7960997,-27.2743100992302,0.0 -48.7961391,-27.2743417992302,0.0 -48.7961766,-27.2743738992302,0.0 -48.7962123,-27.2744066992302,0.0 -48.7962463,-27.2744408992302,0.0 -48.7962787,-27.2744768992302,0.0 -48.7963098,-27.2745151992302,0.0 -48.7963396,-27.2745563992302,0.0 -48.7963683,-27.2746008992302,0.0 -48.796396,-27.2746489992302,0.0 -48.7964228,-27.2747004992302,0.0 -48.7964488,-27.2747547992302,0.0 -48.7964741,-27.2748115992302,0.0 -48.7964987,-27.2748703992302,0.0 -48.7965228,-27.2749305992302,0.0 -48.7965464,-27.2749917992302,0.0 -48.7965925,-27.2751156992302,0.0 -48.7966366,-27.2752409992302,0.0 -48.7966577,-27.2753046992302,0.0 -48.7966779,-27.2753694992302,0.0 -48.7966972,-27.2754355992302,0.0 -48.7967153,-27.2755031992302,0.0 -48.7967322,-27.2755725992302,0.0 -48.7967477,-27.2756437992302,0.0 -48.796762,-27.2757164992302,0.0 -48.7967751,-27.2757898992302,0.0 -48.7967872,-27.2758634992301,0.0 -48.7967983,-27.2759365992301,0.0 -48.7968085,-27.2760086992301,0.0 -48.796827,-27.2761472992301,0.0 -48.7968432,-27.2762761992301,0.0 -48.7968577,-27.2764000992301,0.0 -48.7968706,-27.2765254992301,0.0 -48.7968823,-27.2766590992301,0.0 -48.7968931,-27.2768049992301,0.0 -48.7969143,-27.2771117992301,0.0 -48.7969262,-27.2772582992301,0.0 -48.7969328,-27.2773268992301,0.0 -48.79694,-27.2773925992301,0.0 -48.796948,-27.2774560992301,0.0 -48.796957,-27.2775180992301,0.0 -48.7969673,-27.2775792992301,0.0 -48.796979,-27.2776402992301,0.0 -48.7969922,-27.2777018992301,0.0 -48.7970072,-27.2777647992301,0.0 -48.7970242,-27.2778292992301,0.0 -48.7970432,-27.2778953992301,0.0 -48.7970641,-27.2779624992301,0.0 -48.797087,-27.2780302992301,0.0 -48.7971118,-27.2780982992301,0.0 -48.7971385,-27.2781660992301,0.0 -48.7971671,-27.2782331992301,0.0 -48.7971976,-27.2782993992301,0.0 -48.79723,-27.2783640992301,0.0 -48.797264,-27.2784274992301,0.0 -48.7972995,-27.2784895992301,0.0 -48.7973362,-27.2785504992301,0.0 -48.7973739,-27.2786103992301,0.0 -48.7974124,-27.2786693992301,0.0 -48.7974514,-27.2787274992301,0.0 -48.7974908,-27.2787849992301,0.0 -48.79757,-27.2788978992301,0.0 -48.7976496,-27.2790078992301,0.0 -48.7977296,-27.2791145992301,0.0 -48.7978099,-27.2792174992301,0.0 -48.7978501,-27.2792673992301,0.0 -48.7978904,-27.2793160992301,0.0 -48.7979308,-27.2793633992301,0.0 -48.7979713,-27.2794091992301,0.0 -48.798012,-27.2794533992301,0.0 -48.7980529,-27.2794956992301,0.0 -48.798094,-27.2795359992301,0.0 -48.7981353,-27.2795740992301,0.0 -48.7981769,-27.2796100992301,0.0 -48.7982188,-27.2796438992301,0.0 -48.798261,-27.2796757992301,0.0 -48.7983036,-27.2797059992301,0.0 -48.7983466,-27.2797347992301,0.0 -48.7983899,-27.2797621992301,0.0 -48.7984338,-27.2797885992301,0.0 -48.7984781,-27.2798139992301,0.0 -48.798523,-27.2798386992301,0.0 -48.7985682,-27.2798626992301,0.0 -48.7986137,-27.2798857992301,0.0 -48.7986593,-27.2799078992301,0.0 -48.7987049,-27.2799290992301,0.0 -48.7987504,-27.2799490992301,0.0 -48.7987956,-27.2799678992301,0.0 -48.7988403,-27.2799854992301,0.0 -48.7988624,-27.2799934992301,0.0 -48.7988845,-27.2800015992301,0.0 -48.7989283,-27.2800162992301,0.0 -48.7989718,-27.2800292992301,0.0 -48.7990152,-27.2800405992301,0.0 -48.7990586,-27.2800498992301,0.0 -48.7991021,-27.2800570992301,0.0 -48.7991459,-27.2800621992301,0.0 -48.7991901,-27.2800648992301,0.0 -48.7992348,-27.2800650992301,0.0 -48.79928,-27.2800631992301,0.0 -48.7993255,-27.2800591992301,0.0 -48.7993714,-27.2800534992301,0.0 -48.7994175,-27.2800463992301,0.0 -48.7994636,-27.2800379992301,0.0 -48.7995099,-27.2800286992301,0.0 -48.7996021,-27.2800080992301,0.0 -48.7996479,-27.2799968992301,0.0 -48.7996933,-27.2799847992301,0.0 -48.7997383,-27.2799714992301,0.0 -48.7997827,-27.2799567992301,0.0 -48.7998264,-27.2799405992301,0.0 -48.7998693,-27.2799225992301,0.0 -48.7999114,-27.2799024992301,0.0 -48.7999524,-27.2798801992301,0.0 -48.7999923,-27.2798559992301,0.0 -48.8000312,-27.2798300992301,0.0 -48.8000688,-27.2798027992301,0.0 -48.8001051,-27.2797744992301,0.0 -48.8001401,-27.2797454992301,0.0 -48.8001737,-27.2797159992301,0.0 -48.8002059,-27.2796863992301,0.0 -48.8002365,-27.2796569992301,0.0 -48.8002656,-27.2796276992301,0.0 -48.8002933,-27.2795984992301,0.0 -48.8003197,-27.2795693992301,0.0 -48.8003446,-27.2795404992301,0.0 -48.8003683,-27.2795114992301,0.0 -48.8003907,-27.2794826992301,0.0 -48.800412,-27.2794537992301,0.0 -48.8004321,-27.2794248992301,0.0 -48.8004509,-27.2793958992301,0.0 -48.8004685,-27.2793666992301,0.0 -48.8004848,-27.2793373992301,0.0 -48.8004996,-27.2793077992301,0.0 -48.8005131,-27.2792777992301,0.0 -48.8005249,-27.2792473992301,0.0 -48.8005353,-27.2792165992301,0.0 -48.800544,-27.2791850992301,0.0 -48.8005512,-27.2791528992301,0.0 -48.8005572,-27.2791195992301,0.0 -48.8005621,-27.2790848992301,0.0 -48.800566,-27.2790485992301,0.0 -48.8005717,-27.2789701992301,0.0 -48.8005757,-27.2788819992301,0.0 -48.8005769,-27.2788335992301,0.0 -48.800577,-27.2787818992301,0.0 -48.8005756,-27.2787267992301,0.0 -48.8005723,-27.2786677992301,0.0 -48.8005667,-27.2786047992301,0.0 -48.8005584,-27.2785373992301,0.0 -48.8005469,-27.2784653992301,0.0 -48.800532,-27.2783886992301,0.0 -48.8005138,-27.2783079992301,0.0 -48.8004927,-27.2782240992301,0.0 -48.800469,-27.2781379992301,0.0 -48.8004431,-27.2780505992301,0.0 -48.8004152,-27.2779626992301,0.0 -48.8003856,-27.2778752992301,0.0 -48.8003548,-27.2777890992301,0.0 -48.8003231,-27.2777049992301,0.0 -48.8002908,-27.2776228992301,0.0 -48.8001961,-27.2773868992301,0.0 -48.8001668,-27.2773110992301,0.0 -48.8001394,-27.2772363992301,0.0 -48.8001145,-27.2771625992301,0.0 -48.8000924,-27.2770896992301,0.0 -48.8000731,-27.2770177992301,0.0 -48.8000564,-27.2769471992301,0.0 -48.8000422,-27.2768779992301,0.0 -48.8000304,-27.2768104992301,0.0 -48.8000208,-27.2767448992301,0.0 -48.8000134,-27.2766814992301,0.0 -48.8000078,-27.2766204992301,0.0 -48.8000042,-27.2765620992301,0.0 -48.8000025,-27.2765059992301,0.0 -48.800003,-27.2764517992301,0.0 -48.8000058,-27.2763992992301,0.0 -48.8000111,-27.2763480992301,0.0 -48.8000191,-27.2762977992301,0.0 -48.8000299,-27.2762482992301,0.0 -48.8000436,-27.2761989992301,0.0 -48.8000605,-27.2761497992301,0.0 -48.8000807,-27.2761003992301,0.0 -48.8001041,-27.2760506992301,0.0 -48.8001309,-27.2760006992301,0.0 -48.8001611,-27.2759501992302,0.0 -48.8001948,-27.2758989992301,0.0 -48.800232,-27.2758470992301,0.0 -48.8002729,-27.2757942992301,0.0 -48.8003175,-27.2757405992301,0.0 -48.8003658,-27.2756860992301,0.0 -48.8004181,-27.2756308992302,0.0 -48.8004743,-27.2755751992302,0.0 -48.8005346,-27.2755192992302,0.0 -48.800599,-27.2754631992302,0.0 -48.8006676,-27.2754071992302,0.0 -48.8007406,-27.2753514992302,0.0 -48.8008179,-27.2752961992302,0.0 -48.8008987,-27.2752415992302,0.0 -48.8009822,-27.2751879992302,0.0 -48.8010676,-27.2751356992302,0.0 -48.8011538,-27.2750848992302,0.0 -48.8012402,-27.2750360992302,0.0 -48.8013258,-27.2749893992302,0.0 -48.8014098,-27.2749450992302,0.0 -48.8014915,-27.2749034992302,0.0 -48.8015714,-27.2748643992302,0.0 -48.8016501,-27.2748272992302,0.0 -48.8017283,-27.2747920992302,0.0 -48.8018067,-27.2747583992302,0.0 -48.8018858,-27.2747257992302,0.0 -48.8019664,-27.2746941992302,0.0 -48.8020492,-27.2746631992302,0.0 -48.8021347,-27.2746324992302,0.0 -48.8022229,-27.2746020992302,0.0 -48.8023138,-27.2745721992302,0.0 -48.8024073,-27.2745428992302,0.0 -48.8025034,-27.2745141992302,0.0 -48.802602,-27.2744861992302,0.0 -48.8027031,-27.2744589992302,0.0 -48.8028066,-27.2744327992302,0.0 -48.8029122,-27.2744074992302,0.0 -48.803019,-27.2743832992302,0.0 -48.8031256,-27.2743603992302,0.0 -48.8032309,-27.2743385992302,0.0 -48.8033337,-27.2743182992302,0.0 -48.8034326,-27.2742993992302,0.0 -48.8036141,-27.2742663992302,0.0 -48.803769,-27.2742401992302,0.0 -48.8038386,-27.2742296992302,0.0 -48.8039047,-27.2742207992302,0.0 -48.8039687,-27.2742134992302,0.0 -48.8040318,-27.2742077992302,0.0 -48.8040954,-27.2742036992302,0.0 -48.804161,-27.2742011992302,0.0 -48.8042295,-27.2742001992302,0.0 -48.8043014,-27.2742006992302,0.0 -48.804377,-27.2742025992302,0.0 -48.8044564,-27.2742058992302,0.0 -48.8045398,-27.2742104992302,0.0 -48.8046275,-27.2742164992302,0.0 -48.8047197,-27.2742236992302,0.0 -48.8048165,-27.2742321992302,0.0 -48.8050238,-27.2742524992302,0.0 -48.8051327,-27.2742640992302,0.0 -48.805357,-27.2742897992302,0.0 -48.8054708,-27.2743035992302,0.0 -48.8056977,-27.2743326992302,0.0 -48.8058091,-27.2743476992302,0.0 -48.8060247,-27.2743777992302,0.0 -48.8064098,-27.2744332992302,0.0 -48.8065699,-27.2744557992302,0.0 -48.8066487,-27.2744661992302,0.0 -48.8068266,-27.2744883992302,0.0 -48.8068815,-27.2744944992302,0.0 -48.806985,-27.2745047992302,0.0 -48.8071318,-27.2745167992302,0.0 -48.8072709,-27.2745257992302,0.0 -48.807489,-27.2745372992302,0.0 -48.807573,-27.2745430992302,0.0 -48.8076147,-27.2745468992302,0.0 -48.8076562,-27.2745514992302,0.0 -48.8076977,-27.2745569992302,0.0 -48.8077392,-27.2745635992302,0.0 -48.8077811,-27.2745712992302,0.0 -48.8078237,-27.2745800992302,0.0 -48.8078672,-27.2745899992302,0.0 -48.807912,-27.2746010992302,0.0 -48.8079583,-27.2746132992302,0.0 -48.8080568,-27.2746413992302,0.0 -48.8081637,-27.2746737992302,0.0 -48.808275,-27.2747088992302,0.0 -48.8085801,-27.2748079992302,0.0 -48.8086631,-27.2748360992302,0.0 -48.8087023,-27.2748500992302,0.0 -48.8087778,-27.2748789992302,0.0 -48.8088151,-27.2748944992302,0.0 -48.8088524,-27.2749108992302,0.0 -48.8090334,-27.2749951992302,0.0 -48.8090667,-27.2750097992302,0.0 -48.8090985,-27.2750228992302,0.0 -48.8091286,-27.2750340992302,0.0 -48.8091571,-27.2750434992302,0.0 -48.8091841,-27.2750512992302,0.0 -48.8092098,-27.2750576992302,0.0 -48.8092344,-27.2750628992302,0.0 -48.8092809,-27.2750705992302,0.0 -48.8093247,-27.2750758992302,0.0 -48.8093463,-27.2750777992302,0.0 -48.8093906,-27.2750801992302,0.0 -48.8094141,-27.2750804992302,0.0 -48.8094654,-27.2750789992302,0.0 -48.809494,-27.2750771992302,0.0 -48.8095583,-27.2750709992302,0.0 -48.809594,-27.2750662992302,0.0 -48.8096321,-27.2750604992302,0.0 -48.8096725,-27.2750534992302,0.0 -48.8097152,-27.2750449992302,0.0 -48.8097601,-27.2750349992302,0.0 -48.8098072,-27.2750233992302,0.0 -48.8098565,-27.2750101992302,0.0 -48.8099079,-27.2749952992302,0.0 -48.8100165,-27.2749613992302,0.0 -48.8100735,-27.2749424992302,0.0 -48.8101927,-27.2749018992302,0.0 -48.8103823,-27.2748352992302,0.0 -48.8104473,-27.2748113992302,0.0 -48.8105125,-27.2747863992302,0.0 -48.8105774,-27.2747600992302,0.0 -48.8106416,-27.2747323992302,0.0 -48.8107048,-27.2747030992302,0.0 -48.8107664,-27.2746718992302,0.0 -48.8108261,-27.2746389992302,0.0 -48.810884,-27.2746043992302,0.0 -48.8109399,-27.2745685992302,0.0 -48.8109939,-27.2745316992302,0.0 -48.811046,-27.2744941992302,0.0 -48.8110963,-27.2744563992302,0.0 -48.8111447,-27.2744185992302,0.0 -48.8111913,-27.2743809992302,0.0 -48.811236,-27.2743439992302,0.0 -48.8112789,-27.2743072992302,0.0 -48.8113201,-27.2742703992302,0.0 -48.8113594,-27.2742329992302,0.0 -48.811397,-27.2741946992302,0.0 -48.8114327,-27.2741552992302,0.0 -48.8114668,-27.2741141992302,0.0 -48.811499,-27.2740710992302,0.0 -48.8115296,-27.2740257992302,0.0 -48.8115584,-27.2739782992302,0.0 -48.8115857,-27.2739289992302,0.0 -48.8116114,-27.2738779992302,0.0 -48.8116357,-27.2738255992302,0.0 -48.8116586,-27.2737720992302,0.0 -48.8116802,-27.2737176992302,0.0 -48.8117006,-27.2736625992302,0.0 -48.8117199,-27.2736069992302,0.0 -48.8117382,-27.2735507992302,0.0 -48.8117558,-27.2734938992302,0.0 -48.8117895,-27.2733774992302,0.0 -48.8118759,-27.2730646992302,0.0 -48.8118953,-27.2729979992302,0.0 -48.8119158,-27.2729300992302,0.0 -48.8119378,-27.2728611992302,0.0 -48.8119615,-27.2727912992302,0.0 -48.811987,-27.2727206992302,0.0 -48.8120147,-27.2726492992302,0.0 -48.812045,-27.2725768992302,0.0 -48.8120798,-27.2725014992302,0.0 -48.8121212,-27.2724205992302,0.0 -48.8121712,-27.2723315992302,0.0 -48.812232,-27.2722321992302,0.0 -48.8123057,-27.2721197992302,0.0 -48.8123944,-27.2719919992302,0.0 -48.8125001,-27.2718462992302,0.0 -48.812689,-27.2713956992302,0.0 -48.8127836,-27.2713038992302,0.0 -48.8127748,-27.2712055992302,0.0 -48.8127273,-27.2711169992302,0.0 -48.8126887,-27.2710605992302,0.0 -48.8126341,-27.2709904992302,0.0 -48.8126186,-27.2709561992302,0.0 -48.8126063,-27.2709026992302,0.0 -48.8125459,-27.2706517992302,0.0 -48.8125257,-27.2705808992302,0.0 -48.8125001,-27.2705224992302,0.0 -48.8123722,-27.2703486992303,0.0 -48.8123445,-27.2703098992303,0.0 -48.8123231,-27.2702773992303,0.0 -48.8123098,-27.2702538992303,0.0 -48.8123012,-27.2702330992303,0.0 -48.8122935,-27.2702054992303,0.0 -48.8122867,-27.2701737992303,0.0 -48.8122774,-27.2701194992303,0.0 -48.8122674,-27.2700551992303,0.0 -48.8122418,-27.2698776992303,0.0 -48.8122014,-27.2695678992303,0.0 -48.812198,-27.2695383992303,0.0 -48.8121957,-27.2695110992303,0.0 -48.8121945,-27.2694824992303,0.0 -48.8121943,-27.2694499992303,0.0 -48.8121963,-27.2693897992303,0.0 -48.8122009,-27.2693103992303,0.0 -48.8122134,-27.2691315992303,0.0 -48.8122162,-27.2690760992303,0.0 -48.8122158,-27.2690502992303,0.0 -48.8122144,-27.2690425992303,0.0 -48.8122125,-27.2690375992303,0.0 -48.812208,-27.2690288992303,0.0 -48.8122005,-27.2690191992303,0.0 -48.8121896,-27.2690090992303,0.0 -48.8121802,-27.2690025992303,0.0 -48.812162,-27.2689929992303,0.0 -48.8120892,-27.2689586992303,0.0 -48.8120459,-27.2689370992303,0.0 -48.8120174,-27.2689215992303,0.0 -48.8119793,-27.2688978992303,0.0 -48.8119443,-27.2688731992303,0.0 -48.8118838,-27.2688277992303,0.0 -48.8118572,-27.2688065992303,0.0 -48.8118293,-27.2687825992303,0.0 -48.8117998,-27.2687551992303,0.0 -48.8117551,-27.2687095992303,0.0 -48.8117152,-27.2686657992303,0.0 -48.8116943,-27.2686412992303,0.0 -48.8116785,-27.2686213992303,0.0 -48.8116618,-27.2685968992303,0.0 -48.8116532,-27.2685820992303,0.0 -48.8116493,-27.2685743992303,0.0 -48.8116306,-27.2685330992303,0.0 -48.8116261,-27.2685198992303,0.0 -48.8116247,-27.2685118992303,0.0 -48.811626,-27.2685030992303,0.0 -48.8116301,-27.2684907992303,0.0 -48.8116541,-27.2684323992303,0.0 -48.8117036,-27.2683188992303,0.0 -48.8117463,-27.2682255992303,0.0 -48.8117845,-27.2681469992303,0.0 -48.81182,-27.2680780992303,0.0 -48.8118478,-27.2680273992303,0.0 -48.8118805,-27.2679719992303,0.0 -48.8119206,-27.2679082992303,0.0 -48.8120571,-27.2676970992303,0.0 -48.8121729,-27.2675144992303,0.0 -48.8121979,-27.2674765992303,0.0 -48.8122217,-27.2674423992303,0.0 -48.8123209,-27.2673053992303,0.0 -48.8123552,-27.2672592992303,0.0 -48.8123777,-27.2672301992303,0.0 -48.8124005,-27.2672020992303,0.0 -48.8124246,-27.2671739992303,0.0 -48.8124515,-27.2671440992303,0.0 -48.8125001,-27.2670919992303,0.0 -48.8126088,-27.2669930992303,0.0 -48.8129116,-27.2667258992303,0.0 -48.8130289,-27.2666224992303,0.0 -48.8131287,-27.2665259992303,0.0 -48.8131653,-27.2664864992303,0.0 -48.81323,-27.2663943992303,0.0 -48.8132948,-27.2663023992303,0.0 -48.8133544,-27.2662223992303,0.0 -48.8135064,-27.2660182992303,0.0 -48.8137077,-27.2657431992303,0.0 -48.8138544,-27.2655534992303,0.0 -48.813932,-27.2654571992303,0.0 -48.8139677,-27.2654241992303,0.0 -48.8140935,-27.2653229992303,0.0 -48.8141323,-27.2652923992303,0.0 -48.814168,-27.2652667992303,0.0 -48.8143204,-27.2651584992303,0.0 -48.8143493,-27.2651397992304,0.0 -48.8144193,-27.2651067992304,0.0 -48.8144741,-27.2650832992304,0.0 -48.8146042,-27.2650360992304,0.0 -48.8149176,-27.2649306992304,0.0 -48.8149611,-27.2649163992304,0.0 -48.8150194,-27.2648970992304,0.0 -48.8152883,-27.2647958992304,0.0 -48.8153242,-27.2647831992304,0.0 -48.8154574,-27.2647075992304,0.0 -48.8156585,-27.2645988992304,0.0 -48.8157154,-27.2645702992304,0.0 -48.8158948,-27.2644854992304,0.0 -48.8161082,-27.2643899992304,0.0 -48.8161991,-27.2643507992304,0.0 -48.8162107,-27.2643425992304,0.0 -48.8162153,-27.2643363992304,0.0 -48.8162188,-27.2643286992304,0.0 -48.8162209,-27.2643151992304,0.0 -48.81621,-27.2642407992304,0.0 -48.8161581,-27.2638539992304,0.0 -48.8161285,-27.2636455992304,0.0 -48.8161017,-27.2634920992304,0.0 -48.8160389,-27.2631811992304,0.0 -48.8160252,-27.2631205992304,0.0 -48.8159949,-27.2628826992304,0.0 -48.8159727,-27.2627090992304,0.0 -48.8159264,-27.2621813992304,0.0 -48.8159221,-27.2621553992304,0.0 -48.8159229,-27.2621282992304,0.0 -48.815931,-27.2621084992304,0.0 -48.8159335,-27.2621022992304,0.0 -48.8159517,-27.2620800992304,0.0 -48.8161656,-27.2618849992304,0.0 -48.8162791,-27.2617799992304,0.0 -48.8164922,-27.2615276992304,0.0 -48.8165295,-27.2614762992304,0.0 -48.816565,-27.2613920992304,0.0 -48.816589,-27.2613596992304,0.0 -48.8166455,-27.2613048992304,0.0 -48.8167489,-27.2611222992304,0.0 -48.8167525,-27.2611052992304,0.0 -48.8166975,-27.2610609992304,0.0 -48.8166278,-27.2610197992304,0.0 -48.8165967,-27.2609723992304,0.0 -48.8164861,-27.2607987992304,0.0 -48.8162889,-27.2605858992304,0.0 -48.8162717,-27.2605660992304,0.0 -48.8162592,-27.2605434992304,0.0 -48.8162395,-27.2604425992304,0.0 -48.8162292,-27.2604220992304,0.0 -48.8161816,-27.2603650992304,0.0 -48.8160733,-27.2602040992304,0.0 -48.8160544,-27.2601727992304,0.0 -48.8160111,-27.2601324992305,0.0 -48.8158625,-27.2600667992304,0.0 -48.8158283,-27.2600548992304,0.0 -48.8158076,-27.2600476992305,0.0 -48.8157318,-27.2600409992305,0.0 -48.8156795,-27.2600269992304,0.0 -48.8156309,-27.2600045992305,0.0 -48.8155705,-27.2599707992305,0.0 -48.8154962,-27.2598940992305,0.0 -48.8154374,-27.2598099992305,0.0 -48.8153147,-27.2595240992305,0.0 -48.8152,-27.2591497992305,0.0 -48.8151634,-27.2589028992305,0.0 -48.8151148,-27.2587401992305,0.0 -48.8150545,-27.2586389992305,0.0 -48.8149651,-27.2585230992305,0.0 -48.8149333,-27.2584818992305,0.0 -48.8147789,-27.2583569992305,0.0 -48.8145991,-27.2582316992305,0.0 -48.8145108,-27.2581869992305,0.0 -48.8144225,-27.2581421992305,0.0 -48.8142457,-27.2580656992305,0.0 -48.814025,-27.2580145992305,0.0 -48.8138476,-27.2579802992305,0.0 -48.813785,-27.2579651992305,0.0 -48.8137065,-27.2579462992305,0.0 -48.8135804,-27.2578767992305,0.0 -48.8134983,-27.2577785992305,0.0 -48.8134455,-27.2576546992305,0.0 -48.8133531,-27.2575076992305,0.0 -48.813281,-27.2574201992305,0.0 -48.8132425,-27.2573734992305,0.0 -48.8131417,-27.2573107992305,0.0 -48.8130771,-27.2572549992305,0.0 -48.8130562,-27.2571930992305,0.0 -48.8130616,-27.2570601992305,0.0 -48.8131255,-27.2569018992305,0.0 -48.813207,-27.2567794992305,0.0 -48.8132261,-27.2567115992305,0.0 -48.8132344,-27.2566370992305,0.0 -48.8132239,-27.2566045992305,0.0 -48.8131776,-27.2565423992305,0.0 -48.8131275,-27.2564866992305,0.0 -48.8131328,-27.2563667992305,0.0 -48.8131779,-27.2562569992305,0.0 -48.8132404,-27.2561992992305,0.0 -48.8132916,-27.2561705992305,0.0 -48.8134007,-27.2561523992305,0.0 -48.8134343,-27.2561518992305,0.0 -48.8136286,-27.2561344992305,0.0 -48.8137538,-27.2560750992305,0.0 -48.8137871,-27.2560332992305,0.0 -48.8138137,-27.2559459992305,0.0 -48.8138155,-27.2558097992305,0.0 -48.8137951,-27.2557089992305,0.0 -48.8137604,-27.2555983992305,0.0 -48.8136692,-27.2554792992305,0.0 -48.8135749,-27.2553562992305,0.0 -48.8134288,-27.2551632992305,0.0 -48.8132969,-27.2549866992305,0.0 -48.8132582,-27.2548953992305,0.0 -48.8132413,-27.2548043992306,0.0 -48.813276,-27.2546555992306,0.0 -48.8133279,-27.2545750992305,0.0 -48.8133629,-27.2545388992306,0.0 -48.8135267,-27.2543695992306,0.0 -48.8135573,-27.2542563992306,0.0 -48.8135343,-27.2540777992306,0.0 -48.8134566,-27.2539244992306,0.0 -48.8132188,-27.2535293992306,0.0 -48.8130494,-27.2531771992306,0.0 -48.8128577,-27.2526008992306,0.0 -48.812853,-27.2524094992306,0.0 -48.812855,-27.2522667992306,0.0 -48.8128933,-27.2521212992306,0.0 -48.8129678,-27.2519792992306,0.0 -48.8130153,-27.2518620992306,0.0 -48.8130542,-27.2517661992306,0.0 -48.8131128,-27.2514586992306,0.0 -48.8131337,-27.2513306992306,0.0 -48.8131683,-27.2511186992306,0.0 -48.81324,-27.2509182992306,0.0 -48.8134293,-27.2506121992306,0.0 -48.8137279,-27.2502988992306,0.0 -48.8140133,-27.2500002992306,0.0 -48.8140225,-27.2499906992306,0.0 -48.8145193,-27.2496181992306,0.0 -48.8147558,-27.2494407992306,0.0 -48.8150924,-27.2492433992307,0.0 -48.8154011,-27.2489612992307,0.0 -48.8155494,-27.2487358992307,0.0 -48.8155583,-27.2487156992307,0.0 -48.8158207,-27.2487431992307,0.0 -48.8161188,-27.2487986992307,0.0 -48.8163345,-27.2489022992307,0.0 -48.8167841,-27.2491903992307,0.0 -48.8172283,-27.2494104992306,0.0 -48.8175987,-27.2495737992306,0.0 -48.8179927,-27.2497177992306,0.0 -48.8184052,-27.2499572992306,0.0 -48.8186863,-27.2501335992306,0.0 -48.8190429,-27.2502613992306,0.0 -48.8197519,-27.2502755992306,0.0 -48.8200894,-27.2502386992306,0.0 -48.8201713,-27.2501730992306,0.0 -48.8202532,-27.2501074992306,0.0 -48.8202934,-27.2497750992306,0.0 -48.8201755,-27.2495008992307,0.0 -48.8199867,-27.2492445992307,0.0 -48.8197728,-27.2489113992307,0.0 -48.8197339,-27.2487325992307,0.0 -48.8198272,-27.2484136992307,0.0 -48.8199595,-27.2482191992307,0.0 -48.8201772,-27.2481025992307,0.0 -48.8205428,-27.2480014992307,0.0 -48.8209705,-27.2478536992307,0.0 -48.8212817,-27.2476980992307,0.0 -48.821515,-27.2475114992307,0.0 -48.8217716,-27.2474491992307,0.0 -48.8222772,-27.2474258992307,0.0 -48.822775,-27.2473558992307,0.0 -48.8228525,-27.2473180992307,0.0 -48.8229864,-27.2472528992307,0.0 -48.8230106,-27.2471936992307,0.0 -48.8231206,-27.2470933992307,0.0 -48.8232995,-27.2468328992307,0.0 -48.8233743,-27.2466986992307,0.0 -48.823456,-27.2465703992307,0.0 -48.8235649,-27.2464808992307,0.0 -48.8237282,-27.2463875992307,0.0 -48.8239032,-27.2461581992307,0.0 -48.824121,-27.2459364992307,0.0 -48.8241638,-27.2458703992307,0.0 -48.8242036,-27.2457750992307,0.0 -48.8242503,-27.2455922992307,0.0 -48.8243086,-27.2453006992307,0.0 -48.8243553,-27.2451022992307,0.0 -48.8243825,-27.2449350992307,0.0 -48.8243942,-27.2447950992307,0.0 -48.8243849,-27.2446994992307,0.0 -48.8243708,-27.2445539992308,0.0 -48.8243786,-27.2444606992307,0.0 -48.8244058,-27.2443245992308,0.0 -48.8244603,-27.2442350992308,0.0 -48.8245886,-27.2441028992308,0.0 -48.8247403,-27.2439939992308,0.0 -48.824811,-27.2439593992308,0.0 -48.8249153,-27.2439084992308,0.0 -48.8250057,-27.2438423992308,0.0 -48.8251146,-27.2437762992308,0.0 -48.8252779,-27.2437139992308,0.0 -48.8254529,-27.2436867992308,0.0 -48.8256551,-27.2436712992308,0.0 -48.8258029,-27.2436381992308,0.0 -48.8259507,-27.2436050992308,0.0 -48.8261957,-27.2435000992308,0.0 -48.8264329,-27.2433289992308,0.0 -48.8265768,-27.2431345992308,0.0 -48.8266701,-27.2429867992308,0.0 -48.8267246,-27.2428973992308,0.0 -48.8267673,-27.2427612992308,0.0 -48.8267596,-27.2426562992308,0.0 -48.8267596,-27.2425201992308,0.0 -48.8267868,-27.2422790992308,0.0 -48.8268646,-27.2420495992308,0.0 -48.8269268,-27.2419056992308,0.0 -48.8270201,-27.2418201992308,0.0 -48.8270872,-27.2417754992308,0.0 -48.8273633,-27.2417092992308,0.0 -48.8276238,-27.2415848992308,0.0 -48.8278338,-27.2414526992308,0.0 -48.8279661,-27.2412854992308,0.0 -48.8280594,-27.2411104992308,0.0 -48.8280905,-27.2409431992308,0.0 -48.8281216,-27.2408148992308,0.0 -48.8281605,-27.2406787992308,0.0 -48.8281644,-27.2405620992308,0.0 -48.8281449,-27.2404493992308,0.0 -48.8280983,-27.2402976992308,0.0 -48.8280757,-27.2402283992308,0.0 -48.8280578,-27.2401735992308,0.0 -48.8280399,-27.2401187992308,0.0 -48.8280011,-27.2398329992308,0.0 -48.8279933,-27.2397123992308,0.0 -48.8279836,-27.2396346992308,0.0 -48.8279797,-27.2395801992308,0.0 -48.8279758,-27.2395257992308,0.0 -48.8279787,-27.2394819992308,0.0 -48.8279816,-27.2394382992308,0.0 -48.8280011,-27.2393759992308,0.0 -48.8280205,-27.2393507992308,0.0 -48.8280866,-27.2393118992308,0.0 -48.8281527,-27.2392729992308,0.0 -48.8284172,-27.2391096992308,0.0 -48.8286272,-27.2389151992308,0.0 -48.8292115,-27.2382968992309,0.0 -48.8293126,-27.2381840992309,0.0 -48.8294448,-27.2381296992309,0.0 -48.8296664,-27.2380985992309,0.0 -48.829927,-27.2380985992309,0.0 -48.8300981,-27.2381062992309,0.0 -48.8302887,-27.2380985992309,0.0 -48.8305298,-27.2380712992309,0.0 -48.830767,-27.2380712992309,0.0 -48.8309925,-27.2380985992309,0.0 -48.8312414,-27.2380868992309,0.0 -48.8315292,-27.2380479992309,0.0 -48.8317936,-27.2380362992309,0.0 -48.832062,-27.2380324992309,0.0 -48.8321553,-27.2380499992309,0.0 -48.8322486,-27.2380674992309,0.0 -48.8325811,-27.2381801992309,0.0 -48.8326628,-27.2382151992309,0.0 -48.8327266,-27.2382508992309,0.0 -48.832795,-27.2382890992309,0.0 -48.832935,-27.2383279992309,0.0 -48.8330672,-27.2383046992309,0.0 -48.8331956,-27.2382346992309,0.0 -48.8332197,-27.2382123992309,0.0 -48.8332967,-27.2381412992309,0.0 -48.8334328,-27.2380596992309,0.0 -48.8336671,-27.2378437992309,0.0 -48.8338499,-27.2376882992309,0.0 -48.8340715,-27.2374743992309,0.0 -48.8342465,-27.2372915992309,0.0 -48.834371,-27.2372021992309,0.0 -48.8344448,-27.2371204992309,0.0 -48.8344526,-27.2370388992309,0.0 -48.8344371,-27.2369726992309,0.0 -48.8343826,-27.2368560992309,0.0 -48.8343398,-27.2367821992309,0.0 -48.8342971,-27.2367082992309,0.0 -48.8342232,-27.2364943992309,0.0 -48.8341804,-27.2363271992309,0.0 -48.8341648,-27.2361016992309,0.0 -48.8341726,-27.2359810992309,0.0 -48.834266,-27.2355999992309,0.0 -48.8344526,-27.2351332992309,0.0 -48.8344963,-27.2350306992309,0.0 -48.8346082,-27.2347677992309,0.0 -48.8347015,-27.2343244992309,0.0 -48.8348726,-27.2340910992309,0.0 -48.8349426,-27.2339588992309,0.0 -48.8349893,-27.233764499231,0.0 -48.8349893,-27.2336399992309,0.0 -48.8349582,-27.233498099231,0.0 -48.8349154,-27.233393099231,0.0 -48.8348532,-27.233280299231,0.0 -48.834791,-27.233190899231,0.0 -48.8347404,-27.233097499231,0.0 -48.8346821,-27.232965299231,0.0 -48.8346548,-27.232870999231,0.0 -48.8346548,-27.232697999231,0.0 -48.8346626,-27.232525899231,0.0 -48.8346704,-27.232292499231,0.0 -48.8346665,-27.232082599231,0.0 -48.8346665,-27.231888099231,0.0 -48.8346782,-27.231639199231,0.0 -48.8346811,-27.231632899231,0.0 -48.8347287,-27.231530299231,0.0 -48.8348259,-27.231487599231,0.0 -48.8349344,-27.231463999231,0.0 -48.8352109,-27.231468099231,0.0 -48.8357243,-27.231328099231,0.0 -48.8360898,-27.231234799231,0.0 -48.8362687,-27.231133699231,0.0 -48.836432,-27.230978099231,0.0 -48.836572,-27.230791499231,0.0 -48.836712,-27.230558099231,0.0 -48.837132,-27.230161499231,0.0 -48.8372798,-27.229889299231,0.0 -48.8374265,-27.229678999231,0.0 -48.8375131,-27.229554799231,0.0 -48.8377465,-27.229282599231,0.0 -48.8379876,-27.229111499231,0.0 -48.8381276,-27.229025899231,0.0 -48.838392,-27.228994799231,0.0 -48.83855,-27.229038499231,0.0 -48.8388139,-27.229146499231,0.0 -48.8391639,-27.229216499231,0.0 -48.8395139,-27.229255399231,0.0 -48.8398328,-27.229216499231,0.0 -48.8400117,-27.229084299231,0.0 -48.8400817,-27.228959799231,0.0 -48.8401517,-27.228835399231,0.0 -48.8404084,-27.2284931992311,0.0 -48.840525,-27.2283220992311,0.0 -48.8408984,-27.2280031992311,0.0 -48.8412639,-27.2277153992311,0.0 -48.8416372,-27.2275053992311,0.0 -48.8420572,-27.2272720992311,0.0 -48.8427528,-27.2268952992311,0.0 -48.8428189,-27.2268389992311,0.0 -48.8430095,-27.2267436992311,0.0 -48.8432176,-27.2266950992311,0.0 -48.8433692,-27.2266969992311,0.0 -48.8435131,-27.2267164992311,0.0 -48.8436055,-27.2267339992311,0.0 -48.8436842,-27.2267426992311,0.0 -48.8437717,-27.2267669992311,0.0 -48.843832,-27.2267864992311,0.0 -48.8438522,-27.2267920992311,0.0 -48.8438845,-27.2268009992311,0.0 -48.843936,-27.2268000992311,0.0 -48.8439982,-27.2267883992311,0.0 -48.8440449,-27.2267621992311,0.0 -48.8440682,-27.2267446992311,0.0 -48.8442184,-27.2266264992311,0.0 -48.8444168,-27.2265292992311,0.0 -48.8445529,-27.2264864992311,0.0 -48.8447434,-27.2264864992311,0.0 -48.8449418,-27.2265370992311,0.0 -48.8451634,-27.2265603992311,0.0 -48.8452956,-27.2265214992311,0.0 -48.8454395,-27.2264553992311,0.0 -48.8455834,-27.2263737992311,0.0 -48.8458955,-27.2261987992311,0.0 -48.8461249,-27.2259809992311,0.0 -48.8463777,-27.2257514992311,0.0 -48.8465177,-27.2256348992311,0.0 -48.8465558,-27.2255910992311,0.0 -48.8466733,-27.2254559992311,0.0 -48.8468687,-27.2253178992311,0.0 -48.8470437,-27.2252051992311,0.0 -48.8472187,-27.2251156992311,0.0 -48.8473509,-27.2250845992311,0.0 -48.8476853,-27.2250262992311,0.0 -48.8479342,-27.2250223992311,0.0 -48.8480894,-27.2250082992311,0.0 -48.8483192,-27.2249873992311,0.0 -48.8485642,-27.2249678992311,0.0 -48.8488247,-27.2249912992311,0.0 -48.8491359,-27.2250340992311,0.0 -48.8494197,-27.2250495992311,0.0 -48.8495578,-27.2250184992311,0.0 -48.8496958,-27.2249873992311,0.0 -48.8499136,-27.2248473992311,0.0 -48.8500381,-27.2246995992311,0.0 -48.850182,-27.2245012992311,0.0 -48.8502986,-27.2243923992311,0.0 -48.8504581,-27.2242795992311,0.0 -48.8506719,-27.2241434992311,0.0 -48.8510608,-27.2238868992311,0.0 -48.8515742,-27.2236145992311,0.0 -48.8519475,-27.2235056992311,0.0 -48.852735,-27.2234123992311,0.0 -48.8531025,-27.2234123992311,0.0 -48.8532498,-27.2234045992311,0.0 -48.8533591,-27.2233987992312,0.0 -48.8535866,-27.2233948992311,0.0 -48.8537927,-27.2234065992311,0.0 -48.8539366,-27.2234356992311,0.0 -48.8540572,-27.2234979992311,0.0 -48.8541622,-27.2235912992311,0.0 -48.8542711,-27.2237098992311,0.0 -48.8543799,-27.2238304992311,0.0 -48.8544188,-27.2238818992311,0.0 -48.8545005,-27.2239898992311,0.0 -48.8546599,-27.2241104992311,0.0 -48.8547654,-27.2242261992311,0.0 -48.8549171,-27.2242708992311,0.0 -48.8550279,-27.2242669992311,0.0 -48.8551251,-27.2242416992311,0.0 -48.8552107,-27.2241755992311,0.0 -48.8552943,-27.2240724992311,0.0 -48.8553565,-27.2239811992311,0.0 -48.8554401,-27.2238624992311,0.0 -48.855513,-27.2237506992311,0.0 -48.8555947,-27.2236437992311,0.0 -48.855725,-27.2234745992311,0.0 -48.8557794,-27.2233773992312,0.0 -48.8558553,-27.2232743992312,0.0 -48.8559836,-27.2231848992312,0.0 -48.8561255,-27.2231245992312,0.0 -48.8562461,-27.2231051992311,0.0 -48.8563574,-27.2230895992312,0.0 -48.8565246,-27.2230895992312,0.0 -48.8567265,-27.2231367992312,0.0 -48.8567327,-27.2231382992312,0.0 -48.8568863,-27.2231829992311,0.0 -48.8571293,-27.2232451992312,0.0 -48.8574332,-27.2233277992312,0.0 -48.8575498,-27.2233608992311,0.0 -48.8577812,-27.2234327992311,0.0 -48.8578315,-27.2234423992311,0.0 -48.8579134,-27.2234580992311,0.0 -48.857999,-27.2234561992311,0.0 -48.8581659,-27.2234423992311,0.0 -48.8591076,-27.2234711992311,0.0 -48.8596816,-27.2235599992311,0.0 -48.8601745,-27.2237097992311,0.0 -48.860263,-27.2237617992311,0.0 -48.8603872,-27.2238595992311,0.0 -48.8604965,-27.2240026992311,0.0 -48.860594,-27.2240882992311,0.0 -48.8607543,-27.2242044992311,0.0 -48.8608098,-27.2242262992311,0.0 -48.8608611,-27.2242286992311,0.0 -48.8609336,-27.2241959992311,0.0 -48.861012,-27.2241618992311,0.0 -48.861235,-27.2240831992311,0.0 -48.8615422,-27.2239548992311,0.0 -48.862005,-27.2237020992311,0.0 -48.8622966,-27.2235543992311,0.0 -48.8623419,-27.2235322992311,0.0 -48.8626155,-27.2233987992312,0.0 -48.8628177,-27.2232548992312,0.0 -48.8629102,-27.2231550992312,0.0 -48.8629849,-27.2230837992312,0.0 -48.8631065,-27.2229807992312,0.0 -48.8632659,-27.2228407992312,0.0 -48.8634117,-27.2227806992312,0.0 -48.8634642,-27.2227590992312,0.0 -48.8638065,-27.2226462992312,0.0 -48.8641458,-27.2225684992312,0.0 -48.8644841,-27.2224518992312,0.0 -48.8649313,-27.2222884992312,0.0 -48.8651685,-27.2221271992312,0.0 -48.865293,-27.2220065992312,0.0 -48.8654913,-27.2216662992312,0.0 -48.8656235,-27.2215185992312,0.0 -48.8656896,-27.2213512992312,0.0 -48.8656974,-27.2211374992312,0.0 -48.8656818,-27.2209779992312,0.0 -48.8656585,-27.2207796992312,0.0 -48.8655496,-27.2204374992312,0.0 -48.8653234,-27.2200645992312,0.0 -48.8654054,-27.2196888992312,0.0 -48.8656142,-27.2195704992312,0.0 -48.865951,-27.2193374992312,0.0 -48.8660482,-27.2192519992312,0.0 -48.8661688,-27.2191391992312,0.0 -48.8662932,-27.2190535992312,0.0 -48.8664527,-27.2189797992312,0.0 -48.8665343,-27.2189563992312,0.0 -48.8666334,-27.2189386992312,0.0 -48.8667521,-27.2189174992312,0.0 -48.8669427,-27.2188941992312,0.0 -48.8671843,-27.2188456992312,0.0 -48.8673549,-27.2187969992312,0.0 -48.8674832,-27.2187308992312,0.0 -48.8675841,-27.2186457992312,0.0 -48.8676699,-27.2185324992312,0.0 -48.8677165,-27.2183886992312,0.0 -48.8677321,-27.2182641992312,0.0 -48.8677326,-27.2182625992312,0.0 -48.8677593,-27.2181708992313,0.0 -48.8677943,-27.2180891992312,0.0 -48.8679265,-27.2179336992313,0.0 -48.8679907,-27.2179044992313,0.0 -48.8681929,-27.2178344992313,0.0 -48.8684107,-27.2177450992313,0.0 -48.8685701,-27.2176983992313,0.0 -48.8687005,-27.2176732992313,0.0 -48.8687724,-27.2176594992313,0.0 -48.8688929,-27.2176088992313,0.0 -48.8690446,-27.2175194992313,0.0 -48.8691484,-27.2174202992313,0.0 -48.8692196,-27.2173522992313,0.0 -48.8693557,-27.2172511992313,0.0 -48.8694957,-27.2171655992313,0.0 -48.8696123,-27.2170955992313,0.0 -48.8697193,-27.2170576992313,0.0 -48.8697932,-27.2170314992313,0.0 -48.8699098,-27.2170022992313,0.0 -48.8700576,-27.2169555992313,0.0 -48.8703425,-27.2169030992313,0.0 -48.8705797,-27.2168602992313,0.0 -48.870848,-27.2168447992313,0.0 -48.8709345,-27.2168758992313,0.0 -48.8710629,-27.2169225992313,0.0 -48.8713818,-27.2170664992313,0.0 -48.8715295,-27.2171519992313,0.0 -48.8716034,-27.2172336992313,0.0 -48.8717279,-27.2173658992313,0.0 -48.8717802,-27.2174551992313,0.0 -48.871794,-27.2174786992313,0.0 -48.8718795,-27.2176225992313,0.0 -48.8719806,-27.2177741992313,0.0 -48.8720934,-27.2178986992312,0.0 -48.8722023,-27.2179725992312,0.0 -48.8723229,-27.2180502992313,0.0 -48.8725562,-27.2181591992312,0.0 -48.8728531,-27.2182278992312,0.0 -48.8730277,-27.2182563992312,0.0 -48.8733077,-27.2182913992312,0.0 -48.8735099,-27.2183458992312,0.0 -48.8737005,-27.2184002992312,0.0 -48.8737938,-27.2184469992312,0.0 -48.8738824,-27.2184955992312,0.0 -48.8739921,-27.2185558992312,0.0 -48.8742527,-27.2186336992312,0.0 -48.8746066,-27.2187502992312,0.0 -48.8749138,-27.2188397992312,0.0 -48.8751238,-27.2188669992312,0.0 -48.8753454,-27.2188786992312,0.0 -48.8755749,-27.2188474992312,0.0 -48.8757849,-27.2188086992312,0.0 -48.8760377,-27.2187580992312,0.0 -48.876236,-27.2187191992312,0.0 -48.8763721,-27.2186763992312,0.0 -48.8764382,-27.2186316992312,0.0 -48.8765043,-27.2185869992312,0.0 -48.8766054,-27.2184897992312,0.0 -48.8766482,-27.2183886992312,0.0 -48.8766949,-27.2182680992312,0.0 -48.8767375,-27.2181037992313,0.0 -48.8767493,-27.2180580992312,0.0 -48.8767921,-27.2179608992313,0.0 -48.876866,-27.2178636992313,0.0 -48.876902,-27.2178150992313,0.0 -48.8770179,-27.2177201992313,0.0 -48.8770731,-27.2176750992313,0.0 -48.8772519,-27.2175077992313,0.0 -48.8773881,-27.2173522992313,0.0 -48.8775008,-27.2171850992313,0.0 -48.8775592,-27.2170333992313,0.0 -48.8775942,-27.2168894992313,0.0 -48.8776292,-27.2167689992313,0.0 -48.8776596,-27.2166655992313,0.0 -48.8776875,-27.2165705992313,0.0 -48.8777079,-27.2164986992313,0.0 -48.877739,-27.2163975992313,0.0 -48.877774,-27.2162458992313,0.0 -48.8778168,-27.2161292992313,0.0 -48.8778712,-27.2160592992313,0.0 -48.877949,-27.2160086992313,0.0 -48.878052,-27.2159556992313,0.0 -48.8780851,-27.2159386992313,0.0 -48.8781629,-27.2158842992313,0.0 -48.8782796,-27.2157947992313,0.0 -48.878369,-27.2156936992313,0.0 -48.878474,-27.2154680992313,0.0 -48.8785673,-27.2152619992313,0.0 -48.878684,-27.2150753992313,0.0 -48.8787128,-27.2150213992313,0.0 -48.8787773,-27.2149003992313,0.0 -48.878894,-27.2147681992313,0.0 -48.8789679,-27.2146708992313,0.0 -48.8790668,-27.2145759992313,0.0 -48.8798299,-27.2141580992313,0.0 -48.8803932,-27.2140490992313,0.0 -48.8809201,-27.2140308992313,0.0 -48.8819557,-27.2142670992313,0.0 -48.8826098,-27.2144487992313,0.0 -48.8828285,-27.2145464992313,0.0 -48.8830696,-27.2146514992313,0.0 -48.8832796,-27.2147253992313,0.0 -48.8835946,-27.2148381992313,0.0 -48.8838435,-27.2149508992313,0.0 -48.8839689,-27.2150053992313,0.0 -48.8841128,-27.2150325992313,0.0 -48.8842003,-27.2150344992313,0.0 -48.8842878,-27.2150364992313,0.0 -48.8845367,-27.2150325992313,0.0 -48.8848361,-27.2149936992313,0.0 -48.8850306,-27.2149469992313,0.0 -48.8853767,-27.2148186992313,0.0 -48.8856294,-27.2146864992313,0.0 -48.8859872,-27.2145114992313,0.0 -48.8862711,-27.2143481992313,0.0 -48.8866561,-27.2141886992313,0.0 -48.8869798,-27.2140856992313,0.0 -48.8871937,-27.2140506992313,0.0 -48.8874893,-27.2139884992313,0.0 -48.8877343,-27.2139495992313,0.0 -48.8879443,-27.2139417992313,0.0 -48.8882301,-27.2139281992313,0.0 -48.8884479,-27.2139281992313,0.0 -48.8886734,-27.2139514992313,0.0 -48.8888406,-27.2140175992313,0.0 -48.8889573,-27.2140797992313,0.0 -48.8891518,-27.2142353992313,0.0 -48.8894006,-27.2144375992313,0.0 -48.8895523,-27.2145386992313,0.0 -48.8895797,-27.2145473992313,0.0 -48.8896573,-27.2145717992313,0.0 -48.8897623,-27.2146047992313,0.0 -48.889981,-27.2146767992313,0.0 -48.8903077,-27.2147778992313,0.0 -48.8905216,-27.2148594992313,0.0 -48.8907277,-27.2149489992313,0.0 -48.8910466,-27.2150500992313,0.0 -48.8913499,-27.2151394992313,0.0 -48.8916338,-27.2152444992313,0.0 -48.891941,-27.2153689992313,0.0 -48.8920655,-27.2154039992313,0.0 -48.8922949,-27.2154544992313,0.0 -48.8924232,-27.2154972992313,0.0 -48.8925166,-27.2155555992313,0.0 -48.8925904,-27.2156100992313,0.0 -48.8926566,-27.2156644992313,0.0 -48.8927677,-27.2158334992313,0.0 -48.8928507,-27.2159596992313,0.0 -48.8928675,-27.2159853992313,0.0 -48.8930464,-27.2162341992313,0.0 -48.893167,-27.2164753992313,0.0 -48.8933303,-27.2167047992313,0.0 -48.8935597,-27.2168525992313,0.0 -48.8938047,-27.2169147992313,0.0 -48.8939496,-27.2169186992313,0.0 -48.8942335,-27.2168330992313,0.0 -48.8944629,-27.2167086992313,0.0 -48.8946846,-27.2165764992313,0.0 -48.8948378,-27.2164861992313,0.0 -48.8951162,-27.2162575992313,0.0 -48.8952873,-27.2161486992313,0.0 -48.8955129,-27.2160358992313,0.0 -48.895755,-27.2159367992313,0.0 -48.8959183,-27.2158667992313,0.0 -48.8960039,-27.2158083992313,0.0 -48.8961866,-27.2156761992313,0.0 -48.89635,-27.2155517992313,0.0 -48.8965327,-27.2154078992313,0.0 -48.8967466,-27.2152678992313,0.0 -48.8968477,-27.2151628992313,0.0 -48.8969488,-27.2150344992313,0.0 -48.8969994,-27.2149158992313,0.0 -48.89705,-27.2147972992313,0.0 -48.8971472,-27.2145289992313,0.0 -48.8971938,-27.2143033992313,0.0 -48.8972288,-27.2141011992313,0.0 -48.8972172,-27.2139611992313,0.0 -48.8971938,-27.2138289992313,0.0 -48.8970966,-27.2136306992313,0.0 -48.8969955,-27.2134556992313,0.0 -48.8968789,-27.2132845992313,0.0 -48.8967233,-27.2131406992313,0.0 -48.8965794,-27.2130239992313,0.0 -48.8964433,-27.2129500992313,0.0 -48.8963742,-27.2129141992313,0.0 -48.8962489,-27.2128489992313,0.0 -48.8960272,-27.2127400992313,0.0 -48.8957346,-27.2125748992314,0.0 -48.8955323,-27.2123842992314,0.0 -48.8953535,-27.2121975992314,0.0 -48.8951901,-27.2120109992314,0.0 -48.8951279,-27.2119098992314,0.0 -48.8950035,-27.2116453992314,0.0 -48.8949335,-27.2114703992314,0.0 -48.8948712,-27.2112681992314,0.0 -48.8948246,-27.2111553992314,0.0 -48.8945242,-27.2104573992314,0.0 -48.8944619,-27.2102473992314,0.0 -48.8944221,-27.2101047992314,0.0 -48.8944153,-27.2100801992314,0.0 -48.8943803,-27.2099751992314,0.0 -48.8943181,-27.2098973992314,0.0 -48.8941781,-27.2097729992314,0.0 -48.894042,-27.2096523992314,0.0 -48.893867,-27.2095434992314,0.0 -48.893692,-27.2093918992314,0.0 -48.8935675,-27.2092323992314,0.0 -48.8934742,-27.2091157992314,0.0 -48.893342,-27.2089562992314,0.0 -48.8932486,-27.2088279992314,0.0 -48.8931125,-27.2087229992314,0.0 -48.8929453,-27.2085518992314,0.0 -48.8928636,-27.2084312992314,0.0 -48.8927781,-27.2082698992314,0.0 -48.8926964,-27.2080909992314,0.0 -48.8926498,-27.2079821992314,0.0 -48.8926264,-27.2078848992314,0.0 -48.8925992,-27.2077487992314,0.0 -48.8925836,-27.2076321992314,0.0 -48.8926031,-27.2074648992314,0.0 -48.892642,-27.2073735992315,0.0 -48.8927236,-27.2072335992315,0.0 -48.892747,-27.2071207992315,0.0 -48.892747,-27.2069962992315,0.0 -48.8927353,-27.2068329992315,0.0 -48.8927353,-27.2066968992315,0.0 -48.8927114,-27.2066131992315,0.0 -48.8926964,-27.2065607992315,0.0 -48.8926925,-27.2064538992315,0.0 -48.8927042,-27.2063643992315,0.0 -48.8927431,-27.2062710992315,0.0 -48.8927975,-27.2062010992315,0.0 -48.8929103,-27.2060532992315,0.0 -48.8929464,-27.2060050992315,0.0 -48.8930386,-27.2058821992315,0.0 -48.8931125,-27.2057343992315,0.0 -48.8931436,-27.2056060992315,0.0 -48.893167,-27.2054465992315,0.0 -48.8931514,-27.2053065992315,0.0 -48.8931359,-27.2051899992315,0.0 -48.8931184,-27.2050674992315,0.0 -48.8931009,-27.2049799992315,0.0 -48.8930639,-27.2048613992315,0.0 -48.8930386,-27.2047961992315,0.0 -48.8930095,-27.2047067992315,0.0 -48.8929822,-27.2046153992315,0.0 -48.8929297,-27.2045006992315,0.0 -48.8929038,-27.2044449992315,0.0 -48.8928515,-27.2043324992315,0.0 -48.8928252,-27.2042896992315,0.0 -48.892797,-27.2042391992315,0.0 -48.8927834,-27.2042021992315,0.0 -48.8927786,-27.2041817992315,0.0 -48.8927475,-27.2039814992315,0.0 -48.892728,-27.2038531992315,0.0 -48.8926969,-27.2037287992315,0.0 -48.8926425,-27.2035770992315,0.0 -48.8925064,-27.2034176992315,0.0 -48.8923586,-27.2032348992315,0.0 -48.8922652,-27.2031298992315,0.0 -48.8921408,-27.2029859992315,0.0 -48.8919075,-27.2027876992315,0.0 -48.8917247,-27.2026398992315,0.0 -48.8915699,-27.2025095992316,0.0 -48.8915261,-27.2024706992315,0.0 -48.89146,-27.2024181992315,0.0 -48.8914133,-27.2023860992315,0.0 -48.8913745,-27.2023510992315,0.0 -48.8913414,-27.2023258992315,0.0 -48.8913152,-27.2023034992315,0.0 -48.891287,-27.2022840992315,0.0 -48.8912646,-27.2022752992316,0.0 -48.8912432,-27.2022684992316,0.0 -48.8909423,-27.2022199992316,0.0 -48.8907637,-27.2022097992316,0.0 -48.890544,-27.2022322992316,0.0 -48.8903415,-27.2022385992316,0.0 -48.890245,-27.2022409992315,0.0 -48.8901828,-27.2022234992316,0.0 -48.890111,-27.2021899992316,0.0 -48.8898534,-27.2020642992316,0.0 -48.8896503,-27.2019212992316,0.0 -48.889483,-27.2017687992316,0.0 -48.8893353,-27.2015159992316,0.0 -48.8892497,-27.2014031992316,0.0 -48.8891564,-27.2013254992316,0.0 -48.8891058,-27.2012943992316,0.0 -48.8890849,-27.2012826992316,0.0 -48.8889386,-27.2012009992316,0.0 -48.8887782,-27.2011309992316,0.0 -48.8886693,-27.2010298992316,0.0 -48.8885915,-27.2009481992316,0.0 -48.8885405,-27.2008839992316,0.0 -48.8884849,-27.2008088992316,0.0 -48.8884488,-27.2007612992316,0.0 -48.8884435,-27.2007343992316,0.0 -48.8884603,-27.2006754992316,0.0 -48.8884828,-27.2006149992316,0.0 -48.8884957,-27.2005293992316,0.0 -48.8884826,-27.2004368992316,0.0 -48.8884476,-27.2003007992316,0.0 -48.8883815,-27.2000945992316,0.0 -48.8883174,-27.1999001992316,0.0 -48.8882376,-27.1997640992316,0.0 -48.8880702,-27.1995395992316,0.0 -48.8879693,-27.1994043992316,0.0 -48.8878526,-27.1992682992316,0.0 -48.8877049,-27.1990310992316,0.0 -48.8875683,-27.1988336992316,0.0 -48.8875653,-27.1988315992316,0.0 -48.8874847,-27.1987733992316,0.0 -48.8874127,-27.1986800992316,0.0 -48.8873719,-27.1986022992316,0.0 -48.8873544,-27.1985244992316,0.0 -48.8873388,-27.1984505992316,0.0 -48.8873388,-27.1983423992316,0.0 -48.8873388,-27.1983183992316,0.0 -48.8873427,-27.1981978992316,0.0 -48.8873612,-27.1981161992316,0.0 -48.8873612,-27.1980267992316,0.0 -48.8873729,-27.1979178992316,0.0 -48.8873884,-27.1978089992316,0.0 -48.8874234,-27.1977039992316,0.0 -48.8874701,-27.1975367992316,0.0 -48.8875479,-27.1972742992316,0.0 -48.8875479,-27.1971070992317,0.0 -48.8875712,-27.1969203992317,0.0 -48.8876023,-27.1967997992317,0.0 -48.8876101,-27.1967259992317,0.0 -48.8876101,-27.1966170992317,0.0 -48.8875829,-27.1965120992317,0.0 -48.8875401,-27.1963720992317,0.0 -48.8875362,-27.1963112992317,0.0 -48.8875391,-27.1962616992317,0.0 -48.8875304,-27.1961887992317,0.0 -48.8875187,-27.1961284992317,0.0 -48.8875125,-27.1961049992317,0.0 -48.8875099,-27.1960954992317,0.0 -48.8875138,-27.1960730992317,0.0 -48.8875199,-27.1960593992317,0.0 -48.8875294,-27.1960380992317,0.0 -48.8875391,-27.1960205992317,0.0 -48.8876324,-27.1958650992317,0.0 -48.887718,-27.1957075992317,0.0 -48.8877608,-27.1955869992317,0.0 -48.8877647,-27.1954858992317,0.0 -48.8877647,-27.1953653992317,0.0 -48.8877413,-27.1952253992317,0.0 -48.8877063,-27.1950697992317,0.0 -48.887677,-27.1949711992317,0.0 -48.8876635,-27.1949258992317,0.0 -48.8876324,-27.1947819992317,0.0 -48.8876247,-27.1946536992317,0.0 -48.8875935,-27.1943425992317,0.0 -48.8875624,-27.1941830992317,0.0 -48.8874808,-27.1939303992317,0.0 -48.8873952,-27.1937203992317,0.0 -48.8873563,-27.1935103992317,0.0 -48.8873252,-27.1934131992317,0.0 -48.8873213,-27.1933392992317,0.0 -48.8873291,-27.1932070992317,0.0 -48.887332,-27.1931925992317,0.0 -48.8873486,-27.1931097992317,0.0 -48.8873991,-27.1929853992317,0.0 -48.8874808,-27.1928492992317,0.0 -48.8875274,-27.1927500992317,0.0 -48.8875352,-27.1926800992317,0.0 -48.8875158,-27.1926061992317,0.0 -48.8874924,-27.1925595992317,0.0 -48.8873719,-27.1923767992317,0.0 -48.8872941,-27.1922639992317,0.0 -48.8871541,-27.1921122992318,0.0 -48.8870413,-27.1920034992317,0.0 -48.8868897,-27.1918945992317,0.0 -48.8866797,-27.1917661992318,0.0 -48.8865353,-27.1916893992318,0.0 -48.8864634,-27.1916621992318,0.0 -48.8864011,-27.1916368992318,0.0 -48.8863409,-27.1916135992318,0.0 -48.8862806,-27.1916057992318,0.0 -48.8861853,-27.1915960992318,0.0 -48.8860978,-27.1915863992317,0.0 -48.8859909,-27.1915707992318,0.0 -48.8859403,-27.1915493992318,0.0 -48.8857781,-27.1914857992318,0.0 -48.8845816,-27.1906814992318,0.0 -48.8833314,-27.1894678992318,0.0 -48.88324,-27.1892899992318,0.0 -48.8831953,-27.1891888992318,0.0 -48.8831545,-27.1890547992318,0.0 -48.8830961,-27.1887805992318,0.0 -48.8830436,-27.1886405992318,0.0 -48.8830281,-27.1885744992318,0.0 -48.8830281,-27.1885238992318,0.0 -48.8830514,-27.1884811992318,0.0 -48.8830747,-27.1884538992318,0.0 -48.8831836,-27.1882594992318,0.0 -48.883207,-27.1881116992318,0.0 -48.8832147,-27.1880688992318,0.0 -48.8831875,-27.1879405992318,0.0 -48.8831097,-27.1877383992318,0.0 -48.8830475,-27.1875827992318,0.0 -48.8829425,-27.1873805992318,0.0 -48.8827986,-27.1872172992318,0.0 -48.8826742,-27.1870189992318,0.0 -48.8825371,-27.1866956992319,0.0 -48.8823748,-27.1862083992319,0.0 -48.882108,-27.1854059992319,0.0 -48.8819233,-27.1850575992319,0.0 -48.8818436,-27.1847821992319,0.0 -48.8818576,-27.1846314992319,0.0 -48.8818733,-27.1846003992319,0.0 -48.8818891,-27.1845691992319,0.0 -48.8819121,-27.1844915992319,0.0 -48.8819731,-27.1838414992319,0.0 -48.8819291,-27.1835474992319,0.0 -48.8818295,-27.1833286992319,0.0 -48.8817164,-27.1831124992319,0.0 -48.88166,-27.1828830992319,0.0 -48.8814211,-27.1824599992319,0.0 -48.8810361,-27.1819136992319,0.0 -48.8805518,-27.181156199232,0.0 -48.8798564,-27.180113099232,0.0 -48.8792231,-27.179318299232,0.0 -48.8788009,-27.178635299232,0.0 -48.878701,-27.178327299232,0.0 -48.8786519,-27.178175899232,0.0 -48.8785266,-27.177704099232,0.0 -48.878267,-27.177194899232,0.0 -48.8778361,-27.176910099232,0.0 -48.8775715,-27.176660899232,0.0 -48.8770268,-27.175985099232,0.0 -48.8769335,-27.1759062992321,0.0 -48.8768237,-27.1758813992321,0.0 -48.8766361,-27.1758851992321,0.0 -48.8763371,-27.1759367992321,0.0 -48.8759398,-27.1759454992321,0.0 -48.8756132,-27.1759410992321,0.0 -48.8751254,-27.1758642992321,0.0 -48.8748226,-27.1756980992321,0.0 -48.8746214,-27.1755219992321,0.0 -48.8745167,-27.1753693992321,0.0 -48.8743163,-27.1752249992321,0.0 -48.874025,-27.1751260992321,0.0 -48.8737483,-27.1750822992321,0.0 -48.8734239,-27.1751543992321,0.0 -48.8732217,-27.1753137992321,0.0 -48.8731419,-27.1754498992321,0.0 -48.8730622,-27.1755860992321,0.0 -48.8729386,-27.1756806992321,0.0 -48.8728133,-27.1757765992321,0.0 -48.8725573,-27.1758847992321,0.0 -48.8725372,-27.1758932992321,0.0 -48.8723117,-27.1759709992321,0.0 -48.8721445,-27.175978799232,0.0 -48.8719384,-27.1759554992321,0.0 -48.8717634,-27.1758737992321,0.0 -48.8715689,-27.1757765992321,0.0 -48.8714484,-27.1757493992321,0.0 -48.871285,-27.1757726992321,0.0 -48.8710634,-27.1758115992321,0.0 -48.8708689,-27.1757454992321,0.0 -48.8705384,-27.1756482992321,0.0 -48.8703439,-27.1755510992321,0.0 -48.8701456,-27.1754615992321,0.0 -48.8700352,-27.1753748992321,0.0 -48.8699823,-27.1752748992321,0.0 -48.8698578,-27.1750649992321,0.0 -48.8697008,-27.1746919992321,0.0 -48.869563,-27.1744938992321,0.0 -48.8693756,-27.1743863992321,0.0 -48.8688671,-27.1739987992321,0.0 -48.8686384,-27.1739941992321,0.0 -48.8683782,-27.1738034992321,0.0 -48.8682624,-27.1736867992321,0.0 -48.8680097,-27.1735988992321,0.0 -48.8679039,-27.1734641992321,0.0 -48.8677856,-27.1732817992321,0.0 -48.8676081,-27.1731690992321,0.0 -48.8673904,-27.1729941992321,0.0 -48.8672465,-27.1727529992321,0.0 -48.8671026,-27.1725585992321,0.0 -48.8670628,-27.1723481992321,0.0 -48.8669227,-27.1721599992321,0.0 -48.8668298,-27.1719770992321,0.0 -48.8667116,-27.1716971992321,0.0 -48.8665994,-27.1715803992321,0.0 -48.8663876,-27.1715017992321,0.0 -48.8661803,-27.1714461992321,0.0 -48.8660343,-27.1713217992322,0.0 -48.8658164,-27.1710740992322,0.0 -48.8656387,-27.1708646992322,0.0 -48.8650708,-27.1703105992322,0.0 -48.864705,-27.1698016992322,0.0 -48.8642909,-27.1694082992322,0.0 -48.864182,-27.1691726992322,0.0 -48.8641294,-27.1688113992322,0.0 -48.864074,-27.1685829992322,0.0 -48.8640188,-27.1683551992322,0.0 -48.8641838,-27.1681956992322,0.0 -48.8643292,-27.1680363992322,0.0 -48.864569,-27.1678544992322,0.0 -48.8647895,-27.1675849992322,0.0 -48.8649782,-27.1674370992322,0.0 -48.8652846,-27.1673455992322,0.0 -48.865409,-27.1672289992322,0.0 -48.8655646,-27.1670733992322,0.0 -48.8658096,-27.1668244992322,0.0 -48.8660079,-27.1665833992322,0.0 -48.866154,-27.1662162992322,0.0 -48.8662007,-27.1660549992322,0.0 -48.8662069,-27.1658114992322,0.0 -48.8662179,-27.1656675992322,0.0 -48.8661518,-27.1654847992323,0.0 -48.8659923,-27.1652592992323,0.0 -48.8658368,-27.1650064992323,0.0 -48.8656548,-27.1648978992323,0.0 -48.8654727,-27.1647891992323,0.0 -48.8651776,-27.1646149992323,0.0 -48.8649746,-27.1645339992323,0.0 -48.864806,-27.1643609992323,0.0 -48.8646956,-27.1640896992323,0.0 -48.8645111,-27.1638987992323,0.0 -48.8643969,-27.1637896992323,0.0 -48.8642223,-27.1637453992323,0.0 -48.8640333,-27.1637136992323,0.0 -48.8638613,-27.1637627992323,0.0 -48.8637511,-27.1637629992323,0.0 -48.863624,-27.1637620992323,0.0 -48.8635226,-27.1637050992323,0.0 -48.8634568,-27.1635636992323,0.0 -48.8634081,-27.1634246992323,0.0 -48.8633246,-27.1633420992323,0.0 -48.8632409,-27.1633214992323,0.0 -48.8630055,-27.1631335992323,0.0 -48.8627841,-27.1629375992323,0.0 -48.8625394,-27.1627919992323,0.0 -48.8622726,-27.1627347992323,0.0 -48.8620747,-27.1626914992323,0.0 -48.8615495,-27.1629798992323,0.0 -48.861204,-27.1631019992323,0.0 -48.8608686,-27.1632304992323,0.0 -48.860656,-27.1633852992323,0.0 -48.8603068,-27.1635657992323,0.0 -48.8599976,-27.1637072992323,0.0 -48.8595636,-27.1637035992323,0.0 -48.8590647,-27.1636318992323,0.0 -48.8586745,-27.1635086992323,0.0 -48.8582369,-27.1634854992323,0.0 -48.858022,-27.1632717992323,0.0 -48.8577282,-27.1629794992323,0.0 -48.8575331,-27.1626893992323,0.0 -48.8573466,-27.1625624992323,0.0 -48.857173,-27.1625255992323,0.0 -48.856791,-27.1624749992323,0.0 -48.8564316,-27.1625497992323,0.0 -48.8560638,-27.1625007992323,0.0 -48.8558141,-27.1622246992323,0.0 -48.8555052,-27.1617220992323,0.0 -48.8552874,-27.1613531992323,0.0 -48.8549524,-27.1610878992323,0.0 -48.8547134,-27.1609673992323,0.0 -48.8544606,-27.1608398992323,0.0 -48.8541747,-27.1605886992323,0.0 -48.8538457,-27.1604808992323,0.0 -48.8535137,-27.1602212992324,0.0 -48.8533003,-27.1600737992324,0.0 -48.8530698,-27.1598101992324,0.0 -48.852871,-27.1596112992324,0.0 -48.8526808,-27.1594235992324,0.0 -48.8525025,-27.1591442992324,0.0 -48.8524156,-27.1589109992324,0.0 -48.8523428,-27.1587750992324,0.0 -48.851982,-27.1582080992324,0.0 -48.8518568,-27.1580556992324,0.0 -48.8517866,-27.1580357992324,0.0 -48.8517247,-27.1580399992324,0.0 -48.8516367,-27.1580921992324,0.0 -48.8513289,-27.1583494992324,0.0 -48.8511339,-27.1583926992324,0.0 -48.8507985,-27.1584305992324,0.0 -48.8505613,-27.1583376992324,0.0 -48.8502485,-27.1581035992324,0.0 -48.8500542,-27.1578584992324,0.0 -48.849797,-27.1575525992324,0.0 -48.8496215,-27.1573072992324,0.0 -48.8495288,-27.1572073992324,0.0 -48.849379,-27.1570936992324,0.0 -48.8492438,-27.1570376992324,0.0 -48.8490397,-27.1570319992324,0.0 -48.848829,-27.1571218992324,0.0 -48.8486705,-27.1571208992324,0.0 -48.8485647,-27.1570876992324,0.0 -48.8484162,-27.1569855992324,0.0 -48.8483276,-27.1567629992324,0.0 -48.8481473,-27.1565917992324,0.0 -48.8477145,-27.1563697992324,0.0 -48.8473464,-27.1561938992324,0.0 -48.8469728,-27.1561254992324,0.0 -48.8466627,-27.1560853992324,0.0 -48.845833,-27.1562702992324,0.0 -48.8449071,-27.1564292992324,0.0 -48.8443433,-27.1566044992324,0.0 -48.8441665,-27.1567639992324,0.0 -48.8440438,-27.1569604992324,0.0 -48.8436817,-27.1572728992324,0.0 -48.8434353,-27.1573894992324,0.0 -48.8432389,-27.1575067992324,0.0 -48.843089,-27.1575538992324,0.0 -48.8429978,-27.1575524992324,0.0 -48.8428883,-27.1575240992324,0.0 -48.8427692,-27.1573696992324,0.0 -48.8425503,-27.1569546992324,0.0 -48.8423947,-27.1566448992324,0.0 -48.8421599,-27.1562024992324,0.0 -48.8419386,-27.1560002992324,0.0 -48.8417199,-27.1558958992324,0.0 -48.8412002,-27.1554968992324,0.0 -48.8409517,-27.1552709992325,0.0 -48.8406792,-27.1550213992324,0.0 -48.8403182,-27.1546750992325,0.0 -48.8401335,-27.1545445992325,0.0 -48.8396456,-27.1544432992325,0.0 -48.8393344,-27.1543219992325,0.0 -48.8389892,-27.1540230992325,0.0 -48.8386948,-27.1538083992325,0.0 -48.8383944,-27.1535062992325,0.0 -48.8379567,-27.1531259992325,0.0 -48.8378157,-27.1529139992325,0.0 -48.8373872,-27.1523093992325,0.0 -48.836905,-27.1516474992325,0.0 -48.8366422,-27.1514374992325,0.0 -48.8364357,-27.1513466992325,0.0 -48.8360025,-27.1512258992325,0.0 -48.8356678,-27.1511555992325,0.0 -48.8354344,-27.1510970992325,0.0 -48.8352397,-27.1510266992325,0.0 -48.8350831,-27.1508797992325,0.0 -48.8346379,-27.1502796992325,0.0 -48.8342873,-27.1499284992326,0.0 -48.8339496,-27.1494827992326,0.0 -48.8331403,-27.1486709992326,0.0 -48.832305,-27.1477951992326,0.0 -48.8318091,-27.1473835992326,0.0 -48.8312528,-27.1470069992326,0.0 -48.8310132,-27.1467558992326,0.0 -48.8307781,-27.1465095992326,0.0 -48.8305977,-27.1460722992326,0.0 -48.8304614,-27.1457717992326,0.0 -48.8300964,-27.1452019992326,0.0 -48.8298131,-27.1449283992326,0.0 -48.8294204,-27.1447254992327,0.0 -48.828934,-27.1444425992327,0.0 -48.8289001,-27.1443865992327,0.0 -48.8288966,-27.1443245992327,0.0 -48.8289078,-27.1441501992327,0.0 -48.8290216,-27.1437565992327,0.0 -48.8289935,-27.1433878992327,0.0 -48.8289144,-27.1432329992327,0.0 -48.8287375,-27.1431033992327,0.0 -48.8283574,-27.1427964992327,0.0 -48.8279788,-27.1425588992327,0.0 -48.8275693,-27.1422742992327,0.0 -48.8272178,-27.1421078992327,0.0 -48.8267909,-27.1418549992327,0.0 -48.8263254,-27.1414929992327,0.0 -48.8259394,-27.1411760992327,0.0 -48.8254659,-27.1407873992327,0.0 -48.8250333,-27.1403770992327,0.0 -48.8243727,-27.1395731992327,0.0 -48.8240743,-27.1391125992328,0.0 -48.8238558,-27.1390186992328,0.0 -48.8236191,-27.1390041992328,0.0 -48.8233897,-27.1390500992328,0.0 -48.8231335,-27.1390481992328,0.0 -48.8228552,-27.1390611992328,0.0 -48.822525,-27.1390798992328,0.0 -48.8215756,-27.1387417992328,0.0 -48.8207166,-27.1385241992328,0.0 -48.820014,-27.1382635992328,0.0 -48.8195534,-27.1382256992328,0.0 -48.8187888,-27.1381213992328,0.0 -48.8183002,-27.1379822992328,0.0 -48.8180324,-27.1377670992328,0.0 -48.8177811,-27.1374896992328,0.0 -48.8176285,-27.1372150992328,0.0 -48.8174818,-27.1370643992328,0.0 -48.8168398,-27.1366780992328,0.0 -48.8163573,-27.1363049992328,0.0 -48.8154499,-27.1358493992328,0.0 -48.8132113,-27.1349976992328,0.0 -48.8129331,-27.1348680992328,0.0 -48.8126548,-27.1347384992328,0.0 -48.812379,-27.1346496992328,0.0 -48.8121754,-27.1347638992328,0.0 -48.8119672,-27.1349228992328,0.0 -48.8116553,-27.1351457992328,0.0 -48.8112602,-27.1354150992328,0.0 -48.8110871,-27.1355676992328,0.0 -48.8109593,-27.1357378992328,0.0 -48.8108997,-27.1358908992328,0.0 -48.8108906,-27.1360223992328,0.0 -48.8109217,-27.1362617992328,0.0 -48.8109342,-27.1364604992328,0.0 -48.8109301,-27.1365655992328,0.0 -48.8109092,-27.1366640992328,0.0 -48.8108415,-27.1368581992328,0.0 -48.8100147,-27.1381984992328,0.0 -48.8096359,-27.1387568992328,0.0 -48.8094286,-27.1390104992328,0.0 -48.8092615,-27.1391463992328,0.0 -48.8091505,-27.1392407992327,0.0 -48.8087893,-27.1396696992328,0.0 -48.8086519,-27.1398096992327,0.0 -48.8084902,-27.1399160992327,0.0 -48.8083447,-27.1400040992327,0.0 -48.8081708,-27.1400836992327,0.0 -48.8079359,-27.1401968992327,0.0 -48.8075643,-27.1404362992327,0.0 -48.8074231,-27.1405388992327,0.0 -48.8072523,-27.1407287992327,0.0 -48.8070547,-27.1410333992327,0.0 -48.8069443,-27.1411920992327,0.0 -48.8067464,-27.1413568992327,0.0 -48.8065485,-27.1414751992327,0.0 -48.8064165,-27.1415547992327,0.0 -48.8063413,-27.1415754992327,0.0 -48.8062701,-27.1415864992327,0.0 -48.8061278,-27.1416067992327,0.0 -48.805994,-27.1416016992327,0.0 -48.8056902,-27.1415600992327,0.0 -48.8054089,-27.1414911992327,0.0 -48.8046941,-27.1411770992327,0.0 -48.8041485,-27.1409983992327,0.0 -48.8040491,-27.1409746992327,0.0 -48.8039992,-27.1409790992327,0.0 -48.8039442,-27.1409970992327,0.0 -48.8038876,-27.1410350992327,0.0 -48.8038299,-27.1410975992327,0.0 -48.803783,-27.1411298992327,0.0 -48.8037296,-27.1411648992327,0.0 -48.8036282,-27.1411896992327,0.0 -48.8035046,-27.1412122992327,0.0 -48.8032127,-27.1411798992327,0.0 -48.8031087,-27.1411949992327,0.0 -48.8029877,-27.1412409992327,0.0 -48.8028619,-27.1413352992327,0.0 -48.8027563,-27.1414409992327,0.0 -48.8027007,-27.1415045992327,0.0 -48.8026559,-27.1415790992327,0.0 -48.8025943,-27.1416853992327,0.0 -48.8025446,-27.1418058992327,0.0 -48.8024818,-27.1419998992327,0.0 -48.8024413,-27.1422221992327,0.0 -48.802413,-27.1424194992327,0.0 -48.8024008,-27.1426229992327,0.0 -48.8024276,-27.1431487992327,0.0 -48.8024167,-27.1432627992327,0.0 -48.8023873,-27.1434156992327,0.0 -48.8023485,-27.1435314992327,0.0 -48.8022819,-27.1436797992327,0.0 -48.8021517,-27.1439107992327,0.0 -48.8020504,-27.1441472992327,0.0 -48.801974,-27.1444625992327,0.0 -48.801897,-27.1447481992326,0.0 -48.8018059,-27.1449723992326,0.0 -48.8016968,-27.1452372992326,0.0 -48.8016367,-27.1453325992326,0.0 -48.8015571,-27.1454017992326,0.0 -48.8013539,-27.1455341992326,0.0 -48.8011217,-27.1456431992326,0.0 -48.8007892,-27.1457656992326,0.0 -48.8004464,-27.1458549992326,0.0 -48.8003435,-27.1459006992326,0.0 -48.8002566,-27.1459760992326,0.0 -48.8001695,-27.1461701992326,0.0 -48.8001393,-27.1463797992326,0.0 -48.8001393,-27.1466474992326,0.0 -48.8001393,-27.1469168992326,0.0 -48.8001393,-27.1474194992326,0.0 -48.8000554,-27.1480765992326,0.0 -48.8000501,-27.1487299992326,0.0 -48.8000116,-27.1488566992326,0.0 -48.7999547,-27.1489689992326,0.0 -48.7998623,-27.1490712992326,0.0 -48.7996976,-27.1491744992326,0.0 -48.7996358,-27.1492444992326,0.0 -48.7995952,-27.1493592992326,0.0 -48.7994524,-27.1499775992325,0.0 -48.7994088,-27.1502127992325,0.0 -48.7994103,-27.1502927992325,0.0 -48.7994259,-27.1503546992325,0.0 -48.7994696,-27.1504915992325,0.0 -48.799611,-27.1507689992325,0.0 -48.799763,-27.1510872992325,0.0 -48.8005066,-27.1523632992325,0.0 -48.8005985,-27.1525079992325,0.0 -48.8006529,-27.1526705992325,0.0 -48.8006972,-27.1528402992325,0.0 -48.8007158,-27.1530600992325,0.0 -48.8006984,-27.1532706992325,0.0 -48.8006147,-27.1535342992325,0.0 -48.8005183,-27.1538852992325,0.0 -48.8004073,-27.1542313992325,0.0 -48.800259,-27.1547250992325,0.0 -48.8002118,-27.1548303992325,0.0 -48.8001199,-27.1549409992325,0.0 -48.8000167,-27.1550298992325,0.0 -48.7999477,-27.1550560992325,0.0 -48.7998787,-27.1550823992325,0.0 -48.7996325,-27.1551309992325,0.0 -48.7993896,-27.1551149992324,0.0 -48.7992329,-27.1553297992325,0.0 -48.7991729,-27.1554732992325,0.0 -48.7989055,-27.1562714992324,0.0 -48.7986566,-27.1567769992324,0.0 -48.7984544,-27.1572902992324,0.0 -48.7982055,-27.1576247992324,0.0 -48.7980537,-27.1578884992324,0.0 -48.7979099,-27.1581380992324,0.0 -48.7976999,-27.1584102992324,0.0 -48.7973811,-27.1586513992324,0.0 -48.7969922,-27.1588302992324,0.0 -48.7966033,-27.1590247992324,0.0 -48.7962032,-27.1591337992324,0.0 -48.7959325,-27.1592074992324,0.0 -48.7957925,-27.1592697992324,0.0 -48.7956525,-27.1593708992324,0.0 -48.795563,-27.1594874992324,0.0 -48.7954633,-27.1596663992324,0.0 -48.7953433,-27.1599863992324,0.0 -48.7952116,-27.1601321992324,0.0 -48.7949771,-27.1605093992324,0.0 -48.7942263,-27.1613356992323,0.0 -48.7940954,-27.1615485992323,0.0 -48.7941167,-27.1616410992323,0.0 -48.7942673,-27.1616614992323,0.0 -48.7943876,-27.1616428992323,0.0 -48.7945471,-27.1616661992323,0.0 -48.7947532,-27.1617634992323,0.0 -48.7948971,-27.1617867992323,0.0 -48.7950021,-27.1617867992323,0.0 -48.7951771,-27.1617789992323,0.0 -48.7953365,-27.1617750992323,0.0 -48.7954959,-27.1617984992323,0.0 -48.7956048,-27.1618528992323,0.0 -48.7958226,-27.1619578992323,0.0 -48.7959432,-27.1620278992323,0.0 -48.7962582,-27.1622047992323,0.0 -48.7964293,-27.1623175992323,0.0 -48.7965498,-27.1624653992323,0.0 -48.7966587,-27.1626675992323,0.0 -48.7967404,-27.1629728992323,0.0 -48.7967715,-27.1633539992323,0.0 -48.7968026,-27.1636650992323,0.0 -48.7966237,-27.1643028992323,0.0 -48.796647,-27.1646139992323,0.0 -48.7966159,-27.1651000992323,0.0 -48.7965624,-27.1653534992323,0.0 -48.7966284,-27.1656553992323,0.0 -48.7966777,-27.1657132992323,0.0 -48.7967396,-27.1657592992322,0.0 -48.7967661,-27.1658401992323,0.0 -48.7967598,-27.1659147992322,0.0 -48.7966991,-27.1660107992322,0.0 -48.7966174,-27.1660943992322,0.0 -48.796402,-27.1662550992322,0.0 -48.7963337,-27.1663099992322,0.0 -48.7963238,-27.1663432992322,0.0 -48.7963441,-27.1663774992322,0.0 -48.796542,-27.1665388992322,0.0 -48.796857,-27.1668772992322,0.0 -48.7971915,-27.1674838992322,0.0 -48.7975492,-27.1680205992322,0.0 -48.7977532,-27.1682469992322,0.0 -48.798152,-27.1684677992322,0.0 -48.798651,-27.1687210992322,0.0 -48.7986967,-27.1688376992322,0.0 -48.7986828,-27.1689830992322,0.0 -48.7985979,-27.1691259992322,0.0 -48.7985642,-27.1693232992322,0.0 -48.7985903,-27.1694401992322,0.0 -48.7986508,-27.1695379992322,0.0 -48.7989041,-27.1696168992322,0.0 -48.7991392,-27.1696422992322,0.0 -48.7992876,-27.1697005992322,0.0 -48.7998946,-27.1699769992322,0.0 -48.8006762,-27.1703593992322,0.0 -48.8010463,-27.1705220992322,0.0 -48.8013846,-27.1707203992322,0.0 -48.8015946,-27.1708292992322,0.0 -48.801824,-27.1709497992322,0.0 -48.8019621,-27.1711150992321,0.0 -48.8020087,-27.1713222992321,0.0 -48.8020236,-27.1714721992321,0.0 -48.8021083,-27.1716411992321,0.0 -48.80232,-27.1720468992321,0.0 -48.8023775,-27.1723026992321,0.0 -48.8024935,-27.1725877992321,0.0 -48.8030008,-27.1731282992321,0.0 -48.8035414,-27.1737676992321,0.0 -48.8043061,-27.1743842992321,0.0 -48.8042883,-27.1744569992321,0.0 -48.8041549,-27.1745405992321,0.0 -48.8038876,-27.1745984992321,0.0 -48.8036274,-27.1746358992321,0.0 -48.8033561,-27.1746304992321,0.0 -48.8030125,-27.1746093992321,0.0 -48.8026817,-27.1746187992321,0.0 -48.8024304,-27.1746805992321,0.0 -48.8021507,-27.1748334992321,0.0 -48.8017773,-27.1749112992321,0.0 -48.8009509,-27.1750548992321,0.0 -48.8003351,-27.1753750992321,0.0 -48.7993655,-27.1758439992321,0.0 -48.7989445,-27.176141199232,0.0 -48.7983885,-27.176413699232,0.0 -48.7982738,-27.176502599232,0.0 -48.7982084,-27.176596199232,0.0 -48.7981508,-27.176758899232,0.0 -48.7980635,-27.177006599232,0.0 -48.7979635,-27.177175999232,0.0 -48.7976765,-27.177757899232,0.0 -48.7974936,-27.178165199232,0.0 -48.7974873,-27.178335699232,0.0 -48.7975294,-27.178521099232,0.0 -48.7976275,-27.178712499232,0.0 -48.7978555,-27.179378399232,0.0 -48.7978935,-27.179846799232,0.0 -48.797864,-27.180498799232,0.0 -48.7979776,-27.181191199232,0.0 -48.7979386,-27.1818072992319,0.0 -48.7979922,-27.1818847992319,0.0 -48.7981254,-27.1819722992319,0.0 -48.7987252,-27.1821776992319,0.0 -48.7988078,-27.1822104992319,0.0 -48.7988437,-27.1822214992319,0.0 -48.7988697,-27.1822302992319,0.0 -48.7988798,-27.1822341992319,0.0 -48.7989058,-27.1822497992319,0.0 -48.7989348,-27.1822747992319,0.0 -48.7989807,-27.1823142992319,0.0 -48.7990182,-27.1823434992319,0.0 -48.7990848,-27.1823912992319,0.0 -48.7991743,-27.1824308992319,0.0 -48.7992513,-27.1824641992319,0.0 -48.7993324,-27.1824786992319,0.0 -48.7993782,-27.1824801992319,0.0 -48.7994635,-27.1824828992319,0.0 -48.799591,-27.1824818992319,0.0 -48.7997346,-27.1824942992319,0.0 -48.7998282,-27.1825151992319,0.0 -48.7999115,-27.1825463992319,0.0 -48.8000072,-27.1826358992319,0.0 -48.800105,-27.1827232992319,0.0 -48.8001841,-27.1827960992319,0.0 -48.8002694,-27.1828896992319,0.0 -48.8002869,-27.1829220992319,0.0 -48.800311,-27.1829666992319,0.0 -48.8003943,-27.1830603992319,0.0 -48.8004754,-27.1831123992319,0.0 -48.8005462,-27.1831747992319,0.0 -48.800666,-27.1832546992319,0.0 -48.800721,-27.1832913992319,0.0 -48.8008542,-27.1833787992319,0.0 -48.8010498,-27.1834952992319,0.0 -48.8012971,-27.1836454992319,0.0 -48.8016851,-27.1838748992319,0.0 -48.8021526,-27.1844028992319,0.0 -48.8022241,-27.1848476992319,0.0 -48.8023669,-27.1852286992319,0.0 -48.8025405,-27.1854950992319,0.0 -48.8027859,-27.1858962992319,0.0 -48.8027505,-27.1861526992319,0.0 -48.8027994,-27.1863106992319,0.0 -48.8029372,-27.1864166992319,0.0 -48.8031324,-27.1865348992318,0.0 -48.80333,-27.1866061992319,0.0 -48.8035415,-27.1866768992318,0.0 -48.8037318,-27.1867306992318,0.0 -48.8038116,-27.1868230992319,0.0 -48.8038368,-27.1869251992318,0.0 -48.8040069,-27.1874438992318,0.0 -48.8041656,-27.1878639992318,0.0 -48.8042248,-27.1881959992318,0.0 -48.804182,-27.1885990992318,0.0 -48.8042372,-27.1891312992318,0.0 -48.8042689,-27.1893955992318,0.0 -48.8042792,-27.1894813992318,0.0 -48.8042092,-27.1897474992318,0.0 -48.8039138,-27.1900046992318,0.0 -48.8035158,-27.1904502992318,0.0 -48.8032243,-27.1910178992318,0.0 -48.8030065,-27.1913018992318,0.0 -48.8029031,-27.1914591992318,0.0 -48.8028456,-27.1917195992318,0.0 -48.8028983,-27.1926975992317,0.0 -48.8028006,-27.1930986992317,0.0 -48.8027999,-27.1932605992317,0.0 -48.8028205,-27.1934771992317,0.0 -48.8026654,-27.1937260992317,0.0 -48.8025708,-27.1942426992317,0.0 -48.8024033,-27.1943163992317,0.0 -48.8022347,-27.1943437992317,0.0 -48.8014069,-27.1942636992317,0.0 -48.8007705,-27.1941025992317,0.0 -48.8001516,-27.1939062992317,0.0 -48.7998666,-27.1938077992317,0.0 -48.7995987,-27.1937488992317,0.0 -48.7994474,-27.1936655992317,0.0 -48.7991119,-27.1935354992317,0.0 -48.799008,-27.1935222992317,0.0 -48.798909,-27.1935537992317,0.0 -48.7986396,-27.1937765992317,0.0 -48.7984034,-27.1939419992317,0.0 -48.7979029,-27.1940563992317,0.0 -48.7975396,-27.1941772992317,0.0 -48.7972796,-27.1942908992317,0.0 -48.7969417,-27.1945846992317,0.0 -48.7966853,-27.1948124992317,0.0 -48.7962482,-27.1949147992317,0.0 -48.7958809,-27.1949065992317,0.0 -48.7955058,-27.1950042992317,0.0 -48.7951821,-27.1952738992317,0.0 -48.7949786,-27.1955124992317,0.0 -48.7947701,-27.1956076992317,0.0 -48.7945123,-27.1958159992317,0.0 -48.7942882,-27.1962269992317,0.0 -48.7939982,-27.1966302992317,0.0 -48.7938642,-27.1968378992316,0.0 -48.7935875,-27.1971791992316,0.0 -48.7933193,-27.1975972992316,0.0 -48.7932203,-27.1977864992316,0.0 -48.7927837,-27.1984126992316,0.0 -48.7926024,-27.1987572992316,0.0 -48.7925399,-27.1989404992316,0.0 -48.7924741,-27.1991431992316,0.0 -48.7924212,-27.1993913992316,0.0 -48.7923332,-27.1996187992316,0.0 -48.7920252,-27.1999553992316,0.0 -48.7918934,-27.2002110992316,0.0 -48.7918026,-27.2005894992316,0.0 -48.7917843,-27.2008431992316,0.0 -48.7916305,-27.2010039992316,0.0 -48.7912152,-27.2014172992316,0.0 -48.7909455,-27.2016670992316,0.0 -48.7907546,-27.2019318992316,0.0 -48.7904637,-27.2025265992315,0.0 -48.7902936,-27.2030212992315,0.0 -48.7902082,-27.2032917992315,0.0 -48.7900278,-27.2036216992315,0.0 -48.7899199,-27.2038855992315,0.0 -48.7897754,-27.2040698992315,0.0 -48.7895514,-27.2041797992315,0.0 -48.789433,-27.2042724992315,0.0 -48.7894091,-27.2043716992315,0.0 -48.789426,-27.2044867992315,0.0 -48.7894942,-27.2045667992315,0.0 -48.7894869,-27.2047890992315,0.0 -48.7894069,-27.2049984992315,0.0 -48.7891972,-27.2052495992315,0.0 -48.7889171,-27.2055996992315,0.0 -48.788682,-27.2058449992315,0.0 -48.7884032,-27.2060092992315,0.0 -48.7880537,-27.2061822992315,0.0 -48.787699,-27.2063076992315,0.0 -48.7874103,-27.2062804992315,0.0 -48.7871458,-27.2062781992315,0.0 -48.7869559,-27.2062088992315,0.0 -48.786818,-27.2061743992315,0.0 -48.7866158,-27.2061644992315,0.0 -48.7863941,-27.2061808992315,0.0 -48.7861723,-27.2063643992315,0.0 -48.785939,-27.2065051992315,0.0 -48.7858355,-27.2066849992315,0.0 -48.7858056,-27.2068383992315,0.0 -48.7857502,-27.2070044992315,0.0 -48.7855081,-27.2072376992315,0.0 -48.7849634,-27.2076091992315,0.0 -48.7847208,-27.2078317992314,0.0 -48.7844734,-27.2080740992314,0.0 -48.7843293,-27.2081590992314,0.0 -48.7840116,-27.2081590992314,0.0 -48.7838027,-27.2082486992314,0.0 -48.7836139,-27.2084664992314,0.0 -48.7833744,-27.2086936992314,0.0 -48.7831968,-27.2088578992314,0.0 -48.7830701,-27.2090276992314,0.0 -48.7827835,-27.2095907992314,0.0 -48.7823704,-27.2099236992314,0.0 -48.7818028,-27.2103063992314,0.0 -48.7812741,-27.2104839992314,0.0 -48.7808245,-27.2107242992314,0.0 -48.7805351,-27.2108926992314,0.0 -48.7802785,-27.2110170992314,0.0 -48.7799577,-27.2110250992314,0.0 -48.7796832,-27.2109086992314,0.0 -48.7793238,-27.2108323992314,0.0 -48.7790338,-27.2109200992314,0.0 -48.7786983,-27.2110205992314,0.0 -48.7784182,-27.2110780992314,0.0 -48.7779234,-27.2110259992314,0.0 -48.7776005,-27.2109754992314,0.0 -48.777266,-27.2110439992314,0.0 -48.7767963,-27.2111311992314,0.0 -48.7764398,-27.2111311992314,0.0 -48.7756361,-27.2111684992314,0.0 -48.7751367,-27.2110830992314,0.0 -48.7747625,-27.2110346992314,0.0 -48.7742801,-27.2109576992314,0.0 -48.7738989,-27.2109623992314,0.0 -48.7736324,-27.2110555992314,0.0 -48.7732594,-27.2112478992314,0.0 -48.7729535,-27.2113659992314,0.0 -48.7726609,-27.2115016992314,0.0 -48.7725143,-27.2115733992314,0.0 -48.7723366,-27.2117057992314,0.0 -48.7722615,-27.2117721992314,0.0 -48.7722012,-27.2118340992314,0.0 -48.7721994,-27.2120174992314,0.0 -48.7721959,-27.2124148992314,0.0 -48.7722596,-27.2126219992314,0.0 -48.7723542,-27.2127730992314,0.0 -48.7723764,-27.2132067992313,0.0 -48.7723809,-27.2133327992313,0.0 -48.7724768,-27.2138478992313,0.0 -48.7723927,-27.2142259992313,0.0 -48.7723301,-27.2145002992313,0.0 -48.77236,-27.2146926992313,0.0 -48.7723623,-27.2148767992313,0.0 -48.7722572,-27.2150470992313,0.0 -48.7720597,-27.2152668992313,0.0 -48.7719189,-27.2153664992313,0.0 -48.7719485,-27.2155314992313,0.0 -48.7720091,-27.2157422992313,0.0 -48.7721274,-27.2160059992313,0.0 -48.7723071,-27.2163420992313,0.0 -48.7725296,-27.2167364992313,0.0 -48.772578,-27.2169684992313,0.0 -48.7725926,-27.2172276992313,0.0 -48.7725713,-27.2173927992313,0.0 -48.7723439,-27.2177198992312,0.0 -48.7720977,-27.2178921992313,0.0 -48.7718313,-27.2180934992312,0.0 -48.7716285,-27.2182833992313,0.0 -48.7714443,-27.2184835992312,0.0 -48.7712553,-27.2186084992312,0.0 -48.7710685,-27.2187976992312,0.0 -48.7709895,-27.2190385992312,0.0 -48.771099,-27.2195939992312,0.0 -48.7709681,-27.2199353992312,0.0 -48.770954,-27.2201575992312,0.0 -48.7707467,-27.2204150992312,0.0 -48.7706005,-27.2207379992312,0.0 -48.7702786,-27.2211465992312,0.0 -48.7698956,-27.2213058992312,0.0 -48.7696261,-27.2214810992312,0.0 -48.7694238,-27.2217714992312,0.0 -48.7693873,-27.2220198992312,0.0 -48.7693802,-27.2225854992312,0.0 -48.7693423,-27.2228887992312,0.0 -48.7692533,-27.2233326992312,0.0 -48.7691751,-27.2237245992311,0.0 -48.7691127,-27.2240891992311,0.0 -48.7690726,-27.2242539992311,0.0 -48.7689887,-27.2244479992311,0.0 -48.7688716,-27.2246243992311,0.0 -48.768681,-27.2247796992311,0.0 -48.7685352,-27.2248162992311,0.0 -48.7683828,-27.2248194992311,0.0 -48.7681947,-27.2248363992311,0.0 -48.7680509,-27.2249451992311,0.0 -48.7679455,-27.2250835992311,0.0 -48.7678241,-27.2253252992311,0.0 -48.7675369,-27.2255148992311,0.0 -48.767223,-27.2257769992311,0.0 -48.7671549,-27.2259727992311,0.0 -48.7669868,-27.2260837992311,0.0 -48.7664611,-27.2260591992311,0.0 -48.7661135,-27.2260808992311,0.0 -48.7657012,-27.2261656992311,0.0 -48.7653647,-27.2263941992311,0.0 -48.7650346,-27.2266184992311,0.0 -48.7649141,-27.2268428992311,0.0 -48.7648358,-27.2271840992311,0.0 -48.7647835,-27.2273969992311,0.0 -48.7646184,-27.2275893992311,0.0 -48.764494,-27.2277293992311,0.0 -48.76423,-27.2281472992311,0.0 -48.7641169,-27.228633399231,0.0 -48.7639384,-27.228841999231,0.0 -48.7638035,-27.228964499231,0.0 -48.7637368,-27.229119899231,0.0 -48.7637121,-27.229252399231,0.0 -48.7637486,-27.229399799231,0.0 -48.7637081,-27.229461299231,0.0 -48.7636264,-27.229461299231,0.0 -48.76348,-27.229368699231,0.0 -48.762954,-27.229280099231,0.0 -48.7627256,-27.229301599231,0.0 -48.7625666,-27.229365599231,0.0 -48.762324,-27.229560099231,0.0 -48.7622739,-27.229653399231,0.0 -48.7622009,-27.229730799231,0.0 -48.7620886,-27.229732399231,0.0 -48.7619342,-27.229742899231,0.0 -48.7617256,-27.229744799231,0.0 -48.761533,-27.229725399231,0.0 -48.7613216,-27.229672999231,0.0 -48.7610824,-27.229695399231,0.0 -48.760978,-27.229703199231,0.0 -48.7607486,-27.229752499231,0.0 -48.7606167,-27.229740499231,0.0 -48.7603974,-27.229650899231,0.0 -48.7600375,-27.229524399231,0.0 -48.7598843,-27.229546399231,0.0 -48.7597977,-27.229589199231,0.0 -48.7596189,-27.229713599231,0.0 -48.759405,-27.229927499231,0.0 -48.7592222,-27.230234799231,0.0 -48.7592027,-27.230328099231,0.0 -48.7591911,-27.230405899231,0.0 -48.7591366,-27.230534199231,0.0 -48.7590511,-27.230627499231,0.0 -48.7589694,-27.230713099231,0.0 -48.7588683,-27.230818099231,0.0 -48.7587478,-27.230895899231,0.0 -48.7586194,-27.230938599231,0.0 -48.758425,-27.230965899231,0.0 -48.7583317,-27.230969699231,0.0 -48.7582723,-27.230954199231,0.0 -48.7582209,-27.230927199231,0.0 -48.7580137,-27.230899699231,0.0 -48.7578212,-27.230880299231,0.0 -48.7576871,-27.230858899231,0.0 -48.7575646,-27.230802499231,0.0 -48.7574518,-27.230732499231,0.0 -48.7573604,-27.230699499231,0.0 -48.7572224,-27.230643099231,0.0 -48.7570163,-27.230646999231,0.0 -48.756849,-27.230608099231,0.0 -48.7567557,-27.230611999231,0.0 -48.7565846,-27.230678099231,0.0 -48.7564057,-27.230716999231,0.0 -48.7562502,-27.230763599231,0.0 -48.7561257,-27.230818099231,0.0 -48.7559663,-27.230904399231,0.0 -48.7559235,-27.230987199231,0.0 -48.7559079,-27.231127199231,0.0 -48.7559702,-27.231317799231,0.0 -48.7560324,-27.231535599231,0.0 -48.7560752,-27.231710599231,0.0 -48.7560635,-27.231873899231,0.0 -48.7560168,-27.232002199231,0.0 -48.7559624,-27.232107199231,0.0 -48.7558496,-27.232235599231,0.0 -48.7557485,-27.232379399231,0.0 -48.7554902,-27.232640899231,0.0 -48.7552334,-27.232872899231,0.0 -48.754983,-27.233035499231,0.0 -48.7548203,-27.233213799231,0.0 -48.7547345,-27.233274499231,0.0 -48.7546185,-27.233304299231,0.0 -48.7543582,-27.233205799231,0.0 -48.7541405,-27.233182499231,0.0 -48.7538605,-27.233197999231,0.0 -48.753596,-27.233275799231,0.0 -48.7534424,-27.233285499231,0.0 -48.7531838,-27.233221399231,0.0 -48.7530438,-27.233127999231,0.0 -48.7527327,-27.232964699231,0.0 -48.7525538,-27.232637999231,0.0 -48.7524994,-27.232513599231,0.0 -48.7524449,-27.232459199231,0.0 -48.7523749,-27.232400799231,0.0 -48.7522738,-27.232396899231,0.0 -48.7521222,-27.232459199231,0.0 -48.7519122,-27.232525299231,0.0 -48.7517838,-27.232567999231,0.0 -48.7515972,-27.232669199231,0.0 -48.751465,-27.232797499231,0.0 -48.7514018,-27.232869399231,0.0 -48.7512423,-27.233036699231,0.0 -48.7511645,-27.233056099231,0.0 -48.7510245,-27.233052199231,0.0 -48.7507103,-27.232984699231,0.0 -48.750515,-27.232962199231,0.0 -48.7504636,-27.232956199231,0.0 -48.7503197,-27.232939599231,0.0 -48.7499753,-27.232877699231,0.0 -48.7493365,-27.232865199231,0.0 -48.7491134,-27.232887499231,0.0 -48.7488903,-27.232909799231,0.0 -48.7488102,-27.232974399231,0.0 -48.7487846,-27.233034699231,0.0 -48.7487846,-27.233151399231,0.0 -48.7489868,-27.233571399231,0.0 -48.7490724,-27.233874699231,0.0 -48.7490879,-27.2340379992309,0.0 -48.7490335,-27.2342168992309,0.0 -48.7490179,-27.2344035992309,0.0 -48.7490024,-27.2346601992309,0.0 -48.7489168,-27.2348468992309,0.0 -48.7486649,-27.2350832992309,0.0 -48.7483849,-27.2352720992309,0.0 -48.7482641,-27.2355153992309,0.0 -48.7481943,-27.2358056992309,0.0 -48.7479849,-27.2359311992309,0.0 -48.7477018,-27.2360087992309,0.0 -48.7474038,-27.2361783992309,0.0 -48.7471753,-27.2363720992309,0.0 -48.7469652,-27.2363988992309,0.0 -48.7468178,-27.2364723992309,0.0 -48.7465689,-27.2366240992309,0.0 -48.7464056,-27.2367368992309,0.0 -48.7462384,-27.2369001992309,0.0 -48.7461295,-27.2371490992309,0.0 -48.7461178,-27.2372773992309,0.0 -48.7459778,-27.2377070992309,0.0 -48.7458456,-27.2379404992309,0.0 -48.7457128,-27.2381306992309,0.0 -48.7454514,-27.2383818992309,0.0 -48.745242,-27.2385627992309,0.0 -48.7449962,-27.2388702992309,0.0 -48.7448974,-27.2392133992308,0.0 -48.7452314,-27.2398190992308,0.0 -48.7457654,-27.2405265992308,0.0 -48.7458691,-27.2409347992308,0.0 -48.7457716,-27.2413589992308,0.0 -48.7454433,-27.2425788992308,0.0 -48.7453167,-27.2429958992308,0.0 -48.7449067,-27.2438109992307,0.0 -48.7443152,-27.2446000992307,0.0 -48.744183,-27.2448664992307,0.0 -48.7442608,-27.2452255992307,0.0 -48.7444693,-27.2456923992307,0.0 -48.7448147,-27.2461466992307,0.0 -48.7452054,-27.2465564992307,0.0 -48.745505,-27.2470538992307,0.0 -48.7458556,-27.2474287992307,0.0 -48.7461917,-27.2477928992307,0.0 -48.7463646,-27.2479928992307,0.0 -48.7463959,-27.2481118992307,0.0 -48.7463115,-27.2482791992307,0.0 -48.7461847,-27.2483356992307,0.0 -48.7460528,-27.2483680992307,0.0 -48.7459397,-27.2483530992307,0.0 -48.7454916,-27.2483250992307,0.0 -48.7450344,-27.2483215992307,0.0 -48.7444519,-27.2483949992307,0.0 -48.7441332,-27.2485210992307,0.0 -48.7440645,-27.2486696992307,0.0 -48.7439651,-27.2489255992307,0.0 -48.7437447,-27.2492586992307,0.0 -48.7434812,-27.2501813992306,0.0 -48.7433467,-27.2508181992306,0.0 -48.743346,-27.2508216992306,0.0 -48.743335,-27.2508737992306,0.0</coordinates>
</LinearRing>
</outerBoundaryIs>
</Polygon>
</MultiGeometry>
</Placemark>
<Placemark id="13. Referência">
<name>TI - Canelinha [50763]</name>
<visibility>0</visibility>
<snippet> </snippet>
<description>&lt;center&gt;&lt;table&gt;&lt;tr&gt;&lt;th colspan='2' align='center'&gt;&lt;em&gt;Attributes&lt;/em&gt;&lt;/th&gt;&lt;/tr&gt;&lt;tr bgcolor="#E3E3F3"&gt;
&lt;th&gt;COD_TI&lt;/th&gt;
&lt;td&gt;50763&lt;/td&gt;
&lt;/tr&gt;&lt;tr bgcolor=""&gt;
&lt;th&gt;NOM_TI&lt;/th&gt;
&lt;td&gt;Canelinha&lt;/td&gt;
&lt;/tr&gt;&lt;/table&gt;&lt;/center&gt;</description>
<Style>
<IconStyle>
<scale>0.7</scale>
</IconStyle>
<LabelStyle>
<scale>0.7</scale>
</LabelStyle>
<LineStyle>
<color>ff00aaaa</color>
<width>3</width>
<gx:labelVisibility>1</gx:labelVisibility>
</LineStyle>
<PolyStyle>
<color>3300aaaa</color>
</PolyStyle>
</Style>
<ExtendedData>
<SchemaData schemaUrl="#kml_schema_ft_Terra_Indígena">
<SimpleData name="COD_TI">50763</SimpleData>
<SimpleData name="NOM_TI">Canelinha</SimpleData>
</SchemaData>
</ExtendedData>
<Polygon>
<extrude>0</extrude>
<tessellate>1</tessellate>
<outerBoundaryIs>
<LinearRing>
<coordinates>-48.7349592901737,-27.2881557668602,0.0 -48.7349604,-27.2881565992299,0.0 -48.7350445,-27.2881947992299,0.0 -48.7351494,-27.2882217992299,0.0 -48.7352648,-27.2882374992299,0.0 -48.7354344,-27.2882494992299,0.0 -48.7356222,-27.2882479992299,0.0 -48.7359668,-27.2882582992299,0.0 -48.7361179,-27.2882906992299,0.0 -48.7362815,-27.2883416992299,0.0 -48.7363942,-27.2883664992299,0.0 -48.7367795,-27.2883958992299,0.0 -48.7368768,-27.2884158992299,0.0 -48.7370631,-27.2884878992299,0.0 -48.7372618,-27.2885854992299,0.0 -48.7373815,-27.2886425992299,0.0 -48.7375069,-27.2886768992299,0.0 -48.7376254,-27.2886695992299,0.0 -48.7377157,-27.2886549992299,0.0 -48.7378115,-27.2886289992299,0.0 -48.7379173,-27.2886123992299,0.0 -48.7382372,-27.2885716992299,0.0 -48.738428,-27.2885518992299,0.0 -48.7385074,-27.2885692992299,0.0 -48.7385683,-27.2886093992299,0.0 -48.7386032,-27.2886627992299,0.0 -48.7386204,-27.2887029992299,0.0 -48.7386449,-27.2887600992299,0.0 -48.7386613,-27.2888384992299,0.0 -48.7386926,-27.2889423992299,0.0 -48.7387423,-27.2890259992299,0.0 -48.7387798,-27.2890771992299,0.0 -48.7388582,-27.2891451992299,0.0 -48.7389027,-27.2891740992299,0.0 -48.7389343,-27.2891946992299,0.0 -48.7390465,-27.2892424992299,0.0 -48.7391869,-27.2892999992299,0.0 -48.7393123,-27.2893296992299,0.0 -48.7395303,-27.2893630992299,0.0 -48.7396356,-27.2893717992299,0.0 -48.7397407,-27.2893918992299,0.0 -48.7398144,-27.2894321992299,0.0 -48.7398597,-27.2894834992299,0.0 -48.7399273,-27.2895719992299,0.0 -48.740014,-27.2897365992299,0.0 -48.7400663,-27.2898201992299,0.0 -48.7401342,-27.2898925992299,0.0 -48.7404031,-27.2901028992299,0.0 -48.7405216,-27.2901954992299,0.0 -48.7405746,-27.2902446992299,0.0 -48.740597,-27.2902817992299,0.0 -48.7406218,-27.2903281992299,0.0 -48.7406503,-27.2903965992299,0.0 -48.7406585,-27.2904161992299,0.0 -48.7407178,-27.2905366992299,0.0 -48.740778,-27.2906088992299,0.0 -48.7408891,-27.2907118992299,0.0 -48.7409828,-27.2907846992299,0.0 -48.7410767,-27.2908482992299,0.0 -48.7411782,-27.2909154992299,0.0 -48.7412402,-27.2910279992299,0.0 -48.7412684,-27.2911548992299,0.0 -48.7412707,-27.2912928992298,0.0 -48.7412603,-27.2914213992299,0.0 -48.7412355,-27.2916255992298,0.0 -48.7412314,-27.2916683992299,0.0 -48.7412253,-27.2917302992298,0.0 -48.7412192,-27.2917930992298,0.0 -48.7412246,-27.2919034992298,0.0 -48.7412478,-27.2920280992298,0.0 -48.7413087,-27.2921922992298,0.0 -48.7414549,-27.2925853992298,0.0 -48.741504,-27.2926988992298,0.0 -48.7415732,-27.2928355992298,0.0 -48.7417085,-27.2930148992298,0.0 -48.741939,-27.2933128992298,0.0 -48.7419836,-27.2933963992298,0.0 -48.7420149,-27.2934979992298,0.0 -48.742023,-27.2936038992298,0.0 -48.7420133,-27.2937025992298,0.0 -48.7419931,-27.2938079992298,0.0 -48.7419573,-27.2939222992298,0.0 -48.7418299,-27.2941637992298,0.0 -48.7414859,-27.2948155992298,0.0 -48.7413976,-27.2949795992298,0.0 -48.7412278,-27.2952296992298,0.0 -48.7410613,-27.2954406992298,0.0 -48.7409563,-27.2955446992298,0.0 -48.7407312,-27.2957294992298,0.0 -48.740483,-27.2959092992298,0.0 -48.7403812,-27.2959855992298,0.0 -48.7402755,-27.2961149992298,0.0 -48.7402193,-27.2962197992298,0.0 -48.7401947,-27.2962860992298,0.0 -48.7401887,-27.2964537992297,0.0 -48.7401903,-27.2965172992298,0.0 -48.7401943,-27.2966790992298,0.0 -48.7401881,-27.2969777992297,0.0 -48.7401671,-27.2971245992297,0.0 -48.7401286,-27.2972411992297,0.0 -48.7400377,-27.2974074992297,0.0 -48.7399313,-27.2975780992297,0.0 -48.7398355,-27.2977304992297,0.0 -48.7395959,-27.2980544992297,0.0 -48.7394873,-27.2982059992297,0.0 -48.7394342,-27.2983581992297,0.0 -48.7394378,-27.2984347992297,0.0 -48.739506,-27.2985617992297,0.0 -48.7396039,-27.2987162992297,0.0 -48.7396865,-27.2988839992297,0.0 -48.7398542,-27.2992499992297,0.0 -48.7401143,-27.2999034992297,0.0 -48.7402251,-27.3003337992297,0.0 -48.7402551,-27.3005904992297,0.0 -48.7402587,-27.3006819992297,0.0 -48.7402686,-27.3009309992297,0.0 -48.7402641,-27.3011783992297,0.0 -48.7402564,-27.3013241992297,0.0 -48.7403022,-27.3015280992297,0.0 -48.7403831,-27.3017016992296,0.0 -48.740503,-27.3019066992297,0.0 -48.74068,-27.3022362992296,0.0 -48.7407989,-27.3024987992296,0.0 -48.7408211,-27.3026358992296,0.0 -48.7409755,-27.3028460992296,0.0 -48.7412001,-27.3032824992296,0.0 -48.7413548,-27.3034747992296,0.0 -48.7416322,-27.3037262992296,0.0 -48.7418161,-27.3039499992296,0.0 -48.7420337,-27.3042226992296,0.0 -48.7422577,-27.3044159992296,0.0 -48.7425413,-27.3046013992296,0.0 -48.7427095,-27.3047069992296,0.0 -48.7428152,-27.3047732992296,0.0 -48.7430298,-27.3049399992296,0.0 -48.743361,-27.3052231992296,0.0 -48.7436947,-27.3054876992296,0.0 -48.7438438,-27.3056058992296,0.0 -48.7440235,-27.3057852992296,0.0 -48.7441439,-27.3059682992296,0.0 -48.7442196,-27.3061549992296,0.0 -48.7442748,-27.3063811992296,0.0 -48.7443751,-27.3066162992296,0.0 -48.7444615,-27.3067099992296,0.0 -48.7445633,-27.3067853992296,0.0 -48.7448587,-27.3069474992296,0.0 -48.7448615,-27.3069487992296,0.0 -48.7448651,-27.3069503992296,0.0 -48.7448693,-27.3069523992296,0.0 -48.7448741,-27.3069544992296,0.0 -48.7448785,-27.3069565992296,0.0 -48.744884,-27.3069590992296,0.0 -48.7448884,-27.3069610992296,0.0 -48.7448953,-27.3069641992296,0.0 -48.7449023,-27.3069674992296,0.0 -48.7449087,-27.3069703992296,0.0 -48.7449166,-27.3069739992296,0.0 -48.7449211,-27.3069760992296,0.0 -48.7449229,-27.3069768992296,0.0 -48.7449247,-27.3069776992296,0.0 -48.7449272,-27.3069787992296,0.0 -48.7449305,-27.3069803992296,0.0 -48.7449335,-27.3069816992296,0.0 -48.7449361,-27.3069828992296,0.0 -48.7449388,-27.3069841992296,0.0 -48.7449413,-27.3069852992296,0.0 -48.7449437,-27.3069863992296,0.0 -48.7449501,-27.3069892992296,0.0 -48.7449543,-27.3069911992295,0.0 -48.7449584,-27.3069930992296,0.0 -48.7449872,-27.3070062992296,0.0 -48.7449979,-27.3070111992296,0.0 -48.7450198,-27.3070211992296,0.0 -48.7450321,-27.3070267992296,0.0 -48.7450402,-27.3070304992296,0.0 -48.7450763,-27.3070470992296,0.0 -48.7451126,-27.3070636992295,0.0 -48.7451503,-27.3070808992295,0.0 -48.7451791,-27.3070940992296,0.0 -48.7451849,-27.3070966992296,0.0 -48.745201,-27.3071040992296,0.0 -48.7452254,-27.3071152992296,0.0 -48.7452389,-27.3071213992295,0.0 -48.7452431,-27.3071233992296,0.0 -48.7452988,-27.3071487992296,0.0 -48.7453169,-27.3071570992296,0.0 -48.7453192,-27.3071581992296,0.0 -48.7453301,-27.3071630992295,0.0 -48.7453341,-27.3071649992296,0.0 -48.7453385,-27.3071669992295,0.0 -48.7453547,-27.3071743992296,0.0 -48.7453726,-27.3071825992296,0.0 -48.7453765,-27.3071843992296,0.0 -48.7454721,-27.3072280992296,0.0 -48.7455695,-27.3072725992296,0.0 -48.7457204,-27.3073416992295,0.0 -48.7458615,-27.3074061992296,0.0 -48.7459444,-27.3074440992295,0.0 -48.7460069,-27.3074726992296,0.0 -48.7460346,-27.3074853992295,0.0 -48.7460403,-27.3074879992295,0.0 -48.7460403285127,-27.3074880121494,0.0 -48.746040346,-27.3074880102295,0.0 -48.7460426754224,-27.3074890755928,0.0 -48.7460467,-27.3074908992296,0.0 -48.746048178313,-27.3074915921888,0.0 -48.7460499279999,-27.3074923922295,0.0 -48.7481216909999,-27.3072666432296,0.0 -48.742667132,-27.2873101942299,0.0 -48.734956419,-27.2881535792299,0.0 -48.7349592901737,-27.2881557668602,0.0</coordinates>
</LinearRing>
</outerBoundaryIs>
</Polygon>
</Placemark>
</Folder>
</Document></kml>
