<?xml version='1.0' encoding='UTF-8'?>
<kml xmlns:xsd="http://www.w3.org/2001/XMLSchema" xmlns:gx="http://www.google.com/kml/ext/2.2" xmlns:atom="http://www.w3.org/2005/Atom" xmlns="http://www.opengis.net/kml/2.2">
<Document>
<name>correia_pinto_4204558_localidades_2022</name>
<visibility>1</visibility>
<Schema name="Localidades" id="kml_schema_ft_Localidades">
<SimpleField type="xsd:string" name="CD_UF">
<displayName>CD_UF</displayName>
</SimpleField>
<SimpleField type="xsd:string" name="NM_UF">
<displayName>NM_UF</displayName>
</SimpleField>
<SimpleField type="xsd:string" name="SIGLA_UF">
<displayName>SIGLA_UF</displayName>
</SimpleField>
<SimpleField type="xsd:string" name="CD_MUN">
<displayName>CD_MUN</displayName>
</SimpleField>
<SimpleField type="xsd:string" name="NM_MUN">
<displayName>NM_MUN</displayName>
</SimpleField>
<SimpleField type="xsd:string" name="CD_RGINT">
<displayName>CD_RGINT</displayName>
</SimpleField>
<SimpleField type="xsd:string" name="NM_RGINT">
<displayName>NM_RGINT</displayName>
</SimpleField>
<SimpleField type="xsd:string" name="CD_RGI">
<displayName>CD_RGI</displayName>
</SimpleField>
<SimpleField type="xsd:string" name="NM_RGI">
<displayName>NM_RGI</displayName>
</SimpleField>
<SimpleField type="xsd:string" name="CT_LOCALIDADE">
<displayName>CT_LOCALIDADE</displayName>
</SimpleField>
<SimpleField type="xsd:string" name="SCT_LOCALIDADE">
<displayName>SCT_LOCALIDADE</displayName>
</SimpleField>
<SimpleField type="xsd:string" name="CD_LOCALIDADE">
<displayName>CD_LOCALIDADE</displayName>
</SimpleField>
<SimpleField type="xsd:string" name="NM_LOCALIDADE">
<displayName>NM_LOCALIDADE</displayName>
</SimpleField>
</Schema>
<Schema name="01. Cidade" id="kml_schema_ft_01._Cidade">
<SimpleField type="xsd:string" name="CD_UF">
<displayName>CD_UF</displayName>
</SimpleField>
<SimpleField type="xsd:string" name="NM_UF">
<displayName>NM_UF</displayName>
</SimpleField>
<SimpleField type="xsd:string" name="SIGLA_UF">
<displayName>SIGLA_UF</displayName>
</SimpleField>
<SimpleField type="xsd:string" name="CD_MUN">
<displayName>CD_MUN</displayName>
</SimpleField>
<SimpleField type="xsd:string" name="NM_MUN">
<displayName>NM_MUN</displayName>
</SimpleField>
<SimpleField type="xsd:string" name="CD_RGINT">
<displayName>CD_RGINT</displayName>
</SimpleField>
<SimpleField type="xsd:string" name="NM_RGINT">
<displayName>NM_RGINT</displayName>
</SimpleField>
<SimpleField type="xsd:string" name="CD_RGI">
<displayName>CD_RGI</displayName>
</SimpleField>
<SimpleField type="xsd:string" name="NM_RGI">
<displayName>NM_RGI</displayName>
</SimpleField>
<SimpleField type="xsd:string" name="CT_LOCALIDADE">
<displayName>CT_LOCALIDADE</displayName>
</SimpleField>
<SimpleField type="xsd:string" name="SCT_LOCALIDADE">
<displayName>SCT_LOCALIDADE</displayName>
</SimpleField>
<SimpleField type="xsd:string" name="CD_LOCALIDADE">
<displayName>CD_LOCALIDADE</displayName>
</SimpleField>
<SimpleField type="xsd:string" name="NM_LOCALIDADE">
<displayName>NM_LOCALIDADE</displayName>
</SimpleField>
<SimpleField type="xsd:string" name="LAT_LOCALIDADE">
<displayName>LAT_LOCALIDADE</displayName>
</SimpleField>
<SimpleField type="xsd:string" name="LONG_LOCALIDADE">
<displayName>LONG_LOCALIDADE</displayName>
</SimpleField>
</Schema>
<Schema name="Município" id="kml_schema_ft_Município">
<SimpleField type="xsd:string" name="CD_UF">
<displayName>CD_UF</displayName>
</SimpleField>
<SimpleField type="xsd:string" name="NM_UF">
<displayName>NM_UF</displayName>
</SimpleField>
<SimpleField type="xsd:string" name="CD_MUN">
<displayName>CD_MUN</displayName>
</SimpleField>
<SimpleField type="xsd:string" name="NM_MUN">
<displayName>NM_MUN</displayName>
</SimpleField>
<SimpleField type="xsd:string" name="CD_RGINT">
<displayName>CD_RGINT</displayName>
</SimpleField>
<SimpleField type="xsd:string" name="NM_RGINT">
<displayName>NM_RGINT</displayName>
</SimpleField>
<SimpleField type="xsd:string" name="CD_RGI">
<displayName>CD_RGI</displayName>
</SimpleField>
<SimpleField type="xsd:string" name="NM_RGI">
<displayName>NM_RGI</displayName>
</SimpleField>
</Schema>
<Folder id="01. Cidade">
<name>01. Cidade</name>
<Folder id="01.03. Sede Municipal">
<name>01.03. Sede Municipal</name>
<Placemark id="01.03. Sede Municipal">
<name>Correia Pinto [4204558]</name>
<visibility>1</visibility>
<snippet> </snippet>
<description>&lt;center&gt;&lt;table&gt;&lt;tr&gt;&lt;th colspan='2' align='center'&gt;&lt;em&gt;Atributos&lt;/em&gt;&lt;/th&gt;&lt;/tr&gt;&lt;tr bgcolor="#E3E3F3"&gt;
&lt;th&gt;CD_UF&lt;/th&gt;
&lt;td&gt;42&lt;/td&gt;
&lt;/tr&gt;&lt;tr bgcolor=""&gt;
&lt;th&gt;NM_UF&lt;/th&gt;
&lt;td&gt;Santa Catarina&lt;/td&gt;
&lt;/tr&gt;&lt;tr bgcolor="#E3E3F3"&gt;
&lt;th&gt;SIGLA_UF&lt;/th&gt;
&lt;td&gt;SC&lt;/td&gt;
&lt;/tr&gt;&lt;tr bgcolor=""&gt;
&lt;th&gt;CD_MUN&lt;/th&gt;
&lt;td&gt;4204558&lt;/td&gt;
&lt;/tr&gt;&lt;tr bgcolor="#E3E3F3"&gt;
&lt;th&gt;NM_MUN&lt;/th&gt;
&lt;td&gt;Correia Pinto&lt;/td&gt;
&lt;/tr&gt;&lt;tr bgcolor=""&gt;
&lt;th&gt;CD_RGINT&lt;/th&gt;
&lt;td&gt;4203&lt;/td&gt;
&lt;/tr&gt;&lt;tr bgcolor="#E3E3F3"&gt;
&lt;th&gt;NM_RGINT&lt;/th&gt;
&lt;td&gt;Lages&lt;/td&gt;
&lt;/tr&gt;&lt;tr bgcolor=""&gt;
&lt;th&gt;CD_RGI&lt;/th&gt;
&lt;td&gt;420005&lt;/td&gt;
&lt;/tr&gt;&lt;tr bgcolor="#E3E3F3"&gt;
&lt;th&gt;NM_RGI&lt;/th&gt;
&lt;td&gt;Lages&lt;/td&gt;
&lt;/tr&gt;&lt;tr bgcolor=""&gt;
&lt;th&gt;CT_LOCALIDADE&lt;/th&gt;
&lt;td&gt;Cidade&lt;/td&gt;
&lt;/tr&gt;&lt;tr bgcolor="#E3E3F3"&gt;
&lt;th&gt;SCT_LOCALIDADE&lt;/th&gt;
&lt;td&gt;Sede Municipal&lt;/td&gt;
&lt;/tr&gt;&lt;tr bgcolor=""&gt;
&lt;th&gt;CD_LOCALIDADE&lt;/th&gt;
&lt;td&gt;4204558&lt;/td&gt;
&lt;/tr&gt;&lt;tr bgcolor="#E3E3F3"&gt;
&lt;th&gt;NM_LOCALIDADE&lt;/th&gt;
&lt;td&gt;Correia Pinto&lt;/td&gt;
&lt;/tr&gt;&lt;tr bgcolor=""&gt;
&lt;th&gt;LAT_LOCALIDADE&lt;/th&gt;
&lt;td&gt;-27.5924&lt;/td&gt;
&lt;/tr&gt;&lt;tr bgcolor="#E3E3F3"&gt;
&lt;th&gt;LONG_LOCALIDADE&lt;/th&gt;
&lt;td&gt;-50.3603&lt;/td&gt;
&lt;/tr&gt;&lt;/table&gt;&lt;/center&gt;</description>
<Style>
<IconStyle>
<color>ff00aaff</color>
<scale>1.0</scale>
<Icon>
<href>http://maps.google.com/mapfiles/kml/shapes/placemark_circle.png</href>
</Icon>
</IconStyle>
<LabelStyle>
<scale>1.0</scale>
</LabelStyle>
<LineStyle>
<color>ffffffff</color>
<width>3</width>
<gx:labelVisibility>1</gx:labelVisibility>
</LineStyle>
<PolyStyle>
<color>00ffffff</color>
</PolyStyle>
</Style>
<ExtendedData>
<SchemaData schemaUrl="#kml_schema_ft_01._Cidade">
<SimpleData name="CD_UF">42</SimpleData>
<SimpleData name="NM_UF">Santa Catarina</SimpleData>
<SimpleData name="SIGLA_UF">SC</SimpleData>
<SimpleData name="CD_MUN">4204558</SimpleData>
<SimpleData name="NM_MUN">Correia Pinto</SimpleData>
<SimpleData name="CD_RGINT">4203</SimpleData>
<SimpleData name="NM_RGINT">Lages</SimpleData>
<SimpleData name="CD_RGI">420005</SimpleData>
<SimpleData name="NM_RGI">Lages</SimpleData>
<SimpleData name="CT_LOCALIDADE">Cidade</SimpleData>
<SimpleData name="SCT_LOCALIDADE">Sede Municipal</SimpleData>
<SimpleData name="CD_LOCALIDADE">4204558</SimpleData>
<SimpleData name="NM_LOCALIDADE">Correia Pinto</SimpleData>
<SimpleData name="LAT_LOCALIDADE">-27.5924</SimpleData>
<SimpleData name="LONG_LOCALIDADE">-50.3603</SimpleData>
</SchemaData>
</ExtendedData>
<Point>
<extrude>0</extrude>
<coordinates>-50.3603,-27.5923999992242,0.0</coordinates>
</Point>
</Placemark>
</Folder>
</Folder>
<Folder id="12. Outras Localidades">
<name>12. Outras Localidades</name>
<Placemark id="12. Outras Localidades">
<name>Fazenda dos Alves [420455800001]</name>
<visibility>1</visibility>
<snippet> </snippet>
<description>&lt;center&gt;&lt;table&gt;&lt;tr&gt;&lt;th colspan='2' align='center'&gt;&lt;em&gt;Attributes&lt;/em&gt;&lt;/th&gt;&lt;/tr&gt;&lt;tr bgcolor="#E3E3F3"&gt;
&lt;th&gt;CD_UF&lt;/th&gt;
&lt;td&gt;42&lt;/td&gt;
&lt;/tr&gt;&lt;tr bgcolor=""&gt;
&lt;th&gt;NM_UF&lt;/th&gt;
&lt;td&gt;Santa Catarina&lt;/td&gt;
&lt;/tr&gt;&lt;tr bgcolor="#E3E3F3"&gt;
&lt;th&gt;SIGLA_UF&lt;/th&gt;
&lt;td&gt;SC&lt;/td&gt;
&lt;/tr&gt;&lt;tr bgcolor=""&gt;
&lt;th&gt;CD_MUN&lt;/th&gt;
&lt;td&gt;4204558&lt;/td&gt;
&lt;/tr&gt;&lt;tr bgcolor="#E3E3F3"&gt;
&lt;th&gt;NM_MUN&lt;/th&gt;
&lt;td&gt;Correia Pinto&lt;/td&gt;
&lt;/tr&gt;&lt;tr bgcolor=""&gt;
&lt;th&gt;CD_RGINT&lt;/th&gt;
&lt;td&gt;4203&lt;/td&gt;
&lt;/tr&gt;&lt;tr bgcolor="#E3E3F3"&gt;
&lt;th&gt;NM_RGINT&lt;/th&gt;
&lt;td&gt;Lages&lt;/td&gt;
&lt;/tr&gt;&lt;tr bgcolor=""&gt;
&lt;th&gt;CD_RGI&lt;/th&gt;
&lt;td&gt;420005&lt;/td&gt;
&lt;/tr&gt;&lt;tr bgcolor="#E3E3F3"&gt;
&lt;th&gt;NM_RGI&lt;/th&gt;
&lt;td&gt;Lages&lt;/td&gt;
&lt;/tr&gt;&lt;tr bgcolor=""&gt;
&lt;th&gt;CT_LOCALIDADE&lt;/th&gt;
&lt;td&gt;Outras Localidades&lt;/td&gt;
&lt;/tr&gt;&lt;tr bgcolor="#E3E3F3"&gt;
&lt;th&gt;SCT_LOCALIDADE&lt;/th&gt;
&lt;td&gt;&lt;/td&gt;
&lt;/tr&gt;&lt;tr bgcolor=""&gt;
&lt;th&gt;CD_LOCALIDADE&lt;/th&gt;
&lt;td&gt;420455800001&lt;/td&gt;
&lt;/tr&gt;&lt;tr bgcolor="#E3E3F3"&gt;
&lt;th&gt;NM_LOCALIDADE&lt;/th&gt;
&lt;td&gt;Fazenda dos Alves&lt;/td&gt;
&lt;/tr&gt;&lt;/table&gt;&lt;/center&gt;</description>
<Style>
<IconStyle>
<color>ff0069d3</color>
<scale>0.6</scale>
<Icon>
<href>http://maps.google.com/mapfiles/kml/shapes/placemark_circle.png</href>
</Icon>
</IconStyle>
<LabelStyle>
<scale>0.6</scale>
</LabelStyle>
<LineStyle>
<width>1.0</width>
<gx:labelVisibility>1</gx:labelVisibility>
</LineStyle>
</Style>
<ExtendedData>
<SchemaData schemaUrl="#kml_schema_ft_Localidades">
<SimpleData name="CD_UF">42</SimpleData>
<SimpleData name="NM_UF">Santa Catarina</SimpleData>
<SimpleData name="SIGLA_UF">SC</SimpleData>
<SimpleData name="CD_MUN">4204558</SimpleData>
<SimpleData name="NM_MUN">Correia Pinto</SimpleData>
<SimpleData name="CD_RGINT">4203</SimpleData>
<SimpleData name="NM_RGINT">Lages</SimpleData>
<SimpleData name="CD_RGI">420005</SimpleData>
<SimpleData name="NM_RGI">Lages</SimpleData>
<SimpleData name="CT_LOCALIDADE">Outras Localidades</SimpleData>
<SimpleData name="CD_LOCALIDADE">420455800001</SimpleData>
<SimpleData name="NM_LOCALIDADE">Fazenda dos Alves</SimpleData>
</SchemaData>
</ExtendedData>
<Point>
<extrude>0</extrude>
<coordinates>-50.4956362,-27.5911741992242,0.0</coordinates>
</Point>
</Placemark>
<Placemark id="12. Outras Localidades">
<name>Estação Ferroviária [420455800002]</name>
<visibility>1</visibility>
<snippet> </snippet>
<description>&lt;center&gt;&lt;table&gt;&lt;tr&gt;&lt;th colspan='2' align='center'&gt;&lt;em&gt;Attributes&lt;/em&gt;&lt;/th&gt;&lt;/tr&gt;&lt;tr bgcolor="#E3E3F3"&gt;
&lt;th&gt;CD_UF&lt;/th&gt;
&lt;td&gt;42&lt;/td&gt;
&lt;/tr&gt;&lt;tr bgcolor=""&gt;
&lt;th&gt;NM_UF&lt;/th&gt;
&lt;td&gt;Santa Catarina&lt;/td&gt;
&lt;/tr&gt;&lt;tr bgcolor="#E3E3F3"&gt;
&lt;th&gt;SIGLA_UF&lt;/th&gt;
&lt;td&gt;SC&lt;/td&gt;
&lt;/tr&gt;&lt;tr bgcolor=""&gt;
&lt;th&gt;CD_MUN&lt;/th&gt;
&lt;td&gt;4204558&lt;/td&gt;
&lt;/tr&gt;&lt;tr bgcolor="#E3E3F3"&gt;
&lt;th&gt;NM_MUN&lt;/th&gt;
&lt;td&gt;Correia Pinto&lt;/td&gt;
&lt;/tr&gt;&lt;tr bgcolor=""&gt;
&lt;th&gt;CD_RGINT&lt;/th&gt;
&lt;td&gt;4203&lt;/td&gt;
&lt;/tr&gt;&lt;tr bgcolor="#E3E3F3"&gt;
&lt;th&gt;NM_RGINT&lt;/th&gt;
&lt;td&gt;Lages&lt;/td&gt;
&lt;/tr&gt;&lt;tr bgcolor=""&gt;
&lt;th&gt;CD_RGI&lt;/th&gt;
&lt;td&gt;420005&lt;/td&gt;
&lt;/tr&gt;&lt;tr bgcolor="#E3E3F3"&gt;
&lt;th&gt;NM_RGI&lt;/th&gt;
&lt;td&gt;Lages&lt;/td&gt;
&lt;/tr&gt;&lt;tr bgcolor=""&gt;
&lt;th&gt;CT_LOCALIDADE&lt;/th&gt;
&lt;td&gt;Outras Localidades&lt;/td&gt;
&lt;/tr&gt;&lt;tr bgcolor="#E3E3F3"&gt;
&lt;th&gt;SCT_LOCALIDADE&lt;/th&gt;
&lt;td&gt;&lt;/td&gt;
&lt;/tr&gt;&lt;tr bgcolor=""&gt;
&lt;th&gt;CD_LOCALIDADE&lt;/th&gt;
&lt;td&gt;420455800002&lt;/td&gt;
&lt;/tr&gt;&lt;tr bgcolor="#E3E3F3"&gt;
&lt;th&gt;NM_LOCALIDADE&lt;/th&gt;
&lt;td&gt;Estação Ferroviária&lt;/td&gt;
&lt;/tr&gt;&lt;/table&gt;&lt;/center&gt;</description>
<Style>
<IconStyle>
<color>ff0069d3</color>
<scale>0.6</scale>
<Icon>
<href>http://maps.google.com/mapfiles/kml/shapes/placemark_circle.png</href>
</Icon>
</IconStyle>
<LabelStyle>
<scale>0.6</scale>
</LabelStyle>
<LineStyle>
<width>1.0</width>
<gx:labelVisibility>1</gx:labelVisibility>
</LineStyle>
</Style>
<ExtendedData>
<SchemaData schemaUrl="#kml_schema_ft_Localidades">
<SimpleData name="CD_UF">42</SimpleData>
<SimpleData name="NM_UF">Santa Catarina</SimpleData>
<SimpleData name="SIGLA_UF">SC</SimpleData>
<SimpleData name="CD_MUN">4204558</SimpleData>
<SimpleData name="NM_MUN">Correia Pinto</SimpleData>
<SimpleData name="CD_RGINT">4203</SimpleData>
<SimpleData name="NM_RGINT">Lages</SimpleData>
<SimpleData name="CD_RGI">420005</SimpleData>
<SimpleData name="NM_RGI">Lages</SimpleData>
<SimpleData name="CT_LOCALIDADE">Outras Localidades</SimpleData>
<SimpleData name="CD_LOCALIDADE">420455800002</SimpleData>
<SimpleData name="NM_LOCALIDADE">Estação Ferroviária</SimpleData>
</SchemaData>
</ExtendedData>
<Point>
<extrude>0</extrude>
<coordinates>-50.3496504946286,-27.5662858202817,0.0</coordinates>
</Point>
</Placemark>
</Folder>
<Folder id="13. Referência">
<name>13. Referência</name>
<Placemark id="13. Referência">
<name>Correia Pinto [4204558]</name>
<visibility>1</visibility>
<snippet> </snippet>
<description>&lt;center&gt;&lt;table&gt;&lt;tr&gt;&lt;th colspan='2' align='center'&gt;&lt;em&gt;Attributes&lt;/em&gt;&lt;/th&gt;&lt;/tr&gt;&lt;tr bgcolor="#E3E3F3"&gt;
&lt;th&gt;CD_UF&lt;/th&gt;
&lt;td&gt;42&lt;/td&gt;
&lt;/tr&gt;&lt;tr bgcolor=""&gt;
&lt;th&gt;NM_UF&lt;/th&gt;
&lt;td&gt;Santa Catarina&lt;/td&gt;
&lt;/tr&gt;&lt;tr bgcolor="#E3E3F3"&gt;
&lt;th&gt;CD_MUN&lt;/th&gt;
&lt;td&gt;4204558&lt;/td&gt;
&lt;/tr&gt;&lt;tr bgcolor=""&gt;
&lt;th&gt;NM_MUN&lt;/th&gt;
&lt;td&gt;Correia Pinto&lt;/td&gt;
&lt;/tr&gt;&lt;tr bgcolor="#E3E3F3"&gt;
&lt;th&gt;CD_RGINT&lt;/th&gt;
&lt;td&gt;4203&lt;/td&gt;
&lt;/tr&gt;&lt;tr bgcolor=""&gt;
&lt;th&gt;NM_RGINT&lt;/th&gt;
&lt;td&gt;Lages&lt;/td&gt;
&lt;/tr&gt;&lt;tr bgcolor="#E3E3F3"&gt;
&lt;th&gt;CD_RGI&lt;/th&gt;
&lt;td&gt;420005&lt;/td&gt;
&lt;/tr&gt;&lt;tr bgcolor=""&gt;
&lt;th&gt;NM_RGI&lt;/th&gt;
&lt;td&gt;Lages&lt;/td&gt;
&lt;/tr&gt;&lt;/table&gt;&lt;/center&gt;</description>
<Style>
<IconStyle>
<scale>0.7</scale>
</IconStyle>
<LabelStyle>
<scale>0.7</scale>
</LabelStyle>
<LineStyle>
<color>ffffffff</color>
<width>3</width>
<gx:labelVisibility>1</gx:labelVisibility>
</LineStyle>
<PolyStyle>
<color>00ffffff</color>
</PolyStyle>
</Style>
<ExtendedData>
<SchemaData schemaUrl="#kml_schema_ft_Município">
<SimpleData name="CD_UF">42</SimpleData>
<SimpleData name="NM_UF">Santa Catarina</SimpleData>
<SimpleData name="CD_MUN">4204558</SimpleData>
<SimpleData name="NM_MUN">Correia Pinto</SimpleData>
<SimpleData name="CD_RGINT">4203</SimpleData>
<SimpleData name="NM_RGINT">Lages</SimpleData>
<SimpleData name="CD_RGI">420005</SimpleData>
<SimpleData name="NM_RGI">Lages</SimpleData>
</SchemaData>
</ExtendedData>
<MultiGeometry>
<Polygon>
<extrude>0</extrude>
<tessellate>1</tessellate>
<outerBoundaryIs>
<LinearRing>
<coordinates>-50.3346934,-27.7463568992213,0.0 -50.3347338,-27.7463732992213,0.0 -50.3347891,-27.7463967992213,0.0 -50.3348354,-27.7464246992213,0.0 -50.3348783,-27.7464552992213,0.0 -50.3349287,-27.7464952992213,0.0 -50.3349668,-27.7465224992213,0.0 -50.3350088,-27.7465470992213,0.0 -50.3350317,-27.7465534992213,0.0 -50.3350799,-27.7465574992213,0.0 -50.3351142,-27.7465586992213,0.0 -50.3351264,-27.7465567992213,0.0 -50.3351302,-27.7465538992213,0.0 -50.3351479,-27.7465332992213,0.0 -50.3351629,-27.7465094992213,0.0 -50.3351779,-27.7464856992213,0.0 -50.3351868,-27.7464614992213,0.0 -50.335204,-27.7464212992213,0.0 -50.3352227,-27.7463615992213,0.0 -50.3352391,-27.7462855992213,0.0 -50.3352518,-27.7462114992213,0.0 -50.3352585,-27.7461258992213,0.0 -50.3352676,-27.7460594992213,0.0 -50.3352806,-27.7459617992213,0.0 -50.335295,-27.7458636992213,0.0 -50.3352975,-27.7458042992213,0.0 -50.3353019,-27.7457234992213,0.0 -50.3353113,-27.7456385992213,0.0 -50.3353294,-27.7455173992213,0.0 -50.3353381,-27.7454328992213,0.0 -50.3353646,-27.7453151992213,0.0 -50.3353948,-27.7452448992213,0.0 -50.3354062,-27.7452155992213,0.0 -50.33542,-27.7451693992213,0.0 -50.3354233,-27.7451397992213,0.0 -50.3354237,-27.7451127992213,0.0 -50.3354232,-27.7450782992213,0.0 -50.33543,-27.7450495992213,0.0 -50.3354489,-27.7450237992213,0.0 -50.3355013,-27.7449746992213,0.0 -50.3355456,-27.7449373992213,0.0 -50.3355843,-27.7449016992213,0.0 -50.3356518,-27.7448339992213,0.0 -50.3357127,-27.7447646992213,0.0 -50.3357637,-27.7447247992213,0.0 -50.3358247,-27.7446698992213,0.0 -50.335895,-27.7445956992213,0.0 -50.335967,-27.7445269992213,0.0 -50.3360189,-27.7444733992213,0.0 -50.3360344,-27.7444570992213,0.0 -50.3360956,-27.7443863992213,0.0 -50.3361638,-27.7443032992213,0.0 -50.3362092,-27.7442387992213,0.0 -50.3362376,-27.7441813992213,0.0 -50.3362724,-27.7441042992213,0.0 -50.3362927,-27.7440229992213,0.0 -50.3362971,-27.7439816992213,0.0 -50.3363031,-27.7439492992213,0.0 -50.3363137,-27.7439108992213,0.0 -50.3363352,-27.7438501992213,0.0 -50.3363563,-27.7437958992213,0.0 -50.3363888,-27.7437396992213,0.0 -50.3364204,-27.7437034992213,0.0 -50.3364505,-27.7436684992213,0.0 -50.336489,-27.7436264992214,0.0 -50.3364972,-27.7436176992213,0.0 -50.3365351,-27.7435740992213,0.0 -50.3365671,-27.7435431992213,0.0 -50.3366108,-27.7434936992213,0.0 -50.3366308,-27.7434641992213,0.0 -50.3366508,-27.7434332992214,0.0 -50.3366685,-27.7434025992214,0.0 -50.3367073,-27.7433366992214,0.0 -50.3367319,-27.7432804992214,0.0 -50.3367502,-27.7432241992214,0.0 -50.3367666,-27.7431730992214,0.0 -50.3367719,-27.7431400992214,0.0 -50.3367796,-27.7430637992214,0.0 -50.3367842,-27.7429917992214,0.0 -50.3367918,-27.7429016992214,0.0 -50.3368037,-27.7428366992214,0.0 -50.3368137,-27.7428020992214,0.0 -50.3368289,-27.7427696992214,0.0 -50.3368486,-27.7427479992214,0.0 -50.3368746,-27.7427347992214,0.0 -50.3368983,-27.7427293992214,0.0 -50.336933,-27.7427278992214,0.0 -50.3369619,-27.7427184992214,0.0 -50.3369727,-27.7427097992214,0.0 -50.3369901,-27.7426868992214,0.0 -50.3370073,-27.7426525992214,0.0 -50.3370321,-27.7425849992214,0.0 -50.337048,-27.7425502992214,0.0 -50.3370767,-27.7425283992214,0.0 -50.3371247,-27.7425090992214,0.0 -50.3371757,-27.7424856992214,0.0 -50.3372216,-27.7424745992214,0.0 -50.3372505,-27.7424681992214,0.0 -50.3372842,-27.7424532992214,0.0 -50.3372968,-27.7424420992214,0.0 -50.3373046,-27.7424270992214,0.0 -50.3373156,-27.7423990992214,0.0 -50.3373194,-27.7423582992214,0.0 -50.3373201,-27.7422967992214,0.0 -50.3373174,-27.7422718992214,0.0 -50.3373163,-27.7422541992214,0.0 -50.3373153,-27.7422353992214,0.0 -50.3373156,-27.7422113992214,0.0 -50.3373187,-27.7421892992214,0.0 -50.3373267,-27.7421658992214,0.0 -50.337344,-27.7421438992214,0.0 -50.337379,-27.7421253992214,0.0 -50.3374087,-27.7421204992214,0.0 -50.3374315,-27.7421209992214,0.0 -50.337442,-27.7421212992214,0.0 -50.3374687,-27.7421317992214,0.0 -50.337505,-27.7421503992214,0.0 -50.3375434,-27.7421769992214,0.0 -50.3376037,-27.7422217992214,0.0 -50.3376293,-27.7422451992214,0.0 -50.3376631,-27.7422658992214,0.0 -50.3376991,-27.7422767992214,0.0 -50.3377254,-27.7422800992214,0.0 -50.3377774,-27.7422838992214,0.0 -50.3378389,-27.7422822992214,0.0 -50.33791,-27.7422735992214,0.0 -50.3379312,-27.7422691992214,0.0 -50.33802,-27.7422489992214,0.0 -50.3380661,-27.7422495992214,0.0 -50.3380981,-27.7422646992214,0.0 -50.3381682,-27.7423155992214,0.0 -50.3381999,-27.7423511992214,0.0 -50.3382291,-27.7423745992214,0.0 -50.3383044,-27.7423893992214,0.0 -50.338433,-27.7424171992214,0.0 -50.3385421,-27.7424504992214,0.0 -50.3386125,-27.7424874992214,0.0 -50.3386637,-27.7425167992214,0.0 -50.3387427,-27.7425324992214,0.0 -50.3387857,-27.7425338992214,0.0 -50.3388237,-27.7425350992214,0.0 -50.3389009,-27.7425499992214,0.0 -50.3389878,-27.7425704992214,0.0 -50.3390437,-27.7425907992214,0.0 -50.3391175,-27.7426441992214,0.0 -50.3391362,-27.7426698992214,0.0 -50.3391548,-27.7426955992214,0.0 -50.3391718,-27.7427176992214,0.0 -50.3391996,-27.7427416992214,0.0 -50.3392229,-27.7427482992214,0.0 -50.339256,-27.7427480992214,0.0 -50.33932,-27.7427372992214,0.0 -50.3393735,-27.7427362992214,0.0 -50.3394357,-27.7427469992214,0.0 -50.3395034,-27.7427601992214,0.0 -50.3395771,-27.7427925992214,0.0 -50.3396191,-27.7428279992214,0.0 -50.3396461,-27.7428599992214,0.0 -50.3396763,-27.7428740992214,0.0 -50.3396945,-27.7428798992214,0.0 -50.3397027,-27.7428789992214,0.0 -50.3397441,-27.7428569992214,0.0 -50.3397648,-27.7428320992214,0.0 -50.3398186,-27.7427614992214,0.0 -50.339875,-27.7426955992214,0.0 -50.3399478,-27.7426168992214,0.0 -50.3400163,-27.7425546992214,0.0 -50.3400728,-27.7425187992214,0.0 -50.340136,-27.7424753992214,0.0 -50.3401906,-27.7424376992214,0.0 -50.3402103,-27.7424073992214,0.0 -50.3402273,-27.7423678992214,0.0 -50.3402447,-27.7423118992214,0.0 -50.3402987,-27.7422090992214,0.0 -50.3403299,-27.7421567992214,0.0 -50.3403611,-27.7421044992214,0.0 -50.3404322,-27.7420140992214,0.0 -50.3405372,-27.7419099992214,0.0 -50.3406378,-27.7418382992214,0.0 -50.3407724,-27.7417653992214,0.0 -50.3407796,-27.7417625992214,0.0 -50.3408416,-27.7417384992214,0.0 -50.3408891,-27.7417201992214,0.0 -50.3410815,-27.7416576992214,0.0 -50.3411012,-27.7416512992214,0.0 -50.3412263,-27.7416021992214,0.0 -50.3412999,-27.7415733992214,0.0 -50.3413708,-27.7415372992214,0.0 -50.3414417,-27.7415010992214,0.0 -50.3415546,-27.7414475992214,0.0 -50.3416719,-27.7413807992214,0.0 -50.3417494,-27.7413576992214,0.0 -50.3417748,-27.7413447992214,0.0 -50.3417908,-27.7413312992214,0.0 -50.3418165,-27.7412830992214,0.0 -50.3418648,-27.7411936992214,0.0 -50.3419144,-27.7410802992214,0.0 -50.3419495,-27.7409958992214,0.0 -50.3419885,-27.7409076992214,0.0 -50.3420404,-27.7408201992214,0.0 -50.3421226,-27.7407252992214,0.0 -50.3422092,-27.7406456992214,0.0 -50.3422817,-27.7406044992214,0.0 -50.3423211,-27.7405854992214,0.0 -50.3423824,-27.7405760992214,0.0 -50.3425037,-27.7405545992214,0.0 -50.3426117,-27.7405456992214,0.0 -50.342693,-27.7405338992214,0.0 -50.3427707,-27.7405212992214,0.0 -50.3428451,-27.7405162992214,0.0 -50.342899,-27.7405157992214,0.0 -50.3429454,-27.7405175992214,0.0 -50.3430206,-27.7405366992214,0.0 -50.3430728,-27.7405549992214,0.0 -50.3431322,-27.7405845992214,0.0 -50.3431837,-27.7406426992214,0.0 -50.3432026,-27.7406880992214,0.0 -50.3432085,-27.7407428992214,0.0 -50.3432082,-27.7408069992214,0.0 -50.3431881,-27.7408783992214,0.0 -50.3431602,-27.7409391992214,0.0 -50.3431268,-27.7409808992214,0.0 -50.3430355,-27.7410936992214,0.0 -50.3430108,-27.7411264992214,0.0 -50.3429863,-27.7411688992214,0.0 -50.3429688,-27.7412046992214,0.0 -50.3429559,-27.7412513992214,0.0 -50.3429449,-27.7412916992214,0.0 -50.3429302,-27.7413249992214,0.0 -50.3429167,-27.7413469992214,0.0 -50.342892,-27.7413860992214,0.0 -50.3428236,-27.7414119992214,0.0 -50.3427384,-27.7414298992214,0.0 -50.3426218,-27.7414487992214,0.0 -50.3425459,-27.7414733992214,0.0 -50.3424875,-27.7414945992214,0.0 -50.3424406,-27.7415232992214,0.0 -50.3424212,-27.7415458992214,0.0 -50.3424077,-27.7415738992214,0.0 -50.3424045,-27.7416069992214,0.0 -50.3424073,-27.7416793992214,0.0 -50.3424227,-27.7417476992214,0.0 -50.3424462,-27.7418013992214,0.0 -50.3424823,-27.7418623992214,0.0 -50.3425217,-27.7419133992214,0.0 -50.3425525,-27.7419447992214,0.0 -50.3425853,-27.7419618992214,0.0 -50.3426539,-27.7419827992214,0.0 -50.3427082,-27.7419927992214,0.0 -50.3427606,-27.7420097992214,0.0 -50.3427878,-27.7420364992214,0.0 -50.3428033,-27.7420744992214,0.0 -50.3428164,-27.7421084992214,0.0 -50.3428285,-27.7421165992214,0.0 -50.3428768,-27.7421223992214,0.0 -50.3428973,-27.7421171992214,0.0 -50.3429051,-27.7421067992214,0.0 -50.3429184,-27.7420773992214,0.0 -50.3429263,-27.7420380992214,0.0 -50.3429509,-27.7419938992214,0.0 -50.3430177,-27.7419387992214,0.0 -50.3430699,-27.7419293992214,0.0 -50.3431383,-27.7419206992214,0.0 -50.3431832,-27.7419247992214,0.0 -50.3432303,-27.7419433992214,0.0 -50.3432641,-27.7419672992214,0.0 -50.3433033,-27.7420085992214,0.0 -50.3433369,-27.7420542992214,0.0 -50.3434024,-27.7421143992214,0.0 -50.3434347,-27.7421274992214,0.0 -50.3434611,-27.7421292992214,0.0 -50.3434852,-27.7421194992214,0.0 -50.3435228,-27.7420848992214,0.0 -50.3436133,-27.7419850992214,0.0 -50.3437126,-27.7418163992214,0.0 -50.343736,-27.7417597992214,0.0 -50.3437446,-27.7417208992214,0.0 -50.3437463,-27.7416670992214,0.0 -50.3437533,-27.7416361992214,0.0 -50.3437693,-27.7416099992214,0.0 -50.343788,-27.7416018992214,0.0 -50.3438183,-27.7416041992214,0.0 -50.3438728,-27.7416445992214,0.0 -50.343935,-27.7417186992214,0.0 -50.344049,-27.7418240992214,0.0 -50.3441417,-27.7418984992214,0.0 -50.3441911,-27.7419386992214,0.0 -50.3442225,-27.7419599992214,0.0 -50.3442689,-27.7419777992214,0.0 -50.3443109,-27.7419796992214,0.0 -50.3443679,-27.7419735992214,0.0 -50.3444539,-27.7419474992214,0.0 -50.3445417,-27.7419057992214,0.0 -50.3445943,-27.7418741992214,0.0 -50.3446397,-27.7418582992214,0.0 -50.3447147,-27.7418449992214,0.0 -50.3449075,-27.7417582992214,0.0 -50.3449792,-27.7417254992214,0.0 -50.3450574,-27.7417112992214,0.0 -50.3451693,-27.7416880992214,0.0 -50.3452549,-27.7416846992214,0.0 -50.34531,-27.7416878992214,0.0 -50.3453898,-27.7417037992214,0.0 -50.3454882,-27.7417387992214,0.0 -50.345565,-27.7417460992214,0.0 -50.3456172,-27.7417417992214,0.0 -50.3456585,-27.7417306992214,0.0 -50.3456933,-27.7417102992214,0.0 -50.3457517,-27.7416497992214,0.0 -50.3458337,-27.7415369992214,0.0 -50.3458549,-27.7415203992214,0.0 -50.3459011,-27.7414900992214,0.0 -50.3459449,-27.7414752992214,0.0 -50.3460114,-27.7414707992214,0.0 -50.346086,-27.7414730992214,0.0 -50.346158,-27.7414844992214,0.0 -50.3462346,-27.7415028992214,0.0 -50.3463111,-27.7415448992214,0.0 -50.34637,-27.7415738992214,0.0 -50.3464568,-27.7415970992214,0.0 -50.3465399,-27.7415935992214,0.0 -50.3465892,-27.7415824992214,0.0 -50.3466657,-27.7415420992214,0.0 -50.3467832,-27.7414543992214,0.0 -50.3468718,-27.7413956992214,0.0 -50.3469212,-27.7413714992214,0.0 -50.3469711,-27.7413543992214,0.0 -50.3470344,-27.7413539992214,0.0 -50.3470988,-27.7413638992214,0.0 -50.3471551,-27.7413827992214,0.0 -50.3472189,-27.7414310992214,0.0 -50.347271,-27.7414839992214,0.0 -50.3472957,-27.7415426992214,0.0 -50.3473302,-27.7416551992214,0.0 -50.3473608,-27.7417609992214,0.0 -50.3474028,-27.7418609992214,0.0 -50.3474504,-27.7419435992214,0.0 -50.3475358,-27.7420919992214,0.0 -50.3476254,-27.7422420992214,0.0 -50.3476631,-27.7423182992214,0.0 -50.3476853,-27.7423775992214,0.0 -50.3477215,-27.7424708992214,0.0 -50.3477275,-27.7425266992214,0.0 -50.3477377,-27.7426225992214,0.0 -50.3477407,-27.7426508992214,0.0 -50.3477405,-27.7427287992214,0.0 -50.3477341,-27.7427679992214,0.0 -50.3477145,-27.7428165992214,0.0 -50.3476806,-27.7428621992214,0.0 -50.3476247,-27.7429157992214,0.0 -50.3475472,-27.7429764992214,0.0 -50.3474628,-27.7430436992214,0.0 -50.3474102,-27.7431006992214,0.0 -50.3473795,-27.7431513992214,0.0 -50.3473708,-27.7432125992214,0.0 -50.3473721,-27.7432814992214,0.0 -50.3473908,-27.7433427992213,0.0 -50.3474216,-27.7434017992213,0.0 -50.3474603,-27.7434510992214,0.0 -50.3475183,-27.7434908992214,0.0 -50.3475937,-27.7435149992214,0.0 -50.3476775,-27.7435222992213,0.0 -50.3478121,-27.7435161992213,0.0 -50.3479648,-27.7435025992213,0.0 -50.3481432,-27.7434766992214,0.0 -50.3482279,-27.7434745992213,0.0 -50.3482631,-27.7434848992213,0.0 -50.3482993,-27.7435106992213,0.0 -50.348321,-27.7435498992213,0.0 -50.3483177,-27.7436756992214,0.0 -50.3483044,-27.7437350992213,0.0 -50.3482822,-27.7438337992213,0.0 -50.3482671,-27.7439236992213,0.0 -50.3482564,-27.7439976992213,0.0 -50.3482564,-27.7440707992213,0.0 -50.348258,-27.7441342992213,0.0 -50.3482694,-27.7441967992213,0.0 -50.3482978,-27.7443044992213,0.0 -50.3483361,-27.7443914992213,0.0 -50.3483749,-27.7444464992213,0.0 -50.3484167,-27.7444889992213,0.0 -50.3484634,-27.7445112992213,0.0 -50.3485552,-27.7445250992213,0.0 -50.3486364,-27.7445238992213,0.0 -50.3487379,-27.7445145992213,0.0 -50.34882,-27.7445134992213,0.0 -50.3488765,-27.7445212992213,0.0 -50.3489556,-27.7445390992213,0.0 -50.3490445,-27.7445820992213,0.0 -50.3491564,-27.7446560992213,0.0 -50.3492382,-27.7447183992213,0.0 -50.3492848,-27.7447686992213,0.0 -50.3493133,-27.7448163992213,0.0 -50.3493651,-27.7449103992213,0.0 -50.3493953,-27.7450061992213,0.0 -50.3494355,-27.7451143992213,0.0 -50.3494561,-27.7451433992213,0.0 -50.3494915,-27.7451796992213,0.0 -50.3495682,-27.7452417992213,0.0 -50.3498115,-27.7454133992213,0.0 -50.3499746,-27.7455240992213,0.0 -50.3500546,-27.7455670992213,0.0 -50.3501442,-27.7456154992213,0.0 -50.3502069,-27.7456475992213,0.0 -50.3502234,-27.7456584992213,0.0 -50.3502691,-27.7456890992213,0.0 -50.3502945,-27.7457188992213,0.0 -50.3503001,-27.7457383992213,0.0 -50.3502942,-27.7457517992213,0.0 -50.3502655,-27.7457754992213,0.0 -50.3502071,-27.7458067992213,0.0 -50.3501524,-27.7458442992213,0.0 -50.3500955,-27.7458903992213,0.0 -50.3500744,-27.7459165992213,0.0 -50.3500594,-27.7459447992213,0.0 -50.3500549,-27.7459793992213,0.0 -50.3500698,-27.7460352992213,0.0 -50.3501162,-27.7461250992213,0.0 -50.3501683,-27.7462490992213,0.0 -50.3502105,-27.7463894992213,0.0 -50.3502345,-27.7464315992213,0.0 -50.3502793,-27.7464716992213,0.0 -50.3503794,-27.7465338992213,0.0 -50.3505904,-27.7466581992213,0.0 -50.3506645,-27.7466839992213,0.0 -50.3507136,-27.7466883992213,0.0 -50.3507709,-27.7466848992213,0.0 -50.3508102,-27.7466663992213,0.0 -50.3508469,-27.7466363992213,0.0 -50.3508764,-27.7465874992213,0.0 -50.3509217,-27.7464935992213,0.0 -50.3509635,-27.7463751992213,0.0 -50.3509801,-27.7463121992213,0.0 -50.3509874,-27.7462678992213,0.0 -50.3510058,-27.7462241992213,0.0 -50.3510304,-27.7462029992213,0.0 -50.3510685,-27.7461896992213,0.0 -50.3511312,-27.7461877992213,0.0 -50.3512011,-27.7462045992213,0.0 -50.35126,-27.7462318992213,0.0 -50.3513167,-27.7462722992213,0.0 -50.3513752,-27.7463315992213,0.0 -50.3514224,-27.7463720992213,0.0 -50.3514618,-27.7463927992213,0.0 -50.3515448,-27.7464192992213,0.0 -50.3516173,-27.7464374992213,0.0 -50.3516651,-27.7464458992213,0.0 -50.3517206,-27.7464491992213,0.0 -50.3517881,-27.7464492992213,0.0 -50.3518157,-27.7464461992213,0.0 -50.3518941,-27.7464490992213,0.0 -50.35193,-27.7464535992213,0.0 -50.3519789,-27.7464596992213,0.0 -50.3520396,-27.7464727992213,0.0 -50.3520891,-27.7464871992213,0.0 -50.352146,-27.7465098992213,0.0 -50.3522026,-27.7465357992213,0.0 -50.3522522,-27.7465625992213,0.0 -50.3523171,-27.7466170992213,0.0 -50.352366,-27.7466579992213,0.0 -50.3524148,-27.7467012992213,0.0 -50.3524714,-27.7467517992213,0.0 -50.352545,-27.7467871992213,0.0 -50.3526706,-27.7468317992213,0.0 -50.352766,-27.7468542992213,0.0 -50.352804,-27.7468598992213,0.0 -50.3528849,-27.7468620992213,0.0 -50.3529431,-27.7468564992213,0.0 -50.3529691,-27.7468483992213,0.0 -50.3530021,-27.7468339992213,0.0 -50.3530309,-27.7468164992213,0.0 -50.3530429,-27.7468042992213,0.0 -50.3530599,-27.7467869992213,0.0 -50.3531106,-27.7467324992213,0.0 -50.3531557,-27.7466539992213,0.0 -50.3531766,-27.7465860992213,0.0 -50.3531879,-27.7465363992213,0.0 -50.3532053,-27.7464888992213,0.0 -50.3532373,-27.7464393992213,0.0 -50.3532835,-27.7463820992213,0.0 -50.3532927,-27.7463485992213,0.0 -50.3532859,-27.7463049992213,0.0 -50.3532754,-27.7462663992213,0.0 -50.3532726,-27.7462563992213,0.0 -50.3532674,-27.7462056992213,0.0 -50.3532707,-27.7461869992213,0.0 -50.3532732,-27.7461734992213,0.0 -50.3532797,-27.7461400992213,0.0 -50.3532949,-27.7461107992213,0.0 -50.35331,-27.7460814992213,0.0 -50.3533626,-27.7460173992213,0.0 -50.3534861,-27.7458885992213,0.0 -50.3535732,-27.7458127992213,0.0 -50.3536873,-27.7457310992213,0.0 -50.3537912,-27.7456364992213,0.0 -50.3538421,-27.7455737992213,0.0 -50.3538926,-27.7454948992213,0.0 -50.3539284,-27.7454197992213,0.0 -50.353951,-27.7453527992213,0.0 -50.3539627,-27.7452962992213,0.0 -50.3539744,-27.7452397992213,0.0 -50.3539903,-27.7451506992213,0.0 -50.3540229,-27.7449463992213,0.0 -50.354033,-27.7448759992213,0.0 -50.3540378,-27.7448419992213,0.0 -50.3540602,-27.7447284992213,0.0 -50.3540671,-27.7446521992213,0.0 -50.3540683,-27.7445801992213,0.0 -50.3540672,-27.7444787992213,0.0 -50.3540624,-27.7443762992213,0.0 -50.3540538,-27.7443159992213,0.0 -50.3540531,-27.7442179992213,0.0 -50.3540702,-27.7441104992213,0.0 -50.3541015,-27.7440007992213,0.0 -50.354105,-27.7439001992213,0.0 -50.3540898,-27.7438175992213,0.0 -50.3540588,-27.7437435992213,0.0 -50.3539653,-27.7436026992213,0.0 -50.353885,-27.7435001992214,0.0 -50.3538373,-27.7434138992213,0.0 -50.3537654,-27.7432691992213,0.0 -50.3537247,-27.7431765992214,0.0 -50.3536951,-27.7430818992213,0.0 -50.353684,-27.7429966992214,0.0 -50.3536825,-27.7429108992214,0.0 -50.3536919,-27.7428359992214,0.0 -50.3537104,-27.7427680992214,0.0 -50.3537523,-27.7426671992214,0.0 -50.3538889,-27.7425028992214,0.0 -50.3539575,-27.7424294992214,0.0 -50.3540448,-27.7423406992214,0.0 -50.3540903,-27.7422686992214,0.0 -50.3541322,-27.7421957992214,0.0 -50.3541746,-27.7420789992214,0.0 -50.3542288,-27.7419909992214,0.0 -50.3543136,-27.7418684992214,0.0 -50.3544239,-27.7416964992214,0.0 -50.3544741,-27.7416243992214,0.0 -50.354583,-27.7414962992214,0.0 -50.3546521,-27.7414381992214,0.0 -50.3547303,-27.7413942992214,0.0 -50.3548359,-27.7413477992214,0.0 -50.3549014,-27.7413341992214,0.0 -50.3549582,-27.7413147992214,0.0 -50.355008,-27.7412930992214,0.0 -50.3550543,-27.7412505992214,0.0 -50.3550723,-27.7412050992214,0.0 -50.3550638,-27.7411512992214,0.0 -50.3549912,-27.7410889992214,0.0 -50.3548919,-27.7410614992214,0.0 -50.3547703,-27.7410346992214,0.0 -50.3546261,-27.7410046992214,0.0 -50.3545657,-27.7409821992214,0.0 -50.3545107,-27.7409277992214,0.0 -50.3544964,-27.7409065992214,0.0 -50.3544292,-27.7407741992214,0.0 -50.3543581,-27.7406132992214,0.0 -50.3543442,-27.7405615992214,0.0 -50.3543393,-27.7404878992214,0.0 -50.3543434,-27.7404561992214,0.0 -50.3543587,-27.7404191992214,0.0 -50.3543757,-27.7403731992214,0.0 -50.3543849,-27.7403416992214,0.0 -50.3543851,-27.7402908992214,0.0 -50.3543823,-27.7402353992214,0.0 -50.3543509,-27.7400965992214,0.0 -50.3543099,-27.7400067992214,0.0 -50.3542897,-27.7399292992214,0.0 -50.3542831,-27.7398494992214,0.0 -50.3542896,-27.7397658992214,0.0 -50.3543066,-27.7396874992214,0.0 -50.3543304,-27.7396079992214,0.0 -50.3543572,-27.7395740992214,0.0 -50.3543961,-27.7395249992214,0.0 -50.3544372,-27.7395022992214,0.0 -50.3545348,-27.7394830992214,0.0 -50.3546304,-27.7394638992214,0.0 -50.35479,-27.7394376992214,0.0 -50.3549519,-27.7394179992214,0.0 -50.3550846,-27.7394086992214,0.0 -50.355192,-27.7393828992214,0.0 -50.355271,-27.7393292992214,0.0 -50.3552907,-27.7392894992214,0.0 -50.3552839,-27.7392469992214,0.0 -50.3552804,-27.7391880992214,0.0 -50.3552939,-27.7391394992214,0.0 -50.3553259,-27.7390851992214,0.0 -50.3554434,-27.7389603992214,0.0 -50.3555289,-27.7388871992214,0.0 -50.3555815,-27.7388258992214,0.0 -50.3556196,-27.7387580992214,0.0 -50.3556635,-27.7386542992214,0.0 -50.3556742,-27.7385808992214,0.0 -50.3556696,-27.7385040992214,0.0 -50.3556696,-27.7384103992214,0.0 -50.3556901,-27.7383327992214,0.0 -50.3557163,-27.7382815992214,0.0 -50.3557694,-27.7382441992214,0.0 -50.3558288,-27.7382065992214,0.0 -50.3558939,-27.7381836992215,0.0 -50.3559264,-27.7381770992215,0.0 -50.356238,-27.7381106992215,0.0 -50.3564277,-27.7380694992215,0.0 -50.3568743,-27.7379312992214,0.0 -50.3569645,-27.7379044992215,0.0 -50.3570732,-27.7378885992215,0.0 -50.3571782,-27.7378808992214,0.0 -50.3572537,-27.7378822992215,0.0 -50.3573233,-27.7378964992215,0.0 -50.357413,-27.7379246992215,0.0 -50.3575066,-27.7379779992215,0.0 -50.3576633,-27.7380803992214,0.0 -50.357841,-27.7382084992214,0.0 -50.3580089,-27.7383104992214,0.0 -50.3581444,-27.7383875992214,0.0 -50.3583215,-27.7385204992214,0.0 -50.3584016,-27.7385909992214,0.0 -50.3584802,-27.7386568992214,0.0 -50.3585647,-27.7387539992214,0.0 -50.3586398,-27.7388490992214,0.0 -50.358752,-27.7389836992214,0.0 -50.3588043,-27.7390857992214,0.0 -50.3588368,-27.7392132992214,0.0 -50.3588996,-27.7393442992214,0.0 -50.3589532,-27.7395084992214,0.0 -50.358985,-27.7396591992214,0.0 -50.359003,-27.7397935992214,0.0 -50.3590022,-27.7398763992214,0.0 -50.3589817,-27.7399858992214,0.0 -50.3589319,-27.7400987992214,0.0 -50.3589172,-27.7401869992214,0.0 -50.3589121,-27.7402827992214,0.0 -50.3589225,-27.7403625992214,0.0 -50.3589653,-27.7404404992214,0.0 -50.3589835,-27.7405652992214,0.0 -50.358982,-27.7406417992214,0.0 -50.35897,-27.7407480992214,0.0 -50.3589093,-27.7409100992214,0.0 -50.3588774,-27.7409706992214,0.0 -50.3588337,-27.7410537992214,0.0 -50.3588031,-27.7411140992214,0.0 -50.3587839,-27.7411975992214,0.0 -50.3587754,-27.7412673992214,0.0 -50.3587814,-27.7413553992214,0.0 -50.3588212,-27.7414553992214,0.0 -50.3588659,-27.7415215992214,0.0 -50.3589403,-27.7416119992214,0.0 -50.3590095,-27.7416518992214,0.0 -50.3590857,-27.7416535992214,0.0 -50.3591684,-27.7416471992214,0.0 -50.3592705,-27.7416324992214,0.0 -50.3593614,-27.7416184992214,0.0 -50.3594505,-27.7416157992214,0.0 -50.359507,-27.7416231992214,0.0 -50.359562,-27.7416454992214,0.0 -50.3596133,-27.7416866992214,0.0 -50.3596747,-27.7417703992214,0.0 -50.3597062,-27.7418641992214,0.0 -50.3597447,-27.7420108992214,0.0 -50.3597585,-27.7422042992214,0.0 -50.3597618,-27.7422506992214,0.0 -50.3597743,-27.7424191992214,0.0 -50.3597813,-27.7425145992214,0.0 -50.3597971,-27.7425827992214,0.0 -50.3598063,-27.7426226992214,0.0 -50.359846,-27.7426715992214,0.0 -50.3598591,-27.7427391992214,0.0 -50.3598454,-27.7428294992214,0.0 -50.359791,-27.7429304992214,0.0 -50.3596934,-27.7430731992214,0.0 -50.3596046,-27.7431971992214,0.0 -50.3595565,-27.7432901992214,0.0 -50.3595261,-27.7433660992214,0.0 -50.3595148,-27.7434483992213,0.0 -50.3595177,-27.7435103992214,0.0 -50.3595389,-27.7435591992214,0.0 -50.3596088,-27.7436062992213,0.0 -50.3597103,-27.7436277992213,0.0 -50.3598078,-27.7436646992213,0.0 -50.3598755,-27.7437222992213,0.0 -50.3599316,-27.7438141992213,0.0 -50.3599447,-27.7438859992213,0.0 -50.3599433,-27.7439670992213,0.0 -50.3598812,-27.7440904992213,0.0 -50.3597872,-27.7441768992213,0.0 -50.3597004,-27.7442234992213,0.0 -50.3596364,-27.7442794992213,0.0 -50.3595979,-27.7443520992213,0.0 -50.3595942,-27.7444220992213,0.0 -50.3596207,-27.7444932992213,0.0 -50.3596547,-27.7445968992213,0.0 -50.3596694,-27.7446415992213,0.0 -50.3597071,-27.7447477992213,0.0 -50.3597339,-27.7448167992213,0.0 -50.3597669,-27.7448702992213,0.0 -50.3598075,-27.7449161992213,0.0 -50.3598644,-27.7449374992213,0.0 -50.359923,-27.7449404992213,0.0 -50.3600034,-27.7449236992213,0.0 -50.3600819,-27.7449008992213,0.0 -50.3601372,-27.7448893992213,0.0 -50.3601865,-27.7448884992213,0.0 -50.360235,-27.7448934992213,0.0 -50.3602867,-27.7449113992213,0.0 -50.3603415,-27.7449385992213,0.0 -50.3605689,-27.7450394992213,0.0 -50.3606593,-27.7450977992213,0.0 -50.3607606,-27.7452082992213,0.0 -50.3608135,-27.7453187992213,0.0 -50.3608213,-27.7453811992213,0.0 -50.3608269,-27.7454263992213,0.0 -50.3608244,-27.7455346992213,0.0 -50.3608454,-27.7456388992213,0.0 -50.3609085,-27.7457516992213,0.0 -50.3610148,-27.7458972992213,0.0 -50.3611117,-27.7459742992213,0.0 -50.3613072,-27.7460887992213,0.0 -50.3614943,-27.7461922992213,0.0 -50.3615499,-27.7462229992213,0.0 -50.3618371,-27.7463764992213,0.0 -50.3620441,-27.7464886992213,0.0 -50.3621913,-27.7465974992213,0.0 -50.3623639,-27.7466841992213,0.0 -50.3625531,-27.7467384992213,0.0 -50.3626945,-27.7467690992213,0.0 -50.3628658,-27.7467803992213,0.0 -50.3630683,-27.7467808992213,0.0 -50.3632664,-27.7467814992213,0.0 -50.3633645,-27.7467559992213,0.0 -50.3635014,-27.7467099992213,0.0 -50.3635924,-27.7466493992213,0.0 -50.3637052,-27.7465524992213,0.0 -50.363837,-27.7464861992213,0.0 -50.3638845,-27.7464693992213,0.0 -50.3639121,-27.7464668992213,0.0 -50.3639936,-27.7464770992213,0.0 -50.364107,-27.7465308992213,0.0 -50.3641567,-27.7465909992213,0.0 -50.3641848,-27.7466569992213,0.0 -50.3641968,-27.7467006992213,0.0 -50.3642026,-27.7467797992213,0.0 -50.3642032,-27.7468237992213,0.0 -50.3641504,-27.7469909992213,0.0 -50.3641402,-27.7470765992213,0.0 -50.3641645,-27.7471439992213,0.0 -50.3642212,-27.7472255992213,0.0 -50.3643447,-27.7472849992213,0.0 -50.3645008,-27.7473065992213,0.0 -50.3646925,-27.7473047992213,0.0 -50.3648243,-27.7472809992213,0.0 -50.3649854,-27.7472208992213,0.0 -50.3651485,-27.7471307992213,0.0 -50.3653573,-27.7469522992213,0.0 -50.3654032,-27.7469250992213,0.0 -50.3654668,-27.7468955992213,0.0 -50.3655344,-27.7468938992213,0.0 -50.365621,-27.7469113992213,0.0 -50.3656891,-27.7469561992213,0.0 -50.3657356,-27.7470229992213,0.0 -50.3658083,-27.7470722992213,0.0 -50.3658796,-27.7470926992213,0.0 -50.3659541,-27.7470886992213,0.0 -50.3660343,-27.7470484992213,0.0 -50.3660866,-27.7469589992213,0.0 -50.3661305,-27.7468297992213,0.0 -50.3661693,-27.7467311992213,0.0 -50.366198,-27.7466959992213,0.0 -50.3662642,-27.7466613992213,0.0 -50.3663164,-27.7466579992213,0.0 -50.3663928,-27.7467021992213,0.0 -50.3664425,-27.7467871992213,0.0 -50.3665145,-27.7468999992213,0.0 -50.366684,-27.7470477992213,0.0 -50.3668165,-27.7470777992213,0.0 -50.3669063,-27.7470720992213,0.0 -50.3670164,-27.7470171992213,0.0 -50.367089,-27.7469355992213,0.0 -50.3671285,-27.7468879992213,0.0 -50.3671845,-27.7468204992213,0.0 -50.3672488,-27.7467439992213,0.0 -50.3673252,-27.7467037992213,0.0 -50.3673391,-27.7466989992213,0.0 -50.3674583,-27.7466583992213,0.0 -50.3675704,-27.7466396992213,0.0 -50.3676449,-27.7466333992213,0.0 -50.3677099,-27.7466022992213,0.0 -50.3677583,-27.7465642992213,0.0 -50.3677857,-27.7464905992213,0.0 -50.3677997,-27.7464163992213,0.0 -50.3678181,-27.7463562992213,0.0 -50.3678512,-27.7462911992213,0.0 -50.3678786,-27.7462644992213,0.0 -50.3679372,-27.7462417992213,0.0 -50.3679983,-27.7462355992213,0.0 -50.3680627,-27.7462451992213,0.0 -50.3681034,-27.7462718992213,0.0 -50.3681359,-27.7463414992213,0.0 -50.368141,-27.7464791992213,0.0 -50.3681188,-27.7466100992213,0.0 -50.368101,-27.7467013992213,0.0 -50.3681029,-27.7467477992213,0.0 -50.3681297,-27.7467936992213,0.0 -50.3681647,-27.7468157992213,0.0 -50.3682195,-27.7468253992213,0.0 -50.3683392,-27.7468100992213,0.0 -50.3683774,-27.7467686992213,0.0 -50.3684519,-27.7466757992213,0.0 -50.3685085,-27.7465590992213,0.0 -50.3685321,-27.7464128992213,0.0 -50.3685371,-27.7463119992213,0.0 -50.3685581,-27.7462003992213,0.0 -50.3685957,-27.7461187992213,0.0 -50.3686645,-27.7460195992213,0.0 -50.3687167,-27.7458999992213,0.0 -50.3687472,-27.7458416992213,0.0 -50.3687988,-27.7458121992213,0.0 -50.3688536,-27.7458132992213,0.0 -50.3689389,-27.7458568992213,0.0 -50.369002,-27.7459786992213,0.0 -50.3690492,-27.7461276992213,0.0 -50.3690868,-27.7462540992213,0.0 -50.3691077,-27.7463287992213,0.0 -50.3691264,-27.7463664992213,0.0 -50.3691481,-27.7463951992213,0.0 -50.369195,-27.7464067992213,0.0 -50.3692567,-27.7463927992213,0.0 -50.3693308,-27.7463328992213,0.0 -50.3694538,-27.7461852992213,0.0 -50.369618,-27.7460210992213,0.0 -50.3696969,-27.7459047992213,0.0 -50.3697153,-27.7458087992213,0.0 -50.3696733,-27.7457109992213,0.0 -50.3695931,-27.7456335992213,0.0 -50.3694753,-27.7455534992213,0.0 -50.3694366,-27.7455042992213,0.0 -50.369421,-27.7454232992213,0.0 -50.3694476,-27.7453486992213,0.0 -50.3695799,-27.7452559992213,0.0 -50.3699471,-27.7450968992213,0.0 -50.3701926,-27.7450278992213,0.0 -50.3704394,-27.7449081992213,0.0 -50.3706534,-27.7447936992213,0.0 -50.3707428,-27.7447196992213,0.0 -50.3707882,-27.7446116992213,0.0 -50.3708425,-27.7445130992213,0.0 -50.3709573,-27.7443456992213,0.0 -50.3710699,-27.7441390992213,0.0 -50.3712682,-27.7439435992213,0.0 -50.3714116,-27.7438565992213,0.0 -50.371542,-27.7438281992213,0.0 -50.37167,-27.7437949992213,0.0 -50.3717118,-27.7437469992213,0.0 -50.3717185,-27.7436795992213,0.0 -50.371754,-27.7435491992213,0.0 -50.3718147,-27.7434364992213,0.0 -50.3719048,-27.7433232992214,0.0 -50.3720137,-27.7431699992214,0.0 -50.3720634,-27.7430848992214,0.0 -50.3720951,-27.7430306992214,0.0 -50.3721535,-27.7428897992214,0.0 -50.3722009,-27.7427080992214,0.0 -50.3722377,-27.7425321992214,0.0 -50.3722679,-27.7423964992214,0.0 -50.3723205,-27.7422763992214,0.0 -50.3724193,-27.7421830992214,0.0 -50.372511,-27.7421320992214,0.0 -50.3726543,-27.7420541992214,0.0 -50.3728777,-27.7419327992214,0.0 -50.3730199,-27.7418703992214,0.0 -50.3731915,-27.7417530992214,0.0 -50.3732539,-27.7417104992214,0.0 -50.3734014,-27.7416182992214,0.0 -50.373566,-27.7415470992214,0.0 -50.3737063,-27.7415201992214,0.0 -50.3739088,-27.7415241992214,0.0 -50.3740913,-27.7415626992214,0.0 -50.3743435,-27.7416497992214,0.0 -50.3745874,-27.7417447992214,0.0 -50.3748103,-27.7418041992214,0.0 -50.375,-27.7418295992214,0.0 -50.3751871,-27.7418325992214,0.0 -50.3753509,-27.7418124992214,0.0 -50.3754567,-27.7417827992214,0.0 -50.375664,-27.7416965992214,0.0 -50.3758327,-27.7415992992214,0.0 -50.3760891,-27.7414153992214,0.0 -50.3762768,-27.7412287992214,0.0 -50.3764051,-27.7410790992214,0.0 -50.3764952,-27.7409262992214,0.0 -50.3766386,-27.7406199992214,0.0 -50.3768396,-27.7402171992214,0.0 -50.3770288,-27.7398769992214,0.0 -50.3771879,-27.7396244992214,0.0 -50.3777849,-27.7391579992214,0.0 -50.3778602,-27.7390831992214,0.0 -50.3779613,-27.7389395992214,0.0 -50.3780431,-27.7388125992214,0.0 -50.3780601,-27.7387082992214,0.0 -50.3781774,-27.7380759992214,0.0 -50.3782843,-27.7378177992215,0.0 -50.3783109,-27.7375989992215,0.0 -50.3783077,-27.7373527992215,0.0 -50.3782738,-27.7371263992215,0.0 -50.3781833,-27.7368890992215,0.0 -50.3780875,-27.7367325992215,0.0 -50.3780469,-27.7366746992215,0.0 -50.3780328,-27.7366103992215,0.0 -50.3780341,-27.7365362992215,0.0 -50.3780549,-27.7364319992215,0.0 -50.3782121,-27.7361205992215,0.0 -50.3783254,-27.7359265992215,0.0 -50.378373,-27.7358091992215,0.0 -50.3783785,-27.7357114992215,0.0 -50.3783301,-27.7354785992215,0.0 -50.378314,-27.7354270992215,0.0 -50.3782889,-27.7353817992215,0.0 -50.3782485,-27.7353409992215,0.0 -50.3781801,-27.7353089992215,0.0 -50.3781141,-27.7353019992215,0.0 -50.378038,-27.7352812992215,0.0 -50.3779746,-27.7352628992215,0.0 -50.3779341,-27.7352310992215,0.0 -50.377909,-27.7351835992215,0.0 -50.3778969,-27.7351280992215,0.0 -50.3778227,-27.7350198992215,0.0 -50.3777937,-27.7349797992215,0.0 -50.3777343,-27.7349055992215,0.0 -50.3777277,-27.7349001992215,0.0 -50.3775761,-27.7347219992215,0.0 -50.3775202,-27.7346494992215,0.0 -50.37747,-27.7345703992215,0.0 -50.3773922,-27.7344098992215,0.0 -50.3773493,-27.7342899992215,0.0 -50.3773446,-27.7342381992215,0.0 -50.3773424,-27.7341521992215,0.0 -50.3773282,-27.7338440992215,0.0 -50.3773313,-27.7336638992215,0.0 -50.3773344,-27.7335996992215,0.0 -50.3773426,-27.7335030992215,0.0 -50.3773645,-27.7333264992215,0.0 -50.3774015,-27.7331425992215,0.0 -50.3774517,-27.7328537992215,0.0 -50.3775266,-27.7324901992216,0.0 -50.377582,-27.7321680992216,0.0 -50.377625,-27.7319625992216,0.0 -50.377656,-27.7318010992216,0.0 -50.3776899,-27.7315779992216,0.0 -50.3777298,-27.7313373992216,0.0 -50.3778051,-27.7308478992216,0.0 -50.3778338,-27.7306554992216,0.0 -50.377862,-27.7304923992216,0.0 -50.3779082,-27.7302651992216,0.0 -50.377939,-27.7301187992216,0.0 -50.3780079,-27.7298260992216,0.0 -50.3780488,-27.7297431992216,0.0 -50.378091,-27.7296853992216,0.0 -50.3781729,-27.7295654992216,0.0 -50.378287,-27.7294244992216,0.0 -50.3783118,-27.7294005992216,0.0 -50.3783324,-27.7293975992216,0.0 -50.3783695,-27.7293949992216,0.0 -50.3783849,-27.7293982992216,0.0 -50.3784043,-27.7294177992216,0.0 -50.3786591,-27.7297466992216,0.0 -50.378962,-27.7302232992216,0.0 -50.379145,-27.7305319992216,0.0 -50.3794101,-27.7309754992216,0.0 -50.3795807,-27.7312414992216,0.0 -50.3797307,-27.7314563992216,0.0 -50.3799108,-27.7317183992216,0.0 -50.3801342,-27.7320777992216,0.0 -50.3805855,-27.7331295992215,0.0 -50.3809473,-27.7336741992215,0.0 -50.3810956,-27.7338583992215,0.0 -50.3812975,-27.7340162992215,0.0 -50.3815085,-27.7340866992215,0.0 -50.3816902,-27.7340959992215,0.0 -50.381819,-27.7340977992215,0.0 -50.3819792,-27.7340392992215,0.0 -50.3821095,-27.7339601992215,0.0 -50.3822104,-27.7338266992215,0.0 -50.3823276,-27.7336260992215,0.0 -50.3824592,-27.7334727992215,0.0 -50.3827117,-27.7333413992215,0.0 -50.3831855,-27.7331186992215,0.0 -50.3838111,-27.7328913992215,0.0 -50.3840109,-27.7327390992215,0.0 -50.3840956,-27.7326592992215,0.0 -50.384411,-27.7320597992216,0.0 -50.3844889,-27.7319189992216,0.0 -50.3845871,-27.7317225992216,0.0 -50.3846529,-27.7315549992216,0.0 -50.3847331,-27.7313683992216,0.0 -50.3848077,-27.7312834992216,0.0 -50.3848895,-27.7312178992216,0.0 -50.384936,-27.7311867992216,0.0 -50.3849841,-27.7311724992216,0.0 -50.3850829,-27.7311512992216,0.0 -50.3851904,-27.7311204992216,0.0 -50.3857861,-27.7310371992216,0.0 -50.3860244,-27.7309501992216,0.0 -50.3866381,-27.7306877992216,0.0 -50.3871503,-27.7304239992216,0.0 -50.3874747,-27.7302553992216,0.0 -50.3876855,-27.7301966992216,0.0 -50.3881122,-27.7300836992216,0.0 -50.3887396,-27.7300020992216,0.0 -50.3891715,-27.7299704992216,0.0 -50.3899454,-27.7299956992216,0.0 -50.3899593,-27.7299961992216,0.0 -50.4120414,-27.706846299222,0.0 -50.4129969,-27.707710699222,0.0 -50.4133567,-27.707841499222,0.0 -50.41388,-27.707939699222,0.0 -50.4147959,-27.707972399222,0.0 -50.4156137,-27.708266799222,0.0 -50.4162611,-27.708305799222,0.0 -50.4164354,-27.708250799222,0.0 -50.4167015,-27.708058099222,0.0 -50.4169859,-27.707791999222,0.0 -50.4174355,-27.707360799222,0.0 -50.4177107,-27.706975499222,0.0 -50.4179309,-27.706764499222,0.0 -50.4183713,-27.706580999222,0.0 -50.4186833,-27.706388299222,0.0 -50.4190319,-27.7060212992221,0.0 -50.4193897,-27.7055258992221,0.0 -50.4196833,-27.7049202992221,0.0 -50.4202521,-27.7038560992221,0.0 -50.4204907,-27.7031770992221,0.0 -50.4204907,-27.7024614992221,0.0 -50.4202705,-27.7017274992221,0.0 -50.4199861,-27.7006907992222,0.0 -50.4197567,-27.6998558992222,0.0 -50.419509,-27.6991539992222,0.0 -50.4191787,-27.6983373992222,0.0 -50.4188851,-27.6977777992222,0.0 -50.4184264,-27.6972547992222,0.0 -50.4180227,-27.6968602992222,0.0 -50.4178025,-27.6966308992222,0.0 -50.4176465,-27.6963372992222,0.0 -50.4176557,-27.6960253992222,0.0 -50.4178575,-27.6957134992222,0.0 -50.4183163,-27.6955482992222,0.0 -50.4187934,-27.6955115992222,0.0 -50.4192944,-27.6954419992222,0.0 -50.4194539,-27.6954198992222,0.0 -50.4197475,-27.6952730992222,0.0 -50.4198072,-27.6951537992222,0.0 -50.4198897,-27.6949060992223,0.0 -50.4200274,-27.6947225992223,0.0 -50.4201925,-27.6945940992223,0.0 -50.4204861,-27.6944656992223,0.0 -50.4208439,-27.6942821992223,0.0 -50.4211926,-27.6941078992223,0.0 -50.4217706,-27.6937316992223,0.0 -50.4219999,-27.6935389992223,0.0 -50.4221009,-27.6933463992223,0.0 -50.4221284,-27.6931536992223,0.0 -50.4220733,-27.6928325992223,0.0 -50.4218348,-27.6925572992223,0.0 -50.4215834,-27.6922874992223,0.0 -50.421154,-27.6918472992223,0.0 -50.4209609,-27.6916464992223,0.0 -50.4207326,-27.6912590992223,0.0 -50.4203966,-27.6908879992223,0.0 -50.4194905,-27.6902059992223,0.0 -50.419133,-27.6898558992223,0.0 -50.4187268,-27.6894346992224,0.0 -50.4185751,-27.6893046992224,0.0 -50.4184794,-27.6891964992224,0.0 -50.418419,-27.6890601992224,0.0 -50.4183911,-27.6889260992224,0.0 -50.4184097,-27.6887746992224,0.0 -50.4186195,-27.6883895992224,0.0 -50.4188657,-27.6878412992224,0.0 -50.4192662,-27.6873796992224,0.0 -50.4196944,-27.6869151992224,0.0 -50.4202606,-27.6864841992224,0.0 -50.4205874,-27.6861474992224,0.0 -50.421069,-27.6856211992224,0.0 -50.4216347,-27.6849130992224,0.0 -50.4219843,-27.6843984992224,0.0 -50.4221894,-27.6842515992225,0.0 -50.4224542,-27.6842159992225,0.0 -50.4227318,-27.6841718992225,0.0 -50.4229934,-27.6841265992224,0.0 -50.4233828,-27.6840684992225,0.0 -50.423695,-27.6839090992225,0.0 -50.4240509,-27.6838351992225,0.0 -50.4245801,-27.6837425992225,0.0 -50.4251285,-27.6836164992225,0.0 -50.4256377,-27.6835889992225,0.0 -50.4262983,-27.6833871992225,0.0 -50.4270323,-27.6823962992225,0.0 -50.4271745,-27.6821439992225,0.0 -50.4272367,-27.6819062992225,0.0 -50.42728,-27.6815154992225,0.0 -50.4273259,-27.6812126992225,0.0 -50.4272085,-27.6807205992225,0.0 -50.4268947,-27.6804603992225,0.0 -50.4265644,-27.6801942992225,0.0 -50.4258136,-27.6799317992225,0.0 -50.4252093,-27.6798217992225,0.0 -50.4246869,-27.6797960992225,0.0 -50.4245135,-27.6797032992225,0.0 -50.424411,-27.6796011992225,0.0 -50.4242799,-27.6794603992225,0.0 -50.4242372,-27.6793226992225,0.0 -50.4242092,-27.6791689992225,0.0 -50.4242551,-27.6789951992226,0.0 -50.4244988,-27.6786707992226,0.0 -50.4246072,-27.6784003992226,0.0 -50.4246286,-27.6780418992226,0.0 -50.4246885,-27.6777414992226,0.0 -50.4248473,-27.6773265992226,0.0 -50.4251002,-27.6770450992226,0.0 -50.4253384,-27.6767559992226,0.0 -50.4257404,-27.6765081992226,0.0 -50.4263275,-27.6762991992226,0.0 -50.4268744,-27.6761480992226,0.0 -50.4277938,-27.6761803992226,0.0 -50.4284452,-27.6760060992226,0.0 -50.4288581,-27.6758500992226,0.0 -50.4294269,-27.6756940992226,0.0 -50.4300324,-27.6756665992226,0.0 -50.4303444,-27.6759142992226,0.0 -50.4310369,-27.6761447992226,0.0 -50.4315219,-27.6762494992226,0.0 -50.4323126,-27.6762755992226,0.0 -50.4327469,-27.6762359992226,0.0 -50.4331762,-27.6761251992226,0.0 -50.4333875,-27.6760689992226,0.0 -50.4336254,-27.6758028992226,0.0 -50.4338436,-27.6754840992226,0.0 -50.4339692,-27.6749902992226,0.0 -50.4340425,-27.6747361992226,0.0 -50.434326,-27.6743395992226,0.0 -50.434746,-27.6741896992226,0.0 -50.4352308,-27.6740826992226,0.0 -50.4358454,-27.6740184992226,0.0 -50.4370026,-27.6738995992226,0.0 -50.4375463,-27.6739530992226,0.0 -50.4380473,-27.6740375992226,0.0 -50.4384203,-27.6741649992226,0.0 -50.4391164,-27.6747054992226,0.0 -50.4394436,-27.6754904992226,0.0 -50.4398034,-27.6761447992226,0.0 -50.4402613,-27.6765372992226,0.0 -50.4408321,-27.6764662992226,0.0 -50.4413005,-27.6764223992226,0.0 -50.4420173,-27.6762524992226,0.0 -50.4428822,-27.6760050992226,0.0 -50.4432613,-27.6759775992226,0.0 -50.4438,-27.6761075992226,0.0 -50.4445531,-27.6765351992226,0.0 -50.444819,-27.6765421992226,0.0 -50.4451739,-27.6764850992226,0.0 -50.4453231,-27.6762599992226,0.0 -50.4455493,-27.6757525992226,0.0 -50.4457451,-27.6750129992226,0.0 -50.4457753,-27.6743663992226,0.0 -50.4457364,-27.6738453992226,0.0 -50.4460782,-27.6730008992227,0.0 -50.4463531,-27.6726518992227,0.0 -50.4467656,-27.6723450992227,0.0 -50.4470959,-27.6722257992227,0.0 -50.4474138,-27.6721954992227,0.0 -50.4478899,-27.6722535992227,0.0 -50.4484107,-27.6722205992227,0.0 -50.4488621,-27.6721046992227,0.0 -50.4492805,-27.6719617992227,0.0 -50.449549,-27.6718091992227,0.0 -50.4497429,-27.6716084992227,0.0 -50.4500363,-27.6713114992227,0.0 -50.4503044,-27.6711826992227,0.0 -50.4505626,-27.6711672992227,0.0 -50.4507763,-27.6711194992227,0.0 -50.4509196,-27.6710848992227,0.0 -50.4509831,-27.6709774992227,0.0 -50.4510168,-27.6707755992227,0.0 -50.4509519,-27.6705951992227,0.0 -50.4508692,-27.6704168992227,0.0 -50.4507706,-27.6701428992227,0.0 -50.4507021,-27.6699018992227,0.0 -50.4506719,-27.6697353992227,0.0 -50.4506845,-27.6695947992227,0.0 -50.450711,-27.6695132992227,0.0 -50.4508085,-27.6694367992227,0.0 -50.4509314,-27.6693657992227,0.0 -50.4511828,-27.6693469992227,0.0 -50.4514251,-27.6694148992227,0.0 -50.4516302,-27.6695493992227,0.0 -50.4527783,-27.6703491992227,0.0 -50.4528969,-27.6704421992227,0.0 -50.4529745,-27.6705079992227,0.0 -50.4530263,-27.6705923992227,0.0 -50.4530792,-27.6706835992227,0.0 -50.4531609,-27.6707901992227,0.0 -50.4537664,-27.6713704992227,0.0 -50.453891,-27.6714395992227,0.0 -50.4539702,-27.6714694992227,0.0 -50.4540673,-27.6714864992227,0.0 -50.4541813,-27.6714974992227,0.0 -50.4544214,-27.6714682992227,0.0 -50.4547399,-27.6713848992227,0.0 -50.4549236,-27.6712433992227,0.0 -50.4551447,-27.6710091992227,0.0 -50.4554719,-27.6700604992227,0.0 -50.4558971,-27.6689156992227,0.0 -50.4567149,-27.6675744992228,0.0 -50.4572823,-27.6672340992228,0.0 -50.4576962,-27.6669856992228,0.0 -50.4584158,-27.6667894992228,0.0 -50.4591682,-27.6665604992228,0.0 -50.4601495,-27.6663314992228,0.0 -50.4611813,-27.6663289992228,0.0 -50.4618419,-27.6663105992228,0.0 -50.4629796,-27.6663289992228,0.0 -50.463787,-27.6662922992228,0.0 -50.4648182,-27.6661188992228,0.0 -50.4658605,-27.6659435992228,0.0 -50.4662091,-27.6657876992228,0.0 -50.4676749,-27.6649881992228,0.0 -50.4682276,-27.6646866992228,0.0 -50.4683271,-27.6645978992228,0.0 -50.4689065,-27.6640811992228,0.0 -50.4691634,-27.6637324992228,0.0 -50.4692918,-27.6630902992228,0.0 -50.4691788,-27.6622849992229,0.0 -50.469145,-27.6620443992229,0.0 -50.4690716,-27.6610717992229,0.0 -50.4689982,-27.6607965992229,0.0 -50.4690371,-27.6605169992229,0.0 -50.4690748,-27.6603404992229,0.0 -50.4692551,-27.6600717992229,0.0 -50.470191,-27.6590900992229,0.0 -50.4705988,-27.6587615992229,0.0 -50.4710804,-27.6583335992229,0.0 -50.471558,-27.6580211992229,0.0 -50.4720351,-27.6577505992229,0.0 -50.4723333,-27.657608399223,0.0 -50.4726681,-27.657468399223,0.0 -50.4730535,-27.657294099223,0.0 -50.4732441,-27.657227099223,0.0 -50.4738242,-27.657041799223,0.0 -50.474143,-27.656950099223,0.0 -50.474627,-27.656784899223,0.0 -50.4747875,-27.656686299223,0.0 -50.4750903,-27.656438599223,0.0 -50.4752463,-27.656126599223,0.0 -50.4752921,-27.655968399223,0.0 -50.4753357,-27.655823899223,0.0 -50.475395,-27.655735499223,0.0 -50.4754389,-27.655670199223,0.0 -50.4755307,-27.655612899223,0.0 -50.4757417,-27.655511899223,0.0 -50.475955,-27.655490099223,0.0 -50.4761568,-27.655503899223,0.0 -50.4762126,-27.655512599223,0.0 -50.4763633,-27.655535999223,0.0 -50.4765009,-27.655558999223,0.0 -50.4766821,-27.655526799223,0.0 -50.4767784,-27.655485599223,0.0 -50.47681,-27.655455199223,0.0 -50.4769069,-27.655361699223,0.0 -50.4770422,-27.655198799223,0.0 -50.4773083,-27.655006199223,0.0 -50.4775927,-27.654932799223,0.0 -50.4780239,-27.654978599223,0.0 -50.4784827,-27.655244699223,0.0 -50.4790607,-27.655547499223,0.0 -50.4794219,-27.655671399223,0.0 -50.4798497,-27.655818099223,0.0 -50.480336,-27.655873199223,0.0 -50.4806112,-27.655827299223,0.0 -50.4809507,-27.655652999223,0.0 -50.48118,-27.655258499223,0.0 -50.4814094,-27.654983199223,0.0 -50.4816112,-27.654395999223,0.0 -50.4816859,-27.654086699223,0.0 -50.4818681,-27.653331799223,0.0 -50.4818712,-27.653301099223,0.0 -50.4819232,-27.652772099223,0.0 -50.4818039,-27.6520197992231,0.0 -50.481758,-27.6516298992231,0.0 -50.4816663,-27.6509050992231,0.0 -50.4815745,-27.6503912992231,0.0 -50.4814094,-27.6501434992231,0.0 -50.4810516,-27.6498866992231,0.0 -50.4806938,-27.6497306992231,0.0 -50.4802075,-27.6495287992231,0.0 -50.4800332,-27.6494370992231,0.0 -50.479983,-27.6493819992231,0.0 -50.4799552,-27.6492650992231,0.0 -50.4800148,-27.6490241992231,0.0 -50.4801525,-27.6486847992231,0.0 -50.4804185,-27.6482810992231,0.0 -50.4807121,-27.6480699992231,0.0 -50.4813177,-27.6476387992231,0.0 -50.4817383,-27.6472938992231,0.0 -50.4822351,-27.6468864992232,0.0 -50.4824737,-27.6466341992232,0.0 -50.4832077,-27.6461845992232,0.0 -50.4839416,-27.6458818992232,0.0 -50.4844096,-27.6457625992232,0.0 -50.4849233,-27.6458451992232,0.0 -50.4853913,-27.6460836992232,0.0 -50.486006,-27.6465791992232,0.0 -50.4860995,-27.6466919992232,0.0 -50.4863179,-27.6469552992231,0.0 -50.486584,-27.6471571992231,0.0 -50.4869877,-27.6473039992231,0.0 -50.487428,-27.6473314992231,0.0 -50.4879785,-27.6473314992231,0.0 -50.488474,-27.6472029992231,0.0 -50.4889327,-27.6470516992231,0.0 -50.4892308,-27.6469484992231,0.0 -50.4894098,-27.6468864992232,0.0 -50.4897126,-27.6468314992232,0.0 -50.4899786,-27.6468222992232,0.0 -50.4902264,-27.6468681992231,0.0 -50.4907493,-27.6469323992231,0.0 -50.4909629,-27.6469475992232,0.0 -50.4911347,-27.6469598992231,0.0 -50.491309,-27.6468864992232,0.0 -50.4914741,-27.6467488992232,0.0 -50.4915383,-27.6464644992232,0.0 -50.4914701,-27.6457890992232,0.0 -50.4912739,-27.6447423992232,0.0 -50.4910449,-27.6438918992232,0.0 -50.4907832,-27.6432703992232,0.0 -50.4902271,-27.6426815992232,0.0 -50.4896575,-27.6424825992232,0.0 -50.489474,-27.6422073992232,0.0 -50.489474,-27.6419504992232,0.0 -50.4894924,-27.6417852992232,0.0 -50.4896357,-27.6415367992232,0.0 -50.4897676,-27.6413081992233,0.0 -50.4900429,-27.6411063992233,0.0 -50.490575,-27.6405558992233,0.0 -50.4907034,-27.6401888992233,0.0 -50.4906667,-27.6396200992233,0.0 -50.4901254,-27.6388677992233,0.0 -50.4897034,-27.6382438992233,0.0 -50.4894648,-27.6378768992233,0.0 -50.4890336,-27.6369318992233,0.0 -50.4888043,-27.6366474992233,0.0 -50.4882721,-27.6363721992233,0.0 -50.4878409,-27.6361519992233,0.0 -50.4875473,-27.6359776992234,0.0 -50.4874464,-27.6357849992234,0.0 -50.4874556,-27.6356565992234,0.0 -50.4876849,-27.6352345992234,0.0 -50.4881804,-27.6349042992234,0.0 -50.4886942,-27.6348124992234,0.0 -50.4894648,-27.6348858992234,0.0 -50.4900337,-27.6351611992234,0.0 -50.4904374,-27.6353904992234,0.0 -50.4908135,-27.6354455992234,0.0 -50.4911163,-27.6353629992234,0.0 -50.4914284,-27.6352466992234,0.0 -50.4915842,-27.6351886992234,0.0 -50.4917861,-27.6351611992234,0.0 -50.4920705,-27.6351748992234,0.0 -50.4925926,-27.6351680992234,0.0 -50.4927769,-27.6351656992234,0.0 -50.4932448,-27.6350647992234,0.0 -50.4936577,-27.6349730992234,0.0 -50.4938596,-27.6348354992234,0.0 -50.4939605,-27.6347069992234,0.0 -50.4940981,-27.6342390992234,0.0 -50.4942458,-27.6338473992234,0.0 -50.4943091,-27.6336793992234,0.0 -50.4944559,-27.6332756992234,0.0 -50.494566,-27.6326426992234,0.0 -50.4945784,-27.6321683992234,0.0 -50.494589,-27.6317641992234,0.0 -50.4945706,-27.6314751992234,0.0 -50.4944605,-27.6310668992234,0.0 -50.4943137,-27.6307870992235,0.0 -50.4942313,-27.6306625992234,0.0 -50.4940981,-27.6304613992235,0.0 -50.4939112,-27.6302474992235,0.0 -50.4938745,-27.6301935992235,0.0 -50.4938492,-27.6300868992235,0.0 -50.4938435,-27.6300100992235,0.0 -50.493863,-27.6299458992235,0.0 -50.4939158,-27.6298655992235,0.0 -50.4940481,-27.6296694992235,0.0 -50.4941635,-27.6294985992235,0.0 -50.4942185,-27.6293425992235,0.0 -50.4943103,-27.6290673992235,0.0 -50.494402,-27.6289205992235,0.0 -50.4946589,-27.6287278992235,0.0 -50.494925,-27.6285810992235,0.0 -50.4951452,-27.6285168992235,0.0 -50.4955856,-27.6284893992235,0.0 -50.4960948,-27.6284572992235,0.0 -50.4964021,-27.6284342992235,0.0 -50.496659,-27.6283241992235,0.0 -50.4968196,-27.6282278992235,0.0 -50.4969664,-27.6280260992235,0.0 -50.4970627,-27.6278792992235,0.0 -50.4971728,-27.6276773992235,0.0 -50.4972691,-27.6275649992235,0.0 -50.4974549,-27.6274319992235,0.0 -50.4976063,-27.6273493992235,0.0 -50.4977439,-27.6273012992235,0.0 -50.497838,-27.6272828992235,0.0 -50.4981614,-27.6272622992235,0.0 -50.4984825,-27.6272346992235,0.0 -50.4989137,-27.6271796992235,0.0 -50.4991604,-27.6271746992235,0.0 -50.4993633,-27.6271704992235,0.0 -50.4995468,-27.6271612992235,0.0 -50.4997211,-27.6272163992235,0.0 -50.499978,-27.6273631992235,0.0 -50.5002532,-27.6276383992235,0.0 -50.5006294,-27.6279044992235,0.0 -50.5013083,-27.6281796992235,0.0 -50.5017762,-27.6284090992235,0.0 -50.5020973,-27.6286475992235,0.0 -50.5022441,-27.6288494992235,0.0 -50.5023451,-27.6292256992235,0.0 -50.5024041,-27.6293435992235,0.0 -50.5025469,-27.6296292992235,0.0 -50.5027671,-27.6297577992235,0.0 -50.5032075,-27.6299091992235,0.0 -50.5035561,-27.6300100992235,0.0 -50.5037396,-27.6300650992235,0.0 -50.5038956,-27.6300467992235,0.0 -50.5043452,-27.6298357992235,0.0 -50.5048406,-27.6295513992235,0.0 -50.5055012,-27.6293362992235,0.0 -50.5056296,-27.6292944992235,0.0 -50.5059966,-27.6292944992235,0.0 -50.5063453,-27.6293311992235,0.0 -50.5067134,-27.6294172992235,0.0 -50.5072536,-27.6295880992235,0.0 -50.507694,-27.6297990992235,0.0 -50.508483,-27.6303403992235,0.0 -50.508977,-27.6306799992235,0.0 -50.5093638,-27.6309458992235,0.0 -50.5097491,-27.6311293992234,0.0 -50.5100335,-27.6313495992234,0.0 -50.5106207,-27.6317716992234,0.0 -50.5112629,-27.6320376992234,0.0 -50.512052,-27.6322119992234,0.0 -50.5126621,-27.6323542992234,0.0 -50.5130979,-27.6325147992234,0.0 -50.5133777,-27.6326707992234,0.0 -50.5135337,-27.6327854992234,0.0 -50.5137631,-27.6330514992234,0.0 -50.5138594,-27.6332579992234,0.0 -50.5139154,-27.6335035992234,0.0 -50.513942,-27.6336203992234,0.0 -50.5140291,-27.6338084992234,0.0 -50.5141346,-27.6339597992234,0.0 -50.5142631,-27.6340607992234,0.0 -50.514497,-27.6341845992234,0.0 -50.5147906,-27.6342763992234,0.0 -50.5150521,-27.6343313992234,0.0 -50.515205,-27.6343377992234,0.0 -50.5153824,-27.6343451992234,0.0 -50.5156898,-27.6343955992234,0.0 -50.5158824,-27.6344368992234,0.0 -50.5162678,-27.6345377992234,0.0 -50.5167999,-27.6347075992234,0.0 -50.5174834,-27.6348222992234,0.0 -50.5178642,-27.6348222992234,0.0 -50.518144,-27.6347855992234,0.0 -50.5184009,-27.6346387992234,0.0 -50.5185982,-27.6344231992234,0.0 -50.5187037,-27.6341432992234,0.0 -50.5188046,-27.6339643992234,0.0 -50.5189101,-27.6338542992234,0.0 -50.5189927,-27.6338221992234,0.0 -50.5190477,-27.6338267992234,0.0 -50.519245,-27.6338542992234,0.0 -50.5195065,-27.6338175992234,0.0 -50.5196533,-27.6337166992234,0.0 -50.519901,-27.6334826992234,0.0 -50.5202037,-27.6333037992234,0.0 -50.5205157,-27.6332441992234,0.0 -50.5208873,-27.6331845992234,0.0 -50.521213,-27.6331891992234,0.0 -50.5215112,-27.6332258992234,0.0 -50.5219082,-27.6331934992234,0.0 -50.522039,-27.6326332992234,0.0 -50.5219421,-27.6322406992234,0.0 -50.5217395,-27.6315940992234,0.0 -50.5216891,-27.6309606992234,0.0 -50.5214521,-27.6305861992235,0.0 -50.5211207,-27.6303707992235,0.0 -50.5208283,-27.6303117992235,0.0 -50.5204367,-27.6302241992235,0.0 -50.5201244,-27.6301114992235,0.0 -50.5197849,-27.6299996992235,0.0 -50.5193914,-27.6298464992235,0.0 -50.519008,-27.6296843992235,0.0 -50.5186506,-27.6295552992235,0.0 -50.5183792,-27.6295923992235,0.0 -50.5182216,-27.6295430992235,0.0 -50.5181248,-27.6295006992235,0.0 -50.5181008,-27.6294738992235,0.0 -50.5180565,-27.6294443992235,0.0 -50.5180009,-27.6293855992235,0.0 -50.5179391,-27.6292251992235,0.0 -50.5178864,-27.6291639992235,0.0 -50.5178324,-27.6290913992235,0.0 -50.5178203,-27.6290746992235,0.0 -50.5176631,-27.6288801992235,0.0 -50.5176144,-27.6288041992235,0.0 -50.5175781,-27.6287419992235,0.0 -50.5175505,-27.6286738992235,0.0 -50.5175363,-27.6286298992235,0.0 -50.5175144,-27.6285789992235,0.0 -50.5174578,-27.6285209992235,0.0 -50.5174116,-27.6284966992235,0.0 -50.5173808,-27.6284838992235,0.0 -50.5173046,-27.6284521992235,0.0 -50.5172468,-27.6284217992235,0.0 -50.5172044,-27.6283769992235,0.0 -50.5171692,-27.6283188992235,0.0 -50.517114,-27.6281954992235,0.0 -50.5170792,-27.6280636992235,0.0 -50.5170662,-27.6279877992235,0.0 -50.5170601,-27.6278818992235,0.0 -50.5170548,-27.6278104992235,0.0 -50.5170476,-27.6277286992235,0.0 -50.5170393,-27.6276760992235,0.0 -50.5170289,-27.6276389992235,0.0 -50.5169993,-27.6275871992235,0.0 -50.5168803,-27.6274677992235,0.0 -50.5167438,-27.6273559992235,0.0 -50.5166901,-27.6272963992235,0.0 -50.5166422,-27.6272349992235,0.0 -50.5165734,-27.6271149992235,0.0 -50.5165028,-27.6269854992235,0.0 -50.5164639,-27.6268698992235,0.0 -50.5164577,-27.6267966992235,0.0 -50.5164348,-27.6267423992235,0.0 -50.5163946,-27.6266904992235,0.0 -50.5162931,-27.6265608992235,0.0 -50.5162173,-27.6264708992235,0.0 -50.516131,-27.6263722992235,0.0 -50.516107,-27.6263425992235,0.0 -50.5160898,-27.6263212992235,0.0 -50.5160621,-27.6262772992235,0.0 -50.5160488,-27.6262444992235,0.0 -50.5160492,-27.6261867992235,0.0 -50.5160459,-27.6261006992235,0.0 -50.5160327,-27.6260558992235,0.0 -50.5159732,-27.6259806992235,0.0 -50.515929,-27.6259520992235,0.0 -50.5157893,-27.6258927992235,0.0 -50.5157035,-27.6258543992235,0.0 -50.515642,-27.6258101992235,0.0 -50.515618,-27.6257773992235,0.0 -50.5156085,-27.6257591992235,0.0 -50.5156087,-27.6257333992235,0.0 -50.5156195,-27.6257093992235,0.0 -50.5156275,-27.6256663992236,0.0 -50.5156295,-27.6256482992235,0.0 -50.5156297,-27.6256198992236,0.0 -50.5156211,-27.6256051992236,0.0 -50.5155951,-27.6255929992236,0.0 -50.515516,-27.6255779992236,0.0 -50.515374,-27.6255702992235,0.0 -50.5153121,-27.6255669992236,0.0 -50.5152503,-27.6255635992236,0.0 -50.5151828,-27.6255425992235,0.0 -50.5151123,-27.6255073992236,0.0 -50.515047,-27.6254746992236,0.0 -50.5150085,-27.6254503992235,0.0 -50.5149585,-27.6254096992235,0.0 -50.5149163,-27.6253646992235,0.0 -50.5148962,-27.6253361992236,0.0 -50.5148503,-27.6252704992236,0.0 -50.5148043,-27.6252065992236,0.0 -50.5147334,-27.6251286992236,0.0 -50.5146931,-27.6250802992236,0.0 -50.514674,-27.6250440992236,0.0 -50.5146646,-27.6250112992236,0.0 -50.5146631,-27.6250024992236,0.0 -50.5146571,-27.6249673992236,0.0 -50.5146449,-27.6249233992236,0.0 -50.5146237,-27.6248797992236,0.0 -50.5145398,-27.6248256992236,0.0 -50.5143908,-27.6247528992236,0.0 -50.5142944,-27.6247119992236,0.0 -50.514205,-27.6246649992236,0.0 -50.5141199,-27.6246317992236,0.0 -50.5141179,-27.6246310992236,0.0 -50.5141159,-27.6246303992236,0.0 -50.5141138,-27.6246297992236,0.0 -50.5141117,-27.6246291992236,0.0 -50.5141096,-27.6246287992236,0.0 -50.5141075,-27.6246283992236,0.0 -50.5141053,-27.6246279992236,0.0 -50.5141032,-27.6246276992236,0.0 -50.514101,-27.6246274992236,0.0 -50.5140519,-27.6246238992236,0.0 -50.5140496,-27.6246236992236,0.0 -50.5140473,-27.6246235992236,0.0 -50.514045,-27.6246235992236,0.0 -50.5140427,-27.6246236992236,0.0 -50.5140404,-27.6246237992236,0.0 -50.5140381,-27.6246239992236,0.0 -50.5140358,-27.6246241992236,0.0 -50.5140335,-27.6246244992236,0.0 -50.5140312,-27.6246248992236,0.0 -50.514029,-27.6246253992236,0.0 -50.5140268,-27.6246258992236,0.0 -50.5139669,-27.6246401992236,0.0 -50.5138595,-27.6246712992236,0.0 -50.5138576,-27.6246717992236,0.0 -50.5138556,-27.6246722992236,0.0 -50.5138536,-27.6246726992236,0.0 -50.5138516,-27.6246730992236,0.0 -50.5138495,-27.6246733992236,0.0 -50.5138475,-27.6246736992236,0.0 -50.5138455,-27.6246738992236,0.0 -50.5137505,-27.6246817992236,0.0 -50.5135456,-27.6246707992236,0.0 -50.5135419,-27.6246705992236,0.0 -50.5135382,-27.6246702992236,0.0 -50.5135345,-27.6246698992236,0.0 -50.5135308,-27.6246694992236,0.0 -50.5135272,-27.6246689992236,0.0 -50.5135235,-27.6246683992236,0.0 -50.5135199,-27.6246677992236,0.0 -50.5135162,-27.6246670992236,0.0 -50.5135126,-27.6246662992236,0.0 -50.513509,-27.6246654992236,0.0 -50.5135055,-27.6246645992236,0.0 -50.5135019,-27.6246636992236,0.0 -50.5134984,-27.6246626992236,0.0 -50.5133218,-27.6246102992236,0.0 -50.5133154,-27.6246083992236,0.0 -50.513309,-27.6246063992236,0.0 -50.5133026,-27.6246042992236,0.0 -50.5132963,-27.6246021992236,0.0 -50.51329,-27.6245999992236,0.0 -50.5132837,-27.6245976992236,0.0 -50.5132774,-27.6245953992236,0.0 -50.5132712,-27.6245929992236,0.0 -50.513265,-27.6245905992236,0.0 -50.5132589,-27.6245880992236,0.0 -50.5132527,-27.6245854992236,0.0 -50.5132466,-27.6245828992236,0.0 -50.5132406,-27.6245801992236,0.0 -50.5132345,-27.6245773992236,0.0 -50.5132285,-27.6245745992236,0.0 -50.5132226,-27.6245716992236,0.0 -50.5132167,-27.6245687992236,0.0 -50.5132108,-27.6245657992236,0.0 -50.5132049,-27.6245627992236,0.0 -50.5131991,-27.6245596992236,0.0 -50.5131934,-27.6245564992236,0.0 -50.5131876,-27.6245532992236,0.0 -50.5131819,-27.6245499992236,0.0 -50.5131674,-27.6245414992236,0.0 -50.512953,-27.6244055992236,0.0 -50.5129144,-27.6243988992236,0.0 -50.5129131,-27.6243986992236,0.0 -50.5129118,-27.6243985992236,0.0 -50.5129104,-27.6243984992236,0.0 -50.5129091,-27.6243984992236,0.0 -50.5129078,-27.6243985992236,0.0 -50.5129065,-27.6243986992236,0.0 -50.5129052,-27.6243988992236,0.0 -50.5129039,-27.6243991992236,0.0 -50.5129027,-27.6243994992236,0.0 -50.5129014,-27.6243998992236,0.0 -50.5129002,-27.6244003992236,0.0 -50.512899,-27.6244008992236,0.0 -50.5128979,-27.6244013992236,0.0 -50.5128968,-27.6244020992236,0.0 -50.5128952,-27.6244030992236,0.0 -50.5128932,-27.6244046992236,0.0 -50.5128914,-27.6244063992236,0.0 -50.5128809,-27.6244187992236,0.0 -50.5128694,-27.6244408992236,0.0 -50.5128687,-27.6244422992236,0.0 -50.5128679,-27.6244435992236,0.0 -50.512867,-27.6244448992236,0.0 -50.5128661,-27.6244460992236,0.0 -50.5128651,-27.6244473992236,0.0 -50.5128641,-27.6244484992236,0.0 -50.512863,-27.6244496992236,0.0 -50.5128618,-27.6244507992236,0.0 -50.5128606,-27.6244517992236,0.0 -50.5128594,-27.6244527992236,0.0 -50.5128581,-27.6244537992236,0.0 -50.5128568,-27.6244546992236,0.0 -50.5128554,-27.6244555992236,0.0 -50.512854,-27.6244563992236,0.0 -50.5128525,-27.6244570992236,0.0 -50.5128194,-27.6244733992236,0.0 -50.5128062,-27.6244766992236,0.0 -50.5128041,-27.6244769992236,0.0 -50.512802,-27.6244770992236,0.0 -50.5128004,-27.6244768992236,0.0 -50.5127988,-27.6244766992236,0.0 -50.5127968,-27.6244760992236,0.0 -50.5127949,-27.6244752992236,0.0 -50.5127931,-27.6244741992236,0.0 -50.5127915,-27.6244729992236,0.0 -50.5127901,-27.6244715992236,0.0 -50.5127761,-27.6244537992236,0.0 -50.5127752,-27.6244525992236,0.0 -50.5127743,-27.6244513992236,0.0 -50.5127736,-27.6244500992236,0.0 -50.5127729,-27.6244487992236,0.0 -50.5127723,-27.6244474992236,0.0 -50.5127717,-27.6244460992236,0.0 -50.5127712,-27.6244447992236,0.0 -50.5127708,-27.6244433992236,0.0 -50.5127705,-27.6244419992236,0.0 -50.5127702,-27.6244404992236,0.0 -50.5127633,-27.6243939992236,0.0 -50.5127583,-27.6243806992236,0.0 -50.5127576,-27.6243787992236,0.0 -50.5127568,-27.6243769992236,0.0 -50.5127559,-27.6243750992236,0.0 -50.5127549,-27.6243732992236,0.0 -50.5127539,-27.6243714992236,0.0 -50.5127528,-27.6243696992236,0.0 -50.5127517,-27.6243679992236,0.0 -50.5127504,-27.6243662992236,0.0 -50.5127491,-27.6243645992236,0.0 -50.5127478,-27.6243629992236,0.0 -50.5127464,-27.6243613992236,0.0 -50.5127449,-27.6243598992236,0.0 -50.5127434,-27.6243583992236,0.0 -50.5127418,-27.6243569992236,0.0 -50.5127402,-27.6243555992236,0.0 -50.5127385,-27.6243541992236,0.0 -50.5127368,-27.6243528992236,0.0 -50.512735,-27.6243516992236,0.0 -50.5127331,-27.6243504992236,0.0 -50.5127313,-27.6243493992236,0.0 -50.5127294,-27.6243482992236,0.0 -50.5127274,-27.6243472992236,0.0 -50.5126907,-27.6243289992236,0.0 -50.5126889,-27.6243282992236,0.0 -50.5126869,-27.6243277992236,0.0 -50.5126848,-27.6243276992236,0.0 -50.5126828,-27.6243277992236,0.0 -50.5126808,-27.6243280992236,0.0 -50.5126423,-27.6243392992236,0.0 -50.5126399,-27.6243398992236,0.0 -50.5126375,-27.6243401992236,0.0 -50.5126356,-27.6243402992236,0.0 -50.5126123,-27.6243409992236,0.0 -50.5126103,-27.6243409992236,0.0 -50.5126084,-27.6243409992236,0.0 -50.5126065,-27.6243408992236,0.0 -50.5126046,-27.6243406992236,0.0 -50.5126027,-27.6243403992236,0.0 -50.5126008,-27.6243400992236,0.0 -50.512599,-27.6243396992236,0.0 -50.5125971,-27.6243391992236,0.0 -50.5125953,-27.6243386992236,0.0 -50.5125935,-27.6243380992236,0.0 -50.5125917,-27.6243373992236,0.0 -50.51259,-27.6243366992236,0.0 -50.5125883,-27.6243358992236,0.0 -50.5125866,-27.6243350992236,0.0 -50.512585,-27.6243341992236,0.0 -50.5125834,-27.6243331992236,0.0 -50.5125819,-27.6243321992236,0.0 -50.5125412,-27.6243037992236,0.0 -50.5125392,-27.6243024992236,0.0 -50.5125372,-27.6243011992236,0.0 -50.5125352,-27.6242999992236,0.0 -50.5125331,-27.6242987992236,0.0 -50.5125309,-27.6242976992236,0.0 -50.5125288,-27.6242965992236,0.0 -50.5125266,-27.6242955992236,0.0 -50.5125244,-27.6242946992236,0.0 -50.5125221,-27.6242937992236,0.0 -50.5125198,-27.6242928992236,0.0 -50.512421,-27.6242578992236,0.0 -50.5123433,-27.6242368992236,0.0 -50.5123415,-27.6242363992236,0.0 -50.5123397,-27.6242357992236,0.0 -50.512338,-27.6242350992236,0.0 -50.5123363,-27.6242343992236,0.0 -50.5123346,-27.6242335992236,0.0 -50.512333,-27.6242327992236,0.0 -50.5123314,-27.6242318992236,0.0 -50.5123298,-27.6242308992236,0.0 -50.5123283,-27.6242298992236,0.0 -50.5123269,-27.6242287992236,0.0 -50.5123255,-27.6242276992236,0.0 -50.5123242,-27.6242264992236,0.0 -50.5123229,-27.6242251992236,0.0 -50.512289,-27.6241909992236,0.0 -50.5122876,-27.6241895992236,0.0 -50.5122862,-27.6241882992236,0.0 -50.5122847,-27.6241869992236,0.0 -50.5122831,-27.6241857992236,0.0 -50.5122815,-27.6241845992236,0.0 -50.5122798,-27.6241834992236,0.0 -50.5122781,-27.6241824992236,0.0 -50.5122763,-27.6241814992236,0.0 -50.5122746,-27.6241804992236,0.0 -50.5122727,-27.6241795992236,0.0 -50.5122709,-27.6241787992236,0.0 -50.5120977,-27.6241056992236,0.0 -50.5117359,-27.6240227992236,0.0 -50.511734,-27.6240223992236,0.0 -50.5117322,-27.6240218992236,0.0 -50.5117304,-27.6240212992236,0.0 -50.5117287,-27.6240206992236,0.0 -50.5117269,-27.6240199992236,0.0 -50.5117252,-27.6240192992236,0.0 -50.5117235,-27.6240184992236,0.0 -50.5117219,-27.6240175992236,0.0 -50.5117203,-27.6240166992236,0.0 -50.5117187,-27.6240156992236,0.0 -50.511702,-27.6240051992236,0.0 -50.5117,-27.6240037992236,0.0 -50.511698,-27.6240024992236,0.0 -50.5116961,-27.6240009992236,0.0 -50.5116942,-27.6239994992236,0.0 -50.5116923,-27.6239979992236,0.0 -50.5116905,-27.6239963992236,0.0 -50.5116888,-27.6239947992236,0.0 -50.5116871,-27.6239930992236,0.0 -50.5116855,-27.6239913992236,0.0 -50.511684,-27.6239895992236,0.0 -50.5116825,-27.6239877992236,0.0 -50.511681,-27.6239859992236,0.0 -50.5116797,-27.6239840992236,0.0 -50.5116784,-27.6239821992236,0.0 -50.5116771,-27.6239802992236,0.0 -50.5116759,-27.6239782992236,0.0 -50.5116748,-27.6239762992236,0.0 -50.5116738,-27.6239741992236,0.0 -50.5116728,-27.6239721992236,0.0 -50.5116719,-27.6239700992236,0.0 -50.5116711,-27.6239679992236,0.0 -50.5116703,-27.6239657992236,0.0 -50.5116696,-27.6239636992236,0.0 -50.511669,-27.6239614992236,0.0 -50.5116683,-27.6239591992236,0.0 -50.5116676,-27.6239568992236,0.0 -50.5116668,-27.6239546992236,0.0 -50.5116659,-27.6239523992236,0.0 -50.511665,-27.6239501992236,0.0 -50.511664,-27.6239480992236,0.0 -50.5116629,-27.6239458992236,0.0 -50.5116617,-27.6239437992236,0.0 -50.5116605,-27.6239416992236,0.0 -50.5116592,-27.6239395992236,0.0 -50.5116578,-27.6239375992236,0.0 -50.5116564,-27.6239355992236,0.0 -50.5116549,-27.6239335992236,0.0 -50.5116534,-27.6239316992236,0.0 -50.5116517,-27.6239297992236,0.0 -50.5116501,-27.6239279992236,0.0 -50.5116483,-27.6239261992236,0.0 -50.5116465,-27.6239244992236,0.0 -50.5116447,-27.6239227992236,0.0 -50.5116428,-27.6239210992236,0.0 -50.5116408,-27.6239194992236,0.0 -50.5116388,-27.6239179992236,0.0 -50.5116367,-27.6239164992236,0.0 -50.5116346,-27.6239150992236,0.0 -50.5116324,-27.6239136992236,0.0 -50.5116302,-27.6239123992236,0.0 -50.511628,-27.6239110992236,0.0 -50.5116257,-27.6239098992236,0.0 -50.5116234,-27.6239086992236,0.0 -50.511621,-27.6239076992236,0.0 -50.5116156,-27.6239051992236,0.0 -50.5115262,-27.6238623992236,0.0 -50.5114505,-27.6238238992236,0.0 -50.5114129,-27.6238031992236,0.0 -50.5114002,-27.6237961992236,0.0 -50.5113223,-27.6237576992236,0.0 -50.5112374,-27.6237168992236,0.0 -50.5111691,-27.6236640992236,0.0 -50.5110962,-27.6236091992236,0.0 -50.5108923,-27.6235272992236,0.0 -50.5108757,-27.6235206992236,0.0 -50.5107037,-27.6234412992236,0.0 -50.5102422,-27.6232493992236,0.0 -50.5101343,-27.6232041992236,0.0 -50.5100017,-27.6231233992236,0.0 -50.5098921,-27.6230533992236,0.0 -50.5096277,-27.6228567992236,0.0 -50.5095406,-27.6228097992236,0.0 -50.509465,-27.6227733992236,0.0 -50.5089876,-27.6225667992236,0.0 -50.5088706,-27.6225151992236,0.0 -50.5088276,-27.6224690992236,0.0 -50.5088033,-27.6224149992236,0.0 -50.5087807,-27.6223897992236,0.0 -50.5087144,-27.6223493992236,0.0 -50.5085478,-27.6222370992236,0.0 -50.5083061,-27.6220614992236,0.0 -50.5081305,-27.6219365992236,0.0 -50.5080424,-27.6218339992236,0.0 -50.5079656,-27.6217417992236,0.0 -50.5078816,-27.6216680992236,0.0 -50.50767,-27.6215342992236,0.0 -50.5072959,-27.6213707992236,0.0 -50.5072473,-27.6213549992236,0.0 -50.5072445,-27.6213539992236,0.0 -50.5072419,-27.6213530992236,0.0 -50.5072392,-27.6213519992236,0.0 -50.5072366,-27.6213508992236,0.0 -50.507234,-27.6213497992236,0.0 -50.5072314,-27.6213485992236,0.0 -50.5072289,-27.6213472992236,0.0 -50.5072264,-27.6213459992236,0.0 -50.507224,-27.6213445992236,0.0 -50.5072216,-27.6213430992236,0.0 -50.5072192,-27.6213415992236,0.0 -50.5072169,-27.6213400992236,0.0 -50.5072146,-27.6213384992236,0.0 -50.5072124,-27.6213368992236,0.0 -50.5072102,-27.6213351992236,0.0 -50.507208,-27.6213333992236,0.0 -50.507206,-27.6213315992236,0.0 -50.5072039,-27.6213297992236,0.0 -50.5071837,-27.6213110992236,0.0 -50.5071734,-27.6212551992236,0.0 -50.5071504,-27.6211432992236,0.0 -50.5071349,-27.6211120992236,0.0 -50.5071259,-27.6210994992236,0.0 -50.506974,-27.6209481992236,0.0 -50.50691,-27.6209078992236,0.0 -50.50682,-27.6208938992236,0.0 -50.5067457,-27.6208987992236,0.0 -50.5065993,-27.6208363992236,0.0 -50.5064552,-27.6207107992236,0.0 -50.5062143,-27.6204106992236,0.0 -50.506161,-27.6203187992236,0.0 -50.506109,-27.6202661992237,0.0 -50.5060367,-27.6201904992236,0.0 -50.5060146,-27.6201467992236,0.0 -50.5059673,-27.6200900992236,0.0 -50.5058944,-27.6200391992237,0.0 -50.5057544,-27.6199868992237,0.0 -50.5056874,-27.6198844992237,0.0 -50.5057049,-27.6198290992237,0.0 -50.5057042,-27.6197650992237,0.0 -50.5056324,-27.6195758992237,0.0 -50.5056176,-27.6195177992237,0.0 -50.5056195,-27.6194393992237,0.0 -50.5056418,-27.6193778992237,0.0 -50.5056716,-27.6192979992237,0.0 -50.5057375,-27.6191609992237,0.0 -50.5058018,-27.6189970992237,0.0 -50.5058663,-27.6189178992237,0.0 -50.5059456,-27.6188017992237,0.0 -50.5060848,-27.6186991992237,0.0 -50.5062185,-27.6186336992237,0.0 -50.5064829,-27.6185314992237,0.0 -50.5068435,-27.6183775992237,0.0 -50.5070038,-27.6182650992237,0.0 -50.5071174,-27.6181681992237,0.0 -50.5072502,-27.6180448992237,0.0 -50.5073989,-27.6179321992237,0.0 -50.5074885,-27.6178267992237,0.0 -50.5075515,-27.6175993992237,0.0 -50.5075668,-27.6174822992237,0.0 -50.5075798,-27.6173825992237,0.0 -50.5075993,-27.6172090992237,0.0 -50.5076234,-27.6170335992237,0.0 -50.5076412,-27.6169426992237,0.0 -50.5076938,-27.6168576992237,0.0 -50.5077117,-27.6167874992237,0.0 -50.5077112,-27.6167213992237,0.0 -50.5076942,-27.6166286992237,0.0 -50.5076675,-27.6164699992237,0.0 -50.5076695,-27.6164327992237,0.0 -50.5076827,-27.6163521992237,0.0 -50.5077374,-27.6162362992237,0.0 -50.5077506,-27.6161557992237,0.0 -50.5077498,-27.6160566992237,0.0 -50.5077401,-27.6160051992237,0.0 -50.5077469,-27.6159762992237,0.0 -50.5077629,-27.6159554992237,0.0 -50.5078206,-27.6159262992237,0.0 -50.507892,-27.6158782992237,0.0 -50.5079889,-27.6158281992237,0.0 -50.5080234,-27.6158011992237,0.0 -50.5080395,-27.6157803992237,0.0 -50.5080508,-27.6157472992237,0.0 -50.5080507,-27.6157348992237,0.0 -50.5080157,-27.6157103992237,0.0 -50.5079717,-27.6157065992237,0.0 -50.5078606,-27.6157237992237,0.0 -50.5077729,-27.6157573992237,0.0 -50.5077106,-27.6157866992237,0.0 -50.5076783,-27.6158053992237,0.0 -50.5076298,-27.6158180992237,0.0 -50.5075995,-27.6158038992237,0.0 -50.5075665,-27.6157359992237,0.0 -50.5075699,-27.6155790992237,0.0 -50.5075624,-27.6155110992237,0.0 -50.507539,-27.6154864992237,0.0 -50.5074832,-27.6154599992237,0.0 -50.5074417,-27.6154808992237,0.0 -50.5073589,-27.6155577992237,0.0 -50.5073523,-27.6155990992237,0.0 -50.5073527,-27.6156527992237,0.0 -50.5073808,-27.6156793992237,0.0 -50.5074299,-27.6157388992237,0.0 -50.5074464,-27.6157738992237,0.0 -50.5074444,-27.6158151992237,0.0 -50.5074284,-27.6158420992237,0.0 -50.5073776,-27.6158650992237,0.0 -50.5073243,-27.6158633992237,0.0 -50.5072825,-27.6158450992237,0.0 -50.5072498,-27.6158184992237,0.0 -50.5072264,-27.6157793992237,0.0 -50.5072235,-27.6157092992237,0.0 -50.5072277,-27.6156555992237,0.0 -50.5072318,-27.6155977992237,0.0 -50.507227,-27.6155730992237,0.0 -50.5071825,-27.6155155992237,0.0 -50.5070684,-27.6154440992237,0.0 -50.507001,-27.6154094992237,0.0 -50.5068689,-27.6154102992237,0.0 -50.5067927,-27.6154334992237,0.0 -50.5067233,-27.6154524992237,0.0 -50.5066863,-27.6154568992237,0.0 -50.5066536,-27.6154260992237,0.0 -50.5066369,-27.6153642992237,0.0 -50.5066267,-27.6152508992237,0.0 -50.5066113,-27.6150611992237,0.0 -50.5065898,-27.6149828992237,0.0 -50.5066054,-27.6149105992238,0.0 -50.5066371,-27.6148174992237,0.0 -50.5066364,-27.6147287992238,0.0 -50.5066305,-27.6145698992238,0.0 -50.5065972,-27.6144586992238,0.0 -50.5066034,-27.6143698992238,0.0 -50.5066261,-27.6143078992238,0.0 -50.5066739,-27.6142084992238,0.0 -50.5067173,-27.6141318992238,0.0 -50.5067346,-27.6139749992238,0.0 -50.5068249,-27.6136833992238,0.0 -50.5068972,-27.6134600992238,0.0 -50.5069051,-27.6132866992238,0.0 -50.5069207,-27.6132122992238,0.0 -50.5069548,-27.6131377992238,0.0 -50.5070007,-27.6130776992238,0.0 -50.507086,-27.6130316992238,0.0 -50.5071918,-27.6129319992238,0.0 -50.5072214,-27.6128760992238,0.0 -50.5072233,-27.6128265992238,0.0 -50.5072129,-27.6127005992238,0.0 -50.5072002,-27.6125480992238,0.0 -50.507195,-27.6124779992238,0.0 -50.5071712,-27.6123893992238,0.0 -50.5071261,-27.6122638992238,0.0 -50.5070053,-27.6119344992238,0.0 -50.5069155,-27.6117059992238,0.0 -50.5068514,-27.6115227992238,0.0 -50.5068274,-27.6114176992238,0.0 -50.5068235,-27.6112195992238,0.0 -50.506823,-27.6111566992238,0.0 -50.5068225,-27.6110936992238,0.0 -50.5068635,-27.6110108992238,0.0 -50.5069393,-27.6109299992238,0.0 -50.5070105,-27.6108592992238,0.0 -50.5070904,-27.6107040992238,0.0 -50.5071035,-27.6106131992238,0.0 -50.5071444,-27.6105096992238,0.0 -50.5071857,-27.6104599992238,0.0 -50.5072778,-27.6103953992238,0.0 -50.5075038,-27.6102639992238,0.0 -50.5077896,-27.6100928992238,0.0 -50.5079461,-27.6100183992238,0.0 -50.5079696,-27.6100070992238,0.0 -50.5080757,-27.6099527992238,0.0 -50.5081472,-27.6099048992238,0.0 -50.5081861,-27.6098530992238,0.0 -50.5082296,-27.6097908992238,0.0 -50.5082546,-27.6097328992238,0.0 -50.5082541,-27.6096647992239,0.0 -50.5082605,-27.6096028992238,0.0 -50.5082531,-27.6095389992238,0.0 -50.5082543,-27.6093985992238,0.0 -50.5082604,-27.6092953992238,0.0 -50.508302,-27.6090000992239,0.0 -50.5083383,-27.6089110992239,0.0 -50.5083865,-27.6088550992239,0.0 -50.5084901,-27.6087759992239,0.0 -50.5085889,-27.6086742992239,0.0 -50.5086208,-27.6086038992239,0.0 -50.5086593,-27.6085045992239,0.0 -50.5086998,-27.6083474992239,0.0 -50.5087323,-27.6080769992239,0.0 -50.5087224,-27.6079985992239,0.0 -50.5087219,-27.6079387992239,0.0 -50.5087379,-27.6079035992239,0.0 -50.5087794,-27.6078785992239,0.0 -50.5088163,-27.6078576992239,0.0 -50.5088809,-27.6078324992239,0.0 -50.5089131,-27.6078033992239,0.0 -50.5089542,-27.6077288992239,0.0 -50.5089931,-27.6076708992239,0.0 -50.5090203,-27.6075942992239,0.0 -50.5090568,-27.6075300992239,0.0 -50.5090911,-27.6074741992239,0.0 -50.50913,-27.6074181992239,0.0 -50.5092013,-27.6073455992239,0.0 -50.5092588,-27.6073018992239,0.0 -50.5093304,-27.6072703992239,0.0 -50.5094462,-27.6072675992239,0.0 -50.5097469,-27.6072243992239,0.0 -50.510296,-27.6072311992239,0.0 -50.510523,-27.6072338992239,0.0 -50.5105854,-27.6072127992239,0.0 -50.510629,-27.6071691992239,0.0 -50.5106956,-27.6070944992239,0.0 -50.5107365,-27.6070013992239,0.0 -50.5107407,-27.6069414992239,0.0 -50.5107359,-27.6069188992239,0.0 -50.510726,-27.6068487992239,0.0 -50.5107226,-27.6067084992239,0.0 -50.5107314,-27.6066485992239,0.0 -50.5107794,-27.6065739992239,0.0 -50.5109111,-27.6065317992239,0.0 -50.5110799,-27.6064997992239,0.0 -50.5113066,-27.6064611992239,0.0 -50.5115705,-27.6064388992239,0.0 -50.51167,-27.6064196992239,0.0 -50.5117646,-27.6063818992239,0.0 -50.511843,-27.6063400992239,0.0 -50.5120112,-27.6062275992239,0.0 -50.5121841,-27.6061253992239,0.0 -50.5125344,-27.6059084992239,0.0 -50.5125361,-27.6059069992239,0.0 -50.5125508,-27.6059005992239,0.0 -50.5125737,-27.6058894992239,0.0 -50.5125844,-27.6058865992239,0.0 -50.512587,-27.6058738992239,0.0 -50.5125925,-27.6058550992239,0.0 -50.512604,-27.6058254992239,0.0 -50.5126123,-27.6058082992239,0.0 -50.5126189,-27.6057962992239,0.0 -50.5126309,-27.6057769992239,0.0 -50.5126833,-27.6056978992239,0.0 -50.5126974,-27.6056742992239,0.0 -50.5127147,-27.6056422992239,0.0 -50.5127291,-27.6056122992239,0.0 -50.5127373,-27.6055921992239,0.0 -50.5127436,-27.6055733992239,0.0 -50.5127494,-27.6055488992239,0.0 -50.5127523,-27.6055299992239,0.0 -50.5127544,-27.6055099992239,0.0 -50.5127606,-27.6054173992239,0.0 -50.512763,-27.6053620992239,0.0 -50.5127637,-27.6053041992239,0.0 -50.5127631,-27.6052574992239,0.0 -50.5127607,-27.6052229992239,0.0 -50.5127556,-27.6051930992239,0.0 -50.5127486,-27.6051677992239,0.0 -50.5127449,-27.6051589992239,0.0 -50.5127402,-27.6051504992239,0.0 -50.5127303,-27.6051375992239,0.0 -50.512711,-27.6051189992239,0.0 -50.5126868,-27.6050985992239,0.0 -50.5126587,-27.6050764992239,0.0 -50.5126341,-27.6050588992239,0.0 -50.512606,-27.6050406992239,0.0 -50.5125623,-27.6050149992239,0.0 -50.5124986,-27.6049808992239,0.0 -50.5124592,-27.6049613992239,0.0 -50.5124342,-27.6049496992239,0.0 -50.5124102,-27.6049391992239,0.0 -50.5123737,-27.6049245992239,0.0 -50.512247,-27.6048793992239,0.0 -50.5122131,-27.6048659992239,0.0 -50.5121954,-27.6048578992239,0.0 -50.5121805,-27.6048502992239,0.0 -50.5121611,-27.6048391992239,0.0 -50.5121433,-27.6048276992239,0.0 -50.5121322,-27.6048195992239,0.0 -50.5121216,-27.6048109992239,0.0 -50.5121068,-27.6047968992239,0.0 -50.5120885,-27.6047767992239,0.0 -50.5120632,-27.6047460992239,0.0 -50.5120422,-27.6047180992239,0.0 -50.512025,-27.6046926992239,0.0 -50.5120083,-27.6046643992239,0.0 -50.511996,-27.6046393992239,0.0 -50.511983,-27.6046078992239,0.0 -50.5119691,-27.6045682992239,0.0 -50.51195,-27.6045078992239,0.0 -50.5119187,-27.6044026992239,0.0 -50.511905,-27.6043587992239,0.0 -50.5118857,-27.604300899224,0.0 -50.5118518,-27.6042054992239,0.0 -50.5118398,-27.6041696992239,0.0 -50.5118336,-27.604148499224,0.0 -50.5118289,-27.604129399224,0.0 -50.5118256,-27.604111899224,0.0 -50.5118234,-27.6040955992239,0.0 -50.5118211,-27.6040646992239,0.0 -50.5118209,-27.6040354992239,0.0 -50.5118223,-27.604008399224,0.0 -50.5118239,-27.603995299224,0.0 -50.5118264,-27.6039824992239,0.0 -50.5118299,-27.603969699224,0.0 -50.5118372,-27.6039502992239,0.0 -50.5118631,-27.603893299224,0.0 -50.5118744,-27.603864299224,0.0 -50.5118797,-27.603844399224,0.0 -50.5118818,-27.603831199224,0.0 -50.5118831,-27.603817399224,0.0 -50.511884,-27.603794099224,0.0 -50.511884,-27.603766599224,0.0 -50.5118814,-27.603696599224,0.0 -50.5118708,-27.603497899224,0.0 -50.5118681,-27.603468699224,0.0 -50.511865,-27.603450599224,0.0 -50.5118568,-27.603420899224,0.0 -50.5118391,-27.603372999224,0.0 -50.5117947,-27.603265999224,0.0 -50.511759,-27.603184399224,0.0 -50.5117393,-27.603143199224,0.0 -50.5117248,-27.603115099224,0.0 -50.511669,-27.603016799224,0.0 -50.511655,-27.602991199224,0.0 -50.5116427,-27.602966599224,0.0 -50.5116312,-27.602941299224,0.0 -50.5116133,-27.602898299224,0.0 -50.5115859,-27.602828399224,0.0 -50.5115554,-27.602747199224,0.0 -50.511538,-27.602696999224,0.0 -50.5115341,-27.602683399224,0.0 -50.5115306,-27.602667099224,0.0 -50.5115292,-27.602653599224,0.0 -50.511529,-27.602636499224,0.0 -50.5115301,-27.602617999224,0.0 -50.5115318,-27.602602899224,0.0 -50.5115411,-27.602546799224,0.0 -50.5115431,-27.602531299224,0.0 -50.5115445,-27.602505199224,0.0 -50.5115442,-27.602481299224,0.0 -50.5115421,-27.602453999224,0.0 -50.5115393,-27.602433999224,0.0 -50.5115325,-27.602400899224,0.0 -50.5115257,-27.602376699224,0.0 -50.5115171,-27.602350599224,0.0 -50.5115018,-27.602310199224,0.0 -50.5114808,-27.602259199224,0.0 -50.5114658,-27.602225199224,0.0 -50.5114492,-27.602191999224,0.0 -50.511436,-27.602168799224,0.0 -50.5114208,-27.602144399224,0.0 -50.5114036,-27.602119299224,0.0 -50.5113846,-27.602094399224,0.0 -50.5113745,-27.602082099224,0.0 -50.5113531,-27.602058299224,0.0 -50.5113305,-27.602035399224,0.0 -50.5113071,-27.602013099224,0.0 -50.511225,-27.601938699224,0.0 -50.5111929,-27.601908099224,0.0 -50.5111735,-27.601887999224,0.0 -50.5111551,-27.601867699224,0.0 -50.5111187,-27.601823999224,0.0 -50.5110795,-27.601774099224,0.0 -50.5110495,-27.601734199224,0.0 -50.5110204,-27.601694099224,0.0 -50.5109835,-27.601640499224,0.0 -50.5109477,-27.601585399224,0.0 -50.5109226,-27.601544199224,0.0 -50.5109011,-27.601505699224,0.0 -50.5108897,-27.601482399224,0.0 -50.5108718,-27.601440399224,0.0 -50.5108562,-27.601400299224,0.0 -50.5108448,-27.601368599224,0.0 -50.5108341,-27.601333099224,0.0 -50.5108247,-27.601292299224,0.0 -50.5108164,-27.601246599224,0.0 -50.5108089,-27.601197499224,0.0 -50.5107932,-27.601078799224,0.0 -50.5107778,-27.600971699224,0.0 -50.5107652,-27.600865599224,0.0 -50.5107598,-27.600830199224,0.0 -50.5107508,-27.600785799224,0.0 -50.5107352,-27.600720899224,0.0 -50.5107239,-27.600679299224,0.0 -50.5107022,-27.600607799224,0.0 -50.5106963,-27.600586499224,0.0 -50.5106934,-27.600573299224,0.0 -50.5106914,-27.600560199224,0.0 -50.51069,-27.600539499224,0.0 -50.5106902,-27.600525199224,0.0 -50.5106917,-27.600504299224,0.0 -50.5106946,-27.600485299224,0.0 -50.5106989,-27.600468099224,0.0 -50.5107049,-27.600451899224,0.0 -50.5107271,-27.600406099224,0.0 -50.5107381,-27.600378999224,0.0 -50.5107523,-27.600335099224,0.0 -50.5107677,-27.600277399224,0.0 -50.5107765,-27.600238299224,0.0 -50.5107844,-27.600197499224,0.0 -50.5108116,-27.600037699224,0.0 -50.5108187,-27.600004099224,0.0 -50.5108283,-27.599966799224,0.0 -50.5108371,-27.599939799224,0.0 -50.5108414,-27.599929399224,0.0 -50.5108483,-27.599915799224,0.0 -50.5108564,-27.599903199224,0.0 -50.5108654,-27.599891499224,0.0 -50.5108752,-27.599881399224,0.0 -50.5108822,-27.599875499224,0.0 -50.5108901,-27.599869999224,0.0 -50.5108995,-27.599864799224,0.0 -50.5109172,-27.599856899224,0.0 -50.5109392,-27.599849199224,0.0 -50.5109643,-27.599842499224,0.0 -50.5109915,-27.599837199224,0.0 -50.5110197,-27.599833599224,0.0 -50.5110478,-27.599831599224,0.0 -50.5110835,-27.599831499224,0.0 -50.5111004,-27.599832299224,0.0 -50.5111242,-27.599834599224,0.0 -50.5111468,-27.599838299224,0.0 -50.5111618,-27.599841599224,0.0 -50.5111927,-27.599850399224,0.0 -50.5112792,-27.599879499224,0.0 -50.5113221,-27.599892499224,0.0 -50.5113606,-27.599901799224,0.0 -50.5113864,-27.599906599224,0.0 -50.5114103,-27.599910199224,0.0 -50.5114406,-27.599913599224,0.0 -50.5114782,-27.599916399224,0.0 -50.5115152,-27.599917699224,0.0 -50.5115426,-27.599917699224,0.0 -50.5115677,-27.599916599224,0.0 -50.5115905,-27.599914199224,0.0 -50.5116111,-27.599910799224,0.0 -50.5116306,-27.599905799224,0.0 -50.5116545,-27.599896699224,0.0 -50.5116875,-27.599881299224,0.0 -50.5117252,-27.599861599224,0.0 -50.5117632,-27.599839499224,0.0 -50.5118402,-27.599792199224,0.0 -50.5118885,-27.599760899224,0.0 -50.5119204,-27.599737599224,0.0 -50.5119482,-27.599714399224,0.0 -50.5119828,-27.599681699224,0.0 -50.5120088,-27.599654599224,0.0 -50.5120343,-27.599625399224,0.0 -50.5120586,-27.599593999224,0.0 -50.5120805,-27.599561799224,0.0 -50.5120932,-27.599540899224,0.0 -50.5121039,-27.599521299224,0.0 -50.5121162,-27.599493899224,0.0 -50.512125,-27.599466799224,0.0 -50.5121314,-27.599437599224,0.0 -50.5121362,-27.599406799224,0.0 -50.5121432,-27.599348099224,0.0 -50.5121468,-27.599300999224,0.0 -50.5121476,-27.599269899224,0.0 -50.5121463,-27.599235899224,0.0 -50.5121437,-27.599211599224,0.0 -50.5121394,-27.599185799224,0.0 -50.5121332,-27.599158199224,0.0 -50.5121204,-27.599111899224,0.0 -50.5121031,-27.599058499224,0.0 -50.5120891,-27.599018899224,0.0 -50.5120559,-27.598932599224,0.0 -50.5119931,-27.598781499224,0.0 -50.5119748,-27.5987337992241,0.0 -50.5119671,-27.598709699224,0.0 -50.5119622,-27.5986900992241,0.0 -50.5119598,-27.5986736992241,0.0 -50.5119592,-27.5986591992241,0.0 -50.5119606,-27.5986462992241,0.0 -50.5119619,-27.5986402992241,0.0 -50.511966,-27.5986289992241,0.0 -50.5119688,-27.5986235992241,0.0 -50.5119756,-27.598613399224,0.0 -50.5119886,-27.5985992992241,0.0 -50.512004,-27.5985865992241,0.0 -50.5120206,-27.5985751992241,0.0 -50.5120375,-27.5985650992241,0.0 -50.5120742,-27.5985447992241,0.0 -50.5120944,-27.5985314992241,0.0 -50.5121097,-27.5985191992241,0.0 -50.5121191,-27.5985102992241,0.0 -50.512131,-27.5984969992241,0.0 -50.5121372,-27.5984882992241,0.0 -50.5121441,-27.5984744992241,0.0 -50.512149,-27.5984588992241,0.0 -50.5121523,-27.5984409992241,0.0 -50.5121539,-27.598421399224,0.0 -50.5121536,-27.5984007992241,0.0 -50.5121522,-27.5983866992241,0.0 -50.5121475,-27.5983657992241,0.0 -50.5121423,-27.5983521992241,0.0 -50.5121317,-27.5983324992241,0.0 -50.5121138,-27.5983071992241,0.0 -50.5120924,-27.5982811992241,0.0 -50.5120614,-27.5982476992241,0.0 -50.5118486,-27.5980350992241,0.0 -50.511791,-27.5979800992241,0.0 -50.5117611,-27.5979529992241,0.0 -50.5117304,-27.5979260992241,0.0 -50.5116825,-27.5978862992241,0.0 -50.5116496,-27.5978604992241,0.0 -50.5116163,-27.5978355992241,0.0 -50.5115828,-27.5978116992241,0.0 -50.5115493,-27.5977889992241,0.0 -50.5114672,-27.5977349992241,0.0 -50.5113582,-27.5976620992241,0.0 -50.5112833,-27.5976135992241,0.0 -50.5112409,-27.5975838992241,0.0 -50.5112144,-27.5975628992241,0.0 -50.5111898,-27.5975409992241,0.0 -50.5111678,-27.5975193992241,0.0 -50.5111407,-27.5974902992241,0.0 -50.5111272,-27.5974744992241,0.0 -50.5111122,-27.5974547992241,0.0 -50.511101,-27.5974371992241,0.0 -50.511091,-27.5974189992241,0.0 -50.5110744,-27.5973845992241,0.0 -50.5110603,-27.5973526992241,0.0 -50.5110506,-27.5973265992241,0.0 -50.5110453,-27.5973084992241,0.0 -50.511041,-27.5972899992241,0.0 -50.5110361,-27.5972615992241,0.0 -50.5110326,-27.5972324992241,0.0 -50.5110299,-27.5972026992241,0.0 -50.5110284,-27.5971712992241,0.0 -50.511028,-27.5971375992241,0.0 -50.511029,-27.5971025992241,0.0 -50.5110305,-27.5970791992241,0.0 -50.5110328,-27.5970564992241,0.0 -50.5110359,-27.5970348992241,0.0 -50.5110398,-27.5970145992241,0.0 -50.5110448,-27.5969959992241,0.0 -50.5110507,-27.5969792992241,0.0 -50.511058,-27.5969643992241,0.0 -50.5110623,-27.5969573992241,0.0 -50.5110726,-27.5969437992241,0.0 -50.5110854,-27.5969301992241,0.0 -50.51111,-27.5969086992241,0.0 -50.5111393,-27.5968859992241,0.0 -50.5112247,-27.5968245992241,0.0 -50.5112541,-27.5968024992241,0.0 -50.5112972,-27.5967671992241,0.0 -50.5113453,-27.5967250992241,0.0 -50.5113602,-27.5967109992241,0.0 -50.511374,-27.5966968992241,0.0 -50.5113862,-27.5966829992241,0.0 -50.511397,-27.5966691992241,0.0 -50.5114063,-27.5966556992241,0.0 -50.511414,-27.5966422992241,0.0 -50.5114203,-27.5966291992241,0.0 -50.5114254,-27.5966159992241,0.0 -50.5114293,-27.5966024992241,0.0 -50.5114322,-27.5965882992241,0.0 -50.5114344,-27.5965728992241,0.0 -50.511436,-27.5965553992241,0.0 -50.511438,-27.5965087992241,0.0 -50.5114412,-27.5963321992241,0.0 -50.5114441,-27.5962441992241,0.0 -50.5114474,-27.5961906992241,0.0 -50.5114506,-27.5961540992241,0.0 -50.511455,-27.5961167992241,0.0 -50.5114608,-27.5960785992241,0.0 -50.5114722,-27.5960194992241,0.0 -50.5114954,-27.5959133992241,0.0 -50.5115246,-27.5957731992241,0.0 -50.5115401,-27.5957047992241,0.0 -50.5116276,-27.5953818992241,0.0 -50.5116278,-27.5953793992241,0.0 -50.5118388,-27.5963484992241,0.0 -50.5170623,-27.5960560992241,0.0 -50.5174183,-27.5961740992241,0.0 -50.517659,-27.5963096992241,0.0 -50.517798,-27.5964179992241,0.0 -50.5180189,-27.5965362992241,0.0 -50.5182993,-27.5967353992241,0.0 -50.5187195,-27.5969802992241,0.0 -50.5191047,-27.5972290992241,0.0 -50.519409,-27.5974728992241,0.0 -50.5197247,-27.5975321992241,0.0 -50.5203332,-27.5974450992241,0.0 -50.5204498,-27.5974260992241,0.0 -50.5204872,-27.5974239992241,0.0 -50.5205184,-27.5974302992241,0.0 -50.5205936,-27.5974531992241,0.0 -50.5206142,-27.5974593992241,0.0 -50.5207369,-27.5975363992241,0.0 -50.5208597,-27.5976112992241,0.0 -50.5209867,-27.5976716992241,0.0 -50.5212073,-27.5976945992241,0.0 -50.521432,-27.5976757992241,0.0 -50.5216713,-27.5975883992241,0.0 -50.521817,-27.5975259992241,0.0 -50.5219434,-27.5974685992241,0.0 -50.5221333,-27.5973823992241,0.0 -50.5224777,-27.5972158992241,0.0 -50.5227191,-27.5970702992241,0.0 -50.5228731,-27.5968954992241,0.0 -50.5230271,-27.5967164992241,0.0 -50.5232061,-27.5965499992241,0.0 -50.5233892,-27.5964459992241,0.0 -50.523718,-27.5963501992241,0.0 -50.5238106,-27.5963210992241,0.0 -50.5240395,-27.5962003992241,0.0 -50.5242143,-27.5961670992241,0.0 -50.5243767,-27.5961670992241,0.0 -50.5245598,-27.5962045992241,0.0 -50.5246722,-27.5962627992241,0.0 -50.5248012,-27.5963376992241,0.0 -50.5249469,-27.5965166992241,0.0 -50.52513,-27.5967747992241,0.0 -50.5255972,-27.5973511992241,0.0 -50.5258802,-27.5976258992241,0.0 -50.5268032,-27.5983400992241,0.0 -50.5272315,-27.598671699224,0.0 -50.5278489,-27.599361499224,0.0 -50.5280029,-27.599500899224,0.0 -50.5282235,-27.599683999224,0.0 -50.5283899,-27.599908799224,0.0 -50.5286948,-27.600326299224,0.0 -50.5287728,-27.600433199224,0.0 -50.528931,-27.600666299224,0.0 -50.5290808,-27.601124099224,0.0 -50.5293139,-27.601823299224,0.0 -50.529497,-27.602322799224,0.0 -50.52988,-27.603038699224,0.0 -50.5305459,-27.603571399224,0.0 -50.5312451,-27.603787799224,0.0 -50.5314449,-27.6038543992239,0.0 -50.5316197,-27.603945999224,0.0 -50.5317654,-27.604037599224,0.0 -50.5325385,-27.6042055992239,0.0 -50.5335956,-27.6044552992239,0.0 -50.534145,-27.6046300992239,0.0 -50.5344072,-27.6047154992239,0.0 -50.5348193,-27.6049692992239,0.0 -50.5353146,-27.6053521992239,0.0 -50.5357224,-27.6057600992239,0.0 -50.5362128,-27.6062088992239,0.0 -50.5363892,-27.6063372992239,0.0 -50.5365075,-27.6064897992239,0.0 -50.5365088,-27.6063728992239,0.0 -50.5365156,-27.6062236992239,0.0 -50.5366291,-27.6062387992239,0.0 -50.5366352,-27.6062392992239,0.0 -50.5367123,-27.6062447992239,0.0 -50.5367593,-27.6062450992239,0.0 -50.5370475,-27.6062134992239,0.0 -50.5373721,-27.6061660992239,0.0 -50.5376409,-27.6061637992239,0.0 -50.5379325,-27.6061945992239,0.0 -50.5380899,-27.6061996992239,0.0 -50.5382011,-27.6062004992239,0.0 -50.5382964,-27.6061597992239,0.0 -50.5383989,-27.6060882992239,0.0 -50.5384943,-27.6060455992239,0.0 -50.5386779,-27.6059662992239,0.0 -50.5388824,-27.6058871992239,0.0 -50.5389892,-27.6058548992239,0.0 -50.5391121,-27.6058391992239,0.0 -50.539397,-27.6058451992239,0.0 -50.539543,-27.6058337992239,0.0 -50.5396824,-27.6057851992239,0.0 -50.5398683,-27.6057223992239,0.0 -50.5401676,-27.6056542992239,0.0 -50.5404441,-27.6055590992239,0.0 -50.540646,-27.6055087992239,0.0 -50.5407945,-27.6054746992239,0.0 -50.5409686,-27.6054387992239,0.0 -50.5413302,-27.6053090992239,0.0 -50.5415594,-27.6051735992239,0.0 -50.5416302,-27.6048712992239,0.0 -50.5417595,-27.6042794992239,0.0 -50.5420282,-27.604151299224,0.0 -50.5425608,-27.603897099224,0.0 -50.5425782,-27.603649999224,0.0 -50.5425921,-27.603452399224,0.0 -50.5424969,-27.603317599224,0.0 -50.5423958,-27.603112799224,0.0 -50.5421945,-27.602752499224,0.0 -50.5420704,-27.602552099224,0.0 -50.5419183,-27.602347899224,0.0 -50.5417718,-27.602193299224,0.0 -50.5416485,-27.602042299224,0.0 -50.5415677,-27.601927999224,0.0 -50.5414945,-27.601730899224,0.0 -50.5414827,-27.601594899224,0.0 -50.5415274,-27.601507599224,0.0 -50.5416219,-27.601357599224,0.0 -50.5417354,-27.601227999224,0.0 -50.541766,-27.601128399224,0.0 -50.5417461,-27.601058599224,0.0 -50.5414838,-27.600401999224,0.0 -50.5413764,-27.599858799224,0.0 -50.5412672,-27.599715899224,0.0 -50.5410755,-27.599574899224,0.0 -50.540929,-27.599420199224,0.0 -50.540875,-27.599255899224,0.0 -50.5408912,-27.599188799224,0.0 -50.5409309,-27.599023899224,0.0 -50.5409445,-27.5987554992241,0.0 -50.5409201,-27.5986897992241,0.0 -50.540877,-27.598616099224,0.0 -50.54076,-27.5985476992241,0.0 -50.5405443,-27.5984610992241,0.0 -50.5405219,-27.5984520992241,0.0 -50.5404564,-27.5984200992241,0.0 -50.5404463,-27.5983706992241,0.0 -50.5404541,-27.5982920992241,0.0 -50.54052,-27.5980971992241,0.0 -50.5405938,-27.5979452992241,0.0 -50.5406464,-27.5978240992241,0.0 -50.5407006,-27.5977606992241,0.0 -50.540738,-27.5977321992241,0.0 -50.5407546,-27.5977075992241,0.0 -50.5407705,-27.5976735992241,0.0 -50.540788,-27.5975767992241,0.0 -50.5407679,-27.5975249992241,0.0 -50.540752,-27.5975041992241,0.0 -50.5406828,-27.5974786992241,0.0 -50.5404898,-27.5974199992241,0.0 -50.5404065,-27.5974190992241,0.0 -50.5402535,-27.5974256992241,0.0 -50.5400529,-27.5975266992241,0.0 -50.5399602,-27.5975338992241,0.0 -50.539886,-27.5975330992241,0.0 -50.5398079,-27.5974868992241,0.0 -50.5397671,-27.5974203992241,0.0 -50.5396902,-27.5972915992241,0.0 -50.5396721,-27.5972583992241,0.0 -50.5396462,-27.5971218992241,0.0 -50.5397047,-27.5969078992241,0.0 -50.539757,-27.5968093992241,0.0 -50.5397585,-27.5966979992241,0.0 -50.5397,-27.5965694992241,0.0 -50.5396454,-27.5965027992241,0.0 -50.5393828,-27.5963926992241,0.0 -50.5390783,-27.5962985992241,0.0 -50.538856,-27.5962960992241,0.0 -50.538527,-27.5963007992241,0.0 -50.5381617,-27.5962555992241,0.0 -50.5377405,-27.5962261992241,0.0 -50.5375557,-27.5961911992241,0.0 -50.5374177,-27.5961194992241,0.0 -50.5373262,-27.5960400992241,0.0 -50.5372258,-27.5959234992241,0.0 -50.53714,-27.5957615992241,0.0 -50.5371049,-27.5956208992241,0.0 -50.5371029,-27.5954268992241,0.0 -50.5370639,-27.5952324992241,0.0 -50.5369964,-27.5950872992241,0.0 -50.5369101,-27.5949624992241,0.0 -50.5367636,-27.5948370992241,0.0 -50.5364279,-27.5946559992241,0.0 -50.5363312,-27.5946094992241,0.0 -50.536027,-27.5944988992241,0.0 -50.535858,-27.5943277992241,0.0 -50.5357207,-27.5942066992241,0.0 -50.535593,-27.5940566992241,0.0 -50.535479,-27.5939233992241,0.0 -50.5353601,-27.5938147992241,0.0 -50.535218,-27.5937017992241,0.0 -50.5349808,-27.5934349992241,0.0 -50.5349623,-27.5934136992242,0.0 -50.5349148,-27.5933476992242,0.0 -50.5348488,-27.5932602992241,0.0 -50.5348411,-27.5931528992242,0.0 -50.5348704,-27.5930375992242,0.0 -50.5349114,-27.5927532992242,0.0 -50.5348959,-27.5925302992242,0.0 -50.5348333,-27.5923685992242,0.0 -50.534807,-27.5922568992242,0.0 -50.534814,-27.5920835992242,0.0 -50.5348252,-27.5919474992242,0.0 -50.5347815,-27.5917530992242,0.0 -50.5346917,-27.5915498992242,0.0 -50.5346328,-27.5914501992242,0.0 -50.5346029,-27.5912681992242,0.0 -50.5345542,-27.5911025992242,0.0 -50.5345096,-27.5906398992242,0.0 -50.5344552,-27.5902182992242,0.0 -50.5344093,-27.5900354992242,0.0 -50.534341,-27.5897630992242,0.0 -50.5342933,-27.5895231992242,0.0 -50.5342814,-27.5893785992242,0.0 -50.5342728,-27.5893373992242,0.0 -50.5342614,-27.5893035992242,0.0 -50.5342536,-27.5892858992242,0.0 -50.5342399,-27.5892629992242,0.0 -50.5342215,-27.5892375992242,0.0 -50.5342038,-27.5892167992242,0.0 -50.5341824,-27.5891955992242,0.0 -50.53416,-27.5891767992242,0.0 -50.5341321,-27.5891559992242,0.0 -50.5341138,-27.5891444992242,0.0 -50.5340979,-27.5891369992242,0.0 -50.5339854,-27.5890928992242,0.0 -50.5338848,-27.5890565992242,0.0 -50.5338607,-27.5890466992242,0.0 -50.5338345,-27.5890344992242,0.0 -50.5338111,-27.5890225992242,0.0 -50.5337862,-27.5890089992242,0.0 -50.5337718,-27.5890003992242,0.0 -50.5337574,-27.5889906992242,0.0 -50.5337425,-27.5889791992242,0.0 -50.5337322,-27.5889698992242,0.0 -50.5337233,-27.5889601992242,0.0 -50.5337154,-27.5889496992242,0.0 -50.5337048,-27.5889332992242,0.0 -50.5336969,-27.5889192992242,0.0 -50.5336898,-27.5889045992242,0.0 -50.533684,-27.5888896992242,0.0 -50.5336793,-27.5888746992242,0.0 -50.5336742,-27.5888537992242,0.0 -50.5336636,-27.5887964992242,0.0 -50.5336468,-27.5887406992242,0.0 -50.533641,-27.5887266992242,0.0 -50.5336332,-27.5887112992242,0.0 -50.5335908,-27.5886425992242,0.0 -50.5335404,-27.5885532992242,0.0 -50.5334592,-27.5884171992242,0.0 -50.5333586,-27.5882545992242,0.0 -50.5333128,-27.5881838992242,0.0 -50.5332695,-27.5881194992243,0.0 -50.5332378,-27.5880742992242,0.0 -50.533174,-27.5879852992243,0.0 -50.5331531,-27.5879548992243,0.0 -50.5331339,-27.5879246992243,0.0 -50.5331176,-27.5878953992243,0.0 -50.53311,-27.5878785992243,0.0 -50.5331057,-27.5878669992243,0.0 -50.5331024,-27.5878551992243,0.0 -50.5330991,-27.5878377992243,0.0 -50.5330963,-27.5878070992243,0.0 -50.5330949,-27.5877260992243,0.0 -50.5330932,-27.5876974992243,0.0 -50.5330907,-27.5876772992243,0.0 -50.5330867,-27.5876528992243,0.0 -50.5330841,-27.5876398992243,0.0 -50.5330785,-27.5876179992243,0.0 -50.5330741,-27.5876067992243,0.0 -50.533068,-27.5875961992243,0.0 -50.5330246,-27.5875395992243,0.0 -50.5330128,-27.5875265992243,0.0 -50.5330015,-27.5875157992243,0.0 -50.5329902,-27.5875069992243,0.0 -50.5329811,-27.5875012992243,0.0 -50.5329711,-27.5874960992243,0.0 -50.5329562,-27.5874895992243,0.0 -50.5329299,-27.5874805992243,0.0 -50.5329036,-27.5874745992243,0.0 -50.5328862,-27.5874719992243,0.0 -50.5328686,-27.5874703992243,0.0 -50.5328401,-27.5874696992243,0.0 -50.5328232,-27.5874704992243,0.0 -50.5328058,-27.5874720992243,0.0 -50.5327803,-27.5874763992243,0.0 -50.5327501,-27.5874838992243,0.0 -50.5326976,-27.5875003992243,0.0 -50.532649,-27.5875172992243,0.0 -50.5326057,-27.5875340992243,0.0 -50.5325587,-27.5875537992243,0.0 -50.5324978,-27.5875812992243,0.0 -50.5323272,-27.5876622992243,0.0 -50.5321769,-27.5877315992243,0.0 -50.5321381,-27.5877484992243,0.0 -50.5321117,-27.5877579992243,0.0 -50.5320873,-27.5877643992243,0.0 -50.532045,-27.5877725992243,0.0 -50.5320057,-27.5877777992243,0.0 -50.5318829,-27.5877862992243,0.0 -50.531831,-27.5877881992243,0.0 -50.5317946,-27.5877875992243,0.0 -50.531761,-27.5877854992242,0.0 -50.5317304,-27.5877823992243,0.0 -50.5317013,-27.5877779992243,0.0 -50.5316711,-27.5877719992243,0.0 -50.5316266,-27.5877611992243,0.0 -50.5314646,-27.5877186992243,0.0 -50.5313986,-27.5877002992243,0.0 -50.5313732,-27.5876914992243,0.0 -50.5313529,-27.5876822992243,0.0 -50.5313359,-27.5876721992243,0.0 -50.5313211,-27.5876600992243,0.0 -50.5313098,-27.5876475992243,0.0 -50.5313061,-27.5876420992243,0.0 -50.5313032,-27.5876362992243,0.0 -50.5312998,-27.5876242992243,0.0 -50.5312994,-27.5876085992243,0.0 -50.5313007,-27.5875959992243,0.0 -50.5313043,-27.5875785992243,0.0 -50.5313153,-27.5875350992243,0.0 -50.5313226,-27.5875140992243,0.0 -50.5313299,-27.5874997992243,0.0 -50.5313383,-27.5874862992243,0.0 -50.5314008,-27.5873942992243,0.0 -50.5314676,-27.5872985992243,0.0 -50.5314913,-27.5872625992243,0.0 -50.5315068,-27.5872358992243,0.0 -50.5315273,-27.5871980992243,0.0 -50.531535,-27.5871799992243,0.0 -50.5315405,-27.5871619992243,0.0 -50.5315481,-27.5871292992243,0.0 -50.5315529,-27.5871002992243,0.0 -50.5315544,-27.5870773992243,0.0 -50.5315541,-27.5870371992243,0.0 -50.5315496,-27.5869811992243,0.0 -50.531548,-27.5869682992243,0.0 -50.5315398,-27.5869259992243,0.0 -50.5315326,-27.5869001992243,0.0 -50.5315257,-27.5868838992243,0.0 -50.5315158,-27.5868664992243,0.0 -50.5315043,-27.5868496992243,0.0 -50.5314905,-27.5868328992243,0.0 -50.5314741,-27.5868153992243,0.0 -50.5314503,-27.5867916992243,0.0 -50.5313743,-27.5867205992243,0.0 -50.5313611,-27.5867091992243,0.0 -50.5313475,-27.5866984992243,0.0 -50.5313286,-27.5866848992243,0.0 -50.5313037,-27.5866682992243,0.0 -50.5312751,-27.5866515992243,0.0 -50.5312182,-27.5866220992243,0.0 -50.5312025,-27.5866126992243,0.0 -50.5311886,-27.5866028992243,0.0 -50.5311762,-27.5865923992243,0.0 -50.5311646,-27.5865809992243,0.0 -50.5310856,-27.5864988992243,0.0 -50.5310621,-27.5864731992243,0.0 -50.5310252,-27.5864282992243,0.0 -50.531015,-27.5864144992243,0.0 -50.5310065,-27.5864008992243,0.0 -50.5309992,-27.5863868992243,0.0 -50.5309926,-27.5863714992243,0.0 -50.5309632,-27.5862925992243,0.0 -50.5309533,-27.5862686992243,0.0 -50.5309419,-27.5862444992243,0.0 -50.5309329,-27.5862274992243,0.0 -50.5309236,-27.5862116992243,0.0 -50.5308683,-27.5861245992243,0.0 -50.5308457,-27.5860928992243,0.0 -50.5307898,-27.5860236992243,0.0 -50.5307391,-27.5859581992243,0.0 -50.5307286,-27.5859469992243,0.0 -50.5307163,-27.5859362992243,0.0 -50.5307066,-27.5859292992243,0.0 -50.5306903,-27.5859189992243,0.0 -50.5306613,-27.5859033992243,0.0 -50.5306322,-27.5858904992243,0.0 -50.5306086,-27.5858826992243,0.0 -50.5305793,-27.5858759992243,0.0 -50.530562,-27.5858733992243,0.0 -50.5305424,-27.5858712992243,0.0 -50.5303257,-27.5858519992243,0.0 -50.5302468,-27.5858458992243,0.0 -50.5301425,-27.5858404992243,0.0 -50.5300748,-27.5858381992243,0.0 -50.5299355,-27.5858356992243,0.0 -50.5298682,-27.5858338992243,0.0 -50.5296253,-27.5858230992243,0.0 -50.5294483,-27.5858163992243,0.0 -50.5293997,-27.5858127992243,0.0 -50.5293506,-27.5858076992243,0.0 -50.5293052,-27.5858009992243,0.0 -50.5292704,-27.5857940992243,0.0 -50.5292398,-27.5857860992243,0.0 -50.5292083,-27.5857760992243,0.0 -50.5291499,-27.5857554992243,0.0 -50.529067,-27.5857250992243,0.0 -50.5289616,-27.5856851992243,0.0 -50.5288924,-27.5856578992243,0.0 -50.5288536,-27.5856415992243,0.0 -50.528782,-27.5856094992243,0.0 -50.5287466,-27.5855946992243,0.0 -50.5286986,-27.5855772992243,0.0 -50.5286749,-27.5855696992243,0.0 -50.5286405,-27.5855595992243,0.0 -50.5285643,-27.5855400992243,0.0 -50.5284744,-27.5855193992243,0.0 -50.5283961,-27.5855032992243,0.0 -50.5283215,-27.5854896992243,0.0 -50.5282521,-27.5854792992243,0.0 -50.5281932,-27.5854720992243,0.0 -50.5281133,-27.5854637992243,0.0 -50.5279981,-27.5854533992243,0.0 -50.5279589,-27.5854489992243,0.0 -50.5279355,-27.5854456992243,0.0 -50.5279042,-27.5854403992243,0.0 -50.5278606,-27.5854306992243,0.0 -50.5278366,-27.5854239992243,0.0 -50.5277687,-27.5854026992243,0.0 -50.5277282,-27.5853908992243,0.0 -50.5274106,-27.5853053992243,0.0 -50.5272407,-27.5852581992243,0.0 -50.5270346,-27.5852023992243,0.0 -50.5269533,-27.5851795992243,0.0 -50.5269025,-27.5851640992243,0.0 -50.5268642,-27.5851514992243,0.0 -50.5267019,-27.5850944992243,0.0 -50.5266347,-27.5850714992243,0.0 -50.5265734,-27.5850514992243,0.0 -50.5264775,-27.5850213992243,0.0 -50.5263705,-27.5849885992243,0.0 -50.5262911,-27.5849655992243,0.0 -50.5260636,-27.5849052992243,0.0 -50.5260011,-27.5848876992243,0.0 -50.5259569,-27.5848739992243,0.0 -50.5259263,-27.5848637992243,0.0 -50.5258799,-27.5848472992243,0.0 -50.5258504,-27.5848360992243,0.0 -50.5258106,-27.5848195992243,0.0 -50.5257719,-27.5848018992243,0.0 -50.5256237,-27.5847306992243,0.0 -50.5255248,-27.5846814992243,0.0 -50.5254825,-27.5846594992243,0.0 -50.5253865,-27.5846078992243,0.0 -50.5253485,-27.5845860992243,0.0 -50.525324,-27.5845702992243,0.0 -50.525303,-27.5845548992243,0.0 -50.5252705,-27.5845277992243,0.0 -50.5252363,-27.5844977992243,0.0 -50.525169,-27.5844364992243,0.0 -50.5251304,-27.5844041992243,0.0 -50.525051,-27.5843587992243,0.0 -50.5248854,-27.5842145992243,0.0 -50.5245978,-27.5839916992243,0.0 -50.5245528,-27.5839562992243,0.0 -50.5245153,-27.5839252992243,0.0 -50.524493,-27.5839056992243,0.0 -50.5244697,-27.5838840992243,0.0 -50.5244033,-27.5838204992243,0.0 -50.5243304,-27.5837525992243,0.0 -50.5242992,-27.5837221992243,0.0 -50.5242771,-27.5836990992243,0.0 -50.5242502,-27.5836684992243,0.0 -50.5242266,-27.5836394992243,0.0 -50.5242069,-27.5836126992243,0.0 -50.5241949,-27.5835932992243,0.0 -50.5241854,-27.5835735992243,0.0 -50.5241769,-27.5835520992243,0.0 -50.5241579,-27.5834970992243,0.0 -50.5241396,-27.5834413992243,0.0 -50.5241285,-27.5834035992243,0.0 -50.5241212,-27.5833732992243,0.0 -50.5241139,-27.5833366992243,0.0 -50.5241112,-27.5832977992243,0.0 -50.524108,-27.5832293992243,0.0 -50.5241054,-27.5831320992243,0.0 -50.5241043,-27.5829416992243,0.0 -50.5241057,-27.5828381992244,0.0 -50.524105,-27.5826526992244,0.0 -50.524106,-27.5826145992244,0.0 -50.5241095,-27.5825675992244,0.0 -50.5241138,-27.5825267992244,0.0 -50.5241174,-27.5824984992244,0.0 -50.5241222,-27.5824766992244,0.0 -50.5241259,-27.5824641992244,0.0 -50.5241305,-27.5824527992244,0.0 -50.524136,-27.5824419992244,0.0 -50.5241487,-27.5824211992244,0.0 -50.5242085,-27.5823324992244,0.0 -50.5242444,-27.5822764992244,0.0 -50.524284,-27.5822065992244,0.0 -50.5243424,-27.5821089992244,0.0 -50.5243514,-27.5820904992244,0.0 -50.5243537,-27.5820827992244,0.0 -50.5243549,-27.5820749992244,0.0 -50.5243551,-27.5820665992244,0.0 -50.5243544,-27.5820578992244,0.0 -50.5243508,-27.5820400992244,0.0 -50.5243234,-27.5819401992244,0.0 -50.524284,-27.5818039992244,0.0 -50.5242741,-27.5817638992244,0.0 -50.5242667,-27.5817273992244,0.0 -50.5242604,-27.5816882992244,0.0 -50.5242586,-27.5816688992244,0.0 -50.5242578,-27.5816480992244,0.0 -50.524259,-27.5816388992244,0.0 -50.5242607,-27.5816279992244,0.0 -50.5242631,-27.5816167992244,0.0 -50.5242672,-27.5816033992244,0.0 -50.5242761,-27.5815812992244,0.0 -50.5242974,-27.5815344992244,0.0 -50.5243118,-27.5815047992244,0.0 -50.5243422,-27.5814461992244,0.0 -50.5243726,-27.5813786992244,0.0 -50.5243886,-27.5813456992244,0.0 -50.5244204,-27.5812863992244,0.0 -50.52446,-27.5812169992244,0.0 -50.5244983,-27.5811480992244,0.0 -50.524513,-27.5811183992244,0.0 -50.5245274,-27.5810836992244,0.0 -50.5245437,-27.5810415992244,0.0 -50.5245911,-27.5809123992244,0.0 -50.5245991,-27.5808888992244,0.0 -50.5246198,-27.5808205992244,0.0 -50.5246472,-27.5807414992244,0.0 -50.5246595,-27.5807118992244,0.0 -50.5246774,-27.5806731992244,0.0 -50.5246912,-27.5806458992244,0.0 -50.524701,-27.5806297992244,0.0 -50.5247171,-27.5806081992244,0.0 -50.5247438,-27.5805754992244,0.0 -50.524808,-27.5804991992244,0.0 -50.5248634,-27.5804348992244,0.0 -50.5249169,-27.5803680992244,0.0 -50.5249632,-27.5803151992244,0.0 -50.5249825,-27.5802907992244,0.0 -50.5250105,-27.5802516992244,0.0 -50.5251097,-27.5801032992244,0.0 -50.5252056,-27.5799589992244,0.0 -50.5252194,-27.5799392992244,0.0 -50.5252318,-27.5799233992244,0.0 -50.5252424,-27.5799117992244,0.0 -50.5252521,-27.5799030992244,0.0 -50.5252943,-27.5798699992244,0.0 -50.5253729,-27.5798052992244,0.0 -50.5254176,-27.5797673992244,0.0 -50.525485,-27.5797088992244,0.0 -50.5255613,-27.5796441992244,0.0 -50.5255793,-27.5796278992244,0.0 -50.5255876,-27.5796193992244,0.0 -50.5255938,-27.5796117992244,0.0 -50.5256006,-27.5796002992244,0.0 -50.525604,-27.5795919992244,0.0 -50.5256076,-27.5795778992244,0.0 -50.5256093,-27.5795669992244,0.0 -50.5256109,-27.5795484992244,0.0 -50.5256116,-27.5795207992244,0.0 -50.5256113,-27.5794454992244,0.0 -50.5256122,-27.5794029992244,0.0 -50.5256145,-27.5793523992244,0.0 -50.5256183,-27.5793081992244,0.0 -50.5256241,-27.5792627992244,0.0 -50.5256337,-27.5792025992244,0.0 -50.5256418,-27.5791587992244,0.0 -50.5256522,-27.5791126992244,0.0 -50.5256642,-27.5790672992244,0.0 -50.5256785,-27.5790184992244,0.0 -50.5256895,-27.5789860992244,0.0 -50.5257015,-27.5789556992244,0.0 -50.5257206,-27.5789158992244,0.0 -50.525765,-27.5788343992244,0.0 -50.525786,-27.5787929992244,0.0 -50.5258219,-27.5787115992244,0.0 -50.5258494,-27.5786523992244,0.0 -50.5258542,-27.5786403992244,0.0 -50.5258601,-27.5786227992244,0.0 -50.5258724,-27.5785755992244,0.0 -50.525926,-27.5783413992244,0.0 -50.5259808,-27.5780962992244,0.0 -50.5259837,-27.5780768992244,0.0 -50.5259883,-27.5780287992244,0.0 -50.5259927,-27.5779945992244,0.0 -50.5259935,-27.5779789992244,0.0 -50.525993,-27.5779680992244,0.0 -50.5259916,-27.5779581992244,0.0 -50.5259884,-27.5779490992244,0.0 -50.5259822,-27.5779401992244,0.0 -50.5259758,-27.5779340992244,0.0 -50.5259631,-27.5779250992244,0.0 -50.5259528,-27.5779191992244,0.0 -50.525941,-27.5779135992244,0.0 -50.5259265,-27.5779077992244,0.0 -50.5259065,-27.5779008992244,0.0 -50.525878,-27.5778921992244,0.0 -50.5256444,-27.5778263992244,0.0 -50.5255677,-27.5778035992244,0.0 -50.5255166,-27.5777865992244,0.0 -50.5254417,-27.5777598992245,0.0 -50.5253904,-27.5777425992244,0.0 -50.5253747,-27.5777366992244,0.0 -50.5253607,-27.5777302992244,0.0 -50.5253488,-27.5777230992244,0.0 -50.5253387,-27.5777152992244,0.0 -50.5253255,-27.5777021992244,0.0 -50.5253133,-27.5776874992244,0.0 -50.5253013,-27.5776706992244,0.0 -50.5252899,-27.5776510992244,0.0 -50.5252828,-27.5776361992244,0.0 -50.5252734,-27.5776126992244,0.0 -50.5252663,-27.5775906992244,0.0 -50.5252622,-27.5775723992244,0.0 -50.5252609,-27.5775566992244,0.0 -50.5252617,-27.5775415992244,0.0 -50.5252654,-27.5775199992244,0.0 -50.5252738,-27.5774874992244,0.0 -50.5252833,-27.5774575992244,0.0 -50.5252949,-27.5774275992244,0.0 -50.5253123,-27.5773908992245,0.0 -50.5253763,-27.5772744992245,0.0 -50.5254088,-27.5772195992245,0.0 -50.5254228,-27.5771948992244,0.0 -50.5254504,-27.5771411992245,0.0 -50.5254806,-27.5770861992245,0.0 -50.5254994,-27.5770465992244,0.0 -50.5255216,-27.5770019992245,0.0 -50.5255293,-27.5769836992245,0.0 -50.5255353,-27.5769654992245,0.0 -50.525539,-27.5769528992245,0.0 -50.5255427,-27.5769363992245,0.0 -50.5255451,-27.5769210992245,0.0 -50.5255457,-27.5769117992245,0.0 -50.5255453,-27.5768980992245,0.0 -50.5255434,-27.5768833992245,0.0 -50.5255383,-27.5768555992245,0.0 -50.5255283,-27.5768118992245,0.0 -50.5254923,-27.5766739992245,0.0 -50.5254799,-27.5766285992245,0.0 -50.5254661,-27.5765821992245,0.0 -50.5254555,-27.5765501992245,0.0 -50.5254451,-27.5765230992245,0.0 -50.5254384,-27.5765086992245,0.0 -50.525428,-27.5764909992245,0.0 -50.5254161,-27.5764749992245,0.0 -50.5253706,-27.5764220992245,0.0 -50.5253014,-27.5763382992245,0.0 -50.5252083,-27.5762274992245,0.0 -50.5251894,-27.5762031992245,0.0 -50.5251562,-27.5761579992245,0.0 -50.5251313,-27.5761224992245,0.0 -50.5251161,-27.5760984992245,0.0 -50.5250616,-27.5760086992245,0.0 -50.525053,-27.5759932992245,0.0 -50.5250418,-27.5759709992245,0.0 -50.5250186,-27.5759178992245,0.0 -50.5250102,-27.5758955992245,0.0 -50.5250073,-27.5758850992245,0.0 -50.5250054,-27.5758747992245,0.0 -50.5250029,-27.5758468992245,0.0 -50.5250021,-27.5758076992245,0.0 -50.5250028,-27.5757958992245,0.0 -50.5250042,-27.5757856992245,0.0 -50.5250062,-27.5757769992245,0.0 -50.5250103,-27.5757649992245,0.0 -50.5250156,-27.5757524992245,0.0 -50.5250232,-27.5757366992245,0.0 -50.5250408,-27.5757051992245,0.0 -50.5250605,-27.5756724992245,0.0 -50.5250837,-27.5756358992245,0.0 -50.525132,-27.5755636992245,0.0 -50.5251554,-27.5755273992245,0.0 -50.5252154,-27.5754254992245,0.0 -50.5252726,-27.5753365992245,0.0 -50.5253057,-27.5752818992245,0.0 -50.5253457,-27.5752100992245,0.0 -50.525385,-27.5751354992245,0.0 -50.5254113,-27.5750824992245,0.0 -50.5254505,-27.5749984992245,0.0 -50.5254776,-27.5749376992245,0.0 -50.5255003,-27.5748828992245,0.0 -50.5255421,-27.5747717992245,0.0 -50.5255532,-27.5747386992245,0.0 -50.5255616,-27.5747067992245,0.0 -50.5255697,-27.5746651992245,0.0 -50.5255757,-27.5746230992245,0.0 -50.5255778,-27.5746013992245,0.0 -50.525579,-27.5745790992245,0.0 -50.5255787,-27.5745445992245,0.0 -50.5255762,-27.5745087992245,0.0 -50.5255709,-27.5744594992245,0.0 -50.5255638,-27.5744077992245,0.0 -50.5255564,-27.5743654992245,0.0 -50.52555,-27.5743350992245,0.0 -50.5255118,-27.5741653992245,0.0 -50.5254909,-27.5740822992245,0.0 -50.5254757,-27.5740277992245,0.0 -50.5254661,-27.5739959992245,0.0 -50.5254577,-27.5739705992245,0.0 -50.5254352,-27.5739080992245,0.0 -50.5254134,-27.5738390992245,0.0 -50.5254076,-27.5738240992245,0.0 -50.5254007,-27.5738092992245,0.0 -50.5253868,-27.5737853992245,0.0 -50.5253672,-27.5737578992245,0.0 -50.525344,-27.5737295992245,0.0 -50.52532,-27.5737044992245,0.0 -50.5253044,-27.5736904992245,0.0 -50.5252882,-27.5736775992245,0.0 -50.5252077,-27.5736195992245,0.0 -50.5251715,-27.5735913992245,0.0 -50.5251226,-27.5735489992245,0.0 -50.5250361,-27.5734704992245,0.0 -50.5250179,-27.5734528992245,0.0 -50.5250107,-27.5734448992245,0.0 -50.5250011,-27.5734325992245,0.0 -50.524992,-27.5734187992245,0.0 -50.5249831,-27.5734031992245,0.0 -50.5249753,-27.5733867992245,0.0 -50.524971,-27.5733756992245,0.0 -50.5249673,-27.5733644992245,0.0 -50.5249631,-27.5733474992245,0.0 -50.5249611,-27.5733360992245,0.0 -50.5249591,-27.5733185992245,0.0 -50.5249577,-27.5732946992245,0.0 -50.524957,-27.5732702992245,0.0 -50.5249581,-27.5732397992245,0.0 -50.52496,-27.5732216992245,0.0 -50.5249629,-27.5732034992245,0.0 -50.5249695,-27.5731719992245,0.0 -50.5249873,-27.5730946992245,0.0 -50.5250159,-27.5729910992245,0.0 -50.5250376,-27.5729003992245,0.0 -50.5250577,-27.5728085992245,0.0 -50.5250746,-27.5727252992245,0.0 -50.5250884,-27.5726323992245,0.0 -50.5250985,-27.5724849992245,0.0 -50.5251006,-27.5724595992245,0.0 -50.5251154,-27.5722900992245,0.0 -50.5251195,-27.5722647992245,0.0 -50.5251272,-27.5722329992245,0.0 -50.525137,-27.5722044992245,0.0 -50.5251425,-27.5721917992245,0.0 -50.5251484,-27.5721802992245,0.0 -50.5251586,-27.5721649992245,0.0 -50.5251665,-27.5721563992245,0.0 -50.5251802,-27.5721450992245,0.0 -50.5252274,-27.5721130992246,0.0 -50.5252568,-27.5720914992245,0.0 -50.5252743,-27.5720765992246,0.0 -50.525292,-27.5720591992246,0.0 -50.5253099,-27.5720387992246,0.0 -50.5253275,-27.5720152992246,0.0 -50.5253459,-27.5719861992246,0.0 -50.525367,-27.5719482992246,0.0 -50.525383,-27.5719167992246,0.0 -50.5253926,-27.5718964992246,0.0 -50.5254229,-27.5718237992246,0.0 -50.5254645,-27.5717362992246,0.0 -50.5254813,-27.5716986992246,0.0 -50.5255025,-27.5716469992246,0.0 -50.5255244,-27.5715894992246,0.0 -50.52555,-27.5715256992246,0.0 -50.52558,-27.5714625992246,0.0 -50.5255888,-27.5714423992246,0.0 -50.5256264,-27.5713412992246,0.0 -50.5256858,-27.5711945992246,0.0 -50.5256937,-27.5711771992246,0.0 -50.5257035,-27.5711593992246,0.0 -50.5257154,-27.5711408992246,0.0 -50.5257327,-27.5711169992246,0.0 -50.5257465,-27.5711002992246,0.0 -50.5257565,-27.5710896992246,0.0 -50.5257738,-27.5710742992246,0.0 -50.5258146,-27.5710429992246,0.0 -50.5258284,-27.5710314992246,0.0 -50.5258485,-27.5710123992246,0.0 -50.5258681,-27.5709908992246,0.0 -50.5258876,-27.5709663992246,0.0 -50.5259128,-27.5709313992246,0.0 -50.5259399,-27.5708897992246,0.0 -50.5259571,-27.5708602992246,0.0 -50.5259702,-27.5708333992246,0.0 -50.52598,-27.5708080992246,0.0 -50.5259875,-27.5707831992246,0.0 -50.5259966,-27.5707448992246,0.0 -50.5260028,-27.5707139992246,0.0 -50.5260104,-27.5706666992246,0.0 -50.5260188,-27.5706019992246,0.0 -50.5260237,-27.5705552992246,0.0 -50.5260254,-27.5705298992246,0.0 -50.5260258,-27.5705088992246,0.0 -50.5260251,-27.5704908992246,0.0 -50.5260232,-27.5704744992246,0.0 -50.5260202,-27.5704584992246,0.0 -50.5260159,-27.5704427992246,0.0 -50.52601,-27.5704277992246,0.0 -50.5260021,-27.5704134992246,0.0 -50.5259918,-27.5703998992246,0.0 -50.5259787,-27.5703859992246,0.0 -50.5258617,-27.5702767992246,0.0 -50.525823,-27.5702394992246,0.0 -50.5257908,-27.5702073992246,0.0 -50.5257482,-27.5701629992246,0.0 -50.5256669,-27.5700764992246,0.0 -50.5256452,-27.5700527992246,0.0 -50.5256269,-27.5700315992246,0.0 -50.5256079,-27.5700074992246,0.0 -50.5255926,-27.5699860992246,0.0 -50.5255757,-27.5699606992246,0.0 -50.5255601,-27.5699349992246,0.0 -50.5255511,-27.5699175992246,0.0 -50.5255422,-27.5698968992246,0.0 -50.5255217,-27.5698394992246,0.0 -50.5255087,-27.5698005992246,0.0 -50.525496,-27.5697595992246,0.0 -50.5254891,-27.5697340992246,0.0 -50.5254824,-27.5697013992246,0.0 -50.525479,-27.5696726992246,0.0 -50.5254754,-27.5696235992246,0.0 -50.5254733,-27.5695845992246,0.0 -50.5254727,-27.5695525992246,0.0 -50.5254744,-27.5694812992246,0.0 -50.5254764,-27.5694540992246,0.0 -50.5254787,-27.5694335992246,0.0 -50.5255124,-27.5691897992246,0.0 -50.52552,-27.5691420992246,0.0 -50.5255278,-27.5690993992246,0.0 -50.5255515,-27.5689868992246,0.0 -50.5255594,-27.5689518992246,0.0 -50.5255671,-27.5689217992246,0.0 -50.5255843,-27.5688605992246,0.0 -50.525603,-27.5687977992246,0.0 -50.5256142,-27.5687631992246,0.0 -50.5256244,-27.5687365992246,0.0 -50.5256816,-27.5686081992246,0.0 -50.5257546,-27.5684394992246,0.0 -50.5257726,-27.5684000992246,0.0 -50.5258213,-27.5683109992246,0.0 -50.5258737,-27.5682068992246,0.0 -50.5258971,-27.5681618992246,0.0 -50.5259234,-27.5681147992246,0.0 -50.5259679,-27.5680394992246,0.0 -50.5259783,-27.5680192992246,0.0 -50.5259845,-27.5680033992246,0.0 -50.5259884,-27.5679879992246,0.0 -50.525991,-27.5679712992246,0.0 -50.5259925,-27.5679533992246,0.0 -50.5259929,-27.5679276992246,0.0 -50.525991,-27.5678936992246,0.0 -50.5259821,-27.5678272992246,0.0 -50.5259793,-27.5677955992246,0.0 -50.5259787,-27.5677767992246,0.0 -50.5259788,-27.5677453992246,0.0 -50.5259813,-27.5676938992246,0.0 -50.5259846,-27.5676601992246,0.0 -50.5259895,-27.5676328992246,0.0 -50.5260091,-27.5675631992246,0.0 -50.5260196,-27.5675314992246,0.0 -50.5260277,-27.5675121992246,0.0 -50.5260372,-27.5674928992246,0.0 -50.5260483,-27.5674738992246,0.0 -50.526065,-27.5674485992246,0.0 -50.5260881,-27.5674158992246,0.0 -50.5261078,-27.5673893992246,0.0 -50.5261877,-27.5672867992246,0.0 -50.5262081,-27.5672583992246,0.0 -50.5262228,-27.5672364992246,0.0 -50.5262377,-27.5672127992246,0.0 -50.5262808,-27.5671406992246,0.0 -50.5263408,-27.5670434992246,0.0 -50.5263603,-27.5670094992246,0.0 -50.5263739,-27.5669826992246,0.0 -50.5263841,-27.5669588992246,0.0 -50.5264237,-27.5668608992246,0.0 -50.5264646,-27.5667379992246,0.0 -50.5264837,-27.5666813992247,0.0 -50.5265039,-27.5666185992247,0.0 -50.5265482,-27.5664712992247,0.0 -50.5265615,-27.5664290992247,0.0 -50.5265802,-27.5663758992247,0.0 -50.5266137,-27.5662891992247,0.0 -50.5266314,-27.5662392992247,0.0 -50.5266435,-27.5662012992247,0.0 -50.5266771,-27.5660902992247,0.0 -50.5267065,-27.5660015992247,0.0 -50.5267145,-27.5659734992247,0.0 -50.5267196,-27.5659519992247,0.0 -50.5267261,-27.5659158992247,0.0 -50.5267457,-27.5657609992247,0.0 -50.5267799,-27.5655318992247,0.0 -50.5267884,-27.5654846992247,0.0 -50.5268217,-27.5653146992247,0.0 -50.5268302,-27.5652749992247,0.0 -50.5268547,-27.5651687992247,0.0 -50.5268724,-27.5650752992247,0.0 -50.5268798,-27.5650397992247,0.0 -50.5269074,-27.5649238992247,0.0 -50.526928,-27.5648442992247,0.0 -50.5269529,-27.5647555992247,0.0 -50.5269702,-27.5646981992247,0.0 -50.5269753,-27.5646833992247,0.0 -50.5269826,-27.5646647992247,0.0 -50.526995,-27.5646381992247,0.0 -50.5270129,-27.5646039992247,0.0 -50.5270479,-27.5645466992247,0.0 -50.5270563,-27.5645336992247,0.0 -50.527065,-27.5645221992247,0.0 -50.527074,-27.5645118992247,0.0 -50.5270871,-27.5644986992247,0.0 -50.5271124,-27.5644751992247,0.0 -50.5271348,-27.5644562992247,0.0 -50.5271709,-27.5644278992247,0.0 -50.5272014,-27.5644054992247,0.0 -50.5272291,-27.5643870992247,0.0 -50.527319,-27.5643322992247,0.0 -50.5273528,-27.5643121992247,0.0 -50.5273703,-27.5643001992247,0.0 -50.527384,-27.5642895992247,0.0 -50.5273932,-27.5642795992247,0.0 -50.5274016,-27.5642671992247,0.0 -50.5274108,-27.5642503992247,0.0 -50.5274296,-27.5642111992247,0.0 -50.5274479,-27.5641681992247,0.0 -50.527494,-27.5640496992247,0.0 -50.5275067,-27.5640123992247,0.0 -50.527534,-27.5639196992247,0.0 -50.5275507,-27.5638564992247,0.0 -50.527574,-27.5637571992247,0.0 -50.5275937,-27.5636774992247,0.0 -50.5276172,-27.5635688992247,0.0 -50.5276284,-27.5635227992247,0.0 -50.5276571,-27.5634209992247,0.0 -50.5276874,-27.5633205992247,0.0 -50.5277069,-27.5632648992247,0.0 -50.5277227,-27.5632270992247,0.0 -50.5277312,-27.5632103992247,0.0 -50.527741,-27.5631934992247,0.0 -50.5277661,-27.5631560992247,0.0 -50.5278159,-27.5630876992247,0.0 -50.5278913,-27.5629904992247,0.0 -50.5279039,-27.5629755992247,0.0 -50.527912,-27.5629672992247,0.0 -50.527925,-27.5629559992247,0.0 -50.5279352,-27.5629486992247,0.0 -50.527953,-27.5629376992247,0.0 -50.5279791,-27.5629242992247,0.0 -50.527999,-27.5629155992247,0.0 -50.5280272,-27.5629051992247,0.0 -50.5280599,-27.5628945992247,0.0 -50.5280972,-27.5628837992247,0.0 -50.5281812,-27.5628623992247,0.0 -50.5282139,-27.5628534992247,0.0 -50.5282445,-27.5628439992247,0.0 -50.5282694,-27.5628343992247,0.0 -50.5282759,-27.5628312992247,0.0 -50.5282863,-27.5628249992247,0.0 -50.528297,-27.5628153992247,0.0 -50.5283022,-27.5628086992247,0.0 -50.5283089,-27.5627980992247,0.0 -50.5283146,-27.5627871992247,0.0 -50.5283194,-27.5627762992247,0.0 -50.5283242,-27.5627622992247,0.0 -50.5283266,-27.5627516992247,0.0 -50.5283278,-27.5627398992247,0.0 -50.5283275,-27.5627285992247,0.0 -50.5283227,-27.5626895992247,0.0 -50.5283092,-27.5626115992247,0.0 -50.5282966,-27.5625513992247,0.0 -50.5282902,-27.5625258992247,0.0 -50.5282804,-27.5624907992247,0.0 -50.5282589,-27.5624219992247,0.0 -50.5282298,-27.5623377992247,0.0 -50.5282215,-27.5623090992247,0.0 -50.5282102,-27.5622532992247,0.0 -50.5282067,-27.5622325992247,0.0 -50.528206,-27.5622242992247,0.0 -50.5282062,-27.5622176992247,0.0 -50.5282078,-27.5622098992247,0.0 -50.5282104,-27.5622036992247,0.0 -50.5282162,-27.5621949992247,0.0 -50.5282228,-27.5621892992247,0.0 -50.5282317,-27.5621853992247,0.0 -50.5282482,-27.5621813992247,0.0 -50.5282854,-27.5621750992247,0.0 -50.5283786,-27.5621615992247,0.0 -50.5284967,-27.5621462992247,0.0 -50.5285487,-27.5621382992247,0.0 -50.5286426,-27.5621212992247,0.0 -50.5287499,-27.5621034992247,0.0 -50.528795,-27.5620953992247,0.0 -50.5288558,-27.5620825992247,0.0 -50.5289022,-27.5620703992247,0.0 -50.5289211,-27.5620640992247,0.0 -50.5289427,-27.5620548992247,0.0 -50.5289538,-27.5620486992247,0.0 -50.5289671,-27.5620389992247,0.0 -50.5289784,-27.5620289992247,0.0 -50.5290194,-27.5619893992247,0.0 -50.5290324,-27.5619746992247,0.0 -50.5290701,-27.5619295992247,0.0 -50.5290848,-27.5619139992247,0.0 -50.5290944,-27.5619047992247,0.0 -50.5291082,-27.5618930992247,0.0 -50.5291214,-27.5618837992247,0.0 -50.5291387,-27.5618736992247,0.0 -50.5291533,-27.5618671992247,0.0 -50.5291731,-27.5618607992247,0.0 -50.5291911,-27.5618562992247,0.0 -50.5292425,-27.5618458992247,0.0 -50.5293892,-27.5618207992247,0.0 -50.5295615,-27.5617933992247,0.0 -50.5295884,-27.5617884992247,0.0 -50.5296153,-27.5617828992247,0.0 -50.5296428,-27.5617762992247,0.0 -50.5296823,-27.5617658992247,0.0 -50.529734,-27.5617501992247,0.0 -50.5297637,-27.5617396992247,0.0 -50.5297902,-27.5617291992247,0.0 -50.529809,-27.5617203992247,0.0 -50.5298204,-27.5617136992247,0.0 -50.5298308,-27.5617061992247,0.0 -50.5298443,-27.5616938992247,0.0 -50.5298554,-27.5616808992247,0.0 -50.5298642,-27.5616678992247,0.0 -50.529874,-27.5616493992247,0.0 -50.5298859,-27.5616221992247,0.0 -50.5298946,-27.5615990992247,0.0 -50.5299017,-27.5615756992247,0.0 -50.5299088,-27.5615453992247,0.0 -50.5299176,-27.5615026992248,0.0 -50.5299296,-27.5614338992247,0.0 -50.5299351,-27.5613921992248,0.0 -50.5299452,-27.5612902992248,0.0 -50.5299517,-27.5612345992248,0.0 -50.529966,-27.5611286992248,0.0 -50.5299768,-27.5610581992248,0.0 -50.5299811,-27.5610386992248,0.0 -50.5299857,-27.5610274992248,0.0 -50.5299894,-27.5610217992248,0.0 -50.5299937,-27.5610167992248,0.0 -50.5300101,-27.5610020992248,0.0 -50.5300253,-27.5609908992248,0.0 -50.5300461,-27.5609785992248,0.0 -50.530067,-27.5609682992248,0.0 -50.5300943,-27.5609565992248,0.0 -50.5303875,-27.5608447992248,0.0 -50.5305771,-27.5607685992248,0.0 -50.530739,-27.5607067992248,0.0 -50.5308862,-27.5606496992248,0.0 -50.5309391,-27.5606277992248,0.0 -50.5310126,-27.5605942992248,0.0 -50.5310829,-27.5605645992248,0.0 -50.5311197,-27.5605482992248,0.0 -50.5311975,-27.5605105992248,0.0 -50.5312597,-27.5604824992248,0.0 -50.5312906,-27.5604673992248,0.0 -50.5313835,-27.5604171992248,0.0 -50.5314857,-27.5603627992248,0.0 -50.5315264,-27.5603394992248,0.0 -50.5315997,-27.5602948992248,0.0 -50.5316732,-27.5602532992248,0.0 -50.531756,-27.5602027992248,0.0 -50.5318583,-27.5601439992248,0.0 -50.5318907,-27.5601240992248,0.0 -50.5319305,-27.5600974992248,0.0 -50.5319755,-27.5600650992248,0.0 -50.5320089,-27.5600391992248,0.0 -50.5320335,-27.5600189992248,0.0 -50.532091,-27.5599691992248,0.0 -50.5321732,-27.5598997992248,0.0 -50.5322058,-27.5598707992248,0.0 -50.5322275,-27.5598503992248,0.0 -50.5322463,-27.5598311992248,0.0 -50.5322641,-27.5598112992248,0.0 -50.532317,-27.5597454992248,0.0 -50.5323405,-27.5597180992248,0.0 -50.5324544,-27.5595922992248,0.0 -50.5324792,-27.5595639992248,0.0 -50.5325818,-27.5594402992248,0.0 -50.5325984,-27.5594221992248,0.0 -50.5326112,-27.5594099992248,0.0 -50.5326217,-27.5594017992248,0.0 -50.5326367,-27.5593932992248,0.0 -50.5326534,-27.5593859992248,0.0 -50.5326721,-27.5593796992248,0.0 -50.5326859,-27.5593759992248,0.0 -50.5327092,-27.5593709992248,0.0 -50.5327833,-27.5593587992248,0.0 -50.5328486,-27.5593503992248,0.0 -50.5329152,-27.5593439992248,0.0 -50.5329908,-27.5593379992248,0.0 -50.5330833,-27.5593321992248,0.0 -50.5331514,-27.5593294992248,0.0 -50.5332145,-27.5593285992248,0.0 -50.5332724,-27.5593290992248,0.0 -50.5333075,-27.5593309992248,0.0 -50.5333326,-27.5593346992248,0.0 -50.5333454,-27.5593374992248,0.0 -50.5333637,-27.5593424992248,0.0 -50.5333839,-27.5593498992248,0.0 -50.5333918,-27.5593537992248,0.0 -50.5333987,-27.5593580992248,0.0 -50.533405,-27.5593627992248,0.0 -50.5334139,-27.5593708992248,0.0 -50.5334272,-27.5593861992248,0.0 -50.5334398,-27.5594043992248,0.0 -50.533452,-27.5594264992248,0.0 -50.533463,-27.5594489992248,0.0 -50.5334741,-27.5594735992248,0.0 -50.5334837,-27.5594974992248,0.0 -50.5334896,-27.5595138992248,0.0 -50.5335328,-27.5596536992248,0.0 -50.5335448,-27.5596904992248,0.0 -50.533569,-27.5597605992248,0.0 -50.5335776,-27.5597907992248,0.0 -50.5335817,-27.5598117992248,0.0 -50.5335836,-27.5598309992248,0.0 -50.5335856,-27.5598969992248,0.0 -50.5335849,-27.5599095992248,0.0 -50.5335831,-27.5599217992248,0.0 -50.5335798,-27.5599341992248,0.0 -50.5335748,-27.5599463992248,0.0 -50.5335706,-27.5599540992248,0.0 -50.5335655,-27.5599612992248,0.0 -50.5335597,-27.5599676992248,0.0 -50.5335501,-27.5599759992248,0.0 -50.5335432,-27.5599803992248,0.0 -50.5335359,-27.5599839992248,0.0 -50.5335277,-27.5599867992248,0.0 -50.5335178,-27.5599892992248,0.0 -50.5334811,-27.5599951992248,0.0 -50.5334275,-27.5600011992248,0.0 -50.5331915,-27.5600217992248,0.0 -50.5331695,-27.5600246992248,0.0 -50.5331503,-27.5600281992248,0.0 -50.5331387,-27.5600311992248,0.0 -50.5331288,-27.5600349992248,0.0 -50.5331175,-27.5600420992248,0.0 -50.5331124,-27.5600464992248,0.0 -50.5331054,-27.5600541992248,0.0 -50.533099,-27.5600631992248,0.0 -50.5330954,-27.5600696992248,0.0 -50.5330901,-27.5600830992248,0.0 -50.5330877,-27.5600966992248,0.0 -50.5330867,-27.5601175992248,0.0 -50.5330866,-27.5601574992248,0.0 -50.5330886,-27.5601774992248,0.0 -50.5330909,-27.5601896992248,0.0 -50.5330948,-27.5602045992248,0.0 -50.5330986,-27.5602141992248,0.0 -50.5331018,-27.5602199992248,0.0 -50.5331059,-27.5602253992248,0.0 -50.5331109,-27.5602304992248,0.0 -50.5331169,-27.5602352992248,0.0 -50.533128,-27.5602421992248,0.0 -50.5331446,-27.5602501992248,0.0 -50.5331652,-27.5602587992248,0.0 -50.5334217,-27.5603607992248,0.0 -50.5334798,-27.5603845992248,0.0 -50.5335188,-27.5604013992248,0.0 -50.5335415,-27.5604121992248,0.0 -50.5335483,-27.5604158992248,0.0 -50.5335562,-27.5604212992248,0.0 -50.5335627,-27.5604274992248,0.0 -50.5335698,-27.5604353992248,0.0 -50.5335814,-27.5604516992248,0.0 -50.533587,-27.5604628992248,0.0 -50.5335911,-27.5604754992248,0.0 -50.5335951,-27.5604930992248,0.0 -50.5335988,-27.5605156992248,0.0 -50.5336113,-27.5606066992248,0.0 -50.5336302,-27.5607516992248,0.0 -50.5336499,-27.5608808992248,0.0 -50.5336722,-27.5610602992248,0.0 -50.5336808,-27.5611178992248,0.0 -50.5336871,-27.5611512992248,0.0 -50.5337035,-27.5612186992248,0.0 -50.5337076,-27.5612307992248,0.0 -50.5337134,-27.5612429992248,0.0 -50.5337233,-27.5612583992248,0.0 -50.5337352,-27.5612717992247,0.0 -50.5337488,-27.5612823992248,0.0 -50.5337634,-27.5612901992247,0.0 -50.5337719,-27.5612931992248,0.0 -50.5337829,-27.5612949992248,0.0 -50.533795,-27.5612952992248,0.0 -50.5338155,-27.5612940992248,0.0 -50.5338316,-27.5612921992248,0.0 -50.5338409,-27.5612899992247,0.0 -50.5338506,-27.5612865992248,0.0 -50.5338602,-27.5612818992247,0.0 -50.5338692,-27.5612763992248,0.0 -50.5338769,-27.5612704992247,0.0 -50.5338833,-27.5612640992248,0.0 -50.5338869,-27.5612594992248,0.0 -50.5338914,-27.5612518992248,0.0 -50.5338954,-27.5612430992248,0.0 -50.533907,-27.5612114992248,0.0 -50.5339139,-27.5611876992248,0.0 -50.533922,-27.5611520992248,0.0 -50.5339323,-27.5610994992248,0.0 -50.5339425,-27.5610426992248,0.0 -50.5339493,-27.5609977992248,0.0 -50.5339578,-27.5609137992248,0.0 -50.5339605,-27.5608592992248,0.0 -50.5339609,-27.5608064992248,0.0 -50.5339592,-27.5607642992248,0.0 -50.533952,-27.5606474992248,0.0 -50.5339516,-27.5606213992248,0.0 -50.5339528,-27.5606035992248,0.0 -50.5339548,-27.5605923992248,0.0 -50.5339579,-27.5605816992248,0.0 -50.5339624,-27.5605717992248,0.0 -50.5339663,-27.5605659992248,0.0 -50.5339735,-27.5605585992248,0.0 -50.5339818,-27.5605528992248,0.0 -50.5339908,-27.5605488992248,0.0 -50.5340005,-27.5605467992248,0.0 -50.5340116,-27.5605470992248,0.0 -50.53402,-27.5605485992248,0.0 -50.534033,-27.5605524992248,0.0 -50.5340451,-27.5605579992248,0.0 -50.5340519,-27.5605621992248,0.0 -50.5340607,-27.5605690992248,0.0 -50.5340764,-27.5605855992248,0.0 -50.5340852,-27.5605970992248,0.0 -50.5340959,-27.5606132992248,0.0 -50.5341392,-27.5606869992248,0.0 -50.5341503,-27.5607082992248,0.0 -50.5341612,-27.5607353992248,0.0 -50.5341697,-27.5607645992248,0.0 -50.534174,-27.5607882992248,0.0 -50.5341782,-27.5608304992248,0.0 -50.5341796,-27.5608679992248,0.0 -50.5341765,-27.5609902992248,0.0 -50.5341745,-27.5610190992248,0.0 -50.5341676,-27.5610962992248,0.0 -50.5341632,-27.5611769992247,0.0 -50.534162,-27.5612153992248,0.0 -50.5341623,-27.5612260992248,0.0 -50.5341634,-27.5612371992248,0.0 -50.5341651,-27.5612451992247,0.0 -50.5341689,-27.5612566992248,0.0 -50.5341783,-27.5612777992248,0.0 -50.5341841,-27.5612879992247,0.0 -50.5341925,-27.5613006992248,0.0 -50.534204,-27.5613145992248,0.0 -50.5342102,-27.5613202992248,0.0 -50.5342208,-27.5613287992247,0.0 -50.5342318,-27.5613363992247,0.0 -50.5342417,-27.5613421992247,0.0 -50.5342564,-27.5613483992247,0.0 -50.5342731,-27.5613523992248,0.0 -50.534285,-27.5613535992248,0.0 -50.5342938,-27.5613536992247,0.0 -50.5343129,-27.5613517992248,0.0 -50.534328,-27.5613482992247,0.0 -50.5343382,-27.5613448992248,0.0 -50.5343485,-27.5613405992248,0.0 -50.5343587,-27.5613355992247,0.0 -50.5343739,-27.5613271992248,0.0 -50.5344196,-27.5612995992248,0.0 -50.534505,-27.5612502992248,0.0 -50.5345767,-27.5612060992247,0.0 -50.5346112,-27.5611868992248,0.0 -50.5346372,-27.5611747992248,0.0 -50.5346607,-27.5611660992248,0.0 -50.5346844,-27.5611595992248,0.0 -50.5347038,-27.5611566992248,0.0 -50.5347197,-27.5611557992248,0.0 -50.534738,-27.5611555992248,0.0 -50.5347829,-27.5611577992248,0.0 -50.5348332,-27.5611627992248,0.0 -50.5348564,-27.5611659992248,0.0 -50.5348799,-27.5611701992248,0.0 -50.5349143,-27.5611781992248,0.0 -50.5349568,-27.5611906992248,0.0 -50.5351397,-27.5612517992248,0.0 -50.5351916,-27.5612681992248,0.0 -50.5352033,-27.5612709992248,0.0 -50.5352176,-27.5612722992248,0.0 -50.535233,-27.5612709992248,0.0 -50.5352499,-27.5612673992247,0.0 -50.5352616,-27.5612636992248,0.0 -50.5352733,-27.5612588992248,0.0 -50.535285,-27.5612530992248,0.0 -50.5352968,-27.5612459992248,0.0 -50.5353144,-27.5612329992248,0.0 -50.5353372,-27.5612120992248,0.0 -50.5353656,-27.5611816992248,0.0 -50.5354085,-27.5611317992247,0.0 -50.5354295,-27.5611056992248,0.0 -50.5354844,-27.5610333992248,0.0 -50.5354952,-27.5610208992248,0.0 -50.535505,-27.5610116992248,0.0 -50.5355115,-27.5610069992248,0.0 -50.5355221,-27.5610014992248,0.0 -50.5355304,-27.5609983992248,0.0 -50.5355445,-27.5609943992248,0.0 -50.5355595,-27.5609916992248,0.0 -50.5355693,-27.5609906992248,0.0 -50.5355789,-27.5609904992248,0.0 -50.5355938,-27.5609912992248,0.0 -50.5356357,-27.5609962992248,0.0 -50.5356701,-27.5610019992248,0.0 -50.5357079,-27.5610102992248,0.0 -50.5357535,-27.5610225992248,0.0 -50.5358052,-27.5610380992248,0.0 -50.5358922,-27.5610659992248,0.0 -50.5359296,-27.5610762992248,0.0 -50.5359485,-27.5610822992248,0.0 -50.5359662,-27.5610885992248,0.0 -50.5359799,-27.5610943992248,0.0 -50.5359906,-27.5611003992248,0.0 -50.5359981,-27.5611067992248,0.0 -50.5360026,-27.5611117992248,0.0 -50.5360074,-27.5611188992248,0.0 -50.5360134,-27.5611329992248,0.0 -50.5360204,-27.5611582992248,0.0 -50.536022,-27.5611697992248,0.0 -50.5360223,-27.5611793992248,0.0 -50.5360214,-27.5611949992248,0.0 -50.5360192,-27.5612144992248,0.0 -50.5360033,-27.5613230992247,0.0 -50.5359971,-27.5613703992247,0.0 -50.5359954,-27.5613932992247,0.0 -50.5359948,-27.5614141992248,0.0 -50.5359954,-27.5614278992247,0.0 -50.5359969,-27.5614374992248,0.0 -50.5360015,-27.5614518992248,0.0 -50.5360054,-27.5614597992247,0.0 -50.53601,-27.5614670992248,0.0 -50.5360151,-27.5614736992248,0.0 -50.5360206,-27.5614794992247,0.0 -50.5360335,-27.5614896992248,0.0 -50.5360387,-27.5614926992247,0.0 -50.5360443,-27.5614950992248,0.0 -50.5360506,-27.5614968992248,0.0 -50.5360577,-27.5614981992247,0.0 -50.5360703,-27.5614986992247,0.0 -50.5360869,-27.5614970992248,0.0 -50.5361071,-27.5614920992248,0.0 -50.5361155,-27.5614879992247,0.0 -50.5361246,-27.5614814992247,0.0 -50.5361378,-27.5614707992248,0.0 -50.536172,-27.5614410992248,0.0 -50.536207,-27.5614070992248,0.0 -50.5362369,-27.5613757992247,0.0 -50.5362519,-27.5613609992248,0.0 -50.5362998,-27.5613172992247,0.0 -50.5363381,-27.5612846992248,0.0 -50.5363851,-27.5612376992248,0.0 -50.5364696,-27.5611583992248,0.0 -50.5365023,-27.5611287992248,0.0 -50.5365376,-27.5610929992248,0.0 -50.5365727,-27.5610627992248,0.0 -50.5365871,-27.5610494992248,0.0 -50.5366214,-27.5610143992248,0.0 -50.5366556,-27.5609764992248,0.0 -50.5366681,-27.5609614992248,0.0 -50.5366836,-27.5609408992248,0.0 -50.5366955,-27.5609230992248,0.0 -50.5367068,-27.5609038992248,0.0 -50.5367129,-27.5608909992248,0.0 -50.536718,-27.5608763992248,0.0 -50.5367227,-27.5608576992248,0.0 -50.5367255,-27.5608429992248,0.0 -50.5367285,-27.5608180992248,0.0 -50.5367297,-27.5607909992248,0.0 -50.5367293,-27.5607639992248,0.0 -50.5367269,-27.5607334992248,0.0 -50.5367239,-27.5607152992248,0.0 -50.5367196,-27.5606991992248,0.0 -50.5367141,-27.5606836992248,0.0 -50.5367053,-27.5606647992248,0.0 -50.536698,-27.5606530992248,0.0 -50.5366897,-27.5606427992248,0.0 -50.5366789,-27.5606324992248,0.0 -50.536665,-27.5606207992248,0.0 -50.5366437,-27.5606048992248,0.0 -50.536628,-27.5605942992248,0.0 -50.5366125,-27.5605850992248,0.0 -50.53659,-27.5605735992248,0.0 -50.5365643,-27.5605624992248,0.0 -50.5365379,-27.5605523992248,0.0 -50.5365128,-27.5605438992248,0.0 -50.5364818,-27.5605350992248,0.0 -50.5364481,-27.5605277992248,0.0 -50.5363831,-27.5605188992248,0.0 -50.5363684,-27.5605163992248,0.0 -50.5363441,-27.5605107992248,0.0 -50.5363214,-27.5605035992248,0.0 -50.5363052,-27.5604961992248,0.0 -50.5362853,-27.5604829992248,0.0 -50.5362738,-27.5604740992248,0.0 -50.5362623,-27.5604641992248,0.0 -50.5362475,-27.5604488992248,0.0 -50.5362364,-27.5604338992248,0.0 -50.536228,-27.5604191992248,0.0 -50.5362189,-27.5603996992248,0.0 -50.5362097,-27.5603757992248,0.0 -50.5361842,-27.5602996992248,0.0 -50.5361738,-27.5602577992248,0.0 -50.5361581,-27.5602041992248,0.0 -50.5361333,-27.5601104992248,0.0 -50.5361099,-27.5600305992248,0.0 -50.5361041,-27.5600162992248,0.0 -50.5360836,-27.5599772992248,0.0 -50.5360751,-27.5599579992248,0.0 -50.5360713,-27.5599467992248,0.0 -50.5360691,-27.5599377992248,0.0 -50.5360682,-27.5599301992248,0.0 -50.5360682,-27.5599216992248,0.0 -50.5360703,-27.5599100992248,0.0 -50.5360771,-27.5598859992248,0.0 -50.5360815,-27.5598737992248,0.0 -50.5360858,-27.5598657992248,0.0 -50.5360903,-27.5598603992248,0.0 -50.5360974,-27.5598556992248,0.0 -50.5361067,-27.5598514992248,0.0 -50.5361181,-27.5598478992248,0.0 -50.5361373,-27.5598478992248,0.0 -50.5361601,-27.5598505992248,0.0 -50.5361858,-27.5598552992248,0.0 -50.5362954,-27.5598775992248,0.0 -50.5363697,-27.5598895992248,0.0 -50.5364016,-27.5598937992248,0.0 -50.5364257,-27.5598961992248,0.0 -50.5364503,-27.5598977992248,0.0 -50.5364673,-27.5598981992248,0.0 -50.5365024,-27.5598975992248,0.0 -50.5365465,-27.5598951992248,0.0 -50.5365803,-27.5598918992248,0.0 -50.536604,-27.5598881992248,0.0 -50.5366329,-27.5598814992248,0.0 -50.5366703,-27.5598699992248,0.0 -50.536697,-27.5598593992248,0.0 -50.5367159,-27.5598493992248,0.0 -50.5367284,-27.5598405992248,0.0 -50.536739,-27.5598304992248,0.0 -50.5367477,-27.5598192992248,0.0 -50.5367545,-27.5598071992248,0.0 -50.5367613,-27.5597901992248,0.0 -50.5367712,-27.5597580992248,0.0 -50.5367757,-27.5597411992248,0.0 -50.5367803,-27.5597195992248,0.0 -50.5367847,-27.5596926992248,0.0 -50.5367883,-27.5596621992248,0.0 -50.5367904,-27.5596301992248,0.0 -50.5367911,-27.5595991992248,0.0 -50.5367905,-27.5595645992248,0.0 -50.5367889,-27.5595398992248,0.0 -50.5367855,-27.5595047992248,0.0 -50.5367818,-27.5594862992248,0.0 -50.5367787,-27.5594780992248,0.0 -50.5367748,-27.5594705992248,0.0 -50.536766,-27.5594569992248,0.0 -50.5367447,-27.5594296992248,0.0 -50.536731,-27.5594150992248,0.0 -50.5367212,-27.5594069992248,0.0 -50.5367089,-27.5593993992248,0.0 -50.5366981,-27.5593938992248,0.0 -50.5366758,-27.5593840992248,0.0 -50.5366452,-27.5593720992248,0.0 -50.5366204,-27.5593630992248,0.0 -50.5365922,-27.5593534992248,0.0 -50.5365434,-27.5593380992248,0.0 -50.5364609,-27.5593136992248,0.0 -50.536218,-27.5592435992248,0.0 -50.5361432,-27.5592209992248,0.0 -50.5361175,-27.5592123992248,0.0 -50.5360981,-27.5592050992248,0.0 -50.5360835,-27.5591985992248,0.0 -50.5360728,-27.5591925992248,0.0 -50.5360611,-27.5591837992248,0.0 -50.5360514,-27.5591744992248,0.0 -50.5360423,-27.5591640992248,0.0 -50.5360338,-27.5591526992248,0.0 -50.5360259,-27.5591400992248,0.0 -50.5360192,-27.5591269992248,0.0 -50.536014,-27.5591138992248,0.0 -50.5360107,-27.5591010992248,0.0 -50.536009,-27.5590887992248,0.0 -50.5360086,-27.5590765992248,0.0 -50.5360095,-27.5590646992248,0.0 -50.5360119,-27.5590527992248,0.0 -50.536016,-27.5590408992248,0.0 -50.5360197,-27.5590326992248,0.0 -50.5360271,-27.5590194992248,0.0 -50.5360333,-27.5590098992248,0.0 -50.5360451,-27.5589943992248,0.0 -50.53606,-27.5589780992248,0.0 -50.5360719,-27.5589670992248,0.0 -50.5360922,-27.5589501992248,0.0 -50.5361393,-27.5589141992248,0.0 -50.5361765,-27.5588873992248,0.0 -50.5362204,-27.5588574992248,0.0 -50.5362531,-27.5588365992248,0.0 -50.5362717,-27.5588253992248,0.0 -50.5362863,-27.5588173992248,0.0 -50.5362974,-27.5588120992248,0.0 -50.5363103,-27.5588072992248,0.0 -50.5363329,-27.5588009992248,0.0 -50.5363517,-27.5587970992248,0.0 -50.5363656,-27.5587959992248,0.0 -50.5363785,-27.5587964992248,0.0 -50.5363856,-27.5587977992248,0.0 -50.536393,-27.5587999992248,0.0 -50.5364045,-27.5588056992248,0.0 -50.5364124,-27.5588111992248,0.0 -50.5364207,-27.5588182992248,0.0 -50.5364337,-27.5588319992248,0.0 -50.5364515,-27.5588543992248,0.0 -50.5364898,-27.5589071992248,0.0 -50.5365318,-27.5589591992248,0.0 -50.5365433,-27.5589763992248,0.0 -50.5365596,-27.5590029992248,0.0 -50.5365721,-27.5590212992248,0.0 -50.5366138,-27.5590764992248,0.0 -50.5366592,-27.5591347992248,0.0 -50.5366797,-27.5591603992248,0.0 -50.536692,-27.5591737992248,0.0 -50.5367024,-27.5591819992248,0.0 -50.5367148,-27.5591883992248,0.0 -50.5367218,-27.5591908992248,0.0 -50.5367332,-27.5591937992248,0.0 -50.536758,-27.5591976992248,0.0 -50.5367781,-27.5591996992248,0.0 -50.5368109,-27.5592009992248,0.0 -50.5370729,-27.5592043992248,0.0 -50.5371518,-27.5592069992248,0.0 -50.5372614,-27.5592115992248,0.0 -50.5373037,-27.5592125992248,0.0 -50.5373212,-27.5592121992248,0.0 -50.5373329,-27.5592109992248,0.0 -50.5373479,-27.5592076992248,0.0 -50.537358,-27.5592036992248,0.0 -50.5373663,-27.5591983992248,0.0 -50.5373732,-27.5591917992248,0.0 -50.5373808,-27.5591816992248,0.0 -50.5373873,-27.5591705992248,0.0 -50.537391,-27.5591617992248,0.0 -50.5373931,-27.5591526992248,0.0 -50.5373938,-27.5591433992248,0.0 -50.5373927,-27.5591309992248,0.0 -50.5373892,-27.5591185992248,0.0 -50.537385,-27.5591095992248,0.0 -50.5373775,-27.5590977992248,0.0 -50.5373664,-27.5590833992248,0.0 -50.5373587,-27.5590748992248,0.0 -50.5373498,-27.5590666992248,0.0 -50.537339,-27.5590589992248,0.0 -50.5373266,-27.5590518992248,0.0 -50.5373127,-27.5590456992248,0.0 -50.5372922,-27.5590384992248,0.0 -50.5372697,-27.5590324992248,0.0 -50.5372442,-27.5590268992248,0.0 -50.5371915,-27.5590175992248,0.0 -50.5370456,-27.5589949992248,0.0 -50.5369311,-27.5589757992248,0.0 -50.5368999,-27.5589700992248,0.0 -50.5368688,-27.5589629992248,0.0 -50.5368533,-27.5589584992248,0.0 -50.5368382,-27.5589531992248,0.0 -50.5368219,-27.5589457992248,0.0 -50.536804,-27.5589362992248,0.0 -50.5367859,-27.5589248992248,0.0 -50.536764,-27.5589100992248,0.0 -50.5367534,-27.5589019992248,0.0 -50.536737,-27.5588870992248,0.0 -50.5367194,-27.5588677992248,0.0 -50.5366651,-27.5588020992248,0.0 -50.536652,-27.5587850992248,0.0 -50.5366326,-27.5587552992248,0.0 -50.5365838,-27.5586708992248,0.0 -50.5365749,-27.5586535992248,0.0 -50.5365684,-27.5586383992248,0.0 -50.5365616,-27.5586197992248,0.0 -50.5365546,-27.5585966992248,0.0 -50.5365481,-27.5585707992248,0.0 -50.5365445,-27.5585529992248,0.0 -50.5365401,-27.5585186992248,0.0 -50.5365389,-27.5584966992248,0.0 -50.536539,-27.5584797992248,0.0 -50.5365408,-27.5584643992248,0.0 -50.5365441,-27.5584529992248,0.0 -50.5365498,-27.5584413992248,0.0 -50.5365573,-27.5584304992248,0.0 -50.5365717,-27.5584121992248,0.0 -50.5365882,-27.5583934992248,0.0 -50.5366084,-27.5583732992248,0.0 -50.5366319,-27.5583522992248,0.0 -50.5366524,-27.5583362992248,0.0 -50.5366747,-27.5583214992248,0.0 -50.5366953,-27.5583092992248,0.0 -50.5367124,-27.5583010992248,0.0 -50.5367339,-27.5582929992248,0.0 -50.5367595,-27.5582853992248,0.0 -50.5367798,-27.5582804992248,0.0 -50.5368001,-27.5582764992248,0.0 -50.5368194,-27.5582734992248,0.0 -50.5368371,-27.5582715992248,0.0 -50.5368538,-27.5582709992248,0.0 -50.5368647,-27.5582713992248,0.0 -50.5368814,-27.5582733992248,0.0 -50.5368929,-27.5582754992248,0.0 -50.5369048,-27.5582784992248,0.0 -50.5369235,-27.5582843992248,0.0 -50.5369422,-27.5582914992248,0.0 -50.5369535,-27.5582964992248,0.0 -50.5369676,-27.5583038992248,0.0 -50.5369967,-27.5583223992248,0.0 -50.5370183,-27.5583348992248,0.0 -50.5370393,-27.5583455992248,0.0 -50.5370583,-27.5583534992248,0.0 -50.5370907,-27.5583634992248,0.0 -50.5371324,-27.5583742992248,0.0 -50.5371544,-27.5583783992248,0.0 -50.5371669,-27.5583798992248,0.0 -50.5371782,-27.5583804992248,0.0 -50.5371889,-27.5583804992248,0.0 -50.5372044,-27.5583794992248,0.0 -50.5372198,-27.5583773992248,0.0 -50.5372354,-27.5583742992248,0.0 -50.5372567,-27.5583687992248,0.0 -50.5372835,-27.5583607992248,0.0 -50.5372993,-27.5583555992248,0.0 -50.5373147,-27.5583496992248,0.0 -50.5373341,-27.5583404992248,0.0 -50.5373509,-27.5583299992248,0.0 -50.5373639,-27.5583188992248,0.0 -50.5373864,-27.5582948992248,0.0 -50.5373958,-27.5582809992248,0.0 -50.5374039,-27.5582637992248,0.0 -50.5374082,-27.5582488992248,0.0 -50.5374112,-27.5582292992248,0.0 -50.5374156,-27.5581736992248,0.0 -50.537416,-27.5581523992248,0.0 -50.5374153,-27.5581415992248,0.0 -50.537413,-27.5581249992248,0.0 -50.5374065,-27.5580955992248,0.0 -50.5373992,-27.5580711992248,0.0 -50.5373924,-27.5580531992248,0.0 -50.537384,-27.5580343992248,0.0 -50.5373683,-27.5580044992248,0.0 -50.5372908,-27.5578673992248,0.0 -50.5372616,-27.5578204992248,0.0 -50.5372314,-27.5577768992248,0.0 -50.5372262,-27.5577683992248,0.0 -50.5372219,-27.5577594992248,0.0 -50.5372185,-27.5577501992248,0.0 -50.5372152,-27.5577359992248,0.0 -50.5372141,-27.5577266992248,0.0 -50.5372141,-27.5577135992248,0.0 -50.5372152,-27.5577054992248,0.0 -50.5372184,-27.5576942992248,0.0 -50.5372235,-27.5576844992248,0.0 -50.5372285,-27.5576784992248,0.0 -50.5372391,-27.5576700992248,0.0 -50.5372487,-27.5576646992248,0.0 -50.5372599,-27.5576594992248,0.0 -50.5372788,-27.5576522992248,0.0 -50.5372989,-27.5576459992248,0.0 -50.5373129,-27.5576422992248,0.0 -50.5373353,-27.5576377992248,0.0 -50.5373514,-27.5576354992248,0.0 -50.5373791,-27.5576331992248,0.0 -50.5374152,-27.5576316992248,0.0 -50.5374993,-27.5576298992248,0.0 -50.5376306,-27.5576281992248,0.0 -50.5376808,-27.5576256992248,0.0 -50.5377332,-27.5576207992248,0.0 -50.5377838,-27.5576139992248,0.0 -50.5378245,-27.5576067992248,0.0 -50.5378544,-27.5575991992248,0.0 -50.5378824,-27.5575893992248,0.0 -50.5379286,-27.5575697992248,0.0 -50.5379761,-27.5575481992248,0.0 -50.5380083,-27.5575312992248,0.0 -50.5380204,-27.5575238992248,0.0 -50.5380388,-27.5575111992248,0.0 -50.5380636,-27.5574921992248,0.0 -50.5381199,-27.5574472992248,0.0 -50.5381411,-27.5574315992248,0.0 -50.5381661,-27.5574148992248,0.0 -50.5381969,-27.5573962992248,0.0 -50.5382327,-27.5573765992248,0.0 -50.5382682,-27.5573585992248,0.0 -50.5382983,-27.5573450992248,0.0 -50.5383232,-27.5573356992248,0.0 -50.5384349,-27.5572983992248,0.0 -50.5384994,-27.5572781992248,0.0 -50.5385638,-27.5572592992248,0.0 -50.5386383,-27.5572387992248,0.0 -50.5386899,-27.5572256992248,0.0 -50.5387436,-27.5572134992248,0.0 -50.5387965,-27.5572033992248,0.0 -50.5388305,-27.5571978992248,0.0 -50.5388487,-27.5571955992248,0.0 -50.5388705,-27.5571937992248,0.0 -50.538889,-27.5571935992248,0.0 -50.5389124,-27.5571949992248,0.0 -50.5389335,-27.5571976992248,0.0 -50.5389505,-27.5572017992248,0.0 -50.5389623,-27.5572067992248,0.0 -50.5389704,-27.5572114992248,0.0 -50.5389792,-27.5572173992248,0.0 -50.538993,-27.5572287992248,0.0 -50.5390074,-27.5572428992248,0.0 -50.5390216,-27.5572592992248,0.0 -50.5390305,-27.5572706992248,0.0 -50.5390419,-27.5572869992248,0.0 -50.5390508,-27.5573017992248,0.0 -50.5390706,-27.5573377992248,0.0 -50.5390787,-27.5573500992248,0.0 -50.539085,-27.5573579992248,0.0 -50.539092,-27.5573646992248,0.0 -50.5390999,-27.5573700992248,0.0 -50.5391085,-27.5573742992248,0.0 -50.5391171,-27.5573772992248,0.0 -50.5391253,-27.5573791992248,0.0 -50.5391331,-27.5573803992248,0.0 -50.5391433,-27.5573809992248,0.0 -50.5391536,-27.5573808992248,0.0 -50.5391614,-27.5573798992248,0.0 -50.5391694,-27.5573781992248,0.0 -50.5391844,-27.5573729992248,0.0 -50.5391912,-27.5573693992248,0.0 -50.5391954,-27.5573661992248,0.0 -50.5392035,-27.5573577992248,0.0 -50.539212,-27.5573443992248,0.0 -50.5392179,-27.5573295992248,0.0 -50.5392201,-27.5573193992248,0.0 -50.5392215,-27.5573035992248,0.0 -50.5392216,-27.5572862992248,0.0 -50.5392201,-27.5572636992248,0.0 -50.539215,-27.5572288992248,0.0 -50.5392008,-27.5571640992248,0.0 -50.5391938,-27.5571234992248,0.0 -50.5391915,-27.5570958992248,0.0 -50.5391919,-27.5570774992248,0.0 -50.5391932,-27.5570632992248,0.0 -50.5391986,-27.5570293992248,0.0 -50.5392056,-27.5569990992248,0.0 -50.5392149,-27.5569660992248,0.0 -50.5392304,-27.5569169992248,0.0 -50.5392378,-27.5568954992248,0.0 -50.5392446,-27.5568778992248,0.0 -50.5392682,-27.5568284992248,0.0 -50.5392771,-27.5568083992248,0.0 -50.5392838,-27.5567903992248,0.0 -50.5392873,-27.5567779992248,0.0 -50.53929,-27.5567642992248,0.0 -50.5392921,-27.5567464992248,0.0 -50.5392946,-27.5567168992248,0.0 -50.5392959,-27.5566897992248,0.0 -50.5392954,-27.5566632992248,0.0 -50.5392938,-27.5566486992248,0.0 -50.5392916,-27.5566382992248,0.0 -50.5392894,-27.5566317992248,0.0 -50.5392862,-27.5566256992248,0.0 -50.5392799,-27.5566192992248,0.0 -50.5392684,-27.5566115992248,0.0 -50.5392491,-27.5566017992248,0.0 -50.5392048,-27.5565824992248,0.0 -50.539153,-27.5565617992248,0.0 -50.5391087,-27.5565450992248,0.0 -50.5390481,-27.5565232992248,0.0 -50.5390333,-27.5565169992248,0.0 -50.5390168,-27.5565084992249,0.0 -50.5390069,-27.5565022992248,0.0 -50.5390014,-27.5564980992248,0.0 -50.5389944,-27.5564912992248,0.0 -50.5389903,-27.5564861992248,0.0 -50.5389855,-27.5564776992248,0.0 -50.5389831,-27.5564712992248,0.0 -50.5389814,-27.5564642992248,0.0 -50.5389807,-27.5564566992248,0.0 -50.5389809,-27.5564483992248,0.0 -50.538982,-27.5564394992248,0.0 -50.5389843,-27.5564298992248,0.0 -50.5389892,-27.5564148992248,0.0 -50.5390069,-27.5563697992248,0.0 -50.5390128,-27.5563580992248,0.0 -50.5390201,-27.5563461992248,0.0 -50.5390399,-27.5563189992248,0.0 -50.5390636,-27.5562902992248,0.0 -50.5391687,-27.5561749992248,0.0 -50.5391761,-27.5561646992248,0.0 -50.5391819,-27.5561531992248,0.0 -50.5391877,-27.5561359992248,0.0 -50.5391918,-27.5561168992249,0.0 -50.5391942,-27.5560975992249,0.0 -50.5391946,-27.5560761992249,0.0 -50.5391927,-27.5560574992249,0.0 -50.5391898,-27.5560432992248,0.0 -50.5391847,-27.5560286992248,0.0 -50.539177,-27.5560136992248,0.0 -50.5391701,-27.5560028992249,0.0 -50.5391627,-27.5559930992248,0.0 -50.5391551,-27.5559846992249,0.0 -50.5391477,-27.5559780992249,0.0 -50.5391428,-27.5559746992249,0.0 -50.5391343,-27.5559701992249,0.0 -50.5391136,-27.5559622992249,0.0 -50.5390869,-27.5559540992249,0.0 -50.5390588,-27.5559464992249,0.0 -50.5390263,-27.5559384992248,0.0 -50.538995,-27.5559316992248,0.0 -50.5389771,-27.5559284992249,0.0 -50.5389545,-27.5559251992249,0.0 -50.5389282,-27.5559225992249,0.0 -50.5388968,-27.5559203992248,0.0 -50.5388525,-27.5559194992249,0.0 -50.538824,-27.5559202992248,0.0 -50.5387992,-27.5559218992249,0.0 -50.5387587,-27.5559256992249,0.0 -50.5386407,-27.5559393992249,0.0 -50.538607,-27.5559420992249,0.0 -50.5385463,-27.5559457992249,0.0 -50.5385208,-27.5559480992249,0.0 -50.5384921,-27.5559522992249,0.0 -50.5384344,-27.5559634992249,0.0 -50.5384099,-27.5559688992249,0.0 -50.5383777,-27.5559775992249,0.0 -50.5383651,-27.5559796992249,0.0 -50.5383492,-27.5559802992248,0.0 -50.5383336,-27.5559792992249,0.0 -50.5383223,-27.5559768992249,0.0 -50.5383144,-27.5559728992248,0.0 -50.5383096,-27.5559688992249,0.0 -50.5383057,-27.5559641992248,0.0 -50.5383028,-27.5559589992249,0.0 -50.538301,-27.5559532992248,0.0 -50.538299,-27.5559387992248,0.0 -50.5382986,-27.5559108992249,0.0 -50.5383022,-27.5557736992249,0.0 -50.538309,-27.5556028992249,0.0 -50.5383137,-27.5555163992249,0.0 -50.5383245,-27.5553498992249,0.0 -50.5383276,-27.5552919992249,0.0 -50.5383279,-27.5552765992249,0.0 -50.5383273,-27.5552667992249,0.0 -50.5383261,-27.5552598992249,0.0 -50.538323,-27.5552507992249,0.0 -50.5383165,-27.5552374992249,0.0 -50.53831,-27.5552271992249,0.0 -50.5383026,-27.5552190992249,0.0 -50.5382953,-27.5552136992249,0.0 -50.5382867,-27.5552094992249,0.0 -50.5382763,-27.5552065992249,0.0 -50.5382596,-27.5552038992249,0.0 -50.5382437,-27.5552026992249,0.0 -50.5382309,-27.5552028992249,0.0 -50.5382203,-27.5552043992249,0.0 -50.538197,-27.5552106992249,0.0 -50.5381604,-27.5552239992249,0.0 -50.5380777,-27.5552564992249,0.0 -50.5380602,-27.5552627992249,0.0 -50.5380447,-27.5552669992249,0.0 -50.5380363,-27.5552675992249,0.0 -50.5380254,-27.5552666992249,0.0 -50.5380188,-27.5552651992249,0.0 -50.5380147,-27.5552626992249,0.0 -50.5380121,-27.5552586992249,0.0 -50.5380109,-27.5552536992249,0.0 -50.5380112,-27.5552368992249,0.0 -50.5380158,-27.5552026992249,0.0 -50.5380215,-27.5551746992249,0.0 -50.5380319,-27.5551379992249,0.0 -50.5380447,-27.5551009992249,0.0 -50.538052,-27.5550859992249,0.0 -50.5380586,-27.5550764992249,0.0 -50.5380673,-27.5550674992249,0.0 -50.5380726,-27.5550631992249,0.0 -50.5380848,-27.5550549992249,0.0 -50.5380918,-27.5550510992249,0.0 -50.5381074,-27.5550436992249,0.0 -50.5381252,-27.5550367992249,0.0 -50.538145,-27.5550304992249,0.0 -50.5381785,-27.5550219992249,0.0 -50.5382295,-27.5550118992249,0.0 -50.5382725,-27.5550054992249,0.0 -50.5383035,-27.5550019992249,0.0 -50.5383534,-27.5549980992249,0.0 -50.5384642,-27.5549921992249,0.0 -50.538486,-27.5549893992249,0.0 -50.5384979,-27.5549863992249,0.0 -50.5385162,-27.5549795992249,0.0 -50.538529,-27.5549735992249,0.0 -50.5385468,-27.5549627992249,0.0 -50.5385563,-27.5549547992249,0.0 -50.5385636,-27.5549464992249,0.0 -50.5385713,-27.5549334992249,0.0 -50.5385765,-27.5549204992249,0.0 -50.5385804,-27.5549072992249,0.0 -50.5385838,-27.5548874992249,0.0 -50.5385853,-27.5548637992249,0.0 -50.5385843,-27.5548445992249,0.0 -50.5385805,-27.5548256992249,0.0 -50.538574,-27.5548076992249,0.0 -50.5385685,-27.5547961992249,0.0 -50.5385623,-27.5547852992249,0.0 -50.5385512,-27.5547698992249,0.0 -50.5385419,-27.5547601992249,0.0 -50.5385364,-27.5547554992249,0.0 -50.5385237,-27.5547462992249,0.0 -50.5385088,-27.5547375992249,0.0 -50.5384923,-27.5547296992249,0.0 -50.538475,-27.5547227992249,0.0 -50.5384575,-27.5547170992249,0.0 -50.5383932,-27.5547002992249,0.0 -50.5383439,-27.5546849992249,0.0 -50.5381779,-27.5546275992249,0.0 -50.5381526,-27.5546181992249,0.0 -50.5381389,-27.5546120992249,0.0 -50.5381241,-27.5546034992249,0.0 -50.5381136,-27.5545954992249,0.0 -50.5381039,-27.5545856992249,0.0 -50.5380984,-27.5545778992249,0.0 -50.5380937,-27.5545688992249,0.0 -50.53809,-27.5545589992249,0.0 -50.5380855,-27.5545426992249,0.0 -50.5380822,-27.5545252992249,0.0 -50.5380792,-27.5545006992249,0.0 -50.5380782,-27.5544739992249,0.0 -50.538079,-27.5544526992249,0.0 -50.5380817,-27.5544306992249,0.0 -50.5380866,-27.5544085992249,0.0 -50.5380929,-27.5543867992249,0.0 -50.5381023,-27.5543592992249,0.0 -50.5381126,-27.5543336992249,0.0 -50.5381185,-27.5543213992249,0.0 -50.5381288,-27.5543031992249,0.0 -50.5381713,-27.5542371992249,0.0 -50.5382011,-27.5541925992249,0.0 -50.5382487,-27.5541256992249,0.0 -50.538278,-27.5540796992249,0.0 -50.5382909,-27.5540568992249,0.0 -50.5383009,-27.5540363992249,0.0 -50.5383135,-27.5540064992249,0.0 -50.5383215,-27.5539843992249,0.0 -50.5383264,-27.5539667992249,0.0 -50.5383293,-27.5539536992249,0.0 -50.538334,-27.5539199992249,0.0 -50.5383371,-27.5538839992249,0.0 -50.5383447,-27.5537689992249,0.0 -50.5383479,-27.5537385992249,0.0 -50.5383512,-27.5537146992249,0.0 -50.538357,-27.5536811992249,0.0 -50.5383613,-27.5536636992249,0.0 -50.5383668,-27.5536483992249,0.0 -50.538375,-27.5536344992249,0.0 -50.5383827,-27.5536254992249,0.0 -50.5383928,-27.5536161992249,0.0 -50.5384058,-27.5536062992249,0.0 -50.5384217,-27.5535955992249,0.0 -50.538464,-27.5535705992249,0.0 -50.5384901,-27.5535563992249,0.0 -50.5385183,-27.5535418992249,0.0 -50.5385621,-27.5535216992249,0.0 -50.5386049,-27.5535053992249,0.0 -50.5386449,-27.5534926992249,0.0 -50.538692,-27.5534804992249,0.0 -50.5387405,-27.5534705992249,0.0 -50.5387805,-27.5534646992249,0.0 -50.5388163,-27.5534618992249,0.0 -50.5388373,-27.5534616992249,0.0 -50.5388513,-27.5534621992249,0.0 -50.5388721,-27.5534638992249,0.0 -50.5388858,-27.5534656992249,0.0 -50.5388994,-27.5534680992249,0.0 -50.5389127,-27.5534711992249,0.0 -50.5389257,-27.5534750992249,0.0 -50.5389383,-27.5534797992249,0.0 -50.5389503,-27.5534851992249,0.0 -50.538967,-27.5534943992249,0.0 -50.5389771,-27.5535011992249,0.0 -50.5389861,-27.5535087992249,0.0 -50.5389941,-27.5535172992249,0.0 -50.5389976,-27.5535218992249,0.0 -50.5390008,-27.5535268992249,0.0 -50.5390064,-27.5535377992249,0.0 -50.5390123,-27.5535557992249,0.0 -50.5390156,-27.5535746992249,0.0 -50.5390165,-27.5535931992249,0.0 -50.5390147,-27.5536238992249,0.0 -50.5390108,-27.5536552992249,0.0 -50.5390053,-27.5536807992249,0.0 -50.5389958,-27.5537084992249,0.0 -50.5389805,-27.5537454992249,0.0 -50.5389279,-27.5538670992249,0.0 -50.5389051,-27.5539223992249,0.0 -50.5388903,-27.5539616992249,0.0 -50.5388866,-27.5539743992249,0.0 -50.5388845,-27.5539883992249,0.0 -50.5388846,-27.5539964992249,0.0 -50.5388855,-27.5540045992249,0.0 -50.538892,-27.5540313992249,0.0 -50.5389018,-27.5540638992249,0.0 -50.5389176,-27.5541123992249,0.0 -50.5389306,-27.5541565992249,0.0 -50.5389373,-27.5541755992249,0.0 -50.5389456,-27.5541921992249,0.0 -50.5389534,-27.5542024992249,0.0 -50.5389655,-27.5542134992249,0.0 -50.5389786,-27.5542223992249,0.0 -50.5389989,-27.5542325992249,0.0 -50.5390191,-27.5542399992249,0.0 -50.5390364,-27.5542438992249,0.0 -50.539059,-27.5542461992249,0.0 -50.5390848,-27.5542462992249,0.0 -50.5391076,-27.5542446992249,0.0 -50.5391263,-27.5542417992249,0.0 -50.5391498,-27.5542359992249,0.0 -50.5391805,-27.5542253992249,0.0 -50.5392099,-27.5542129992249,0.0 -50.5392296,-27.5542017992249,0.0 -50.539249,-27.5541882992249,0.0 -50.5392638,-27.5541764992249,0.0 -50.5392773,-27.5541641992249,0.0 -50.5392926,-27.5541478992249,0.0 -50.5393045,-27.5541328992249,0.0 -50.5393116,-27.5541211992249,0.0 -50.5393157,-27.5541121992249,0.0 -50.539321,-27.5540955992249,0.0 -50.5393239,-27.5540820992249,0.0 -50.5393269,-27.5540575992249,0.0 -50.5393278,-27.5540380992249,0.0 -50.539328,-27.5539020992249,0.0 -50.5393301,-27.5538061992249,0.0 -50.539333,-27.5537482992249,0.0 -50.5393414,-27.5536240992249,0.0 -50.5393443,-27.5535956992249,0.0 -50.5393483,-27.5535673992249,0.0 -50.5393576,-27.5535166992249,0.0 -50.5393648,-27.5534849992249,0.0 -50.5393701,-27.5534653992249,0.0 -50.5393755,-27.5534479992249,0.0 -50.5393813,-27.5534329992249,0.0 -50.5393879,-27.5534197992249,0.0 -50.5393916,-27.5534135992249,0.0 -50.5394004,-27.5534014992249,0.0 -50.5394174,-27.5533833992249,0.0 -50.5394395,-27.5533644992249,0.0 -50.5394676,-27.5533442992249,0.0 -50.5395114,-27.5533165992249,0.0 -50.539553,-27.5532927992249,0.0 -50.5396089,-27.5532628992249,0.0 -50.5396368,-27.5532458992249,0.0 -50.5396489,-27.5532368992249,0.0 -50.5396589,-27.5532277992249,0.0 -50.5396662,-27.5532184992249,0.0 -50.539669,-27.5532137992249,0.0 -50.5396731,-27.5532042992249,0.0 -50.5396757,-27.5531946992249,0.0 -50.5396777,-27.5531797992249,0.0 -50.5396777,-27.5531685992249,0.0 -50.5396761,-27.5531548992249,0.0 -50.5396698,-27.5531272992249,0.0 -50.5396488,-27.5530564992249,0.0 -50.5396408,-27.5530274992249,0.0 -50.539635,-27.5529997992249,0.0 -50.5396301,-27.5529674992249,0.0 -50.5396292,-27.5529520992249,0.0 -50.5396301,-27.5529362992249,0.0 -50.5396325,-27.5529251992249,0.0 -50.5396346,-27.5529193992249,0.0 -50.5396408,-27.5529069992249,0.0 -50.5396505,-27.5528933992249,0.0 -50.5396649,-27.5528772992249,0.0 -50.5396999,-27.5528441992249,0.0 -50.5397566,-27.5527940992249,0.0 -50.5399481,-27.5526285992249,0.0 -50.5400485,-27.5525406992249,0.0 -50.5401557,-27.5524454992249,0.0 -50.5401896,-27.5524143992249,0.0 -50.5402073,-27.5523971992249,0.0 -50.5402223,-27.5523813992249,0.0 -50.5402357,-27.5523661992249,0.0 -50.5402754,-27.5523183992249,0.0 -50.5403302,-27.5522553992249,0.0 -50.540349,-27.5522323992249,0.0 -50.540387,-27.5521775992249,0.0 -50.5403947,-27.5521653992249,0.0 -50.5404031,-27.5521485992249,0.0 -50.5404134,-27.5521230992249,0.0 -50.5404179,-27.5521101992249,0.0 -50.5404216,-27.5520967992249,0.0 -50.5404253,-27.5520728992249,0.0 -50.5404268,-27.5520525992249,0.0 -50.5404275,-27.5520268992249,0.0 -50.5404276,-27.5520021992249,0.0 -50.5404267,-27.5519880992249,0.0 -50.5404253,-27.5519789992249,0.0 -50.5404231,-27.5519699992249,0.0 -50.540418,-27.5519567992249,0.0 -50.5404132,-27.5519481992249,0.0 -50.5404071,-27.5519399992249,0.0 -50.5403956,-27.5519280992249,0.0 -50.5403809,-27.5519170992249,0.0 -50.5403693,-27.5519101992249,0.0 -50.5403561,-27.5519036992249,0.0 -50.5403329,-27.5518944992249,0.0 -50.540295,-27.5518823992249,0.0 -50.5402184,-27.5518608992249,0.0 -50.5401759,-27.5518481992249,0.0 -50.5401345,-27.5518342992249,0.0 -50.5400939,-27.5518186992249,0.0 -50.5400644,-27.5518053992249,0.0 -50.5400359,-27.5517901992249,0.0 -50.5400163,-27.5517782992249,0.0 -50.5399839,-27.5517561992249,0.0 -50.5399466,-27.5517285992249,0.0 -50.5399089,-27.5516994992249,0.0 -50.5398672,-27.5516660992249,0.0 -50.5398428,-27.5516454992249,0.0 -50.5398188,-27.5516239992249,0.0 -50.5397818,-27.5515894992249,0.0 -50.5396985,-27.5515107992249,0.0 -50.5396413,-27.5514552992249,0.0 -50.5395861,-27.5514069992249,0.0 -50.5395692,-27.5513891992249,0.0 -50.5395599,-27.5513772992249,0.0 -50.5395516,-27.5513651992249,0.0 -50.539533,-27.5513332992249,0.0 -50.5395264,-27.5513196992249,0.0 -50.5395206,-27.5513056992249,0.0 -50.539514,-27.5512836992249,0.0 -50.5395112,-27.5512682992249,0.0 -50.5395092,-27.5512439992249,0.0 -50.5395094,-27.5512266992249,0.0 -50.5395113,-27.551207499225,0.0 -50.5395159,-27.5511841992249,0.0 -50.5395243,-27.5511548992249,0.0 -50.5395302,-27.5511372992249,0.0 -50.5395455,-27.5510960992249,0.0 -50.5395735,-27.5510272992249,0.0 -50.5396006,-27.550963799225,0.0 -50.5396264,-27.5509056992249,0.0 -50.539651,-27.550854299225,0.0 -50.5397089,-27.550743499225,0.0 -50.5397239,-27.550711299225,0.0 -50.53974,-27.550669299225,0.0 -50.5397587,-27.550614299225,0.0 -50.5397686,-27.550581199225,0.0 -50.53978,-27.550536599225,0.0 -50.5397858,-27.550518099225,0.0 -50.5397933,-27.550498099225,0.0 -50.5398038,-27.550473399225,0.0 -50.5398141,-27.550454099225,0.0 -50.5398278,-27.550435099225,0.0 -50.5398544,-27.550404899225,0.0 -50.5399175,-27.550336299225,0.0 -50.5399937,-27.550261299225,0.0 -50.5400346,-27.550224799225,0.0 -50.5400858,-27.550176799225,0.0 -50.5401104,-27.550154799225,0.0 -50.5401979,-27.550082099225,0.0 -50.5402432,-27.550041899225,0.0 -50.5402714,-27.550018899225,0.0 -50.5403341,-27.549971199225,0.0 -50.5403935,-27.549924299225,0.0 -50.5404569,-27.549875899225,0.0 -50.5405109,-27.549833499225,0.0 -50.540532,-27.549817999225,0.0 -50.5405724,-27.549789599225,0.0 -50.5406069,-27.549763499225,0.0 -50.5406507,-27.549731499225,0.0 -50.5406816,-27.549707499225,0.0 -50.540703,-27.549689299225,0.0 -50.5407224,-27.549670699225,0.0 -50.5407827,-27.549609099225,0.0 -50.5408475,-27.549548099225,0.0 -50.5409448,-27.549446499225,0.0 -50.5409873,-27.549404099225,0.0 -50.5410418,-27.549348199225,0.0 -50.5411689,-27.549221899225,0.0 -50.54121,-27.549177899225,0.0 -50.5412877,-27.549088699225,0.0 -50.5413279,-27.549044799225,0.0 -50.5413711,-27.548991099225,0.0 -50.5414187,-27.548934299225,0.0 -50.5414433,-27.548901699225,0.0 -50.5415934,-27.548688899225,0.0 -50.5416301,-27.548635899225,0.0 -50.5416776,-27.548574599225,0.0 -50.5417123,-27.548528399225,0.0 -50.5417512,-27.548478999225,0.0 -50.5417765,-27.548445699225,0.0 -50.541789,-27.548430699225,0.0 -50.5418664,-27.548349499225,0.0 -50.5418846,-27.548332199225,0.0 -50.5419155,-27.548306699225,0.0 -50.5419532,-27.548278199225,0.0 -50.5420338,-27.548222999225,0.0 -50.5420669,-27.548202099225,0.0 -50.5421048,-27.548180999225,0.0 -50.5422065,-27.548128999225,0.0 -50.5422851,-27.548086799225,0.0 -50.5424171,-27.548010699225,0.0 -50.5425114,-27.547960099225,0.0 -50.5425404,-27.547943899225,0.0 -50.542588,-27.547915799225,0.0 -50.5426318,-27.547887799225,0.0 -50.5426796,-27.547855199225,0.0 -50.5427468,-27.547806499225,0.0 -50.5427878,-27.547779199225,0.0 -50.5428316,-27.547748999225,0.0 -50.5429297,-27.547677599225,0.0 -50.5429982,-27.547632199225,0.0 -50.543033,-27.547606799225,0.0 -50.543051,-27.547592699225,0.0 -50.5430697,-27.547576299225,0.0 -50.5431124,-27.547533099225,0.0 -50.54316,-27.547486599225,0.0 -50.5431736,-27.547471899225,0.0 -50.5431861,-27.547457099225,0.0 -50.5432092,-27.547426599225,0.0 -50.5432245,-27.547404199225,0.0 -50.5432706,-27.547333499225,0.0 -50.5433126,-27.547271099225,0.0 -50.5433934,-27.547133199225,0.0 -50.5434146,-27.547098499225,0.0 -50.5434452,-27.547048199225,0.0 -50.5435297,-27.546902399225,0.0 -50.5435527,-27.546857999225,0.0 -50.5435817,-27.546797199225,0.0 -50.543598,-27.546759299225,0.0 -50.543629,-27.546681399225,0.0 -50.5436498,-27.546632299225,0.0 -50.5437738,-27.546361699225,0.0 -50.5437935,-27.546321699225,0.0 -50.5438106,-27.546290199225,0.0 -50.5438198,-27.546276399225,0.0 -50.5438245,-27.546270799225,0.0 -50.543832,-27.546263499225,0.0 -50.5438488,-27.546251199225,0.0 -50.5438579,-27.546245799225,0.0 -50.5438677,-27.546240899225,0.0 -50.5438789,-27.546236599225,0.0 -50.5438884,-27.546233599225,0.0 -50.5439167,-27.546226799225,0.0 -50.5439695,-27.546216199225,0.0 -50.5440776,-27.546196999225,0.0 -50.5441872,-27.546175799225,0.0 -50.5444149,-27.546134599225,0.0 -50.5444628,-27.546124499225,0.0 -50.5444961,-27.546115099225,0.0 -50.5445382,-27.546101199225,0.0 -50.544596,-27.546079899225,0.0 -50.5446462,-27.546060199225,0.0 -50.544665,-27.546051799225,0.0 -50.5446819,-27.546043299225,0.0 -50.5447004,-27.546032999225,0.0 -50.5447307,-27.546014699225,0.0 -50.5448281,-27.545953899225,0.0 -50.5450048,-27.545840199225,0.0 -50.5451052,-27.5457735992251,0.0 -50.545207,-27.5457052992251,0.0 -50.5452682,-27.545659999225,0.0 -50.5452776,-27.545651599225,0.0 -50.5452844,-27.545643499225,0.0 -50.5452899,-27.545633999225,0.0 -50.5452961,-27.545618799225,0.0 -50.5453019,-27.545599699225,0.0 -50.5453076,-27.545574699225,0.0 -50.5453156,-27.5455292992251,0.0 -50.5453244,-27.5454668992251,0.0 -50.5453415,-27.5453543992251,0.0 -50.5453461,-27.5453133992251,0.0 -50.5453866,-27.5448627992251,0.0 -50.5453979,-27.5447504992251,0.0 -50.5454003,-27.5447333992251,0.0 -50.5454026,-27.5447224992251,0.0 -50.5454091,-27.5447004992251,0.0 -50.545421,-27.5446703992251,0.0 -50.5454422,-27.5446234992251,0.0 -50.5454628,-27.5445807992251,0.0 -50.5454921,-27.5445254992251,0.0 -50.5455402,-27.5444416992251,0.0 -50.5455605,-27.5444045992251,0.0 -50.5456057,-27.5443130992251,0.0 -50.5456579,-27.5442135992251,0.0 -50.545668,-27.5441917992251,0.0 -50.5456723,-27.5441803992251,0.0 -50.5456775,-27.5441619992251,0.0 -50.5456803,-27.5441490992251,0.0 -50.5456834,-27.5441292992251,0.0 -50.5456854,-27.5441095992251,0.0 -50.5456864,-27.5440902992251,0.0 -50.5456866,-27.5440714992251,0.0 -50.5456858,-27.5440469992251,0.0 -50.5456779,-27.5439670992251,0.0 -50.5456757,-27.5439468992251,0.0 -50.5456697,-27.5439006992251,0.0 -50.5456583,-27.5438337992251,0.0 -50.5456479,-27.5437890992251,0.0 -50.5456293,-27.5437223992251,0.0 -50.5456237,-27.5437047992251,0.0 -50.5456176,-27.5436879992251,0.0 -50.54561,-27.5436704992251,0.0 -50.5456002,-27.5436510992251,0.0 -50.5455857,-27.5436244992251,0.0 -50.5455688,-27.5435956992251,0.0 -50.5455601,-27.5435825992251,0.0 -50.5455477,-27.5435659992251,0.0 -50.5455263,-27.5435394992251,0.0 -50.5455082,-27.5435183992251,0.0 -50.5454833,-27.5434920992251,0.0 -50.5454692,-27.5434790992251,0.0 -50.5454545,-27.5434667992251,0.0 -50.5454308,-27.5434479992251,0.0 -50.5454103,-27.5434331992251,0.0 -50.5452218,-27.5433085992251,0.0 -50.5451902,-27.5432865992251,0.0 -50.5451792,-27.5432784992251,0.0 -50.5451649,-27.5432665992251,0.0 -50.5451607,-27.5432622992251,0.0 -50.5451559,-27.5432558992251,0.0 -50.5451508,-27.5432450992251,0.0 -50.5451469,-27.5432331992251,0.0 -50.5451449,-27.5432229992251,0.0 -50.5451437,-27.5432119992251,0.0 -50.5451435,-27.5432005992251,0.0 -50.5451445,-27.5431858992251,0.0 -50.5451469,-27.5431711992251,0.0 -50.5451504,-27.5431561992251,0.0 -50.5451551,-27.5431412992251,0.0 -50.5451609,-27.5431266992251,0.0 -50.5451683,-27.5431115992251,0.0 -50.5451777,-27.5430946992251,0.0 -50.5452009,-27.5430581992251,0.0 -50.5452704,-27.5429544992251,0.0 -50.545315,-27.5428916992251,0.0 -50.5453951,-27.5427858992251,0.0 -50.5455154,-27.5426311992251,0.0 -50.5455347,-27.5426048992251,0.0 -50.5455709,-27.5425511992251,0.0 -50.5455925,-27.5425206992251,0.0 -50.5456152,-27.5424904992251,0.0 -50.5456603,-27.5424330992251,0.0 -50.5456869,-27.5423963992251,0.0 -50.5457108,-27.5423609992251,0.0 -50.5457421,-27.5423103992251,0.0 -50.5457635,-27.5422710992251,0.0 -50.5457725,-27.5422528992251,0.0 -50.5457825,-27.5422302992251,0.0 -50.5457909,-27.5422084992251,0.0 -50.5457992,-27.5421840992251,0.0 -50.5458057,-27.5421627992251,0.0 -50.5458113,-27.5421396992251,0.0 -50.5458141,-27.5421238992251,0.0 -50.5458167,-27.5420999992251,0.0 -50.545818,-27.5420601992251,0.0 -50.5458166,-27.5420181992251,0.0 -50.5458116,-27.5419675992251,0.0 -50.5458041,-27.5419140992251,0.0 -50.5457914,-27.5418362992251,0.0 -50.5457787,-27.5417517992251,0.0 -50.5457751,-27.5417235992251,0.0 -50.5457746,-27.5417125992251,0.0 -50.5457755,-27.5416990992251,0.0 -50.5457833,-27.5416693992251,0.0 -50.5458139,-27.5416283992251,0.0 -50.5458471,-27.5415873992251,0.0 -50.5458638,-27.5415690992251,0.0 -50.5458783,-27.5415543992251,0.0 -50.545892,-27.5415414992251,0.0 -50.5459052,-27.5415300992251,0.0 -50.5459185,-27.5415197992251,0.0 -50.5459392,-27.5415054992251,0.0 -50.5459536,-27.5414967992251,0.0 -50.5459753,-27.5414851992251,0.0 -50.5459966,-27.5414755992251,0.0 -50.5460108,-27.5414703992251,0.0 -50.5460253,-27.5414658992251,0.0 -50.5460405,-27.5414620992251,0.0 -50.5460568,-27.5414588992251,0.0 -50.5460743,-27.5414562992251,0.0 -50.5461137,-27.5414527992251,0.0 -50.5461357,-27.5414517992251,0.0 -50.5461702,-27.5414511992251,0.0 -50.546226,-27.5414523992251,0.0 -50.5463178,-27.5414570992251,0.0 -50.5463521,-27.5414595992251,0.0 -50.5463926,-27.5414646992251,0.0 -50.5464908,-27.5414799992251,0.0 -50.546525,-27.5414840992251,0.0 -50.5465746,-27.5414874992251,0.0 -50.5466197,-27.5414876992251,0.0 -50.5466511,-27.5414855992251,0.0 -50.5466691,-27.5414834992251,0.0 -50.5466899,-27.5414795992251,0.0 -50.5467092,-27.5414748992251,0.0 -50.5467369,-27.5414662992251,0.0 -50.5467553,-27.5414595992251,0.0 -50.5467832,-27.5414475992251,0.0 -50.5468023,-27.5414380992251,0.0 -50.5468317,-27.5414210992251,0.0 -50.5468513,-27.5414075992251,0.0 -50.5468705,-27.5413921992251,0.0 -50.546889,-27.5413746992251,0.0 -50.5469066,-27.5413551992251,0.0 -50.5469233,-27.5413337992251,0.0 -50.5469389,-27.5413104992251,0.0 -50.5469533,-27.5412855992251,0.0 -50.54696,-27.5412726992251,0.0 -50.5469723,-27.5412461992251,0.0 -50.5469831,-27.5412193992251,0.0 -50.5469922,-27.5411928992251,0.0 -50.5470353,-27.5410367992251,0.0 -50.5470392,-27.5410158992251,0.0 -50.5470407,-27.5409958992251,0.0 -50.5470402,-27.5409764992251,0.0 -50.5470381,-27.5409577992251,0.0 -50.5470306,-27.5409209992251,0.0 -50.5470233,-27.5408935992251,0.0 -50.5470071,-27.5408372992251,0.0 -50.5470003,-27.5408167992251,0.0 -50.5469916,-27.5407945992251,0.0 -50.5469803,-27.5407699992251,0.0 -50.546966,-27.5407424992251,0.0 -50.546938,-27.5406954992251,0.0 -50.5469016,-27.5406406992251,0.0 -50.5468582,-27.5405798992251,0.0 -50.5467039,-27.5403728992251,0.0 -50.5466031,-27.5402336992252,0.0 -50.5465664,-27.5401855992252,0.0 -50.5465314,-27.5401430992252,0.0 -50.5465099,-27.5401184992251,0.0 -50.5464901,-27.5400975992251,0.0 -50.5464619,-27.5400711992251,0.0 -50.5464308,-27.5400456992251,0.0 -50.546345,-27.5399803992252,0.0 -50.5462971,-27.5399419992252,0.0 -50.5462522,-27.5399025992252,0.0 -50.5462244,-27.5398759992252,0.0 -50.546198,-27.5398493992252,0.0 -50.5461731,-27.5398227992252,0.0 -50.5461498,-27.5397964992252,0.0 -50.5461288,-27.5397709992252,0.0 -50.5461107,-27.5397466992252,0.0 -50.5460961,-27.5397239992252,0.0 -50.5460902,-27.5397131992252,0.0 -50.5460806,-27.5396922992252,0.0 -50.5460738,-27.5396713992252,0.0 -50.5460713,-27.5396605992252,0.0 -50.5460675,-27.5396380992252,0.0 -50.5460654,-27.5396140992252,0.0 -50.5460648,-27.5395893992252,0.0 -50.5460667,-27.5395525992252,0.0 -50.5460696,-27.5395290992252,0.0 -50.5460738,-27.5395067992252,0.0 -50.5460822,-27.5394754992252,0.0 -50.5460891,-27.5394560992252,0.0 -50.5460971,-27.5394373992252,0.0 -50.5461122,-27.5394084992252,0.0 -50.5461547,-27.5393380992252,0.0 -50.546169,-27.5393122992252,0.0 -50.5461806,-27.5392871992252,0.0 -50.5461849,-27.5392752992252,0.0 -50.5461882,-27.5392638992252,0.0 -50.5461906,-27.5392527992252,0.0 -50.5461935,-27.5392315992252,0.0 -50.5461961,-27.5391597992252,0.0 -50.5461981,-27.5391340992252,0.0 -50.5462019,-27.5391024992252,0.0 -50.5462153,-27.5390208992252,0.0 -50.5462332,-27.5389241992252,0.0 -50.5462487,-27.5388396992252,0.0 -50.5462558,-27.5387818992252,0.0 -50.5462809,-27.5385505992252,0.0 -50.546284,-27.5385109992252,0.0 -50.5462904,-27.5384032992252,0.0 -50.5462935,-27.5383129992252,0.0 -50.5462941,-27.5382223992252,0.0 -50.5462925,-27.5381619992252,0.0 -50.5462903,-27.5381379992252,0.0 -50.546288,-27.5381222992252,0.0 -50.5462825,-27.5380967992252,0.0 -50.5462748,-27.5380689992252,0.0 -50.5462651,-27.5380402992252,0.0 -50.5462537,-27.5380121992252,0.0 -50.5462336,-27.5379692992252,0.0 -50.5462154,-27.5379341992252,0.0 -50.5462016,-27.5379111992252,0.0 -50.5461944,-27.5379009992252,0.0 -50.5461867,-27.5378912992252,0.0 -50.546178,-27.5378818992252,0.0 -50.5461628,-27.5378679992252,0.0 -50.5461454,-27.5378541992252,0.0 -50.5461272,-27.5378409992252,0.0 -50.5460975,-27.5378204992252,0.0 -50.5460362,-27.5377797992252,0.0 -50.5459754,-27.5377385992252,0.0 -50.5458969,-27.5376889992252,0.0 -50.5458409,-27.5376518992252,0.0 -50.5458133,-27.5376323992252,0.0 -50.5457878,-27.5376131992252,0.0 -50.545765,-27.5375946992252,0.0 -50.5457448,-27.5375770992252,0.0 -50.54572,-27.5375533992252,0.0 -50.5457069,-27.5375392992252,0.0 -50.5456912,-27.5375190992252,0.0 -50.5456785,-27.5374980992252,0.0 -50.5456677,-27.5374753992252,0.0 -50.5456594,-27.5374523992252,0.0 -50.5456539,-27.5374304992252,0.0 -50.5456518,-27.5374166992252,0.0 -50.5456507,-27.5374032992252,0.0 -50.5456503,-27.5373902992252,0.0 -50.5456507,-27.5373711992252,0.0 -50.5456525,-27.5373476992252,0.0 -50.5456549,-27.5373277992252,0.0 -50.5456574,-27.5373147992252,0.0 -50.5456609,-27.5373022992252,0.0 -50.5456704,-27.5372796992252,0.0 -50.5456909,-27.5372414992252,0.0 -50.5457175,-27.5371980992252,0.0 -50.5457533,-27.5371452992252,0.0 -50.5458125,-27.5370618992252,0.0 -50.5458345,-27.5370287992252,0.0 -50.5458459,-27.5370097992252,0.0 -50.5458547,-27.5369928992252,0.0 -50.5458614,-27.5369775992252,0.0 -50.5458666,-27.5369631992252,0.0 -50.5458707,-27.5369492992252,0.0 -50.5458739,-27.5369353992252,0.0 -50.5458765,-27.5369209992252,0.0 -50.5458795,-27.5368975992252,0.0 -50.5458826,-27.5368614992252,0.0 -50.5458906,-27.5367446992252,0.0 -50.5458967,-27.5366873992252,0.0 -50.5459015,-27.5366582992252,0.0 -50.5459052,-27.5366418992252,0.0 -50.5459095,-27.5366276992252,0.0 -50.545917,-27.5366096992252,0.0 -50.5459261,-27.5365937992252,0.0 -50.545937,-27.5365790992252,0.0 -50.5459497,-27.5365658992252,0.0 -50.5459641,-27.5365542992252,0.0 -50.5459801,-27.5365443992252,0.0 -50.5459973,-27.5365358992252,0.0 -50.5460212,-27.5365264992252,0.0 -50.5460432,-27.5365199992252,0.0 -50.5460567,-27.5365173992252,0.0 -50.5460719,-27.5365164992252,0.0 -50.5460867,-27.5365173992252,0.0 -50.5461021,-27.5365199992252,0.0 -50.546118,-27.5365249992252,0.0 -50.5461338,-27.5365315992252,0.0 -50.5461521,-27.5365404992252,0.0 -50.5461693,-27.5365506992252,0.0 -50.5461795,-27.5365583992252,0.0 -50.5461864,-27.5365646992252,0.0 -50.5461933,-27.5365721992252,0.0 -50.5462002,-27.5365810992252,0.0 -50.5462104,-27.5365967992252,0.0 -50.5462168,-27.5366086992252,0.0 -50.5462285,-27.5366350992252,0.0 -50.5462412,-27.5366709992252,0.0 -50.5462557,-27.5367174992252,0.0 -50.5462983,-27.5368742992252,0.0 -50.5463154,-27.5369324992252,0.0 -50.5463244,-27.5369589992252,0.0 -50.5463334,-27.5369828992252,0.0 -50.5463427,-27.5370043992252,0.0 -50.5463522,-27.5370238992252,0.0 -50.5463672,-27.5370502992252,0.0 -50.546378,-27.5370665992252,0.0 -50.5463903,-27.5370828992252,0.0 -50.5464044,-27.5370995992252,0.0 -50.5464206,-27.5371173992252,0.0 -50.5464477,-27.5371450992252,0.0 -50.5464843,-27.5371807992252,0.0 -50.5465109,-27.5372058992252,0.0 -50.5465298,-27.5372226992252,0.0 -50.5465511,-27.5372402992252,0.0 -50.5466013,-27.5372787992252,0.0 -50.5466652,-27.5373242992252,0.0 -50.5467113,-27.5373545992252,0.0 -50.5467658,-27.5373872992252,0.0 -50.5468338,-27.5374253992252,0.0 -50.5468864,-27.5374524992252,0.0 -50.5469191,-27.5374678992252,0.0 -50.5469492,-27.5374809992252,0.0 -50.5469897,-27.5374966992252,0.0 -50.5470135,-27.5375047992252,0.0 -50.5470349,-27.5375112992252,0.0 -50.5470543,-27.5375163992252,0.0 -50.5470724,-27.5375202992252,0.0 -50.5470895,-27.5375231992252,0.0 -50.5471058,-27.5375251992252,0.0 -50.5471216,-27.5375264992252,0.0 -50.5471441,-27.5375270992252,0.0 -50.5471654,-27.5375263992252,0.0 -50.5471847,-27.5375244992252,0.0 -50.5472014,-27.5375215992252,0.0 -50.5472108,-27.5375190992252,0.0 -50.5472231,-27.5375143992252,0.0 -50.5472341,-27.5375081992252,0.0 -50.5472443,-27.5375003992252,0.0 -50.547257,-27.5374877992252,0.0 -50.5472683,-27.5374731992252,0.0 -50.5472777,-27.5374572992252,0.0 -50.5472849,-27.5374402992252,0.0 -50.5472886,-27.5374267992252,0.0 -50.547291,-27.5374123992252,0.0 -50.5472921,-27.5373962992252,0.0 -50.5472911,-27.5373622992252,0.0 -50.5472872,-27.5373189992252,0.0 -50.5472814,-27.5372703992252,0.0 -50.547265,-27.5371489992252,0.0 -50.5472609,-27.5371113992252,0.0 -50.5472583,-27.5370759992252,0.0 -50.547257,-27.5370404992252,0.0 -50.5472567,-27.5370018992252,0.0 -50.5472592,-27.5368431992252,0.0 -50.5472594,-27.5367817992252,0.0 -50.5472584,-27.5367476992252,0.0 -50.5472558,-27.5367208992252,0.0 -50.547251,-27.5366957992252,0.0 -50.5472465,-27.5366783992252,0.0 -50.5472409,-27.5366606992252,0.0 -50.5472345,-27.5366431992252,0.0 -50.5472272,-27.5366262992252,0.0 -50.5472147,-27.5366020992252,0.0 -50.5472051,-27.5365861992252,0.0 -50.5471943,-27.5365702992252,0.0 -50.547147,-27.5365085992252,0.0 -50.5471239,-27.5364768992252,0.0 -50.5470728,-27.5364031992252,0.0 -50.5470072,-27.5363105992252,0.0 -50.5469832,-27.5362746992252,0.0 -50.5469635,-27.5362416992252,0.0 -50.5469472,-27.5362094992252,0.0 -50.546934,-27.5361766992252,0.0 -50.5469235,-27.5361436992252,0.0 -50.5469157,-27.5361114992252,0.0 -50.5469119,-27.5360905992252,0.0 -50.5469084,-27.5360590992252,0.0 -50.5469074,-27.5360372992252,0.0 -50.5469075,-27.5360145992252,0.0 -50.5469092,-27.5359796992252,0.0 -50.5469129,-27.5359347992252,0.0 -50.5469175,-27.5358943992252,0.0 -50.5469223,-27.5358667992252,0.0 -50.5469264,-27.5358493992252,0.0 -50.5469339,-27.5358249992252,0.0 -50.5469423,-27.5358022992252,0.0 -50.5469513,-27.5357810992252,0.0 -50.546962,-27.5357603992252,0.0 -50.5469753,-27.5357389992252,0.0 -50.5469859,-27.5357240992252,0.0 -50.5469976,-27.5357092992252,0.0 -50.5470102,-27.5356951992252,0.0 -50.5470301,-27.5356762992252,0.0 -50.5470511,-27.5356603992252,0.0 -50.5470659,-27.5356511992252,0.0 -50.5470816,-27.5356428992252,0.0 -50.547098,-27.5356353992252,0.0 -50.547115,-27.5356285992252,0.0 -50.5471325,-27.5356226992252,0.0 -50.5471504,-27.5356173992252,0.0 -50.5471685,-27.5356126992252,0.0 -50.5471968,-27.5356065992252,0.0 -50.5472236,-27.5356018992252,0.0 -50.5472825,-27.5355932992252,0.0 -50.5473078,-27.5355910992252,0.0 -50.5473681,-27.5355884992252,0.0 -50.5476786,-27.5355827992252,0.0 -50.5477414,-27.5355822992252,0.0 -50.5478889,-27.5355825992252,0.0 -50.5479378,-27.5355816992252,0.0 -50.5479627,-27.5355801992252,0.0 -50.5479839,-27.5355779992252,0.0 -50.5480034,-27.5355748992252,0.0 -50.5480334,-27.5355683992252,0.0 -50.548055,-27.5355625992252,0.0 -50.5480788,-27.5355552992252,0.0 -50.5481053,-27.5355461992252,0.0 -50.5481506,-27.5355294992252,0.0 -50.5482788,-27.5354788992252,0.0 -50.5483594,-27.5354452992252,0.0 -50.5484368,-27.5354102992252,0.0 -50.5485018,-27.5353782992252,0.0 -50.5485267,-27.5353650992252,0.0 -50.5485462,-27.5353539992252,0.0 -50.5485615,-27.5353440992252,0.0 -50.5485737,-27.5353345992252,0.0 -50.548589,-27.5353194992252,0.0 -50.5485982,-27.5353082992252,0.0 -50.5486071,-27.5352959992252,0.0 -50.5486355,-27.5352524992252,0.0 -50.5486538,-27.5352200992252,0.0 -50.5486649,-27.5351959992252,0.0 -50.5486735,-27.5351719992252,0.0 -50.5486798,-27.5351478992252,0.0 -50.5486841,-27.5351232992252,0.0 -50.5486859,-27.5351062992252,0.0 -50.5486874,-27.5350792992252,0.0 -50.5486876,-27.5350507992252,0.0 -50.548687,-27.5350227992252,0.0 -50.5486844,-27.5349720992253,0.0 -50.548676,-27.5348805992253,0.0 -50.5486729,-27.5348337992252,0.0 -50.5486712,-27.5347735992253,0.0 -50.548671,-27.5346959992253,0.0 -50.5486723,-27.5346472992253,0.0 -50.5486764,-27.5345727992253,0.0 -50.5486782,-27.5344854992253,0.0 -50.54868,-27.5344469992253,0.0 -50.5486846,-27.5344000992253,0.0 -50.5486878,-27.5343802992253,0.0 -50.5486922,-27.5343604992253,0.0 -50.5486981,-27.5343391992253,0.0 -50.5487029,-27.5343244992253,0.0 -50.5487085,-27.5343095992253,0.0 -50.5487148,-27.5342950992253,0.0 -50.5487293,-27.5342676992253,0.0 -50.5487409,-27.5342497992253,0.0 -50.5487488,-27.5342393992253,0.0 -50.5487573,-27.5342294992253,0.0 -50.5487728,-27.5342138992253,0.0 -50.5488094,-27.5341808992253,0.0 -50.5488424,-27.5341541992253,0.0 -50.5488575,-27.5341434992253,0.0 -50.5488716,-27.5341347992253,0.0 -50.5488852,-27.5341279992253,0.0 -50.5488918,-27.5341253992253,0.0 -50.5489052,-27.5341213992253,0.0 -50.5489253,-27.5341181992253,0.0 -50.5489513,-27.5341173992253,0.0 -50.5489864,-27.5341189992253,0.0 -50.5490167,-27.5341224992253,0.0 -50.5490668,-27.5341311992253,0.0 -50.5490808,-27.5341341992253,0.0 -50.5490945,-27.5341378992253,0.0 -50.5491142,-27.5341444992253,0.0 -50.5491295,-27.5341503992253,0.0 -50.5491792,-27.5341721992253,0.0 -50.549255,-27.5342079992253,0.0 -50.5494004,-27.5342777992253,0.0 -50.5494669,-27.5343080992253,0.0 -50.5494917,-27.5343179992253,0.0 -50.5495115,-27.5343248992253,0.0 -50.549534,-27.5343309992253,0.0 -50.5495514,-27.5343341992253,0.0 -50.5495614,-27.5343351992253,0.0 -50.5495706,-27.5343353992253,0.0 -50.5495839,-27.5343340992253,0.0 -50.5495927,-27.5343322992253,0.0 -50.5496014,-27.5343294992253,0.0 -50.5496098,-27.5343257992253,0.0 -50.5496178,-27.5343209992253,0.0 -50.5496253,-27.5343151992253,0.0 -50.5496322,-27.5343081992253,0.0 -50.5496387,-27.5343000992253,0.0 -50.5496449,-27.5342907992253,0.0 -50.5496506,-27.5342802992253,0.0 -50.5496557,-27.5342684992253,0.0 -50.5496604,-27.5342549992253,0.0 -50.5496661,-27.5342314992253,0.0 -50.5496707,-27.5342042992253,0.0 -50.5496748,-27.5341740992253,0.0 -50.5496798,-27.5341313992253,0.0 -50.5496826,-27.5341011992253,0.0 -50.5496839,-27.5340686992253,0.0 -50.5496835,-27.5340553992253,0.0 -50.5496816,-27.5340370992253,0.0 -50.5496784,-27.5340192992253,0.0 -50.5496722,-27.5339949992253,0.0 -50.549664,-27.5339698992253,0.0 -50.5496565,-27.5339508992253,0.0 -50.5496478,-27.5339323992253,0.0 -50.5496379,-27.5339147992253,0.0 -50.5496269,-27.5338986992253,0.0 -50.549619,-27.5338889992253,0.0 -50.5496051,-27.5338752992253,0.0 -50.5495932,-27.5338659992253,0.0 -50.5495691,-27.5338500992253,0.0 -50.5495384,-27.5338321992253,0.0 -50.5494895,-27.5338054992253,0.0 -50.5493349,-27.5337244992253,0.0 -50.5492538,-27.5336813992253,0.0 -50.5491886,-27.5336455992253,0.0 -50.5491505,-27.5336227992253,0.0 -50.5491293,-27.5336073992253,0.0 -50.5491135,-27.5335935992253,0.0 -50.5491038,-27.5335840992253,0.0 -50.5490949,-27.5335744992253,0.0 -50.5490871,-27.5335646992253,0.0 -50.5490805,-27.5335550992253,0.0 -50.5490727,-27.5335407992253,0.0 -50.5490669,-27.5335271992253,0.0 -50.5490614,-27.5335102992253,0.0 -50.5490554,-27.5334846992253,0.0 -50.5490526,-27.5334675992253,0.0 -50.5490479,-27.5334142992253,0.0 -50.5490391,-27.5332665992253,0.0 -50.5490355,-27.5332203992253,0.0 -50.5490325,-27.5331961992253,0.0 -50.5490275,-27.5331670992253,0.0 -50.5490234,-27.5331487992253,0.0 -50.5490176,-27.5331294992253,0.0 -50.5490131,-27.5331180992253,0.0 -50.5490069,-27.5331053992253,0.0 -50.5489783,-27.5330559992253,0.0 -50.548955,-27.5330203992253,0.0 -50.5488831,-27.5329162992253,0.0 -50.5488677,-27.5328920992253,0.0 -50.5488464,-27.5328564992253,0.0 -50.5488291,-27.5328247992253,0.0 -50.5488177,-27.5328004992253,0.0 -50.5488115,-27.5327832992253,0.0 -50.5488072,-27.5327662992253,0.0 -50.5488045,-27.5327510992253,0.0 -50.5488036,-27.5327341992253,0.0 -50.5488046,-27.5327188992253,0.0 -50.5488073,-27.5327008992253,0.0 -50.548816,-27.5326644992253,0.0 -50.5488416,-27.5325739992253,0.0 -50.5488456,-27.5325559992253,0.0 -50.5488481,-27.5325405992253,0.0 -50.5488489,-27.5325279992253,0.0 -50.5488477,-27.5325145992253,0.0 -50.5488451,-27.5325063992253,0.0 -50.5488395,-27.5324964992253,0.0 -50.548832,-27.5324884992253,0.0 -50.5488254,-27.5324839992253,0.0 -50.5488151,-27.5324798992253,0.0 -50.5488023,-27.5324770992253,0.0 -50.5487493,-27.5324706992253,0.0 -50.5486744,-27.5324664992253,0.0 -50.5486488,-27.5324642992253,0.0 -50.5486296,-27.5324619992253,0.0 -50.5485757,-27.5324528992253,0.0 -50.5485029,-27.5324381992253,0.0 -50.5484391,-27.5324243992253,0.0 -50.5483994,-27.5324145992253,0.0 -50.5483372,-27.5323970992253,0.0 -50.5482864,-27.5323810992253,0.0 -50.5482551,-27.5323698992253,0.0 -50.5482376,-27.5323627992253,0.0 -50.5482224,-27.5323558992253,0.0 -50.5482092,-27.5323490992253,0.0 -50.5481976,-27.5323421992253,0.0 -50.5481784,-27.5323285992253,0.0 -50.5481596,-27.5323117992253,0.0 -50.5481502,-27.5323013992253,0.0 -50.5481444,-27.5322938992253,0.0 -50.5481367,-27.5322816992253,0.0 -50.5481322,-27.5322728992253,0.0 -50.5481284,-27.5322633992253,0.0 -50.5481253,-27.5322532992253,0.0 -50.5481196,-27.5322265992253,0.0 -50.548112,-27.5321806992253,0.0 -50.5481088,-27.5321503992253,0.0 -50.5481021,-27.5320713992253,0.0 -50.5480989,-27.5320466992253,0.0 -50.5480935,-27.5320178992253,0.0 -50.5480854,-27.5319841992253,0.0 -50.5480749,-27.5319465992253,0.0 -50.5480395,-27.5318322992253,0.0 -50.5480318,-27.5318047992253,0.0 -50.5480261,-27.5317783992253,0.0 -50.5480233,-27.5317545992253,0.0 -50.5480233,-27.5317327992253,0.0 -50.5480267,-27.5317085992253,0.0 -50.548034,-27.5316791992253,0.0 -50.5480414,-27.5316595992253,0.0 -50.5480496,-27.5316444992253,0.0 -50.5480547,-27.5316374992253,0.0 -50.5480604,-27.5316311992253,0.0 -50.5480727,-27.5316205992253,0.0 -50.5480788,-27.5316164992253,0.0 -50.5480872,-27.5316119992253,0.0 -50.5480983,-27.5316080992253,0.0 -50.5481104,-27.5316055992253,0.0 -50.5481267,-27.5316038992253,0.0 -50.5481393,-27.5316035992253,0.0 -50.5481517,-27.5316044992253,0.0 -50.5481611,-27.5316060992253,0.0 -50.5481958,-27.5316149992253,0.0 -50.5482231,-27.5316242992253,0.0 -50.5482642,-27.5316403992253,0.0 -50.5483086,-27.5316588992253,0.0 -50.5484356,-27.5317136992253,0.0 -50.5484825,-27.5317329992253,0.0 -50.5485227,-27.5317486992253,0.0 -50.5485592,-27.5317611992253,0.0 -50.5485901,-27.5317700992253,0.0 -50.5486074,-27.5317739992253,0.0 -50.5486298,-27.5317765992253,0.0 -50.5486525,-27.5317776992253,0.0 -50.54867,-27.5317765992253,0.0 -50.548687,-27.5317730992253,0.0 -50.5487059,-27.5317669992253,0.0 -50.5487329,-27.5317560992253,0.0 -50.5488083,-27.5317220992253,0.0 -50.5489673,-27.5316528992253,0.0 -50.5489837,-27.5316465992253,0.0 -50.548997,-27.5316422992253,0.0 -50.5490109,-27.5316387992253,0.0 -50.5490199,-27.5316374992253,0.0 -50.5490322,-27.5316375992253,0.0 -50.5490471,-27.5316404992253,0.0 -50.5490626,-27.5316458992253,0.0 -50.549073,-27.5316512992253,0.0 -50.5490888,-27.5316628992253,0.0 -50.5491283,-27.5316984992253,0.0 -50.549153,-27.5317185992253,0.0 -50.5491694,-27.5317290992253,0.0 -50.5491784,-27.5317331992253,0.0 -50.5491875,-27.5317360992253,0.0 -50.5492004,-27.5317380992253,0.0 -50.5492109,-27.5317379992253,0.0 -50.5492254,-27.5317358992253,0.0 -50.5492393,-27.5317318992253,0.0 -50.5492519,-27.5317265992253,0.0 -50.5492628,-27.5317203992253,0.0 -50.5492743,-27.5317116992253,0.0 -50.5492824,-27.5317034992253,0.0 -50.5492877,-27.5316964992253,0.0 -50.549292,-27.5316885992253,0.0 -50.5492954,-27.5316797992253,0.0 -50.5492979,-27.5316700992253,0.0 -50.5492996,-27.5316594992253,0.0 -50.5493004,-27.5316479992253,0.0 -50.5492996,-27.5316261992253,0.0 -50.5492949,-27.5315890992253,0.0 -50.5492846,-27.5315266992253,0.0 -50.5492766,-27.5314833992253,0.0 -50.5492613,-27.5314063992253,0.0 -50.5492527,-27.5313549992253,0.0 -50.5492475,-27.5313179992253,0.0 -50.5492448,-27.5312915992253,0.0 -50.549244,-27.5312732992253,0.0 -50.5492445,-27.5312504992253,0.0 -50.5492464,-27.5312285992253,0.0 -50.5492495,-27.5312062992253,0.0 -50.54926,-27.5311556992253,0.0 -50.5492727,-27.5311035992253,0.0 -50.5493014,-27.5310007992253,0.0 -50.5493113,-27.5309603992253,0.0 -50.5493158,-27.5309370992253,0.0 -50.549319,-27.5309158992253,0.0 -50.5493211,-27.5308985992253,0.0 -50.5493219,-27.5308859992253,0.0 -50.5493216,-27.5308791992253,0.0 -50.5493198,-27.5308702992253,0.0 -50.5493164,-27.5308619992253,0.0 -50.5493109,-27.5308514992253,0.0 -50.5493038,-27.5308391992253,0.0 -50.5492969,-27.5308290992253,0.0 -50.5492879,-27.5308181992253,0.0 -50.5492798,-27.5308101992253,0.0 -50.5492639,-27.5307979992253,0.0 -50.5492419,-27.5307848992253,0.0 -50.5491994,-27.5307638992253,0.0 -50.5491672,-27.5307499992253,0.0 -50.5491568,-27.5307466992253,0.0 -50.5491442,-27.5307443992253,0.0 -50.5491346,-27.5307437992253,0.0 -50.5491205,-27.5307439992253,0.0 -50.5490715,-27.5307481992253,0.0 -50.5490233,-27.5307550992253,0.0 -50.5489964,-27.5307579992253,0.0 -50.5489688,-27.5307596992253,0.0 -50.5489359,-27.5307602992253,0.0 -50.5489155,-27.5307593992253,0.0 -50.5488921,-27.5307570992253,0.0 -50.5488426,-27.5307505992253,0.0 -50.5488142,-27.5307460992253,0.0 -50.5488037,-27.5307436992253,0.0 -50.5487939,-27.5307406992253,0.0 -50.5487697,-27.5307312992253,0.0 -50.5487509,-27.5307223992253,0.0 -50.5487365,-27.5307132992253,0.0 -50.548716,-27.5306968992253,0.0 -50.5486988,-27.5306802992253,0.0 -50.5486836,-27.5306624992253,0.0 -50.5486735,-27.5306477992253,0.0 -50.5486655,-27.5306323992253,0.0 -50.5486596,-27.5306153992253,0.0 -50.5486567,-27.5306000992253,0.0 -50.5486549,-27.5305748992253,0.0 -50.5486553,-27.5305352992253,0.0 -50.548658,-27.5304907992253,0.0 -50.5486615,-27.5304597992253,0.0 -50.5486665,-27.5304345992253,0.0 -50.5486714,-27.5304167992253,0.0 -50.5486775,-27.5303987992253,0.0 -50.5486843,-27.5303810992253,0.0 -50.5486941,-27.5303588992253,0.0 -50.5487103,-27.5303269992253,0.0 -50.5487574,-27.5302418992253,0.0 -50.5487779,-27.5302020992253,0.0 -50.5487933,-27.5301700992253,0.0 -50.5488072,-27.5301391992253,0.0 -50.5488243,-27.5300967992253,0.0 -50.5488312,-27.5300760992253,0.0 -50.5488365,-27.5300569992253,0.0 -50.5488404,-27.5300390992253,0.0 -50.5488427,-27.5300227992253,0.0 -50.5488435,-27.5300080992253,0.0 -50.5488426,-27.5299907992253,0.0 -50.5488405,-27.5299755992253,0.0 -50.5488366,-27.5299591992253,0.0 -50.5488312,-27.5299453992253,0.0 -50.5488267,-27.5299382992253,0.0 -50.548823,-27.5299340992253,0.0 -50.5488162,-27.5299283992253,0.0 -50.5488107,-27.5299247992253,0.0 -50.5488008,-27.5299198992253,0.0 -50.5487929,-27.5299166992253,0.0 -50.5487733,-27.5299103992253,0.0 -50.5487485,-27.5299038992253,0.0 -50.5487215,-27.5298979992253,0.0 -50.5486648,-27.5298865992253,0.0 -50.548625,-27.5298763992253,0.0 -50.5485585,-27.5298568992253,0.0 -50.5485384,-27.5298482992253,0.0 -50.5485194,-27.5298382992253,0.0 -50.5484985,-27.5298251992253,0.0 -50.5484769,-27.5298093992253,0.0 -50.5484554,-27.5297917992253,0.0 -50.5484283,-27.5297671992253,0.0 -50.5484033,-27.5297419992254,0.0 -50.5483853,-27.5297218992253,0.0 -50.5483681,-27.5297010992253,0.0 -50.5483485,-27.5296748992253,0.0 -50.5483376,-27.5296579992253,0.0 -50.5483321,-27.5296477992253,0.0 -50.5483279,-27.5296378992253,0.0 -50.5483237,-27.5296229992253,0.0 -50.5483217,-27.5296078992253,0.0 -50.5483212,-27.5295931992253,0.0 -50.548322,-27.5295748992253,0.0 -50.5483246,-27.5295492992253,0.0 -50.5483264,-27.5295367992253,0.0 -50.5483292,-27.5295243992254,0.0 -50.548332,-27.5295162992253,0.0 -50.5483372,-27.5295044992254,0.0 -50.5483459,-27.5294905992253,0.0 -50.5483683,-27.5294632992253,0.0 -50.5483749,-27.5294523992253,0.0 -50.5483786,-27.5294442992254,0.0 -50.5483814,-27.5294353992254,0.0 -50.5483839,-27.5294212992254,0.0 -50.5483844,-27.5294074992253,0.0 -50.548383,-27.5293955992253,0.0 -50.5483808,-27.5293886992254,0.0 -50.5483774,-27.5293821992253,0.0 -50.5483724,-27.5293759992254,0.0 -50.5483657,-27.5293695992254,0.0 -50.5483528,-27.5293594992254,0.0 -50.5483124,-27.5293307992254,0.0 -50.5482941,-27.5293168992253,0.0 -50.548278,-27.5293030992253,0.0 -50.5482642,-27.5292893992253,0.0 -50.5482521,-27.5292752992253,0.0 -50.5482374,-27.5292553992254,0.0 -50.5482181,-27.5292263992254,0.0 -50.5482076,-27.5292083992254,0.0 -50.5482033,-27.5291992992254,0.0 -50.5481998,-27.5291899992253,0.0 -50.548196,-27.5291750992253,0.0 -50.5481939,-27.5291584992254,0.0 -50.5481937,-27.5291332992254,0.0 -50.5481953,-27.5291144992254,0.0 -50.5481985,-27.5290977992254,0.0 -50.5482048,-27.5290787992254,0.0 -50.5482131,-27.5290614992254,0.0 -50.5482209,-27.5290489992254,0.0 -50.5482272,-27.5290406992254,0.0 -50.5482345,-27.5290323992254,0.0 -50.548243,-27.5290241992254,0.0 -50.5482526,-27.5290160992254,0.0 -50.5482687,-27.5290038992254,0.0 -50.5482994,-27.5289839992254,0.0 -50.5483408,-27.5289597992254,0.0 -50.5483832,-27.5289368992254,0.0 -50.5484502,-27.5289031992254,0.0 -50.5486458,-27.5288067992254,0.0 -50.5486971,-27.5287803992254,0.0 -50.5487449,-27.5287542992254,0.0 -50.5487827,-27.5287315992254,0.0 -50.5487977,-27.5287214992254,0.0 -50.548817,-27.5287076992254,0.0 -50.5488335,-27.5286947992254,0.0 -50.5488472,-27.5286827992254,0.0 -50.5488581,-27.5286719992254,0.0 -50.5488637,-27.5286653992254,0.0 -50.5488715,-27.5286528992254,0.0 -50.5488759,-27.5286405992254,0.0 -50.548877,-27.5286344992254,0.0 -50.5488776,-27.5286256992254,0.0 -50.5488763,-27.5286118992254,0.0 -50.5488727,-27.5285975992254,0.0 -50.5488675,-27.5285817992254,0.0 -50.54883,-27.5284854992254,0.0 -50.5488228,-27.5284628992254,0.0 -50.5488185,-27.5284427992254,0.0 -50.5488151,-27.5284167992254,0.0 -50.548814,-27.5283961992254,0.0 -50.5488144,-27.5283750992254,0.0 -50.5488165,-27.5283536992254,0.0 -50.5488205,-27.5283328992254,0.0 -50.5488264,-27.5283131992254,0.0 -50.548834,-27.5282945992254,0.0 -50.5488434,-27.5282765992254,0.0 -50.5488578,-27.5282540992254,0.0 -50.5488712,-27.5282368992254,0.0 -50.5488856,-27.5282218992254,0.0 -50.5488974,-27.5282115992254,0.0 -50.5489155,-27.5281975992254,0.0 -50.548965,-27.5281631992254,0.0 -50.5489977,-27.5281424992254,0.0 -50.5490152,-27.5281325992254,0.0 -50.5490331,-27.5281233992254,0.0 -50.5490708,-27.5281060992254,0.0 -50.5492082,-27.5280464992254,0.0 -50.5492351,-27.5280359992254,0.0 -50.5492902,-27.5280159992254,0.0 -50.5493213,-27.5280039992254,0.0 -50.5493551,-27.5279899992254,0.0 -50.549381,-27.5279777992254,0.0 -50.5493894,-27.5279730992254,0.0 -50.5494005,-27.5279658992254,0.0 -50.549416,-27.5279531992254,0.0 -50.5494292,-27.5279392992254,0.0 -50.54944,-27.5279237992254,0.0 -50.5494485,-27.5279059992254,0.0 -50.5494571,-27.5278803992254,0.0 -50.5494622,-27.5278573992254,0.0 -50.5494645,-27.5278378992254,0.0 -50.5494649,-27.5278094992254,0.0 -50.5494621,-27.5277566992254,0.0 -50.5494583,-27.5277330992254,0.0 -50.5494525,-27.5277106992254,0.0 -50.5494417,-27.5276775992254,0.0 -50.5494281,-27.5276433992254,0.0 -50.5494162,-27.5276188992254,0.0 -50.549405,-27.5276003992254,0.0 -50.5493848,-27.5275721992254,0.0 -50.5493525,-27.5275316992254,0.0 -50.5493242,-27.5274982992254,0.0 -50.5492752,-27.5274430992254,0.0 -50.5492619,-27.5274272992254,0.0 -50.5492514,-27.5274124992254,0.0 -50.5492434,-27.5273980992254,0.0 -50.5492377,-27.5273837992254,0.0 -50.5492332,-27.5273650992254,0.0 -50.5492315,-27.5273503992254,0.0 -50.5492307,-27.5273288992254,0.0 -50.5492332,-27.5273199992254,0.0 -50.5492383,-27.5273114992254,0.0 -50.5492463,-27.5273031992254,0.0 -50.5492595,-27.5272932992254,0.0 -50.5492716,-27.5272857992254,0.0 -50.5492817,-27.5272804992254,0.0 -50.5492932,-27.5272755992254,0.0 -50.5493097,-27.5272699992254,0.0 -50.549322,-27.5272665992254,0.0 -50.5493375,-27.5272635992254,0.0 -50.5493662,-27.5272607992254,0.0 -50.5493863,-27.5272596992254,0.0 -50.5494461,-27.5272575992254,0.0 -50.5495641,-27.5272560992254,0.0 -50.5496354,-27.5272562992254,0.0 -50.549802,-27.5272583992254,0.0 -50.549937,-27.5272591992254,0.0 -50.5500119,-27.5272588992254,0.0 -50.5500636,-27.5272574992254,0.0 -50.5501076,-27.5272552992254,0.0 -50.5501635,-27.5272516992254,0.0 -50.5501893,-27.5272493992254,0.0 -50.550206,-27.5272472992254,0.0 -50.5502238,-27.5272442992254,0.0 -50.5502527,-27.5272380992254,0.0 -50.550282,-27.5272302992254,0.0 -50.5503004,-27.5272243992254,0.0 -50.5503174,-27.5272182992254,0.0 -50.5503332,-27.5272116992254,0.0 -50.5503478,-27.5272046992254,0.0 -50.5503615,-27.5271972992254,0.0 -50.5503744,-27.5271894992254,0.0 -50.5503928,-27.5271768992254,0.0 -50.5504294,-27.5271483992254,0.0 -50.5504622,-27.5271196992254,0.0 -50.5505032,-27.5270807992254,0.0 -50.550538,-27.5270456992254,0.0 -50.5505984,-27.5269820992254,0.0 -50.5506335,-27.5269475992254,0.0 -50.5506732,-27.5269119992254,0.0 -50.5506946,-27.5268941992254,0.0 -50.5507169,-27.5268767992254,0.0 -50.5507399,-27.5268596992254,0.0 -50.5507755,-27.5268344992254,0.0 -50.5508118,-27.5268098992254,0.0 -50.5508482,-27.5267861992254,0.0 -50.550884,-27.5267642992254,0.0 -50.5509074,-27.5267508992254,0.0 -50.5509301,-27.5267386992254,0.0 -50.5509625,-27.5267224992254,0.0 -50.5509926,-27.5267089992254,0.0 -50.551023,-27.5266975992254,0.0 -50.5510578,-27.5266870992254,0.0 -50.5511,-27.5266765992254,0.0 -50.5511472,-27.5266664992254,0.0 -50.5511957,-27.5266569992254,0.0 -50.5513918,-27.5266218992254,0.0 -50.5514332,-27.5266131992254,0.0 -50.5514706,-27.5266037992254,0.0 -50.5515197,-27.5265892992254,0.0 -50.5516426,-27.5265502992254,0.0 -50.5517704,-27.5265085992254,0.0 -50.5518651,-27.5264767992254,0.0 -50.5519576,-27.5264442992254,0.0 -50.5520275,-27.5264178992254,0.0 -50.5520854,-27.5263941992254,0.0 -50.5521353,-27.5263714992254,0.0 -50.5521634,-27.5263571992254,0.0 -50.5521821,-27.5263469992254,0.0 -50.5522273,-27.5263200992254,0.0 -50.5522505,-27.5263045992254,0.0 -50.5522637,-27.5262948992254,0.0 -50.5522758,-27.5262852992254,0.0 -50.5522928,-27.5262698992254,0.0 -50.5523216,-27.5262396992254,0.0 -50.552375,-27.5261787992254,0.0 -50.5523994,-27.5261476992254,0.0 -50.5524156,-27.5261232992254,0.0 -50.5524316,-27.5260951992254,0.0 -50.5524476,-27.5260632992254,0.0 -50.5524589,-27.5260380992254,0.0 -50.5524863,-27.5259729992254,0.0 -50.5525012,-27.5259409992254,0.0 -50.5525274,-27.5258889992254,0.0 -50.5525526,-27.5258418992254,0.0 -50.552576,-27.5258012992254,0.0 -50.5526018,-27.5257607992254,0.0 -50.552631,-27.5257190992254,0.0 -50.5526545,-27.5256887992254,0.0 -50.5526794,-27.5256595992254,0.0 -50.5527076,-27.5256284992254,0.0 -50.5527305,-27.5256048992254,0.0 -50.5527482,-27.5255881992254,0.0 -50.552788,-27.5255534992254,0.0 -50.5528466,-27.5255043992254,0.0 -50.5529924,-27.5253870992254,0.0 -50.5530222,-27.5253600992254,0.0 -50.5530369,-27.5253451992254,0.0 -50.5530624,-27.5253178992254,0.0 -50.5531136,-27.5252602992254,0.0 -50.553252,-27.5251006992254,0.0 -50.5533381,-27.5249991992254,0.0 -50.5535459,-27.5247459992254,0.0 -50.5535957,-27.5246788992254,0.0 -50.5536676,-27.5245917992254,0.0 -50.5536987,-27.5245531992254,0.0 -50.5537346,-27.5245059992254,0.0 -50.5538987,-27.5242818992254,0.0 -50.554006,-27.5241326992254,0.0 -50.5540421,-27.5240789992255,0.0 -50.5540993,-27.5239877992255,0.0 -50.5541088,-27.5239702992255,0.0 -50.5541203,-27.5239441992255,0.0 -50.5542122,-27.5237095992254,0.0 -50.5542319,-27.5236626992255,0.0 -50.554257,-27.5236076992255,0.0 -50.5542777,-27.5235663992255,0.0 -50.5542912,-27.5235438992255,0.0 -50.5542986,-27.5235336992255,0.0 -50.5543115,-27.5235176992255,0.0 -50.5543256,-27.5235016992255,0.0 -50.5543395,-27.5234872992255,0.0 -50.5543566,-27.5234717992255,0.0 -50.5543781,-27.5234559992255,0.0 -50.5544018,-27.5234421992255,0.0 -50.5544282,-27.5234293992255,0.0 -50.5544555,-27.5234180992255,0.0 -50.5544776,-27.5234104992255,0.0 -50.5545105,-27.5234008992255,0.0 -50.5545506,-27.5233911992255,0.0 -50.5545762,-27.5233861992255,0.0 -50.5546021,-27.5233819992255,0.0 -50.5546991,-27.5233694992255,0.0 -50.5547952,-27.5233552992255,0.0 -50.5548534,-27.5233473992255,0.0 -50.5549332,-27.5233378992255,0.0 -50.5551071,-27.5233200992255,0.0 -50.5551573,-27.5233138992255,0.0 -50.5551923,-27.5233083992255,0.0 -50.5552333,-27.5233007992255,0.0 -50.5552643,-27.5232938992255,0.0 -50.5552859,-27.5232880992255,0.0 -50.5553122,-27.5232789992255,0.0 -50.5553365,-27.5232677992255,0.0 -50.5553647,-27.5232514992255,0.0 -50.555396,-27.5232301992255,0.0 -50.5554149,-27.5232151992255,0.0 -50.5554364,-27.5231952992255,0.0 -50.5554624,-27.5231680992255,0.0 -50.5554807,-27.5231458992255,0.0 -50.5554994,-27.5231194992255,0.0 -50.555512,-27.5230989992255,0.0 -50.5555218,-27.5230800992255,0.0 -50.5555313,-27.5230569992255,0.0 -50.5555474,-27.5230077992255,0.0 -50.5555579,-27.5229698992255,0.0 -50.5555625,-27.5229445992255,0.0 -50.5555638,-27.5229317992255,0.0 -50.5555645,-27.5229121992255,0.0 -50.555563,-27.5228725992255,0.0 -50.555561,-27.5228524992255,0.0 -50.555558,-27.5228316992255,0.0 -50.555552,-27.5228015992255,0.0 -50.5555438,-27.5227657992255,0.0 -50.5555285,-27.5227020992255,0.0 -50.5555052,-27.5226102992255,0.0 -50.5554921,-27.5225490992255,0.0 -50.5554805,-27.5224845992255,0.0 -50.5554563,-27.5223355992255,0.0 -50.555448,-27.5222800992255,0.0 -50.5554421,-27.5222313992255,0.0 -50.5554394,-27.5221950992255,0.0 -50.5554384,-27.5221599992255,0.0 -50.5554395,-27.5221273992255,0.0 -50.5554409,-27.5221131992255,0.0 -50.5554429,-27.5221008992255,0.0 -50.5554471,-27.5220855992255,0.0 -50.5554506,-27.5220769992255,0.0 -50.5554546,-27.5220693992255,0.0 -50.5554592,-27.5220625992255,0.0 -50.5554643,-27.5220562992255,0.0 -50.5554769,-27.5220442992255,0.0 -50.5554884,-27.5220356992255,0.0 -50.5555015,-27.5220276992255,0.0 -50.5555159,-27.5220208992255,0.0 -50.5555323,-27.5220154992255,0.0 -50.5555516,-27.5220111992255,0.0 -50.5555744,-27.5220079992255,0.0 -50.5555992,-27.5220059992255,0.0 -50.555624,-27.5220055992255,0.0 -50.5556504,-27.5220068992255,0.0 -50.5556857,-27.5220103992255,0.0 -50.5558969,-27.5220352992255,0.0 -50.5559271,-27.5220397992255,0.0 -50.5560003,-27.5220549992255,0.0 -50.5560496,-27.5220631992255,0.0 -50.5561087,-27.5220705992255,0.0 -50.5561641,-27.5220760992255,0.0 -50.5561993,-27.5220788992255,0.0 -50.5562253,-27.5220799992255,0.0 -50.5562591,-27.5220796992255,0.0 -50.5562899,-27.5220779992255,0.0 -50.5563106,-27.5220756992255,0.0 -50.5563307,-27.5220720992255,0.0 -50.5563516,-27.5220666992255,0.0 -50.5563725,-27.5220598992255,0.0 -50.5563973,-27.5220502992255,0.0 -50.5564124,-27.5220432992255,0.0 -50.5564253,-27.5220355992255,0.0 -50.5564372,-27.5220262992255,0.0 -50.5564484,-27.5220149992255,0.0 -50.556459,-27.5220018992255,0.0 -50.5564721,-27.5219819992255,0.0 -50.5564831,-27.5219615992255,0.0 -50.5564915,-27.5219424992255,0.0 -50.5564982,-27.5219227992255,0.0 -50.5565043,-27.5218998992255,0.0 -50.5565592,-27.5216622992255,0.0 -50.556594,-27.5215330992255,0.0 -50.5566013,-27.5215080992255,0.0 -50.5566123,-27.5214764992255,0.0 -50.5566238,-27.5214478992255,0.0 -50.5566349,-27.5214231992255,0.0 -50.5566487,-27.5213967992255,0.0 -50.5566608,-27.5213769992255,0.0 -50.5566772,-27.5213546992255,0.0 -50.556693,-27.5213355992255,0.0 -50.556717,-27.5213093992255,0.0 -50.5567356,-27.5212911992255,0.0 -50.5567482,-27.5212799992255,0.0 -50.5567611,-27.5212695992255,0.0 -50.5567811,-27.5212555992255,0.0 -50.5568013,-27.5212432992255,0.0 -50.5568208,-27.5212331992255,0.0 -50.5568388,-27.5212251992255,0.0 -50.5568559,-27.5212191992255,0.0 -50.5568729,-27.5212149992255,0.0 -50.5568906,-27.5212122992255,0.0 -50.5569095,-27.5212108992255,0.0 -50.55693,-27.5212102992255,0.0 -50.5569517,-27.5212104992255,0.0 -50.5569803,-27.5212115992255,0.0 -50.5570082,-27.5212139992255,0.0 -50.5570307,-27.5212168992255,0.0 -50.5570646,-27.5212225992255,0.0 -50.557128,-27.5212343992255,0.0 -50.5572275,-27.5212543992255,0.0 -50.5572548,-27.5212581992255,0.0 -50.5572729,-27.5212588992255,0.0 -50.5572892,-27.5212573992255,0.0 -50.5573037,-27.5212537992255,0.0 -50.5573163,-27.5212480992255,0.0 -50.5573271,-27.5212405992255,0.0 -50.5573333,-27.5212346992255,0.0 -50.5573386,-27.5212281992255,0.0 -50.5573431,-27.5212212992255,0.0 -50.5573466,-27.5212138992255,0.0 -50.5573505,-27.5211999992255,0.0 -50.5573522,-27.5211872992255,0.0 -50.5573537,-27.5211610992255,0.0 -50.557355,-27.5210549992255,0.0 -50.5573573,-27.5210024992255,0.0 -50.557359,-27.5209859992255,0.0 -50.5573613,-27.5209720992255,0.0 -50.5573642,-27.5209604992255,0.0 -50.55737,-27.5209464992255,0.0 -50.5573748,-27.5209387992255,0.0 -50.5573805,-27.5209318992255,0.0 -50.5573985,-27.5209139992255,0.0 -50.5574166,-27.5208980992255,0.0 -50.5574266,-27.5208903992255,0.0 -50.5574371,-27.5208833992255,0.0 -50.5574593,-27.5208707992255,0.0 -50.5574955,-27.5208527992255,0.0 -50.5575203,-27.5208426992255,0.0 -50.5575384,-27.5208373992255,0.0 -50.5575503,-27.5208349992255,0.0 -50.5575622,-27.5208332992255,0.0 -50.5575863,-27.5208319992255,0.0 -50.5576153,-27.5208332992255,0.0 -50.5576413,-27.5208369992255,0.0 -50.5576747,-27.5208441992255,0.0 -50.5577074,-27.5208529992255,0.0 -50.5578413,-27.5208952992255,0.0 -50.5578764,-27.5209051992255,0.0 -50.5578986,-27.5209106992255,0.0 -50.5579307,-27.5209174992255,0.0 -50.5579623,-27.5209227992255,0.0 -50.5579932,-27.5209268992255,0.0 -50.5580557,-27.5209339992255,0.0 -50.5580725,-27.5209347992255,0.0 -50.55809,-27.5209335992255,0.0 -50.5581141,-27.5209294992255,0.0 -50.5581354,-27.5209241992255,0.0 -50.5581488,-27.5209194992255,0.0 -50.5581607,-27.5209132992255,0.0 -50.5581718,-27.5209047992255,0.0 -50.5581786,-27.5208972992255,0.0 -50.5581847,-27.5208880992255,0.0 -50.5581874,-27.5208827992255,0.0 -50.5581921,-27.5208704992255,0.0 -50.5581974,-27.5208497992255,0.0 -50.5582007,-27.5208287992255,0.0 -50.5582023,-27.5208095992255,0.0 -50.5582027,-27.5207808992255,0.0 -50.5582008,-27.5207455992255,0.0 -50.5581982,-27.5207156992255,0.0 -50.5581951,-27.5206920992255,0.0 -50.5581922,-27.5206763992255,0.0 -50.5581885,-27.5206611992255,0.0 -50.5581813,-27.5206397992255,0.0 -50.5581727,-27.5206200992255,0.0 -50.5581634,-27.5206018992255,0.0 -50.5581535,-27.5205849992255,0.0 -50.5581425,-27.5205693992255,0.0 -50.5581344,-27.5205596992255,0.0 -50.5581255,-27.5205505992255,0.0 -50.558116,-27.5205420992255,0.0 -50.5581058,-27.5205339992255,0.0 -50.5580839,-27.5205192992255,0.0 -50.5580589,-27.5205058992255,0.0 -50.5580446,-27.5204993992255,0.0 -50.5580192,-27.5204888992255,0.0 -50.5579033,-27.5204448992255,0.0 -50.5578524,-27.5204247992255,0.0 -50.5578135,-27.5204078992255,0.0 -50.5577882,-27.5203945992255,0.0 -50.557772,-27.5203835992255,0.0 -50.5577643,-27.5203767992255,0.0 -50.5577581,-27.5203700992255,0.0 -50.5577367,-27.5203416992255,0.0 -50.5577295,-27.5203299992255,0.0 -50.5577257,-27.5203221992255,0.0 -50.5577228,-27.5203141992255,0.0 -50.5577199,-27.5203019992255,0.0 -50.5577157,-27.5202766992255,0.0 -50.5577132,-27.5202559992255,0.0 -50.5577125,-27.5202355992255,0.0 -50.5577147,-27.5202154992255,0.0 -50.5577224,-27.5201814992255,0.0 -50.5577365,-27.5201349992255,0.0 -50.557753,-27.5200885992255,0.0 -50.5577928,-27.5199853992255,0.0 -50.5578034,-27.5199531992255,0.0 -50.5578085,-27.5199343992255,0.0 -50.5578133,-27.5199095992255,0.0 -50.5578153,-27.5198875992255,0.0 -50.5578149,-27.5198575992255,0.0 -50.5578141,-27.5198436992255,0.0 -50.5578126,-27.5198315992255,0.0 -50.5578083,-27.5198154992255,0.0 -50.5577995,-27.5197932992255,0.0 -50.5576614,-27.5194714992255,0.0 -50.5576408,-27.5194248992255,0.0 -50.5576225,-27.5193881992255,0.0 -50.5575996,-27.5193485992255,0.0 -50.5575793,-27.5193186992255,0.0 -50.5575624,-27.5192980992255,0.0 -50.5575438,-27.5192786992255,0.0 -50.5575231,-27.5192591992255,0.0 -50.557469,-27.5192093992255,0.0 -50.5574361,-27.5191808992255,0.0 -50.5574186,-27.5191676992255,0.0 -50.5573993,-27.5191543992255,0.0 -50.5573702,-27.5191358992255,0.0 -50.5573394,-27.5191175992255,0.0 -50.5573252,-27.5191104992255,0.0 -50.5573101,-27.5191051992255,0.0 -50.5572912,-27.5191005992255,0.0 -50.5572635,-27.5190954992255,0.0 -50.5572387,-27.5190920992255,0.0 -50.5572221,-27.5190910992255,0.0 -50.5572059,-27.5190915992255,0.0 -50.5571891,-27.5190937992255,0.0 -50.5571718,-27.5190976992255,0.0 -50.5571542,-27.5191032992255,0.0 -50.5571369,-27.5191103992255,0.0 -50.5571262,-27.5191158992255,0.0 -50.5571164,-27.5191217992255,0.0 -50.5571036,-27.5191317992255,0.0 -50.5570959,-27.5191392992255,0.0 -50.557085,-27.5191520992255,0.0 -50.5570777,-27.5191619992255,0.0 -50.5570666,-27.5191789992255,0.0 -50.5570465,-27.5192146992255,0.0 -50.5570286,-27.5192503992255,0.0 -50.5569896,-27.5193339992255,0.0 -50.5569749,-27.5193616992255,0.0 -50.5569654,-27.5193773992255,0.0 -50.5569515,-27.5193972992255,0.0 -50.5569382,-27.5194126992255,0.0 -50.5569293,-27.5194208992255,0.0 -50.5569152,-27.5194306992255,0.0 -50.556905,-27.5194359992255,0.0 -50.556894,-27.5194406992255,0.0 -50.5568709,-27.5194480992255,0.0 -50.5568539,-27.5194523992255,0.0 -50.5568426,-27.5194544992255,0.0 -50.5568252,-27.5194561992255,0.0 -50.5568063,-27.5194556992255,0.0 -50.5567855,-27.5194531992255,0.0 -50.5567502,-27.5194482992255,0.0 -50.5566956,-27.5194377992255,0.0 -50.5566703,-27.5194299992255,0.0 -50.5566303,-27.5194107992255,0.0 -50.5566186,-27.5194028992255,0.0 -50.5566052,-27.5193947992255,0.0 -50.5565986,-27.5193900992255,0.0 -50.5565859,-27.5193795992255,0.0 -50.5565799,-27.5193737992255,0.0 -50.5565686,-27.5193613992255,0.0 -50.5565635,-27.5193547992255,0.0 -50.5565544,-27.5193410992255,0.0 -50.5565504,-27.5193338992255,0.0 -50.5565436,-27.5193189992255,0.0 -50.5565379,-27.5193033992255,0.0 -50.5565333,-27.5192869992255,0.0 -50.5565294,-27.5192696992255,0.0 -50.5565263,-27.5192518992255,0.0 -50.5565239,-27.5192334992255,0.0 -50.5565215,-27.5192055992255,0.0 -50.5565206,-27.5191692992255,0.0 -50.5565215,-27.5191449992255,0.0 -50.5565229,-27.5191307992255,0.0 -50.5565249,-27.5191182992255,0.0 -50.5565289,-27.5191013992255,0.0 -50.5565323,-27.5190908992255,0.0 -50.5565384,-27.5190753992255,0.0 -50.5565495,-27.5190530992256,0.0 -50.5565643,-27.5190275992255,0.0 -50.556581,-27.5190023992255,0.0 -50.5565939,-27.5189861992256,0.0 -50.5566033,-27.5189766992256,0.0 -50.556614,-27.5189680992255,0.0 -50.5566266,-27.5189601992255,0.0 -50.5566486,-27.5189495992255,0.0 -50.5566808,-27.5189376992255,0.0 -50.5567049,-27.5189304992255,0.0 -50.5567216,-27.5189260992255,0.0 -50.5567594,-27.5189178992256,0.0 -50.5568417,-27.5189020992255,0.0 -50.556892,-27.5188911992255,0.0 -50.5569633,-27.5188735992256,0.0 -50.5570485,-27.5188504992255,0.0 -50.557091,-27.5188377992256,0.0 -50.5571242,-27.5188264992255,0.0 -50.5571584,-27.5188127992256,0.0 -50.5571922,-27.5187963992256,0.0 -50.5572136,-27.5187837992255,0.0 -50.5572338,-27.5187696992256,0.0 -50.5572434,-27.5187621992255,0.0 -50.5572618,-27.5187461992256,0.0 -50.5572787,-27.5187288992256,0.0 -50.5572944,-27.5187103992256,0.0 -50.5573086,-27.5186909992256,0.0 -50.5573214,-27.5186710992256,0.0 -50.5573381,-27.5186408992256,0.0 -50.5573474,-27.5186210992256,0.0 -50.5573551,-27.5186014992255,0.0 -50.557361,-27.5185823992256,0.0 -50.5573651,-27.5185636992256,0.0 -50.5573672,-27.5185455992256,0.0 -50.5573677,-27.5185279992256,0.0 -50.5573667,-27.5185110992256,0.0 -50.5573644,-27.5184948992256,0.0 -50.5573609,-27.5184789992256,0.0 -50.5573532,-27.5184547992256,0.0 -50.5573465,-27.5184375992256,0.0 -50.5573175,-27.5183685992256,0.0 -50.5573042,-27.5183340992256,0.0 -50.5572891,-27.5182916992256,0.0 -50.5572654,-27.5182197992256,0.0 -50.5572446,-27.5181495992256,0.0 -50.5572344,-27.5181087992256,0.0 -50.5572303,-27.5180899992256,0.0 -50.5572237,-27.5180536992256,0.0 -50.5572164,-27.5179977992256,0.0 -50.5572124,-27.5179563992256,0.0 -50.5572091,-27.5179128992256,0.0 -50.5572066,-27.5178490992256,0.0 -50.5572069,-27.5178107992256,0.0 -50.5572077,-27.5177933992256,0.0 -50.5572105,-27.5177614992256,0.0 -50.5572171,-27.5177195992256,0.0 -50.5572201,-27.5177004992256,0.0 -50.5572291,-27.5176704992256,0.0 -50.5572367,-27.5176482992256,0.0 -50.5572411,-27.5176377992256,0.0 -50.5572509,-27.5176181992256,0.0 -50.5572565,-27.5176089992256,0.0 -50.5572629,-27.5175999992256,0.0 -50.5572703,-27.5175909992256,0.0 -50.5572893,-27.5175717992256,0.0 -50.5573015,-27.5175611992256,0.0 -50.5573158,-27.5175495992256,0.0 -50.557352,-27.5175222992256,0.0 -50.557423,-27.5174721992256,0.0 -50.5575915,-27.5173570992256,0.0 -50.5576498,-27.5173161992256,0.0 -50.5577107,-27.5172713992256,0.0 -50.5577432,-27.5172460992256,0.0 -50.5578102,-27.5171924992256,0.0 -50.5578809,-27.5171326992256,0.0 -50.5579826,-27.5170427992256,0.0 -50.5580404,-27.5169897992256,0.0 -50.5580861,-27.5169464992256,0.0 -50.5581217,-27.5169105992256,0.0 -50.5581368,-27.5168941992256,0.0 -50.5581638,-27.5168623992256,0.0 -50.5581893,-27.5168285992256,0.0 -50.5582021,-27.5168102992256,0.0 -50.5582277,-27.5167708992256,0.0 -50.5582405,-27.5167496992256,0.0 -50.558266,-27.5167045992256,0.0 -50.5582912,-27.5166556992256,0.0 -50.5583159,-27.5166036992256,0.0 -50.5584225,-27.5163664992256,0.0 -50.5584569,-27.5162930992256,0.0 -50.5584915,-27.5162220992256,0.0 -50.5585156,-27.5161758992256,0.0 -50.5585414,-27.5161301992256,0.0 -50.5585698,-27.5160847992256,0.0 -50.5586014,-27.5160396992256,0.0 -50.5586183,-27.5160172992256,0.0 -50.5586536,-27.5159734992256,0.0 -50.5586907,-27.5159311992256,0.0 -50.5587288,-27.5158912992256,0.0 -50.5587674,-27.5158536992256,0.0 -50.558806,-27.5158181992256,0.0 -50.5588444,-27.5157846992256,0.0 -50.5589199,-27.5157205992256,0.0 -50.5589591,-27.5156852992256,0.0 -50.5590014,-27.5156434992256,0.0 -50.5590242,-27.5156191992256,0.0 -50.5590732,-27.5155633992256,0.0 -50.5591241,-27.5155015992256,0.0 -50.5591735,-27.5154393992256,0.0 -50.5592884,-27.5152915992256,0.0 -50.5593207,-27.5152535992256,0.0 -50.5593562,-27.5152160992256,0.0 -50.559398,-27.5151764992256,0.0 -50.5595584,-27.5150388992256,0.0 -50.5595859,-27.5150136992256,0.0 -50.559735,-27.5148841992256,0.0 -50.5598122,-27.5148184992256,0.0 -50.5598557,-27.5147830992256,0.0 -50.5598951,-27.5147523992256,0.0 -50.5599331,-27.5147243992256,0.0 -50.5600345,-27.5146534992256,0.0 -50.5600791,-27.5146212992256,0.0 -50.5601261,-27.5145851992256,0.0 -50.5601506,-27.5145652992256,0.0 -50.5602019,-27.5145217992256,0.0 -50.5603522,-27.5143904992256,0.0 -50.5605417,-27.5142278992256,0.0 -50.5606244,-27.5141560992256,0.0 -50.5607083,-27.5140814992256,0.0 -50.5607907,-27.5140059992256,0.0 -50.5608681,-27.5139323992256,0.0 -50.5609038,-27.5138973992256,0.0 -50.5609368,-27.5138638992256,0.0 -50.5609669,-27.5138323992256,0.0 -50.5609936,-27.5138031992256,0.0 -50.5610171,-27.5137758992256,0.0 -50.561038,-27.5137502992256,0.0 -50.5610565,-27.5137260992256,0.0 -50.5610732,-27.5137027992257,0.0 -50.5610882,-27.5136800992256,0.0 -50.5611152,-27.5136352992256,0.0 -50.5611407,-27.5135885992256,0.0 -50.5612012,-27.5134742992256,0.0 -50.561243,-27.5133985992256,0.0 -50.5613566,-27.5132024992256,0.0 -50.5614203,-27.5130908992257,0.0 -50.5614517,-27.5130339992257,0.0 -50.5614821,-27.5129771992257,0.0 -50.561511,-27.5129210992257,0.0 -50.5615382,-27.5128662992257,0.0 -50.561587,-27.5127624992257,0.0 -50.5616085,-27.5127144992257,0.0 -50.5616453,-27.5126286992257,0.0 -50.561684,-27.5125313992257,0.0 -50.5617181,-27.5124387992257,0.0 -50.5617356,-27.5123927992257,0.0 -50.5618172,-27.5121956992257,0.0 -50.5618274,-27.5121697992257,0.0 -50.5618439,-27.5121244992257,0.0 -50.5618504,-27.5121047992257,0.0 -50.5618604,-27.5120703992257,0.0 -50.5618698,-27.5120286992257,0.0 -50.5618737,-27.5120053992257,0.0 -50.5618762,-27.5119853992257,0.0 -50.5618778,-27.5119610992257,0.0 -50.5618774,-27.5119433992257,0.0 -50.5618752,-27.5119303992257,0.0 -50.5618707,-27.5119189992257,0.0 -50.5618639,-27.5119067992257,0.0 -50.5618413,-27.5118707992257,0.0 -50.5618332,-27.5118544992257,0.0 -50.561828,-27.5118410992257,0.0 -50.561823,-27.5118249992257,0.0 -50.5618156,-27.5117965992257,0.0 -50.5618031,-27.5117416992257,0.0 -50.5617932,-27.5116946992257,0.0 -50.5617868,-27.5116596992257,0.0 -50.561782,-27.5116268992257,0.0 -50.5617787,-27.5115988992257,0.0 -50.5617769,-27.5115729992257,0.0 -50.5617774,-27.5115599992257,0.0 -50.5617801,-27.5115446992257,0.0 -50.561785,-27.5115286992257,0.0 -50.561792,-27.5115132992257,0.0 -50.5618017,-27.5114986992257,0.0 -50.561811,-27.5114877992257,0.0 -50.5618259,-27.5114732992257,0.0 -50.5618453,-27.5114568992257,0.0 -50.5618607,-27.5114459992257,0.0 -50.5618731,-27.5114392992257,0.0 -50.5618864,-27.5114337992257,0.0 -50.5619005,-27.5114296992257,0.0 -50.5619101,-27.5114278992257,0.0 -50.5619197,-27.5114267992257,0.0 -50.5619398,-27.5114266992257,0.0 -50.561956,-27.5114282992257,0.0 -50.5620222,-27.5114385992257,0.0 -50.5620609,-27.5114433992257,0.0 -50.5620997,-27.5114458992257,0.0 -50.5621183,-27.5114459992257,0.0 -50.5621364,-27.5114451992257,0.0 -50.5621537,-27.5114434992257,0.0 -50.5621702,-27.5114408992257,0.0 -50.5621858,-27.5114375992257,0.0 -50.5622072,-27.5114317992257,0.0 -50.56222,-27.5114274992257,0.0 -50.5622376,-27.5114203992257,0.0 -50.5622538,-27.5114124992257,0.0 -50.5622642,-27.5114065992257,0.0 -50.5622746,-27.5113997992257,0.0 -50.562285,-27.5113917992257,0.0 -50.5622956,-27.5113822992257,0.0 -50.5623064,-27.5113708992257,0.0 -50.5623298,-27.5113427992257,0.0 -50.5623642,-27.5112976992257,0.0 -50.5623887,-27.5112629992257,0.0 -50.5624069,-27.5112349992257,0.0 -50.5624731,-27.5111261992257,0.0 -50.5625,-27.5110838992257,0.0 -50.5625381,-27.5109928992257,0.0 -50.5625916,-27.5108391992257,0.0 -50.562639,-27.5106894992257,0.0 -50.5626622,-27.5105619992257,0.0 -50.562673,-27.5103976992257,0.0 -50.5626788,-27.5101987992257,0.0 -50.5626717,-27.5100984992257,0.0 -50.5626393,-27.5099694992257,0.0 -50.562574,-27.5098577992257,0.0 -50.5625,-27.5097490992257,0.0 -50.5624423,-27.5097149992257,0.0 -50.5623348,-27.5096468992257,0.0 -50.5622611,-27.5096253992257,0.0 -50.5621843,-27.5096157992257,0.0 -50.5621237,-27.5096017992257,0.0 -50.5620384,-27.5095826992257,0.0 -50.5619253,-27.5095470992257,0.0 -50.5617724,-27.5095104992257,0.0 -50.5616378,-27.5094619992257,0.0 -50.5616055,-27.5094378992257,0.0 -50.5615645,-27.5093720992257,0.0 -50.5615414,-27.5092983992257,0.0 -50.5615453,-27.5092262992257,0.0 -50.5615942,-27.5091335992257,0.0 -50.5616788,-27.5090825992257,0.0 -50.5618552,-27.5090318992257,0.0 -50.5621789,-27.5089752992257,0.0 -50.5625,-27.5089266992257,0.0 -50.5625315,-27.5089111992257,0.0 -50.5625502,-27.5088843992257,0.0 -50.5625612,-27.5088422992257,0.0 -50.5625614,-27.5087892992257,0.0 -50.5625539,-27.5087250992257,0.0 -50.5625355,-27.5086764992257,0.0 -50.5625155,-27.5086330992257,0.0 -50.5625,-27.5086080992257,0.0 -50.5623083,-27.5084835992257,0.0 -50.5622631,-27.5084338992257,0.0 -50.5622511,-27.5083529992257,0.0 -50.5622596,-27.5082831992257,0.0 -50.5623239,-27.5081878992257,0.0 -50.5624067,-27.5081036992257,0.0 -50.5625,-27.5080268992258,0.0 -50.5625246,-27.5079985992258,0.0 -50.5625451,-27.5079660992258,0.0 -50.5625586,-27.5079205992258,0.0 -50.5625621,-27.5078693992258,0.0 -50.5625603,-27.5078271992258,0.0 -50.5625533,-27.5077967992258,0.0 -50.5625402,-27.5077764992258,0.0 -50.5625,-27.5077573992258,0.0 -50.562424,-27.5077301992258,0.0 -50.5623221,-27.5076911992258,0.0 -50.5622398,-27.5076569992258,0.0 -50.562186,-27.5076340992258,0.0 -50.5621247,-27.5076026992258,0.0 -50.5620729,-27.5075688992258,0.0 -50.5619945,-27.5075017992258,0.0 -50.5618618,-27.5073843992258,0.0 -50.5617421,-27.5072633992258,0.0 -50.5616895,-27.5071958992258,0.0 -50.5616407,-27.5071157992258,0.0 -50.5615758,-27.5069863992258,0.0 -50.561545,-27.5069071992258,0.0 -50.5614843,-27.5067239992258,0.0 -50.561433,-27.5065264992258,0.0 -50.5614088,-27.5064216992258,0.0 -50.5613697,-27.5062717992258,0.0 -50.5613381,-27.5061512992258,0.0 -50.5613118,-27.5060843992258,0.0 -50.5612997,-27.5060497992258,0.0 -50.5612313,-27.5059123992258,0.0 -50.5611486,-27.5057744992258,0.0 -50.5610426,-27.5055640992258,0.0 -50.5609873,-27.5054570992258,0.0 -50.5609404,-27.5053861992258,0.0 -50.5608952,-27.5053313992258,0.0 -50.5608356,-27.5052503992258,0.0 -50.5607586,-27.5051493992258,0.0 -50.5606911,-27.5050618992258,0.0 -50.5606452,-27.5049961992258,0.0 -50.5605806,-27.5048912992258,0.0 -50.560516,-27.5047939992258,0.0 -50.5604638,-27.5047079992258,0.0 -50.5604304,-27.5046466992258,0.0 -50.5604076,-27.5045813992258,0.0 -50.5604001,-27.5045439992258,0.0 -50.5604009,-27.5044918992258,0.0 -50.5604029,-27.5044315992258,0.0 -50.5604114,-27.5043674992258,0.0 -50.5604264,-27.5043174992258,0.0 -50.5604544,-27.5042515992258,0.0 -50.5604854,-27.5041848992258,0.0 -50.5605193,-27.5041281992258,0.0 -50.560564,-27.5040423992258,0.0 -50.5606247,-27.5039424992258,0.0 -50.5606581,-27.5038843992258,0.0 -50.5606926,-27.5038402992258,0.0 -50.5607553,-27.5037915992258,0.0 -50.5607876,-27.5037717992258,0.0 -50.56085,-27.5037334992258,0.0 -50.5609538,-27.5036845992258,0.0 -50.5610307,-27.5036532992258,0.0 -50.5611105,-27.5036261992258,0.0 -50.5613425,-27.5035826992258,0.0 -50.5614376,-27.5035666992258,0.0 -50.5615209,-27.5035579992258,0.0 -50.5616219,-27.5035587992258,0.0 -50.5617314,-27.5035728992258,0.0 -50.5618175,-27.5035941992258,0.0 -50.5619726,-27.5036351992258,0.0 -50.5621195,-27.5036688992258,0.0 -50.5622161,-27.5036908992258,0.0 -50.5622922,-27.5037084992258,0.0 -50.5623818,-27.5037329992258,0.0 -50.5624426,-27.5037541992258,0.0 -50.5625,-27.5037760992258,0.0 -50.5625024,-27.5037771992258,0.0 -50.5626782,-27.5038624992258,0.0 -50.5627822,-27.5039137992258,0.0 -50.562846,-27.5039464992258,0.0 -50.5629603,-27.5040075992258,0.0 -50.5630018,-27.5040290992258,0.0 -50.5630614,-27.5040582992258,0.0 -50.563161,-27.5041047992258,0.0 -50.5632161,-27.5041315992258,0.0 -50.5632743,-27.5041614992258,0.0 -50.5633543,-27.5042041992258,0.0 -50.5634701,-27.5042678992258,0.0 -50.5635204,-27.5042965992258,0.0 -50.5635642,-27.5043226992258,0.0 -50.5636319,-27.5043648992258,0.0 -50.5637677,-27.5044528992258,0.0 -50.5638488,-27.5045046992258,0.0 -50.5638932,-27.5045323992258,0.0 -50.5639404,-27.5045606992258,0.0 -50.56399,-27.5045888992258,0.0 -50.5640401,-27.5046156992258,0.0 -50.5640724,-27.5046319992258,0.0 -50.5641173,-27.5046531992258,0.0 -50.564158,-27.5046707992258,0.0 -50.5642089,-27.5046914992258,0.0 -50.5643175,-27.5047343992258,0.0 -50.5643673,-27.5047533992258,0.0 -50.5644043,-27.5047667992258,0.0 -50.5644446,-27.5047805992258,0.0 -50.5644882,-27.5047945992258,0.0 -50.5645576,-27.5048152992258,0.0 -50.5646285,-27.5048352992258,0.0 -50.5646971,-27.5048536992258,0.0 -50.5647607,-27.5048696992258,0.0 -50.5648168,-27.5048825992258,0.0 -50.5648641,-27.5048920992258,0.0 -50.5649149,-27.5049002992258,0.0 -50.5649549,-27.5049045992258,0.0 -50.5649903,-27.5049066992258,0.0 -50.5650268,-27.5049079992258,0.0 -50.5650542,-27.5049081992258,0.0 -50.5650717,-27.5049077992258,0.0 -50.5650972,-27.5049061992258,0.0 -50.5651543,-27.5048994992258,0.0 -50.5651904,-27.5048938992258,0.0 -50.5652186,-27.5048885992258,0.0 -50.5652684,-27.5048777992258,0.0 -50.5654466,-27.5048358992258,0.0 -50.565577,-27.5048084992258,0.0 -50.5656733,-27.5047895992258,0.0 -50.5657904,-27.5047675992258,0.0 -50.5660886,-27.5047140992258,0.0 -50.56617,-27.5046982992258,0.0 -50.5662452,-27.5046825992258,0.0 -50.566296,-27.5046711992258,0.0 -50.5663434,-27.5046595992258,0.0 -50.5663891,-27.5046470992258,0.0 -50.5664918,-27.5046174992258,0.0 -50.5665596,-27.5045998992258,0.0 -50.5666851,-27.5045703992258,0.0 -50.5668065,-27.5045439992258,0.0 -50.5669136,-27.5045226992258,0.0 -50.5669929,-27.5045084992258,0.0 -50.5670811,-27.5044946992258,0.0 -50.5671714,-27.5044825992258,0.0 -50.5672543,-27.5044734992258,0.0 -50.5673128,-27.5044689992258,0.0 -50.5673719,-27.5044663992258,0.0 -50.5674564,-27.5044652992258,0.0 -50.5675994,-27.5044659992258,0.0 -50.5677274,-27.5044677992258,0.0 -50.568094,-27.5044793992258,0.0 -50.5682216,-27.5044823992258,0.0 -50.5683329,-27.5044843992258,0.0 -50.5683956,-27.5044846992258,0.0 -50.5684305,-27.5044840992258,0.0 -50.5684665,-27.5044818992258,0.0 -50.5684932,-27.5044783992258,0.0 -50.5685085,-27.5044749992258,0.0 -50.5685253,-27.5044693992258,0.0 -50.568545,-27.5044610992258,0.0 -50.5685645,-27.5044508992258,0.0 -50.5685831,-27.5044387992258,0.0 -50.5686232,-27.5044093992258,0.0 -50.5686527,-27.5043901992258,0.0 -50.5687423,-27.5043356992258,0.0 -50.5689216,-27.5042239992258,0.0 -50.5689625,-27.5041998992258,0.0 -50.568999,-27.5041803992258,0.0 -50.5690214,-27.5041697992258,0.0 -50.569043,-27.5041604992258,0.0 -50.5690643,-27.5041520992258,0.0 -50.5690877,-27.5041438992258,0.0 -50.5691456,-27.5041267992258,0.0 -50.5693289,-27.5040971992258,0.0 -50.5692247,-27.5040733992258,0.0 -50.5691175,-27.5040474992258,0.0 -50.5690077,-27.5040196992258,0.0 -50.5688964,-27.5039900992258,0.0 -50.5687845,-27.5039589992258,0.0 -50.5686729,-27.5039265992258,0.0 -50.5685625,-27.5038931992258,0.0 -50.5684543,-27.5038588992258,0.0 -50.5683493,-27.5038238992258,0.0 -50.5682673,-27.5037951992258,0.0 -50.568248,-27.5037884992258,0.0 -50.5681504,-27.5037527992258,0.0 -50.5680559,-27.5037167992258,0.0 -50.567964,-27.5036804992258,0.0 -50.5678744,-27.5036441992258,0.0 -50.5676998,-27.5035712992258,0.0 -50.5673597,-27.5034267992258,0.0 -50.5671942,-27.5033552992258,0.0 -50.5670336,-27.5032841992258,0.0 -50.5669556,-27.5032487992258,0.0 -50.5668044,-27.5031780992258,0.0 -50.5666575,-27.5031070992258,0.0 -50.5665123,-27.5030350992258,0.0 -50.5662922,-27.5029237992258,0.0 -50.5661428,-27.5028471992259,0.0 -50.5659944,-27.5027691992258,0.0 -50.5658498,-27.5026905992259,0.0 -50.5657798,-27.5026511992259,0.0 -50.5657117,-27.5026118992259,0.0 -50.5656451,-27.5025725992259,0.0 -50.5652421,-27.5023274992259,0.0 -50.5651688,-27.5022838992259,0.0 -50.5650156,-27.5021944992259,0.0 -50.5648563,-27.5021033992259,0.0 -50.5646944,-27.5020121992259,0.0 -50.5643747,-27.5018347992259,0.0 -50.5638379,-27.5015401992259,0.0 -50.5636036,-27.5014129992259,0.0 -50.563434,-27.5013230992259,0.0 -50.5633431,-27.5012757992259,0.0 -50.5630439,-27.5011224992259,0.0 -50.5629377,-27.5010674992259,0.0 -50.5628294,-27.5010104992259,0.0 -50.5627199,-27.5009514992259,0.0 -50.5626098,-27.5008904992259,0.0 -50.5625,-27.5008275992259,0.0 -50.5622609,-27.5007193992259,0.0 -50.5611103,-27.5000002992259,0.0 -50.5608409,-27.4998689992259,0.0 -50.560486,-27.4996714992259,0.0 -50.5601344,-27.4994504992259,0.0 -50.5598077,-27.4992259992259,0.0 -50.5596935,-27.4991393992259,0.0 -50.5594967,-27.4989904992259,0.0 -50.5592272,-27.4987476992259,0.0 -50.5589454,-27.4984791992259,0.0 -50.5586078,-27.4981281992259,0.0 -50.5582727,-27.497733699226,0.0 -50.5580275,-27.497449799226,0.0 -50.5580011,-27.4974191992259,0.0 -50.5576293,-27.497066299226,0.0 -50.5571409,-27.496618499226,0.0 -50.5566364,-27.496238499226,0.0 -50.5563092,-27.496043899226,0.0 -50.5556951,-27.495686199226,0.0 -50.5552625,-27.495440699226,0.0 -50.5549587,-27.495248699226,0.0 -50.5546167,-27.494955799226,0.0 -50.5542258,-27.494608899226,0.0 -50.553833,-27.494329999226,0.0 -50.5529141,-27.493734899226,0.0 -50.5525044,-27.493460299226,0.0 -50.5520736,-27.493100899226,0.0 -50.5516817,-27.4926393992261,0.0 -50.551259,-27.4922435992261,0.0 -50.5509546,-27.4920142992261,0.0 -50.5508405,-27.4919371992261,0.0 -50.5503953,-27.4917065992261,0.0 -50.5498016,-27.4913731992261,0.0 -50.5494246,-27.4911753992261,0.0 -50.5491181,-27.4910285992261,0.0 -50.5486641,-27.4907855992261,0.0 -50.5480568,-27.4904296992261,0.0 -50.547525,-27.4900959992261,0.0 -50.546904,-27.4896505992261,0.0 -50.546344,-27.4891904992261,0.0 -50.5458947,-27.4887775992261,0.0 -50.545346,-27.4881347992261,0.0 -50.5449057,-27.4876472992261,0.0 -50.5444771,-27.4872276992261,0.0 -50.5439087,-27.4866463992262,0.0 -50.5435091,-27.4861138992262,0.0 -50.5431986,-27.4855530992262,0.0 -50.5429723,-27.4852319992262,0.0 -50.5427989,-27.4850757992262,0.0 -50.5425183,-27.4848815992262,0.0 -50.5422863,-27.4847784992262,0.0 -50.541954,-27.4847074992262,0.0 -50.5415937,-27.4846864992262,0.0 -50.541043,-27.4847445992262,0.0 -50.5403801,-27.4847795992262,0.0 -50.5396743,-27.4848500992262,0.0 -50.5389283,-27.4849196992262,0.0 -50.5376474,-27.4851073992262,0.0 -50.5373365,-27.4851348992262,0.0 -50.5365419,-27.4852158992262,0.0 -50.5357962,-27.4852373992262,0.0 -50.5350876,-27.4852953992262,0.0 -50.5346218,-27.4853722992262,0.0 -50.5341199,-27.4855059992262,0.0 -50.5336113,-27.4857180992262,0.0 -50.5331103,-27.4859224992262,0.0 -50.5326542,-27.4861816992262,0.0 -50.5322468,-27.4864744992262,0.0 -50.5318286,-27.4868602992261,0.0 -50.5314361,-27.4872736992261,0.0 -50.5311683,-27.4876010992261,0.0 -50.5309998,-27.4878069992261,0.0 -50.530689,-27.4881861992261,0.0 -50.5303058,-27.4887636992261,0.0 -50.5301535,-27.4889846992261,0.0 -50.5299077,-27.4893813992261,0.0 -50.5296292,-27.4897251992261,0.0 -50.5291415,-27.4901997992261,0.0 -50.5285793,-27.4906462992261,0.0 -50.5282266,-27.4909484992261,0.0 -50.527777,-27.4912920992261,0.0 -50.5274074,-27.4915710992261,0.0 -50.5271946,-27.4917103992261,0.0 -50.527019,-27.4917561992261,0.0 -50.5268154,-27.4917608992261,0.0 -50.5266162,-27.4917125992261,0.0 -50.5264009,-27.4916477992261,0.0 -50.5261947,-27.4915509992261,0.0 -50.5260694,-27.4914384992261,0.0 -50.5253741,-27.4908173992261,0.0 -50.5248736,-27.4903008992261,0.0 -50.5245579,-27.4899463992261,0.0 -50.5243905,-27.4897236992261,0.0 -50.5240392,-27.4892909992261,0.0 -50.5237262,-27.4889240992261,0.0 -50.5235166,-27.4886907992261,0.0 -50.5233302,-27.4885151992261,0.0 -50.5230686,-27.4882985992261,0.0 -50.5228039,-27.4881014992261,0.0 -50.5225686,-27.4879255992261,0.0 -50.5223825,-27.4877399992261,0.0 -50.5222429,-27.4875323992261,0.0 -50.5221581,-27.4873261992261,0.0 -50.5221285,-27.4871117992261,0.0 -50.5221468,-27.4868746992261,0.0 -50.5222264,-27.4864630992262,0.0 -50.5224088,-27.4855960992262,0.0 -50.5226057,-27.4849439992262,0.0 -50.5226939,-27.4845732992262,0.0 -50.522747,-27.4842811992262,0.0 -50.5228424,-27.4837802992262,0.0 -50.5229266,-27.4834318992262,0.0 -50.5230191,-27.4828747992262,0.0 -50.5231475,-27.4822586992262,0.0 -50.5233321,-27.4816788992262,0.0 -50.5234571,-27.4812829992263,0.0 -50.523679,-27.4806419992263,0.0 -50.5238104,-27.4803363992263,0.0 -50.5240134,-27.4798235992263,0.0 -50.5241955,-27.4793545992263,0.0 -50.5243239,-27.4789942992263,0.0 -50.5243821,-27.4786317992263,0.0 -50.5243841,-27.4782070992263,0.0 -50.5243389,-27.4776586992263,0.0 -50.5243054,-27.4773276992263,0.0 -50.524274,-27.4770476992263,0.0 -50.5242054,-27.4768729992263,0.0 -50.5240707,-27.4766292992263,0.0 -50.5239453,-27.4763910992264,0.0 -50.523898,-27.4761407992263,0.0 -50.5238989,-27.4759073992264,0.0 -50.5240505,-27.4753546992264,0.0 -50.5242517,-27.4750317992264,0.0 -50.5245893,-27.4746367992264,0.0 -50.5248884,-27.4743121992264,0.0 -50.5250203,-27.4741842992264,0.0 -50.5252606,-27.4740428992264,0.0 -50.5255144,-27.4739590992264,0.0 -50.5261945,-27.4738278992264,0.0 -50.5271468,-27.4737146992264,0.0 -50.5278331,-27.4736001992264,0.0 -50.5285789,-27.4735386992264,0.0 -50.5292046,-27.4734410992264,0.0 -50.530209,-27.4733270992264,0.0 -50.5309191,-27.4732253992264,0.0 -50.5326941,-27.4727709992264,0.0 -50.5331684,-27.4726163992264,0.0 -50.5334612,-27.4725076992264,0.0 -50.5338583,-27.4723272992264,0.0 -50.5340977,-27.4721766992264,0.0 -50.5343787,-27.4719336992264,0.0 -50.5345584,-27.4716588992264,0.0 -50.5346281,-27.4713912992264,0.0 -50.5346383,-27.4711442992265,0.0 -50.53457,-27.4708484992265,0.0 -50.5344752,-27.4705798992265,0.0 -50.5341455,-27.4697355992265,0.0 -50.5339255,-27.4691682992265,0.0 -50.5335844,-27.4686772992265,0.0 -50.5331373,-27.4682113992265,0.0 -50.5323042,-27.4676721992265,0.0 -50.531818,-27.4673306992265,0.0 -50.5311046,-27.4668604992265,0.0 -50.530674,-27.4666125992265,0.0 -50.5300818,-27.4662526992265,0.0 -50.5293633,-27.4657619992266,0.0 -50.5291389,-27.4655934992266,0.0 -50.528673,-27.4652435992266,0.0 -50.5278848,-27.4647559992266,0.0 -50.5271024,-27.4643453992266,0.0 -50.5268048,-27.4641737992266,0.0 -50.5262226,-27.4638791992266,0.0 -50.5258385,-27.4636576992266,0.0 -50.5252907,-27.4633555992266,0.0 -50.5249018,-27.4631266992266,0.0 -50.5240127,-27.4626847992266,0.0 -50.5232976,-27.4623044992266,0.0 -50.5227957,-27.4620545992266,0.0 -50.522301,-27.4617874992266,0.0 -50.5215034,-27.4613727992266,0.0 -50.5209193,-27.4610287992266,0.0 -50.5204086,-27.4607226992266,0.0 -50.5198796,-27.4605127992267,0.0 -50.5194292,-27.4601650992266,0.0 -50.519389,-27.4601418992267,0.0 -50.5189543,-27.4598911992267,0.0 -50.5185154,-27.4596254992267,0.0 -50.5180303,-27.4592994992267,0.0 -50.5178598,-27.4591648992267,0.0 -50.5174185,-27.4588126992267,0.0 -50.5171788,-27.4586619992267,0.0 -50.5166759,-27.4583360992267,0.0 -50.5161508,-27.4579021992267,0.0 -50.5157966,-27.4576647992267,0.0 -50.5153136,-27.4574195992267,0.0 -50.5145966,-27.4571456992267,0.0 -50.5140041,-27.4569557992267,0.0 -50.5134889,-27.4569330992267,0.0 -50.5129558,-27.4569736992267,0.0 -50.512362,-27.4570759992267,0.0 -50.51176,-27.4572617992267,0.0 -50.5109024,-27.4573851992267,0.0 -50.5106323,-27.4574033992267,0.0 -50.5100938,-27.4573666992267,0.0 -50.5095863,-27.4573649992267,0.0 -50.5092217,-27.4574135992267,0.0 -50.5087267,-27.4575497992267,0.0 -50.5081873,-27.4577148992267,0.0 -50.5075108,-27.4579694992267,0.0 -50.5072457,-27.4580817992267,0.0 -50.5068852,-27.4583471992267,0.0 -50.5066537,-27.4585300992267,0.0 -50.5064644,-27.4587293992267,0.0 -50.5061955,-27.4589309992267,0.0 -50.5058555,-27.4591709992267,0.0 -50.505563,-27.4593870992267,0.0 -50.5054328,-27.4595406992267,0.0 -50.5053369,-27.4597084992267,0.0 -50.5052792,-27.4599030992267,0.0 -50.5052656,-27.4601179992267,0.0 -50.505271,-27.4601399992267,0.0 -50.5053376,-27.4604113992266,0.0 -50.5054773,-27.4607145992266,0.0 -50.5059554,-27.4615106992266,0.0 -50.5061931,-27.4619547992266,0.0 -50.5063279,-27.4622064992266,0.0 -50.5066356,-27.4626597992266,0.0 -50.5069053,-27.4630456992266,0.0 -50.5071075,-27.4633487992266,0.0 -50.5076359,-27.4639692992266,0.0 -50.5078626,-27.4643110992266,0.0 -50.5079141,-27.4644223992266,0.0 -50.5080088,-27.4648154992266,0.0 -50.5079975,-27.4650358992266,0.0 -50.5079102,-27.4652379992266,0.0 -50.507831,-27.4653690992266,0.0 -50.5076222,-27.4655515992266,0.0 -50.5074531,-27.4656880992266,0.0 -50.5072104,-27.4658116992266,0.0 -50.506819,-27.4659691992265,0.0 -50.5063059,-27.4661922992265,0.0 -50.5058941,-27.4663589992265,0.0 -50.5050833,-27.4665139992265,0.0 -50.5050004,-27.4665270992265,0.0 -50.5047335,-27.4665638992265,0.0 -50.5043754,-27.4666285992265,0.0 -50.5040236,-27.4666657992265,0.0 -50.5032978,-27.4667353992265,0.0 -50.5025941,-27.4668318992265,0.0 -50.5022808,-27.4668660992265,0.0 -50.5015449,-27.4669380992265,0.0 -50.5011685,-27.4669532992265,0.0 -50.5008786,-27.4669576992265,0.0 -50.500601,-27.4669511992265,0.0 -50.5002556,-27.4669499992265,0.0 -50.5,-27.4669271992265,0.0 -50.4998943,-27.4669161992265,0.0 -50.4997943,-27.4669006992265,0.0 -50.4997893,-27.4668874992265,0.0 -50.4996438,-27.4668701992265,0.0 -50.4995768,-27.4668617992265,0.0 -50.499519,-27.4668520992265,0.0 -50.4994687,-27.4668410992265,0.0 -50.4994139,-27.4668326992265,0.0 -50.4993561,-27.4668256992265,0.0 -50.4992622,-27.4668006992265,0.0 -50.4991725,-27.4667785992265,0.0 -50.4991238,-27.4667634992265,0.0 -50.4990797,-27.4667469992265,0.0 -50.499002,-27.4667250992265,0.0 -50.4989605,-27.4667058992265,0.0 -50.4988804,-27.4666695992265,0.0 -50.4988081,-27.4666374992265,0.0 -50.4987678,-27.4666188992265,0.0 -50.4987444,-27.4666054992265,0.0 -50.4986656,-27.4665643992265,0.0 -50.4985794,-27.4665218992265,0.0 -50.4985081,-27.4664858992265,0.0 -50.4984801,-27.4664709992265,0.0 -50.4984277,-27.4664438992265,0.0 -50.498346,-27.4664055992265,0.0 -50.4983102,-27.4663884992265,0.0 -50.4982514,-27.4663604992265,0.0 -50.4981604,-27.4663224992265,0.0 -50.4980925,-27.4662953992265,0.0 -50.4980741,-27.4662894992265,0.0 -50.4980242,-27.4662691992265,0.0 -50.4979672,-27.4662436992265,0.0 -50.4979391,-27.4662294992265,0.0 -50.4979129,-27.4662128992265,0.0 -50.4978509,-27.4661774992265,0.0 -50.4977793,-27.4661386992265,0.0 -50.4977167,-27.4661041992265,0.0 -50.4976808,-27.4660843992265,0.0 -50.4976394,-27.4660581992265,0.0 -50.497556,-27.4660228992265,0.0 -50.4974807,-27.4659883992266,0.0 -50.4973989,-27.4659533992265,0.0 -50.4973391,-27.4659269992265,0.0 -50.4973068,-27.4659129992265,0.0 -50.4972275,-27.4658821992265,0.0 -50.4971441,-27.4658491992265,0.0 -50.4970664,-27.4658181992265,0.0 -50.4970119,-27.4657962992265,0.0 -50.4969883,-27.4657867992266,0.0 -50.4969316,-27.4657634992265,0.0 -50.496858,-27.4657293992266,0.0 -50.4967749,-27.4656885992265,0.0 -50.4967039,-27.4656568992266,0.0 -50.4966748,-27.4656441992265,0.0 -50.4966134,-27.4656166992266,0.0 -50.4965503,-27.4655878992265,0.0 -50.4965081,-27.4655666992266,0.0 -50.4964531,-27.4655360992266,0.0 -50.4963753,-27.4655063992266,0.0 -50.4963115,-27.4654812992265,0.0 -50.4962461,-27.4654524992266,0.0 -50.4961979,-27.4654313992266,0.0 -50.4961785,-27.4654223992266,0.0 -50.4961019,-27.4653892992266,0.0 -50.4960106,-27.4653502992266,0.0 -50.4959248,-27.4653158992266,0.0 -50.4958596,-27.4652905992266,0.0 -50.4958208,-27.4652770992266,0.0 -50.4957713,-27.4652619992266,0.0 -50.4957048,-27.4652415992266,0.0 -50.4956359,-27.4652192992266,0.0 -50.495579,-27.4652027992266,0.0 -50.4955435,-27.4651922992266,0.0 -50.4955391,-27.4651909992266,0.0 -50.4954937,-27.4651715992266,0.0 -50.4954128,-27.4651401992266,0.0 -50.4953592,-27.4651197992266,0.0 -50.4953226,-27.4651040992266,0.0 -50.4953052,-27.4650973992266,0.0 -50.4952725,-27.4650842992266,0.0 -50.4952156,-27.4650610992266,0.0 -50.4951536,-27.4650355992266,0.0 -50.4951089,-27.4650186992266,0.0 -50.4950846,-27.4650084992266,0.0 -50.4950644,-27.4650004992266,0.0 -50.495015,-27.4649823992266,0.0 -50.4949691,-27.4649635992266,0.0 -50.4949279,-27.4649460992266,0.0 -50.4948882,-27.4649269992266,0.0 -50.494844,-27.4649070992266,0.0 -50.4948044,-27.4648898992266,0.0 -50.4947792,-27.4648801992266,0.0 -50.4947607,-27.4648701992266,0.0 -50.4947401,-27.4648591992266,0.0 -50.4947098,-27.4648317992266,0.0 -50.4946239,-27.4647865992266,0.0 -50.4945882,-27.4647666992266,0.0 -50.4945693,-27.4647557992266,0.0 -50.4945511,-27.4647435992266,0.0 -50.4945433,-27.4647386992266,0.0 -50.4944943,-27.4647041992266,0.0 -50.4944014,-27.4646527992266,0.0 -50.4943319,-27.4646205992266,0.0 -50.4943261,-27.4646179992266,0.0 -50.4943108,-27.4646083992266,0.0 -50.4942523,-27.4645742992266,0.0 -50.4942073,-27.4645486992266,0.0 -50.4941789,-27.4645314992266,0.0 -50.4941422,-27.4645095992266,0.0 -50.4940992,-27.4644900992266,0.0 -50.4940633,-27.4644730992266,0.0 -50.4940126,-27.4644486992266,0.0 -50.4939852,-27.4644342992266,0.0 -50.4939705,-27.4644230992266,0.0 -50.4939542,-27.4644062992266,0.0 -50.4939107,-27.4643645992266,0.0 -50.4938634,-27.4643203992266,0.0 -50.4938221,-27.4642842992266,0.0 -50.4937616,-27.4642395992266,0.0 -50.4937147,-27.4642081992266,0.0 -50.493673,-27.4641789992266,0.0 -50.493653,-27.4641662992266,0.0 -50.4936274,-27.4641462992266,0.0 -50.4935737,-27.4641096992266,0.0 -50.4935317,-27.4640816992266,0.0 -50.4934947,-27.4640572992266,0.0 -50.4934647,-27.4640372992266,0.0 -50.4934282,-27.4640129992266,0.0 -50.4933849,-27.4639877992266,0.0 -50.4933444,-27.4639667992266,0.0 -50.4933168,-27.4639521992266,0.0 -50.4932974,-27.4639408992266,0.0 -50.4932774,-27.4639275992266,0.0 -50.4932398,-27.4639007992266,0.0 -50.4931977,-27.4638744992266,0.0 -50.4931808,-27.4638642992266,0.0 -50.4931569,-27.4638471992266,0.0 -50.4931182,-27.4638200992266,0.0 -50.4930892,-27.4637996992266,0.0 -50.493074,-27.4637886992266,0.0 -50.4930682,-27.4637838992266,0.0 -50.4930583,-27.4637749992266,0.0 -50.4930432,-27.4637607992266,0.0 -50.4930229,-27.4637411992266,0.0 -50.4930038,-27.4637227992266,0.0 -50.4929845,-27.4637033992266,0.0 -50.4929635,-27.4636828992266,0.0 -50.4929427,-27.4636617992266,0.0 -50.4929089,-27.4636323992266,0.0 -50.4928767,-27.4636061992266,0.0 -50.4928598,-27.4635919992266,0.0 -50.4928406,-27.4635738992266,0.0 -50.4928139,-27.4635499992266,0.0 -50.4927972,-27.4635353992266,0.0 -50.4927755,-27.4635146992266,0.0 -50.4927319,-27.4634759992266,0.0 -50.4926907,-27.4634452992266,0.0 -50.4926664,-27.4634267992266,0.0 -50.4926439,-27.4634088992266,0.0 -50.4926325,-27.4633997992266,0.0 -50.4926208,-27.4633885992266,0.0 -50.4925793,-27.4633557992266,0.0 -50.4925489,-27.4633327992266,0.0 -50.4925288,-27.4633170992266,0.0 -50.4925108,-27.4632983992266,0.0 -50.4924954,-27.4632824992266,0.0 -50.4924862,-27.4632729992266,0.0 -50.4924755,-27.4632603992266,0.0 -50.4924691,-27.4632521992266,0.0 -50.4924502,-27.4632212992266,0.0 -50.4923828,-27.4631391992266,0.0 -50.4923312,-27.4630752992266,0.0 -50.4922928,-27.4630289992266,0.0 -50.4922843,-27.4630174992266,0.0 -50.4922375,-27.4629509992266,0.0 -50.4921851,-27.4628805992266,0.0 -50.4921446,-27.4628274992266,0.0 -50.4921039,-27.4627742992266,0.0 -50.4920249,-27.4626919992266,0.0 -50.4919628,-27.4626276992266,0.0 -50.4919131,-27.4625752992266,0.0 -50.4918744,-27.4625342992266,0.0 -50.4918217,-27.4624871992266,0.0 -50.4917701,-27.4624404992266,0.0 -50.4917347,-27.4624054992266,0.0 -50.4917234,-27.4623775992266,0.0 -50.4916024,-27.4622672992266,0.0 -50.4915321,-27.4622139992266,0.0 -50.4914873,-27.4621808992266,0.0 -50.4914639,-27.4621622992266,0.0 -50.491444,-27.4621438992266,0.0 -50.4914228,-27.4621234992266,0.0 -50.4914041,-27.4620961992266,0.0 -50.4913386,-27.4620292992266,0.0 -50.4912967,-27.4619837992266,0.0 -50.4912695,-27.4619528992266,0.0 -50.4912432,-27.4619189992266,0.0 -50.4911726,-27.4618517992266,0.0 -50.4910971,-27.4617917992266,0.0 -50.4910517,-27.4617628992266,0.0 -50.4910332,-27.4617427992266,0.0 -50.4910246,-27.4617330992266,0.0 -50.4910183,-27.4617248992266,0.0 -50.4909709,-27.4616681992266,0.0 -50.4909223,-27.4616068992266,0.0 -50.4908885,-27.4615609992266,0.0 -50.490866,-27.4615247992266,0.0 -50.4908073,-27.4614383992266,0.0 -50.4907452,-27.4613510992266,0.0 -50.4907025,-27.4612869992266,0.0 -50.4906902,-27.4612666992266,0.0 -50.4906807,-27.4612438992266,0.0 -50.4906164,-27.4611436992266,0.0 -50.490544,-27.4610506992266,0.0 -50.4904858,-27.4609801992266,0.0 -50.4904445,-27.4609309992266,0.0 -50.4904187,-27.4608959992266,0.0 -50.4903725,-27.4608437992266,0.0 -50.4903414,-27.4608078992266,0.0 -50.4903097,-27.4606458992266,0.0 -50.4902497,-27.4605260992266,0.0 -50.4901745,-27.4604289992267,0.0 -50.4901063,-27.4603740992267,0.0 -50.4900977,-27.4603672992267,0.0 -50.4900552,-27.4603032992267,0.0 -50.4900175,-27.4602421992267,0.0 -50.4900051,-27.4602198992267,0.0 -50.4900004,-27.4602071992267,0.0 -50.4899665,-27.4601407992267,0.0 -50.4899527,-27.4601134992267,0.0 -50.4898908,-27.4600096992267,0.0 -50.4898234,-27.4599191992267,0.0 -50.4897714,-27.4598602992267,0.0 -50.4896774,-27.4597330992267,0.0 -50.4895502,-27.4595787992267,0.0 -50.4894524,-27.4594761992267,0.0 -50.4892808,-27.4593232992267,0.0 -50.489183,-27.4592326992267,0.0 -50.4890586,-27.4591287992267,0.0 -50.4889033,-27.4590113992267,0.0 -50.4888508,-27.4589764992267,0.0 -50.4888036,-27.4589497992267,0.0 -50.4887698,-27.4589319992267,0.0 -50.4887458,-27.4589188992267,0.0 -50.4887082,-27.4588968992267,0.0 -50.4886445,-27.4588621992267,0.0 -50.4885245,-27.4588171992267,0.0 -50.4884162,-27.4587801992267,0.0 -50.4883215,-27.4587486992267,0.0 -50.4882388,-27.4587209992267,0.0 -50.4881654,-27.4586975992267,0.0 -50.4880755,-27.4586785992267,0.0 -50.4879705,-27.4586559992267,0.0 -50.4878499,-27.4586331992267,0.0 -50.4877464,-27.4586158992267,0.0 -50.4876479,-27.4585979992267,0.0 -50.4875633,-27.4585904992267,0.0 -50.4874869,-27.4585884992267,0.0 -50.4874019,-27.4585826992267,0.0 -50.4872961,-27.4585796992267,0.0 -50.4871956,-27.4585818992267,0.0 -50.4871119,-27.4585878992267,0.0 -50.4870478,-27.4585952992267,0.0 -50.4869497,-27.4586132992267,0.0 -50.4868622,-27.4586325992267,0.0 -50.4868221,-27.4586433992267,0.0 -50.4867755,-27.4586485992267,0.0 -50.4866942,-27.4586791992267,0.0 -50.4866809,-27.4586842992267,0.0 -50.4866688,-27.4586870992267,0.0 -50.4866388,-27.4586938992267,0.0 -50.4864589,-27.4587354992267,0.0 -50.4864156,-27.4587512992267,0.0 -50.4863294,-27.4587834992267,0.0 -50.4862862,-27.4588031992267,0.0 -50.4862651,-27.4588132992267,0.0 -50.4862565,-27.4588171992267,0.0 -50.4862233,-27.4588323992267,0.0 -50.4861136,-27.4588942992267,0.0 -50.4860852,-27.4589104992267,0.0 -50.4860149,-27.4589502992267,0.0 -50.4858963,-27.4590173992267,0.0 -50.4857584,-27.4591264992267,0.0 -50.4856978,-27.4591741992267,0.0 -50.4856346,-27.4592241992267,0.0 -50.4855432,-27.4593142992267,0.0 -50.4854885,-27.4593934992267,0.0 -50.4854474,-27.4594529992267,0.0 -50.4853927,-27.4595517992267,0.0 -50.4853231,-27.4597301992267,0.0 -50.4852848,-27.4599324992267,0.0 -50.4852841,-27.4599898992267,0.0 -50.4852832,-27.4600318992267,0.0 -50.4852806,-27.4601921992267,0.0 -50.4852818,-27.4602210992266,0.0 -50.4852827,-27.4602430992267,0.0 -50.4852835,-27.4602649992267,0.0 -50.4852847,-27.4602943992267,0.0 -50.4852866,-27.4603327992267,0.0 -50.4853001,-27.4604192992267,0.0 -50.4853363,-27.4605253992267,0.0 -50.4853578,-27.4605698992267,0.0 -50.4854303,-27.4607214992266,0.0 -50.4854385,-27.4607382992266,0.0 -50.4854435,-27.4607489992266,0.0 -50.4854514,-27.4607692992266,0.0 -50.4854631,-27.4607994992266,0.0 -50.4854712,-27.4608197992266,0.0 -50.4854765,-27.4608337992266,0.0 -50.4855591,-27.4610466992266,0.0 -50.4856205,-27.4612036992266,0.0 -50.4856254,-27.4612164992266,0.0 -50.4856275,-27.4612219992266,0.0 -50.4856284,-27.4612310992266,0.0 -50.4856302,-27.4612521992266,0.0 -50.485632,-27.4612759992266,0.0 -50.4856337,-27.4612993992266,0.0 -50.4856261,-27.4614627992266,0.0 -50.4856188,-27.4616169992266,0.0 -50.4856205,-27.4616627992266,0.0 -50.4856223,-27.4617069992266,0.0 -50.4856239,-27.4617475992266,0.0 -50.4856252,-27.4617796992266,0.0 -50.4856261,-27.4618045992266,0.0 -50.4856273,-27.4618385992266,0.0 -50.4856443,-27.4619813992266,0.0 -50.4856695,-27.4620894992266,0.0 -50.4856831,-27.4621303992266,0.0 -50.4856922,-27.4621568992266,0.0 -50.4857027,-27.4621884992266,0.0 -50.4857204,-27.4622405992266,0.0 -50.4858079,-27.4624221992266,0.0 -50.4858547,-27.4625188992266,0.0 -50.4859007,-27.4626419992266,0.0 -50.4859195,-27.4627398992266,0.0 -50.4859117,-27.4628185992266,0.0 -50.4858947,-27.4628617992266,0.0 -50.4858344,-27.4629360992266,0.0 -50.4853704,-27.4633209992266,0.0 -50.4852492,-27.4634053992266,0.0 -50.4851599,-27.4634677992266,0.0 -50.4851351,-27.4634875992266,0.0 -50.4850826,-27.4635303992266,0.0 -50.4850792,-27.4635317992266,0.0 -50.4849406,-27.4635957992266,0.0 -50.4845298,-27.4638545992266,0.0 -50.4844417,-27.4639101992266,0.0 -50.4843476,-27.4639775992266,0.0 -50.4843113,-27.4640068992266,0.0 -50.4841564,-27.4641324992266,0.0 -50.4840985,-27.4641694992266,0.0 -50.4838859,-27.4643055992266,0.0 -50.4838177,-27.4643607992266,0.0 -50.4836706,-27.4644798992266,0.0 -50.483553,-27.4645923992266,0.0 -50.4835316,-27.4646124992266,0.0 -50.4835014,-27.4646358992266,0.0 -50.4833064,-27.4647867992266,0.0 -50.4832819,-27.4648097992266,0.0 -50.4831144,-27.4649683992266,0.0 -50.4831016,-27.4649806992266,0.0 -50.4830621,-27.4650176992266,0.0 -50.4830497,-27.4650270992266,0.0 -50.483028,-27.4650431992266,0.0 -50.4830018,-27.4650630992266,0.0 -50.4829851,-27.4650756992266,0.0 -50.4829775,-27.4650814992266,0.0 -50.4829754,-27.4650829992266,0.0 -50.4829702,-27.4650857992266,0.0 -50.4829416,-27.4650997992266,0.0 -50.4829288,-27.4651057992266,0.0 -50.4827834,-27.4651580992266,0.0 -50.4827305,-27.4651766992266,0.0 -50.4826764,-27.4651959992266,0.0 -50.4826589,-27.4652023992266,0.0 -50.4826241,-27.4652101992266,0.0 -50.4825739,-27.4652213992266,0.0 -50.4823072,-27.4652813992266,0.0 -50.4821536,-27.4653020992266,0.0 -50.4821106,-27.4653111992266,0.0 -50.482069,-27.4653202992266,0.0 -50.4819551,-27.4653449992265,0.0 -50.4817493,-27.4653564992266,0.0 -50.4817177,-27.4653584992266,0.0 -50.4815656,-27.4653816992266,0.0 -50.4815386,-27.4653858992266,0.0 -50.4815113,-27.4653900992266,0.0 -50.4814968,-27.4653907992266,0.0 -50.4813291,-27.4653993992266,0.0 -50.4812635,-27.4654095992266,0.0 -50.48122,-27.4654164992266,0.0 -50.4811732,-27.4654238992266,0.0 -50.4811602,-27.4654255992265,0.0 -50.4811411,-27.4654267992266,0.0 -50.4811163,-27.4654280992265,0.0 -50.4810956,-27.4654292992266,0.0 -50.4810721,-27.4654303992266,0.0 -50.4807638,-27.4654462992266,0.0 -50.4807138,-27.4654485992266,0.0 -50.4806438,-27.4654522992265,0.0 -50.4803063,-27.4654898992266,0.0 -50.4800553,-27.4655544992265,0.0 -50.4799821,-27.4655734992265,0.0 -50.479951,-27.4655813992266,0.0 -50.4798967,-27.4655928992266,0.0 -50.4797984,-27.4656135992266,0.0 -50.479493,-27.4656776992266,0.0 -50.4794004,-27.4656971992266,0.0 -50.4792134,-27.4657505992265,0.0 -50.4792085,-27.4657519992266,0.0 -50.4791642,-27.4657603992265,0.0 -50.4790826,-27.4657763992265,0.0 -50.4789979,-27.4658007992265,0.0 -50.4789319,-27.4658260992265,0.0 -50.4786066,-27.4659517992265,0.0 -50.4784865,-27.4659981992266,0.0 -50.4780505,-27.4661663992265,0.0 -50.4772447,-27.4665361992265,0.0 -50.4771429,-27.4665787992265,0.0 -50.4770411,-27.4666213992265,0.0 -50.476957,-27.4666682992265,0.0 -50.4768531,-27.4667369992265,0.0 -50.4767647,-27.4667954992265,0.0 -50.476654,-27.4668686992265,0.0 -50.4764983,-27.4669938992265,0.0 -50.4762736,-27.4671742992265,0.0 -50.4761554,-27.4672576992265,0.0 -50.4760689,-27.4673187992265,0.0 -50.4759444,-27.4674165992265,0.0 -50.4757266,-27.4675661992265,0.0 -50.4756985,-27.4675885992265,0.0 -50.4755537,-27.4677036992265,0.0 -50.4753937,-27.4678113992265,0.0 -50.4752209,-27.4679089992265,0.0 -50.4751001,-27.4679514992265,0.0 -50.4748101,-27.4680732992265,0.0 -50.4744891,-27.4682164992265,0.0 -50.4744046,-27.4682541992265,0.0 -50.4743482,-27.4682794992265,0.0 -50.4740402,-27.4683958992265,0.0 -50.473789,-27.4684908992265,0.0 -50.4736061,-27.4685520992265,0.0 -50.4734492,-27.4685842992265,0.0 -50.4730951,-27.4686317992265,0.0 -50.4727605,-27.4686624992265,0.0 -50.4724067,-27.4686946992265,0.0 -50.4721988,-27.4687139992265,0.0 -50.471824,-27.4688018992265,0.0 -50.4715608,-27.4689427992265,0.0 -50.4715187,-27.4689723992265,0.0 -50.4713454,-27.4690940992265,0.0 -50.4712724,-27.4691449992265,0.0 -50.4712007,-27.4692040992265,0.0 -50.4710326,-27.4693423992265,0.0 -50.470895,-27.4694732992265,0.0 -50.4708347,-27.4695310992265,0.0 -50.4707789,-27.4695839992265,0.0 -50.470712,-27.4696534992265,0.0 -50.4706123,-27.4697570992265,0.0 -50.4704651,-27.4698865992265,0.0 -50.4704325,-27.4699210992265,0.0 -50.4702549,-27.4701081992265,0.0 -50.4701803,-27.4702054992265,0.0 -50.4700737,-27.4703276992265,0.0 -50.4700074,-27.4704039992265,0.0 -50.4699524,-27.4704773992265,0.0 -50.46992,-27.4705264992265,0.0 -50.4698858,-27.4705778992265,0.0 -50.4697913,-27.4707199992265,0.0 -50.4697543,-27.4707759992265,0.0 -50.4697339,-27.4708071992265,0.0 -50.4695715,-27.4710520992265,0.0 -50.469543,-27.4711084992264,0.0 -50.4694846,-27.4712771992264,0.0 -50.4694047,-27.4715075992264,0.0 -50.4693455,-27.4716788992264,0.0 -50.4693035,-27.4718454992264,0.0 -50.4692863,-27.4720461992264,0.0 -50.4692723,-27.4722097992264,0.0 -50.4692474,-27.4722963992264,0.0 -50.4691766,-27.4724682992264,0.0 -50.4691039,-27.4726971992264,0.0 -50.4689874,-27.4730640992264,0.0 -50.4688913,-27.4734468992264,0.0 -50.4688846,-27.4734826992264,0.0 -50.4688052,-27.4739235992264,0.0 -50.468783,-27.4741006992264,0.0 -50.4687754,-27.4741873992264,0.0 -50.4687841,-27.4743929992264,0.0 -50.4687825,-27.4744744992264,0.0 -50.4687806,-27.4745394992264,0.0 -50.4687705,-27.4750102992264,0.0 -50.4687885,-27.4751906992264,0.0 -50.468797,-27.4752764992264,0.0 -50.4688036,-27.4753458992264,0.0 -50.4688084,-27.4753927992264,0.0 -50.4688423,-27.4756365992264,0.0 -50.468854,-27.4757225992264,0.0 -50.4688625,-27.4759832992264,0.0 -50.4688646,-27.4760410992264,0.0 -50.4688836,-27.4761831992264,0.0 -50.4689226,-27.4764732992263,0.0 -50.4690445,-27.4769030992263,0.0 -50.4690782,-27.4769834992263,0.0 -50.4692213,-27.4773244992263,0.0 -50.4692953,-27.4774672992263,0.0 -50.4693743,-27.4776193992263,0.0 -50.4694214,-27.4777095992263,0.0 -50.4695476,-27.4778703992263,0.0 -50.4697454,-27.4780944992263,0.0 -50.4699197,-27.4782585992263,0.0 -50.470044,-27.4783753992263,0.0 -50.470063,-27.4783933992263,0.0 -50.4704328,-27.4787159992263,0.0 -50.4707826,-27.4789155992263,0.0 -50.4708618,-27.4789604992263,0.0 -50.4712327,-27.4791816992263,0.0 -50.4712856,-27.4792097992263,0.0 -50.4713739,-27.4792454992263,0.0 -50.4714514,-27.4792768992263,0.0 -50.4715349,-27.4793103992263,0.0 -50.4715907,-27.4793314992263,0.0 -50.4718742,-27.4794373992263,0.0 -50.4720279,-27.4794947992263,0.0 -50.472333,-27.4796089992263,0.0 -50.4725719,-27.4796552992263,0.0 -50.4725738,-27.4796555992263,0.0 -50.4729432,-27.4796940992263,0.0 -50.4731581,-27.4797166992263,0.0 -50.4734227,-27.4797324992263,0.0 -50.4736957,-27.4797334992263,0.0 -50.4739767,-27.4797787992263,0.0 -50.4741805,-27.4797948992263,0.0 -50.4745411,-27.4797986992263,0.0 -50.4749241,-27.4798028992263,0.0 -50.4751913,-27.4798191992263,0.0 -50.4753772,-27.4798303992263,0.0 -50.4755921,-27.4798363992263,0.0 -50.4759929,-27.4798689992263,0.0 -50.4764068,-27.4799190992263,0.0 -50.4765608,-27.4799379992263,0.0 -50.477149,-27.4799915992263,0.0 -50.4772369,-27.4799995992263,0.0 -50.4773649,-27.4800112992263,0.0 -50.4774818,-27.4800219992263,0.0 -50.4775892,-27.4800317992263,0.0 -50.477678,-27.4800372992263,0.0 -50.4777821,-27.4800436992263,0.0 -50.4778794,-27.4800492992263,0.0 -50.47798,-27.4800556992263,0.0 -50.4780694,-27.4800609992263,0.0 -50.4782336,-27.4800634992263,0.0 -50.4786422,-27.4800696992263,0.0 -50.4790367,-27.4800758992263,0.0 -50.4791068,-27.4800768992263,0.0 -50.479327,-27.4800659992263,0.0 -50.4795347,-27.4800554992263,0.0 -50.4796522,-27.4800451992263,0.0 -50.4797294,-27.4800383992263,0.0 -50.4798562,-27.4800272992263,0.0 -50.4800828,-27.4800247992263,0.0 -50.4801537,-27.4800236992263,0.0 -50.4802217,-27.4800231992263,0.0 -50.4803649,-27.4800213992263,0.0 -50.4804285,-27.4800205992263,0.0 -50.4807688,-27.4799843992263,0.0 -50.480858,-27.4799715992263,0.0 -50.4809515,-27.4799581992263,0.0 -50.4811732,-27.4799095992263,0.0 -50.4812645,-27.4798898992263,0.0 -50.4813478,-27.4798715992263,0.0 -50.4814657,-27.4798365992263,0.0 -50.48166,-27.4797786992263,0.0 -50.4818775,-27.4797141992263,0.0 -50.481982,-27.4796986992263,0.0 -50.4822021,-27.4796657992263,0.0 -50.4822956,-27.4796518992263,0.0 -50.4823302,-27.4796475992263,0.0 -50.4825915,-27.4796145992263,0.0 -50.4827973,-27.4795883992263,0.0 -50.4828052,-27.4795878992263,0.0 -50.4831001,-27.4795702992263,0.0 -50.4831582,-27.4795722992263,0.0 -50.4833295,-27.4795779992263,0.0 -50.4834099,-27.4795804992263,0.0 -50.4839195,-27.4795975992263,0.0 -50.4840149,-27.4796176992263,0.0 -50.4841011,-27.4796357992263,0.0 -50.4841895,-27.4796455992263,0.0 -50.4844131,-27.4796708992263,0.0 -50.4844724,-27.4796861992263,0.0 -50.484793,-27.4798110992263,0.0 -50.4848206,-27.4798189992263,0.0 -50.4848553,-27.4798290992263,0.0 -50.4849506,-27.4798566992263,0.0 -50.4851402,-27.4799115992263,0.0 -50.4854105,-27.4800168992263,0.0 -50.4858603,-27.4802055992263,0.0 -50.4859015,-27.4802229992263,0.0 -50.4860878,-27.4803008992263,0.0 -50.4861437,-27.4803241992263,0.0 -50.4862227,-27.4803686992263,0.0 -50.4864228,-27.4804816992263,0.0 -50.4864549,-27.4804993992263,0.0 -50.4864834,-27.4805155992263,0.0 -50.4865388,-27.4805386992263,0.0 -50.4865955,-27.4805618992263,0.0 -50.487117,-27.4807784992263,0.0 -50.4872302,-27.4808098992263,0.0 -50.4873506,-27.4808431992263,0.0 -50.4878228,-27.4809741992263,0.0 -50.4880739,-27.4810435992263,0.0 -50.4881338,-27.4810637992263,0.0 -50.4883021,-27.4811210992263,0.0 -50.4883362,-27.4811328992263,0.0 -50.4883527,-27.4811383992263,0.0 -50.4883591,-27.4811405992263,0.0 -50.4883711,-27.4811457992263,0.0 -50.48839,-27.4811538992263,0.0 -50.4884005,-27.4811582992263,0.0 -50.488411,-27.4811633992263,0.0 -50.4884246,-27.4811694992263,0.0 -50.4884772,-27.4811927992263,0.0 -50.4884882,-27.4811974992263,0.0 -50.488512,-27.4812079992263,0.0 -50.4888358,-27.4812983992263,0.0 -50.4888699,-27.4813081992263,0.0 -50.489094,-27.4813703992263,0.0 -50.4891414,-27.4813833992263,0.0 -50.4891655,-27.4813900992262,0.0 -50.4891826,-27.4813959992263,0.0 -50.4891987,-27.4814015992263,0.0 -50.4892186,-27.4814087992263,0.0 -50.4892403,-27.4814165992263,0.0 -50.4892461,-27.4814186992263,0.0 -50.4894351,-27.4814849992263,0.0 -50.4894958,-27.4815008992263,0.0 -50.4895432,-27.4815133992263,0.0 -50.4895755,-27.4815217992263,0.0 -50.4896525,-27.4815418992263,0.0 -50.4897634,-27.4815617992263,0.0 -50.4898916,-27.4815842992263,0.0 -50.4899807,-27.4815872992262,0.0 -50.4900755,-27.4815807992262,0.0 -50.4901498,-27.4815608992263,0.0 -50.4902639,-27.4815164992263,0.0 -50.4902845,-27.4815081992263,0.0 -50.4904479,-27.4815231992263,0.0 -50.4905834,-27.4815541992263,0.0 -50.4906577,-27.4815716992263,0.0 -50.4907199,-27.4815857992263,0.0 -50.4907942,-27.4815991992263,0.0 -50.4908233,-27.4816043992263,0.0 -50.4910417,-27.4816437992263,0.0 -50.4912089,-27.4816737992263,0.0 -50.4914161,-27.4817587992262,0.0 -50.4914208,-27.4817617992263,0.0 -50.4916337,-27.4819065992262,0.0 -50.4916526,-27.4819230992262,0.0 -50.4916729,-27.4819411992262,0.0 -50.4917043,-27.4819693992262,0.0 -50.4918639,-27.4821106992262,0.0 -50.4919411,-27.4821792992262,0.0 -50.4919726,-27.4822069992262,0.0 -50.4919998,-27.4822345992262,0.0 -50.4920142,-27.4822496992262,0.0 -50.4920426,-27.4822786992262,0.0 -50.492157,-27.4824298992262,0.0 -50.4921654,-27.4824440992262,0.0 -50.4921756,-27.4824610992262,0.0 -50.4921973,-27.4824967992262,0.0 -50.4923401,-27.4827335992262,0.0 -50.4923556,-27.4827595992262,0.0 -50.4923581,-27.4827657992262,0.0 -50.4924012,-27.4828816992262,0.0 -50.4924538,-27.4830221992262,0.0 -50.4924876,-27.4831127992262,0.0 -50.492632,-27.4834997992262,0.0 -50.4926418,-27.4835255992262,0.0 -50.4926703,-27.4836471992262,0.0 -50.4926874,-27.4837203992262,0.0 -50.4927669,-27.4839667992262,0.0 -50.4928136,-27.4840621992262,0.0 -50.4928609,-27.4841359992262,0.0 -50.492973,-27.4843109992262,0.0 -50.4929754,-27.4843155992262,0.0 -50.4929789,-27.4843222992262,0.0 -50.49299,-27.4843448992262,0.0 -50.4930759,-27.4845160992262,0.0 -50.4930789,-27.4845219992262,0.0 -50.4931033,-27.4846921992262,0.0 -50.4931366,-27.4847925992262,0.0 -50.4931455,-27.4848191992262,0.0 -50.4931919,-27.4849598992262,0.0 -50.4931961,-27.4849720992262,0.0 -50.4932001,-27.4849882992262,0.0 -50.493211,-27.4850317992262,0.0 -50.4932207,-27.4850695992262,0.0 -50.4932279,-27.4850982992262,0.0 -50.4932352,-27.4851277992262,0.0 -50.4932383,-27.4851400992262,0.0 -50.4932509,-27.4852058992262,0.0 -50.4932295,-27.4853101992262,0.0 -50.4932291,-27.4854894992262,0.0 -50.4932539,-27.4856536992262,0.0 -50.4932788,-27.4857105992262,0.0 -50.4932917,-27.4857401992262,0.0 -50.4932949,-27.4857472992262,0.0 -50.4932577,-27.4859381992262,0.0 -50.4932446,-27.4860043992262,0.0 -50.4932425,-27.4860424992262,0.0 -50.4932382,-27.4861276992262,0.0 -50.4932368,-27.4861594992262,0.0 -50.4932361,-27.4861736992262,0.0 -50.4932353,-27.4861859992262,0.0 -50.4932344,-27.4862062992262,0.0 -50.4932333,-27.4862240992262,0.0 -50.493228,-27.4862547992262,0.0 -50.4932036,-27.4863909992262,0.0 -50.4931782,-27.4865340992262,0.0 -50.493147,-27.4867083992262,0.0 -50.4931301,-27.4868043992262,0.0 -50.4931244,-27.4869086992262,0.0 -50.4931254,-27.4869468992261,0.0 -50.4931259,-27.4869615992262,0.0 -50.4931261,-27.4869767992262,0.0 -50.4931289,-27.4870880992261,0.0 -50.4931338,-27.4871359992261,0.0 -50.4931372,-27.4871690992261,0.0 -50.4931428,-27.4872227992261,0.0 -50.4931567,-27.4872664992262,0.0 -50.4931554,-27.4872687992261,0.0 -50.4930745,-27.4874140992261,0.0 -50.4930307,-27.4875542992261,0.0 -50.4930188,-27.4876236992261,0.0 -50.4930129,-27.4877527992261,0.0 -50.4930183,-27.4878186992261,0.0 -50.4930528,-27.4879452992261,0.0 -50.4929889,-27.4881177992261,0.0 -50.4929647,-27.4882441992261,0.0 -50.4929505,-27.4883182992261,0.0 -50.4929252,-27.4884501992261,0.0 -50.4929208,-27.4885019992261,0.0 -50.4929286,-27.4885697992261,0.0 -50.4929342,-27.4886173992261,0.0 -50.4929394,-27.4886586992261,0.0 -50.4929427,-27.4886865992261,0.0 -50.4929471,-27.4887252992261,0.0 -50.4929723,-27.4888558992261,0.0 -50.4929706,-27.4888769992261,0.0 -50.4929615,-27.4889972992261,0.0 -50.4929593,-27.4890275992261,0.0 -50.4929324,-27.4890956992261,0.0 -50.4928491,-27.4891914992261,0.0 -50.4927462,-27.4892791992261,0.0 -50.492647,-27.4893372992261,0.0 -50.492453,-27.4894203992261,0.0 -50.492149,-27.4895278992261,0.0 -50.4919059,-27.4895989992261,0.0 -50.4916495,-27.4896554992261,0.0 -50.4912613,-27.4897194992261,0.0 -50.4911984,-27.4897275992261,0.0 -50.4910436,-27.4897467992261,0.0 -50.4910047,-27.4897519992261,0.0 -50.4909385,-27.4897602992261,0.0 -50.4908696,-27.4897690992261,0.0 -50.4908133,-27.4897761992261,0.0 -50.4907649,-27.4897819992261,0.0 -50.4907059,-27.4897894992261,0.0 -50.4907046,-27.4897896992261,0.0 -50.4906487,-27.4897922992261,0.0 -50.4905907,-27.4897949992261,0.0 -50.4903415,-27.4898066992261,0.0 -50.4903331,-27.4898069992261,0.0 -50.4902766,-27.4898063992261,0.0 -50.4899847,-27.4898042992261,0.0 -50.4898663,-27.4897956992261,0.0 -50.4898207,-27.4897922992261,0.0 -50.4897911,-27.4897874992261,0.0 -50.4897475,-27.4897801992261,0.0 -50.4896203,-27.4897589992261,0.0 -50.4894268,-27.4897267992261,0.0 -50.4892334,-27.4897153992261,0.0 -50.4891575,-27.4897107992261,0.0 -50.4890372,-27.4897069992261,0.0 -50.4890348,-27.4897069992261,0.0 -50.4888094,-27.4897002992261,0.0 -50.4887103,-27.4897061992261,0.0 -50.4885716,-27.4897142992261,0.0 -50.4885544,-27.4897074992261,0.0 -50.4884937,-27.4896836992261,0.0 -50.4883482,-27.4896518992261,0.0 -50.488288,-27.4896386992261,0.0 -50.4880826,-27.4896156992261,0.0 -50.4880309,-27.4896097992261,0.0 -50.4878767,-27.4895846992261,0.0 -50.4878297,-27.4895740992261,0.0 -50.487799,-27.4895673992261,0.0 -50.4877663,-27.4895599992261,0.0 -50.4875903,-27.4895209992261,0.0 -50.4874274,-27.4894847992261,0.0 -50.4873691,-27.4894763992261,0.0 -50.4872627,-27.4894619992261,0.0 -50.4872235,-27.4894563992261,0.0 -50.4871392,-27.4894524992261,0.0 -50.4870262,-27.4894037992261,0.0 -50.4869586,-27.4893829992261,0.0 -50.4867414,-27.4893396992261,0.0 -50.4866952,-27.4893303992261,0.0 -50.4866469,-27.4893182992261,0.0 -50.4865589,-27.4892956992261,0.0 -50.4862891,-27.4892274992261,0.0 -50.4862702,-27.4892226992261,0.0 -50.4862621,-27.4892193992261,0.0 -50.4862439,-27.4892114992261,0.0 -50.4862111,-27.4891968992261,0.0 -50.4861738,-27.4891808992261,0.0 -50.4860947,-27.4891515992261,0.0 -50.4858081,-27.4890456992261,0.0 -50.4856365,-27.4889915992261,0.0 -50.4854638,-27.4889509992261,0.0 -50.485298,-27.4889119992261,0.0 -50.4850733,-27.4888411992261,0.0 -50.4847802,-27.4887486992261,0.0 -50.4847748,-27.4887470992261,0.0 -50.4846363,-27.4886945992261,0.0 -50.4844648,-27.4886475992261,0.0 -50.4841968,-27.4886058992261,0.0 -50.4841138,-27.4886007992261,0.0 -50.4839737,-27.4886046992261,0.0 -50.4839594,-27.4886050992261,0.0 -50.4839425,-27.4886030992261,0.0 -50.4838698,-27.4885938992261,0.0 -50.4837852,-27.4885831992261,0.0 -50.4836951,-27.4885719992261,0.0 -50.4835885,-27.4885646992261,0.0 -50.483441,-27.4885546992261,0.0 -50.4832288,-27.4885155992261,0.0 -50.4830399,-27.4884531992261,0.0 -50.4828363,-27.4883855992261,0.0 -50.4827287,-27.4883600992261,0.0 -50.4827056,-27.4883459992261,0.0 -50.4826595,-27.4883180992261,0.0 -50.4826056,-27.4882858992261,0.0 -50.4825561,-27.4882615992261,0.0 -50.4825302,-27.4882490992261,0.0 -50.4825107,-27.4882395992261,0.0 -50.4822884,-27.4881307992261,0.0 -50.4822865,-27.4881294992261,0.0 -50.4822163,-27.4880819992261,0.0 -50.4821328,-27.4880259992261,0.0 -50.4820546,-27.4879735992261,0.0 -50.4820061,-27.4879410992261,0.0 -50.4820006,-27.4879371992261,0.0 -50.481877,-27.4878118992261,0.0 -50.4817779,-27.4876964992261,0.0 -50.4817412,-27.4876539992261,0.0 -50.4816899,-27.4875939992261,0.0 -50.4816328,-27.4875273992261,0.0 -50.4815839,-27.4874701992261,0.0 -50.4815571,-27.4874372992261,0.0 -50.481457,-27.4873132992261,0.0 -50.481425,-27.4872661992261,0.0 -50.4813971,-27.4872243992261,0.0 -50.4812551,-27.4869507992262,0.0 -50.4812328,-27.4869142992262,0.0 -50.4812111,-27.4868797992262,0.0 -50.4811504,-27.4867815992261,0.0 -50.4811162,-27.4866963992262,0.0 -50.4811156,-27.4866928992262,0.0 -50.4810837,-27.4864344992262,0.0 -50.4810481,-27.4861494992262,0.0 -50.4810403,-27.4860887992262,0.0 -50.4810353,-27.4860483992262,0.0 -50.480926,-27.4856562992262,0.0 -50.4808375,-27.4853959992262,0.0 -50.4807981,-27.4852795992262,0.0 -50.4807694,-27.4851956992262,0.0 -50.4807055,-27.4850309992262,0.0 -50.4806926,-27.4849980992262,0.0 -50.4806883,-27.4849864992262,0.0 -50.4806671,-27.4849320992262,0.0 -50.4805861,-27.4847699992262,0.0 -50.4804862,-27.4846291992262,0.0 -50.4804106,-27.4845573992262,0.0 -50.4803512,-27.4845008992262,0.0 -50.4802793,-27.4844463992262,0.0 -50.4801334,-27.4843644992262,0.0 -50.4798404,-27.4842662992262,0.0 -50.4797919,-27.4842571992262,0.0 -50.479613,-27.4842233992262,0.0 -50.4794756,-27.4842086992262,0.0 -50.4794396,-27.4842048992262,0.0 -50.4794383,-27.4842047992262,0.0 -50.4794245,-27.4842030992262,0.0 -50.4792791,-27.4841874992262,0.0 -50.479103,-27.4841864992262,0.0 -50.479052,-27.4841927992262,0.0 -50.4787235,-27.4842332992262,0.0 -50.4786745,-27.4842392992262,0.0 -50.4785997,-27.4842442992262,0.0 -50.4785087,-27.4842500992262,0.0 -50.4784346,-27.4842614992262,0.0 -50.4783422,-27.4842760992262,0.0 -50.4782583,-27.4842859992262,0.0 -50.4781109,-27.4843034992262,0.0 -50.4780982,-27.4843051992262,0.0 -50.4780463,-27.4843114992262,0.0 -50.4779651,-27.4843211992262,0.0 -50.4778755,-27.4843316992262,0.0 -50.4777952,-27.4843456992262,0.0 -50.4777772,-27.4843491992262,0.0 -50.477659,-27.4843698992262,0.0 -50.4775493,-27.4843979992262,0.0 -50.4774913,-27.4844129992262,0.0 -50.4773253,-27.4844551992262,0.0 -50.4772133,-27.4845048992262,0.0 -50.4771989,-27.4845112992262,0.0 -50.4771964,-27.4845122992262,0.0 -50.4771817,-27.4845156992262,0.0 -50.4771545,-27.4845217992262,0.0 -50.4771414,-27.4845247992262,0.0 -50.4770781,-27.4845392992262,0.0 -50.4769881,-27.4845597992262,0.0 -50.4768992,-27.4845868992262,0.0 -50.4768128,-27.4846173992262,0.0 -50.4767164,-27.4846517992262,0.0 -50.4765766,-27.4847132992262,0.0 -50.4765312,-27.4847259992262,0.0 -50.4763185,-27.4847853992262,0.0 -50.4760528,-27.4848595992262,0.0 -50.4758785,-27.4849162992262,0.0 -50.4756591,-27.4849646992262,0.0 -50.4754806,-27.4850042992262,0.0 -50.4753954,-27.4850233992262,0.0 -50.4752488,-27.4850688992262,0.0 -50.4750974,-27.4851365992262,0.0 -50.4750724,-27.4851382992262,0.0 -50.4748889,-27.4851521992262,0.0 -50.4747769,-27.4851795992262,0.0 -50.4747617,-27.4851832992262,0.0 -50.4746615,-27.4852076992262,0.0 -50.4745589,-27.4852360992262,0.0 -50.4743865,-27.4853021992262,0.0 -50.474354,-27.4853143992262,0.0 -50.4742756,-27.4853385992262,0.0 -50.4741599,-27.4853745992262,0.0 -50.4739919,-27.4854057992262,0.0 -50.4739023,-27.4854226992262,0.0 -50.4736171,-27.4854758992262,0.0 -50.4735286,-27.4854922992262,0.0 -50.4734847,-27.4855048992262,0.0 -50.4732321,-27.4855762992262,0.0 -50.4732082,-27.4855830992262,0.0 -50.4730648,-27.4855818992262,0.0 -50.4729884,-27.4855721992262,0.0 -50.4726019,-27.4856021992262,0.0 -50.4724869,-27.4856201992262,0.0 -50.472323,-27.4856455992262,0.0 -50.4722405,-27.4856541992262,0.0 -50.4721572,-27.4856629992262,0.0 -50.4719364,-27.4857019992262,0.0 -50.471551,-27.4857385992262,0.0 -50.4714643,-27.4857466992262,0.0 -50.4712241,-27.4857986992262,0.0 -50.4711484,-27.4858150992262,0.0 -50.4711039,-27.4858209992262,0.0 -50.4710633,-27.4858264992262,0.0 -50.4708767,-27.4858509992262,0.0 -50.4706725,-27.4858919992262,0.0 -50.4706219,-27.4859022992262,0.0 -50.470546,-27.4859173992262,0.0 -50.4701741,-27.4859787992262,0.0 -50.4701036,-27.4859988992262,0.0 -50.4700696,-27.4860085992262,0.0 -50.4699997,-27.4860283992262,0.0 -50.469674,-27.4861209992262,0.0 -50.469486,-27.4861744992262,0.0 -50.4694084,-27.4861965992262,0.0 -50.4691868,-27.4862443992262,0.0 -50.4691139,-27.4862811992262,0.0 -50.4689581,-27.4862910992262,0.0 -50.4688382,-27.4863335992262,0.0 -50.4687189,-27.4863924992262,0.0 -50.468679,-27.4864118992262,0.0 -50.4686763,-27.4864133992262,0.0 -50.4686163,-27.4864353992262,0.0 -50.4685372,-27.4864646992262,0.0 -50.4684706,-27.4864872992262,0.0 -50.4684091,-27.4865080992262,0.0 -50.4684069,-27.4865087992262,0.0 -50.4682621,-27.4865420992262,0.0 -50.4681692,-27.4865767992262,0.0 -50.4680926,-27.4866155992262,0.0 -50.4680441,-27.4866461992262,0.0 -50.4680146,-27.4866648992262,0.0 -50.4679887,-27.4866811992262,0.0 -50.4679677,-27.4866941992262,0.0 -50.4679629,-27.4866970992262,0.0 -50.4679573,-27.4866980992262,0.0 -50.4678696,-27.4867143992262,0.0 -50.4677541,-27.4867587992262,0.0 -50.4676524,-27.4868297992262,0.0 -50.4675984,-27.4868903992262,0.0 -50.4675902,-27.4868998992261,0.0 -50.4674674,-27.4869572992261,0.0 -50.4673721,-27.4870107992261,0.0 -50.467294,-27.4870693992261,0.0 -50.4672198,-27.4871422992261,0.0 -50.4670655,-27.4872689992262,0.0 -50.4669849,-27.4873187992261,0.0 -50.4668711,-27.4873889992261,0.0 -50.4667938,-27.4874366992261,0.0 -50.4667261,-27.4874723992261,0.0 -50.4666496,-27.4875124992261,0.0 -50.4665388,-27.4875820992261,0.0 -50.4664667,-27.4876274992261,0.0 -50.4663926,-27.4876738992261,0.0 -50.4662333,-27.4877955992261,0.0 -50.466107,-27.4878923992261,0.0 -50.4660681,-27.4879218992261,0.0 -50.4660402,-27.4879376992261,0.0 -50.4658176,-27.4880623992261,0.0 -50.4656414,-27.4881681992261,0.0 -50.4655594,-27.4882174992261,0.0 -50.4654914,-27.4882582992261,0.0 -50.4652158,-27.4884451992261,0.0 -50.4651717,-27.4884750992261,0.0 -50.465092,-27.4885230992261,0.0 -50.4649783,-27.4885918992261,0.0 -50.4648026,-27.4886980992261,0.0 -50.4647032,-27.4887578992261,0.0 -50.4646314,-27.4888014992261,0.0 -50.4645159,-27.4888763992261,0.0 -50.4643424,-27.4889886992261,0.0 -50.4642708,-27.4890352992261,0.0 -50.4642269,-27.4890675992261,0.0 -50.464169,-27.4891106992261,0.0 -50.4640385,-27.4892073992261,0.0 -50.4638805,-27.4892710992261,0.0 -50.4637938,-27.4893183992261,0.0 -50.4637082,-27.4893649992261,0.0 -50.4630775,-27.4898057992261,0.0 -50.4629261,-27.4899452992261,0.0 -50.462907,-27.4899609992261,0.0 -50.4628411,-27.4900157992261,0.0 -50.4627757,-27.4900702992261,0.0 -50.4627096,-27.4901252992261,0.0 -50.4626421,-27.4901897992261,0.0 -50.4626175,-27.4902132992261,0.0 -50.4624264,-27.4903601992261,0.0 -50.4622702,-27.4904912992261,0.0 -50.4621968,-27.4905677992261,0.0 -50.4620914,-27.4907067992261,0.0 -50.4620467,-27.4907453992261,0.0 -50.4618948,-27.4908774992261,0.0 -50.4618438,-27.4909317992261,0.0 -50.4618228,-27.4909543992261,0.0 -50.4617941,-27.4909846992261,0.0 -50.4616118,-27.4911978992261,0.0 -50.4615896,-27.4912237992261,0.0 -50.4615226,-27.4912900992261,0.0 -50.4614475,-27.4913645992261,0.0 -50.4614023,-27.4914273992261,0.0 -50.461383,-27.4914539992261,0.0 -50.4613618,-27.4914752992261,0.0 -50.4613204,-27.4915172992261,0.0 -50.4613003,-27.4915374992261,0.0 -50.461239,-27.4915912992261,0.0 -50.4611043,-27.4917096992261,0.0 -50.4610437,-27.4917705992261,0.0 -50.4610241,-27.4917902992261,0.0 -50.4609551,-27.4918597992261,0.0 -50.4607663,-27.4920814992261,0.0 -50.460638,-27.492231899226,0.0 -50.4605779,-27.4923025992261,0.0 -50.4605034,-27.492400499226,0.0 -50.4604804,-27.492430599226,0.0 -50.4604383,-27.492478799226,0.0 -50.4603405,-27.492591199226,0.0 -50.4603282,-27.492605399226,0.0 -50.4602855,-27.492645699226,0.0 -50.460208,-27.492719799226,0.0 -50.4600995,-27.492864399226,0.0 -50.460059,-27.492934899226,0.0 -50.4600444,-27.492960099226,0.0 -50.460003,-27.493015399226,0.0 -50.4598672,-27.493197099226,0.0 -50.4598663,-27.493198399226,0.0 -50.4597625,-27.493314199226,0.0 -50.4597382,-27.493341199226,0.0 -50.459679,-27.493387299226,0.0 -50.459485,-27.493538399226,0.0 -50.4593941,-27.493609199226,0.0 -50.459288,-27.493687099226,0.0 -50.4592588,-27.493705999226,0.0 -50.4591859,-27.493752599226,0.0 -50.4591001,-27.493807899226,0.0 -50.4590174,-27.493867599226,0.0 -50.4589055,-27.493963499226,0.0 -50.4588405,-27.494006599226,0.0 -50.4587609,-27.494058899226,0.0 -50.458616,-27.494165999226,0.0 -50.4584235,-27.494285799226,0.0 -50.4582077,-27.494388199226,0.0 -50.4580949,-27.494441799226,0.0 -50.4580268,-27.494474199226,0.0 -50.4578626,-27.494552099226,0.0 -50.4578109,-27.494567599226,0.0 -50.4575165,-27.494622599226,0.0 -50.4574204,-27.494648899226,0.0 -50.4573543,-27.494666699226,0.0 -50.4571964,-27.494689199226,0.0 -50.4570846,-27.494705199226,0.0 -50.4569729,-27.494720899226,0.0 -50.4568604,-27.494740799226,0.0 -50.4566899,-27.494770999226,0.0 -50.4565512,-27.494795299226,0.0 -50.4562344,-27.494891999226,0.0 -50.4561099,-27.494938199226,0.0 -50.4559967,-27.494980099226,0.0 -50.4558892,-27.495014899226,0.0 -50.4557941,-27.495045599226,0.0 -50.4556386,-27.495110899226,0.0 -50.4554064,-27.495223199226,0.0 -50.4552081,-27.495330399226,0.0 -50.455153,-27.495366299226,0.0 -50.4551315,-27.495379999226,0.0 -50.4550768,-27.495406099226,0.0 -50.4549992,-27.495442999226,0.0 -50.4549041,-27.495488599226,0.0 -50.4548166,-27.495546399226,0.0 -50.4547506,-27.495600699226,0.0 -50.4545225,-27.495831399226,0.0 -50.4544623,-27.495909499226,0.0 -50.4544168,-27.495968499226,0.0 -50.4542843,-27.496123799226,0.0 -50.4541504,-27.496319499226,0.0 -50.4540956,-27.496399399226,0.0 -50.4539444,-27.496661699226,0.0 -50.4536702,-27.497137499226,0.0 -50.4535978,-27.497263299226,0.0 -50.4535631,-27.497342599226,0.0 -50.4534254,-27.4976573992259,0.0 -50.4533858,-27.4977375992259,0.0 -50.4533085,-27.4978933992259,0.0 -50.4532242,-27.4980340992259,0.0 -50.4531428,-27.4981345992259,0.0 -50.4530822,-27.4982089992259,0.0 -50.4530645,-27.4982308992259,0.0 -50.4530516,-27.4982456992259,0.0 -50.452984,-27.4983219992259,0.0 -50.4528278,-27.4984988992259,0.0 -50.4526939,-27.4986654992259,0.0 -50.4526087,-27.4988012992259,0.0 -50.4524811,-27.4989072992259,0.0 -50.4522018,-27.4992276992259,0.0 -50.4521809,-27.4992517992259,0.0 -50.4520737,-27.4993585992259,0.0 -50.4520334,-27.4993986992259,0.0 -50.4519968,-27.4994352992259,0.0 -50.4519617,-27.4994702992259,0.0 -50.4518895,-27.4995495992259,0.0 -50.4518499,-27.4995928992259,0.0 -50.4517677,-27.4996833992259,0.0 -50.4517436,-27.4997095992259,0.0 -50.4517331,-27.4997183992259,0.0 -50.4517263,-27.4997242992259,0.0 -50.4516597,-27.4997817992259,0.0 -50.4515554,-27.4998854992259,0.0 -50.4514968,-27.4999435992259,0.0 -50.4512063,-27.5001948992259,0.0 -50.4510041,-27.5002967992259,0.0 -50.450863,-27.5003380992259,0.0 -50.4505818,-27.5003545992259,0.0 -50.4504037,-27.5003419992259,0.0 -50.4501301,-27.5002840992259,0.0 -50.4500053,-27.5002361992259,0.0 -50.4498641,-27.5001615992259,0.0 -50.4497606,-27.5001067992259,0.0 -50.449492,-27.4999085992259,0.0 -50.4493025,-27.4997503992259,0.0 -50.4492561,-27.4997113992259,0.0 -50.4492345,-27.4996935992259,0.0 -50.4490911,-27.4995275992259,0.0 -50.4490488,-27.4994826992259,0.0 -50.4488568,-27.4992802992259,0.0 -50.4487837,-27.4991911992259,0.0 -50.4486868,-27.4990396992259,0.0 -50.4486025,-27.4988475992259,0.0 -50.4485452,-27.4986845992259,0.0 -50.4485193,-27.4985741992259,0.0 -50.4485161,-27.4985602992259,0.0 -50.4484933,-27.4982853992259,0.0 -50.4484865,-27.4982004992259,0.0 -50.4484783,-27.4980982992259,0.0 -50.4484551,-27.4979035992259,0.0 -50.4484809,-27.4978270992259,0.0 -50.4485126,-27.4977325992259,0.0 -50.4485288,-27.4976460992259,0.0 -50.4485387,-27.4974931992259,0.0 -50.4485589,-27.497180199226,0.0 -50.44856,-27.497164299226,0.0 -50.4485806,-27.496996199226,0.0 -50.4486177,-27.496693399226,0.0 -50.4486576,-27.496367899226,0.0 -50.4486686,-27.496279199226,0.0 -50.4486711,-27.496257799226,0.0 -50.4487738,-27.495871699226,0.0 -50.4488056,-27.495751999226,0.0 -50.4488821,-27.495464099226,0.0 -50.4489949,-27.495136299226,0.0 -50.4491058,-27.494870199226,0.0 -50.4491435,-27.494770999226,0.0 -50.4491983,-27.494625999226,0.0 -50.4492528,-27.494508899226,0.0 -50.4494266,-27.494136399226,0.0 -50.4494859,-27.494009499226,0.0 -50.4495781,-27.493776699226,0.0 -50.4496989,-27.493500899226,0.0 -50.4497342,-27.493420599226,0.0 -50.4497752,-27.493309799226,0.0 -50.4498308,-27.493159499226,0.0 -50.4498695,-27.493054299226,0.0 -50.4500429,-27.4925081992261,0.0 -50.4500974,-27.492336899226,0.0 -50.4501732,-27.492098199226,0.0 -50.4502434,-27.4917908992261,0.0 -50.4502624,-27.4917167992261,0.0 -50.4503123,-27.4915249992261,0.0 -50.4504052,-27.4911667992261,0.0 -50.4504403,-27.4910306992261,0.0 -50.4504617,-27.4909627992261,0.0 -50.4504795,-27.4909077992261,0.0 -50.4505505,-27.4906826992261,0.0 -50.4506911,-27.4902960992261,0.0 -50.4507981,-27.4900501992261,0.0 -50.4508062,-27.4900280992261,0.0 -50.4508203,-27.4899897992261,0.0 -50.450883,-27.4898209992261,0.0 -50.450961,-27.4896311992261,0.0 -50.4510441,-27.4894293992261,0.0 -50.4510753,-27.4893645992261,0.0 -50.4510997,-27.4893134992261,0.0 -50.4511122,-27.4892874992261,0.0 -50.4511474,-27.4892138992261,0.0 -50.4512446,-27.4889888992261,0.0 -50.4513287,-27.4888345992261,0.0 -50.4514284,-27.4886202992261,0.0 -50.4514745,-27.4884630992261,0.0 -50.4514795,-27.4884460992261,0.0 -50.451487,-27.4884386992261,0.0 -50.4515686,-27.4883619992261,0.0 -50.451621,-27.4883014992261,0.0 -50.4516597,-27.4882385992261,0.0 -50.4517064,-27.4881290992261,0.0 -50.4517083,-27.4881245992261,0.0 -50.4517155,-27.4881118992261,0.0 -50.4517312,-27.4880849992261,0.0 -50.4517885,-27.4879851992261,0.0 -50.451842,-27.4878385992261,0.0 -50.4519082,-27.4876949992261,0.0 -50.4519135,-27.4876869992261,0.0 -50.4519962,-27.4875589992261,0.0 -50.4520687,-27.4873622992261,0.0 -50.452094,-27.4873069992261,0.0 -50.4521938,-27.4870879992261,0.0 -50.4523535,-27.4867377992262,0.0 -50.4523651,-27.4867103992262,0.0 -50.4524453,-27.4865221992262,0.0 -50.4524856,-27.4864276992262,0.0 -50.4526995,-27.4858194992262,0.0 -50.4527821,-27.4856193992262,0.0 -50.4528599,-27.4854307992262,0.0 -50.4529172,-27.4852577992262,0.0 -50.4529493,-27.4852057992262,0.0 -50.4530586,-27.4850286992262,0.0 -50.4530963,-27.4848522992262,0.0 -50.453102,-27.4847547992262,0.0 -50.4530983,-27.4846459992262,0.0 -50.4530976,-27.4846187992262,0.0 -50.4530617,-27.4844636992262,0.0 -50.4529971,-27.4842798992262,0.0 -50.4528517,-27.4840010992262,0.0 -50.4527329,-27.4838545992262,0.0 -50.4525687,-27.4836592992262,0.0 -50.4523817,-27.4834651992262,0.0 -50.4522824,-27.4833443992262,0.0 -50.4522273,-27.4832952992262,0.0 -50.4521787,-27.4832434992262,0.0 -50.451774,-27.4828112992262,0.0 -50.4516145,-27.4826413992262,0.0 -50.4513766,-27.4824252992262,0.0 -50.4512945,-27.4823505992262,0.0 -50.4512931,-27.4823488992262,0.0 -50.4512808,-27.4823316992262,0.0 -50.4511981,-27.4822580992262,0.0 -50.4511237,-27.4822036992262,0.0 -50.4511218,-27.4822024992262,0.0 -50.4510714,-27.4821168992262,0.0 -50.4510058,-27.4820353992262,0.0 -50.4509845,-27.4820125992262,0.0 -50.4507322,-27.4817429992262,0.0 -50.4506857,-27.4816931992262,0.0 -50.450507,-27.4815022992262,0.0 -50.4504305,-27.4814028992262,0.0 -50.4503382,-27.4812829992263,0.0 -50.4500866,-27.4809148992263,0.0 -50.4499098,-27.4806221992263,0.0 -50.4498776,-27.4805761992263,0.0 -50.4498247,-27.4804999992263,0.0 -50.4497515,-27.4804067992263,0.0 -50.4495851,-27.4801958992263,0.0 -50.449411,-27.4799599992263,0.0 -50.4493568,-27.4798862992263,0.0 -50.4493173,-27.4798277992263,0.0 -50.449258,-27.4797401992263,0.0 -50.4491697,-27.4796300992263,0.0 -50.4491026,-27.4795463992263,0.0 -50.4490653,-27.4794704992263,0.0 -50.4488879,-27.4791096992263,0.0 -50.4488634,-27.4790596992263,0.0 -50.4488536,-27.4790393992263,0.0 -50.4487839,-27.4788832992263,0.0 -50.4487562,-27.4788217992263,0.0 -50.4487367,-27.4787721992263,0.0 -50.4487162,-27.4787196992263,0.0 -50.4487022,-27.4786844992263,0.0 -50.4486956,-27.4786673992263,0.0 -50.4486547,-27.4784699992263,0.0 -50.448639,-27.4783949992263,0.0 -50.4486164,-27.4783235992263,0.0 -50.448589,-27.4782698992263,0.0 -50.4485571,-27.4782078992263,0.0 -50.4484963,-27.4781232992263,0.0 -50.4484129,-27.4780518992263,0.0 -50.4482762,-27.4779839992263,0.0 -50.4482541,-27.4779729992263,0.0 -50.448161,-27.4779266992263,0.0 -50.4480043,-27.4778710992263,0.0 -50.4478515,-27.4778477992263,0.0 -50.4477332,-27.4778500992263,0.0 -50.4476487,-27.4778516992263,0.0 -50.4475739,-27.4778571992263,0.0 -50.4475078,-27.4778621992263,0.0 -50.4473805,-27.4778714992263,0.0 -50.447296,-27.4778778992263,0.0 -50.4472155,-27.4778838992263,0.0 -50.4470891,-27.4779009992263,0.0 -50.4468555,-27.4779326992263,0.0 -50.446778,-27.4779430992263,0.0 -50.4466369,-27.4779621992263,0.0 -50.4466152,-27.4779644992263,0.0 -50.4463582,-27.4779903992263,0.0 -50.4463049,-27.4779957992263,0.0 -50.4462558,-27.4780008992263,0.0 -50.4461862,-27.4780129992263,0.0 -50.4460132,-27.4780424992263,0.0 -50.4458476,-27.4780709992263,0.0 -50.4457981,-27.4780872992263,0.0 -50.4457494,-27.4780966992263,0.0 -50.4455076,-27.4781420992263,0.0 -50.4454786,-27.4781474992263,0.0 -50.4454582,-27.4781514992263,0.0 -50.4453374,-27.4781663992263,0.0 -50.4451863,-27.4781846992263,0.0 -50.4451002,-27.4782031992263,0.0 -50.4448475,-27.4782570992263,0.0 -50.4446904,-27.4783035992263,0.0 -50.4443592,-27.4784015992263,0.0 -50.4442747,-27.4784264992263,0.0 -50.4442724,-27.4784272992263,0.0 -50.4442281,-27.4784380992263,0.0 -50.4439856,-27.4784957992263,0.0 -50.4439125,-27.4785175992263,0.0 -50.4435607,-27.4786230992263,0.0 -50.4434511,-27.4786490992263,0.0 -50.4432785,-27.4786896992263,0.0 -50.4431851,-27.4787194992263,0.0 -50.4431025,-27.4787561992263,0.0 -50.4430407,-27.4787841992263,0.0 -50.4429724,-27.4788144992263,0.0 -50.4428824,-27.4788486992263,0.0 -50.4427733,-27.4788900992263,0.0 -50.4427719,-27.4788905992263,0.0 -50.4427191,-27.4789074992263,0.0 -50.4426605,-27.4789264992263,0.0 -50.4426058,-27.4789439992263,0.0 -50.4425557,-27.4789602992263,0.0 -50.4425036,-27.4789770992263,0.0 -50.4424564,-27.4789951992263,0.0 -50.4424147,-27.4790108992263,0.0 -50.4423704,-27.4790279992263,0.0 -50.4423309,-27.4790431992263,0.0 -50.4422883,-27.4790595992263,0.0 -50.4422315,-27.4790812992263,0.0 -50.4420982,-27.4791200992263,0.0 -50.4420232,-27.4791415992263,0.0 -50.4417853,-27.4792354992263,0.0 -50.4416195,-27.4793150992263,0.0 -50.4415377,-27.4793693992263,0.0 -50.4415181,-27.4793823992263,0.0 -50.4413264,-27.4795096992263,0.0 -50.441239,-27.4795813992263,0.0 -50.4411961,-27.4796165992263,0.0 -50.4411287,-27.4796720992263,0.0 -50.4409408,-27.4798487992263,0.0 -50.4409358,-27.4798537992263,0.0 -50.4409331,-27.4798560992263,0.0 -50.4408227,-27.4799218992263,0.0 -50.4408203,-27.4799231992263,0.0 -50.4407868,-27.4799266992263,0.0 -50.4407335,-27.4799325992263,0.0 -50.4406239,-27.4799584992263,0.0 -50.4405055,-27.4800135992263,0.0 -50.4404157,-27.4800782992263,0.0 -50.4402569,-27.4802190992263,0.0 -50.4400545,-27.4803712992263,0.0 -50.4399308,-27.4804830992263,0.0 -50.4398724,-27.4805360992263,0.0 -50.4397938,-27.4805694992263,0.0 -50.4396543,-27.4806285992263,0.0 -50.4396072,-27.4806444992263,0.0 -50.439599,-27.4806473992263,0.0 -50.4395878,-27.4806489992263,0.0 -50.439353,-27.4806837992263,0.0 -50.4392372,-27.4807140992263,0.0 -50.4392329,-27.4807141992263,0.0 -50.4391172,-27.4807179992263,0.0 -50.4389977,-27.4807288992263,0.0 -50.4389471,-27.4807333992263,0.0 -50.4389003,-27.4807376992263,0.0 -50.4386719,-27.4807378992263,0.0 -50.4385198,-27.4807298992263,0.0 -50.4384742,-27.4807274992263,0.0 -50.4379883,-27.4806649992263,0.0 -50.4378036,-27.4806262992263,0.0 -50.4377496,-27.4806068992263,0.0 -50.4376806,-27.4805820992263,0.0 -50.4376143,-27.4805580992263,0.0 -50.4375905,-27.4805497992263,0.0 -50.4375678,-27.4805443992263,0.0 -50.4375482,-27.4805396992263,0.0 -50.4375296,-27.4805353992263,0.0 -50.4375,-27.4805282992263,0.0 -50.4374501,-27.4805003992263,0.0 -50.4374295,-27.4804887992263,0.0 -50.4373962,-27.4804702992263,0.0 -50.437251,-27.4803684992263,0.0 -50.4370531,-27.4801924992263,0.0 -50.4368975,-27.4800165992263,0.0 -50.4367954,-27.4798685992263,0.0 -50.4366668,-27.4796489992263,0.0 -50.4365678,-27.4794488992263,0.0 -50.4364972,-27.4792833992263,0.0 -50.4360218,-27.4781721992263,0.0 -50.4359416,-27.4779845992263,0.0 -50.4357781,-27.4775767992263,0.0 -50.4357331,-27.4774575992263,0.0 -50.4355809,-27.4770536992263,0.0 -50.435459,-27.4767673992263,0.0 -50.4353928,-27.4766422992263,0.0 -50.4352883,-27.4764870992263,0.0 -50.4351675,-27.4763524992264,0.0 -50.4350221,-27.4762274992263,0.0 -50.434845,-27.4761066992264,0.0 -50.4346304,-27.4759862992263,0.0 -50.4343772,-27.4758663992264,0.0 -50.4340854,-27.4757481992264,0.0 -50.4337621,-27.4756337992264,0.0 -50.4333133,-27.4754925992264,0.0 -50.432985,-27.4753999992264,0.0 -50.4326703,-27.4753241992264,0.0 -50.432469,-27.4752856992264,0.0 -50.4322746,-27.4752581992264,0.0 -50.4320844,-27.4752414992264,0.0 -50.4318002,-27.4752348992264,0.0 -50.4316068,-27.4752418992264,0.0 -50.4314084,-27.4752586992264,0.0 -50.4312058,-27.4752876992264,0.0 -50.4309996,-27.4753314992264,0.0 -50.430685,-27.4754293992264,0.0 -50.4304732,-27.4755148992264,0.0 -50.430261,-27.4756137992264,0.0 -50.4298408,-27.4758412992264,0.0 -50.429639,-27.4759635992264,0.0 -50.4293604,-27.4761478992264,0.0 -50.4292959,-27.4761943992264,0.0 -50.4292373,-27.4762369992264,0.0 -50.4289883,-27.4764365992263,0.0 -50.4277476,-27.4774888992263,0.0 -50.4274724,-27.4777392992263,0.0 -50.4273262,-27.4778888992263,0.0 -50.427189,-27.4780446992263,0.0 -50.427062,-27.4782075992263,0.0 -50.4269467,-27.4783780992263,0.0 -50.4268444,-27.4785568992263,0.0 -50.4267555,-27.4787442992263,0.0 -50.42664,-27.4790434992263,0.0 -50.4265293,-27.4793785992263,0.0 -50.4261974,-27.4803833992263,0.0 -50.4259079,-27.4811512992263,0.0 -50.4257092,-27.4816249992262,0.0 -50.4255192,-27.4820403992262,0.0 -50.4252422,-27.4826042992262,0.0 -50.4249904,-27.4830816992262,0.0 -50.4248462,-27.4833142992262,0.0 -50.4246703,-27.4835554992262,0.0 -50.4244663,-27.4837952992262,0.0 -50.424327,-27.4839334992262,0.0 -50.4241937,-27.4840400992262,0.0 -50.4240663,-27.4841119992262,0.0 -50.4239376,-27.4841549992262,0.0 -50.4238704,-27.4841675992262,0.0 -50.4237255,-27.4841789992262,0.0 -50.423476,-27.4841679992262,0.0 -50.4232954,-27.4841388992262,0.0 -50.4231111,-27.4840887992262,0.0 -50.4229297,-27.4840145992262,0.0 -50.4227551,-27.4839127992262,0.0 -50.4225886,-27.4837799992262,0.0 -50.4224316,-27.4836125992262,0.0 -50.422357,-27.4835147992262,0.0 -50.4222161,-27.4832907992262,0.0 -50.4220863,-27.4830350992262,0.0 -50.4219673,-27.4827559992262,0.0 -50.4218087,-27.4823114992262,0.0 -50.4217165,-27.4820083992262,0.0 -50.4216006,-27.4815566992262,0.0 -50.4215396,-27.4812650992263,0.0 -50.4214742,-27.4808810992263,0.0 -50.4214236,-27.4805846992263,0.0 -50.4213681,-27.4803247992263,0.0 -50.4213335,-27.4801957992263,0.0 -50.4212473,-27.4799394992263,0.0 -50.421187,-27.4797917992263,0.0 -50.4210841,-27.4795709992263,0.0 -50.4209539,-27.4793360992263,0.0 -50.4208327,-27.4791453992263,0.0 -50.4206562,-27.4789182992263,0.0 -50.4204812,-27.4787350992263,0.0 -50.4202707,-27.4785528992263,0.0 -50.4200308,-27.4783730992263,0.0 -50.4196705,-27.4781445992263,0.0 -50.4194807,-27.4780398992263,0.0 -50.4191293,-27.4778721992263,0.0 -50.418799,-27.4777370992263,0.0 -50.4184516,-27.4776160992263,0.0 -50.4183098,-27.4775776992263,0.0 -50.4181624,-27.4775471992263,0.0 -50.417676,-27.4774793992263,0.0 -50.4172317,-27.4774355992263,0.0 -50.4169331,-27.4774153992263,0.0 -50.4167808,-27.4774083992263,0.0 -50.4160213,-27.4773740992263,0.0 -50.4157937,-27.4773567992263,0.0 -50.4154174,-27.4773145992263,0.0 -50.4150169,-27.4772538992263,0.0 -50.4144006,-27.4771397992263,0.0 -50.4138072,-27.4770142992263,0.0 -50.4132561,-27.4768865992263,0.0 -50.4127244,-27.4767522992263,0.0 -50.412,-27.4765528992263,0.0 -50.4102106,-27.4760224992264,0.0 -50.4091502,-27.4756894992264,0.0 -50.4083311,-27.4754074992264,0.0 -50.407755,-27.4752093992264,0.0 -50.4072634,-27.4750586992264,0.0 -50.4069282,-27.4749685992264,0.0 -50.4066544,-27.4749036992264,0.0 -50.4062427,-27.4748203992264,0.0 -50.4058924,-27.4747641992264,0.0 -50.4053537,-27.4747009992264,0.0 -50.4047944,-27.4746605992264,0.0 -50.4044117,-27.4746487992264,0.0 -50.4042196,-27.4746497992264,0.0 -50.4038379,-27.4746696992264,0.0 -50.4035224,-27.4747100992264,0.0 -50.4032842,-27.4747563992264,0.0 -50.4031083,-27.4748013992264,0.0 -50.4029387,-27.4748522992264,0.0 -50.4026227,-27.4749659992264,0.0 -50.4022245,-27.4751429992264,0.0 -50.4021159,-27.4751980992264,0.0 -50.4020148,-27.4752618992264,0.0 -50.401863,-27.4753722992264,0.0 -50.401724,-27.4754806992264,0.0 -50.4016191,-27.4755623992264,0.0 -50.4015408,-27.4756233992264,0.0 -50.4008685,-27.4761480992264,0.0 -50.4004924,-27.4764416992263,0.0 -50.4000579,-27.4767653992263,0.0 -50.3989313,-27.4775638992263,0.0 -50.3985524,-27.4778321992263,0.0 -50.3979093,-27.4782963992263,0.0 -50.3970979,-27.4789711992263,0.0 -50.3970402,-27.4790207992263,0.0 -50.3969631,-27.4790870992263,0.0 -50.3967895,-27.4792386992263,0.0 -50.3966041,-27.4794044992263,0.0 -50.3963772,-27.4796104992263,0.0 -50.3962339,-27.4797393992263,0.0 -50.3961626,-27.4798041992263,0.0 -50.3960914,-27.4798698992263,0.0 -50.3960206,-27.4799370992263,0.0 -50.3959501,-27.4800062992263,0.0 -50.39588,-27.4800781992263,0.0 -50.3958103,-27.4801531992263,0.0 -50.3957412,-27.4802315992263,0.0 -50.3956564,-27.4803336992263,0.0 -50.3956021,-27.4804030992263,0.0 -50.3955511,-27.4804689992263,0.0 -50.3954792,-27.4805651992263,0.0 -50.3954196,-27.4806492992263,0.0 -50.3953633,-27.4807317992263,0.0 -50.3953107,-27.4808120992263,0.0 -50.3952622,-27.4808894992263,0.0 -50.395217,-27.4809649992263,0.0 -50.395174,-27.4810398992263,0.0 -50.3951323,-27.4811152992263,0.0 -50.3950909,-27.4811925992263,0.0 -50.3950489,-27.4812729992263,0.0 -50.3948031,-27.4817536992262,0.0 -50.3946925,-27.4819744992262,0.0 -50.3946378,-27.4820860992262,0.0 -50.3945845,-27.4821967992262,0.0 -50.3945336,-27.4823051992262,0.0 -50.3944856,-27.4824103992262,0.0 -50.3944184,-27.4825637992262,0.0 -50.3943473,-27.4827291992262,0.0 -50.3942302,-27.4830066992262,0.0 -50.3941873,-27.4831068992262,0.0 -50.3940968,-27.4833125992262,0.0 -50.3940494,-27.4834175992262,0.0 -50.3939516,-27.4836298992262,0.0 -50.3939265,-27.4836830992262,0.0 -50.3938074,-27.4839321992262,0.0 -50.3936976,-27.4841550992262,0.0 -50.3936462,-27.4842569992262,0.0 -50.3935944,-27.4843575992262,0.0 -50.3935424,-27.4844567992262,0.0 -50.3934753,-27.4845813992262,0.0 -50.3934371,-27.4846510992262,0.0 -50.3933837,-27.4847460992262,0.0 -50.3933297,-27.4848394992262,0.0 -50.393275,-27.4849312992262,0.0 -50.3932194,-27.4850210992262,0.0 -50.3931626,-27.4851087992262,0.0 -50.3931045,-27.4851941992262,0.0 -50.3930449,-27.4852770992262,0.0 -50.3929835,-27.4853572992262,0.0 -50.3929203,-27.4854345992262,0.0 -50.392855,-27.4855087992262,0.0 -50.3927878,-27.4855800992262,0.0 -50.392719,-27.4856484992262,0.0 -50.3926488,-27.4857141992262,0.0 -50.3925774,-27.4857771992262,0.0 -50.392505,-27.4858376992262,0.0 -50.3924318,-27.4858957992262,0.0 -50.3923582,-27.4859515992262,0.0 -50.3922841,-27.4860051992262,0.0 -50.3922093,-27.4860567992262,0.0 -50.3921334,-27.4861063992262,0.0 -50.3920165,-27.4861773992262,0.0 -50.3919769,-27.4862004992262,0.0 -50.3918954,-27.4862452992262,0.0 -50.3918181,-27.4862851992262,0.0 -50.3917242,-27.4863307992262,0.0 -50.3916336,-27.4863718992262,0.0 -50.391539,-27.4864121992262,0.0 -50.3914397,-27.4864518992262,0.0 -50.3913354,-27.4864913992262,0.0 -50.3912252,-27.4865307992262,0.0 -50.3911087,-27.4865705992262,0.0 -50.3909853,-27.4866107992262,0.0 -50.3908544,-27.4866518992262,0.0 -50.3906147,-27.4867244992262,0.0 -50.3903965,-27.4867907992262,0.0 -50.390104,-27.4868842992261,0.0 -50.3899429,-27.4869398992262,0.0 -50.3897808,-27.4869997992262,0.0 -50.3896191,-27.4870644992261,0.0 -50.3894756,-27.4871268992262,0.0 -50.389299,-27.4872091992261,0.0 -50.3891402,-27.4872885992261,0.0 -50.3889815,-27.4873719992261,0.0 -50.3888227,-27.4874589992261,0.0 -50.3886751,-27.4875424992261,0.0 -50.3885026,-27.4876422992261,0.0 -50.3883405,-27.4877375992261,0.0 -50.3881767,-27.4878347992261,0.0 -50.3880121,-27.4879334992261,0.0 -50.3878476,-27.4880329992261,0.0 -50.3877028,-27.4881216992261,0.0 -50.3875149,-27.4882381992261,0.0 -50.3873662,-27.4883318992261,0.0 -50.3872131,-27.4884299992261,0.0 -50.3870657,-27.4885263992261,0.0 -50.3869632,-27.4885949992261,0.0 -50.3867896,-27.4887136992261,0.0 -50.3866607,-27.4888052992261,0.0 -50.3865373,-27.4888959992261,0.0 -50.3864192,-27.4889863992261,0.0 -50.3863061,-27.4890767992261,0.0 -50.3861976,-27.4891677992261,0.0 -50.3860934,-27.4892597992261,0.0 -50.3859931,-27.4893529992261,0.0 -50.3858961,-27.4894469992261,0.0 -50.3857406,-27.4896043992261,0.0 -50.3856072,-27.4897407992261,0.0 -50.3854395,-27.4899117992261,0.0 -50.3853494,-27.4899998992261,0.0 -50.3852585,-27.4900852992261,0.0 -50.3851671,-27.4901684992261,0.0 -50.3849859,-27.4903306992261,0.0 -50.3848973,-27.4904108992261,0.0 -50.3848109,-27.4904913992261,0.0 -50.3847273,-27.4905726992261,0.0 -50.3846473,-27.4906554992261,0.0 -50.3845714,-27.4907401992261,0.0 -50.3845246,-27.4907967992261,0.0 -50.384433,-27.4909144992261,0.0 -50.384371,-27.4910032992261,0.0 -50.3843141,-27.4910925992261,0.0 -50.3842625,-27.4911821992261,0.0 -50.3842166,-27.4912716992261,0.0 -50.3841764,-27.4913605992261,0.0 -50.3841422,-27.4914487992261,0.0 -50.3841137,-27.4915363992261,0.0 -50.3840903,-27.4916237992261,0.0 -50.3840717,-27.4917112992261,0.0 -50.3840574,-27.4917992992261,0.0 -50.3840469,-27.4918881992261,0.0 -50.38404,-27.4919781992261,0.0 -50.384036,-27.4920696992261,0.0 -50.3840347,-27.492162999226,0.0 -50.3840368,-27.492256699226,0.0 -50.3840405,-27.4923551992261,0.0 -50.3840499,-27.492474899226,0.0 -50.3840581,-27.492554399226,0.0 -50.3840668,-27.492620399226,0.0 -50.3840717,-27.492656599226,0.0 -50.3840886,-27.492760399226,0.0 -50.384109,-27.492865999226,0.0 -50.3841331,-27.492973299226,0.0 -50.3841611,-27.493083399226,0.0 -50.3841933,-27.493197099226,0.0 -50.3842299,-27.493315599226,0.0 -50.3842712,-27.493439899226,0.0 -50.3843175,-27.493570999226,0.0 -50.3843691,-27.493709999226,0.0 -50.3844263,-27.493857999226,0.0 -50.384489,-27.494015199226,0.0 -50.3845561,-27.494179299226,0.0 -50.3846264,-27.494347399226,0.0 -50.3846983,-27.494516299226,0.0 -50.3847707,-27.494683099226,0.0 -50.384842,-27.494844699226,0.0 -50.384911,-27.494998099226,0.0 -50.3849708,-27.495128499226,0.0 -50.3850671,-27.495331599226,0.0 -50.3850932,-27.495385299226,0.0 -50.3851468,-27.495491099226,0.0 -50.3851986,-27.495588299226,0.0 -50.3852496,-27.495678699226,0.0 -50.385301,-27.495764199226,0.0 -50.3853538,-27.495846599226,0.0 -50.3854092,-27.495927899226,0.0 -50.3854678,-27.496009499226,0.0 -50.385529,-27.496091499226,0.0 -50.3857805,-27.496418099226,0.0 -50.38584,-27.496497999226,0.0 -50.3858962,-27.496576599226,0.0 -50.3859483,-27.496653699226,0.0 -50.3859963,-27.496729099226,0.0 -50.3860369,-27.496797299226,0.0 -50.3860403,-27.496802899226,0.0 -50.3860806,-27.496875099226,0.0 -50.3861173,-27.496945399226,0.0 -50.3861506,-27.497013999226,0.0 -50.3861808,-27.497080699226,0.0 -50.386208,-27.497145599226,0.0 -50.3862324,-27.497208599226,0.0 -50.3862571,-27.497280599226,0.0 -50.3862724,-27.497330799226,0.0 -50.3862842,-27.497375899226,0.0 -50.3863007,-27.497450999226,0.0 -50.3863102,-27.497511699226,0.0 -50.3863166,-27.497573299226,0.0 -50.3863198,-27.4976364992259,0.0 -50.3863198,-27.4977013992259,0.0 -50.3863163,-27.4977678992259,0.0 -50.386309,-27.4978355992259,0.0 -50.3862979,-27.4979039992259,0.0 -50.3862826,-27.4979728992259,0.0 -50.386263,-27.4980416992259,0.0 -50.3862388,-27.4981100992259,0.0 -50.3862097,-27.4981776992259,0.0 -50.3861756,-27.4982440992259,0.0 -50.3861216,-27.4983316992259,0.0 -50.3860929,-27.4983737992259,0.0 -50.3860446,-27.4984371992259,0.0 -50.3859919,-27.4984997992259,0.0 -50.3859348,-27.4985616992259,0.0 -50.3858737,-27.4986228992259,0.0 -50.3858085,-27.4986835992259,0.0 -50.3857395,-27.4987438992259,0.0 -50.3856671,-27.4988032992259,0.0 -50.3855914,-27.4988615992259,0.0 -50.385513,-27.4989183992259,0.0 -50.3854321,-27.4989733992259,0.0 -50.385349,-27.4990260992259,0.0 -50.3852642,-27.4990762992259,0.0 -50.3851779,-27.4991235992259,0.0 -50.3850902,-27.4991677992259,0.0 -50.3849543,-27.4992276992259,0.0 -50.3848035,-27.4992841992259,0.0 -50.3847107,-27.4993135992259,0.0 -50.3846041,-27.4993428992259,0.0 -50.384491,-27.4993693992259,0.0 -50.3843705,-27.4993933992259,0.0 -50.3842421,-27.4994148992259,0.0 -50.3841062,-27.4994336992259,0.0 -50.3839635,-27.4994498992259,0.0 -50.3838149,-27.4994633992259,0.0 -50.3836611,-27.4994740992259,0.0 -50.3835028,-27.4994817992259,0.0 -50.3833634,-27.4994859992259,0.0 -50.3831762,-27.4994883992259,0.0 -50.3830092,-27.4994870992259,0.0 -50.3828406,-27.4994830992259,0.0 -50.3826706,-27.4994770992259,0.0 -50.3824998,-27.4994694992259,0.0 -50.3818163,-27.4994335992259,0.0 -50.3816474,-27.4994255992259,0.0 -50.3811534,-27.4994041992259,0.0 -50.3809947,-27.4993965992259,0.0 -50.3808397,-27.4993882992259,0.0 -50.3806891,-27.4993787992259,0.0 -50.3805433,-27.4993677992259,0.0 -50.3804028,-27.4993549992259,0.0 -50.3802676,-27.4993409992259,0.0 -50.3798923,-27.4992980992259,0.0 -50.379777,-27.4992856992259,0.0 -50.3796665,-27.4992752992259,0.0 -50.3795606,-27.4992674992259,0.0 -50.3794589,-27.4992628992259,0.0 -50.3793124,-27.4992629992259,0.0 -50.3792641,-27.4992642992259,0.0 -50.3791684,-27.4992705992259,0.0 -50.379072,-27.4992809992259,0.0 -50.3789379,-27.4993020992259,0.0 -50.3788722,-27.4993141992259,0.0 -50.3787663,-27.4993374992259,0.0 -50.3786546,-27.4993656992259,0.0 -50.3785363,-27.4994004992259,0.0 -50.3784103,-27.4994437992259,0.0 -50.3782758,-27.4994974992259,0.0 -50.3781318,-27.4995634992259,0.0 -50.3779775,-27.4996437992259,0.0 -50.3778118,-27.4997401992259,0.0 -50.3776404,-27.4998718992259,0.0 -50.3775266,-27.5000004992259,0.0 -50.3774274,-27.5001116992259,0.0 -50.377337,-27.5002087992259,0.0 -50.3772545,-27.5002934992259,0.0 -50.3771793,-27.5003673992259,0.0 -50.3771105,-27.5004318992259,0.0 -50.3770475,-27.5004887992259,0.0 -50.3769894,-27.5005394992259,0.0 -50.3768384,-27.5006690992259,0.0 -50.3767944,-27.5007074992259,0.0 -50.3767534,-27.5007444992259,0.0 -50.3767149,-27.5007803992259,0.0 -50.3766789,-27.5008158992259,0.0 -50.3766451,-27.5008512992259,0.0 -50.3766132,-27.5008872992259,0.0 -50.3765832,-27.5009240992259,0.0 -50.3765549,-27.5009616992259,0.0 -50.3765283,-27.5009999992259,0.0 -50.3765035,-27.5010387992259,0.0 -50.3764803,-27.5010778992259,0.0 -50.3764587,-27.5011170992259,0.0 -50.3764388,-27.5011561992259,0.0 -50.3764205,-27.5011950992259,0.0 -50.3764037,-27.5012336992259,0.0 -50.3763886,-27.5012721992259,0.0 -50.3763753,-27.5013109992259,0.0 -50.3763638,-27.5013503992259,0.0 -50.3763543,-27.5013905992259,0.0 -50.3763468,-27.5014320992259,0.0 -50.3763415,-27.5014750992259,0.0 -50.3763385,-27.5015198992259,0.0 -50.3763378,-27.5015668992259,0.0 -50.3763396,-27.5016162992259,0.0 -50.3763441,-27.5016679992259,0.0 -50.3763514,-27.5017221992259,0.0 -50.3763617,-27.5017790992259,0.0 -50.376375,-27.5018385992259,0.0 -50.3763917,-27.5019009992259,0.0 -50.3764118,-27.5019662992259,0.0 -50.3764354,-27.5020346992259,0.0 -50.3764624,-27.5021059992259,0.0 -50.3764925,-27.5021803992259,0.0 -50.3765257,-27.5022577992259,0.0 -50.3765617,-27.5023381992259,0.0 -50.3766003,-27.5024214992259,0.0 -50.3766412,-27.5025077992259,0.0 -50.3767296,-27.5026891992259,0.0 -50.3768257,-27.5028804992258,0.0 -50.3768764,-27.5029785992258,0.0 -50.3769245,-27.5030698992258,0.0 -50.3769287,-27.5030777992258,0.0 -50.3769825,-27.5031775992258,0.0 -50.3770377,-27.5032773992258,0.0 -50.3770943,-27.5033768992258,0.0 -50.3771522,-27.5034757992258,0.0 -50.3772114,-27.5035741992258,0.0 -50.377272,-27.5036726992258,0.0 -50.3773341,-27.5037716992258,0.0 -50.3774632,-27.5039730992258,0.0 -50.3776702,-27.5042900992258,0.0 -50.3778143,-27.5045087992258,0.0 -50.377886,-27.5046162992258,0.0 -50.377962,-27.5047284992258,0.0 -50.378089,-27.5049138992258,0.0 -50.37815,-27.5049997992258,0.0 -50.3782064,-27.5050769992258,0.0 -50.3782589,-27.5051470992258,0.0 -50.3784013,-27.5053330992258,0.0 -50.3784466,-27.5053934992258,0.0 -50.3784921,-27.5054561992258,0.0 -50.3785389,-27.5055232992258,0.0 -50.3785874,-27.5055959992258,0.0 -50.3786374,-27.5056738992258,0.0 -50.3786885,-27.5057557992258,0.0 -50.37874,-27.5058404992258,0.0 -50.3788426,-27.5060140992258,0.0 -50.3788926,-27.5061006992258,0.0 -50.3789875,-27.5062680992258,0.0 -50.3790746,-27.5064257992258,0.0 -50.3791153,-27.5065014992258,0.0 -50.3791541,-27.5065754992258,0.0 -50.3791911,-27.5066479992258,0.0 -50.3792263,-27.5067191992258,0.0 -50.3792597,-27.5067893992258,0.0 -50.3792914,-27.5068586992258,0.0 -50.3793215,-27.5069272992258,0.0 -50.3793501,-27.5069950992258,0.0 -50.3793771,-27.5070620992258,0.0 -50.3794028,-27.5071281992258,0.0 -50.379427,-27.5071933992258,0.0 -50.37945,-27.5072577992258,0.0 -50.3794718,-27.5073212992258,0.0 -50.3794925,-27.5073839992258,0.0 -50.379512,-27.5074466992258,0.0 -50.3795304,-27.5075102992258,0.0 -50.3795477,-27.5075756992258,0.0 -50.3795639,-27.5076436992258,0.0 -50.379579,-27.5077153992258,0.0 -50.3795932,-27.5077914992258,0.0 -50.3796062,-27.5078728992258,0.0 -50.3796183,-27.5079604992258,0.0 -50.3796292,-27.5080536992258,0.0 -50.3796387,-27.5081520992257,0.0 -50.3796468,-27.5082549992257,0.0 -50.3796533,-27.5083619992258,0.0 -50.3796581,-27.5084723992257,0.0 -50.3796609,-27.5085855992257,0.0 -50.3796616,-27.5087011992257,0.0 -50.3796602,-27.5088183992257,0.0 -50.3796569,-27.5089360992257,0.0 -50.3796518,-27.5090532992257,0.0 -50.3796453,-27.5091686992257,0.0 -50.3796377,-27.5092810992257,0.0 -50.3796292,-27.5093894992257,0.0 -50.37962,-27.5094925992257,0.0 -50.3796104,-27.5095892992257,0.0 -50.3796007,-27.5096788992257,0.0 -50.3795907,-27.5097626992257,0.0 -50.3795698,-27.5099204992257,0.0 -50.379477,-27.5105503992257,0.0 -50.3792963,-27.5118161992257,0.0 -50.3792352,-27.5122353992257,0.0 -50.3792021,-27.5124475992257,0.0 -50.3791819,-27.5125637992257,0.0 -50.3791601,-27.5126783992257,0.0 -50.3790934,-27.5130114992257,0.0 -50.3790666,-27.5131575992257,0.0 -50.3790543,-27.5132316992257,0.0 -50.379043,-27.5133059992257,0.0 -50.3790327,-27.5133799992257,0.0 -50.3790235,-27.5134535992256,0.0 -50.3790153,-27.5135262992256,0.0 -50.3790082,-27.5135978992256,0.0 -50.379002,-27.5136680992256,0.0 -50.3789969,-27.5137365992256,0.0 -50.3789928,-27.5138028992256,0.0 -50.3789897,-27.5138670992256,0.0 -50.3789876,-27.5139292992256,0.0 -50.3789866,-27.5139899992256,0.0 -50.3789868,-27.5140495992256,0.0 -50.3789883,-27.5141084992256,0.0 -50.378991,-27.5141671992256,0.0 -50.378995,-27.5142259992256,0.0 -50.3790005,-27.5142854992256,0.0 -50.3790075,-27.5143458992256,0.0 -50.379016,-27.5144072992256,0.0 -50.3790264,-27.5144697992256,0.0 -50.3790386,-27.5145331992256,0.0 -50.379053,-27.5145976992256,0.0 -50.3790695,-27.5146631992256,0.0 -50.3790885,-27.5147296992256,0.0 -50.37911,-27.5147970992256,0.0 -50.3791341,-27.5148655992256,0.0 -50.3791605,-27.5149348992256,0.0 -50.3791889,-27.5150048992256,0.0 -50.3792188,-27.5150753992256,0.0 -50.3792498,-27.5151462992256,0.0 -50.3794401,-27.5155686992256,0.0 -50.3795052,-27.5157109992256,0.0 -50.3795385,-27.5157804992256,0.0 -50.3795727,-27.5158497992256,0.0 -50.3796083,-27.5159187992256,0.0 -50.3796451,-27.5159875992256,0.0 -50.3796832,-27.5160560992256,0.0 -50.3797618,-27.5161926992256,0.0 -50.3799207,-27.5164641992256,0.0 -50.3799591,-27.5165319992256,0.0 -50.3801134,-27.5168077992256,0.0 -50.3801967,-27.5169520992256,0.0 -50.3802415,-27.5170266992256,0.0 -50.3802887,-27.5171031992256,0.0 -50.3803379,-27.5171811992256,0.0 -50.3803887,-27.5172598992256,0.0 -50.3804927,-27.5174175992256,0.0 -50.3806467,-27.5176453992256,0.0 -50.3807893,-27.5178526992256,0.0 -50.3808805,-27.5179816992256,0.0 -50.3809717,-27.5181061992256,0.0 -50.3810182,-27.5181676992256,0.0 -50.3810657,-27.5182288992256,0.0 -50.3811631,-27.5183508992256,0.0 -50.3812622,-27.5184715992256,0.0 -50.3819492,-27.5192972992255,0.0 -50.382351,-27.5197750992255,0.0 -50.3824893,-27.5199404992255,0.0 -50.3828934,-27.5204291992255,0.0 -50.3829837,-27.5205375992255,0.0 -50.3830767,-27.5206465992255,0.0 -50.383125,-27.5207015992255,0.0 -50.3831749,-27.5207568992255,0.0 -50.3832266,-27.5208125992255,0.0 -50.3832804,-27.5208687992255,0.0 -50.3833364,-27.5209254992255,0.0 -50.3833947,-27.5209826992255,0.0 -50.3834548,-27.5210402992255,0.0 -50.3835638,-27.5211411992255,0.0 -50.3836443,-27.5212145992255,0.0 -50.3837757,-27.5213311992255,0.0 -50.3839092,-27.5214474992255,0.0 -50.3842471,-27.5217383992255,0.0 -50.3846471,-27.5220854992255,0.0 -50.3847738,-27.5221940992255,0.0 -50.3848948,-27.5222953992255,0.0 -50.3850112,-27.5223900992255,0.0 -50.3851276,-27.5224822992255,0.0 -50.3853237,-27.5226354992255,0.0 -50.385501,-27.5227721992255,0.0 -50.3855697,-27.5228236992255,0.0 -50.38564,-27.5228752992255,0.0 -50.3857118,-27.5229265992255,0.0 -50.3857851,-27.5229772992255,0.0 -50.3858597,-27.5230268992255,0.0 -50.3859355,-27.5230751992255,0.0 -50.3860125,-27.5231222992255,0.0 -50.3860908,-27.5231683992255,0.0 -50.3861703,-27.5232137992255,0.0 -50.3862512,-27.5232585992255,0.0 -50.3863334,-27.5233030992255,0.0 -50.3864169,-27.5233474992255,0.0 -50.3865881,-27.5234365992255,0.0 -50.3867662,-27.5235274992255,0.0 -50.3868588,-27.5235739992255,0.0 -50.3871074,-27.5236961992255,0.0 -50.3872597,-27.5237697992255,0.0 -50.3874809,-27.5238743992254,0.0 -50.3877059,-27.5239782992255,0.0 -50.3878158,-27.5240277992255,0.0 -50.3879219,-27.5240747992255,0.0 -50.3880226,-27.5241182992255,0.0 -50.3881163,-27.5241574992254,0.0 -50.3882019,-27.5241918992255,0.0 -50.3882801,-27.5242216992254,0.0 -50.3883521,-27.5242473992254,0.0 -50.388419,-27.5242694992254,0.0 -50.3884822,-27.5242885992255,0.0 -50.3885427,-27.5243049992254,0.0 -50.3886017,-27.5243193992254,0.0 -50.3886604,-27.5243321992254,0.0 -50.3887198,-27.5243438992254,0.0 -50.3887799,-27.5243545992254,0.0 -50.3888405,-27.5243644992254,0.0 -50.3892616,-27.5244237992254,0.0 -50.3894858,-27.5244547992254,0.0 -50.389649,-27.5244752992255,0.0 -50.3897573,-27.5244867992254,0.0 -50.3898693,-27.5244967992254,0.0 -50.3899886,-27.5245052992254,0.0 -50.3901187,-27.5245123992254,0.0 -50.3902588,-27.5245182992254,0.0 -50.3904038,-27.5245228992254,0.0 -50.3907965,-27.5245304992254,0.0 -50.39106,-27.5245348992254,0.0 -50.3911741,-27.5245382992254,0.0 -50.3912297,-27.5245407992254,0.0 -50.3912842,-27.5245438992254,0.0 -50.3913373,-27.5245478992254,0.0 -50.391389,-27.5245529992254,0.0 -50.3914391,-27.5245592992254,0.0 -50.3914875,-27.5245669992254,0.0 -50.3915341,-27.5245761992254,0.0 -50.3915788,-27.5245870992254,0.0 -50.3916218,-27.5245996992254,0.0 -50.3916633,-27.5246136992254,0.0 -50.3917035,-27.5246290992254,0.0 -50.3917429,-27.5246456992254,0.0 -50.3917815,-27.5246633992254,0.0 -50.3918196,-27.5246820992254,0.0 -50.3918575,-27.5247015992254,0.0 -50.3918955,-27.5247219992254,0.0 -50.3919338,-27.5247438992254,0.0 -50.3919726,-27.5247677992254,0.0 -50.3920123,-27.5247944992254,0.0 -50.3920531,-27.5248246992254,0.0 -50.3920952,-27.5248590992254,0.0 -50.392139,-27.5248983992254,0.0 -50.3921847,-27.5249431992254,0.0 -50.3922208,-27.5250267992254,0.0 -50.392252,-27.5251065992254,0.0 -50.3922787,-27.5251833992254,0.0 -50.3923015,-27.5252578992254,0.0 -50.3923207,-27.5253306992254,0.0 -50.3923368,-27.5254025992254,0.0 -50.3923502,-27.5254741992254,0.0 -50.3923616,-27.5255461992254,0.0 -50.392371,-27.5256199992254,0.0 -50.3923782,-27.5257002992254,0.0 -50.3923827,-27.5257922992254,0.0 -50.3923839,-27.5259014992254,0.0 -50.3923814,-27.5260331992254,0.0 -50.3923747,-27.5261925992254,0.0 -50.3923632,-27.5263852992254,0.0 -50.3923464,-27.5266163992254,0.0 -50.3923183,-27.5268379992254,0.0 -50.3923029,-27.5269734992254,0.0 -50.3922908,-27.5270958992254,0.0 -50.3922861,-27.5271512992254,0.0 -50.3922824,-27.5272024992254,0.0 -50.3922798,-27.5272499992254,0.0 -50.3922784,-27.5272942992254,0.0 -50.3922782,-27.5273359992254,0.0 -50.3922794,-27.5273755992254,0.0 -50.3922821,-27.5274136992254,0.0 -50.3922863,-27.5274508992254,0.0 -50.3922922,-27.5274875992254,0.0 -50.3922997,-27.5275244992254,0.0 -50.3923087,-27.5275613992254,0.0 -50.392319,-27.5275980992254,0.0 -50.3923303,-27.5276344992254,0.0 -50.3923552,-27.5277055992254,0.0 -50.3923815,-27.5277732992254,0.0 -50.392408,-27.5278366992254,0.0 -50.3924214,-27.5278673992254,0.0 -50.3924494,-27.5279277992254,0.0 -50.3924642,-27.5279581992254,0.0 -50.392496,-27.5280205992254,0.0 -50.3925318,-27.5280868992254,0.0 -50.3925735,-27.5281580992254,0.0 -50.3925972,-27.5281958992254,0.0 -50.3926231,-27.5282352992254,0.0 -50.3926514,-27.5282763992254,0.0 -50.3926823,-27.5283192992254,0.0 -50.3927161,-27.5283640992254,0.0 -50.3928653,-27.5285548992254,0.0 -50.3929024,-27.5286036992254,0.0 -50.3929379,-27.5286521992254,0.0 -50.3929711,-27.5286999992254,0.0 -50.3930013,-27.5287467992254,0.0 -50.3930287,-27.5287927992254,0.0 -50.3930536,-27.5288379992254,0.0 -50.3930761,-27.5288825992254,0.0 -50.3930966,-27.5289267992254,0.0 -50.3931153,-27.5289706992254,0.0 -50.3931325,-27.5290145992254,0.0 -50.3931484,-27.5290584992254,0.0 -50.3931633,-27.5291025992254,0.0 -50.3931772,-27.5291464992254,0.0 -50.3931899,-27.5291897992254,0.0 -50.3932015,-27.5292321992254,0.0 -50.3932118,-27.5292732992254,0.0 -50.3932207,-27.5293125992254,0.0 -50.3932283,-27.5293496992254,0.0 -50.3932344,-27.5293842992254,0.0 -50.393239,-27.5294161992254,0.0 -50.3932422,-27.5294454992254,0.0 -50.3932439,-27.5294727992253,0.0 -50.3932443,-27.5294985992254,0.0 -50.3932435,-27.5295230992254,0.0 -50.3932415,-27.5295469992254,0.0 -50.3932383,-27.5295706992253,0.0 -50.3932341,-27.5295944992254,0.0 -50.3932289,-27.5296189992253,0.0 -50.3932227,-27.5296439992253,0.0 -50.3932155,-27.5296695992253,0.0 -50.3932072,-27.5296956992253,0.0 -50.3931979,-27.5297221992253,0.0 -50.3931875,-27.5297491992253,0.0 -50.393176,-27.5297765992253,0.0 -50.3931633,-27.5298042992253,0.0 -50.3931496,-27.5298322992253,0.0 -50.3931346,-27.5298605992253,0.0 -50.3931014,-27.5299187992253,0.0 -50.393083,-27.5299487992253,0.0 -50.3930428,-27.5300109992253,0.0 -50.3929979,-27.5300766992253,0.0 -50.3929739,-27.5301105992253,0.0 -50.3929236,-27.5301796992253,0.0 -50.3928975,-27.5302141992253,0.0 -50.3928445,-27.5302820992253,0.0 -50.3928178,-27.5303147992253,0.0 -50.3927646,-27.5303771992253,0.0 -50.3927113,-27.5304359992253,0.0 -50.3926844,-27.5304642992253,0.0 -50.39263,-27.5305190992253,0.0 -50.3925742,-27.5305722992253,0.0 -50.3925456,-27.5305984992253,0.0 -50.3924863,-27.5306500992253,0.0 -50.3924555,-27.5306754992253,0.0 -50.3924237,-27.5307005992253,0.0 -50.3923908,-27.5307254992253,0.0 -50.3923567,-27.5307501992253,0.0 -50.3923213,-27.5307745992253,0.0 -50.3922847,-27.5307986992253,0.0 -50.392247,-27.5308224992253,0.0 -50.3922083,-27.5308458992253,0.0 -50.3921687,-27.5308687992253,0.0 -50.3921282,-27.5308911992253,0.0 -50.3920869,-27.5309128992253,0.0 -50.392045,-27.5309339992253,0.0 -50.3920025,-27.5309543992253,0.0 -50.3919593,-27.5309738992253,0.0 -50.3919153,-27.5309925992253,0.0 -50.3918705,-27.5310102992253,0.0 -50.3918247,-27.5310268992253,0.0 -50.3917778,-27.5310423992253,0.0 -50.3917296,-27.5310566992253,0.0 -50.3916802,-27.5310696992253,0.0 -50.3916295,-27.5310813992253,0.0 -50.3915777,-27.5310917992253,0.0 -50.3915251,-27.5311010992253,0.0 -50.3914722,-27.5311092992253,0.0 -50.3914193,-27.5311165992253,0.0 -50.3913146,-27.5311289992253,0.0 -50.3910716,-27.5311529992253,0.0 -50.3910262,-27.5311578992253,0.0 -50.3909815,-27.5311632992253,0.0 -50.3909375,-27.5311693992253,0.0 -50.3908942,-27.5311761992253,0.0 -50.3908513,-27.5311840992253,0.0 -50.3908092,-27.5311927992253,0.0 -50.3907679,-27.5312021992253,0.0 -50.3906887,-27.5312223992253,0.0 -50.3906512,-27.5312328992253,0.0 -50.3905813,-27.5312538992253,0.0 -50.3905189,-27.5312743992253,0.0 -50.3904898,-27.5312850992253,0.0 -50.3904615,-27.5312964992253,0.0 -50.3904339,-27.5313089992253,0.0 -50.3904063,-27.5313227992253,0.0 -50.3903785,-27.5313383992253,0.0 -50.3903502,-27.5313559992253,0.0 -50.3903209,-27.5313758992253,0.0 -50.3902906,-27.5313981992253,0.0 -50.3902596,-27.5314225992253,0.0 -50.3902277,-27.5314491992253,0.0 -50.3901952,-27.5314777992253,0.0 -50.390162,-27.5315083992253,0.0 -50.3901282,-27.5315407992253,0.0 -50.390094,-27.5315748992253,0.0 -50.3900593,-27.5316107992253,0.0 -50.3900242,-27.5316482992253,0.0 -50.3899887,-27.5316874992253,0.0 -50.3899528,-27.5317283992253,0.0 -50.3899164,-27.5317709992253,0.0 -50.3898424,-27.5318613992253,0.0 -50.3897666,-27.5319585992253,0.0 -50.3896054,-27.5321714992253,0.0 -50.3895164,-27.5322855992253,0.0 -50.3894691,-27.5323441992253,0.0 -50.3894197,-27.5324035992253,0.0 -50.3892651,-27.5325865992253,0.0 -50.3892136,-27.5326488992253,0.0 -50.3891633,-27.5327117992253,0.0 -50.3891146,-27.5327751992253,0.0 -50.3890685,-27.5328389992253,0.0 -50.3890252,-27.5329031992253,0.0 -50.3889847,-27.5329677992253,0.0 -50.3889467,-27.5330326992253,0.0 -50.3889107,-27.5330979992253,0.0 -50.3888765,-27.5331635992253,0.0 -50.3888437,-27.5332293992253,0.0 -50.3887809,-27.5333619992253,0.0 -50.3887205,-27.5334950992253,0.0 -50.3886637,-27.5336265992253,0.0 -50.3886373,-27.5336908992253,0.0 -50.3886125,-27.5337536992253,0.0 -50.3885896,-27.5338147992253,0.0 -50.3885689,-27.5338738992253,0.0 -50.3885504,-27.5339305992253,0.0 -50.3885341,-27.5339854992253,0.0 -50.3885197,-27.5340389992253,0.0 -50.3885069,-27.5340916992253,0.0 -50.3884955,-27.5341440992253,0.0 -50.3884852,-27.5341967992253,0.0 -50.3884759,-27.5342502992253,0.0 -50.3884589,-27.5343615992253,0.0 -50.388444,-27.5344784992253,0.0 -50.3884316,-27.5345980992253,0.0 -50.3884266,-27.5346578992253,0.0 -50.3884225,-27.5347170992253,0.0 -50.3884194,-27.5347753992252,0.0 -50.3884173,-27.5348324992253,0.0 -50.3884163,-27.5348880992252,0.0 -50.3884164,-27.5349423992252,0.0 -50.3884177,-27.5349951992252,0.0 -50.3884201,-27.5350465992252,0.0 -50.3884237,-27.5350965992252,0.0 -50.3884285,-27.5351450992253,0.0 -50.3884345,-27.5351920992252,0.0 -50.3884417,-27.5352376992252,0.0 -50.3884501,-27.5352822992252,0.0 -50.3884597,-27.5353263992252,0.0 -50.3884706,-27.5353707992252,0.0 -50.3884958,-27.5354619992252,0.0 -50.3885256,-27.5355602992252,0.0 -50.3885599,-27.5356684992252,0.0 -50.3885976,-27.5357820992252,0.0 -50.3886174,-27.5358390992252,0.0 -50.3886378,-27.5358951992252,0.0 -50.3886585,-27.5359495992252,0.0 -50.3886794,-27.5360015992252,0.0 -50.3886932,-27.5360305992252,0.0 -50.3887213,-27.5360967992252,0.0 -50.3887421,-27.5361403992252,0.0 -50.3887625,-27.5361816992252,0.0 -50.3888207,-27.5362947992252,0.0 -50.3888556,-27.5363640992252,0.0 -50.3889316,-27.5365240992252,0.0 -50.3889608,-27.5365830992252,0.0 -50.3889758,-27.5366115992252,0.0 -50.3890064,-27.5366667992252,0.0 -50.3890968,-27.5368195992252,0.0 -50.3891424,-27.5369002992252,0.0 -50.3891794,-27.5369703992252,0.0 -50.3892014,-27.5370132992252,0.0 -50.3892851,-27.5371826992252,0.0 -50.3893519,-27.5373220992252,0.0 -50.3893864,-27.5373957992252,0.0 -50.3894544,-27.5375442992252,0.0 -50.3894864,-27.5376162992252,0.0 -50.3895447,-27.5377525992252,0.0 -50.3896565,-27.5380225992252,0.0 -50.3897211,-27.5381745992252,0.0 -50.3897976,-27.5383470992252,0.0 -50.3898401,-27.5384397992252,0.0 -50.3898849,-27.5385355992252,0.0 -50.3899317,-27.5386334992252,0.0 -50.3899803,-27.5387326992252,0.0 -50.3900302,-27.5388319992252,0.0 -50.3900813,-27.5389306992252,0.0 -50.390133,-27.5390279992252,0.0 -50.3901854,-27.5391234992252,0.0 -50.3902381,-27.5392172992252,0.0 -50.390291,-27.5393091992252,0.0 -50.3903439,-27.5393989992252,0.0 -50.3903967,-27.5394867992252,0.0 -50.3904491,-27.5395722992252,0.0 -50.3905522,-27.5397363992252,0.0 -50.3906028,-27.5398150992252,0.0 -50.390653,-27.5398916992252,0.0 -50.390703,-27.5399664992251,0.0 -50.390753,-27.5400395992251,0.0 -50.390803,-27.5401111992252,0.0 -50.3908533,-27.5401814992251,0.0 -50.390904,-27.5402506992252,0.0 -50.3909553,-27.5403189992251,0.0 -50.3910078,-27.5403869992251,0.0 -50.3910621,-27.5404551992251,0.0 -50.3911187,-27.5405243992251,0.0 -50.3911782,-27.5405949992251,0.0 -50.3912413,-27.5406676992251,0.0 -50.3913084,-27.5407431992251,0.0 -50.3913802,-27.5408218992251,0.0 -50.3914574,-27.5409046992251,0.0 -50.3915412,-27.5409921992251,0.0 -50.3916327,-27.5410854992251,0.0 -50.3917334,-27.5411853992251,0.0 -50.3918445,-27.5412928992251,0.0 -50.3919673,-27.5414087992251,0.0 -50.3922134,-27.5416335992251,0.0 -50.3922531,-27.5416694992251,0.0 -50.3924745,-27.5419436992251,0.0 -50.3925453,-27.5420314992251,0.0 -50.3928562,-27.5423477992251,0.0 -50.3933098,-27.5427852992251,0.0 -50.3937814,-27.5433651992251,0.0 -50.3940606,-27.5436684992251,0.0 -50.3943849,-27.5440327992251,0.0 -50.3945625,-27.5442303992251,0.0 -50.3946838,-27.5444025992251,0.0 -50.3947535,-27.5445494992251,0.0 -50.3948092,-27.5446836992251,0.0 -50.3948508,-27.5448094992251,0.0 -50.3948688,-27.5449560992251,0.0 -50.3948915,-27.5451069992251,0.0 -50.3949278,-27.5454106992251,0.0 -50.3949591,-27.545695599225,0.0 -50.3950144,-27.545913599225,0.0 -50.3950369,-27.546097899225,0.0 -50.3951149,-27.546445799225,0.0 -50.3951747,-27.546676399225,0.0 -50.3952448,-27.546788299225,0.0 -50.3955115,-27.547073099225,0.0 -50.395844,-27.547313199225,0.0 -50.3961348,-27.547482299225,0.0 -50.3966742,-27.547778299225,0.0 -50.3969461,-27.547909299225,0.0 -50.3979094,-27.548317199225,0.0 -50.3985099,-27.548537599225,0.0 -50.399249,-27.548796399225,0.0 -50.399676,-27.548887099225,0.0 -50.4001552,-27.548960399225,0.0 -50.400794,-27.549046899225,0.0 -50.4013832,-27.549217599225,0.0 -50.4018434,-27.549307599225,0.0 -50.4022335,-27.549330199225,0.0 -50.4028873,-27.549257599225,0.0 -50.4035793,-27.549093099225,0.0 -50.4044337,-27.548744399225,0.0 -50.4050323,-27.548457999225,0.0 -50.4055707,-27.548195299225,0.0 -50.406004,-27.548037999225,0.0 -50.4064659,-27.547813799225,0.0 -50.407055,-27.547520499225,0.0 -50.4075849,-27.547193299225,0.0 -50.4080707,-27.546918299225,0.0 -50.4081601,-27.546877499225,0.0 -50.4084115,-27.546823299225,0.0 -50.4087316,-27.546749299225,0.0 -50.4089763,-27.546704299225,0.0 -50.4092915,-27.546659499225,0.0 -50.4096772,-27.546615099225,0.0 -50.4098937,-27.546612299225,0.0 -50.4102364,-27.546655199225,0.0 -50.4104706,-27.546732799225,0.0 -50.4106836,-27.546837099225,0.0 -50.410932,-27.546972199225,0.0 -50.4111051,-27.547140399225,0.0 -50.4112682,-27.547338499225,0.0 -50.4113989,-27.547585599225,0.0 -50.4114591,-27.547788299225,0.0 -50.4114438,-27.548005999225,0.0 -50.4113859,-27.548290499225,0.0 -50.4112434,-27.548574599225,0.0 -50.4110546,-27.548711999225,0.0 -50.4106069,-27.548911099225,0.0 -50.4101972,-27.549043399225,0.0 -50.4097574,-27.549202299225,0.0 -50.4091362,-27.549333699225,0.0 -50.4087739,-27.549386599225,0.0 -50.4084258,-27.549418599225,0.0 -50.4080307,-27.549467199225,0.0 -50.407654,-27.549574499225,0.0 -50.4073476,-27.549736499225,0.0 -50.4068541,-27.550080899225,0.0 -50.4066277,-27.550221599225,0.0 -50.4058821,-27.5507418992249,0.0 -50.4054524,-27.5510959992249,0.0 -50.4049801,-27.5514917992249,0.0 -50.4040799,-27.5523740992249,0.0 -50.4036353,-27.5528299992249,0.0 -50.4031722,-27.5532634992249,0.0 -50.4018787,-27.5541349992249,0.0 -50.4011981,-27.5545298992249,0.0 -50.4006608,-27.5547829992249,0.0 -50.3999351,-27.5550813992249,0.0 -50.399161,-27.5554316992249,0.0 -50.3986273,-27.5556406992249,0.0 -50.3978086,-27.5559001992249,0.0 -50.3969157,-27.5562437992248,0.0 -50.3962761,-27.5565368992248,0.0 -50.3958135,-27.5568058992248,0.0 -50.3955698,-27.5569210992248,0.0 -50.3949888,-27.5571016992248,0.0 -50.3940039,-27.5572552992248,0.0 -50.3935745,-27.5573303992248,0.0 -50.3931077,-27.5574870992248,0.0 -50.3921509,-27.5577624992248,0.0 -50.391639,-27.5578400992248,0.0 -50.3910539,-27.5578046992248,0.0 -50.3904219,-27.5576656992248,0.0 -50.3898992,-27.5574467992248,0.0 -50.3896049,-27.5572623992248,0.0 -50.3892901,-27.5569885992248,0.0 -50.3890806,-27.5567340992248,0.0 -50.3888077,-27.5563082992248,0.0 -50.3886676,-27.5558896992249,0.0 -50.3885427,-27.5554500992249,0.0 -50.3884133,-27.5550221992249,0.0 -50.3883728,-27.5547120992249,0.0 -50.3882647,-27.5540988992249,0.0 -50.3882138,-27.5537652992249,0.0 -50.3881617,-27.5536569992249,0.0 -50.3880726,-27.5535485992249,0.0 -50.3878994,-27.5534115992249,0.0 -50.3877469,-27.5533451992249,0.0 -50.3874682,-27.5532124992249,0.0 -50.3871945,-27.5531173992249,0.0 -50.3867733,-27.5530074992249,0.0 -50.3859864,-27.5529231992249,0.0 -50.3855343,-27.5529155992249,0.0 -50.3851483,-27.5528818992249,0.0 -50.3849903,-27.5528793992249,0.0 -50.3843575,-27.5528736992249,0.0 -50.3840918,-27.5529151992249,0.0 -50.3836849,-27.5530824992249,0.0 -50.3833834,-27.5532501992249,0.0 -50.3831135,-27.5534368992249,0.0 -50.3828274,-27.5536797992249,0.0 -50.3825518,-27.5539321992249,0.0 -50.3822479,-27.5542708992249,0.0 -50.3820565,-27.5545470992249,0.0 -50.3819391,-27.5548095992249,0.0 -50.381816,-27.5551330992249,0.0 -50.3817969,-27.5552609992249,0.0 -50.3817649,-27.5557210992249,0.0 -50.3817948,-27.5560264992249,0.0 -50.381845,-27.5564134992248,0.0 -50.3818804,-27.5566719992248,0.0 -50.3819317,-27.5569351992248,0.0 -50.3820042,-27.5571562992248,0.0 -50.3822184,-27.5575062992248,0.0 -50.382333,-27.5577509992248,0.0 -50.3825214,-27.5580100992248,0.0 -50.3827841,-27.5582991992248,0.0 -50.3829138,-27.5584053992248,0.0 -50.3832566,-27.5586769992248,0.0 -50.3833718,-27.5588089992248,0.0 -50.3834869,-27.5589832992248,0.0 -50.3835605,-27.5591500992248,0.0 -50.3836384,-27.5593570992248,0.0 -50.3837373,-27.5595922992248,0.0 -50.3838254,-27.5598744992248,0.0 -50.3839185,-27.5601988992248,0.0 -50.3839754,-27.5604405992248,0.0 -50.3840314,-27.5607882992248,0.0 -50.3840619,-27.5610044992248,0.0 -50.3840567,-27.5610723992248,0.0 -50.3840505,-27.5611546992248,0.0 -50.3840338,-27.5613001992248,0.0 -50.3840121,-27.5614221992247,0.0 -50.383906,-27.5615250992247,0.0 -50.3837738,-27.5615995992247,0.0 -50.3835941,-27.5616692992248,0.0 -50.3833354,-27.5617338992247,0.0 -50.3829184,-27.5618024992247,0.0 -50.3824544,-27.5618144992247,0.0 -50.3820116,-27.5617937992247,0.0 -50.3816056,-27.5617778992247,0.0 -50.3812191,-27.5617309992247,0.0 -50.3809926,-27.5616970992247,0.0 -50.3807817,-27.5616961992247,0.0 -50.3805074,-27.5617183992247,0.0 -50.3802593,-27.5617548992247,0.0 -50.3800953,-27.5618527992247,0.0 -50.3799415,-27.5620164992247,0.0 -50.3797187,-27.5622455992247,0.0 -50.3794015,-27.5624038992247,0.0 -50.3790582,-27.5625055992247,0.0 -50.3786169,-27.5626695992247,0.0 -50.3782788,-27.5627713992247,0.0 -50.3776824,-27.5628766992247,0.0 -50.3774978,-27.5628723992247,0.0 -50.3766335,-27.5628062992247,0.0 -50.3760807,-27.5626487992247,0.0 -50.3760345,-27.5626246992247,0.0 -50.3756917,-27.5624450992247,0.0 -50.375,-27.5619185992247,0.0 -50.3747844,-27.5616189992247,0.0 -50.3746262,-27.5614154992248,0.0 -50.3745096,-27.5612631992248,0.0 -50.3743392,-27.5610299992248,0.0 -50.3743021,-27.5609766992248,0.0 -50.3742311,-27.5608725992248,0.0 -50.374135,-27.5607285992248,0.0 -50.3739787,-27.5604904992248,0.0 -50.3739402,-27.5604303992248,0.0 -50.3738618,-27.5603045992248,0.0 -50.373822,-27.5602387992248,0.0 -50.3737415,-27.5601012992248,0.0 -50.3737008,-27.5600299992248,0.0 -50.3736189,-27.5598839992248,0.0 -50.3733703,-27.5594362992248,0.0 -50.3732036,-27.5591405992248,0.0 -50.3730783,-27.5589218992248,0.0 -50.3729943,-27.5587769992248,0.0 -50.3728232,-27.5584861992248,0.0 -50.3726912,-27.5582663992248,0.0 -50.3726024,-27.5581230992248,0.0 -50.3725581,-27.5580535992248,0.0 -50.3725141,-27.5579859992248,0.0 -50.3724703,-27.5579206992248,0.0 -50.372427,-27.5578580992248,0.0 -50.3723843,-27.5577979992248,0.0 -50.3723423,-27.5577404992248,0.0 -50.3722613,-27.5576321992248,0.0 -50.3721498,-27.5574855992248,0.0 -50.3719575,-27.5572281992248,0.0 -50.3718914,-27.5571432992248,0.0 -50.371856,-27.5570993992248,0.0 -50.3717804,-27.5570083992248,0.0 -50.3716986,-27.5569134992248,0.0 -50.3716554,-27.5568646992248,0.0 -50.3715648,-27.5567643992248,0.0 -50.3712732,-27.5564510992248,0.0 -50.3711785,-27.5563472992248,0.0 -50.371133,-27.5562962992248,0.0 -50.3710456,-27.5561962992248,0.0 -50.3709581,-27.5560946992249,0.0 -50.370837,-27.5559539992249,0.0 -50.3705844,-27.5556680992248,0.0 -50.3705006,-27.5555709992249,0.0 -50.370418,-27.5554719992249,0.0 -50.3702128,-27.5552197992249,0.0 -50.3701296,-27.5551189992249,0.0 -50.3700452,-27.5550194992249,0.0 -50.3699598,-27.5549220992249,0.0 -50.3698736,-27.5548274992249,0.0 -50.3698302,-27.5547815992249,0.0 -50.3697429,-27.5546920992249,0.0 -50.3695603,-27.5545085992249,0.0 -50.3694617,-27.5544061992249,0.0 -50.3694101,-27.5543507992249,0.0 -50.3693576,-27.5542932992249,0.0 -50.3692538,-27.5541772992249,0.0 -50.3691576,-27.5540676992249,0.0 -50.3689903,-27.5538750992249,0.0 -50.3689467,-27.5538273992249,0.0 -50.368926,-27.5538058992249,0.0 -50.3688813,-27.5537627992249,0.0 -50.3688269,-27.5537138992249,0.0 -50.3687629,-27.5536583992249,0.0 -50.3685314,-27.5534599992249,0.0 -50.3684496,-27.5533875992249,0.0 -50.36841,-27.5533514992249,0.0 -50.3683721,-27.5533157992249,0.0 -50.3683363,-27.5532809992249,0.0 -50.3683032,-27.5532472992249,0.0 -50.3682732,-27.5532149992249,0.0 -50.368246,-27.5531837992249,0.0 -50.3682212,-27.5531533992249,0.0 -50.3681984,-27.5531234992249,0.0 -50.3681771,-27.5530937992249,0.0 -50.368157,-27.5530638992249,0.0 -50.3681185,-27.5530023992249,0.0 -50.3680803,-27.5529369992249,0.0 -50.3680425,-27.5528684992249,0.0 -50.368006,-27.5527983992249,0.0 -50.367972,-27.5527281992249,0.0 -50.3679409,-27.5526588992249,0.0 -50.3679123,-27.5525903992249,0.0 -50.3678856,-27.5525219992249,0.0 -50.3678471,-27.5524182992249,0.0 -50.3678225,-27.5523472992249,0.0 -50.3678108,-27.5523107992249,0.0 -50.3677997,-27.5522735992249,0.0 -50.3677894,-27.5522353992249,0.0 -50.36778,-27.5521960992249,0.0 -50.3677716,-27.5521555992249,0.0 -50.3677643,-27.5521136992249,0.0 -50.367758,-27.5520702992249,0.0 -50.3677528,-27.5520250992249,0.0 -50.3677485,-27.5519779992249,0.0 -50.367745,-27.5519288992249,0.0 -50.3677402,-27.5518234992249,0.0 -50.3677379,-27.5517076992249,0.0 -50.3677382,-27.5515836992249,0.0 -50.3677395,-27.5515204992249,0.0 -50.3677418,-27.5514573992249,0.0 -50.3677451,-27.5513952992249,0.0 -50.3677496,-27.5513347992249,0.0 -50.3677554,-27.5512768992249,0.0 -50.3677625,-27.5512218992249,0.0 -50.367771,-27.5511698992249,0.0 -50.3677808,-27.5511204992249,0.0 -50.3677919,-27.5510735992249,0.0 -50.3678042,-27.5510287992249,0.0 -50.3678179,-27.5509858992249,0.0 -50.3678328,-27.5509445992249,0.0 -50.3678489,-27.550904799225,0.0 -50.3678663,-27.550865999225,0.0 -50.3678849,-27.5508278992249,0.0 -50.3679049,-27.550790199225,0.0 -50.3679263,-27.550752499225,0.0 -50.3679492,-27.5507142992249,0.0 -50.3679997,-27.5506352992249,0.0 -50.368057,-27.550550099225,0.0 -50.3681206,-27.550458899225,0.0 -50.3681888,-27.550364999225,0.0 -50.3682241,-27.550318099225,0.0 -50.36826,-27.550271799225,0.0 -50.3682962,-27.550226599225,0.0 -50.3683325,-27.550182699225,0.0 -50.368369,-27.550140099225,0.0 -50.3684056,-27.550098799225,0.0 -50.3684422,-27.550058499225,0.0 -50.3685154,-27.549980899225,0.0 -50.3685886,-27.549906299225,0.0 -50.3686618,-27.549833699225,0.0 -50.3687363,-27.549761999225,0.0 -50.3688138,-27.549689799225,0.0 -50.3688961,-27.549615899225,0.0 -50.3689395,-27.549577899225,0.0 -50.3690301,-27.549500099225,0.0 -50.369271,-27.549299199225,0.0 -50.3695136,-27.549091999225,0.0 -50.3695667,-27.549049099225,0.0 -50.369622,-27.549005299225,0.0 -50.3696802,-27.548960699225,0.0 -50.3697413,-27.548914999225,0.0 -50.3698052,-27.548868499225,0.0 -50.3698713,-27.548821399225,0.0 -50.369939,-27.548774199225,0.0 -50.3700774,-27.548679999225,0.0 -50.3701472,-27.548633699225,0.0 -50.3702852,-27.548543799225,0.0 -50.3704215,-27.548457799225,0.0 -50.370559,-27.548374299225,0.0 -50.3706291,-27.548333099225,0.0 -50.3707006,-27.548291899225,0.0 -50.3707739,-27.548250699225,0.0 -50.3708492,-27.548209399225,0.0 -50.3710028,-27.548126999225,0.0 -50.3713658,-27.547935799225,0.0 -50.3716488,-27.547782299225,0.0 -50.3717528,-27.547727999225,0.0 -50.3718062,-27.547701399225,0.0 -50.3718613,-27.547674999225,0.0 -50.3719181,-27.547648599225,0.0 -50.3721559,-27.547540399225,0.0 -50.372277,-27.547483199225,0.0 -50.3723371,-27.547453499225,0.0 -50.3723967,-27.547422899225,0.0 -50.3724559,-27.547391699225,0.0 -50.3725147,-27.547359799225,0.0 -50.372631,-27.547294399225,0.0 -50.3726886,-27.547260999225,0.0 -50.3728027,-27.547193199225,0.0 -50.3728588,-27.547158699225,0.0 -50.3729141,-27.547123899225,0.0 -50.3729683,-27.547088699225,0.0 -50.373021,-27.547053099225,0.0 -50.373072,-27.547016999225,0.0 -50.373121,-27.546980399225,0.0 -50.3731679,-27.546943299225,0.0 -50.3732123,-27.546905699225,0.0 -50.3732544,-27.546867699225,0.0 -50.3732941,-27.546829699225,0.0 -50.3733317,-27.546791599225,0.0 -50.3733672,-27.546753899225,0.0 -50.3734008,-27.546716699225,0.0 -50.3734625,-27.546644599225,0.0 -50.3735174,-27.546576399225,0.0 -50.3735425,-27.546543699225,0.0 -50.3735661,-27.546511699225,0.0 -50.3735881,-27.546480199225,0.0 -50.3736088,-27.546449099225,0.0 -50.373628,-27.546418299225,0.0 -50.3736458,-27.546387599225,0.0 -50.3736623,-27.546356899225,0.0 -50.3736775,-27.546325999225,0.0 -50.3736914,-27.546295099225,0.0 -50.3737041,-27.546263899225,0.0 -50.3737154,-27.546232299225,0.0 -50.3737255,-27.546200399225,0.0 -50.3737344,-27.546167999225,0.0 -50.3737421,-27.546135099225,0.0 -50.3737485,-27.546101499225,0.0 -50.3737537,-27.546067299225,0.0 -50.3737576,-27.546032199225,0.0 -50.3737601,-27.545996099225,0.0 -50.3737613,-27.545958899225,0.0 -50.373761,-27.545920499225,0.0 -50.3737592,-27.545880799225,0.0 -50.3737559,-27.545839599225,0.0 -50.3737511,-27.545796899225,0.0 -50.3737448,-27.5457529992251,0.0 -50.373737,-27.545707899225,0.0 -50.373728,-27.5456620992251,0.0 -50.3737177,-27.545615699225,0.0 -50.3737063,-27.5455690992251,0.0 -50.3736939,-27.545522399225,0.0 -50.3736805,-27.545475999225,0.0 -50.3736661,-27.545429799225,0.0 -50.3736504,-27.5453829992251,0.0 -50.3736329,-27.5453345992251,0.0 -50.373613,-27.5452833992251,0.0 -50.3735904,-27.5452282992251,0.0 -50.3735645,-27.5451682992251,0.0 -50.373535,-27.5451021992251,0.0 -50.3735012,-27.5450290992251,0.0 -50.3734207,-27.5448605992251,0.0 -50.3733752,-27.5447679992251,0.0 -50.3732776,-27.5445739992251,0.0 -50.3732268,-27.5444757992251,0.0 -50.3731757,-27.5443788992251,0.0 -50.373125,-27.5442848992251,0.0 -50.3730753,-27.5441948992251,0.0 -50.3730265,-27.5441083992251,0.0 -50.3728841,-27.5438606992251,0.0 -50.3727908,-27.5436960992251,0.0 -50.3727441,-27.5436110992251,0.0 -50.3726972,-27.5435231992251,0.0 -50.37265,-27.5434319992251,0.0 -50.3726026,-27.5433372992251,0.0 -50.372555,-27.5432386992251,0.0 -50.3725072,-27.5431359992251,0.0 -50.3724592,-27.5430288992251,0.0 -50.372411,-27.5429170992251,0.0 -50.3723627,-27.5428003992251,0.0 -50.3723142,-27.5426785992251,0.0 -50.3722658,-27.5425512992251,0.0 -50.3722179,-27.5424185992251,0.0 -50.3721707,-27.5422801992251,0.0 -50.3721244,-27.5421359992251,0.0 -50.3720794,-27.5419858992251,0.0 -50.372036,-27.5418296992251,0.0 -50.3719803,-27.5416672992251,0.0 -50.3719285,-27.5415951992251,0.0 -50.3719064,-27.5415614992251,0.0 -50.3718835,-27.5415264992251,0.0 -50.371844,-27.5414608992251,0.0 -50.3718089,-27.5413978992251,0.0 -50.3717767,-27.5413373992251,0.0 -50.3717463,-27.5412788992251,0.0 -50.3717163,-27.5412221992251,0.0 -50.3716856,-27.5411667992251,0.0 -50.3716529,-27.5411124992251,0.0 -50.3716179,-27.5410587992251,0.0 -50.3715804,-27.5410051992251,0.0 -50.3715402,-27.5409509992251,0.0 -50.371497,-27.5408958992251,0.0 -50.3714507,-27.5408392992251,0.0 -50.3714009,-27.5407805992251,0.0 -50.3713476,-27.5407193992251,0.0 -50.3712905,-27.5406552992251,0.0 -50.3712303,-27.5405887992251,0.0 -50.3711675,-27.5405203992251,0.0 -50.3711028,-27.5404508992251,0.0 -50.3710367,-27.5403807992251,0.0 -50.37097,-27.5403107992251,0.0 -50.3709033,-27.5402413992251,0.0 -50.3708371,-27.5401733992252,0.0 -50.3707719,-27.5401070992251,0.0 -50.3707075,-27.5400424992251,0.0 -50.3706434,-27.5399790992251,0.0 -50.3705792,-27.5399166992252,0.0 -50.3705144,-27.5398549992251,0.0 -50.3704486,-27.5397935992252,0.0 -50.3703813,-27.5397321992252,0.0 -50.3703122,-27.5396705992252,0.0 -50.3702407,-27.5396082992252,0.0 -50.3701671,-27.5395452992252,0.0 -50.3700915,-27.5394811992252,0.0 -50.3700142,-27.5394159992252,0.0 -50.3699353,-27.5393494992252,0.0 -50.3698551,-27.5392814992252,0.0 -50.3697737,-27.5392116992252,0.0 -50.3696914,-27.5391400992252,0.0 -50.3696084,-27.5390665992252,0.0 -50.3695253,-27.5389915992252,0.0 -50.3694427,-27.5389158992252,0.0 -50.3693614,-27.5388400992252,0.0 -50.369282,-27.5387647992252,0.0 -50.3692051,-27.5386906992252,0.0 -50.3691314,-27.5386183992252,0.0 -50.3690617,-27.5385485992252,0.0 -50.3690289,-27.5385150992252,0.0 -50.3689961,-27.5384816992252,0.0 -50.368934,-27.5384170992252,0.0 -50.3688743,-27.5383540992252,0.0 -50.3688158,-27.5382918992252,0.0 -50.3687576,-27.5382297992252,0.0 -50.3686986,-27.5381668992252,0.0 -50.3686376,-27.5381025992252,0.0 -50.3685735,-27.5380359992252,0.0 -50.3685057,-27.5379666992252,0.0 -50.3684348,-27.5378952992252,0.0 -50.3683616,-27.5378225992252,0.0 -50.3682872,-27.5377494992252,0.0 -50.3682124,-27.5376768992252,0.0 -50.3681383,-27.5376057992252,0.0 -50.3680657,-27.5375368992252,0.0 -50.3679956,-27.5374710992252,0.0 -50.3679286,-27.5374090992252,0.0 -50.3678642,-27.5373504992252,0.0 -50.3678016,-27.5372944992252,0.0 -50.3677399,-27.5372403992252,0.0 -50.3676783,-27.5371874992252,0.0 -50.3676159,-27.5371350992252,0.0 -50.3675518,-27.5370825992252,0.0 -50.3674854,-27.5370290992252,0.0 -50.3674159,-27.5369742992252,0.0 -50.3673438,-27.5369184992252,0.0 -50.3672701,-27.5368620992252,0.0 -50.3671952,-27.5368058992252,0.0 -50.3671202,-27.5367502992252,0.0 -50.3670456,-27.5366959992252,0.0 -50.3669724,-27.5366433992252,0.0 -50.3669011,-27.5365931992252,0.0 -50.3668325,-27.5365457992252,0.0 -50.3667667,-27.5365010992252,0.0 -50.3667034,-27.5364590992252,0.0 -50.3666428,-27.5364195992252,0.0 -50.3665846,-27.5363825992252,0.0 -50.3665288,-27.5363477992252,0.0 -50.3664753,-27.5363151992252,0.0 -50.3664241,-27.5362845992252,0.0 -50.366375,-27.5362558992252,0.0 -50.3663275,-27.5362289992252,0.0 -50.366281,-27.5362038992252,0.0 -50.3662348,-27.5361802992252,0.0 -50.3661884,-27.5361583992252,0.0 -50.3661412,-27.5361377992252,0.0 -50.3660927,-27.5361185992252,0.0 -50.3660421,-27.5361005992252,0.0 -50.365989,-27.5360837992252,0.0 -50.3659337,-27.5360682992252,0.0 -50.3658763,-27.5360538992252,0.0 -50.3658171,-27.5360408992252,0.0 -50.3657564,-27.5360292992252,0.0 -50.3656944,-27.5360189992252,0.0 -50.3656315,-27.5360101992252,0.0 -50.3655679,-27.5360028992252,0.0 -50.3655039,-27.5359971992252,0.0 -50.3654397,-27.5359930992252,0.0 -50.3653757,-27.5359907992252,0.0 -50.3653122,-27.5359902992252,0.0 -50.3652495,-27.5359917992252,0.0 -50.3651878,-27.5359952992252,0.0 -50.3651274,-27.5360009992252,0.0 -50.3650688,-27.5360088992252,0.0 -50.3650119,-27.5360191992252,0.0 -50.3649568,-27.5360316992252,0.0 -50.3649029,-27.5360464992252,0.0 -50.3648501,-27.5360635992252,0.0 -50.364798,-27.5360827992252,0.0 -50.3647464,-27.5361041992252,0.0 -50.3646948,-27.5361276992252,0.0 -50.3646431,-27.5361532992252,0.0 -50.3645909,-27.5361809992252,0.0 -50.3645382,-27.5362106992252,0.0 -50.3644851,-27.5362424992252,0.0 -50.3644317,-27.5362762992252,0.0 -50.3643778,-27.5363122992252,0.0 -50.3643237,-27.5363503992252,0.0 -50.3642693,-27.5363906992252,0.0 -50.3642147,-27.5364330992252,0.0 -50.3641598,-27.5364775992252,0.0 -50.3641049,-27.5365241992252,0.0 -50.3640498,-27.5365725992252,0.0 -50.3639947,-27.5366225992252,0.0 -50.3639397,-27.5366741992252,0.0 -50.3638847,-27.5367270992252,0.0 -50.3638298,-27.5367811992252,0.0 -50.3637751,-27.5368362992252,0.0 -50.3637205,-27.5368924992252,0.0 -50.3636651,-27.5369504992252,0.0 -50.3636081,-27.5370113992252,0.0 -50.3635485,-27.5370762992252,0.0 -50.3634854,-27.5371460992252,0.0 -50.3634178,-27.5372218992252,0.0 -50.3633448,-27.5373046992252,0.0 -50.3632654,-27.5373955992252,0.0 -50.3631791,-27.5374950992252,0.0 -50.3630869,-27.5376019992252,0.0 -50.3629899,-27.5377144992252,0.0 -50.3628896,-27.5378308992252,0.0 -50.3627873,-27.5379494992252,0.0 -50.3626842,-27.5380685992252,0.0 -50.3625818,-27.5381863992252,0.0 -50.3624812,-27.5383011992252,0.0 -50.3623836,-27.5384116992252,0.0 -50.3622885,-27.5385179992252,0.0 -50.3621954,-27.5386208992252,0.0 -50.3621037,-27.5387206992252,0.0 -50.3620126,-27.5388182992252,0.0 -50.3619217,-27.5389139992252,0.0 -50.3618302,-27.5390085992252,0.0 -50.3617375,-27.5391025992252,0.0 -50.3616432,-27.5391963992252,0.0 -50.3615474,-27.5392892992252,0.0 -50.3614503,-27.5393806992252,0.0 -50.3613524,-27.5394695992252,0.0 -50.3612538,-27.5395552992252,0.0 -50.361155,-27.5396369992252,0.0 -50.3610561,-27.5397137992252,0.0 -50.3609575,-27.5397848992252,0.0 -50.3608594,-27.5398497992252,0.0 -50.3607617,-27.5399085992251,0.0 -50.3606644,-27.5399617992252,0.0 -50.3605673,-27.5400095992252,0.0 -50.3604702,-27.5400524992252,0.0 -50.3603731,-27.5400908992251,0.0 -50.3602758,-27.5401250992251,0.0 -50.3601781,-27.5401555992251,0.0 -50.36008,-27.5401826992251,0.0 -50.3599812,-27.5402065992251,0.0 -50.3598814,-27.5402273992251,0.0 -50.3597803,-27.5402453992251,0.0 -50.3596778,-27.5402607992251,0.0 -50.3595736,-27.5402735992251,0.0 -50.3594673,-27.5402840992251,0.0 -50.3594362,-27.5402864992252,0.0 -50.3593708,-27.5402915992251,0.0 -50.3593588,-27.5402924992251,0.0 -50.359248,-27.5402987992251,0.0 -50.3591353,-27.5403029992252,0.0 -50.3590214,-27.5403047992251,0.0 -50.3589071,-27.5403040992251,0.0 -50.3587929,-27.5403005992251,0.0 -50.3586796,-27.5402941992251,0.0 -50.3585678,-27.5402846992252,0.0 -50.3584581,-27.5402718992251,0.0 -50.3583511,-27.5402555992251,0.0 -50.3582458,-27.5402358992251,0.0 -50.3581412,-27.5402127992251,0.0 -50.3580364,-27.5401862992251,0.0 -50.3579301,-27.5401564992252,0.0 -50.3578213,-27.5401234992251,0.0 -50.3577091,-27.5400872992252,0.0 -50.3575922,-27.5400478992252,0.0 -50.3574701,-27.5400054992252,0.0 -50.3573439,-27.5399605992252,0.0 -50.3572152,-27.5399137992252,0.0 -50.3570854,-27.5398658992251,0.0 -50.3569562,-27.5398172992252,0.0 -50.356829,-27.5397687992252,0.0 -50.3567055,-27.5397209992252,0.0 -50.3565871,-27.5396744992252,0.0 -50.3564749,-27.5396297992252,0.0 -50.356368,-27.5395860992252,0.0 -50.356265,-27.5395429992252,0.0 -50.3561643,-27.5394993992252,0.0 -50.3560646,-27.5394547992252,0.0 -50.3559644,-27.5394081992252,0.0 -50.3558622,-27.5393589992252,0.0 -50.3557567,-27.5393063992252,0.0 -50.3556469,-27.5392498992252,0.0 -50.3555336,-27.5391903992252,0.0 -50.3554183,-27.5391289992252,0.0 -50.3553024,-27.5390667992252,0.0 -50.3551872,-27.5390049992252,0.0 -50.3550741,-27.5389446992252,0.0 -50.3549645,-27.5388870992252,0.0 -50.3548598,-27.5388332992252,0.0 -50.3547607,-27.5387839992252,0.0 -50.3546652,-27.5387383992252,0.0 -50.3545708,-27.5386951992252,0.0 -50.3544748,-27.5386531992252,0.0 -50.3543746,-27.5386109992252,0.0 -50.3542676,-27.5385674992252,0.0 -50.3541511,-27.5385213992252,0.0 -50.3540226,-27.5384713992252,0.0 -50.3538801,-27.5384165992252,0.0 -50.353725,-27.5383575992252,0.0 -50.3535593,-27.5382951992252,0.0 -50.353385,-27.5382302992252,0.0 -50.3532042,-27.5381638992252,0.0 -50.3530189,-27.5380966992252,0.0 -50.3528311,-27.5380297992252,0.0 -50.352643,-27.5379639992252,0.0 -50.3524562,-27.5379000992252,0.0 -50.3522719,-27.5378383992252,0.0 -50.3520909,-27.5377790992252,0.0 -50.351914,-27.5377225992252,0.0 -50.3517419,-27.5376688992252,0.0 -50.3515756,-27.5376183992252,0.0 -50.3514158,-27.5375712992252,0.0 -50.3512634,-27.5375277992252,0.0 -50.3511188,-27.5374879992252,0.0 -50.3509812,-27.5374517992252,0.0 -50.3508495,-27.5374190992252,0.0 -50.3507226,-27.5373895992252,0.0 -50.3505993,-27.5373630992252,0.0 -50.3504784,-27.5373393992252,0.0 -50.3503589,-27.5373183992252,0.0 -50.3502395,-27.5372996992252,0.0 -50.3501192,-27.5372832992252,0.0 -50.3499963,-27.5372688992252,0.0 -50.3498693,-27.5372564992252,0.0 -50.3497368,-27.5372457992252,0.0 -50.3495971,-27.5372365992252,0.0 -50.3494488,-27.5372288992252,0.0 -50.3492902,-27.5372223992252,0.0 -50.3491198,-27.5372170992252,0.0 -50.348937,-27.5372126992252,0.0 -50.3487443,-27.5372090992252,0.0 -50.3485451,-27.5372062992252,0.0 -50.348343,-27.5372039992252,0.0 -50.3481413,-27.5372022992252,0.0 -50.3479435,-27.5372009992252,0.0 -50.3477531,-27.5371998992252,0.0 -50.3475736,-27.5371990992252,0.0 -50.3474074,-27.5371982992252,0.0 -50.3472541,-27.5371973992252,0.0 -50.347112,-27.5371961992252,0.0 -50.3469798,-27.5371945992252,0.0 -50.3468558,-27.5371923992252,0.0 -50.3467387,-27.5371894992252,0.0 -50.346627,-27.5371855992252,0.0 -50.3465191,-27.5371806992252,0.0 -50.3464137,-27.5371744992252,0.0 -50.3463106,-27.5371668992252,0.0 -50.3462094,-27.5371576992252,0.0 -50.34611,-27.5371468992252,0.0 -50.3460122,-27.5371342992252,0.0 -50.3459158,-27.5371196992252,0.0 -50.3458206,-27.5371030992252,0.0 -50.3457264,-27.5370840992252,0.0 -50.345633,-27.5370628992252,0.0 -50.3455404,-27.5370393992252,0.0 -50.3454485,-27.5370135992252,0.0 -50.3453574,-27.5369858992252,0.0 -50.3452671,-27.5369560992252,0.0 -50.3451774,-27.5369245992252,0.0 -50.3450884,-27.5368911992252,0.0 -50.345,-27.5368561992252,0.0 -50.3449124,-27.5368196992252,0.0 -50.3448257,-27.5367817992252,0.0 -50.3447402,-27.5367427992252,0.0 -50.3446982,-27.5367226992252,0.0 -50.3446562,-27.5367026992252,0.0 -50.3445741,-27.5366617992252,0.0 -50.344494,-27.5366201992252,0.0 -50.3444164,-27.5365781992252,0.0 -50.3443415,-27.5365357992252,0.0 -50.3442694,-27.5364931992252,0.0 -50.3441997,-27.5364498992252,0.0 -50.344132,-27.5364052992252,0.0 -50.3440656,-27.5363587992252,0.0 -50.344,-27.5363098992252,0.0 -50.3439346,-27.5362578992252,0.0 -50.3438689,-27.5362021992252,0.0 -50.3438024,-27.5361423992252,0.0 -50.3437347,-27.5360779992252,0.0 -50.3436663,-27.5360097992252,0.0 -50.3435979,-27.5359388992252,0.0 -50.3435303,-27.5358661992252,0.0 -50.3434641,-27.5357927992252,0.0 -50.3434001,-27.5357196992252,0.0 -50.3433391,-27.5356478992252,0.0 -50.3432817,-27.5355784992252,0.0 -50.3432285,-27.5355120992252,0.0 -50.3431791,-27.5354484992252,0.0 -50.343133,-27.5353869992252,0.0 -50.3430898,-27.5353269992252,0.0 -50.3430488,-27.5352677992252,0.0 -50.3430096,-27.5352088992252,0.0 -50.3429716,-27.5351495992252,0.0 -50.3429344,-27.5350892992252,0.0 -50.3428973,-27.5350271992253,0.0 -50.3428591,-27.5349618992252,0.0 -50.3428184,-27.5348919992252,0.0 -50.3427739,-27.5348158992253,0.0 -50.3427243,-27.5347319992253,0.0 -50.3426682,-27.5346388992252,0.0 -50.3426044,-27.5345348992253,0.0 -50.3425315,-27.5344186992253,0.0 -50.3424484,-27.5342892992253,0.0 -50.3423552,-27.5341485992253,0.0 -50.3422524,-27.5339993992253,0.0 -50.3421403,-27.5338441992253,0.0 -50.3420193,-27.5336856992253,0.0 -50.3418898,-27.5335263992253,0.0 -50.3417522,-27.5333690992253,0.0 -50.3416069,-27.5332162992253,0.0 -50.3414544,-27.5330701992253,0.0 -50.3412956,-27.5329306992253,0.0 -50.3411315,-27.5327974992253,0.0 -50.3409631,-27.5326699992253,0.0 -50.3407914,-27.5325476992253,0.0 -50.3406173,-27.5324301992253,0.0 -50.340442,-27.5323169992253,0.0 -50.3402663,-27.5322074992253,0.0 -50.3400911,-27.5321014992253,0.0 -50.339916,-27.5319985992253,0.0 -50.3397405,-27.5318987992253,0.0 -50.3395641,-27.5318019992253,0.0 -50.3393861,-27.5317080992253,0.0 -50.3392061,-27.5316169992253,0.0 -50.3390234,-27.5315283992253,0.0 -50.3388376,-27.5314424992253,0.0 -50.338648,-27.5313588992253,0.0 -50.3384539,-27.5312772992253,0.0 -50.3382545,-27.5311972992253,0.0 -50.3380491,-27.5311185992253,0.0 -50.3378368,-27.5310406992253,0.0 -50.3376168,-27.5309631992253,0.0 -50.3373884,-27.5308856992253,0.0 -50.3372696,-27.5308467992253,0.0 -50.3369035,-27.5307292992253,0.0 -50.336648,-27.5306501992253,0.0 -50.3363859,-27.5305706992253,0.0 -50.3361188,-27.5304909992253,0.0 -50.3358485,-27.5304113992253,0.0 -50.3355766,-27.5303320992253,0.0 -50.335305,-27.5302532992253,0.0 -50.3350351,-27.5301750992253,0.0 -50.3347687,-27.5300978992253,0.0 -50.3346809,-27.5300724992253,0.0 -50.3343355,-27.5299727992253,0.0 -50.3339966,-27.5298758992253,0.0 -50.3337504,-27.5298065992253,0.0 -50.3335108,-27.5297403992253,0.0 -50.3332783,-27.5296777992254,0.0 -50.3330536,-27.5296189992253,0.0 -50.3328374,-27.5295646992254,0.0 -50.3326306,-27.5295145992253,0.0 -50.3324343,-27.5294689992253,0.0 -50.3322495,-27.5294275992254,0.0 -50.3320773,-27.5293905992254,0.0 -50.3319187,-27.5293578992254,0.0 -50.3317747,-27.5293293992254,0.0 -50.3316464,-27.5293050992254,0.0 -50.3315343,-27.5292849992254,0.0 -50.331437,-27.5292684992253,0.0 -50.3313524,-27.5292549992254,0.0 -50.3312786,-27.5292438992254,0.0 -50.3312136,-27.5292346992254,0.0 -50.3311554,-27.5292267992254,0.0 -50.3311019,-27.5292193992254,0.0 -50.3310514,-27.5292121992254,0.0 -50.3310019,-27.5292044992254,0.0 -50.3309535,-27.5291961992254,0.0 -50.330906,-27.5291872992254,0.0 -50.3308595,-27.5291777992254,0.0 -50.3308143,-27.5291674992253,0.0 -50.3307703,-27.5291564992254,0.0 -50.3307276,-27.5291446992254,0.0 -50.3306863,-27.5291320992254,0.0 -50.3306465,-27.5291185992254,0.0 -50.3306081,-27.5291042992254,0.0 -50.330571,-27.5290889992254,0.0 -50.330535,-27.5290727992254,0.0 -50.3305002,-27.5290555992254,0.0 -50.3304663,-27.5290374992254,0.0 -50.3304333,-27.5290183992254,0.0 -50.3304011,-27.5289982992254,0.0 -50.3303696,-27.5289771992254,0.0 -50.3303386,-27.5289550992254,0.0 -50.3303077,-27.5289320992254,0.0 -50.330277,-27.5289081992254,0.0 -50.330246,-27.5288834992254,0.0 -50.3302147,-27.5288579992254,0.0 -50.3301827,-27.5288316992254,0.0 -50.33015,-27.5288046992254,0.0 -50.3301161,-27.5287768992254,0.0 -50.3300807,-27.5287482992254,0.0 -50.3300434,-27.5287182992254,0.0 -50.3300036,-27.5286867992254,0.0 -50.329961,-27.5286534992254,0.0 -50.3299149,-27.5286179992254,0.0 -50.3298651,-27.5285799992254,0.0 -50.3298109,-27.5285392992254,0.0 -50.3297522,-27.5284957992254,0.0 -50.3296896,-27.5284498992254,0.0 -50.3296242,-27.5284022992254,0.0 -50.3295569,-27.5283537992254,0.0 -50.3294886,-27.5283049992254,0.0 -50.3294203,-27.5282566992254,0.0 -50.3293529,-27.5282094992254,0.0 -50.3292874,-27.5281640992254,0.0 -50.3292245,-27.5281209992254,0.0 -50.3291641,-27.5280801992254,0.0 -50.3291061,-27.5280411992254,0.0 -50.3290502,-27.5280038992254,0.0 -50.3289961,-27.5279678992254,0.0 -50.3289436,-27.5279328992254,0.0 -50.3288925,-27.5278986992254,0.0 -50.3288425,-27.5278647992254,0.0 -50.3287934,-27.5278311992254,0.0 -50.3287454,-27.5277977992254,0.0 -50.3286987,-27.5277647992254,0.0 -50.3286535,-27.5277321992254,0.0 -50.32861,-27.5277001992254,0.0 -50.3285685,-27.5276689992254,0.0 -50.3285292,-27.5276385992254,0.0 -50.3284922,-27.5276090992254,0.0 -50.3284577,-27.5275805992254,0.0 -50.3284252,-27.5275529992254,0.0 -50.3283939,-27.5275261992254,0.0 -50.3283631,-27.5274998992254,0.0 -50.3283323,-27.5274738992254,0.0 -50.3283007,-27.5274480992254,0.0 -50.3282677,-27.5274223992254,0.0 -50.3282325,-27.5273963992254,0.0 -50.3281947,-27.5273701992254,0.0 -50.3281541,-27.5273433992254,0.0 -50.3281108,-27.5273160992254,0.0 -50.3280648,-27.5272879992254,0.0 -50.3280161,-27.5272590992254,0.0 -50.3279648,-27.5272291992254,0.0 -50.3279109,-27.5271981992254,0.0 -50.3278545,-27.5271658992254,0.0 -50.3277956,-27.5271322992254,0.0 -50.3277349,-27.5270977992254,0.0 -50.3276729,-27.5270625992254,0.0 -50.3276103,-27.5270270992254,0.0 -50.3275478,-27.5269916992254,0.0 -50.3274859,-27.5269568992254,0.0 -50.3274253,-27.5269228992254,0.0 -50.3273668,-27.5268900992254,0.0 -50.3273106,-27.5268587992254,0.0 -50.3272568,-27.5268288992254,0.0 -50.3272049,-27.5268001992254,0.0 -50.3271548,-27.5267722992254,0.0 -50.3271061,-27.5267451992254,0.0 -50.3270585,-27.5267184992254,0.0 -50.3270117,-27.5266919992254,0.0 -50.3269654,-27.5266655992254,0.0 -50.3269193,-27.5266388992254,0.0 -50.3268725,-27.5266116992254,0.0 -50.3268243,-27.5265838992254,0.0 -50.3267738,-27.5265550992254,0.0 -50.3267202,-27.5265252992254,0.0 -50.3266625,-27.5264941992254,0.0 -50.3266,-27.5264614992254,0.0 -50.3265319,-27.5264269992254,0.0 -50.3264576,-27.5263907992254,0.0 -50.3263782,-27.5263531992254,0.0 -50.3262951,-27.5263148992254,0.0 -50.3262097,-27.5262765992254,0.0 -50.3261234,-27.5262388992254,0.0 -50.3260376,-27.5262023992254,0.0 -50.3259538,-27.5261678992254,0.0 -50.3258733,-27.5261359992254,0.0 -50.3257972,-27.5261069992254,0.0 -50.3257251,-27.5260810992254,0.0 -50.3256563,-27.5260576992254,0.0 -50.3255901,-27.5260367992254,0.0 -50.3255257,-27.5260179992254,0.0 -50.3254624,-27.5260009992254,0.0 -50.3253994,-27.5259855992254,0.0 -50.3253361,-27.5259713992254,0.0 -50.3252719,-27.5259583992254,0.0 -50.3252074,-27.5259463992254,0.0 -50.3251432,-27.5259354992254,0.0 -50.3250801,-27.5259255992254,0.0 -50.3250188,-27.5259167992254,0.0 -50.32496,-27.5259090992254,0.0 -50.3249044,-27.5259025992254,0.0 -50.3248528,-27.5258971992254,0.0 -50.3248055,-27.5258929992254,0.0 -50.3247618,-27.5258896992254,0.0 -50.3247205,-27.5258870992254,0.0 -50.3246806,-27.5258849992254,0.0 -50.3246408,-27.5258832992254,0.0 -50.3246001,-27.5258816992254,0.0 -50.3245573,-27.5258798992254,0.0 -50.3245114,-27.5258778992254,0.0 -50.3244615,-27.5258753992254,0.0 -50.3244076,-27.5258723992254,0.0 -50.3243504,-27.5258691992254,0.0 -50.3242901,-27.5258657992254,0.0 -50.3242272,-27.5258624992254,0.0 -50.3241621,-27.5258591992254,0.0 -50.3240953,-27.5258561992254,0.0 -50.3240271,-27.5258535992254,0.0 -50.323958,-27.5258513992254,0.0 -50.3238883,-27.5258497992254,0.0 -50.3238183,-27.5258486992254,0.0 -50.3237482,-27.5258481992254,0.0 -50.3236785,-27.5258482992254,0.0 -50.3236093,-27.5258488992254,0.0 -50.3235411,-27.5258501992254,0.0 -50.323474,-27.5258519992254,0.0 -50.3234083,-27.5258544992254,0.0 -50.3233436,-27.5258575992254,0.0 -50.3232795,-27.5258612992254,0.0 -50.3232157,-27.5258656992254,0.0 -50.3231517,-27.5258705992254,0.0 -50.323087,-27.5258759992254,0.0 -50.3230212,-27.5258820992254,0.0 -50.322954,-27.5258885992254,0.0 -50.322885,-27.5258957992254,0.0 -50.3228146,-27.5259033992254,0.0 -50.3227432,-27.5259113992254,0.0 -50.3226715,-27.5259198992254,0.0 -50.3225999,-27.5259287992254,0.0 -50.3225288,-27.5259379992254,0.0 -50.3224589,-27.5259474992254,0.0 -50.3223905,-27.5259572992254,0.0 -50.322324,-27.5259673992254,0.0 -50.322259,-27.5259778992254,0.0 -50.3221949,-27.5259890992254,0.0 -50.3221311,-27.5260012992254,0.0 -50.322067,-27.5260147992254,0.0 -50.3220019,-27.5260296992254,0.0 -50.3219353,-27.5260462992254,0.0 -50.3218666,-27.5260648992254,0.0 -50.3217953,-27.5260855992254,0.0 -50.3217224,-27.5261080992254,0.0 -50.3216486,-27.5261317992254,0.0 -50.321575,-27.5261564992254,0.0 -50.3215026,-27.5261814992254,0.0 -50.3214323,-27.5262064992254,0.0 -50.3213651,-27.5262308992254,0.0 -50.3213019,-27.5262543992254,0.0 -50.3212436,-27.5262765992254,0.0 -50.3211899,-27.5262974992254,0.0 -50.3211403,-27.5263173992254,0.0 -50.3210944,-27.5263362992254,0.0 -50.3210518,-27.5263545992254,0.0 -50.3210119,-27.5263722992254,0.0 -50.3209744,-27.5263895992254,0.0 -50.3209387,-27.5264066992254,0.0 -50.3209045,-27.5264236992254,0.0 -50.3208716,-27.5264408992254,0.0 -50.3208398,-27.5264583992254,0.0 -50.320809,-27.5264761992254,0.0 -50.320779,-27.5264945992254,0.0 -50.3207497,-27.5265135992254,0.0 -50.3207209,-27.5265334992254,0.0 -50.3206926,-27.5265542992254,0.0 -50.3206644,-27.5265761992254,0.0 -50.3206357,-27.5265996992254,0.0 -50.3206058,-27.5266249992254,0.0 -50.3205739,-27.5266526992254,0.0 -50.3205394,-27.5266831992254,0.0 -50.3205014,-27.5267166992254,0.0 -50.3204593,-27.5267538992254,0.0 -50.3204124,-27.5267949992254,0.0 -50.32036,-27.5268402992254,0.0 -50.3203028,-27.5268894992254,0.0 -50.3202414,-27.5269419992254,0.0 -50.3201767,-27.5269971992254,0.0 -50.3201092,-27.5270546992254,0.0 -50.3200399,-27.5271137992254,0.0 -50.3199693,-27.5271739992254,0.0 -50.3198983,-27.5272347992254,0.0 -50.3198274,-27.5272956992254,0.0 -50.3197569,-27.5273564992254,0.0 -50.3196868,-27.5274171992254,0.0 -50.3196173,-27.5274775992254,0.0 -50.3195483,-27.5275377992254,0.0 -50.31948,-27.5275974992254,0.0 -50.3194125,-27.5276566992254,0.0 -50.3193458,-27.5277152992254,0.0 -50.31928,-27.5277732992254,0.0 -50.3192153,-27.5278302992254,0.0 -50.3191518,-27.5278862992254,0.0 -50.3190897,-27.5279408992254,0.0 -50.319029,-27.5279939992254,0.0 -50.31897,-27.5280453992254,0.0 -50.3189127,-27.5280948992254,0.0 -50.3188574,-27.5281421992254,0.0 -50.3188041,-27.5281871992254,0.0 -50.3187523,-27.5282302992254,0.0 -50.3187016,-27.5282718992254,0.0 -50.3186516,-27.5283124992254,0.0 -50.3186017,-27.5283524992254,0.0 -50.3185514,-27.5283921992254,0.0 -50.3185004,-27.5284322992254,0.0 -50.318448,-27.5284729992254,0.0 -50.318394,-27.5285147992254,0.0 -50.318339,-27.5285569992254,0.0 -50.3182836,-27.5285989992254,0.0 -50.3182284,-27.5286401992254,0.0 -50.3181743,-27.5286798992254,0.0 -50.3181219,-27.5287173992254,0.0 -50.3180968,-27.5287347992254,0.0 -50.3180248,-27.5287834992254,0.0 -50.3179814,-27.5288108992254,0.0 -50.3179411,-27.5288346992254,0.0 -50.3179033,-27.5288556992254,0.0 -50.3178672,-27.5288742992254,0.0 -50.3178324,-27.5288911992254,0.0 -50.3177981,-27.5289068992254,0.0 -50.3177636,-27.5289221992254,0.0 -50.3177283,-27.5289374992254,0.0 -50.3176917,-27.5289533992254,0.0 -50.3176534,-27.5289699992254,0.0 -50.3176132,-27.5289869992254,0.0 -50.3175709,-27.5290046992254,0.0 -50.3175263,-27.5290226992254,0.0 -50.317479,-27.5290411992254,0.0 -50.317429,-27.5290599992254,0.0 -50.3173759,-27.5290789992254,0.0 -50.3173196,-27.5290982992254,0.0 -50.3172601,-27.5291176992254,0.0 -50.3171975,-27.5291368992254,0.0 -50.3171319,-27.5291557992254,0.0 -50.3170633,-27.5291741992254,0.0 -50.3169918,-27.5291919992254,0.0 -50.3169174,-27.5292089992254,0.0 -50.3168402,-27.5292248992254,0.0 -50.3167605,-27.5292396992254,0.0 -50.3166786,-27.5292532992253,0.0 -50.316595,-27.5292657992254,0.0 -50.3165104,-27.5292772992254,0.0 -50.3164252,-27.5292875992254,0.0 -50.3163399,-27.5292968992254,0.0 -50.3162552,-27.5293052992254,0.0 -50.3161715,-27.5293125992254,0.0 -50.3160892,-27.5293189992253,0.0 -50.3160084,-27.5293245992254,0.0 -50.3159288,-27.5293292992253,0.0 -50.3158504,-27.5293332992254,0.0 -50.3157729,-27.5293365992254,0.0 -50.3156962,-27.5293392992254,0.0 -50.3156202,-27.5293413992253,0.0 -50.3155447,-27.5293429992254,0.0 -50.3154695,-27.5293440992254,0.0 -50.3153942,-27.5293446992254,0.0 -50.3153182,-27.5293446992254,0.0 -50.3152413,-27.5293437992254,0.0 -50.3151628,-27.5293420992254,0.0 -50.3150822,-27.5293392992254,0.0 -50.3149992,-27.5293354992254,0.0 -50.3149132,-27.5293303992254,0.0 -50.3148237,-27.5293239992254,0.0 -50.3147302,-27.5293162992253,0.0 -50.314632,-27.5293073992254,0.0 -50.3145286,-27.5292973992253,0.0 -50.3144194,-27.5292863992254,0.0 -50.3143037,-27.5292744992254,0.0 -50.314181,-27.5292616992254,0.0 -50.3140507,-27.5292480992254,0.0 -50.3139118,-27.5292336992254,0.0 -50.3137622,-27.5292183992254,0.0 -50.3135995,-27.5292017992254,0.0 -50.313421,-27.5291837992254,0.0 -50.3132243,-27.5291639992254,0.0 -50.3130069,-27.5291421992254,0.0 -50.3127663,-27.5291181992254,0.0 -50.3125,-27.5290907992254,0.0 -50.3122313,-27.5290362992254,0.0 -50.3120735,-27.5290041992254,0.0 -50.3117778,-27.5288840992254,0.0 -50.3112556,-27.5286719992254,0.0 -50.3096441,-27.5279841992254,0.0 -50.3079324,-27.5273834992254,0.0 -50.3065459,-27.5268137992254,0.0 -50.3057526,-27.5264814992254,0.0 -50.3044221,-27.5258628992254,0.0 -50.3042,-27.5257595992254,0.0 -50.3038827,-27.5256119992254,0.0 -50.3029448,-27.5250031992254,0.0 -50.3020045,-27.5244553992254,0.0 -50.3013633,-27.5241536992255,0.0 -50.3005543,-27.5237730992255,0.0 -50.2982895,-27.5230119992255,0.0 -50.2969831,-27.5226499992255,0.0 -50.2966022,-27.5226047992255,0.0 -50.2962566,-27.5225636992255,0.0 -50.2957068,-27.5225582992255,0.0 -50.2945573,-27.5226163992255,0.0 -50.2939381,-27.5226942992255,0.0 -50.2923955,-27.5231373992255,0.0 -50.2918106,-27.5233443992255,0.0 -50.2908522,-27.5236835992255,0.0 -50.2900139,-27.5239936992255,0.0 -50.2884143,-27.5245756992254,0.0 -50.2864428,-27.5255490992254,0.0 -50.2854432,-27.5261882992254,0.0 -50.285082,-27.5264237992254,0.0 -50.2832036,-27.5276489992254,0.0 -50.2822984,-27.5282663992254,0.0 -50.2816615,-27.5287055992254,0.0 -50.280821,-27.5292852992254,0.0 -50.2803164,-27.5296196992253,0.0 -50.279938,-27.5298705992253,0.0 -50.2795866,-27.5301033992253,0.0 -50.2785327,-27.5309266992253,0.0 -50.2777944,-27.5315554992253,0.0 -50.2764678,-27.5329945992253,0.0 -50.2760186,-27.5334717992253,0.0 -50.2751466,-27.5342708992253,0.0 -50.274192,-27.5350122992253,0.0 -50.2731257,-27.5358042992252,0.0 -50.2725458,-27.5362424992252,0.0 -50.2722221,-27.5365005992252,0.0 -50.2717812,-27.5368519992252,0.0 -50.2710357,-27.5373456992252,0.0 -50.2704429,-27.5376694992252,0.0 -50.2696267,-27.5379850992252,0.0 -50.2691391,-27.5381033992252,0.0 -50.2685567,-27.5380718992252,0.0 -50.2678099,-27.5378924992252,0.0 -50.2667844,-27.5376286992252,0.0 -50.2659677,-27.5374750992252,0.0 -50.2654647,-27.5375008992252,0.0 -50.2645487,-27.5378245992252,0.0 -50.2643045,-27.5379425992252,0.0 -50.2638717,-27.5382245992252,0.0 -50.2635021,-27.5385850992252,0.0 -50.2632616,-27.5387473992252,0.0 -50.2629819,-27.5387955992252,0.0 -50.262695,-27.5387371992252,0.0 -50.2622731,-27.5385643992252,0.0 -50.2616928,-27.5382129992252,0.0 -50.2614947,-27.5379986992252,0.0 -50.2614494,-27.5376217992252,0.0 -50.2614858,-27.5373008992252,0.0 -50.2616981,-27.5363762992252,0.0 -50.2621939,-27.5351327992252,0.0 -50.2626089,-27.5341447992253,0.0 -50.262949,-27.5333688992253,0.0 -50.2634738,-27.5324617992253,0.0 -50.2641914,-27.5314823992253,0.0 -50.2647447,-27.5308228992253,0.0 -50.2652377,-27.5302350992253,0.0 -50.2655831,-27.5298038992253,0.0 -50.2665198,-27.5285676992254,0.0 -50.2673175,-27.5274798992254,0.0 -50.2682226,-27.5264218992254,0.0 -50.2684827,-27.5261412992254,0.0 -50.2691224,-27.5255344992254,0.0 -50.2696585,-27.5250437992254,0.0 -50.2696531,-27.5249785992254,0.0 -50.2696315,-27.5247137992254,0.0 -50.2696204,-27.5246241992254,0.0 -50.2696,-27.5245218992254,0.0 -50.2695748,-27.5244363992254,0.0 -50.2695104,-27.5243159992255,0.0 -50.2693454,-27.5241033992255,0.0 -50.2691674,-27.5238641992255,0.0 -50.268945,-27.5235465992255,0.0 -50.2687184,-27.5231269992255,0.0 -50.2683895,-27.5226531992255,0.0 -50.2678585,-27.5218595992255,0.0 -50.2678069,-27.5217834992255,0.0 -50.2677552,-27.5217368992255,0.0 -50.2676995,-27.5217071992255,0.0 -50.267356,-27.5215468992255,0.0 -50.2666501,-27.5212037992255,0.0 -50.2664355,-27.5211078992255,0.0 -50.2662701,-27.5210774992255,0.0 -50.2661235,-27.5210703992255,0.0 -50.2660146,-27.5210824992255,0.0 -50.2658913,-27.5211281992255,0.0 -50.2657735,-27.5211781992255,0.0 -50.2655755,-27.5213118992255,0.0 -50.2654032,-27.5214483992255,0.0 -50.2650988,-27.5216953992255,0.0 -50.2649277,-27.5218123992255,0.0 -50.2648044,-27.5218601992255,0.0 -50.2647001,-27.5218954992255,0.0 -50.264577,-27.5219095992255,0.0 -50.2643997,-27.5218896992255,0.0 -50.26418,-27.5218568992255,0.0 -50.263931,-27.5218005992255,0.0 -50.263798,-27.5217537992255,0.0 -50.2635298,-27.5216593992255,0.0 -50.2631371,-27.5215176992255,0.0 -50.2629245,-27.5214743992255,0.0 -50.2625564,-27.5214547992255,0.0 -50.2622908,-27.5214436992255,0.0 -50.2621051,-27.5214151992255,0.0 -50.2617249,-27.5213225992255,0.0 -50.2613275,-27.5212019992255,0.0 -50.2611199,-27.5211228992255,0.0 -50.2609245,-27.5209912992255,0.0 -50.2607406,-27.5208272992255,0.0 -50.2605574,-27.5205792992255,0.0 -50.2603647,-27.5203865992255,0.0 -50.2601718,-27.5202295992255,0.0 -50.2599728,-27.5200846992255,0.0 -50.2597047,-27.5199232992255,0.0 -50.2594361,-27.5197722992255,0.0 -50.2590772,-27.5196017992255,0.0 -50.2589582,-27.5195485992255,0.0 -50.2588653,-27.5194840992255,0.0 -50.2587659,-27.5193572992255,0.0 -50.2586351,-27.5191845992255,0.0 -50.258499,-27.5190750992255,0.0 -50.2582602,-27.5189583992255,0.0 -50.2581033,-27.5189097992255,0.0 -50.2578809,-27.5189085992256,0.0 -50.2576754,-27.5189379992255,0.0 -50.2573669,-27.5190298992256,0.0 -50.2568953,-27.5191928992255,0.0 -50.2568176,-27.5192214992255,0.0 -50.2566973,-27.5193078992255,0.0 -50.2565347,-27.5194942992255,0.0 -50.2563721,-27.5197292992255,0.0 -50.2562524,-27.5199618992255,0.0 -50.2562191,-27.5202000992255,0.0 -50.2561606,-27.5205415992255,0.0 -50.2560959,-27.5207131992255,0.0 -50.2559474,-27.5210422992255,0.0 -50.2558111,-27.5213043992255,0.0 -50.2556279,-27.5216216992255,0.0 -50.2555231,-27.5217504992255,0.0 -50.2553948,-27.5218661992255,0.0 -50.2552571,-27.5219601992255,0.0 -50.2548957,-27.5221350992255,0.0 -50.2545965,-27.5222833992255,0.0 -50.2543923,-27.5224075992255,0.0 -50.2541074,-27.5226567992255,0.0 -50.2539749,-27.5227765992255,0.0 -50.253696,-27.5230358992255,0.0 -50.2534294,-27.5232870992255,0.0 -50.2531545,-27.5234694992255,0.0 -50.2529418,-27.5236337992255,0.0 -50.252616,-27.5238635992255,0.0 -50.2523495,-27.5240216992255,0.0 -50.2521748,-27.5240806992255,0.0 -50.2520126,-27.5241015992255,0.0 -50.2519086,-27.5241010992255,0.0 -50.2517574,-27.5240675992255,0.0 -50.2515905,-27.5240091992255,0.0 -50.2514098,-27.5239045992255,0.0 -50.2511505,-27.5237302992255,0.0 -50.2508792,-27.5235193992255,0.0 -50.2507011,-27.5233903992255,0.0 -50.2506348,-27.5233675992255,0.0 -50.2506,-27.5233555992255,0.0 -50.2505766,-27.5233475992255,0.0 -50.2505242,-27.5233294992255,0.0 -50.2502845,-27.5232750992255,0.0 -50.25,-27.5232649992255,0.0 -50.249978,-27.5232683992255,0.0 -50.249953,-27.5232725992255,0.0 -50.2499256,-27.5232773992255,0.0 -50.2498963,-27.5232825992255,0.0 -50.2498656,-27.5232880992255,0.0 -50.249834,-27.5232935992255,0.0 -50.2498021,-27.5232988992255,0.0 -50.2497704,-27.5233039992255,0.0 -50.2497392,-27.5233085992255,0.0 -50.2497087,-27.5233125992255,0.0 -50.2496791,-27.5233161992255,0.0 -50.2496503,-27.5233192992255,0.0 -50.2496224,-27.5233218992255,0.0 -50.2495956,-27.5233239992255,0.0 -50.2495698,-27.5233255992255,0.0 -50.2495451,-27.5233267992255,0.0 -50.2495216,-27.5233274992255,0.0 -50.2494992,-27.5233277992255,0.0 -50.2494778,-27.5233275992255,0.0 -50.2494571,-27.5233269992255,0.0 -50.2494372,-27.5233259992255,0.0 -50.2494179,-27.5233244992255,0.0 -50.249399,-27.5233225992255,0.0 -50.2493805,-27.5233202992255,0.0 -50.2493622,-27.5233175992255,0.0 -50.2493443,-27.5233145992255,0.0 -50.2493268,-27.5233113992255,0.0 -50.2493099,-27.5233079992255,0.0 -50.2492936,-27.5233043992255,0.0 -50.2492781,-27.5233008992255,0.0 -50.2492635,-27.5232973992255,0.0 -50.2492499,-27.5232939992255,0.0 -50.2492374,-27.5232907992255,0.0 -50.2492257,-27.5232875992255,0.0 -50.2492147,-27.5232840992255,0.0 -50.2492042,-27.5232802992255,0.0 -50.2491939,-27.5232757992255,0.0 -50.2491836,-27.5232705992255,0.0 -50.2491731,-27.5232641992255,0.0 -50.2491621,-27.5232566992255,0.0 -50.2491506,-27.5232477992255,0.0 -50.2491386,-27.5232373992255,0.0 -50.2491262,-27.5232255992255,0.0 -50.2491199,-27.5232188992255,0.0 -50.2491136,-27.5232122992255,0.0 -50.2491009,-27.5231975992255,0.0 -50.2490884,-27.5231813992255,0.0 -50.2490761,-27.5231637992255,0.0 -50.2490642,-27.5231446992255,0.0 -50.2490527,-27.5231242992255,0.0 -50.2490419,-27.5231026992255,0.0 -50.2490318,-27.5230804992255,0.0 -50.2490224,-27.5230579992255,0.0 -50.2490137,-27.5230354992255,0.0 -50.249006,-27.5230133992255,0.0 -50.2489991,-27.5229921992255,0.0 -50.2489932,-27.5229721992255,0.0 -50.2489883,-27.5229536992255,0.0 -50.2489844,-27.5229363992255,0.0 -50.2489813,-27.5229199992255,0.0 -50.2489788,-27.5229041992255,0.0 -50.2489769,-27.5228886992255,0.0 -50.2489755,-27.5228729992255,0.0 -50.2489743,-27.5228567992255,0.0 -50.2489736,-27.5228445992255,0.0 -50.2489725,-27.5228218992255,0.0 -50.2489719,-27.5228029992255,0.0 -50.2489715,-27.5227832992255,0.0 -50.2489716,-27.5227629992255,0.0 -50.2489722,-27.5227422992255,0.0 -50.2489735,-27.5227212992255,0.0 -50.2489755,-27.5227003992255,0.0 -50.2489785,-27.5226794992255,0.0 -50.2489825,-27.5226588992255,0.0 -50.2489873,-27.5226386992255,0.0 -50.2489931,-27.5226187992255,0.0 -50.2489998,-27.5225992992255,0.0 -50.2490072,-27.5225801992255,0.0 -50.2490153,-27.5225614992255,0.0 -50.2490241,-27.5225433992255,0.0 -50.2490334,-27.5225256992255,0.0 -50.2490434,-27.5225084992255,0.0 -50.2490539,-27.5224916992255,0.0 -50.2490651,-27.5224751992255,0.0 -50.2490771,-27.5224587992255,0.0 -50.2490899,-27.5224423992255,0.0 -50.2491036,-27.5224257992255,0.0 -50.2491183,-27.5224089992255,0.0 -50.249134,-27.5223917992255,0.0 -50.2491424,-27.5223828992255,0.0 -50.2491509,-27.5223739992255,0.0 -50.249169,-27.5223555992255,0.0 -50.2491886,-27.5223364992255,0.0 -50.2492098,-27.5223164992255,0.0 -50.2492328,-27.5222955992255,0.0 -50.2492577,-27.5222735992255,0.0 -50.2492848,-27.5222503992255,0.0 -50.2493141,-27.5222259992255,0.0 -50.2493459,-27.5222001992255,0.0 -50.2493797,-27.5221732992255,0.0 -50.2494153,-27.5221453992255,0.0 -50.2494524,-27.5221168992255,0.0 -50.2494905,-27.5220879992255,0.0 -50.2495293,-27.5220588992255,0.0 -50.2495686,-27.5220298992255,0.0 -50.2496079,-27.5220010992255,0.0 -50.2496471,-27.5219726992255,0.0 -50.2496871,-27.5219441992255,0.0 -50.2497288,-27.5219149992255,0.0 -50.2497733,-27.5218843992255,0.0 -50.2498217,-27.5218516992255,0.0 -50.2498749,-27.5218163992255,0.0 -50.249934,-27.5217776992255,0.0 -50.25,-27.5217350992255,0.0 -50.2503455,-27.5214860992255,0.0 -50.250757,-27.5211539992255,0.0 -50.2511368,-27.5207981992255,0.0 -50.2514287,-27.5204951992255,0.0 -50.2515156,-27.5203972992255,0.0 -50.2515511,-27.5203397992255,0.0 -50.2515787,-27.5202414992255,0.0 -50.2515665,-27.5200540992255,0.0 -50.2514937,-27.5196277992255,0.0 -50.2514475,-27.5192807992255,0.0 -50.2514395,-27.5188700992256,0.0 -50.2514614,-27.5183545992256,0.0 -50.2514791,-27.5177866992256,0.0 -50.2514441,-27.5173926992256,0.0 -50.2514033,-27.5171758992256,0.0 -50.2513603,-27.5170609992256,0.0 -50.2513248,-27.5170146992256,0.0 -50.2512759,-27.5169836992256,0.0 -50.251215,-27.5169691992256,0.0 -50.2510638,-27.5169577992256,0.0 -50.2508574,-27.5169612992256,0.0 -50.2507233,-27.5169794992256,0.0 -50.250601,-27.5170142992256,0.0 -50.2505009,-27.5170605992256,0.0 -50.2503974,-27.5171084992256,0.0 -50.2501717,-27.5172375992256,0.0 -50.25,-27.5173516992256,0.0 -50.2499283,-27.5174015992256,0.0 -50.2498742,-27.5174402992256,0.0 -50.2498059,-27.5174903992256,0.0 -50.2497537,-27.5175300992256,0.0 -50.2497064,-27.5175670992256,0.0 -50.2496632,-27.5176017992256,0.0 -50.2496232,-27.5176345992256,0.0 -50.2495857,-27.5176658992256,0.0 -50.2495499,-27.5176960992256,0.0 -50.2495154,-27.5177252992256,0.0 -50.2494818,-27.5177539992256,0.0 -50.249449,-27.5177822992256,0.0 -50.2494164,-27.5178105992256,0.0 -50.2493839,-27.5178390992256,0.0 -50.2493511,-27.5178680992256,0.0 -50.2493176,-27.5178977992256,0.0 -50.2492833,-27.5179284992256,0.0 -50.2492483,-27.5179598992256,0.0 -50.2492129,-27.5179918992256,0.0 -50.2491773,-27.5180240992256,0.0 -50.2491419,-27.5180562992256,0.0 -50.2491067,-27.5180881992256,0.0 -50.2490723,-27.5181195992256,0.0 -50.2490387,-27.5181502992256,0.0 -50.2490061,-27.5181799992256,0.0 -50.2489746,-27.5182088992256,0.0 -50.2489439,-27.5182371992256,0.0 -50.2489139,-27.5182651992256,0.0 -50.2488844,-27.5182930992256,0.0 -50.2488552,-27.5183210992256,0.0 -50.2488262,-27.5183494992256,0.0 -50.2487972,-27.5183784992256,0.0 -50.2487681,-27.5184082992256,0.0 -50.248739,-27.5184388992256,0.0 -50.2487098,-27.5184702992256,0.0 -50.2486806,-27.5185023992256,0.0 -50.2486516,-27.5185351992255,0.0 -50.2486228,-27.5185687992256,0.0 -50.2485942,-27.5186028992256,0.0 -50.2485659,-27.5186376992256,0.0 -50.248538,-27.5186730992256,0.0 -50.2485105,-27.5187088992256,0.0 -50.2484836,-27.5187447992256,0.0 -50.2484572,-27.5187807992256,0.0 -50.2484314,-27.5188164992256,0.0 -50.2484064,-27.5188516992256,0.0 -50.2483821,-27.5188863992255,0.0 -50.2483587,-27.5189201992255,0.0 -50.2483362,-27.5189529992255,0.0 -50.2483145,-27.5189848992256,0.0 -50.2482936,-27.5190158992256,0.0 -50.2482733,-27.5190461992255,0.0 -50.2482537,-27.5190757992255,0.0 -50.2482347,-27.5191048992255,0.0 -50.2482161,-27.5191335992255,0.0 -50.248198,-27.5191619992255,0.0 -50.2481802,-27.5191900992255,0.0 -50.2481626,-27.5192180992255,0.0 -50.2481451,-27.5192461992255,0.0 -50.2481275,-27.5192744992255,0.0 -50.2481097,-27.5193030992255,0.0 -50.2480917,-27.5193321992255,0.0 -50.2480731,-27.5193619992255,0.0 -50.248054,-27.5193923992255,0.0 -50.2480342,-27.5194237992255,0.0 -50.248014,-27.5194559992255,0.0 -50.2479936,-27.5194892992255,0.0 -50.2479734,-27.5195234992255,0.0 -50.2479537,-27.5195586992255,0.0 -50.2479348,-27.5195949992255,0.0 -50.2479169,-27.5196323992255,0.0 -50.2479003,-27.5196708992255,0.0 -50.2478853,-27.5197104992255,0.0 -50.2478718,-27.5197509992255,0.0 -50.2478596,-27.5197919992255,0.0 -50.2478486,-27.5198333992255,0.0 -50.2478385,-27.5198748992255,0.0 -50.2478291,-27.5199160992255,0.0 -50.2478205,-27.5199567992255,0.0 -50.2478122,-27.5199966992255,0.0 -50.2478043,-27.5200356992255,0.0 -50.2477966,-27.5200740992255,0.0 -50.2477892,-27.5201125992255,0.0 -50.2477819,-27.5201515992255,0.0 -50.2477749,-27.5201916992255,0.0 -50.2477679,-27.5202334992255,0.0 -50.2477611,-27.5202773992255,0.0 -50.2477544,-27.5203239992255,0.0 -50.2477477,-27.5203735992255,0.0 -50.2477411,-27.5204258992255,0.0 -50.2477345,-27.5204801992255,0.0 -50.247728,-27.5205358992255,0.0 -50.2477214,-27.5205924992255,0.0 -50.2477147,-27.5206491992255,0.0 -50.2477081,-27.5207054992255,0.0 -50.2477013,-27.5207607992255,0.0 -50.2476945,-27.5208144992255,0.0 -50.2476877,-27.5208660992255,0.0 -50.247681,-27.5209151992255,0.0 -50.2476744,-27.5209613992255,0.0 -50.2476682,-27.5210042992255,0.0 -50.2476624,-27.5210432992255,0.0 -50.247657,-27.5210781992255,0.0 -50.2476522,-27.5211083992255,0.0 -50.247648,-27.5211336992255,0.0 -50.2476448,-27.5211513992255,0.0 -50.2476405,-27.5211721992255,0.0 -50.2476368,-27.5211868992255,0.0 -50.2476328,-27.5211994992255,0.0 -50.2476282,-27.5212107992255,0.0 -50.2476227,-27.5212216992255,0.0 -50.2476161,-27.5212326992255,0.0 -50.2476083,-27.5212446992255,0.0 -50.247599,-27.5212575992255,0.0 -50.2475882,-27.5212713992255,0.0 -50.2475759,-27.5212862992255,0.0 -50.2475619,-27.5213019992255,0.0 -50.2475462,-27.5213185992255,0.0 -50.2475287,-27.5213361992255,0.0 -50.2475093,-27.5213545992255,0.0 -50.2474878,-27.5213738992255,0.0 -50.2474639,-27.5213943992255,0.0 -50.2474368,-27.5214162992255,0.0 -50.247406,-27.5214397992255,0.0 -50.2473709,-27.5214653992255,0.0 -50.2473309,-27.5214932992255,0.0 -50.2472855,-27.5215236992255,0.0 -50.247234,-27.5215568992255,0.0 -50.2471762,-27.5215930992255,0.0 -50.2471137,-27.5216315992255,0.0 -50.2470481,-27.5216714992255,0.0 -50.2469812,-27.5217120992255,0.0 -50.246915,-27.5217523992255,0.0 -50.2468511,-27.5217915992255,0.0 -50.2467915,-27.5218289992255,0.0 -50.2467379,-27.5218635992255,0.0 -50.2466916,-27.5218948992255,0.0 -50.246652,-27.5219232992255,0.0 -50.2466182,-27.5219495992255,0.0 -50.246589,-27.5219744992255,0.0 -50.2465633,-27.5219985992255,0.0 -50.2465402,-27.5220227992255,0.0 -50.2465185,-27.5220477992255,0.0 -50.2464972,-27.5220741992255,0.0 -50.2464755,-27.5221026992255,0.0 -50.2464533,-27.5221329992255,0.0 -50.2464308,-27.5221649992255,0.0 -50.2464084,-27.5221983992255,0.0 -50.2463861,-27.5222328992255,0.0 -50.2463643,-27.5222681992255,0.0 -50.2463432,-27.5223040992255,0.0 -50.2463229,-27.5223402992255,0.0 -50.2463036,-27.5223764992255,0.0 -50.2462852,-27.5224128992255,0.0 -50.2462676,-27.5224496992255,0.0 -50.2462505,-27.5224867992255,0.0 -50.2462339,-27.5225244992255,0.0 -50.2462174,-27.5225628992255,0.0 -50.246201,-27.5226021992255,0.0 -50.2461844,-27.5226424992255,0.0 -50.2461676,-27.5226838992255,0.0 -50.2461504,-27.5227265992255,0.0 -50.2461329,-27.5227707992255,0.0 -50.2461151,-27.5228166992255,0.0 -50.2460971,-27.5228644992255,0.0 -50.2460788,-27.5229142992255,0.0 -50.2460602,-27.5229663992255,0.0 -50.2460413,-27.5230208992255,0.0 -50.2460222,-27.5230778992255,0.0 -50.2460029,-27.5231371992255,0.0 -50.2459834,-27.5231981992255,0.0 -50.2459638,-27.5232606992255,0.0 -50.2459442,-27.5233241992255,0.0 -50.2459245,-27.5233882992255,0.0 -50.2459048,-27.5234525992255,0.0 -50.2458851,-27.5235166992255,0.0 -50.2458656,-27.5235801992255,0.0 -50.2458462,-27.5236428992255,0.0 -50.2458271,-27.5237043992255,0.0 -50.2458083,-27.5237644992255,0.0 -50.2457898,-27.5238228992255,0.0 -50.2457718,-27.5238792992254,0.0 -50.2457544,-27.5239333992255,0.0 -50.2457375,-27.5239850992254,0.0 -50.2457212,-27.5240339992255,0.0 -50.2457055,-27.5240802992255,0.0 -50.2456905,-27.5241241992255,0.0 -50.2456759,-27.5241658992255,0.0 -50.2456619,-27.5242054992254,0.0 -50.2456484,-27.5242431992254,0.0 -50.2456352,-27.5242792992254,0.0 -50.2456225,-27.5243138992254,0.0 -50.2456101,-27.5243470992254,0.0 -50.2455979,-27.5243793992254,0.0 -50.2455858,-27.5244107992254,0.0 -50.2455734,-27.5244417992254,0.0 -50.2455608,-27.5244724992254,0.0 -50.2455476,-27.5245032992254,0.0 -50.2455338,-27.5245343992254,0.0 -50.2455191,-27.5245660992254,0.0 -50.2455034,-27.5245985992254,0.0 -50.2454868,-27.5246319992254,0.0 -50.2454692,-27.5246662992254,0.0 -50.2454507,-27.5247016992254,0.0 -50.2454314,-27.5247380992254,0.0 -50.2454112,-27.5247755992254,0.0 -50.2453902,-27.5248142992254,0.0 -50.2453684,-27.5248541992254,0.0 -50.245346,-27.5248951992254,0.0 -50.2453229,-27.5249372992254,0.0 -50.2452991,-27.5249800992254,0.0 -50.2452749,-27.5250233992254,0.0 -50.2452502,-27.5250668992254,0.0 -50.245225,-27.5251103992254,0.0 -50.2451995,-27.5251535992254,0.0 -50.2451737,-27.5251962992254,0.0 -50.2451476,-27.5252382992254,0.0 -50.2451213,-27.5252795992254,0.0 -50.2450946,-27.5253203992254,0.0 -50.2450676,-27.5253608992254,0.0 -50.2450401,-27.5254011992254,0.0 -50.2450122,-27.5254413992254,0.0 -50.2449838,-27.5254815992254,0.0 -50.2449549,-27.5255220992254,0.0 -50.2449254,-27.5255627992254,0.0 -50.2448955,-27.5256033992254,0.0 -50.2448655,-27.5256437992254,0.0 -50.2448356,-27.5256832992254,0.0 -50.2448061,-27.5257216992254,0.0 -50.2447771,-27.5257586992254,0.0 -50.2447489,-27.5257937992254,0.0 -50.2447217,-27.5258266992254,0.0 -50.2446958,-27.5258570992254,0.0 -50.2446709,-27.5258851992254,0.0 -50.2446469,-27.5259112992254,0.0 -50.2446238,-27.5259356992254,0.0 -50.2446012,-27.5259585992254,0.0 -50.2445791,-27.5259802992254,0.0 -50.2445573,-27.5260011992254,0.0 -50.2445356,-27.5260213992254,0.0 -50.2445139,-27.5260411992254,0.0 -50.2444923,-27.5260606992254,0.0 -50.2444708,-27.5260796992254,0.0 -50.2444494,-27.5260981992254,0.0 -50.2444283,-27.5261161992254,0.0 -50.2444075,-27.5261336992254,0.0 -50.2443871,-27.5261504992254,0.0 -50.2443671,-27.5261666992254,0.0 -50.2443475,-27.5261822992254,0.0 -50.2443281,-27.5261972992254,0.0 -50.2443086,-27.5262119992254,0.0 -50.2442886,-27.5262264992254,0.0 -50.2442678,-27.5262411992254,0.0 -50.2442459,-27.5262560992254,0.0 -50.2442226,-27.5262713992254,0.0 -50.2441975,-27.5262873992254,0.0 -50.2441703,-27.5263040992254,0.0 -50.2441412,-27.5263214992254,0.0 -50.24411,-27.5263394992254,0.0 -50.244077,-27.5263578992254,0.0 -50.2440422,-27.5263765992254,0.0 -50.2440056,-27.5263953992254,0.0 -50.2439673,-27.5264142992254,0.0 -50.2439274,-27.5264329992254,0.0 -50.243886,-27.5264513992254,0.0 -50.2438437,-27.5264693992254,0.0 -50.2438011,-27.5264867992254,0.0 -50.2437587,-27.5265033992254,0.0 -50.2437173,-27.5265190992254,0.0 -50.2436775,-27.5265335992254,0.0 -50.2436398,-27.5265467992254,0.0 -50.2436049,-27.5265585992254,0.0 -50.2435732,-27.5265687992254,0.0 -50.2435444,-27.5265774992254,0.0 -50.2435182,-27.5265847992254,0.0 -50.2434941,-27.5265908992254,0.0 -50.2434716,-27.5265959992254,0.0 -50.2434504,-27.5266001992254,0.0 -50.2434299,-27.5266035992254,0.0 -50.2434098,-27.5266063992254,0.0 -50.2433897,-27.5266086992254,0.0 -50.2433697,-27.5266104992254,0.0 -50.2433502,-27.5266118992254,0.0 -50.2433313,-27.5266127992254,0.0 -50.2433134,-27.5266132992254,0.0 -50.2432966,-27.5266132992254,0.0 -50.2432812,-27.5266129992254,0.0 -50.2432674,-27.5266121992254,0.0 -50.2432555,-27.5266109992254,0.0 -50.2432453,-27.5266093992254,0.0 -50.2432365,-27.5266073992254,0.0 -50.2432289,-27.5266049992254,0.0 -50.2432224,-27.5266021992254,0.0 -50.2432165,-27.5265988992254,0.0 -50.2432112,-27.5265952992254,0.0 -50.2432061,-27.5265911992254,0.0 -50.2432011,-27.5265866992254,0.0 -50.2431959,-27.5265813992254,0.0 -50.2431903,-27.5265749992254,0.0 -50.2431841,-27.5265671992254,0.0 -50.2431769,-27.5265576992254,0.0 -50.2431686,-27.5265461992254,0.0 -50.2431589,-27.5265322992254,0.0 -50.2431476,-27.5265155992254,0.0 -50.2431346,-27.5264959992254,0.0 -50.2431198,-27.5264733992254,0.0 -50.2431034,-27.5264477992254,0.0 -50.2430854,-27.5264193992254,0.0 -50.243066,-27.5263881992254,0.0 -50.2430452,-27.5263541992254,0.0 -50.2430232,-27.5263174992254,0.0 -50.2430001,-27.5262780992254,0.0 -50.2429759,-27.5262361992254,0.0 -50.2429507,-27.5261917992254,0.0 -50.2429245,-27.5261449992254,0.0 -50.2428972,-27.5260959992254,0.0 -50.242869,-27.5260448992254,0.0 -50.2428399,-27.5259917992254,0.0 -50.2428098,-27.5259367992254,0.0 -50.2427833,-27.5258883992254,0.0 -50.2427468,-27.5258215992254,0.0 -50.2427144,-27.5257618992254,0.0 -50.2426817,-27.5257011992254,0.0 -50.2426493,-27.5256396992254,0.0 -50.2426175,-27.5255778992254,0.0 -50.2425867,-27.5255159992254,0.0 -50.2425572,-27.5254543992254,0.0 -50.2425294,-27.5253932992254,0.0 -50.2425036,-27.5253330992254,0.0 -50.2424799,-27.5252741992254,0.0 -50.2424582,-27.5252171992254,0.0 -50.2424384,-27.5251624992254,0.0 -50.2424205,-27.5251106992254,0.0 -50.2424044,-27.5250620992254,0.0 -50.24239,-27.5250171992254,0.0 -50.2423773,-27.5249765992254,0.0 -50.2423663,-27.5249404992254,0.0 -50.2423567,-27.5249079992254,0.0 -50.2423484,-27.5248777992254,0.0 -50.2423412,-27.5248487992254,0.0 -50.2423349,-27.5248197992254,0.0 -50.2423293,-27.5247897992254,0.0 -50.2423244,-27.5247573992254,0.0 -50.2423197,-27.5247214992254,0.0 -50.2423154,-27.5246810992254,0.0 -50.2423112,-27.5246361992254,0.0 -50.2423072,-27.5245865992254,0.0 -50.2423035,-27.5245323992254,0.0 -50.2423,-27.5244736992254,0.0 -50.2422967,-27.5244104992254,0.0 -50.2422937,-27.5243427992255,0.0 -50.2422909,-27.5242706992255,0.0 -50.2422883,-27.5241942992255,0.0 -50.242286,-27.5241146992254,0.0 -50.2422839,-27.5240332992255,0.0 -50.2422821,-27.5239510992255,0.0 -50.2422806,-27.5238695992255,0.0 -50.2422793,-27.5237898992255,0.0 -50.2422782,-27.5237132992255,0.0 -50.2422774,-27.5236410992255,0.0 -50.2422768,-27.5235740992255,0.0 -50.2422766,-27.5235117992255,0.0 -50.2422766,-27.5234531992255,0.0 -50.2422769,-27.5233973992255,0.0 -50.2422776,-27.5233433992255,0.0 -50.2422786,-27.5232901992255,0.0 -50.24228,-27.5232368992255,0.0 -50.2422818,-27.5231825992255,0.0 -50.242284,-27.5231265992255,0.0 -50.2422866,-27.5230689992255,0.0 -50.2422893,-27.5230103992255,0.0 -50.2422922,-27.5229511992255,0.0 -50.2422951,-27.5228918992255,0.0 -50.2422979,-27.5228328992255,0.0 -50.2423005,-27.5227746992255,0.0 -50.2423028,-27.5227178992255,0.0 -50.2423047,-27.5226625992255,0.0 -50.2423062,-27.5226085992255,0.0 -50.2423074,-27.5225552992255,0.0 -50.2423082,-27.5225022992255,0.0 -50.2423086,-27.5224490992255,0.0 -50.2423087,-27.5223950992255,0.0 -50.2423084,-27.5223398992255,0.0 -50.2423078,-27.5222829992255,0.0 -50.2423069,-27.5222240992255,0.0 -50.2423056,-27.5221634992255,0.0 -50.2423041,-27.5221018992255,0.0 -50.2423022,-27.5220398992255,0.0 -50.2422999,-27.5219780992255,0.0 -50.2422974,-27.5219169992255,0.0 -50.2422945,-27.5218572992255,0.0 -50.2422913,-27.5217994992255,0.0 -50.2422877,-27.5217440992255,0.0 -50.2422839,-27.5216911992255,0.0 -50.2422797,-27.5216405992255,0.0 -50.2422753,-27.5215922992255,0.0 -50.2422705,-27.5215460992255,0.0 -50.2422656,-27.5215018992255,0.0 -50.2422604,-27.5214597992255,0.0 -50.2422549,-27.5214193992255,0.0 -50.2422493,-27.5213808992255,0.0 -50.2422435,-27.5213440992255,0.0 -50.2422376,-27.5213091992255,0.0 -50.2422317,-27.5212760992255,0.0 -50.2422257,-27.5212447992255,0.0 -50.2422198,-27.5212153992255,0.0 -50.2422139,-27.5211879992255,0.0 -50.2422082,-27.5211624992255,0.0 -50.2422026,-27.5211387992255,0.0 -50.242197,-27.5211163992255,0.0 -50.242191,-27.5210944992255,0.0 -50.2421845,-27.5210722992255,0.0 -50.2421773,-27.5210490992255,0.0 -50.242169,-27.5210240992255,0.0 -50.2421594,-27.5209966992255,0.0 -50.2421484,-27.5209659992255,0.0 -50.2421357,-27.5209315992255,0.0 -50.2421214,-27.5208935992255,0.0 -50.2421059,-27.5208524992255,0.0 -50.2420893,-27.5208085992255,0.0 -50.2420719,-27.5207623992255,0.0 -50.2420538,-27.5207142992255,0.0 -50.2420353,-27.5206646992255,0.0 -50.2420166,-27.5206138992255,0.0 -50.2419979,-27.5205623992255,0.0 -50.2419793,-27.5205099992255,0.0 -50.2419606,-27.5204564992255,0.0 -50.2419419,-27.5204015992255,0.0 -50.2419233,-27.5203451992255,0.0 -50.2419046,-27.5202869992255,0.0 -50.2418858,-27.5202267992255,0.0 -50.241867,-27.5201644992255,0.0 -50.2418482,-27.5200997992255,0.0 -50.2418295,-27.5200330992255,0.0 -50.2418109,-27.5199649992255,0.0 -50.2417925,-27.5198956992255,0.0 -50.2417745,-27.5198256992255,0.0 -50.241757,-27.5197554992255,0.0 -50.2417401,-27.5196854992255,0.0 -50.2417238,-27.5196161992255,0.0 -50.2417084,-27.5195478992255,0.0 -50.2416937,-27.5194813992255,0.0 -50.24168,-27.5194170992255,0.0 -50.2416671,-27.5193556992255,0.0 -50.2416552,-27.5192978992255,0.0 -50.2416442,-27.5192441992255,0.0 -50.2416343,-27.5191952992255,0.0 -50.2416254,-27.5191516992255,0.0 -50.2416175,-27.5191136992255,0.0 -50.2416104,-27.5190802992255,0.0 -50.2416035,-27.5190498992255,0.0 -50.2415965,-27.5190211992255,0.0 -50.241589,-27.5189926992255,0.0 -50.2415806,-27.5189628992255,0.0 -50.2415708,-27.5189303992255,0.0 -50.2415593,-27.5188938992255,0.0 -50.2415458,-27.5188520992255,0.0 -50.2415304,-27.5188056992256,0.0 -50.2415134,-27.5187556992256,0.0 -50.2414951,-27.5187029992255,0.0 -50.2414758,-27.5186484992256,0.0 -50.2414557,-27.5185932992256,0.0 -50.2414352,-27.5185383992256,0.0 -50.2414144,-27.5184845992256,0.0 -50.2413936,-27.5184327992256,0.0 -50.2413655,-27.5183664992256,0.0 -50.2413521,-27.5183356992256,0.0 -50.2413314,-27.5182903992256,0.0 -50.2413106,-27.5182471992256,0.0 -50.2412899,-27.5182061992256,0.0 -50.241269,-27.5181672992256,0.0 -50.2412481,-27.5181305992256,0.0 -50.2412272,-27.5180959992256,0.0 -50.2412063,-27.5180635992256,0.0 -50.2411856,-27.5180333992256,0.0 -50.2411653,-27.5180053992256,0.0 -50.2411455,-27.5179795992256,0.0 -50.2411264,-27.5179560992256,0.0 -50.2411081,-27.5179347992256,0.0 -50.2410907,-27.5179157992256,0.0 -50.2410744,-27.5178988992256,0.0 -50.2410586,-27.5178838992256,0.0 -50.2410429,-27.5178699992256,0.0 -50.2410267,-27.5178568992256,0.0 -50.2410093,-27.5178437992256,0.0 -50.2409904,-27.5178303992256,0.0 -50.2409693,-27.5178160992256,0.0 -50.2409456,-27.5178002992256,0.0 -50.2409187,-27.5177825992256,0.0 -50.2408888,-27.5177626992256,0.0 -50.240856,-27.5177403992256,0.0 -50.2408207,-27.5177156992256,0.0 -50.2407829,-27.5176881992256,0.0 -50.240743,-27.5176578992256,0.0 -50.2407011,-27.5176244992256,0.0 -50.2406574,-27.5175878992256,0.0 -50.2406122,-27.5175479992256,0.0 -50.2405663,-27.5175057992256,0.0 -50.2405204,-27.5174621992256,0.0 -50.2404754,-27.5174182992256,0.0 -50.2404319,-27.5173748992256,0.0 -50.2403909,-27.5173332992256,0.0 -50.2403532,-27.5172941992256,0.0 -50.2403194,-27.5172588992256,0.0 -50.2402902,-27.5172278992256,0.0 -50.240265,-27.5172007992256,0.0 -50.240243,-27.5171767992256,0.0 -50.2402235,-27.5171552992256,0.0 -50.2402056,-27.5171352992256,0.0 -50.2401886,-27.5171161992256,0.0 -50.2401717,-27.5170970992256,0.0 -50.240154,-27.5170773992256,0.0 -50.240135,-27.5170561992256,0.0 -50.2401145,-27.5170334992256,0.0 -50.2400924,-27.5170090992256,0.0 -50.2400688,-27.5169826992256,0.0 -50.2400437,-27.5169542992256,0.0 -50.240017,-27.5169237992256,0.0 -50.2399888,-27.5168908992256,0.0 -50.239959,-27.5168555992256,0.0 -50.2399277,-27.5168178992256,0.0 -50.2398952,-27.5167784992256,0.0 -50.2398622,-27.5167381992256,0.0 -50.2398291,-27.5166979992256,0.0 -50.2397962,-27.5166586992256,0.0 -50.2397642,-27.5166211992256,0.0 -50.2397335,-27.5165862992256,0.0 -50.2397046,-27.5165550992256,0.0 -50.2396778,-27.5165280992256,0.0 -50.2396531,-27.5165049992256,0.0 -50.2396303,-27.5164853992256,0.0 -50.2396092,-27.5164688992256,0.0 -50.2395897,-27.5164548992256,0.0 -50.2395715,-27.5164428992256,0.0 -50.2395546,-27.5164325992256,0.0 -50.2395386,-27.5164233992256,0.0 -50.2395236,-27.5164149992256,0.0 -50.2395093,-27.5164071992256,0.0 -50.2394958,-27.5163998992256,0.0 -50.239483,-27.5163931992256,0.0 -50.2394708,-27.5163869992256,0.0 -50.2394593,-27.5163811992256,0.0 -50.2394483,-27.5163757992256,0.0 -50.2394378,-27.5163707992256,0.0 -50.2394277,-27.5163660992256,0.0 -50.239418,-27.5163617992256,0.0 -50.2394086,-27.5163578992256,0.0 -50.2393993,-27.5163542992256,0.0 -50.2393902,-27.5163511992256,0.0 -50.2393811,-27.5163485992256,0.0 -50.2393719,-27.5163464992256,0.0 -50.2393626,-27.5163448992256,0.0 -50.2393531,-27.5163437992256,0.0 -50.2393433,-27.5163432992256,0.0 -50.2393334,-27.5163432992256,0.0 -50.2393232,-27.5163437992256,0.0 -50.2393128,-27.5163447992256,0.0 -50.2393023,-27.5163462992256,0.0 -50.2392915,-27.5163481992256,0.0 -50.2392806,-27.5163505992256,0.0 -50.2392696,-27.5163533992256,0.0 -50.2392583,-27.5163566992256,0.0 -50.2392469,-27.5163604992256,0.0 -50.2392353,-27.5163646992256,0.0 -50.2392234,-27.5163695992256,0.0 -50.2392113,-27.5163750992256,0.0 -50.2391989,-27.5163810992256,0.0 -50.2391863,-27.5163878992256,0.0 -50.2391733,-27.5163953992256,0.0 -50.2391596,-27.5164038992256,0.0 -50.2391447,-27.5164137992256,0.0 -50.2391281,-27.5164253992256,0.0 -50.2391095,-27.5164388992256,0.0 -50.2390883,-27.5164547992256,0.0 -50.2390641,-27.5164732992256,0.0 -50.2390365,-27.5164948992256,0.0 -50.2390051,-27.5165195992256,0.0 -50.2389703,-27.5165470992256,0.0 -50.2389514,-27.5165620992256,0.0 -50.2388925,-27.5166088992256,0.0 -50.2388506,-27.5166421992256,0.0 -50.2388073,-27.5166765992256,0.0 -50.2387632,-27.5167114992256,0.0 -50.2387187,-27.5167464992256,0.0 -50.2386742,-27.5167811992256,0.0 -50.2386299,-27.5168155992256,0.0 -50.2385857,-27.5168496992256,0.0 -50.2385416,-27.5168835992256,0.0 -50.2384976,-27.5169171992256,0.0 -50.2384535,-27.5169507992256,0.0 -50.2384095,-27.5169841992256,0.0 -50.2383654,-27.5170174992256,0.0 -50.2383214,-27.5170506992256,0.0 -50.238278,-27.5170833992256,0.0 -50.2382358,-27.5171151992256,0.0 -50.2381955,-27.5171456992256,0.0 -50.2381576,-27.5171742992256,0.0 -50.2381228,-27.5172006992256,0.0 -50.2380918,-27.5172244992256,0.0 -50.2380652,-27.5172450992256,0.0 -50.2380433,-27.5172621992256,0.0 -50.2380259,-27.5172762992256,0.0 -50.2380123,-27.5172874992256,0.0 -50.2380019,-27.5172963992256,0.0 -50.2379941,-27.5173032992256,0.0 -50.2379883,-27.5173085992256,0.0 -50.237984,-27.5173127992256,0.0 -50.2379804,-27.5173161992256,0.0 -50.2379771,-27.5173190992256,0.0 -50.2379738,-27.5173216992256,0.0 -50.2379701,-27.5173239992256,0.0 -50.2379658,-27.5173259992256,0.0 -50.2379606,-27.5173277992256,0.0 -50.2379543,-27.5173292992256,0.0 -50.2379465,-27.5173305992256,0.0 -50.237937,-27.5173317992256,0.0 -50.2379257,-27.5173327992256,0.0 -50.2379128,-27.5173336992256,0.0 -50.2378989,-27.5173343992256,0.0 -50.2378843,-27.5173349992256,0.0 -50.2378695,-27.5173353992256,0.0 -50.2378549,-27.5173356992256,0.0 -50.237841,-27.5173357992256,0.0 -50.2378283,-27.5173356992256,0.0 -50.237817,-27.5173353992256,0.0 -50.2378069,-27.5173348992256,0.0 -50.2377979,-27.5173338992256,0.0 -50.2377895,-27.5173323992256,0.0 -50.2377815,-27.5173302992256,0.0 -50.2377736,-27.5173273992256,0.0 -50.2377654,-27.5173236992256,0.0 -50.2377567,-27.5173189992256,0.0 -50.2377472,-27.5173132992256,0.0 -50.2377372,-27.5173066992256,0.0 -50.2377267,-27.5172994992256,0.0 -50.237716,-27.5172919992256,0.0 -50.2377052,-27.5172843992256,0.0 -50.2376947,-27.5172768992256,0.0 -50.2376845,-27.5172696992256,0.0 -50.2376749,-27.5172631992256,0.0 -50.237666,-27.5172573992256,0.0 -50.2376573,-27.5172519992256,0.0 -50.2376482,-27.5172465992256,0.0 -50.2376381,-27.5172406992256,0.0 -50.2376265,-27.5172338992256,0.0 -50.2376128,-27.5172257992256,0.0 -50.2375963,-27.5172158992256,0.0 -50.2375764,-27.5172037992256,0.0 -50.2375529,-27.5171890992256,0.0 -50.2375258,-27.5171718992256,0.0 -50.2374957,-27.5171524992256,0.0 -50.2374629,-27.5171308992256,0.0 -50.2374278,-27.5171072992256,0.0 -50.2373908,-27.5170819992256,0.0 -50.2373523,-27.5170549992256,0.0 -50.2373128,-27.5170266992256,0.0 -50.2372727,-27.5169970992256,0.0 -50.2372324,-27.5169666992256,0.0 -50.2371925,-27.5169360992256,0.0 -50.2371534,-27.5169056992256,0.0 -50.2371157,-27.5168759992256,0.0 -50.23708,-27.5168473992256,0.0 -50.2370373,-27.5168129992256,0.0 -50.2370162,-27.5167958992256,0.0 -50.236989,-27.5167736992256,0.0 -50.2369646,-27.5167534992256,0.0 -50.2369423,-27.5167346992256,0.0 -50.2369216,-27.5167164992256,0.0 -50.2369019,-27.5166983992256,0.0 -50.2368824,-27.5166797992256,0.0 -50.2368625,-27.5166597992256,0.0 -50.2368417,-27.5166379992256,0.0 -50.2368195,-27.5166137992256,0.0 -50.2367958,-27.5165873992256,0.0 -50.236771,-27.5165590992256,0.0 -50.2367452,-27.5165294992256,0.0 -50.2367186,-27.5164986992256,0.0 -50.2366916,-27.5164672992256,0.0 -50.2366642,-27.5164354992256,0.0 -50.2366368,-27.5164036992256,0.0 -50.2366045,-27.5163666992256,0.0 -50.2365821,-27.5163410992256,0.0 -50.2365547,-27.5163098992256,0.0 -50.2365272,-27.5162787992256,0.0 -50.2364996,-27.5162473992256,0.0 -50.2364716,-27.5162156992256,0.0 -50.2364434,-27.5161834992256,0.0 -50.2364147,-27.5161506992256,0.0 -50.2363855,-27.5161170992256,0.0 -50.236356,-27.5160827992256,0.0 -50.2363261,-27.5160478992256,0.0 -50.236296,-27.5160124992256,0.0 -50.2362658,-27.5159765992256,0.0 -50.2362355,-27.5159403992256,0.0 -50.2362054,-27.5159038992256,0.0 -50.2361754,-27.5158671992256,0.0 -50.2361456,-27.5158303992256,0.0 -50.236116,-27.5157936992256,0.0 -50.2360867,-27.5157569992256,0.0 -50.2360575,-27.5157204992256,0.0 -50.2360284,-27.5156841992256,0.0 -50.2359994,-27.5156483992256,0.0 -50.2359705,-27.5156128992256,0.0 -50.2359416,-27.5155779992256,0.0 -50.2359126,-27.5155436992256,0.0 -50.2358836,-27.5155099992256,0.0 -50.2358545,-27.5154768992256,0.0 -50.2358251,-27.5154442992256,0.0 -50.2357954,-27.5154121992256,0.0 -50.2357654,-27.5153804992256,0.0 -50.2357195,-27.5153338992256,0.0 -50.235704,-27.5153184992256,0.0 -50.2356725,-27.5152879992256,0.0 -50.2356406,-27.5152578992256,0.0 -50.2356084,-27.5152280992256,0.0 -50.2355841,-27.5152060992256,0.0 -50.2355434,-27.5151697992256,0.0 -50.2355108,-27.5151412992256,0.0 -50.2354784,-27.5151130992256,0.0 -50.2354462,-27.5150853992256,0.0 -50.2354144,-27.5150581992256,0.0 -50.2353831,-27.5150315992256,0.0 -50.2353527,-27.5150059992256,0.0 -50.2353233,-27.5149813992256,0.0 -50.2352953,-27.5149581992256,0.0 -50.2352689,-27.5149364992256,0.0 -50.2352443,-27.5149166992256,0.0 -50.2352218,-27.5148987992256,0.0 -50.2352015,-27.5148830992256,0.0 -50.2351829,-27.5148692992256,0.0 -50.2351655,-27.5148568992256,0.0 -50.2351488,-27.5148455992256,0.0 -50.2351321,-27.5148349992256,0.0 -50.2351149,-27.5148246992256,0.0 -50.2350966,-27.5148142992256,0.0 -50.2350767,-27.5148034992256,0.0 -50.2350548,-27.5147919992256,0.0 -50.2350311,-27.5147798992256,0.0 -50.235006,-27.5147672992256,0.0 -50.2349801,-27.5147545992256,0.0 -50.2349536,-27.5147417992256,0.0 -50.2349271,-27.5147293992256,0.0 -50.2349009,-27.5147172992256,0.0 -50.2348754,-27.5147059992256,0.0 -50.2348511,-27.5146953992256,0.0 -50.234828,-27.5146857992256,0.0 -50.2348058,-27.5146769992256,0.0 -50.2347846,-27.5146690992256,0.0 -50.2347643,-27.5146619992256,0.0 -50.2347448,-27.5146556992256,0.0 -50.234726,-27.5146502992256,0.0 -50.2347079,-27.5146456992256,0.0 -50.2346902,-27.5146418992256,0.0 -50.2346727,-27.5146387992256,0.0 -50.2346547,-27.5146364992256,0.0 -50.2346359,-27.5146347992256,0.0 -50.2346158,-27.5146336992256,0.0 -50.2345939,-27.5146332992256,0.0 -50.2345697,-27.5146332992256,0.0 -50.2345429,-27.5146337992256,0.0 -50.234513,-27.5146347992256,0.0 -50.2344806,-27.5146360992256,0.0 -50.2344466,-27.5146377992256,0.0 -50.2344117,-27.5146396992256,0.0 -50.2343767,-27.5146418992256,0.0 -50.2343422,-27.5146441992256,0.0 -50.2343091,-27.5146465992256,0.0 -50.2342781,-27.5146490992256,0.0 -50.2342497,-27.5146515992256,0.0 -50.2342233,-27.5146542992256,0.0 -50.2341978,-27.5146571992256,0.0 -50.2341723,-27.5146603992256,0.0 -50.2341459,-27.5146641992256,0.0 -50.2341176,-27.5146685992256,0.0 -50.2340863,-27.5146736992256,0.0 -50.2340513,-27.5146797992256,0.0 -50.2340117,-27.5146867992256,0.0 -50.233968,-27.5146945992256,0.0 -50.2339208,-27.5147031992256,0.0 -50.2338707,-27.5147124992256,0.0 -50.2338184,-27.5147221992256,0.0 -50.2337645,-27.5147322992256,0.0 -50.2337097,-27.5147426992256,0.0 -50.2336546,-27.5147531992256,0.0 -50.2335998,-27.5147636992256,0.0 -50.2335457,-27.5147741992256,0.0 -50.2334926,-27.5147844992256,0.0 -50.2334409,-27.5147944992256,0.0 -50.2333909,-27.5148042992256,0.0 -50.2333429,-27.5148136992256,0.0 -50.2332973,-27.5148226992256,0.0 -50.2332545,-27.5148310992256,0.0 -50.2332145,-27.5148388992256,0.0 -50.2331771,-27.5148461992256,0.0 -50.2331418,-27.5148529992256,0.0 -50.233108,-27.5148592992256,0.0 -50.2330752,-27.5148651992256,0.0 -50.233043,-27.5148706992256,0.0 -50.2330108,-27.5148758992256,0.0 -50.2329781,-27.5148806992256,0.0 -50.2329445,-27.5148852992256,0.0 -50.2329103,-27.5148894992256,0.0 -50.2328757,-27.5148932992256,0.0 -50.2328411,-27.5148965992256,0.0 -50.2328176,-27.5148983992256,0.0 -50.232773,-27.5149011992256,0.0 -50.2327401,-27.5149023992256,0.0 -50.2327085,-27.5149025992256,0.0 -50.2326783,-27.5149018992256,0.0 -50.2326496,-27.5149003992256,0.0 -50.2326222,-27.5148979992256,0.0 -50.2325961,-27.5148950992256,0.0 -50.2325713,-27.5148915992256,0.0 -50.2325475,-27.5148875992256,0.0 -50.2325248,-27.5148833992256,0.0 -50.2325031,-27.5148788992256,0.0 -50.2324822,-27.5148742992256,0.0 -50.2324619,-27.5148694992256,0.0 -50.2324418,-27.5148642992256,0.0 -50.2324217,-27.5148586992256,0.0 -50.2324011,-27.5148523992256,0.0 -50.2323799,-27.5148453992256,0.0 -50.2323576,-27.5148375992256,0.0 -50.2323339,-27.5148286992256,0.0 -50.2323086,-27.5148186992256,0.0 -50.2322821,-27.5148076992256,0.0 -50.2322548,-27.5147957992256,0.0 -50.2322271,-27.5147830992256,0.0 -50.2321994,-27.5147695992256,0.0 -50.2321721,-27.5147553992256,0.0 -50.2321457,-27.5147406992256,0.0 -50.2321206,-27.5147255992256,0.0 -50.2320971,-27.5147100992256,0.0 -50.2320751,-27.5146939992256,0.0 -50.2320543,-27.5146771992256,0.0 -50.2320346,-27.5146594992256,0.0 -50.2320156,-27.5146405992256,0.0 -50.2319972,-27.5146204992256,0.0 -50.2319791,-27.5145989992256,0.0 -50.2319611,-27.5145756992256,0.0 -50.2319429,-27.5145506992256,0.0 -50.2319246,-27.5145238992256,0.0 -50.231906,-27.5144952992256,0.0 -50.231887,-27.5144650992256,0.0 -50.2318678,-27.5144331992256,0.0 -50.2318481,-27.5143996992256,0.0 -50.2318279,-27.5143647992256,0.0 -50.2318072,-27.5143282992256,0.0 -50.231786,-27.5142904992256,0.0 -50.2317644,-27.5142517992256,0.0 -50.2317427,-27.5142124992256,0.0 -50.2317209,-27.5141731992256,0.0 -50.2316993,-27.5141342992256,0.0 -50.2316781,-27.5140961992256,0.0 -50.2316575,-27.5140594992256,0.0 -50.2316376,-27.5140244992256,0.0 -50.2316186,-27.5139916992256,0.0 -50.2316001,-27.5139607992256,0.0 -50.2315818,-27.5139316992256,0.0 -50.2315633,-27.5139038992256,0.0 -50.2315442,-27.5138773992256,0.0 -50.2315241,-27.5138516992256,0.0 -50.2315027,-27.5138266992256,0.0 -50.2314796,-27.5138019992256,0.0 -50.2314544,-27.5137774992256,0.0 -50.2314271,-27.5137530992256,0.0 -50.2313978,-27.5137287992256,0.0 -50.2313664,-27.5137044992256,0.0 -50.2313329,-27.5136802992256,0.0 -50.2312975,-27.5136561992256,0.0 -50.23126,-27.5136320992256,0.0 -50.2312205,-27.5136079992256,0.0 -50.2311792,-27.5135839992257,0.0 -50.2311232,-27.5135534992257,0.0 -50.2310919,-27.5135369992257,0.0 -50.2310467,-27.5135144992257,0.0 -50.2310009,-27.5134929992257,0.0 -50.2309318,-27.5134631992256,0.0 -50.2309088,-27.5134536992257,0.0 -50.2308632,-27.5134364992257,0.0 -50.2308183,-27.5134209992257,0.0 -50.2307744,-27.5134073992256,0.0 -50.2307317,-27.5133954992257,0.0 -50.2306903,-27.5133851992257,0.0 -50.2306506,-27.5133763992256,0.0 -50.2306126,-27.5133690992257,0.0 -50.2305766,-27.5133629992256,0.0 -50.2305428,-27.5133580992256,0.0 -50.2305113,-27.5133543992256,0.0 -50.2304817,-27.5133516992257,0.0 -50.2304537,-27.5133499992257,0.0 -50.2304269,-27.5133492992257,0.0 -50.2304008,-27.5133493992257,0.0 -50.2303749,-27.5133503992257,0.0 -50.230349,-27.5133520992257,0.0 -50.2303224,-27.5133544992257,0.0 -50.2302949,-27.5133575992257,0.0 -50.230266,-27.5133614992256,0.0 -50.2302353,-27.5133663992257,0.0 -50.2302023,-27.5133723992257,0.0 -50.2301665,-27.5133797992256,0.0 -50.2301276,-27.5133884992257,0.0 -50.2300852,-27.5133989992256,0.0 -50.2300387,-27.5134111992257,0.0 -50.229988,-27.5134251992257,0.0 -50.2299341,-27.5134407992256,0.0 -50.2298781,-27.5134572992257,0.0 -50.2298213,-27.5134743992257,0.0 -50.2297648,-27.5134914992257,0.0 -50.2297099,-27.5135081992257,0.0 -50.2296577,-27.5135238992257,0.0 -50.2296095,-27.5135381992256,0.0 -50.2295661,-27.5135507992256,0.0 -50.2295273,-27.5135615992256,0.0 -50.2294926,-27.5135707992257,0.0 -50.2294616,-27.5135785992256,0.0 -50.2294337,-27.5135848992257,0.0 -50.2294083,-27.5135900992256,0.0 -50.2293851,-27.5135941992256,0.0 -50.2293634,-27.5135973992256,0.0 -50.2293428,-27.5135996992256,0.0 -50.229323,-27.5136013992256,0.0 -50.2293037,-27.5136023992257,0.0 -50.2292846,-27.5136027992256,0.0 -50.2292654,-27.5136027992256,0.0 -50.2292459,-27.5136023992257,0.0 -50.2292258,-27.5136017992256,0.0 -50.2292047,-27.5136008992256,0.0 -50.2291825,-27.5135998992256,0.0 -50.2291585,-27.5135984992256,0.0 -50.2291326,-27.5135962992256,0.0 -50.229104,-27.5135931992256,0.0 -50.2290726,-27.5135887992257,0.0 -50.2290377,-27.5135826992257,0.0 -50.2289991,-27.5135747992257,0.0 -50.2289561,-27.5135646992257,0.0 -50.2289086,-27.5135521992256,0.0 -50.2288566,-27.5135372992256,0.0 -50.2288005,-27.5135203992257,0.0 -50.2287406,-27.5135013992256,0.0 -50.228677,-27.5134807992256,0.0 -50.2286101,-27.5134584992256,0.0 -50.2285402,-27.5134347992257,0.0 -50.2284674,-27.5134099992257,0.0 -50.2283923,-27.5133840992257,0.0 -50.2283151,-27.5133573992257,0.0 -50.2282093,-27.5133209992257,0.0 -50.2281565,-27.5133029992257,0.0 -50.228076,-27.5132756992257,0.0 -50.2279953,-27.5132488992257,0.0 -50.2279149,-27.5132225992257,0.0 -50.2278352,-27.5131972992257,0.0 -50.2277567,-27.5131731992257,0.0 -50.2276798,-27.5131502992257,0.0 -50.2276048,-27.5131289992256,0.0 -50.2275892,-27.5131246992257,0.0 -50.2275505,-27.5131122992257,0.0 -50.2275164,-27.5131015992257,0.0 -50.2274865,-27.5130922992257,0.0 -50.2274601,-27.5130842992257,0.0 -50.2274365,-27.5130772992257,0.0 -50.2274153,-27.5130710992257,0.0 -50.2273957,-27.5130654992257,0.0 -50.2273773,-27.5130603992257,0.0 -50.2273595,-27.5130555992257,0.0 -50.227342,-27.5130509992257,0.0 -50.2273247,-27.5130465992257,0.0 -50.2273073,-27.5130423992257,0.0 -50.2272898,-27.5130382992257,0.0 -50.227272,-27.5130344992257,0.0 -50.2272536,-27.5130307992257,0.0 -50.2272346,-27.5130271992257,0.0 -50.2272146,-27.5130237992257,0.0 -50.2271933,-27.5130205992257,0.0 -50.2271702,-27.5130175992257,0.0 -50.227145,-27.5130149992257,0.0 -50.227117,-27.5130128992257,0.0 -50.227086,-27.5130111992257,0.0 -50.2270515,-27.5130100992257,0.0 -50.2270129,-27.5130096992257,0.0 -50.2269514,-27.5130082992256,0.0 -50.2269184,-27.5130069992257,0.0 -50.226888,-27.5130062992257,0.0 -50.22686,-27.5130059992257,0.0 -50.2268339,-27.5130061992257,0.0 -50.2268097,-27.5130067992257,0.0 -50.2267869,-27.5130077992257,0.0 -50.2267653,-27.5130092992257,0.0 -50.2267445,-27.5130111992257,0.0 -50.2267243,-27.5130134992257,0.0 -50.2267044,-27.5130161992257,0.0 -50.2266847,-27.5130193992257,0.0 -50.2266649,-27.5130230992257,0.0 -50.2266449,-27.5130274992257,0.0 -50.2266245,-27.5130324992257,0.0 -50.2266036,-27.5130383992257,0.0 -50.2265819,-27.5130449992257,0.0 -50.2265594,-27.5130525992257,0.0 -50.2265359,-27.5130611992257,0.0 -50.2265115,-27.5130706992257,0.0 -50.2264863,-27.5130810992257,0.0 -50.2264603,-27.5130921992257,0.0 -50.2264338,-27.5131040992257,0.0 -50.2264069,-27.5131165992257,0.0 -50.2263795,-27.5131297992257,0.0 -50.226352,-27.5131433992257,0.0 -50.2263242,-27.5131575992257,0.0 -50.2262956,-27.5131728992257,0.0 -50.2262653,-27.5131897992257,0.0 -50.2262325,-27.5132089992256,0.0 -50.2261966,-27.5132309992257,0.0 -50.2261567,-27.5132564992257,0.0 -50.226112,-27.5132860992257,0.0 -50.2260619,-27.5133202992257,0.0 -50.2260058,-27.5133594992257,0.0 -50.2259449,-27.5134029992256,0.0 -50.2258806,-27.5134495992257,0.0 -50.2258144,-27.5134983992257,0.0 -50.2257477,-27.5135483992257,0.0 -50.225682,-27.5135983992256,0.0 -50.2256187,-27.5136474992256,0.0 -50.2255321,-27.5137167992257,0.0 -50.2255048,-27.5137389992256,0.0 -50.2254552,-27.5137807992256,0.0 -50.2254099,-27.5138202992256,0.0 -50.2253682,-27.5138580992256,0.0 -50.2253298,-27.5138943992256,0.0 -50.2252941,-27.5139297992256,0.0 -50.2252605,-27.5139644992256,0.0 -50.2252285,-27.5139989992256,0.0 -50.2251977,-27.5140335992256,0.0 -50.2251681,-27.5140682992256,0.0 -50.2251398,-27.5141026992256,0.0 -50.2251129,-27.5141368992256,0.0 -50.2250876,-27.5141706992256,0.0 -50.2250639,-27.5142037992256,0.0 -50.225042,-27.5142361992256,0.0 -50.225022,-27.5142675992256,0.0 -50.225004,-27.5142978992256,0.0 -50.2249878,-27.5143271992256,0.0 -50.2249734,-27.5143553992256,0.0 -50.2249605,-27.5143823992256,0.0 -50.2249491,-27.5144083992256,0.0 -50.224939,-27.5144331992256,0.0 -50.2249301,-27.5144569992256,0.0 -50.2249222,-27.5144796992256,0.0 -50.2249151,-27.5145012992256,0.0 -50.2249089,-27.5145220992256,0.0 -50.2249032,-27.5145423992256,0.0 -50.224898,-27.5145625992256,0.0 -50.2248932,-27.5145829992256,0.0 -50.2248886,-27.5146037992256,0.0 -50.2248841,-27.5146254992256,0.0 -50.2248796,-27.5146482992256,0.0 -50.224875,-27.5146723992256,0.0 -50.2248726,-27.5146849992256,0.0 -50.2248655,-27.5147237992256,0.0 -50.2248608,-27.5147506992256,0.0 -50.2248562,-27.5147778992256,0.0 -50.2248519,-27.5148051992256,0.0 -50.2248479,-27.5148322992256,0.0 -50.2248443,-27.5148590992256,0.0 -50.2248411,-27.5148851992256,0.0 -50.2248383,-27.5149107992256,0.0 -50.224836,-27.5149359992256,0.0 -50.2248342,-27.5149609992256,0.0 -50.2248329,-27.5149858992256,0.0 -50.224832,-27.5150107992256,0.0 -50.2248315,-27.5150359992256,0.0 -50.2248316,-27.5150615992256,0.0 -50.2248321,-27.5150876992256,0.0 -50.2248331,-27.5151140992256,0.0 -50.2248345,-27.5151406992256,0.0 -50.2248365,-27.5151673992256,0.0 -50.224839,-27.5151938992256,0.0 -50.2248421,-27.5152201992256,0.0 -50.2248456,-27.5152459992256,0.0 -50.2248498,-27.5152711992256,0.0 -50.2248545,-27.5152956992256,0.0 -50.2248599,-27.5153197992256,0.0 -50.2248662,-27.5153440992256,0.0 -50.2248735,-27.5153688992256,0.0 -50.2248819,-27.5153945992256,0.0 -50.2248916,-27.5154217992256,0.0 -50.2249028,-27.5154507992256,0.0 -50.2249155,-27.5154819992256,0.0 -50.2249298,-27.5155157992256,0.0 -50.2249455,-27.5155513992256,0.0 -50.2249622,-27.5155878992256,0.0 -50.2249796,-27.5156244992256,0.0 -50.2249972,-27.5156602992256,0.0 -50.2250148,-27.5156943992256,0.0 -50.2250319,-27.5157259992256,0.0 -50.2250483,-27.5157539992256,0.0 -50.2250637,-27.5157779992256,0.0 -50.2250781,-27.5157980992256,0.0 -50.2250917,-27.5158146992256,0.0 -50.2251049,-27.5158283992256,0.0 -50.2251177,-27.5158394992256,0.0 -50.2251303,-27.5158485992256,0.0 -50.2251429,-27.5158559992256,0.0 -50.2251558,-27.5158622992256,0.0 -50.2251691,-27.5158676992256,0.0 -50.2251826,-27.5158724992256,0.0 -50.2251964,-27.5158765992256,0.0 -50.2252102,-27.5158800992256,0.0 -50.2252241,-27.5158829992256,0.0 -50.2252378,-27.5158853992256,0.0 -50.2252512,-27.5158872992256,0.0 -50.2252643,-27.5158887992256,0.0 -50.2252769,-27.5158897992256,0.0 -50.2252894,-27.5158903992256,0.0 -50.2253018,-27.5158903992256,0.0 -50.2253145,-27.5158898992256,0.0 -50.2253276,-27.5158886992256,0.0 -50.2253415,-27.5158866992256,0.0 -50.2253563,-27.5158839992256,0.0 -50.2253722,-27.5158803992256,0.0 -50.2253895,-27.5158759992256,0.0 -50.225408,-27.5158707992256,0.0 -50.2254274,-27.5158649992256,0.0 -50.2254476,-27.5158587992256,0.0 -50.2254682,-27.5158521992256,0.0 -50.2254891,-27.5158455992256,0.0 -50.22551,-27.5158388992256,0.0 -50.2255308,-27.5158323992256,0.0 -50.2255511,-27.5158261992256,0.0 -50.2255711,-27.5158203992256,0.0 -50.2255909,-27.5158150992256,0.0 -50.2256104,-27.5158102992256,0.0 -50.2256297,-27.5158060992256,0.0 -50.225649,-27.5158024992256,0.0 -50.2256682,-27.5157996992256,0.0 -50.2256875,-27.5157976992256,0.0 -50.2257069,-27.5157965992256,0.0 -50.2257264,-27.5157962992256,0.0 -50.225746,-27.5157968992256,0.0 -50.2257656,-27.5157984992256,0.0 -50.2257852,-27.5158009992256,0.0 -50.2258048,-27.5158044992256,0.0 -50.2258243,-27.5158088992256,0.0 -50.2258438,-27.5158142992256,0.0 -50.2258632,-27.5158206992256,0.0 -50.2258823,-27.5158279992256,0.0 -50.2259012,-27.5158361992256,0.0 -50.2259198,-27.5158450992256,0.0 -50.2259379,-27.5158546992256,0.0 -50.2259555,-27.5158647992256,0.0 -50.2259725,-27.5158754992256,0.0 -50.2259888,-27.5158864992256,0.0 -50.2260044,-27.5158978992256,0.0 -50.2260193,-27.5159096992256,0.0 -50.2260334,-27.5159217992256,0.0 -50.2260468,-27.5159341992256,0.0 -50.2260594,-27.5159469992256,0.0 -50.2260714,-27.5159601992256,0.0 -50.2260827,-27.5159736992256,0.0 -50.2260933,-27.5159875992256,0.0 -50.2261032,-27.5160017992256,0.0 -50.2261126,-27.5160164992256,0.0 -50.2261216,-27.5160313992256,0.0 -50.2261304,-27.5160466992256,0.0 -50.226139,-27.5160622992256,0.0 -50.2261476,-27.5160780992256,0.0 -50.2261563,-27.5160942992256,0.0 -50.2261653,-27.5161106992256,0.0 -50.2261747,-27.5161273992256,0.0 -50.2261844,-27.5161442992256,0.0 -50.2261945,-27.5161613992256,0.0 -50.2262049,-27.5161786992256,0.0 -50.2262156,-27.5161962992256,0.0 -50.2262266,-27.5162139992256,0.0 -50.2262379,-27.5162318992256,0.0 -50.2262494,-27.5162498992256,0.0 -50.2262611,-27.5162680992256,0.0 -50.2262733,-27.5162865992256,0.0 -50.2262859,-27.5163053992256,0.0 -50.2262993,-27.5163244992256,0.0 -50.2263134,-27.5163441992256,0.0 -50.2263286,-27.5163643992256,0.0 -50.226345,-27.5163852992256,0.0 -50.2263626,-27.5164068992256,0.0 -50.2263816,-27.5164291992256,0.0 -50.2264017,-27.5164519992256,0.0 -50.2264225,-27.5164747992256,0.0 -50.2264436,-27.5164972992256,0.0 -50.2264646,-27.5165190992256,0.0 -50.2264852,-27.5165397992256,0.0 -50.2265048,-27.5165589992256,0.0 -50.2265233,-27.5165763992256,0.0 -50.2265403,-27.5165916992256,0.0 -50.2265566,-27.5166051992256,0.0 -50.226573,-27.5166172992256,0.0 -50.2265904,-27.5166283992256,0.0 -50.2266095,-27.5166388992256,0.0 -50.2266314,-27.5166492992256,0.0 -50.2266569,-27.5166598992256,0.0 -50.2266867,-27.5166712992256,0.0 -50.2267216,-27.5166835992256,0.0 -50.2267612,-27.5166966992256,0.0 -50.2268047,-27.5167101992256,0.0 -50.2268516,-27.5167236992256,0.0 -50.2269012,-27.5167368992256,0.0 -50.2269528,-27.5167493992256,0.0 -50.2270057,-27.5167607992256,0.0 -50.2270595,-27.5167708992256,0.0 -50.2271134,-27.5167792992256,0.0 -50.2271675,-27.5167861992256,0.0 -50.2272219,-27.5167917992256,0.0 -50.2272768,-27.5167963992256,0.0 -50.2273321,-27.5168000992256,0.0 -50.2273881,-27.5168033992256,0.0 -50.2274447,-27.5168061992256,0.0 -50.2275022,-27.5168090992256,0.0 -50.2275606,-27.5168119992256,0.0 -50.2276197,-27.5168151992256,0.0 -50.2276793,-27.5168185992256,0.0 -50.2277392,-27.5168222992256,0.0 -50.2277991,-27.5168263992256,0.0 -50.2278588,-27.5168308992256,0.0 -50.2279181,-27.5168358992256,0.0 -50.2279768,-27.5168414992256,0.0 -50.2280347,-27.5168475992256,0.0 -50.2280917,-27.5168540992256,0.0 -50.2281477,-27.5168611992256,0.0 -50.2282028,-27.5168684992256,0.0 -50.2282568,-27.5168761992256,0.0 -50.2283097,-27.5168840992256,0.0 -50.2283616,-27.5168920992256,0.0 -50.2284122,-27.5169002992256,0.0 -50.2284616,-27.5169083992256,0.0 -50.2285096,-27.5169164992256,0.0 -50.2285563,-27.5169247992256,0.0 -50.2286013,-27.5169331992256,0.0 -50.2286447,-27.5169416992256,0.0 -50.2286863,-27.5169504992256,0.0 -50.2287259,-27.5169593992256,0.0 -50.2287636,-27.5169686992256,0.0 -50.2287993,-27.5169783992256,0.0 -50.2288335,-27.5169884992256,0.0 -50.228867,-27.5169991992256,0.0 -50.2289004,-27.5170105992256,0.0 -50.2289344,-27.5170229992256,0.0 -50.2289696,-27.5170363992256,0.0 -50.2290068,-27.5170510992256,0.0 -50.2290467,-27.5170669992256,0.0 -50.2290896,-27.5170842992256,0.0 -50.229135,-27.5171027992256,0.0 -50.2291822,-27.5171218992256,0.0 -50.2292303,-27.5171412992256,0.0 -50.2292786,-27.5171606992256,0.0 -50.2293263,-27.5171795992256,0.0 -50.2293726,-27.5171976992256,0.0 -50.2294167,-27.5172145992256,0.0 -50.2294581,-27.5172298992256,0.0 -50.2294973,-27.5172438992256,0.0 -50.2295348,-27.5172568992256,0.0 -50.2295714,-27.5172691992256,0.0 -50.2296078,-27.5172809992256,0.0 -50.2296446,-27.5172926992256,0.0 -50.2296826,-27.5173044992256,0.0 -50.2297224,-27.5173166992256,0.0 -50.2297644,-27.5173295992256,0.0 -50.2298084,-27.5173430992256,0.0 -50.2298538,-27.5173569992256,0.0 -50.2298999,-27.5173710992256,0.0 -50.2299462,-27.5173852992256,0.0 -50.2299922,-27.5173993992256,0.0 -50.2300372,-27.5174132992256,0.0 -50.2300808,-27.5174268992256,0.0 -50.2301224,-27.5174398992256,0.0 -50.2301622,-27.5174523992256,0.0 -50.2302004,-27.5174643992256,0.0 -50.2302374,-27.5174759992256,0.0 -50.2302599,-27.5174829992256,0.0 -50.2303086,-27.5174979992256,0.0 -50.2303433,-27.5175084992256,0.0 -50.2303777,-27.5175186992256,0.0 -50.2304122,-27.5175286992256,0.0 -50.230447,-27.5175384992256,0.0 -50.2304822,-27.5175482992256,0.0 -50.2305182,-27.5175583992256,0.0 -50.2305551,-27.5175686992256,0.0 -50.2305932,-27.5175794992256,0.0 -50.2306327,-27.5175909992256,0.0 -50.2306738,-27.5176031992256,0.0 -50.2307167,-27.5176161992256,0.0 -50.2307613,-27.5176300992256,0.0 -50.2308075,-27.5176445992256,0.0 -50.2308549,-27.5176596992256,0.0 -50.2309036,-27.5176752992256,0.0 -50.2309532,-27.5176912992256,0.0 -50.2310037,-27.5177075992256,0.0 -50.2310547,-27.5177238992256,0.0 -50.2311063,-27.5177403992256,0.0 -50.231158,-27.5177568992256,0.0 -50.2312096,-27.5177733992256,0.0 -50.2312608,-27.5177897992256,0.0 -50.2313114,-27.5178061992256,0.0 -50.2313611,-27.5178225992256,0.0 -50.2314095,-27.5178387992256,0.0 -50.2314565,-27.5178548992256,0.0 -50.2315018,-27.5178708992256,0.0 -50.2315455,-27.5178866992256,0.0 -50.2315881,-27.5179024992256,0.0 -50.2316296,-27.5179181992256,0.0 -50.2316704,-27.5179339992256,0.0 -50.2317108,-27.5179497992256,0.0 -50.2317509,-27.5179656992256,0.0 -50.2317911,-27.5179817992256,0.0 -50.2318316,-27.5179978992256,0.0 -50.231872,-27.5180141992256,0.0 -50.2319123,-27.5180303992256,0.0 -50.2319521,-27.5180464992256,0.0 -50.2319912,-27.5180623992256,0.0 -50.2320294,-27.5180778992256,0.0 -50.2320662,-27.5180929992256,0.0 -50.2321016,-27.5181075992256,0.0 -50.2321354,-27.5181216992256,0.0 -50.2321677,-27.5181351992256,0.0 -50.2321988,-27.5181483992256,0.0 -50.232229,-27.5181613992256,0.0 -50.2322586,-27.5181742992256,0.0 -50.232288,-27.5181872992256,0.0 -50.2323173,-27.5182003992256,0.0 -50.2323469,-27.5182138992256,0.0 -50.232377,-27.5182277992256,0.0 -50.2324078,-27.5182422992256,0.0 -50.2324391,-27.5182571992256,0.0 -50.232471,-27.5182726992256,0.0 -50.2325035,-27.5182887992256,0.0 -50.2325366,-27.5183053992256,0.0 -50.2325703,-27.5183227992256,0.0 -50.2326047,-27.5183406992256,0.0 -50.2326397,-27.5183593992256,0.0 -50.2326753,-27.5183786992256,0.0 -50.2327113,-27.5183985992256,0.0 -50.2327477,-27.5184189992256,0.0 -50.2327845,-27.5184398992256,0.0 -50.2328215,-27.5184610992256,0.0 -50.2328587,-27.5184826992255,0.0 -50.232896,-27.5185044992256,0.0 -50.2329333,-27.5185264992256,0.0 -50.2329705,-27.5185485992256,0.0 -50.2330077,-27.5185708992256,0.0 -50.2330447,-27.5185930992256,0.0 -50.2330815,-27.5186152992256,0.0 -50.2331181,-27.5186374992256,0.0 -50.2331544,-27.5186594992255,0.0 -50.2331904,-27.5186812992256,0.0 -50.233226,-27.5187028992256,0.0 -50.2332612,-27.5187243992255,0.0 -50.2332959,-27.5187458992255,0.0 -50.2333303,-27.5187674992255,0.0 -50.2333642,-27.5187894992256,0.0 -50.2333977,-27.5188118992256,0.0 -50.2334308,-27.5188348992256,0.0 -50.2334634,-27.5188584992256,0.0 -50.2334956,-27.5188829992255,0.0 -50.2335274,-27.5189082992255,0.0 -50.2335592,-27.5189342992255,0.0 -50.2335909,-27.5189610992255,0.0 -50.2336229,-27.5189884992256,0.0 -50.2336553,-27.5190166992255,0.0 -50.2336882,-27.5190453992255,0.0 -50.2337218,-27.5190746992255,0.0 -50.2337563,-27.5191044992255,0.0 -50.2337913,-27.5191346992255,0.0 -50.2338269,-27.5191650992255,0.0 -50.2338625,-27.5191953992255,0.0 -50.2338982,-27.5192254992255,0.0 -50.2339336,-27.5192550992255,0.0 -50.2339685,-27.5192841992255,0.0 -50.2340026,-27.5193123992255,0.0 -50.2340358,-27.5193395992255,0.0 -50.2340679,-27.5193657992255,0.0 -50.2340986,-27.5193907992255,0.0 -50.234128,-27.5194145992255,0.0 -50.2341558,-27.5194371992255,0.0 -50.2341818,-27.5194583992255,0.0 -50.2342059,-27.5194781992255,0.0 -50.234228,-27.5194964992255,0.0 -50.2342479,-27.5195133992255,0.0 -50.2342659,-27.5195289992255,0.0 -50.234282,-27.5195436992255,0.0 -50.2342966,-27.5195576992255,0.0 -50.2343098,-27.5195713992255,0.0 -50.2343219,-27.5195849992255,0.0 -50.234333,-27.5195987992255,0.0 -50.2343434,-27.5196130992255,0.0 -50.2343533,-27.5196280992255,0.0 -50.2343626,-27.5196438992255,0.0 -50.2343714,-27.5196600992255,0.0 -50.2343796,-27.5196767992255,0.0 -50.2343872,-27.5196937992255,0.0 -50.2343942,-27.5197107992255,0.0 -50.2344007,-27.5197279992255,0.0 -50.2344065,-27.5197448992255,0.0 -50.2344116,-27.5197616992255,0.0 -50.2344162,-27.5197783992255,0.0 -50.2344203,-27.5197952992255,0.0 -50.234424,-27.5198123992255,0.0 -50.2344273,-27.5198299992255,0.0 -50.2344304,-27.5198481992255,0.0 -50.2344332,-27.5198673992255,0.0 -50.234436,-27.5198874992255,0.0 -50.2344386,-27.5199087992255,0.0 -50.2344411,-27.5199312992255,0.0 -50.2344435,-27.5199548992255,0.0 -50.2344457,-27.5199796992255,0.0 -50.2344476,-27.5200053992255,0.0 -50.2344493,-27.5200321992255,0.0 -50.2344506,-27.5200599992255,0.0 -50.2344515,-27.5200886992255,0.0 -50.234452,-27.5201182992255,0.0 -50.234452,-27.5201488992255,0.0 -50.2344515,-27.5201802992255,0.0 -50.2344504,-27.5202126992255,0.0 -50.2344487,-27.5202459992255,0.0 -50.2344464,-27.5202802992255,0.0 -50.2344435,-27.5203155992255,0.0 -50.2344398,-27.5203518992255,0.0 -50.2344353,-27.5203890992255,0.0 -50.2344302,-27.5204268992255,0.0 -50.2344244,-27.5204648992255,0.0 -50.234418,-27.5205027992255,0.0 -50.234411,-27.5205400992255,0.0 -50.2344035,-27.5205764992255,0.0 -50.2343956,-27.5206115992255,0.0 -50.2343872,-27.5206448992255,0.0 -50.2343785,-27.5206762992255,0.0 -50.2343692,-27.5207061992255,0.0 -50.2343593,-27.5207351992255,0.0 -50.2343485,-27.5207639992255,0.0 -50.2343367,-27.5207931992255,0.0 -50.2343238,-27.5208232992255,0.0 -50.2343096,-27.5208550992255,0.0 -50.2342939,-27.5208891992255,0.0 -50.2342767,-27.5209257992255,0.0 -50.2342582,-27.5209646992255,0.0 -50.2342389,-27.5210049992255,0.0 -50.234219,-27.5210460992255,0.0 -50.2341989,-27.5210873992255,0.0 -50.2341791,-27.5211280992255,0.0 -50.2341599,-27.5211674992255,0.0 -50.2341416,-27.5212049992255,0.0 -50.2341245,-27.5212399992255,0.0 -50.2341088,-27.5212724992255,0.0 -50.2340943,-27.5213024992255,0.0 -50.2340811,-27.5213300992255,0.0 -50.2340691,-27.5213553992255,0.0 -50.2340583,-27.5213783992255,0.0 -50.2340487,-27.5213992992255,0.0 -50.2340403,-27.5214179992255,0.0 -50.234033,-27.5214348992255,0.0 -50.2340265,-27.5214502992255,0.0 -50.2340206,-27.5214650992255,0.0 -50.2340149,-27.5214797992255,0.0 -50.2340092,-27.5214949992255,0.0 -50.2340031,-27.5215114992255,0.0 -50.2339964,-27.5215298992255,0.0 -50.2339887,-27.5215507992255,0.0 -50.2339799,-27.5215746992255,0.0 -50.23397,-27.5216012992255,0.0 -50.2339592,-27.5216299992255,0.0 -50.2339477,-27.5216602992255,0.0 -50.2339356,-27.5216917992255,0.0 -50.2339232,-27.5217238992255,0.0 -50.2339106,-27.5217560992255,0.0 -50.2338979,-27.5217878992255,0.0 -50.2338854,-27.5218187992255,0.0 -50.2338731,-27.5218490992255,0.0 -50.233861,-27.5218788992255,0.0 -50.2338493,-27.5219084992255,0.0 -50.233838,-27.5219380992255,0.0 -50.2338272,-27.5219678992255,0.0 -50.2338169,-27.5219982992255,0.0 -50.2338072,-27.5220293992255,0.0 -50.2337982,-27.5220612992255,0.0 -50.2337898,-27.5220938992255,0.0 -50.233782,-27.5221266992255,0.0 -50.2337748,-27.5221592992255,0.0 -50.2337681,-27.5221912992255,0.0 -50.2337619,-27.5222224992255,0.0 -50.2337562,-27.5222522992255,0.0 -50.233751,-27.5222804992255,0.0 -50.2337462,-27.5223067992255,0.0 -50.2337418,-27.5223313992255,0.0 -50.2337376,-27.5223549992255,0.0 -50.2337336,-27.5223779992255,0.0 -50.2337297,-27.5224008992255,0.0 -50.2337259,-27.5224241992255,0.0 -50.2337219,-27.5224482992255,0.0 -50.2337179,-27.5224737992255,0.0 -50.2337137,-27.5225008992255,0.0 -50.2337094,-27.5225291992255,0.0 -50.2337051,-27.5225580992255,0.0 -50.233701,-27.5225867992255,0.0 -50.2336971,-27.5226147992255,0.0 -50.2336936,-27.5226413992255,0.0 -50.2336906,-27.5226659992255,0.0 -50.2336883,-27.5226878992255,0.0 -50.2336867,-27.5227065992255,0.0 -50.2336857,-27.5227223992255,0.0 -50.2336854,-27.5227355992255,0.0 -50.2336857,-27.5227466992255,0.0 -50.2336864,-27.5227559992255,0.0 -50.2336877,-27.5227639992255,0.0 -50.2336894,-27.5227709992255,0.0 -50.2336914,-27.5227774992255,0.0 -50.2336937,-27.5227836992255,0.0 -50.2336964,-27.5227897992255,0.0 -50.2336997,-27.5227958992255,0.0 -50.2337036,-27.5228018992255,0.0 -50.2337082,-27.5228078992255,0.0 -50.2337137,-27.5228139992255,0.0 -50.2337202,-27.5228201992255,0.0 -50.2337277,-27.5228264992255,0.0 -50.2337364,-27.5228329992255,0.0 -50.2337462,-27.5228395992255,0.0 -50.2337571,-27.5228462992255,0.0 -50.233769,-27.5228527992255,0.0 -50.2337818,-27.5228590992255,0.0 -50.2337954,-27.5228651992255,0.0 -50.2338099,-27.5228708992255,0.0 -50.2338251,-27.5228760992255,0.0 -50.233841,-27.5228807992255,0.0 -50.2338578,-27.5228849992255,0.0 -50.2338756,-27.5228887992255,0.0 -50.2338946,-27.5228921992255,0.0 -50.2339149,-27.5228952992255,0.0 -50.2339366,-27.5228982992255,0.0 -50.2339601,-27.5229010992255,0.0 -50.2339854,-27.5229038992255,0.0 -50.2340125,-27.5229066992255,0.0 -50.2340411,-27.5229094992255,0.0 -50.2340705,-27.5229122992255,0.0 -50.2341002,-27.5229151992255,0.0 -50.2341295,-27.5229181992255,0.0 -50.2341579,-27.5229211992255,0.0 -50.2341848,-27.5229243992255,0.0 -50.2342097,-27.5229275992255,0.0 -50.234232,-27.5229309992255,0.0 -50.2342519,-27.5229344992255,0.0 -50.2342696,-27.5229382992255,0.0 -50.2342853,-27.5229425992255,0.0 -50.2342992,-27.5229471992255,0.0 -50.2343115,-27.5229524992255,0.0 -50.2343225,-27.5229582992255,0.0 -50.2343324,-27.5229648992255,0.0 -50.2343414,-27.5229722992255,0.0 -50.2343496,-27.5229803992255,0.0 -50.234357,-27.5229891992255,0.0 -50.2343637,-27.5229986992255,0.0 -50.2343697,-27.5230087992255,0.0 -50.2343751,-27.5230193992255,0.0 -50.2343799,-27.5230305992255,0.0 -50.2343843,-27.5230421992255,0.0 -50.2343882,-27.5230542992255,0.0 -50.2343917,-27.5230669992255,0.0 -50.2343946,-27.5230806992255,0.0 -50.234397,-27.5230956992255,0.0 -50.2343989,-27.5231121992255,0.0 -50.2344002,-27.5231303992255,0.0 -50.2344008,-27.5231507992255,0.0 -50.2344007,-27.5231733992255,0.0 -50.2344,-27.5231985992255,0.0 -50.2343987,-27.5232256992255,0.0 -50.2343968,-27.5232541992255,0.0 -50.2343944,-27.5232832992255,0.0 -50.2343917,-27.5233123992255,0.0 -50.2343887,-27.5233409992255,0.0 -50.2343855,-27.5233681992255,0.0 -50.2343822,-27.5233934992255,0.0 -50.2343788,-27.5234163992255,0.0 -50.2343753,-27.5234369992255,0.0 -50.2343717,-27.5234554992255,0.0 -50.234368,-27.5234721992255,0.0 -50.2343641,-27.5234873992255,0.0 -50.23436,-27.5235013992255,0.0 -50.2343557,-27.5235143992255,0.0 -50.2343511,-27.5235265992255,0.0 -50.2343462,-27.5235383992255,0.0 -50.2343409,-27.5235496992255,0.0 -50.2343353,-27.5235605992255,0.0 -50.2343293,-27.5235710992255,0.0 -50.2343229,-27.5235811992255,0.0 -50.234316,-27.5235909992255,0.0 -50.2343087,-27.5236004992255,0.0 -50.2343009,-27.5236095992255,0.0 -50.2342925,-27.5236184992255,0.0 -50.2342831,-27.5236273992255,0.0 -50.2342724,-27.5236363992255,0.0 -50.2342597,-27.5236457992255,0.0 -50.2342448,-27.5236557992255,0.0 -50.2342271,-27.5236665992255,0.0 -50.2342061,-27.5236783992255,0.0 -50.2341815,-27.5236915992255,0.0 -50.234153,-27.5237060992255,0.0 -50.2341212,-27.5237218992255,0.0 -50.234087,-27.5237386992255,0.0 -50.2340514,-27.5237563992255,0.0 -50.2340151,-27.5237744992255,0.0 -50.2339791,-27.5237929992255,0.0 -50.2339443,-27.5238115992255,0.0 -50.2339114,-27.5238299992255,0.0 -50.2338813,-27.5238480992255,0.0 -50.2338539,-27.5238657992255,0.0 -50.2338292,-27.5238828992255,0.0 -50.2338069,-27.5238994992255,0.0 -50.233787,-27.5239153992255,0.0 -50.2337693,-27.5239306992255,0.0 -50.2337536,-27.5239451992255,0.0 -50.2337399,-27.5239588992254,0.0 -50.233728,-27.5239716992255,0.0 -50.2337178,-27.5239837992254,0.0 -50.2337089,-27.5239951992255,0.0 -50.2337013,-27.5240059992254,0.0 -50.2336948,-27.5240164992255,0.0 -50.2336891,-27.5240264992254,0.0 -50.2336841,-27.5240363992255,0.0 -50.2336796,-27.5240461992255,0.0 -50.2336755,-27.5240558992255,0.0 -50.2336717,-27.5240657992255,0.0 -50.2336682,-27.5240759992254,0.0 -50.233665,-27.5240864992255,0.0 -50.2336621,-27.5240974992255,0.0 -50.2336595,-27.5241091992255,0.0 -50.2336572,-27.5241215992255,0.0 -50.2336553,-27.5241348992254,0.0 -50.2336536,-27.5241491992254,0.0 -50.2336524,-27.5241646992255,0.0 -50.2336516,-27.5241815992254,0.0 -50.2336513,-27.5242000992254,0.0 -50.2336516,-27.5242203992255,0.0 -50.2336526,-27.5242427992254,0.0 -50.2336543,-27.5242672992254,0.0 -50.2336569,-27.5242942992254,0.0 -50.2336604,-27.5243237992254,0.0 -50.2336647,-27.5243554992254,0.0 -50.23367,-27.5243890992254,0.0 -50.2336762,-27.5244241992254,0.0 -50.2336833,-27.5244604992254,0.0 -50.2336914,-27.5244974992254,0.0 -50.2337004,-27.5245348992254,0.0 -50.2337104,-27.5245722992254,0.0 -50.2337214,-27.5246094992254,0.0 -50.2337332,-27.5246465992254,0.0 -50.2337457,-27.5246839992254,0.0 -50.2337588,-27.5247217992254,0.0 -50.2337725,-27.5247603992254,0.0 -50.2337865,-27.5248000992254,0.0 -50.2338008,-27.5248409992254,0.0 -50.2338152,-27.5248835992254,0.0 -50.2338296,-27.5249278992254,0.0 -50.2338439,-27.5249736992254,0.0 -50.2338581,-27.5250203992254,0.0 -50.2338719,-27.5250677992254,0.0 -50.2338853,-27.5251153992254,0.0 -50.2338982,-27.5251626992254,0.0 -50.2339105,-27.5252092992254,0.0 -50.233922,-27.5252547992254,0.0 -50.2339327,-27.5252989992254,0.0 -50.2339429,-27.5253430992254,0.0 -50.2339528,-27.5253880992254,0.0 -50.2339626,-27.5254355992254,0.0 -50.2339728,-27.5254865992254,0.0 -50.2339834,-27.5255425992254,0.0 -50.2339949,-27.5256047992254,0.0 -50.2340074,-27.5256744992254,0.0 -50.2340212,-27.5257523992254,0.0 -50.234036,-27.5258366992254,0.0 -50.2340514,-27.5259246992254,0.0 -50.2340669,-27.5260140992254,0.0 -50.2340823,-27.5261023992254,0.0 -50.2340972,-27.5261869992254,0.0 -50.2341111,-27.5262655992254,0.0 -50.2341237,-27.5263354992254,0.0 -50.2341347,-27.5263949992254,0.0 -50.2341443,-27.5264448992254,0.0 -50.2341526,-27.5264864992254,0.0 -50.2341601,-27.5265211992254,0.0 -50.2341669,-27.5265503992254,0.0 -50.2341733,-27.5265755992254,0.0 -50.2341796,-27.5265980992254,0.0 -50.234186,-27.5266193992254,0.0 -50.2341928,-27.5266405992254,0.0 -50.2342001,-27.5266622992254,0.0 -50.234208,-27.5266846992254,0.0 -50.2342167,-27.5267080992254,0.0 -50.2342262,-27.5267326992254,0.0 -50.2342366,-27.5267587992254,0.0 -50.2342482,-27.5267867992254,0.0 -50.2342609,-27.5268167992254,0.0 -50.2342749,-27.5268489992254,0.0 -50.2342898,-27.5268829992254,0.0 -50.2343054,-27.5269182992254,0.0 -50.2343215,-27.5269540992254,0.0 -50.2343376,-27.5269900992254,0.0 -50.2343534,-27.5270254992254,0.0 -50.2343687,-27.5270599992254,0.0 -50.2343832,-27.5270926992254,0.0 -50.2343965,-27.5271234992254,0.0 -50.2344089,-27.5271524992254,0.0 -50.2344205,-27.5271802992254,0.0 -50.2344314,-27.5272071992254,0.0 -50.2344419,-27.5272336992254,0.0 -50.234452,-27.5272602992254,0.0 -50.2344621,-27.5272874992254,0.0 -50.2344722,-27.5273155992254,0.0 -50.2344824,-27.5273448992254,0.0 -50.2344926,-27.5273751992254,0.0 -50.2345027,-27.5274055992254,0.0 -50.2345124,-27.5274357992254,0.0 -50.2345215,-27.5274649992254,0.0 -50.2345299,-27.5274926992254,0.0 -50.2345372,-27.5275182992254,0.0 -50.2345434,-27.5275411992254,0.0 -50.2345483,-27.5275610992254,0.0 -50.2345519,-27.5275780992254,0.0 -50.2345544,-27.5275926992254,0.0 -50.2345558,-27.5276051992254,0.0 -50.2345564,-27.5276161992254,0.0 -50.2345561,-27.5276258992254,0.0 -50.2345552,-27.5276348992254,0.0 -50.2345537,-27.5276435992254,0.0 -50.2345518,-27.5276521992254,0.0 -50.2345494,-27.5276608992254,0.0 -50.2345467,-27.5276695992254,0.0 -50.2345435,-27.5276780992254,0.0 -50.2345399,-27.5276865992254,0.0 -50.234536,-27.5276948992254,0.0 -50.2345316,-27.5277030992254,0.0 -50.2345269,-27.5277109992254,0.0 -50.2345219,-27.5277185992254,0.0 -50.2345165,-27.5277259992254,0.0 -50.2345107,-27.5277331992254,0.0 -50.2345046,-27.5277402992254,0.0 -50.2344982,-27.5277471992254,0.0 -50.2344914,-27.5277540992254,0.0 -50.2344843,-27.5277609992254,0.0 -50.2344769,-27.5277678992254,0.0 -50.2344688,-27.5277748992254,0.0 -50.2344587,-27.5277825992254,0.0 -50.2344448,-27.5277915992254,0.0 -50.2344253,-27.5278022992254,0.0 -50.2343984,-27.5278152992254,0.0 -50.2343626,-27.5278313992254,0.0 -50.2343159,-27.5278508992254,0.0 -50.2342566,-27.5278744992254,0.0 -50.234184,-27.5279024992254,0.0 -50.2341004,-27.5279338992254,0.0 -50.2340095,-27.5279675992254,0.0 -50.2339145,-27.5280023992254,0.0 -50.2338341,-27.5280314992254,0.0 -50.2337264,-27.5280700992254,0.0 -50.2336401,-27.5281007992254,0.0 -50.2335636,-27.5281276992254,0.0 -50.2334995,-27.5281498992254,0.0 -50.2334471,-27.5281675992254,0.0 -50.2334049,-27.5281814992254,0.0 -50.2333715,-27.5281920992254,0.0 -50.2333454,-27.5281999992254,0.0 -50.2333251,-27.5282055992254,0.0 -50.2333092,-27.5282095992254,0.0 -50.233296,-27.5282124992254,0.0 -50.2332845,-27.5282147992254,0.0 -50.233274,-27.5282166992254,0.0 -50.2332645,-27.5282180992254,0.0 -50.2332557,-27.5282192992254,0.0 -50.2332473,-27.5282200992254,0.0 -50.2332391,-27.5282207992254,0.0 -50.2332309,-27.5282212992254,0.0 -50.2332224,-27.5282216992254,0.0 -50.2332135,-27.5282221992254,0.0 -50.2332042,-27.5282225992254,0.0 -50.2331945,-27.5282228992254,0.0 -50.2331844,-27.5282230992254,0.0 -50.233174,-27.5282231992254,0.0 -50.2331634,-27.5282230992254,0.0 -50.2331525,-27.5282226992254,0.0 -50.233144,-27.5282222992254,0.0 -50.2331303,-27.5282212992254,0.0 -50.2331189,-27.5282200992254,0.0 -50.2331071,-27.5282184992254,0.0 -50.233095,-27.5282163992254,0.0 -50.2330824,-27.5282138992254,0.0 -50.2330692,-27.5282106992254,0.0 -50.2330554,-27.5282069992254,0.0 -50.2330408,-27.5282025992254,0.0 -50.2330254,-27.5281973992254,0.0 -50.2330091,-27.5281914992254,0.0 -50.2329919,-27.5281846992254,0.0 -50.2329738,-27.5281770992254,0.0 -50.2329547,-27.5281686992254,0.0 -50.2329347,-27.5281592992254,0.0 -50.2329136,-27.5281489992254,0.0 -50.2328916,-27.5281376992254,0.0 -50.2328685,-27.5281253992254,0.0 -50.2328445,-27.5281121992254,0.0 -50.2328199,-27.5280982992254,0.0 -50.232805,-27.5280895992254,0.0 -50.2327697,-27.5280687992254,0.0 -50.2327445,-27.5280534992254,0.0 -50.2327196,-27.5280379992254,0.0 -50.2326951,-27.5280224992254,0.0 -50.2326712,-27.5280070992254,0.0 -50.2326481,-27.5279918992254,0.0 -50.2326258,-27.5279769992254,0.0 -50.2326045,-27.5279623992254,0.0 -50.2325842,-27.5279481992254,0.0 -50.2325651,-27.5279345992254,0.0 -50.2325472,-27.5279215992254,0.0 -50.2325306,-27.5279091992254,0.0 -50.2325154,-27.5278975992254,0.0 -50.2325011,-27.5278864992254,0.0 -50.2324873,-27.5278757992254,0.0 -50.2324735,-27.5278650992254,0.0 -50.2324593,-27.5278541992254,0.0 -50.2324441,-27.5278429992254,0.0 -50.2324275,-27.5278310992254,0.0 -50.2324091,-27.5278182992254,0.0 -50.2323885,-27.5278044992254,0.0 -50.2323656,-27.5277895992254,0.0 -50.2323406,-27.5277735992254,0.0 -50.2323136,-27.5277564992254,0.0 -50.2322848,-27.5277382992254,0.0 -50.2322541,-27.5277189992254,0.0 -50.2322218,-27.5276984992254,0.0 -50.232188,-27.5276768992254,0.0 -50.2321526,-27.5276541992254,0.0 -50.2321156,-27.5276303992254,0.0 -50.2320768,-27.5276056992254,0.0 -50.232036,-27.5275800992254,0.0 -50.231993,-27.5275536992254,0.0 -50.2319475,-27.5275264992254,0.0 -50.2318995,-27.5274986992254,0.0 -50.2318486,-27.5274702992254,0.0 -50.2317948,-27.5274413992254,0.0 -50.2317387,-27.5274122992254,0.0 -50.2316808,-27.5273831992254,0.0 -50.2316218,-27.5273541992254,0.0 -50.2315622,-27.5273255992254,0.0 -50.2315027,-27.5272976992254,0.0 -50.231444,-27.5272705992254,0.0 -50.2313866,-27.5272446992254,0.0 -50.231331,-27.5272199992254,0.0 -50.2312768,-27.5271965992254,0.0 -50.2312237,-27.5271743992254,0.0 -50.231171,-27.5271533992254,0.0 -50.2311183,-27.5271334992254,0.0 -50.2310652,-27.5271147992254,0.0 -50.231011,-27.5270970992254,0.0 -50.2309554,-27.5270803992254,0.0 -50.2308979,-27.5270646992254,0.0 -50.2308384,-27.5270499992254,0.0 -50.2307768,-27.5270362992254,0.0 -50.230713,-27.5270235992254,0.0 -50.230647,-27.5270118992254,0.0 -50.2305787,-27.5270011992254,0.0 -50.230508,-27.5269914992254,0.0 -50.2304349,-27.5269828992254,0.0 -50.2303595,-27.5269752992254,0.0 -50.2302823,-27.5269687992254,0.0 -50.230204,-27.5269633992254,0.0 -50.2301255,-27.5269589992254,0.0 -50.2300474,-27.5269557992254,0.0 -50.2299705,-27.5269535992254,0.0 -50.2298955,-27.5269524992254,0.0 -50.2298231,-27.5269524992254,0.0 -50.229754,-27.5269535992254,0.0 -50.2296886,-27.5269557992254,0.0 -50.2296269,-27.5269589992254,0.0 -50.2295693,-27.5269629992254,0.0 -50.2295161,-27.5269678992254,0.0 -50.2294673,-27.5269734992254,0.0 -50.2294233,-27.5269797992254,0.0 -50.2293842,-27.5269866992254,0.0 -50.2293503,-27.5269940992254,0.0 -50.2293207,-27.5270021992254,0.0 -50.2292949,-27.5270109992254,0.0 -50.2292721,-27.5270207992254,0.0 -50.2292516,-27.5270316992254,0.0 -50.2292325,-27.5270436992254,0.0 -50.2292143,-27.5270570992254,0.0 -50.2291961,-27.5270718992254,0.0 -50.2291773,-27.5270882992254,0.0 -50.2291578,-27.5271063992254,0.0 -50.2291378,-27.5271262992254,0.0 -50.2291172,-27.5271480992254,0.0 -50.2290962,-27.5271718992254,0.0 -50.2290747,-27.5271977992254,0.0 -50.2290528,-27.5272258992254,0.0 -50.2290306,-27.5272561992254,0.0 -50.2290082,-27.5272888992254,0.0 -50.228986,-27.5273233992254,0.0 -50.2289643,-27.5273592992254,0.0 -50.2289435,-27.5273959992254,0.0 -50.2289242,-27.5274330992254,0.0 -50.2289066,-27.5274699992254,0.0 -50.2288912,-27.5275062992254,0.0 -50.2288784,-27.5275412992254,0.0 -50.2288686,-27.5275747992254,0.0 -50.2288614,-27.5276067992254,0.0 -50.2288567,-27.5276376992254,0.0 -50.228854,-27.5276677992254,0.0 -50.2288532,-27.5276973992254,0.0 -50.228854,-27.5277267992254,0.0 -50.228856,-27.5277561992254,0.0 -50.2288589,-27.5277858992254,0.0 -50.2288625,-27.5278162992254,0.0 -50.2288667,-27.5278476992254,0.0 -50.2288717,-27.5278803992254,0.0 -50.2288774,-27.5279146992254,0.0 -50.2288838,-27.5279509992254,0.0 -50.228891,-27.5279895992254,0.0 -50.2288991,-27.5280307992254,0.0 -50.2289079,-27.5280749992254,0.0 -50.2289176,-27.5281222992254,0.0 -50.2289278,-27.5281722992254,0.0 -50.2289381,-27.5282241992254,0.0 -50.228948,-27.5282774992254,0.0 -50.2289573,-27.5283314992254,0.0 -50.2289656,-27.5283855992254,0.0 -50.2289724,-27.5284389992254,0.0 -50.2289774,-27.5284911992254,0.0 -50.2289803,-27.5285416992254,0.0 -50.228981,-27.5285904992254,0.0 -50.2289798,-27.5286378992254,0.0 -50.2289767,-27.5286840992254,0.0 -50.2289718,-27.5287292992254,0.0 -50.2289652,-27.5287737992254,0.0 -50.228957,-27.5288177992254,0.0 -50.2289474,-27.5288615992254,0.0 -50.2289364,-27.5289053992254,0.0 -50.2289242,-27.5289494992254,0.0 -50.2289108,-27.5289943992254,0.0 -50.2288963,-27.5290403992254,0.0 -50.2288807,-27.5290879992254,0.0 -50.2288643,-27.5291374992254,0.0 -50.228847,-27.5291892992253,0.0 -50.228829,-27.5292437992254,0.0 -50.2288052,-27.5293171992253,0.0 -50.2287914,-27.5293603992254,0.0 -50.2287725,-27.5294204992253,0.0 -50.228754,-27.5294801992254,0.0 -50.2287363,-27.5295383992253,0.0 -50.2287198,-27.5295939992254,0.0 -50.2287047,-27.5296456992253,0.0 -50.2286915,-27.5296924992253,0.0 -50.2286804,-27.5297337992253,0.0 -50.2286711,-27.5297707992253,0.0 -50.2286632,-27.5298055992253,0.0 -50.2286564,-27.5298398992253,0.0 -50.2286502,-27.5298758992253,0.0 -50.2286441,-27.5299152992253,0.0 -50.228638,-27.5299600992253,0.0 -50.2286312,-27.5300120992253,0.0 -50.2286235,-27.5300728992253,0.0 -50.2286151,-27.5301416992253,0.0 -50.2286059,-27.5302174992253,0.0 -50.2285962,-27.5302991992253,0.0 -50.2285862,-27.5303854992253,0.0 -50.228576,-27.5304753992253,0.0 -50.2285657,-27.5305676992253,0.0 -50.2285555,-27.5306613992253,0.0 -50.2285455,-27.5307552992253,0.0 -50.2285357,-27.5308487992253,0.0 -50.2285259,-27.5309411992253,0.0 -50.2285162,-27.5310318992253,0.0 -50.2285064,-27.5311201992253,0.0 -50.2284964,-27.5312053992253,0.0 -50.2284861,-27.5312869992253,0.0 -50.2284755,-27.5313641992253,0.0 -50.2284645,-27.5314364992253,0.0 -50.2284533,-27.5315036992253,0.0 -50.2284419,-27.5315657992253,0.0 -50.2284305,-27.5316225992253,0.0 -50.2284193,-27.5316740992253,0.0 -50.2284084,-27.5317201992253,0.0 -50.228398,-27.5317606992253,0.0 -50.2283881,-27.5317955992253,0.0 -50.228379,-27.5318248992253,0.0 -50.2283704,-27.5318492992253,0.0 -50.2283623,-27.5318693992253,0.0 -50.2283543,-27.5318860992253,0.0 -50.2283465,-27.5318998992253,0.0 -50.2283385,-27.5319116992253,0.0 -50.2283302,-27.5319220992253,0.0 -50.2283214,-27.5319318992253,0.0 -50.228312,-27.5319416992253,0.0 -50.228302,-27.5319516992253,0.0 -50.2282915,-27.5319615992253,0.0 -50.2282805,-27.5319714992253,0.0 -50.228269,-27.5319812992253,0.0 -50.2282571,-27.5319909992253,0.0 -50.2282448,-27.5320005992253,0.0 -50.2282322,-27.5320098992253,0.0 -50.2282194,-27.5320188992253,0.0 -50.2282063,-27.5320276992253,0.0 -50.228193,-27.5320360992253,0.0 -50.2281797,-27.5320441992253,0.0 -50.2281663,-27.5320519992253,0.0 -50.2281528,-27.5320593992253,0.0 -50.2281394,-27.5320664992253,0.0 -50.2281261,-27.5320730992253,0.0 -50.2281129,-27.5320793992253,0.0 -50.2280999,-27.5320852992253,0.0 -50.2280869,-27.5320906992253,0.0 -50.2280739,-27.5320956992253,0.0 -50.2280609,-27.5321003992253,0.0 -50.2280479,-27.5321046992253,0.0 -50.2280349,-27.5321084992253,0.0 -50.2280217,-27.5321119992253,0.0 -50.2280084,-27.5321149992253,0.0 -50.2279945,-27.5321176992253,0.0 -50.2279796,-27.5321197992253,0.0 -50.2279633,-27.5321213992253,0.0 -50.2279452,-27.5321222992253,0.0 -50.227925,-27.5321225992253,0.0 -50.2279021,-27.5321221992253,0.0 -50.2278761,-27.5321209992253,0.0 -50.2278467,-27.5321188992253,0.0 -50.2278136,-27.5321158992253,0.0 -50.2277767,-27.5321118992253,0.0 -50.2277357,-27.5321067992253,0.0 -50.2276904,-27.5321005992253,0.0 -50.2276407,-27.5320930992253,0.0 -50.2275862,-27.5320841992253,0.0 -50.2275269,-27.5320738992253,0.0 -50.2274627,-27.5320620992253,0.0 -50.2273947,-27.5320491992253,0.0 -50.2273242,-27.5320353992253,0.0 -50.2272523,-27.5320210992253,0.0 -50.2271805,-27.5320065992253,0.0 -50.2271098,-27.5319922992253,0.0 -50.2270417,-27.5319783992253,0.0 -50.2269774,-27.5319653992253,0.0 -50.2269176,-27.5319532992253,0.0 -50.2268609,-27.5319421992253,0.0 -50.2268055,-27.5319315992253,0.0 -50.2267495,-27.5319211992253,0.0 -50.2266911,-27.5319107992253,0.0 -50.2266282,-27.5319000992253,0.0 -50.2265591,-27.5318887992253,0.0 -50.2264818,-27.5318764992253,0.0 -50.2263953,-27.5318631992253,0.0 -50.2263015,-27.5318489992253,0.0 -50.2262032,-27.5318345992253,0.0 -50.226103,-27.5318202992253,0.0 -50.2260037,-27.5318066992253,0.0 -50.2259081,-27.5317940992253,0.0 -50.2258189,-27.5317828992253,0.0 -50.2257387,-27.5317737992253,0.0 -50.2256697,-27.5317668992253,0.0 -50.2256108,-27.5317622992253,0.0 -50.2255605,-27.5317595992253,0.0 -50.2255171,-27.5317587992253,0.0 -50.225479,-27.5317593992253,0.0 -50.2254444,-27.5317614992253,0.0 -50.2254118,-27.5317645992253,0.0 -50.2253796,-27.5317686992253,0.0 -50.2253461,-27.5317735992253,0.0 -50.2253106,-27.5317792992253,0.0 -50.2252724,-27.5317858992253,0.0 -50.2252307,-27.5317936992253,0.0 -50.2251849,-27.5318026992253,0.0 -50.2251342,-27.5318130992253,0.0 -50.225078,-27.5318249992253,0.0 -50.2250154,-27.5318385992253,0.0 -50.2249464,-27.5318537992253,0.0 -50.2248722,-27.5318703992253,0.0 -50.2247946,-27.5318879992253,0.0 -50.2247155,-27.5319060992253,0.0 -50.2246367,-27.5319242992253,0.0 -50.22456,-27.5319421992253,0.0 -50.2244872,-27.5319592992253,0.0 -50.2244201,-27.5319753992253,0.0 -50.2243601,-27.5319898992253,0.0 -50.224307,-27.5320029992253,0.0 -50.2242602,-27.5320147992253,0.0 -50.224219,-27.5320253992253,0.0 -50.2241828,-27.5320348992253,0.0 -50.2241509,-27.5320434992253,0.0 -50.2241227,-27.5320511992253,0.0 -50.2240977,-27.5320580992253,0.0 -50.2240751,-27.5320643992253,0.0 -50.2240548,-27.5320701992253,0.0 -50.2240367,-27.5320755992253,0.0 -50.2240205,-27.5320806992253,0.0 -50.2240061,-27.5320855992253,0.0 -50.2239933,-27.5320902992253,0.0 -50.223982,-27.5320949992253,0.0 -50.223972,-27.5320997992253,0.0 -50.2239632,-27.5321047992253,0.0 -50.2239554,-27.5321098992253,0.0 -50.2239486,-27.5321151992253,0.0 -50.2239428,-27.5321207992253,0.0 -50.2239378,-27.5321264992253,0.0 -50.2239336,-27.5321324992253,0.0 -50.2239301,-27.5321386992253,0.0 -50.2239272,-27.5321450992253,0.0 -50.2239249,-27.5321518992253,0.0 -50.2239235,-27.5321595992253,0.0 -50.2239233,-27.5321689992253,0.0 -50.2239245,-27.5321806992253,0.0 -50.2239275,-27.5321954992253,0.0 -50.2239325,-27.5322139992253,0.0 -50.2239399,-27.5322369992253,0.0 -50.22395,-27.5322650992253,0.0 -50.2239629,-27.5322987992253,0.0 -50.2239784,-27.5323373992253,0.0 -50.2239959,-27.5323796992253,0.0 -50.2240153,-27.5324246992253,0.0 -50.2240359,-27.5324712992253,0.0 -50.2240574,-27.5325184992253,0.0 -50.2240793,-27.5325652992253,0.0 -50.2241014,-27.5326104992253,0.0 -50.2241231,-27.5326533992253,0.0 -50.2241446,-27.5326940992253,0.0 -50.2241658,-27.5327328992253,0.0 -50.224187,-27.5327702992253,0.0 -50.2242081,-27.5328064992253,0.0 -50.2242292,-27.5328418992253,0.0 -50.2242505,-27.5328769992253,0.0 -50.2242719,-27.5329119992253,0.0 -50.2242936,-27.5329472992253,0.0 -50.2243152,-27.5329824992253,0.0 -50.2243364,-27.5330171992253,0.0 -50.2243568,-27.5330508992253,0.0 -50.2243762,-27.5330833992253,0.0 -50.2243941,-27.5331141992253,0.0 -50.2244103,-27.5331427992253,0.0 -50.2244244,-27.5331688992253,0.0 -50.2244361,-27.5331921992253,0.0 -50.2244457,-27.5332127992253,0.0 -50.2244533,-27.5332310992253,0.0 -50.2244591,-27.5332471992253,0.0 -50.2244635,-27.5332616992253,0.0 -50.2244666,-27.5332745992253,0.0 -50.2244686,-27.5332863992253,0.0 -50.2244698,-27.5332972992253,0.0 -50.2244705,-27.5333075992253,0.0 -50.2244705,-27.5333174992253,0.0 -50.22447,-27.5333269992253,0.0 -50.2244688,-27.5333363992253,0.0 -50.2244669,-27.5333457992253,0.0 -50.2244644,-27.5333551992253,0.0 -50.2244612,-27.5333648992253,0.0 -50.2244572,-27.5333749992253,0.0 -50.2244525,-27.5333854992253,0.0 -50.224447,-27.5333965992253,0.0 -50.2244403,-27.5334080992253,0.0 -50.2244325,-27.5334199992253,0.0 -50.2244234,-27.5334323992253,0.0 -50.2244128,-27.5334451992253,0.0 -50.2244006,-27.5334582992253,0.0 -50.2243867,-27.5334717992253,0.0 -50.2243709,-27.5334855992253,0.0 -50.2243538,-27.5334994992253,0.0 -50.2243358,-27.5335134992253,0.0 -50.2243175,-27.5335274992253,0.0 -50.2242993,-27.5335411992253,0.0 -50.224282,-27.5335544992253,0.0 -50.2242659,-27.5335672992253,0.0 -50.2242516,-27.5335794992253,0.0 -50.2242394,-27.5335908992253,0.0 -50.2242294,-27.5336015992253,0.0 -50.2242211,-27.5336115992253,0.0 -50.2242144,-27.5336210992253,0.0 -50.224209,-27.5336299992253,0.0 -50.2242046,-27.5336384992253,0.0 -50.2242009,-27.5336465992253,0.0 -50.2241978,-27.5336542992253,0.0 -50.2241949,-27.5336617992253,0.0 -50.2241923,-27.5336690992253,0.0 -50.22419,-27.5336762992253,0.0 -50.224188,-27.5336834992253,0.0 -50.2241863,-27.5336906992253,0.0 -50.2241849,-27.5336979992253,0.0 -50.2241839,-27.5337054992253,0.0 -50.2241833,-27.5337132992253,0.0 -50.2241831,-27.5337213992253,0.0 -50.2241834,-27.5337298992253,0.0 -50.2241843,-27.5337388992253,0.0 -50.2241858,-27.5337483992253,0.0 -50.2241881,-27.5337585992253,0.0 -50.2241912,-27.5337694992253,0.0 -50.2241953,-27.5337811992253,0.0 -50.2242003,-27.5337937992253,0.0 -50.2242063,-27.5338072992253,0.0 -50.2242133,-27.5338213992253,0.0 -50.2242209,-27.5338358992253,0.0 -50.224229,-27.5338506992253,0.0 -50.2242374,-27.5338652992253,0.0 -50.2242459,-27.5338794992253,0.0 -50.2242543,-27.5338930992253,0.0 -50.2242625,-27.5339057992253,0.0 -50.2242702,-27.5339174992253,0.0 -50.2242775,-27.5339282992253,0.0 -50.2242848,-27.5339383992253,0.0 -50.2242922,-27.5339479992253,0.0 -50.2242998,-27.5339573992253,0.0 -50.2243078,-27.5339668992253,0.0 -50.2243165,-27.5339766992253,0.0 -50.224326,-27.5339868992253,0.0 -50.2243366,-27.5339979992253,0.0 -50.2243485,-27.5340100992253,0.0 -50.2243623,-27.5340236992253,0.0 -50.2243782,-27.5340390992253,0.0 -50.2243968,-27.5340566992253,0.0 -50.2244184,-27.5340768992253,0.0 -50.2244434,-27.5340999992253,0.0 -50.2244723,-27.5341263992253,0.0 -50.2245051,-27.5341561992253,0.0 -50.2245411,-27.5341887992253,0.0 -50.2245793,-27.5342231992253,0.0 -50.2246188,-27.5342587992253,0.0 -50.2246584,-27.5342944992253,0.0 -50.2246972,-27.5343295992253,0.0 -50.2247341,-27.5343630992253,0.0 -50.2247682,-27.5343941992253,0.0 -50.2247988,-27.5344223992253,0.0 -50.2248267,-27.5344486992253,0.0 -50.2248529,-27.5344743992253,0.0 -50.2248785,-27.5345009992253,0.0 -50.2249047,-27.5345295992252,0.0 -50.2249326,-27.5345617992253,0.0 -50.2249632,-27.5345987992253,0.0 -50.2249977,-27.5346420992253,0.0 -50.2250368,-27.5346922992253,0.0 -50.2250794,-27.5347481992253,0.0 -50.2251241,-27.5348075992252,0.0 -50.2251697,-27.5348686992252,0.0 -50.2252146,-27.5349293992252,0.0 -50.2252575,-27.5349878992252,0.0 -50.2253143,-27.5350659992252,0.0 -50.2253317,-27.5350898992252,0.0 -50.2253605,-27.5351301992252,0.0 -50.2253842,-27.5351640992252,0.0 -50.2254039,-27.5351932992252,0.0 -50.2254205,-27.5352196992252,0.0 -50.2254353,-27.5352450992252,0.0 -50.2254491,-27.5352711992252,0.0 -50.2254632,-27.5352998992252,0.0 -50.2254787,-27.5353329992252,0.0 -50.2254962,-27.5353717992252,0.0 -50.2255156,-27.5354156992252,0.0 -50.2255365,-27.5354635992252,0.0 -50.2255584,-27.5355146992252,0.0 -50.2255809,-27.5355676992252,0.0 -50.2256034,-27.5356215992252,0.0 -50.2256256,-27.5356754992252,0.0 -50.2256469,-27.5357281992252,0.0 -50.225667,-27.5357789992252,0.0 -50.225686,-27.5358277992252,0.0 -50.2257039,-27.5358750992252,0.0 -50.2257208,-27.5359209992252,0.0 -50.2257369,-27.5359658992252,0.0 -50.2257523,-27.5360099992252,0.0 -50.2257671,-27.5360535992252,0.0 -50.2257813,-27.5360970992252,0.0 -50.2257951,-27.5361404992252,0.0 -50.2258086,-27.5361840992252,0.0 -50.2258216,-27.5362277992252,0.0 -50.2258343,-27.5362716992252,0.0 -50.2258466,-27.5363158992252,0.0 -50.2258585,-27.5363602992252,0.0 -50.22587,-27.5364049992252,0.0 -50.2258812,-27.5364499992252,0.0 -50.2258973,-27.5365183992252,0.0 -50.2259026,-27.5365412992252,0.0 -50.2259131,-27.5365875992252,0.0 -50.2259234,-27.5366343992252,0.0 -50.2259337,-27.5366815992252,0.0 -50.2259441,-27.5367293992252,0.0 -50.2259547,-27.5367777992252,0.0 -50.2259655,-27.5368267992252,0.0 -50.2259766,-27.5368763992252,0.0 -50.2259879,-27.5369260992252,0.0 -50.2259992,-27.5369756992252,0.0 -50.2260103,-27.5370245992252,0.0 -50.226021,-27.5370724992252,0.0 -50.2260311,-27.5371188992252,0.0 -50.2260405,-27.5371632992252,0.0 -50.226049,-27.5372053992252,0.0 -50.2260564,-27.5372449992252,0.0 -50.2260628,-27.5372821992252,0.0 -50.2260684,-27.5373174992252,0.0 -50.2260733,-27.5373513992252,0.0 -50.2260777,-27.5373843992252,0.0 -50.2260815,-27.5374167992252,0.0 -50.2260851,-27.5374491992252,0.0 -50.2260885,-27.5374818992252,0.0 -50.2260918,-27.5375153992252,0.0 -50.2260951,-27.5375495992252,0.0 -50.2260982,-27.5375842992252,0.0 -50.2261011,-27.5376192992252,0.0 -50.2261039,-27.5376545992252,0.0 -50.2261063,-27.5376898992252,0.0 -50.2261085,-27.5377251992252,0.0 -50.2261103,-27.5377601992252,0.0 -50.2261117,-27.5377947992252,0.0 -50.2261127,-27.5378288992252,0.0 -50.2261133,-27.5378623992252,0.0 -50.2261135,-27.5378951992252,0.0 -50.2261132,-27.5379270992252,0.0 -50.2261125,-27.5379580992252,0.0 -50.2261114,-27.5379879992252,0.0 -50.2261098,-27.5380166992252,0.0 -50.2261077,-27.5380442992252,0.0 -50.2261051,-27.5380709992252,0.0 -50.226102,-27.5380972992252,0.0 -50.2260984,-27.5381236992252,0.0 -50.2260942,-27.5381506992252,0.0 -50.2260894,-27.5381785992252,0.0 -50.226084,-27.5382078992252,0.0 -50.226078,-27.5382391992252,0.0 -50.2260713,-27.5382725992252,0.0 -50.2260639,-27.5383079992252,0.0 -50.2260558,-27.5383448992252,0.0 -50.2260468,-27.5383828992252,0.0 -50.2260369,-27.5384216992252,0.0 -50.2260261,-27.5384608992252,0.0 -50.2260143,-27.5384998992252,0.0 -50.2260014,-27.5385384992252,0.0 -50.2259874,-27.5385761992252,0.0 -50.2259728,-27.5386129992252,0.0 -50.2259582,-27.5386485992252,0.0 -50.225944,-27.5386829992252,0.0 -50.2259308,-27.5387160992252,0.0 -50.225919,-27.5387477992252,0.0 -50.2259093,-27.5387777992252,0.0 -50.2259022,-27.5388061992252,0.0 -50.225898,-27.5388328992252,0.0 -50.225897,-27.5388582992252,0.0 -50.2258991,-27.5388828992252,0.0 -50.2259043,-27.5389072992252,0.0 -50.2259128,-27.5389319992252,0.0 -50.2259244,-27.5389573992252,0.0 -50.2259393,-27.5389841992252,0.0 -50.2259574,-27.5390127992252,0.0 -50.2259787,-27.5390435992252,0.0 -50.2260026,-27.5390762992252,0.0 -50.2260283,-27.5391101992252,0.0 -50.2260552,-27.5391450992252,0.0 -50.2260825,-27.5391801992252,0.0 -50.2261096,-27.5392151992252,0.0 -50.2261357,-27.5392495992252,0.0 -50.2261601,-27.5392827992252,0.0 -50.2261823,-27.5393143992252,0.0 -50.2262021,-27.5393445992252,0.0 -50.2262197,-27.5393736992252,0.0 -50.226235,-27.5394018992252,0.0 -50.2262483,-27.5394294992252,0.0 -50.2262595,-27.5394566992252,0.0 -50.2262687,-27.5394836992252,0.0 -50.226276,-27.5395109992252,0.0 -50.2262815,-27.5395385992252,0.0 -50.2262851,-27.5395668992252,0.0 -50.2262868,-27.5395960992252,0.0 -50.2262867,-27.5396263992252,0.0 -50.2262847,-27.5396580992252,0.0 -50.2262808,-27.5396913992252,0.0 -50.226275,-27.5397265992252,0.0 -50.2262674,-27.5397639992252,0.0 -50.2262578,-27.5398035992252,0.0 -50.2262461,-27.5398455992251,0.0 -50.2262342,-27.5398835992252,0.0 -50.2262162,-27.5399358992252,0.0 -50.2261977,-27.5399841992251,0.0 -50.2261767,-27.5400343992251,0.0 -50.2261531,-27.5400863992251,0.0 -50.2261266,-27.5401402992252,0.0 -50.2260973,-27.5401956992252,0.0 -50.2260657,-27.5402523992251,0.0 -50.2260321,-27.5403096992251,0.0 -50.225997,-27.5403671992251,0.0 -50.2259611,-27.5404243992251,0.0 -50.2259247,-27.5404807992251,0.0 -50.2258883,-27.5405359992251,0.0 -50.2258525,-27.5405892992251,0.0 -50.2258176,-27.5406403992251,0.0 -50.2257836,-27.5406892992251,0.0 -50.2257502,-27.5407358992251,0.0 -50.2257173,-27.5407802992251,0.0 -50.2256848,-27.5408223992251,0.0 -50.2256523,-27.5408623992251,0.0 -50.2256198,-27.5409002992251,0.0 -50.2255871,-27.5409359992251,0.0 -50.225554,-27.5409695992251,0.0 -50.2255204,-27.5410012992251,0.0 -50.2254861,-27.5410312992251,0.0 -50.2254511,-27.5410595992251,0.0 -50.2254152,-27.5410864992251,0.0 -50.2253783,-27.5411120992251,0.0 -50.2253404,-27.5411366992251,0.0 -50.2253012,-27.5411603992251,0.0 -50.2252608,-27.5411831992251,0.0 -50.2252196,-27.5412051992251,0.0 -50.225178,-27.5412259992251,0.0 -50.2251365,-27.5412453992251,0.0 -50.2250958,-27.5412633992251,0.0 -50.2250561,-27.5412796992251,0.0 -50.2250181,-27.5412940992251,0.0 -50.2249823,-27.5413062992251,0.0 -50.2249489,-27.5413163992251,0.0 -50.224918,-27.5413243992251,0.0 -50.2248893,-27.5413304992251,0.0 -50.2248627,-27.5413348992251,0.0 -50.224838,-27.5413378992251,0.0 -50.2248149,-27.5413395992251,0.0 -50.2247933,-27.5413402992251,0.0 -50.224773,-27.5413400992251,0.0 -50.2247539,-27.5413392992251,0.0 -50.2247358,-27.5413378992251,0.0 -50.2247189,-27.5413358992251,0.0 -50.224703,-27.5413332992251,0.0 -50.2246881,-27.5413302992251,0.0 -50.2246743,-27.5413268992251,0.0 -50.2246615,-27.5413230992251,0.0 -50.2246497,-27.5413188992251,0.0 -50.2246389,-27.5413143992251,0.0 -50.2246288,-27.5413094992251,0.0 -50.2246195,-27.5413043992251,0.0 -50.2246107,-27.5412988992251,0.0 -50.2246022,-27.5412931992251,0.0 -50.224594,-27.5412871992251,0.0 -50.2245858,-27.5412807992251,0.0 -50.2245775,-27.5412741992251,0.0 -50.224569,-27.5412673992251,0.0 -50.2245603,-27.5412601992251,0.0 -50.2245514,-27.5412527992251,0.0 -50.2245425,-27.5412451992251,0.0 -50.2245336,-27.5412372992251,0.0 -50.2245247,-27.5412291992251,0.0 -50.2245159,-27.5412207992251,0.0 -50.2245073,-27.5412122992251,0.0 -50.2244988,-27.5412034992251,0.0 -50.2244905,-27.5411942992251,0.0 -50.2244822,-27.5411844992251,0.0 -50.2244738,-27.5411738992251,0.0 -50.2244652,-27.5411622992251,0.0 -50.2244562,-27.5411494992251,0.0 -50.2244468,-27.5411352992251,0.0 -50.2244368,-27.5411194992251,0.0 -50.2244262,-27.5411019992251,0.0 -50.2244149,-27.5410828992251,0.0 -50.2244031,-27.5410621992251,0.0 -50.2243907,-27.5410400992251,0.0 -50.2243778,-27.5410167992251,0.0 -50.2243644,-27.5409922992251,0.0 -50.2243506,-27.5409668992251,0.0 -50.2243364,-27.5409405992251,0.0 -50.2243218,-27.5409136992251,0.0 -50.224307,-27.5408863992251,0.0 -50.2242922,-27.5408590992251,0.0 -50.2242775,-27.5408321992251,0.0 -50.224263,-27.5408059992251,0.0 -50.2242489,-27.5407808992251,0.0 -50.2242354,-27.5407571992251,0.0 -50.2242225,-27.5407353992251,0.0 -50.2242104,-27.5407156992251,0.0 -50.2241992,-27.5406979992251,0.0 -50.2241888,-27.5406822992251,0.0 -50.2241792,-27.5406683992251,0.0 -50.2241703,-27.5406561992251,0.0 -50.2241622,-27.5406454992251,0.0 -50.2241549,-27.5406362992251,0.0 -50.2241483,-27.5406283992251,0.0 -50.2241423,-27.5406215992251,0.0 -50.2241369,-27.5406159992251,0.0 -50.224132,-27.5406111992251,0.0 -50.2241273,-27.5406072992251,0.0 -50.2241227,-27.5406039992251,0.0 -50.2241181,-27.5406011992251,0.0 -50.2241134,-27.5405986992251,0.0 -50.2241084,-27.5405964992251,0.0 -50.2241029,-27.5405944992251,0.0 -50.2240971,-27.5405924992251,0.0 -50.224091,-27.5405906992251,0.0 -50.2240846,-27.5405889992251,0.0 -50.224078,-27.5405874992252,0.0 -50.2240713,-27.5405861992251,0.0 -50.2240646,-27.5405850992251,0.0 -50.2240579,-27.5405840992251,0.0 -50.2240512,-27.5405833992251,0.0 -50.2240447,-27.5405828992251,0.0 -50.2240382,-27.5405825992251,0.0 -50.2240319,-27.5405824992251,0.0 -50.2240258,-27.5405826992251,0.0 -50.2240198,-27.5405830992251,0.0 -50.224014,-27.5405835992251,0.0 -50.2240084,-27.5405843992251,0.0 -50.224003,-27.5405853992251,0.0 -50.2239978,-27.5405866992251,0.0 -50.2239927,-27.5405883992251,0.0 -50.2239877,-27.5405904992251,0.0 -50.2239828,-27.5405931992251,0.0 -50.2239778,-27.5405964992251,0.0 -50.2239728,-27.5406003992251,0.0 -50.2239678,-27.5406051992251,0.0 -50.2239625,-27.5406107992251,0.0 -50.2239572,-27.5406171992251,0.0 -50.2239517,-27.5406242992251,0.0 -50.2239461,-27.5406320992251,0.0 -50.2239403,-27.5406404992251,0.0 -50.2239344,-27.5406492992251,0.0 -50.2239284,-27.5406585992251,0.0 -50.2239222,-27.5406682992251,0.0 -50.2239159,-27.5406782992251,0.0 -50.2239093,-27.5406886992251,0.0 -50.2239024,-27.5406998992251,0.0 -50.2238951,-27.5407119992251,0.0 -50.2238873,-27.5407251992251,0.0 -50.223879,-27.5407396992251,0.0 -50.2238699,-27.5407556992251,0.0 -50.2238601,-27.5407733992251,0.0 -50.2238495,-27.5407928992251,0.0 -50.223838,-27.5408141992251,0.0 -50.2238258,-27.5408370992251,0.0 -50.2238128,-27.5408614992251,0.0 -50.223799,-27.5408870992251,0.0 -50.2237845,-27.5409137992251,0.0 -50.2237693,-27.5409414992251,0.0 -50.2237534,-27.5409699992251,0.0 -50.223737,-27.5409990992251,0.0 -50.2237202,-27.5410282992251,0.0 -50.2237035,-27.5410571992251,0.0 -50.2236872,-27.5410853992251,0.0 -50.2236716,-27.5411121992251,0.0 -50.2236572,-27.5411373992251,0.0 -50.2236441,-27.5411601992251,0.0 -50.2236328,-27.5411803992251,0.0 -50.2236236,-27.5411975992251,0.0 -50.2236163,-27.5412118992251,0.0 -50.2236105,-27.5412238992251,0.0 -50.2236062,-27.5412339992251,0.0 -50.2236029,-27.5412424992251,0.0 -50.2236005,-27.5412497992251,0.0 -50.2235987,-27.5412564992251,0.0 -50.2235973,-27.5412628992251,0.0 -50.223596,-27.5412691992251,0.0 -50.2235947,-27.5412756992251,0.0 -50.2235936,-27.5412820992251,0.0 -50.2235926,-27.5412883992251,0.0 -50.2235917,-27.5412945992251,0.0 -50.2235909,-27.5413005992251,0.0 -50.2235902,-27.5413063992251,0.0 -50.2235897,-27.5413118992251,0.0 -50.2235892,-27.5413169992251,0.0 -50.2235888,-27.5413217992251,0.0 -50.2235883,-27.5413263992251,0.0 -50.2235877,-27.5413307992251,0.0 -50.2235869,-27.5413350992251,0.0 -50.2235858,-27.5413393992251,0.0 -50.2235843,-27.5413436992251,0.0 -50.2235823,-27.5413479992251,0.0 -50.2235798,-27.5413524992251,0.0 -50.2235767,-27.5413570992251,0.0 -50.2235731,-27.5413618992251,0.0 -50.2235689,-27.5413668992251,0.0 -50.2235641,-27.5413719992251,0.0 -50.2235587,-27.5413772992251,0.0 -50.2235527,-27.5413827992251,0.0 -50.2235461,-27.5413884992251,0.0 -50.223539,-27.5413943992251,0.0 -50.2235312,-27.5414004992251,0.0 -50.2235228,-27.5414068992251,0.0 -50.223514,-27.5414134992251,0.0 -50.2235046,-27.5414204992251,0.0 -50.2234948,-27.5414278992251,0.0 -50.2234845,-27.5414356992251,0.0 -50.2234737,-27.5414438992251,0.0 -50.2234626,-27.5414525992251,0.0 -50.2234513,-27.5414616992251,0.0 -50.22344,-27.5414711992251,0.0 -50.2234289,-27.5414811992251,0.0 -50.2234181,-27.5414916992251,0.0 -50.223408,-27.5415025992251,0.0 -50.2233986,-27.5415138992251,0.0 -50.2233902,-27.5415256992251,0.0 -50.2233829,-27.5415378992251,0.0 -50.2233765,-27.5415508992251,0.0 -50.2233707,-27.5415652992251,0.0 -50.2233654,-27.5415811992251,0.0 -50.2233603,-27.5415992992251,0.0 -50.223355,-27.5416198992251,0.0 -50.2233494,-27.5416432992251,0.0 -50.2233433,-27.5416700992251,0.0 -50.2233574,-27.5417069992251,0.0 -50.2233855,-27.5417621992251,0.0 -50.2233889,-27.5417695992251,0.0 -50.2233937,-27.5417826992251,0.0 -50.223396,-27.5417942992251,0.0 -50.2233967,-27.5418048992251,0.0 -50.2233955,-27.5418202992251,0.0 -50.2233929,-27.5418367992251,0.0 -50.2233883,-27.5418557992251,0.0 -50.2233838,-27.5418706992251,0.0 -50.2233706,-27.5419078992251,0.0 -50.2233556,-27.5419448992251,0.0 -50.2233145,-27.5420403992251,0.0 -50.223301,-27.5420730992251,0.0 -50.2232891,-27.5421037992251,0.0 -50.2232535,-27.5422005992251,0.0 -50.2232073,-27.5423198992251,0.0 -50.2231948,-27.5423531992251,0.0 -50.2231863,-27.5423783992251,0.0 -50.2231812,-27.5423972992251,0.0 -50.2231788,-27.5424129992251,0.0 -50.223178,-27.5424367992251,0.0 -50.2231786,-27.5424556992251,0.0 -50.2231803,-27.5424769992251,0.0 -50.2231852,-27.5425129992251,0.0 -50.2231931,-27.5425530992251,0.0 -50.2232121,-27.5426381992251,0.0 -50.2232206,-27.5426809992251,0.0 -50.223228,-27.5427255992251,0.0 -50.2232411,-27.5428231992251,0.0 -50.2232461,-27.5428546992251,0.0 -50.2232489,-27.5428695992251,0.0 -50.2232553,-27.5428970992251,0.0 -50.2232766,-27.5429719992251,0.0 -50.223286,-27.5430118992251,0.0 -50.2232912,-27.5430392992251,0.0 -50.2232954,-27.5430661992251,0.0 -50.2232993,-27.5431043992251,0.0 -50.2233004,-27.5431285992251,0.0 -50.2233007,-27.5431529992251,0.0 -50.2233001,-27.5431918992251,0.0 -50.2232985,-27.5432353992251,0.0 -50.2232951,-27.5433037992251,0.0 -50.223289,-27.5434087992251,0.0 -50.2232714,-27.5436728992251,0.0 -50.2232704,-27.5437033992251,0.0 -50.2232713,-27.5437223992251,0.0 -50.223274,-27.5437391992251,0.0 -50.223278,-27.5437563992251,0.0 -50.2232832,-27.5437725992251,0.0 -50.2232895,-27.5437871992251,0.0 -50.2233003,-27.5438068992251,0.0 -50.223345,-27.5438797992251,0.0 -50.2233566,-27.5438994992251,0.0 -50.2233633,-27.5439118992251,0.0 -50.2233688,-27.5439235992251,0.0 -50.2233751,-27.5439406992251,0.0 -50.2233797,-27.5439586992251,0.0 -50.2233834,-27.5439793992251,0.0 -50.2233861,-27.5440017992251,0.0 -50.2233869,-27.5440164992251,0.0 -50.2233864,-27.5440363992251,0.0 -50.2233846,-27.5440479992251,0.0 -50.2233816,-27.5440582992251,0.0 -50.2233774,-27.5440674992251,0.0 -50.2233748,-27.5440716992251,0.0 -50.2233686,-27.5440793992251,0.0 -50.2233649,-27.5440829992251,0.0 -50.2233563,-27.5440898992251,0.0 -50.2233461,-27.5440964992251,0.0 -50.2233338,-27.5441030992251,0.0 -50.2233097,-27.5441134992251,0.0 -50.2232756,-27.5441255992251,0.0 -50.2232299,-27.5441397992251,0.0 -50.223178,-27.5441545992251,0.0 -50.2231114,-27.5441718992251,0.0 -50.2229213,-27.5442167992251,0.0 -50.2228781,-27.5442260992251,0.0 -50.2227372,-27.5442511992251,0.0 -50.222571,-27.5442794992251,0.0 -50.2223788,-27.5443149992251,0.0 -50.2223105,-27.5443270992251,0.0 -50.2222348,-27.5443391992251,0.0 -50.2221036,-27.5443578992251,0.0 -50.2220572,-27.5443649992251,0.0 -50.2219968,-27.5443753992251,0.0 -50.2219376,-27.5443874992251,0.0 -50.2218949,-27.5443977992251,0.0 -50.2218685,-27.5444049992251,0.0 -50.2218448,-27.5444123992251,0.0 -50.2218341,-27.5444161992251,0.0 -50.221815,-27.5444236992251,0.0 -50.2217912,-27.5444347992251,0.0 -50.221766,-27.5444487992251,0.0 -50.2217552,-27.5444555992251,0.0 -50.2217451,-27.5444627992251,0.0 -50.2217308,-27.5444749992251,0.0 -50.2217214,-27.5444842992251,0.0 -50.2217078,-27.5445000992251,0.0 -50.2216947,-27.5445175992251,0.0 -50.2216823,-27.5445366992251,0.0 -50.2216744,-27.5445501992251,0.0 -50.2216629,-27.5445715992251,0.0 -50.2216507,-27.5445974992251,0.0 -50.2216405,-27.5446207992251,0.0 -50.2216019,-27.5447147992251,0.0 -50.2215627,-27.5448135992251,0.0 -50.221457,-27.5450908992251,0.0 -50.2213616,-27.5453342992251,0.0 -50.2213419,-27.5453878992251,0.0 -50.2213303,-27.5454236992251,0.0 -50.2213189,-27.545463199225,0.0 -50.2212871,-27.545582299225,0.0 -50.2212717,-27.5456382992251,0.0 -50.2212462,-27.545725999225,0.0 -50.2212217,-27.545805099225,0.0 -50.2212081,-27.545845999225,0.0 -50.2212023,-27.545862199225,0.0 -50.221192,-27.545888599225,0.0 -50.2211822,-27.545909899225,0.0 -50.2211661,-27.545939899225,0.0 -50.2211468,-27.545973199225,0.0 -50.2211189,-27.546018699225,0.0 -50.2210728,-27.546089799225,0.0 -50.2210387,-27.546144299225,0.0 -50.2210209,-27.546170699225,0.0 -50.2210006,-27.546197299225,0.0 -50.2209447,-27.546267199225,0.0 -50.2208539,-27.546386999225,0.0 -50.220818,-27.546432999225,0.0 -50.22078,-27.546478799225,0.0 -50.2207414,-27.546522499225,0.0 -50.2206929,-27.546574299225,0.0 -50.2206091,-27.546660899225,0.0 -50.2205864,-27.546685699225,0.0 -50.2205649,-27.546709999225,0.0 -50.220537,-27.546742799225,0.0 -50.220516,-27.546768799225,0.0 -50.2204613,-27.546839899225,0.0 -50.2204305,-27.546878599225,0.0 -50.2203931,-27.546922999225,0.0 -50.2203668,-27.546952899225,0.0 -50.2203414,-27.546980399225,0.0 -50.2203187,-27.547003299225,0.0 -50.2202992,-27.547021099225,0.0 -50.2202821,-27.547034799225,0.0 -50.2202665,-27.547045699225,0.0 -50.2202515,-27.547054899225,0.0 -50.2202296,-27.547066899225,0.0 -50.2202083,-27.547077599225,0.0 -50.2201743,-27.547094099225,0.0 -50.2201532,-27.547103699225,0.0 -50.2201302,-27.547113299225,0.0 -50.2200962,-27.547125999225,0.0 -50.2200599,-27.547138399225,0.0 -50.2199807,-27.547164299225,0.0 -50.2199318,-27.547179399225,0.0 -50.2199009,-27.547187899225,0.0 -50.2198644,-27.547197299225,0.0 -50.2197541,-27.547222999225,0.0 -50.2194003,-27.547300799225,0.0 -50.2192509,-27.547332799225,0.0 -50.2191102,-27.547361099225,0.0 -50.2190179,-27.547378199225,0.0 -50.2189693,-27.547387899225,0.0 -50.2189031,-27.547402999225,0.0 -50.2187947,-27.547429899225,0.0 -50.2187639,-27.547436599225,0.0 -50.2187308,-27.547442599225,0.0 -50.2187131,-27.547445399225,0.0 -50.218675,-27.547450499225,0.0 -50.2185899,-27.547460899225,0.0 -50.2185437,-27.547467099225,0.0 -50.2183499,-27.547496399225,0.0 -50.2181956,-27.547516899225,0.0 -50.2181105,-27.547528799225,0.0 -50.2179808,-27.547548499225,0.0 -50.2179108,-27.547560099225,0.0 -50.2178495,-27.547571199225,0.0 -50.2178111,-27.547578799225,0.0 -50.217775,-27.547586599225,0.0 -50.2177411,-27.547594399225,0.0 -50.2176767,-27.547611099225,0.0 -50.2175256,-27.547652899225,0.0 -50.2174092,-27.547686199225,0.0 -50.2173153,-27.547714499225,0.0 -50.2172739,-27.547727699225,0.0 -50.2172385,-27.547739699225,0.0 -50.2172081,-27.547750999225,0.0 -50.2171944,-27.547756599225,0.0 -50.217169,-27.547768399225,0.0 -50.217145,-27.547781399225,0.0 -50.2171212,-27.547795799225,0.0 -50.2170708,-27.547828299225,0.0 -50.2170424,-27.547845999225,0.0 -50.2169782,-27.547883199225,0.0 -50.2168704,-27.547942799225,0.0 -50.2168151,-27.547972599225,0.0 -50.2167774,-27.547991899225,0.0 -50.2167396,-27.548010199225,0.0 -50.2167025,-27.548027199225,0.0 -50.2166669,-27.548042399225,0.0 -50.2166499,-27.548049199225,0.0 -50.2166182,-27.548060899225,0.0 -50.2165887,-27.548070099225,0.0 -50.2165743,-27.548073999225,0.0 -50.2165451,-27.548080399225,0.0 -50.2165139,-27.548085499225,0.0 -50.2164793,-27.548089699225,0.0 -50.2164416,-27.548093199225,0.0 -50.2164014,-27.548095999225,0.0 -50.2163375,-27.548099299225,0.0 -50.2162932,-27.548100999225,0.0 -50.2162244,-27.548102399225,0.0 -50.2161771,-27.548102699225,0.0 -50.216151,-27.548102399225,0.0 -50.2160552,-27.548100599225,0.0 -50.2159583,-27.548097399225,0.0 -50.2158885,-27.548094599225,0.0 -50.2158221,-27.548091099225,0.0 -50.2157801,-27.548088099225,0.0 -50.2157405,-27.548084499225,0.0 -50.2157035,-27.548080399225,0.0 -50.215654,-27.548073399225,0.0 -50.2156253,-27.548068199225,0.0 -50.215612,-27.548065399225,0.0 -50.2155862,-27.548058999225,0.0 -50.2155735,-27.548055399225,0.0 -50.2155475,-27.548047099225,0.0 -50.21552,-27.548037299225,0.0 -50.2154776,-27.548020899225,0.0 -50.2153825,-27.547981299225,0.0 -50.2152864,-27.547942299225,0.0 -50.2152651,-27.547935199225,0.0 -50.2152545,-27.547932199225,0.0 -50.2152335,-27.547926999225,0.0 -50.2152019,-27.547921299225,0.0 -50.2151701,-27.547917799225,0.0 -50.2151381,-27.547915999225,0.0 -50.2151066,-27.547915699225,0.0 -50.2150765,-27.547916399225,0.0 -50.2150476,-27.547918199225,0.0 -50.2150286,-27.547920199225,0.0 -50.2150096,-27.547922999225,0.0 -50.2149905,-27.547926799225,0.0 -50.2149719,-27.547931599225,0.0 -50.2149541,-27.547937699225,0.0 -50.2149456,-27.547941199225,0.0 -50.2149296,-27.547949399225,0.0 -50.2149148,-27.547958599225,0.0 -50.2149011,-27.547968599225,0.0 -50.2148823,-27.547984099225,0.0 -50.2148654,-27.547999599225,0.0 -50.2148509,-27.548014699225,0.0 -50.2148428,-27.548024399225,0.0 -50.2148358,-27.548033999225,0.0 -50.2148298,-27.548043899225,0.0 -50.2148242,-27.548054499225,0.0 -50.2148188,-27.548066199225,0.0 -50.2147786,-27.548167699225,0.0 -50.2147633,-27.548210399225,0.0 -50.2147532,-27.548243899225,0.0 -50.2147468,-27.548268099225,0.0 -50.2147406,-27.548294499225,0.0 -50.2147283,-27.548353799225,0.0 -50.2147181,-27.548410699225,0.0 -50.2147116,-27.548456899225,0.0 -50.2147065,-27.548509999225,0.0 -50.2146967,-27.548642599225,0.0 -50.2146939,-27.548689899225,0.0 -50.2146929,-27.548715499225,0.0 -50.214693,-27.548751999225,0.0 -50.2146952,-27.548794099225,0.0 -50.2146983,-27.548825899225,0.0 -50.2147005,-27.548842499225,0.0 -50.2147064,-27.548875899225,0.0 -50.2147103,-27.548892499225,0.0 -50.2147148,-27.548908899225,0.0 -50.2147257,-27.548941699225,0.0 -50.2147717,-27.549059499225,0.0 -50.2148001,-27.549136099225,0.0 -50.2148191,-27.549189699225,0.0 -50.214837,-27.549241999225,0.0 -50.2148756,-27.549359899225,0.0 -50.2148906,-27.549404299225,0.0 -50.2149152,-27.549471699225,0.0 -50.2150416,-27.549792299225,0.0 -50.2150871,-27.549906199225,0.0 -50.2151197,-27.549985699225,0.0 -50.2151524,-27.550063799225,0.0 -50.2151832,-27.550135499225,0.0 -50.2152102,-27.550196099225,0.0 -50.215232,-27.550242399225,0.0 -50.2152805,-27.550339499225,0.0 -50.2153426,-27.550477199225,0.0 -50.2153627,-27.550519599225,0.0 -50.2153838,-27.550561599225,0.0 -50.2154174,-27.550624899225,0.0 -50.2154535,-27.5506905992249,0.0 -50.2154917,-27.550758499225,0.0 -50.2155175,-27.5508029992249,0.0 -50.2155428,-27.5508455992249,0.0 -50.2155798,-27.5509049992249,0.0 -50.2156444,-27.551005699225,0.0 -50.2156882,-27.5510749992249,0.0 -50.2157433,-27.5511643992249,0.0 -50.2157739,-27.5512156992249,0.0 -50.2157884,-27.5512417992249,0.0 -50.2157995,-27.5512636992249,0.0 -50.2158083,-27.5512836992249,0.0 -50.2158158,-27.5513037992249,0.0 -50.2158191,-27.5513139992249,0.0 -50.2158276,-27.5513461992249,0.0 -50.2158344,-27.5513814992249,0.0 -50.2158395,-27.5514195992249,0.0 -50.2158419,-27.5514454992249,0.0 -50.2158435,-27.5514709992249,0.0 -50.2158443,-27.5515070992249,0.0 -50.215843,-27.5515405992249,0.0 -50.2158397,-27.5515711992249,0.0 -50.215836,-27.5515903992249,0.0 -50.2158335,-27.5515998992249,0.0 -50.2158271,-27.5516186992249,0.0 -50.2158182,-27.5516380992249,0.0 -50.2158065,-27.5516584992249,0.0 -50.2157996,-27.5516692992249,0.0 -50.2157836,-27.5516919992249,0.0 -50.2157544,-27.5517296992249,0.0 -50.2157192,-27.5517719992249,0.0 -50.2156927,-27.5518012992249,0.0 -50.2156638,-27.5518302992249,0.0 -50.2156486,-27.5518442992249,0.0 -50.2156328,-27.5518578992249,0.0 -50.2156165,-27.5518711992249,0.0 -50.2155812,-27.5518972992249,0.0 -50.2155621,-27.5519105992249,0.0 -50.2155201,-27.5519383992249,0.0 -50.2154724,-27.5519687992249,0.0 -50.2154196,-27.5520015992249,0.0 -50.2153366,-27.5520512992249,0.0 -50.2152823,-27.5520818992249,0.0 -50.2152312,-27.5521086992249,0.0 -50.2152065,-27.5521207992249,0.0 -50.2151575,-27.5521432992249,0.0 -50.2151326,-27.5521538992249,0.0 -50.2150811,-27.5521743992249,0.0 -50.2150539,-27.5521846992249,0.0 -50.2149966,-27.5522053992249,0.0 -50.2149244,-27.5522300992249,0.0 -50.2148706,-27.5522480992249,0.0 -50.2146976,-27.5523045992249,0.0 -50.2146294,-27.5523260992249,0.0 -50.2145654,-27.5523452992249,0.0 -50.2144813,-27.5523686992249,0.0 -50.2143338,-27.5524072992249,0.0 -50.214286,-27.5524211992249,0.0 -50.2142434,-27.5524351992249,0.0 -50.2142157,-27.5524453992249,0.0 -50.2142009,-27.5524513992249,0.0 -50.2141665,-27.5524668992249,0.0 -50.2141224,-27.5524892992249,0.0 -50.2140644,-27.5525206992249,0.0 -50.213993,-27.5525609992249,0.0 -50.2139134,-27.5526069992249,0.0 -50.2138308,-27.5526553992249,0.0 -50.2137118,-27.5527259992249,0.0 -50.2133718,-27.5529300992249,0.0 -50.2132883,-27.5529815992249,0.0 -50.2132414,-27.5530121992249,0.0 -50.2132206,-27.5530262992249,0.0 -50.2131835,-27.5530525992249,0.0 -50.2130121,-27.5531790992249,0.0 -50.2129636,-27.5532157992249,0.0 -50.2129154,-27.5532542992249,0.0 -50.2128855,-27.5532800992249,0.0 -50.2128716,-27.5532928992249,0.0 -50.2128463,-27.5533177992249,0.0 -50.2128239,-27.5533417992249,0.0 -50.212773,-27.5533984992249,0.0 -50.2127423,-27.5534296992249,0.0 -50.2127214,-27.5534490992249,0.0 -50.2127107,-27.5534582992249,0.0 -50.2126892,-27.5534755992249,0.0 -50.2126783,-27.5534836992249,0.0 -50.2126562,-27.5534988992249,0.0 -50.212634,-27.5535126992249,0.0 -50.2126118,-27.5535252992249,0.0 -50.2125898,-27.5535367992249,0.0 -50.2125683,-27.5535468992249,0.0 -50.2125476,-27.5535555992249,0.0 -50.2125378,-27.5535592992249,0.0 -50.2125191,-27.5535651992249,0.0 -50.2125102,-27.5535674992249,0.0 -50.2124927,-27.5535708992249,0.0 -50.2124748,-27.5535727992249,0.0 -50.2124655,-27.5535732992249,0.0 -50.2124452,-27.5535734992249,0.0 -50.2124223,-27.5535726992249,0.0 -50.212396,-27.5535708992249,0.0 -50.2123487,-27.5535666992249,0.0 -50.2122912,-27.5535604992249,0.0 -50.2122498,-27.5535554992249,0.0 -50.212208,-27.5535497992249,0.0 -50.212154,-27.5535409992249,0.0 -50.2121304,-27.5535365992249,0.0 -50.212095,-27.5535286992249,0.0 -50.2120781,-27.5535243992249,0.0 -50.2120457,-27.5535146992249,0.0 -50.21203,-27.5535091992249,0.0 -50.2119985,-27.5534967992249,0.0 -50.2119646,-27.5534814992249,0.0 -50.2119032,-27.5534510992249,0.0 -50.2116838,-27.5533376992249,0.0 -50.2115897,-27.5532899992249,0.0 -50.2115503,-27.5532708992249,0.0 -50.2115151,-27.5532546992249,0.0 -50.2114835,-27.5532410992249,0.0 -50.2114547,-27.5532299992249,0.0 -50.2114278,-27.5532210992249,0.0 -50.2114021,-27.5532141992249,0.0 -50.2113767,-27.5532089992249,0.0 -50.2113303,-27.5532023992249,0.0 -50.2112551,-27.5531929992249,0.0 -50.2112245,-27.5531899992249,0.0 -50.2111923,-27.5531882992249,0.0 -50.2111756,-27.5531881992249,0.0 -50.2111585,-27.5531886992249,0.0 -50.2111409,-27.5531897992249,0.0 -50.2111229,-27.5531915992249,0.0 -50.2111046,-27.5531941992249,0.0 -50.2110859,-27.5531974992249,0.0 -50.2110669,-27.5532014992249,0.0 -50.2110476,-27.5532063992249,0.0 -50.2110279,-27.5532120992249,0.0 -50.211008,-27.5532185992249,0.0 -50.2109878,-27.5532259992249,0.0 -50.2109464,-27.5532429992249,0.0 -50.2109252,-27.5532524992249,0.0 -50.2108816,-27.5532734992249,0.0 -50.2108133,-27.5533090992249,0.0 -50.2107437,-27.5533479992249,0.0 -50.2106985,-27.5533748992249,0.0 -50.2106767,-27.5533883992249,0.0 -50.2106556,-27.5534018992249,0.0 -50.2106153,-27.5534286992249,0.0 -50.2105587,-27.5534685992249,0.0 -50.210523,-27.5534951992249,0.0 -50.2104884,-27.5535215992249,0.0 -50.2104553,-27.5535479992249,0.0 -50.2104395,-27.5535611992249,0.0 -50.2104096,-27.5535875992249,0.0 -50.2103956,-27.5536007992249,0.0 -50.21037,-27.5536269992249,0.0 -50.2103383,-27.5536625992249,0.0 -50.2103025,-27.5537065992249,0.0 -50.2102998,-27.5537109992249,0.0 -50.2102941,-27.5537218992249,0.0 -50.2102903,-27.5537316992249,0.0 -50.2102869,-27.5537435992249,0.0 -50.2102842,-27.5537565992249,0.0 -50.2102824,-27.5537698992249,0.0 -50.2102818,-27.5537831992249,0.0 -50.2102824,-27.5537969992249,0.0 -50.2102836,-27.5538065992249,0.0 -50.2102864,-27.5538215992249,0.0 -50.2102903,-27.5538372992249,0.0 -50.2102954,-27.5538535992249,0.0 -50.2103019,-27.5538707992249,0.0 -50.2103104,-27.5538890992249,0.0 -50.2103176,-27.5539018992249,0.0 -50.2103265,-27.5539152992249,0.0 -50.2103318,-27.5539220992249,0.0 -50.2103443,-27.5539361992249,0.0 -50.2103517,-27.5539432992249,0.0 -50.2103598,-27.5539506992249,0.0 -50.2103783,-27.5539660992249,0.0 -50.2105089,-27.5540655992249,0.0 -50.2105548,-27.5541018992249,0.0 -50.2105855,-27.5541270992249,0.0 -50.2106163,-27.5541532992249,0.0 -50.2106473,-27.5541806992249,0.0 -50.2106786,-27.5542096992249,0.0 -50.2107099,-27.5542402992249,0.0 -50.2107409,-27.5542723992249,0.0 -50.2107561,-27.5542890992249,0.0 -50.2107858,-27.5543234992249,0.0 -50.2108144,-27.5543592992249,0.0 -50.2108856,-27.5544537992249,0.0 -50.2109163,-27.5544930992249,0.0 -50.210949,-27.5545325992249,0.0 -50.2109659,-27.5545522992249,0.0 -50.2110005,-27.5545912992249,0.0 -50.2110357,-27.5546291992249,0.0 -50.2110894,-27.5546836992249,0.0 -50.2112476,-27.5548374992249,0.0 -50.2112898,-27.5548777992249,0.0 -50.2113302,-27.5549149992249,0.0 -50.2113492,-27.5549316992249,0.0 -50.2113937,-27.5549676992249,0.0 -50.2114175,-27.5549857992249,0.0 -50.2115068,-27.5550508992249,0.0 -50.2116306,-27.5551451992249,0.0 -50.2116811,-27.5551826992249,0.0 -50.2117103,-27.5552028992249,0.0 -50.2117248,-27.5552123992249,0.0 -50.2117731,-27.5552418992249,0.0 -50.2118125,-27.5552646992249,0.0 -50.2119446,-27.5553393992249,0.0 -50.211984,-27.5553622992249,0.0 -50.2120024,-27.5553735992249,0.0 -50.2120376,-27.5553964992249,0.0 -50.2120546,-27.5554085992249,0.0 -50.2120716,-27.5554213992249,0.0 -50.2120886,-27.5554351992249,0.0 -50.2121057,-27.5554498992249,0.0 -50.2121401,-27.5554816992249,0.0 -50.2122317,-27.5555723992249,0.0 -50.2122843,-27.5556232992249,0.0 -50.2123008,-27.5556405992249,0.0 -50.2123085,-27.5556491992249,0.0 -50.212323,-27.5556667992249,0.0 -50.2123366,-27.5556850992249,0.0 -50.2123499,-27.5557043992249,0.0 -50.2123701,-27.5557355992249,0.0 -50.2123908,-27.5557694992249,0.0 -50.2124046,-27.5557933992249,0.0 -50.2124249,-27.5558304992249,0.0 -50.2124379,-27.5558559992249,0.0 -50.2124556,-27.5558948992248,0.0 -50.2124658,-27.5559209992249,0.0 -50.2124787,-27.5559602992249,0.0 -50.212498,-27.5560256992249,0.0 -50.2125064,-27.5560516992249,0.0 -50.2125158,-27.5560777992248,0.0 -50.2125267,-27.5561041992248,0.0 -50.2125329,-27.5561174992249,0.0 -50.2125468,-27.5561443992248,0.0 -50.2125768,-27.5561978992248,0.0 -50.2125905,-27.5562237992249,0.0 -50.2126022,-27.5562485992249,0.0 -50.2126322,-27.5563211992248,0.0 -50.2126437,-27.5563464992248,0.0 -50.2126643,-27.5563874992248,0.0 -50.2126808,-27.5564178992248,0.0 -50.2127001,-27.5564517992248,0.0 -50.2127217,-27.5564883992248,0.0 -50.2127449,-27.5565259992248,0.0 -50.212769,-27.5565628992248,0.0 -50.212793,-27.5565973992248,0.0 -50.2128169,-27.5566293992248,0.0 -50.2128791,-27.5567093992248,0.0 -50.2129608,-27.5568182992248,0.0 -50.2129866,-27.5568503992248,0.0 -50.2129987,-27.5568643992248,0.0 -50.213022,-27.5568890992248,0.0 -50.2130335,-27.5569003992248,0.0 -50.2130576,-27.5569222992248,0.0 -50.2131649,-27.5570139992248,0.0 -50.2132462,-27.5570814992248,0.0 -50.2132752,-27.5571046992248,0.0 -50.2133152,-27.5571358992248,0.0 -50.2133646,-27.5571726992248,0.0 -50.2134326,-27.5572203992248,0.0 -50.2135205,-27.5572799992248,0.0 -50.2136148,-27.5573418992248,0.0 -50.2136931,-27.5573910992248,0.0 -50.2137615,-27.5574321992248,0.0 -50.2138698,-27.5574951992248,0.0 -50.2140232,-27.5575823992248,0.0 -50.2141236,-27.5576382992248,0.0 -50.214196,-27.5576775992248,0.0 -50.2142738,-27.5577190992248,0.0 -50.2144779,-27.5578264992248,0.0 -50.2145535,-27.5578670992248,0.0 -50.2146209,-27.5579044992248,0.0 -50.2147078,-27.5579548992248,0.0 -50.2147583,-27.5579854992248,0.0 -50.2148265,-27.5580282992248,0.0 -50.215016,-27.5581512992248,0.0 -50.215072,-27.5581882992248,0.0 -50.2151275,-27.5582262992248,0.0 -50.215154,-27.5582451992248,0.0 -50.2151791,-27.5582637992248,0.0 -50.2152026,-27.5582819992248,0.0 -50.2152244,-27.5582997992248,0.0 -50.2152448,-27.5583170992248,0.0 -50.2152818,-27.5583501992248,0.0 -50.2154933,-27.5585492992248,0.0 -50.2155159,-27.5585694992248,0.0 -50.2155534,-27.5586009992248,0.0 -50.2155837,-27.5586272992248,0.0 -50.2156085,-27.5586498992248,0.0 -50.2156347,-27.5586749992248,0.0 -50.2156602,-27.5587010992248,0.0 -50.2156719,-27.5587141992248,0.0 -50.2156927,-27.5587394992248,0.0 -50.2157102,-27.5587636992248,0.0 -50.2157179,-27.5587754992248,0.0 -50.2157319,-27.5587982992248,0.0 -50.2157505,-27.5588311992248,0.0 -50.2157615,-27.5588522992248,0.0 -50.2157755,-27.5588830992248,0.0 -50.2157831,-27.5589030992248,0.0 -50.215792,-27.5589329992248,0.0 -50.2157989,-27.5589627992248,0.0 -50.2158048,-27.5589930992248,0.0 -50.2158078,-27.5590135992248,0.0 -50.2158088,-27.5590238992248,0.0 -50.2158096,-27.5590443992248,0.0 -50.2158092,-27.5590546992248,0.0 -50.2158083,-27.5590648992248,0.0 -50.2158049,-27.5590851992248,0.0 -50.2157975,-27.5591148992248,0.0 -50.2157814,-27.5591709992248,0.0 -50.2157731,-27.5591972992248,0.0 -50.2157641,-27.5592206992248,0.0 -50.2157402,-27.5592770992248,0.0 -50.2157139,-27.5593416992248,0.0 -50.2157043,-27.5593624992248,0.0 -50.2156993,-27.5593722992248,0.0 -50.215689,-27.5593906992248,0.0 -50.2156719,-27.5594168992248,0.0 -50.2156386,-27.5594625992248,0.0 -50.2155849,-27.5595319992248,0.0 -50.2155457,-27.5595803992248,0.0 -50.2155223,-27.5596072992248,0.0 -50.215498,-27.5596324992248,0.0 -50.2154711,-27.5596569992248,0.0 -50.2154372,-27.5596835992248,0.0 -50.2154183,-27.5596973992248,0.0 -50.2153828,-27.5597208992248,0.0 -50.2153451,-27.5597434992248,0.0 -50.2153046,-27.5597661992248,0.0 -50.2152287,-27.5598066992248,0.0 -50.215044,-27.5599026992248,0.0 -50.2149362,-27.5599599992248,0.0 -50.2149107,-27.5599729992248,0.0 -50.2148837,-27.5599857992248,0.0 -50.2148534,-27.5599988992248,0.0 -50.2148022,-27.5600185992248,0.0 -50.214765,-27.5600314992248,0.0 -50.2147261,-27.5600439992248,0.0 -50.2146862,-27.5600556992248,0.0 -50.2146461,-27.5600664992248,0.0 -50.2145874,-27.5600806992248,0.0 -50.2145501,-27.5600887992248,0.0 -50.2144394,-27.5601113992248,0.0 -50.2143997,-27.5601202992248,0.0 -50.2143579,-27.5601303992248,0.0 -50.2142914,-27.5601477992248,0.0 -50.2142446,-27.5601608992248,0.0 -50.2141963,-27.5601748992248,0.0 -50.2141229,-27.5601969992248,0.0 -50.2140508,-27.5602192992248,0.0 -50.2139818,-27.5602412992248,0.0 -50.2139163,-27.5602633992248,0.0 -50.2138746,-27.5602785992248,0.0 -50.2138339,-27.5602943992248,0.0 -50.2137932,-27.5603112992248,0.0 -50.2137511,-27.5603295992248,0.0 -50.2136833,-27.5603605992248,0.0 -50.2135836,-27.5604082992248,0.0 -50.2134759,-27.5604622992248,0.0 -50.2133404,-27.5605324992248,0.0 -50.2132662,-27.5605715992248,0.0 -50.2131996,-27.5606072992248,0.0 -50.2131594,-27.5606293992248,0.0 -50.2130852,-27.5606725992248,0.0 -50.2129368,-27.5607605992248,0.0 -50.21273,-27.5608801992248,0.0 -50.2126105,-27.5609477992248,0.0 -50.2125225,-27.5609959992248,0.0 -50.2124765,-27.5610206992248,0.0 -50.2123809,-27.5610707992248,0.0 -50.21228,-27.5611221992248,0.0 -50.2121732,-27.5611755992248,0.0 -50.2118165,-27.5613519992247,0.0 -50.2116937,-27.5614138992248,0.0 -50.2115753,-27.5614752992248,0.0 -50.2114643,-27.5615350992247,0.0 -50.2112583,-27.5616490992248,0.0 -50.2111591,-27.5617032992247,0.0 -50.2109405,-27.5618172992247,0.0 -50.2108084,-27.5618855992247,0.0 -50.2107061,-27.5619397992247,0.0 -50.210604,-27.5619952992247,0.0 -50.2102837,-27.5621723992247,0.0 -50.2101754,-27.5622307992247,0.0 -50.2100819,-27.5622794992247,0.0 -50.2100005,-27.5623199992247,0.0 -50.2099296,-27.5623534992247,0.0 -50.2098685,-27.5623807992247,0.0 -50.2098413,-27.5623920992247,0.0 -50.2098141,-27.5624033992247,0.0 -50.2097784,-27.5624167992247,0.0 -50.2097601,-27.5624231992247,0.0 -50.2097213,-27.5624358992247,0.0 -50.2096586,-27.5624544992247,0.0 -50.209538,-27.5624880992247,0.0 -50.2095024,-27.5624986992247,0.0 -50.209485,-27.5625043992247,0.0 -50.2094502,-27.5625172992247,0.0 -50.2094325,-27.5625247992247,0.0 -50.2094143,-27.5625329992247,0.0 -50.2093766,-27.5625518992247,0.0 -50.2093158,-27.5625850992247,0.0 -50.2092015,-27.5626503992247,0.0 -50.2091523,-27.5626798992247,0.0 -50.2091273,-27.5626954992247,0.0 -50.2091023,-27.5627117992247,0.0 -50.2090773,-27.5627287992247,0.0 -50.2090525,-27.5627464992247,0.0 -50.2090203,-27.5627705992247,0.0 -50.2089804,-27.5628016992247,0.0 -50.20886,-27.5628998992247,0.0 -50.2088282,-27.5629250992247,0.0 -50.208798,-27.5629475992247,0.0 -50.208783,-27.5629580992247,0.0 -50.2087521,-27.5629784992247,0.0 -50.2087003,-27.5630093992247,0.0 -50.2082564,-27.5632622992247,0.0 -50.2081845,-27.5633049992247,0.0 -50.2081386,-27.5633338992247,0.0 -50.2080921,-27.5633645992247,0.0 -50.208043,-27.5633981992247,0.0 -50.2079872,-27.5634374992247,0.0 -50.207898,-27.5635003992247,0.0 -50.207779,-27.5635858992247,0.0 -50.207719,-27.5636302992247,0.0 -50.2076589,-27.5636746992247,0.0 -50.2076275,-27.5636971992247,0.0 -50.2076113,-27.5637082992247,0.0 -50.207576,-27.5637312992247,0.0 -50.2075182,-27.5637669992247,0.0 -50.2074784,-27.5637906992247,0.0 -50.2074522,-27.5638057992247,0.0 -50.2073613,-27.5638586992247,0.0 -50.207334,-27.5638747992247,0.0 -50.2073213,-27.5638823992247,0.0 -50.2072119,-27.5639493992247,0.0 -50.2071647,-27.5639776992247,0.0 -50.207116,-27.5640053992247,0.0 -50.2070912,-27.5640186992247,0.0 -50.2070406,-27.5640445992247,0.0 -50.2068781,-27.5641243992247,0.0 -50.2066888,-27.5642203992247,0.0 -50.2066271,-27.5642500992247,0.0 -50.2065344,-27.5642927992247,0.0 -50.2064676,-27.5643251992247,0.0 -50.2063519,-27.5643836992247,0.0 -50.2063394,-27.5643903992247,0.0 -50.2063188,-27.5644019992247,0.0 -50.2063039,-27.5644117992247,0.0 -50.2062926,-27.5644212992247,0.0 -50.2062831,-27.5644318992247,0.0 -50.2062734,-27.5644450992247,0.0 -50.2062575,-27.5644701992247,0.0 -50.2062469,-27.5644895992247,0.0 -50.2062369,-27.5645101992247,0.0 -50.2062324,-27.5645208992247,0.0 -50.2062242,-27.5645425992247,0.0 -50.206217,-27.5645648992247,0.0 -50.2062073,-27.5645996992247,0.0 -50.2061986,-27.5646361992247,0.0 -50.2061934,-27.5646616992247,0.0 -50.2061888,-27.5646880992247,0.0 -50.206185,-27.5647156992247,0.0 -50.2061758,-27.5648009992247,0.0 -50.2061723,-27.5648282992247,0.0 -50.2061659,-27.5648665992247,0.0 -50.2061582,-27.5649015992247,0.0 -50.2061524,-27.5649229992247,0.0 -50.2061462,-27.5649429992247,0.0 -50.2061393,-27.5649618992247,0.0 -50.2061319,-27.5649800992247,0.0 -50.2061239,-27.5649979992247,0.0 -50.2061148,-27.5650158992247,0.0 -50.206104,-27.5650341992247,0.0 -50.2060978,-27.5650435992247,0.0 -50.2060831,-27.5650631992247,0.0 -50.2060745,-27.5650733992247,0.0 -50.2060652,-27.5650838992247,0.0 -50.2060445,-27.5651054992247,0.0 -50.20601,-27.5651384992247,0.0 -50.2059858,-27.5651601992247,0.0 -50.205961,-27.5651813992247,0.0 -50.2059108,-27.5652224992247,0.0 -50.2058116,-27.5653005992247,0.0 -50.2057327,-27.5653660992247,0.0 -50.2056986,-27.5653932992247,0.0 -50.2056748,-27.5654108992247,0.0 -50.2056625,-27.5654193992247,0.0 -50.2056371,-27.5654356992247,0.0 -50.2056238,-27.5654433992247,0.0 -50.2055964,-27.5654575992247,0.0 -50.2055821,-27.5654640992247,0.0 -50.2055528,-27.5654757992247,0.0 -50.2055378,-27.5654809992247,0.0 -50.2055072,-27.5654899992247,0.0 -50.2054917,-27.5654938992247,0.0 -50.2054604,-27.5655001992247,0.0 -50.2054108,-27.5655074992247,0.0 -50.2052692,-27.5655249992247,0.0 -50.2050732,-27.5655511992247,0.0 -50.2050237,-27.5655569992247,0.0 -50.2049756,-27.5655613992247,0.0 -50.2049296,-27.5655639992247,0.0 -50.2048858,-27.5655651992247,0.0 -50.2048445,-27.5655652992247,0.0 -50.2047876,-27.5655642992247,0.0 -50.2047345,-27.5655624992247,0.0 -50.2046595,-27.5655587992247,0.0 -50.2045708,-27.5655536992247,0.0 -50.2043772,-27.5655414992247,0.0 -50.2043146,-27.5655382992247,0.0 -50.2042783,-27.5655374992247,0.0 -50.2042567,-27.5655377992247,0.0 -50.2042355,-27.5655387992247,0.0 -50.2042022,-27.5655416992247,0.0 -50.2041692,-27.5655457992247,0.0 -50.2041308,-27.5655518992247,0.0 -50.2041009,-27.5655583992247,0.0 -50.2040885,-27.5655618992247,0.0 -50.2040775,-27.5655655992247,0.0 -50.2040674,-27.5655697992247,0.0 -50.2040578,-27.5655746992247,0.0 -50.2040484,-27.5655805992247,0.0 -50.2040388,-27.5655875992247,0.0 -50.2040294,-27.5655955992247,0.0 -50.2040205,-27.5656041992247,0.0 -50.2040127,-27.5656131992247,0.0 -50.2040093,-27.5656176992247,0.0 -50.2040011,-27.5656315992247,0.0 -50.2039951,-27.5656458992247,0.0 -50.2039893,-27.5656656992247,0.0 -50.2039863,-27.5656816992247,0.0 -50.2039839,-27.5657059992247,0.0 -50.2039831,-27.5657320992247,0.0 -50.203983,-27.5657678992247,0.0 -50.2039844,-27.5657923992247,0.0 -50.2039884,-27.5658223992247,0.0 -50.2039935,-27.5658491992247,0.0 -50.2040143,-27.5659353992247,0.0 -50.2040191,-27.5659586992247,0.0 -50.2040298,-27.5660172992247,0.0 -50.2040345,-27.5660407992247,0.0 -50.2040515,-27.5661114992247,0.0 -50.2040567,-27.5661352992247,0.0 -50.204061,-27.5661592992247,0.0 -50.2040642,-27.5661838992247,0.0 -50.2040672,-27.5662220992247,0.0 -50.2040681,-27.5662488992247,0.0 -50.2040681,-27.5662766992247,0.0 -50.2040673,-27.5663053992247,0.0 -50.204065,-27.5663493992247,0.0 -50.2040606,-27.5664078992247,0.0 -50.2040539,-27.5664828992247,0.0 -50.2040505,-27.5665133992247,0.0 -50.2040475,-27.5665333992246,0.0 -50.2040411,-27.5665660992247,0.0 -50.2040351,-27.5665903992246,0.0 -50.2040231,-27.5666303992247,0.0 -50.2040129,-27.5666595992246,0.0 -50.2040009,-27.5666899992247,0.0 -50.2039944,-27.5667051992246,0.0 -50.2039806,-27.5667347992247,0.0 -50.2039663,-27.5667620992246,0.0 -50.2039518,-27.5667859992246,0.0 -50.2039372,-27.5668065992246,0.0 -50.2039227,-27.5668243992247,0.0 -50.2039084,-27.5668400992247,0.0 -50.2038944,-27.5668540992247,0.0 -50.2038807,-27.5668665992246,0.0 -50.2038611,-27.5668828992246,0.0 -50.2038134,-27.5669180992246,0.0 -50.2038022,-27.5669277992246,0.0 -50.2037852,-27.5669445992246,0.0 -50.2037561,-27.5669776992246,0.0 -50.203727,-27.5670130992246,0.0 -50.203709,-27.5670369992246,0.0 -50.2037025,-27.5670472992246,0.0 -50.2036999,-27.5670523992246,0.0 -50.2036958,-27.5670632992246,0.0 -50.2036942,-27.5670691992246,0.0 -50.2036921,-27.5670823992246,0.0 -50.2036913,-27.5670964992246,0.0 -50.2036915,-27.5671104992246,0.0 -50.2036928,-27.5671233992246,0.0 -50.203695,-27.5671343992246,0.0 -50.2036965,-27.5671391992246,0.0 -50.2036983,-27.5671437992246,0.0 -50.2037029,-27.5671520992246,0.0 -50.2037088,-27.5671599992246,0.0 -50.2037162,-27.5671677992246,0.0 -50.2037248,-27.5671752992246,0.0 -50.2037343,-27.5671820992246,0.0 -50.2037445,-27.5671877992246,0.0 -50.2037497,-27.5671900992246,0.0 -50.2037604,-27.5671936992246,0.0 -50.2037714,-27.5671963992246,0.0 -50.2038007,-27.5672012992246,0.0 -50.2038196,-27.5672035992246,0.0 -50.2038329,-27.5672045992246,0.0 -50.2038467,-27.5672047992246,0.0 -50.2038611,-27.5672042992246,0.0 -50.2038757,-27.5672031992246,0.0 -50.2039048,-27.5671993992246,0.0 -50.2039329,-27.5671939992246,0.0 -50.2039531,-27.5671886992246,0.0 -50.2039933,-27.5671760992246,0.0 -50.2040078,-27.5671723992246,0.0 -50.2040235,-27.5671692992246,0.0 -50.2040767,-27.5671613992246,0.0 -50.2041326,-27.5671513992246,0.0 -50.2041648,-27.5671462992246,0.0 -50.204206,-27.5671405992246,0.0 -50.2042835,-27.5671315992246,0.0 -50.2043717,-27.5671225992246,0.0 -50.2044318,-27.5671171992246,0.0 -50.2044911,-27.5671123992246,0.0 -50.2045502,-27.5671082992246,0.0 -50.2046093,-27.5671048992246,0.0 -50.2046691,-27.5671021992246,0.0 -50.204838,-27.5670965992246,0.0 -50.2049045,-27.5670938992246,0.0 -50.2049755,-27.5670895992246,0.0 -50.2050912,-27.5670813992246,0.0 -50.2051342,-27.5670768992246,0.0 -50.2051573,-27.5670733992246,0.0 -50.2051764,-27.5670692992246,0.0 -50.2052005,-27.5670622992246,0.0 -50.2052444,-27.5670460992246,0.0 -50.2052669,-27.5670385992246,0.0 -50.2052905,-27.5670324992246,0.0 -50.2053066,-27.5670295992246,0.0 -50.2053311,-27.5670269992246,0.0 -50.2053551,-27.5670266992246,0.0 -50.2053704,-27.5670275992247,0.0 -50.2053915,-27.5670297992246,0.0 -50.2054038,-27.5670316992246,0.0 -50.2054149,-27.5670342992246,0.0 -50.205425,-27.5670381992247,0.0 -50.2054344,-27.5670438992247,0.0 -50.2054432,-27.5670517992246,0.0 -50.2054512,-27.5670614992246,0.0 -50.2054582,-27.5670727992246,0.0 -50.2054637,-27.5670850992246,0.0 -50.2054675,-27.5670980992246,0.0 -50.2054698,-27.5671116992246,0.0 -50.2054704,-27.5671188992246,0.0 -50.2054704,-27.5671337992246,0.0 -50.2054681,-27.5671578992246,0.0 -50.205462,-27.5671918992246,0.0 -50.205451,-27.5672405992246,0.0 -50.2054463,-27.5672633992246,0.0 -50.2054429,-27.5672859992246,0.0 -50.2054409,-27.5673099992246,0.0 -50.2054405,-27.5673279992246,0.0 -50.2054409,-27.5673484992246,0.0 -50.2054439,-27.5673946992246,0.0 -50.2054498,-27.5674509992246,0.0 -50.205456,-27.5674906992246,0.0 -50.2054624,-27.5675204992246,0.0 -50.2054734,-27.5675623992246,0.0 -50.2054894,-27.5676170992246,0.0 -50.2055004,-27.5676498992246,0.0 -50.205509,-27.5676710992246,0.0 -50.2055192,-27.5676913992246,0.0 -50.2055309,-27.5677102992246,0.0 -50.2055438,-27.5677277992246,0.0 -50.2055576,-27.5677433992246,0.0 -50.2055718,-27.5677570992246,0.0 -50.205579,-27.5677631992246,0.0 -50.2055934,-27.5677739992246,0.0 -50.2056151,-27.5677879992246,0.0 -50.2056434,-27.5678039992246,0.0 -50.2056649,-27.5678144992246,0.0 -50.2056878,-27.5678234992246,0.0 -50.2057041,-27.5678286992246,0.0 -50.2057211,-27.5678332992246,0.0 -50.2057562,-27.5678410992246,0.0 -50.2057936,-27.5678474992246,0.0 -50.2058256,-27.5678518992246,0.0 -50.2058754,-27.5678572992246,0.0 -50.2059431,-27.5678629992246,0.0 -50.206037,-27.5678686992246,0.0 -50.2060674,-27.5678695992246,0.0 -50.2060872,-27.5678682992246,0.0 -50.2061028,-27.5678662992246,0.0 -50.2061227,-27.5678627992246,0.0 -50.2061409,-27.5678581992246,0.0 -50.2061535,-27.5678538992246,0.0 -50.2061654,-27.5678481992246,0.0 -50.206173,-27.5678431992246,0.0 -50.2061805,-27.5678366992246,0.0 -50.2061879,-27.5678284992246,0.0 -50.206195,-27.5678192992246,0.0 -50.2062015,-27.5678094992246,0.0 -50.2062177,-27.5677805992246,0.0 -50.2062256,-27.5677680992246,0.0 -50.2062374,-27.5677516992246,0.0 -50.2062542,-27.5677303992246,0.0 -50.2063667,-27.5675956992246,0.0 -50.206399,-27.5675576992246,0.0 -50.2064389,-27.5675125992246,0.0 -50.2064562,-27.5674942992246,0.0 -50.2064732,-27.5674771992246,0.0 -50.2064826,-27.5674662992246,0.0 -50.2064942,-27.5674496992246,0.0 -50.2065715,-27.5673316992246,0.0 -50.2066303,-27.5672439992246,0.0 -50.2066845,-27.5671645992246,0.0 -50.2067003,-27.5671424992246,0.0 -50.206717,-27.5671203992246,0.0 -50.2067348,-27.5670980992246,0.0 -50.2067529,-27.5670763992246,0.0 -50.2068068,-27.5670149992247,0.0 -50.2068505,-27.5669673992246,0.0 -50.206867,-27.5669504992246,0.0 -50.2068838,-27.5669343992246,0.0 -50.2069008,-27.5669192992246,0.0 -50.2069229,-27.5669012992246,0.0 -50.206944,-27.5668853992246,0.0 -50.2069607,-27.5668741992246,0.0 -50.2069795,-27.5668629992247,0.0 -50.2069997,-27.5668523992246,0.0 -50.2070193,-27.5668437992246,0.0 -50.2070312,-27.5668396992247,0.0 -50.2070485,-27.5668356992246,0.0 -50.2070675,-27.5668335992247,0.0 -50.2070978,-27.5668325992247,0.0 -50.2071211,-27.5668331992246,0.0 -50.2071352,-27.5668342992246,0.0 -50.2071537,-27.5668370992246,0.0 -50.2071703,-27.5668411992247,0.0 -50.2071918,-27.5668482992246,0.0 -50.2072021,-27.5668525992246,0.0 -50.2072114,-27.5668571992246,0.0 -50.2072195,-27.5668621992246,0.0 -50.2072262,-27.5668677992246,0.0 -50.2072324,-27.5668741992246,0.0 -50.2072384,-27.5668819992246,0.0 -50.2072484,-27.5668965992246,0.0 -50.2072592,-27.5669137992247,0.0 -50.2072694,-27.5669314992247,0.0 -50.2072752,-27.5669425992246,0.0 -50.2072802,-27.5669536992246,0.0 -50.2072844,-27.5669651992246,0.0 -50.2072893,-27.5669847992246,0.0 -50.2072918,-27.5669998992246,0.0 -50.2072939,-27.5670167992246,0.0 -50.2072985,-27.5670669992246,0.0 -50.2073026,-27.5671180992246,0.0 -50.2073168,-27.5673299992246,0.0 -50.2073216,-27.5673924992246,0.0 -50.2073259,-27.5674376992246,0.0 -50.207331,-27.5674830992246,0.0 -50.2073459,-27.5675975992246,0.0 -50.2073489,-27.5676275992246,0.0 -50.207351,-27.5676611992246,0.0 -50.2073522,-27.5676992992246,0.0 -50.2073538,-27.5678244992246,0.0 -50.2073594,-27.5679650992246,0.0 -50.2073612,-27.5680395992246,0.0 -50.2073619,-27.5681221992246,0.0 -50.2073617,-27.5682020992246,0.0 -50.2073592,-27.5683732992246,0.0 -50.2073591,-27.5684113992246,0.0 -50.2073596,-27.5684417992246,0.0 -50.2073604,-27.5684580992246,0.0 -50.2073615,-27.5684715992246,0.0 -50.207364,-27.5684879992246,0.0 -50.2073661,-27.5684973992246,0.0 -50.20737,-27.5685102992246,0.0 -50.2073751,-27.5685225992246,0.0 -50.2073814,-27.5685346992246,0.0 -50.2073894,-27.5685467992246,0.0 -50.207396,-27.5685547992246,0.0 -50.2074039,-27.5685625992246,0.0 -50.2074132,-27.5685699992246,0.0 -50.2074286,-27.5685802992246,0.0 -50.2074533,-27.5685950992246,0.0 -50.2074627,-27.5686000992246,0.0 -50.2074734,-27.5686046992246,0.0 -50.2074863,-27.5686087992246,0.0 -50.2075022,-27.5686124992246,0.0 -50.2075202,-27.5686157992246,0.0 -50.2075391,-27.5686185992246,0.0 -50.2075661,-27.5686217992246,0.0 -50.2075901,-27.5686235992246,0.0 -50.2076123,-27.5686236992246,0.0 -50.2076268,-27.5686225992246,0.0 -50.2076487,-27.5686194992246,0.0 -50.2077486,-27.5686013992246,0.0 -50.2077924,-27.5685923992246,0.0 -50.2078214,-27.5685852992246,0.0 -50.20785,-27.5685764992246,0.0 -50.2080394,-27.5685137992246,0.0 -50.2081778,-27.5684689992246,0.0 -50.2082432,-27.5684486992246,0.0 -50.2083418,-27.5684196992246,0.0 -50.2083834,-27.5684068992246,0.0 -50.208408,-27.5683984992246,0.0 -50.2084305,-27.5683902992246,0.0 -50.2085162,-27.5683564992246,0.0 -50.2085498,-27.5683440992246,0.0 -50.2085725,-27.5683364992246,0.0 -50.2086424,-27.5683149992246,0.0 -50.2086663,-27.5683069992246,0.0 -50.2086901,-27.5682981992246,0.0 -50.2087248,-27.5682839992246,0.0 -50.2087462,-27.5682743992246,0.0 -50.2087661,-27.5682646992246,0.0 -50.2089248,-27.5681796992246,0.0 -50.2090913,-27.5680928992246,0.0 -50.2091187,-27.5680772992246,0.0 -50.2091447,-27.5680608992246,0.0 -50.2091622,-27.5680487992246,0.0 -50.2092158,-27.5680092992246,0.0 -50.2092333,-27.5679969992246,0.0 -50.2092501,-27.5679856992246,0.0 -50.209274,-27.5679707992246,0.0 -50.2092955,-27.5679584992246,0.0 -50.2093395,-27.5679350992246,0.0 -50.2093854,-27.5679097992246,0.0 -50.2094063,-27.5678997992246,0.0 -50.2094209,-27.5678941992246,0.0 -50.2094284,-27.5678916992246,0.0 -50.2094438,-27.5678875992246,0.0 -50.2094601,-27.5678847992246,0.0 -50.2094769,-27.5678833992246,0.0 -50.2094854,-27.5678831992246,0.0 -50.2095018,-27.5678834992246,0.0 -50.2095174,-27.5678848992246,0.0 -50.2095379,-27.5678884992246,0.0 -50.20955,-27.5678919992246,0.0 -50.2095666,-27.5678986992246,0.0 -50.209582,-27.5679072992246,0.0 -50.2095918,-27.5679140992246,0.0 -50.2096059,-27.5679264992246,0.0 -50.2096151,-27.5679360992246,0.0 -50.2096239,-27.5679467992246,0.0 -50.2096363,-27.5679641992246,0.0 -50.2096473,-27.5679826992246,0.0 -50.2096536,-27.5679957992246,0.0 -50.209659,-27.5680097992246,0.0 -50.2096636,-27.5680249992246,0.0 -50.2096672,-27.5680415992246,0.0 -50.2096714,-27.5680686992246,0.0 -50.2096758,-27.5681068992246,0.0 -50.2096786,-27.5681363992246,0.0 -50.2096798,-27.5681667992246,0.0 -50.2096792,-27.5681877992246,0.0 -50.2096772,-27.5682099992246,0.0 -50.2096738,-27.5682341992246,0.0 -50.2096691,-27.5682611992246,0.0 -50.2096594,-27.5683086992246,0.0 -50.2096513,-27.5683445992246,0.0 -50.2096418,-27.5683827992246,0.0 -50.2096248,-27.5684424992246,0.0 -50.2096045,-27.5685043992246,0.0 -50.2095804,-27.5685705992246,0.0 -50.2094881,-27.5688093992246,0.0 -50.2093946,-27.5690621992246,0.0 -50.2093081,-27.5692881992246,0.0 -50.209287,-27.5693446992246,0.0 -50.2092441,-27.5694626992246,0.0 -50.209222,-27.5695204992246,0.0 -50.2092078,-27.5695543992246,0.0 -50.2091942,-27.5695847992246,0.0 -50.2091813,-27.5696115992246,0.0 -50.2091693,-27.5696348992246,0.0 -50.209158,-27.5696546992246,0.0 -50.2091473,-27.5696713992246,0.0 -50.2091369,-27.5696851992246,0.0 -50.2091265,-27.5696962992246,0.0 -50.2091213,-27.5697010992246,0.0 -50.2091107,-27.5697093992246,0.0 -50.2090823,-27.5697284992246,0.0 -50.2090385,-27.5697591992246,0.0 -50.2090205,-27.5697709992246,0.0 -50.2090037,-27.5697808992246,0.0 -50.2089881,-27.5697886992246,0.0 -50.2089737,-27.5697944992246,0.0 -50.2089597,-27.5697986992246,0.0 -50.2089454,-27.5698017992246,0.0 -50.2089297,-27.5698036992246,0.0 -50.2089179,-27.5698042992246,0.0 -50.2088974,-27.5698037992246,0.0 -50.2088672,-27.5698015992246,0.0 -50.2088066,-27.5697958992246,0.0 -50.2087813,-27.5697928992246,0.0 -50.2087609,-27.5697895992246,0.0 -50.2087464,-27.5697863992246,0.0 -50.2087305,-27.5697821992246,0.0 -50.2087021,-27.5697729992246,0.0 -50.2086644,-27.5697588992246,0.0 -50.2086149,-27.5697391992246,0.0 -50.2085581,-27.5697152992246,0.0 -50.2085191,-27.5696981992246,0.0 -50.2083687,-27.5696290992246,0.0 -50.2082286,-27.5695675992246,0.0 -50.2081531,-27.5695320992246,0.0 -50.2081375,-27.5695250992246,0.0 -50.2081106,-27.5695146992246,0.0 -50.2080686,-27.5695001992246,0.0 -50.2080497,-27.5694949992246,0.0 -50.2080374,-27.5694933992246,0.0 -50.2080283,-27.5694932992246,0.0 -50.2080183,-27.5694941992246,0.0 -50.2080075,-27.5694959992246,0.0 -50.2079904,-27.5695003992246,0.0 -50.2079726,-27.5695064992246,0.0 -50.2079608,-27.5695115992246,0.0 -50.2079496,-27.5695174992246,0.0 -50.2079391,-27.5695242992246,0.0 -50.2079298,-27.5695319992246,0.0 -50.2079175,-27.5695445992246,0.0 -50.2079067,-27.5695575992246,0.0 -50.2078938,-27.5695746992246,0.0 -50.2078856,-27.5695874992246,0.0 -50.2078808,-27.5695963992246,0.0 -50.2078768,-27.5696055992246,0.0 -50.2078721,-27.5696191992246,0.0 -50.2078693,-27.5696319992246,0.0 -50.2078688,-27.5696405992246,0.0 -50.2078701,-27.5696511992246,0.0 -50.2078718,-27.5696575992246,0.0 -50.2078773,-27.5696739992246,0.0 -50.2078813,-27.5696842992246,0.0 -50.2078918,-27.5697086992246,0.0 -50.2079047,-27.5697372992246,0.0 -50.2079689,-27.5698728992246,0.0 -50.208055,-27.5700512992246,0.0 -50.2080851,-27.5701119992246,0.0 -50.2081144,-27.5701697992246,0.0 -50.2081928,-27.5703196992246,0.0 -50.2082168,-27.5703694992246,0.0 -50.208233,-27.5704063992246,0.0 -50.2082494,-27.5704459992246,0.0 -50.2082658,-27.5704875992246,0.0 -50.2083409,-27.5706866992246,0.0 -50.2083761,-27.5707747992246,0.0 -50.20838,-27.5707863992246,0.0 -50.2083829,-27.5707967992246,0.0 -50.208385,-27.5708066992246,0.0 -50.2083864,-27.5708166992246,0.0 -50.2083871,-27.5708329992246,0.0 -50.2083864,-27.5708452992246,0.0 -50.2083847,-27.5708591992246,0.0 -50.2083818,-27.5708747992246,0.0 -50.2083756,-27.5709004992246,0.0 -50.2083679,-27.5709269992246,0.0 -50.2083591,-27.5709527992246,0.0 -50.2083525,-27.5709695992246,0.0 -50.2083449,-27.5709861992246,0.0 -50.2083362,-27.5710028992246,0.0 -50.2083021,-27.5710603992246,0.0 -50.2082882,-27.5710850992246,0.0 -50.2082657,-27.5711275992246,0.0 -50.2082087,-27.5712381992246,0.0 -50.208189,-27.5712743992246,0.0 -50.2081753,-27.5712984992246,0.0 -50.2081537,-27.5713347992246,0.0 -50.2081386,-27.5713585992246,0.0 -50.2081231,-27.5713814992246,0.0 -50.2081073,-27.5714034992246,0.0 -50.2080908,-27.5714249992246,0.0 -50.2080729,-27.5714469992246,0.0 -50.2079967,-27.5715360992246,0.0 -50.2079615,-27.5715788992246,0.0 -50.2079285,-27.5716219992246,0.0 -50.2078731,-27.5716975992246,0.0 -50.2078298,-27.5717546992246,0.0 -50.2078178,-27.5717714992246,0.0 -50.2078064,-27.5717897992246,0.0 -50.2077989,-27.5718060992246,0.0 -50.207778,-27.5718581992246,0.0 -50.2077748,-27.5718684992246,0.0 -50.2077724,-27.5718830992246,0.0 -50.2077717,-27.5718968992246,0.0 -50.2077721,-27.5719277992246,0.0 -50.2077737,-27.5719456992246,0.0 -50.2077762,-27.5719595992246,0.0 -50.20778,-27.5719740992246,0.0 -50.2077853,-27.5719891992246,0.0 -50.2077925,-27.5720054992246,0.0 -50.2078024,-27.5720236992246,0.0 -50.20782,-27.5720518992245,0.0 -50.2078543,-27.5721036992246,0.0 -50.2078692,-27.5721255992245,0.0 -50.207886,-27.5721484992246,0.0 -50.2079146,-27.5721842992245,0.0 -50.2079969,-27.5722819992245,0.0 -50.2080373,-27.5723312992245,0.0 -50.2080606,-27.5723611992245,0.0 -50.2080707,-27.5723748992245,0.0 -50.2080888,-27.5724008992245,0.0 -50.208105,-27.5724264992245,0.0 -50.2081208,-27.5724532992245,0.0 -50.2081452,-27.5724977992245,0.0 -50.2081681,-27.5725419992245,0.0 -50.2081808,-27.5725676992245,0.0 -50.2081945,-27.5725976992245,0.0 -50.2082223,-27.5726674992246,0.0 -50.2082313,-27.5726938992245,0.0 -50.2082363,-27.5727123992245,0.0 -50.2082402,-27.5727312992245,0.0 -50.2082445,-27.5727594992245,0.0 -50.2082482,-27.5727943992245,0.0 -50.2082495,-27.5728189992245,0.0 -50.2082493,-27.5728443992245,0.0 -50.2082481,-27.5728626992245,0.0 -50.2082447,-27.5728912992245,0.0 -50.2082414,-27.5729103992245,0.0 -50.2082373,-27.5729290992245,0.0 -50.2082297,-27.5729557992245,0.0 -50.2082237,-27.5729728992245,0.0 -50.2082135,-27.5729978992245,0.0 -50.2082016,-27.5730221992245,0.0 -50.2081924,-27.5730380992245,0.0 -50.2081819,-27.5730537992245,0.0 -50.2081761,-27.5730614992245,0.0 -50.208157,-27.5730839992245,0.0 -50.2081362,-27.5731049992245,0.0 -50.208122,-27.5731176992245,0.0 -50.2081077,-27.5731291992245,0.0 -50.208086,-27.5731446992245,0.0 -50.2080633,-27.5731579992245,0.0 -50.2080396,-27.5731691992245,0.0 -50.2080232,-27.5731752992245,0.0 -50.2080148,-27.5731779992245,0.0 -50.2080064,-27.5731803992245,0.0 -50.2079892,-27.5731841992245,0.0 -50.2079627,-27.5731879992245,0.0 -50.2079447,-27.5731893992245,0.0 -50.2079264,-27.5731901992245,0.0 -50.207908,-27.5731901992245,0.0 -50.2078896,-27.5731896992245,0.0 -50.2078715,-27.5731883992245,0.0 -50.2078539,-27.5731865992245,0.0 -50.2078204,-27.5731813992245,0.0 -50.2077739,-27.5731716992245,0.0 -50.2077594,-27.5731680992245,0.0 -50.2077455,-27.5731639992245,0.0 -50.2077324,-27.5731593992245,0.0 -50.2077127,-27.5731507992245,0.0 -50.2076982,-27.5731433992245,0.0 -50.2076718,-27.5731288992245,0.0 -50.2076508,-27.5731165992245,0.0 -50.2076277,-27.5731021992245,0.0 -50.2076036,-27.5730857992245,0.0 -50.2075914,-27.5730768992245,0.0 -50.2075672,-27.5730575992245,0.0 -50.2075435,-27.5730370992245,0.0 -50.2075094,-27.5730053992245,0.0 -50.207445,-27.5729426992245,0.0 -50.2074203,-27.5729205992245,0.0 -50.2074065,-27.5729089992245,0.0 -50.2073592,-27.5728715992245,0.0 -50.2072474,-27.5727871992245,0.0 -50.2072111,-27.5727584992245,0.0 -50.2071571,-27.5727150992245,0.0 -50.2071289,-27.5726939992245,0.0 -50.2071151,-27.5726849992245,0.0 -50.2070935,-27.5726725992245,0.0 -50.2070781,-27.5726649992245,0.0 -50.2070531,-27.5726541992245,0.0 -50.2070263,-27.5726439992245,0.0 -50.2069994,-27.5726353992245,0.0 -50.2069825,-27.5726308992245,0.0 -50.2069581,-27.5726258992245,0.0 -50.2069326,-27.5726223992245,0.0 -50.2068927,-27.5726185992245,0.0 -50.2068504,-27.5726159992245,0.0 -50.2068221,-27.5726153992245,0.0 -50.206798,-27.5726162992245,0.0 -50.2067839,-27.5726179992245,0.0 -50.2067774,-27.5726190992245,0.0 -50.206765,-27.5726221992245,0.0 -50.2067477,-27.5726286992245,0.0 -50.2067363,-27.5726340992245,0.0 -50.2067243,-27.5726403992245,0.0 -50.2067057,-27.5726512992245,0.0 -50.2066934,-27.5726590992245,0.0 -50.2066818,-27.5726670992245,0.0 -50.2066712,-27.5726751992245,0.0 -50.2066616,-27.5726834992245,0.0 -50.2066531,-27.5726921992245,0.0 -50.2066456,-27.5727015992245,0.0 -50.2066391,-27.5727116992245,0.0 -50.2066332,-27.5727231992245,0.0 -50.2066305,-27.5727295992245,0.0 -50.2066229,-27.5727523992245,0.0 -50.2066157,-27.5727810992245,0.0 -50.2066118,-27.5728022992245,0.0 -50.2066092,-27.5728238992245,0.0 -50.2066082,-27.5728450992245,0.0 -50.2066104,-27.5728751992245,0.0 -50.2066117,-27.5728856992245,0.0 -50.2066182,-27.5729169992245,0.0 -50.206627,-27.5729503992245,0.0 -50.2066376,-27.5729853992245,0.0 -50.2066565,-27.5730436992245,0.0 -50.2066844,-27.5731263992245,0.0 -50.206698,-27.5731644992245,0.0 -50.2067086,-27.5731916992245,0.0 -50.2067275,-27.5732358992245,0.0 -50.2067764,-27.5733416992245,0.0 -50.2067947,-27.5733827992245,0.0 -50.2068121,-27.5734243992245,0.0 -50.2068299,-27.5734698992245,0.0 -50.2068482,-27.5735193992245,0.0 -50.2068656,-27.5735706992245,0.0 -50.2068813,-27.5736218992245,0.0 -50.2068907,-27.5736559992245,0.0 -50.2068992,-27.5736902992245,0.0 -50.2069068,-27.5737249992245,0.0 -50.2069365,-27.5738805992245,0.0 -50.2069895,-27.5741302992245,0.0 -50.2070372,-27.5743619992245,0.0 -50.2070452,-27.5743976992245,0.0 -50.2070564,-27.5744432992245,0.0 -50.2070773,-27.5745218992245,0.0 -50.2070916,-27.5745734992245,0.0 -50.2071033,-27.5746119992245,0.0 -50.2071119,-27.5746378992245,0.0 -50.2071214,-27.5746642992245,0.0 -50.2071321,-27.5746919992245,0.0 -50.2071572,-27.5747515992245,0.0 -50.2072023,-27.5748524992245,0.0 -50.2072175,-27.5748877992245,0.0 -50.2072258,-27.5749086992245,0.0 -50.2072326,-27.5749275992245,0.0 -50.207248,-27.5749761992245,0.0 -50.2072533,-27.5749909992245,0.0 -50.207263,-27.5750129992245,0.0 -50.2072709,-27.5750277992245,0.0 -50.2072799,-27.5750427992245,0.0 -50.2072904,-27.5750581992245,0.0 -50.2073024,-27.5750735992245,0.0 -50.207309,-27.5750811992245,0.0 -50.2073234,-27.5750958992245,0.0 -50.2073312,-27.5751029992245,0.0 -50.2073482,-27.5751161992245,0.0 -50.2073675,-27.5751286992245,0.0 -50.2073782,-27.5751346992245,0.0 -50.207402,-27.5751465992245,0.0 -50.2074295,-27.5751584992245,0.0 -50.2074447,-27.5751644992245,0.0 -50.2074777,-27.5751760992245,0.0 -50.2075139,-27.5751868992245,0.0 -50.2075332,-27.5751916992245,0.0 -50.2075531,-27.5751960992245,0.0 -50.2075736,-27.5751999992245,0.0 -50.2075946,-27.5752032992245,0.0 -50.2076159,-27.5752062992245,0.0 -50.2076588,-27.5752112992245,0.0 -50.2078132,-27.5752245992245,0.0 -50.2078445,-27.5752279992245,0.0 -50.2078723,-27.5752319992245,0.0 -50.2078969,-27.5752365992245,0.0 -50.2079082,-27.5752392992245,0.0 -50.2079293,-27.5752451992245,0.0 -50.2079491,-27.5752520992245,0.0 -50.2079586,-27.5752559992245,0.0 -50.2079774,-27.5752644992245,0.0 -50.2080048,-27.5752791992245,0.0 -50.208023,-27.5752902992245,0.0 -50.2080411,-27.5753025992245,0.0 -50.2080583,-27.5753156992245,0.0 -50.2080662,-27.5753226992245,0.0 -50.2080736,-27.5753297992245,0.0 -50.2080802,-27.5753370992245,0.0 -50.208086,-27.5753445992245,0.0 -50.2080908,-27.5753521992245,0.0 -50.2080947,-27.5753599992245,0.0 -50.2080977,-27.5753678992245,0.0 -50.2080999,-27.5753758992245,0.0 -50.2081012,-27.5753839992245,0.0 -50.2081017,-27.5753920992245,0.0 -50.2081014,-27.5754003992245,0.0 -50.2081004,-27.5754085992245,0.0 -50.2080988,-27.5754168992245,0.0 -50.2080964,-27.5754251992245,0.0 -50.2080935,-27.5754334992245,0.0 -50.2080861,-27.5754499992245,0.0 -50.2080769,-27.5754664992245,0.0 -50.2080663,-27.5754827992245,0.0 -50.2080543,-27.5754989992245,0.0 -50.2080477,-27.5755071992245,0.0 -50.2080328,-27.5755236992245,0.0 -50.2080244,-27.5755319992245,0.0 -50.2080057,-27.5755491992245,0.0 -50.2079849,-27.5755667992245,0.0 -50.2078965,-27.5756363992245,0.0 -50.2078728,-27.5756544992245,0.0 -50.2078245,-27.5756879992245,0.0 -50.2078092,-27.5756997992245,0.0 -50.2077952,-27.5757123992245,0.0 -50.2077888,-27.5757190992245,0.0 -50.2077774,-27.5757329992245,0.0 -50.2077681,-27.5757472992245,0.0 -50.2077643,-27.5757544992245,0.0 -50.2077584,-27.5757688992245,0.0 -50.2077546,-27.5757831992245,0.0 -50.2077522,-27.5757972992245,0.0 -50.2077486,-27.5758247992245,0.0 -50.2077431,-27.5758590992245,0.0 -50.2077403,-27.5758805992245,0.0 -50.2077323,-27.5759793992245,0.0 -50.2077268,-27.5760315992245,0.0 -50.2077212,-27.5760678992245,0.0 -50.2077147,-27.5760998992245,0.0 -50.2077035,-27.5761456992245,0.0 -50.2076987,-27.5761620992245,0.0 -50.2076928,-27.5761777992245,0.0 -50.2076854,-27.5761930992245,0.0 -50.2076809,-27.5762006992245,0.0 -50.2076703,-27.5762156992245,0.0 -50.2076579,-27.5762302992245,0.0 -50.207644,-27.5762440992245,0.0 -50.2076365,-27.5762506992245,0.0 -50.2076206,-27.5762631992245,0.0 -50.2076038,-27.5762747992245,0.0 -50.2075306,-27.5763205992245,0.0 -50.2075091,-27.5763329992245,0.0 -50.2074844,-27.5763459992245,0.0 -50.207456,-27.5763596992245,0.0 -50.2074248,-27.5763737992245,0.0 -50.2073921,-27.5763879992245,0.0 -50.2073433,-27.5764081992245,0.0 -50.2072681,-27.5764379992245,0.0 -50.2071783,-27.5764707992245,0.0 -50.207146,-27.5764833992245,0.0 -50.2071175,-27.5764961992245,0.0 -50.2071007,-27.5765046992245,0.0 -50.2070856,-27.5765129992245,0.0 -50.2070658,-27.5765246992245,0.0 -50.2070542,-27.5765324992245,0.0 -50.2070436,-27.5765406992245,0.0 -50.2070336,-27.5765497992245,0.0 -50.2070239,-27.5765601992245,0.0 -50.2070145,-27.5765718992245,0.0 -50.2070055,-27.5765847992245,0.0 -50.2069924,-27.5766066992245,0.0 -50.2069806,-27.5766308992245,0.0 -50.206974,-27.5766480992245,0.0 -50.206969,-27.5766657992245,0.0 -50.2069659,-27.5766837992245,0.0 -50.2069645,-27.5767018992245,0.0 -50.2069646,-27.5767198992245,0.0 -50.2069672,-27.5767464992245,0.0 -50.2069704,-27.5767638992245,0.0 -50.2069749,-27.5767814992245,0.0 -50.2069777,-27.5767904992245,0.0 -50.2069809,-27.5767995992245,0.0 -50.2069887,-27.5768185992245,0.0 -50.206998,-27.5768385992245,0.0 -50.2070247,-27.5768917992245,0.0 -50.2070405,-27.5769248992245,0.0 -50.2070551,-27.5769584992245,0.0 -50.207064,-27.5769810992245,0.0 -50.2070755,-27.5770150992245,0.0 -50.2070848,-27.5770491992245,0.0 -50.2070897,-27.5770716992245,0.0 -50.2070951,-27.5771052992245,0.0 -50.2070974,-27.5771272992245,0.0 -50.2070988,-27.5771595992245,0.0 -50.2070985,-27.5771804992245,0.0 -50.2070962,-27.5772105992245,0.0 -50.2070922,-27.5772390992245,0.0 -50.2070867,-27.5772657992245,0.0 -50.2070796,-27.5772908992245,0.0 -50.2070738,-27.5773068992244,0.0 -50.2070671,-27.5773224992244,0.0 -50.2070588,-27.5773386992245,0.0 -50.2070485,-27.5773564992244,0.0 -50.2070279,-27.5773888992244,0.0 -50.2069898,-27.5774449992244,0.0 -50.2068977,-27.5775760992244,0.0 -50.2068669,-27.5776216992244,0.0 -50.2068347,-27.5776714992244,0.0 -50.2068017,-27.5777252992244,0.0 -50.2067363,-27.5778352992244,0.0 -50.2067057,-27.5778859992244,0.0 -50.2066382,-27.5779912992244,0.0 -50.206614,-27.5780304992244,0.0 -50.2065905,-27.5780716992244,0.0 -50.2065678,-27.5781155992244,0.0 -50.2065568,-27.5781381992244,0.0 -50.2065359,-27.5781840992244,0.0 -50.2065261,-27.5782069992244,0.0 -50.2065078,-27.5782522992244,0.0 -50.2064834,-27.5783179992244,0.0 -50.2064262,-27.5784830992244,0.0 -50.2063856,-27.5785946992244,0.0 -50.2063666,-27.5786447992244,0.0 -50.2063461,-27.5786961992244,0.0 -50.2063244,-27.5787470992244,0.0 -50.2063132,-27.5787716992244,0.0 -50.2062901,-27.5788188992244,0.0 -50.2062782,-27.5788417992244,0.0 -50.2062535,-27.5788867992244,0.0 -50.2062138,-27.5789551992244,0.0 -50.2060912,-27.5791629992244,0.0 -50.2060593,-27.5792190992244,0.0 -50.2060402,-27.5792549992244,0.0 -50.206031,-27.5792731992244,0.0 -50.206013,-27.5793112992244,0.0 -50.2059952,-27.5793518992244,0.0 -50.2059047,-27.5795672992244,0.0 -50.2058808,-27.5796265992244,0.0 -50.2058713,-27.5796528992244,0.0 -50.2058628,-27.5796791992244,0.0 -50.2058547,-27.5797074992244,0.0 -50.2058375,-27.5797735992244,0.0 -50.2058275,-27.5798095992244,0.0 -50.205816,-27.5798463992244,0.0 -50.2058095,-27.5798645992244,0.0 -50.2058026,-27.5798826992244,0.0 -50.2057881,-27.5799180992244,0.0 -50.2057414,-27.5800260992244,0.0 -50.2057289,-27.5800525992244,0.0 -50.2057221,-27.5800654992244,0.0 -50.2057146,-27.5800783992244,0.0 -50.2057063,-27.5800913992244,0.0 -50.205697,-27.5801044992244,0.0 -50.2056758,-27.5801309992244,0.0 -50.2056519,-27.5801578992244,0.0 -50.205613,-27.5801984992244,0.0 -50.2055601,-27.5802509992244,0.0 -50.2055235,-27.5802856992244,0.0 -50.2054921,-27.5803133992244,0.0 -50.2054735,-27.5803279992244,0.0 -50.2054644,-27.5803344992244,0.0 -50.2054457,-27.5803459992244,0.0 -50.2054255,-27.5803562992244,0.0 -50.2054144,-27.5803611992244,0.0 -50.2053902,-27.5803707992244,0.0 -50.2053477,-27.5803857992244,0.0 -50.2052395,-27.5804225992244,0.0 -50.2049868,-27.5805072992244,0.0 -50.2049255,-27.5805268992244,0.0 -50.2048866,-27.5805382992244,0.0 -50.2048682,-27.5805431992244,0.0 -50.2048342,-27.5805511992244,0.0 -50.2048035,-27.5805573992244,0.0 -50.2047502,-27.5805667992244,0.0 -50.2046839,-27.5805795992244,0.0 -50.2046644,-27.5805824992244,0.0 -50.2046549,-27.5805834992244,0.0 -50.2046365,-27.5805845992244,0.0 -50.2046089,-27.5805846992244,0.0 -50.2044987,-27.5805807992244,0.0 -50.2044789,-27.5805786992244,0.0 -50.2044659,-27.5805758992244,0.0 -50.2044591,-27.5805737992244,0.0 -50.2044444,-27.5805680992244,0.0 -50.2044291,-27.5805609992244,0.0 -50.2044142,-27.5805531992244,0.0 -50.2043945,-27.5805415992244,0.0 -50.2043838,-27.5805344992244,0.0 -50.2043706,-27.5805242992244,0.0 -50.2043627,-27.5805172992244,0.0 -50.2043515,-27.5805058992244,0.0 -50.2043407,-27.5804935992244,0.0 -50.204327,-27.5804763992244,0.0 -50.204318,-27.5804632992244,0.0 -50.2043133,-27.5804544992244,0.0 -50.2043098,-27.5804459992244,0.0 -50.2043079,-27.5804372992244,0.0 -50.2043071,-27.5804281992244,0.0 -50.2043075,-27.5804125992244,0.0 -50.2043112,-27.5803809992244,0.0 -50.2043169,-27.5803490992244,0.0 -50.2043205,-27.5803364992244,0.0 -50.2043231,-27.5803296992244,0.0 -50.2043307,-27.5803141992244,0.0 -50.2043359,-27.5803051992244,0.0 -50.2043494,-27.5802844992244,0.0 -50.2043746,-27.5802495992244,0.0 -50.2044007,-27.5802157992244,0.0 -50.2044481,-27.5801575992244,0.0 -50.2044637,-27.5801371992244,0.0 -50.2044771,-27.5801172992244,0.0 -50.2044844,-27.5801038992244,0.0 -50.2044875,-27.5800971992244,0.0 -50.2044927,-27.5800835992244,0.0 -50.2044963,-27.5800697992244,0.0 -50.2044986,-27.5800560992244,0.0 -50.2044992,-27.5800491992244,0.0 -50.2044995,-27.5800356992244,0.0 -50.2044985,-27.5800223992244,0.0 -50.2044964,-27.5800091992244,0.0 -50.2044932,-27.5799960992244,0.0 -50.2044888,-27.5799830992244,0.0 -50.2044835,-27.5799702992244,0.0 -50.2044772,-27.5799580992244,0.0 -50.2044701,-27.5799469992244,0.0 -50.2044623,-27.5799372992244,0.0 -50.2044535,-27.5799291992244,0.0 -50.2044485,-27.5799255992244,0.0 -50.2044431,-27.5799222992244,0.0 -50.2044306,-27.5799162992244,0.0 -50.2044155,-27.5799108992244,0.0 -50.2043976,-27.5799060992244,0.0 -50.2043775,-27.5799019992244,0.0 -50.2043557,-27.5798990992244,0.0 -50.2043443,-27.5798979992244,0.0 -50.2043207,-27.5798969992244,0.0 -50.2042813,-27.5798973992244,0.0 -50.2041766,-27.5799011992244,0.0 -50.2041126,-27.5799029992244,0.0 -50.2040031,-27.5799046992244,0.0 -50.2039197,-27.5799045992244,0.0 -50.2037585,-27.5799013992244,0.0 -50.2036543,-27.5799004992244,0.0 -50.2035339,-27.5799012992244,0.0 -50.2034416,-27.5799032992244,0.0 -50.203381,-27.5799051992244,0.0 -50.203292,-27.5799089992244,0.0 -50.2032057,-27.5799134992244,0.0 -50.2031509,-27.5799168992244,0.0 -50.2030998,-27.5799205992244,0.0 -50.2030534,-27.5799247992244,0.0 -50.2030125,-27.5799294992244,0.0 -50.2029757,-27.5799348992244,0.0 -50.2029583,-27.5799378992244,0.0 -50.2029243,-27.5799447992244,0.0 -50.2028901,-27.5799530992244,0.0 -50.2028553,-27.5799626992244,0.0 -50.2028212,-27.5799738992244,0.0 -50.2028047,-27.5799800992244,0.0 -50.2027888,-27.5799865992244,0.0 -50.2027737,-27.5799934992244,0.0 -50.2027594,-27.5800007992244,0.0 -50.2027459,-27.5800084992244,0.0 -50.2027201,-27.5800249992244,0.0 -50.2026385,-27.5800819992244,0.0 -50.2024916,-27.5801796992244,0.0 -50.2024672,-27.5801942992244,0.0 -50.2024404,-27.5802087992244,0.0 -50.2024128,-27.5802220992244,0.0 -50.2023859,-27.5802334992244,0.0 -50.2023535,-27.5802454992244,0.0 -50.2023278,-27.5802540992244,0.0 -50.2023114,-27.5802582992244,0.0 -50.2022951,-27.5802605992244,0.0 -50.2022836,-27.5802611992244,0.0 -50.202272,-27.5802611992244,0.0 -50.2022496,-27.5802601992244,0.0 -50.2022339,-27.5802589992244,0.0 -50.2022183,-27.5802568992244,0.0 -50.2022073,-27.5802547992244,0.0 -50.2021959,-27.5802519992244,0.0 -50.2021841,-27.5802484992244,0.0 -50.2021665,-27.5802421992244,0.0 -50.2021552,-27.5802371992244,0.0 -50.2021441,-27.5802315992244,0.0 -50.2021332,-27.5802255992244,0.0 -50.2021168,-27.5802155992244,0.0 -50.2020999,-27.5802038992244,0.0 -50.2020879,-27.5801940992244,0.0 -50.2020816,-27.5801882992244,0.0 -50.2020682,-27.5801747992244,0.0 -50.2020539,-27.5801586992244,0.0 -50.2020317,-27.5801310992244,0.0 -50.2020169,-27.5801113992244,0.0 -50.2019957,-27.5800808992244,0.0 -50.2019022,-27.5799418992244,0.0 -50.2018713,-27.5798941992244,0.0 -50.201757,-27.5797146992244,0.0 -50.2016791,-27.5795960992244,0.0 -50.2016144,-27.5795011992244,0.0 -50.2015701,-27.5794380992244,0.0 -50.2015057,-27.5793494992244,0.0 -50.2014668,-27.5792976992244,0.0 -50.2014326,-27.5792539992244,0.0 -50.2014031,-27.5792174992244,0.0 -50.2013775,-27.5791868992244,0.0 -50.2013024,-27.5790988992244,0.0 -50.2012708,-27.5790633992244,0.0 -50.2012463,-27.5790377992244,0.0 -50.2012295,-27.5790219992244,0.0 -50.2012123,-27.5790074992244,0.0 -50.2011948,-27.5789942992244,0.0 -50.2011676,-27.5789760992244,0.0 -50.2011291,-27.5789530992244,0.0 -50.2010907,-27.5789319992244,0.0 -50.2010549,-27.5789148992244,0.0 -50.2010435,-27.5789098992244,0.0 -50.2010206,-27.5789012992244,0.0 -50.2010068,-27.5788965992244,0.0 -50.200994,-27.5788937992244,0.0 -50.200985,-27.5788932992244,0.0 -50.2009801,-27.5788934992244,0.0 -50.2009697,-27.5788947992244,0.0 -50.200953,-27.5788989992244,0.0 -50.2009361,-27.5789054992244,0.0 -50.2009251,-27.5789109992244,0.0 -50.2009141,-27.5789177992244,0.0 -50.2008974,-27.5789305992244,0.0 -50.200886,-27.5789411992244,0.0 -50.2008746,-27.5789531992244,0.0 -50.2008633,-27.5789662992244,0.0 -50.2008524,-27.5789803992244,0.0 -50.2008421,-27.5789950992244,0.0 -50.2008324,-27.5790101992244,0.0 -50.2008234,-27.5790256992244,0.0 -50.2008151,-27.5790413992244,0.0 -50.2008076,-27.5790569992244,0.0 -50.2008012,-27.5790727992244,0.0 -50.2007958,-27.5790886992244,0.0 -50.2007937,-27.5790967992244,0.0 -50.2007919,-27.5791048992244,0.0 -50.2007894,-27.5791214992244,0.0 -50.2007879,-27.5791466992244,0.0 -50.2007888,-27.5791803992244,0.0 -50.2007916,-27.5792140992244,0.0 -50.2007975,-27.5792602992244,0.0 -50.2008057,-27.5793103992244,0.0 -50.2008115,-27.5793393992244,0.0 -50.2008157,-27.5793574992244,0.0 -50.2008248,-27.5793902992244,0.0 -50.2008325,-27.5794122992244,0.0 -50.2008429,-27.5794355992244,0.0 -50.2008524,-27.5794540992244,0.0 -50.2008713,-27.5794879992244,0.0 -50.2009108,-27.5795551992244,0.0 -50.2009629,-27.5796420992244,0.0 -50.2010127,-27.5797232992244,0.0 -50.2010522,-27.5797865992244,0.0 -50.2010843,-27.5798361992244,0.0 -50.2011084,-27.5798711992244,0.0 -50.2012543,-27.5800757992244,0.0 -50.2013179,-27.5801676992244,0.0 -50.2013493,-27.5802148992244,0.0 -50.2013722,-27.5802509992244,0.0 -50.2013936,-27.5802863992244,0.0 -50.2014125,-27.5803193992244,0.0 -50.2014282,-27.5803484992244,0.0 -50.2014366,-27.5803653992244,0.0 -50.2014431,-27.5803805992244,0.0 -50.2014456,-27.5803875992244,0.0 -50.2014489,-27.5804004992244,0.0 -50.2014504,-27.5804121992244,0.0 -50.20145,-27.5804281992244,0.0 -50.2014453,-27.5804629992244,0.0 -50.2014397,-27.5804924992244,0.0 -50.2014353,-27.5805077992244,0.0 -50.201431,-27.5805183992244,0.0 -50.2014254,-27.5805294992244,0.0 -50.2014189,-27.5805406992244,0.0 -50.2014117,-27.5805512992244,0.0 -50.2014007,-27.5805651992244,0.0 -50.2013934,-27.5805727992244,0.0 -50.2013818,-27.5805830992244,0.0 -50.2013634,-27.5805970992244,0.0 -50.2013333,-27.5806186992244,0.0 -50.2013205,-27.5806273992244,0.0 -50.201308,-27.5806345992244,0.0 -50.2012939,-27.5806410992244,0.0 -50.2012773,-27.5806470992244,0.0 -50.201247,-27.5806566992244,0.0 -50.2012284,-27.5806618992244,0.0 -50.2012155,-27.5806647992244,0.0 -50.201202,-27.5806667992244,0.0 -50.2011874,-27.5806679992244,0.0 -50.2011709,-27.5806682992244,0.0 -50.2011288,-27.5806674992244,0.0 -50.2009741,-27.5806624992244,0.0 -50.2009267,-27.5806616992244,0.0 -50.2008639,-27.5806628992244,0.0 -50.2007947,-27.5806659992244,0.0 -50.2007591,-27.5806684992244,0.0 -50.2007352,-27.5806707992244,0.0 -50.2007122,-27.5806738992244,0.0 -50.2006968,-27.5806767992244,0.0 -50.2006811,-27.5806804992244,0.0 -50.200665,-27.5806851992244,0.0 -50.2006487,-27.5806909992244,0.0 -50.2006326,-27.5806978992244,0.0 -50.2006168,-27.5807058992244,0.0 -50.2006018,-27.5807149992244,0.0 -50.2005872,-27.5807252992244,0.0 -50.20058,-27.5807309992244,0.0 -50.2005656,-27.5807433992244,0.0 -50.2005436,-27.5807650992244,0.0 -50.200522,-27.5807886992244,0.0 -50.2004971,-27.5808179992244,0.0 -50.2004827,-27.5808364992244,0.0 -50.2004712,-27.5808540992244,0.0 -50.2004647,-27.5808664992244,0.0 -50.2004591,-27.5808797992244,0.0 -50.2004545,-27.5808937992244,0.0 -50.200451,-27.5809083992244,0.0 -50.2004488,-27.5809231992244,0.0 -50.2004479,-27.5809380992244,0.0 -50.2004479,-27.5809590992244,0.0 -50.2004499,-27.5809918992244,0.0 -50.2004525,-27.5810082992244,0.0 -50.2004574,-27.5810240992244,0.0 -50.2004684,-27.5810501992244,0.0 -50.2004783,-27.5810707992244,0.0 -50.2004875,-27.5810885992244,0.0 -50.2005232,-27.5811522992244,0.0 -50.2005423,-27.5811841992244,0.0 -50.2005648,-27.5812176992244,0.0 -50.2005892,-27.5812508992244,0.0 -50.200617,-27.5812868992244,0.0 -50.2006387,-27.5813139992244,0.0 -50.2006647,-27.5813454992244,0.0 -50.2008279,-27.5815388992244,0.0 -50.2008524,-27.5815664992244,0.0 -50.2009012,-27.5816200992244,0.0 -50.2009344,-27.5816591992244,0.0 -50.2010029,-27.5817438992244,0.0 -50.2010152,-27.5817607992244,0.0 -50.2010207,-27.5817692992244,0.0 -50.2010306,-27.5817869992244,0.0 -50.2010349,-27.5817960992244,0.0 -50.2010422,-27.5818145992244,0.0 -50.2010453,-27.5818237992244,0.0 -50.20105,-27.5818420992244,0.0 -50.2010517,-27.5818509992244,0.0 -50.2010539,-27.5818681992244,0.0 -50.2010546,-27.5818843992244,0.0 -50.2010539,-27.5818997992244,0.0 -50.2010522,-27.5819143992244,0.0 -50.2010496,-27.5819282992244,0.0 -50.2010424,-27.5819553992244,0.0 -50.2010357,-27.5819761992244,0.0 -50.201028,-27.5819977992244,0.0 -50.2010191,-27.5820197992244,0.0 -50.2010122,-27.5820343992244,0.0 -50.2010043,-27.5820487992244,0.0 -50.2009945,-27.5820631992244,0.0 -50.2009822,-27.5820776992244,0.0 -50.2009667,-27.5820924992244,0.0 -50.2009485,-27.5821073992244,0.0 -50.2009288,-27.5821218992244,0.0 -50.2009,-27.5821414992244,0.0 -50.2008671,-27.5821623992244,0.0 -50.2008435,-27.5821757992244,0.0 -50.2008263,-27.5821847992244,0.0 -50.200807,-27.5821942992244,0.0 -50.2007722,-27.5822103992244,0.0 -50.2007285,-27.5822297992244,0.0 -50.2006772,-27.5822517992244,0.0 -50.200626,-27.5822726992244,0.0 -50.2005957,-27.5822841992244,0.0 -50.2005569,-27.5822973992244,0.0 -50.2005331,-27.5823044992244,0.0 -50.2004961,-27.5823148992244,0.0 -50.2003203,-27.5823624992244,0.0 -50.2002641,-27.5823766992244,0.0 -50.2002264,-27.5823854992244,0.0 -50.2001707,-27.5823969992244,0.0 -50.2001016,-27.5824093992244,0.0 -50.2000013,-27.5824249992244,0.0 -50.1999187,-27.5824387992244,0.0 -50.1998981,-27.5824415992244,0.0 -50.199879,-27.5824433992244,0.0 -50.1998612,-27.5824443992244,0.0 -50.1998112,-27.5824457992244,0.0 -50.1997067,-27.5824499992243,0.0 -50.1995923,-27.5824496992244,0.0 -50.1995648,-27.5824484992244,0.0 -50.19952,-27.5824450992244,0.0 -50.1994455,-27.5824384992244,0.0 -50.1994175,-27.5824348992244,0.0 -50.199399,-27.5824314992244,0.0 -50.19938,-27.5824270992244,0.0 -50.1992494,-27.5823924992244,0.0 -50.1992105,-27.5823814992244,0.0 -50.1991767,-27.5823705992244,0.0 -50.1991601,-27.5823644992244,0.0 -50.1991345,-27.5823543992244,0.0 -50.1990793,-27.5823306992244,0.0 -50.1990291,-27.5823077992244,0.0 -50.1989418,-27.5822662992244,0.0 -50.1989143,-27.5822539992244,0.0 -50.1988909,-27.5822449992244,0.0 -50.1988722,-27.5822386992244,0.0 -50.1988492,-27.5822319992244,0.0 -50.1988299,-27.5822269992244,0.0 -50.1987814,-27.5822158992244,0.0 -50.1987304,-27.5822058992244,0.0 -50.1987081,-27.5822023992244,0.0 -50.1986878,-27.5821998992244,0.0 -50.1986686,-27.5821981992244,0.0 -50.1986496,-27.5821969992244,0.0 -50.1986204,-27.5821961992244,0.0 -50.1986012,-27.5821962992244,0.0 -50.1985833,-27.5821969992244,0.0 -50.1985673,-27.5821984992244,0.0 -50.1985534,-27.5822009992244,0.0 -50.1985405,-27.5822047992243,0.0 -50.1985343,-27.5822073992244,0.0 -50.1985215,-27.5822138992244,0.0 -50.198508,-27.5822224992244,0.0 -50.1984943,-27.5822324992244,0.0 -50.1984809,-27.5822429992244,0.0 -50.1984633,-27.5822579992244,0.0 -50.1984538,-27.5822666992244,0.0 -50.198446,-27.5822747992244,0.0 -50.1984398,-27.5822823992244,0.0 -50.1984351,-27.5822898992244,0.0 -50.1984317,-27.5822976992244,0.0 -50.1984293,-27.5823066992244,0.0 -50.1984278,-27.5823175992244,0.0 -50.1984268,-27.5823310992244,0.0 -50.1984264,-27.5823469992244,0.0 -50.1984265,-27.5823642992244,0.0 -50.1984274,-27.5823819992243,0.0 -50.198429,-27.5823989992244,0.0 -50.1984328,-27.5824227992244,0.0 -50.1984545,-27.5825300992244,0.0 -50.1984634,-27.5825682992244,0.0 -50.1984735,-27.5826055992244,0.0 -50.1984816,-27.5826318992244,0.0 -50.19852,-27.5827502992244,0.0 -50.1985605,-27.5828673992243,0.0 -50.1985853,-27.5829357992244,0.0 -50.1985918,-27.5829566992243,0.0 -50.1986026,-27.5829952992243,0.0 -50.1986175,-27.5830399992243,0.0 -50.1986239,-27.5830645992243,0.0 -50.1986298,-27.5830925992243,0.0 -50.1986383,-27.5831381992243,0.0 -50.1986435,-27.5831698992243,0.0 -50.1986462,-27.5831915992243,0.0 -50.1986484,-27.5832191992243,0.0 -50.1986506,-27.5832644992243,0.0 -50.1986512,-27.5833001992243,0.0 -50.1986511,-27.5833353992243,0.0 -50.1986532,-27.5833644992243,0.0 -50.1986519,-27.5833942992243,0.0 -50.1986383,-27.5834408992243,0.0 -50.1986186,-27.5834734992243,0.0 -50.1985873,-27.5835121992243,0.0 -50.1985281,-27.5835711992243,0.0 -50.1984816,-27.5836136992243,0.0 -50.1984027,-27.5836690992243,0.0 -50.1983034,-27.5837282992243,0.0 -50.1982199,-27.5837767992243,0.0 -50.1981861,-27.5837972992243,0.0 -50.1981504,-27.5838291992243,0.0 -50.1981195,-27.5838652992243,0.0 -50.1980911,-27.5839037992243,0.0 -50.1980774,-27.5839292992243,0.0 -50.1980631,-27.5839699992243,0.0 -50.1980585,-27.5840080992243,0.0 -50.19806,-27.5840525992243,0.0 -50.198072,-27.5840847992243,0.0 -50.1980907,-27.5841213992243,0.0 -50.1981276,-27.5841756992243,0.0 -50.1981555,-27.5842079992243,0.0 -50.1982059,-27.5842621992243,0.0 -50.19824,-27.5842939992243,0.0 -50.1982655,-27.5843164992243,0.0 -50.1982929,-27.5843362992243,0.0 -50.1983265,-27.5843566992243,0.0 -50.1983563,-27.5843715992243,0.0 -50.1984039,-27.5843897992243,0.0 -50.1984523,-27.5844004992243,0.0 -50.1985072,-27.5844111992243,0.0 -50.1985585,-27.5844222992243,0.0 -50.1985927,-27.5844290992243,0.0 -50.1986465,-27.5844347992243,0.0 -50.1986864,-27.5844388992243,0.0 -50.1987329,-27.5844380992243,0.0 -50.1988155,-27.5844357992243,0.0 -50.1988712,-27.5844317992243,0.0 -50.1989085,-27.5844248992243,0.0 -50.1989355,-27.5844141992243,0.0 -50.1989719,-27.5843968992243,0.0 -50.1990026,-27.5843828992243,0.0 -50.1990216,-27.5843699992243,0.0 -50.1990457,-27.5843428992243,0.0 -50.1990643,-27.5843032992243,0.0 -50.1990899,-27.5842394992243,0.0 -50.1990993,-27.5842013992243,0.0 -50.1991089,-27.5841445992243,0.0 -50.1991268,-27.5840448992243,0.0 -50.1991325,-27.5840122992243,0.0 -50.1991426,-27.5839719992243,0.0 -50.1991576,-27.5839268992243,0.0 -50.1991658,-27.5839016992243,0.0 -50.1991826,-27.5838669992243,0.0 -50.1992123,-27.5838223992243,0.0 -50.1992375,-27.5838017992243,0.0 -50.1992645,-27.5837888992243,0.0 -50.1993217,-27.5837662992243,0.0 -50.1993573,-27.5837533992243,0.0 -50.199402,-27.5837389992243,0.0 -50.1994647,-27.5837195992243,0.0 -50.1995193,-27.5837013992243,0.0 -50.1995548,-27.5836934992243,0.0 -50.1996179,-27.5836812992243,0.0 -50.1996742,-27.5836777992243,0.0 -50.1997428,-27.5836765992243,0.0 -50.1998058,-27.5836872992243,0.0 -50.1998442,-27.5836977992243,0.0 -50.1998704,-27.5837137992243,0.0 -50.1998959,-27.5837367992243,0.0 -50.1999153,-27.5837668992243,0.0 -50.1999255,-27.5837960992243,0.0 -50.1999332,-27.5838325992243,0.0 -50.1999365,-27.5838761992243,0.0 -50.199927,-27.5839174992243,0.0 -50.1999095,-27.5839753992243,0.0 -50.1998666,-27.5840720992243,0.0 -50.1998064,-27.5841916992243,0.0 -50.1997426,-27.5843078992243,0.0 -50.1997189,-27.5843528992243,0.0 -50.1996902,-27.5844315992243,0.0 -50.1996559,-27.5845272992243,0.0 -50.1996152,-27.5846439992243,0.0 -50.1995921,-27.5847048992243,0.0 -50.1995821,-27.5847417992243,0.0 -50.1995748,-27.5848157992243,0.0 -50.1995656,-27.5849010992243,0.0 -50.1995645,-27.5849658992243,0.0 -50.1995653,-27.5850219992243,0.0 -50.199574,-27.5850876992243,0.0 -50.1995828,-27.5851497992243,0.0 -50.1995884,-27.5852104992243,0.0 -50.1995954,-27.5852605992243,0.0 -50.1996085,-27.5853123992243,0.0 -50.1996283,-27.5853642992243,0.0 -50.1996464,-27.5854070992243,0.0 -50.199676,-27.5854551992243,0.0 -50.1997051,-27.5854955992243,0.0 -50.1997476,-27.5855483992243,0.0 -50.1997804,-27.5855779992243,0.0 -50.1998212,-27.5856136992243,0.0 -50.1998504,-27.5856355992243,0.0 -50.1998808,-27.5856559992243,0.0 -50.1999119,-27.5856724992243,0.0 -50.1999798,-27.5856991992243,0.0 -50.2000299,-27.5857146992243,0.0 -50.2000872,-27.5857296992243,0.0 -50.2001306,-27.5857397992243,0.0 -50.2001892,-27.5857531992243,0.0 -50.2002534,-27.5857666992243,0.0 -50.2002974,-27.5857706992243,0.0 -50.2003427,-27.5857720992243,0.0 -50.200391,-27.5857717992243,0.0 -50.2004707,-27.5857689992243,0.0 -50.200511,-27.5857681992243,0.0 -50.2005804,-27.5857680992243,0.0 -50.2006208,-27.5857704992243,0.0 -50.2006482,-27.5857793992243,0.0 -50.2006806,-27.5857882992243,0.0 -50.2007049,-27.5858036992243,0.0 -50.2007256,-27.5858260992243,0.0 -50.2007406,-27.5858571992243,0.0 -50.2007545,-27.5858841992243,0.0 -50.2007671,-27.5859158992243,0.0 -50.2007675,-27.5859441992243,0.0 -50.2007624,-27.5859757992243,0.0 -50.2007493,-27.5860039992243,0.0 -50.2007228,-27.5860353992243,0.0 -50.2006872,-27.5860580992243,0.0 -50.200643,-27.5860763992243,0.0 -50.2005203,-27.5861145992243,0.0 -50.2004186,-27.5861488992243,0.0 -50.2003105,-27.5861929992243,0.0 -50.2002001,-27.5862435992243,0.0 -50.2001028,-27.5862998992243,0.0 -50.2000033,-27.5863597992243,0.0 -50.1999005,-27.5864131992243,0.0 -50.1998367,-27.5864427992243,0.0 -50.1997962,-27.5864599992243,0.0 -50.1997576,-27.5864700992243,0.0 -50.1997013,-27.5864806992243,0.0 -50.1995712,-27.5864951992243,0.0 -50.1994874,-27.5864990992243,0.0 -50.1994244,-27.5865008992243,0.0 -50.1992751,-27.5864858992243,0.0 -50.199178,-27.5864689992243,0.0 -50.1990789,-27.5864498992243,0.0 -50.1989257,-27.5864108992243,0.0 -50.1988245,-27.5863860992243,0.0 -50.1987586,-27.5863758992243,0.0 -50.1986993,-27.5863684992243,0.0 -50.1986657,-27.5863682992243,0.0 -50.1986412,-27.5863697992243,0.0 -50.198613,-27.5863783992243,0.0 -50.1985836,-27.5863901992243,0.0 -50.1985664,-27.5864014992243,0.0 -50.1985485,-27.5864225992243,0.0 -50.198541,-27.5864443992243,0.0 -50.1985401,-27.5864724992243,0.0 -50.1985471,-27.5865154992243,0.0 -50.1985614,-27.5865710992243,0.0 -50.198594,-27.5866358992243,0.0 -50.198629,-27.5866948992243,0.0 -50.1986738,-27.5867571992243,0.0 -50.198709,-27.5868005992243,0.0 -50.1987605,-27.5868585992243,0.0 -50.1987823,-27.5868930992243,0.0 -50.1987985,-27.5869347992243,0.0 -50.1988189,-27.5869854992243,0.0 -50.1988405,-27.5870506992243,0.0 -50.1988572,-27.5871073992243,0.0 -50.1988679,-27.5871531992243,0.0 -50.1988754,-27.5872258992243,0.0 -50.1988863,-27.5873174992243,0.0 -50.1988985,-27.5874027992243,0.0 -50.1989032,-27.5874354992243,0.0 -50.1989079,-27.5874577992243,0.0 -50.1989222,-27.5875079992243,0.0 -50.198933,-27.5875403992243,0.0 -50.1989493,-27.5875790992243,0.0 -50.1989704,-27.5876107992243,0.0 -50.1989955,-27.5876284992243,0.0 -50.1990132,-27.5876366992243,0.0 -50.1990303,-27.5876427992243,0.0 -50.1990522,-27.5876483992243,0.0 -50.1990748,-27.5876522992243,0.0 -50.1990974,-27.5876545992243,0.0 -50.199125,-27.5876547992243,0.0 -50.1991674,-27.5876423992243,0.0 -50.1992042,-27.5876213992243,0.0 -50.1992767,-27.5875771992243,0.0 -50.1993267,-27.5875500992243,0.0 -50.199463,-27.5874773992243,0.0 -50.1995633,-27.5874227992243,0.0 -50.1996775,-27.5873677992243,0.0 -50.1997646,-27.5873263992243,0.0 -50.1998888,-27.5872653992243,0.0 -50.1999858,-27.5872240992243,0.0 -50.2000756,-27.5871807992243,0.0 -50.2001725,-27.5871306992243,0.0 -50.2002683,-27.5870822992243,0.0 -50.2003887,-27.5870255992243,0.0 -50.2005196,-27.5869662992243,0.0 -50.2006775,-27.5868853992243,0.0 -50.2008568,-27.5867974992243,0.0 -50.2009724,-27.5867331992243,0.0 -50.2011865,-27.5866247992243,0.0 -50.2013279,-27.5865529992243,0.0 -50.201445,-27.5864872992243,0.0 -50.2015064,-27.5864442992243,0.0 -50.2015806,-27.5863937992243,0.0 -50.2016375,-27.5863494992243,0.0 -50.2016989,-27.5863084992243,0.0 -50.201759,-27.5862722992243,0.0 -50.2018149,-27.5862412992243,0.0 -50.2018663,-27.5862108992243,0.0 -50.2019212,-27.5861697992243,0.0 -50.2019694,-27.5861426992243,0.0 -50.2019954,-27.5861298992243,0.0 -50.2020377,-27.5861134992243,0.0 -50.2020604,-27.5861058992243,0.0 -50.2020922,-27.5860999992243,0.0 -50.2021274,-27.5860937992243,0.0 -50.2021631,-27.5860885992243,0.0 -50.2021922,-27.5860884992243,0.0 -50.2022171,-27.5860888992243,0.0 -50.2022481,-27.5860910992243,0.0 -50.2022817,-27.5860959992243,0.0 -50.2023032,-27.5861021992243,0.0 -50.2023351,-27.5861111992243,0.0 -50.2023558,-27.5861217992243,0.0 -50.2023779,-27.5861444992243,0.0 -50.2023996,-27.5861805992243,0.0 -50.2024138,-27.5862077992243,0.0 -50.2024257,-27.5862357992243,0.0 -50.2024321,-27.5862863992243,0.0 -50.2024285,-27.5863162992243,0.0 -50.2024079,-27.5863923992243,0.0 -50.2023778,-27.5864737992243,0.0 -50.2023407,-27.5865432992243,0.0 -50.2023002,-27.5865900992243,0.0 -50.2022553,-27.5866227992243,0.0 -50.2021608,-27.5866627992243,0.0 -50.2021073,-27.5866863992243,0.0 -50.2020485,-27.5867159992243,0.0 -50.2019739,-27.5867624992243,0.0 -50.2019392,-27.5867996992243,0.0 -50.2018953,-27.5868650992243,0.0 -50.2018642,-27.5869105992243,0.0 -50.2018401,-27.5869592992243,0.0 -50.2017966,-27.5870643992243,0.0 -50.2017669,-27.5871360992243,0.0 -50.2017196,-27.5872445992243,0.0 -50.2016835,-27.5873096992243,0.0 -50.201638,-27.5873894992243,0.0 -50.2016166,-27.5874172992243,0.0 -50.2015743,-27.5874572992243,0.0 -50.2015366,-27.5874883992243,0.0 -50.2014521,-27.5875573992243,0.0 -50.2013791,-27.5876178992243,0.0 -50.2013094,-27.5876747992243,0.0 -50.2012596,-27.5877084992243,0.0 -50.2011999,-27.5877410992243,0.0 -50.2011305,-27.5877766992243,0.0 -50.2010306,-27.5878252992243,0.0 -50.2009546,-27.5878790992243,0.0 -50.2008823,-27.5879390992243,0.0 -50.2008104,-27.5880012992242,0.0 -50.2007181,-27.5880873992242,0.0 -50.200578,-27.5882146992242,0.0 -50.200482,-27.5882997992243,0.0 -50.2004085,-27.5883649992242,0.0 -50.2002649,-27.5885047992242,0.0 -50.2001445,-27.5886187992242,0.0 -50.2000871,-27.5886642992242,0.0 -50.1998607,-27.5888577992242,0.0 -50.1997301,-27.5889963992242,0.0 -50.1995654,-27.5891763992242,0.0 -50.1994768,-27.5893020992242,0.0 -50.19934,-27.5895216992242,0.0 -50.199269,-27.5896318992242,0.0 -50.1992239,-27.5896774992242,0.0 -50.1991507,-27.5897335992242,0.0 -50.1990938,-27.5897596992242,0.0 -50.1990505,-27.5897737992242,0.0 -50.1990208,-27.5897784992242,0.0 -50.1989695,-27.5897829992242,0.0 -50.1989222,-27.5897850992242,0.0 -50.1988629,-27.5897811992242,0.0 -50.1987968,-27.5897711992242,0.0 -50.1987794,-27.5897529992242,0.0 -50.1987447,-27.5897340992242,0.0 -50.1987258,-27.5897198992242,0.0 -50.198718,-27.5897036992242,0.0 -50.1987159,-27.5896713992242,0.0 -50.1987184,-27.5896461992242,0.0 -50.1987683,-27.5895636992242,0.0 -50.1988171,-27.5894904992242,0.0 -50.1988639,-27.5894076992242,0.0 -50.1989053,-27.5893317992242,0.0 -50.1989558,-27.5892472992242,0.0 -50.1989957,-27.5891883992242,0.0 -50.1990265,-27.5891448992242,0.0 -50.1990671,-27.5890812992242,0.0 -50.1991168,-27.5889967992242,0.0 -50.199162,-27.5889147992242,0.0 -50.1991833,-27.5888565992242,0.0 -50.1992302,-27.5887532992242,0.0 -50.1992386,-27.5887287992242,0.0 -50.1992448,-27.5886897992242,0.0 -50.1992511,-27.5886407992242,0.0 -50.1992462,-27.5885915992242,0.0 -50.1992354,-27.5885543992242,0.0 -50.1992178,-27.5885171992242,0.0 -50.1992016,-27.5884972992242,0.0 -50.1991816,-27.5884811992242,0.0 -50.1991274,-27.5884522992242,0.0 -50.1990851,-27.5884393992242,0.0 -50.1990234,-27.5884310992242,0.0 -50.1989863,-27.5884268992242,0.0 -50.1989327,-27.5884272992242,0.0 -50.1988784,-27.5884289992242,0.0 -50.1988277,-27.5884398992242,0.0 -50.1987554,-27.5884679992242,0.0 -50.1987053,-27.5884994992242,0.0 -50.1986402,-27.5885527992242,0.0 -50.1985405,-27.5886285992242,0.0 -50.1984971,-27.5886646992242,0.0 -50.1984738,-27.5886930992242,0.0 -50.1984422,-27.5887359992242,0.0 -50.1984126,-27.5888023992242,0.0 -50.198404,-27.5888539992242,0.0 -50.198405,-27.5889208992242,0.0 -50.1984102,-27.5890251992242,0.0 -50.1984245,-27.5891026992242,0.0 -50.1984477,-27.5891898992242,0.0 -50.1984732,-27.5892575992242,0.0 -50.1984995,-27.5893219992242,0.0 -50.1985252,-27.5893780992242,0.0 -50.1985427,-27.5894304992242,0.0 -50.1985479,-27.5895278992242,0.0 -50.1985357,-27.5895737992242,0.0 -50.1985174,-27.5896312992242,0.0 -50.1984903,-27.5896787992242,0.0 -50.1984588,-27.5897137992242,0.0 -50.1983607,-27.5897835992242,0.0 -50.1982719,-27.5898307992242,0.0 -50.1981615,-27.5898797992242,0.0 -50.1979926,-27.5899505992242,0.0 -50.197724,-27.5900563992242,0.0 -50.1975945,-27.5901181992242,0.0 -50.1974796,-27.5901671992242,0.0 -50.1973887,-27.5901944992242,0.0 -50.1972918,-27.5902243992242,0.0 -50.1972035,-27.5902410992242,0.0 -50.197147,-27.5902427992242,0.0 -50.1971002,-27.5902345992242,0.0 -50.1970266,-27.5902221992242,0.0 -50.1969331,-27.5901944992242,0.0 -50.196823,-27.5901366992242,0.0 -50.196786,-27.5901040992242,0.0 -50.1967551,-27.5900654992242,0.0 -50.1967338,-27.5900268992242,0.0 -50.1967075,-27.5899414992242,0.0 -50.1966941,-27.5898876992242,0.0 -50.1966827,-27.5898308992242,0.0 -50.1966871,-27.5897635992242,0.0 -50.196692,-27.5897244992242,0.0 -50.1966974,-27.5896988992242,0.0 -50.1967176,-27.5896373992242,0.0 -50.1967368,-27.5896088992242,0.0 -50.1967527,-27.5895966992242,0.0 -50.1967698,-27.5895862992242,0.0 -50.1967856,-27.5895805992242,0.0 -50.1968072,-27.5895783992242,0.0 -50.1968341,-27.5895778992242,0.0 -50.1968688,-27.5895850992242,0.0 -50.196893,-27.5895969992242,0.0 -50.1969093,-27.5896092992242,0.0 -50.1969307,-27.5896403992242,0.0 -50.1969468,-27.5896995992242,0.0 -50.1969652,-27.5897749992242,0.0 -50.1969793,-27.5898342992242,0.0 -50.1969902,-27.5898740992242,0.0 -50.1970024,-27.5898991992242,0.0 -50.1970331,-27.5899339992242,0.0 -50.19705,-27.5899521992242,0.0 -50.1970716,-27.5899645992242,0.0 -50.1970906,-27.5899693992242,0.0 -50.1971135,-27.5899711992242,0.0 -50.1971469,-27.5899708992242,0.0 -50.1971792,-27.5899639992242,0.0 -50.1972016,-27.5899565992242,0.0 -50.1972503,-27.5899287992242,0.0 -50.1973052,-27.5898857992242,0.0 -50.1973868,-27.5898360992242,0.0 -50.1974575,-27.5897942992242,0.0 -50.1974983,-27.5897728992242,0.0 -50.1975516,-27.5897480992242,0.0 -50.197605,-27.5897331992242,0.0 -50.1976733,-27.5897160992242,0.0 -50.1977372,-27.5897011992242,0.0 -50.1977943,-27.5896909992242,0.0 -50.1978206,-27.5896881992242,0.0 -50.1978672,-27.5896802992242,0.0 -50.1979165,-27.5896688992242,0.0 -50.1979317,-27.5896601992242,0.0 -50.1979488,-27.5896550992242,0.0 -50.197962,-27.5896387992242,0.0 -50.1979746,-27.5896247992242,0.0 -50.1979845,-27.5896108992242,0.0 -50.1979912,-27.5895945992242,0.0 -50.197994,-27.5895717992242,0.0 -50.1979921,-27.5895548992242,0.0 -50.1979792,-27.5895325992242,0.0 -50.1979695,-27.5895173992242,0.0 -50.1979577,-27.5895038992242,0.0 -50.1979355,-27.5894908992242,0.0 -50.1979061,-27.5894819992242,0.0 -50.1978504,-27.5894757992242,0.0 -50.1976758,-27.5894723992242,0.0 -50.197561,-27.5894681992242,0.0 -50.1974168,-27.5894679992242,0.0 -50.1972937,-27.5894712992242,0.0 -50.1972413,-27.5894663992242,0.0 -50.1971385,-27.5894376992242,0.0 -50.1970482,-27.5894097992242,0.0 -50.1969826,-27.5893798992242,0.0 -50.1969402,-27.5893562992242,0.0 -50.196888,-27.5893104992242,0.0 -50.1968046,-27.5892238992242,0.0 -50.1967482,-27.5891406992242,0.0 -50.1967087,-27.5890609992242,0.0 -50.1966861,-27.5889968992242,0.0 -50.1966671,-27.5889074992242,0.0 -50.1966715,-27.5888441992242,0.0 -50.1966786,-27.5887676992242,0.0 -50.1966844,-27.5886873992242,0.0 -50.1966715,-27.5885676992242,0.0 -50.1966599,-27.5884315992242,0.0 -50.1966504,-27.5883906992242,0.0 -50.1966369,-27.5883566992242,0.0 -50.1966174,-27.5883297992242,0.0 -50.1966018,-27.5883144992242,0.0 -50.1965737,-27.5882956992242,0.0 -50.1965482,-27.5882855992242,0.0 -50.1965083,-27.5882742992242,0.0 -50.1964625,-27.5882640992242,0.0 -50.1964257,-27.5882620992243,0.0 -50.196391,-27.5882665992242,0.0 -50.1963292,-27.5882842992242,0.0 -50.1962548,-27.5883171992242,0.0 -50.1961664,-27.5883669992242,0.0 -50.1961123,-27.5884063992242,0.0 -50.1960291,-27.5884788992242,0.0 -50.1959377,-27.5885597992242,0.0 -50.1958333,-27.5886689992242,0.0 -50.1956752,-27.5888248992242,0.0 -50.1954866,-27.5890423992242,0.0 -50.1953481,-27.5892164992242,0.0 -50.1952362,-27.5893487992242,0.0 -50.1951675,-27.5894108992242,0.0 -50.1949918,-27.5895561992242,0.0 -50.1949205,-27.5896170992242,0.0 -50.1948735,-27.5896722992242,0.0 -50.194858,-27.5897023992242,0.0 -50.1948506,-27.5897332992242,0.0 -50.1948465,-27.5897542992242,0.0 -50.1948457,-27.5897752992242,0.0 -50.1948469,-27.5897986992242,0.0 -50.1948565,-27.5898226992242,0.0 -50.1948629,-27.5898413992242,0.0 -50.1948796,-27.5898628992242,0.0 -50.1950007,-27.5899574992242,0.0 -50.1951272,-27.5900504992242,0.0 -50.19525,-27.5901512992242,0.0 -50.1952696,-27.5901718992242,0.0 -50.1952963,-27.5901976992242,0.0 -50.1953086,-27.5902193992242,0.0 -50.1953169,-27.5902450992242,0.0 -50.1953122,-27.5902692992242,0.0 -50.1953053,-27.5903042992242,0.0 -50.1952966,-27.5903351992242,0.0 -50.195278,-27.5903659992242,0.0 -50.1952542,-27.5903903992242,0.0 -50.1952226,-27.5904152992242,0.0 -50.1951341,-27.5904682992242,0.0 -50.1950426,-27.5905156992242,0.0 -50.1949979,-27.5905328992242,0.0 -50.1949643,-27.5905431992242,0.0 -50.1948921,-27.5905585992242,0.0 -50.1948053,-27.5905685992242,0.0 -50.1946748,-27.5905754992242,0.0 -50.1945973,-27.5905737992242,0.0 -50.1945277,-27.5905780992242,0.0 -50.1944896,-27.5905854992242,0.0 -50.1944489,-27.5905945992242,0.0 -50.1944021,-27.5906199992242,0.0 -50.1943476,-27.5906794992242,0.0 -50.1943171,-27.5907218992242,0.0 -50.1943031,-27.5907515992242,0.0 -50.1942996,-27.5907801992242,0.0 -50.1943007,-27.5908122992242,0.0 -50.1943097,-27.5908331992242,0.0 -50.1943299,-27.5908542992242,0.0 -50.1943769,-27.5908813992242,0.0 -50.1944273,-27.5909009992242,0.0 -50.194515,-27.5909253992242,0.0 -50.1945676,-27.5909356992242,0.0 -50.1946233,-27.5909435992242,0.0 -50.1946705,-27.5909543992242,0.0 -50.194696,-27.5909626992242,0.0 -50.1947535,-27.5909927992242,0.0 -50.1947828,-27.5910209992242,0.0 -50.194795,-27.5910467992242,0.0 -50.1948055,-27.5910745992242,0.0 -50.1948071,-27.5911177992242,0.0 -50.1948016,-27.5911580992242,0.0 -50.1947817,-27.5911876992242,0.0 -50.194754,-27.5912143992242,0.0 -50.1947118,-27.5912398992242,0.0 -50.1945537,-27.5913263992242,0.0 -50.194468,-27.5913777992242,0.0 -50.1943427,-27.5914578992242,0.0 -50.1942365,-27.5915325992242,0.0 -50.1941461,-27.5915888992242,0.0 -50.1940961,-27.5916142992242,0.0 -50.1940507,-27.5916308992242,0.0 -50.1940124,-27.5916361992242,0.0 -50.1939501,-27.5916427992242,0.0 -50.1939225,-27.5916513992242,0.0 -50.1938744,-27.5916715992242,0.0 -50.1938422,-27.5916917992242,0.0 -50.1937871,-27.5917295992242,0.0 -50.1937257,-27.5917805992242,0.0 -50.1936471,-27.5918519992242,0.0 -50.1935752,-27.5919186992242,0.0 -50.1935374,-27.5919630992242,0.0 -50.1935187,-27.5920055992242,0.0 -50.193503,-27.5920857992242,0.0 -50.1935018,-27.5921523992242,0.0 -50.1935194,-27.5922548992242,0.0 -50.1935587,-27.5924454992242,0.0 -50.1935784,-27.5925365992242,0.0 -50.1936201,-27.5926739992242,0.0 -50.1936457,-27.5927650992242,0.0 -50.1936622,-27.5928416992242,0.0 -50.1936774,-27.5929187992242,0.0 -50.1936837,-27.5929433992242,0.0 -50.1936966,-27.5929743992242,0.0 -50.1937336,-27.5930491992242,0.0 -50.1937654,-27.5930954992242,0.0 -50.1938227,-27.5931536992241,0.0 -50.1939185,-27.5932513992242,0.0 -50.1939797,-27.5933060992241,0.0 -50.1940608,-27.5933697992242,0.0 -50.1941058,-27.5934015992242,0.0 -50.1941953,-27.5934612992242,0.0 -50.1942358,-27.5934889992241,0.0 -50.1942547,-27.5935059992242,0.0 -50.1942755,-27.5935294992242,0.0 -50.194293,-27.5935604992241,0.0 -50.1943011,-27.5935910992242,0.0 -50.1943055,-27.5936176992241,0.0 -50.1943033,-27.5936594992242,0.0 -50.1942963,-27.5936864992241,0.0 -50.194273,-27.5937181992241,0.0 -50.1942272,-27.5937526992241,0.0 -50.1941713,-27.5937858992241,0.0 -50.1941252,-27.5938052992241,0.0 -50.1940685,-27.5938286992241,0.0 -50.1939738,-27.5938597992241,0.0 -50.1939236,-27.5938671992241,0.0 -50.1938551,-27.5938737992241,0.0 -50.1937843,-27.5938708992241,0.0 -50.1937119,-27.5938606992241,0.0 -50.1935939,-27.5938431992241,0.0 -50.1935103,-27.5938377992241,0.0 -50.1933781,-27.5938349992241,0.0 -50.1932176,-27.5938369992241,0.0 -50.1931145,-27.5938371992241,0.0 -50.1930424,-27.5938342992241,0.0 -50.1929414,-27.5938348992241,0.0 -50.1928572,-27.5938363992241,0.0 -50.1927594,-27.5938284992241,0.0 -50.1926937,-27.5938137992241,0.0 -50.1926321,-27.5937924992241,0.0 -50.1925955,-27.5937746992241,0.0 -50.192553,-27.5937387992242,0.0 -50.1925366,-27.5937090992241,0.0 -50.1925263,-27.5936672992241,0.0 -50.1925211,-27.5936303992241,0.0 -50.1925226,-27.5935937992242,0.0 -50.1925284,-27.5935552992241,0.0 -50.1925407,-27.5935159992242,0.0 -50.192556,-27.5934889992241,0.0 -50.1925863,-27.5934424992242,0.0 -50.1926159,-27.5934111992241,0.0 -50.1926762,-27.5933543992242,0.0 -50.1927414,-27.5932998992241,0.0 -50.1928163,-27.5932474992242,0.0 -50.1928819,-27.5932076992242,0.0 -50.1929664,-27.5931622992242,0.0 -50.1930104,-27.5931382992242,0.0 -50.1930542,-27.5931123992242,0.0 -50.1930885,-27.5930874992242,0.0 -50.1931311,-27.5930540992242,0.0 -50.1931557,-27.5930287992242,0.0 -50.1931798,-27.5930047992242,0.0 -50.1932029,-27.5929794992242,0.0 -50.1932323,-27.5929373992242,0.0 -50.1932602,-27.5928879992242,0.0 -50.1932835,-27.5928438992242,0.0 -50.1932957,-27.5928081992242,0.0 -50.1933042,-27.5927808992242,0.0 -50.1933147,-27.5927373992242,0.0 -50.1933181,-27.5927123992242,0.0 -50.1933183,-27.5926770992242,0.0 -50.1933149,-27.5926500992242,0.0 -50.1933009,-27.5926061992242,0.0 -50.1932782,-27.5925612992242,0.0 -50.19325,-27.5925246992242,0.0 -50.193213,-27.5924912992242,0.0 -50.1931192,-27.5924176992242,0.0 -50.1930758,-27.5923887992242,0.0 -50.1930327,-27.5923627992242,0.0 -50.192987,-27.5923362992242,0.0 -50.1929088,-27.5923115992242,0.0 -50.1928781,-27.5923019992242,0.0 -50.1928345,-27.5922930992242,0.0 -50.1927706,-27.5922885992242,0.0 -50.1927375,-27.5922892992242,0.0 -50.1926646,-27.5922969992242,0.0 -50.1926199,-27.5923098992242,0.0 -50.1925784,-27.5923304992242,0.0 -50.1925479,-27.5923499992242,0.0 -50.1925183,-27.5923722992242,0.0 -50.1924847,-27.5924049992242,0.0 -50.1924629,-27.5924327992242,0.0 -50.1924327,-27.5924775992242,0.0 -50.1924209,-27.5925194992242,0.0 -50.1924196,-27.5925665992242,0.0 -50.1924256,-27.5926271992242,0.0 -50.1924347,-27.5926925992242,0.0 -50.192447,-27.5927769992242,0.0 -50.1924666,-27.5928545992242,0.0 -50.1924791,-27.5929117992242,0.0 -50.1924871,-27.5929571992242,0.0 -50.1924891,-27.5929928992242,0.0 -50.1924861,-27.5930265992242,0.0 -50.1924772,-27.5930539992242,0.0 -50.1924679,-27.5930739992242,0.0 -50.1924479,-27.5930947992242,0.0 -50.192422,-27.5931183992242,0.0 -50.1923771,-27.5931485992242,0.0 -50.1923324,-27.5931691992242,0.0 -50.1923019,-27.5931808992242,0.0 -50.1922499,-27.5931878992242,0.0 -50.192103,-27.5932103992242,0.0 -50.1920045,-27.5932298992242,0.0 -50.1918808,-27.5932579992242,0.0 -50.1917417,-27.5932886992241,0.0 -50.191619,-27.5933104992242,0.0 -50.1915477,-27.5933223992241,0.0 -50.1914984,-27.5933404992242,0.0 -50.191449,-27.5933655992241,0.0 -50.1913627,-27.5934315992241,0.0 -50.1913165,-27.5934611992242,0.0 -50.1912338,-27.5935128992241,0.0 -50.1911881,-27.5935379992241,0.0 -50.1911267,-27.5935687992241,0.0 -50.1910851,-27.5935995992241,0.0 -50.1910655,-27.5936242992241,0.0 -50.1910529,-27.5936479992241,0.0 -50.1910404,-27.5936695992241,0.0 -50.1910365,-27.5936908992241,0.0 -50.1910381,-27.5937274992241,0.0 -50.1910489,-27.5937536992241,0.0 -50.1910675,-27.5937922992241,0.0 -50.1911075,-27.5938548992241,0.0 -50.1911421,-27.5939021992241,0.0 -50.191174,-27.5939438992241,0.0 -50.1911996,-27.5939747992241,0.0 -50.1912233,-27.5939981992241,0.0 -50.1912649,-27.5940337992241,0.0 -50.1913046,-27.5940814992241,0.0 -50.1913283,-27.5941083992241,0.0 -50.1913671,-27.5941511992241,0.0 -50.1913917,-27.5941787992241,0.0 -50.1914343,-27.5942060992241,0.0 -50.1914714,-27.5942259992241,0.0 -50.1914943,-27.5942428992241,0.0 -50.1915088,-27.5942642992241,0.0 -50.1915143,-27.5942791992241,0.0 -50.1915173,-27.5943098992241,0.0 -50.1915138,-27.5943429992241,0.0 -50.1915058,-27.5943740992241,0.0 -50.1914816,-27.5944039992241,0.0 -50.1914506,-27.5944328992241,0.0 -50.191396,-27.5944857992241,0.0 -50.1913131,-27.5945444992241,0.0 -50.1912517,-27.5945809992241,0.0 -50.191175,-27.5946394992241,0.0 -50.1911128,-27.5947016992241,0.0 -50.1910673,-27.5947586992241,0.0 -50.1910186,-27.5948222992241,0.0 -50.1909831,-27.5948815992241,0.0 -50.1909551,-27.5949444992241,0.0 -50.1909353,-27.5950031992241,0.0 -50.1909126,-27.5950869992241,0.0 -50.1909109,-27.5951327992241,0.0 -50.1909125,-27.5952104992241,0.0 -50.1909225,-27.5952874992241,0.0 -50.1909435,-27.5953781992241,0.0 -50.1909451,-27.5954166992241,0.0 -50.1909372,-27.5955461992241,0.0 -50.1909292,-27.5956331992241,0.0 -50.1909256,-27.5956814992241,0.0 -50.1909331,-27.5957271992241,0.0 -50.190952,-27.5957779992241,0.0 -50.1909956,-27.5958515992241,0.0 -50.1911224,-27.5960085992241,0.0 -50.1911937,-27.5960857992241,0.0 -50.191294,-27.5961943992241,0.0 -50.1914119,-27.5963205992241,0.0 -50.1915195,-27.5964136992241,0.0 -50.1916057,-27.5964849992241,0.0 -50.1916917,-27.5965554992241,0.0 -50.1918029,-27.5966326992241,0.0 -50.191861,-27.5966665992241,0.0 -50.1919248,-27.5967021992241,0.0 -50.1919936,-27.5967299992241,0.0 -50.1920332,-27.5967402992241,0.0 -50.1921284,-27.5967609992241,0.0 -50.1922674,-27.5967835992241,0.0 -50.1923667,-27.5967993992241,0.0 -50.1924474,-27.5968181992241,0.0 -50.1924938,-27.5968301992241,0.0 -50.1925231,-27.5968443992241,0.0 -50.1925374,-27.5968594992241,0.0 -50.1925535,-27.5968869992241,0.0 -50.1925658,-27.5969334992241,0.0 -50.1925661,-27.5969731992241,0.0 -50.1925596,-27.5970119992241,0.0 -50.1925548,-27.5970654992241,0.0 -50.1925533,-27.5970939992241,0.0 -50.1925594,-27.5971269992241,0.0 -50.1925717,-27.5971493992241,0.0 -50.1925936,-27.5971628992241,0.0 -50.1926346,-27.5971792992241,0.0 -50.1926727,-27.5971902992241,0.0 -50.1927288,-27.5972030992241,0.0 -50.1927899,-27.5972141992241,0.0 -50.1928389,-27.5972287992241,0.0 -50.1929141,-27.5972667992241,0.0 -50.1929841,-27.5973020992241,0.0 -50.193039,-27.5973425992241,0.0 -50.1930767,-27.5973883992241,0.0 -50.1931284,-27.5974665992241,0.0 -50.1931421,-27.5975112992241,0.0 -50.1931477,-27.5975693992241,0.0 -50.1931522,-27.5976366992241,0.0 -50.1931489,-27.5976884992241,0.0 -50.1931385,-27.5977330992241,0.0 -50.1931182,-27.5977606992241,0.0 -50.193083,-27.5977747992241,0.0 -50.1930268,-27.5977917992241,0.0 -50.1929754,-27.5978128992241,0.0 -50.1929111,-27.5978312992241,0.0 -50.1928398,-27.5978389992241,0.0 -50.1927596,-27.5978384992241,0.0 -50.1926863,-27.5978344992241,0.0 -50.1926412,-27.5978359992241,0.0 -50.192602,-27.5978446992241,0.0 -50.1925858,-27.5978624992241,0.0 -50.1925746,-27.5978820992241,0.0 -50.1925644,-27.5979096992241,0.0 -50.1925567,-27.5979546992241,0.0 -50.1925544,-27.5980010992241,0.0 -50.1925592,-27.5980341992241,0.0 -50.192566,-27.5980645992241,0.0 -50.1925778,-27.5980950992241,0.0 -50.1926027,-27.5981246992241,0.0 -50.1926325,-27.5981524992241,0.0 -50.1926595,-27.5981758992241,0.0 -50.1926855,-27.5981885992241,0.0 -50.1927225,-27.5981994992241,0.0 -50.1927836,-27.5982167992241,0.0 -50.1928297,-27.5982297992241,0.0 -50.1928687,-27.5982451992241,0.0 -50.1929026,-27.5982757992241,0.0 -50.1929665,-27.5983290992241,0.0 -50.1930184,-27.5983614992241,0.0 -50.1930714,-27.5983876992241,0.0 -50.1931084,-27.5984066992241,0.0 -50.1931596,-27.5984473992241,0.0 -50.1932003,-27.5984940992241,0.0 -50.1932451,-27.5985505992241,0.0 -50.1932898,-27.5986135992241,0.0 -50.1933214,-27.5986932992241,0.0 -50.193347,-27.5987634992241,0.0 -50.1933791,-27.598911899224,0.0 -50.193383,-27.599063199224,0.0 -50.1933699,-27.599202799224,0.0 -50.1933769,-27.599338599224,0.0 -50.1933928,-27.599503599224,0.0 -50.1934032,-27.599590299224,0.0 -50.1934159,-27.599639499224,0.0 -50.1934375,-27.599701199224,0.0 -50.1934849,-27.599809099224,0.0 -50.1935682,-27.599948099224,0.0 -50.1936,-27.600007599224,0.0 -50.1936415,-27.600091799224,0.0 -50.1936791,-27.600170599224,0.0 -50.1937268,-27.600246299224,0.0 -50.1937576,-27.600288399224,0.0 -50.1937934,-27.600329699224,0.0 -50.1938262,-27.600370099224,0.0 -50.193842,-27.600400599224,0.0 -50.1938548,-27.600430099224,0.0 -50.1938615,-27.600483199224,0.0 -50.1938591,-27.600534099224,0.0 -50.1938518,-27.600581399224,0.0 -50.1938294,-27.600624099224,0.0 -50.1938001,-27.600652599224,0.0 -50.1937486,-27.600692899224,0.0 -50.1937043,-27.600717599224,0.0 -50.1936248,-27.600754699224,0.0 -50.193484,-27.600796699224,0.0 -50.1931871,-27.600871399224,0.0 -50.1930645,-27.600899299224,0.0 -50.1929469,-27.600932499224,0.0 -50.1927926,-27.600988099224,0.0 -50.192695,-27.601030399224,0.0 -50.1925823,-27.601076199224,0.0 -50.1925159,-27.601098199224,0.0 -50.1924436,-27.601105799224,0.0 -50.192362,-27.601107999224,0.0 -50.1922949,-27.601101299224,0.0 -50.1922438,-27.601091199224,0.0 -50.1922027,-27.601081999224,0.0 -50.1921477,-27.601060299224,0.0 -50.1921247,-27.601043199224,0.0 -50.1920912,-27.601023999224,0.0 -50.1920583,-27.601000599224,0.0 -50.1920344,-27.600967399224,0.0 -50.1920158,-27.600915499224,0.0 -50.1920201,-27.600863699224,0.0 -50.1920447,-27.600803699224,0.0 -50.1920751,-27.600763599224,0.0 -50.1921236,-27.600720999224,0.0 -50.1922193,-27.600662599224,0.0 -50.1923173,-27.600615599224,0.0 -50.1923959,-27.600576699224,0.0 -50.1924694,-27.600544099224,0.0 -50.1925449,-27.600505199224,0.0 -50.1926195,-27.600460099224,0.0 -50.1926692,-27.600412699224,0.0 -50.1926986,-27.600381599224,0.0 -50.1927148,-27.600354899224,0.0 -50.192723,-27.600337099224,0.0 -50.1927252,-27.600311199224,0.0 -50.1927254,-27.600284399224,0.0 -50.1927205,-27.600268299224,0.0 -50.1927025,-27.600252099224,0.0 -50.1926735,-27.600241199224,0.0 -50.1926154,-27.600232799224,0.0 -50.1925602,-27.600232499224,0.0 -50.1925,-27.600239299224,0.0 -50.1924637,-27.600252499224,0.0 -50.1924104,-27.600278999224,0.0 -50.1923254,-27.600323999224,0.0 -50.1922751,-27.600350499224,0.0 -50.1922298,-27.600367199224,0.0 -50.1921886,-27.600379499224,0.0 -50.1921263,-27.600388099224,0.0 -50.1919705,-27.600391599224,0.0 -50.1918973,-27.600387599224,0.0 -50.1917459,-27.600375999224,0.0 -50.1916381,-27.600363099224,0.0 -50.1915567,-27.600347599224,0.0 -50.1914547,-27.600318099224,0.0 -50.1913846,-27.600295799224,0.0 -50.1913207,-27.600274699224,0.0 -50.1912698,-27.600262499224,0.0 -50.1912277,-27.600254699224,0.0 -50.1912016,-27.600254599224,0.0 -50.1911735,-27.600258799224,0.0 -50.1911305,-27.600269799224,0.0 -50.1910973,-27.600281499224,0.0 -50.1910634,-27.600305799224,0.0 -50.1910393,-27.600338799224,0.0 -50.1910233,-27.600370299224,0.0 -50.1910118,-27.600404099224,0.0 -50.191006,-27.600434699224,0.0 -50.1910162,-27.600487999224,0.0 -50.1910365,-27.600584199224,0.0 -50.1910708,-27.600710299224,0.0 -50.191096,-27.600821599224,0.0 -50.1911254,-27.600935699224,0.0 -50.191143,-27.601028899224,0.0 -50.1911494,-27.601114699224,0.0 -50.1911489,-27.601191999224,0.0 -50.1911427,-27.601277099224,0.0 -50.1911294,-27.601355899224,0.0 -50.1910948,-27.601470599224,0.0 -50.1910539,-27.601589999224,0.0 -50.1910144,-27.601701499224,0.0 -50.1909741,-27.601818599224,0.0 -50.1909552,-27.601898599224,0.0 -50.1909154,-27.602043399224,0.0 -50.1908705,-27.602209299224,0.0 -50.1908417,-27.602300299224,0.0 -50.1908307,-27.602351599224,0.0 -50.1908291,-27.602387199224,0.0 -50.1908344,-27.602426099224,0.0 -50.1908525,-27.602460299224,0.0 -50.1908789,-27.602506799224,0.0 -50.1909019,-27.602536999224,0.0 -50.19092,-27.602557799224,0.0 -50.1909417,-27.602576699224,0.0 -50.1909802,-27.602596899224,0.0 -50.1910279,-27.602607199224,0.0 -50.1910936,-27.602613299224,0.0 -50.19114,-27.602609199224,0.0 -50.1911852,-27.602595699224,0.0 -50.1912119,-27.602588299224,0.0 -50.1912704,-27.602569899224,0.0 -50.1913114,-27.602550699224,0.0 -50.1913361,-27.602531399224,0.0 -50.1913504,-27.602508299224,0.0 -50.1913555,-27.602481399224,0.0 -50.1913635,-27.602446099224,0.0 -50.1913645,-27.602413599224,0.0 -50.1913529,-27.602361599224,0.0 -50.1913221,-27.602239899224,0.0 -50.1913009,-27.602169299224,0.0 -50.1912853,-27.602083999224,0.0 -50.1912783,-27.601984099224,0.0 -50.1912803,-27.601907799224,0.0 -50.1912843,-27.601831099224,0.0 -50.1913053,-27.601751099224,0.0 -50.1913264,-27.601664499224,0.0 -50.1913741,-27.601481899224,0.0 -50.1914053,-27.601366499224,0.0 -50.1914211,-27.601319599224,0.0 -50.1914333,-27.601288999224,0.0 -50.1914504,-27.601259699224,0.0 -50.1914844,-27.601227999224,0.0 -50.1915248,-27.601194899224,0.0 -50.1915524,-27.601180599224,0.0 -50.1915876,-27.601168299224,0.0 -50.1916524,-27.601159899224,0.0 -50.1916963,-27.601158199224,0.0 -50.1917758,-27.601156099224,0.0 -50.191832,-27.601158299224,0.0 -50.1918749,-27.601163599224,0.0 -50.1919191,-27.601175699224,0.0 -50.1919527,-27.601195999224,0.0 -50.1919817,-27.601235699224,0.0 -50.1920159,-27.601285999224,0.0 -50.1920583,-27.601347699224,0.0 -50.1920876,-27.601389299224,0.0 -50.1921101,-27.601424599224,0.0 -50.1921197,-27.601454499224,0.0 -50.1921345,-27.601519099224,0.0 -50.1921497,-27.601669599224,0.0 -50.1921552,-27.601736999224,0.0 -50.1921552,-27.601791399224,0.0 -50.1921415,-27.601852099224,0.0 -50.1921115,-27.601966199224,0.0 -50.1920801,-27.602086699224,0.0 -50.1920739,-27.602116799224,0.0 -50.1920732,-27.602148399224,0.0 -50.1920735,-27.602179499224,0.0 -50.1920791,-27.602218199224,0.0 -50.1921118,-27.602271799224,0.0 -50.1921613,-27.602315599224,0.0 -50.1922237,-27.602351099224,0.0 -50.1922824,-27.602377899224,0.0 -50.1923424,-27.602405999224,0.0 -50.1923875,-27.602433899224,0.0 -50.1924169,-27.602465199224,0.0 -50.1924496,-27.602506699224,0.0 -50.1924819,-27.602560699224,0.0 -50.1925008,-27.602601199224,0.0 -50.1925166,-27.602667999224,0.0 -50.1925397,-27.602819199224,0.0 -50.1925486,-27.602975399224,0.0 -50.1925602,-27.603115299224,0.0 -50.1925645,-27.603219899224,0.0 -50.1925804,-27.603282899224,0.0 -50.1926101,-27.603366199224,0.0 -50.1928473,-27.603899699224,0.0 -50.1929013,-27.603999499224,0.0 -50.1929538,-27.6040795992239,0.0 -50.1930212,-27.604178899224,0.0 -50.1931049,-27.6042961992239,0.0 -50.1932035,-27.6044614992239,0.0 -50.1933685,-27.6046747992239,0.0 -50.1935975,-27.6049812992239,0.0 -50.1936949,-27.6051165992239,0.0 -50.1938612,-27.6053461992239,0.0 -50.1940126,-27.6055200992239,0.0 -50.1941191,-27.6056664992239,0.0 -50.1941665,-27.6057352992239,0.0 -50.19422,-27.6058411992239,0.0 -50.1943009,-27.6059932992239,0.0 -50.194341,-27.6060522992239,0.0 -50.1943785,-27.6061086992239,0.0 -50.1944097,-27.6061537992239,0.0 -50.1944245,-27.6061954992239,0.0 -50.1944292,-27.6062538992239,0.0 -50.1944198,-27.6063217992239,0.0 -50.194398,-27.6063789992239,0.0 -50.1943572,-27.6064326992239,0.0 -50.1942621,-27.6065054992239,0.0 -50.1941645,-27.6065745992239,0.0 -50.1940758,-27.6066223992239,0.0 -50.1939567,-27.6066845992239,0.0 -50.1937663,-27.6067815992239,0.0 -50.19338,-27.6069770992239,0.0 -50.1932185,-27.6070576992239,0.0 -50.1930741,-27.6071298992239,0.0 -50.1930058,-27.6071586992239,0.0 -50.1929741,-27.6071753992239,0.0 -50.1929639,-27.6071887992239,0.0 -50.1929524,-27.6072122992239,0.0 -50.1929446,-27.6072335992239,0.0 -50.1929495,-27.6072605992239,0.0 -50.1929644,-27.6072966992239,0.0 -50.1929856,-27.6073225992239,0.0 -50.1930245,-27.6073531992239,0.0 -50.1930496,-27.6073712992239,0.0 -50.1930874,-27.6073872992239,0.0 -50.1931201,-27.6073918992239,0.0 -50.1932009,-27.6073901992239,0.0 -50.1933652,-27.6073629992239,0.0 -50.1934828,-27.6073333992239,0.0 -50.1935895,-27.6072945992239,0.0 -50.1937098,-27.6072458992239,0.0 -50.193806,-27.6072048992239,0.0 -50.1938984,-27.6071671992239,0.0 -50.1939679,-27.6071473992239,0.0 -50.194021,-27.6071386992239,0.0 -50.1940601,-27.6071389992239,0.0 -50.1940903,-27.6071525992239,0.0 -50.1941065,-27.6071740992239,0.0 -50.1941089,-27.6071991992239,0.0 -50.1941078,-27.6072353992239,0.0 -50.1940879,-27.6072927992239,0.0 -50.1940557,-27.6073413992239,0.0 -50.1939986,-27.6074111992239,0.0 -50.1939183,-27.6075000992239,0.0 -50.1938399,-27.6075728992239,0.0 -50.1937624,-27.6076433992239,0.0 -50.1936786,-27.6077211992239,0.0 -50.1936322,-27.6077751992239,0.0 -50.1935813,-27.6078386992239,0.0 -50.1935517,-27.6078868992239,0.0 -50.1935371,-27.6079442992239,0.0 -50.1935207,-27.6080142992239,0.0 -50.1934961,-27.6080875992239,0.0 -50.1934683,-27.6081386992239,0.0 -50.1934352,-27.6081872992239,0.0 -50.1933772,-27.6082415992239,0.0 -50.1933132,-27.6082853992239,0.0 -50.1932279,-27.6083320992239,0.0 -50.193013,-27.6084410992239,0.0 -50.1928297,-27.6085247992239,0.0 -50.1925029,-27.6086913992239,0.0 -50.1923716,-27.6087722992239,0.0 -50.1922399,-27.6088778992239,0.0 -50.1921073,-27.6089928992239,0.0 -50.191916,-27.6092354992238,0.0 -50.1917846,-27.6093918992238,0.0 -50.1915815,-27.6095979992238,0.0 -50.1915116,-27.6096694992238,0.0 -50.1914403,-27.6097352992238,0.0 -50.1913113,-27.6098400992238,0.0 -50.191238,-27.6098967992238,0.0 -50.191214,-27.6099139992238,0.0 -50.1910685,-27.6099721992238,0.0 -50.1908383,-27.6100632992238,0.0 -50.1907389,-27.6101059992238,0.0 -50.1906304,-27.6101817992238,0.0 -50.1904175,-27.6103494992238,0.0 -50.1902519,-27.6104878992238,0.0 -50.1900628,-27.6106478992238,0.0 -50.1900219,-27.6106854992238,0.0 -50.1899791,-27.6107308992238,0.0 -50.1899611,-27.6107662992238,0.0 -50.1899369,-27.6108149992238,0.0 -50.1899252,-27.6109247992238,0.0 -50.1899202,-27.6109948992238,0.0 -50.1899198,-27.6110570992238,0.0 -50.1899138,-27.6112708992238,0.0 -50.1898726,-27.6114552992238,0.0 -50.1898408,-27.6115685992238,0.0 -50.1898172,-27.6116494992238,0.0 -50.1897787,-27.6118182992238,0.0 -50.1897387,-27.6119256992238,0.0 -50.1896844,-27.6120454992238,0.0 -50.189619,-27.6121674992238,0.0 -50.1895604,-27.6122453992238,0.0 -50.1894834,-27.6123383992238,0.0 -50.1894423,-27.6123959992238,0.0 -50.189399,-27.6124417992238,0.0 -50.1893635,-27.6124846992238,0.0 -50.1893364,-27.6125331992238,0.0 -50.1893194,-27.6125879992238,0.0 -50.189318,-27.6126349992238,0.0 -50.1893119,-27.6127220992238,0.0 -50.1893168,-27.6127945992238,0.0 -50.1893262,-27.6128671992238,0.0 -50.1893468,-27.6129074992238,0.0 -50.189374,-27.6129457992238,0.0 -50.1894177,-27.6129940992238,0.0 -50.1894639,-27.6130210992238,0.0 -50.1895067,-27.6130477992238,0.0 -50.1895528,-27.6130656992238,0.0 -50.1895901,-27.6130756992238,0.0 -50.1896505,-27.6130867992238,0.0 -50.189711,-27.6130939992238,0.0 -50.189766,-27.6130923992238,0.0 -50.1898832,-27.6130676992238,0.0 -50.1899814,-27.6130329992238,0.0 -50.1900498,-27.6130049992238,0.0 -50.1901229,-27.6129857992238,0.0 -50.1901758,-27.6129791992238,0.0 -50.1902704,-27.6129758992238,0.0 -50.1903507,-27.6129772992238,0.0 -50.1904145,-27.6129874992238,0.0 -50.1904694,-27.6130053992238,0.0 -50.1905154,-27.6130281992238,0.0 -50.1905839,-27.6130600992238,0.0 -50.1906781,-27.6131164992238,0.0 -50.1908207,-27.6132017992238,0.0 -50.1908886,-27.6132521992238,0.0 -50.1909476,-27.6133092992238,0.0 -50.1910305,-27.6134178992238,0.0 -50.191074,-27.6134925992238,0.0 -50.1911381,-27.6136107992238,0.0 -50.1911879,-27.6137236992238,0.0 -50.1912579,-27.6139370992238,0.0 -50.1913043,-27.6140597992238,0.0 -50.1913645,-27.6142830992238,0.0 -50.1914052,-27.6144282992238,0.0 -50.1914266,-27.6145307992238,0.0 -50.1914334,-27.6146551992238,0.0 -50.1914158,-27.6147995992237,0.0 -50.1913837,-27.6149766992237,0.0 -50.1913628,-27.6151220992237,0.0 -50.191361,-27.6152209992237,0.0 -50.1913753,-27.6153640992237,0.0 -50.1914098,-27.6156196992237,0.0 -50.1914366,-27.6158617992237,0.0 -50.1914784,-27.6160310992237,0.0 -50.1915102,-27.6161958992237,0.0 -50.1915372,-27.6162740992237,0.0 -50.1915685,-27.6163526992237,0.0 -50.1916263,-27.6164235992237,0.0 -50.1916898,-27.6164767992237,0.0 -50.1918257,-27.6165789992237,0.0 -50.1920934,-27.6167174992237,0.0 -50.192179,-27.6167600992237,0.0 -50.1923133,-27.6168198992237,0.0 -50.1924071,-27.6168603992237,0.0 -50.1925293,-27.6169152992237,0.0 -50.1927827,-27.6170215992237,0.0 -50.1930656,-27.6171267992237,0.0 -50.1936708,-27.6173221992237,0.0 -50.1938235,-27.6173573992237,0.0 -50.1939432,-27.6173893992237,0.0 -50.1940739,-27.6174205992237,0.0 -50.1941958,-27.6174613992237,0.0 -50.1942634,-27.6174874992237,0.0 -50.1943367,-27.6175418992237,0.0 -50.1943947,-27.6175843992237,0.0 -50.1944723,-27.6176523992237,0.0 -50.1945466,-27.6177344992237,0.0 -50.1946173,-27.6178366992237,0.0 -50.194651,-27.6179068992237,0.0 -50.1946649,-27.6179676992237,0.0 -50.1946635,-27.6180107992237,0.0 -50.1946505,-27.6180423992237,0.0 -50.1945946,-27.6181690992237,0.0 -50.1945716,-27.6182199992237,0.0 -50.1945578,-27.6183048992237,0.0 -50.1945595,-27.6183940992237,0.0 -50.1945458,-27.6184668992237,0.0 -50.1944755,-27.6186247992237,0.0 -50.1943041,-27.6190227992237,0.0 -50.1942458,-27.6191679992237,0.0 -50.194225,-27.6192389992237,0.0 -50.1942168,-27.6193743992237,0.0 -50.1942351,-27.6194742992237,0.0 -50.1942453,-27.6195510992237,0.0 -50.1942293,-27.6196221992237,0.0 -50.1942084,-27.6196925992237,0.0 -50.1941999,-27.6197674992237,0.0 -50.1942227,-27.6198605992237,0.0 -50.194298,-27.6200153992236,0.0 -50.1943981,-27.6201997992237,0.0 -50.1944948,-27.6204017992237,0.0 -50.1946322,-27.6206999992236,0.0 -50.1947234,-27.6208309992236,0.0 -50.1947458,-27.6208704992236,0.0 -50.194769,-27.6209619992236,0.0 -50.1948014,-27.6211529992236,0.0 -50.1948621,-27.6215337992236,0.0 -50.194897,-27.6217415992236,0.0 -50.1949263,-27.6219722992236,0.0 -50.1949519,-27.6222344992236,0.0 -50.1949739,-27.6224969992236,0.0 -50.1949752,-27.6226537992236,0.0 -50.1949677,-27.6226993992236,0.0 -50.1949615,-27.6227290992236,0.0 -50.1949254,-27.6227671992236,0.0 -50.1946103,-27.6229469992236,0.0 -50.1944288,-27.6230389992236,0.0 -50.1942732,-27.6230985992236,0.0 -50.1941788,-27.6231192992236,0.0 -50.1940344,-27.6231152992236,0.0 -50.1937434,-27.6230838992236,0.0 -50.1936294,-27.6230821992236,0.0 -50.1934861,-27.6230909992236,0.0 -50.1933618,-27.6231273992236,0.0 -50.1932731,-27.6231735992236,0.0 -50.1931987,-27.6232294992236,0.0 -50.1931505,-27.6232939992236,0.0 -50.1931177,-27.6233702992236,0.0 -50.1931111,-27.6234605992236,0.0 -50.1931114,-27.6235671992236,0.0 -50.1931216,-27.6236384992236,0.0 -50.1931486,-27.6237023992236,0.0 -50.1931921,-27.6237795992236,0.0 -50.1932359,-27.6238265992236,0.0 -50.1934172,-27.6240071992236,0.0 -50.1935492,-27.6241074992236,0.0 -50.1936358,-27.6241748992236,0.0 -50.1936809,-27.6242048992236,0.0 -50.1937188,-27.6242401992236,0.0 -50.1937484,-27.6242753992236,0.0 -50.1937756,-27.6243148992236,0.0 -50.1937932,-27.6243595992236,0.0 -50.1938188,-27.6244393992236,0.0 -50.193836,-27.6245354992236,0.0 -50.1938437,-27.6246279992236,0.0 -50.1938443,-27.6247022992236,0.0 -50.1938295,-27.6247691992236,0.0 -50.1937955,-27.6248692992236,0.0 -50.1936807,-27.6250012992236,0.0 -50.1934361,-27.6252161992236,0.0 -50.1931767,-27.6254331992236,0.0 -50.193115,-27.6254944992235,0.0 -50.1930733,-27.6255661992236,0.0 -50.1930638,-27.6256108992235,0.0 -50.193065,-27.6256502992235,0.0 -50.19308,-27.6256897992235,0.0 -50.1932069,-27.6258976992235,0.0 -50.1932883,-27.6260311992235,0.0 -50.1933017,-27.6260733992235,0.0 -50.1932976,-27.6262244992235,0.0 -50.1932717,-27.6264202992235,0.0 -50.1932467,-27.6265029992235,0.0 -50.1932205,-27.6265421992235,0.0 -50.1929678,-27.6268199992235,0.0 -50.1928816,-27.6269253992235,0.0 -50.1928337,-27.6270078992235,0.0 -50.1928102,-27.6270959992235,0.0 -50.1927826,-27.6273043992235,0.0 -50.192766,-27.6274915992235,0.0 -50.1927771,-27.6276368992235,0.0 -50.1928083,-27.6277625992235,0.0 -50.1928243,-27.6278644992235,0.0 -50.1928206,-27.6279553992235,0.0 -50.1927983,-27.6280835992235,0.0 -50.1927609,-27.6281973992235,0.0 -50.1926971,-27.6283549992235,0.0 -50.1926427,-27.6284903992235,0.0 -50.1926281,-27.6285607992235,0.0 -50.1926089,-27.6287268992235,0.0 -50.1925929,-27.6288333992235,0.0 -50.1925679,-27.6289878992235,0.0 -50.1925526,-27.6291377992235,0.0 -50.1925561,-27.6292843992235,0.0 -50.19255,-27.6294086992235,0.0 -50.1925472,-27.6294681992235,0.0 -50.1925272,-27.6297048992235,0.0 -50.192528,-27.6298025992235,0.0 -50.1925413,-27.6298637992235,0.0 -50.1925578,-27.6298950992235,0.0 -50.1926276,-27.6299735992235,0.0 -50.1928719,-27.6302459992235,0.0 -50.1931118,-27.6305291992235,0.0 -50.1932129,-27.6306728992234,0.0 -50.1932494,-27.6307427992235,0.0 -50.1932942,-27.6308513992235,0.0 -50.1934106,-27.6310406992234,0.0 -50.1935266,-27.6312328992234,0.0 -50.1936173,-27.6313185992234,0.0 -50.1936607,-27.6313735992234,0.0 -50.1936927,-27.6314569992234,0.0 -50.1937008,-27.6315383992234,0.0 -50.1936934,-27.6316562992234,0.0 -50.1936994,-27.6317337992234,0.0 -50.1937506,-27.6318993992234,0.0 -50.1938939,-27.6323038992234,0.0 -50.1939687,-27.6325067992234,0.0 -50.1940184,-27.6325965992234,0.0 -50.1940683,-27.6326476992234,0.0 -50.1941008,-27.6326611992234,0.0 -50.1941334,-27.6326746992234,0.0 -50.194201,-27.6326862992234,0.0 -50.1942135,-27.6326884992234,0.0 -50.1943256,-27.6326934992234,0.0 -50.2036946,-27.6372183992233,0.0 -50.2487609,-27.6589838992229,0.0 -50.2645758,-27.6721875992227,0.0 -50.2731065,-27.6758561992226,0.0 -50.2919075,-27.6769527992226,0.0 -50.3102478,-27.6779856992226,0.0 -50.3102242,-27.6780874992226,0.0 -50.3100562,-27.6784741992226,0.0 -50.3100118,-27.6785864992226,0.0 -50.3100151,-27.6786609992226,0.0 -50.3100522,-27.6787484992226,0.0 -50.3101897,-27.6788627992226,0.0 -50.3108745,-27.6793904992225,0.0 -50.3110731,-27.6796062992225,0.0 -50.3111508,-27.6797388992225,0.0 -50.3111798,-27.6798245992225,0.0 -50.3111823,-27.6799165992225,0.0 -50.3111711,-27.6799833992225,0.0 -50.3111066,-27.6803634992225,0.0 -50.3110781,-27.6806719992225,0.0 -50.3110688,-27.6807650992225,0.0 -50.3110633,-27.6808045992225,0.0 -50.3108766,-27.6821386992225,0.0 -50.310732,-27.6830341992225,0.0 -50.31064,-27.6834040992225,0.0 -50.3106262,-27.6835983992225,0.0 -50.3105844,-27.6837898992225,0.0 -50.310425,-27.6842800992225,0.0 -50.3102666,-27.6848087992224,0.0 -50.3102519,-27.6848578992224,0.0 -50.3101249,-27.6851858992224,0.0 -50.3099774,-27.6857079992224,0.0 -50.3099172,-27.6858792992224,0.0 -50.3098709,-27.6859730992224,0.0 -50.3097705,-27.6860717992224,0.0 -50.3096756,-27.6862112992224,0.0 -50.3094597,-27.6867719992224,0.0 -50.3094265,-27.6868714992224,0.0 -50.3093783,-27.6869507992224,0.0 -50.3093104,-27.6870243992224,0.0 -50.3092558,-27.6871138992224,0.0 -50.309202,-27.6872631992224,0.0 -50.3091683,-27.6874516992224,0.0 -50.3091285,-27.6876795992224,0.0 -50.3090794,-27.6878185992224,0.0 -50.3089716,-27.6879727992224,0.0 -50.3089567,-27.6879959992224,0.0 -50.3087304,-27.6883485992224,0.0 -50.3086203,-27.6885815992224,0.0 -50.3085625,-27.6886769992224,0.0 -50.3085009,-27.6887300992224,0.0 -50.3084643,-27.6887544992224,0.0 -50.3084277,-27.6887788992224,0.0 -50.308335,-27.6888337992224,0.0 -50.3082783,-27.6888868992224,0.0 -50.3082236,-27.6889705992224,0.0 -50.3081497,-27.6890893992224,0.0 -50.3080722,-27.6891776992224,0.0 -50.3079148,-27.6893017992224,0.0 -50.3078435,-27.6893636992224,0.0 -50.3077841,-27.6894692992223,0.0 -50.3077678,-27.6896050992224,0.0 -50.3077337,-27.6898927992223,0.0 -50.3076871,-27.6899690992223,0.0 -50.3075286,-27.6901398992223,0.0 -50.3073432,-27.6902524992223,0.0 -50.3071611,-27.6903665992223,0.0 -50.3070545,-27.6904901992223,0.0 -50.307033,-27.6906055992223,0.0 -50.3070339,-27.6906770992223,0.0 -50.3070985,-27.6908689992223,0.0 -50.3072099,-27.6909932992223,0.0 -50.3073865,-27.6910980992223,0.0 -50.3075328,-27.6911388992223,0.0 -50.3076376,-27.6911349992223,0.0 -50.3077486,-27.6910944992223,0.0 -50.3080165,-27.6909007992223,0.0 -50.3080994,-27.6908430992223,0.0 -50.3082205,-27.6908287992223,0.0 -50.308311,-27.6908599992223,0.0 -50.3083639,-27.6908973992223,0.0 -50.3083684,-27.6909979992223,0.0 -50.3083424,-27.6911469992223,0.0 -50.3082533,-27.6913607992223,0.0 -50.3081367,-27.6916098992223,0.0 -50.3079755,-27.6918244992223,0.0 -50.3076682,-27.6921483992223,0.0 -50.3074587,-27.6922962992223,0.0 -50.3070705,-27.6924444992223,0.0 -50.3067507,-27.6925526992223,0.0 -50.3066352,-27.6926208992223,0.0 -50.3065972,-27.6926613992223,0.0 -50.3065592,-27.6927017992223,0.0 -50.3065111,-27.6927883992223,0.0 -50.3064516,-27.6930120992223,0.0 -50.3063829,-27.6932664992223,0.0 -50.3062558,-27.6937374992223,0.0 -50.3062267,-27.6939010992223,0.0 -50.3061536,-27.6940914992223,0.0 -50.3060439,-27.6942252992223,0.0 -50.3059339,-27.6943429992223,0.0 -50.3058534,-27.6944582992223,0.0 -50.3057729,-27.6945735992223,0.0 -50.3056546,-27.6948139992223,0.0 -50.305582,-27.6949736992223,0.0 -50.3055094,-27.6951332992222,0.0 -50.3053439,-27.6953945992222,0.0 -50.3051656,-27.6955523992222,0.0 -50.3050989,-27.6955931992222,0.0 -50.3050322,-27.6956338992222,0.0 -50.3048402,-27.6957407992222,0.0 -50.3047018,-27.6958121992222,0.0 -50.3045421,-27.6958851992222,0.0 -50.3044606,-27.6959202992222,0.0 -50.3043791,-27.6959553992222,0.0 -50.3038717,-27.6961309992222,0.0 -50.3037551,-27.6961760992222,0.0 -50.3034619,-27.6962896992222,0.0 -50.3032766,-27.6963813992222,0.0 -50.3031209,-27.6964979992222,0.0 -50.303006,-27.6966363992222,0.0 -50.3029322,-27.6967748992222,0.0 -50.3028698,-27.6968710992222,0.0 -50.3028189,-27.6969279992222,0.0 -50.3027468,-27.6969686992222,0.0 -50.3026616,-27.6970007992222,0.0 -50.3025354,-27.6970297992222,0.0 -50.3024387,-27.6970545992222,0.0 -50.3022125,-27.6971316992222,0.0 -50.3020214,-27.6972043992222,0.0 -50.3014175,-27.6974343992222,0.0 -50.3013278,-27.6974673992222,0.0 -50.3012511,-27.6975086992222,0.0 -50.3010815,-27.6977000992222,0.0 -50.3004992,-27.6982937992222,0.0 -50.300267,-27.6985171992222,0.0 -50.3000347,-27.6987404992222,0.0 -50.2995169,-27.6991235992222,0.0 -50.2994867,-27.6991419992222,0.0 -50.2989283,-27.6994839992222,0.0 -50.2982495,-27.6998350992222,0.0 -50.2978585,-27.7000140992222,0.0 -50.2977336,-27.7001145992222,0.0 -50.2976467,-27.7002408992222,0.0 -50.2976074,-27.7003681992221,0.0 -50.2976106,-27.7004877992221,0.0 -50.2976788,-27.7006941992221,0.0 -50.2977506,-27.7007998992221,0.0 -50.2978102,-27.7008459992221,0.0 -50.2980156,-27.7008905992221,0.0 -50.2981699,-27.7009093992221,0.0 -50.2982259,-27.7009306992221,0.0 -50.2982498,-27.7010048992221,0.0 -50.2982397,-27.7011099992221,0.0 -50.2982209,-27.7011801992221,0.0 -50.2981694,-27.7012521992221,0.0 -50.2980479,-27.7013656992221,0.0 -50.297915,-27.7014749992221,0.0 -50.2976222,-27.7016442992221,0.0 -50.297453,-27.7017436992221,0.0 -50.2973951,-27.7018259992221,0.0 -50.2973548,-27.7020086992221,0.0 -50.2973718,-27.7021820992221,0.0 -50.2973829,-27.7022173992221,0.0 -50.297394,-27.7022525992221,0.0 -50.2974162,-27.7023231992221,0.0 -50.2975143,-27.7025627992221,0.0 -50.2975758,-27.7027517992221,0.0 -50.2975836,-27.7029821992221,0.0 -50.2975793,-27.7031528992221,0.0 -50.2975226,-27.7033298992221,0.0 -50.2973602,-27.7035765992221,0.0 -50.2972419,-27.7038053992221,0.0 -50.2971862,-27.7039357992221,0.0 -50.2971656,-27.7040507992221,0.0 -50.2971414,-27.7044014992221,0.0 -50.2971098,-27.7044936992221,0.0 -50.2970421,-27.7045847992221,0.0 -50.2969774,-27.7046466992221,0.0 -50.2966672,-27.7048686992221,0.0 -50.296347,-27.7051985992221,0.0 -50.2962554,-27.7053439992221,0.0 -50.2962277,-27.7054783992221,0.0 -50.2962295,-27.7056227992221,0.0 -50.2962324,-27.705720499222,0.0 -50.296267,-27.705860199222,0.0 -50.296282,-27.706013199222,0.0 -50.2962933,-27.706255199222,0.0 -50.2962676,-27.706684999222,0.0 -50.2960887,-27.707176799222,0.0 -50.2959978,-27.707504499222,0.0 -50.2959568,-27.707752899222,0.0 -50.2959701,-27.707899099222,0.0 -50.2959832,-27.708128899222,0.0 -50.2960208,-27.708323299222,0.0 -50.2960266,-27.708336099222,0.0 -50.2960798,-27.708452599222,0.0 -50.2961859,-27.708685299222,0.0 -50.2964922,-27.709238099222,0.0 -50.296641,-27.709510799222,0.0 -50.2968987,-27.709983399222,0.0 -50.2970882,-27.710299699222,0.0 -50.297279,-27.710561399222,0.0 -50.297317,-27.710613499222,0.0 -50.2978736,-27.7114606992219,0.0 -50.2979728,-27.7116817992219,0.0 -50.2982852,-27.7122552992219,0.0 -50.2991884,-27.7132604992219,0.0 -50.299257,-27.7133141992219,0.0 -50.2999477,-27.7138541992219,0.0 -50.3003855,-27.7141912992219,0.0 -50.3005291,-27.7143560992219,0.0 -50.3005732,-27.7144932992219,0.0 -50.3006123,-27.7149228992219,0.0 -50.3006018,-27.7150359992219,0.0 -50.3005918,-27.7151425992219,0.0 -50.3004892,-27.7155579992219,0.0 -50.3004226,-27.7158274992219,0.0 -50.3001662,-27.7160911992219,0.0 -50.2995991,-27.7173078992218,0.0 -50.2995512,-27.7174105992218,0.0 -50.2992039,-27.7182077992218,0.0 -50.2991156,-27.7184969992218,0.0 -50.2991145,-27.7186372992218,0.0 -50.2991587,-27.7187848992218,0.0 -50.299307,-27.7190807992218,0.0 -50.2993811,-27.7191683992218,0.0 -50.2998289,-27.7194872992218,0.0 -50.3004429,-27.7197848992218,0.0 -50.3014527,-27.7200721992218,0.0 -50.3020043,-27.7203002992218,0.0 -50.3020478,-27.7203182992218,0.0 -50.3022953,-27.7204206992218,0.0 -50.3025488,-27.7205857992218,0.0 -50.3030796,-27.7210488992218,0.0 -50.3033203,-27.7214215992218,0.0 -50.303634,-27.7222319992217,0.0 -50.3036229,-27.7227832992217,0.0 -50.3036198,-27.7229383992217,0.0 -50.303681,-27.7233783992217,0.0 -50.3038678,-27.7238203992217,0.0 -50.3040721,-27.7242600992217,0.0 -50.3042346,-27.7246004992217,0.0 -50.3043506,-27.7250750992217,0.0 -50.3043444,-27.7253841992217,0.0 -50.3043284,-27.7255969992217,0.0 -50.3040999,-27.7263649992217,0.0 -50.3040837,-27.7264385992217,0.0 -50.3040028,-27.7270042992217,0.0 -50.3037754,-27.7278242992216,0.0 -50.3040437,-27.7286615992216,0.0 -50.3040188,-27.7288908992216,0.0 -50.3038321,-27.7295761992216,0.0 -50.303799,-27.7299660992216,0.0 -50.3036787,-27.7306227992216,0.0 -50.3035125,-27.7312677992216,0.0 -50.303485,-27.7313771992216,0.0 -50.3035029,-27.7314257992216,0.0 -50.3035254,-27.7314566992216,0.0 -50.3035479,-27.7314875992216,0.0 -50.3036486,-27.7315537992216,0.0 -50.3037437,-27.7316161992216,0.0 -50.3038744,-27.7316942992216,0.0 -50.3039653,-27.7317540992216,0.0 -50.3040161,-27.7318081992216,0.0 -50.304097,-27.7319558992216,0.0 -50.3040834,-27.7323829992216,0.0 -50.3039804,-27.7327477992215,0.0 -50.3039554,-27.7328347992215,0.0 -50.3038518,-27.7331952992215,0.0 -50.3038347,-27.7333786992215,0.0 -50.3038627,-27.7335167992215,0.0 -50.3040328,-27.7338325992215,0.0 -50.3042029,-27.7341483992215,0.0 -50.3043687,-27.7347485992215,0.0 -50.3045574,-27.7352596992215,0.0 -50.3045853,-27.7354559992215,0.0 -50.3046274,-27.7357515992215,0.0 -50.3046727,-27.7360722992215,0.0 -50.3046851,-27.7364894992215,0.0 -50.304641,-27.7367517992215,0.0 -50.3045798,-27.7370047992215,0.0 -50.304565,-27.7372278992215,0.0 -50.3045461,-27.7373124992215,0.0 -50.3044896,-27.7375649992215,0.0 -50.3044931,-27.7376236992215,0.0 -50.3045098,-27.7376569992215,0.0 -50.3045309,-27.7376802992215,0.0 -50.3045891,-27.7377153992215,0.0 -50.304723,-27.7377781992215,0.0 -50.3048072,-27.7378242992215,0.0 -50.3048761,-27.7378547992214,0.0 -50.304939,-27.7378969992215,0.0 -50.3049743,-27.7379338992215,0.0 -50.3049922,-27.7379700992214,0.0 -50.3049971,-27.7380208992214,0.0 -50.3049946,-27.7380522992215,0.0 -50.3049925,-27.7380802992215,0.0 -50.304938,-27.7383548992214,0.0 -50.3048104,-27.7390993992214,0.0 -50.3047838,-27.7397125992214,0.0 -50.3048104,-27.7398296992214,0.0 -50.3048599,-27.7400484992214,0.0 -50.3050405,-27.7403969992214,0.0 -50.3052003,-27.7406757992214,0.0 -50.3052518,-27.7407655992214,0.0 -50.3054411,-27.7414015992214,0.0 -50.3056275,-27.7419524992214,0.0 -50.3057063,-27.7421852992214,0.0 -50.3058395,-27.7430616992214,0.0 -50.3059737,-27.7435682992214,0.0 -50.3061878,-27.7444867992213,0.0 -50.3062352,-27.7446901992213,0.0 -50.3063093,-27.7449405992213,0.0 -50.3066334,-27.7460358992213,0.0 -50.3069237,-27.7466612992213,0.0 -50.3070704,-27.7468248992213,0.0 -50.3073936,-27.7472210992213,0.0 -50.3077619,-27.7475852992213,0.0 -50.3083621,-27.7479697992213,0.0 -50.3087714,-27.7482731992213,0.0 -50.3090078,-27.7485625992213,0.0 -50.3100526,-27.7486291992213,0.0 -50.3267389,-27.7496698992212,0.0 -50.3266853,-27.7494938992212,0.0 -50.3266504,-27.7493769992212,0.0 -50.3266464,-27.7493663992212,0.0 -50.3266123,-27.7492759992212,0.0 -50.326533,-27.7490676992212,0.0 -50.3264919,-27.7489815992212,0.0 -50.3264483,-27.7489095992212,0.0 -50.3264012,-27.7488455992212,0.0 -50.3263269,-27.7487003992213,0.0 -50.3263179,-27.7486210992212,0.0 -50.3263303,-27.7484966992212,0.0 -50.326342,-27.7483777992213,0.0 -50.3263887,-27.7482460992213,0.0 -50.3264498,-27.7481051992213,0.0 -50.3264745,-27.7480453992213,0.0 -50.3264989,-27.7479714992213,0.0 -50.3265078,-27.7479146992213,0.0 -50.3265205,-27.7478215992213,0.0 -50.3265225,-27.7477718992213,0.0 -50.326512,-27.7477225992213,0.0 -50.3264824,-27.7476593992213,0.0 -50.3264413,-27.7476028992213,0.0 -50.3263747,-27.7475294992213,0.0 -50.3263226,-27.7474624992213,0.0 -50.3262908,-27.7474082992213,0.0 -50.3262743,-27.7473506992213,0.0 -50.326272,-27.7472814992213,0.0 -50.3262784,-27.7472093992213,0.0 -50.3263052,-27.7471081992213,0.0 -50.3263827,-27.7470847992213,0.0 -50.3265481,-27.7469921992213,0.0 -50.3266221,-27.7469479992213,0.0 -50.3266937,-27.7469067992213,0.0 -50.3267791,-27.7468527992213,0.0 -50.3269048,-27.7467680992213,0.0 -50.3270451,-27.7466796992213,0.0 -50.3272064,-27.7465536992213,0.0 -50.327315,-27.7464767992213,0.0 -50.3274865,-27.7463322992213,0.0 -50.3275877,-27.7462423992213,0.0 -50.3276678,-27.7461847992213,0.0 -50.3277674,-27.7461367992213,0.0 -50.3279168,-27.7461046992213,0.0 -50.3280438,-27.7461037992213,0.0 -50.3281566,-27.7461170992213,0.0 -50.3282691,-27.7461473992213,0.0 -50.328454,-27.7462425992213,0.0 -50.3285512,-27.7463064992213,0.0 -50.328701,-27.7463893992213,0.0 -50.3288349,-27.7464321992213,0.0 -50.328953,-27.7464696992213,0.0 -50.3290552,-27.7465330992213,0.0 -50.3291781,-27.7466258992213,0.0 -50.3292816,-27.7466771992213,0.0 -50.3293587,-27.7466945992213,0.0 -50.3294662,-27.7467027992213,0.0 -50.3295974,-27.7467054992213,0.0 -50.3297291,-27.7467026992213,0.0 -50.3297976,-27.7466923992213,0.0 -50.329899,-27.7466691992213,0.0 -50.3299914,-27.7466236992213,0.0 -50.330062,-27.7465782992213,0.0 -50.3301699,-27.7464996992213,0.0 -50.3302748,-27.7464358992213,0.0 -50.3303309,-27.7464111992213,0.0 -50.3304637,-27.7464018992213,0.0 -50.3307066,-27.7463670992213,0.0 -50.3308538,-27.7463497992213,0.0 -50.3310311,-27.7463419992213,0.0 -50.3312226,-27.7463335992213,0.0 -50.3313964,-27.7463359992213,0.0 -50.3315575,-27.7463434992213,0.0 -50.3317422,-27.7463478992213,0.0 -50.3318265,-27.7463498992213,0.0 -50.3319044,-27.7463557992213,0.0 -50.3320219,-27.7463677992213,0.0 -50.3321259,-27.7463769992213,0.0 -50.332221,-27.7463740992213,0.0 -50.3322508,-27.7463721992213,0.0 -50.3323162,-27.7463680992213,0.0 -50.3323945,-27.7463537992213,0.0 -50.3324594,-27.7463248992213,0.0 -50.3324955,-27.7463010992213,0.0 -50.3325252,-27.7462814992213,0.0 -50.3325951,-27.7462328992213,0.0 -50.3326319,-27.7462155992213,0.0 -50.3326688,-27.7461983992213,0.0 -50.3327447,-27.7461864992213,0.0 -50.3328587,-27.7461688992213,0.0 -50.3330067,-27.7461700992213,0.0 -50.3331327,-27.7461861992213,0.0 -50.3332595,-27.7462221992213,0.0 -50.3333419,-27.7462626992213,0.0 -50.3334438,-27.7463242992213,0.0 -50.3335444,-27.7463771992213,0.0 -50.3336113,-27.7464143992213,0.0 -50.3336495,-27.7464266992213,0.0 -50.333719,-27.7464378992213,0.0 -50.3337923,-27.7464436992213,0.0 -50.3338615,-27.7464413992213,0.0 -50.3339564,-27.7464244992213,0.0 -50.3340231,-27.7464085992213,0.0 -50.3341762,-27.7463608992213,0.0 -50.3343145,-27.7463454992213,0.0 -50.3344491,-27.7463389992213,0.0 -50.3345108,-27.7463390992213,0.0 -50.3345724,-27.7463392992213,0.0 -50.3346426,-27.7463458992213,0.0 -50.3346934,-27.7463568992213,0.0</coordinates>
</LinearRing>
</outerBoundaryIs>
</Polygon>
</MultiGeometry>
</Placemark>
</Folder>
</Document></kml>
