<?xml version='1.0' encoding='UTF-8'?>
<kml xmlns:xsd="http://www.w3.org/2001/XMLSchema" xmlns:gx="http://www.google.com/kml/ext/2.2" xmlns:atom="http://www.w3.org/2005/Atom" xmlns="http://www.opengis.net/kml/2.2">
<Document>
<name>cunha_pora_4204707_localidades_2022</name>
<visibility>1</visibility>
<Schema name="01. Cidade" id="kml_schema_ft_01._Cidade">
<SimpleField type="xsd:string" name="CD_UF">
<displayName>CD_UF</displayName>
</SimpleField>
<SimpleField type="xsd:string" name="NM_UF">
<displayName>NM_UF</displayName>
</SimpleField>
<SimpleField type="xsd:string" name="SIGLA_UF">
<displayName>SIGLA_UF</displayName>
</SimpleField>
<SimpleField type="xsd:string" name="CD_MUN">
<displayName>CD_MUN</displayName>
</SimpleField>
<SimpleField type="xsd:string" name="NM_MUN">
<displayName>NM_MUN</displayName>
</SimpleField>
<SimpleField type="xsd:string" name="CD_RGINT">
<displayName>CD_RGINT</displayName>
</SimpleField>
<SimpleField type="xsd:string" name="NM_RGINT">
<displayName>NM_RGINT</displayName>
</SimpleField>
<SimpleField type="xsd:string" name="CD_RGI">
<displayName>CD_RGI</displayName>
</SimpleField>
<SimpleField type="xsd:string" name="NM_RGI">
<displayName>NM_RGI</displayName>
</SimpleField>
<SimpleField type="xsd:string" name="CT_LOCALIDADE">
<displayName>CT_LOCALIDADE</displayName>
</SimpleField>
<SimpleField type="xsd:string" name="SCT_LOCALIDADE">
<displayName>SCT_LOCALIDADE</displayName>
</SimpleField>
<SimpleField type="xsd:string" name="CD_LOCALIDADE">
<displayName>CD_LOCALIDADE</displayName>
</SimpleField>
<SimpleField type="xsd:string" name="NM_LOCALIDADE">
<displayName>NM_LOCALIDADE</displayName>
</SimpleField>
<SimpleField type="xsd:string" name="LAT_LOCALIDADE">
<displayName>LAT_LOCALIDADE</displayName>
</SimpleField>
<SimpleField type="xsd:string" name="LONG_LOCALIDADE">
<displayName>LONG_LOCALIDADE</displayName>
</SimpleField>
</Schema>
<Schema name="Terra Indígena" id="kml_schema_ft_Terra_Indígena">
<SimpleField type="xsd:string" name="COD_TI">
<displayName>COD_TI</displayName>
</SimpleField>
<SimpleField type="xsd:string" name="NOM_TI">
<displayName>NOM_TI</displayName>
</SimpleField>
</Schema>
<Schema name="Município" id="kml_schema_ft_Município">
<SimpleField type="xsd:string" name="CD_UF">
<displayName>CD_UF</displayName>
</SimpleField>
<SimpleField type="xsd:string" name="NM_UF">
<displayName>NM_UF</displayName>
</SimpleField>
<SimpleField type="xsd:string" name="CD_MUN">
<displayName>CD_MUN</displayName>
</SimpleField>
<SimpleField type="xsd:string" name="NM_MUN">
<displayName>NM_MUN</displayName>
</SimpleField>
<SimpleField type="xsd:string" name="CD_RGINT">
<displayName>CD_RGINT</displayName>
</SimpleField>
<SimpleField type="xsd:string" name="NM_RGINT">
<displayName>NM_RGINT</displayName>
</SimpleField>
<SimpleField type="xsd:string" name="CD_RGI">
<displayName>CD_RGI</displayName>
</SimpleField>
<SimpleField type="xsd:string" name="NM_RGI">
<displayName>NM_RGI</displayName>
</SimpleField>
</Schema>
<Folder id="01. Cidade">
<name>01. Cidade</name>
<Folder id="01.03. Sede Municipal">
<name>01.03. Sede Municipal</name>
<Placemark id="01.03. Sede Municipal">
<name>Cunha Porã [4204707]</name>
<visibility>1</visibility>
<snippet> </snippet>
<description>&lt;center&gt;&lt;table&gt;&lt;tr&gt;&lt;th colspan='2' align='center'&gt;&lt;em&gt;Atributos&lt;/em&gt;&lt;/th&gt;&lt;/tr&gt;&lt;tr bgcolor="#E3E3F3"&gt;
&lt;th&gt;CD_UF&lt;/th&gt;
&lt;td&gt;42&lt;/td&gt;
&lt;/tr&gt;&lt;tr bgcolor=""&gt;
&lt;th&gt;NM_UF&lt;/th&gt;
&lt;td&gt;Santa Catarina&lt;/td&gt;
&lt;/tr&gt;&lt;tr bgcolor="#E3E3F3"&gt;
&lt;th&gt;SIGLA_UF&lt;/th&gt;
&lt;td&gt;SC&lt;/td&gt;
&lt;/tr&gt;&lt;tr bgcolor=""&gt;
&lt;th&gt;CD_MUN&lt;/th&gt;
&lt;td&gt;4204707&lt;/td&gt;
&lt;/tr&gt;&lt;tr bgcolor="#E3E3F3"&gt;
&lt;th&gt;NM_MUN&lt;/th&gt;
&lt;td&gt;Cunha Porã&lt;/td&gt;
&lt;/tr&gt;&lt;tr bgcolor=""&gt;
&lt;th&gt;CD_RGINT&lt;/th&gt;
&lt;td&gt;4204&lt;/td&gt;
&lt;/tr&gt;&lt;tr bgcolor="#E3E3F3"&gt;
&lt;th&gt;NM_RGINT&lt;/th&gt;
&lt;td&gt;Chapecó&lt;/td&gt;
&lt;/tr&gt;&lt;tr bgcolor=""&gt;
&lt;th&gt;CD_RGI&lt;/th&gt;
&lt;td&gt;420012&lt;/td&gt;
&lt;/tr&gt;&lt;tr bgcolor="#E3E3F3"&gt;
&lt;th&gt;NM_RGI&lt;/th&gt;
&lt;td&gt;Maravilha&lt;/td&gt;
&lt;/tr&gt;&lt;tr bgcolor=""&gt;
&lt;th&gt;CT_LOCALIDADE&lt;/th&gt;
&lt;td&gt;Cidade&lt;/td&gt;
&lt;/tr&gt;&lt;tr bgcolor="#E3E3F3"&gt;
&lt;th&gt;SCT_LOCALIDADE&lt;/th&gt;
&lt;td&gt;Sede Municipal&lt;/td&gt;
&lt;/tr&gt;&lt;tr bgcolor=""&gt;
&lt;th&gt;CD_LOCALIDADE&lt;/th&gt;
&lt;td&gt;4204707&lt;/td&gt;
&lt;/tr&gt;&lt;tr bgcolor="#E3E3F3"&gt;
&lt;th&gt;NM_LOCALIDADE&lt;/th&gt;
&lt;td&gt;Cunha Porã&lt;/td&gt;
&lt;/tr&gt;&lt;tr bgcolor=""&gt;
&lt;th&gt;LAT_LOCALIDADE&lt;/th&gt;
&lt;td&gt;-26.8928&lt;/td&gt;
&lt;/tr&gt;&lt;tr bgcolor="#E3E3F3"&gt;
&lt;th&gt;LONG_LOCALIDADE&lt;/th&gt;
&lt;td&gt;-53.1709&lt;/td&gt;
&lt;/tr&gt;&lt;/table&gt;&lt;/center&gt;</description>
<Style>
<IconStyle>
<color>ff00aaff</color>
<scale>1.0</scale>
<Icon>
<href>http://maps.google.com/mapfiles/kml/shapes/placemark_circle.png</href>
</Icon>
</IconStyle>
<LabelStyle>
<scale>1.0</scale>
</LabelStyle>
<LineStyle>
<color>ffffffff</color>
<width>3</width>
<gx:labelVisibility>1</gx:labelVisibility>
</LineStyle>
<PolyStyle>
<color>00ffffff</color>
</PolyStyle>
</Style>
<ExtendedData>
<SchemaData schemaUrl="#kml_schema_ft_01._Cidade">
<SimpleData name="CD_UF">42</SimpleData>
<SimpleData name="NM_UF">Santa Catarina</SimpleData>
<SimpleData name="SIGLA_UF">SC</SimpleData>
<SimpleData name="CD_MUN">4204707</SimpleData>
<SimpleData name="NM_MUN">Cunha Porã</SimpleData>
<SimpleData name="CD_RGINT">4204</SimpleData>
<SimpleData name="NM_RGINT">Chapecó</SimpleData>
<SimpleData name="CD_RGI">420012</SimpleData>
<SimpleData name="NM_RGI">Maravilha</SimpleData>
<SimpleData name="CT_LOCALIDADE">Cidade</SimpleData>
<SimpleData name="SCT_LOCALIDADE">Sede Municipal</SimpleData>
<SimpleData name="CD_LOCALIDADE">4204707</SimpleData>
<SimpleData name="NM_LOCALIDADE">Cunha Porã</SimpleData>
<SimpleData name="LAT_LOCALIDADE">-26.8928</SimpleData>
<SimpleData name="LONG_LOCALIDADE">-53.1709</SimpleData>
</SchemaData>
</ExtendedData>
<Point>
<extrude>0</extrude>
<coordinates>-53.1709,-26.8927999992375,0.0</coordinates>
</Point>
</Placemark>
</Folder>
</Folder>
<Folder id="13. Referência">
<name>13. Referência</name>
<Placemark id="13. Referência">
<name>Cunha Porã [4204707]</name>
<visibility>1</visibility>
<snippet> </snippet>
<description>&lt;center&gt;&lt;table&gt;&lt;tr&gt;&lt;th colspan='2' align='center'&gt;&lt;em&gt;Attributes&lt;/em&gt;&lt;/th&gt;&lt;/tr&gt;&lt;tr bgcolor="#E3E3F3"&gt;
&lt;th&gt;CD_UF&lt;/th&gt;
&lt;td&gt;42&lt;/td&gt;
&lt;/tr&gt;&lt;tr bgcolor=""&gt;
&lt;th&gt;NM_UF&lt;/th&gt;
&lt;td&gt;Santa Catarina&lt;/td&gt;
&lt;/tr&gt;&lt;tr bgcolor="#E3E3F3"&gt;
&lt;th&gt;CD_MUN&lt;/th&gt;
&lt;td&gt;4204707&lt;/td&gt;
&lt;/tr&gt;&lt;tr bgcolor=""&gt;
&lt;th&gt;NM_MUN&lt;/th&gt;
&lt;td&gt;Cunha Porã&lt;/td&gt;
&lt;/tr&gt;&lt;tr bgcolor="#E3E3F3"&gt;
&lt;th&gt;CD_RGINT&lt;/th&gt;
&lt;td&gt;4204&lt;/td&gt;
&lt;/tr&gt;&lt;tr bgcolor=""&gt;
&lt;th&gt;NM_RGINT&lt;/th&gt;
&lt;td&gt;Chapecó&lt;/td&gt;
&lt;/tr&gt;&lt;tr bgcolor="#E3E3F3"&gt;
&lt;th&gt;CD_RGI&lt;/th&gt;
&lt;td&gt;420012&lt;/td&gt;
&lt;/tr&gt;&lt;tr bgcolor=""&gt;
&lt;th&gt;NM_RGI&lt;/th&gt;
&lt;td&gt;Maravilha&lt;/td&gt;
&lt;/tr&gt;&lt;/table&gt;&lt;/center&gt;</description>
<Style>
<IconStyle>
<scale>0.7</scale>
</IconStyle>
<LabelStyle>
<scale>0.7</scale>
</LabelStyle>
<LineStyle>
<color>ffffffff</color>
<width>3</width>
<gx:labelVisibility>1</gx:labelVisibility>
</LineStyle>
<PolyStyle>
<color>00ffffff</color>
</PolyStyle>
</Style>
<ExtendedData>
<SchemaData schemaUrl="#kml_schema_ft_Município">
<SimpleData name="CD_UF">42</SimpleData>
<SimpleData name="NM_UF">Santa Catarina</SimpleData>
<SimpleData name="CD_MUN">4204707</SimpleData>
<SimpleData name="NM_MUN">Cunha Porã</SimpleData>
<SimpleData name="CD_RGINT">4204</SimpleData>
<SimpleData name="NM_RGINT">Chapecó</SimpleData>
<SimpleData name="CD_RGI">420012</SimpleData>
<SimpleData name="NM_RGI">Maravilha</SimpleData>
</SchemaData>
</ExtendedData>
<MultiGeometry>
<Polygon>
<extrude>0</extrude>
<tessellate>1</tessellate>
<outerBoundaryIs>
<LinearRing>
<coordinates>-53.1167598,-26.8889853992376,0.0 -53.116747,-26.8889789992376,0.0 -53.1167312,-26.8889725992376,0.0 -53.1167232,-26.8889698992376,0.0 -53.1167067,-26.8889650992376,0.0 -53.1166891,-26.8889614992376,0.0 -53.1166698,-26.8889590992376,0.0 -53.1166594,-26.8889583992376,0.0 -53.1166364,-26.8889577992376,0.0 -53.11661,-26.8889585992376,0.0 -53.1165794,-26.8889607992376,0.0 -53.1165622,-26.8889624992376,0.0 -53.116524,-26.8889671992376,0.0 -53.1164819,-26.8889732992376,0.0 -53.1164399,-26.8889800992376,0.0 -53.1164018,-26.8889870992376,0.0 -53.1163712,-26.8889935992376,0.0 -53.1163491,-26.8889993992376,0.0 -53.1163334,-26.8890049992376,0.0 -53.1163219,-26.8890106992376,0.0 -53.1163125,-26.8890167992376,0.0 -53.1163001,-26.8890272992376,0.0 -53.1162892,-26.8890394992376,0.0 -53.1162793,-26.8890537992376,0.0 -53.1162696,-26.8890724992376,0.0 -53.1162625,-26.8890891992376,0.0 -53.1162547,-26.8891104992376,0.0 -53.1162461,-26.8891360992376,0.0 -53.1162323,-26.8891797992376,0.0 -53.1162138,-26.8892405992376,0.0 -53.1162013,-26.8892832992376,0.0 -53.1161912,-26.8893207992376,0.0 -53.1161819,-26.8893614992376,0.0 -53.1161676,-26.8894350992376,0.0 -53.1161562,-26.8894896992376,0.0 -53.116142,-26.8895520992376,0.0 -53.1161264,-26.8896141992376,0.0 -53.1161153,-26.8896541992376,0.0 -53.1161047,-26.8896878992376,0.0 -53.1160973,-26.8897082992376,0.0 -53.1160853,-26.8897378992376,0.0 -53.1160717,-26.8897667992376,0.0 -53.1160567,-26.8897949992376,0.0 -53.1160399,-26.8898227992376,0.0 -53.1160197,-26.8898531992376,0.0 -53.1159844,-26.8899032992376,0.0 -53.115941,-26.8899624992376,0.0 -53.1159072,-26.8900067992376,0.0 -53.1158737,-26.8900485992376,0.0 -53.1158509,-26.8900759992376,0.0 -53.1158145,-26.8901175992376,0.0 -53.1157888,-26.8901458992376,0.0 -53.1157624,-26.8901737992376,0.0 -53.115723,-26.8902129992376,0.0 -53.1156977,-26.8902363992376,0.0 -53.1156727,-26.8902581992376,0.0 -53.1156473,-26.8902790992376,0.0 -53.115607,-26.8903109992376,0.0 -53.1155045,-26.8903891992376,0.0 -53.1153833,-26.8904791992376,0.0 -53.1152798,-26.8905536992376,0.0 -53.1152346,-26.8905849992375,0.0 -53.1152094,-26.8906015992376,0.0 -53.1151873,-26.8906153992376,0.0 -53.1151575,-26.8906324992375,0.0 -53.1151384,-26.8906425992376,0.0 -53.115119,-26.8906519992376,0.0 -53.1150988,-26.8906610992376,0.0 -53.1150771,-26.8906700992375,0.0 -53.1150415,-26.8906837992376,0.0 -53.1150171,-26.8906923992375,0.0 -53.1149938,-26.8907001992376,0.0 -53.1149726,-26.8907064992375,0.0 -53.114954,-26.8907112992375,0.0 -53.1149305,-26.8907159992376,0.0 -53.1149115,-26.8907180992375,0.0 -53.1149002,-26.8907181992376,0.0 -53.1148887,-26.8907169992376,0.0 -53.114868,-26.8907124992375,0.0 -53.1148404,-26.8907039992375,0.0 -53.1148183,-26.8906953992376,0.0 -53.1147939,-26.8906838992376,0.0 -53.1147811,-26.8906768992375,0.0 -53.1147544,-26.8906603992376,0.0 -53.1147408,-26.8906512992375,0.0 -53.114714,-26.8906320992375,0.0 -53.1146884,-26.8906127992375,0.0 -53.1146059,-26.8905486992375,0.0 -53.1145751,-26.8905260992376,0.0 -53.114554,-26.8905112992376,0.0 -53.1145241,-26.8904914992376,0.0 -53.114507,-26.8904812992376,0.0 -53.1144927,-26.8904737992376,0.0 -53.1144803,-26.8904684992376,0.0 -53.114469,-26.8904647992376,0.0 -53.1144581,-26.8904623992376,0.0 -53.114447,-26.8904607992376,0.0 -53.1144295,-26.8904600992376,0.0 -53.114417,-26.8904606992376,0.0 -53.1144037,-26.8904620992376,0.0 -53.1143443,-26.8904701992376,0.0 -53.1143111,-26.8904727992376,0.0 -53.1142949,-26.8904730992376,0.0 -53.1142834,-26.8904724992376,0.0 -53.114271,-26.8904709992376,0.0 -53.1142572,-26.8904681992376,0.0 -53.114234,-26.8904614992376,0.0 -53.1142167,-26.8904549992376,0.0 -53.1142075,-26.8904510992376,0.0 -53.1141881,-26.8904418992376,0.0 -53.114127,-26.8904114992376,0.0 -53.1141074,-26.8904028992376,0.0 -53.1140883,-26.8903954992376,0.0 -53.1140691,-26.8903889992376,0.0 -53.1140395,-26.8903798992376,0.0 -53.1140089,-26.8903713992376,0.0 -53.1139473,-26.8903552992376,0.0 -53.113934,-26.8903513992376,0.0 -53.1139222,-26.8903472992376,0.0 -53.1139118,-26.8903427992376,0.0 -53.1139025,-26.8903375992376,0.0 -53.113894,-26.8903317992375,0.0 -53.1138863,-26.8903252992376,0.0 -53.1138755,-26.8903144992376,0.0 -53.1138691,-26.8903067992376,0.0 -53.1138634,-26.8902988992376,0.0 -53.1138587,-26.8902912992376,0.0 -53.1138552,-26.8902837992376,0.0 -53.1138513,-26.8902709992376,0.0 -53.113849,-26.8902595992376,0.0 -53.1138452,-26.8902359992376,0.0 -53.1138385,-26.8901831992376,0.0 -53.1138345,-26.8901383992376,0.0 -53.1138296,-26.8900577992376,0.0 -53.1138272,-26.8900360992376,0.0 -53.1138246,-26.8900205992376,0.0 -53.1138165,-26.8899852992376,0.0 -53.1138083,-26.8899556992376,0.0 -53.1138018,-26.8899347992376,0.0 -53.1137861,-26.8898889992376,0.0 -53.1137653,-26.8898356992376,0.0 -53.1137118,-26.8897085992376,0.0 -53.1136885,-26.8896566992376,0.0 -53.1136754,-26.8896297992376,0.0 -53.1136612,-26.8896024992376,0.0 -53.1136466,-26.8895761992376,0.0 -53.1136324,-26.8895523992376,0.0 -53.1136256,-26.8895418992376,0.0 -53.1136131,-26.8895242992376,0.0 -53.1136015,-26.8895103992376,0.0 -53.1135903,-26.8894992992376,0.0 -53.1135789,-26.8894902992376,0.0 -53.1135667,-26.8894822992376,0.0 -53.1135526,-26.8894752992376,0.0 -53.1135355,-26.8894688992376,0.0 -53.1135143,-26.8894629992376,0.0 -53.1134883,-26.8894574992376,0.0 -53.1134591,-26.8894524992376,0.0 -53.1134291,-26.8894480992376,0.0 -53.1133873,-26.8894431992376,0.0 -53.1133624,-26.8894410992376,0.0 -53.1133379,-26.8894399992376,0.0 -53.1133114,-26.8894397992376,0.0 -53.1132639,-26.8894410992376,0.0 -53.1131132,-26.8894486992376,0.0 -53.1129353,-26.8894562992376,0.0 -53.1128582,-26.8894587992376,0.0 -53.1128179,-26.8894589992376,0.0 -53.1127518,-26.8894583992376,0.0 -53.1125391,-26.8894536992376,0.0 -53.112498,-26.8894534992376,0.0 -53.1124697,-26.8894538992376,0.0 -53.1124414,-26.8894551992376,0.0 -53.1124215,-26.8894565992376,0.0 -53.1123354,-26.8894652992376,0.0 -53.1122691,-26.8894707992376,0.0 -53.1121617,-26.8894779992376,0.0 -53.1120824,-26.8894824992376,0.0 -53.112037,-26.8894842992376,0.0 -53.111921,-26.8894873992376,0.0 -53.1118266,-26.8894910992376,0.0 -53.1117673,-26.8894928992376,0.0 -53.1117052,-26.8894940992376,0.0 -53.1115935,-26.8894951992376,0.0 -53.1115217,-26.8894968992376,0.0 -53.1114465,-26.8894998992376,0.0 -53.1113918,-26.8895028992376,0.0 -53.1113402,-26.8895068992376,0.0 -53.1113075,-26.8895103992376,0.0 -53.1112762,-26.8895146992376,0.0 -53.1112318,-26.8895225992376,0.0 -53.1111631,-26.8895372992376,0.0 -53.1110928,-26.8895538992376,0.0 -53.1110755,-26.8895585992376,0.0 -53.1110617,-26.8895628992376,0.0 -53.1110505,-26.8895669992376,0.0 -53.1110367,-26.8895733992376,0.0 -53.1110281,-26.8895782992376,0.0 -53.1110193,-26.8895841992376,0.0 -53.1109984,-26.8896005992376,0.0 -53.1108832,-26.8897017992376,0.0 -53.1108509,-26.8897285992376,0.0 -53.1108293,-26.8897453992376,0.0 -53.110807,-26.8897618992376,0.0 -53.1107699,-26.8897880992376,0.0 -53.1106259,-26.8898862992376,0.0 -53.1105634,-26.8899300992376,0.0 -53.1105219,-26.8899605992376,0.0 -53.1104973,-26.8899797992376,0.0 -53.1104753,-26.8899978992376,0.0 -53.110456,-26.8900148992376,0.0 -53.1104393,-26.8900307992376,0.0 -53.1104254,-26.8900455992376,0.0 -53.1104139,-26.8900591992376,0.0 -53.1103998,-26.8900785992376,0.0 -53.1103917,-26.8900912992376,0.0 -53.1103566,-26.8901500992376,0.0 -53.1103062,-26.8902287992376,0.0 -53.1102967,-26.8902452992376,0.0 -53.1102892,-26.8902599992376,0.0 -53.1102831,-26.8902741992376,0.0 -53.1102752,-26.8902966992376,0.0 -53.1102703,-26.8903133992376,0.0 -53.1102635,-26.8903402992376,0.0 -53.1102575,-26.8903686992375,0.0 -53.1102509,-26.8904068992376,0.0 -53.1102459,-26.8904434992376,0.0 -53.1102389,-26.8905039992376,0.0 -53.1102362,-26.8905218992376,0.0 -53.110232,-26.8905404992376,0.0 -53.1102277,-26.8905548992376,0.0 -53.110222,-26.8905712992376,0.0 -53.110215,-26.8905894992375,0.0 -53.1102022,-26.8906196992375,0.0 -53.110181,-26.8906646992375,0.0 -53.1101157,-26.8907956992375,0.0 -53.1100737,-26.8908778992375,0.0 -53.1100422,-26.8909369992375,0.0 -53.1100223,-26.8909724992375,0.0 -53.1100057,-26.8909992992375,0.0 -53.1099908,-26.8910198992375,0.0 -53.1099756,-26.8910373992375,0.0 -53.1099585,-26.8910536992375,0.0 -53.1099454,-26.8910642992375,0.0 -53.1099306,-26.8910752992375,0.0 -53.1099036,-26.8910932992375,0.0 -53.1098684,-26.8911146992375,0.0 -53.1098227,-26.8911410992375,0.0 -53.1096565,-26.8912336992375,0.0 -53.1096221,-26.8912517992375,0.0 -53.1095861,-26.8912697992375,0.0 -53.1095122,-26.8913053992375,0.0 -53.1094891,-26.8913159992375,0.0 -53.1094668,-26.8913245992375,0.0 -53.1094508,-26.8913297992375,0.0 -53.1094256,-26.8913365992375,0.0 -53.1093932,-26.8913437992375,0.0 -53.1093716,-26.8913476992375,0.0 -53.1093518,-26.8913502992375,0.0 -53.1093331,-26.8913515992375,0.0 -53.109315,-26.8913516992375,0.0 -53.1092913,-26.8913502992375,0.0 -53.109273,-26.8913480992375,0.0 -53.1092537,-26.8913444992375,0.0 -53.1092323,-26.8913392992375,0.0 -53.1092054,-26.8913302992375,0.0 -53.1091677,-26.8913148992375,0.0 -53.1091168,-26.8912914992375,0.0 -53.109028,-26.8912489992375,0.0 -53.1089878,-26.8912302992375,0.0 -53.1089537,-26.8912154992375,0.0 -53.1089034,-26.8911959992375,0.0 -53.10886,-26.8911803992375,0.0 -53.1088314,-26.8911705992375,0.0 -53.108805,-26.8911620992375,0.0 -53.1087809,-26.8911547992375,0.0 -53.1087329,-26.8911421992375,0.0 -53.1086907,-26.8911322992375,0.0 -53.1086591,-26.8911254992375,0.0 -53.1086096,-26.8911157992375,0.0 -53.1085602,-26.8911076992375,0.0 -53.1083992,-26.8910854992375,0.0 -53.1079639,-26.8910224992375,0.0 -53.1079277,-26.8910187992375,0.0 -53.107897,-26.8910174992375,0.0 -53.1078682,-26.8910186992375,0.0 -53.1078384,-26.8910222992375,0.0 -53.1078182,-26.8910260992375,0.0 -53.1078081,-26.8910284992375,0.0 -53.1077882,-26.8910342992375,0.0 -53.1077785,-26.8910376992375,0.0 -53.1077597,-26.8910456992375,0.0 -53.1077506,-26.8910501992375,0.0 -53.1077334,-26.8910602992375,0.0 -53.1077176,-26.8910715992375,0.0 -53.1077102,-26.8910776992375,0.0 -53.1076968,-26.8910904992375,0.0 -53.1076907,-26.8910970992375,0.0 -53.1076796,-26.8911104992375,0.0 -53.1076701,-26.8911234992375,0.0 -53.1076621,-26.8911358992375,0.0 -53.1076552,-26.8911479992375,0.0 -53.1076491,-26.8911606992375,0.0 -53.1076434,-26.8911742992375,0.0 -53.1076376,-26.8911897992375,0.0 -53.1075687,-26.8913948992375,0.0 -53.107549,-26.8914513992375,0.0 -53.1075309,-26.8914996992375,0.0 -53.1075196,-26.8915268992375,0.0 -53.107514,-26.8915389992375,0.0 -53.1075032,-26.8915602992375,0.0 -53.1074925,-26.8915778992375,0.0 -53.1074873,-26.8915855992375,0.0 -53.1074771,-26.8915988992375,0.0 -53.1074623,-26.8916149992375,0.0 -53.1074481,-26.8916273992375,0.0 -53.107439,-26.8916340992375,0.0 -53.10743,-26.8916397992375,0.0 -53.1074212,-26.8916445992375,0.0 -53.1074122,-26.8916485992375,0.0 -53.107398,-26.8916531992375,0.0 -53.1073877,-26.8916551992375,0.0 -53.1073768,-26.8916565992375,0.0 -53.1073653,-26.8916572992375,0.0 -53.1073533,-26.8916572992375,0.0 -53.1073406,-26.8916566992375,0.0 -53.107326,-26.8916552992375,0.0 -53.1072969,-26.8916509992375,0.0 -53.1072549,-26.8916434992375,0.0 -53.1072007,-26.8916327992375,0.0 -53.1071383,-26.8916196992375,0.0 -53.1070713,-26.8916047992375,0.0 -53.107025,-26.8915939992375,0.0 -53.106954,-26.8915764992375,0.0 -53.1069063,-26.8915640992375,0.0 -53.106837,-26.8915452992375,0.0 -53.1067741,-26.8915276992375,0.0 -53.1067206,-26.8915121992375,0.0 -53.1066744,-26.8914980992375,0.0 -53.106632,-26.8914842992375,0.0 -53.1065922,-26.8914701992375,0.0 -53.1065569,-26.8914563992375,0.0 -53.106537,-26.8914474992375,0.0 -53.1065118,-26.8914343992375,0.0 -53.106496,-26.8914247992375,0.0 -53.1064879,-26.8914193992375,0.0 -53.1064797,-26.8914139992375,0.0 -53.1064415,-26.8913868992375,0.0 -53.1063952,-26.8913514992375,0.0 -53.106369,-26.8913305992375,0.0 -53.1063279,-26.8912964992375,0.0 -53.1062075,-26.8911931992375,0.0 -53.1061609,-26.8911542992375,0.0 -53.1060716,-26.8910821992375,0.0 -53.1060212,-26.8910422992375,0.0 -53.1059788,-26.8910094992375,0.0 -53.1059445,-26.8909845992375,0.0 -53.1059262,-26.8909726992375,0.0 -53.1059106,-26.8909642992375,0.0 -53.1059034,-26.8909609992375,0.0 -53.1058892,-26.8909558992375,0.0 -53.105874,-26.8909516992375,0.0 -53.1058567,-26.8909475992375,0.0 -53.1058372,-26.8909436992375,0.0 -53.1058158,-26.8909398992375,0.0 -53.1057929,-26.8909365992375,0.0 -53.1057686,-26.8909337992375,0.0 -53.1057278,-26.8909307992375,0.0 -53.1056964,-26.8909295992375,0.0 -53.1056411,-26.8909288992375,0.0 -53.1055775,-26.8909293992375,0.0 -53.1054197,-26.8909315992375,0.0 -53.1053594,-26.8909314992375,0.0 -53.1053106,-26.8909297992375,0.0 -53.1052843,-26.8909278992376,0.0 -53.1052615,-26.8909252992375,0.0 -53.1052408,-26.8909221992375,0.0 -53.1052115,-26.8909167992375,0.0 -53.1051823,-26.8909103992375,0.0 -53.1051512,-26.8909027992375,0.0 -53.1050908,-26.8908869992375,0.0 -53.1049433,-26.8908457992375,0.0 -53.1049033,-26.8908353992375,0.0 -53.1048401,-26.8908197992375,0.0 -53.1047766,-26.8908048992375,0.0 -53.1046982,-26.8907872992375,0.0 -53.1046323,-26.8907733992375,0.0 -53.1045931,-26.8907658992376,0.0 -53.1045577,-26.8907604992375,0.0 -53.104517,-26.8907557992375,0.0 -53.1044468,-26.8907493992375,0.0 -53.1043782,-26.8907441992376,0.0 -53.1043409,-26.8907417992375,0.0 -53.104311,-26.8907407992375,0.0 -53.1042799,-26.8907406992376,0.0 -53.1042426,-26.8907415992375,0.0 -53.1042146,-26.8907430992376,0.0 -53.1041847,-26.8907456992375,0.0 -53.1041373,-26.8907515992375,0.0 -53.1039948,-26.8907740992375,0.0 -53.1040783,-26.8908679992375,0.0 -53.1042525,-26.8910474992375,0.0 -53.1044838,-26.8912580992375,0.0 -53.1045517,-26.8913354992375,0.0 -53.104572,-26.8913920992375,0.0 -53.1045759,-26.8915649992375,0.0 -53.1046,-26.8920757992375,0.0 -53.1045939,-26.8923029992375,0.0 -53.1045709,-26.8923813992375,0.0 -53.1045752,-26.8924239992375,0.0 -53.104717,-26.8927764992375,0.0 -53.1049028,-26.8931996992375,0.0 -53.1049153,-26.8932776992375,0.0 -53.1048981,-26.8933719992375,0.0 -53.1048019,-26.8936713992375,0.0 -53.1047792,-26.8937924992375,0.0 -53.1047798,-26.8938608992375,0.0 -53.1047801,-26.8938918992375,0.0 -53.1048641,-26.8942611992375,0.0 -53.1049369,-26.8944590992375,0.0 -53.105025,-26.8945998992375,0.0 -53.1051647,-26.8947684992375,0.0 -53.1053124,-26.8949440992375,0.0 -53.1055723,-26.8951820992375,0.0 -53.1061162,-26.8955932992375,0.0 -53.1064506,-26.8958105992374,0.0 -53.1066776,-26.8959677992375,0.0 -53.1068327,-26.8960751992374,0.0 -53.1072822,-26.8963473992374,0.0 -53.1073889,-26.8964159992374,0.0 -53.1075877,-26.8965913992374,0.0 -53.1076792,-26.8967039992374,0.0 -53.1078254,-26.8968925992374,0.0 -53.1080121,-26.8970820992374,0.0 -53.1082305,-26.8972497992374,0.0 -53.1084566,-26.8973747992374,0.0 -53.1086035,-26.8974723992374,0.0 -53.1086909,-26.8975706992374,0.0 -53.1089866,-26.8980946992374,0.0 -53.1091335,-26.8983794992374,0.0 -53.1092453,-26.8986887992374,0.0 -53.1092602,-26.8987786992374,0.0 -53.1092493,-26.8988971992374,0.0 -53.1091668,-26.8992900992374,0.0 -53.109161,-26.8993388992374,0.0 -53.1091782,-26.8993868992374,0.0 -53.1092486,-26.8994193992374,0.0 -53.1093683,-26.8994363992374,0.0 -53.1094658,-26.8994749992374,0.0 -53.1095983,-26.8995688992374,0.0 -53.1098254,-26.8997904992374,0.0 -53.1098469,-26.8998522992374,0.0 -53.1098493,-26.8999145992374,0.0 -53.1098284,-26.8999706992374,0.0 -53.1097955,-26.9001172992374,0.0 -53.1097828,-26.9001869992374,0.0 -53.1097752,-26.9002911992374,0.0 -53.1097763,-26.9006236992374,0.0 -53.1097991,-26.9007199992373,0.0 -53.1098349,-26.9007534992374,0.0 -53.110049,-26.9008368992374,0.0 -53.1102604,-26.9009480992374,0.0 -53.1103126,-26.9010088992374,0.0 -53.1103852,-26.9013096992373,0.0 -53.1104394,-26.9013849992373,0.0 -53.1105258,-26.9014376992373,0.0 -53.1106228,-26.9014692992373,0.0 -53.1106583,-26.9014958992373,0.0 -53.1106821,-26.9016196992373,0.0 -53.1107051,-26.9017226992373,0.0 -53.1107414,-26.9017699992373,0.0 -53.1109053,-26.9018479992373,0.0 -53.1109446,-26.9018744992373,0.0 -53.1109622,-26.9019361992373,0.0 -53.1109626,-26.9021097992373,0.0 -53.1109628,-26.9022318992373,0.0 -53.1109457,-26.9023911992373,0.0 -53.1109203,-26.9024634992373,0.0 -53.1108395,-26.9026257992373,0.0 -53.1108166,-26.9026799992373,0.0 -53.1108153,-26.9026954992373,0.0 -53.1108196,-26.9027074992373,0.0 -53.1108319,-26.9027294992373,0.0 -53.1108522,-26.9027616992373,0.0 -53.1108589,-26.9027873992373,0.0 -53.1108549,-26.9028357992373,0.0 -53.1108283,-26.9029618992373,0.0 -53.1108225,-26.9030119992373,0.0 -53.110828,-26.9030566992373,0.0 -53.1108325,-26.9030737992373,0.0 -53.1108465,-26.9030905992373,0.0 -53.1108649,-26.9031227992373,0.0 -53.1108719,-26.9031569992373,0.0 -53.1108702,-26.9031805992373,0.0 -53.1108616,-26.9032066992373,0.0 -53.1108547,-26.9032257992373,0.0 -53.1108534,-26.9032430992373,0.0 -53.1108602,-26.9032704992373,0.0 -53.1108847,-26.9033144992373,0.0 -53.1109156,-26.9033721992373,0.0 -53.1109346,-26.9034198992373,0.0 -53.1110031,-26.9037272992373,0.0 -53.1110818,-26.9040665992373,0.0 -53.1111205,-26.9042537992373,0.0 -53.1111531,-26.9044891992373,0.0 -53.1111369,-26.9045652992373,0.0 -53.1111325,-26.9046547992373,0.0 -53.1111791,-26.9048556992373,0.0 -53.1112023,-26.9049648992373,0.0 -53.1112173,-26.9050605992373,0.0 -53.1112316,-26.9052316992373,0.0 -53.111238,-26.9053229992373,0.0 -53.1112514,-26.9053740992373,0.0 -53.1112797,-26.9054390992373,0.0 -53.1113029,-26.9055497992373,0.0 -53.1113124,-26.9056734992373,0.0 -53.1113124,-26.9058305992373,0.0 -53.1113447,-26.9061564992373,0.0 -53.1113599,-26.9062941992372,0.0 -53.1113649,-26.9063248992372,0.0 -53.111386,-26.9063824992372,0.0 -53.111411,-26.9064624992373,0.0 -53.1114215,-26.9065086992372,0.0 -53.111421,-26.9065463992372,0.0 -53.1113979,-26.9066409992372,0.0 -53.1113895,-26.9066719992372,0.0 -53.1113883,-26.9066908992372,0.0 -53.1113927,-26.9067060992372,0.0 -53.1114058,-26.9067213992372,0.0 -53.1115014,-26.9067375992372,0.0 -53.1115248,-26.9067539992372,0.0 -53.1115368,-26.9067707992372,0.0 -53.1115452,-26.9068134992372,0.0 -53.1115553,-26.9068717992372,0.0 -53.111569,-26.9069345992372,0.0 -53.1115681,-26.9069619992372,0.0 -53.1115555,-26.9069810992372,0.0 -53.1114736,-26.9070484992372,0.0 -53.1114626,-26.9070590992372,0.0 -53.1114541,-26.9070848992372,0.0 -53.1114496,-26.9071156992372,0.0 -53.1114648,-26.9071681992372,0.0 -53.1114934,-26.9072236992372,0.0 -53.1114984,-26.9072559992372,0.0 -53.1114954,-26.9072988992372,0.0 -53.1115027,-26.9073413992372,0.0 -53.1115107,-26.9073530992372,0.0 -53.1115465,-26.9073981992372,0.0 -53.111671,-26.9075245992372,0.0 -53.1117089,-26.9075680992372,0.0 -53.111725,-26.9075931992372,0.0 -53.1117281,-26.9076254992372,0.0 -53.1117225,-26.9076734992372,0.0 -53.111717,-26.9077281992372,0.0 -53.1117222,-26.9077671992372,0.0 -53.1117373,-26.9077872992372,0.0 -53.1117741,-26.9078100992372,0.0 -53.1117995,-26.9078315992372,0.0 -53.1118077,-26.9078466992372,0.0 -53.1118082,-26.9078840992372,0.0 -53.1118077,-26.9079215992372,0.0 -53.1118181,-26.9079467992372,0.0 -53.1118419,-26.9079767992372,0.0 -53.1119164,-26.9080445992372,0.0 -53.1119581,-26.9080961992372,0.0 -53.1120072,-26.9081917992372,0.0 -53.1120217,-26.9082292992372,0.0 -53.1120376,-26.9082707992372,0.0 -53.1120654,-26.9083821992372,0.0 -53.1120785,-26.9084768992372,0.0 -53.1120855,-26.9085886992372,0.0 -53.1120817,-26.9086886992372,0.0 -53.1120558,-26.9088744992372,0.0 -53.1119906,-26.9092559992372,0.0 -53.1119112,-26.9096346992372,0.0 -53.1118708,-26.9098504992372,0.0 -53.1118849,-26.9100103992372,0.0 -53.1119186,-26.9100953992372,0.0 -53.1120257,-26.9102475992372,0.0 -53.1120669,-26.9103475992372,0.0 -53.11206,-26.9104533992372,0.0 -53.1119707,-26.9106778992372,0.0 -53.1119482,-26.9107633992372,0.0 -53.11194,-26.9110135992372,0.0 -53.1119581,-26.9113015992371,0.0 -53.1119662,-26.9116065992371,0.0 -53.1119628,-26.9117008992371,0.0 -53.111957,-26.9117439992371,0.0 -53.1119385,-26.9118110992371,0.0 -53.1119019,-26.9118915992371,0.0 -53.111876,-26.9119515992371,0.0 -53.1117892,-26.9121134992371,0.0 -53.1117428,-26.9122609992371,0.0 -53.1116737,-26.9126705992371,0.0 -53.1116611,-26.9128301992371,0.0 -53.1111613,-26.9151898992371,0.0 -53.1100782,-26.920303799237,0.0 -53.1118331,-26.9244660992369,0.0 -53.1130521,-26.9272565992368,0.0 -53.11924,-26.9414229992366,0.0 -53.1199051,-26.9429620992365,0.0 -53.1204124,-26.9426153992366,0.0 -53.1212901,-26.9421951992366,0.0 -53.1222035,-26.9418361992366,0.0 -53.1229679,-26.9415780992366,0.0 -53.1232795,-26.9415016992366,0.0 -53.1245774,-26.9411833992366,0.0 -53.1249999,-26.9411188992366,0.0 -53.1251032,-26.9411193992366,0.0 -53.1251653,-26.9411330992366,0.0 -53.1252695,-26.9411624992366,0.0 -53.12537,-26.9411918992366,0.0 -53.1254667,-26.9412099992366,0.0 -53.1255342,-26.9412001992366,0.0 -53.1255612,-26.9411948992366,0.0 -53.12559,-26.9411919992366,0.0 -53.1256213,-26.9411877992366,0.0 -53.1256529,-26.9411818992366,0.0 -53.1256823,-26.9411734992366,0.0 -53.1257027,-26.9411654992366,0.0 -53.1257164,-26.9411608992366,0.0 -53.1257275,-26.9411573992366,0.0 -53.1257406,-26.9411522992366,0.0 -53.1257537,-26.9411441992366,0.0 -53.1257676,-26.9411329992366,0.0 -53.1257834,-26.9411180992366,0.0 -53.1258001,-26.9411022992366,0.0 -53.1258172,-26.9410873992366,0.0 -53.125833,-26.9410739992366,0.0 -53.1258474,-26.9410630992366,0.0 -53.1258612,-26.9410538992366,0.0 -53.1258748,-26.9410456992366,0.0 -53.1258893,-26.9410387992366,0.0 -53.1259051,-26.9410333992366,0.0 -53.125923,-26.9410289992366,0.0 -53.1259434,-26.9410242992366,0.0 -53.1259651,-26.9410184992366,0.0 -53.1259869,-26.9410128992366,0.0 -53.1260096,-26.9410078992366,0.0 -53.1260349,-26.9410061992366,0.0 -53.1260627,-26.9410071992366,0.0 -53.1260963,-26.9410102992366,0.0 -53.1261341,-26.9410129992366,0.0 -53.1261719,-26.9410149992366,0.0 -53.1261955,-26.9410170992366,0.0 -53.1262253,-26.9410219992366,0.0 -53.1262674,-26.9410288992366,0.0 -53.1263093,-26.9410378992366,0.0 -53.1263468,-26.9410461992366,0.0 -53.1263823,-26.9410533992366,0.0 -53.1264185,-26.9410595992366,0.0 -53.1264567,-26.9410634992366,0.0 -53.1264902,-26.9410639992366,0.0 -53.1265381,-26.9410648992366,0.0 -53.1266077,-26.9410667992366,0.0 -53.1266673,-26.9410676992366,0.0 -53.1266822,-26.9410645992366,0.0 -53.1267426,-26.9410745992366,0.0 -53.1268166,-26.9410873992366,0.0 -53.126879,-26.9410979992366,0.0 -53.1269014,-26.9411043992366,0.0 -53.1269659,-26.9411099992366,0.0 -53.1270413,-26.9411134992366,0.0 -53.127078,-26.9411093992366,0.0 -53.127116,-26.9411058992366,0.0 -53.1271543,-26.9411020992366,0.0 -53.1271873,-26.9410958992366,0.0 -53.1272204,-26.9410883992366,0.0 -53.1272561,-26.9410833992366,0.0 -53.1272955,-26.9410807992366,0.0 -53.127338,-26.9410797992366,0.0 -53.1273789,-26.9410765992366,0.0 -53.127401,-26.9410721992366,0.0 -53.1274356,-26.9410711992366,0.0 -53.127478,-26.9410634992366,0.0 -53.1275253,-26.9410540992366,0.0 -53.1275703,-26.9410437992366,0.0 -53.1276121,-26.9410347992366,0.0 -53.1276506,-26.9410254992366,0.0 -53.1276887,-26.9410162992366,0.0 -53.1277264,-26.9410062992366,0.0 -53.1277477,-26.9410011992366,0.0 -53.1277631,-26.9409964992366,0.0 -53.1277884,-26.9409901992366,0.0 -53.1278176,-26.9409822992366,0.0 -53.1278456,-26.9409733992366,0.0 -53.127873,-26.9409639992366,0.0 -53.1278998,-26.9409542992366,0.0 -53.1279265,-26.9409443992366,0.0 -53.1279543,-26.9409341992366,0.0 -53.1279835,-26.9409240992366,0.0 -53.1280159,-26.9409142992366,0.0 -53.1280532,-26.9409050992366,0.0 -53.1280952,-26.9408972992366,0.0 -53.1281381,-26.9408905992366,0.0 -53.1281655,-26.9408867992366,0.0 -53.1282025,-26.9408793992366,0.0 -53.1282426,-26.9408734992366,0.0 -53.128285,-26.9408687992366,0.0 -53.1283256,-26.9408653992366,0.0 -53.1283647,-26.9408635992366,0.0 -53.128403,-26.9408649992366,0.0 -53.1284415,-26.9408693992366,0.0 -53.1284782,-26.9408746992366,0.0 -53.1285094,-26.9408788992366,0.0 -53.1285336,-26.9408789992366,0.0 -53.1287502,-26.9408735992366,0.0 -53.1287612,-26.9408735992366,0.0 -53.128776,-26.9408686992366,0.0 -53.1287874,-26.9408641992366,0.0 -53.1288005,-26.9408593992366,0.0 -53.1288145,-26.9408541992366,0.0 -53.1288289,-26.9408492992366,0.0 -53.1288429,-26.9408444992366,0.0 -53.1288558,-26.9408394992366,0.0 -53.1288676,-26.9408356992366,0.0 -53.128878,-26.9408320992366,0.0 -53.128892,-26.9408271992366,0.0 -53.1289042,-26.9408223992366,0.0 -53.1289187,-26.9408163992366,0.0 -53.1289282,-26.9408126992366,0.0 -53.1289374,-26.9408092992366,0.0 -53.1289485,-26.9408047992366,0.0 -53.1289619,-26.9407996992366,0.0 -53.1289653,-26.9407968992366,0.0 -53.1289776,-26.9407926992366,0.0 -53.1289964,-26.9407877992366,0.0 -53.129018,-26.9407821992366,0.0 -53.1290411,-26.9407770992366,0.0 -53.1290656,-26.9407716992366,0.0 -53.1290915,-26.9407664992366,0.0 -53.129119,-26.9407603992366,0.0 -53.1291479,-26.9407530992366,0.0 -53.129178,-26.9407452992366,0.0 -53.1292111,-26.9407365992366,0.0 -53.1292465,-26.9407275992366,0.0 -53.129284,-26.9407175992366,0.0 -53.1293214,-26.9407080992366,0.0 -53.1293587,-26.9406995992366,0.0 -53.1293962,-26.9406933992366,0.0 -53.1294322,-26.9406898992366,0.0 -53.1294689,-26.9406897992366,0.0 -53.1295093,-26.9406914992366,0.0 -53.1295569,-26.9406972992366,0.0 -53.1296082,-26.9407024992366,0.0 -53.129642,-26.9407044992366,0.0 -53.1296734,-26.9407129992366,0.0 -53.1297207,-26.9407236992366,0.0 -53.1297732,-26.9407334992366,0.0 -53.129827,-26.9407404992366,0.0 -53.1298838,-26.9407456992366,0.0 -53.1299466,-26.9407509992366,0.0 -53.1300035,-26.9407537992366,0.0 -53.130056,-26.9407632992366,0.0 -53.1301337,-26.9407748992366,0.0 -53.1302081,-26.9407859992366,0.0 -53.130235,-26.9407892992366,0.0 -53.1302759,-26.9407981992366,0.0 -53.1303307,-26.9408087992366,0.0 -53.1303844,-26.9408181992366,0.0 -53.1304303,-26.9408270992366,0.0 -53.1304706,-26.9408368992366,0.0 -53.1305103,-26.9408494992366,0.0 -53.1305514,-26.9408627992366,0.0 -53.130582,-26.9408726992366,0.0 -53.130596,-26.9408835992366,0.0 -53.1306157,-26.9408998992366,0.0 -53.1306364,-26.9409198992366,0.0 -53.1306573,-26.9409403992366,0.0 -53.1306763,-26.9409607992366,0.0 -53.1306929,-26.9409839992366,0.0 -53.1307074,-26.9410097992366,0.0 -53.1307093,-26.9410134992366,0.0 -53.1307209,-26.9410367992366,0.0 -53.1307334,-26.9410622992366,0.0 -53.1307465,-26.9410822992366,0.0 -53.130759,-26.9410957992366,0.0 -53.130771,-26.9411050992366,0.0 -53.1307849,-26.9411136992366,0.0 -53.1308014,-26.9411228992366,0.0 -53.1308201,-26.9411291992366,0.0 -53.1308444,-26.9411303992366,0.0 -53.1308751,-26.9411255992366,0.0 -53.1309103,-26.9411146992366,0.0 -53.1309479,-26.9410997992366,0.0 -53.1309848,-26.9410835992366,0.0 -53.131018,-26.9410716992366,0.0 -53.1310598,-26.9410564992366,0.0 -53.1310992,-26.9410405992366,0.0 -53.131132,-26.9410248992366,0.0 -53.1311585,-26.9410102992366,0.0 -53.1311831,-26.9409975992366,0.0 -53.1312081,-26.9409887992366,0.0 -53.1312352,-26.9409823992366,0.0 -53.1312656,-26.9409787992366,0.0 -53.1313017,-26.9409766992366,0.0 -53.1313458,-26.9409767992366,0.0 -53.1313936,-26.9409800992366,0.0 -53.1314224,-26.9409849992366,0.0 -53.1314643,-26.9409947992366,0.0 -53.1315299,-26.9410108992366,0.0 -53.1315844,-26.9410278992366,0.0 -53.1316245,-26.9410442992366,0.0 -53.1316899,-26.9410678992366,0.0 -53.1317455,-26.9410875992366,0.0 -53.1317849,-26.9410959992366,0.0 -53.1318422,-26.9411041992366,0.0 -53.1318971,-26.9411078992366,0.0 -53.1319437,-26.9411077992366,0.0 -53.1319854,-26.9411067992366,0.0 -53.132027,-26.9411068992366,0.0 -53.1320694,-26.9411092992366,0.0 -53.1321121,-26.9411144992366,0.0 -53.1321517,-26.9411230992366,0.0 -53.1321802,-26.9411350992366,0.0 -53.132198,-26.9411479992366,0.0 -53.1322047,-26.9411528992366,0.0 -53.1322531,-26.9411817992366,0.0 -53.1323116,-26.9412158992366,0.0 -53.1323647,-26.9412447992366,0.0 -53.1323894,-26.9412582992366,0.0 -53.132428,-26.9412772992366,0.0 -53.1324907,-26.9413049992366,0.0 -53.1325528,-26.9413317992366,0.0 -53.1325724,-26.9413413992366,0.0 -53.1325888,-26.9413528992366,0.0 -53.1326355,-26.9413781992366,0.0 -53.1326935,-26.9414073992366,0.0 -53.1327384,-26.9414301992366,0.0 -53.1327537,-26.9414378992366,0.0 -53.1327944,-26.9414540992366,0.0 -53.1328442,-26.9414721992366,0.0 -53.1328938,-26.9414885992366,0.0 -53.1329421,-26.9415016992366,0.0 -53.1329909,-26.9415107992366,0.0 -53.1330369,-26.9415165992366,0.0 -53.1330673,-26.9415185992366,0.0 -53.1330972,-26.9415295992366,0.0 -53.1331449,-26.9415473992366,0.0 -53.133195,-26.9415670992366,0.0 -53.1332391,-26.9415846992366,0.0 -53.1332808,-26.9415995992366,0.0 -53.1333202,-26.9416128992366,0.0 -53.1333505,-26.9416257992366,0.0 -53.1333996,-26.9416491992366,0.0 -53.1334626,-26.9416799992366,0.0 -53.1335144,-26.9417056992366,0.0 -53.1335479,-26.9417260992366,0.0 -53.1336082,-26.9417599992366,0.0 -53.1336777,-26.9417978992366,0.0 -53.1337107,-26.9418146992366,0.0 -53.1337326,-26.9418264992366,0.0 -53.1337894,-26.9418538992366,0.0 -53.1338563,-26.9418843992366,0.0 -53.1338939,-26.9418990992366,0.0 -53.1339364,-26.9419145992366,0.0 -53.1340009,-26.9419364992366,0.0 -53.1340595,-26.9419532992366,0.0 -53.1340995,-26.9419629992366,0.0 -53.1341386,-26.9419704992366,0.0 -53.1341709,-26.9419753992366,0.0 -53.134198,-26.9419774992366,0.0 -53.134225,-26.9419787992366,0.0 -53.1342557,-26.9419798992366,0.0 -53.1342871,-26.9419788992366,0.0 -53.1343177,-26.9419767992366,0.0 -53.1343484,-26.9419730992366,0.0 -53.134379,-26.9419674992366,0.0 -53.1344075,-26.9419615992366,0.0 -53.1344342,-26.9419548992366,0.0 -53.1344609,-26.9419492992366,0.0 -53.1344902,-26.9419456992366,0.0 -53.1345175,-26.9419455992366,0.0 -53.1345521,-26.9419464992366,0.0 -53.1345986,-26.9419483992366,0.0 -53.1346445,-26.9419515992365,0.0 -53.1346871,-26.9419552992366,0.0 -53.1347266,-26.9419623992366,0.0 -53.1347662,-26.9419751992366,0.0 -53.1348089,-26.9419901992366,0.0 -53.1348408,-26.9419997992366,0.0 -53.1348522,-26.9420031992366,0.0 -53.1348743,-26.9420085992366,0.0 -53.1348905,-26.9420107992366,0.0 -53.1349204,-26.9420157992365,0.0 -53.1349546,-26.9420222992366,0.0 -53.1349875,-26.9420274992366,0.0 -53.1350176,-26.9420302992366,0.0 -53.1350509,-26.9420339992366,0.0 -53.1350904,-26.9420406992365,0.0 -53.1351383,-26.9420518992366,0.0 -53.1351898,-26.9420622992366,0.0 -53.135248,-26.9420798992366,0.0 -53.1353222,-26.9421002992366,0.0 -53.135374,-26.9421126992366,0.0 -53.135384,-26.9421163992366,0.0 -53.1353956,-26.9421206992366,0.0 -53.1354068,-26.9421247992365,0.0 -53.1354164,-26.9421276992366,0.0 -53.135433,-26.9421322992366,0.0 -53.1354461,-26.9421364992366,0.0 -53.1354602,-26.9421410992366,0.0 -53.1354762,-26.9421465992366,0.0 -53.135493,-26.9421531992366,0.0 -53.1355143,-26.9421619992366,0.0 -53.1355432,-26.9421736992366,0.0 -53.1355796,-26.9421872992366,0.0 -53.1356168,-26.9421997992366,0.0 -53.1356276,-26.9422045992366,0.0 -53.1356414,-26.9422110992365,0.0 -53.1356586,-26.9422203992366,0.0 -53.1356779,-26.9422307992366,0.0 -53.1356976,-26.9422414992366,0.0 -53.1357185,-26.9422524992365,0.0 -53.1357416,-26.9422652992366,0.0 -53.1357705,-26.9422815992366,0.0 -53.1358003,-26.9422977992366,0.0 -53.1358106,-26.9423049992365,0.0 -53.1358283,-26.9423164992365,0.0 -53.1358495,-26.9423298992365,0.0 -53.1358712,-26.9423435992366,0.0 -53.135893,-26.9423556992366,0.0 -53.1359143,-26.9423663992366,0.0 -53.1359368,-26.9423739992365,0.0 -53.1359624,-26.9423800992366,0.0 -53.1359907,-26.9423859992365,0.0 -53.1360192,-26.9423930992366,0.0 -53.1360482,-26.9424008992365,0.0 -53.1360762,-26.9424089992366,0.0 -53.1360945,-26.9424146992366,0.0 -53.1361036,-26.9424175992365,0.0 -53.1361326,-26.9424257992365,0.0 -53.1361657,-26.9424341992366,0.0 -53.1362031,-26.9424418992365,0.0 -53.1362434,-26.9424485992365,0.0 -53.1362821,-26.9424538992365,0.0 -53.1363183,-26.9424581992365,0.0 -53.136362,-26.9424636992365,0.0 -53.1364051,-26.9424684992366,0.0 -53.1364436,-26.9424724992365,0.0 -53.136477,-26.9424744992365,0.0 -53.1365087,-26.9424743992365,0.0 -53.1365397,-26.9424722992365,0.0 -53.1365721,-26.9424676992365,0.0 -53.1366047,-26.9424612992365,0.0 -53.1366371,-26.9424521992366,0.0 -53.1366681,-26.9424404992366,0.0 -53.136696,-26.9424290992365,0.0 -53.1367223,-26.9424215992365,0.0 -53.1367624,-26.9424087992366,0.0 -53.136806,-26.9423944992365,0.0 -53.1368421,-26.9423820992365,0.0 -53.1368693,-26.9423714992365,0.0 -53.1368916,-26.9423635992365,0.0 -53.1369136,-26.9423556992366,0.0 -53.1369362,-26.9423475992365,0.0 -53.1369608,-26.9423390992365,0.0 -53.1369878,-26.9423297992365,0.0 -53.137016,-26.9423207992365,0.0 -53.1370447,-26.9423120992366,0.0 -53.1370732,-26.9423035992365,0.0 -53.1371025,-26.9422961992366,0.0 -53.1371238,-26.9422916992365,0.0 -53.1371368,-26.9422903992366,0.0 -53.1371522,-26.9422883992365,0.0 -53.1371741,-26.9422866992366,0.0 -53.1372012,-26.9422852992366,0.0 -53.1372296,-26.9422839992365,0.0 -53.1372483,-26.9422831992365,0.0 -53.1372661,-26.9422839992365,0.0 -53.1373035,-26.9422834992365,0.0 -53.1373501,-26.9422822992365,0.0 -53.1373902,-26.9422817992366,0.0 -53.1374035,-26.9422820992365,0.0 -53.1374275,-26.9422811992366,0.0 -53.1374707,-26.9422784992366,0.0 -53.1375147,-26.9422753992365,0.0 -53.1375312,-26.9422733992365,0.0 -53.1375578,-26.9422714992366,0.0 -53.1375967,-26.9422691992365,0.0 -53.1376357,-26.9422655992365,0.0 -53.1376723,-26.9422627992366,0.0 -53.1377166,-26.9422594992365,0.0 -53.1377505,-26.9422571992366,0.0 -53.1377662,-26.9422568992366,0.0 -53.1377946,-26.9422552992365,0.0 -53.1378237,-26.9422522992365,0.0 -53.1378477,-26.9422489992366,0.0 -53.1378677,-26.9422467992365,0.0 -53.1378864,-26.9422453992366,0.0 -53.1379055,-26.9422437992366,0.0 -53.1379269,-26.9422421992366,0.0 -53.1379485,-26.9422418992365,0.0 -53.1379615,-26.9422426992366,0.0 -53.1379843,-26.9422438992366,0.0 -53.1380094,-26.9422455992365,0.0 -53.1380318,-26.9422475992366,0.0 -53.1380523,-26.9422504992366,0.0 -53.138073,-26.9422549992366,0.0 -53.1380943,-26.9422611992366,0.0 -53.1381101,-26.9422669992366,0.0 -53.1381269,-26.9422808992366,0.0 -53.1381506,-26.9423029992365,0.0 -53.1381719,-26.9423284992365,0.0 -53.1381797,-26.9423454992365,0.0 -53.138192,-26.9423618992365,0.0 -53.1382128,-26.9423905992365,0.0 -53.1382336,-26.9424228992365,0.0 -53.1382447,-26.9424433992365,0.0 -53.138254,-26.9424590992365,0.0 -53.1382731,-26.9424876992365,0.0 -53.1382911,-26.9425155992365,0.0 -53.1383076,-26.9425372992366,0.0 -53.1383323,-26.9425631992365,0.0 -53.1383598,-26.9425904992365,0.0 -53.1383726,-26.9426030992365,0.0 -53.1384021,-26.9426243992365,0.0 -53.138434,-26.9426444992365,0.0 -53.1384621,-26.9426621992366,0.0 -53.1384717,-26.9426697992365,0.0 -53.1384993,-26.9426851992365,0.0 -53.1385329,-26.9427015992365,0.0 -53.1385505,-26.9427106992365,0.0 -53.1385722,-26.9427180992365,0.0 -53.1386064,-26.9427295992365,0.0 -53.1386357,-26.9427395992365,0.0 -53.1386453,-26.9427422992365,0.0 -53.1386659,-26.9427464992365,0.0 -53.1386897,-26.9427508992365,0.0 -53.138712,-26.9427548992365,0.0 -53.1387327,-26.9427582992365,0.0 -53.1387439,-26.9427594992365,0.0 -53.1387569,-26.9427631992365,0.0 -53.1387722,-26.9427671992365,0.0 -53.1387859,-26.9427709992365,0.0 -53.138797,-26.9427741992365,0.0 -53.1388068,-26.9427772992365,0.0 -53.1388246,-26.9427842992365,0.0 -53.1388423,-26.9427909992365,0.0 -53.1388608,-26.9427962992365,0.0 -53.1388785,-26.9428021992365,0.0 -53.1388974,-26.9428072992365,0.0 -53.1389082,-26.9428088992365,0.0 -53.1389203,-26.9428095992365,0.0 -53.1389329,-26.9428091992365,0.0 -53.1389455,-26.9428074992365,0.0 -53.1389576,-26.9428041992365,0.0 -53.1389693,-26.9427988992365,0.0 -53.1389799,-26.9427915992365,0.0 -53.138989,-26.9427821992365,0.0 -53.1389968,-26.9427708992365,0.0 -53.1390062,-26.9427564992365,0.0 -53.1390172,-26.9427392992365,0.0 -53.1390291,-26.9427212992365,0.0 -53.1390374,-26.9427069992365,0.0 -53.1390491,-26.9426946992365,0.0 -53.1390587,-26.9426823992365,0.0 -53.1390646,-26.9426705992365,0.0 -53.1390691,-26.9426581992365,0.0 -53.1390722,-26.9426450992365,0.0 -53.1390738,-26.9426308992365,0.0 -53.1390737,-26.9426156992365,0.0 -53.1390719,-26.9426001992365,0.0 -53.1390681,-26.9425841992365,0.0 -53.1390631,-26.9425683992365,0.0 -53.1390573,-26.9425529992366,0.0 -53.1390517,-26.9425384992365,0.0 -53.1390469,-26.9425248992365,0.0 -53.1390443,-26.9425126992365,0.0 -53.1390455,-26.9425002992365,0.0 -53.1390515,-26.9424864992365,0.0 -53.1390623,-26.9424710992365,0.0 -53.1390764,-26.9424546992365,0.0 -53.1390901,-26.9424393992365,0.0 -53.139098,-26.9424304992366,0.0 -53.139121,-26.9424140992366,0.0 -53.139151,-26.9423948992366,0.0 -53.1391827,-26.9423742992366,0.0 -53.1392092,-26.9423553992366,0.0 -53.1392215,-26.9423455992365,0.0 -53.1392493,-26.9423312992365,0.0 -53.1392882,-26.9423099992366,0.0 -53.1393245,-26.9422897992366,0.0 -53.1393431,-26.9422789992366,0.0 -53.1393689,-26.9422626992366,0.0 -53.1393996,-26.9422400992366,0.0 -53.1394219,-26.9422190992366,0.0 -53.139444,-26.9422007992366,0.0 -53.1394742,-26.9421753992366,0.0 -53.1394979,-26.9421523992366,0.0 -53.1395162,-26.9421328992366,0.0 -53.1395414,-26.9421122992366,0.0 -53.1395712,-26.9420890992366,0.0 -53.1395952,-26.9420696992366,0.0 -53.1396158,-26.9420549992366,0.0 -53.1396462,-26.9420362992366,0.0 -53.1396739,-26.9420188992366,0.0 -53.1396854,-26.9420111992366,0.0 -53.1396985,-26.9420027992366,0.0 -53.1397104,-26.9419951992366,0.0 -53.1397211,-26.9419885992366,0.0 -53.1397299,-26.9419829992366,0.0 -53.1397428,-26.9419753992366,0.0 -53.1397537,-26.9419689992366,0.0 -53.1397659,-26.9419615992366,0.0 -53.1397786,-26.9419538992366,0.0 -53.1397906,-26.9419465992366,0.0 -53.1398012,-26.9419401992366,0.0 -53.1398106,-26.9419349992366,0.0 -53.1398225,-26.9419285992366,0.0 -53.1398326,-26.9419241992366,0.0 -53.1398434,-26.9419198992365,0.0 -53.1398526,-26.9419158992366,0.0 -53.1398909,-26.9418958992366,0.0 -53.1399262,-26.9419271992366,0.0 -53.1399606,-26.9419585992366,0.0 -53.1399826,-26.9419848992366,0.0 -53.140005,-26.9420041992366,0.0 -53.140027,-26.9420256992366,0.0 -53.1400376,-26.9420354992366,0.0 -53.1400442,-26.9420401992366,0.0 -53.1400563,-26.9420508992366,0.0 -53.1400657,-26.9420593992366,0.0 -53.1400714,-26.9420638992366,0.0 -53.1400766,-26.9420675992366,0.0 -53.140082,-26.9420711992366,0.0 -53.1400894,-26.9420758992366,0.0 -53.1400986,-26.9420827992366,0.0 -53.1401034,-26.9420865992366,0.0 -53.1401108,-26.9420907992366,0.0 -53.1401161,-26.9420945992366,0.0 -53.140125,-26.9421020992365,0.0 -53.1401338,-26.9421100992366,0.0 -53.1401483,-26.9421231992366,0.0 -53.1401551,-26.9421301992366,0.0 -53.1401645,-26.9421372992366,0.0 -53.1401695,-26.9421422992366,0.0 -53.1401797,-26.9421510992366,0.0 -53.1401916,-26.9421621992365,0.0 -53.1401994,-26.9421686992366,0.0 -53.140206,-26.9421738992366,0.0 -53.1402202,-26.9421864992365,0.0 -53.140227,-26.9421930992366,0.0 -53.1402345,-26.9422000992366,0.0 -53.1402423,-26.9422068992365,0.0 -53.1402491,-26.9422132992365,0.0 -53.140261,-26.9422241992365,0.0 -53.1402655,-26.9422287992366,0.0 -53.140269,-26.9422324992365,0.0 -53.1402738,-26.9422375992365,0.0 -53.1402863,-26.9422482992366,0.0 -53.1402922,-26.9422538992365,0.0 -53.1403008,-26.9422610992366,0.0 -53.1403057,-26.9422653992366,0.0 -53.1403136,-26.9422723992366,0.0 -53.1403237,-26.9422823992365,0.0 -53.1403309,-26.9422881992366,0.0 -53.1403441,-26.9422988992366,0.0 -53.1403504,-26.9423038992366,0.0 -53.1403581,-26.9423101992366,0.0 -53.1403656,-26.9423167992366,0.0 -53.1403731,-26.9423224992366,0.0 -53.1403821,-26.9423299992365,0.0 -53.1403894,-26.9423352992365,0.0 -53.140397,-26.9423401992365,0.0 -53.1404022,-26.9423440992366,0.0 -53.1404091,-26.9423482992365,0.0 -53.1404151,-26.9423523992366,0.0 -53.140421,-26.9423559992365,0.0 -53.1404259,-26.9423585992365,0.0 -53.1404329,-26.9423612992365,0.0 -53.1404406,-26.9423662992366,0.0 -53.1404451,-26.9423680992365,0.0 -53.1404517,-26.9423724992365,0.0 -53.1404575,-26.9423752992366,0.0 -53.1404646,-26.9423812992365,0.0 -53.1404693,-26.9423831992365,0.0 -53.1404747,-26.9423848992366,0.0 -53.1404813,-26.9423900992366,0.0 -53.1404873,-26.9423918992366,0.0 -53.1404921,-26.9423955992366,0.0 -53.1404987,-26.9423975992365,0.0 -53.1405053,-26.9424028992365,0.0 -53.1405132,-26.9424052992366,0.0 -53.1405191,-26.9424102992365,0.0 -53.1405283,-26.9424131992365,0.0 -53.1405333,-26.9424173992366,0.0 -53.140543,-26.9424204992365,0.0 -53.1405522,-26.9424266992365,0.0 -53.1405593,-26.9424290992365,0.0 -53.1405658,-26.9424333992365,0.0 -53.1405758,-26.9424393992365,0.0 -53.1405818,-26.9424426992365,0.0 -53.140591,-26.9424484992365,0.0 -53.1406038,-26.9424559992366,0.0 -53.1406108,-26.9424603992365,0.0 -53.1406172,-26.9424639992365,0.0 -53.1406296,-26.9424709992365,0.0 -53.1406397,-26.9424769992366,0.0 -53.1406481,-26.9424812992365,0.0 -53.1406557,-26.9424858992365,0.0 -53.1406658,-26.9424924992365,0.0 -53.1406715,-26.9424958992365,0.0 -53.1406815,-26.9425010992366,0.0 -53.140696,-26.9425092992365,0.0 -53.1407038,-26.9425131992365,0.0 -53.1407154,-26.9425194992365,0.0 -53.140722,-26.9425225992365,0.0 -53.1407294,-26.9425272992365,0.0 -53.1407408,-26.9425331992365,0.0 -53.1407545,-26.9425412992365,0.0 -53.140763,-26.9425453992365,0.0 -53.1407692,-26.9425482992365,0.0 -53.1407756,-26.9425514992366,0.0 -53.1407901,-26.9425596992365,0.0 -53.1407987,-26.9425639992365,0.0 -53.1408062,-26.9425682992366,0.0 -53.1408144,-26.9425724992365,0.0 -53.140821,-26.9425766992365,0.0 -53.1408291,-26.9425810992365,0.0 -53.1408429,-26.9425888992365,0.0 -53.1408505,-26.9425933992365,0.0 -53.140859,-26.9425984992365,0.0 -53.1408751,-26.9426071992365,0.0 -53.1408808,-26.9426103992365,0.0 -53.1408852,-26.9426128992365,0.0 -53.1408958,-26.9426180992365,0.0 -53.1409035,-26.9426226992365,0.0 -53.1409124,-26.9426274992366,0.0 -53.1409246,-26.9426346992365,0.0 -53.140928,-26.9426363992365,0.0 -53.1409314,-26.9426379992365,0.0 -53.1409375,-26.9426410992365,0.0 -53.1409517,-26.9426484992365,0.0 -53.1409609,-26.9426531992365,0.0 -53.1409755,-26.9426601992365,0.0 -53.1409848,-26.9426648992365,0.0 -53.1409899,-26.9426671992365,0.0 -53.1409988,-26.9426712992365,0.0 -53.1410073,-26.9426762992365,0.0 -53.1410186,-26.9426828992365,0.0 -53.141026,-26.9426873992365,0.0 -53.1410327,-26.9426911992365,0.0 -53.1410373,-26.9426941992365,0.0 -53.1410533,-26.9427028992365,0.0 -53.1410605,-26.9427077992365,0.0 -53.1410684,-26.9427129992365,0.0 -53.1410843,-26.9427216992365,0.0 -53.1410892,-26.9427247992365,0.0 -53.1410946,-26.9427287992365,0.0 -53.1411037,-26.9427331992365,0.0 -53.1411113,-26.9427385992365,0.0 -53.1411183,-26.9427434992365,0.0 -53.1411257,-26.9427488992365,0.0 -53.14113,-26.9427519992365,0.0 -53.1411429,-26.9427605992365,0.0 -53.1411508,-26.9427661992365,0.0 -53.1411582,-26.9427715992365,0.0 -53.1411731,-26.9427812992365,0.0 -53.1411798,-26.9427864992365,0.0 -53.1411889,-26.9427927992365,0.0 -53.1411983,-26.9428012992365,0.0 -53.1412071,-26.9428087992365,0.0 -53.1412143,-26.9428153992365,0.0 -53.1412191,-26.9428199992365,0.0 -53.1412313,-26.9428304992365,0.0 -53.1412352,-26.9428339992365,0.0 -53.1412413,-26.9428396992365,0.0 -53.1412518,-26.9428492992365,0.0 -53.1412582,-26.9428549992365,0.0 -53.1412605,-26.9428572992365,0.0 -53.1412627,-26.9428595992365,0.0 -53.1412705,-26.9428664992365,0.0 -53.1412806,-26.9428766992365,0.0 -53.1412881,-26.9428834992365,0.0 -53.1412936,-26.9428886992365,0.0 -53.1413053,-26.9429002992365,0.0 -53.1413116,-26.9429067992365,0.0 -53.1413182,-26.9429132992365,0.0 -53.1413244,-26.9429201992365,0.0 -53.1413305,-26.9429260992365,0.0 -53.1413417,-26.9429384992365,0.0 -53.1413465,-26.9429427992365,0.0 -53.141353,-26.9429484992365,0.0 -53.1413648,-26.9429617992365,0.0 -53.1413707,-26.9429670992365,0.0 -53.1413743,-26.9429708992365,0.0 -53.1413772,-26.9429739992365,0.0 -53.1413801,-26.9429769992365,0.0 -53.1413853,-26.9429840992365,0.0 -53.1413912,-26.9429903992365,0.0 -53.1413964,-26.9429967992365,0.0 -53.1414017,-26.9430025992365,0.0 -53.1414104,-26.9430132992365,0.0 -53.141416,-26.9430193992365,0.0 -53.141421,-26.9430250992365,0.0 -53.1414307,-26.9430360992365,0.0 -53.1414361,-26.9430416992365,0.0 -53.1414407,-26.9430461992365,0.0 -53.1414465,-26.9430519992365,0.0 -53.1414512,-26.9430570992365,0.0 -53.1414563,-26.9430613992365,0.0 -53.1414633,-26.9430678992365,0.0 -53.1414698,-26.9430724992365,0.0 -53.1414771,-26.9430784992365,0.0 -53.1414838,-26.9430828992365,0.0 -53.1414912,-26.9430874992365,0.0 -53.1414974,-26.9430907992365,0.0 -53.1415034,-26.9430942992365,0.0 -53.1415094,-26.9430967992365,0.0 -53.1415159,-26.9430984992365,0.0 -53.1415222,-26.9431003992365,0.0 -53.1415288,-26.9431016992365,0.0 -53.1415343,-26.9431025992365,0.0 -53.1415436,-26.9431048992365,0.0 -53.1415514,-26.9431073992365,0.0 -53.1415588,-26.9431080992365,0.0 -53.1415635,-26.9431096992365,0.0 -53.1415708,-26.9431106992365,0.0 -53.1415798,-26.9431133992365,0.0 -53.1415862,-26.9431147992365,0.0 -53.1415928,-26.9431175992365,0.0 -53.1416009,-26.9431208992365,0.0 -53.1416062,-26.9431233992365,0.0 -53.1416125,-26.9431265992365,0.0 -53.1416199,-26.9431298992365,0.0 -53.1416254,-26.9431341992365,0.0 -53.14163,-26.9431388992365,0.0 -53.1416356,-26.9431420992365,0.0 -53.1416394,-26.9431462992365,0.0 -53.1416432,-26.9431492992365,0.0 -53.1416465,-26.9431536992365,0.0 -53.1416493,-26.9431580992365,0.0 -53.1416531,-26.9431616992365,0.0 -53.1416571,-26.9431654992365,0.0 -53.1416614,-26.9431696992365,0.0 -53.1416651,-26.9431733992365,0.0 -53.1416808,-26.9431959992365,0.0 -53.1416846,-26.9431997992365,0.0 -53.1416888,-26.9432040992365,0.0 -53.1416942,-26.9432096992365,0.0 -53.1416993,-26.9432147992365,0.0 -53.1417053,-26.9432206992365,0.0 -53.1417118,-26.9432268992365,0.0 -53.1417175,-26.9432320992365,0.0 -53.1417239,-26.9432378992365,0.0 -53.1417296,-26.9432423992365,0.0 -53.1417362,-26.9432475992365,0.0 -53.1417429,-26.9432521992365,0.0 -53.141749,-26.9432564992365,0.0 -53.141754,-26.9432597992365,0.0 -53.1417595,-26.9432634992365,0.0 -53.1417655,-26.9432684992365,0.0 -53.141771,-26.9432730992365,0.0 -53.1417776,-26.9432782992365,0.0 -53.1417848,-26.9432838992365,0.0 -53.1417882,-26.9432862992365,0.0 -53.1417924,-26.9432892992365,0.0 -53.1417973,-26.9432922992365,0.0 -53.1418015,-26.9432948992365,0.0 -53.1418073,-26.9432982992365,0.0 -53.1418127,-26.9433014992365,0.0 -53.1418186,-26.9433047992365,0.0 -53.141825,-26.9433083992365,0.0 -53.1418323,-26.9433119992365,0.0 -53.1418391,-26.9433152992365,0.0 -53.1418464,-26.9433188992365,0.0 -53.141854,-26.9433224992365,0.0 -53.1418617,-26.9433259992365,0.0 -53.1418692,-26.9433292992365,0.0 -53.1418769,-26.9433326992365,0.0 -53.1418849,-26.9433361992365,0.0 -53.1418937,-26.9433397992365,0.0 -53.1419022,-26.9433432992365,0.0 -53.1419119,-26.9433471992365,0.0 -53.1419221,-26.9433511992365,0.0 -53.1419338,-26.9433553992365,0.0 -53.1419452,-26.9433593992365,0.0 -53.1419592,-26.9433641992365,0.0 -53.1419735,-26.9433690992365,0.0 -53.1419897,-26.9433740992365,0.0 -53.1420061,-26.9433791992365,0.0 -53.1420207,-26.9433844992365,0.0 -53.1420346,-26.9433895992365,0.0 -53.1420442,-26.9433933992365,0.0 -53.1420544,-26.9433972992365,0.0 -53.1420696,-26.9434038992365,0.0 -53.1420845,-26.9434102992365,0.0 -53.1421038,-26.9434186992365,0.0 -53.1421232,-26.9434270992365,0.0 -53.1421441,-26.9434357992365,0.0 -53.1421654,-26.9434447992365,0.0 -53.1421882,-26.9434533992365,0.0 -53.1422117,-26.9434621992365,0.0 -53.1422244,-26.9434661992365,0.0 -53.1422371,-26.9434700992365,0.0 -53.1422619,-26.9434777992365,0.0 -53.1422855,-26.9434849992365,0.0 -53.1423089,-26.9434920992365,0.0 -53.1423273,-26.9434974992365,0.0 -53.1423458,-26.9435028992365,0.0 -53.1423729,-26.9435117992365,0.0 -53.1423997,-26.9435204992365,0.0 -53.1424303,-26.9435304992365,0.0 -53.142461,-26.9435404992365,0.0 -53.1424887,-26.9435494992365,0.0 -53.1425165,-26.9435584992365,0.0 -53.1425333,-26.9435640992365,0.0 -53.1425503,-26.9435695992365,0.0 -53.1425623,-26.9435736992365,0.0 -53.1425863,-26.9435818992365,0.0 -53.1425983,-26.9435859992365,0.0 -53.1426268,-26.9435950992365,0.0 -53.142655,-26.9436040992365,0.0 -53.1426826,-26.9436128992365,0.0 -53.1427103,-26.9436217992365,0.0 -53.1427271,-26.9436275992365,0.0 -53.1427461,-26.9436339992365,0.0 -53.1427606,-26.9436428992365,0.0 -53.1427735,-26.9436508992365,0.0 -53.1427989,-26.9436654992365,0.0 -53.142824,-26.9436799992365,0.0 -53.1428539,-26.9436973992365,0.0 -53.1428838,-26.9437149992365,0.0 -53.1429059,-26.9437281992365,0.0 -53.1429291,-26.9437421992365,0.0 -53.1429474,-26.9437571992365,0.0 -53.1429649,-26.9437716992365,0.0 -53.1430647,-26.9438479992365,0.0 -53.1543062,-26.9484909992364,0.0 -53.1577787,-26.9507807992364,0.0 -53.1579119,-26.9508685992364,0.0 -53.1594468,-26.9519302992364,0.0 -53.1610436,-26.9529803992363,0.0 -53.166518,-26.9566239992363,0.0 -53.1665446,-26.9566251992363,0.0 -53.1665708,-26.9566278992363,0.0 -53.166602,-26.9566324992363,0.0 -53.1666321,-26.9566379992363,0.0 -53.1666459,-26.9566417992363,0.0 -53.1666826,-26.9566511992363,0.0 -53.1667057,-26.9566568992363,0.0 -53.1667334,-26.9566636992363,0.0 -53.1667835,-26.9566777992363,0.0 -53.1668102,-26.9566869992363,0.0 -53.1668283,-26.9566939992363,0.0 -53.16687,-26.9567074992363,0.0 -53.1669206,-26.9567236992363,0.0 -53.1669584,-26.9567355992363,0.0 -53.1670012,-26.9567423992363,0.0 -53.1670462,-26.9567457992363,0.0 -53.1670845,-26.9567473992363,0.0 -53.1671508,-26.9567352992363,0.0 -53.1672266,-26.9567188992363,0.0 -53.1672706,-26.9567079992363,0.0 -53.1673271,-26.9566922992363,0.0 -53.1673687,-26.9566795992363,0.0 -53.1673797,-26.9566783992363,0.0 -53.1674772,-26.9566520992363,0.0 -53.1675164,-26.9566390992363,0.0 -53.1675438,-26.9566322992363,0.0 -53.1675916,-26.9566179992363,0.0 -53.1676393,-26.9566018992363,0.0 -53.1676534,-26.9565961992363,0.0 -53.1677278,-26.9565731992363,0.0 -53.1678108,-26.9565453992363,0.0 -53.1678748,-26.9565273992363,0.0 -53.1679558,-26.9565034992363,0.0 -53.1680285,-26.9564830992363,0.0 -53.1680506,-26.9564780992363,0.0 -53.1680709,-26.9564738992363,0.0 -53.1680952,-26.9564692992363,0.0 -53.1681241,-26.9564640992363,0.0 -53.1681578,-26.9564574992363,0.0 -53.1681975,-26.9564478992363,0.0 -53.1682451,-26.9564362992363,0.0 -53.1682932,-26.9564256992363,0.0 -53.1683266,-26.9564207992363,0.0 -53.1683645,-26.9564110992363,0.0 -53.1684056,-26.9564006992363,0.0 -53.1684422,-26.9563905992363,0.0 -53.1684729,-26.9563808992363,0.0 -53.1684995,-26.9563707992363,0.0 -53.1685259,-26.9563605992363,0.0 -53.1685505,-26.9563509992363,0.0 -53.1685736,-26.9563399992363,0.0 -53.1685929,-26.9563281992363,0.0 -53.1686041,-26.9563186992363,0.0 -53.1686232,-26.9562997992363,0.0 -53.1686367,-26.9562832992363,0.0 -53.1686501,-26.9562658992363,0.0 -53.1686642,-26.9562477992363,0.0 -53.1686796,-26.9562296992363,0.0 -53.1686951,-26.9562116992363,0.0 -53.1687127,-26.9561930992363,0.0 -53.168732,-26.9561734992363,0.0 -53.1687492,-26.9561569992363,0.0 -53.1687614,-26.9561417992363,0.0 -53.1687813,-26.9561226992363,0.0 -53.1688043,-26.9561020992363,0.0 -53.1688265,-26.9560824992363,0.0 -53.1688484,-26.9560612992363,0.0 -53.1688618,-26.9560487992363,0.0 -53.1688739,-26.9560374992363,0.0 -53.168905,-26.9560097992363,0.0 -53.1689372,-26.9559801992363,0.0 -53.1689649,-26.9559544992363,0.0 -53.1689785,-26.9559393992363,0.0 -53.1689897,-26.9559275992363,0.0 -53.1690138,-26.9559029992363,0.0 -53.1690428,-26.9558733992363,0.0 -53.1690724,-26.9558425992363,0.0 -53.1691021,-26.9558146992363,0.0 -53.1691163,-26.9558012992363,0.0 -53.1691291,-26.9557890992363,0.0 -53.169155,-26.9557646992363,0.0 -53.1691832,-26.9557399992363,0.0 -53.1692127,-26.9557161992363,0.0 -53.1692357,-26.9556980992363,0.0 -53.1692488,-26.9556878992363,0.0 -53.1692625,-26.9556789992363,0.0 -53.169284,-26.9556666992363,0.0 -53.1693097,-26.9556529992363,0.0 -53.1693356,-26.9556387992363,0.0 -53.1693592,-26.9556260992363,0.0 -53.1693809,-26.9556142992363,0.0 -53.1693968,-26.9556047992363,0.0 -53.1694059,-26.9555993992363,0.0 -53.1694268,-26.9555887992363,0.0 -53.1694419,-26.9555808992363,0.0 -53.1694595,-26.9555718992363,0.0 -53.1694802,-26.9555623992363,0.0 -53.169503,-26.9555523992363,0.0 -53.1695222,-26.9555446992363,0.0 -53.1695527,-26.9555337992363,0.0 -53.1695885,-26.9555219992363,0.0 -53.1696284,-26.9555088992363,0.0 -53.1696618,-26.9554974992363,0.0 -53.1696727,-26.9554942992363,0.0 -53.1696922,-26.9554900992363,0.0 -53.1697318,-26.9554822992363,0.0 -53.169778,-26.9554735992363,0.0 -53.1698141,-26.9554664992363,0.0 -53.1698356,-26.9554618992363,0.0 -53.1698564,-26.9554573992363,0.0 -53.1698774,-26.9554536992363,0.0 -53.1698971,-26.9554506992363,0.0 -53.1699134,-26.9554476992363,0.0 -53.1699287,-26.9554439992363,0.0 -53.1699453,-26.9554402992363,0.0 -53.1699648,-26.9554357992363,0.0 -53.1699824,-26.9554317992363,0.0 -53.1699994,-26.9554276992363,0.0 -53.1700157,-26.9554229992363,0.0 -53.1700321,-26.9554178992363,0.0 -53.1700465,-26.9554127992363,0.0 -53.170058,-26.9554077992363,0.0 -53.1700682,-26.9554023992363,0.0 -53.1700774,-26.9553972992363,0.0 -53.1700868,-26.9553924992363,0.0 -53.170101,-26.9553823992363,0.0 -53.1701133,-26.9553683992363,0.0 -53.1701193,-26.9553593992363,0.0 -53.1701269,-26.9553492992363,0.0 -53.170135,-26.9553392992363,0.0 -53.1701428,-26.9553300992363,0.0 -53.1701498,-26.9553208992363,0.0 -53.1701559,-26.9553119992363,0.0 -53.1701628,-26.9553026992363,0.0 -53.1701701,-26.9552937992363,0.0 -53.1701798,-26.9552830992363,0.0 -53.1701881,-26.9552747992363,0.0 -53.1701977,-26.9552656992363,0.0 -53.1702083,-26.9552571992363,0.0 -53.1702201,-26.9552490992363,0.0 -53.1702327,-26.9552421992363,0.0 -53.1702456,-26.9552356992363,0.0 -53.1702591,-26.9552295992363,0.0 -53.1702735,-26.9552237992363,0.0 -53.1702883,-26.9552179992363,0.0 -53.1703027,-26.9552121992363,0.0 -53.1703161,-26.9552059992363,0.0 -53.170328,-26.9551996992363,0.0 -53.1703392,-26.9551930992363,0.0 -53.1703497,-26.9551858992363,0.0 -53.1703603,-26.9551780992363,0.0 -53.1703715,-26.9551690992363,0.0 -53.1703822,-26.9551618992363,0.0 -53.1703993,-26.9551479992363,0.0 -53.1704123,-26.9551375992363,0.0 -53.170424,-26.9551277992363,0.0 -53.1704349,-26.9551185992363,0.0 -53.1704466,-26.9551100992363,0.0 -53.17046,-26.9551027992363,0.0 -53.1704744,-26.9550961992363,0.0 -53.1704883,-26.9550889992363,0.0 -53.1705007,-26.9550811992363,0.0 -53.1705113,-26.9550728992363,0.0 -53.1705203,-26.9550636992363,0.0 -53.1705292,-26.9550536992363,0.0 -53.1705384,-26.9550433992363,0.0 -53.1705478,-26.9550333992363,0.0 -53.1705585,-26.9550229992363,0.0 -53.1705706,-26.9550131992363,0.0 -53.1705837,-26.9550037992363,0.0 -53.1705943,-26.9549974992363,0.0 -53.1706058,-26.9549879992363,0.0 -53.1706186,-26.9549773992363,0.0 -53.1706319,-26.9549672992363,0.0 -53.1706445,-26.9549579992363,0.0 -53.1706555,-26.9549497992363,0.0 -53.1706654,-26.9549414992363,0.0 -53.1706746,-26.9549328992363,0.0 -53.170685,-26.9549235992363,0.0 -53.1706962,-26.9549130992363,0.0 -53.1707084,-26.9549012992363,0.0 -53.1707194,-26.9548900992363,0.0 -53.1707333,-26.9548768992363,0.0 -53.1707477,-26.9548638992363,0.0 -53.1707637,-26.9548494992363,0.0 -53.1707777,-26.9548369992363,0.0 -53.1707892,-26.9548261992363,0.0 -53.1707983,-26.9548175992363,0.0 -53.1708054,-26.9548111992363,0.0 -53.1708165,-26.9548015992363,0.0 -53.1708252,-26.9547949992363,0.0 -53.170837,-26.9547852992363,0.0 -53.170848,-26.9547755992363,0.0 -53.1708585,-26.9547623992363,0.0 -53.170867,-26.9547522992363,0.0 -53.1708749,-26.9547419992363,0.0 -53.1708819,-26.9547314992363,0.0 -53.1708884,-26.9547215992363,0.0 -53.1708944,-26.9547119992363,0.0 -53.1709011,-26.9547023992363,0.0 -53.1709081,-26.9546927992363,0.0 -53.1709164,-26.9546826992363,0.0 -53.170927,-26.9546712992363,0.0 -53.1709395,-26.9546591992363,0.0 -53.1709534,-26.9546476992363,0.0 -53.1709645,-26.9546400992363,0.0 -53.1709765,-26.9546321992363,0.0 -53.1709918,-26.9546228992363,0.0 -53.1710081,-26.9546139992363,0.0 -53.1710237,-26.9546061992363,0.0 -53.1710386,-26.9545991992363,0.0 -53.1710533,-26.9545933992363,0.0 -53.1710687,-26.9545888992363,0.0 -53.171084,-26.9545857992363,0.0 -53.1710993,-26.9545836992363,0.0 -53.1711142,-26.9545827992363,0.0 -53.171128,-26.9545827992363,0.0 -53.1711408,-26.9545831992363,0.0 -53.1711519,-26.9545844992363,0.0 -53.1711703,-26.9545893992363,0.0 -53.171187,-26.9545971992363,0.0 -53.1712025,-26.9546070992363,0.0 -53.1712178,-26.9546182992363,0.0 -53.1712325,-26.9546295992363,0.0 -53.1712404,-26.9546356992363,0.0 -53.1712483,-26.9546417992363,0.0 -53.171257,-26.9546473992363,0.0 -53.1712667,-26.9546524992363,0.0 -53.1712782,-26.9546567992363,0.0 -53.1712913,-26.9546598992363,0.0 -53.1712978,-26.9546604992363,0.0 -53.171304,-26.9546610992363,0.0 -53.1713284,-26.9546600992363,0.0 -53.1713479,-26.9546581992363,0.0 -53.1713674,-26.9546552992363,0.0 -53.1713868,-26.9546514992363,0.0 -53.1714069,-26.9546473992363,0.0 -53.1714277,-26.9546442992363,0.0 -53.1714495,-26.9546419992363,0.0 -53.1714722,-26.9546405992363,0.0 -53.1714931,-26.9546394992363,0.0 -53.1715264,-26.9546424992363,0.0 -53.17156,-26.9546449992363,0.0 -53.1715912,-26.9546486992363,0.0 -53.1716039,-26.9546521992363,0.0 -53.1716255,-26.9546553992363,0.0 -53.1716481,-26.9546604992363,0.0 -53.1716732,-26.9546681992363,0.0 -53.1716968,-26.9546773992363,0.0 -53.1717064,-26.9546805992363,0.0 -53.1717226,-26.9546866992363,0.0 -53.1717394,-26.9546931992363,0.0 -53.171754,-26.9546987992363,0.0 -53.1717656,-26.9547040992363,0.0 -53.1717749,-26.9547089992363,0.0 -53.1717834,-26.9547138992363,0.0 -53.1717985,-26.9547224992363,0.0 -53.1718123,-26.9547305992363,0.0 -53.1718211,-26.9547353992363,0.0 -53.1718316,-26.9547413992363,0.0 -53.1718428,-26.9547472992363,0.0 -53.1718533,-26.9547524992363,0.0 -53.1718626,-26.9547569992363,0.0 -53.1718797,-26.9547644992363,0.0 -53.1718893,-26.9547685992363,0.0 -53.1719005,-26.9547731992363,0.0 -53.1719143,-26.9547778992363,0.0 -53.17193,-26.9547818992363,0.0 -53.1719539,-26.9547891992363,0.0 -53.1719805,-26.9547941992363,0.0 -53.1720052,-26.9547974992363,0.0 -53.1720251,-26.9547991992363,0.0 -53.1720415,-26.9548000992363,0.0 -53.1720576,-26.9547987992363,0.0 -53.1720756,-26.9547960992363,0.0 -53.1720947,-26.9547921992363,0.0 -53.1721125,-26.9547869992363,0.0 -53.1721293,-26.9547804992363,0.0 -53.1721447,-26.9547731992363,0.0 -53.1721595,-26.9547648992363,0.0 -53.1721749,-26.9547553992363,0.0 -53.1721913,-26.9547442992363,0.0 -53.172207,-26.9547329992363,0.0 -53.1722229,-26.9547230992363,0.0 -53.1722432,-26.9547101992363,0.0 -53.1722637,-26.9546969992363,0.0 -53.1722804,-26.9546846992363,0.0 -53.1722925,-26.9546732992363,0.0 -53.1723012,-26.9546633992363,0.0 -53.1723094,-26.9546547992363,0.0 -53.1723174,-26.9546468992363,0.0 -53.1723251,-26.9546394992363,0.0 -53.1723326,-26.9546318992363,0.0 -53.1723399,-26.9546249992363,0.0 -53.1723473,-26.9546185992363,0.0 -53.1723554,-26.9546123992363,0.0 -53.1723648,-26.9546060992363,0.0 -53.1723749,-26.9546000992363,0.0 -53.1723898,-26.9545842992363,0.0 -53.1724036,-26.9545746992363,0.0 -53.172419,-26.9545667992363,0.0 -53.1724364,-26.9545608992363,0.0 -53.172454,-26.9545569992363,0.0 -53.1724722,-26.9545547992363,0.0 -53.1724905,-26.9545535992363,0.0 -53.1725103,-26.9545528992363,0.0 -53.1725303,-26.9545529992363,0.0 -53.1725472,-26.9545534992363,0.0 -53.1725647,-26.9545548992363,0.0 -53.1725873,-26.9545550992363,0.0 -53.1726076,-26.9545540992363,0.0 -53.1726235,-26.9545518992363,0.0 -53.1726369,-26.9545494992363,0.0 -53.1726501,-26.9545466992363,0.0 -53.1726581,-26.9545444992363,0.0 -53.1726626,-26.9545432992363,0.0 -53.1726745,-26.9545395992363,0.0 -53.1726853,-26.9545356992363,0.0 -53.1727032,-26.9545277992363,0.0 -53.1727133,-26.9545240992363,0.0 -53.1727261,-26.9545179992363,0.0 -53.1727357,-26.9545082992363,0.0 -53.1727409,-26.9544964992363,0.0 -53.1727442,-26.9544836992363,0.0 -53.1727462,-26.9544686992363,0.0 -53.1727468,-26.9544521992363,0.0 -53.1727464,-26.9544430992363,0.0 -53.172746,-26.9544332992363,0.0 -53.1727448,-26.9544216992363,0.0 -53.1727434,-26.9544105992363,0.0 -53.1727421,-26.9544015992363,0.0 -53.1727403,-26.9543883992363,0.0 -53.1727368,-26.9543741992363,0.0 -53.1727321,-26.9543598992363,0.0 -53.172725,-26.9543434992363,0.0 -53.1727206,-26.9543336992363,0.0 -53.1727156,-26.9543226992363,0.0 -53.1727107,-26.9543108992363,0.0 -53.1727051,-26.9542976992363,0.0 -53.1727007,-26.9542842992363,0.0 -53.1726975,-26.9542669992363,0.0 -53.1726966,-26.9542570992363,0.0 -53.1726968,-26.9542471992363,0.0 -53.1726986,-26.9542372992363,0.0 -53.1727024,-26.9542272992363,0.0 -53.1727083,-26.9542160992363,0.0 -53.1727167,-26.9542038992363,0.0 -53.1727263,-26.9541926992363,0.0 -53.1727302,-26.9541816992363,0.0 -53.1727406,-26.9541706992363,0.0 -53.1727509,-26.9541606992363,0.0 -53.1727599,-26.9541526992363,0.0 -53.1727691,-26.9541457992363,0.0 -53.1727795,-26.9541394992363,0.0 -53.1727919,-26.9541324992363,0.0 -53.1728079,-26.9541245992363,0.0 -53.1728291,-26.9541152992363,0.0 -53.1728541,-26.9541062992363,0.0 -53.1728765,-26.9540994992363,0.0 -53.172891,-26.9540933992363,0.0 -53.1729037,-26.9540895992363,0.0 -53.172917,-26.9540855992363,0.0 -53.1729307,-26.9540810992363,0.0 -53.1729454,-26.9540757992363,0.0 -53.1729605,-26.9540698992363,0.0 -53.172977,-26.9540628992363,0.0 -53.1729945,-26.9540548992363,0.0 -53.1730123,-26.9540461992363,0.0 -53.1730286,-26.9540375992363,0.0 -53.1730528,-26.9540263992363,0.0 -53.1730714,-26.9540165992363,0.0 -53.1730874,-26.9540069992363,0.0 -53.1730996,-26.9539972992363,0.0 -53.1731095,-26.9539880992363,0.0 -53.1731178,-26.9539791992363,0.0 -53.1731255,-26.9539702992363,0.0 -53.173132,-26.9539610992363,0.0 -53.1731383,-26.9539518992363,0.0 -53.1731449,-26.9539429992363,0.0 -53.1731518,-26.9539349992363,0.0 -53.1731581,-26.9539278992363,0.0 -53.1731689,-26.9539161992363,0.0 -53.1731785,-26.9539070992363,0.0 -53.1731882,-26.9538984992363,0.0 -53.1732094,-26.9538835992363,0.0 -53.1733201,-26.9538168992363,0.0 -53.1733123,-26.9538107992363,0.0 -53.1733072,-26.9538066992363,0.0 -53.1733009,-26.9538007992363,0.0 -53.173295,-26.9537957992363,0.0 -53.1732898,-26.9537898992363,0.0 -53.1732848,-26.9537829992363,0.0 -53.1732812,-26.9537775992363,0.0 -53.1732782,-26.9537710992363,0.0 -53.1732749,-26.9537643992363,0.0 -53.1732719,-26.9537578992363,0.0 -53.173269,-26.9537518992363,0.0 -53.1732654,-26.9537449992363,0.0 -53.1732619,-26.9537379992363,0.0 -53.1732591,-26.9537299992363,0.0 -53.1732563,-26.9537221992363,0.0 -53.1732521,-26.9537115992363,0.0 -53.1732494,-26.9537059992363,0.0 -53.1732473,-26.9537016992363,0.0 -53.1732446,-26.9536940992363,0.0 -53.1732414,-26.9536856992363,0.0 -53.1732375,-26.9536759992363,0.0 -53.173235,-26.9536699992363,0.0 -53.1732327,-26.9536645992363,0.0 -53.1732312,-26.9536606992363,0.0 -53.1732283,-26.9536528992363,0.0 -53.1732271,-26.9536499992363,0.0 -53.1732245,-26.9536438992363,0.0 -53.1732214,-26.9536349992363,0.0 -53.173218,-26.9536260992363,0.0 -53.1732157,-26.9536210992363,0.0 -53.1732126,-26.9536120992363,0.0 -53.1732084,-26.9536017992363,0.0 -53.1732058,-26.9535941992363,0.0 -53.1732016,-26.9535824992363,0.0 -53.1731992,-26.9535745992363,0.0 -53.1731975,-26.9535685992363,0.0 -53.1731938,-26.9535562992363,0.0 -53.1731926,-26.9535515992363,0.0 -53.1731901,-26.9535428992363,0.0 -53.1731871,-26.9535345992363,0.0 -53.1731854,-26.9535268992363,0.0 -53.1731824,-26.9535149992363,0.0 -53.1731812,-26.9535076992363,0.0 -53.173179,-26.9534993992363,0.0 -53.1731755,-26.9534851992363,0.0 -53.1731732,-26.9534763992363,0.0 -53.1731717,-26.9534706992363,0.0 -53.1731712,-26.9534600992363,0.0 -53.1731699,-26.9534535992363,0.0 -53.1731699,-26.9534433992363,0.0 -53.1731678,-26.9534346992363,0.0 -53.1731681,-26.9534290992363,0.0 -53.1731665,-26.9534204992363,0.0 -53.1731672,-26.9534158992363,0.0 -53.173167,-26.9534108992363,0.0 -53.1731662,-26.9534026992363,0.0 -53.1731683,-26.9533918992363,0.0 -53.1731678,-26.9533806992363,0.0 -53.1731702,-26.9533702992363,0.0 -53.1731714,-26.9533627992363,0.0 -53.173173,-26.9533566992363,0.0 -53.173175,-26.9533481992363,0.0 -53.1731771,-26.9533406992363,0.0 -53.1731798,-26.9533368992363,0.0 -53.1731829,-26.9533281992363,0.0 -53.1731895,-26.9533187992363,0.0 -53.1731914,-26.9533144992363,0.0 -53.1731947,-26.9533086992363,0.0 -53.1731983,-26.9533037992363,0.0 -53.1732057,-26.9532934992363,0.0 -53.1732106,-26.9532876992363,0.0 -53.1732166,-26.9532792992363,0.0 -53.1732229,-26.9532724992363,0.0 -53.1732256,-26.9532686992363,0.0 -53.1732298,-26.9532642992363,0.0 -53.1732338,-26.9532606992363,0.0 -53.1732382,-26.9532569992363,0.0 -53.1732449,-26.9532519992363,0.0 -53.173249,-26.9532486992363,0.0 -53.1732529,-26.9532457992363,0.0 -53.173262,-26.9532388992363,0.0 -53.1732661,-26.9532360992363,0.0 -53.1732704,-26.9532331992363,0.0 -53.1732796,-26.9532254992363,0.0 -53.173284,-26.9532223992363,0.0 -53.1732879,-26.9532191992363,0.0 -53.1732961,-26.9532119992363,0.0 -53.1733,-26.9532080992363,0.0 -53.1733052,-26.9532034992363,0.0 -53.1733102,-26.9531973992363,0.0 -53.1733136,-26.9531937992363,0.0 -53.1733211,-26.9531852992363,0.0 -53.1733267,-26.9531776992363,0.0 -53.1733337,-26.9531685992363,0.0 -53.1733419,-26.9531593992363,0.0 -53.1733473,-26.9531531992363,0.0 -53.1733539,-26.9531456992363,0.0 -53.1733619,-26.9531375992363,0.0 -53.1733677,-26.9531309992363,0.0 -53.1733748,-26.9531236992363,0.0 -53.1733831,-26.9531156992363,0.0 -53.1733895,-26.9531099992363,0.0 -53.1733974,-26.9531040992363,0.0 -53.1734072,-26.9530950992363,0.0 -53.1734166,-26.9530879992363,0.0 -53.1734256,-26.9530797992363,0.0 -53.1734345,-26.9530731992363,0.0 -53.1734422,-26.9530658992363,0.0 -53.1734487,-26.9530612992363,0.0 -53.1734534,-26.9530575992363,0.0 -53.1734595,-26.9530530992363,0.0 -53.1734703,-26.9530448992363,0.0 -53.1734781,-26.9530390992363,0.0 -53.1734862,-26.9530329992363,0.0 -53.1734986,-26.9530233992363,0.0 -53.1735062,-26.9530174992363,0.0 -53.1735173,-26.9530083992363,0.0 -53.1735232,-26.9530036992363,0.0 -53.1735286,-26.9529992992363,0.0 -53.173536,-26.9529929992363,0.0 -53.1735413,-26.9529881992363,0.0 -53.1735455,-26.9529840992363,0.0 -53.1735501,-26.9529797992363,0.0 -53.173558,-26.9529719992363,0.0 -53.1735653,-26.9529650992363,0.0 -53.1735743,-26.9529555992363,0.0 -53.1735796,-26.9529503992363,0.0 -53.1735831,-26.9529460992363,0.0 -53.173592,-26.9529367992363,0.0 -53.1735953,-26.9529326992363,0.0 -53.1735991,-26.9529273992363,0.0 -53.1736068,-26.9529190992363,0.0 -53.1736105,-26.9529139992364,0.0 -53.1736164,-26.9529073992363,0.0 -53.1736194,-26.9529026992363,0.0 -53.1736227,-26.9528985992363,0.0 -53.1736252,-26.9528943992363,0.0 -53.1736288,-26.9528897992363,0.0 -53.1736329,-26.9528817992363,0.0 -53.1736379,-26.9528752992363,0.0 -53.1736398,-26.9528710992364,0.0 -53.1736452,-26.9528637992363,0.0 -53.1736474,-26.9528592992363,0.0 -53.1736501,-26.9528543992363,0.0 -53.1736551,-26.9528477992363,0.0 -53.1736583,-26.9528425992363,0.0 -53.1736618,-26.9528373992363,0.0 -53.1736659,-26.9528321992363,0.0 -53.1736692,-26.9528275992364,0.0 -53.1736725,-26.9528231992363,0.0 -53.1736756,-26.9528190992363,0.0 -53.1736784,-26.9528150992363,0.0 -53.1736831,-26.9528082992363,0.0 -53.1736888,-26.9528011992364,0.0 -53.1736926,-26.9527955992363,0.0 -53.1736975,-26.9527894992364,0.0 -53.1737008,-26.9527852992363,0.0 -53.1737059,-26.9527795992363,0.0 -53.1737113,-26.9527738992363,0.0 -53.173716,-26.9527689992364,0.0 -53.1737197,-26.9527649992364,0.0 -53.1737242,-26.9527595992363,0.0 -53.1737281,-26.9527554992363,0.0 -53.1737322,-26.9527505992363,0.0 -53.1737364,-26.9527458992364,0.0 -53.1737409,-26.9527411992364,0.0 -53.1737513,-26.9527291992363,0.0 -53.1737562,-26.9527243992364,0.0 -53.1737616,-26.9527194992364,0.0 -53.1737722,-26.9527080992363,0.0 -53.1737781,-26.9527029992364,0.0 -53.1737872,-26.9526935992363,0.0 -53.1737935,-26.9526884992363,0.0 -53.1737995,-26.9526833992363,0.0 -53.1738045,-26.9526781992364,0.0 -53.1738105,-26.9526728992363,0.0 -53.1738163,-26.9526679992364,0.0 -53.1738252,-26.9526612992364,0.0 -53.1738307,-26.9526566992364,0.0 -53.1738398,-26.9526506992364,0.0 -53.1738466,-26.9526457992363,0.0 -53.1738553,-26.9526407992363,0.0 -53.1738623,-26.9526363992364,0.0 -53.1738692,-26.9526322992364,0.0 -53.1738772,-26.9526274992364,0.0 -53.173906,-26.9526065992363,0.0 -53.1739328,-26.9525860992363,0.0 -53.1739512,-26.9525666992363,0.0 -53.1739594,-26.9525551992364,0.0 -53.1739644,-26.9525441992364,0.0 -53.17397,-26.9525181992364,0.0 -53.1739783,-26.9524886992364,0.0 -53.173985,-26.9524713992363,0.0 -53.1739941,-26.9524586992364,0.0 -53.1740042,-26.9524456992363,0.0 -53.1740217,-26.9524302992364,0.0 -53.1740452,-26.9524114992364,0.0 -53.1740734,-26.9523917992364,0.0 -53.1741141,-26.9523625992364,0.0 -53.174139,-26.9523445992364,0.0 -53.1741688,-26.9523198992364,0.0 -53.1741749,-26.9523149992364,0.0 -53.1741822,-26.9523083992364,0.0 -53.1741877,-26.9523033992364,0.0 -53.1741992,-26.9522927992364,0.0 -53.1742038,-26.9522886992364,0.0 -53.1742077,-26.9522850992364,0.0 -53.1742171,-26.9522753992364,0.0 -53.1742211,-26.9522716992364,0.0 -53.1742258,-26.9522674992364,0.0 -53.1742299,-26.9522628992364,0.0 -53.1742365,-26.9522570992364,0.0 -53.1742478,-26.9522449992364,0.0 -53.1742515,-26.9522414992364,0.0 -53.1742551,-26.9522380992364,0.0 -53.1742589,-26.9522345992364,0.0 -53.1742709,-26.9522231992364,0.0 -53.1742747,-26.9522197992364,0.0 -53.1742789,-26.9522159992364,0.0 -53.1742835,-26.9522116992364,0.0 -53.1742933,-26.9522024992364,0.0 -53.1742982,-26.9521979992364,0.0 -53.1743029,-26.9521935992364,0.0 -53.1743073,-26.9521890992364,0.0 -53.1743137,-26.9521828992364,0.0 -53.174323,-26.9521737992364,0.0 -53.1743266,-26.9521705992364,0.0 -53.1743333,-26.9521648992364,0.0 -53.1743473,-26.9521530992364,0.0 -53.1743538,-26.9521478992364,0.0 -53.1743604,-26.9521427992364,0.0 -53.1743749,-26.9521317992364,0.0 -53.1743801,-26.9521277992364,0.0 -53.1743853,-26.9521239992364,0.0 -53.1743966,-26.9521157992364,0.0 -53.1744013,-26.9521118992364,0.0 -53.1744067,-26.9521086992364,0.0 -53.1744119,-26.9521051992364,0.0 -53.1744163,-26.9521022992364,0.0 -53.1744216,-26.9520989992364,0.0 -53.1744266,-26.9520956992364,0.0 -53.1744317,-26.9520922992364,0.0 -53.1744451,-26.9520832992364,0.0 -53.1744504,-26.9520798992364,0.0 -53.1744558,-26.9520766992364,0.0 -53.1744619,-26.9520731992364,0.0 -53.1744776,-26.9520626992364,0.0 -53.1744837,-26.9520589992364,0.0 -53.1744928,-26.9520530992364,0.0 -53.174508,-26.9520428992364,0.0 -53.1745132,-26.9520393992364,0.0 -53.1745185,-26.9520360992364,0.0 -53.1745304,-26.9520278992364,0.0 -53.1745386,-26.9520227992364,0.0 -53.1745429,-26.9520200992364,0.0 -53.1745488,-26.9520157992364,0.0 -53.1745545,-26.9520121992364,0.0 -53.1745683,-26.9520032992364,0.0 -53.1745756,-26.9519984992364,0.0 -53.174584,-26.9519926992364,0.0 -53.1746,-26.9519827992364,0.0 -53.1746088,-26.9519768992364,0.0 -53.1746175,-26.9519710992364,0.0 -53.174632,-26.9519621992364,0.0 -53.1746409,-26.9519568992364,0.0 -53.1746539,-26.9519493992364,0.0 -53.1746627,-26.9519441992364,0.0 -53.1746706,-26.9519393992364,0.0 -53.17469,-26.9519281992364,0.0 -53.1746953,-26.9519249992364,0.0 -53.174705,-26.9519198992364,0.0 -53.1747153,-26.9519142992364,0.0 -53.1747388,-26.9519009992364,0.0 -53.1747481,-26.9518954992364,0.0 -53.174757,-26.9518903992364,0.0 -53.1747788,-26.9518775992364,0.0 -53.1747875,-26.9518728992364,0.0 -53.174796,-26.9518683992364,0.0 -53.1748041,-26.9518640992364,0.0 -53.174819,-26.9518547992364,0.0 -53.1748269,-26.9518505992364,0.0 -53.1748315,-26.9518475992364,0.0 -53.1748392,-26.9518433992364,0.0 -53.174858,-26.9518341992364,0.0 -53.174865,-26.9518298992364,0.0 -53.17487,-26.9518269992364,0.0 -53.1748772,-26.9518229992364,0.0 -53.1748978,-26.9518119992364,0.0 -53.1749053,-26.9518078992364,0.0 -53.1749121,-26.9518040992364,0.0 -53.1749189,-26.9517998992364,0.0 -53.1749369,-26.9517893992364,0.0 -53.1749439,-26.9517850992364,0.0 -53.1749509,-26.9517806992364,0.0 -53.1749629,-26.9517725992364,0.0 -53.1749695,-26.9517681992364,0.0 -53.1749754,-26.9517637992364,0.0 -53.1749795,-26.9517611992364,0.0 -53.1749848,-26.9517571992364,0.0 -53.1749966,-26.9517485992364,0.0 -53.1750016,-26.9517446992364,0.0 -53.1750064,-26.9517409992364,0.0 -53.175011,-26.9517372992364,0.0 -53.1750278,-26.9517253992364,0.0 -53.1750324,-26.9517217992364,0.0 -53.1750369,-26.9517181992364,0.0 -53.1750419,-26.9517142992364,0.0 -53.1750475,-26.9517096992364,0.0 -53.1750651,-26.9516971992364,0.0 -53.1750714,-26.9516922992364,0.0 -53.175081,-26.9516847992364,0.0 -53.1750964,-26.9516739992364,0.0 -53.1751033,-26.9516689992364,0.0 -53.1751133,-26.9516621992364,0.0 -53.1751207,-26.9516570992364,0.0 -53.1751279,-26.9516523992364,0.0 -53.1751371,-26.9516451992364,0.0 -53.1751444,-26.9516404992364,0.0 -53.1751563,-26.9516309992364,0.0 -53.1751633,-26.9516263992364,0.0 -53.1751702,-26.9516220992364,0.0 -53.1751823,-26.9516122992364,0.0 -53.1751885,-26.9516084992364,0.0 -53.1751944,-26.9516049992364,0.0 -53.1752064,-26.9515957992364,0.0 -53.1752121,-26.9515924992364,0.0 -53.1752181,-26.9515892992364,0.0 -53.1752307,-26.9515812992364,0.0 -53.1752365,-26.9515782992364,0.0 -53.1752424,-26.9515752992364,0.0 -53.1752486,-26.9515720992364,0.0 -53.1752623,-26.9515648992364,0.0 -53.1752686,-26.9515614992364,0.0 -53.175277,-26.9515568992364,0.0 -53.1752911,-26.9515503992364,0.0 -53.1752961,-26.9515480992364,0.0 -53.1753085,-26.9515429992364,0.0 -53.1753145,-26.9515405992364,0.0 -53.1753211,-26.9515382992364,0.0 -53.1753281,-26.9515359992364,0.0 -53.1753349,-26.9515336992364,0.0 -53.1753478,-26.9515287992364,0.0 -53.1753544,-26.9515268992364,0.0 -53.1753608,-26.9515250992364,0.0 -53.1753752,-26.9515195992364,0.0 -53.1753816,-26.9515177992364,0.0 -53.1753881,-26.9515158992364,0.0 -53.1753948,-26.9515137992364,0.0 -53.1754099,-26.9515074992364,0.0 -53.1754168,-26.9515050992364,0.0 -53.1754238,-26.9515021992364,0.0 -53.1754391,-26.9514943992364,0.0 -53.1754461,-26.9514911992364,0.0 -53.1754531,-26.9514872992364,0.0 -53.1754599,-26.9514830992364,0.0 -53.1754749,-26.9514740992364,0.0 -53.1754815,-26.9514694992364,0.0 -53.1754879,-26.9514646992364,0.0 -53.1755019,-26.9514546992364,0.0 -53.1755082,-26.9514495992364,0.0 -53.1755149,-26.9514442992364,0.0 -53.1755267,-26.9514340992364,0.0 -53.1755334,-26.9514285992364,0.0 -53.1755405,-26.9514224992364,0.0 -53.1755478,-26.9514150992364,0.0 -53.175555,-26.9514085992364,0.0 -53.1755618,-26.9514018992364,0.0 -53.1755743,-26.9513899992364,0.0 -53.1755797,-26.9513818992364,0.0 -53.1755851,-26.9513758992364,0.0 -53.1755996,-26.9513622992364,0.0 -53.1756052,-26.9513553992364,0.0 -53.1756103,-26.9513493992364,0.0 -53.1756225,-26.9513375992364,0.0 -53.1756267,-26.9513325992364,0.0 -53.1756309,-26.9513280992364,0.0 -53.1756371,-26.9513216992364,0.0 -53.1756412,-26.9513174992364,0.0 -53.1756499,-26.9513093992364,0.0 -53.1756541,-26.9513053992364,0.0 -53.1756583,-26.9513013992364,0.0 -53.1756625,-26.9512976992364,0.0 -53.1756783,-26.9512847992364,0.0 -53.1756827,-26.9512808992364,0.0 -53.1756873,-26.9512769992364,0.0 -53.1756922,-26.9512729992364,0.0 -53.1757096,-26.9512590992364,0.0 -53.1757145,-26.9512549992364,0.0 -53.1757196,-26.9512509992364,0.0 -53.1757248,-26.9512467992364,0.0 -53.17573,-26.9512425992364,0.0 -53.1757453,-26.9512299992364,0.0 -53.1757509,-26.9512256992364,0.0 -53.1757566,-26.9512215992364,0.0 -53.1757668,-26.9512128992364,0.0 -53.1757726,-26.9512087992364,0.0 -53.1757781,-26.9512049992364,0.0 -53.1757849,-26.9511990992364,0.0 -53.1757906,-26.9511953992364,0.0 -53.1758002,-26.9511882992364,0.0 -53.1758062,-26.9511843992364,0.0 -53.1758129,-26.9511802992364,0.0 -53.1758234,-26.9511728992364,0.0 -53.1758299,-26.9511687992364,0.0 -53.1758404,-26.9511618992364,0.0 -53.175847,-26.9511574992364,0.0 -53.1758531,-26.9511535992364,0.0 -53.175863,-26.9511473992364,0.0 -53.1758692,-26.9511434992364,0.0 -53.1758784,-26.9511379992364,0.0 -53.1758842,-26.9511345992364,0.0 -53.1758895,-26.9511314992364,0.0 -53.1759416,-26.9511049992364,0.0 -53.1909426,-26.9511081992364,0.0 -53.2046446,-26.9496551992364,0.0 -53.2059793,-26.9495135992364,0.0 -53.2059384,-26.9494623992364,0.0 -53.2058659,-26.9493830992364,0.0 -53.2058026,-26.9493161992364,0.0 -53.2057533,-26.9492638992364,0.0 -53.2056914,-26.9491869992364,0.0 -53.2056373,-26.9491141992364,0.0 -53.2055866,-26.9490430992364,0.0 -53.205532,-26.9489452992364,0.0 -53.2054987,-26.9488684992364,0.0 -53.2054802,-26.9488196992364,0.0 -53.2054615,-26.9487664992364,0.0 -53.2054437,-26.9487195992364,0.0 -53.2054154,-26.9486580992364,0.0 -53.2053922,-26.9486103992364,0.0 -53.2053613,-26.9485530992364,0.0 -53.2053276,-26.9484897992364,0.0 -53.2053035,-26.9484318992364,0.0 -53.205288,-26.9483815992364,0.0 -53.2052768,-26.9482790992364,0.0 -53.205282,-26.9482463992364,0.0 -53.2052943,-26.9482052992364,0.0 -53.2053121,-26.9481812992364,0.0 -53.2053433,-26.9481636992364,0.0 -53.2053793,-26.9481525992364,0.0 -53.2054197,-26.9481452992364,0.0 -53.2055058,-26.9481311992364,0.0 -53.2055552,-26.9481254992364,0.0 -53.2056118,-26.9481196992364,0.0 -53.2057142,-26.9481005992364,0.0 -53.205788,-26.9480767992364,0.0 -53.2058434,-26.9480612992364,0.0 -53.2059223,-26.9480461992364,0.0 -53.2059826,-26.9480435992364,0.0 -53.2060314,-26.9480459992364,0.0 -53.2060743,-26.9480495992364,0.0 -53.2061612,-26.9480598992364,0.0 -53.2062083,-26.9480649992364,0.0 -53.2062536,-26.9480673992364,0.0 -53.2062994,-26.9480681992364,0.0 -53.2063513,-26.9480689992364,0.0 -53.2063811,-26.9480717992364,0.0 -53.206411,-26.9480745992364,0.0 -53.206472,-26.9480844992364,0.0 -53.2065261,-26.9480987992364,0.0 -53.2066232,-26.9481344992364,0.0 -53.2066838,-26.9481590992364,0.0 -53.2067541,-26.9482019992364,0.0 -53.2068263,-26.9482498992364,0.0 -53.2068816,-26.9482879992364,0.0 -53.2069448,-26.9483472992364,0.0 -53.2069912,-26.9484044992364,0.0 -53.2070572,-26.9484962992364,0.0 -53.2070999,-26.9485534992364,0.0 -53.207139,-26.9486053992364,0.0 -53.2071819,-26.9486777992364,0.0 -53.2072125,-26.9487307992364,0.0 -53.2072467,-26.9487803992364,0.0 -53.2072797,-26.9488235992364,0.0 -53.2073144,-26.9488607992364,0.0 -53.2073545,-26.9488919992364,0.0 -53.2073988,-26.9489161992364,0.0 -53.2074453,-26.9489315992364,0.0 -53.2075347,-26.9489418992364,0.0 -53.2076106,-26.9489316992364,0.0 -53.2076689,-26.9489090992364,0.0 -53.207738,-26.9488739992364,0.0 -53.2078039,-26.9488308992364,0.0 -53.207862,-26.9487808992364,0.0 -53.2079141,-26.9487266992364,0.0 -53.2079625,-26.9486682992364,0.0 -53.208005,-26.9486077992364,0.0 -53.208068,-26.9485088992364,0.0 -53.2081175,-26.9484375992364,0.0 -53.2081622,-26.9483587992364,0.0 -53.208192,-26.9482870992364,0.0 -53.2082057,-26.9482267992364,0.0 -53.2082005,-26.9481157992364,0.0 -53.2081922,-26.9480648992364,0.0 -53.2081844,-26.9479994992364,0.0 -53.2081691,-26.9479515992364,0.0 -53.2081432,-26.9478941992364,0.0 -53.2081106,-26.9478397992364,0.0 -53.2080575,-26.9477823992364,0.0 -53.2079444,-26.9477073992364,0.0 -53.2078934,-26.9476804992364,0.0 -53.2077514,-26.9476438992364,0.0 -53.2076748,-26.9476306992364,0.0 -53.2076052,-26.9476077992364,0.0 -53.2075505,-26.9475670992364,0.0 -53.2075105,-26.9475180992365,0.0 -53.2074853,-26.9474753992364,0.0 -53.207471,-26.9473800992364,0.0 -53.2074798,-26.9472983992365,0.0 -53.2074965,-26.9472396992365,0.0 -53.2075217,-26.9471820992365,0.0 -53.207569,-26.9471257992364,0.0 -53.2076217,-26.9470827992365,0.0 -53.2076729,-26.9470575992365,0.0 -53.2077259,-26.9470403992365,0.0 -53.2078445,-26.9470085992365,0.0 -53.2079089,-26.9469918992365,0.0 -53.2080453,-26.9469405992365,0.0 -53.2081084,-26.9469151992365,0.0 -53.2082074,-26.9468857992365,0.0 -53.2082922,-26.9468643992365,0.0 -53.2083897,-26.9468371992365,0.0 -53.2084433,-26.9468183992365,0.0 -53.208488,-26.9467969992365,0.0 -53.2085248,-26.9467708992365,0.0 -53.2085543,-26.9467351992365,0.0 -53.2085795,-26.9466860992365,0.0 -53.2085927,-26.9466529992365,0.0 -53.2086162,-26.9465788992365,0.0 -53.2086278,-26.9465412992365,0.0 -53.2086427,-26.9464734992365,0.0 -53.2086542,-26.9463866992365,0.0 -53.2086649,-26.9462984992365,0.0 -53.2086784,-26.9462111992365,0.0 -53.2086877,-26.9461171992365,0.0 -53.2086919,-26.9460369992365,0.0 -53.2086954,-26.9459217992365,0.0 -53.2086965,-26.9458525992365,0.0 -53.2086962,-26.9457554992365,0.0 -53.2086965,-26.9456641992365,0.0 -53.2086911,-26.9455987992365,0.0 -53.2086802,-26.9455189992365,0.0 -53.2086732,-26.9454095992365,0.0 -53.2086729,-26.9453124992365,0.0 -53.2086793,-26.9452361992365,0.0 -53.2086947,-26.9451538992365,0.0 -53.2087106,-26.9450710992365,0.0 -53.2087231,-26.9450043992365,0.0 -53.2087222,-26.9449099992365,0.0 -53.2087186,-26.9448450992365,0.0 -53.2087283,-26.9447333992365,0.0 -53.2087502,-26.9446461992365,0.0 -53.2087713,-26.9446008992365,0.0 -53.2087835,-26.9445701992365,0.0 -53.2087969,-26.9445362992365,0.0 -53.208805,-26.9445028992365,0.0 -53.2088066,-26.9444843992365,0.0 -53.2088077,-26.9444722992365,0.0 -53.2088087,-26.9444475992365,0.0 -53.2088104,-26.9444395992365,0.0 -53.2088145,-26.9443761992365,0.0 -53.2088104,-26.9443160992365,0.0 -53.208792,-26.9442647992365,0.0 -53.2087671,-26.9442215992365,0.0 -53.2087404,-26.9441788992365,0.0 -53.2087101,-26.9441341992365,0.0 -53.208684,-26.9440930992365,0.0 -53.2086621,-26.9440568992365,0.0 -53.2086566,-26.9440413992365,0.0 -53.2086377,-26.9439991992365,0.0 -53.2086109,-26.9439457992365,0.0 -53.2085794,-26.9439052992365,0.0 -53.2085516,-26.9438722992365,0.0 -53.2085292,-26.9438440992365,0.0 -53.2085111,-26.9438195992365,0.0 -53.2084971,-26.9437987992365,0.0 -53.208485,-26.9437785992365,0.0 -53.2084789,-26.9437667992365,0.0 -53.2084498,-26.9437138992365,0.0 -53.2084237,-26.9436624992365,0.0 -53.2084066,-26.9436167992365,0.0 -53.2083949,-26.9435769992365,0.0 -53.2083904,-26.9435423992365,0.0 -53.2083884,-26.9435183992365,0.0 -53.2083824,-26.9434613992365,0.0 -53.2083681,-26.9433991992365,0.0 -53.2083516,-26.9433476992365,0.0 -53.2083404,-26.9433040992365,0.0 -53.2083364,-26.9432603992365,0.0 -53.2083419,-26.9432165992365,0.0 -53.2083517,-26.9431763992365,0.0 -53.2083662,-26.9431425992365,0.0 -53.2083815,-26.9431199992365,0.0 -53.2084086,-26.9430928992365,0.0 -53.2084406,-26.9430764992365,0.0 -53.2084768,-26.9430679992365,0.0 -53.208519,-26.9430625992365,0.0 -53.2085654,-26.9430598992365,0.0 -53.2086118,-26.9430602992365,0.0 -53.2086541,-26.9430591992365,0.0 -53.2086928,-26.9430559992365,0.0 -53.2087284,-26.9430501992365,0.0 -53.2087634,-26.9430416992365,0.0 -53.2087996,-26.9430267992365,0.0 -53.2088339,-26.9430038992365,0.0 -53.2088628,-26.9429762992365,0.0 -53.2088857,-26.9429476992365,0.0 -53.2088993,-26.9429320992365,0.0 -53.2089151,-26.9429045992365,0.0 -53.2089326,-26.9428733992365,0.0 -53.208949,-26.9428465992365,0.0 -53.2089654,-26.9428196992365,0.0 -53.2089866,-26.9427915992365,0.0 -53.2090124,-26.9427570992365,0.0 -53.2090359,-26.9427162992365,0.0 -53.2090545,-26.9426700992365,0.0 -53.2090641,-26.9426224992365,0.0 -53.209069,-26.9425802992365,0.0 -53.2090713,-26.9425684992366,0.0 -53.209075,-26.9425230992365,0.0 -53.2090757,-26.9424126992365,0.0 -53.2090798,-26.9423400992365,0.0 -53.2090816,-26.9422792992365,0.0 -53.209093,-26.9421718992366,0.0 -53.2091059,-26.9420868992366,0.0 -53.2091186,-26.9420482992366,0.0 -53.2091376,-26.9419845992366,0.0 -53.2091674,-26.9419259992366,0.0 -53.2091979,-26.9418817992366,0.0 -53.2092285,-26.9418472992366,0.0 -53.2092474,-26.9418266992366,0.0 -53.2093136,-26.9417820992366,0.0 -53.2093775,-26.9417406992366,0.0 -53.2094224,-26.9417080992366,0.0 -53.2094477,-26.9416815992366,0.0 -53.209463,-26.9416567992366,0.0 -53.2094663,-26.9416279992366,0.0 -53.2094629,-26.9415890992366,0.0 -53.2094565,-26.9415453992366,0.0 -53.2094496,-26.9415097992366,0.0 -53.2094366,-26.9414744992366,0.0 -53.2094125,-26.9414243992366,0.0 -53.2093828,-26.9413761992366,0.0 -53.2093604,-26.9413300992366,0.0 -53.2093523,-26.9413008992366,0.0 -53.2093179,-26.9412474992366,0.0 -53.2092793,-26.9411967992366,0.0 -53.2092515,-26.9411555992366,0.0 -53.2092333,-26.9411141992366,0.0 -53.2092221,-26.9410727992366,0.0 -53.2092188,-26.9410338992366,0.0 -53.2092227,-26.9410065992366,0.0 -53.2092526,-26.9409629992366,0.0 -53.2092833,-26.9409326992366,0.0 -53.209311,-26.9409039992366,0.0 -53.2093333,-26.9408716992366,0.0 -53.2093466,-26.9408400992366,0.0 -53.2093594,-26.9408089992366,0.0 -53.2093688,-26.9407938992366,0.0 -53.2093905,-26.9407631992366,0.0 -53.2094171,-26.9407430992366,0.0 -53.2094456,-26.9407298992366,0.0 -53.2094468,-26.9407293992366,0.0 -53.2094764,-26.9407187992366,0.0 -53.2095103,-26.9407113992366,0.0 -53.2095436,-26.9407087992366,0.0 -53.2095817,-26.9407103992366,0.0 -53.2096257,-26.9407129992366,0.0 -53.2096716,-26.9407139992366,0.0 -53.2097138,-26.9407138992366,0.0 -53.2097531,-26.9407144992366,0.0 -53.2097847,-26.9407123992366,0.0 -53.2098144,-26.9407066992366,0.0 -53.2098417,-26.9406988992366,0.0 -53.2098672,-26.9406893992366,0.0 -53.2098879,-26.9406811992366,0.0 -53.2099081,-26.9406701992366,0.0 -53.2099264,-26.9406555992366,0.0 -53.2099446,-26.9406333992366,0.0 -53.2099613,-26.9406046992366,0.0 -53.2099726,-26.9405732992366,0.0 -53.2099824,-26.9405405992366,0.0 -53.209991,-26.9405068992366,0.0 -53.2099965,-26.9404672992366,0.0 -53.2099985,-26.9404192992366,0.0 -53.209998,-26.9403712992366,0.0 -53.209994,-26.9403254992366,0.0 -53.2099918,-26.9402918992366,0.0 -53.2099935,-26.9402827992366,0.0 -53.2099674,-26.9402260992366,0.0 -53.2099347,-26.9401742992366,0.0 -53.2099052,-26.9401388992366,0.0 -53.2098758,-26.9401152992366,0.0 -53.2098483,-26.9400985992366,0.0 -53.209822,-26.9400839992366,0.0 -53.2097986,-26.9400699992366,0.0 -53.2097782,-26.9400573992366,0.0 -53.2097627,-26.9400469992366,0.0 -53.2097477,-26.9400369992366,0.0 -53.2097381,-26.9400296992366,0.0 -53.2097231,-26.9400133992366,0.0 -53.2096948,-26.9399822992366,0.0 -53.2096737,-26.9399542992366,0.0 -53.2096639,-26.9399309992366,0.0 -53.2096607,-26.9399069992366,0.0 -53.209661,-26.9398786992366,0.0 -53.2096601,-26.9398429992366,0.0 -53.2096561,-26.9398024992366,0.0 -53.2096434,-26.9397258992366,0.0 -53.2158714,-26.9397377992366,0.0 -53.2280493,-26.9396503992366,0.0 -53.2270827,-26.9350376992367,0.0 -53.2333366,-26.9350068992367,0.0 -53.2334112,-26.9350543992367,0.0 -53.2334617,-26.9350905992367,0.0 -53.2335934,-26.9351803992367,0.0 -53.2336453,-26.9352158992367,0.0 -53.2336683,-26.9352310992367,0.0 -53.2337754,-26.9353065992367,0.0 -53.233831,-26.9353512992367,0.0 -53.2338678,-26.9353717992367,0.0 -53.23393,-26.9353989992367,0.0 -53.2340041,-26.9354237992367,0.0 -53.2340854,-26.9354460992367,0.0 -53.2341713,-26.9354639992367,0.0 -53.2342569,-26.9354732992367,0.0 -53.234345,-26.9354846992367,0.0 -53.2344334,-26.9355046992367,0.0 -53.2345321,-26.9355458992367,0.0 -53.234646,-26.9356082992367,0.0 -53.2347109,-26.9356440992367,0.0 -53.234739,-26.9356572992367,0.0 -53.2348034,-26.9356801992367,0.0 -53.2348786,-26.9356994992367,0.0 -53.2349669,-26.9357172992367,0.0 -53.2350695,-26.9357325992367,0.0 -53.2351769,-26.9357433992367,0.0 -53.2352995,-26.9357460992367,0.0 -53.2354271,-26.9357530992367,0.0 -53.2354479,-26.9357621992367,0.0 -53.2354965,-26.9357800992367,0.0 -53.2355623,-26.9358061992367,0.0 -53.235639,-26.9358351992367,0.0 -53.2357192,-26.9358607992367,0.0 -53.2358028,-26.9358830992367,0.0 -53.2358889,-26.9359052992367,0.0 -53.2359715,-26.9359308992367,0.0 -53.2360497,-26.9359716992367,0.0 -53.2361346,-26.9360283992367,0.0 -53.2362011,-26.9360759992367,0.0 -53.2362369,-26.9361061992367,0.0 -53.236301,-26.9361538992367,0.0 -53.2363675,-26.9361993992367,0.0 -53.2364363,-26.9362447992367,0.0 -53.2364956,-26.9362925992367,0.0 -53.236555,-26.9363446992367,0.0 -53.2366185,-26.9364107992367,0.0 -53.2366736,-26.9364759992367,0.0 -53.2366984,-26.9364989992367,0.0 -53.2367599,-26.9365402992367,0.0 -53.23682,-26.9365783992367,0.0 -53.2368694,-26.9366156992367,0.0 -53.2369103,-26.9366521992367,0.0 -53.236945,-26.9366856992367,0.0 -53.2369797,-26.9367147992367,0.0 -53.2370093,-26.9367397992367,0.0 -53.2370474,-26.9367634992367,0.0 -53.2370891,-26.9367880992367,0.0 -53.2371462,-26.9368068992367,0.0 -53.2371754,-26.9368167992367,0.0 -53.2371863,-26.9368196992367,0.0 -53.2372299,-26.9368312992367,0.0 -53.2372881,-26.9368446992367,0.0 -53.2373532,-26.9368513992367,0.0 -53.2374134,-26.9368559992367,0.0 -53.2374603,-26.9368578992367,0.0 -53.2374988,-26.9368566992367,0.0 -53.2375288,-26.9368568992367,0.0 -53.2375576,-26.9368559992367,0.0 -53.2375839,-26.9368530992367,0.0 -53.237608,-26.9368522992367,0.0 -53.2376295,-26.9368494992367,0.0 -53.2376487,-26.9368489992367,0.0 -53.2376702,-26.9368461992367,0.0 -53.2376882,-26.9368444992367,0.0 -53.2377026,-26.9368440992367,0.0 -53.2377122,-26.9368437992367,0.0 -53.2377314,-26.9368431992367,0.0 -53.2377414,-26.9368436992367,0.0 -53.237752,-26.9368458992367,0.0 -53.2377605,-26.9368483992367,0.0 -53.2377829,-26.9368600992367,0.0 -53.2378109,-26.9368745992366,0.0 -53.2378365,-26.9368912992367,0.0 -53.237862,-26.9369068992367,0.0 -53.2378863,-26.9369235992367,0.0 -53.2379095,-26.9369424992367,0.0 -53.2379313,-26.9369603992366,0.0 -53.2379508,-26.9369804992367,0.0 -53.2379729,-26.9370092992367,0.0 -53.2380052,-26.9370534992367,0.0 -53.2380242,-26.9370806992367,0.0 -53.2380524,-26.9371094992367,0.0 -53.238083,-26.9371315992367,0.0 -53.2381147,-26.9371481992367,0.0 -53.238142,-26.9371621992366,0.0 -53.2381675,-26.9371732992367,0.0 -53.2381941,-26.9371833992366,0.0 -53.2382208,-26.9371956992367,0.0 -53.2382463,-26.9372090992367,0.0 -53.2382694,-26.9372246992367,0.0 -53.2382918,-26.9372386992367,0.0 -53.2383174,-26.9372531992367,0.0 -53.2383448,-26.9372703992366,0.0 -53.2383796,-26.9372885992366,0.0 -53.2384267,-26.9373087992367,0.0 -53.2384651,-26.9373203992367,0.0 -53.2384923,-26.9373248992366,0.0 -53.2385194,-26.9373294992366,0.0 -53.2385785,-26.9373307992366,0.0 -53.23864,-26.9373276992366,0.0 -53.2387033,-26.9373250992366,0.0 -53.2387748,-26.9373305992366,0.0 -53.2388439,-26.9373405992366,0.0 -53.238889,-26.9373470992366,0.0 -53.2389031,-26.9373462992366,0.0 -53.2389467,-26.9373417992366,0.0 -53.2390032,-26.9373331992366,0.0 -53.23907,-26.9373217992366,0.0 -53.2391325,-26.9373097992366,0.0 -53.2391846,-26.9372974992367,0.0 -53.2392238,-26.9372891992366,0.0 -53.2392551,-26.9372858992366,0.0 -53.2392871,-26.9372842992367,0.0 -53.2393166,-26.9372838992367,0.0 -53.2393436,-26.9372801992366,0.0 -53.2393724,-26.9372747992367,0.0 -53.2394049,-26.9372659992366,0.0 -53.2394422,-26.9372527992366,0.0 -53.2394909,-26.9372288992366,0.0 -53.2395506,-26.9371993992366,0.0 -53.2395854,-26.9371861992366,0.0 -53.2396244,-26.9371646992366,0.0 -53.2396694,-26.9371386992367,0.0 -53.2397162,-26.9371098992367,0.0 -53.2397595,-26.9370854992367,0.0 -53.2398027,-26.9370633992366,0.0 -53.2398491,-26.9370450992367,0.0 -53.2399096,-26.9370237992367,0.0 -53.2399928,-26.9369982992366,0.0 -53.2400827,-26.9369709992367,0.0 -53.2401452,-26.9369546992367,0.0 -53.240188,-26.9369429992367,0.0 -53.2402339,-26.9369296992367,0.0 -53.2402816,-26.9369167992367,0.0 -53.2403239,-26.9369056992367,0.0 -53.2403606,-26.9368985992366,0.0 -53.2404048,-26.9368890992367,0.0 -53.2404611,-26.9368760992367,0.0 -53.2405321,-26.9368573992367,0.0 -53.2406177,-26.9368296992367,0.0 -53.2406954,-26.9368047992367,0.0 -53.2407277,-26.9367905992367,0.0 -53.2407668,-26.9367745992366,0.0 -53.2408107,-26.9367551992367,0.0 -53.2408534,-26.9367368992367,0.0 -53.2408882,-26.9367236992367,0.0 -53.2409194,-26.9367138992367,0.0 -53.2409518,-26.9367006992367,0.0 -53.2409847,-26.9366858992367,0.0 -53.2410151,-26.9366677992367,0.0 -53.2410418,-26.9366486992367,0.0 -53.2410648,-26.9366284992367,0.0 -53.2410798,-26.9366078992367,0.0 -53.2410929,-26.9365867992367,0.0 -53.2411078,-26.9365627992367,0.0 -53.2411228,-26.9365410992367,0.0 -53.241139,-26.9365215992367,0.0 -53.2411566,-26.9365086992367,0.0 -53.2411766,-26.9364956992367,0.0 -53.241196,-26.9364788992367,0.0 -53.2412147,-26.9364581992367,0.0 -53.2412358,-26.9364363992367,0.0 -53.2412612,-26.9364139992367,0.0 -53.2412928,-26.9363925992367,0.0 -53.2413293,-26.9363721992367,0.0 -53.2413641,-26.9363578992367,0.0 -53.2413977,-26.9363490992367,0.0 -53.2414291,-26.9363469992367,0.0 -53.2414623,-26.9363486992367,0.0 -53.241495,-26.9363520992367,0.0 -53.2415265,-26.9363576992367,0.0 -53.2415575,-26.9363670992367,0.0 -53.2415872,-26.9363754992367,0.0 -53.2416174,-26.9363821992367,0.0 -53.2416495,-26.9363849992367,0.0 -53.241687,-26.9363838992367,0.0 -53.24173,-26.9363810992367,0.0 -53.241789,-26.9363768992367,0.0 -53.2418474,-26.9363742992367,0.0 -53.2418764,-26.9363712992367,0.0 -53.2418843,-26.9363704992367,0.0 -53.2419439,-26.9363678992367,0.0 -53.242014,-26.9363657992367,0.0 -53.2420854,-26.9363646992367,0.0 -53.24215,-26.9363642992367,0.0 -53.2422145,-26.9363627992367,0.0 -53.242292,-26.9363571992367,0.0 -53.2423736,-26.9363487992367,0.0 -53.2424295,-26.9363418992367,0.0 -53.2424411,-26.9363389992367,0.0 -53.2424761,-26.9363334992367,0.0 -53.2425233,-26.9363266992367,0.0 -53.2425785,-26.9363159992367,0.0 -53.242633,-26.9363024992367,0.0 -53.24269,-26.9362888992367,0.0 -53.2427432,-26.9362765992367,0.0 -53.2427905,-26.9362686992367,0.0 -53.2428359,-26.9362624992367,0.0 -53.2428783,-26.9362590992367,0.0 -53.2428921,-26.9362591992367,0.0 -53.242925,-26.9362594992367,0.0 -53.2429774,-26.9362636992367,0.0 -53.2430422,-26.9362731992367,0.0 -53.2431138,-26.9362830992367,0.0 -53.2431477,-26.9362875992367,0.0 -53.2431724,-26.9362904992367,0.0 -53.2432174,-26.9362936992367,0.0 -53.2432672,-26.9362912992367,0.0 -53.2433206,-26.9362843992367,0.0 -53.2433696,-26.9362726992367,0.0 -53.2434167,-26.9362603992367,0.0 -53.2434596,-26.9362508992367,0.0 -53.2435019,-26.9362430992367,0.0 -53.2435424,-26.9362391992367,0.0 -53.2435861,-26.9362379992367,0.0 -53.2436321,-26.9362334992367,0.0 -53.2436776,-26.9362283992367,0.0 -53.2437168,-26.9362178992367,0.0 -53.243737,-26.9362125992367,0.0 -53.2437749,-26.9362042992367,0.0 -53.2438203,-26.9361969992367,0.0 -53.2438627,-26.9361913992367,0.0 -53.2439002,-26.9361913992367,0.0 -53.2439341,-26.9361924992367,0.0 -53.2439649,-26.9361942992367,0.0 -53.2439944,-26.9361959992367,0.0 -53.2440246,-26.9361971992367,0.0 -53.244056,-26.9361994992367,0.0 -53.2440906,-26.9362033992367,0.0 -53.2441269,-26.9362066992367,0.0 -53.2441708,-26.9362164992367,0.0 -53.2442309,-26.9362370992367,0.0 -53.244291,-26.9362587992367,0.0 -53.2443121,-26.9362672992367,0.0 -53.2443313,-26.9362741992367,0.0 -53.244374,-26.9362861992367,0.0 -53.2444148,-26.9362954992367,0.0 -53.2444482,-26.9363026992367,0.0 -53.244476,-26.9363104992367,0.0 -53.244499,-26.9363184992367,0.0 -53.2445188,-26.9363247992367,0.0 -53.2445374,-26.9363321992367,0.0 -53.2445554,-26.9363434992367,0.0 -53.244576,-26.9363569992367,0.0 -53.2446021,-26.9363708992367,0.0 -53.2446264,-26.9363853992367,0.0 -53.2446519,-26.9363987992367,0.0 -53.244678,-26.9364093992367,0.0 -53.2447058,-26.9364194992367,0.0 -53.2447368,-26.9364288992367,0.0 -53.2447639,-26.9364328992367,0.0 -53.2447867,-26.9364341992367,0.0 -53.2448083,-26.9364344992367,0.0 -53.2448285,-26.9364324992367,0.0 -53.2448445,-26.9364288992367,0.0 -53.244861,-26.9364225992367,0.0 -53.2448799,-26.9364140992367,0.0 -53.2449012,-26.9364032992367,0.0 -53.2449219,-26.9363919992367,0.0 -53.2449414,-26.9363817992367,0.0 -53.2449615,-26.9363720992367,0.0 -53.2449823,-26.9363640992367,0.0 -53.2450031,-26.9363582992367,0.0 -53.245024,-26.9363578992367,0.0 -53.2450468,-26.9363613992367,0.0 -53.2450728,-26.9363709992367,0.0 -53.2451014,-26.9363826992367,0.0 -53.2451262,-26.9363910992367,0.0 -53.2451491,-26.9364011992367,0.0 -53.2451684,-26.9364091992367,0.0 -53.24519,-26.9364159992367,0.0 -53.2452142,-26.9364227992367,0.0 -53.2452437,-26.9364256992367,0.0 -53.2452776,-26.9364256992367,0.0 -53.2453113,-26.9364180992367,0.0 -53.2453479,-26.9364042992367,0.0 -53.2453906,-26.9363848992367,0.0 -53.2454156,-26.9363729992367,0.0 -53.2454398,-26.9363527992367,0.0 -53.2454658,-26.9363275992367,0.0 -53.2454916,-26.9362957992367,0.0 -53.2455211,-26.9362628992367,0.0 -53.2455549,-26.9362270992367,0.0 -53.2455948,-26.9361911992367,0.0 -53.2456416,-26.9361612992367,0.0 -53.2456995,-26.9361334992367,0.0 -53.2457729,-26.9361102992367,0.0 -53.2458219,-26.9360985992367,0.0 -53.2458384,-26.9360922992367,0.0 -53.245875,-26.9360762992367,0.0 -53.2459157,-26.9360530992367,0.0 -53.2459601,-26.9360231992367,0.0 -53.2460057,-26.9359954992367,0.0 -53.246052,-26.9359749992367,0.0 -53.2461028,-26.9359626992367,0.0 -53.2461624,-26.9359578992367,0.0 -53.2462388,-26.9359600992367,0.0 -53.2463312,-26.9359674992367,0.0 -53.2464187,-26.9359716992367,0.0 -53.2464624,-26.9359715992367,0.0 -53.2464912,-26.9359650992367,0.0 -53.2465389,-26.9359543992367,0.0 -53.2465883,-26.9359321992367,0.0 -53.2466271,-26.9358996992367,0.0 -53.2466522,-26.9358628992367,0.0 -53.2466712,-26.9358295992367,0.0 -53.2466891,-26.9358006992367,0.0 -53.2467083,-26.9357749992367,0.0 -53.24673,-26.9357526992367,0.0 -53.2467524,-26.9357352992367,0.0 -53.2467817,-26.9357226992367,0.0 -53.2468258,-26.9357131992367,0.0 -53.2468897,-26.9357078992367,0.0 -53.2469721,-26.9357054992367,0.0 -53.2470373,-26.9357044992367,0.0 -53.2470619,-26.9357019992367,0.0 -53.2471068,-26.9357006992367,0.0 -53.2471647,-26.9357020992367,0.0 -53.2472287,-26.9357065992367,0.0 -53.2472891,-26.9357111992367,0.0 -53.2473495,-26.9357146992367,0.0 -53.2474081,-26.9357198992367,0.0 -53.2474722,-26.9357254992367,0.0 -53.2475356,-26.9357294992367,0.0 -53.2475467,-26.9357282992367,0.0 -53.2475872,-26.9357242992367,0.0 -53.2476455,-26.9357140992367,0.0 -53.2477066,-26.9356954992367,0.0 -53.2477579,-26.9356748992367,0.0 -53.2478042,-26.9356521992367,0.0 -53.2478456,-26.9356272992367,0.0 -53.2478826,-26.9356030992367,0.0 -53.2479172,-26.9355799992367,0.0 -53.247955,-26.9355573992367,0.0 -53.2480012,-26.9355334992367,0.0 -53.2480641,-26.9355044992367,0.0 -53.2481531,-26.9354667992367,0.0 -53.2481837,-26.9354552992367,0.0 -53.2482228,-26.9354425992367,0.0 -53.2482675,-26.9354303992367,0.0 -53.2483135,-26.9354213992367,0.0 -53.248357,-26.9354146992367,0.0 -53.2484018,-26.9354056992367,0.0 -53.2484483,-26.9353939992367,0.0 -53.2484942,-26.9353817992367,0.0 -53.2485401,-26.9353683992367,0.0 -53.248586,-26.9353549992367,0.0 -53.2486306,-26.9353427992367,0.0 -53.2486797,-26.9353320992367,0.0 -53.2487324,-26.9353246992367,0.0 -53.2487982,-26.9353231992367,0.0 -53.2488815,-26.9353323992367,0.0 -53.2489444,-26.9353413992367,0.0 -53.2489784,-26.9353490992367,0.0 -53.2490229,-26.9353605992367,0.0 -53.24907,-26.9353730992367,0.0 -53.2491144,-26.9353811992367,0.0 -53.2491564,-26.9353871992367,0.0 -53.2492008,-26.9353919992367,0.0 -53.2492451,-26.9353946992367,0.0 -53.2492839,-26.9353967992367,0.0 -53.2493209,-26.9354006992367,0.0 -53.2493567,-26.9354045992367,0.0 -53.2493937,-26.9354083992367,0.0 -53.2494313,-26.9354138992367,0.0 -53.2494752,-26.9354236992367,0.0 -53.2495253,-26.9354366992367,0.0 -53.2495891,-26.9354571992367,0.0 -53.2496609,-26.9354803992367,0.0 -53.2497117,-26.9354983992367,0.0 -53.2497421,-26.9355094992367,0.0 -53.2497811,-26.9355204992367,0.0 -53.2498182,-26.9355297992367,0.0 -53.2498559,-26.9355407992367,0.0 -53.2498949,-26.9355528992367,0.0 -53.2499346,-26.9355654992367,0.0 -53.2499699,-26.9355787992367,0.0 -53.2499998,-26.9355915992367,0.0 -53.2500239,-26.9356037992367,0.0 -53.2500451,-26.9356155992367,0.0 -53.2500668,-26.9356268992367,0.0 -53.2500892,-26.9356386992367,0.0 -53.2501103,-26.9356482992367,0.0 -53.2501289,-26.9356545992367,0.0 -53.2501481,-26.9356592992367,0.0 -53.2501672,-26.9356627992367,0.0 -53.2501858,-26.9356657992367,0.0 -53.2501993,-26.9356666992367,0.0 -53.2502104,-26.9356676992367,0.0 -53.2502307,-26.9356678992367,0.0 -53.2502479,-26.9356676992367,0.0 -53.2502627,-26.9356673992367,0.0 -53.2503108,-26.9356723992367,0.0 -53.2503092,-26.9356607992367,0.0 -53.2503086,-26.9356560992367,0.0 -53.2503004,-26.9356338992367,0.0 -53.2502957,-26.9356146992367,0.0 -53.2502862,-26.9355918992367,0.0 -53.2502793,-26.9355751992367,0.0 -53.250262,-26.9355332992367,0.0 -53.250238,-26.9354775992367,0.0 -53.2502198,-26.9354403992367,0.0 -53.2501953,-26.9353896992367,0.0 -53.250178,-26.9353643992367,0.0 -53.2501677,-26.9353530992367,0.0 -53.2501439,-26.9353196992367,0.0 -53.2501214,-26.9353009992367,0.0 -53.2501024,-26.9352877992367,0.0 -53.2500908,-26.9352818992367,0.0 -53.2500875,-26.9352800992367,0.0 -53.2500841,-26.9352792992367,0.0 -53.2500502,-26.9352709992367,0.0 -53.2500444,-26.9352694992367,0.0 -53.2500373,-26.9352669992367,0.0 -53.2500307,-26.9352639992367,0.0 -53.2500254,-26.9352631992367,0.0 -53.2500204,-26.9352621992367,0.0 -53.2500151,-26.9352613992367,0.0 -53.2500085,-26.9352589992367,0.0 -53.2500016,-26.9352557992367,0.0 -53.2499999,-26.9352546992367,0.0 -53.2499972,-26.9352529992367,0.0 -53.2499906,-26.9352494992367,0.0 -53.249984,-26.9352464992367,0.0 -53.2499774,-26.9352423992367,0.0 -53.2499686,-26.9352391992367,0.0 -53.2499601,-26.9352339992367,0.0 -53.249951,-26.9352305992367,0.0 -53.2499425,-26.9352236992367,0.0 -53.2499374,-26.9352209992367,0.0 -53.2499295,-26.9352140992367,0.0 -53.2499245,-26.9352096992367,0.0 -53.2499175,-26.9352030992367,0.0 -53.2499124,-26.9351964992367,0.0 -53.2499057,-26.9351901992367,0.0 -53.2499006,-26.9351835992367,0.0 -53.2498929,-26.9351730992367,0.0 -53.2498881,-26.9351644992367,0.0 -53.2498797,-26.9351506992367,0.0 -53.2498752,-26.9351412992367,0.0 -53.2498712,-26.9351318992367,0.0 -53.2498613,-26.9351155992367,0.0 -53.2498558,-26.9351041992367,0.0 -53.2498467,-26.9350886992367,0.0 -53.2498403,-26.9350770992367,0.0 -53.2498364,-26.9350709992367,0.0 -53.249829,-26.9350601992367,0.0 -53.2498214,-26.9350491992367,0.0 -53.2498004,-26.9350112992367,0.0 -53.2497933,-26.9350002992367,0.0 -53.2497862,-26.9349891992367,0.0 -53.2497807,-26.9349772992367,0.0 -53.2497593,-26.9349334992367,0.0 -53.2497528,-26.9349190992367,0.0 -53.2497455,-26.9349002992367,0.0 -53.2497357,-26.9348741992367,0.0 -53.249729,-26.9348525992367,0.0 -53.24972,-26.9348211992367,0.0 -53.2497152,-26.9348011992367,0.0 -53.2497114,-26.9347813992367,0.0 -53.2496962,-26.9347188992367,0.0 -53.2496913,-26.9346773992367,0.0 -53.2496865,-26.9346272992367,0.0 -53.2496785,-26.9345841992367,0.0 -53.2496766,-26.9345496992367,0.0 -53.2496721,-26.9345117992367,0.0 -53.2496686,-26.9344923992367,0.0 -53.2496631,-26.9344371992367,0.0 -53.2496578,-26.9343887992367,0.0 -53.2496538,-26.9343453992367,0.0 -53.2496536,-26.9343358992367,0.0 -53.2496437,-26.9342779992367,0.0 -53.2496373,-26.9342220992367,0.0 -53.249628,-26.9341767992367,0.0 -53.2496262,-26.9341619992367,0.0 -53.2496154,-26.9340924992367,0.0 -53.2496135,-26.9340600992367,0.0 -53.2496088,-26.9340088992367,0.0 -53.249602,-26.9339635992367,0.0 -53.2495991,-26.9339275992367,0.0 -53.2495945,-26.9338841992367,0.0 -53.2495905,-26.9338566992367,0.0 -53.2495801,-26.9338043992367,0.0 -53.2495743,-26.9337768992367,0.0 -53.2495647,-26.9337356992367,0.0 -53.2495586,-26.9336925992367,0.0 -53.2495568,-26.9336828992367,0.0 -53.249555,-26.9336725992367,0.0 -53.2495494,-26.9336391992367,0.0 -53.249536,-26.9335936992367,0.0 -53.2495303,-26.9335722992367,0.0 -53.2495238,-26.9335556992367,0.0 -53.2495182,-26.9335397992367,0.0 -53.2495023,-26.9334954992367,0.0 -53.2494967,-26.9334807992367,0.0 -53.2494902,-26.9334651992367,0.0 -53.249484,-26.9334368992367,0.0 -53.2494781,-26.9334213992367,0.0 -53.2494771,-26.9334165992367,0.0 -53.2494721,-26.9334018992367,0.0 -53.2494686,-26.9333829992367,0.0 -53.2494656,-26.9333726992367,0.0 -53.2494643,-26.9333682992367,0.0 -53.2494602,-26.9333362992367,0.0 -53.2494475,-26.9332759992367,0.0 -53.2494419,-26.9332288992367,0.0 -53.2494296,-26.9331755992367,0.0 -53.2494239,-26.9331382992367,0.0 -53.2494194,-26.9331179992367,0.0 -53.2494117,-26.9330904992367,0.0 -53.249404,-26.9330607992367,0.0 -53.2493968,-26.9330424992367,0.0 -53.2493892,-26.9330205992367,0.0 -53.2493764,-26.9329568992367,0.0 -53.2493693,-26.9329299992367,0.0 -53.249366,-26.9329056992367,0.0 -53.249359,-26.9328480992367,0.0 -53.2493572,-26.9328213992367,0.0 -53.2493579,-26.9327951992367,0.0 -53.2493568,-26.9327700992367,0.0 -53.2493579,-26.9327502992367,0.0 -53.2493647,-26.9327178992367,0.0 -53.2493661,-26.9327063992367,0.0 -53.2493726,-26.9326594992367,0.0 -53.2493831,-26.9326099992367,0.0 -53.2493921,-26.9325771992367,0.0 -53.2494026,-26.9325396992367,0.0 -53.2494123,-26.9325141992367,0.0 -53.249422,-26.9324858992367,0.0 -53.2494337,-26.9324631992367,0.0 -53.2494396,-26.9324485992367,0.0 -53.2494504,-26.9324260992367,0.0 -53.249469,-26.9323792992367,0.0 -53.2494798,-26.9323567992367,0.0 -53.2494905,-26.9323321992367,0.0 -53.2495135,-26.9322846992367,0.0 -53.2495251,-26.9322602992367,0.0 -53.2495347,-26.9322383992367,0.0 -53.2495498,-26.9322027992367,0.0 -53.2495554,-26.9321862992367,0.0 -53.2495752,-26.9321354992367,0.0 -53.2495917,-26.9320878992367,0.0 -53.2496109,-26.9320387992368,0.0 -53.2496337,-26.9319807992367,0.0 -53.2496506,-26.9319356992367,0.0 -53.2496652,-26.9318896992367,0.0 -53.2496803,-26.9318490992368,0.0 -53.2496975,-26.9318086992368,0.0 -53.249711,-26.9317699992368,0.0 -53.2497298,-26.9317259992368,0.0 -53.2497424,-26.9316903992368,0.0 -53.2497621,-26.9316499992368,0.0 -53.2497722,-26.9316230992368,0.0 -53.2497911,-26.9315868992368,0.0 -53.2498117,-26.9315444992368,0.0 -53.2498279,-26.9315174992368,0.0 -53.2498489,-26.9314775992368,0.0 -53.2498591,-26.9314589992368,0.0 -53.2498779,-26.9314199992368,0.0 -53.2498972,-26.9313862992368,0.0 -53.249913,-26.9313517992368,0.0 -53.2499298,-26.9313213992368,0.0 -53.2499442,-26.9312938992368,0.0 -53.2499592,-26.9312663992368,0.0 -53.2499718,-26.9312432992368,0.0 -53.2499856,-26.9312157992368,0.0 -53.249996,-26.9311946992368,0.0 -53.2499999,-26.9311857992368,0.0 -53.2500082,-26.9311663992368,0.0 -53.2500169,-26.9311475992368,0.0 -53.2500275,-26.9311206992368,0.0 -53.2500365,-26.9311010992368,0.0 -53.2500451,-26.9310810992368,0.0 -53.2500561,-26.9310538992368,0.0 -53.2500637,-26.9310337992368,0.0 -53.2500744,-26.9310090992368,0.0 -53.2500824,-26.9309874992368,0.0 -53.2500925,-26.9309633992368,0.0 -53.2500999,-26.9309428992368,0.0 -53.2501103,-26.9309201992368,0.0 -53.2501183,-26.9308985992368,0.0 -53.2501266,-26.9308805992368,0.0 -53.250134,-26.9308612992368,0.0 -53.2501385,-26.9308536992368,0.0 -53.2501463,-26.9308384992368,0.0 -53.2501594,-26.9308061992368,0.0 -53.2501649,-26.9307954992368,0.0 -53.250174,-26.9307704992368,0.0 -53.2501952,-26.9307188992368,0.0 -53.2502212,-26.9306512992368,0.0 -53.2502371,-26.9306157992368,0.0 -53.250266,-26.9305475992368,0.0 -53.2502902,-26.9304793992368,0.0 -53.2503046,-26.9304420992368,0.0 -53.2503273,-26.9303859992368,0.0 -53.2503398,-26.9303612992368,0.0 -53.2503581,-26.9303187992368,0.0 -53.2503861,-26.9302567992368,0.0 -53.2504213,-26.9301855992368,0.0 -53.2504503,-26.9301248992368,0.0 -53.2504817,-26.9300640992368,0.0 -53.2504997,-26.9300272992368,0.0 -53.2505139,-26.9300014992368,0.0 -53.250545,-26.9299415992368,0.0 -53.2505702,-26.9298934992368,0.0 -53.2506051,-26.9298209992368,0.0 -53.2506361,-26.9297529992368,0.0 -53.2506571,-26.9297156992368,0.0 -53.2506846,-26.9296573992368,0.0 -53.2506935,-26.9296379992368,0.0 -53.2507251,-26.9295850992368,0.0 -53.2507572,-26.9295361992368,0.0 -53.2507904,-26.9294855992368,0.0 -53.250832,-26.9294280992368,0.0 -53.2508554,-26.9293986992368,0.0 -53.250886,-26.9293553992368,0.0 -53.2509103,-26.9293166992368,0.0 -53.2509385,-26.9292744992368,0.0 -53.2509732,-26.9292241992368,0.0 -53.251008,-26.9291792992368,0.0 -53.2510395,-26.9291410992368,0.0 -53.2510704,-26.9291054992368,0.0 -53.2510939,-26.9290809992368,0.0 -53.251107,-26.9290669992368,0.0 -53.2511311,-26.9290435992368,0.0 -53.2511596,-26.9290059992368,0.0 -53.2511822,-26.9289832992368,0.0 -53.2512059,-26.9289499992368,0.0 -53.2512258,-26.9289152992368,0.0 -53.2512421,-26.9288881992368,0.0 -53.2512524,-26.9288593992368,0.0 -53.2512615,-26.9288386992368,0.0 -53.2512662,-26.9288215992368,0.0 -53.2512709,-26.9287995992368,0.0 -53.2512738,-26.9287839992368,0.0 -53.2512725,-26.9287668992368,0.0 -53.251273,-26.9287523992368,0.0 -53.2512714,-26.9287402992368,0.0 -53.2512684,-26.9287295992368,0.0 -53.2512641,-26.9287151992368,0.0 -53.2512596,-26.9287041992368,0.0 -53.2512529,-26.9286940992368,0.0 -53.2512463,-26.9286806992368,0.0 -53.2512442,-26.9286783992368,0.0 -53.251242,-26.9286758992368,0.0 -53.2512378,-26.9286710992368,0.0 -53.2512273,-26.9286622992368,0.0 -53.2512164,-26.9286494992368,0.0 -53.2512047,-26.9286406992368,0.0 -53.2511909,-26.9286316992368,0.0 -53.2511765,-26.9286198992368,0.0 -53.2511597,-26.9286113992368,0.0 -53.2511422,-26.9285991992368,0.0 -53.2511212,-26.9285901992368,0.0 -53.2511041,-26.9285797992368,0.0 -53.2510834,-26.9285699992368,0.0 -53.2510723,-26.9285654992368,0.0 -53.2510411,-26.9285549992368,0.0 -53.2510112,-26.9285480992368,0.0 -53.25098,-26.9285407992368,0.0 -53.2509503,-26.9285352992368,0.0 -53.2509225,-26.9285308992368,0.0 -53.2508967,-26.9285272992368,0.0 -53.2508719,-26.9285243992368,0.0 -53.2508482,-26.9285215992368,0.0 -53.2508279,-26.9285200992368,0.0 -53.2508045,-26.9285180992368,0.0 -53.2507901,-26.9285170992368,0.0 -53.2507665,-26.9285147992368,0.0 -53.2507309,-26.9285146992368,0.0 -53.2507087,-26.9285131992368,0.0 -53.2506994,-26.9285113992368,0.0 -53.2506972,-26.9285108992368,0.0 -53.2506901,-26.9285094992368,0.0 -53.2506377,-26.9284993992368,0.0 -53.2506284,-26.9284969992368,0.0 -53.2506092,-26.9284900992368,0.0 -53.2505715,-26.9284752992368,0.0 -53.2505426,-26.9284603992368,0.0 -53.2505291,-26.9284526992368,0.0 -53.2505042,-26.9284375992368,0.0 -53.2504742,-26.9284140992368,0.0 -53.2504555,-26.9284013992368,0.0 -53.2504408,-26.9283898992368,0.0 -53.2504077,-26.9283584992368,0.0 -53.2503954,-26.9283474992368,0.0 -53.2503839,-26.9283357992368,0.0 -53.2503568,-26.9283053992368,0.0 -53.2503466,-26.9282919992368,0.0 -53.2503315,-26.9282733992368,0.0 -53.2503215,-26.9282575992368,0.0 -53.2503103,-26.9282385992368,0.0 -53.2502931,-26.9282148992368,0.0 -53.2502799,-26.9281928992368,0.0 -53.2502633,-26.9281707992368,0.0 -53.2502494,-26.9281488992368,0.0 -53.2502364,-26.9281320992368,0.0 -53.2502186,-26.9281119992368,0.0 -53.2502087,-26.9280994992368,0.0 -53.2502003,-26.9280909992368,0.0 -53.25019,-26.9280791992368,0.0 -53.2501825,-26.9280719992368,0.0 -53.2501702,-26.9280610992368,0.0 -53.2501419,-26.9280392992368,0.0 -53.250126,-26.9280267992368,0.0 -53.2500968,-26.9280078992368,0.0 -53.2500758,-26.9279955992368,0.0 -53.2500716,-26.9279919992368,0.0 -53.250067,-26.9279887992368,0.0 -53.2500533,-26.9279814992368,0.0 -53.2500486,-26.9279783992368,0.0 -53.250044,-26.9279752992368,0.0 -53.2500376,-26.9279713992368,0.0 -53.2500325,-26.9279680992368,0.0 -53.2500276,-26.9279654992368,0.0 -53.2500223,-26.9279631992368,0.0 -53.2500161,-26.9279602992368,0.0 -53.2500094,-26.9279576992368,0.0 -53.2500048,-26.9279558992368,0.0 -53.2499999,-26.9279537992368,0.0 -53.2499958,-26.9279515992368,0.0 -53.2499909,-26.9279491992368,0.0 -53.2499827,-26.9279455992368,0.0 -53.2499758,-26.9279426992368,0.0 -53.2499675,-26.9279395992368,0.0 -53.2499585,-26.9279359992368,0.0 -53.2499535,-26.9279341992368,0.0 -53.2499484,-26.9279324992368,0.0 -53.2499396,-26.9279302992368,0.0 -53.2499334,-26.9279281992368,0.0 -53.2499255,-26.9279263992368,0.0 -53.2499185,-26.9279246992368,0.0 -53.2499099,-26.9279226992368,0.0 -53.2499028,-26.9279213992368,0.0 -53.2498935,-26.9279193992368,0.0 -53.249882,-26.9279184992368,0.0 -53.2498768,-26.9279176992368,0.0 -53.2498714,-26.9279168992368,0.0 -53.2498612,-26.9279152992368,0.0 -53.2498557,-26.9279144992368,0.0 -53.2498506,-26.9279138992368,0.0 -53.2498452,-26.9279134992368,0.0 -53.2498343,-26.9279124992368,0.0 -53.2498285,-26.9279122992368,0.0 -53.249822,-26.9279122992368,0.0 -53.2498113,-26.9279118992368,0.0 -53.2498048,-26.9279121992368,0.0 -53.2497983,-26.9279124992368,0.0 -53.2497866,-26.9279124992368,0.0 -53.2497803,-26.9279128992368,0.0 -53.2497743,-26.9279134992368,0.0 -53.2497614,-26.9279139992368,0.0 -53.2497555,-26.9279144992368,0.0 -53.2497494,-26.9279148992368,0.0 -53.2497367,-26.9279159992368,0.0 -53.2497308,-26.9279164992368,0.0 -53.2497251,-26.9279170992368,0.0 -53.249715,-26.9279186992368,0.0 -53.2497085,-26.9279194992368,0.0 -53.2497009,-26.9279203992368,0.0 -53.2496851,-26.9279220992368,0.0 -53.2496773,-26.9279234992368,0.0 -53.249665,-26.9279246992368,0.0 -53.2496483,-26.9279264992368,0.0 -53.2496283,-26.9279277992368,0.0 -53.2496144,-26.9279294992368,0.0 -53.2496035,-26.9279307992368,0.0 -53.2495827,-26.9279315992368,0.0 -53.2495692,-26.9279340992368,0.0 -53.2495526,-26.9279346992368,0.0 -53.2495321,-26.9279358992368,0.0 -53.2495224,-26.9279362992368,0.0 -53.2495033,-26.9279380992368,0.0 -53.2494924,-26.9279385992368,0.0 -53.2494813,-26.9279398992368,0.0 -53.2494596,-26.9279411992368,0.0 -53.2494526,-26.9279424992368,0.0 -53.2494308,-26.9279451992368,0.0 -53.249408,-26.9279464992368,0.0 -53.2493917,-26.9279476992368,0.0 -53.2493668,-26.9279500992368,0.0 -53.2493461,-26.9279516992368,0.0 -53.249326,-26.9279531992368,0.0 -53.2493059,-26.9279547992368,0.0 -53.2492861,-26.9279560992368,0.0 -53.2492725,-26.9279574992368,0.0 -53.2492522,-26.9279583992368,0.0 -53.2492334,-26.9279598992368,0.0 -53.249221,-26.9279600992368,0.0 -53.2492091,-26.9279600992368,0.0 -53.2491847,-26.9279621992368,0.0 -53.24916,-26.9279623992368,0.0 -53.2491403,-26.9279643992368,0.0 -53.2491318,-26.9279647992368,0.0 -53.2491074,-26.9279652992368,0.0 -53.2490862,-26.9279658992368,0.0 -53.2490709,-26.9279657992368,0.0 -53.2490459,-26.9279664992368,0.0 -53.2490373,-26.9279671992368,0.0 -53.2490142,-26.9279689992368,0.0 -53.248994,-26.9279699992368,0.0 -53.2489855,-26.9279701992368,0.0 -53.2489596,-26.9279727992368,0.0 -53.248942,-26.9279733992368,0.0 -53.2489217,-26.9279754992368,0.0 -53.2488982,-26.9279764992368,0.0 -53.2488898,-26.9279771992368,0.0 -53.2488752,-26.9279777992368,0.0 -53.2488541,-26.9279791992368,0.0 -53.2488295,-26.9279797992368,0.0 -53.2488172,-26.9279806992368,0.0 -53.2487981,-26.9279809992368,0.0 -53.2487742,-26.9279818992368,0.0 -53.248748,-26.9279829992368,0.0 -53.2487343,-26.9279835992368,0.0 -53.2487198,-26.9279826992368,0.0 -53.248696,-26.9279835992368,0.0 -53.2486731,-26.9279843992368,0.0 -53.2486573,-26.9279843992368,0.0 -53.248635,-26.9279860992368,0.0 -53.2486194,-26.9279868992368,0.0 -53.2486047,-26.9279882992368,0.0 -53.2485822,-26.9279896992368,0.0 -53.2485748,-26.9279909992368,0.0 -53.2485553,-26.9279922992368,0.0 -53.2485369,-26.9279956992368,0.0 -53.2485274,-26.9279957992368,0.0 -53.2485058,-26.9279995992368,0.0 -53.2484801,-26.9280011992368,0.0 -53.2484615,-26.9280043992368,0.0 -53.2484372,-26.9280061992368,0.0 -53.2484234,-26.9280093992368,0.0 -53.2484036,-26.9280121992368,0.0 -53.2483837,-26.9280128992368,0.0 -53.2483638,-26.9280145992368,0.0 -53.2483435,-26.9280145992368,0.0 -53.2483303,-26.9280149992368,0.0 -53.2483105,-26.9280148992368,0.0 -53.2482972,-26.9280152992368,0.0 -53.2482849,-26.9280147992368,0.0 -53.248265,-26.9280131992368,0.0 -53.2482447,-26.9280134992368,0.0 -53.2482285,-26.9280113992368,0.0 -53.2482233,-26.9280106992368,0.0 -53.2482023,-26.9280103992368,0.0 -53.2481922,-26.9280094992368,0.0 -53.2481745,-26.9280070992368,0.0 -53.2481569,-26.9280064992368,0.0 -53.2481388,-26.9280036992368,0.0 -53.2481288,-26.9280028992368,0.0 -53.2481142,-26.9279996992368,0.0 -53.2480969,-26.9279979992368,0.0 -53.2480854,-26.9279947992368,0.0 -53.2480702,-26.9279923992368,0.0 -53.2480516,-26.9279866992368,0.0 -53.2480424,-26.9279847992368,0.0 -53.2480354,-26.9279835992368,0.0 -53.2480173,-26.9279778992368,0.0 -53.2480028,-26.9279752992368,0.0 -53.2479909,-26.9279715992368,0.0 -53.2479754,-26.9279680992368,0.0 -53.2479647,-26.9279645992368,0.0 -53.2479503,-26.9279607992368,0.0 -53.2479319,-26.9279536992368,0.0 -53.2479199,-26.9279497992368,0.0 -53.247912,-26.9279468992368,0.0 -53.247895,-26.9279395992368,0.0 -53.2478859,-26.9279366992368,0.0 -53.2478763,-26.9279322992368,0.0 -53.2478641,-26.9279278992368,0.0 -53.2478513,-26.9279214992368,0.0 -53.2478393,-26.9279170992368,0.0 -53.2478221,-26.9279078992368,0.0 -53.2478113,-26.9279037992368,0.0 -53.2478016,-26.9279000992368,0.0 -53.2477867,-26.9278920992368,0.0 -53.2477779,-26.9278886992368,0.0 -53.2477693,-26.9278839992368,0.0 -53.247761,-26.9278807992368,0.0 -53.2477531,-26.9278777992368,0.0 -53.2477412,-26.9278726992368,0.0 -53.2477334,-26.9278697992368,0.0 -53.2477258,-26.9278668992368,0.0 -53.2477112,-26.9278602992368,0.0 -53.2477041,-26.9278572992368,0.0 -53.2476987,-26.9278545992368,0.0 -53.247685,-26.9278480992368,0.0 -53.2476771,-26.9278439992368,0.0 -53.2476657,-26.9278388992368,0.0 -53.2476579,-26.9278346992368,0.0 -53.2476506,-26.9278312992368,0.0 -53.2476435,-26.9278271992368,0.0 -53.2476364,-26.9278244992368,0.0 -53.2476299,-26.9278203992368,0.0 -53.2476236,-26.9278159992368,0.0 -53.2476135,-26.9278111992368,0.0 -53.2476073,-26.9278066992368,0.0 -53.247598,-26.9278019992368,0.0 -53.2475925,-26.9277976992368,0.0 -53.247585,-26.9277934992368,0.0 -53.24758,-26.9277892992368,0.0 -53.2475739,-26.9277853992368,0.0 -53.2475692,-26.9277809992368,0.0 -53.2475635,-26.9277769992368,0.0 -53.2475588,-26.9277724992368,0.0 -53.2475536,-26.9277681992368,0.0 -53.2475491,-26.9277634992368,0.0 -53.2475446,-26.9277591992368,0.0 -53.2475408,-26.9277546992368,0.0 -53.2475347,-26.9277477992368,0.0 -53.2475331,-26.9277457992368,0.0 -53.2475316,-26.9277439992368,0.0 -53.2475281,-26.9277398992368,0.0 -53.2475234,-26.9277335992368,0.0 -53.2475197,-26.9277287992368,0.0 -53.247516,-26.9277237992368,0.0 -53.2475113,-26.9277166992368,0.0 -53.2475069,-26.9277119992368,0.0 -53.2475044,-26.9277074992368,0.0 -53.2475023,-26.9277033992368,0.0 -53.2475004,-26.9276982992368,0.0 -53.2474981,-26.9276942992368,0.0 -53.2474967,-26.9276892992368,0.0 -53.2474938,-26.9276849992368,0.0 -53.2474923,-26.9276792992368,0.0 -53.2474887,-26.9276750992368,0.0 -53.2474869,-26.9276684992368,0.0 -53.2474831,-26.9276640992368,0.0 -53.2474793,-26.9276590992368,0.0 -53.2474776,-26.9276514992368,0.0 -53.2474754,-26.9276467992368,0.0 -53.2474734,-26.9276414992368,0.0 -53.2474718,-26.9276338992368,0.0 -53.2474703,-26.9276280992368,0.0 -53.2474692,-26.9276223992368,0.0 -53.2474682,-26.9276164992368,0.0 -53.2474671,-26.9276109992368,0.0 -53.2474662,-26.9276046992368,0.0 -53.2474655,-26.9275998992368,0.0 -53.2474643,-26.9275927992368,0.0 -53.247464,-26.9275879992368,0.0 -53.2474639,-26.9275825992368,0.0 -53.2474628,-26.9275764992368,0.0 -53.2474628,-26.9275700992368,0.0 -53.2474617,-26.9275641992368,0.0 -53.2474622,-26.9275574992368,0.0 -53.2474612,-26.9275513992368,0.0 -53.2474617,-26.9275466992368,0.0 -53.2474607,-26.9275408992368,0.0 -53.2474611,-26.9275323992368,0.0 -53.2474602,-26.9275266992368,0.0 -53.2474596,-26.9275209992368,0.0 -53.2474601,-26.9275124992368,0.0 -53.2474597,-26.9275058992368,0.0 -53.2474603,-26.9274962992368,0.0 -53.24746,-26.9274892992368,0.0 -53.2474609,-26.9274805992368,0.0 -53.247461,-26.9274736992368,0.0 -53.2474617,-26.9274648992368,0.0 -53.2474622,-26.9274584992368,0.0 -53.2474631,-26.9274521992368,0.0 -53.2474641,-26.9274413992368,0.0 -53.2474649,-26.9274362992368,0.0 -53.247465,-26.9274298992368,0.0 -53.2474662,-26.9274197992368,0.0 -53.2474666,-26.9274139992368,0.0 -53.2474674,-26.9274075992368,0.0 -53.247468,-26.9274026992368,0.0 -53.2474699,-26.9273968992368,0.0 -53.2474709,-26.9273910992368,0.0 -53.2474751,-26.9273778992368,0.0 -53.2474767,-26.9273701992368,0.0 -53.2474794,-26.9273598992368,0.0 -53.247484,-26.9273462992368,0.0 -53.2474876,-26.9273339992368,0.0 -53.2474911,-26.9273222992368,0.0 -53.2474942,-26.9273099992368,0.0 -53.2474956,-26.9273036992368,0.0 -53.247497,-26.9272957992368,0.0 -53.2474988,-26.9272873992368,0.0 -53.2475001,-26.9272716992368,0.0 -53.2475015,-26.9272575992368,0.0 -53.247502,-26.9272448992368,0.0 -53.2475028,-26.9272286992368,0.0 -53.2475031,-26.9272208992368,0.0 -53.2475033,-26.9272070992368,0.0 -53.2475019,-26.9271970992368,0.0 -53.2475012,-26.9271880992368,0.0 -53.247498,-26.9271800992368,0.0 -53.2474953,-26.9271654992368,0.0 -53.2474896,-26.9271495992368,0.0 -53.2474867,-26.9271348992368,0.0 -53.2474813,-26.9271198992368,0.0 -53.2474769,-26.9271055992368,0.0 -53.2474732,-26.9270962992368,0.0 -53.2474679,-26.9270814992368,0.0 -53.2474611,-26.9270684992368,0.0 -53.2474559,-26.9270558992368,0.0 -53.2474478,-26.9270381992368,0.0 -53.247445,-26.9270287992368,0.0 -53.2474394,-26.9270141992368,0.0 -53.2474333,-26.9269978992368,0.0 -53.2474269,-26.9269812992368,0.0 -53.2474236,-26.9269705992368,0.0 -53.2474176,-26.9269602992368,0.0 -53.2474102,-26.9269480992368,0.0 -53.247403,-26.9269324992368,0.0 -53.2473952,-26.9269179992368,0.0 -53.2473896,-26.9269020992368,0.0 -53.2473846,-26.9268914992368,0.0 -53.2473809,-26.9268828992369,0.0 -53.2473775,-26.9268712992368,0.0 -53.2473722,-26.9268572992369,0.0 -53.2473709,-26.9268522992368,0.0 -53.2473654,-26.9268369992368,0.0 -53.2473603,-26.9268228992369,0.0 -53.2473565,-26.9268125992369,0.0 -53.2473507,-26.9267951992369,0.0 -53.2473478,-26.9267883992368,0.0 -53.2473451,-26.9267805992369,0.0 -53.2473407,-26.9267664992368,0.0 -53.2473388,-26.9267587992369,0.0 -53.2473367,-26.9267521992369,0.0 -53.2473349,-26.9267441992369,0.0 -53.2473325,-26.9267309992369,0.0 -53.2473306,-26.9267224992368,0.0 -53.2473294,-26.9267127992368,0.0 -53.2473289,-26.9266965992369,0.0 -53.2473282,-26.9266857992369,0.0 -53.2473281,-26.9266745992369,0.0 -53.2473288,-26.9266600992369,0.0 -53.2473289,-26.9266512992369,0.0 -53.2473296,-26.9266414992369,0.0 -53.2473302,-26.9266343992369,0.0 -53.247331,-26.9266267992369,0.0 -53.2473335,-26.9266109992369,0.0 -53.247334,-26.9266040992369,0.0 -53.2473345,-26.9265983992368,0.0 -53.2473351,-26.9265930992369,0.0 -53.2473377,-26.9265761992369,0.0 -53.2473388,-26.9265704992369,0.0 -53.2473404,-26.9265645992369,0.0 -53.2473425,-26.9265583992369,0.0 -53.2473449,-26.9265454992369,0.0 -53.2473478,-26.9265391992369,0.0 -53.2473485,-26.9265346992369,0.0 -53.2473518,-26.9265281992369,0.0 -53.2473553,-26.9265210992369,0.0 -53.2473609,-26.9265065992369,0.0 -53.2473644,-26.9264988992369,0.0 -53.2473685,-26.9264904992368,0.0 -53.2473768,-26.9264741992369,0.0 -53.2473818,-26.9264654992369,0.0 -53.2473869,-26.9264566992369,0.0 -53.247395,-26.9264424992369,0.0 -53.2473982,-26.9264365992369,0.0 -53.2474038,-26.9264275992369,0.0 -53.247409,-26.9264191992369,0.0 -53.2474163,-26.9264086992369,0.0 -53.2474206,-26.9264010992369,0.0 -53.2474244,-26.9263944992369,0.0 -53.247433,-26.9263799992369,0.0 -53.2474365,-26.9263737992369,0.0 -53.24744,-26.9263678992369,0.0 -53.2474431,-26.9263622992369,0.0 -53.247452,-26.9263468992369,0.0 -53.2474546,-26.9263415992369,0.0 -53.2474569,-26.9263363992369,0.0 -53.2474591,-26.9263312992369,0.0 -53.2474672,-26.9263162992369,0.0 -53.2474697,-26.9263104992369,0.0 -53.2474719,-26.9263055992369,0.0 -53.2474782,-26.9262939992369,0.0 -53.2474824,-26.9262863992369,0.0 -53.2474891,-26.9262754992369,0.0 -53.2474985,-26.9262605992369,0.0 -53.2475068,-26.9262483992369,0.0 -53.2475165,-26.9262331992369,0.0 -53.2475251,-26.9262208992369,0.0 -53.2475333,-26.9262074992369,0.0 -53.2475415,-26.9261957992369,0.0 -53.2475472,-26.9261871992369,0.0 -53.2475549,-26.9261760992369,0.0 -53.2475624,-26.9261652992369,0.0 -53.2475693,-26.9261549992369,0.0 -53.2475781,-26.9261427992369,0.0 -53.2475847,-26.9261331992369,0.0 -53.2475942,-26.9261199992369,0.0 -53.2476,-26.9261115992369,0.0 -53.2476063,-26.9261036992369,0.0 -53.2476155,-26.9260909992369,0.0 -53.247622,-26.9260827992369,0.0 -53.2476297,-26.9260723992369,0.0 -53.2476357,-26.9260644992369,0.0 -53.2476382,-26.9260604992369,0.0 -53.2476438,-26.9260529992369,0.0 -53.2476476,-26.9260475992369,0.0 -53.2476535,-26.9260403992369,0.0 -53.2476592,-26.9260329992369,0.0 -53.2476663,-26.9260246992369,0.0 -53.2476719,-26.9260173992369,0.0 -53.2476773,-26.9260103992369,0.0 -53.2476848,-26.9260018992369,0.0 -53.2476901,-26.9259952992369,0.0 -53.2476971,-26.9259868992369,0.0 -53.2477023,-26.9259807992369,0.0 -53.2477092,-26.9259726992369,0.0 -53.2477143,-26.9259664992369,0.0 -53.2477193,-26.9259603992369,0.0 -53.2477258,-26.9259523992369,0.0 -53.2477306,-26.9259465992369,0.0 -53.2477368,-26.9259389992369,0.0 -53.2477416,-26.9259332992369,0.0 -53.2477473,-26.9259257992369,0.0 -53.247752,-26.9259202992369,0.0 -53.2477574,-26.9259132992369,0.0 -53.2477621,-26.9259076992369,0.0 -53.2477669,-26.9259019992369,0.0 -53.247772,-26.9258955992369,0.0 -53.247777,-26.9258898992369,0.0 -53.2477819,-26.9258836992369,0.0 -53.2477869,-26.9258780992369,0.0 -53.2477917,-26.9258719992369,0.0 -53.2477967,-26.9258668992369,0.0 -53.2478013,-26.9258606992369,0.0 -53.247806,-26.9258557992369,0.0 -53.24781,-26.9258501992369,0.0 -53.2478144,-26.9258456992369,0.0 -53.2478195,-26.9258380992369,0.0 -53.2478232,-26.9258340992369,0.0 -53.2478279,-26.9258282992369,0.0 -53.2478657,-26.9257891992369,0.0 -53.2478964,-26.9257410992369,0.0 -53.2479002,-26.9257374992369,0.0 -53.2479039,-26.9257337992369,0.0 -53.2479074,-26.9257302992369,0.0 -53.2479107,-26.9257262992369,0.0 -53.2479167,-26.9257194992369,0.0 -53.2479223,-26.9257124992369,0.0 -53.247927,-26.9257068992369,0.0 -53.2479318,-26.9257004992369,0.0 -53.2479356,-26.9256955992369,0.0 -53.2479403,-26.9256886992369,0.0 -53.2479437,-26.9256841992369,0.0 -53.2479464,-26.9256798992369,0.0 -53.2479497,-26.9256763992369,0.0 -53.2479524,-26.9256715992369,0.0 -53.2479552,-26.9256673992369,0.0 -53.2479585,-26.9256606992369,0.0 -53.2479612,-26.9256553992369,0.0 -53.247963,-26.9256488992369,0.0 -53.2479637,-26.9256439992369,0.0 -53.2479646,-26.9256381992369,0.0 -53.2479638,-26.9256328992369,0.0 -53.2479632,-26.9256264992369,0.0 -53.2479602,-26.9256195992369,0.0 -53.2479587,-26.9256138992369,0.0 -53.2479541,-26.9256071992369,0.0 -53.2479523,-26.9256021992369,0.0 -53.2479468,-26.9255970992369,0.0 -53.2479443,-26.9255926992369,0.0 -53.2479377,-26.9255876992369,0.0 -53.2479348,-26.9255838992369,0.0 -53.2479301,-26.9255811992369,0.0 -53.2479262,-26.9255772992369,0.0 -53.2479203,-26.9255742992369,0.0 -53.2479141,-26.9255699992369,0.0 -53.2479073,-26.9255664992369,0.0 -53.2478989,-26.9255619992369,0.0 -53.2478885,-26.9255562992369,0.0 -53.2478772,-26.9255508992369,0.0 -53.2478724,-26.9255481992369,0.0 -53.2478666,-26.9255452992369,0.0 -53.2478581,-26.9255409992369,0.0 -53.2478521,-26.9255376992369,0.0 -53.247844,-26.9255339992369,0.0 -53.247838,-26.9255306992369,0.0 -53.2478308,-26.9255276992369,0.0 -53.2478244,-26.9255242992369,0.0 -53.2478183,-26.9255207992369,0.0 -53.2478114,-26.9255179992369,0.0 -53.2478065,-26.9255149992369,0.0 -53.2477966,-26.9255108992369,0.0 -53.2477918,-26.9255080992369,0.0 -53.2477872,-26.9255051992369,0.0 -53.2477773,-26.9255006992369,0.0 -53.2477731,-26.9254980992369,0.0 -53.2477643,-26.9254936992369,0.0 -53.2477564,-26.9254889992369,0.0 -53.2477492,-26.9254846992369,0.0 -53.2477409,-26.9254790992369,0.0 -53.2477339,-26.9254743992369,0.0 -53.2477246,-26.9254672992369,0.0 -53.2477176,-26.9254616992369,0.0 -53.2477082,-26.9254543992369,0.0 -53.2477028,-26.9254496992369,0.0 -53.2476988,-26.9254465992369,0.0 -53.2476915,-26.9254403992369,0.0 -53.2476855,-26.9254348992369,0.0 -53.2476748,-26.9254254992369,0.0 -53.2476686,-26.9254188992369,0.0 -53.247664,-26.9254135992369,0.0 -53.2476539,-26.9254030992369,0.0 -53.2476504,-26.9253991992369,0.0 -53.247645,-26.9253934992369,0.0 -53.2476376,-26.9253849992369,0.0 -53.2476315,-26.9253775992369,0.0 -53.2476213,-26.9253641992369,0.0 -53.2476166,-26.9253578992369,0.0 -53.247613,-26.9253535992369,0.0 -53.2476083,-26.9253482992369,0.0 -53.247598,-26.9253344992369,0.0 -53.2475926,-26.9253276992369,0.0 -53.247587,-26.9253201992369,0.0 -53.2475831,-26.9253143992369,0.0 -53.247579,-26.9253081992369,0.0 -53.2475712,-26.9252985992369,0.0 -53.2475671,-26.9252922992369,0.0 -53.2475632,-26.9252859992369,0.0 -53.2475495,-26.9252701992369,0.0 -53.2475456,-26.9252635992369,0.0 -53.2475423,-26.9252596992369,0.0 -53.2475367,-26.9252534992369,0.0 -53.2475263,-26.9252411992369,0.0 -53.2475209,-26.9252354992369,0.0 -53.2475169,-26.9252313992369,0.0 -53.2475103,-26.9252241992369,0.0 -53.2475045,-26.9252197992369,0.0 -53.2474985,-26.9252150992369,0.0 -53.2474852,-26.9252030992369,0.0 -53.2474786,-26.9251974992369,0.0 -53.2474719,-26.9251918992369,0.0 -53.247458,-26.9251783992369,0.0 -53.2474526,-26.9251737992369,0.0 -53.2474464,-26.9251684992369,0.0 -53.2474379,-26.9251594992369,0.0 -53.2474329,-26.9251554992369,0.0 -53.2474282,-26.9251513992369,0.0 -53.2474226,-26.9251449992369,0.0 -53.2474188,-26.9251415992369,0.0 -53.2474125,-26.9251354992369,0.0 -53.2474002,-26.9251208992369,0.0 -53.2473968,-26.9251174992369,0.0 -53.2473934,-26.9251139992369,0.0 -53.2473876,-26.9251078992369,0.0 -53.2473766,-26.9250939992369,0.0 -53.2473729,-26.9250894992369,0.0 -53.2473686,-26.9250827992369,0.0 -53.2473631,-26.9250749992369,0.0 -53.2473588,-26.9250680992369,0.0 -53.2473545,-26.9250625992369,0.0 -53.2473492,-26.9250536992369,0.0 -53.24734,-26.9250381992369,0.0 -53.247337,-26.9250326992369,0.0 -53.2473334,-26.9250251992369,0.0 -53.247326,-26.9250101992369,0.0 -53.2473227,-26.9250032992369,0.0 -53.2473204,-26.9249980992369,0.0 -53.2473181,-26.9249929992369,0.0 -53.247314,-26.9249809992369,0.0 -53.2473112,-26.9249732992369,0.0 -53.2473086,-26.9249650992369,0.0 -53.2473022,-26.9249478992369,0.0 -53.2473003,-26.9249420992369,0.0 -53.2472984,-26.9249365992369,0.0 -53.2472915,-26.9249176992369,0.0 -53.2472889,-26.9249089992369,0.0 -53.247286,-26.9248999992369,0.0 -53.2472827,-26.9248881992369,0.0 -53.2472806,-26.9248815992369,0.0 -53.2472792,-26.9248767992369,0.0 -53.2472756,-26.9248621992369,0.0 -53.2472745,-26.9248550992369,0.0 -53.247273,-26.9248461992369,0.0 -53.2472683,-26.9248272992369,0.0 -53.2472668,-26.9248189992369,0.0 -53.2472659,-26.9248127992369,0.0 -53.2472652,-26.9248063992369,0.0 -53.2472616,-26.9247910992369,0.0 -53.2472603,-26.9247850992369,0.0 -53.2472585,-26.9247781992369,0.0 -53.2472563,-26.9247640992369,0.0 -53.2472544,-26.9247562992369,0.0 -53.2472528,-26.9247486992369,0.0 -53.2472496,-26.9247276992369,0.0 -53.2472476,-26.9247186992369,0.0 -53.2472462,-26.9247106992369,0.0 -53.2472452,-26.9247027992369,0.0 -53.2472426,-26.9246859992369,0.0 -53.2472421,-26.9246814992369,0.0 -53.2472414,-26.9246766992369,0.0 -53.2472403,-26.9246716992369,0.0 -53.2472393,-26.9246636992369,0.0 -53.2472375,-26.9246531992369,0.0 -53.2472369,-26.9246482992369,0.0 -53.2472361,-26.9246407992369,0.0 -53.247234,-26.9246207992369,0.0 -53.247233,-26.9246120992369,0.0 -53.2472318,-26.9246039992369,0.0 -53.2472311,-26.9245981992369,0.0 -53.2472293,-26.9245803992369,0.0 -53.247228,-26.9245747992369,0.0 -53.2472266,-26.9245664992369,0.0 -53.2472255,-26.9245588992369,0.0 -53.2472244,-26.9245503992369,0.0 -53.2472236,-26.9245409992369,0.0 -53.2472228,-26.9245305992369,0.0 -53.2472207,-26.9245118992369,0.0 -53.24722,-26.9245065992369,0.0 -53.2472194,-26.9244972992369,0.0 -53.2472176,-26.9244810992369,0.0 -53.2472167,-26.9244717992369,0.0 -53.2472156,-26.9244653992369,0.0 -53.2472146,-26.9244556992369,0.0 -53.2472143,-26.9244473992369,0.0 -53.2472136,-26.9244286992369,0.0 -53.2472134,-26.9244194992369,0.0 -53.2472126,-26.9244035992369,0.0 -53.2472121,-26.9243929992369,0.0 -53.247211,-26.9243843992369,0.0 -53.24721,-26.9243787992369,0.0 -53.2472092,-26.9243697992369,0.0 -53.247207,-26.9243514992369,0.0 -53.247206,-26.9243421992369,0.0 -53.247205,-26.9243375992369,0.0 -53.247203,-26.9243288992369,0.0 -53.2472005,-26.9243098992369,0.0 -53.2471982,-26.9243010992369,0.0 -53.247194,-26.9242889992369,0.0 -53.2471914,-26.9242800992369,0.0 -53.2471903,-26.9242754992369,0.0 -53.247188,-26.9242668992369,0.0 -53.2471829,-26.9242473992369,0.0 -53.2471806,-26.9242386992369,0.0 -53.247179,-26.9242328992369,0.0 -53.2471751,-26.9242170992369,0.0 -53.2471732,-26.9242096992369,0.0 -53.247171,-26.9242005992369,0.0 -53.2471685,-26.9241951992369,0.0 -53.2471665,-26.9241819992369,0.0 -53.2471647,-26.9241742992369,0.0 -53.2471636,-26.9241697992369,0.0 -53.2471623,-26.9241606992369,0.0 -53.2471606,-26.9241412992369,0.0 -53.2471595,-26.9241322992369,0.0 -53.2471584,-26.9241240992369,0.0 -53.2471563,-26.9241068992369,0.0 -53.2471562,-26.9241021992369,0.0 -53.2471561,-26.9240943992369,0.0 -53.2471568,-26.9240824992369,0.0 -53.2471566,-26.9240717992369,0.0 -53.2471571,-26.9240662992369,0.0 -53.2471588,-26.9240464992369,0.0 -53.2471598,-26.9240371992369,0.0 -53.2471607,-26.9240242992369,0.0 -53.247162,-26.9240077992369,0.0 -53.2471623,-26.9240030992369,0.0 -53.2471619,-26.9239958992369,0.0 -53.2471626,-26.9239868992369,0.0 -53.2471632,-26.9239780992369,0.0 -53.2471639,-26.9239618992369,0.0 -53.2471641,-26.9239564992369,0.0 -53.2471653,-26.9239499992369,0.0 -53.2471658,-26.9239318992369,0.0 -53.2471668,-26.9239233992369,0.0 -53.2471671,-26.9239118992369,0.0 -53.2471674,-26.9239002992369,0.0 -53.247167,-26.9238923992369,0.0 -53.2471642,-26.9238788992369,0.0 -53.2471632,-26.9238715992369,0.0 -53.2471623,-26.9238665992369,0.0 -53.2471612,-26.9238580992369,0.0 -53.2471577,-26.9238379992369,0.0 -53.2471566,-26.9238294992369,0.0 -53.247156,-26.9238239992369,0.0 -53.2471547,-26.9238165992369,0.0 -53.2471516,-26.9237998992369,0.0 -53.2471495,-26.9237908992369,0.0 -53.2471478,-26.9237824992369,0.0 -53.2471451,-26.9237735992369,0.0 -53.2471427,-26.9237625992369,0.0 -53.2471415,-26.9237551992369,0.0 -53.2471401,-26.9237461992369,0.0 -53.2471368,-26.9237293992369,0.0 -53.2471353,-26.9237185992369,0.0 -53.2471348,-26.9237140992369,0.0 -53.2471325,-26.9236993992369,0.0 -53.2471309,-26.9236900992369,0.0 -53.2471297,-26.9236809992369,0.0 -53.2471278,-26.9236714992369,0.0 -53.2471265,-26.9236629992369,0.0 -53.2471245,-26.9236553992369,0.0 -53.2471223,-26.9236443992369,0.0 -53.2471206,-26.9236377992369,0.0 -53.2471186,-26.9236282992369,0.0 -53.2471153,-26.9236182992369,0.0 -53.2471124,-26.9236064992369,0.0 -53.2471098,-26.9235995992369,0.0 -53.2471081,-26.9235950992369,0.0 -53.2471078,-26.9235903992369,0.0 -53.2471071,-26.9235844992369,0.0 -53.2471058,-26.9235764992369,0.0 -53.2471045,-26.9235642992369,0.0 -53.2471031,-26.9235559992369,0.0 -53.2471021,-26.9235499992369,0.0 -53.247101,-26.9235369992369,0.0 -53.2470998,-26.9235301992369,0.0 -53.2470991,-26.9235183992369,0.0 -53.2470973,-26.9235093992369,0.0 -53.2470958,-26.9235017992369,0.0 -53.2470953,-26.9234932992369,0.0 -53.2470936,-26.9234847992369,0.0 -53.2470933,-26.9234759992369,0.0 -53.2470923,-26.9234675992369,0.0 -53.2470919,-26.9234600992369,0.0 -53.2470913,-26.9234516992369,0.0 -53.2470912,-26.9234423992369,0.0 -53.2470909,-26.9234354992369,0.0 -53.2470912,-26.9234283992369,0.0 -53.2470913,-26.9234203992369,0.0 -53.2470917,-26.9234130992369,0.0 -53.2470921,-26.9234082992369,0.0 -53.2470931,-26.9234028992369,0.0 -53.2470938,-26.9233982992369,0.0 -53.2470948,-26.9233935992369,0.0 -53.2470959,-26.9233889992369,0.0 -53.2470984,-26.9233819992369,0.0 -53.2470996,-26.9233774992369,0.0 -53.2471008,-26.9233729992369,0.0 -53.2471039,-26.9233667992369,0.0 -53.2471056,-26.9233619992369,0.0 -53.2471077,-26.9233573992369,0.0 -53.2471121,-26.9233511992369,0.0 -53.2471146,-26.9233469992369,0.0 -53.2471192,-26.9233425992369,0.0 -53.2471216,-26.9233364992369,0.0 -53.2471252,-26.9233315992369,0.0 -53.2471329,-26.9233287992369,0.0 -53.2471372,-26.9233248992369,0.0 -53.2471424,-26.9233217992369,0.0 -53.2471508,-26.9233202992369,0.0 -53.2471567,-26.9233176992369,0.0 -53.2471636,-26.9233150992369,0.0 -53.2471731,-26.9233138992369,0.0 -53.2471803,-26.9233115992369,0.0 -53.2471854,-26.9233110992369,0.0 -53.2471928,-26.9233092992369,0.0 -53.2472021,-26.9233081992369,0.0 -53.2472098,-26.9233072992369,0.0 -53.2472179,-26.9233073992369,0.0 -53.2472268,-26.9233066992369,0.0 -53.2472362,-26.9233074992369,0.0 -53.2472426,-26.9233069992369,0.0 -53.2472506,-26.9233060992369,0.0 -53.2472623,-26.9233076992369,0.0 -53.2472739,-26.9233065992369,0.0 -53.2472874,-26.9233084992369,0.0 -53.2472936,-26.9233082992369,0.0 -53.2473005,-26.9233082992369,0.0 -53.2473143,-26.9233116992369,0.0 -53.2473215,-26.9233125992369,0.0 -53.2473291,-26.9233162992369,0.0 -53.247338,-26.9233180992369,0.0 -53.247356,-26.9233253992369,0.0 -53.2473627,-26.9233280992369,0.0 -53.247373,-26.9233314992369,0.0 -53.2473899,-26.9233383992369,0.0 -53.2473974,-26.9233415992369,0.0 -53.2474039,-26.9233455992369,0.0 -53.2474121,-26.9233487992369,0.0 -53.2474224,-26.9233540992369,0.0 -53.2474342,-26.9233617992369,0.0 -53.2474416,-26.9233658992369,0.0 -53.2474495,-26.9233708992369,0.0 -53.2474649,-26.9233808992369,0.0 -53.2474743,-26.9233863992369,0.0 -53.2474882,-26.9233958992369,0.0 -53.2474941,-26.9233991992369,0.0 -53.2475017,-26.9234043992369,0.0 -53.2475087,-26.9234103992369,0.0 -53.2475178,-26.9234163992369,0.0 -53.2475258,-26.9234211992369,0.0 -53.2475312,-26.9234246992369,0.0 -53.2475458,-26.9234330992369,0.0 -53.2475534,-26.9234385992369,0.0 -53.2475635,-26.9234447992369,0.0 -53.2475798,-26.9234541992369,0.0 -53.2475867,-26.9234583992369,0.0 -53.2475934,-26.9234636992369,0.0 -53.2476083,-26.9234727992369,0.0 -53.2476181,-26.9234794992369,0.0 -53.2476259,-26.9234851992369,0.0 -53.2476375,-26.9234923992369,0.0 -53.2476442,-26.9234971992369,0.0 -53.2476508,-26.9235012992369,0.0 -53.247655,-26.9235044992369,0.0 -53.2476637,-26.9235108992369,0.0 -53.2476724,-26.9235172992369,0.0 -53.2476794,-26.9235227992369,0.0 -53.2476842,-26.9235275992369,0.0 -53.2476943,-26.9235346992369,0.0 -53.2477019,-26.9235412992369,0.0 -53.2477121,-26.9235480992369,0.0 -53.2477205,-26.9235551992369,0.0 -53.2477304,-26.9235613992369,0.0 -53.2477385,-26.9235682992369,0.0 -53.2477476,-26.9235738992369,0.0 -53.247757,-26.9235814992369,0.0 -53.2477658,-26.9235855992369,0.0 -53.2477712,-26.9235892992369,0.0 -53.2477767,-26.9235934992369,0.0 -53.2477851,-26.9235965992369,0.0 -53.2477897,-26.9236001992369,0.0 -53.2477979,-26.9236020992369,0.0 -53.2478053,-26.9236074992369,0.0 -53.2478287,-26.9236055992369,0.0 -53.2478358,-26.9236062992369,0.0 -53.247839,-26.9236027992369,0.0 -53.247843,-26.9235985992369,0.0 -53.2478492,-26.9235977992369,0.0 -53.2478532,-26.9235933992369,0.0 -53.2478588,-26.9235913992369,0.0 -53.2478627,-26.9235873992369,0.0 -53.2478663,-26.9235837992369,0.0 -53.2478711,-26.9235811992369,0.0 -53.2478759,-26.9235772992369,0.0 -53.2478802,-26.9235741992369,0.0 -53.2478851,-26.9235704992369,0.0 -53.2478922,-26.9235650992369,0.0 -53.2478982,-26.9235607992369,0.0 -53.2479046,-26.9235555992369,0.0 -53.2479105,-26.9235513992369,0.0 -53.2479145,-26.9235481992369,0.0 -53.24792,-26.9235443992369,0.0 -53.2479242,-26.9235410992369,0.0 -53.2479282,-26.9235376992369,0.0 -53.2479347,-26.9235327992369,0.0 -53.2479407,-26.9235283992369,0.0 -53.2479454,-26.9235249992369,0.0 -53.2479529,-26.9235204992369,0.0 -53.2479593,-26.9235155992369,0.0 -53.247966,-26.9235104992369,0.0 -53.2479772,-26.9235031992369,0.0 -53.2479835,-26.9234983992369,0.0 -53.2479942,-26.9234910992369,0.0 -53.2479997,-26.9234869992369,0.0 -53.2480057,-26.9234819992369,0.0 -53.2480152,-26.9234750992369,0.0 -53.2480199,-26.9234711992369,0.0 -53.2480273,-26.9234651992369,0.0 -53.2480363,-26.9234584992369,0.0 -53.2480438,-26.9234523992369,0.0 -53.2480522,-26.9234457992369,0.0 -53.2480586,-26.9234406992369,0.0 -53.2480664,-26.9234338992369,0.0 -53.2480722,-26.9234293992369,0.0 -53.2480769,-26.9234247992369,0.0 -53.2480841,-26.9234180992369,0.0 -53.24809,-26.9234122992369,0.0 -53.2480969,-26.9234052992369,0.0 -53.2481031,-26.9233994992369,0.0 -53.2481095,-26.9233923992369,0.0 -53.2481149,-26.9233873992369,0.0 -53.2481203,-26.9233809992369,0.0 -53.2481237,-26.9233776992369,0.0 -53.2481276,-26.9233732992369,0.0 -53.2481364,-26.9233644992369,0.0 -53.2481405,-26.9233593992369,0.0 -53.2481449,-26.9233538992369,0.0 -53.2481529,-26.9233441992369,0.0 -53.2481574,-26.9233380992369,0.0 -53.2481634,-26.9233285992369,0.0 -53.2481702,-26.9233190992369,0.0 -53.2481728,-26.9233142992369,0.0 -53.2481784,-26.9233044992369,0.0 -53.2481811,-26.9232989992369,0.0 -53.2481837,-26.9232929992369,0.0 -53.2481877,-26.9232829992369,0.0 -53.2481901,-26.9232763992369,0.0 -53.2481923,-26.9232694992369,0.0 -53.248195,-26.9232594992369,0.0 -53.2481972,-26.9232506992369,0.0 -53.2481987,-26.9232418992369,0.0 -53.2481997,-26.9232365992369,0.0 -53.2482004,-26.9232306992369,0.0 -53.2482022,-26.9232198992369,0.0 -53.2482024,-26.9232133992369,0.0 -53.2482024,-26.9232064992369,0.0 -53.2482026,-26.9231955992369,0.0 -53.2482022,-26.9231886992369,0.0 -53.2482008,-26.9231785992369,0.0 -53.2482003,-26.9231727992369,0.0 -53.2482,-26.9231659992369,0.0 -53.2481978,-26.9231567992369,0.0 -53.2481976,-26.9231510992369,0.0 -53.2481957,-26.9231443992369,0.0 -53.2481953,-26.9231376992369,0.0 -53.2481946,-26.9231313992369,0.0 -53.248194,-26.9231238992369,0.0 -53.2481923,-26.9231160992369,0.0 -53.2481914,-26.9231087992369,0.0 -53.2481897,-26.9231028992369,0.0 -53.2481887,-26.9230964992369,0.0 -53.2481868,-26.9230908992369,0.0 -53.2481857,-26.9230837992369,0.0 -53.2481832,-26.9230774992369,0.0 -53.2481816,-26.9230702992369,0.0 -53.2481788,-26.9230639992369,0.0 -53.2481768,-26.9230577992369,0.0 -53.2481743,-26.9230524992369,0.0 -53.2481723,-26.9230464992369,0.0 -53.2481677,-26.9230409992369,0.0 -53.2481642,-26.9230332992369,0.0 -53.2481582,-26.9230273992369,0.0 -53.2481569,-26.9230254992369,0.0 -53.2481534,-26.9230201992369,0.0 -53.2481487,-26.9230162992369,0.0 -53.2481422,-26.9230116992369,0.0 -53.2481365,-26.9230053992369,0.0 -53.2481286,-26.9230004992369,0.0 -53.2481172,-26.9229917992369,0.0 -53.2480951,-26.9229787992369,0.0 -53.2480771,-26.9229699992369,0.0 -53.2480572,-26.9229610992369,0.0 -53.2480387,-26.9229542992369,0.0 -53.2480185,-26.9229491992369,0.0 -53.2479589,-26.9229340992369,0.0 -53.2479388,-26.9229321992369,0.0 -53.2477432,-26.9229275992369,0.0 -53.2476472,-26.9229214992369,0.0 -53.2475684,-26.9229123992369,0.0 -53.2474902,-26.9228996992369,0.0 -53.2474833,-26.9228297992369,0.0 -53.2474883,-26.9227786992369,0.0 -53.247503,-26.9227240992369,0.0 -53.2475202,-26.9226567992369,0.0 -53.2475744,-26.9225578992369,0.0 -53.2476281,-26.9224712992369,0.0 -53.2476973,-26.9223636992369,0.0 -53.2477367,-26.9222981992369,0.0 -53.2477776,-26.9222210992369,0.0 -53.2478091,-26.9221543992369,0.0 -53.2478439,-26.9220834992369,0.0 -53.2478832,-26.9220212992369,0.0 -53.2479181,-26.9219759992369,0.0 -53.2479602,-26.9219184992369,0.0 -53.2479928,-26.9218684992369,0.0 -53.2480107,-26.9218261992369,0.0 -53.2480122,-26.9217768992369,0.0 -53.2480071,-26.921745099237,0.0 -53.2479976,-26.921710899237,0.0 -53.2479864,-26.9216833992369,0.0 -53.2479703,-26.921646699237,0.0 -53.2479527,-26.921551599237,0.0 -53.247944,-26.921480799237,0.0 -53.2479462,-26.921436599237,0.0 -53.2479594,-26.921323999237,0.0 -53.2479905,-26.921221699237,0.0 -53.2480318,-26.921103399237,0.0 -53.248054,-26.921035599237,0.0 -53.2625355,-26.917176899237,0.0 -53.2627218,-26.917370499237,0.0 -53.2627472,-26.917384099237,0.0 -53.2627738,-26.917400899237,0.0 -53.2628055,-26.917421399237,0.0 -53.2628383,-26.917444999237,0.0 -53.2629292,-26.917529799237,0.0 -53.2629499,-26.917554799237,0.0 -53.2629602,-26.917566299237,0.0 -53.2629774,-26.917586199237,0.0 -53.2629946,-26.917612299237,0.0 -53.2630141,-26.917640499237,0.0 -53.2630278,-26.917665499237,0.0 -53.2630462,-26.917688499237,0.0 -53.2630738,-26.917715699237,0.0 -53.2631245,-26.917755499237,0.0 -53.263204,-26.917811099237,0.0 -53.2632674,-26.917856199237,0.0 -53.2632697,-26.917858299237,0.0 -53.2632985,-26.917878199237,0.0 -53.2633538,-26.917926399237,0.0 -53.2634378,-26.918004799237,0.0 -53.2635194,-26.918091599237,0.0 -53.2635448,-26.918120799237,0.0 -53.2635665,-26.918149099237,0.0 -53.2636214,-26.918234699237,0.0 -53.2636763,-26.918330699237,0.0 -53.2636957,-26.918362999237,0.0 -53.2636912,-26.918350499237,0.0 -53.2637334,-26.918430799237,0.0 -53.2637939,-26.918544499237,0.0 -53.2638236,-26.918609099237,0.0 -53.2638419,-26.918636299237,0.0 -53.2638718,-26.918669699237,0.0 -53.2639051,-26.918704199237,0.0 -53.2639212,-26.918716799237,0.0 -53.2639374,-26.918729399237,0.0 -53.263972,-26.918744199237,0.0 -53.2640056,-26.918745399237,0.0 -53.2640509,-26.918740499237,0.0 -53.2641032,-26.918729399237,0.0 -53.264159,-26.918708899237,0.0 -53.264216,-26.918689499237,0.0 -53.2642694,-26.918671099237,0.0 -53.2643879,-26.918644799237,0.0 -53.2644598,-26.918643199237,0.0 -53.2645375,-26.918650899237,0.0 -53.2645664,-26.918654199237,0.0 -53.2645687,-26.918656299237,0.0 -53.2646046,-26.918665899237,0.0 -53.2646658,-26.918688099237,0.0 -53.2647375,-26.918713499237,0.0 -53.2647976,-26.918738799237,0.0 -53.2648392,-26.918755699237,0.0 -53.2648785,-26.918770499237,0.0 -53.2649224,-26.918789499237,0.0 -53.2649837,-26.918815799237,0.0 -53.2650576,-26.918843299237,0.0 -53.2651189,-26.918865499237,0.0 -53.2651293,-26.918868699237,0.0 -53.2651489,-26.918878199237,0.0 -53.2651894,-26.918891899237,0.0 -53.2652437,-26.918914099237,0.0 -53.2653003,-26.918940399237,0.0 -53.26535,-26.918964599237,0.0 -53.2653985,-26.918987799237,0.0 -53.2654435,-26.919011999237,0.0 -53.2654781,-26.919030899237,0.0 -53.2655116,-26.919050899237,0.0 -53.2655405,-26.919066599237,0.0 -53.2655647,-26.919080299237,0.0 -53.2655901,-26.919092899237,0.0 -53.2656202,-26.919103499237,0.0 -53.2656514,-26.919115099237,0.0 -53.2656826,-26.919126799237,0.0 -53.2657173,-26.919135299237,0.0 -53.265752,-26.919145899237,0.0 -53.2657786,-26.919155399237,0.0 -53.2658029,-26.919158699237,0.0 -53.2658203,-26.919161899237,0.0 -53.2658342,-26.919164099237,0.0 -53.2658481,-26.919166199237,0.0 -53.2658621,-26.919168699237,0.0 -53.2658745,-26.919169999237,0.0 -53.2658875,-26.919170599237,0.0 -53.2659005,-26.919171099237,0.0 -53.2661168,-26.919175299237,0.0 -53.2662413,-26.919170899237,0.0 -53.2662917,-26.919159599237,0.0 -53.2663387,-26.919147199237,0.0 -53.2663821,-26.919129499237,0.0 -53.2664279,-26.919109799237,0.0 -53.2664702,-26.919088899237,0.0 -53.2665113,-26.919069099237,0.0 -53.2665524,-26.919049399237,0.0 -53.2665935,-26.919029599237,0.0 -53.2666851,-26.918994299237,0.0 -53.2667273,-26.918979699237,0.0 -53.2667707,-26.918966299237,0.0 -53.2668153,-26.918955899237,0.0 -53.2668633,-26.918948799237,0.0 -53.2669149,-26.918944799237,0.0 -53.2669735,-26.918942999237,0.0 -53.2670379,-26.918944299237,0.0 -53.2671105,-26.918950899237,0.0 -53.2671994,-26.918970199237,0.0 -53.2673127,-26.919009599237,0.0 -53.2674109,-26.919054099237,0.0 -53.2674221,-26.919059999237,0.0 -53.2674482,-26.919073999237,0.0 -53.2674819,-26.919088499237,0.0 -53.2675198,-26.919104599237,0.0 -53.2675678,-26.919122399237,0.0 -53.2676253,-26.919142399237,0.0 -53.2676964,-26.919171399237,0.0 -53.2677887,-26.919220799237,0.0 -53.2678858,-26.919280899237,0.0 -53.2679408,-26.919315699237,0.0 -53.2679598,-26.919324299237,0.0 -53.2679927,-26.919334299237,0.0 -53.2680255,-26.919344299237,0.0 -53.2681312,-26.919359699237,0.0 -53.2682611,-26.919372499237,0.0 -53.2683709,-26.919383099237,0.0 -53.2684172,-26.919390699237,0.0 -53.2685061,-26.919410299237,0.0 -53.2686253,-26.919438999237,0.0 -53.268725,-26.919460799237,0.0 -53.2687606,-26.919464099237,0.0 -53.2688473,-26.919465499237,0.0 -53.2689714,-26.919458099237,0.0 -53.2690985,-26.919446899237,0.0 -53.2691431,-26.919444399237,0.0 -53.2692108,-26.919443699237,0.0 -53.2693064,-26.919447799237,0.0 -53.2694262,-26.919459999237,0.0 -53.269549,-26.919480299237,0.0 -53.2696226,-26.919491199237,0.0 -53.26965,-26.919494499237,0.0 -53.2697012,-26.919497999237,0.0 -53.2697644,-26.919499299237,0.0 -53.2698323,-26.919498499237,0.0 -53.2699039,-26.919492399237,0.0 -53.2699695,-26.919483099237,0.0 -53.2700255,-26.919473699237,0.0 -53.2700816,-26.919464299237,0.0 -53.2702664,-26.919449099237,0.0 -53.270376,-26.919447399237,0.0 -53.2705238,-26.919443699237,0.0 -53.2706585,-26.919438999237,0.0 -53.270674,-26.919435799237,0.0 -53.2707002,-26.919438099237,0.0 -53.2707229,-26.919437099237,0.0 -53.270742,-26.919439299237,0.0 -53.2707575,-26.919438299237,0.0 -53.2707694,-26.919438399237,0.0 -53.2707885,-26.919437399237,0.0 -53.2708207,-26.919436399237,0.0 -53.2708763,-26.919438299237,0.0 -53.2709526,-26.919444999237,0.0 -53.2710469,-26.919459299237,0.0 -53.2711465,-26.919476399237,0.0 -53.2712044,-26.919485699237,0.0 -53.2712474,-26.919487999237,0.0 -53.2712993,-26.919489899237,0.0 -53.2713686,-26.919487999237,0.0 -53.2714641,-26.919485199237,0.0 -53.2715699,-26.919476499237,0.0 -53.271641,-26.919469899237,0.0 -53.2716666,-26.919469499237,0.0 -53.2717215,-26.919474999237,0.0 -53.2717943,-26.919482799237,0.0 -53.2718874,-26.919496099237,0.0 -53.2719918,-26.919519499237,0.0 -53.2721056,-26.919555899237,0.0 -53.272186,-26.919584599237,0.0 -53.2722063,-26.919588999237,0.0 -53.2722779,-26.919603199237,0.0 -53.2723805,-26.919612199237,0.0 -53.2724994,-26.919607899237,0.0 -53.2725968,-26.919599199237,0.0 -53.2726063,-26.919598199237,0.0 -53.2726302,-26.919593999237,0.0 -53.2726619,-26.919587099237,0.0 -53.2727014,-26.919573399237,0.0 -53.2727451,-26.919559099237,0.0 -53.2727876,-26.919542699237,0.0 -53.2728318,-26.919526799237,0.0 -53.2728773,-26.919511999237,0.0 -53.272924,-26.919499399237,0.0 -53.27297,-26.919489399237,0.0 -53.2730148,-26.919481499237,0.0 -53.2730591,-26.919475299237,0.0 -53.2731009,-26.919471199237,0.0 -53.2731367,-26.919470299237,0.0 -53.2731695,-26.919470899237,0.0 -53.2732036,-26.919472699237,0.0 -53.273237,-26.919473899237,0.0 -53.2732728,-26.919474099237,0.0 -53.2733176,-26.919471599237,0.0 -53.2733666,-26.919469599237,0.0 -53.2733792,-26.919464899237,0.0 -53.2734055,-26.919454299237,0.0 -53.2734337,-26.919437799237,0.0 -53.2734601,-26.919416499237,0.0 -53.2734811,-26.919393499237,0.0 -53.2735027,-26.919367899237,0.0 -53.2735274,-26.919339699237,0.0 -53.2735514,-26.919307599237,0.0 -53.2735767,-26.919274499237,0.0 -53.2736056,-26.919242499237,0.0 -53.2736416,-26.919215899237,0.0 -53.273696,-26.919193099237,0.0 -53.2737612,-26.919174699237,0.0 -53.2738096,-26.919166799237,0.0 -53.2738246,-26.919165299237,0.0 -53.273855,-26.919163799237,0.0 -53.273892,-26.919164999237,0.0 -53.2739332,-26.919168999237,0.0 -53.2739523,-26.919172299237,0.0 -53.2739714,-26.919175499237,0.0 -53.2741247,-26.919207799237,0.0 -53.2741593,-26.919213299237,0.0 -53.2741926,-26.919221999237,0.0 -53.2742248,-26.919240299237,0.0 -53.274264,-26.919275799237,0.0 -53.2742967,-26.919304299237,0.0 -53.2743097,-26.919313999237,0.0 -53.2743449,-26.919328599237,0.0 -53.2743979,-26.919342199237,0.0 -53.2744671,-26.919357499237,0.0 -53.2745345,-26.919368999237,0.0 -53.2745757,-26.919373999237,0.0 -53.2746199,-26.919377399237,0.0 -53.2746634,-26.919380299237,0.0 -53.2747016,-26.919381499237,0.0 -53.2747321,-26.919383299237,0.0 -53.2747554,-26.919383899237,0.0 -53.2747757,-26.919384999237,0.0 -53.274793,-26.919385699237,0.0 -53.2748055,-26.919388399237,0.0 -53.274824,-26.919391099237,0.0 -53.2748437,-26.919395999237,0.0 -53.2748544,-26.919399299237,0.0 -53.2748657,-26.919401999237,0.0 -53.2748752,-26.919406299237,0.0 -53.2748907,-26.919412799237,0.0 -53.2749002,-26.919419299237,0.0 -53.2749059,-26.919419199237,0.0 -53.2749352,-26.919446899237,0.0 -53.2749761,-26.919480299237,0.0 -53.2750158,-26.919517099237,0.0 -53.2750465,-26.919554399237,0.0 -53.2750664,-26.919592999237,0.0 -53.2750833,-26.919634299237,0.0 -53.2751021,-26.919679299237,0.0 -53.2751379,-26.919740399237,0.0 -53.2751854,-26.919811499237,0.0 -53.2752076,-26.919845699237,0.0 -53.2752181,-26.919859099237,0.0 -53.275247,-26.919895899237,0.0 -53.2752856,-26.919939099237,0.0 -53.2753339,-26.919986499237,0.0 -53.2754064,-26.920043299237,0.0 -53.2754946,-26.920096699237,0.0 -53.2755334,-26.920115599237,0.0 -53.275568,-26.920134099237,0.0 -53.2756725,-26.920192099237,0.0 -53.2758044,-26.920271899237,0.0 -53.2758987,-26.920333899237,0.0 -53.2759338,-26.920348499237,0.0 -53.2760145,-26.920387999237,0.0 -53.2761142,-26.920447199237,0.0 -53.2762044,-26.920517199237,0.0 -53.2762343,-26.920545499237,0.0 -53.276274,-26.920579999237,0.0 -53.2763751,-26.920654299237,0.0 -53.2764913,-26.920725599237,0.0 -53.2765332,-26.920748299237,0.0 -53.2765646,-26.920758699237,0.0 -53.2766238,-26.920773099237,0.0 -53.276692,-26.920781499237,0.0 -53.2767607,-26.920783899237,0.0 -53.2768202,-26.920781499237,0.0 -53.2768744,-26.920777699237,0.0 -53.2769273,-26.920778099237,0.0 -53.2769865,-26.920788199237,0.0 -53.277056,-26.920806199237,0.0 -53.2771074,-26.920819099237,0.0 -53.277131,-26.920828999237,0.0 -53.2771832,-26.920854299237,0.0 -53.2772487,-26.920881499237,0.0 -53.2773273,-26.920903199237,0.0 -53.277391,-26.920913399237,0.0 -53.277428,-26.920918699237,0.0 -53.2775432,-26.920928699237,0.0 -53.2776528,-26.920934899237,0.0 -53.2777064,-26.920934799237,0.0 -53.277822,-26.920936699237,0.0 -53.2779817,-26.920942899237,0.0 -53.2781347,-26.920952899237,0.0 -53.2781486,-26.920953299237,0.0 -53.278189,-26.920956599237,0.0 -53.2782541,-26.920964399237,0.0 -53.2783356,-26.920976899237,0.0 -53.278419,-26.920997499237,0.0 -53.2785098,-26.921029799237,0.0 -53.2786056,-26.921072899237,0.0 -53.2786603,-26.921102399237,0.0 -53.2787028,-26.921125599237,0.0 -53.2787745,-26.921167899237,0.0 -53.2788669,-26.921223899237,0.0 -53.2789732,-26.921286799237,0.0 -53.2790644,-26.921339599237,0.0 -53.2790899,-26.921354399237,0.0 -53.2791087,-26.921364399237,0.0 -53.279159,-26.921382599237,0.0 -53.2792405,-26.921397299237,0.0 -53.2793488,-26.921394899237,0.0 -53.2794359,-26.921380399237,0.0 -53.2794653,-26.921374099237,0.0 -53.2795066,-26.921362299237,0.0 -53.279558,-26.921340099237,0.0 -53.279613,-26.921313599237,0.0 -53.279665,-26.921288699237,0.0 -53.2797122,-26.921264999237,0.0 -53.2797576,-26.921245099237,0.0 -53.2798043,-26.921226199237,0.0 -53.279854,-26.921210999237,0.0 -53.2799128,-26.921202799237,0.0 -53.2799797,-26.921204699237,0.0 -53.2800087,-26.921208699237,0.0 -53.2800274,-26.921211099237,0.0 -53.2800781,-26.921220199237,0.0 -53.2801383,-26.921222699237,0.0 -53.2802008,-26.921215499237,0.0 -53.2802663,-26.921207699237,0.0 -53.2803414,-26.921199799237,0.0 -53.2804269,-26.921199899237,0.0 -53.2805245,-26.921204099237,0.0 -53.2806318,-26.921212499237,0.0 -53.2807012,-26.921220899237,0.0 -53.2807262,-26.921222499237,0.0 -53.2807512,-26.921223999237,0.0 -53.2808192,-26.921224799237,0.0 -53.2808944,-26.921221299237,0.0 -53.2809707,-26.921212299237,0.0 -53.2810452,-26.921199499237,0.0 -53.2811226,-26.921187299237,0.0 -53.2811994,-26.921171299237,0.0 -53.281236,-26.921163799237,0.0 -53.2812643,-26.921161899237,0.0 -53.2813132,-26.921167199237,0.0 -53.2813856,-26.921178199237,0.0 -53.2814655,-26.921208499237,0.0 -53.2815403,-26.921253399237,0.0 -53.281575,-26.921281599237,0.0 -53.2816123,-26.921317199237,0.0 -53.2816533,-26.921359299237,0.0 -53.2816998,-26.921400799237,0.0 -53.2817485,-26.921438999237,0.0 -53.2817979,-26.921475599237,0.0 -53.2818414,-26.921526299237,0.0 -53.2818835,-26.9215958992369,0.0 -53.2819213,-26.9216638992369,0.0 -53.2819299,-26.921675599237,0.0 -53.2819399,-26.921698099237,0.0 -53.2819591,-26.9217307992369,0.0 -53.2819788,-26.9217606992369,0.0 -53.2820015,-26.9217889992369,0.0 -53.282026,-26.9218145992369,0.0 -53.2820504,-26.9218336992369,0.0 -53.2820717,-26.9218468992369,0.0 -53.2820911,-26.9218563992369,0.0 -53.2821087,-26.9218653992369,0.0 -53.2821233,-26.9218737992369,0.0 -53.2821397,-26.9218816992369,0.0 -53.2821542,-26.9218890992369,0.0 -53.2821664,-26.9218953992369,0.0 -53.2821773,-26.9219016992369,0.0 -53.2821889,-26.9219085992369,0.0 -53.282198,-26.9219154992369,0.0 -53.2822138,-26.9219249992369,0.0 -53.2822223,-26.9219302992369,0.0 -53.2822248,-26.9219270992369,0.0 -53.2822415,-26.9219390992369,0.0 -53.2822754,-26.9219602992369,0.0 -53.2823168,-26.9219876992369,0.0 -53.2823581,-26.9220140992369,0.0 -53.2823977,-26.9220399992369,0.0 -53.2824342,-26.9220664992369,0.0 -53.2824683,-26.9220919992369,0.0 -53.2825,-26.9221186992369,0.0 -53.2825317,-26.9221453992369,0.0 -53.282565,-26.9221816992369,0.0 -53.2826085,-26.9222339992369,0.0 -53.2826651,-26.9222994992369,0.0 -53.2827042,-26.9223458992369,0.0 -53.2827254,-26.9223669992369,0.0 -53.2827678,-26.9224046992369,0.0 -53.2828334,-26.9224524992369,0.0 -53.2829247,-26.9225093992369,0.0 -53.2830103,-26.9225581992369,0.0 -53.2830448,-26.9225788992369,0.0 -53.2830577,-26.9225865992369,0.0 -53.2831082,-26.9226142992369,0.0 -53.2831823,-26.9226483992369,0.0 -53.2832838,-26.9226875992369,0.0 -53.2833768,-26.9227237992369,0.0 -53.2834097,-26.9227346992369,0.0 -53.2834365,-26.9227425992369,0.0 -53.2835104,-26.9227679992369,0.0 -53.2836056,-26.9227997992369,0.0 -53.2836817,-26.9228228992369,0.0 -53.2837025,-26.9228298992369,0.0 -53.2837586,-26.9228476992369,0.0 -53.2838261,-26.9228645992369,0.0 -53.2839001,-26.9228775992369,0.0 -53.2839623,-26.9228794992369,0.0 -53.2839918,-26.9228780992369,0.0 -53.2840332,-26.9228751992369,0.0 -53.2840819,-26.9228699992369,0.0 -53.284133,-26.9228678992369,0.0 -53.2841826,-26.9228706992369,0.0 -53.2842283,-26.9228850992369,0.0 -53.2842634,-26.9229050992369,0.0 -53.2842751,-26.9229117992369,0.0 -53.2843076,-26.9229275992369,0.0 -53.2843424,-26.9229411992369,0.0 -53.284376,-26.9229536992369,0.0 -53.2844116,-26.9229699992369,0.0 -53.2844448,-26.9229873992369,0.0 -53.2844724,-26.9230022992369,0.0 -53.284488,-26.9230142992369,0.0 -53.2844998,-26.9230252992369,0.0 -53.2845101,-26.9230422992369,0.0 -53.2845234,-26.9230608992369,0.0 -53.2845381,-26.9230825992369,0.0 -53.2845527,-26.9231032992369,0.0 -53.2845635,-26.9231186992369,0.0 -53.2845805,-26.9231392992369,0.0 -53.2846267,-26.9231811992369,0.0 -53.2846862,-26.9232281992369,0.0 -53.2847459,-26.9232783992369,0.0 -53.284761,-26.9232951992369,0.0 -53.2847698,-26.9233046992369,0.0 -53.2847947,-26.9233277992369,0.0 -53.2848246,-26.9233517992369,0.0 -53.2848584,-26.9233718992369,0.0 -53.2848922,-26.9233876992369,0.0 -53.2849221,-26.9233991992369,0.0 -53.2849467,-26.9234114992369,0.0 -53.2849665,-26.9234260992369,0.0 -53.2849792,-26.9234440992369,0.0 -53.2849895,-26.9234610992369,0.0 -53.2849972,-26.9234749992369,0.0 -53.285006,-26.9234854992369,0.0 -53.285049,-26.9235590992369,0.0 -53.2851889,-26.9234238992369,0.0 -53.2855926,-26.9230171992369,0.0 -53.285991,-26.9226413992369,0.0 -53.2862691,-26.9223566992369,0.0 -53.2865168,-26.9221170992369,0.0 -53.2875768,-26.921171499237,0.0 -53.2879995,-26.920777299237,0.0 -53.2881568,-26.920612499237,0.0 -53.2883475,-26.920369599237,0.0 -53.2884197,-26.920318299237,0.0 -53.288553,-26.920245599237,0.0 -53.2886584,-26.920175599237,0.0 -53.2887382,-26.920101399237,0.0 -53.2888076,-26.920011499237,0.0 -53.288871,-26.919873899237,0.0 -53.2889286,-26.919701399237,0.0 -53.288983,-26.919497899237,0.0 -53.2890221,-26.919291499237,0.0 -53.2890818,-26.918971799237,0.0 -53.2890981,-26.918767699237,0.0 -53.2890989,-26.918553699237,0.0 -53.2890767,-26.918335499237,0.0 -53.2890499,-26.918138899237,0.0 -53.2890131,-26.917957399237,0.0 -53.2889594,-26.917814799237,0.0 -53.2888737,-26.917599899237,0.0 -53.2888159,-26.917495499237,0.0 -53.2887587,-26.917395899237,0.0 -53.2887121,-26.917277499237,0.0 -53.2886642,-26.917181099237,0.0 -53.2886056,-26.917104599237,0.0 -53.2884971,-26.917010899237,0.0 -53.2883854,-26.916945199237,0.0 -53.2882145,-26.916862299237,0.0 -53.2880433,-26.916782099237,0.0 -53.2879381,-26.916760699237,0.0 -53.287831,-26.916739399237,0.0 -53.2877427,-26.916740799237,0.0 -53.2875978,-26.916757999237,0.0 -53.2873215,-26.916825099237,0.0 -53.2871799,-26.916865399237,0.0 -53.2870812,-26.916896699237,0.0 -53.2870026,-26.916919299237,0.0 -53.2869054,-26.916930799237,0.0 -53.2868338,-26.916940199237,0.0 -53.2867591,-26.916972699237,0.0 -53.2867008,-26.917013399237,0.0 -53.2865247,-26.917128199237,0.0 -53.2864102,-26.917195899237,0.0 -53.2863135,-26.917235399237,0.0 -53.2861946,-26.917266999237,0.0 -53.2860974,-26.917278399237,0.0 -53.2859337,-26.917310999237,0.0 -53.2858076,-26.917349299237,0.0 -53.2857182,-26.917385299237,0.0 -53.2856287,-26.917416399237,0.0 -53.285539,-26.917435999237,0.0 -53.2854618,-26.917437199237,0.0 -53.2853716,-26.917433799237,0.0 -53.2853073,-26.917436399237,0.0 -53.2852249,-26.917454199237,0.0 -53.2851369,-26.917483899237,0.0 -53.2849813,-26.917532599237,0.0 -53.2848404,-26.917567799237,0.0 -53.2846588,-26.917610399237,0.0 -53.2845361,-26.917635499237,0.0 -53.2843456,-26.917671499237,0.0 -53.2840795,-26.917723699237,0.0 -53.2839237,-26.917747599237,0.0 -53.2838176,-26.917775699237,0.0 -53.2837136,-26.917818499237,0.0 -53.2836237,-26.917856599237,0.0 -53.2835273,-26.917907599237,0.0 -53.2834709,-26.917939799237,0.0 -53.2833977,-26.917959099237,0.0 -53.2833094,-26.917957199237,0.0 -53.2831771,-26.917960999237,0.0 -53.2830665,-26.917969399237,0.0 -53.2829269,-26.917976599237,0.0 -53.2827964,-26.917981999237,0.0 -53.282688,-26.917985399237,0.0 -53.2825557,-26.917990899237,0.0 -53.2823698,-26.917983999237,0.0 -53.2822203,-26.917960099237,0.0 -53.2819724,-26.917919399237,0.0 -53.2818115,-26.917870999237,0.0 -53.2817,-26.917816799237,0.0 -53.281581,-26.917751199237,0.0 -53.2814594,-26.917649399237,0.0 -53.2813016,-26.917496399237,0.0 -53.2812319,-26.917413599237,0.0 -53.2811541,-26.917294599237,0.0 -53.2809907,-26.917052399237,0.0 -53.2809187,-26.916943299237,0.0 -53.2808412,-26.916840799237,0.0 -53.2807888,-26.916793899237,0.0 -53.2807565,-26.916744999237,0.0 -53.2807479,-26.916670099237,0.0 -53.2807328,-26.916645799237,0.0 -53.2807098,-26.916622899237,0.0 -53.280683,-26.916606499237,0.0 -53.2806441,-26.916590699237,0.0 -53.2806039,-26.916577599237,0.0 -53.2805634,-26.916542599237,0.0 -53.280529,-26.9165023992371,0.0 -53.2804095,-26.9163902992371,0.0 -53.2802956,-26.9162527992371,0.0 -53.2802304,-26.9161075992371,0.0 -53.2802237,-26.9160909992371,0.0 -53.2802107,-26.9160519992371,0.0 -53.2801986,-26.9160136992371,0.0 -53.2801865,-26.9159757992371,0.0 -53.2801751,-26.9159408992371,0.0 -53.2801604,-26.9158916992371,0.0 -53.2801525,-26.9158505992371,0.0 -53.2801507,-26.9158382992371,0.0 -53.2801434,-26.9157956992371,0.0 -53.2801399,-26.9157576992371,0.0 -53.2801395,-26.9157156992371,0.0 -53.2801354,-26.9156863992371,0.0 -53.2801328,-26.9156462992371,0.0 -53.2801303,-26.9156097992371,0.0 -53.2801247,-26.9155743992371,0.0 -53.2801183,-26.9155314992371,0.0 -53.2800951,-26.9154885992371,0.0 -53.2800839,-26.9154497992371,0.0 -53.2800794,-26.9153925992371,0.0 -53.2800786,-26.9153542992371,0.0 -53.2800776,-26.9153137992371,0.0 -53.2800736,-26.9152494992371,0.0 -53.2800741,-26.9151869992371,0.0 -53.2800807,-26.9151243992371,0.0 -53.2800949,-26.9150603992371,0.0 -53.2800854,-26.9150014992371,0.0 -53.280074,-26.9149669992371,0.0 -53.2800816,-26.9148951992371,0.0 -53.2800915,-26.9148083992371,0.0 -53.2800788,-26.9147494992371,0.0 -53.2800681,-26.9146856992371,0.0 -53.2800681,-26.9146431992371,0.0 -53.2800718,-26.9146025992371,0.0 -53.2800754,-26.9145633992371,0.0 -53.2800792,-26.9145224992371,0.0 -53.2800827,-26.9144808992371,0.0 -53.2800875,-26.9144369992371,0.0 -53.2800996,-26.9143671992371,0.0 -53.2801064,-26.9143276992371,0.0 -53.2801126,-26.9142871992371,0.0 -53.2801198,-26.9142464992371,0.0 -53.2801293,-26.9142058992371,0.0 -53.2801399,-26.9141679992371,0.0 -53.2801515,-26.9141326992371,0.0 -53.280172,-26.9140696992371,0.0 -53.2801751,-26.9140275992371,0.0 -53.2801881,-26.9139696992371,0.0 -53.2801934,-26.9139555992371,0.0 -53.2802044,-26.9139194992371,0.0 -53.2802161,-26.9138799992371,0.0 -53.2802281,-26.9138437992371,0.0 -53.2802368,-26.9138031992371,0.0 -53.2802541,-26.9137507992371,0.0 -53.2802624,-26.9137281992371,0.0 -53.2802794,-26.9136843992371,0.0 -53.2802962,-26.9136382992371,0.0 -53.2803113,-26.9135910992371,0.0 -53.2803408,-26.9135438992371,0.0 -53.2803732,-26.9134856992371,0.0 -53.2803895,-26.9134514992371,0.0 -53.2804173,-26.9133941992371,0.0 -53.2804438,-26.9133432992371,0.0 -53.2804728,-26.9132914992371,0.0 -53.2805049,-26.9132358992371,0.0 -53.2805346,-26.9131805992371,0.0 -53.2805745,-26.9131376992371,0.0 -53.2806192,-26.9130912992371,0.0 -53.2806462,-26.9130629992371,0.0 -53.2806768,-26.9130330992371,0.0 -53.2807319,-26.9129835992371,0.0 -53.2807656,-26.9129505992371,0.0 -53.2808141,-26.9129159992371,0.0 -53.2809326,-26.9128567992371,0.0 -53.2810875,-26.9127856992371,0.0 -53.2812237,-26.9127348992371,0.0 -53.28131,-26.9127210992371,0.0 -53.281337,-26.9127194992371,0.0 -53.2813844,-26.9127060992371,0.0 -53.2814419,-26.9126917992371,0.0 -53.2815052,-26.9126714992371,0.0 -53.281533,-26.9126631992371,0.0 -53.2815866,-26.9126460992371,0.0 -53.2816477,-26.9126226992371,0.0 -53.2816772,-26.9126110992371,0.0 -53.2817349,-26.9125834992371,0.0 -53.2817971,-26.9125529992371,0.0 -53.2818507,-26.9125285992371,0.0 -53.2819081,-26.9124974992371,0.0 -53.2819396,-26.9124824992371,0.0 -53.2819913,-26.9124540992371,0.0 -53.2820288,-26.9124368992371,0.0 -53.2820903,-26.9124054992371,0.0 -53.2821349,-26.9123816992371,0.0 -53.2821552,-26.9123779992371,0.0 -53.2822038,-26.9123756992371,0.0 -53.2822518,-26.9123569992371,0.0 -53.2822836,-26.9123449992371,0.0 -53.2823429,-26.9123282992371,0.0 -53.2823841,-26.9123106992371,0.0 -53.2824315,-26.9122887992371,0.0 -53.2824944,-26.9122704992371,0.0 -53.2825475,-26.9122516992371,0.0 -53.2825785,-26.9122437992371,0.0 -53.2826249,-26.9122314992371,0.0 -53.2826738,-26.9122104992371,0.0 -53.2826997,-26.9121994992371,0.0 -53.2827502,-26.9121796992371,0.0 -53.282808,-26.9121571992371,0.0 -53.2828737,-26.9121361992371,0.0 -53.2829315,-26.9121137992371,0.0 -53.2829811,-26.9121000992371,0.0 -53.2830131,-26.9120859992371,0.0 -53.2832388,-26.9119996992371,0.0 -53.2834197,-26.9119388992371,0.0 -53.2836071,-26.9119013992371,0.0 -53.2837754,-26.9118174992371,0.0 -53.2839978,-26.9117184992371,0.0 -53.2841666,-26.9116493992371,0.0 -53.284571,-26.9114838992371,0.0 -53.2849606,-26.9113425992372,0.0 -53.2849687,-26.9113399992371,0.0 -53.2850082,-26.9113216992371,0.0 -53.285031,-26.9113093992372,0.0 -53.2850763,-26.9112834992372,0.0 -53.285114,-26.9112605992371,0.0 -53.2851212,-26.9112562992372,0.0 -53.2851556,-26.9112371992372,0.0 -53.2851805,-26.9112225992372,0.0 -53.2851863,-26.9112191992371,0.0 -53.2852247,-26.9111993992372,0.0 -53.2852469,-26.9111895992372,0.0 -53.2852808,-26.9111697992372,0.0 -53.2853181,-26.9111502992372,0.0 -53.2853612,-26.9111285992371,0.0 -53.2854269,-26.9110956992372,0.0 -53.2854839,-26.9110651992372,0.0 -53.2855068,-26.9110528992372,0.0 -53.285547,-26.9110310992371,0.0 -53.2855907,-26.9110002992372,0.0 -53.285616,-26.9109829992372,0.0 -53.2856661,-26.9109538992372,0.0 -53.2857013,-26.9109270992372,0.0 -53.2857551,-26.9109001992372,0.0 -53.2858083,-26.9108777992372,0.0 -53.2858443,-26.9108574992372,0.0 -53.2858814,-26.9108398992372,0.0 -53.2859173,-26.9108179992372,0.0 -53.2859643,-26.9107982992372,0.0 -53.2859979,-26.9107781992372,0.0 -53.2860381,-26.9107572992372,0.0 -53.286079,-26.9107291992372,0.0 -53.2861138,-26.9106981992372,0.0 -53.2861479,-26.9106613992372,0.0 -53.2861825,-26.9106340992372,0.0 -53.2862152,-26.9106094992372,0.0 -53.2862456,-26.9105846992372,0.0 -53.2862796,-26.9105539992372,0.0 -53.2863131,-26.9105242992372,0.0 -53.2863504,-26.9104984992372,0.0 -53.2863718,-26.9104798992372,0.0 -53.2863967,-26.9104512992372,0.0 -53.2864271,-26.9104231992372,0.0 -53.2864645,-26.9103963992372,0.0 -53.28648,-26.9103827992372,0.0 -53.2865428,-26.9103106992372,0.0 -53.2865563,-26.9102949992372,0.0 -53.2865913,-26.9102625992372,0.0 -53.2866238,-26.9102333992372,0.0 -53.2866688,-26.9102074992372,0.0 -53.2866774,-26.9102026992372,0.0 -53.2867084,-26.9101774992372,0.0 -53.2867451,-26.9101480992372,0.0 -53.2867917,-26.9101314992372,0.0 -53.2868254,-26.9101135992372,0.0 -53.2868491,-26.9100899992372,0.0 -53.2868713,-26.9100462992372,0.0 -53.2868951,-26.9100144992372,0.0 -53.2869063,-26.9099975992372,0.0 -53.2869289,-26.9099629992372,0.0 -53.286956,-26.9099234992372,0.0 -53.2869858,-26.9098829992372,0.0 -53.2870069,-26.9098346992372,0.0 -53.2870241,-26.9097902992372,0.0 -53.2870493,-26.9097431992372,0.0 -53.2870663,-26.9097178992372,0.0 -53.2870816,-26.9096812992372,0.0 -53.2870849,-26.9096688992372,0.0 -53.2870904,-26.9096217992372,0.0 -53.2870943,-26.9096011992372,0.0 -53.2870987,-26.9095653992372,0.0 -53.2871037,-26.9095216992372,0.0 -53.2871124,-26.9094753992372,0.0 -53.287116,-26.9094554992372,0.0 -53.287122,-26.9094077992372,0.0 -53.2871235,-26.9093688992372,0.0 -53.2871278,-26.9093304992372,0.0 -53.2871307,-26.9093106992372,0.0 -53.2871306,-26.9092746992372,0.0 -53.2871262,-26.9092403992372,0.0 -53.2871192,-26.9091982992372,0.0 -53.2870982,-26.9091552992372,0.0 -53.2870818,-26.9091110992372,0.0 -53.2870801,-26.9090869992372,0.0 -53.2870741,-26.9090330992372,0.0 -53.2870725,-26.9089956992372,0.0 -53.2870701,-26.9089544992372,0.0 -53.2870693,-26.9089409992372,0.0 -53.2870656,-26.9089043992372,0.0 -53.2870622,-26.9088667992372,0.0 -53.2870545,-26.9088206992372,0.0 -53.28705,-26.9087826992372,0.0 -53.2870414,-26.9087455992372,0.0 -53.2870384,-26.9087279992372,0.0 -53.2870312,-26.9086902992372,0.0 -53.287019,-26.9086502992372,0.0 -53.2870156,-26.9086382992372,0.0 -53.2870033,-26.9085994992372,0.0 -53.2869928,-26.9085732992372,0.0 -53.2869772,-26.9085404992372,0.0 -53.2869601,-26.9085086992372,0.0 -53.2869204,-26.9084495992372,0.0 -53.2869108,-26.9084070992372,0.0 -53.2869092,-26.9083843992372,0.0 -53.2869052,-26.9083617992372,0.0 -53.2868889,-26.9083255992372,0.0 -53.2868743,-26.9082815992372,0.0 -53.2868701,-26.9082407992372,0.0 -53.2868575,-26.9082098992372,0.0 -53.2868474,-26.9081927992372,0.0 -53.2868267,-26.9081563992372,0.0 -53.286804,-26.9081124992372,0.0 -53.2867809,-26.9080701992372,0.0 -53.2867648,-26.9080331992372,0.0 -53.2867372,-26.9079781992372,0.0 -53.2867249,-26.9079351992372,0.0 -53.2867204,-26.9079120992372,0.0 -53.2867033,-26.9078636992372,0.0 -53.2866967,-26.9078400992372,0.0 -53.28669,-26.9078165992372,0.0 -53.2866873,-26.9078071992372,0.0 -53.2866773,-26.9077643992372,0.0 -53.2866711,-26.9077432992372,0.0 -53.2866685,-26.9077024992372,0.0 -53.2866609,-26.9076612992372,0.0 -53.2866553,-26.9076167992372,0.0 -53.2866454,-26.9075789992372,0.0 -53.2866377,-26.9075405992372,0.0 -53.2866261,-26.9074993992372,0.0 -53.2866305,-26.9074603992372,0.0 -53.2866279,-26.9074211992372,0.0 -53.2866111,-26.9073806992372,0.0 -53.2866071,-26.9073724992372,0.0 -53.2865886,-26.9073360992372,0.0 -53.286581,-26.9073110992372,0.0 -53.2865626,-26.9072664992372,0.0 -53.2865483,-26.9072217992372,0.0 -53.2865375,-26.9071809992372,0.0 -53.2865324,-26.9071623992372,0.0 -53.2865184,-26.9071250992372,0.0 -53.2865049,-26.9070820992372,0.0 -53.2864988,-26.9070616992372,0.0 -53.2864843,-26.9070287992372,0.0 -53.2864643,-26.9069863992372,0.0 -53.2864494,-26.9069335992372,0.0 -53.2864374,-26.9068779992372,0.0 -53.2864306,-26.9068489992372,0.0 -53.2864133,-26.9068003992372,0.0 -53.2864015,-26.9067594992372,0.0 -53.2863865,-26.9067140992372,0.0 -53.2863778,-26.9066669992372,0.0 -53.2863651,-26.9066207992372,0.0 -53.2863548,-26.9065852992372,0.0 -53.2863375,-26.9065270992372,0.0 -53.2863203,-26.9064324992373,0.0 -53.2863175,-26.9064205992372,0.0 -53.2863058,-26.9063859992373,0.0 -53.2862844,-26.9063371992372,0.0 -53.2862718,-26.9062892992373,0.0 -53.2862693,-26.9062812992373,0.0 -53.286243,-26.9062434992372,0.0 -53.2862302,-26.9062097992372,0.0 -53.2861588,-26.9060576992373,0.0 -53.2861366,-26.9059658992373,0.0 -53.286118,-26.9058505992373,0.0 -53.2861155,-26.9057732992373,0.0 -53.2861072,-26.9057296992373,0.0 -53.2861011,-26.9056963992373,0.0 -53.286068,-26.9055424992373,0.0 -53.2860047,-26.9053127992373,0.0 -53.285965,-26.9051507992373,0.0 -53.2859497,-26.9050539992373,0.0 -53.2859354,-26.9049618992373,0.0 -53.2859324,-26.9049026992373,0.0 -53.2859398,-26.9048419992373,0.0 -53.2859437,-26.9048008992373,0.0 -53.2859335,-26.9047394992373,0.0 -53.2859257,-26.9046512992373,0.0 -53.2859348,-26.9045601992373,0.0 -53.2859554,-26.9045172992373,0.0 -53.2859436,-26.9044328992373,0.0 -53.2859593,-26.9043460992373,0.0 -53.2859862,-26.9042991992373,0.0 -53.2861074,-26.9041411992373,0.0 -53.286277,-26.9039263992373,0.0 -53.2863234,-26.9038822992373,0.0 -53.286381,-26.9038335992373,0.0 -53.2864327,-26.9037853992373,0.0 -53.2864651,-26.9037575992373,0.0 -53.2865112,-26.9037222992373,0.0 -53.2865563,-26.9036990992373,0.0 -53.2866457,-26.9036587992373,0.0 -53.2867878,-26.9036170992373,0.0 -53.2868733,-26.9035926992373,0.0 -53.2869618,-26.9035758992373,0.0 -53.2870852,-26.9035445992373,0.0 -53.2872027,-26.9035197992373,0.0 -53.2873353,-26.9034759992373,0.0 -53.2874074,-26.9034577992373,0.0 -53.2874506,-26.9034467992373,0.0 -53.2875271,-26.9034347992373,0.0 -53.287609,-26.9034190992373,0.0 -53.287679,-26.9034000992373,0.0 -53.2877069,-26.9033973992373,0.0 -53.2877288,-26.9033950992373,0.0 -53.2878231,-26.9033509992373,0.0 -53.2878537,-26.9033172992373,0.0 -53.2879713,-26.9032534992373,0.0 -53.2881313,-26.9031816992373,0.0 -53.2882414,-26.9031621992373,0.0 -53.2883288,-26.9031290992373,0.0 -53.2883678,-26.9031112992373,0.0 -53.2884965,-26.9030722992373,0.0 -53.2885616,-26.9030363992373,0.0 -53.2886154,-26.9030179992373,0.0 -53.2886769,-26.9030027992373,0.0 -53.2888551,-26.9029776992373,0.0 -53.2889187,-26.9029599992373,0.0 -53.2889706,-26.9029429992373,0.0 -53.2890266,-26.9029285992373,0.0 -53.2890856,-26.9029121992373,0.0 -53.2891239,-26.9028994992373,0.0 -53.2891715,-26.9028772992373,0.0 -53.2892052,-26.9028543992373,0.0 -53.2892443,-26.9028384992373,0.0 -53.2892592,-26.9028330992373,0.0 -53.2893073,-26.9028143992373,0.0 -53.2893361,-26.9028053992373,0.0 -53.2893723,-26.9027906992373,0.0 -53.2893862,-26.9027843992373,0.0 -53.2894372,-26.9027657992373,0.0 -53.2894704,-26.9027541992373,0.0 -53.2895181,-26.9027352992373,0.0 -53.2895417,-26.9027248992373,0.0 -53.2895993,-26.9027099992373,0.0 -53.2896517,-26.9027037992373,0.0 -53.2896904,-26.9026857992373,0.0 -53.2897364,-26.9026689992373,0.0 -53.2897773,-26.9026549992373,0.0 -53.2897855,-26.9026534992373,0.0 -53.2898242,-26.9026425992373,0.0 -53.2898641,-26.9026305992373,0.0 -53.2899044,-26.9026165992373,0.0 -53.2899438,-26.9026027992373,0.0 -53.2900004,-26.9025839992373,0.0 -53.2900415,-26.9025669992373,0.0 -53.2900518,-26.9025627992373,0.0 -53.2900893,-26.9025470992373,0.0 -53.2901159,-26.9025351992373,0.0 -53.2902785,-26.9024647992373,0.0 -53.2904987,-26.9023456992373,0.0 -53.2906805,-26.9022068992373,0.0 -53.2908818,-26.9020336992373,0.0 -53.2910449,-26.9018430992373,0.0 -53.2912377,-26.9016432992373,0.0 -53.2912718,-26.9016026992373,0.0 -53.2912982,-26.9015672992373,0.0 -53.2913284,-26.9015265992373,0.0 -53.2913588,-26.9014925992373,0.0 -53.2913875,-26.9014576992373,0.0 -53.2914133,-26.9014254992373,0.0 -53.2914471,-26.9013864992373,0.0 -53.291474,-26.9013543992373,0.0 -53.291491,-26.9013346992373,0.0 -53.2915268,-26.9012939992373,0.0 -53.29156,-26.9012584992373,0.0 -53.2915843,-26.9012236992373,0.0 -53.2916037,-26.9011915992373,0.0 -53.291623,-26.9011550992373,0.0 -53.2916463,-26.9011083992374,0.0 -53.2916593,-26.9010845992374,0.0 -53.2916847,-26.9010368992374,0.0 -53.2917075,-26.9009923992374,0.0 -53.2917312,-26.9009441992373,0.0 -53.2917508,-26.9009038992374,0.0 -53.2917841,-26.9008599992374,0.0 -53.2918001,-26.9008440992374,0.0 -53.291828,-26.9008161992374,0.0 -53.2918525,-26.9007869992374,0.0 -53.2918838,-26.9007479992373,0.0 -53.2919091,-26.9007157992374,0.0 -53.2919339,-26.9006855992374,0.0 -53.2919404,-26.9006756992374,0.0 -53.291966,-26.9006420992374,0.0 -53.2919872,-26.9006054992374,0.0 -53.2920082,-26.9005719992374,0.0 -53.2920423,-26.9005362992374,0.0 -53.2920689,-26.9005080992374,0.0 -53.2920803,-26.9004949992374,0.0 -53.2921063,-26.9004642992374,0.0 -53.2921137,-26.9004556992374,0.0 -53.2921397,-26.9004205992374,0.0 -53.2921562,-26.9003871992374,0.0 -53.2921635,-26.9003701992374,0.0 -53.2921835,-26.9003365992374,0.0 -53.292195,-26.9003178992374,0.0 -53.2922196,-26.9002844992374,0.0 -53.2922408,-26.9002599992374,0.0 -53.2922685,-26.9002267992374,0.0 -53.2923029,-26.9001896992374,0.0 -53.2923258,-26.9001600992374,0.0 -53.2923392,-26.9001409992374,0.0 -53.2923526,-26.9001219992374,0.0 -53.2923637,-26.9000983992374,0.0 -53.2923854,-26.9000603992374,0.0 -53.2924019,-26.9000255992374,0.0 -53.292425,-26.8999865992374,0.0 -53.2924426,-26.8999526992374,0.0 -53.2924633,-26.8999115992374,0.0 -53.2924794,-26.8998833992374,0.0 -53.2925394,-26.8998057992374,0.0 -53.2926672,-26.8997088992374,0.0 -53.2929028,-26.8996048992374,0.0 -53.2932105,-26.8995085992374,0.0 -53.2934473,-26.8994199992374,0.0 -53.2935408,-26.8994041992374,0.0 -53.2936467,-26.8994059992374,0.0 -53.2937967,-26.8994125992374,0.0 -53.2939573,-26.8994510992374,0.0 -53.2940833,-26.8994615992374,0.0 -53.2942908,-26.8994474992374,0.0 -53.2945825,-26.8994173992374,0.0 -53.294833,-26.8993560992374,0.0 -53.2950612,-26.8992825992374,0.0 -53.2951721,-26.8992341992374,0.0 -53.2952553,-26.8991988992374,0.0 -53.2953477,-26.8991293992374,0.0 -53.2954835,-26.8990227992374,0.0 -53.2955816,-26.8989320992374,0.0 -53.2956038,-26.8988972992374,0.0 -53.2956155,-26.8988799992374,0.0 -53.2956431,-26.8988450992374,0.0 -53.295658,-26.8988286992374,0.0 -53.2956898,-26.8988000992374,0.0 -53.2957137,-26.8987680992374,0.0 -53.2957346,-26.8987367992374,0.0 -53.2957423,-26.8987135992374,0.0 -53.2957621,-26.8986753992374,0.0 -53.2957788,-26.8986386992374,0.0 -53.2957806,-26.8986336992374,0.0 -53.2957931,-26.8985920992374,0.0 -53.2957983,-26.8985825992374,0.0 -53.2958227,-26.8985438992374,0.0 -53.2958381,-26.8985217992374,0.0 -53.2958595,-26.8984794992374,0.0 -53.2958739,-26.8984402992374,0.0 -53.2958748,-26.8984373992374,0.0 -53.2958721,-26.8984007992374,0.0 -53.2958662,-26.8983713992374,0.0 -53.2958699,-26.8983258992374,0.0 -53.295873,-26.8982975992374,0.0 -53.2958856,-26.8982610992374,0.0 -53.2958878,-26.8982536992374,0.0 -53.2958977,-26.8982140992374,0.0 -53.2959017,-26.8982056992374,0.0 -53.2959193,-26.8981680992374,0.0 -53.2959293,-26.8981517992374,0.0 -53.2959389,-26.8981165992374,0.0 -53.2959403,-26.8980822992374,0.0 -53.2959376,-26.8980408992374,0.0 -53.2959366,-26.8980077992374,0.0 -53.2959329,-26.8979664992374,0.0 -53.29593,-26.8979497992374,0.0 -53.2959167,-26.8979126992374,0.0 -53.2958965,-26.8978734992374,0.0 -53.2958881,-26.8978553992374,0.0 -53.2958651,-26.8978134992374,0.0 -53.2958506,-26.8977846992374,0.0 -53.2958331,-26.8977541992374,0.0 -53.2958027,-26.8977183992374,0.0 -53.2957707,-26.8976808992374,0.0 -53.2957474,-26.8976547992374,0.0 -53.2957176,-26.8976250992374,0.0 -53.2956987,-26.8975969992374,0.0 -53.2956695,-26.8975589992374,0.0 -53.2956305,-26.8975239992374,0.0 -53.2955991,-26.8975029992374,0.0 -53.2955591,-26.8974739992374,0.0 -53.2955402,-26.8974599992374,0.0 -53.2955254,-26.8974490992374,0.0 -53.2954827,-26.8974173992374,0.0 -53.2954737,-26.8974087992374,0.0 -53.2954459,-26.8973860992374,0.0 -53.2954094,-26.8973686992374,0.0 -53.2953693,-26.8973434992374,0.0 -53.29536,-26.8973371992374,0.0 -53.2953235,-26.8973142992374,0.0 -53.2953134,-26.8973078992374,0.0 -53.2952689,-26.8972837992374,0.0 -53.2952464,-26.8972719992374,0.0 -53.2952095,-26.8972518992374,0.0 -53.2951942,-26.8972415992374,0.0 -53.2951697,-26.8972206992374,0.0 -53.2951244,-26.8971923992374,0.0 -53.2950792,-26.8971700992374,0.0 -53.2950716,-26.8971678992374,0.0 -53.2950271,-26.8971595992374,0.0 -53.2949867,-26.8971467992374,0.0 -53.2949652,-26.8971400992374,0.0 -53.2949198,-26.8971276992374,0.0 -53.2948701,-26.8971042992374,0.0 -53.2948163,-26.8970836992374,0.0 -53.2947802,-26.8970683992374,0.0 -53.2947385,-26.8970545992374,0.0 -53.2946965,-26.8970450992374,0.0 -53.2946548,-26.8970370992374,0.0 -53.2946023,-26.8970277992374,0.0 -53.2945947,-26.8970186992374,0.0 -53.2945598,-26.8970031992374,0.0 -53.2945204,-26.8969829992374,0.0 -53.2944867,-26.8969670992374,0.0 -53.2944471,-26.8969475992374,0.0 -53.294432,-26.8969402992374,0.0 -53.2943809,-26.8969186992374,0.0 -53.2943379,-26.8969042992374,0.0 -53.2942874,-26.8968754992374,0.0 -53.294266,-26.8968659992374,0.0 -53.2942245,-26.8968481992374,0.0 -53.2942157,-26.8968451992374,0.0 -53.2941748,-26.8968428992374,0.0 -53.2941308,-26.8968278992374,0.0 -53.2940934,-26.8968029992374,0.0 -53.2940577,-26.8967842992374,0.0 -53.2940408,-26.8967788992374,0.0 -53.2939969,-26.8967626992374,0.0 -53.293948,-26.8967369992374,0.0 -53.2938999,-26.8967161992374,0.0 -53.2938715,-26.8966968992374,0.0 -53.2938313,-26.8966838992374,0.0 -53.2937894,-26.8966627992374,0.0 -53.2937509,-26.8966487992374,0.0 -53.2937107,-26.8966324992374,0.0 -53.2936705,-26.8966203992374,0.0 -53.2936279,-26.8966005992374,0.0 -53.2935893,-26.8965872992374,0.0 -53.2935488,-26.8965723992374,0.0 -53.2935343,-26.8965632992374,0.0 -53.2934944,-26.8965508992374,0.0 -53.2934544,-26.8965235992374,0.0 -53.2934264,-26.8964969992374,0.0 -53.2933925,-26.8964730992374,0.0 -53.2933554,-26.8964536992374,0.0 -53.293316,-26.8964381992374,0.0 -53.2932757,-26.8964220992374,0.0 -53.2932431,-26.8964037992374,0.0 -53.2931934,-26.8963698992374,0.0 -53.2931683,-26.8963531992374,0.0 -53.2931161,-26.8963276992374,0.0 -53.2930702,-26.8963107992374,0.0 -53.293024,-26.8962921992374,0.0 -53.2929721,-26.8962704992374,0.0 -53.2929289,-26.8962416992374,0.0 -53.2929029,-26.8962255992375,0.0 -53.292859,-26.8962098992374,0.0 -53.2928117,-26.8961907992374,0.0 -53.2927644,-26.8961621992374,0.0 -53.2927176,-26.8961281992374,0.0 -53.2926905,-26.8961092992374,0.0 -53.2926363,-26.8960770992374,0.0 -53.2925845,-26.8960399992374,0.0 -53.2925393,-26.8960078992374,0.0 -53.2925063,-26.8959801992374,0.0 -53.2924688,-26.8959484992374,0.0 -53.2924286,-26.8959161992374,0.0 -53.2923882,-26.8958865992375,0.0 -53.2923448,-26.8958515992374,0.0 -53.2923134,-26.8958264992374,0.0 -53.2922717,-26.8957954992375,0.0 -53.2922276,-26.8957632992374,0.0 -53.2921861,-26.8957359992374,0.0 -53.2921511,-26.8957118992375,0.0 -53.2921083,-26.8956755992375,0.0 -53.2920703,-26.8956367992374,0.0 -53.292031,-26.8955988992375,0.0 -53.2919953,-26.8955724992375,0.0 -53.2919588,-26.8955378992375,0.0 -53.2919143,-26.8955052992375,0.0 -53.2918753,-26.8954765992375,0.0 -53.291856,-26.8954627992375,0.0 -53.2918056,-26.8954362992375,0.0 -53.2917692,-26.8954127992375,0.0 -53.2917181,-26.8953843992375,0.0 -53.2916715,-26.8953572992375,0.0 -53.2916518,-26.8953494992375,0.0 -53.2916191,-26.8953381992375,0.0 -53.2915679,-26.8953167992375,0.0 -53.2915191,-26.8952878992375,0.0 -53.2914694,-26.8952552992375,0.0 -53.2914027,-26.8952189992375,0.0 -53.2913667,-26.8951978992375,0.0 -53.2913251,-26.8951762992375,0.0 -53.2912853,-26.8951572992375,0.0 -53.2912472,-26.8951417992375,0.0 -53.2911973,-26.8951219992375,0.0 -53.2911395,-26.8950980992375,0.0 -53.2911008,-26.8950828992375,0.0 -53.2910457,-26.8950610992375,0.0 -53.2910015,-26.8950399992375,0.0 -53.2909634,-26.8950243992375,0.0 -53.2909136,-26.8950019992375,0.0 -53.2907795,-26.8949656992375,0.0 -53.290588,-26.8949481992375,0.0 -53.2904047,-26.8949443992375,0.0 -53.2899241,-26.8949430992375,0.0 -53.2897177,-26.8949369992375,0.0 -53.2895675,-26.8949489992375,0.0 -53.2893509,-26.8950095992375,0.0 -53.2891381,-26.8950779992375,0.0 -53.2890414,-26.8951402992375,0.0 -53.2888391,-26.8952925992375,0.0 -53.2886802,-26.8954029992375,0.0 -53.2885064,-26.8955032992375,0.0 -53.2883152,-26.8955920992375,0.0 -53.2881305,-26.8956489992374,0.0 -53.2879385,-26.8956948992374,0.0 -53.2877082,-26.8957194992375,0.0 -53.2873169,-26.8957592992375,0.0 -53.2873018,-26.8957623992375,0.0 -53.287251,-26.8957670992374,0.0 -53.2872284,-26.8957710992375,0.0 -53.2871804,-26.8957813992374,0.0 -53.2871561,-26.8957806992374,0.0 -53.2871128,-26.8957818992374,0.0 -53.2870882,-26.8957849992374,0.0 -53.2870457,-26.8957925992375,0.0 -53.2869976,-26.8957963992374,0.0 -53.2869181,-26.8958054992374,0.0 -53.2868302,-26.8958235992375,0.0 -53.2867795,-26.8958547992374,0.0 -53.2867295,-26.8959045992375,0.0 -53.2866184,-26.8960044992374,0.0 -53.2865082,-26.8960942992374,0.0 -53.2864515,-26.8961207992374,0.0 -53.2863771,-26.8961320992374,0.0 -53.2863161,-26.8961274992374,0.0 -53.2862869,-26.8960989992374,0.0 -53.2862659,-26.8960435992374,0.0 -53.286259,-26.8959500992374,0.0 -53.2862825,-26.8958210992374,0.0 -53.2862909,-26.8957440992375,0.0 -53.2863337,-26.8955914992375,0.0 -53.2863549,-26.8955270992375,0.0 -53.2863716,-26.8954905992375,0.0 -53.2863872,-26.8954468992375,0.0 -53.2863929,-26.8954339992375,0.0 -53.2864167,-26.8953946992375,0.0 -53.2864382,-26.8953514992375,0.0 -53.2864531,-26.8953147992375,0.0 -53.2864695,-26.8952793992375,0.0 -53.2864806,-26.8952442992375,0.0 -53.2864976,-26.8952111992375,0.0 -53.2865166,-26.8951710992375,0.0 -53.2865302,-26.8951350992375,0.0 -53.2865462,-26.8950978992375,0.0 -53.2865588,-26.8950596992375,0.0 -53.2865782,-26.8950221992375,0.0 -53.2866013,-26.8949820992375,0.0 -53.2866066,-26.8949393992375,0.0 -53.2866274,-26.8949017992375,0.0 -53.286646,-26.8948596992375,0.0 -53.2866506,-26.8948164992375,0.0 -53.2866533,-26.8947775992375,0.0 -53.2866527,-26.8947341992375,0.0 -53.286654,-26.8947182992375,0.0 -53.2866601,-26.8946698992375,0.0 -53.2866657,-26.8946250992375,0.0 -53.2866744,-26.8945877992375,0.0 -53.2866754,-26.8945466992375,0.0 -53.2866787,-26.8945045992375,0.0 -53.2866796,-26.8944630992375,0.0 -53.2866795,-26.8944235992375,0.0 -53.2866763,-26.8943796992375,0.0 -53.2866784,-26.8943245992375,0.0 -53.2866788,-26.8942723992375,0.0 -53.2866793,-26.8942579992375,0.0 -53.286676,-26.8942189992375,0.0 -53.2866639,-26.8941726992375,0.0 -53.2866567,-26.8941362992375,0.0 -53.2866429,-26.8940947992375,0.0 -53.2866274,-26.8940498992375,0.0 -53.2866107,-26.8940094992375,0.0 -53.2865893,-26.8939597992375,0.0 -53.2865669,-26.8939162992375,0.0 -53.2865512,-26.8938787992375,0.0 -53.2865265,-26.8938340992375,0.0 -53.286511,-26.8938000992375,0.0 -53.286503,-26.8937841992375,0.0 -53.286481,-26.8937411992375,0.0 -53.2864528,-26.8936958992375,0.0 -53.286435,-26.8936604992375,0.0 -53.2864204,-26.8936243992375,0.0 -53.2864061,-26.8935879992375,0.0 -53.2863752,-26.8935275992375,0.0 -53.2863541,-26.8934904992375,0.0 -53.2863296,-26.8934536992375,0.0 -53.2863032,-26.8934179992375,0.0 -53.2862816,-26.8933852992375,0.0 -53.2862613,-26.8933535992375,0.0 -53.2862452,-26.8933278992375,0.0 -53.2862225,-26.8932872992375,0.0 -53.2861977,-26.8932468992375,0.0 -53.2861699,-26.8932030992375,0.0 -53.2861413,-26.8931589992375,0.0 -53.2861289,-26.8931361992375,0.0 -53.2861065,-26.8931014992375,0.0 -53.2860822,-26.8930637992375,0.0 -53.2860725,-26.8930499992375,0.0 -53.286043,-26.8930142992375,0.0 -53.2860187,-26.8929757992375,0.0 -53.285994,-26.8929448992375,0.0 -53.2859706,-26.8929044992375,0.0 -53.2859417,-26.8928631992375,0.0 -53.2858988,-26.8928176992375,0.0 -53.2858617,-26.8927676992375,0.0 -53.2858398,-26.8927356992375,0.0 -53.2857902,-26.8926729992375,0.0 -53.285766,-26.8926430992375,0.0 -53.2857426,-26.8926128992375,0.0 -53.2856995,-26.8925595992375,0.0 -53.2856621,-26.8925116992375,0.0 -53.2856343,-26.8924723992375,0.0 -53.2856149,-26.8924407992375,0.0 -53.285595,-26.8924012992375,0.0 -53.2855777,-26.8923595992375,0.0 -53.2855622,-26.8923188992375,0.0 -53.2855471,-26.8922772992375,0.0 -53.2855355,-26.8922399992375,0.0 -53.2855257,-26.8922038992375,0.0 -53.2855089,-26.8921388992375,0.0 -53.2854903,-26.8920780992375,0.0 -53.2854806,-26.8920413992375,0.0 -53.2854719,-26.8920043992375,0.0 -53.2854633,-26.8919698992375,0.0 -53.2854502,-26.8919056992375,0.0 -53.2854449,-26.8918537992375,0.0 -53.2854437,-26.8918170992375,0.0 -53.2854447,-26.8917810992375,0.0 -53.2854499,-26.8917432992375,0.0 -53.2854498,-26.8917067992375,0.0 -53.2854535,-26.8916676992375,0.0 -53.285453,-26.8916235992375,0.0 -53.285451,-26.8915785992375,0.0 -53.2854526,-26.8915416992375,0.0 -53.2854577,-26.8915017992375,0.0 -53.2854651,-26.8914620992375,0.0 -53.2854713,-26.8914210992375,0.0 -53.2854881,-26.8913479992375,0.0 -53.285494,-26.8912953992375,0.0 -53.2855047,-26.8912558992375,0.0 -53.2855214,-26.8912237992375,0.0 -53.2855399,-26.8911854992375,0.0 -53.2855571,-26.8911441992375,0.0 -53.2855762,-26.8911051992375,0.0 -53.2855921,-26.8910667992375,0.0 -53.2856208,-26.8910096992375,0.0 -53.2856397,-26.8909695992376,0.0 -53.2856668,-26.8909256992375,0.0 -53.2857107,-26.8908619992375,0.0 -53.2857783,-26.8908183992375,0.0 -53.2858957,-26.8907778992376,0.0 -53.2860586,-26.8907274992375,0.0 -53.2862525,-26.8906985992375,0.0 -53.2864212,-26.8906810992375,0.0 -53.2865451,-26.8906689992376,0.0 -53.2866728,-26.8906440992376,0.0 -53.2867596,-26.8906199992376,0.0 -53.2868581,-26.8905737992376,0.0 -53.2869442,-26.8905159992376,0.0 -53.286984,-26.8904706992376,0.0 -53.287008,-26.8904412992376,0.0 -53.287034,-26.8904029992376,0.0 -53.2870599,-26.8903669992376,0.0 -53.2870874,-26.8903218992376,0.0 -53.2871161,-26.8902795992376,0.0 -53.2871423,-26.8902405992376,0.0 -53.2871485,-26.8902274992376,0.0 -53.2871713,-26.8901923992376,0.0 -53.2872044,-26.8901398992376,0.0 -53.2872099,-26.8901312992376,0.0 -53.2872307,-26.8901006992376,0.0 -53.2872487,-26.8900745992376,0.0 -53.2872682,-26.8900485992376,0.0 -53.2872934,-26.8900168992376,0.0 -53.2873259,-26.8899827992376,0.0 -53.2873561,-26.8899413992376,0.0 -53.2873853,-26.8899066992376,0.0 -53.2873986,-26.8898876992376,0.0 -53.2874223,-26.8898514992376,0.0 -53.2874506,-26.8898065992376,0.0 -53.2874774,-26.8897562992376,0.0 -53.2874973,-26.8897208992376,0.0 -53.2875158,-26.8896869992376,0.0 -53.287532,-26.8896460992376,0.0 -53.2875439,-26.8895960992376,0.0 -53.2875559,-26.8895454992376,0.0 -53.28756,-26.8894915992376,0.0 -53.2875731,-26.8894486992376,0.0 -53.2875823,-26.8893972992376,0.0 -53.2875853,-26.8893599992376,0.0 -53.2875895,-26.8893175992376,0.0 -53.2875954,-26.8892625992376,0.0 -53.2876085,-26.8892177992376,0.0 -53.2876239,-26.8891763992376,0.0 -53.2876349,-26.8891369992376,0.0 -53.2876418,-26.8891204992376,0.0 -53.2876596,-26.8890788992376,0.0 -53.287674,-26.8890419992376,0.0 -53.2876792,-26.8890293992376,0.0 -53.2876982,-26.8889942992376,0.0 -53.2877121,-26.8889545992376,0.0 -53.2877301,-26.8889127992376,0.0 -53.2877422,-26.8888777992376,0.0 -53.2877533,-26.8888405992376,0.0 -53.2877605,-26.8888084992376,0.0 -53.287763,-26.8887973992376,0.0 -53.2877734,-26.8887489992376,0.0 -53.2877806,-26.8887115992376,0.0 -53.2877821,-26.8886747992376,0.0 -53.2877903,-26.8886310992376,0.0 -53.2878003,-26.8885997992376,0.0 -53.2878085,-26.8885507992376,0.0 -53.2878125,-26.8885099992376,0.0 -53.28782,-26.8884568992376,0.0 -53.2878258,-26.8884115992376,0.0 -53.2878294,-26.8883680992376,0.0 -53.2878296,-26.8883420992376,0.0 -53.2878305,-26.8882958992376,0.0 -53.2878297,-26.8882502992376,0.0 -53.2878286,-26.8882128992376,0.0 -53.2878294,-26.8882019992376,0.0 -53.2878285,-26.8881744992376,0.0 -53.2878309,-26.8881381992376,0.0 -53.2878303,-26.8881240992376,0.0 -53.2878337,-26.8881038992376,0.0 -53.2878342,-26.8880911992376,0.0 -53.2878346,-26.8880849992376,0.0 -53.2878346,-26.8880485992376,0.0 -53.2878345,-26.8880333992376,0.0 -53.2878334,-26.8880040992376,0.0 -53.2878313,-26.8879577992376,0.0 -53.2878316,-26.8879204992376,0.0 -53.2878313,-26.8879072992376,0.0 -53.2878321,-26.8878705992376,0.0 -53.2878322,-26.8878264992376,0.0 -53.2878307,-26.8877897992376,0.0 -53.287825,-26.8877495992376,0.0 -53.2878231,-26.8877027992376,0.0 -53.2878226,-26.8876488992376,0.0 -53.28782,-26.8875937992376,0.0 -53.2878201,-26.8875704992376,0.0 -53.2878173,-26.8875248992376,0.0 -53.2878196,-26.8874861992376,0.0 -53.2878114,-26.8874335992376,0.0 -53.2878052,-26.8873736992376,0.0 -53.2877966,-26.8873122992376,0.0 -53.2877904,-26.8872640992376,0.0 -53.2877806,-26.8872226992376,0.0 -53.2877687,-26.8871687992376,0.0 -53.2877595,-26.8871293992376,0.0 -53.2877508,-26.8870873992376,0.0 -53.2877414,-26.8870463992376,0.0 -53.2877336,-26.8870045992376,0.0 -53.287714,-26.8869574992376,0.0 -53.2876994,-26.8869219992376,0.0 -53.2876795,-26.8868844992376,0.0 -53.28766,-26.8868364992376,0.0 -53.2876384,-26.8867831992376,0.0 -53.2876163,-26.8867336992376,0.0 -53.2875945,-26.8866861992376,0.0 -53.2875693,-26.8866429992376,0.0 -53.2875472,-26.8866041992376,0.0 -53.2875214,-26.8865664992376,0.0 -53.2874963,-26.8865306992376,0.0 -53.2874587,-26.8864849992376,0.0 -53.2874243,-26.8864512992376,0.0 -53.287388,-26.8864210992376,0.0 -53.2873568,-26.8864009992376,0.0 -53.2873224,-26.8863763992376,0.0 -53.2873117,-26.8863674992376,0.0 -53.2872719,-26.8863429992376,0.0 -53.2872295,-26.8863133992376,0.0 -53.2871992,-26.8862894992376,0.0 -53.2871743,-26.8862727992376,0.0 -53.2871419,-26.8862449992376,0.0 -53.2871006,-26.8862178992376,0.0 -53.2870652,-26.8861953992376,0.0 -53.2870268,-26.8861710992376,0.0 -53.2869903,-26.8861526992376,0.0 -53.2869545,-26.8861363992376,0.0 -53.2869191,-26.8861105992376,0.0 -53.2868818,-26.8860904992376,0.0 -53.2868318,-26.8860578992376,0.0 -53.2868123,-26.8860452992376,0.0 -53.2867698,-26.8860230992376,0.0 -53.286725,-26.8859989992376,0.0 -53.2866829,-26.8859828992376,0.0 -53.2866368,-26.8859762992376,0.0 -53.286594,-26.8859685992376,0.0 -53.2865744,-26.8859668992376,0.0 -53.2865314,-26.8859615992376,0.0 -53.2864662,-26.8859544992376,0.0 -53.2864243,-26.8859407992376,0.0 -53.2863846,-26.8859293992376,0.0 -53.2863465,-26.8859180992376,0.0 -53.2863052,-26.8858986992376,0.0 -53.2862651,-26.8858842992376,0.0 -53.2862164,-26.8858698992376,0.0 -53.2861658,-26.8858589992376,0.0 -53.2861061,-26.8858406992376,0.0 -53.2860588,-26.8858304992376,0.0 -53.2860182,-26.8858203992376,0.0 -53.2859703,-26.8858135992376,0.0 -53.285928,-26.8858046992376,0.0 -53.2858846,-26.8857941992376,0.0 -53.2858434,-26.8857963992376,0.0 -53.2858051,-26.8857886992376,0.0 -53.2857606,-26.8857836992376,0.0 -53.2857076,-26.8857756992376,0.0 -53.2856599,-26.8857685992376,0.0 -53.2856087,-26.8857608992377,0.0 -53.285557,-26.8857660992377,0.0 -53.2855427,-26.8857626992376,0.0 -53.2854964,-26.8857601992376,0.0 -53.285415,-26.8857562992376,0.0 -53.2853605,-26.8857505992376,0.0 -53.2853156,-26.8857408992376,0.0 -53.2852579,-26.8857363992377,0.0 -53.2852054,-26.8857272992377,0.0 -53.2851895,-26.8857232992376,0.0 -53.2851438,-26.8857143992376,0.0 -53.2850977,-26.8857073992376,0.0 -53.2850482,-26.8856984992376,0.0 -53.2849954,-26.8856909992376,0.0 -53.2849472,-26.8856898992376,0.0 -53.2849003,-26.8856821992376,0.0 -53.2848492,-26.8856836992376,0.0 -53.2848008,-26.8856834992376,0.0 -53.2847513,-26.8856844992376,0.0 -53.2847047,-26.8856811992376,0.0 -53.2846939,-26.8856789992376,0.0 -53.2846098,-26.8856866992376,0.0 -53.2845184,-26.8856912992376,0.0 -53.2844291,-26.8857131992376,0.0 -53.2842806,-26.8857676992376,0.0 -53.2839831,-26.8858832992376,0.0 -53.2837944,-26.8859509992376,0.0 -53.2836196,-26.8860089992376,0.0 -53.2834271,-26.8860866992376,0.0 -53.2832004,-26.8861912992376,0.0 -53.2830834,-26.8862566992376,0.0 -53.2830316,-26.8863047992376,0.0 -53.2829231,-26.8864216992376,0.0 -53.2827765,-26.8865788992376,0.0 -53.2826049,-26.8868109992376,0.0 -53.2824939,-26.8869766992376,0.0 -53.2823792,-26.8871361992376,0.0 -53.2822877,-26.8873214992376,0.0 -53.2821943,-26.8874952992376,0.0 -53.2820871,-26.8876814992376,0.0 -53.2819812,-26.8878475992376,0.0 -53.2818606,-26.8879902992376,0.0 -53.2818094,-26.8880699992376,0.0 -53.2817368,-26.8882228992376,0.0 -53.2816687,-26.8883374992376,0.0 -53.2816228,-26.8884217992376,0.0 -53.2815542,-26.8885095992376,0.0 -53.2814505,-26.8886010992376,0.0 -53.2813283,-26.8887521992376,0.0 -53.2811978,-26.8889233992376,0.0 -53.2810705,-26.8890672992376,0.0 -53.2808048,-26.8893481992376,0.0 -53.2806412,-26.8895257992376,0.0 -53.280362,-26.8898306992376,0.0 -53.2801596,-26.8900072992376,0.0 -53.279933,-26.8902076992376,0.0 -53.2796977,-26.8903768992376,0.0 -53.2794022,-26.8905499992376,0.0 -53.2792899,-26.8906226992376,0.0 -53.2790864,-26.8907216992376,0.0 -53.2789027,-26.8907933992375,0.0 -53.2788075,-26.8908209992376,0.0 -53.2786511,-26.8908421992376,0.0 -53.2785055,-26.8908494992376,0.0 -53.2783653,-26.8908492992375,0.0 -53.2782422,-26.8908386992376,0.0 -53.2782134,-26.8908319992375,0.0 -53.2781412,-26.8908226992376,0.0 -53.2780729,-26.8908094992375,0.0 -53.278007,-26.8907899992376,0.0 -53.2779765,-26.8907790992375,0.0 -53.2779188,-26.8907582992376,0.0 -53.2778672,-26.8907371992375,0.0 -53.2778186,-26.8907039992375,0.0 -53.2777794,-26.8906749992376,0.0 -53.2777159,-26.8906415992376,0.0 -53.2776592,-26.8906101992375,0.0 -53.2776101,-26.8905765992376,0.0 -53.2775839,-26.8905564992376,0.0 -53.277532,-26.8905210992376,0.0 -53.2774861,-26.8904840992376,0.0 -53.2774499,-26.8904459992376,0.0 -53.2774051,-26.8904006992376,0.0 -53.2773802,-26.8903701992376,0.0 -53.2773353,-26.8903096992376,0.0 -53.2772991,-26.8902512992376,0.0 -53.2772748,-26.8901961992376,0.0 -53.2772613,-26.8901559992376,0.0 -53.277239,-26.8901135992376,0.0 -53.2772273,-26.8900790992376,0.0 -53.2772103,-26.8900109992376,0.0 -53.2771979,-26.8899441992376,0.0 -53.277193,-26.8898845992376,0.0 -53.2771862,-26.8898408992376,0.0 -53.2771789,-26.8897819992376,0.0 -53.2771808,-26.8897424992376,0.0 -53.2771839,-26.8897004992376,0.0 -53.2771873,-26.8896572992376,0.0 -53.2771918,-26.8896161992376,0.0 -53.2771992,-26.8895801992376,0.0 -53.2772194,-26.8895149992376,0.0 -53.2772205,-26.8894759992376,0.0 -53.2772219,-26.8894383992376,0.0 -53.2772249,-26.8893973992376,0.0 -53.2772306,-26.8893569992376,0.0 -53.2772382,-26.8893211992376,0.0 -53.2772552,-26.8892560992376,0.0 -53.277267,-26.8891981992376,0.0 -53.2772698,-26.8891585992376,0.0 -53.2772783,-26.8891169992376,0.0 -53.2772895,-26.8890732992376,0.0 -53.2773046,-26.8890282992376,0.0 -53.2773262,-26.8889800992376,0.0 -53.2773524,-26.8889294992376,0.0 -53.2773735,-26.8888719992376,0.0 -53.2773884,-26.8888348992376,0.0 -53.2774026,-26.8887946992376,0.0 -53.2774153,-26.8887530992376,0.0 -53.2774284,-26.8887122992376,0.0 -53.2774378,-26.8886711992376,0.0 -53.2774569,-26.8886052992376,0.0 -53.2774689,-26.8885438992376,0.0 -53.2774698,-26.8884914992376,0.0 -53.2774725,-26.8884507992376,0.0 -53.2774757,-26.8884073992376,0.0 -53.2774798,-26.8883631992376,0.0 -53.2774849,-26.8883208992376,0.0 -53.2774903,-26.8882807992376,0.0 -53.2774954,-26.8882488992376,0.0 -53.2775005,-26.8882169992376,0.0 -53.2775004,-26.8881701992376,0.0 -53.2775095,-26.8881248992376,0.0 -53.2775217,-26.8880714992376,0.0 -53.2775326,-26.8880359992376,0.0 -53.2775481,-26.8879797992376,0.0 -53.2775572,-26.8879204992376,0.0 -53.2775623,-26.8878864992376,0.0 -53.2775697,-26.8878312992376,0.0 -53.2775724,-26.8877816992376,0.0 -53.2775779,-26.8877283992376,0.0 -53.2775901,-26.8876693992376,0.0 -53.2775853,-26.8876302992376,0.0 -53.2775859,-26.8875926992376,0.0 -53.2775879,-26.8875553992376,0.0 -53.2775965,-26.8874876992376,0.0 -53.2776005,-26.8874549992376,0.0 -53.2776105,-26.8873993992376,0.0 -53.2776259,-26.8873651992376,0.0 -53.2776333,-26.8873250992376,0.0 -53.2776414,-26.8872759992376,0.0 -53.2776438,-26.8872649992376,0.0 -53.2776519,-26.8872243992376,0.0 -53.2776596,-26.8871864992376,0.0 -53.2776646,-26.8871506992376,0.0 -53.2776781,-26.8871034992376,0.0 -53.2776775,-26.8870662992376,0.0 -53.2776827,-26.8870216992376,0.0 -53.2776944,-26.8869798992376,0.0 -53.2777006,-26.8869434992376,0.0 -53.2777015,-26.8869038992376,0.0 -53.2777019,-26.8868655992376,0.0 -53.2777125,-26.8868257992376,0.0 -53.2777111,-26.8867762992376,0.0 -53.2777121,-26.8867320992376,0.0 -53.277714,-26.8866918992376,0.0 -53.2777104,-26.8866498992376,0.0 -53.2776964,-26.8866006992376,0.0 -53.2776807,-26.8865641992376,0.0 -53.2776592,-26.8865299992376,0.0 -53.2776329,-26.8864960992376,0.0 -53.277601,-26.8864638992376,0.0 -53.2775737,-26.8864331992376,0.0 -53.277547,-26.8864106992376,0.0 -53.2775136,-26.8863869992376,0.0 -53.2774807,-26.8863567992376,0.0 -53.2774423,-26.8863159992376,0.0 -53.2774228,-26.8862957992376,0.0 -53.2774193,-26.8862921992376,0.0 -53.2773692,-26.8862498992376,0.0 -53.2773258,-26.8862119992376,0.0 -53.2772975,-26.8861838992376,0.0 -53.2772639,-26.8861563992376,0.0 -53.277233,-26.8861316992376,0.0 -53.2772005,-26.8861042992376,0.0 -53.2771704,-26.8860772992376,0.0 -53.277138,-26.8860475992376,0.0 -53.2771106,-26.8860205992376,0.0 -53.2770575,-26.8859671992376,0.0 -53.2770245,-26.8859382992377,0.0 -53.2769935,-26.8859114992376,0.0 -53.2769635,-26.8858856992376,0.0 -53.2769329,-26.8858591992376,0.0 -53.2768838,-26.8858121992376,0.0 -53.2768587,-26.8857868992377,0.0 -53.2768163,-26.8857454992377,0.0 -53.2767969,-26.8857121992376,0.0 -53.2767594,-26.8856603992376,0.0 -53.2767193,-26.8855980992377,0.0 -53.2766849,-26.8855438992376,0.0 -53.2766565,-26.8854909992376,0.0 -53.276627,-26.8854413992376,0.0 -53.2766052,-26.8853815992377,0.0 -53.2765873,-26.8853230992377,0.0 -53.2765769,-26.8852745992377,0.0 -53.2765722,-26.8852384992376,0.0 -53.2765756,-26.8851936992377,0.0 -53.2765746,-26.8851573992377,0.0 -53.2765761,-26.8851209992377,0.0 -53.2766044,-26.8850586992377,0.0 -53.2766219,-26.8850284992377,0.0 -53.2766617,-26.8849698992377,0.0 -53.2767034,-26.8849167992377,0.0 -53.2767288,-26.8848777992377,0.0 -53.2767581,-26.8848269992377,0.0 -53.276781,-26.8847932992377,0.0 -53.2768063,-26.8847576992377,0.0 -53.2768318,-26.8847223992377,0.0 -53.276856,-26.8846874992377,0.0 -53.2768629,-26.8846755992377,0.0 -53.2768975,-26.8846184992377,0.0 -53.2769326,-26.8845662992377,0.0 -53.2769529,-26.8845306992377,0.0 -53.2769909,-26.8844727992377,0.0 -53.2770255,-26.8844107992377,0.0 -53.2770496,-26.8843519992377,0.0 -53.2770732,-26.8843010992377,0.0 -53.2770741,-26.8842983992377,0.0 -53.2770869,-26.8842296992377,0.0 -53.2770861,-26.8841465992377,0.0 -53.2770731,-26.8841032992377,0.0 -53.2770128,-26.8840079992377,0.0 -53.2769217,-26.8838783992377,0.0 -53.2768331,-26.8837303992377,0.0 -53.2768013,-26.8836728992377,0.0 -53.276777,-26.8835769992377,0.0 -53.2767755,-26.8835434992377,0.0 -53.2767736,-26.8834987992377,0.0 -53.276778,-26.8834390992377,0.0 -53.2767906,-26.8833790992377,0.0 -53.2767981,-26.8833190992377,0.0 -53.2768021,-26.8832644992377,0.0 -53.2768098,-26.8832240992377,0.0 -53.2768177,-26.8831806992377,0.0 -53.2768264,-26.8831401992377,0.0 -53.2768355,-26.8830946992377,0.0 -53.2768436,-26.8830497992377,0.0 -53.2768505,-26.8830092992377,0.0 -53.2768584,-26.8829359992377,0.0 -53.2768616,-26.8828703992377,0.0 -53.2768623,-26.8828224992377,0.0 -53.276867,-26.8827862992377,0.0 -53.2768805,-26.8827152992377,0.0 -53.2768874,-26.8826471992377,0.0 -53.2768963,-26.8825917992377,0.0 -53.2769074,-26.8825416992377,0.0 -53.276919,-26.8824970992377,0.0 -53.2769414,-26.8824417992377,0.0 -53.276961,-26.8824010992377,0.0 -53.2769785,-26.8823581992377,0.0 -53.2769926,-26.8823217992377,0.0 -53.2770068,-26.8822790992377,0.0 -53.2770251,-26.8822458992377,0.0 -53.2770409,-26.8822031992377,0.0 -53.2770686,-26.8821532992377,0.0 -53.2771039,-26.8821013992377,0.0 -53.277139,-26.8820476992377,0.0 -53.2771711,-26.8820023992377,0.0 -53.2771915,-26.8819607992377,0.0 -53.2772165,-26.8819237992377,0.0 -53.2772391,-26.8818818992377,0.0 -53.2772599,-26.8818434992377,0.0 -53.2772794,-26.8818084992377,0.0 -53.2772972,-26.8817755992377,0.0 -53.2773175,-26.8817475992377,0.0 -53.277355,-26.8816931992377,0.0 -53.2773787,-26.8816487992377,0.0 -53.2773931,-26.8816081992377,0.0 -53.2774118,-26.8815673992377,0.0 -53.2774285,-26.8815262992377,0.0 -53.2774342,-26.8815151992377,0.0 -53.2774552,-26.8814767992377,0.0 -53.2774803,-26.8814412992377,0.0 -53.2775265,-26.8813693992377,0.0 -53.2775582,-26.8813135992377,0.0 -53.2775708,-26.8812860992377,0.0 -53.2776002,-26.8812392992377,0.0 -53.2776114,-26.8811933992377,0.0 -53.2776268,-26.8811569992377,0.0 -53.2776444,-26.8811213992377,0.0 -53.2776707,-26.8810828992377,0.0 -53.2776869,-26.8810613992377,0.0 -53.2777214,-26.8810206992377,0.0 -53.277753,-26.8809950992377,0.0 -53.2777919,-26.8809588992377,0.0 -53.2778222,-26.8809084992377,0.0 -53.2778616,-26.8808661992377,0.0 -53.2778972,-26.8808316992377,0.0 -53.2779127,-26.8807949992377,0.0 -53.277943,-26.8807517992377,0.0 -53.277963,-26.8807228992377,0.0 -53.2779929,-26.8806856992377,0.0 -53.2780265,-26.8806566992377,0.0 -53.2780526,-26.8806269992377,0.0 -53.2780948,-26.8806045992377,0.0 -53.2781247,-26.8805814992377,0.0 -53.2781541,-26.8805542992378,0.0 -53.2781733,-26.8805181992377,0.0 -53.2782032,-26.8804916992377,0.0 -53.2782538,-26.8804823992378,0.0 -53.2783,-26.8804729992377,0.0 -53.2783428,-26.8804571992377,0.0 -53.2783776,-26.8804323992378,0.0 -53.2783909,-26.8804245992378,0.0 -53.2784353,-26.8804035992378,0.0 -53.2784449,-26.8803942992378,0.0 -53.2784761,-26.8803678992378,0.0 -53.2785116,-26.8803299992378,0.0 -53.2785452,-26.8802868992378,0.0 -53.2785649,-26.8802451992378,0.0 -53.2785688,-26.8802316992378,0.0 -53.2785953,-26.8802061992378,0.0 -53.2786301,-26.8801772992378,0.0 -53.2786753,-26.8801463992377,0.0 -53.2787113,-26.8801255992378,0.0 -53.2787518,-26.8801099992378,0.0 -53.2787901,-26.8800928992378,0.0 -53.2788124,-26.8800785992378,0.0 -53.278852,-26.8800449992378,0.0 -53.2788691,-26.8800276992378,0.0 -53.2789057,-26.8799908992378,0.0 -53.2789411,-26.8799514992378,0.0 -53.2789649,-26.8799339992378,0.0 -53.2790049,-26.8799154992378,0.0 -53.2790543,-26.8798951992378,0.0 -53.2791287,-26.8798785992378,0.0 -53.2792043,-26.8798411992378,0.0 -53.2792984,-26.8797977992378,0.0 -53.279438,-26.8797717992378,0.0 -53.2795481,-26.8797490992378,0.0 -53.2796483,-26.8797000992378,0.0 -53.2798737,-26.8795786992378,0.0 -53.2799907,-26.8795111992378,0.0 -53.2800314,-26.8794856992378,0.0 -53.280235,-26.8793440992378,0.0 -53.2804003,-26.8792516992378,0.0 -53.2805916,-26.8791676992378,0.0 -53.2806843,-26.8791298992378,0.0 -53.2808585,-26.8790767992378,0.0 -53.2809651,-26.8790387992378,0.0 -53.2811074,-26.8789960992378,0.0 -53.2812638,-26.8789558992378,0.0 -53.281364,-26.8789054992378,0.0 -53.2814667,-26.8788284992378,0.0 -53.2815554,-26.8787503992378,0.0 -53.281622,-26.8786572992378,0.0 -53.2816815,-26.8785601992378,0.0 -53.2816919,-26.8785328992378,0.0 -53.2817055,-26.8784892992378,0.0 -53.2817187,-26.8784509992378,0.0 -53.2817268,-26.8784266992378,0.0 -53.2817345,-26.8783885992378,0.0 -53.2817555,-26.8783499992378,0.0 -53.2817745,-26.8783071992378,0.0 -53.2817856,-26.8782715992378,0.0 -53.2817968,-26.8782263992378,0.0 -53.2818082,-26.8781887992378,0.0 -53.2818202,-26.8781453992378,0.0 -53.2818291,-26.8780999992378,0.0 -53.2818419,-26.8780637992378,0.0 -53.2818545,-26.8780220992378,0.0 -53.2818636,-26.8779856992378,0.0 -53.2818841,-26.8779420992378,0.0 -53.2819031,-26.8778990992378,0.0 -53.2819203,-26.8778554992378,0.0 -53.2819411,-26.8778118992378,0.0 -53.2819493,-26.8777972992378,0.0 -53.2819706,-26.8777551992378,0.0 -53.2819945,-26.8777170992378,0.0 -53.2820027,-26.8776793992378,0.0 -53.2820178,-26.8776452992378,0.0 -53.2820337,-26.8776067992378,0.0 -53.2820481,-26.8775692992378,0.0 -53.282057,-26.8775187992378,0.0 -53.282068,-26.8774838992378,0.0 -53.2820775,-26.8774442992378,0.0 -53.282086,-26.8774057992378,0.0 -53.2820931,-26.8773689992378,0.0 -53.2820993,-26.8773332992378,0.0 -53.2821122,-26.8772934992378,0.0 -53.2821254,-26.8772556992378,0.0 -53.2821453,-26.8772076992378,0.0 -53.2821561,-26.8771632992378,0.0 -53.282172,-26.8771269992378,0.0 -53.2821871,-26.8770876992378,0.0 -53.2822005,-26.8770526992378,0.0 -53.2822154,-26.8770132992378,0.0 -53.2822265,-26.8769723992378,0.0 -53.2822349,-26.8769348992378,0.0 -53.2822394,-26.8769172992378,0.0 -53.2822439,-26.8768997992378,0.0 -53.2822597,-26.8768483992378,0.0 -53.2822604,-26.8768014992378,0.0 -53.2822642,-26.8767622992378,0.0 -53.282266,-26.8767069992378,0.0 -53.2822651,-26.8766581992378,0.0 -53.2822542,-26.8766179992378,0.0 -53.2822463,-26.8765698992378,0.0 -53.2822453,-26.8765273992378,0.0 -53.2822405,-26.8764827992378,0.0 -53.2822293,-26.8764432992378,0.0 -53.2822264,-26.8763964992378,0.0 -53.282229,-26.8763669992378,0.0 -53.2822374,-26.8763308992378,0.0 -53.2822425,-26.8762941992378,0.0 -53.2822652,-26.8762456992378,0.0 -53.2822676,-26.8762390992378,0.0 -53.2822894,-26.8762079992378,0.0 -53.2823124,-26.8761789992378,0.0 -53.2823359,-26.8761548992378,0.0 -53.2823666,-26.8761209992378,0.0 -53.2823956,-26.8760859992378,0.0 -53.2824216,-26.8760554992378,0.0 -53.2824488,-26.8760241992378,0.0 -53.2824754,-26.8759951992378,0.0 -53.2825037,-26.8759557992378,0.0 -53.2825324,-26.8759187992378,0.0 -53.2825606,-26.8758802992378,0.0 -53.2825763,-26.8758572992378,0.0 -53.2826013,-26.8758257992378,0.0 -53.2826314,-26.8757841992378,0.0 -53.2826548,-26.8757528992378,0.0 -53.2826705,-26.8757286992378,0.0 -53.2826885,-26.8757014992378,0.0 -53.2827072,-26.8756657992378,0.0 -53.2827324,-26.8756375992378,0.0 -53.2827602,-26.8755941992378,0.0 -53.2827901,-26.8755656992378,0.0 -53.2828176,-26.8755376992378,0.0 -53.2828386,-26.8755198992378,0.0 -53.2828713,-26.8754959992378,0.0 -53.28288,-26.8754890992378,0.0 -53.2828861,-26.8754827992378,0.0 -53.2829082,-26.8754599992379,0.0 -53.282925,-26.8754388992378,0.0 -53.2829509,-26.8754069992378,0.0 -53.2829753,-26.8753749992378,0.0 -53.2829843,-26.8753576992378,0.0 -53.2830082,-26.8753253992378,0.0 -53.2830344,-26.8752903992379,0.0 -53.2830569,-26.8752581992379,0.0 -53.2830808,-26.8752272992378,0.0 -53.2830994,-26.8751979992379,0.0 -53.2831242,-26.8751620992379,0.0 -53.2831484,-26.8751324992379,0.0 -53.283177,-26.8751015992379,0.0 -53.2832162,-26.8750692992378,0.0 -53.2832555,-26.8750409992379,0.0 -53.2832877,-26.8750152992379,0.0 -53.2833044,-26.8750030992379,0.0 -53.2833795,-26.8749488992379,0.0 -53.2834209,-26.8749126992379,0.0 -53.2835409,-26.8748139992379,0.0 -53.2835815,-26.8747785992379,0.0 -53.2836173,-26.8747557992379,0.0 -53.2836586,-26.8747199992379,0.0 -53.2836872,-26.8746860992379,0.0 -53.28371,-26.8746495992379,0.0 -53.2837321,-26.8746176992379,0.0 -53.2837488,-26.8745830992379,0.0 -53.2837726,-26.8745490992379,0.0 -53.2837827,-26.8745310992379,0.0 -53.2838049,-26.8744947992379,0.0 -53.2838275,-26.8744617992379,0.0 -53.2838576,-26.8744281992379,0.0 -53.2838855,-26.8743964992379,0.0 -53.28391,-26.8743651992379,0.0 -53.2839324,-26.8743319992379,0.0 -53.2839568,-26.8743040992379,0.0 -53.2839928,-26.8742620992379,0.0 -53.2840206,-26.8742283992379,0.0 -53.2840509,-26.8742003992379,0.0 -53.2840882,-26.8741697992379,0.0 -53.2841012,-26.8741559992379,0.0 -53.2841283,-26.8741266992379,0.0 -53.2841568,-26.8740975992379,0.0 -53.2841838,-26.8740708992379,0.0 -53.2842155,-26.8740404992379,0.0 -53.2842513,-26.8740077992379,0.0 -53.2842819,-26.8739778992379,0.0 -53.2843149,-26.8739429992379,0.0 -53.2843374,-26.8739193992379,0.0 -53.2843799,-26.8738734992379,0.0 -53.2844009,-26.8738413992379,0.0 -53.28443,-26.8738126992379,0.0 -53.2844594,-26.8737773992379,0.0 -53.2844898,-26.8737313992379,0.0 -53.2845209,-26.8736932992379,0.0 -53.2845515,-26.8736562992379,0.0 -53.2845783,-26.8736157992379,0.0 -53.2846064,-26.8735687992379,0.0 -53.2846276,-26.8735352992379,0.0 -53.2846512,-26.8735019992379,0.0 -53.2846749,-26.8734673992379,0.0 -53.2846935,-26.8734299992379,0.0 -53.2847037,-26.8734123992379,0.0 -53.2847204,-26.8733739992379,0.0 -53.2847487,-26.8733404992379,0.0 -53.284778,-26.8732984992379,0.0 -53.2848038,-26.8732652992379,0.0 -53.2848246,-26.8732305992379,0.0 -53.2848495,-26.8732007992379,0.0 -53.2848796,-26.8731672992379,0.0 -53.2849071,-26.8731305992379,0.0 -53.2849414,-26.8731001992379,0.0 -53.2849638,-26.8730671992379,0.0 -53.2849858,-26.8730324992379,0.0 -53.2850484,-26.8729330992379,0.0 -53.28506,-26.8728983992379,0.0 -53.2850722,-26.8728793992379,0.0 -53.2850743,-26.8728761992379,0.0 -53.2850802,-26.8728670992379,0.0 -53.2850963,-26.8728267992379,0.0 -53.285107,-26.8727854992379,0.0 -53.2851156,-26.8727426992379,0.0 -53.2851271,-26.8727084992379,0.0 -53.2851393,-26.8726700992379,0.0 -53.2851513,-26.8726282992379,0.0 -53.2851617,-26.8725917992379,0.0 -53.2851719,-26.8725449992379,0.0 -53.2851839,-26.8725073992379,0.0 -53.2851965,-26.8724686992379,0.0 -53.2852076,-26.8724312992379,0.0 -53.2852135,-26.8724135992379,0.0 -53.2852235,-26.8723725992379,0.0 -53.285233,-26.8723374992379,0.0 -53.2852462,-26.8722938992379,0.0 -53.2852605,-26.8722481992379,0.0 -53.2852714,-26.8722084992379,0.0 -53.2852844,-26.8721642992379,0.0 -53.2852973,-26.8721234992379,0.0 -53.2853083,-26.8720753992379,0.0 -53.2853166,-26.8720516992379,0.0 -53.2853251,-26.8720066992379,0.0 -53.2853315,-26.8719662992379,0.0 -53.2853477,-26.8719184992379,0.0 -53.2853665,-26.8718673992379,0.0 -53.2853749,-26.8718410992379,0.0 -53.2853901,-26.8717832992379,0.0 -53.2853966,-26.8717411992379,0.0 -53.2854047,-26.8716973992379,0.0 -53.2854107,-26.8716539992379,0.0 -53.2854159,-26.8716055992379,0.0 -53.2854119,-26.8715648992379,0.0 -53.2854137,-26.8715259992379,0.0 -53.2854142,-26.8714761992379,0.0 -53.285417,-26.8714329992379,0.0 -53.2854174,-26.8713905992379,0.0 -53.285415,-26.8713490992379,0.0 -53.2854148,-26.8713052992379,0.0 -53.2854078,-26.8712613992379,0.0 -53.2853994,-26.8711771992379,0.0 -53.2854007,-26.8711631992379,0.0 -53.2853969,-26.8711246992379,0.0 -53.2853918,-26.8710783992379,0.0 -53.2853885,-26.8710418992379,0.0 -53.2853851,-26.8709962992379,0.0 -53.2853832,-26.8709759992379,0.0 -53.2853795,-26.8709259992379,0.0 -53.2853734,-26.8708869992379,0.0 -53.2853713,-26.8708317992379,0.0 -53.2853676,-26.8707854992379,0.0 -53.2853632,-26.8707434992379,0.0 -53.2853558,-26.8706983992379,0.0 -53.2853511,-26.8706548992379,0.0 -53.2853501,-26.8706343992379,0.0 -53.2853447,-26.8705951992379,0.0 -53.2853404,-26.8705565992379,0.0 -53.2853404,-26.8705115992379,0.0 -53.2853459,-26.8704046992379,0.0 -53.2853467,-26.8703819992379,0.0 -53.2853445,-26.870342899238,0.0 -53.285339,-26.8702962992379,0.0 -53.2853231,-26.870158999238,0.0 -53.2853166,-26.870118899238,0.0 -53.2853114,-26.870071699238,0.0 -53.2853086,-26.870026999238,0.0 -53.2853067,-26.869983399238,0.0 -53.285302,-26.8699420992379,0.0 -53.2852876,-26.8698976992379,0.0 -53.2852732,-26.8698535992379,0.0 -53.2852599,-26.869812399238,0.0 -53.285246,-26.869766399238,0.0 -53.2852101,-26.869692999238,0.0 -53.2851723,-26.869644899238,0.0 -53.2850991,-26.869581499238,0.0 -53.285018,-26.869526999238,0.0 -53.2849324,-26.869489599238,0.0 -53.2848311,-26.869462099238,0.0 -53.284823,-26.869459899238,0.0 -53.2847605,-26.869453699238,0.0 -53.2846936,-26.869467699238,0.0 -53.2846348,-26.869485799238,0.0 -53.2845726,-26.869526199238,0.0 -53.2845266,-26.869560399238,0.0 -53.2844907,-26.869595099238,0.0 -53.2844693,-26.869622499238,0.0 -53.2844402,-26.869647699238,0.0 -53.2844092,-26.869688099238,0.0 -53.2843812,-26.869710999238,0.0 -53.284352,-26.869745899238,0.0 -53.284316,-26.869784099238,0.0 -53.2842866,-26.869812199238,0.0 -53.284265,-26.869827299238,0.0 -53.2842332,-26.869856199238,0.0 -53.2841951,-26.869881399238,0.0 -53.2841603,-26.869909699238,0.0 -53.284129,-26.869933499238,0.0 -53.2841153,-26.869941599238,0.0 -53.2840723,-26.869965999238,0.0 -53.2840368,-26.8699915992379,0.0 -53.2839973,-26.870024299238,0.0 -53.283954,-26.8700532992379,0.0 -53.2839157,-26.8700871992379,0.0 -53.2838803,-26.8701176992379,0.0 -53.2838524,-26.8701454992379,0.0 -53.2838226,-26.8701784992379,0.0 -53.2837934,-26.8702195992379,0.0 -53.2837668,-26.8702489992379,0.0 -53.283739,-26.8702778992379,0.0 -53.2837111,-26.8703082992379,0.0 -53.2836826,-26.8703379992379,0.0 -53.2836586,-26.8703731992379,0.0 -53.2836311,-26.8704038992379,0.0 -53.2835487,-26.8704876992379,0.0 -53.2835266,-26.8705232992379,0.0 -53.2835047,-26.8705512992379,0.0 -53.2834944,-26.8705612992379,0.0 -53.2834642,-26.8705925992379,0.0 -53.2834428,-26.8706115992379,0.0 -53.283418,-26.8706397992379,0.0 -53.2833842,-26.8706560992379,0.0 -53.283349,-26.8706805992379,0.0 -53.2833089,-26.8707045992379,0.0 -53.2832655,-26.8707255992379,0.0 -53.2832205,-26.8707533992379,0.0 -53.2831747,-26.8707818992379,0.0 -53.2831449,-26.8708094992379,0.0 -53.283097,-26.8708272992379,0.0 -53.2830565,-26.8708526992379,0.0 -53.2830148,-26.8708780992379,0.0 -53.2829769,-26.8709041992379,0.0 -53.2829332,-26.8709262992379,0.0 -53.2828981,-26.8709475992379,0.0 -53.2828596,-26.8709610992379,0.0 -53.2828175,-26.8709799992379,0.0 -53.2827722,-26.8709997992379,0.0 -53.2827267,-26.8710160992379,0.0 -53.2826892,-26.8710308992379,0.0 -53.2826522,-26.8710453992379,0.0 -53.2826134,-26.8710586992379,0.0 -53.2825694,-26.8710713992379,0.0 -53.2825176,-26.8710897992379,0.0 -53.282479,-26.8711082992379,0.0 -53.2824536,-26.8711154992379,0.0 -53.2824128,-26.8711274992379,0.0 -53.2823855,-26.8711314992379,0.0 -53.2823374,-26.8711505992379,0.0 -53.2822999,-26.8711617992379,0.0 -53.2822496,-26.8711732992379,0.0 -53.2822088,-26.8711853992379,0.0 -53.2821702,-26.8712007992379,0.0 -53.2821263,-26.8712160992379,0.0 -53.282079,-26.8712329992379,0.0 -53.2820353,-26.8712521992379,0.0 -53.2819948,-26.8712691992379,0.0 -53.28195,-26.8712752992379,0.0 -53.2819058,-26.8712900992379,0.0 -53.2818619,-26.8713025992379,0.0 -53.2818127,-26.8713151992379,0.0 -53.2817634,-26.8713239992379,0.0 -53.2817243,-26.8713385992379,0.0 -53.2816857,-26.8713495992379,0.0 -53.2816449,-26.8713578992379,0.0 -53.2815823,-26.8713643992379,0.0 -53.2815357,-26.8713740992379,0.0 -53.2814959,-26.8713811992379,0.0 -53.2814565,-26.8713872992379,0.0 -53.2814154,-26.8713905992379,0.0 -53.2813717,-26.8713971992379,0.0 -53.2813257,-26.8714076992379,0.0 -53.2812776,-26.8714184992379,0.0 -53.281228,-26.8714202992379,0.0 -53.2811819,-26.8714250992379,0.0 -53.2811224,-26.8714275992379,0.0 -53.281066,-26.8714338992379,0.0 -53.2810224,-26.8714310992379,0.0 -53.2809588,-26.8714305992379,0.0 -53.2809158,-26.8714285992379,0.0 -53.2808713,-26.8714260992379,0.0 -53.2808447,-26.8714241992379,0.0 -53.2807975,-26.8714204992379,0.0 -53.280747,-26.8714170992379,0.0 -53.2806816,-26.8714173992379,0.0 -53.2806285,-26.8714134992379,0.0 -53.2805887,-26.8714067992379,0.0 -53.2805431,-26.8714021992379,0.0 -53.2804996,-26.8713945992379,0.0 -53.2804444,-26.8713889992379,0.0 -53.2804108,-26.8713801992379,0.0 -53.2803701,-26.8713705992379,0.0 -53.280325,-26.8713625992379,0.0 -53.280267,-26.8713555992379,0.0 -53.280222,-26.8713482992379,0.0 -53.280174,-26.8713366992379,0.0 -53.2801241,-26.8713271992379,0.0 -53.2800736,-26.8713230992379,0.0 -53.2800305,-26.8713243992379,0.0 -53.2799847,-26.8713226992379,0.0 -53.2799396,-26.8713207992379,0.0 -53.2798943,-26.8713170992379,0.0 -53.2798532,-26.8713141992379,0.0 -53.2798078,-26.8713121992379,0.0 -53.2797633,-26.8713220992379,0.0 -53.2797404,-26.8713248992379,0.0 -53.2796936,-26.8713321992379,0.0 -53.2796828,-26.8713353992379,0.0 -53.2796359,-26.8713550992379,0.0 -53.2796268,-26.8713610992379,0.0 -53.2795949,-26.8713865992379,0.0 -53.2795655,-26.8714140992379,0.0 -53.2795312,-26.8714456992379,0.0 -53.2794961,-26.8714673992379,0.0 -53.279481,-26.8714742992379,0.0 -53.2794334,-26.8715014992379,0.0 -53.2794007,-26.8715261992379,0.0 -53.2793686,-26.8715527992379,0.0 -53.2793244,-26.8715753992379,0.0 -53.279274,-26.8716002992379,0.0 -53.2792306,-26.8716236992379,0.0 -53.2792164,-26.8716320992379,0.0 -53.2791726,-26.8716592992379,0.0 -53.2791369,-26.8716789992379,0.0 -53.2790921,-26.8716946992379,0.0 -53.2790559,-26.8717152992379,0.0 -53.2790163,-26.8717344992379,0.0 -53.2789744,-26.8717569992379,0.0 -53.2789233,-26.8717769992379,0.0 -53.2788821,-26.8717941992379,0.0 -53.278837,-26.8717946992379,0.0 -53.2787896,-26.8718069992379,0.0 -53.278737,-26.8718201992379,0.0 -53.278696,-26.8718296992379,0.0 -53.2786475,-26.8718456992379,0.0 -53.2785999,-26.8718732992379,0.0 -53.2785671,-26.8719126992379,0.0 -53.2785375,-26.8719451992379,0.0 -53.2785082,-26.8719794992379,0.0 -53.2784803,-26.8720210992379,0.0 -53.2784683,-26.8720483992379,0.0 -53.2784528,-26.8720892992379,0.0 -53.2784409,-26.8721278992379,0.0 -53.2784256,-26.8721654992379,0.0 -53.2784058,-26.8721925992379,0.0 -53.2783701,-26.8722288992379,0.0 -53.2783349,-26.8722583992379,0.0 -53.2783019,-26.8722876992379,0.0 -53.2782709,-26.8723077992379,0.0 -53.2782553,-26.8723145992379,0.0 -53.2782089,-26.8723436992379,0.0 -53.2781692,-26.8723642992379,0.0 -53.2781357,-26.8723861992379,0.0 -53.278094,-26.8724056992379,0.0 -53.2780524,-26.8724228992379,0.0 -53.2780152,-26.8724384992379,0.0 -53.2779947,-26.8724435992379,0.0 -53.2779505,-26.8724568992379,0.0 -53.277895,-26.8724737992379,0.0 -53.2778547,-26.8724830992379,0.0 -53.2778063,-26.8724931992379,0.0 -53.2777734,-26.8724998992379,0.0 -53.2777337,-26.8725086992379,0.0 -53.2777048,-26.8725142992379,0.0 -53.2776627,-26.8725286992379,0.0 -53.2776297,-26.8725492992379,0.0 -53.2775917,-26.8725610992379,0.0 -53.2775386,-26.8725774992379,0.0 -53.2774935,-26.8725925992379,0.0 -53.2774513,-26.8726098992379,0.0 -53.2774046,-26.8726268992379,0.0 -53.2773549,-26.8726382992379,0.0 -53.2773149,-26.8726502992379,0.0 -53.2772645,-26.8726650992379,0.0 -53.2772225,-26.8726778992379,0.0 -53.277182,-26.8726877992379,0.0 -53.2771366,-26.8726962992379,0.0 -53.2770868,-26.8727043992379,0.0 -53.2770335,-26.8727159992379,0.0 -53.2769815,-26.8727248992379,0.0 -53.2769327,-26.8727361992379,0.0 -53.2768938,-26.8727463992379,0.0 -53.2768478,-26.8727555992379,0.0 -53.2768084,-26.8727664992379,0.0 -53.2767638,-26.8727762992379,0.0 -53.2767172,-26.8727870992379,0.0 -53.2766758,-26.8727939992379,0.0 -53.2766243,-26.8728040992379,0.0 -53.2765717,-26.8728133992379,0.0 -53.2765295,-26.8728227992379,0.0 -53.2764859,-26.8728332992379,0.0 -53.2764404,-26.8728420992379,0.0 -53.2763959,-26.8728471992379,0.0 -53.2763455,-26.8728516992379,0.0 -53.2762838,-26.8728572992379,0.0 -53.2762328,-26.8728626992379,0.0 -53.2761841,-26.8728680992379,0.0 -53.2761344,-26.8728760992379,0.0 -53.2760814,-26.8728834992379,0.0 -53.2760327,-26.8728918992379,0.0 -53.2759885,-26.8728964992379,0.0 -53.2759255,-26.8729033992379,0.0 -53.2758771,-26.8729101992379,0.0 -53.2758332,-26.8729155992379,0.0 -53.2757293,-26.8729234992379,0.0 -53.2756556,-26.8729263992379,0.0 -53.2756311,-26.8729256992379,0.0 -53.2754973,-26.8729301992379,0.0 -53.275441,-26.8729264992379,0.0 -53.2753972,-26.8729216992379,0.0 -53.27534,-26.8729146992379,0.0 -53.2752852,-26.8728954992379,0.0 -53.27524,-26.8728908992379,0.0 -53.2751812,-26.8728823992379,0.0 -53.2751361,-26.8728780992379,0.0 -53.2750902,-26.8728696992379,0.0 -53.275041,-26.8728540992379,0.0 -53.2749916,-26.8728544992379,0.0 -53.2749454,-26.8728441992379,0.0 -53.2748897,-26.8728302992379,0.0 -53.2748358,-26.8728171992379,0.0 -53.2747922,-26.8728057992379,0.0 -53.2747562,-26.8727945992379,0.0 -53.2747017,-26.8727741992379,0.0 -53.2746582,-26.8727612992379,0.0 -53.2746127,-26.8727495992379,0.0 -53.2745598,-26.8727352992379,0.0 -53.2745125,-26.8727172992379,0.0 -53.2744706,-26.8727055992379,0.0 -53.274428,-26.8726846992379,0.0 -53.2743885,-26.8726632992379,0.0 -53.2743441,-26.8726413992379,0.0 -53.2743043,-26.8726204992379,0.0 -53.2742692,-26.8725988992379,0.0 -53.2742283,-26.8725791992379,0.0 -53.2741906,-26.8725571992379,0.0 -53.2741584,-26.8725346992379,0.0 -53.274123,-26.8725157992379,0.0 -53.2740886,-26.8724938992379,0.0 -53.2740471,-26.8724627992379,0.0 -53.2740213,-26.8724289992379,0.0 -53.2739997,-26.8723955992379,0.0 -53.2739747,-26.8723641992379,0.0 -53.2739542,-26.8723289992379,0.0 -53.2739274,-26.8722818992379,0.0 -53.2739131,-26.8722465992379,0.0 -53.273906,-26.8722122992379,0.0 -53.2739052,-26.8721131992379,0.0 -53.2739257,-26.8720621992379,0.0 -53.2739402,-26.8720273992379,0.0 -53.2739775,-26.8719964992379,0.0 -53.2739791,-26.8719950992379,0.0 -53.2740183,-26.8719640992379,0.0 -53.274055,-26.8719371992379,0.0 -53.274097,-26.8719103992379,0.0 -53.2741219,-26.8718980992379,0.0 -53.2741605,-26.8718739992379,0.0 -53.2741976,-26.8718576992379,0.0 -53.2742498,-26.8718357992379,0.0 -53.2743046,-26.8718057992379,0.0 -53.2743552,-26.8717754992379,0.0 -53.2744019,-26.8717489992379,0.0 -53.2744455,-26.8717154992379,0.0 -53.2744926,-26.8716809992379,0.0 -53.2745386,-26.8716487992379,0.0 -53.2745761,-26.8716179992379,0.0 -53.2746237,-26.8715804992379,0.0 -53.2746531,-26.8715493992379,0.0 -53.2746935,-26.8715161992379,0.0 -53.2747389,-26.8714796992379,0.0 -53.2747498,-26.8714719992379,0.0 -53.2747906,-26.8714456992379,0.0 -53.2748302,-26.8714153992379,0.0 -53.2748838,-26.8713741992379,0.0 -53.2749163,-26.8713472992379,0.0 -53.2749628,-26.8713178992379,0.0 -53.2749998,-26.8712978992379,0.0 -53.2750121,-26.8712898992379,0.0 -53.2750554,-26.8712620992379,0.0 -53.2750867,-26.8712378992379,0.0 -53.2751329,-26.8712145992379,0.0 -53.2751719,-26.8711942992379,0.0 -53.2751882,-26.8711827992379,0.0 -53.2752323,-26.8711616992379,0.0 -53.2752687,-26.8711405992379,0.0 -53.2753074,-26.8711262992379,0.0 -53.2753476,-26.8711072992379,0.0 -53.2753652,-26.8710967992379,0.0 -53.2754054,-26.8710722992379,0.0 -53.2754509,-26.8710537992379,0.0 -53.2754917,-26.8710344992379,0.0 -53.2755289,-26.8710093992379,0.0 -53.2755486,-26.8709987992379,0.0 -53.2755896,-26.8709746992379,0.0 -53.2756238,-26.8709518992379,0.0 -53.2756621,-26.8709259992379,0.0 -53.2757072,-26.8708959992379,0.0 -53.2757506,-26.8708626992379,0.0 -53.2757851,-26.8708421992379,0.0 -53.2758234,-26.8708173992379,0.0 -53.2758619,-26.8707889992379,0.0 -53.2759077,-26.8707463992379,0.0 -53.2759578,-26.8707184992379,0.0 -53.2760012,-26.8706867992379,0.0 -53.2760421,-26.8706663992379,0.0 -53.2760817,-26.8706390992379,0.0 -53.2761178,-26.8706179992379,0.0 -53.2761504,-26.8705974992379,0.0 -53.2761866,-26.8705811992379,0.0 -53.2762222,-26.8705631992379,0.0 -53.2762622,-26.8705435992379,0.0 -53.2763004,-26.8705174992379,0.0 -53.276335,-26.8704928992379,0.0 -53.2763777,-26.8704765992379,0.0 -53.2764192,-26.8704574992379,0.0 -53.2764556,-26.8704333992379,0.0 -53.2764954,-26.8704132992379,0.0 -53.2765411,-26.8703814992379,0.0 -53.2765756,-26.8703615992379,0.0 -53.2766251,-26.870329499238,0.0 -53.2766589,-26.870303099238,0.0 -53.2766945,-26.8702740992379,0.0 -53.2767441,-26.870237499238,0.0 -53.2767784,-26.8702097992379,0.0 -53.2768186,-26.8701822992379,0.0 -53.2768616,-26.8701518992379,0.0 -53.2768895,-26.8701272992379,0.0 -53.2769284,-26.8700942992379,0.0 -53.2769628,-26.8700713992379,0.0 -53.2771507,-26.8699037992379,0.0 -53.2772583,-26.869786099238,0.0 -53.277376,-26.869619199238,0.0 -53.2774568,-26.869489499238,0.0 -53.2775572,-26.869269199238,0.0 -53.2775594,-26.869264399238,0.0 -53.2775818,-26.869217399238,0.0 -53.2775928,-26.869198399238,0.0 -53.2776115,-26.869162299238,0.0 -53.2776198,-26.869124499238,0.0 -53.2776316,-26.869078599238,0.0 -53.2776372,-26.869024999238,0.0 -53.2776434,-26.868975499238,0.0 -53.2776428,-26.868924099238,0.0 -53.2776491,-26.868882599238,0.0 -53.2776617,-26.868832399238,0.0 -53.2776672,-26.868804399238,0.0 -53.2776749,-26.868753799238,0.0 -53.2776759,-26.868712099238,0.0 -53.2776757,-26.868671199238,0.0 -53.2776792,-26.868653099238,0.0 -53.2776833,-26.868593799238,0.0 -53.2776833,-26.868544099238,0.0 -53.2776774,-26.868499999238,0.0 -53.2776699,-26.868456099238,0.0 -53.2776638,-26.868407099238,0.0 -53.277656,-26.868360399238,0.0 -53.2776471,-26.868321899238,0.0 -53.2776328,-26.868285899238,0.0 -53.2776219,-26.868244599238,0.0 -53.2776089,-26.868199799238,0.0 -53.2775932,-26.868158999238,0.0 -53.2775705,-26.868109699238,0.0 -53.2775577,-26.868070799238,0.0 -53.2775525,-26.868053699238,0.0 -53.2775388,-26.868002599238,0.0 -53.2775289,-26.867966299238,0.0 -53.2775138,-26.867917099238,0.0 -53.2774963,-26.867870599238,0.0 -53.2774799,-26.867834899238,0.0 -53.2774623,-26.867800199238,0.0 -53.2774472,-26.867762199238,0.0 -53.2774386,-26.867740699238,0.0 -53.2774217,-26.867705199238,0.0 -53.2774018,-26.867659099238,0.0 -53.2773878,-26.867623399238,0.0 -53.2773702,-26.867583699238,0.0 -53.2773555,-26.867540999238,0.0 -53.2773385,-26.867500399238,0.0 -53.2773115,-26.867455799238,0.0 -53.2772733,-26.867410299238,0.0 -53.277235,-26.867364999238,0.0 -53.2772031,-26.867321099238,0.0 -53.2771706,-26.867284099238,0.0 -53.2771412,-26.867243099238,0.0 -53.277099,-26.867192699238,0.0 -53.2770617,-26.867149399238,0.0 -53.2770475,-26.867130099238,0.0 -53.2770175,-26.867088599238,0.0 -53.2769935,-26.867052499238,0.0 -53.2769723,-26.867016599238,0.0 -53.2769419,-26.866968199238,0.0 -53.2769126,-26.866924399238,0.0 -53.2769005,-26.866904199238,0.0 -53.2768787,-26.866866399238,0.0 -53.2768477,-26.866833499238,0.0 -53.2768115,-26.866794799238,0.0 -53.2767842,-26.866762799238,0.0 -53.2767495,-26.866726799238,0.0 -53.2766829,-26.866693099238,0.0 -53.2765247,-26.866655499238,0.0 -53.2764539,-26.866644099238,0.0 -53.2763254,-26.866623499238,0.0 -53.2762664,-26.866625999238,0.0 -53.2762202,-26.866639599238,0.0 -53.2761921,-26.866670499238,0.0 -53.2761771,-26.866723699238,0.0 -53.2761768,-26.866795799238,0.0 -53.2761704,-26.866835999238,0.0 -53.2761319,-26.866878299238,0.0 -53.2760718,-26.866914599238,0.0 -53.2760043,-26.866941299238,0.0 -53.2759543,-26.866946899238,0.0 -53.2758771,-26.866936899238,0.0 -53.2758053,-26.866902299238,0.0 -53.2757918,-26.866892599238,0.0 -53.2757505,-26.866860299238,0.0 -53.2757187,-26.866826599238,0.0 -53.2756849,-26.866789799238,0.0 -53.2756623,-26.866761999238,0.0 -53.2756408,-26.866693699238,0.0 -53.2756207,-26.866637899238,0.0 -53.2756009,-26.866598099238,0.0 -53.2755791,-26.866571399238,0.0 -53.2755508,-26.866556799238,0.0 -53.2755069,-26.866547399238,0.0 -53.275479,-26.866547899238,0.0 -53.2754367,-26.866559599238,0.0 -53.2754034,-26.866575199238,0.0 -53.2753479,-26.866597099238,0.0 -53.2752886,-26.866598099238,0.0 -53.2752323,-26.866584999238,0.0 -53.2751467,-26.866555299238,0.0 -53.2749768,-26.866489899238,0.0 -53.2749556,-26.866484799238,0.0 -53.2749153,-26.866484699238,0.0 -53.2748708,-26.866480999238,0.0 -53.2748548,-26.866481599238,0.0 -53.2748029,-26.866479699238,0.0 -53.2747795,-26.866476499238,0.0 -53.2747315,-26.866474599238,0.0 -53.274689,-26.866467599238,0.0 -53.274645,-26.866458199238,0.0 -53.274629,-26.866455199238,0.0 -53.274586,-26.866441899238,0.0 -53.2745406,-26.866432499238,0.0 -53.2744931,-26.866418899238,0.0 -53.2744484,-26.866409099238,0.0 -53.2744079,-26.866402499238,0.0 -53.2743633,-26.866395199238,0.0 -53.2743223,-26.866384899238,0.0 -53.2742823,-26.866374699238,0.0 -53.2742392,-26.866364899238,0.0 -53.2741985,-26.866349299238,0.0 -53.27417,-26.866333599238,0.0 -53.274134,-26.866314599238,0.0 -53.2740896,-26.866287399238,0.0 -53.2740502,-26.866261299238,0.0 -53.2740101,-26.866239699238,0.0 -53.2739661,-26.866222299238,0.0 -53.2739488,-26.866214999238,0.0 -53.2739123,-26.866204299238,0.0 -53.2738627,-26.866192699238,0.0 -53.2738147,-26.866179299238,0.0 -53.2738002,-26.866175699238,0.0 -53.2737599,-26.866159299238,0.0 -53.2737241,-26.866141399238,0.0 -53.2736802,-26.866125599238,0.0 -53.2736715,-26.866123299238,0.0 -53.2736292,-26.866110199238,0.0 -53.2736079,-26.866103999238,0.0 -53.2735686,-26.866094999238,0.0 -53.273551,-26.866090899238,0.0 -53.2735084,-26.866081399238,0.0 -53.2734609,-26.866064899238,0.0 -53.2734432,-26.866059099238,0.0 -53.2734023,-26.866040599238,0.0 -53.2733942,-26.866037199238,0.0 -53.273349,-26.866016499238,0.0 -53.2733058,-26.866002899238,0.0 -53.2732613,-26.865991999238,0.0 -53.2732517,-26.865992099238,0.0 -53.2732036,-26.865980799238,0.0 -53.2731966,-26.865978899238,0.0 -53.2731528,-26.865975699238,0.0 -53.2731079,-26.865971199238,0.0 -53.2730803,-26.865969099238,0.0 -53.2730601,-26.865967599238,0.0 -53.2730507,-26.865966299238,0.0 -53.2730278,-26.865963199238,0.0 -53.2729882,-26.865960899238,0.0 -53.2729379,-26.865960199238,0.0 -53.2728912,-26.865953199238,0.0 -53.2728475,-26.865949599238,0.0 -53.2728336,-26.865945399238,0.0 -53.2727931,-26.865938699238,0.0 -53.2727655,-26.865934999238,0.0 -53.2727297,-26.865924399238,0.0 -53.272688,-26.865928199238,0.0 -53.2726418,-26.865931499238,0.0 -53.2725963,-26.865931999238,0.0 -53.2725603,-26.865935599238,0.0 -53.2725164,-26.865930499238,0.0 -53.2724674,-26.865923799238,0.0 -53.2724294,-26.865918499238,0.0 -53.2724183,-26.865912199238,0.0 -53.2723833,-26.865889099238,0.0 -53.2723762,-26.865884199238,0.0 -53.2723373,-26.865865699238,0.0 -53.2723066,-26.865837499238,0.0 -53.272271,-26.865819499238,0.0 -53.2722287,-26.865808499238,0.0 -53.2721897,-26.865797099238,0.0 -53.2721491,-26.865789099238,0.0 -53.272128,-26.865783699238,0.0 -53.2720852,-26.865777199238,0.0 -53.2720696,-26.865775099238,0.0 -53.2720292,-26.865771799238,0.0 -53.2719959,-26.865768799238,0.0 -53.2719497,-26.865764699238,0.0 -53.2719053,-26.865759599238,0.0 -53.2718762,-26.865757899238,0.0 -53.2718295,-26.865759599238,0.0 -53.2717863,-26.865767399238,0.0 -53.2717599,-26.865767399238,0.0 -53.2717206,-26.865771999238,0.0 -53.2716722,-26.865778499238,0.0 -53.271621,-26.865776799238,0.0 -53.2715771,-26.865789999238,0.0 -53.2715201,-26.865802899238,0.0 -53.2715064,-26.865805699238,0.0 -53.2714565,-26.865815999238,0.0 -53.2714411,-26.865816199238,0.0 -53.2713887,-26.865824899238,0.0 -53.2713353,-26.865823499238,0.0 -53.2712902,-26.865820999238,0.0 -53.2712417,-26.865813999238,0.0 -53.2712373,-26.865811799238,0.0 -53.2711993,-26.865802599238,0.0 -53.2711491,-26.865782799238,0.0 -53.2711114,-26.865764499238,0.0 -53.271068,-26.865750199238,0.0 -53.271028,-26.865734399238,0.0 -53.2709734,-26.865713199238,0.0 -53.2709303,-26.865697899238,0.0 -53.2708897,-26.865683199238,0.0 -53.2708397,-26.865662999238,0.0 -53.2708019,-26.865647199238,0.0 -53.2707622,-26.865630799238,0.0 -53.270729,-26.865609499238,0.0 -53.2706865,-26.865592399238,0.0 -53.2706587,-26.865575399238,0.0 -53.2706139,-26.865555599238,0.0 -53.2705628,-26.865531599238,0.0 -53.270508,-26.865506299238,0.0 -53.2704572,-26.865477199238,0.0 -53.270417,-26.865452099238,0.0 -53.2703784,-26.865424899238,0.0 -53.2703359,-26.865397499238,0.0 -53.2703009,-26.865373899238,0.0 -53.2702833,-26.865360299238,0.0 -53.2702376,-26.865320199238,0.0 -53.2702072,-26.865286399238,0.0 -53.2701797,-26.8652558992381,0.0 -53.2701517,-26.865227599238,0.0 -53.2701239,-26.865202699238,0.0 -53.2700871,-26.865175999238,0.0 -53.270048,-26.865142399238,0.0 -53.2700176,-26.865116199238,0.0 -53.2699861,-26.865089299238,0.0 -53.2699509,-26.865056899238,0.0 -53.2699277,-26.8650357992381,0.0 -53.2698992,-26.865007899238,0.0 -53.2698679,-26.864975999238,0.0 -53.26986,-26.8649553992381,0.0 -53.2698403,-26.8649258992381,0.0 -53.2698198,-26.8648928992381,0.0 -53.2697961,-26.8648625992381,0.0 -53.2697884,-26.864850099238,0.0 -53.2697634,-26.8648140992381,0.0 -53.2697383,-26.864776999238,0.0 -53.2697149,-26.8647457992381,0.0 -53.2696884,-26.8647089992381,0.0 -53.2696643,-26.8646716992381,0.0 -53.2696437,-26.8646347992381,0.0 -53.2696197,-26.8645932992381,0.0 -53.2696019,-26.8645577992381,0.0 -53.2695788,-26.8645086992381,0.0 -53.269557,-26.8644635992381,0.0 -53.2695416,-26.8644275992381,0.0 -53.2695313,-26.8643818992381,0.0 -53.2695258,-26.8643348992381,0.0 -53.2695221,-26.8642790992381,0.0 -53.269516,-26.8642309992381,0.0 -53.2695172,-26.8641841992381,0.0 -53.2695186,-26.8641424992381,0.0 -53.2695184,-26.8641035992381,0.0 -53.2695241,-26.8640642992381,0.0 -53.2695325,-26.8640254992381,0.0 -53.2695422,-26.8639879992381,0.0 -53.2695536,-26.8639491992381,0.0 -53.2695699,-26.8638979992381,0.0 -53.2695813,-26.8638575992381,0.0 -53.2696046,-26.8637160992381,0.0 -53.2696212,-26.8636732992381,0.0 -53.2696383,-26.8636305992381,0.0 -53.2696589,-26.8635921992381,0.0 -53.2696832,-26.8635566992381,0.0 -53.2697022,-26.8635231992381,0.0 -53.2697273,-26.8634930992381,0.0 -53.2697506,-26.8634543992381,0.0 -53.2697826,-26.8634105992381,0.0 -53.2697946,-26.8633957992381,0.0 -53.2698262,-26.8633544992381,0.0 -53.2698563,-26.8633192992381,0.0 -53.2698744,-26.8632994992381,0.0 -53.2698995,-26.8632659992381,0.0 -53.269917,-26.8632407992381,0.0 -53.2699433,-26.8632061992381,0.0 -53.2699805,-26.8631685992381,0.0 -53.2700061,-26.8631403992381,0.0 -53.2700337,-26.8631111992381,0.0 -53.2700719,-26.8630692992381,0.0 -53.2701174,-26.8630384992381,0.0 -53.2701603,-26.8630056992381,0.0 -53.2701887,-26.8629811992381,0.0 -53.2702259,-26.8629512992381,0.0 -53.2702662,-26.8629279992381,0.0 -53.2702884,-26.8629136992381,0.0 -53.2703166,-26.8628879992381,0.0 -53.2703284,-26.8628771992381,0.0 -53.2703649,-26.8628492992381,0.0 -53.2704052,-26.8628271992381,0.0 -53.2704193,-26.8628204992381,0.0 -53.2704426,-26.8628009992381,0.0 -53.2704732,-26.8627736992381,0.0 -53.2705033,-26.8627450992381,0.0 -53.2705193,-26.8627288992381,0.0 -53.2705489,-26.8627000992381,0.0 -53.2705797,-26.8626714992381,0.0 -53.2706098,-26.8626434992381,0.0 -53.270641,-26.8626086992381,0.0 -53.2706725,-26.8625749992381,0.0 -53.2707028,-26.8625404992381,0.0 -53.2707405,-26.8625040992381,0.0 -53.270768,-26.8624737992381,0.0 -53.2707991,-26.8624385992381,0.0 -53.2708149,-26.8624207992381,0.0 -53.2708508,-26.8623736992381,0.0 -53.2708815,-26.8623431992381,0.0 -53.2709139,-26.8623114992381,0.0 -53.2709404,-26.8622811992381,0.0 -53.2709643,-26.8622518992381,0.0 -53.2709751,-26.8622372992381,0.0 -53.2710015,-26.8621958992381,0.0 -53.2710285,-26.8621668992381,0.0 -53.2710534,-26.8621274992381,0.0 -53.2710732,-26.8620859992381,0.0 -53.2710865,-26.8620599992381,0.0 -53.2710986,-26.8620251992381,0.0 -53.2711138,-26.8619843992381,0.0 -53.2711399,-26.8619383992381,0.0 -53.271152,-26.8619233992381,0.0 -53.2711882,-26.8618822992381,0.0 -53.2712191,-26.8618544992381,0.0 -53.2712296,-26.8618426992381,0.0 -53.2712725,-26.8618110992381,0.0 -53.2713035,-26.8617838992381,0.0 -53.2713263,-26.8617492992381,0.0 -53.2713569,-26.8617128992381,0.0 -53.2713917,-26.8616726992381,0.0 -53.2714253,-26.8616353992381,0.0 -53.2714572,-26.8615907992381,0.0 -53.2714881,-26.8615600992381,0.0 -53.2715248,-26.8615164992381,0.0 -53.2715451,-26.8614757992381,0.0 -53.2715549,-26.8614610992381,0.0 -53.2715755,-26.8614133992381,0.0 -53.2715943,-26.8613758992381,0.0 -53.2716129,-26.8613394992381,0.0 -53.2716339,-26.8612866992381,0.0 -53.2716521,-26.8612441992381,0.0 -53.2716648,-26.8612090992381,0.0 -53.2717151,-26.8610926992381,0.0 -53.2717725,-26.8609235992381,0.0 -53.2717827,-26.8608112992381,0.0 -53.2717717,-26.8607088992381,0.0 -53.2717583,-26.8606432992381,0.0 -53.2717572,-26.8606391992381,0.0 -53.27174,-26.8606004992381,0.0 -53.2717201,-26.8605599992381,0.0 -53.2717016,-26.8605321992381,0.0 -53.2716786,-26.8604988992381,0.0 -53.2716469,-26.8604656992381,0.0 -53.2716146,-26.8604370992381,0.0 -53.2715987,-26.8604246992381,0.0 -53.2715663,-26.8604027992381,0.0 -53.2715324,-26.8603787992381,0.0 -53.2714899,-26.8603487992381,0.0 -53.2714137,-26.8603014992381,0.0 -53.2713792,-26.8602821992381,0.0 -53.271354,-26.8602680992381,0.0 -53.2713113,-26.8602466992381,0.0 -53.271266,-26.8602355992381,0.0 -53.2712201,-26.8602188992381,0.0 -53.271178,-26.8602020992381,0.0 -53.2711266,-26.8601873992381,0.0 -53.2710807,-26.8601765992381,0.0 -53.2710385,-26.8601639992381,0.0 -53.2709909,-26.8601464992381,0.0 -53.2709474,-26.8601295992381,0.0 -53.2708972,-26.8601072992381,0.0 -53.2708531,-26.8600915992381,0.0 -53.2708005,-26.8600703992382,0.0 -53.2707527,-26.8600523992381,0.0 -53.2707076,-26.8600341992381,0.0 -53.270669,-26.8600185992381,0.0 -53.2706315,-26.8600045992382,0.0 -53.2705848,-26.8599915992381,0.0 -53.2705526,-26.8599836992381,0.0 -53.2704969,-26.8599686992381,0.0 -53.2703944,-26.8599320992382,0.0 -53.2703796,-26.8599267992382,0.0 -53.2703667,-26.8599227992381,0.0 -53.2703379,-26.8599138992382,0.0 -53.2702925,-26.8598957992381,0.0 -53.27025,-26.8598815992382,0.0 -53.2701984,-26.8598638992381,0.0 -53.2701522,-26.8598454992381,0.0 -53.2701163,-26.8598352992382,0.0 -53.2700675,-26.8598295992382,0.0 -53.2700155,-26.8598203992381,0.0 -53.2699754,-26.8598027992381,0.0 -53.2699395,-26.8597829992381,0.0 -53.2698994,-26.8597644992381,0.0 -53.2698578,-26.8597438992381,0.0 -53.2698113,-26.8597214992381,0.0 -53.2697677,-26.8597152992382,0.0 -53.2697589,-26.8597130992381,0.0 -53.2697156,-26.8597180992381,0.0 -53.2696944,-26.8597186992382,0.0 -53.2696541,-26.8597242992381,0.0 -53.2696018,-26.8597257992382,0.0 -53.2695495,-26.8597265992382,0.0 -53.2694895,-26.8597233992382,0.0 -53.2694433,-26.8597131992382,0.0 -53.2694321,-26.8597104992381,0.0 -53.2693902,-26.8596960992381,0.0 -53.2693566,-26.8596762992382,0.0 -53.2693194,-26.8596673992382,0.0 -53.2692858,-26.8596582992382,0.0 -53.2692447,-26.8596408992382,0.0 -53.2692179,-26.8596204992381,0.0 -53.2691861,-26.8595867992381,0.0 -53.2691585,-26.8595572992382,0.0 -53.2691486,-26.8595467992382,0.0 -53.2691148,-26.8595176992382,0.0 -53.2690997,-26.8594803992382,0.0 -53.2690708,-26.8594326992382,0.0 -53.2690565,-26.8594042992382,0.0 -53.2690379,-26.8593681992382,0.0 -53.2690178,-26.8593322992382,0.0 -53.2689998,-26.8592966992382,0.0 -53.2689825,-26.8592647992382,0.0 -53.2689652,-26.8592307992382,0.0 -53.2689439,-26.8591919992382,0.0 -53.2689222,-26.8591506992382,0.0 -53.2689167,-26.8591394992382,0.0 -53.2688984,-26.8591043992382,0.0 -53.2688773,-26.8590690992382,0.0 -53.2688561,-26.8590243992382,0.0 -53.2688339,-26.8589800992382,0.0 -53.2688165,-26.8589367992382,0.0 -53.2688006,-26.8589001992382,0.0 -53.2687818,-26.8588599992382,0.0 -53.2687709,-26.8588312992382,0.0 -53.2687459,-26.8587996992382,0.0 -53.2687255,-26.8587564992382,0.0 -53.2687132,-26.8587299992382,0.0 -53.2686971,-26.8586851992382,0.0 -53.2686812,-26.8586464992382,0.0 -53.268662,-26.8586028992382,0.0 -53.2686431,-26.8585638992382,0.0 -53.268624,-26.8585307992382,0.0 -53.2686066,-26.8584878992382,0.0 -53.2685956,-26.8584602992382,0.0 -53.2685813,-26.8584256992382,0.0 -53.26856,-26.8583897992382,0.0 -53.2685434,-26.8583473992382,0.0 -53.2684704,-26.8582941992382,0.0 -53.2684524,-26.8582791992382,0.0 -53.2684208,-26.8582548992382,0.0 -53.2684151,-26.8582502992382,0.0 -53.2683786,-26.8582307992382,0.0 -53.2683717,-26.8582256992382,0.0 -53.2683686,-26.8582238992382,0.0 -53.2683281,-26.8582050992382,0.0 -53.2682898,-26.8581837992382,0.0 -53.2682615,-26.8581696992382,0.0 -53.2682334,-26.8581486992382,0.0 -53.2682092,-26.8581268992382,0.0 -53.2681733,-26.8580972992382,0.0 -53.2681384,-26.8580712992382,0.0 -53.2681012,-26.8580462992382,0.0 -53.268072,-26.8580215992382,0.0 -53.2680439,-26.8579938992382,0.0 -53.2680237,-26.8579767992382,0.0 -53.2679919,-26.8579506992382,0.0 -53.2679811,-26.8579412992382,0.0 -53.2679487,-26.8579154992382,0.0 -53.2679221,-26.8578901992382,0.0 -53.2679017,-26.8578672992382,0.0 -53.2678719,-26.8578371992382,0.0 -53.2678617,-26.8578234992382,0.0 -53.2678305,-26.8577827992382,0.0 -53.2678094,-26.8577498992382,0.0 -53.2678007,-26.8577400992382,0.0 -53.2677782,-26.8577057992382,0.0 -53.267753,-26.8576712992382,0.0 -53.2677252,-26.8576413992382,0.0 -53.2676983,-26.8576102992382,0.0 -53.2676769,-26.8575773992382,0.0 -53.2676508,-26.8575403992382,0.0 -53.2676412,-26.8575249992382,0.0 -53.267623,-26.8574918992382,0.0 -53.2676043,-26.8574590992382,0.0 -53.2675838,-26.8574209992382,0.0 -53.2675505,-26.8573775992382,0.0 -53.2675236,-26.8573392992382,0.0 -53.267508,-26.8572962992382,0.0 -53.2674809,-26.8572466992382,0.0 -53.2674658,-26.8572243992382,0.0 -53.2674501,-26.8571940992382,0.0 -53.2674402,-26.8571544992382,0.0 -53.2674302,-26.8571396992382,0.0 -53.267406,-26.8571055992382,0.0 -53.2673976,-26.8570933992382,0.0 -53.2673698,-26.8570570992382,0.0 -53.2673358,-26.8570305992382,0.0 -53.2673147,-26.8570145992382,0.0 -53.267276,-26.8569959992382,0.0 -53.2672504,-26.8569840992382,0.0 -53.2672132,-26.8569668992382,0.0 -53.2671722,-26.8569463992382,0.0 -53.2671209,-26.8569155992382,0.0 -53.2670812,-26.8568983992382,0.0 -53.2670426,-26.8568725992382,0.0 -53.2670158,-26.8568613992382,0.0 -53.2669661,-26.8568509992382,0.0 -53.2669447,-26.8568444992382,0.0 -53.2669034,-26.8568281992382,0.0 -53.2668619,-26.8568243992382,0.0 -53.2668171,-26.8568121992382,0.0 -53.2667943,-26.8568056992382,0.0 -53.2667484,-26.8567916992382,0.0 -53.2667177,-26.8567855992382,0.0 -53.2666717,-26.8567872992382,0.0 -53.2666613,-26.8567859992382,0.0 -53.2666143,-26.8567829992382,0.0 -53.2665898,-26.8567796992382,0.0 -53.2665504,-26.8567729992382,0.0 -53.2665373,-26.8567687992382,0.0 -53.2664197,-26.8567392992382,0.0 -53.2663623,-26.8567133992382,0.0 -53.266313,-26.8566788992382,0.0 -53.2662854,-26.8566468992382,0.0 -53.2662797,-26.8566173992382,0.0 -53.266288,-26.8565662992382,0.0 -53.2663025,-26.8565168992382,0.0 -53.2663352,-26.8564614992382,0.0 -53.2663417,-26.8564531992382,0.0 -53.2663742,-26.8564196992382,0.0 -53.2664049,-26.8563801992382,0.0 -53.2664365,-26.8563388992382,0.0 -53.266456,-26.8563016992382,0.0 -53.26646,-26.8562929992382,0.0 -53.266476,-26.8562588992382,0.0 -53.2664896,-26.8562333992382,0.0 -53.266505,-26.8561926992382,0.0 -53.2665135,-26.8561458992382,0.0 -53.2665184,-26.8560961992382,0.0 -53.2665302,-26.8560727992382,0.0 -53.266525,-26.8560319992382,0.0 -53.2665275,-26.8559900992382,0.0 -53.2665311,-26.8559460992382,0.0 -53.2665372,-26.8559128992382,0.0 -53.2665285,-26.8558622992382,0.0 -53.2665158,-26.8558055992382,0.0 -53.2665058,-26.8557638992382,0.0 -53.2665072,-26.8557442992382,0.0 -53.2664981,-26.8557040992382,0.0 -53.2664887,-26.8556590992382,0.0 -53.2664869,-26.8556476992382,0.0 -53.2664718,-26.8556039992382,0.0 -53.2664645,-26.8555927992382,0.0 -53.2664357,-26.8555570992382,0.0 -53.2664171,-26.8555368992382,0.0 -53.2663814,-26.8555024992382,0.0 -53.2663486,-26.8554787992382,0.0 -53.2663147,-26.8554548992382,0.0 -53.2663019,-26.8554434992382,0.0 -53.2662574,-26.8554257992382,0.0 -53.2662112,-26.8554067992382,0.0 -53.2661706,-26.8553956992382,0.0 -53.2661206,-26.8553838992382,0.0 -53.2660633,-26.8553792992382,0.0 -53.266009,-26.8553768992382,0.0 -53.2659581,-26.8553794992382,0.0 -53.2659226,-26.8553807992382,0.0 -53.2658787,-26.8553895992382,0.0 -53.2658283,-26.8553943992382,0.0 -53.2657628,-26.8553985992382,0.0 -53.2657194,-26.8554108992382,0.0 -53.2656984,-26.8554180992382,0.0 -53.2656594,-26.8554282992382,0.0 -53.2656484,-26.8554297992382,0.0 -53.265606,-26.8554374992382,0.0 -53.2655673,-26.8554504992382,0.0 -53.2654933,-26.8554473992382,0.0 -53.26545,-26.8554521992382,0.0 -53.2654106,-26.8554501992382,0.0 -53.26537,-26.8554502992382,0.0 -53.2653285,-26.8554430992382,0.0 -53.2652871,-26.8554386992382,0.0 -53.2652464,-26.8554274992382,0.0 -53.2652256,-26.8554274992382,0.0 -53.2651965,-26.8554303992382,0.0 -53.2651596,-26.8554255992382,0.0 -53.265122,-26.8554127992382,0.0 -53.2650794,-26.8554061992382,0.0 -53.2650274,-26.8553928992382,0.0 -53.2650146,-26.8553885992382,0.0 -53.2649727,-26.8553726992382,0.0 -53.2649332,-26.8553569992382,0.0 -53.2648891,-26.8553401992382,0.0 -53.2648333,-26.8553142992382,0.0 -53.2648244,-26.8553100992382,0.0 -53.2647942,-26.8552877992382,0.0 -53.2647598,-26.8552652992382,0.0 -53.2647213,-26.8552446992382,0.0 -53.2646761,-26.8552252992382,0.0 -53.2646631,-26.8552204992382,0.0 -53.2646219,-26.8552024992382,0.0 -53.2645741,-26.8551853992382,0.0 -53.2645248,-26.8551907992382,0.0 -53.2645184,-26.8551910992382,0.0 -53.26448,-26.8551851992382,0.0 -53.2644714,-26.8551806992382,0.0 -53.2644205,-26.8551767992382,0.0 -53.2643722,-26.8551798992382,0.0 -53.2643557,-26.8551818992382,0.0 -53.2643137,-26.8551948992382,0.0 -53.2642997,-26.8552014992382,0.0 -53.2642608,-26.8552243992382,0.0 -53.2642255,-26.8552376992382,0.0 -53.2641879,-26.8552525992382,0.0 -53.2641454,-26.8552696992382,0.0 -53.2641077,-26.8552807992382,0.0 -53.2640705,-26.8552968992382,0.0 -53.2640646,-26.8552980992382,0.0 -53.264026,-26.8553151992382,0.0 -53.2639869,-26.8553266992382,0.0 -53.2639482,-26.8553452992382,0.0 -53.2639084,-26.8553622992382,0.0 -53.2638721,-26.8553773992382,0.0 -53.263867,-26.8553791992382,0.0 -53.2638216,-26.8553884992382,0.0 -53.2637755,-26.8554007992382,0.0 -53.2637631,-26.8554031992382,0.0 -53.2637199,-26.8554159992382,0.0 -53.2636922,-26.8554214992382,0.0 -53.2636466,-26.8554301992382,0.0 -53.2636043,-26.8554469992382,0.0 -53.2635678,-26.8554665992382,0.0 -53.2635287,-26.8554836992382,0.0 -53.263474,-26.8555106992382,0.0 -53.2634428,-26.8555376992382,0.0 -53.2634217,-26.8555473992382,0.0 -53.2634119,-26.8555527992382,0.0 -53.2633736,-26.8555746992382,0.0 -53.2633641,-26.8555790992382,0.0 -53.2633276,-26.8556075992382,0.0 -53.2632907,-26.8556329992382,0.0 -53.2632532,-26.8556606992382,0.0 -53.2632287,-26.8556746992382,0.0 -53.2631827,-26.8556990992382,0.0 -53.2631416,-26.8557067992382,0.0 -53.2631019,-26.8557055992382,0.0 -53.2630543,-26.8557036992382,0.0 -53.2630328,-26.8556976992382,0.0 -53.2629717,-26.8556883992382,0.0 -53.2629218,-26.8556757992382,0.0 -53.2629047,-26.8556664992382,0.0 -53.2628604,-26.8556557992382,0.0 -53.2628165,-26.8556496992382,0.0 -53.2627986,-26.8556453992382,0.0 -53.2627429,-26.8556308992382,0.0 -53.2626985,-26.8556216992382,0.0 -53.2626404,-26.8556140992382,0.0 -53.2626014,-26.8556114992382,0.0 -53.2625576,-26.8556137992382,0.0 -53.2625298,-26.8556157992382,0.0 -53.2624835,-26.8556199992382,0.0 -53.2624407,-26.8556267992382,0.0 -53.2623786,-26.8556371992382,0.0 -53.2623507,-26.8556441992382,0.0 -53.2623124,-26.8556547992382,0.0 -53.2622579,-26.8556621992382,0.0 -53.2622089,-26.8556744992382,0.0 -53.2621696,-26.8556785992382,0.0 -53.262153,-26.8556783992382,0.0 -53.2620974,-26.8556835992382,0.0 -53.2620821,-26.8556858992382,0.0 -53.2620374,-26.8556936992382,0.0 -53.2620318,-26.8556944992382,0.0 -53.2619713,-26.8557214992382,0.0 -53.2619346,-26.8557400992382,0.0 -53.2619043,-26.8557682992382,0.0 -53.2618954,-26.8557768992382,0.0 -53.2618602,-26.8558086992382,0.0 -53.2618359,-26.8558267992382,0.0 -53.261817,-26.8558335992382,0.0 -53.2618104,-26.8558331992382,0.0 -53.2617761,-26.8558420992382,0.0 -53.2617661,-26.8558463992382,0.0 -53.2616821,-26.8558911992382,0.0 -53.2616563,-26.8559114992382,0.0 -53.2616415,-26.8559514992382,0.0 -53.2616464,-26.8560032992382,0.0 -53.2616524,-26.8560406992382,0.0 -53.2617085,-26.8561389992382,0.0 -53.2617152,-26.8561500992382,0.0 -53.2617366,-26.8561875992382,0.0 -53.2617631,-26.8562318992382,0.0 -53.2617856,-26.8562719992382,0.0 -53.2617927,-26.8562841992382,0.0 -53.2618182,-26.8563286992382,0.0 -53.2618326,-26.8563663992382,0.0 -53.2619256,-26.8564786992382,0.0 -53.2619364,-26.8565109992382,0.0 -53.2619508,-26.8565439992382,0.0 -53.2619764,-26.8565828992382,0.0 -53.2620079,-26.8566200992382,0.0 -53.262031,-26.8566513992382,0.0 -53.2620433,-26.8566659992382,0.0 -53.2620671,-26.8566976992382,0.0 -53.2620925,-26.8567272992382,0.0 -53.2621147,-26.8567532992382,0.0 -53.2621383,-26.8567871992382,0.0 -53.2621492,-26.8568035992382,0.0 -53.2621619,-26.8568350992382,0.0 -53.2621765,-26.8568814992382,0.0 -53.2621945,-26.8568977992382,0.0 -53.2622104,-26.8569181992382,0.0 -53.2622327,-26.8569427992382,0.0 -53.2622533,-26.8569586992382,0.0 -53.2622812,-26.8569863992382,0.0 -53.2623071,-26.8570146992382,0.0 -53.2623369,-26.8570409992382,0.0 -53.2623657,-26.8570694992382,0.0 -53.2623951,-26.8571010992382,0.0 -53.2624033,-26.8571081992382,0.0 -53.2624429,-26.8571427992382,0.0 -53.2624798,-26.8571785992382,0.0 -53.2625104,-26.8572171992382,0.0 -53.2625433,-26.8572511992382,0.0 -53.2625704,-26.8572784992382,0.0 -53.2626031,-26.8573124992382,0.0 -53.2626406,-26.8573521992382,0.0 -53.2626727,-26.8573841992382,0.0 -53.2627028,-26.8574190992382,0.0 -53.2627343,-26.8574524992382,0.0 -53.2627595,-26.8574823992382,0.0 -53.262791,-26.8575132992382,0.0 -53.2628177,-26.8575404992382,0.0 -53.2628507,-26.8575621992382,0.0 -53.2628922,-26.8575946992382,0.0 -53.2629265,-26.8576196992382,0.0 -53.2629589,-26.8576423992382,0.0 -53.2629962,-26.8576621992382,0.0 -53.2630365,-26.8576874992382,0.0 -53.2630706,-26.8577130992382,0.0 -53.2631085,-26.8577416992382,0.0 -53.2631416,-26.8577684992382,0.0 -53.2631757,-26.8577989992382,0.0 -53.2632067,-26.8578254992382,0.0 -53.2632496,-26.8578663992382,0.0 -53.263288,-26.8579044992382,0.0 -53.2633271,-26.8579415992382,0.0 -53.2633573,-26.8579723992382,0.0 -53.2633838,-26.8580103992382,0.0 -53.2634075,-26.8580419992382,0.0 -53.2634351,-26.8580830992382,0.0 -53.2634679,-26.8581277992382,0.0 -53.2634859,-26.8581670992382,0.0 -53.2635127,-26.8582128992382,0.0 -53.263535,-26.8582554992382,0.0 -53.2635545,-26.8582921992382,0.0 -53.263572,-26.8583263992382,0.0 -53.2636024,-26.8583963992382,0.0 -53.2636215,-26.8584421992382,0.0 -53.2636405,-26.8584920992382,0.0 -53.2636487,-26.8585318992382,0.0 -53.2636657,-26.8585765992382,0.0 -53.2636791,-26.8586183992382,0.0 -53.2636845,-26.8586458992382,0.0 -53.2636908,-26.8586826992382,0.0 -53.2637019,-26.8587210992382,0.0 -53.2637137,-26.8587596992382,0.0 -53.2637198,-26.8587969992382,0.0 -53.2637326,-26.8588421992382,0.0 -53.2637449,-26.8588907992382,0.0 -53.2637511,-26.8589142992382,0.0 -53.2637635,-26.8589630992382,0.0 -53.2637744,-26.8590027992382,0.0 -53.2637766,-26.8590437992382,0.0 -53.26379,-26.8591039992382,0.0 -53.2637972,-26.8591582992382,0.0 -53.2637995,-26.8592061992382,0.0 -53.2638043,-26.8592443992382,0.0 -53.263806,-26.8592832992382,0.0 -53.2638089,-26.8593252992382,0.0 -53.2638059,-26.8593727992382,0.0 -53.2638047,-26.8594201992382,0.0 -53.2637982,-26.8594556992382,0.0 -53.2637929,-26.8594895992382,0.0 -53.2637796,-26.8595336992382,0.0 -53.2637455,-26.8595616992382,0.0 -53.2637441,-26.8595634992381,0.0 -53.2636793,-26.8596181992382,0.0 -53.2636426,-26.8596436992382,0.0 -53.2635186,-26.8596900992382,0.0 -53.2634003,-26.8597273992381,0.0 -53.2632975,-26.8597502992382,0.0 -53.2631574,-26.8597710992381,0.0 -53.2630223,-26.8597787992381,0.0 -53.2629268,-26.8597737992382,0.0 -53.2628523,-26.8597647992381,0.0 -53.2627995,-26.8597563992381,0.0 -53.2626508,-26.8597050992382,0.0 -53.2625468,-26.8596686992382,0.0 -53.2624965,-26.8596446992382,0.0 -53.2624563,-26.8596302992382,0.0 -53.2623984,-26.8596042992382,0.0 -53.262354,-26.8595844992381,0.0 -53.2623104,-26.8595662992382,0.0 -53.2622726,-26.8595508992382,0.0 -53.26222,-26.8595270992382,0.0 -53.2621692,-26.8595048992382,0.0 -53.2621265,-26.8594831992382,0.0 -53.2620895,-26.8594686992382,0.0 -53.2620521,-26.8594505992382,0.0 -53.2620134,-26.8594323992382,0.0 -53.2619605,-26.8594051992382,0.0 -53.2619203,-26.8593875992382,0.0 -53.2618718,-26.8593628992382,0.0 -53.2618215,-26.8593341992382,0.0 -53.2617842,-26.8593090992382,0.0 -53.2617442,-26.8592876992382,0.0 -53.2617077,-26.8592634992382,0.0 -53.2616758,-26.8592377992382,0.0 -53.2616401,-26.8592129992382,0.0 -53.2616011,-26.8591934992382,0.0 -53.2615621,-26.8591703992382,0.0 -53.2615275,-26.8591491992382,0.0 -53.2614867,-26.8591266992382,0.0 -53.2614376,-26.8590980992382,0.0 -53.2613881,-26.8590685992382,0.0 -53.2613557,-26.8590467992382,0.0 -53.2613105,-26.8590202992382,0.0 -53.2612663,-26.8589923992382,0.0 -53.2612559,-26.8589858992382,0.0 -53.2610881,-26.8588961992382,0.0 -53.2609713,-26.8588337992382,0.0 -53.260839,-26.8587400992382,0.0 -53.2604884,-26.8585434992382,0.0 -53.2602682,-26.8584073992382,0.0 -53.2600552,-26.8582803992382,0.0 -53.2598539,-26.8581521992382,0.0 -53.2596735,-26.8580545992382,0.0 -53.2595179,-26.8579885992382,0.0 -53.259362,-26.8579413992382,0.0 -53.259067,-26.8578512992382,0.0 -53.2588337,-26.8578085992382,0.0 -53.258829,-26.8578078992382,0.0 -53.2587817,-26.8577991992382,0.0 -53.2587343,-26.8577911992382,0.0 -53.2586892,-26.8577840992382,0.0 -53.2586428,-26.8577851992382,0.0 -53.2586232,-26.8577816992382,0.0 -53.258565,-26.8577727992382,0.0 -53.2585064,-26.8577614992382,0.0 -53.2584628,-26.8577570992382,0.0 -53.258419,-26.8577504992382,0.0 -53.2583667,-26.8577378992382,0.0 -53.2583254,-26.8577334992382,0.0 -53.2582756,-26.8577330992382,0.0 -53.2582537,-26.8577317992382,0.0 -53.2582044,-26.8577307992382,0.0 -53.2581667,-26.8577397992382,0.0 -53.2581595,-26.8577424992382,0.0 -53.2581289,-26.8577596992382,0.0 -53.2581113,-26.8577882992382,0.0 -53.2581063,-26.8577963992382,0.0 -53.2580848,-26.8578306992382,0.0 -53.2580538,-26.8578576992382,0.0 -53.2580297,-26.8578987992382,0.0 -53.2580091,-26.8579215992382,0.0 -53.2579798,-26.8579511992382,0.0 -53.2579515,-26.8579911992382,0.0 -53.2579282,-26.8580119992382,0.0 -53.2579018,-26.8580428992382,0.0 -53.257867,-26.8580853992382,0.0 -53.2578532,-26.8581009992382,0.0 -53.2578318,-26.8581320992382,0.0 -53.2578088,-26.8581705992382,0.0 -53.2577928,-26.8581888992382,0.0 -53.2577716,-26.8582283992382,0.0 -53.2577514,-26.8582595992382,0.0 -53.2577351,-26.8582950992382,0.0 -53.2577342,-26.8582961992382,0.0 -53.2577169,-26.8583301992382,0.0 -53.2576959,-26.8583668992382,0.0 -53.257679,-26.8584010992382,0.0 -53.2576581,-26.8584491992382,0.0 -53.2576457,-26.8584678992382,0.0 -53.2576263,-26.8585063992382,0.0 -53.2576022,-26.8585360992382,0.0 -53.2575791,-26.8585825992382,0.0 -53.2575631,-26.8586141992382,0.0 -53.2575444,-26.8586477992382,0.0 -53.2575216,-26.8586861992382,0.0 -53.2575025,-26.8587340992382,0.0 -53.2574763,-26.8587732992382,0.0 -53.2574516,-26.8588117992382,0.0 -53.2574144,-26.8588483992382,0.0 -53.2573866,-26.8588773992382,0.0 -53.2573598,-26.8589100992382,0.0 -53.2573298,-26.8589449992382,0.0 -53.2573001,-26.8589751992382,0.0 -53.2572731,-26.8590046992382,0.0 -53.2572485,-26.8590417992382,0.0 -53.257229,-26.8590780992382,0.0 -53.2572001,-26.8591108992382,0.0 -53.2571711,-26.8591399992382,0.0 -53.2571415,-26.8591641992382,0.0 -53.2571033,-26.8592026992382,0.0 -53.2570731,-26.8592309992382,0.0 -53.2570455,-26.8592589992382,0.0 -53.2570107,-26.8592938992382,0.0 -53.2569837,-26.8593227992382,0.0 -53.2569607,-26.8593537992382,0.0 -53.2569255,-26.8593884992382,0.0 -53.2569022,-26.8594041992382,0.0 -53.2568649,-26.8594352992382,0.0 -53.256843,-26.8594710992382,0.0 -53.2568058,-26.8595036992382,0.0 -53.2567918,-26.8595091992382,0.0 -53.2567525,-26.8595293992382,0.0 -53.2567296,-26.8595549992381,0.0 -53.2567253,-26.8595623992382,0.0 -53.2567248,-26.8595636992382,0.0 -53.2566934,-26.8596053992381,0.0 -53.25667,-26.8596310992382,0.0 -53.2566436,-26.8596529992382,0.0 -53.2566077,-26.8596684992381,0.0 -53.2565723,-26.8596735992382,0.0 -53.2565294,-26.8596690992382,0.0 -53.2564734,-26.8596543992382,0.0 -53.2564244,-26.8596336992382,0.0 -53.2562564,-26.8595194992382,0.0 -53.2562496,-26.8595138992382,0.0 -53.2562198,-26.8594907992382,0.0 -53.2561919,-26.8594628992382,0.0 -53.2561632,-26.8594330992382,0.0 -53.256133,-26.8594057992382,0.0 -53.2561005,-26.8593787992382,0.0 -53.2560673,-26.8593471992382,0.0 -53.2560377,-26.8593203992382,0.0 -53.2560086,-26.8592950992382,0.0 -53.255976,-26.8592669992382,0.0 -53.2559304,-26.8592292992382,0.0 -53.2559013,-26.8591978992382,0.0 -53.2558667,-26.8591716992382,0.0 -53.2558297,-26.8591423992382,0.0 -53.2557985,-26.8591177992382,0.0 -53.2557674,-26.8590930992382,0.0 -53.2557307,-26.8590582992382,0.0 -53.2557138,-26.8590405992382,0.0 -53.2556831,-26.8590092992382,0.0 -53.2556532,-26.8589778992382,0.0 -53.2556238,-26.8589509992382,0.0 -53.2555946,-26.8589185992382,0.0 -53.2555634,-26.8588856992382,0.0 -53.2555274,-26.8588529992382,0.0 -53.2554932,-26.8588237992382,0.0 -53.2554599,-26.8587935992382,0.0 -53.2554278,-26.8587636992382,0.0 -53.2553975,-26.8587383992382,0.0 -53.2553646,-26.8587106992382,0.0 -53.2553292,-26.8586815992382,0.0 -53.2552957,-26.8586509992382,0.0 -53.2552509,-26.8586098992382,0.0 -53.2552142,-26.8585796992382,0.0 -53.2551585,-26.8585356992382,0.0 -53.2551207,-26.8585068992382,0.0 -53.2550876,-26.8584844992382,0.0 -53.2550549,-26.8584612992382,0.0 -53.2550161,-26.8584413992382,0.0 -53.2549779,-26.8584212992382,0.0 -53.2549419,-26.8584011992382,0.0 -53.2548914,-26.8583736992382,0.0 -53.2548403,-26.8583506992382,0.0 -53.2548033,-26.8583288992382,0.0 -53.254758,-26.8583054992382,0.0 -53.2547145,-26.8582795992382,0.0 -53.2547084,-26.8582760992382,0.0 -53.2545604,-26.8582115992382,0.0 -53.2544438,-26.8581698992382,0.0 -53.2542552,-26.8581157992382,0.0 -53.2541797,-26.8580867992382,0.0 -53.2541386,-26.8580690992382,0.0 -53.254091,-26.8580496992382,0.0 -53.2540657,-26.8580384992382,0.0 -53.2540227,-26.8580188992382,0.0 -53.2539842,-26.8579985992382,0.0 -53.2539494,-26.8579767992382,0.0 -53.253903,-26.8579474992382,0.0 -53.2538687,-26.8579241992382,0.0 -53.2538216,-26.8578878992382,0.0 -53.2537796,-26.8578558992382,0.0 -53.2537433,-26.8578294992382,0.0 -53.2537096,-26.8578077992382,0.0 -53.2536744,-26.8577819992382,0.0 -53.2536297,-26.8577467992382,0.0 -53.2535879,-26.8577148992382,0.0 -53.2535404,-26.8576747992382,0.0 -53.2534973,-26.8576414992382,0.0 -53.2534577,-26.8576084992382,0.0 -53.2534234,-26.8575814992382,0.0 -53.253392,-26.8575571992382,0.0 -53.2533638,-26.8575329992382,0.0 -53.2533267,-26.8575019992382,0.0 -53.2532902,-26.8574739992382,0.0 -53.2532449,-26.8574431992382,0.0 -53.2532105,-26.8574338992382,0.0 -53.2531825,-26.8574225992382,0.0 -53.253126,-26.8573675992382,0.0 -53.2530816,-26.8573211992382,0.0 -53.2530139,-26.8572536992382,0.0 -53.2528937,-26.8571006992382,0.0 -53.2528333,-26.8570392992382,0.0 -53.2527481,-26.8569866992382,0.0 -53.2526497,-26.8569552992382,0.0 -53.2525453,-26.8569327992382,0.0 -53.2523643,-26.8568141992382,0.0 -53.252195,-26.8566870992382,0.0 -53.2520452,-26.8565465992382,0.0 -53.2519759,-26.8564589992382,0.0 -53.2518325,-26.8563206992382,0.0 -53.2516626,-26.8562006992382,0.0 -53.2515491,-26.8561338992382,0.0 -53.2515013,-26.8560965992382,0.0 -53.2514262,-26.8559981992382,0.0 -53.2513748,-26.8559148992382,0.0 -53.2513443,-26.8558524992382,0.0 -53.2513407,-26.8558320992382,0.0 -53.2513311,-26.8557779992382,0.0 -53.2513327,-26.8557110992382,0.0 -53.2513376,-26.8556118992382,0.0 -53.2513454,-26.8555501992382,0.0 -53.2513592,-26.8553302992382,0.0 -53.2513854,-26.8550763992382,0.0 -53.2514122,-26.8549566992382,0.0 -53.2514872,-26.8548192992382,0.0 -53.2515993,-26.8546905992382,0.0 -53.2516951,-26.8546114992383,0.0 -53.2519043,-26.8545046992382,0.0 -53.2520484,-26.8544754992383,0.0 -53.2522538,-26.8544298992383,0.0 -53.2524174,-26.8543733992383,0.0 -53.2526233,-26.8543239992383,0.0 -53.2527402,-26.8542759992383,0.0 -53.2529115,-26.8542277992383,0.0 -53.2529635,-26.8542180992383,0.0 -53.2530166,-26.8542063992383,0.0 -53.2530817,-26.8541912992383,0.0 -53.2531131,-26.8541854992383,0.0 -53.253171,-26.8541783992383,0.0 -53.2532289,-26.8541714992383,0.0 -53.2532598,-26.8541664992383,0.0 -53.2533197,-26.8541540992383,0.0 -53.2533766,-26.8541401992383,0.0 -53.2534281,-26.8541296992383,0.0 -53.2535019,-26.8541073992383,0.0 -53.2535742,-26.8540782992383,0.0 -53.2536082,-26.8540639992383,0.0 -53.2536664,-26.8540423992383,0.0 -53.2537165,-26.8540227992383,0.0 -53.253779,-26.8539856992383,0.0 -53.2538617,-26.8539547992383,0.0 -53.2539045,-26.8539426992383,0.0 -53.253951,-26.8539214992383,0.0 -53.2539897,-26.8539051992383,0.0 -53.2540385,-26.8538805992383,0.0 -53.2540503,-26.8538721992383,0.0 -53.2540609,-26.8538706992383,0.0 -53.2541352,-26.8538601992383,0.0 -53.2541748,-26.8538520992383,0.0 -53.2542223,-26.8538340992383,0.0 -53.2542802,-26.8538012992383,0.0 -53.2543256,-26.8537716992383,0.0 -53.2543523,-26.8537574992383,0.0 -53.2543954,-26.8537372992383,0.0 -53.2544418,-26.8537232992383,0.0 -53.254481,-26.8537092992383,0.0 -53.2544994,-26.8537004992383,0.0 -53.2545371,-26.8536815992383,0.0 -53.2545838,-26.8536560992383,0.0 -53.2546294,-26.8536284992383,0.0 -53.2546802,-26.8535967992383,0.0 -53.2547114,-26.8535825992383,0.0 -53.2547496,-26.8535639992383,0.0 -53.2547922,-26.8535309992383,0.0 -53.2548304,-26.8534976992383,0.0 -53.254868,-26.8534731992383,0.0 -53.2549055,-26.8534487992383,0.0 -53.2549421,-26.8534242992383,0.0 -53.2549824,-26.8533967992383,0.0 -53.2550015,-26.8533835992383,0.0 -53.2550404,-26.8533673992383,0.0 -53.2550484,-26.8533648992383,0.0 -53.2550761,-26.8533549992383,0.0 -53.2552805,-26.8532865992383,0.0 -53.2554593,-26.8532482992383,0.0 -53.2555735,-26.8532392992383,0.0 -53.2557457,-26.8532385992383,0.0 -53.2558697,-26.8532583992383,0.0 -53.2559827,-26.8532957992383,0.0 -53.2559925,-26.8532993992383,0.0 -53.2560197,-26.8533087992383,0.0 -53.2560684,-26.8533272992383,0.0 -53.2561045,-26.8533381992383,0.0 -53.25615,-26.8533515992383,0.0 -53.2562066,-26.8533653992383,0.0 -53.256255,-26.8533791992383,0.0 -53.2562574,-26.8533796992383,0.0 -53.256297,-26.8533959992383,0.0 -53.2563346,-26.8534145992383,0.0 -53.2563797,-26.8534239992383,0.0 -53.2564223,-26.8534330992383,0.0 -53.256483,-26.8534489992383,0.0 -53.25656,-26.8534612992383,0.0 -53.2566214,-26.8534728992383,0.0 -53.2566777,-26.8534798992383,0.0 -53.2567392,-26.8534815992383,0.0 -53.2567927,-26.8534835992383,0.0 -53.2568368,-26.8534949992383,0.0 -53.2568904,-26.8535053992383,0.0 -53.2569384,-26.8535098992383,0.0 -53.2569501,-26.8535099992383,0.0 -53.2569905,-26.8535118992383,0.0 -53.2570389,-26.8535187992383,0.0 -53.257081,-26.8535242992383,0.0 -53.2571384,-26.8535272992383,0.0 -53.2571914,-26.8535291992383,0.0 -53.2572443,-26.8535409992383,0.0 -53.2572758,-26.8535360992383,0.0 -53.2573147,-26.8535323992383,0.0 -53.2573626,-26.8535339992383,0.0 -53.2574097,-26.8535393992383,0.0 -53.2574605,-26.8535468992383,0.0 -53.2575219,-26.8535525992383,0.0 -53.2575722,-26.8535589992383,0.0 -53.2576167,-26.8535685992383,0.0 -53.2576755,-26.8535740992383,0.0 -53.2577024,-26.8535755992383,0.0 -53.2577506,-26.8535825992383,0.0 -53.2578007,-26.8535883992383,0.0 -53.2578541,-26.8535899992383,0.0 -53.257902,-26.8535932992383,0.0 -53.2579538,-26.8535927992383,0.0 -53.2580175,-26.8535881992383,0.0 -53.258073,-26.8535861992383,0.0 -53.2581291,-26.8535836992383,0.0 -53.2581869,-26.8535845992383,0.0 -53.2582369,-26.8535917992383,0.0 -53.2582869,-26.8535971992383,0.0 -53.2583313,-26.8535963992383,0.0 -53.2584136,-26.8535894992383,0.0 -53.258457,-26.8535852992383,0.0 -53.2584738,-26.8535855992383,0.0 -53.2585203,-26.8535864992383,0.0 -53.2585618,-26.8535835992383,0.0 -53.2586068,-26.8535809992383,0.0 -53.2586498,-26.8535718992383,0.0 -53.2587184,-26.8535541992383,0.0 -53.2587826,-26.8535410992383,0.0 -53.258843,-26.8535290992383,0.0 -53.2588745,-26.8535219992383,0.0 -53.258933,-26.8535115992383,0.0 -53.2589825,-26.8535087992383,0.0 -53.2590525,-26.8535144992383,0.0 -53.2591193,-26.8535121992383,0.0 -53.2591436,-26.8535109992383,0.0 -53.2591842,-26.8535119992383,0.0 -53.2592281,-26.8535126992383,0.0 -53.259279,-26.8535145992383,0.0 -53.2593327,-26.8535210992383,0.0 -53.2593799,-26.8535284992383,0.0 -53.2594445,-26.8535259992383,0.0 -53.2595105,-26.8535127992383,0.0 -53.2595551,-26.8535046992383,0.0 -53.2595924,-26.8534943992383,0.0 -53.2596327,-26.8534931992383,0.0 -53.2596831,-26.8534905992383,0.0 -53.259724,-26.8534816992383,0.0 -53.2597724,-26.8534746992383,0.0 -53.2598176,-26.8534712992383,0.0 -53.2598743,-26.8534562992383,0.0 -53.2599011,-26.8534496992383,0.0 -53.2599466,-26.8534400992383,0.0 -53.2599943,-26.8534304992383,0.0 -53.2600196,-26.8534252992383,0.0 -53.2600719,-26.8534177992383,0.0 -53.2601152,-26.8534188992383,0.0 -53.2601614,-26.8534183992383,0.0 -53.2602321,-26.8534003992383,0.0 -53.2602801,-26.8533877992383,0.0 -53.2603235,-26.8533760992383,0.0 -53.2603661,-26.8533642992383,0.0 -53.2604051,-26.8533523992383,0.0 -53.260454,-26.8533367992383,0.0 -53.2604998,-26.8533080992383,0.0 -53.2605377,-26.8532825992383,0.0 -53.2605629,-26.8532496992383,0.0 -53.2605976,-26.8532168992383,0.0 -53.2606337,-26.8531857992383,0.0 -53.260668,-26.8531486992383,0.0 -53.2607038,-26.8531090992383,0.0 -53.2607407,-26.8530641992383,0.0 -53.2607597,-26.8530317992383,0.0 -53.2608052,-26.8529889992383,0.0 -53.2608334,-26.8529505992383,0.0 -53.2608471,-26.8529274992383,0.0 -53.2608759,-26.8528897992383,0.0 -53.2609011,-26.8528545992383,0.0 -53.2609218,-26.8528275992383,0.0 -53.2609496,-26.8527947992383,0.0 -53.2609816,-26.8527539992383,0.0 -53.2610159,-26.8527230992383,0.0 -53.2610438,-26.8526897992383,0.0 -53.2610639,-26.8526619992383,0.0 -53.2610932,-26.8526262992383,0.0 -53.2611269,-26.8525957992383,0.0 -53.2611556,-26.8525654992383,0.0 -53.2611868,-26.8525248992383,0.0 -53.2612118,-26.8524880992383,0.0 -53.261234,-26.8524444992383,0.0 -53.261264,-26.8524080992383,0.0 -53.2612972,-26.8523596992383,0.0 -53.2613072,-26.8523396992383,0.0 -53.2613282,-26.8523019992383,0.0 -53.2613457,-26.8522632992383,0.0 -53.2613682,-26.8522247992383,0.0 -53.261384,-26.8521947992383,0.0 -53.2613985,-26.8521644992383,0.0 -53.2614381,-26.8520340992383,0.0 -53.2614435,-26.8519387992383,0.0 -53.2614406,-26.8518831992383,0.0 -53.2614196,-26.8517885992383,0.0 -53.2613954,-26.8517297992383,0.0 -53.2613544,-26.8516837992383,0.0 -53.2612977,-26.8516301992383,0.0 -53.2612836,-26.8516125992383,0.0 -53.2612573,-26.8515819992383,0.0 -53.2612348,-26.8515528992383,0.0 -53.2612033,-26.8515088992383,0.0 -53.2611636,-26.8514731992383,0.0 -53.2611463,-26.8514600992383,0.0 -53.2611184,-26.8514331992383,0.0 -53.2611075,-26.8514148992383,0.0 -53.2610825,-26.8513812992383,0.0 -53.2610424,-26.8513529992383,0.0 -53.2610151,-26.8513336992383,0.0 -53.2609827,-26.8513093992383,0.0 -53.2609626,-26.8512906992383,0.0 -53.2609199,-26.8512678992383,0.0 -53.2608804,-26.8512446992383,0.0 -53.2608481,-26.8512224992383,0.0 -53.260841,-26.8512176992383,0.0 -53.2608311,-26.8512089992383,0.0 -53.2607936,-26.8511837992383,0.0 -53.2607515,-26.8511592992383,0.0 -53.2607399,-26.8511531992383,0.0 -53.2606973,-26.8511331992383,0.0 -53.260679,-26.8511220992383,0.0 -53.2606368,-26.8511018992383,0.0 -53.2605986,-26.8510854992383,0.0 -53.2605973,-26.8510816992383,0.0 -53.2605424,-26.8510666992383,0.0 -53.2605332,-26.8510651992383,0.0 -53.2604881,-26.8510604992383,0.0 -53.2604473,-26.8510559992383,0.0 -53.2604088,-26.8510467992383,0.0 -53.2603592,-26.8510331992383,0.0 -53.2603505,-26.8510310992383,0.0 -53.2603111,-26.8510210992383,0.0 -53.2602885,-26.8510129992383,0.0 -53.2602511,-26.8510012992383,0.0 -53.2602096,-26.8509823992383,0.0 -53.2601751,-26.8509643992383,0.0 -53.2601594,-26.8509556992383,0.0 -53.260112,-26.8509269992383,0.0 -53.2600638,-26.8509003992383,0.0 -53.2600174,-26.8508719992383,0.0 -53.2599676,-26.8508431992383,0.0 -53.2599248,-26.8508314992383,0.0 -53.2598963,-26.8508115992383,0.0 -53.2598858,-26.8507950992383,0.0 -53.2598539,-26.8507645992383,0.0 -53.2598282,-26.8507337992383,0.0 -53.2597878,-26.8507059992383,0.0 -53.2597424,-26.8506741992383,0.0 -53.2596968,-26.8506474992383,0.0 -53.2596465,-26.8506188992383,0.0 -53.2596064,-26.8505921992383,0.0 -53.2595726,-26.8505690992383,0.0 -53.2595275,-26.8505435992383,0.0 -53.2594859,-26.8505147992383,0.0 -53.2594667,-26.8504984992383,0.0 -53.2594274,-26.8504676992383,0.0 -53.2593994,-26.8504333992383,0.0 -53.2593644,-26.8504089992383,0.0 -53.2593324,-26.8503847992383,0.0 -53.2592703,-26.8503406992383,0.0 -53.2592506,-26.8503211992383,0.0 -53.2592084,-26.8502957992383,0.0 -53.2591929,-26.8502866992383,0.0 -53.2591498,-26.8502609992383,0.0 -53.2591161,-26.8502397992383,0.0 -53.2590774,-26.8502189992383,0.0 -53.2590254,-26.8501949992383,0.0 -53.2589767,-26.8501730992383,0.0 -53.2589375,-26.8501539992383,0.0 -53.2588881,-26.8501262992383,0.0 -53.258836,-26.8500975992383,0.0 -53.2587967,-26.8500734992383,0.0 -53.2587425,-26.8500486992383,0.0 -53.2586917,-26.8500254992383,0.0 -53.2586708,-26.8500175992383,0.0 -53.2586362,-26.8500045992383,0.0 -53.2585796,-26.8499822992383,0.0 -53.2585433,-26.8499684992383,0.0 -53.2584884,-26.8499451992383,0.0 -53.2584488,-26.8499313992383,0.0 -53.2583981,-26.8499194992383,0.0 -53.2583438,-26.8499086992383,0.0 -53.2583015,-26.8498948992383,0.0 -53.2582555,-26.8498793992383,0.0 -53.2581989,-26.8498648992383,0.0 -53.2581718,-26.8498536992383,0.0 -53.2581227,-26.8498191992383,0.0 -53.2581124,-26.8498095992383,0.0 -53.2580819,-26.8497791992383,0.0 -53.2580418,-26.8497537992383,0.0 -53.2580001,-26.8497284992383,0.0 -53.2579659,-26.8497050992383,0.0 -53.2578943,-26.8496708992383,0.0 -53.2578506,-26.8496539992384,0.0 -53.2578103,-26.8496414992383,0.0 -53.2577621,-26.8496235992384,0.0 -53.2577277,-26.8496052992383,0.0 -53.2576966,-26.8495858992383,0.0 -53.2576459,-26.8495663992383,0.0 -53.2576016,-26.8495482992384,0.0 -53.2573433,-26.8494362992384,0.0 -53.2569169,-26.8493458992384,0.0 -53.25672,-26.8493137992384,0.0 -53.2566183,-26.8492992992384,0.0 -53.2565318,-26.8493050992384,0.0 -53.2563932,-26.8493292992384,0.0 -53.2563149,-26.8493378992384,0.0 -53.2562362,-26.8493273992384,0.0 -53.256203,-26.8493121992384,0.0 -53.2561685,-26.8492962992384,0.0 -53.2560734,-26.8492356992384,0.0 -53.2560481,-26.8492212992383,0.0 -53.256005,-26.8492013992384,0.0 -53.2559621,-26.8491751992384,0.0 -53.2559127,-26.8491525992384,0.0 -53.2558739,-26.8491331992384,0.0 -53.2558193,-26.8491178992384,0.0 -53.2557846,-26.8491088992384,0.0 -53.2557398,-26.8491083992383,0.0 -53.2556832,-26.8491002992384,0.0 -53.2556654,-26.8490975992384,0.0 -53.2556164,-26.8491003992384,0.0 -53.2556118,-26.8490997992384,0.0 -53.255569,-26.8490964992384,0.0 -53.255562,-26.8490942992384,0.0 -53.2555243,-26.8490805992384,0.0 -53.2554879,-26.8490590992384,0.0 -53.2554416,-26.8490379992384,0.0 -53.2554113,-26.8490214992384,0.0 -53.2553786,-26.8489977992384,0.0 -53.2553687,-26.8489903992384,0.0 -53.2553212,-26.8489668992384,0.0 -53.2552725,-26.8489506992384,0.0 -53.2552282,-26.8489409992384,0.0 -53.2551814,-26.8489270992384,0.0 -53.2551487,-26.8489206992384,0.0 -53.2551073,-26.8489106992384,0.0 -53.2550859,-26.8489033992384,0.0 -53.2550454,-26.8488914992384,0.0 -53.254992,-26.8488735992384,0.0 -53.2549576,-26.8488618992384,0.0 -53.2549255,-26.8488424992384,0.0 -53.254888,-26.8488236992384,0.0 -53.2548681,-26.8488096992384,0.0 -53.2548364,-26.8487791992384,0.0 -53.2548236,-26.8487650992384,0.0 -53.2547795,-26.8487298992384,0.0 -53.2547335,-26.8486967992384,0.0 -53.254699,-26.8486764992384,0.0 -53.2546648,-26.8486559992384,0.0 -53.2546142,-26.8486286992384,0.0 -53.25455,-26.8486093992384,0.0 -53.2545122,-26.8485986992384,0.0 -53.2544667,-26.8485841992384,0.0 -53.2544195,-26.8485743992384,0.0 -53.2543843,-26.8485648992384,0.0 -53.2543274,-26.8485570992384,0.0 -53.2542906,-26.8485470992384,0.0 -53.2542642,-26.8485375992384,0.0 -53.2542252,-26.8485197992384,0.0 -53.2542108,-26.8485118992384,0.0 -53.2541198,-26.8484836992384,0.0 -53.25408,-26.8484740992384,0.0 -53.2540282,-26.8484634992384,0.0 -53.2539831,-26.8484541992384,0.0 -53.2539614,-26.8484473992384,0.0 -53.2539096,-26.8484369992384,0.0 -53.253871,-26.8484316992384,0.0 -53.2538181,-26.8484141992384,0.0 -53.2537816,-26.8484055992384,0.0 -53.2537477,-26.8483957992384,0.0 -53.2537428,-26.8483943992384,0.0 -53.2537186,-26.8483874992384,0.0 -53.2536765,-26.8483763992384,0.0 -53.2536518,-26.8483681992384,0.0 -53.253485,-26.8483113992384,0.0 -53.2533715,-26.8482654992384,0.0 -53.2532967,-26.8482061992384,0.0 -53.2531606,-26.8480523992384,0.0 -53.2530524,-26.8479624992384,0.0 -53.2529553,-26.8479144992384,0.0 -53.2529218,-26.8478801992384,0.0 -53.2529002,-26.8478199992384,0.0 -53.2528599,-26.8477630992384,0.0 -53.2528101,-26.8477308992384,0.0 -53.2527468,-26.8477135992384,0.0 -53.252708,-26.8477037992384,0.0 -53.2526819,-26.8476920992384,0.0 -53.2526392,-26.8476725992384,0.0 -53.2526074,-26.8476566992384,0.0 -53.252558,-26.8476421992384,0.0 -53.2525402,-26.8476381992384,0.0 -53.2524966,-26.8476348992384,0.0 -53.2524645,-26.8476270992384,0.0 -53.2524578,-26.8476248992384,0.0 -53.2524099,-26.8476189992384,0.0 -53.2523704,-26.8476103992384,0.0 -53.2523299,-26.8475944992384,0.0 -53.2522362,-26.8475475992384,0.0 -53.2521984,-26.8475286992384,0.0 -53.2521489,-26.8475065992384,0.0 -53.2521274,-26.8474954992384,0.0 -53.252073,-26.8474722992384,0.0 -53.2520078,-26.8474458992384,0.0 -53.2519553,-26.8474240992384,0.0 -53.251946,-26.8474204992384,0.0 -53.2518692,-26.8473672992384,0.0 -53.2518154,-26.8473443992384,0.0 -53.2517672,-26.8473258992384,0.0 -53.2517257,-26.8473124992384,0.0 -53.2516878,-26.8472953992384,0.0 -53.2516198,-26.8472671992384,0.0 -53.2515895,-26.8472493992384,0.0 -53.2515213,-26.8472211992384,0.0 -53.2514808,-26.8472130992384,0.0 -53.2514436,-26.8472030992384,0.0 -53.2514081,-26.8471845992384,0.0 -53.251369,-26.8471619992384,0.0 -53.2513232,-26.8471412992384,0.0 -53.2512731,-26.8471277992384,0.0 -53.2512479,-26.8471200992384,0.0 -53.2511573,-26.8470729992384,0.0 -53.2511014,-26.8470302992384,0.0 -53.2510138,-26.8469473992384,0.0 -53.2508508,-26.8468331992384,0.0 -53.2506535,-26.8466939992384,0.0 -53.2506053,-26.8466602992384,0.0 -53.2505655,-26.8466158992384,0.0 -53.2505359,-26.8465407992384,0.0 -53.2505334,-26.8465291992384,0.0 -53.2505314,-26.8465110992384,0.0 -53.2505265,-26.8464762992384,0.0 -53.2505284,-26.8464390992384,0.0 -53.2505378,-26.8464034992384,0.0 -53.2505482,-26.8463901992384,0.0 -53.2505659,-26.8463570992384,0.0 -53.2505801,-26.8463301992384,0.0 -53.2505903,-26.8463036992384,0.0 -53.2505982,-26.8462763992384,0.0 -53.2506016,-26.8462371992384,0.0 -53.2506187,-26.8461998992384,0.0 -53.2506259,-26.8461864992384,0.0 -53.2506424,-26.8461511992384,0.0 -53.2506609,-26.8461220992384,0.0 -53.2506794,-26.8460956992384,0.0 -53.2507018,-26.8460502992384,0.0 -53.2507118,-26.8460280992384,0.0 -53.250729,-26.8459730992384,0.0 -53.250754,-26.8459273992384,0.0 -53.2507801,-26.8458844992384,0.0 -53.2507916,-26.8458654992384,0.0 -53.2508117,-26.8458310992384,0.0 -53.2508318,-26.8457917992384,0.0 -53.2508566,-26.8457543992384,0.0 -53.2509102,-26.8456962992384,0.0 -53.2509894,-26.8456360992384,0.0 -53.2512771,-26.8454783992384,0.0 -53.251358,-26.8454164992384,0.0 -53.2514042,-26.8453502992384,0.0 -53.2514371,-26.8452597992384,0.0 -53.2515172,-26.8450637992384,0.0 -53.2516478,-26.8448268992384,0.0 -53.2517468,-26.8446632992384,0.0 -53.2518365,-26.8445415992385,0.0 -53.251857,-26.8445054992384,0.0 -53.2518884,-26.8444626992384,0.0 -53.2519164,-26.8444177992384,0.0 -53.2519461,-26.8443692992385,0.0 -53.251966,-26.8443235992385,0.0 -53.2519966,-26.8442656992385,0.0 -53.2520261,-26.8442095992385,0.0 -53.252049,-26.8441597992385,0.0 -53.2520713,-26.8441113992385,0.0 -53.2520964,-26.8440543992385,0.0 -53.252116,-26.8439959992385,0.0 -53.2521204,-26.8439384992385,0.0 -53.2521328,-26.8438811992385,0.0 -53.2521418,-26.8438271992385,0.0 -53.2521474,-26.8437731992385,0.0 -53.2521526,-26.8437219992385,0.0 -53.2521565,-26.8436787992385,0.0 -53.2521603,-26.8436624992385,0.0 -53.2521643,-26.8436271992385,0.0 -53.2521652,-26.8436132992385,0.0 -53.2521498,-26.8433995992385,0.0 -53.2521169,-26.8432117992385,0.0 -53.2520735,-26.8430637992385,0.0 -53.2519872,-26.8429196992385,0.0 -53.2519436,-26.8428610992385,0.0 -53.2519101,-26.8428215992385,0.0 -53.2518714,-26.8427857992385,0.0 -53.2518629,-26.8427769992385,0.0 -53.2518391,-26.8427483992385,0.0 -53.2518328,-26.8427304992385,0.0 -53.2518297,-26.8426884992385,0.0 -53.2518306,-26.8426713992385,0.0 -53.2518339,-26.8426253992385,0.0 -53.2518427,-26.8425885992385,0.0 -53.2518599,-26.8425605992385,0.0 -53.2518904,-26.8425304992385,0.0 -53.2519137,-26.8425065992385,0.0 -53.2519297,-26.8424873992385,0.0 -53.2519415,-26.8424653992385,0.0 -53.2519442,-26.8424288992385,0.0 -53.2519446,-26.8423742992385,0.0 -53.2519262,-26.8421016992385,0.0 -53.2518706,-26.8416478992385,0.0 -53.2518283,-26.8412708992385,0.0 -53.2517875,-26.8409692992385,0.0 -53.2517696,-26.8407239992385,0.0 -53.2517574,-26.8405464992385,0.0 -53.251717,-26.8404067992385,0.0 -53.251659,-26.8402647992385,0.0 -53.251506,-26.8400119992385,0.0 -53.2513438,-26.8398174992385,0.0 -53.2511949,-26.8396562992385,0.0 -53.251179,-26.8396340992385,0.0 -53.2511672,-26.8396185992385,0.0 -53.2511417,-26.8395872992385,0.0 -53.2511016,-26.8395467992385,0.0 -53.2510699,-26.8395111992385,0.0 -53.2510422,-26.8394799992385,0.0 -53.2510237,-26.8394650992385,0.0 -53.2509898,-26.8394400992385,0.0 -53.2509586,-26.8394149992385,0.0 -53.2509129,-26.8393823992385,0.0 -53.2508809,-26.8393590992385,0.0 -53.2508609,-26.8393448992385,0.0 -53.2508228,-26.8393232992385,0.0 -53.2507829,-26.8393059992385,0.0 -53.2507541,-26.8393003992385,0.0 -53.2507122,-26.8392844992385,0.0 -53.2506679,-26.8392750992385,0.0 -53.2506546,-26.8392722992386,0.0 -53.2506058,-26.8392677992386,0.0 -53.2505867,-26.8392662992385,0.0 -53.2505351,-26.8392727992385,0.0 -53.2504994,-26.8392853992385,0.0 -53.2504941,-26.8392871992386,0.0 -53.2504505,-26.8393020992386,0.0 -53.2503796,-26.8393442992385,0.0 -53.2503437,-26.8393611992385,0.0 -53.2503061,-26.8393751992385,0.0 -53.2502774,-26.8393862992385,0.0 -53.2502339,-26.8394043992385,0.0 -53.2501781,-26.8394199992385,0.0 -53.2501352,-26.8394357992385,0.0 -53.2500897,-26.8394500992385,0.0 -53.2500461,-26.8394644992385,0.0 -53.2500014,-26.8394781992385,0.0 -53.2499999,-26.8394785992386,0.0 -53.2499726,-26.8394859992385,0.0 -53.2499287,-26.8394978992385,0.0 -53.2498922,-26.8395040992385,0.0 -53.2498488,-26.8395141992385,0.0 -53.2497958,-26.8395295992385,0.0 -53.2497406,-26.8395401992385,0.0 -53.2497145,-26.8395437992385,0.0 -53.2496637,-26.8395619992385,0.0 -53.249615,-26.8395796992385,0.0 -53.2495682,-26.8395959992385,0.0 -53.2495311,-26.8396040992385,0.0 -53.2494826,-26.8396121992385,0.0 -53.2494238,-26.8396272992385,0.0 -53.2493818,-26.8396373992385,0.0 -53.2493331,-26.8396552992385,0.0 -53.2492803,-26.8396699992385,0.0 -53.2492413,-26.8396831992385,0.0 -53.2491926,-26.8397015992385,0.0 -53.2491645,-26.8397084992385,0.0 -53.2491564,-26.8397104992385,0.0 -53.2491144,-26.8397229992385,0.0 -53.2490731,-26.8397354992385,0.0 -53.2490325,-26.8397431992385,0.0 -53.2489508,-26.8397707992385,0.0 -53.2489387,-26.8397801992385,0.0 -53.248893,-26.8397924992385,0.0 -53.2488443,-26.8398046992385,0.0 -53.2487951,-26.8398140992385,0.0 -53.248739,-26.8398260992385,0.0 -53.2486862,-26.8398351992385,0.0 -53.2486424,-26.8398422992385,0.0 -53.2485886,-26.8398531992385,0.0 -53.2485487,-26.8398633992385,0.0 -53.2484972,-26.8398732992385,0.0 -53.2484285,-26.8398945992385,0.0 -53.2484074,-26.8399027992385,0.0 -53.2483696,-26.8399210992385,0.0 -53.2483219,-26.8399400992385,0.0 -53.2482798,-26.8399616992385,0.0 -53.2482406,-26.8399790992385,0.0 -53.2482224,-26.8399839992385,0.0 -53.248181,-26.8400024992385,0.0 -53.2481274,-26.8400294992385,0.0 -53.2480785,-26.8400626992385,0.0 -53.2480653,-26.8400677992385,0.0 -53.248031,-26.8401079992385,0.0 -53.2479988,-26.8401348992385,0.0 -53.2479658,-26.8401656992385,0.0 -53.2479385,-26.8401936992385,0.0 -53.2479148,-26.8402147992385,0.0 -53.2478814,-26.8402462992385,0.0 -53.2478632,-26.8402894992385,0.0 -53.2478445,-26.8403243992385,0.0 -53.2478237,-26.8403542992385,0.0 -53.247807,-26.8403928992385,0.0 -53.247802,-26.8404045992385,0.0 -53.2477886,-26.8404422992385,0.0 -53.247779,-26.8404682992385,0.0 -53.2477652,-26.8405102992385,0.0 -53.2477593,-26.8405448992385,0.0 -53.2477568,-26.8405837992385,0.0 -53.2477544,-26.8406259992385,0.0 -53.2477525,-26.8406827992385,0.0 -53.2477577,-26.8407416992385,0.0 -53.2477529,-26.8407881992385,0.0 -53.2477426,-26.8408353992385,0.0 -53.2477422,-26.8408745992385,0.0 -53.2477428,-26.8409207992385,0.0 -53.247749,-26.8409698992385,0.0 -53.247753,-26.8410122992385,0.0 -53.2477508,-26.8410639992385,0.0 -53.2477635,-26.8411411992385,0.0 -53.2477693,-26.8411906992385,0.0 -53.247771,-26.8412274992385,0.0 -53.2477709,-26.8412432992385,0.0 -53.2477685,-26.8412836992385,0.0 -53.2477641,-26.8413614992385,0.0 -53.2477617,-26.8413928992385,0.0 -53.2477611,-26.8414399992385,0.0 -53.2477608,-26.8414454992385,0.0 -53.2477616,-26.8414856992385,0.0 -53.2477618,-26.8415215992385,0.0 -53.2477595,-26.8415582992385,0.0 -53.2477567,-26.8416045992385,0.0 -53.2477562,-26.8416550992385,0.0 -53.2477486,-26.8417163992385,0.0 -53.2477397,-26.8417611992385,0.0 -53.2477332,-26.8417995992385,0.0 -53.2477233,-26.8418462992385,0.0 -53.2477087,-26.8418957992385,0.0 -53.2476927,-26.8419884992385,0.0 -53.2476843,-26.8420128992385,0.0 -53.2476767,-26.8420528992385,0.0 -53.2476669,-26.8420970992385,0.0 -53.2476587,-26.8421312992385,0.0 -53.2476512,-26.8421848992385,0.0 -53.247646,-26.8422281992385,0.0 -53.2476407,-26.8422668992385,0.0 -53.2476383,-26.8423086992385,0.0 -53.2476315,-26.8423727992385,0.0 -53.247622,-26.8424167992385,0.0 -53.2476151,-26.8424588992385,0.0 -53.2476054,-26.8425116992385,0.0 -53.2475971,-26.8425657992385,0.0 -53.2475948,-26.8426344992385,0.0 -53.2475866,-26.8426735992385,0.0 -53.2475796,-26.8426869992385,0.0 -53.2475733,-26.8427347992385,0.0 -53.2475676,-26.8427777992385,0.0 -53.2475671,-26.8427895992385,0.0 -53.2475604,-26.8428305992385,0.0 -53.247555,-26.8428809992385,0.0 -53.2475394,-26.8429468992385,0.0 -53.2475277,-26.8429940992385,0.0 -53.2475186,-26.8430267992385,0.0 -53.2475101,-26.8430708992385,0.0 -53.2475071,-26.8430897992385,0.0 -53.2475024,-26.8431425992385,0.0 -53.2475093,-26.8431818992385,0.0 -53.2475108,-26.8432572992385,0.0 -53.2475082,-26.8433019992385,0.0 -53.247503,-26.8433386992385,0.0 -53.2474955,-26.8433828992385,0.0 -53.2474822,-26.8434350992385,0.0 -53.2474654,-26.8434675992385,0.0 -53.2474543,-26.8434824992385,0.0 -53.2474325,-26.8435158992385,0.0 -53.2474184,-26.8435310992385,0.0 -53.2473861,-26.8435697992385,0.0 -53.2473776,-26.8435802992385,0.0 -53.2473484,-26.8436213992385,0.0 -53.2473314,-26.8436578992385,0.0 -53.2473142,-26.8436949992385,0.0 -53.2472918,-26.8437456992385,0.0 -53.2472745,-26.8437813992385,0.0 -53.2472717,-26.8437915992385,0.0 -53.2472534,-26.8438311992385,0.0 -53.2472275,-26.8438769992385,0.0 -53.2472085,-26.8439099992385,0.0 -53.2471921,-26.8439404992385,0.0 -53.2471686,-26.8439898992385,0.0 -53.2471527,-26.8440239992385,0.0 -53.2471377,-26.8440789992384,0.0 -53.2471318,-26.8441272992385,0.0 -53.2471259,-26.8441784992385,0.0 -53.2471275,-26.8442260992385,0.0 -53.2471226,-26.8442629992385,0.0 -53.2470863,-26.8443568992385,0.0 -53.2470699,-26.8443916992385,0.0 -53.247059,-26.8444370992384,0.0 -53.2470507,-26.8444760992385,0.0 -53.2470456,-26.8444956992384,0.0 -53.2470312,-26.8445394992385,0.0 -53.2470211,-26.8445982992384,0.0 -53.2470007,-26.8446594992384,0.0 -53.246986,-26.8447003992384,0.0 -53.2469794,-26.8447166992384,0.0 -53.2469649,-26.8447499992384,0.0 -53.2469484,-26.8447836992384,0.0 -53.2469256,-26.8448346992384,0.0 -53.2469082,-26.8449002992384,0.0 -53.2468983,-26.8449457992384,0.0 -53.2468837,-26.8449837992384,0.0 -53.24685,-26.8450447992384,0.0 -53.2468434,-26.8450564992384,0.0 -53.2468224,-26.8450984992384,0.0 -53.246798,-26.8451422992384,0.0 -53.2467828,-26.8451764992384,0.0 -53.2467613,-26.8452213992384,0.0 -53.2467469,-26.8452654992384,0.0 -53.2467252,-26.8453227992384,0.0 -53.2467038,-26.8453726992384,0.0 -53.2466797,-26.8454240992384,0.0 -53.2466581,-26.8454649992384,0.0 -53.2466385,-26.8455057992384,0.0 -53.2466201,-26.8455528992384,0.0 -53.2465872,-26.8456101992384,0.0 -53.2465645,-26.8456441992384,0.0 -53.2465608,-26.8456615992384,0.0 -53.2465463,-26.8456972992384,0.0 -53.2465239,-26.8457371992384,0.0 -53.2465114,-26.8457558992384,0.0 -53.2464846,-26.8457949992384,0.0 -53.2464586,-26.8458447992384,0.0 -53.2464281,-26.8458962992384,0.0 -53.2464073,-26.8459313992384,0.0 -53.2463842,-26.8459619992384,0.0 -53.246359,-26.8459941992384,0.0 -53.2463269,-26.8460332992384,0.0 -53.2462962,-26.8460778992384,0.0 -53.2462797,-26.8461164992384,0.0 -53.2462626,-26.8461467992384,0.0 -53.2462271,-26.8461931992384,0.0 -53.2462169,-26.8462016992384,0.0 -53.2461925,-26.8462478992384,0.0 -53.2461697,-26.8462882992384,0.0 -53.2461447,-26.8463263992384,0.0 -53.2461364,-26.8463360992384,0.0 -53.2461063,-26.8463744992384,0.0 -53.2460838,-26.8463973992384,0.0 -53.2460543,-26.8464267992384,0.0 -53.2460248,-26.8464631992384,0.0 -53.2459829,-26.8465069992384,0.0 -53.245966,-26.8465222992384,0.0 -53.2459345,-26.8465512992384,0.0 -53.2459023,-26.8465785992384,0.0 -53.2458617,-26.8466074992384,0.0 -53.2458229,-26.8466429992384,0.0 -53.2457738,-26.8466953992384,0.0 -53.2457406,-26.8467209992384,0.0 -53.2457342,-26.8467304992384,0.0 -53.2456977,-26.8467474992384,0.0 -53.2456648,-26.8467723992384,0.0 -53.2456317,-26.8467862992384,0.0 -53.2456048,-26.8467924992384,0.0 -53.2455567,-26.8468038992384,0.0 -53.2455099,-26.8468077992384,0.0 -53.2454605,-26.8468110992384,0.0 -53.2454038,-26.8468289992384,0.0 -53.2453356,-26.8468483992384,0.0 -53.2453109,-26.8468533992384,0.0 -53.2452712,-26.8468659992384,0.0 -53.2452231,-26.8468767992384,0.0 -53.2451699,-26.8468847992384,0.0 -53.2451283,-26.8468942992384,0.0 -53.2451051,-26.8468988992384,0.0 -53.2450461,-26.8469082992384,0.0 -53.2450057,-26.8469242992384,0.0 -53.244942,-26.8469426992384,0.0 -53.2448947,-26.8469493992384,0.0 -53.2448727,-26.8469518992384,0.0 -53.2448313,-26.8469605992384,0.0 -53.2447914,-26.8469665992384,0.0 -53.2447668,-26.8469699992384,0.0 -53.2447181,-26.8469751992384,0.0 -53.2446511,-26.8469792992384,0.0 -53.2445882,-26.8469725992384,0.0 -53.2445413,-26.8469668992384,0.0 -53.2445282,-26.8469675992384,0.0 -53.2444909,-26.8469481992384,0.0 -53.2444463,-26.8469201992384,0.0 -53.2444439,-26.8469180992384,0.0 -53.2444091,-26.8468809992384,0.0 -53.2443289,-26.8468090992384,0.0 -53.2442247,-26.8466762992384,0.0 -53.2441794,-26.8465336992384,0.0 -53.2441653,-26.8463919992384,0.0 -53.2441876,-26.8462294992384,0.0 -53.2442542,-26.8459510992384,0.0 -53.2442563,-26.8459439992384,0.0 -53.2442721,-26.8458942992384,0.0 -53.2442902,-26.8458379992384,0.0 -53.2443024,-26.8457878992384,0.0 -53.2443095,-26.8457497992384,0.0 -53.2443173,-26.8457143992384,0.0 -53.2443261,-26.8456697992384,0.0 -53.2443439,-26.8456148992384,0.0 -53.2443581,-26.8455826992384,0.0 -53.2443754,-26.8455418992384,0.0 -53.2443918,-26.8454982992384,0.0 -53.2444032,-26.8454584992384,0.0 -53.2444179,-26.8454096992384,0.0 -53.2444261,-26.8453898992384,0.0 -53.2444415,-26.8453565992384,0.0 -53.2444586,-26.8453232992384,0.0 -53.2444676,-26.8453057992384,0.0 -53.2444883,-26.8452662992384,0.0 -53.2445051,-26.8452201992384,0.0 -53.2445225,-26.8451708992384,0.0 -53.244542,-26.8451276992384,0.0 -53.2445649,-26.8450831992384,0.0 -53.2445778,-26.8450581992384,0.0 -53.244589,-26.8450343992384,0.0 -53.2446043,-26.8450009992384,0.0 -53.2446162,-26.8449716992384,0.0 -53.244648,-26.8449175992384,0.0 -53.2446809,-26.8448629992384,0.0 -53.2447125,-26.8448107992384,0.0 -53.2447393,-26.8447555992384,0.0 -53.2447468,-26.8447216992384,0.0 -53.2447483,-26.8447214992384,0.0 -53.2447732,-26.8446771992384,0.0 -53.2447933,-26.8446409992384,0.0 -53.2448095,-26.8446054992384,0.0 -53.2448245,-26.8445711992384,0.0 -53.2448389,-26.8445344992384,0.0 -53.2448542,-26.8444939992385,0.0 -53.244867,-26.8444550992384,0.0 -53.2448767,-26.8444159992384,0.0 -53.2448798,-26.8443966992384,0.0 -53.244882,-26.8443529992385,0.0 -53.2448829,-26.8443415992385,0.0 -53.2448891,-26.8443025992384,0.0 -53.2448986,-26.8442623992385,0.0 -53.2449028,-26.8442383992385,0.0 -53.2449108,-26.8441899992384,0.0 -53.2449143,-26.8441487992385,0.0 -53.2449265,-26.8440835992385,0.0 -53.2449359,-26.8440217992385,0.0 -53.244939,-26.8439940992385,0.0 -53.2449474,-26.8439407992385,0.0 -53.2449536,-26.8438945992384,0.0 -53.2449597,-26.8438558992385,0.0 -53.2449663,-26.8438182992385,0.0 -53.2449726,-26.8437778992385,0.0 -53.2449727,-26.8437744992385,0.0 -53.2449849,-26.8437351992385,0.0 -53.2449916,-26.8436957992385,0.0 -53.2449959,-26.8436493992385,0.0 -53.2449979,-26.8436135992385,0.0 -53.2450057,-26.8435639992385,0.0 -53.2450117,-26.8435145992385,0.0 -53.245014,-26.8434876992385,0.0 -53.2450174,-26.8434344992385,0.0 -53.2450219,-26.8433950992385,0.0 -53.2450281,-26.8433267992385,0.0 -53.2450347,-26.8432613992385,0.0 -53.2450386,-26.8432305992385,0.0 -53.2450535,-26.8431666992385,0.0 -53.2450615,-26.8431033992385,0.0 -53.2450722,-26.8430463992385,0.0 -53.2450784,-26.8430384992385,0.0 -53.2450785,-26.8429926992385,0.0 -53.2450833,-26.8429541992385,0.0 -53.2450921,-26.8429116992385,0.0 -53.2451014,-26.8428614992385,0.0 -53.2451085,-26.8428131992385,0.0 -53.2451153,-26.8427694992385,0.0 -53.2451271,-26.8426985992385,0.0 -53.2451389,-26.8426381992385,0.0 -53.2451504,-26.8425805992385,0.0 -53.245157,-26.8425508992385,0.0 -53.2451737,-26.8424966992385,0.0 -53.2451859,-26.8424602992385,0.0 -53.2451978,-26.8424241992385,0.0 -53.2452188,-26.8423610992385,0.0 -53.2452335,-26.8423058992385,0.0 -53.2452445,-26.8422813992385,0.0 -53.2452592,-26.8422410992385,0.0 -53.2452685,-26.8421982992385,0.0 -53.2452859,-26.8421560992385,0.0 -53.2453039,-26.8421169992385,0.0 -53.2453132,-26.8420849992385,0.0 -53.245329,-26.8420430992385,0.0 -53.2453509,-26.8419944992385,0.0 -53.2453655,-26.8419540992385,0.0 -53.245374,-26.8419288992385,0.0 -53.2453925,-26.8418796992385,0.0 -53.2454154,-26.8418313992385,0.0 -53.2454339,-26.8417911992385,0.0 -53.2454482,-26.8417550992385,0.0 -53.2454549,-26.8417375992385,0.0 -53.2454688,-26.8417004992385,0.0 -53.2454862,-26.8416489992385,0.0 -53.245496,-26.8416172992385,0.0 -53.2455174,-26.8415568992385,0.0 -53.2455312,-26.8415162992385,0.0 -53.2455589,-26.8414401992385,0.0 -53.2455811,-26.8413772992385,0.0 -53.2455857,-26.8413706992385,0.0 -53.2456024,-26.8413227992385,0.0 -53.2456198,-26.8412731992385,0.0 -53.24564,-26.8412233992385,0.0 -53.2456552,-26.8411759992385,0.0 -53.24566,-26.8411590992385,0.0 -53.2456695,-26.8411195992385,0.0 -53.2456778,-26.8410674992385,0.0 -53.2456882,-26.8410094992385,0.0 -53.245691,-26.8409488992385,0.0 -53.2456996,-26.8408844992385,0.0 -53.2457051,-26.8408487992385,0.0 -53.2457077,-26.8408320992385,0.0 -53.2457095,-26.8407931992385,0.0 -53.2457091,-26.8407691992385,0.0 -53.2456986,-26.8407277992385,0.0 -53.2456819,-26.8406769992385,0.0 -53.2456528,-26.8406306992385,0.0 -53.2456343,-26.8406038992385,0.0 -53.2456062,-26.8405641992385,0.0 -53.2455951,-26.8405484992385,0.0 -53.2455751,-26.8405107992385,0.0 -53.2455594,-26.8404747992385,0.0 -53.2455412,-26.8404417992385,0.0 -53.245541,-26.8404383992385,0.0 -53.2455202,-26.8404020992385,0.0 -53.2455012,-26.8403659992385,0.0 -53.2454899,-26.8403263992385,0.0 -53.2454838,-26.8402875992385,0.0 -53.2454815,-26.8402637992385,0.0 -53.2454775,-26.8402103992385,0.0 -53.2454781,-26.8401685992385,0.0 -53.2454572,-26.8401210992385,0.0 -53.2454391,-26.8400717992385,0.0 -53.2454288,-26.8400289992385,0.0 -53.2454124,-26.8399835992385,0.0 -53.2453944,-26.8399370992385,0.0 -53.2453786,-26.8398904992385,0.0 -53.2453396,-26.8398485992385,0.0 -53.2453199,-26.8398238992385,0.0 -53.2452874,-26.8397824992385,0.0 -53.2452596,-26.8397509992385,0.0 -53.2452261,-26.8397117992385,0.0 -53.245205,-26.8396792992385,0.0 -53.2451665,-26.8396182992385,0.0 -53.2451397,-26.8395695992385,0.0 -53.2451164,-26.8395242992385,0.0 -53.2451035,-26.8395007992385,0.0 -53.2450784,-26.8394563992385,0.0 -53.24506,-26.8394191992385,0.0 -53.2450266,-26.8393631992385,0.0 -53.2449947,-26.8393205992385,0.0 -53.2449623,-26.8392734992385,0.0 -53.2449445,-26.8392489992385,0.0 -53.2449019,-26.8392270992385,0.0 -53.2448599,-26.8392107992386,0.0 -53.2448476,-26.8392052992386,0.0 -53.2447975,-26.8391950992386,0.0 -53.2447351,-26.8391944992386,0.0 -53.2446467,-26.8392095992386,0.0 -53.2445672,-26.8392505992385,0.0 -53.2444456,-26.8393418992385,0.0 -53.2443712,-26.8394337992385,0.0 -53.2443072,-26.8395601992385,0.0 -53.2442711,-26.8396804992385,0.0 -53.2442638,-26.8397012992385,0.0 -53.2442517,-26.8397365992385,0.0 -53.2442404,-26.8397692992385,0.0 -53.2442328,-26.8397785992385,0.0 -53.2442221,-26.8398195992385,0.0 -53.2442139,-26.8398608992385,0.0 -53.2442091,-26.8398779992385,0.0 -53.2441982,-26.8399219992385,0.0 -53.2441976,-26.8399679992385,0.0 -53.2441901,-26.8400060992385,0.0 -53.2441849,-26.8400200992385,0.0 -53.2441742,-26.8400629992385,0.0 -53.2441705,-26.8401100992385,0.0 -53.2441597,-26.8401479992385,0.0 -53.2441521,-26.8401668992385,0.0 -53.2441505,-26.8402145992385,0.0 -53.2441466,-26.8402498992385,0.0 -53.2441386,-26.8402991992385,0.0 -53.24414,-26.8403105992385,0.0 -53.2441365,-26.8403462992385,0.0 -53.2441351,-26.8403928992385,0.0 -53.2441352,-26.8404320992385,0.0 -53.2441291,-26.8404545992385,0.0 -53.2441231,-26.8404811992385,0.0 -53.2441068,-26.8405141992385,0.0 -53.2440993,-26.8405387992385,0.0 -53.2441066,-26.8405751992385,0.0 -53.2440988,-26.8406083992385,0.0 -53.2440879,-26.8406436992385,0.0 -53.2440829,-26.8406526992385,0.0 -53.2440699,-26.8406925992385,0.0 -53.2440675,-26.8407319992385,0.0 -53.2440585,-26.8407626992385,0.0 -53.2440409,-26.8407811992385,0.0 -53.2440165,-26.8408120992385,0.0 -53.2440011,-26.8408320992385,0.0 -53.2439796,-26.8408664992385,0.0 -53.2439588,-26.8409002992385,0.0 -53.2439424,-26.8409224992385,0.0 -53.2439399,-26.8409251992385,0.0 -53.2439315,-26.8409335992385,0.0 -53.2438528,-26.8409726992385,0.0 -53.2437724,-26.8410060992385,0.0 -53.2436872,-26.8410353992385,0.0 -53.2435627,-26.8410484992385,0.0 -53.2433675,-26.8410501992385,0.0 -53.2433403,-26.8410466992385,0.0 -53.2432983,-26.8410428992385,0.0 -53.2432557,-26.8410406992385,0.0 -53.243215,-26.8410366992385,0.0 -53.2431731,-26.8410323992385,0.0 -53.2431498,-26.8410318992385,0.0 -53.2431085,-26.8410263992385,0.0 -53.2430972,-26.8410261992385,0.0 -53.2430492,-26.8410210992385,0.0 -53.2430386,-26.8410195992385,0.0 -53.2429924,-26.8410133992385,0.0 -53.2429801,-26.8410104992385,0.0 -53.2429333,-26.8410070992385,0.0 -53.2428791,-26.8410020992385,0.0 -53.2428675,-26.8409990992385,0.0 -53.2428216,-26.8409951992385,0.0 -53.2427824,-26.8409935992385,0.0 -53.2427417,-26.8409913992385,0.0 -53.2426955,-26.8409879992385,0.0 -53.2426542,-26.8409831992385,0.0 -53.2426102,-26.8409781992385,0.0 -53.2425679,-26.8409701992385,0.0 -53.2425609,-26.8409687992385,0.0 -53.2425149,-26.8409586992385,0.0 -53.2425056,-26.8409571992385,0.0 -53.2423773,-26.8409389992385,0.0 -53.2423486,-26.8409315992385,0.0 -53.2423166,-26.8409193992385,0.0 -53.2422936,-26.8409084992385,0.0 -53.2422527,-26.8408924992385,0.0 -53.242221,-26.8408713992385,0.0 -53.2421862,-26.8408490992385,0.0 -53.2421755,-26.8408420992385,0.0 -53.2421349,-26.8408229992385,0.0 -53.2420973,-26.8407994992385,0.0 -53.2420777,-26.8407838992385,0.0 -53.2420414,-26.8407586992385,0.0 -53.2420069,-26.8407315992385,0.0 -53.2419697,-26.8407071992385,0.0 -53.2419411,-26.8406911992385,0.0 -53.2419113,-26.8406671992385,0.0 -53.2418781,-26.8406403992385,0.0 -53.2418475,-26.8406175992385,0.0 -53.2418103,-26.8405854992385,0.0 -53.241786,-26.8405644992385,0.0 -53.2417513,-26.8405372992385,0.0 -53.2417229,-26.8405114992385,0.0 -53.2416834,-26.8404848992385,0.0 -53.2416663,-26.8404741992385,0.0 -53.2416312,-26.8404501992385,0.0 -53.2416018,-26.8404328992385,0.0 -53.2415725,-26.8404114992385,0.0 -53.2415501,-26.8403861992385,0.0 -53.2415163,-26.8403618992385,0.0 -53.2415057,-26.8403543992385,0.0 -53.2414862,-26.8403405992385,0.0 -53.2414579,-26.8403242992385,0.0 -53.2414227,-26.8402974992385,0.0 -53.2413996,-26.8402774992385,0.0 -53.2413609,-26.8402550992385,0.0 -53.2413414,-26.8402406992385,0.0 -53.241308,-26.8402200992385,0.0 -53.2412945,-26.8402092992385,0.0 -53.2412579,-26.8401833992385,0.0 -53.2412358,-26.8401672992385,0.0 -53.2412065,-26.8401431992385,0.0 -53.2411685,-26.8401203992385,0.0 -53.2411498,-26.8401093992385,0.0 -53.2411168,-26.8400811992385,0.0 -53.2411081,-26.8400707992385,0.0 -53.2410788,-26.8400390992385,0.0 -53.2410656,-26.8400205992385,0.0 -53.2410536,-26.8400032992385,0.0 -53.2410249,-26.8399736992385,0.0 -53.2409976,-26.8399433992385,0.0 -53.2409637,-26.8399076992385,0.0 -53.2409588,-26.8399022992385,0.0 -53.2409308,-26.8398713992385,0.0 -53.2408995,-26.8398419992385,0.0 -53.2408613,-26.8398060992385,0.0 -53.2408571,-26.8398062992385,0.0 -53.2408347,-26.8397859992385,0.0 -53.2408007,-26.8397581992385,0.0 -53.240763,-26.8397313992385,0.0 -53.2407569,-26.8397262992385,0.0 -53.2407203,-26.8397025992385,0.0 -53.2406783,-26.8396763992385,0.0 -53.2406428,-26.8396596992385,0.0 -53.2405991,-26.8396383992385,0.0 -53.2405855,-26.8396293992385,0.0 -53.2405373,-26.8396044992385,0.0 -53.240534,-26.8396057992385,0.0 -53.2405104,-26.8395935992385,0.0 -53.2404966,-26.8395828992385,0.0 -53.2404607,-26.8395622992385,0.0 -53.2404462,-26.8395500992385,0.0 -53.2404227,-26.8395332992385,0.0 -53.2403843,-26.8395151992385,0.0 -53.2403473,-26.8394980992385,0.0 -53.2403187,-26.8394835992385,0.0 -53.2402708,-26.8394611992385,0.0 -53.2402577,-26.8394555992385,0.0 -53.2402189,-26.8394368992385,0.0 -53.2401755,-26.8394225992385,0.0 -53.2401327,-26.8394086992386,0.0 -53.2401158,-26.8394010992385,0.0 -53.240076,-26.8393857992385,0.0 -53.2400383,-26.8393686992385,0.0 -53.2400313,-26.8393643992386,0.0 -53.2399904,-26.8393520992385,0.0 -53.2399473,-26.8393321992385,0.0 -53.2399052,-26.8393138992385,0.0 -53.2398946,-26.8393068992386,0.0 -53.2398739,-26.8392960992385,0.0 -53.2397579,-26.8392298992385,0.0 -53.2396906,-26.8392032992386,0.0 -53.2395576,-26.8391665992385,0.0 -53.2394821,-26.8391577992385,0.0 -53.239424,-26.8391587992386,0.0 -53.2394173,-26.8391602992386,0.0 -53.2392588,-26.8392159992386,0.0 -53.2392525,-26.8392182992386,0.0 -53.23921,-26.8392384992385,0.0 -53.2391789,-26.8392552992386,0.0 -53.2391426,-26.8392774992385,0.0 -53.2391208,-26.8392928992385,0.0 -53.2390944,-26.8393050992385,0.0 -53.2390662,-26.8393198992385,0.0 -53.2390541,-26.8393288992385,0.0 -53.2390253,-26.8393511992385,0.0 -53.2390037,-26.8393609992385,0.0 -53.2389922,-26.8393648992386,0.0 -53.238948,-26.8393776992385,0.0 -53.2389171,-26.8393983992385,0.0 -53.2388918,-26.8394177992385,0.0 -53.2388614,-26.8394404992385,0.0 -53.238831,-26.8394554992385,0.0 -53.2388133,-26.8394639992385,0.0 -53.2387908,-26.8394746992385,0.0 -53.2387581,-26.8394999992385,0.0 -53.2387259,-26.8395192992385,0.0 -53.2387002,-26.8395325992385,0.0 -53.2386627,-26.8395525992385,0.0 -53.2386252,-26.8395704992385,0.0 -53.238612,-26.8395774992385,0.0 -53.23858,-26.8395998992385,0.0 -53.2385784,-26.8396006992385,0.0 -53.2385408,-26.8396180992385,0.0 -53.2385035,-26.8396365992385,0.0 -53.2383148,-26.8397360992385,0.0 -53.2382329,-26.8397751992385,0.0 -53.2380356,-26.8398413992385,0.0 -53.2379874,-26.8398610992385,0.0 -53.2379529,-26.8398807992385,0.0 -53.2379186,-26.8398910992385,0.0 -53.2378742,-26.8398991992385,0.0 -53.2378618,-26.8399030992385,0.0 -53.2378241,-26.8399106992385,0.0 -53.2377838,-26.8399146992385,0.0 -53.2377363,-26.8399197992385,0.0 -53.2376959,-26.8399215992385,0.0 -53.2376501,-26.8399247992385,0.0 -53.2376281,-26.8399251992385,0.0 -53.2375854,-26.8399321992385,0.0 -53.2375601,-26.8399326992385,0.0 -53.2373766,-26.8399238992385,0.0 -53.2372666,-26.8399045992385,0.0 -53.2371703,-26.8398695992385,0.0 -53.2370179,-26.8397859992385,0.0 -53.2370016,-26.8397750992385,0.0 -53.2369669,-26.8397502992385,0.0 -53.2369278,-26.8397230992385,0.0 -53.236891,-26.8397018992385,0.0 -53.236853,-26.8396788992385,0.0 -53.2368443,-26.8396718992385,0.0 -53.2368044,-26.8396457992385,0.0 -53.2367597,-26.8396159992385,0.0 -53.2367244,-26.8396027992385,0.0 -53.2366862,-26.8395832992385,0.0 -53.2366824,-26.8395814992385,0.0 -53.2366567,-26.8395593992385,0.0 -53.2366267,-26.8395246992385,0.0 -53.2365906,-26.8394950992385,0.0 -53.2365729,-26.8394686992385,0.0 -53.2365605,-26.8394314992385,0.0 -53.2365346,-26.8393957992386,0.0 -53.2365062,-26.8393571992385,0.0 -53.2364944,-26.8393371992385,0.0 -53.2364707,-26.8392980992385,0.0 -53.2364446,-26.8392537992386,0.0 -53.2364382,-26.8392514992385,0.0 -53.2364213,-26.8392241992385,0.0 -53.2364031,-26.8391855992386,0.0 -53.2363894,-26.8391514992385,0.0 -53.2363836,-26.8391153992386,0.0 -53.2363852,-26.8390875992386,0.0 -53.2363888,-26.8390764992386,0.0 -53.2363958,-26.8390361992385,0.0 -53.2364154,-26.8390073992386,0.0 -53.2364265,-26.8389845992386,0.0 -53.2364511,-26.8389586992386,0.0 -53.2364604,-26.8389497992386,0.0 -53.2364855,-26.8389228992386,0.0 -53.2365184,-26.8389019992386,0.0 -53.2365533,-26.8388743992386,0.0 -53.2365641,-26.8388661992386,0.0 -53.2366027,-26.8388390992386,0.0 -53.2366451,-26.8388108992386,0.0 -53.2367025,-26.8387348992386,0.0 -53.2367409,-26.8386503992386,0.0 -53.2367751,-26.8385739992386,0.0 -53.2367799,-26.8384779992386,0.0 -53.2367859,-26.8383601992386,0.0 -53.2367953,-26.8383288992386,0.0 -53.236803,-26.8383070992386,0.0 -53.2368312,-26.8382445992386,0.0 -53.2368514,-26.8382119992386,0.0 -53.2368676,-26.8381928992386,0.0 -53.2368877,-26.8381536992386,0.0 -53.2369084,-26.8381145992386,0.0 -53.2369348,-26.8380709992386,0.0 -53.2369542,-26.8380308992386,0.0 -53.2369759,-26.8379852992386,0.0 -53.2369917,-26.8379413992386,0.0 -53.2370083,-26.8379041992386,0.0 -53.2370264,-26.8378688992386,0.0 -53.2370466,-26.8378393992386,0.0 -53.2370572,-26.8378022992386,0.0 -53.2370792,-26.8377651992386,0.0 -53.2371014,-26.8377402992386,0.0 -53.2371194,-26.8376985992386,0.0 -53.2371362,-26.8376588992386,0.0 -53.2371559,-26.8376185992386,0.0 -53.2371791,-26.8375815992386,0.0 -53.2371952,-26.8375563992386,0.0 -53.2372077,-26.8375342992386,0.0 -53.2372213,-26.8374971992386,0.0 -53.2372464,-26.8374648992386,0.0 -53.237257,-26.8374518992386,0.0 -53.2372729,-26.8374354992386,0.0 -53.2373042,-26.8374024992386,0.0 -53.2373714,-26.8373707992386,0.0 -53.2374171,-26.8373605992386,0.0 -53.2374386,-26.8373553992386,0.0 -53.2374825,-26.8373461992386,0.0 -53.2375221,-26.8373373992386,0.0 -53.2375649,-26.8373328992386,0.0 -53.2376128,-26.8373289992386,0.0 -53.2376616,-26.8373221992386,0.0 -53.2376991,-26.8373168992386,0.0 -53.2377424,-26.8373203992386,0.0 -53.23779,-26.8373215992386,0.0 -53.2378344,-26.8373194992386,0.0 -53.2378846,-26.8373118992386,0.0 -53.2379337,-26.8372947992386,0.0 -53.2379818,-26.8372774992386,0.0 -53.2380047,-26.8372731992386,0.0 -53.2380485,-26.8372593992386,0.0 -53.2381011,-26.8372471992386,0.0 -53.2381485,-26.8372313992386,0.0 -53.2381892,-26.8372312992386,0.0 -53.2382326,-26.8372172992386,0.0 -53.2382713,-26.8372093992386,0.0 -53.238313,-26.8372022992386,0.0 -53.2383556,-26.8371882992386,0.0 -53.2383638,-26.8371828992386,0.0 -53.2383992,-26.8371694992386,0.0 -53.238431,-26.8371566992386,0.0 -53.2384783,-26.8371397992386,0.0 -53.2384937,-26.8371356992386,0.0 -53.2385302,-26.8371180992386,0.0 -53.2385494,-26.8371125992386,0.0 -53.2385943,-26.8371006992386,0.0 -53.238644,-26.8370841992386,0.0 -53.2386893,-26.8370744992386,0.0 -53.238733,-26.8370607992386,0.0 -53.2387726,-26.8370507992386,0.0 -53.2387802,-26.8370478992386,0.0 -53.2388255,-26.8370340992386,0.0 -53.2388423,-26.8370263992386,0.0 -53.2388533,-26.8370225992386,0.0 -53.2388643,-26.8370187992386,0.0 -53.2389048,-26.8370044992386,0.0 -53.2389455,-26.8369841992386,0.0 -53.2389692,-26.8369799992386,0.0 -53.239016,-26.8369667992386,0.0 -53.2390577,-26.8369487992386,0.0 -53.2390993,-26.8369307992386,0.0 -53.2391096,-26.8369253992386,0.0 -53.2391476,-26.8369067992386,0.0 -53.2391804,-26.8368869992386,0.0 -53.2392185,-26.8368669992386,0.0 -53.2392681,-26.8368503992386,0.0 -53.2393081,-26.8368388992386,0.0 -53.2393334,-26.8368289992386,0.0 -53.2393736,-26.8368161992386,0.0 -53.2394243,-26.8368037992386,0.0 -53.2394711,-26.8367863992386,0.0 -53.2395119,-26.8367705992386,0.0 -53.2395479,-26.8367581992386,0.0 -53.2395666,-26.8367534992386,0.0 -53.2395879,-26.8367480992386,0.0 -53.239625,-26.8367418992386,0.0 -53.2396507,-26.8367444992386,0.0 -53.2396927,-26.8367450992386,0.0 -53.2397326,-26.8367464992386,0.0 -53.239777,-26.8367450992386,0.0 -53.2398184,-26.8367454992386,0.0 -53.2398505,-26.8367467992386,0.0 -53.2399033,-26.8367488992386,0.0 -53.2399634,-26.8367515992386,0.0 -53.2400104,-26.8367512992386,0.0 -53.2400608,-26.8367468992386,0.0 -53.2400877,-26.8367471992386,0.0 -53.2401299,-26.8367449992386,0.0 -53.2401588,-26.8367443992386,0.0 -53.2402086,-26.8367427992386,0.0 -53.2402593,-26.8367387992386,0.0 -53.2403009,-26.8367335992386,0.0 -53.2403517,-26.8367235992386,0.0 -53.2403993,-26.8367149992386,0.0 -53.2404398,-26.8367086992386,0.0 -53.2404524,-26.8367057992386,0.0 -53.2404965,-26.8367006992386,0.0 -53.240524,-26.8366951992386,0.0 -53.2405712,-26.8366837992386,0.0 -53.2405842,-26.8366812992386,0.0 -53.240626,-26.8366757992386,0.0 -53.2406552,-26.8366697992386,0.0 -53.2406992,-26.8366630992386,0.0 -53.2407375,-26.8366603992386,0.0 -53.2407861,-26.8366593992386,0.0 -53.2408221,-26.8366574992386,0.0 -53.240873,-26.8366512992386,0.0 -53.2409149,-26.8366391992386,0.0 -53.2409464,-26.8366376992386,0.0 -53.2409559,-26.8366352992386,0.0 -53.2410514,-26.8366139992386,0.0 -53.2411337,-26.8365762992386,0.0 -53.2412118,-26.8365116992386,0.0 -53.2413323,-26.8363659992386,0.0 -53.2413524,-26.8363416992386,0.0 -53.2413753,-26.8363075992386,0.0 -53.241402,-26.8362748992386,0.0 -53.2414055,-26.8362635992386,0.0 -53.2414314,-26.8362356992386,0.0 -53.2414572,-26.8362003992386,0.0 -53.2414684,-26.8361829992386,0.0 -53.2414888,-26.8361432992386,0.0 -53.2414993,-26.8361214992386,0.0 -53.2415202,-26.8360832992386,0.0 -53.2415292,-26.8360674992386,0.0 -53.2415484,-26.8360312992386,0.0 -53.2415732,-26.8359897992386,0.0 -53.2415953,-26.8359536992386,0.0 -53.2416112,-26.8359194992386,0.0 -53.2416313,-26.8358815992386,0.0 -53.2416493,-26.8358537992386,0.0 -53.2416723,-26.8358106992386,0.0 -53.2416778,-26.8358013992386,0.0 -53.2416971,-26.8357606992386,0.0 -53.2417086,-26.8357397992386,0.0 -53.2417301,-26.8356990992386,0.0 -53.2417477,-26.8356666992386,0.0 -53.2417614,-26.8356277992386,0.0 -53.2417859,-26.8355810992386,0.0 -53.2417927,-26.8355691992386,0.0 -53.2418123,-26.8355306992386,0.0 -53.2418259,-26.8355016992386,0.0 -53.2418482,-26.8354592992386,0.0 -53.2418673,-26.8354227992386,0.0 -53.2418863,-26.8353751992386,0.0 -53.2419061,-26.8353364992386,0.0 -53.2419113,-26.8353170992386,0.0 -53.2419259,-26.8352839992386,0.0 -53.2419462,-26.8352437992386,0.0 -53.2419683,-26.8352011992386,0.0 -53.241984,-26.8351644992386,0.0 -53.2419919,-26.8351447992386,0.0 -53.2420068,-26.8351027992386,0.0 -53.2420257,-26.8350628992386,0.0 -53.2420309,-26.8350518992386,0.0 -53.2420476,-26.8350170992386,0.0 -53.2420555,-26.8349959992386,0.0 -53.2420674,-26.8349564992386,0.0 -53.2420752,-26.8349388992386,0.0 -53.242093,-26.8348922992386,0.0 -53.2421132,-26.8348594992386,0.0 -53.2421427,-26.8348104992386,0.0 -53.2421478,-26.8347973992386,0.0 -53.2421708,-26.8347622992386,0.0 -53.2421782,-26.8347499992386,0.0 -53.2421996,-26.8347075992386,0.0 -53.2422109,-26.8346870992386,0.0 -53.2422308,-26.8346492992386,0.0 -53.2422508,-26.8346211992386,0.0 -53.2422797,-26.8345804992386,0.0 -53.2423056,-26.8345336992386,0.0 -53.2423178,-26.8345085992386,0.0 -53.242335,-26.8344763992386,0.0 -53.2423586,-26.8344395992386,0.0 -53.2423894,-26.8344020992386,0.0 -53.2424137,-26.8343780992386,0.0 -53.2424424,-26.8343394992387,0.0 -53.2424645,-26.8343037992386,0.0 -53.2424859,-26.8342738992386,0.0 -53.2425092,-26.8342410992386,0.0 -53.2425244,-26.8342167992386,0.0 -53.2425499,-26.8341824992386,0.0 -53.2425637,-26.8341696992386,0.0 -53.2425926,-26.8341351992386,0.0 -53.2426185,-26.8340918992387,0.0 -53.2426442,-26.8340494992386,0.0 -53.2426629,-26.8340125992386,0.0 -53.242686,-26.8339677992387,0.0 -53.242688,-26.8339651992387,0.0 -53.2427392,-26.8338443992387,0.0 -53.242815,-26.8336123992387,0.0 -53.2428484,-26.8334649992387,0.0 -53.2428574,-26.8333346992387,0.0 -53.2428554,-26.8333010992387,0.0 -53.2428497,-26.8332781992387,0.0 -53.2428428,-26.8332495992387,0.0 -53.2428405,-26.8332311992387,0.0 -53.2428387,-26.8332208992387,0.0 -53.2428347,-26.8331922992387,0.0 -53.2428289,-26.8331636992387,0.0 -53.2428262,-26.8331471992387,0.0 -53.2428194,-26.8331229992387,0.0 -53.2428137,-26.8331048992387,0.0 -53.2428106,-26.8330862992387,0.0 -53.2428094,-26.8330757992387,0.0 -53.242798,-26.8330246992387,0.0 -53.2427939,-26.8330064992387,0.0 -53.2427928,-26.8329988992387,0.0 -53.2427872,-26.8329782992387,0.0 -53.2427807,-26.8329588992387,0.0 -53.2427732,-26.8329393992387,0.0 -53.242763,-26.8329058992387,0.0 -53.2427534,-26.8328857992387,0.0 -53.2427493,-26.8328662992387,0.0 -53.2427481,-26.8328520992387,0.0 -53.2427453,-26.8328353992387,0.0 -53.2427449,-26.8328148992387,0.0 -53.2427403,-26.8327930992387,0.0 -53.2427407,-26.8327854992387,0.0 -53.2427409,-26.8327831992387,0.0 -53.24274,-26.8327581992387,0.0 -53.2427333,-26.8327146992387,0.0 -53.242731,-26.8326893992387,0.0 -53.2427317,-26.8326839992387,0.0 -53.2427248,-26.8326602992387,0.0 -53.2427257,-26.8326406992387,0.0 -53.2427198,-26.8326221992387,0.0 -53.2427185,-26.8326037992387,0.0 -53.2427108,-26.8325815992387,0.0 -53.2427073,-26.8325598992387,0.0 -53.2427058,-26.8325524992387,0.0 -53.2427004,-26.8325285992387,0.0 -53.2426787,-26.8324747992387,0.0 -53.2426661,-26.8324333992387,0.0 -53.2426611,-26.8324219992387,0.0 -53.2426442,-26.8323800992387,0.0 -53.2426067,-26.8323213992387,0.0 -53.2425967,-26.8322995992387,0.0 -53.2425818,-26.8322751992387,0.0 -53.2425775,-26.8322722992387,0.0 -53.2425663,-26.8322565992387,0.0 -53.2425404,-26.8322192992387,0.0 -53.242531,-26.8322004992387,0.0 -53.2425246,-26.8321916992387,0.0 -53.2425027,-26.8321714992387,0.0 -53.2424836,-26.8321553992387,0.0 -53.24247,-26.8321452992387,0.0 -53.2424639,-26.8321406992387,0.0 -53.2424583,-26.8321369992387,0.0 -53.2424409,-26.8321236992387,0.0 -53.2424319,-26.8321108992387,0.0 -53.2424198,-26.8321002992387,0.0 -53.2424121,-26.8320890992387,0.0 -53.2424106,-26.8320834992387,0.0 -53.2424053,-26.8320718992387,0.0 -53.242398,-26.8320492992387,0.0 -53.2423919,-26.8320284992387,0.0 -53.2423869,-26.8320108992387,0.0 -53.2423854,-26.8320014992387,0.0 -53.2423808,-26.8319813992387,0.0 -53.2423735,-26.8319657992387,0.0 -53.2423677,-26.8319466992387,0.0 -53.2423584,-26.8319212992387,0.0 -53.2423553,-26.8319066992387,0.0 -53.2423437,-26.8318653992387,0.0 -53.2423329,-26.8318366992387,0.0 -53.242323,-26.8318156992387,0.0 -53.2423168,-26.8317921992387,0.0 -53.2423091,-26.8317649992387,0.0 -53.2423017,-26.8317466992387,0.0 -53.2423008,-26.8317199992387,0.0 -53.2422947,-26.8316987992387,0.0 -53.2422932,-26.8316913992387,0.0 -53.2422892,-26.8316688992387,0.0 -53.2422857,-26.8316473992387,0.0 -53.242281,-26.8316277992387,0.0 -53.2422813,-26.8316073992387,0.0 -53.2422808,-26.8315991992387,0.0 -53.2422778,-26.8315795992387,0.0 -53.2422787,-26.8315571992387,0.0 -53.242277,-26.8315294992387,0.0 -53.2422685,-26.8314764992387,0.0 -53.2422688,-26.8314620992387,0.0 -53.2422637,-26.8314385992387,0.0 -53.2422607,-26.8314236992387,0.0 -53.2422553,-26.8313704992387,0.0 -53.2422535,-26.8313529992387,0.0 -53.2422526,-26.8313420992387,0.0 -53.242253,-26.8313310992387,0.0 -53.2422496,-26.8313037992387,0.0 -53.2422495,-26.8312842992387,0.0 -53.2422484,-26.8312638992387,0.0 -53.2422496,-26.8312270992387,0.0 -53.2422495,-26.8312102992387,0.0 -53.2422507,-26.8312007992387,0.0 -53.2422446,-26.8311760992387,0.0 -53.2422458,-26.8311414992387,0.0 -53.2422442,-26.8311168992387,0.0 -53.2422439,-26.8310955992387,0.0 -53.2422446,-26.8310727992387,0.0 -53.2422435,-26.8310540992387,0.0 -53.242249,-26.8310063992387,0.0 -53.24225,-26.8309905992387,0.0 -53.2422551,-26.8309547992387,0.0 -53.2422567,-26.8309364992387,0.0 -53.2422635,-26.8309157992387,0.0 -53.2422675,-26.8308972992387,0.0 -53.2422708,-26.8308854992387,0.0 -53.2422738,-26.8308647992387,0.0 -53.2422776,-26.8308459992387,0.0 -53.2422802,-26.8308390992387,0.0 -53.2422866,-26.8308212992387,0.0 -53.2423007,-26.8307914992387,0.0 -53.2423085,-26.8307752992387,0.0 -53.2423172,-26.8307543992387,0.0 -53.2423255,-26.8307378992387,0.0 -53.2423393,-26.8307186992387,0.0 -53.2423503,-26.8307022992387,0.0 -53.2423619,-26.8306842992387,0.0 -53.2423732,-26.8306629992387,0.0 -53.2423771,-26.8306565992387,0.0 -53.2423897,-26.8306356992387,0.0 -53.2424019,-26.8306172992387,0.0 -53.2424128,-26.8305959992387,0.0 -53.2424157,-26.8305877992387,0.0 -53.242425,-26.8305690992387,0.0 -53.2424361,-26.8305502992387,0.0 -53.2424504,-26.8305333992387,0.0 -53.2424548,-26.8305273992387,0.0 -53.2424755,-26.8304967992387,0.0 -53.2424855,-26.8304801992387,0.0 -53.2424894,-26.8304673992387,0.0 -53.2425106,-26.8304267992387,0.0 -53.2425183,-26.8304082992387,0.0 -53.2425291,-26.8303960992387,0.0 -53.2425378,-26.8303839992387,0.0 -53.2425583,-26.8303582992387,0.0 -53.2425682,-26.8303472992387,0.0 -53.2425843,-26.8303334992387,0.0 -53.2425888,-26.8303310992387,0.0 -53.242605,-26.8303226992387,0.0 -53.2426219,-26.8303120992387,0.0 -53.2426585,-26.8302895992387,0.0 -53.2426869,-26.8302760992387,0.0 -53.2427073,-26.8302646992387,0.0 -53.2427297,-26.8302534992387,0.0 -53.2427506,-26.8302372992387,0.0 -53.2427791,-26.8302177992387,0.0 -53.2427966,-26.8302065992387,0.0 -53.2428101,-26.8301917992387,0.0 -53.2428295,-26.8301771992387,0.0 -53.2428466,-26.8301543992387,0.0 -53.242868,-26.8301371992387,0.0 -53.2428779,-26.8301278992387,0.0 -53.2428938,-26.8301129992387,0.0 -53.2429131,-26.8300983992387,0.0 -53.24293,-26.8300890992387,0.0 -53.2429489,-26.8300724992387,0.0 -53.2429661,-26.8300625992387,0.0 -53.2429883,-26.8300443992387,0.0 -53.2430208,-26.8300267992387,0.0 -53.2430371,-26.8300155992387,0.0 -53.2430554,-26.8300050992387,0.0 -53.2430742,-26.8299909992387,0.0 -53.2430956,-26.8299727992387,0.0 -53.2431306,-26.8299449992387,0.0 -53.2431575,-26.8299246992387,0.0 -53.2431733,-26.8299102992387,0.0 -53.2431935,-26.8298927992387,0.0 -53.2432374,-26.8298610992387,0.0 -53.243256,-26.8298482992387,0.0 -53.2432616,-26.8298435992387,0.0 -53.2432819,-26.8298306992387,0.0 -53.243298,-26.8298155992387,0.0 -53.2433146,-26.8298044992387,0.0 -53.2433295,-26.8297934992387,0.0 -53.2433477,-26.8297822992387,0.0 -53.2433694,-26.8297692992387,0.0 -53.2433773,-26.8297651992387,0.0 -53.2434033,-26.8297461992387,0.0 -53.2434258,-26.8297322992387,0.0 -53.2434447,-26.8297225992387,0.0 -53.2434614,-26.8297126992387,0.0 -53.2434732,-26.8297051992387,0.0 -53.2434907,-26.8296954992387,0.0 -53.2435126,-26.8296888992387,0.0 -53.2435174,-26.8296858992387,0.0 -53.2435344,-26.8296772992387,0.0 -53.2435532,-26.8296706992387,0.0 -53.2435592,-26.8296679992387,0.0 -53.2435784,-26.8296618992387,0.0 -53.2436073,-26.8296517992387,0.0 -53.2436315,-26.8296424992387,0.0 -53.2436509,-26.8296345992387,0.0 -53.243674,-26.8296241992387,0.0 -53.2436912,-26.8296144992387,0.0 -53.2437333,-26.8295918992387,0.0 -53.2437513,-26.8295785992387,0.0 -53.2437579,-26.8295734992387,0.0 -53.2437696,-26.8295658992387,0.0 -53.2437925,-26.8295471992387,0.0 -53.2438493,-26.8295059992387,0.0 -53.2438663,-26.8294941992387,0.0 -53.2438949,-26.8294754992387,0.0 -53.2439215,-26.8294587992387,0.0 -53.2439425,-26.8294433992387,0.0 -53.2439753,-26.8294238992387,0.0 -53.2439933,-26.8294155992387,0.0 -53.244017,-26.8294044992387,0.0 -53.2440369,-26.8293945992387,0.0 -53.2440713,-26.8293813992387,0.0 -53.2441078,-26.8293638992387,0.0 -53.2441316,-26.8293532992387,0.0 -53.2441633,-26.8293453992387,0.0 -53.2441861,-26.8293394992387,0.0 -53.2441943,-26.8293380992387,0.0 -53.2442143,-26.8293347992387,0.0 -53.24427,-26.8293273992387,0.0 -53.2442901,-26.8293257992387,0.0 -53.2443031,-26.8293217992387,0.0 -53.2443267,-26.8293144992387,0.0 -53.2443535,-26.8293053992387,0.0 -53.2443708,-26.8293008992387,0.0 -53.2443911,-26.8292923992387,0.0 -53.244414,-26.8292840992387,0.0 -53.2444234,-26.8292803992387,0.0 -53.2444425,-26.8292718992387,0.0 -53.2444902,-26.8292550992387,0.0 -53.2445168,-26.8292400992387,0.0 -53.2445484,-26.8292271992387,0.0 -53.2445696,-26.8292194992387,0.0 -53.2445907,-26.8292124992387,0.0 -53.2446317,-26.8291966992387,0.0 -53.2446768,-26.8291744992387,0.0 -53.244682,-26.8291722992387,0.0 -53.2447048,-26.8291609992387,0.0 -53.2447169,-26.8291553992387,0.0 -53.2447395,-26.8291477992388,0.0 -53.2447554,-26.8291426992387,0.0 -53.2447788,-26.8291338992387,0.0 -53.2448003,-26.8291314992387,0.0 -53.2448406,-26.8291236992387,0.0 -53.2448703,-26.8291240992387,0.0 -53.2448829,-26.8291250992387,0.0 -53.2449125,-26.8291265992387,0.0 -53.2449532,-26.8291276992387,0.0 -53.2449712,-26.8291251992387,0.0 -53.2449912,-26.8291242992387,0.0 -53.2450331,-26.8291221992387,0.0 -53.2450558,-26.8291207992387,0.0 -53.2450808,-26.8291210992387,0.0 -53.2450998,-26.8291203992388,0.0 -53.2451209,-26.8291209992388,0.0 -53.2451563,-26.8291209992388,0.0 -53.2451786,-26.8291234992388,0.0 -53.2452177,-26.8291284992387,0.0 -53.2452404,-26.8291321992387,0.0 -53.2452601,-26.8291368992388,0.0 -53.2452785,-26.8291408992387,0.0 -53.2452848,-26.8291418992387,0.0 -53.2453082,-26.8291489992387,0.0 -53.2453327,-26.8291541992387,0.0 -53.2453461,-26.8291592992387,0.0 -53.2453702,-26.8291652992387,0.0 -53.2453879,-26.8291736992387,0.0 -53.2454083,-26.8291833992387,0.0 -53.2454295,-26.8291909992387,0.0 -53.2454517,-26.8291951992387,0.0 -53.2454827,-26.8292012992388,0.0 -53.2455042,-26.8292064992387,0.0 -53.2455248,-26.8292097992387,0.0 -53.2455453,-26.8292130992387,0.0 -53.2455594,-26.8292138992387,0.0 -53.2455829,-26.8292186992387,0.0 -53.2456038,-26.8292210992387,0.0 -53.2456597,-26.8292251992387,0.0 -53.2456782,-26.8292249992387,0.0 -53.2457002,-26.8292257992387,0.0 -53.2457267,-26.8292278992388,0.0 -53.2457534,-26.8292312992387,0.0 -53.2457735,-26.8292342992387,0.0 -53.2458043,-26.8292374992387,0.0 -53.2458243,-26.8292415992387,0.0 -53.2458407,-26.8292402992387,0.0 -53.2458628,-26.8292417992387,0.0 -53.2458872,-26.8292411992387,0.0 -53.2459111,-26.8292406992387,0.0 -53.2459489,-26.8292378992387,0.0 -53.2459706,-26.8292338992387,0.0 -53.2459977,-26.8292342992387,0.0 -53.2460036,-26.8292324992387,0.0 -53.2460251,-26.8292273992387,0.0 -53.2460488,-26.8292264992387,0.0 -53.2460892,-26.8292219992387,0.0 -53.2461084,-26.8292237992387,0.0 -53.2461317,-26.8292272992388,0.0 -53.2461844,-26.8292311992387,0.0 -53.2461924,-26.8292316992387,0.0 -53.2462129,-26.8292347992387,0.0 -53.2462365,-26.8292389992387,0.0 -53.2462878,-26.8292463992387,0.0 -53.2462937,-26.8292470992387,0.0 -53.2463159,-26.8292487992387,0.0 -53.246336,-26.8292494992387,0.0 -53.2463819,-26.8292489992388,0.0 -53.2464015,-26.8292525992387,0.0 -53.2464321,-26.8292544992387,0.0 -53.2464498,-26.8292536992387,0.0 -53.246466,-26.8292528992387,0.0 -53.246489,-26.8292544992387,0.0 -53.2465154,-26.8292540992387,0.0 -53.2465389,-26.8292538992387,0.0 -53.2465596,-26.8292568992387,0.0 -53.2465836,-26.8292596992387,0.0 -53.2465919,-26.8292616992387,0.0 -53.246618,-26.8292600992387,0.0 -53.2466401,-26.8292628992387,0.0 -53.2466685,-26.8292618992387,0.0 -53.2466882,-26.8292585992387,0.0 -53.2467003,-26.8292562992387,0.0 -53.2467132,-26.8292514992387,0.0 -53.2467407,-26.8292399992387,0.0 -53.2467552,-26.8292311992387,0.0 -53.246778,-26.8292160992387,0.0 -53.2467847,-26.8292103992387,0.0 -53.2468008,-26.8291928992387,0.0 -53.2468121,-26.8291767992387,0.0 -53.2468151,-26.8291735992387,0.0 -53.2468275,-26.8291563992387,0.0 -53.2468393,-26.8291399992387,0.0 -53.2468506,-26.8291220992387,0.0 -53.2468549,-26.8291171992387,0.0 -53.2468669,-26.8290979992387,0.0 -53.2468861,-26.8290652992387,0.0 -53.2469058,-26.8290243992387,0.0 -53.2469184,-26.8290060992388,0.0 -53.2469293,-26.8289876992387,0.0 -53.2469407,-26.8289678992387,0.0 -53.2469531,-26.8289479992388,0.0 -53.2469633,-26.8289345992387,0.0 -53.2469737,-26.8289163992388,0.0 -53.2469886,-26.8288961992388,0.0 -53.2470039,-26.8288785992388,0.0 -53.247008,-26.8288719992387,0.0 -53.2470218,-26.8288583992388,0.0 -53.2470593,-26.8288022992388,0.0 -53.2470743,-26.8287836992388,0.0 -53.2470881,-26.8287693992388,0.0 -53.2471014,-26.8287509992388,0.0 -53.2471079,-26.8287435992387,0.0 -53.2471171,-26.8287287992388,0.0 -53.2471323,-26.8287069992388,0.0 -53.2471462,-26.8286909992388,0.0 -53.247157,-26.8286700992387,0.0 -53.2471711,-26.8286478992388,0.0 -53.2471829,-26.8286294992388,0.0 -53.247193,-26.8286124992387,0.0 -53.2472009,-26.8285943992387,0.0 -53.2472391,-26.8285276992388,0.0 -53.2472516,-26.8284974992388,0.0 -53.2472644,-26.8284766992388,0.0 -53.2472725,-26.8284592992388,0.0 -53.2472858,-26.8284381992388,0.0 -53.2472992,-26.8284163992388,0.0 -53.2473137,-26.8283901992388,0.0 -53.2473326,-26.8283528992388,0.0 -53.2473429,-26.8283284992388,0.0 -53.2473463,-26.8283200992388,0.0 -53.2473684,-26.8282713992388,0.0 -53.2473767,-26.8282479992388,0.0 -53.247387,-26.8282116992388,0.0 -53.2474002,-26.8281914992388,0.0 -53.2474047,-26.8281808992388,0.0 -53.2474149,-26.8281544992388,0.0 -53.2474252,-26.8281377992388,0.0 -53.2474284,-26.8281342992388,0.0 -53.2474454,-26.8281197992388,0.0 -53.2474641,-26.8280806992388,0.0 -53.247473,-26.8280627992388,0.0 -53.2474849,-26.8280402992388,0.0 -53.2475085,-26.8280037992388,0.0 -53.2475116,-26.8279992992388,0.0 -53.2475306,-26.8279736992388,0.0 -53.2475453,-26.8279548992388,0.0 -53.2475593,-26.8279342992388,0.0 -53.2475747,-26.8279171992388,0.0 -53.247588,-26.8279007992388,0.0 -53.2476049,-26.8278763992388,0.0 -53.2476162,-26.8278659992388,0.0 -53.2476303,-26.8278451992388,0.0 -53.2476527,-26.8278160992388,0.0 -53.2476698,-26.8277942992388,0.0 -53.247682,-26.8277748992388,0.0 -53.2476926,-26.8277566992388,0.0 -53.2477126,-26.8277182992388,0.0 -53.2477233,-26.8276945992388,0.0 -53.2477309,-26.8276746992388,0.0 -53.247736,-26.8276569992388,0.0 -53.2477416,-26.8276393992388,0.0 -53.2477489,-26.8276206992388,0.0 -53.2477567,-26.8275985992388,0.0 -53.2477661,-26.8275721992388,0.0 -53.2477695,-26.8275612992388,0.0 -53.2477729,-26.8275399992388,0.0 -53.2477738,-26.8275313992388,0.0 -53.2477741,-26.8275128992388,0.0 -53.2477743,-26.8274920992388,0.0 -53.2477724,-26.8274748992388,0.0 -53.2477713,-26.8274625992388,0.0 -53.2477674,-26.8274435992388,0.0 -53.2477614,-26.8274262992388,0.0 -53.2477575,-26.8274113992388,0.0 -53.247758,-26.8273856992388,0.0 -53.2477564,-26.8273688992388,0.0 -53.2477522,-26.8273468992388,0.0 -53.2477516,-26.8273238992388,0.0 -53.2477506,-26.8273207992388,0.0 -53.2477446,-26.8273009992388,0.0 -53.2477411,-26.8272814992388,0.0 -53.247735,-26.8272635992388,0.0 -53.2477295,-26.8272413992388,0.0 -53.2477227,-26.8272225992388,0.0 -53.2477182,-26.8272089992388,0.0 -53.2477077,-26.8271778992388,0.0 -53.2477019,-26.8271498992388,0.0 -53.2476933,-26.8271278992388,0.0 -53.2476856,-26.8271059992388,0.0 -53.2476685,-26.8270704992388,0.0 -53.2476483,-26.8270424992388,0.0 -53.2476395,-26.8270244992388,0.0 -53.2476303,-26.8270099992388,0.0 -53.2476226,-26.8269973992388,0.0 -53.2476142,-26.8269807992388,0.0 -53.2476011,-26.8269645992388,0.0 -53.247595,-26.8269504992388,0.0 -53.2475797,-26.8269290992388,0.0 -53.2475713,-26.8269221992388,0.0 -53.2475624,-26.8269080992388,0.0 -53.2475608,-26.8269053992388,0.0 -53.2475516,-26.8268873992388,0.0 -53.2475303,-26.8268579992388,0.0 -53.247521,-26.8268470992388,0.0 -53.2475099,-26.8268369992388,0.0 -53.2475029,-26.8268310992388,0.0 -53.2474888,-26.8268190992388,0.0 -53.2474712,-26.8268028992388,0.0 -53.2474676,-26.8268003992388,0.0 -53.2474502,-26.8267899992388,0.0 -53.2474367,-26.8267800992388,0.0 -53.2474316,-26.8267764992388,0.0 -53.2474009,-26.8267635992388,0.0 -53.2473808,-26.8267556992388,0.0 -53.2473516,-26.8267442992388,0.0 -53.2473301,-26.8267385992388,0.0 -53.2473219,-26.8267376992388,0.0 -53.2472814,-26.8267321992388,0.0 -53.2472607,-26.8267256992388,0.0 -53.2472396,-26.8267205992388,0.0 -53.2472221,-26.8267144992388,0.0 -53.2472181,-26.8267138992388,0.0 -53.2472024,-26.8267093992388,0.0 -53.2471783,-26.8267072992388,0.0 -53.2471564,-26.8267046992388,0.0 -53.2471374,-26.8267023992388,0.0 -53.2471294,-26.8267009992388,0.0 -53.247098,-26.8266972992388,0.0 -53.2470742,-26.8266959992388,0.0 -53.2470502,-26.8266976992388,0.0 -53.2470256,-26.8266958992388,0.0 -53.2470204,-26.8266953992388,0.0 -53.2469995,-26.8266941992388,0.0 -53.246966,-26.8266946992388,0.0 -53.2469445,-26.8266941992388,0.0 -53.2469197,-26.8266931992388,0.0 -53.246884,-26.8266899992388,0.0 -53.2468733,-26.8266885992388,0.0 -53.2468506,-26.8266879992388,0.0 -53.2468323,-26.8266870992388,0.0 -53.2467857,-26.8266927992388,0.0 -53.246742,-26.8266931992388,0.0 -53.2467208,-26.8266938992388,0.0 -53.2466962,-26.8266929992388,0.0 -53.2466436,-26.8266897992388,0.0 -53.2466199,-26.8266907992388,0.0 -53.2465978,-26.8266934992388,0.0 -53.2465721,-26.8266942992388,0.0 -53.246554,-26.8266955992388,0.0 -53.2465321,-26.8266978992388,0.0 -53.2465265,-26.8266976992388,0.0 -53.2465011,-26.8266987992388,0.0 -53.2464669,-26.8266991992388,0.0 -53.2464399,-26.8266989992388,0.0 -53.2464196,-26.8266994992388,0.0 -53.2463956,-26.8267015992388,0.0 -53.2463528,-26.8267004992388,0.0 -53.2463276,-26.8267012992388,0.0 -53.2463032,-26.8267041992388,0.0 -53.2462815,-26.8267063992388,0.0 -53.2462306,-26.8267118992388,0.0 -53.2462029,-26.8267141992388,0.0 -53.246179,-26.8267196992388,0.0 -53.2461451,-26.8267246992388,0.0 -53.2461226,-26.8267273992388,0.0 -53.2460819,-26.8267319992388,0.0 -53.2460769,-26.8267322992388,0.0 -53.2460529,-26.8267344992388,0.0 -53.2460322,-26.8267355992388,0.0 -53.2460163,-26.8267357992388,0.0 -53.2459702,-26.8267312992388,0.0 -53.2459185,-26.8267313992388,0.0 -53.2458937,-26.8267333992388,0.0 -53.2458473,-26.8267318992388,0.0 -53.2458291,-26.8267298992388,0.0 -53.2458053,-26.8267326992388,0.0 -53.2457763,-26.8267339992388,0.0 -53.2457522,-26.8267377992388,0.0 -53.2457163,-26.8267455992388,0.0 -53.2456922,-26.8267485992388,0.0 -53.2456542,-26.8267561992388,0.0 -53.2456268,-26.8267568992388,0.0 -53.2456039,-26.8267598992388,0.0 -53.2455769,-26.8267629992388,0.0 -53.2455501,-26.8267628992388,0.0 -53.2455407,-26.8267617992388,0.0 -53.2454889,-26.8267657992388,0.0 -53.2454603,-26.8267659992388,0.0 -53.2454334,-26.8267657992388,0.0 -53.2454162,-26.8267666992388,0.0 -53.2454109,-26.8267658992388,0.0 -53.2453934,-26.8267646992388,0.0 -53.2453712,-26.8267629992388,0.0 -53.2453623,-26.8267610992388,0.0 -53.2453482,-26.8267575992388,0.0 -53.2453265,-26.8267562992388,0.0 -53.2453026,-26.8267525992388,0.0 -53.2452841,-26.8267487992388,0.0 -53.2452597,-26.8267425992388,0.0 -53.2452421,-26.8267364992388,0.0 -53.2452215,-26.8267339992388,0.0 -53.2452046,-26.8267265992388,0.0 -53.2451841,-26.8267204992388,0.0 -53.2451629,-26.8267071992388,0.0 -53.245141,-26.8266987992388,0.0 -53.2451239,-26.8266888992388,0.0 -53.2451146,-26.8266807992388,0.0 -53.2450961,-26.8266656992388,0.0 -53.2450836,-26.8266519992388,0.0 -53.2450759,-26.8266445992388,0.0 -53.2450677,-26.8266280992388,0.0 -53.245067,-26.8266260992388,0.0 -53.2450558,-26.8266104992388,0.0 -53.2450483,-26.8265727992388,0.0 -53.2450406,-26.8265582992388,0.0 -53.2450405,-26.8265523992388,0.0 -53.2450338,-26.8265365992388,0.0 -53.2450296,-26.8265151992388,0.0 -53.2450292,-26.8265093992388,0.0 -53.2450191,-26.8264818992388,0.0 -53.2450165,-26.8264621992388,0.0 -53.245011,-26.8264436992388,0.0 -53.2450073,-26.8264246992388,0.0 -53.2450053,-26.8264157992388,0.0 -53.245003,-26.8263917992388,0.0 -53.2449975,-26.8263711992388,0.0 -53.2449963,-26.8263531992388,0.0 -53.2449914,-26.8263292992388,0.0 -53.2449906,-26.8263105992388,0.0 -53.2449869,-26.8262886992388,0.0 -53.2449851,-26.8262659992388,0.0 -53.2449835,-26.8262440992388,0.0 -53.2449798,-26.8262154992388,0.0 -53.2449783,-26.8262032992388,0.0 -53.2449789,-26.8261819992388,0.0 -53.244974,-26.8261529992388,0.0 -53.2449728,-26.8261309992388,0.0 -53.24497,-26.8261061992388,0.0 -53.2449681,-26.8260857992388,0.0 -53.2449682,-26.8260803992388,0.0 -53.2449663,-26.8260616992388,0.0 -53.2449642,-26.8260135992388,0.0 -53.2449638,-26.8260024992388,0.0 -53.2449611,-26.8259823992388,0.0 -53.244959,-26.8259558992388,0.0 -53.2449579,-26.8259318992388,0.0 -53.244955,-26.8259052992388,0.0 -53.2449445,-26.8258638992388,0.0 -53.2449392,-26.8258387992388,0.0 -53.2449368,-26.8258145992388,0.0 -53.2449335,-26.8257948992388,0.0 -53.2449329,-26.8257831992388,0.0 -53.2449346,-26.8257569992388,0.0 -53.244934,-26.8257367992388,0.0 -53.2449357,-26.8257133992388,0.0 -53.2449368,-26.8256879992388,0.0 -53.24494,-26.8256673992388,0.0 -53.2449404,-26.8256080992388,0.0 -53.2449377,-26.8255707992388,0.0 -53.2449363,-26.8255483992388,0.0 -53.2449425,-26.8255103992388,0.0 -53.2449387,-26.8254899992388,0.0 -53.244939,-26.8254745992388,0.0 -53.2449348,-26.8254412992388,0.0 -53.2449314,-26.8254232992388,0.0 -53.2449252,-26.8254039992388,0.0 -53.2449238,-26.8253753992388,0.0 -53.2449152,-26.8253523992388,0.0 -53.2449119,-26.8253245992388,0.0 -53.24491,-26.8253034992388,0.0 -53.24491,-26.8252987992388,0.0 -53.2449059,-26.8252722992388,0.0 -53.2449034,-26.8252531992388,0.0 -53.2449022,-26.8252395992388,0.0 -53.2448952,-26.8252129992388,0.0 -53.2448924,-26.8251942992388,0.0 -53.2448919,-26.8251881992388,0.0 -53.2448869,-26.8251665992388,0.0 -53.2448817,-26.8251443992388,0.0 -53.2448749,-26.8251056992388,0.0 -53.2448623,-26.8250717992388,0.0 -53.2448571,-26.8250488992388,0.0 -53.2448543,-26.8250362992388,0.0 -53.2448396,-26.8250084992388,0.0 -53.2448322,-26.8249953992388,0.0 -53.2448171,-26.8249765992388,0.0 -53.2448087,-26.8249673992388,0.0 -53.2447938,-26.8249518992388,0.0 -53.244781,-26.8249455992388,0.0 -53.2447563,-26.8249300992388,0.0 -53.2447269,-26.8249185992388,0.0 -53.2447037,-26.8249125992388,0.0 -53.2446779,-26.8249103992388,0.0 -53.2446601,-26.8249081992388,0.0 -53.2446317,-26.8249112992388,0.0 -53.2446269,-26.8249118992388,0.0 -53.2446113,-26.8249103992388,0.0 -53.2445969,-26.8249116992388,0.0 -53.2445747,-26.8249140992388,0.0 -53.24456,-26.8249147992388,0.0 -53.2445524,-26.8249148992388,0.0 -53.2445329,-26.8249166992388,0.0 -53.244505,-26.8249172992388,0.0 -53.2444347,-26.8249214992388,0.0 -53.2444014,-26.8249269992388,0.0 -53.2443792,-26.8249293992388,0.0 -53.2443574,-26.8249336992388,0.0 -53.2443329,-26.8249377992388,0.0 -53.244321,-26.8249385992388,0.0 -53.2442911,-26.8249388992388,0.0 -53.2442688,-26.8249420992388,0.0 -53.2442479,-26.8249445992388,0.0 -53.2442021,-26.8249531992388,0.0 -53.2441755,-26.8249577992388,0.0 -53.2441704,-26.8249580992388,0.0 -53.2441497,-26.8249625992388,0.0 -53.2441292,-26.8249662992388,0.0 -53.2441085,-26.8249687992388,0.0 -53.2440891,-26.8249740992388,0.0 -53.2440699,-26.8249772992388,0.0 -53.2440576,-26.8249796992388,0.0 -53.2440398,-26.8249820992388,0.0 -53.244015,-26.8249823992388,0.0 -53.2439883,-26.8249819992388,0.0 -53.2439671,-26.8249828992388,0.0 -53.2439436,-26.8249819992388,0.0 -53.2439178,-26.8249836992388,0.0 -53.243882,-26.8249844992388,0.0 -53.2438559,-26.8249880992388,0.0 -53.2438313,-26.8249937992388,0.0 -53.2438089,-26.8250008992388,0.0 -53.2437879,-26.8250068992388,0.0 -53.2437545,-26.8250190992388,0.0 -53.243731,-26.8250241992388,0.0 -53.2437125,-26.8250265992388,0.0 -53.2436814,-26.8250365992388,0.0 -53.2436692,-26.8250383992388,0.0 -53.2436476,-26.8250401992388,0.0 -53.2436323,-26.8250409992388,0.0 -53.2436179,-26.8250407992388,0.0 -53.2435986,-26.8250406992388,0.0 -53.2435786,-26.8250383992388,0.0 -53.2435511,-26.8250386992388,0.0 -53.2435447,-26.8250367992388,0.0 -53.2435224,-26.8250360992388,0.0 -53.2434842,-26.8250375992388,0.0 -53.2434616,-26.8250385992388,0.0 -53.243438,-26.8250418992388,0.0 -53.2434147,-26.8250435992388,0.0 -53.2433891,-26.8250454992388,0.0 -53.2433626,-26.8250510992388,0.0 -53.2433408,-26.8250546992388,0.0 -53.2433304,-26.8250552992388,0.0 -53.2433108,-26.8250570992388,0.0 -53.2432879,-26.8250610992388,0.0 -53.2432658,-26.8250626992388,0.0 -53.2432463,-26.8250642992388,0.0 -53.2432188,-26.8250700992388,0.0 -53.2431963,-26.8250724992388,0.0 -53.2431767,-26.8250774992388,0.0 -53.2431535,-26.8250794992388,0.0 -53.243128,-26.8250834992388,0.0 -53.2431082,-26.8250873992388,0.0 -53.2430869,-26.8250950992388,0.0 -53.2430427,-26.8251039992388,0.0 -53.2430192,-26.8251088992388,0.0 -53.2429977,-26.8251140992388,0.0 -53.2429822,-26.8251208992388,0.0 -53.2429572,-26.8251249992388,0.0 -53.2429359,-26.8251298992388,0.0 -53.242836,-26.8251511992388,0.0 -53.2427943,-26.8251559992388,0.0 -53.2427749,-26.8251610992388,0.0 -53.2427537,-26.8251639992388,0.0 -53.2427334,-26.8251675992388,0.0 -53.2427115,-26.8251685992388,0.0 -53.242682,-26.8251717992388,0.0 -53.2426675,-26.8251724992388,0.0 -53.2426419,-26.8251717992388,0.0 -53.2426267,-26.8251707992388,0.0 -53.2425783,-26.8251683992388,0.0 -53.2425375,-26.8251646992388,0.0 -53.2425116,-26.8251636992388,0.0 -53.2424604,-26.8251619992388,0.0 -53.2424352,-26.8251622992388,0.0 -53.2424099,-26.8251637992388,0.0 -53.2423898,-26.8251643992388,0.0 -53.2423761,-26.8251657992388,0.0 -53.242352,-26.8251648992388,0.0 -53.2423302,-26.8251650992388,0.0 -53.2423073,-26.8251637992388,0.0 -53.2422902,-26.8251644992388,0.0 -53.2422699,-26.8251643992388,0.0 -53.2422481,-26.8251601992388,0.0 -53.2422298,-26.8251583992388,0.0 -53.2422086,-26.8251548992388,0.0 -53.2421867,-26.8251505992388,0.0 -53.242182,-26.8251492992388,0.0 -53.2421615,-26.8251452992388,0.0 -53.2421379,-26.8251399992388,0.0 -53.2421132,-26.8251340992388,0.0 -53.2420875,-26.8251287992388,0.0 -53.2420571,-26.8251202992388,0.0 -53.242027,-26.8251107992388,0.0 -53.2419964,-26.8251067992388,0.0 -53.2419786,-26.8250977992388,0.0 -53.2419571,-26.8250943992388,0.0 -53.2419353,-26.8250905992388,0.0 -53.2419155,-26.8250862992388,0.0 -53.2418769,-26.8250762992388,0.0 -53.2418369,-26.8250735992388,0.0 -53.2418127,-26.8250680992388,0.0 -53.2417931,-26.8250628992388,0.0 -53.2417579,-26.8250627992388,0.0 -53.2417338,-26.8250480992388,0.0 -53.2417132,-26.8250408992388,0.0 -53.2416958,-26.8250291992388,0.0 -53.2416453,-26.8250139992388,0.0 -53.241625,-26.8250064992388,0.0 -53.2416047,-26.8250030992388,0.0 -53.2415852,-26.8249971992388,0.0 -53.2415646,-26.8249911992388,0.0 -53.2415438,-26.8249843992388,0.0 -53.2415156,-26.8249774992388,0.0 -53.2414758,-26.8249628992388,0.0 -53.2414552,-26.8249572992388,0.0 -53.2414504,-26.8249548992388,0.0 -53.2414308,-26.8249487992388,0.0 -53.2413929,-26.8249322992388,0.0 -53.2413701,-26.8249259992388,0.0 -53.2413663,-26.8249244992388,0.0 -53.2413431,-26.8249159992388,0.0 -53.2413229,-26.8249090992388,0.0 -53.2413131,-26.8249046992388,0.0 -53.2412909,-26.8248902992388,0.0 -53.2412522,-26.8248694992388,0.0 -53.2412315,-26.8248601992388,0.0 -53.2412074,-26.8248452992388,0.0 -53.2411893,-26.8248349992388,0.0 -53.2411755,-26.8248297992388,0.0 -53.24115,-26.8248159992388,0.0 -53.2411304,-26.8248110992388,0.0 -53.2411013,-26.8248007992388,0.0 -53.2410904,-26.8247971992388,0.0 -53.2410612,-26.8247885992388,0.0 -53.2410272,-26.8247782992388,0.0 -53.2409948,-26.8247766992388,0.0 -53.2409797,-26.8247752992388,0.0 -53.2409562,-26.8247765992388,0.0 -53.2409261,-26.8247750992388,0.0 -53.2409084,-26.8247731992388,0.0 -53.2408645,-26.8247650992388,0.0 -53.2408476,-26.8247615992388,0.0 -53.240834,-26.8247540992388,0.0 -53.240812,-26.8247471992388,0.0 -53.2407927,-26.8247400992388,0.0 -53.240771,-26.8247308992388,0.0 -53.2407511,-26.8247228992388,0.0 -53.2407292,-26.8247128992388,0.0 -53.2407113,-26.8247082992388,0.0 -53.2407035,-26.8247056992388,0.0 -53.2406751,-26.8246981992388,0.0 -53.2406515,-26.8246913992388,0.0 -53.2406063,-26.8246838992388,0.0 -53.2405832,-26.8246828992388,0.0 -53.2405754,-26.8246799992388,0.0 -53.2405519,-26.8246765992388,0.0 -53.2405309,-26.8246725992388,0.0 -53.2405114,-26.8246673992388,0.0 -53.2404871,-26.8246626992388,0.0 -53.2404607,-26.8246591992388,0.0 -53.2404181,-26.8246534992388,0.0 -53.2403702,-26.8246451992388,0.0 -53.2403079,-26.8246325992388,0.0 -53.2402867,-26.8246294992388,0.0 -53.240263,-26.8246243992388,0.0 -53.240243,-26.8246220992388,0.0 -53.2402177,-26.8246178992388,0.0 -53.2401969,-26.8246150992388,0.0 -53.2401752,-26.8246119992388,0.0 -53.2401548,-26.8246105992388,0.0 -53.2401337,-26.8246086992388,0.0 -53.2401094,-26.8246078992388,0.0 -53.2400891,-26.8246051992388,0.0 -53.240069,-26.8246022992388,0.0 -53.2400439,-26.8245982992388,0.0 -53.2400121,-26.8245909992388,0.0 -53.2400083,-26.8245895992388,0.0 -53.2399788,-26.8245855992388,0.0 -53.2399585,-26.8245829992388,0.0 -53.2399563,-26.8245823992388,0.0 -53.2399391,-26.8245774992388,0.0 -53.239898,-26.8245657992388,0.0 -53.2398473,-26.8245468992388,0.0 -53.2398232,-26.8245371992388,0.0 -53.2398053,-26.8245288992388,0.0 -53.2397905,-26.8245238992388,0.0 -53.2397768,-26.8245158992388,0.0 -53.2397679,-26.8245090992388,0.0 -53.2397416,-26.8244870992388,0.0 -53.2397232,-26.8244540992388,0.0 -53.2397155,-26.8244469992388,0.0 -53.2397136,-26.8244443992388,0.0 -53.2397038,-26.8244257992388,0.0 -53.2396981,-26.8244108992388,0.0 -53.2396906,-26.8243945992388,0.0 -53.2396847,-26.8243771992388,0.0 -53.2396794,-26.8243511992388,0.0 -53.2396704,-26.8243325992388,0.0 -53.2396497,-26.8242889992388,0.0 -53.2396456,-26.8242727992388,0.0 -53.2396418,-26.8242543992388,0.0 -53.2396386,-26.8242383992388,0.0 -53.239638,-26.8242296992388,0.0 -53.2396299,-26.8242023992388,0.0 -53.2396245,-26.8241818992388,0.0 -53.2396229,-26.8241740992388,0.0 -53.2396142,-26.8241489992388,0.0 -53.2396067,-26.8241303992388,0.0 -53.2395968,-26.8241064992388,0.0 -53.2395833,-26.8240906992388,0.0 -53.2395699,-26.8240698992388,0.0 -53.2395613,-26.8240613992388,0.0 -53.2395517,-26.8240527992388,0.0 -53.2395288,-26.8240293992388,0.0 -53.239512,-26.8240179992388,0.0 -53.2394866,-26.8240036992388,0.0 -53.2394849,-26.8240030992388,0.0 -53.2394549,-26.8239971992388,0.0 -53.2394345,-26.8239923992388,0.0 -53.2394075,-26.8239896992388,0.0 -53.239382,-26.8239818992388,0.0 -53.2393612,-26.8239809992389,0.0 -53.2393459,-26.8239781992388,0.0 -53.2393265,-26.8239770992388,0.0 -53.2393085,-26.8239730992388,0.0 -53.2392934,-26.8239693992388,0.0 -53.2392731,-26.8239601992388,0.0 -53.2392554,-26.8239518992388,0.0 -53.2392268,-26.8239307992388,0.0 -53.2392107,-26.8239189992389,0.0 -53.2391911,-26.8239075992388,0.0 -53.2391749,-26.8239009992388,0.0 -53.239147,-26.8238900992388,0.0 -53.2391296,-26.8238847992388,0.0 -53.2391071,-26.8238781992388,0.0 -53.2390862,-26.8238731992389,0.0 -53.2390699,-26.8238700992388,0.0 -53.2390069,-26.8238591992388,0.0 -53.2389709,-26.8238533992388,0.0 -53.2389469,-26.8238516992389,0.0 -53.2389262,-26.8238495992388,0.0 -53.2389005,-26.8238490992388,0.0 -53.2388777,-26.8238491992388,0.0 -53.2388697,-26.8238500992389,0.0 -53.2388286,-26.8238522992388,0.0 -53.2388081,-26.8238534992389,0.0 -53.2387831,-26.8238534992388,0.0 -53.2387604,-26.8238519992388,0.0 -53.2387496,-26.8238504992388,0.0 -53.2387248,-26.8238550992388,0.0 -53.2387037,-26.8238571992388,0.0 -53.2386858,-26.8238586992388,0.0 -53.2386657,-26.8238633992388,0.0 -53.2386419,-26.8238639992389,0.0 -53.2386175,-26.8238674992388,0.0 -53.2386073,-26.8238699992388,0.0 -53.2385576,-26.8238757992388,0.0 -53.2385364,-26.8238779992388,0.0 -53.2385131,-26.8238797992388,0.0 -53.2384884,-26.8238834992388,0.0 -53.2384671,-26.8238842992388,0.0 -53.2384609,-26.8238836992388,0.0 -53.2384407,-26.8238853992389,0.0 -53.2384189,-26.8238860992388,0.0 -53.2384044,-26.8238852992389,0.0 -53.2383971,-26.8238851992388,0.0 -53.2383748,-26.8238819992388,0.0 -53.2383628,-26.8238782992388,0.0 -53.2383572,-26.8238752992389,0.0 -53.2383421,-26.8238636992389,0.0 -53.2383339,-26.8238549992388,0.0 -53.2383197,-26.8238434992388,0.0 -53.2383146,-26.8238343992388,0.0 -53.2383068,-26.8238217992389,0.0 -53.2383004,-26.8238125992388,0.0 -53.2382951,-26.8238007992389,0.0 -53.2382943,-26.8237852992388,0.0 -53.2382917,-26.8237733992388,0.0 -53.2382909,-26.8237708992388,0.0 -53.2382888,-26.8237644992388,0.0 -53.238289,-26.8237521992389,0.0 -53.2382883,-26.8237420992388,0.0 -53.2382889,-26.8237389992389,0.0 -53.2382985,-26.8237138992389,0.0 -53.2383036,-26.8237007992388,0.0 -53.2383132,-26.8236840992389,0.0 -53.238319,-26.8236611992388,0.0 -53.2383295,-26.8236384992389,0.0 -53.2383492,-26.8236060992389,0.0 -53.2383605,-26.8235890992389,0.0 -53.238368,-26.8235760992389,0.0 -53.2383799,-26.8235611992389,0.0 -53.2383897,-26.8235487992389,0.0 -53.2384024,-26.8235365992389,0.0 -53.2384166,-26.8235229992389,0.0 -53.2384364,-26.8235113992389,0.0 -53.2384542,-26.8235017992389,0.0 -53.2384753,-26.8234901992389,0.0 -53.2384932,-26.8234774992389,0.0 -53.2385111,-26.8234659992389,0.0 -53.2385275,-26.8234567992389,0.0 -53.2385622,-26.8234376992389,0.0 -53.238587,-26.8234254992389,0.0 -53.2385886,-26.8234245992389,0.0 -53.2385907,-26.8234240992389,0.0 -53.2386061,-26.8234201992389,0.0 -53.2386281,-26.8234082992389,0.0 -53.2386389,-26.8234035992389,0.0 -53.2386485,-26.8233976992389,0.0 -53.2386874,-26.8233749992389,0.0 -53.2387037,-26.8233641992389,0.0 -53.238721,-26.8233545992389,0.0 -53.2387375,-26.8233452992389,0.0 -53.238776,-26.8233257992389,0.0 -53.2387996,-26.8233141992389,0.0 -53.2388037,-26.8233112992389,0.0 -53.2388241,-26.8232986992389,0.0 -53.2388401,-26.8232831992389,0.0 -53.2388641,-26.8232664992389,0.0 -53.2388735,-26.8232542992389,0.0 -53.2388899,-26.8232391992389,0.0 -53.2389007,-26.8232295992389,0.0 -53.2389139,-26.8232204992389,0.0 -53.2389295,-26.8232067992389,0.0 -53.2389717,-26.8231808992389,0.0 -53.2390084,-26.8231574992389,0.0 -53.2390448,-26.8231343992389,0.0 -53.2390655,-26.8231241992389,0.0 -53.2390883,-26.8231096992389,0.0 -53.2391061,-26.8230967992389,0.0 -53.2391231,-26.8230832992389,0.0 -53.2391422,-26.8230715992389,0.0 -53.2391667,-26.8230573992389,0.0 -53.2391817,-26.8230471992389,0.0 -53.2391995,-26.8230348992389,0.0 -53.2392192,-26.8230213992389,0.0 -53.2392375,-26.8230081992389,0.0 -53.2392565,-26.8229939992389,0.0 -53.2392733,-26.8229832992389,0.0 -53.2392912,-26.8229720992389,0.0 -53.2393126,-26.8229622992389,0.0 -53.2393339,-26.8229517992389,0.0 -53.239356,-26.8229403992389,0.0 -53.2393712,-26.8229356992389,0.0 -53.2393947,-26.8229252992389,0.0 -53.2394168,-26.8229118992389,0.0 -53.239434,-26.8229021992389,0.0 -53.2394522,-26.8228904992389,0.0 -53.2394738,-26.8228788992389,0.0 -53.2394909,-26.8228660992389,0.0 -53.2395308,-26.8228425992389,0.0 -53.2395494,-26.8228296992389,0.0 -53.2395699,-26.8228182992389,0.0 -53.2395877,-26.8228033992389,0.0 -53.2396082,-26.8227898992389,0.0 -53.2396228,-26.8227807992389,0.0 -53.2396436,-26.8227686992389,0.0 -53.2396649,-26.8227574992389,0.0 -53.2396877,-26.8227405992389,0.0 -53.2396902,-26.8227373992389,0.0 -53.2397233,-26.8227137992389,0.0 -53.2397397,-26.8227024992389,0.0 -53.2397585,-26.8226947992389,0.0 -53.2397776,-26.8226828992389,0.0 -53.2398015,-26.8226699992389,0.0 -53.2398595,-26.8226383992389,0.0 -53.2398779,-26.8226297992389,0.0 -53.2398973,-26.8226184992389,0.0 -53.2399167,-26.8226086992389,0.0 -53.239941,-26.8225968992389,0.0 -53.2399559,-26.8225838992389,0.0 -53.2399728,-26.8225696992389,0.0 -53.2399904,-26.8225580992389,0.0 -53.2400081,-26.8225456992389,0.0 -53.2400302,-26.8225335992389,0.0 -53.2400464,-26.8225242992389,0.0 -53.2400714,-26.8225069992389,0.0 -53.2400955,-26.8224924992389,0.0 -53.2401133,-26.8224815992389,0.0 -53.2401335,-26.8224708992389,0.0 -53.2401539,-26.8224542992389,0.0 -53.2401879,-26.8224266992389,0.0 -53.2401952,-26.8224196992389,0.0 -53.240229,-26.8223830992389,0.0 -53.2402426,-26.8223687992389,0.0 -53.2402549,-26.8223534992389,0.0 -53.2402707,-26.8223398992389,0.0 -53.2402739,-26.8223358992389,0.0 -53.2402873,-26.8223237992389,0.0 -53.2402991,-26.8223061992389,0.0 -53.2403182,-26.8222876992389,0.0 -53.2403263,-26.8222782992389,0.0 -53.2403354,-26.8222661992389,0.0 -53.2403468,-26.8222524992389,0.0 -53.240349,-26.8222498992389,0.0 -53.2403602,-26.8222224992389,0.0 -53.2403745,-26.8221953992389,0.0 -53.240375,-26.8221863992389,0.0 -53.2403756,-26.8221582992389,0.0 -53.2403782,-26.8221483992389,0.0 -53.2403788,-26.8221337992389,0.0 -53.2403807,-26.8221112992389,0.0 -53.2403784,-26.8220880992389,0.0 -53.2403793,-26.8220618992389,0.0 -53.2403743,-26.8220428992389,0.0 -53.240371,-26.8220211992389,0.0 -53.2403632,-26.8219764992389,0.0 -53.2403632,-26.8219731992389,0.0 -53.2403582,-26.8219536992389,0.0 -53.2403551,-26.8219315992389,0.0 -53.2403408,-26.8218940992389,0.0 -53.2403334,-26.8218509992389,0.0 -53.2403258,-26.8218224992389,0.0 -53.2403175,-26.8217635992389,0.0 -53.2403109,-26.8217429992389,0.0 -53.2403066,-26.8217243992389,0.0 -53.2403027,-26.8217042992389,0.0 -53.2402996,-26.8216841992389,0.0 -53.240293,-26.8216637992389,0.0 -53.2402872,-26.8216423992389,0.0 -53.2402748,-26.8215983992389,0.0 -53.2402635,-26.8215795992389,0.0 -53.2402586,-26.8215642992389,0.0 -53.2402512,-26.8215466992389,0.0 -53.2402478,-26.8215277992389,0.0 -53.2402414,-26.8215085992389,0.0 -53.2402346,-26.8214814992389,0.0 -53.2402248,-26.8214444992389,0.0 -53.2402196,-26.8214268992389,0.0 -53.2402156,-26.8214050992389,0.0 -53.2402121,-26.8213861992389,0.0 -53.2402075,-26.8213682992389,0.0 -53.2402045,-26.8213463992389,0.0 -53.2401955,-26.8213125992389,0.0 -53.2401889,-26.8212840992389,0.0 -53.2401831,-26.8212648992389,0.0 -53.2401771,-26.8212410992389,0.0 -53.2401745,-26.8212174992389,0.0 -53.2401686,-26.8211963992389,0.0 -53.2401647,-26.8211784992389,0.0 -53.2401624,-26.8211617992389,0.0 -53.2401587,-26.8211254992389,0.0 -53.2401571,-26.8211025992389,0.0 -53.2401528,-26.8210790992389,0.0 -53.2401492,-26.8210688992389,0.0 -53.2401477,-26.8210503992389,0.0 -53.2401474,-26.8210438992389,0.0 -53.240147,-26.8210322992389,0.0 -53.2401475,-26.8210128992389,0.0 -53.2401473,-26.8209946992389,0.0 -53.2401458,-26.8209765992389,0.0 -53.2401445,-26.8209495992389,0.0 -53.2401424,-26.8209280992389,0.0 -53.2401397,-26.8209056992389,0.0 -53.2401361,-26.8208815992389,0.0 -53.2401302,-26.8208613992389,0.0 -53.2401262,-26.8208221992389,0.0 -53.2401249,-26.8208014992389,0.0 -53.2401246,-26.8207910992389,0.0 -53.2401224,-26.8207661992389,0.0 -53.2401156,-26.8207477992389,0.0 -53.2401081,-26.8207212992389,0.0 -53.2401014,-26.8207041992389,0.0 -53.240095,-26.8206870992389,0.0 -53.2400899,-26.8206660992389,0.0 -53.2400859,-26.8206426992389,0.0 -53.2400819,-26.8206223992389,0.0 -53.2400771,-26.8206008992389,0.0 -53.2400725,-26.8205598992389,0.0 -53.2400673,-26.8205422992389,0.0 -53.2400623,-26.8205225992389,0.0 -53.2400513,-26.8204766992389,0.0 -53.2400443,-26.8204595992389,0.0 -53.2400369,-26.8204410992389,0.0 -53.2400264,-26.8204107992389,0.0 -53.2400221,-26.8203932992389,0.0 -53.2400202,-26.8203888992389,0.0 -53.2400144,-26.8203693992389,0.0 -53.2400068,-26.8203487992389,0.0 -53.2399991,-26.8203271992389,0.0 -53.239989,-26.8203073992389,0.0 -53.2399816,-26.8202899992389,0.0 -53.2399681,-26.8202449992389,0.0 -53.2399553,-26.8202008992389,0.0 -53.2399503,-26.8201812992389,0.0 -53.2399409,-26.8201617992389,0.0 -53.2399334,-26.8201391992389,0.0 -53.2399281,-26.8201217992389,0.0 -53.2399238,-26.8201009992389,0.0 -53.2399183,-26.8200812992389,0.0 -53.2399079,-26.8200533992389,0.0 -53.2399001,-26.8200288992389,0.0 -53.2398948,-26.8200210992389,0.0 -53.2398866,-26.8200045992389,0.0 -53.2398805,-26.8199852992389,0.0 -53.2398755,-26.8199672992389,0.0 -53.2398669,-26.8199474992389,0.0 -53.2398592,-26.8199277992389,0.0 -53.239857,-26.8199074992389,0.0 -53.2398539,-26.8198909992389,0.0 -53.2398469,-26.8198577992389,0.0 -53.2398446,-26.8198330992389,0.0 -53.2398407,-26.8198163992389,0.0 -53.2398366,-26.8197954992389,0.0 -53.2398346,-26.8197724992389,0.0 -53.2398341,-26.8197562992389,0.0 -53.2398308,-26.8197312992389,0.0 -53.239833,-26.8196883992389,0.0 -53.2398333,-26.8196609992389,0.0 -53.2398326,-26.8196378992389,0.0 -53.2398345,-26.8196026992389,0.0 -53.239833,-26.8195836992389,0.0 -53.2398334,-26.8195584992389,0.0 -53.2398314,-26.8195389992389,0.0 -53.239832,-26.8195175992389,0.0 -53.2398312,-26.8194761992389,0.0 -53.2398317,-26.8194749992389,0.0 -53.2398315,-26.8194498992389,0.0 -53.2398291,-26.8194311992389,0.0 -53.2398298,-26.8194121992389,0.0 -53.2398265,-26.8193932992389,0.0 -53.2398251,-26.8193749992389,0.0 -53.2398217,-26.8193156992389,0.0 -53.2398221,-26.8193104992389,0.0 -53.2398186,-26.8192737992389,0.0 -53.2398208,-26.8192500992389,0.0 -53.239824,-26.8192252992389,0.0 -53.2398243,-26.8192029992389,0.0 -53.239831,-26.8191792992389,0.0 -53.2398341,-26.8191608992389,0.0 -53.2398376,-26.8191501992389,0.0 -53.2398431,-26.8191263992389,0.0 -53.239848,-26.8191066992389,0.0 -53.2398522,-26.8190856992389,0.0 -53.2398538,-26.8190602992389,0.0 -53.2398541,-26.8190406992389,0.0 -53.2398576,-26.8190209992389,0.0 -53.239861,-26.8190013992389,0.0 -53.2398577,-26.8189858992389,0.0 -53.2398574,-26.8189659992389,0.0 -53.2398521,-26.8189454992389,0.0 -53.2398525,-26.8189276992389,0.0 -53.2398518,-26.8189093992389,0.0 -53.2398536,-26.8188926992389,0.0 -53.2398571,-26.8188722992389,0.0 -53.239862,-26.8188555992389,0.0 -53.2398669,-26.8188359992389,0.0 -53.2398783,-26.8188184992389,0.0 -53.2398835,-26.8188138992389,0.0 -53.2398986,-26.8187801992389,0.0 -53.2399121,-26.8187646992389,0.0 -53.2399129,-26.8187622992389,0.0 -53.2399216,-26.8187454992389,0.0 -53.2399305,-26.818728999239,0.0 -53.2399415,-26.8187134992389,0.0 -53.2399634,-26.818680399239,0.0 -53.2399777,-26.8186628992389,0.0 -53.2399916,-26.818647299239,0.0 -53.2400229,-26.818614399239,0.0 -53.2400345,-26.818602299239,0.0 -53.2400532,-26.8185856992389,0.0 -53.2400868,-26.8185589992389,0.0 -53.2401051,-26.818543999239,0.0 -53.2401208,-26.818530099239,0.0 -53.2401675,-26.818494999239,0.0 -53.2401847,-26.8184818992389,0.0 -53.240199,-26.818468899239,0.0 -53.2402022,-26.818467499239,0.0 -53.2402188,-26.8184566992389,0.0 -53.240258,-26.818430299239,0.0 -53.2403,-26.8184065992389,0.0 -53.2403196,-26.818394599239,0.0 -53.2403393,-26.818381699239,0.0 -53.2403581,-26.818369399239,0.0 -53.2403783,-26.818357499239,0.0 -53.2403933,-26.818347199239,0.0 -53.2404063,-26.818342899239,0.0 -53.2404237,-26.818335399239,0.0 -53.2404625,-26.818316299239,0.0 -53.2404832,-26.818305999239,0.0 -53.2405206,-26.818279599239,0.0 -53.24054,-26.818269699239,0.0 -53.2405594,-26.818257799239,0.0 -53.2405774,-26.818244299239,0.0 -53.2405812,-26.818241099239,0.0 -53.2405958,-26.818230699239,0.0 -53.2406087,-26.818216599239,0.0 -53.2406219,-26.818207799239,0.0 -53.240633,-26.818194999239,0.0 -53.2406359,-26.818193299239,0.0 -53.2406494,-26.818180199239,0.0 -53.2406654,-26.818167199239,0.0 -53.2406752,-26.818159399239,0.0 -53.2406907,-26.818147899239,0.0 -53.2407202,-26.818120799239,0.0 -53.2407281,-26.818114199239,0.0 -53.2407439,-26.818099599239,0.0 -53.2407605,-26.818085999239,0.0 -53.2407828,-26.818063299239,0.0 -53.2407977,-26.818045899239,0.0 -53.2408063,-26.818028999239,0.0 -53.2408344,-26.817994699239,0.0 -53.2408429,-26.817979299239,0.0 -53.2408478,-26.817971499239,0.0 -53.24086,-26.817953599239,0.0 -53.2408709,-26.817934399239,0.0 -53.2408894,-26.817912599239,0.0 -53.240899,-26.817896799239,0.0 -53.2409079,-26.817883499239,0.0 -53.2409218,-26.817865499239,0.0 -53.2409324,-26.817847999239,0.0 -53.2409399,-26.817836499239,0.0 -53.2409499,-26.817815099239,0.0 -53.2409588,-26.817794599239,0.0 -53.240967,-26.817772299239,0.0 -53.2409709,-26.817753399239,0.0 -53.2409747,-26.817736399239,0.0 -53.2409781,-26.817714699239,0.0 -53.2409793,-26.817694999239,0.0 -53.2409812,-26.817673999239,0.0 -53.2409838,-26.817648499239,0.0 -53.2409863,-26.817628099239,0.0 -53.2409875,-26.817611099239,0.0 -53.240986,-26.817590599239,0.0 -53.2409863,-26.817577599239,0.0 -53.2409856,-26.817559099239,0.0 -53.2409849,-26.817537599239,0.0 -53.2409835,-26.817531299239,0.0 -53.2409835,-26.817519999239,0.0 -53.240983,-26.817501699239,0.0 -53.2409791,-26.817479099239,0.0 -53.2409769,-26.817466399239,0.0 -53.2409752,-26.817447499239,0.0 -53.2409689,-26.817426499239,0.0 -53.240965,-26.817408499239,0.0 -53.240952,-26.817360799239,0.0 -53.2409494,-26.817343699239,0.0 -53.2409416,-26.817324299239,0.0 -53.24093,-26.817286099239,0.0 -53.2409245,-26.817265499239,0.0 -53.2409073,-26.817198499239,0.0 -53.2409039,-26.817178699239,0.0 -53.2408999,-26.817160199239,0.0 -53.2408895,-26.817123799239,0.0 -53.2408783,-26.817104299239,0.0 -53.2408753,-26.817079999239,0.0 -53.2408719,-26.817060599239,0.0 -53.240869,-26.817042099239,0.0 -53.2408644,-26.817024699239,0.0 -53.2408585,-26.817000699239,0.0 -53.2408582,-26.816983499239,0.0 -53.2408569,-26.816964199239,0.0 -53.2408555,-26.816945499239,0.0 -53.2408577,-26.816925199239,0.0 -53.2408575,-26.816906099239,0.0 -53.2408604,-26.816890499239,0.0 -53.2408629,-26.816873599239,0.0 -53.240863,-26.816851999239,0.0 -53.2408656,-26.816829099239,0.0 -53.2408699,-26.816807199239,0.0 -53.2408734,-26.816785699239,0.0 -53.2408727,-26.816765599239,0.0 -53.2408774,-26.816744499239,0.0 -53.2408783,-26.816734199239,0.0 -53.2408815,-26.816714999239,0.0 -53.2408849,-26.816693799239,0.0 -53.240885,-26.816689999239,0.0 -53.2408833,-26.816668599239,0.0 -53.2408815,-26.816630899239,0.0 -53.2408823,-26.816626999239,0.0 -53.2408835,-26.816584599239,0.0 -53.2408821,-26.816562399239,0.0 -53.2408831,-26.816542199239,0.0 -53.240886,-26.816520099239,0.0 -53.2408807,-26.816495199239,0.0 -53.2408801,-26.816486999239,0.0 -53.2408807,-26.816481999239,0.0 -53.2408789,-26.816470699239,0.0 -53.2408762,-26.816452099239,0.0 -53.2408749,-26.816432299239,0.0 -53.2408758,-26.816425999239,0.0 -53.240875,-26.816388199239,0.0 -53.2408752,-26.816365999239,0.0 -53.2408765,-26.816347799239,0.0 -53.2408787,-26.816331499239,0.0 -53.240883,-26.816308599239,0.0 -53.240887,-26.816291399239,0.0 -53.2408904,-26.816279099239,0.0 -53.2408948,-26.816258399239,0.0 -53.240897,-26.816233399239,0.0 -53.2408977,-26.816214299239,0.0 -53.2409021,-26.816191499239,0.0 -53.240905,-26.816171299239,0.0 -53.2409076,-26.816150799239,0.0 -53.2409128,-26.816131299239,0.0 -53.2409134,-26.816112199239,0.0 -53.2409215,-26.816086399239,0.0 -53.2409263,-26.816068599239,0.0 -53.2409281,-26.816048499239,0.0 -53.240931,-26.816034599239,0.0 -53.2409392,-26.816016999239,0.0 -53.2409495,-26.815980399239,0.0 -53.2409545,-26.815961899239,0.0 -53.2409586,-26.815942199239,0.0 -53.2409585,-26.815920499239,0.0 -53.2409605,-26.815899999239,0.0 -53.2409649,-26.815880899239,0.0 -53.2409657,-26.815858899239,0.0 -53.2409644,-26.815844099239,0.0 -53.2409638,-26.815825599239,0.0 -53.2409641,-26.815796299239,0.0 -53.2409626,-26.815780699239,0.0 -53.2409564,-26.815754399239,0.0 -53.2409534,-26.815739099239,0.0 -53.2409474,-26.815717899239,0.0 -53.2409344,-26.815679499239,0.0 -53.2409275,-26.815660299239,0.0 -53.2409081,-26.815613899239,0.0 -53.2408954,-26.815578699239,0.0 -53.2408849,-26.815557299239,0.0 -53.2408718,-26.815532499239,0.0 -53.2408627,-26.815507699239,0.0 -53.240854,-26.815489799239,0.0 -53.2408479,-26.815466499239,0.0 -53.2408314,-26.815445599239,0.0 -53.2408243,-26.815427199239,0.0 -53.2408244,-26.815424999239,0.0 -53.2408052,-26.815388899239,0.0 -53.2407993,-26.815370299239,0.0 -53.2407945,-26.815350899239,0.0 -53.240788,-26.815330799239,0.0 -53.2407827,-26.815313099239,0.0 -53.2407776,-26.815293499239,0.0 -53.2407735,-26.815276299239,0.0 -53.240763,-26.815233899239,0.0 -53.2407618,-26.815210399239,0.0 -53.2407624,-26.815181699239,0.0 -53.2407624,-26.815162399239,0.0 -53.240767,-26.815142899239,0.0 -53.2407685,-26.815123399239,0.0 -53.2407689,-26.815101899239,0.0 -53.2407728,-26.815084099239,0.0 -53.2407819,-26.815059899239,0.0 -53.2407907,-26.815040999239,0.0 -53.2407991,-26.815018599239,0.0 -53.2408075,-26.815002399239,0.0 -53.2408187,-26.814985599239,0.0 -53.240838,-26.814976199239,0.0 -53.2408496,-26.814962799239,0.0 -53.2408671,-26.814953099239,0.0 -53.2408807,-26.814939299239,0.0 -53.2408952,-26.814924999239,0.0 -53.2409116,-26.814908699239,0.0 -53.2409164,-26.814902399239,0.0 -53.2409357,-26.814886299239,0.0 -53.2409436,-26.814865499239,0.0 -53.2409636,-26.814845499239,0.0 -53.2409878,-26.814808099239,0.0 -53.2409992,-26.814792199239,0.0 -53.2410113,-26.814779499239,0.0 -53.241028,-26.814764499239,0.0 -53.2410482,-26.814749299239,0.0 -53.2410804,-26.814718499239,0.0 -53.2410978,-26.814704299239,0.0 -53.2411118,-26.814684899239,0.0 -53.2411352,-26.814653699239,0.0 -53.2411537,-26.814631899239,0.0 -53.2411673,-26.814607999239,0.0 -53.241175,-26.814589299239,0.0 -53.2411844,-26.814573399239,0.0 -53.2411945,-26.814552799239,0.0 -53.2412026,-26.814542499239,0.0 -53.2412125,-26.814528099239,0.0 -53.2412215,-26.814511599239,0.0 -53.2412378,-26.814490699239,0.0 -53.2412551,-26.814473099239,0.0 -53.2412665,-26.814454699239,0.0 -53.2412749,-26.814445399239,0.0 -53.2412842,-26.814423599239,0.0 -53.2412891,-26.814404099239,0.0 -53.2412999,-26.814381599239,0.0 -53.241304,-26.814357199239,0.0 -53.2413127,-26.814333399239,0.0 -53.2413216,-26.814315599239,0.0 -53.2413301,-26.814302199239,0.0 -53.2413381,-26.814287099239,0.0 -53.2413455,-26.814269299239,0.0 -53.2413573,-26.814251399239,0.0 -53.2413631,-26.814239799239,0.0 -53.2413716,-26.814219799239,0.0 -53.2413827,-26.814198999239,0.0 -53.2413902,-26.814179899239,0.0 -53.241399,-26.814162099239,0.0 -53.2414095,-26.814142799239,0.0 -53.2414153,-26.814129499239,0.0 -53.2414236,-26.814112699239,0.0 -53.2414362,-26.814087699239,0.0 -53.2414427,-26.814068799239,0.0 -53.2414504,-26.814043499239,0.0 -53.2414568,-26.814021399239,0.0 -53.2414628,-26.813999099239,0.0 -53.2414648,-26.813980799239,0.0 -53.2414669,-26.813953199239,0.0 -53.2414608,-26.813927199239,0.0 -53.2414554,-26.813909499239,0.0 -53.2414534,-26.813902699239,0.0 -53.2414469,-26.813883999239,0.0 -53.2414371,-26.813860599239,0.0 -53.2414282,-26.813844599239,0.0 -53.2414131,-26.813822299239,0.0 -53.2414026,-26.813802499239,0.0 -53.2413966,-26.813792599239,0.0 -53.2413788,-26.813759899239,0.0 -53.241348,-26.813708999239,0.0 -53.2413338,-26.813681199239,0.0 -53.2413181,-26.813644899239,0.0 -53.2413081,-26.813622399239,0.0 -53.2413022,-26.8136060992391,0.0 -53.2412913,-26.813584599239,0.0 -53.241283,-26.8135649992391,0.0 -53.2412783,-26.8135546992391,0.0 -53.2412708,-26.813539099239,0.0 -53.2412547,-26.8134937992391,0.0 -53.2412541,-26.813490099239,0.0 -53.2412477,-26.8134740992391,0.0 -53.2412495,-26.8134643992391,0.0 -53.2412497,-26.813447999239,0.0 -53.2412489,-26.813429899239,0.0 -53.2412472,-26.8134089992391,0.0 -53.241248,-26.8133756992391,0.0 -53.2412499,-26.8133526992391,0.0 -53.2412474,-26.813332799239,0.0 -53.241247,-26.8133259992391,0.0 -53.2412465,-26.8133191992391,0.0 -53.241246,-26.813310899239,0.0 -53.2412474,-26.8132959992391,0.0 -53.2412479,-26.8132839992391,0.0 -53.2412457,-26.8132652992391,0.0 -53.2412431,-26.8132442992391,0.0 -53.241242,-26.8132403992391,0.0 -53.2412343,-26.8132241992391,0.0 -53.2412254,-26.8132039992391,0.0 -53.2412183,-26.8131860992391,0.0 -53.241208,-26.8131706992391,0.0 -53.2412044,-26.8131641992391,0.0 -53.2411961,-26.8131491992391,0.0 -53.2411871,-26.8131376992391,0.0 -53.241175,-26.8131221992391,0.0 -53.2411583,-26.8131066992391,0.0 -53.2411424,-26.8130949992391,0.0 -53.2411393,-26.8130904992391,0.0 -53.2411181,-26.8130740992391,0.0 -53.2411011,-26.8130629992391,0.0 -53.2410848,-26.8130527992391,0.0 -53.2410588,-26.8130414992391,0.0 -53.2410389,-26.8130371992391,0.0 -53.2410113,-26.8130311992391,0.0 -53.2409916,-26.8130252992391,0.0 -53.2409675,-26.8130219992391,0.0 -53.2409431,-26.8130188992391,0.0 -53.2409364,-26.8130172992391,0.0 -53.2409288,-26.8130174992391,0.0 -53.2409002,-26.8130120992391,0.0 -53.2408581,-26.8130073992391,0.0 -53.240832,-26.8130042992391,0.0 -53.240816,-26.8130041992391,0.0 -53.2408122,-26.8130030992391,0.0 -53.240785,-26.8130010992391,0.0 -53.2407618,-26.8129995992391,0.0 -53.2407388,-26.8130012992391,0.0 -53.240716,-26.8130023992391,0.0 -53.2406811,-26.8130018992391,0.0 -53.240657,-26.8129992992391,0.0 -53.2406354,-26.8129977992391,0.0 -53.2406311,-26.8129978992391,0.0 -53.2406048,-26.8130005992391,0.0 -53.2405833,-26.8130035992391,0.0 -53.2405638,-26.8130044992391,0.0 -53.2405577,-26.8130043992391,0.0 -53.2405322,-26.8130083992391,0.0 -53.2404766,-26.8130138992391,0.0 -53.2404529,-26.8130120992391,0.0 -53.2404383,-26.8130132992391,0.0 -53.2404191,-26.8130136992391,0.0 -53.2404042,-26.8130127992391,0.0 -53.2403391,-26.8130114992391,0.0 -53.2403188,-26.8130084992391,0.0 -53.2403044,-26.8130069992391,0.0 -53.2402911,-26.8130035992391,0.0 -53.2402815,-26.8130021992391,0.0 -53.2402697,-26.8130024992391,0.0 -53.2402361,-26.8130028992391,0.0 -53.2402213,-26.8130050992391,0.0 -53.2402125,-26.8130056992391,0.0 -53.2402048,-26.8130063992391,0.0 -53.2402007,-26.8130061992391,0.0 -53.2401796,-26.8130036992391,0.0 -53.2401489,-26.8129980992391,0.0 -53.2401348,-26.8129992992391,0.0 -53.2401076,-26.8129999992391,0.0 -53.2400833,-26.8129990992391,0.0 -53.2400608,-26.8129971992391,0.0 -53.2400403,-26.8129973992391,0.0 -53.2400229,-26.8129964992391,0.0 -53.2399682,-26.8129956992391,0.0 -53.2399463,-26.8129938992391,0.0 -53.2399225,-26.8129941992391,0.0 -53.2398746,-26.8129946992391,0.0 -53.2398427,-26.8129943992391,0.0 -53.2398218,-26.8129961992391,0.0 -53.2397759,-26.8129994992391,0.0 -53.2397492,-26.8129993992391,0.0 -53.239722,-26.8129998992391,0.0 -53.2396902,-26.8130026992391,0.0 -53.2396788,-26.8130019992391,0.0 -53.2396636,-26.8130020992391,0.0 -53.2396384,-26.8130050992391,0.0 -53.2396152,-26.8130040992391,0.0 -53.2395881,-26.8130039992391,0.0 -53.2395646,-26.8130004992391,0.0 -53.2395573,-26.8129992992391,0.0 -53.2395319,-26.8129988992391,0.0 -53.2395111,-26.8129983992391,0.0 -53.2394886,-26.8129959992391,0.0 -53.2394427,-26.8129903992391,0.0 -53.2394139,-26.8129885992391,0.0 -53.2393988,-26.8129883992391,0.0 -53.2393554,-26.8129834992391,0.0 -53.2393133,-26.8129792992391,0.0 -53.2393028,-26.8129775992391,0.0 -53.2392762,-26.8129756992391,0.0 -53.2392467,-26.8129719992391,0.0 -53.2392266,-26.8129696992391,0.0 -53.2392155,-26.8129675992391,0.0 -53.2391922,-26.8129651992391,0.0 -53.2391675,-26.8129579992391,0.0 -53.2391398,-26.8129563992391,0.0 -53.2391164,-26.8129551992391,0.0 -53.2390996,-26.8129499992391,0.0 -53.2390741,-26.8129458992391,0.0 -53.2390504,-26.8129458992391,0.0 -53.2389998,-26.8129387992391,0.0 -53.2389939,-26.8129377992391,0.0 -53.2389646,-26.8129363992391,0.0 -53.2389429,-26.8129346992391,0.0 -53.238911,-26.8129361992391,0.0 -53.2388885,-26.8129355992391,0.0 -53.2388652,-26.8129333992391,0.0 -53.2388362,-26.8129340992391,0.0 -53.238812,-26.8129350992391,0.0 -53.2387878,-26.8129384992391,0.0 -53.2387659,-26.8129354992391,0.0 -53.2387308,-26.8129369992391,0.0 -53.2387041,-26.8129387992391,0.0 -53.2386973,-26.8129369992391,0.0 -53.2386734,-26.8129406992391,0.0 -53.2386269,-26.8129400992391,0.0 -53.2386205,-26.8129416992391,0.0 -53.2385993,-26.8129427992391,0.0 -53.2385763,-26.8129418992391,0.0 -53.2385327,-26.8129309992391,0.0 -53.2385163,-26.8129284992391,0.0 -53.2385034,-26.8129261992391,0.0 -53.2384842,-26.8129202992391,0.0 -53.2384624,-26.8129147992391,0.0 -53.2384466,-26.8129109992391,0.0 -53.2384393,-26.8129074992391,0.0 -53.2384211,-26.8128960992391,0.0 -53.2384036,-26.8128860992391,0.0 -53.238378,-26.8128796992391,0.0 -53.2383555,-26.8128737992391,0.0 -53.2383307,-26.8128663992391,0.0 -53.2383267,-26.8128667992391,0.0 -53.2383063,-26.8128667992391,0.0 -53.2382913,-26.8128619992391,0.0 -53.2382657,-26.8128581992391,0.0 -53.2382357,-26.8128532992391,0.0 -53.2382184,-26.8128540992391,0.0 -53.2381887,-26.8128585992391,0.0 -53.2381687,-26.8128627992391,0.0 -53.2381447,-26.8128689992391,0.0 -53.2381296,-26.8128755992391,0.0 -53.2381205,-26.8128799992391,0.0 -53.2380994,-26.8128887992391,0.0 -53.238078,-26.8128973992391,0.0 -53.2380662,-26.8129051992391,0.0 -53.2380638,-26.8129063992391,0.0 -53.2380616,-26.8129075992391,0.0 -53.2380504,-26.8129149992391,0.0 -53.2380342,-26.8129267992391,0.0 -53.2380164,-26.8129439992391,0.0 -53.2380063,-26.8129641992391,0.0 -53.2379995,-26.8129835992391,0.0 -53.2379843,-26.8130033992391,0.0 -53.2379712,-26.8130187992391,0.0 -53.2379689,-26.8130246992391,0.0 -53.2379551,-26.8130397992391,0.0 -53.2379433,-26.8130513992391,0.0 -53.2379412,-26.8130532992391,0.0 -53.2379352,-26.8130595992391,0.0 -53.2379202,-26.8130720992391,0.0 -53.2379051,-26.8130820992391,0.0 -53.2378806,-26.8131012992391,0.0 -53.23786,-26.8131140992391,0.0 -53.2378422,-26.8131259992391,0.0 -53.2378219,-26.8131423992391,0.0 -53.2378069,-26.8131568992391,0.0 -53.2377824,-26.8131749992391,0.0 -53.2377634,-26.813190099239,0.0 -53.2377451,-26.8132018992391,0.0 -53.2377077,-26.8132345992391,0.0 -53.2376896,-26.8132500992391,0.0 -53.2376708,-26.8132613992391,0.0 -53.2376556,-26.8132742992391,0.0 -53.2376419,-26.8132849992391,0.0 -53.2376261,-26.8132990992391,0.0 -53.2376208,-26.8133044992391,0.0 -53.237602,-26.813320499239,0.0 -53.2375677,-26.8133472992391,0.0 -53.2375473,-26.8133624992391,0.0 -53.2375425,-26.813365699239,0.0 -53.2375214,-26.8133780992391,0.0 -53.237504,-26.8133922992391,0.0 -53.2374989,-26.8133956992391,0.0 -53.2374839,-26.8134118992391,0.0 -53.2374517,-26.813438799239,0.0 -53.2374363,-26.8134522992391,0.0 -53.2374274,-26.8134581992391,0.0 -53.2374115,-26.8134708992391,0.0 -53.2373968,-26.8134837992391,0.0 -53.2373603,-26.813510599239,0.0 -53.2373457,-26.8135227992391,0.0 -53.2373397,-26.813524699239,0.0 -53.2373226,-26.813538499239,0.0 -53.2373004,-26.813551599239,0.0 -53.237279,-26.8135665992391,0.0 -53.2372442,-26.8135904992391,0.0 -53.2372246,-26.8136058992391,0.0 -53.2372083,-26.8136134992391,0.0 -53.2371939,-26.813623299239,0.0 -53.237177,-26.813636399239,0.0 -53.2371571,-26.813646499239,0.0 -53.237143,-26.813661799239,0.0 -53.237122,-26.813679699239,0.0 -53.2371057,-26.813695599239,0.0 -53.2370894,-26.813715599239,0.0 -53.2370761,-26.813726599239,0.0 -53.2370661,-26.813740099239,0.0 -53.2370559,-26.813756699239,0.0 -53.2370426,-26.813767099239,0.0 -53.2370248,-26.813782399239,0.0 -53.237009,-26.813791899239,0.0 -53.2369886,-26.813804399239,0.0 -53.2369809,-26.813808099239,0.0 -53.2369631,-26.813814299239,0.0 -53.2369461,-26.813823199239,0.0 -53.2369257,-26.813831199239,0.0 -53.2369096,-26.813834399239,0.0 -53.2368892,-26.813851199239,0.0 -53.2368863,-26.813852999239,0.0 -53.2368665,-26.813858799239,0.0 -53.2368486,-26.8138699992391,0.0 -53.2368289,-26.813883299239,0.0 -53.2368089,-26.813894499239,0.0 -53.2367712,-26.813910799239,0.0 -53.236753,-26.813920099239,0.0 -53.2367473,-26.813921099239,0.0 -53.2367334,-26.813926699239,0.0 -53.2367146,-26.813934599239,0.0 -53.2366941,-26.813936299239,0.0 -53.2366537,-26.813943199239,0.0 -53.2366325,-26.813949599239,0.0 -53.2366163,-26.813950799239,0.0 -53.2365948,-26.813954899239,0.0 -53.2365726,-26.813957799239,0.0 -53.2365423,-26.813959099239,0.0 -53.2365356,-26.813958299239,0.0 -53.2365122,-26.813960099239,0.0 -53.236488,-26.813961799239,0.0 -53.236463,-26.813966099239,0.0 -53.2364396,-26.813969799239,0.0 -53.2364123,-26.813979099239,0.0 -53.2364081,-26.813981299239,0.0 -53.2363877,-26.813988599239,0.0 -53.236366,-26.814001199239,0.0 -53.2363569,-26.814004799239,0.0 -53.2363361,-26.814011599239,0.0 -53.2363148,-26.814022099239,0.0 -53.236305,-26.814028199239,0.0 -53.2362864,-26.814040899239,0.0 -53.2362674,-26.814049999239,0.0 -53.2362397,-26.814062899239,0.0 -53.2362174,-26.814071999239,0.0 -53.2361939,-26.814085499239,0.0 -53.2361519,-26.814112399239,0.0 -53.2361357,-26.814124399239,0.0 -53.2361252,-26.814130899239,0.0 -53.2361069,-26.814144599239,0.0 -53.2360901,-26.814157199239,0.0 -53.2360642,-26.814175999239,0.0 -53.2360482,-26.814190499239,0.0 -53.2360281,-26.814208399239,0.0 -53.2359999,-26.814238599239,0.0 -53.235981,-26.814259499239,0.0 -53.2359688,-26.814273499239,0.0 -53.2359513,-26.814293499239,0.0 -53.2359415,-26.814303899239,0.0 -53.2359278,-26.814322599239,0.0 -53.235919,-26.814339099239,0.0 -53.2359035,-26.814358999239,0.0 -53.2358964,-26.814370399239,0.0 -53.2358847,-26.814386299239,0.0 -53.235877,-26.814402299239,0.0 -53.2358704,-26.814408799239,0.0 -53.2358557,-26.814424299239,0.0 -53.2358444,-26.814434799239,0.0 -53.2358257,-26.814454899239,0.0 -53.2358126,-26.814468699239,0.0 -53.2358,-26.814485599239,0.0 -53.2357852,-26.814504199239,0.0 -53.2357785,-26.814514899239,0.0 -53.235767,-26.814528399239,0.0 -53.2357356,-26.814561299239,0.0 -53.2357192,-26.814578299239,0.0 -53.2357065,-26.814594999239,0.0 -53.2356973,-26.814603699239,0.0 -53.2356805,-26.814616599239,0.0 -53.2356686,-26.814628699239,0.0 -53.2356116,-26.814667399239,0.0 -53.2355925,-26.814679299239,0.0 -53.2355742,-26.814692499239,0.0 -53.2355603,-26.814699599239,0.0 -53.2355419,-26.814710999239,0.0 -53.2355254,-26.814716299239,0.0 -53.2355047,-26.814728599239,0.0 -53.2354831,-26.814744499239,0.0 -53.2354678,-26.814757199239,0.0 -53.2354613,-26.814762999239,0.0 -53.2354507,-26.814770499239,0.0 -53.2354336,-26.814787499239,0.0 -53.2354222,-26.814802299239,0.0 -53.2354123,-26.814818599239,0.0 -53.2354027,-26.814833499239,0.0 -53.2353868,-26.814850599239,0.0 -53.2353802,-26.814864099239,0.0 -53.2353704,-26.814890299239,0.0 -53.2353626,-26.814907399239,0.0 -53.2353572,-26.814924499239,0.0 -53.2353544,-26.814933099239,0.0 -53.2353519,-26.814941399239,0.0 -53.2353504,-26.814964499239,0.0 -53.2353463,-26.814982699239,0.0 -53.2353429,-26.815003099239,0.0 -53.2353406,-26.815018199239,0.0 -53.2353385,-26.815043899239,0.0 -53.2353343,-26.815064199239,0.0 -53.2353332,-26.815070199239,0.0 -53.2353302,-26.815090099239,0.0 -53.2353272,-26.815114299239,0.0 -53.2353274,-26.815120199239,0.0 -53.2353265,-26.815145699239,0.0 -53.2353248,-26.815186899239,0.0 -53.2353236,-26.815209199239,0.0 -53.2353247,-26.815218899239,0.0 -53.2353255,-26.815253099239,0.0 -53.2353244,-26.815274799239,0.0 -53.2353228,-26.815297299239,0.0 -53.2353195,-26.815353899239,0.0 -53.2353154,-26.815379899239,0.0 -53.2353132,-26.815396699239,0.0 -53.2353093,-26.815428599239,0.0 -53.2353024,-26.815436599239,0.0 -53.235296,-26.815451799239,0.0 -53.2352887,-26.815469499239,0.0 -53.2352821,-26.815490099239,0.0 -53.2352756,-26.815507999239,0.0 -53.2352618,-26.815534199239,0.0 -53.2352535,-26.815554599239,0.0 -53.2352436,-26.815569099239,0.0 -53.2352315,-26.815586999239,0.0 -53.2352255,-26.815594199239,0.0 -53.235216,-26.815605899239,0.0 -53.235201,-26.815621599239,0.0 -53.2351851,-26.815632699239,0.0 -53.2351686,-26.815646399239,0.0 -53.2351534,-26.815658999239,0.0 -53.2351154,-26.815680899239,0.0 -53.2351032,-26.815688599239,0.0 -53.2350934,-26.815691899239,0.0 -53.2350764,-26.815702499239,0.0 -53.2350574,-26.815712999239,0.0 -53.2350539,-26.815714799239,0.0 -53.2350343,-26.815720199239,0.0 -53.2349962,-26.815737699239,0.0 -53.2349852,-26.815743199239,0.0 -53.2349655,-26.815757999239,0.0 -53.2349451,-26.815770799239,0.0 -53.2349236,-26.815782399239,0.0 -53.2349025,-26.815792799239,0.0 -53.2348854,-26.815803699239,0.0 -53.2348684,-26.815814399239,0.0 -53.2348409,-26.815826799239,0.0 -53.2348211,-26.815833999239,0.0 -53.2348007,-26.815840599239,0.0 -53.2347545,-26.815863099239,0.0 -53.2347398,-26.815870499239,0.0 -53.2347229,-26.815882299239,0.0 -53.2347094,-26.815888299239,0.0 -53.2346863,-26.815897699239,0.0 -53.2346572,-26.815905399239,0.0 -53.2346353,-26.815912699239,0.0 -53.2346158,-26.815927999239,0.0 -53.2345977,-26.815937099239,0.0 -53.2345779,-26.815941099239,0.0 -53.2345643,-26.815945599239,0.0 -53.2345379,-26.815949399239,0.0 -53.2344622,-26.815966799239,0.0 -53.2344382,-26.815972699239,0.0 -53.2344184,-26.815975699239,0.0 -53.2343959,-26.815979299239,0.0 -53.2343734,-26.815984099239,0.0 -53.234349,-26.815988699239,0.0 -53.2343411,-26.815988799239,0.0 -53.2342808,-26.815997899239,0.0 -53.2342551,-26.816001799239,0.0 -53.2342278,-26.816003499239,0.0 -53.234215,-26.816003199239,0.0 -53.2341968,-26.816000199239,0.0 -53.2341697,-26.815994999239,0.0 -53.2341524,-26.815992599239,0.0 -53.2341254,-26.815990699239,0.0 -53.2340943,-26.815988299239,0.0 -53.2340686,-26.815984499239,0.0 -53.2340462,-26.815983199239,0.0 -53.2340342,-26.815980399239,0.0 -53.2339928,-26.815968699239,0.0 -53.2339721,-26.815961899239,0.0 -53.2339601,-26.815957399239,0.0 -53.2339378,-26.815948399239,0.0 -53.2339238,-26.815939499239,0.0 -53.2338959,-26.815918199239,0.0 -53.2338854,-26.815907099239,0.0 -53.2338725,-26.815892399239,0.0 -53.2338612,-26.815868699239,0.0 -53.2338549,-26.815854599239,0.0 -53.2338488,-26.815837399239,0.0 -53.2338434,-26.815819699239,0.0 -53.2338344,-26.815791999239,0.0 -53.2338291,-26.815769999239,0.0 -53.2338216,-26.815750499239,0.0 -53.2338137,-26.815730299239,0.0 -53.2338128,-26.815726499239,0.0 -53.2338104,-26.815719199239,0.0 -53.2338006,-26.815699599239,0.0 -53.2337922,-26.815680999239,0.0 -53.2337868,-26.815668299239,0.0 -53.233772,-26.815638399239,0.0 -53.2337602,-26.815617799239,0.0 -53.2337512,-26.815597199239,0.0 -53.2337339,-26.815552699239,0.0 -53.2337248,-26.815530199239,0.0 -53.233716,-26.815513499239,0.0 -53.2337047,-26.815487199239,0.0 -53.2336911,-26.815455999239,0.0 -53.2336699,-26.815412099239,0.0 -53.2336575,-26.815388499239,0.0 -53.2336481,-26.815370899239,0.0 -53.2336338,-26.815346599239,0.0 -53.2336281,-26.815336999239,0.0 -53.2336183,-26.815323699239,0.0 -53.2335903,-26.815284499239,0.0 -53.2335772,-26.815263899239,0.0 -53.2335671,-26.815245299239,0.0 -53.2335567,-26.815226999239,0.0 -53.2335478,-26.815213399239,0.0 -53.2335336,-26.815194499239,0.0 -53.2335208,-26.815178199239,0.0 -53.2335072,-26.815162099239,0.0 -53.2334743,-26.815120099239,0.0 -53.2334626,-26.815104599239,0.0 -53.2334471,-26.815082699239,0.0 -53.2334266,-26.815054599239,0.0 -53.2334117,-26.815034399239,0.0 -53.2334046,-26.815021399239,0.0 -53.2334007,-26.815015399239,0.0 -53.2333938,-26.814996799239,0.0 -53.2333939,-26.814978099239,0.0 -53.2333962,-26.814948899239,0.0 -53.2333957,-26.814946099239,0.0 -53.2333796,-26.814917399239,0.0 -53.2333675,-26.814899899239,0.0 -53.2333461,-26.814881199239,0.0 -53.2333327,-26.814872899239,0.0 -53.2333147,-26.814858399239,0.0 -53.2333104,-26.814853199239,0.0 -53.2333047,-26.814843499239,0.0 -53.2332831,-26.814813299239,0.0 -53.2332707,-26.814796199239,0.0 -53.2332687,-26.814792099239,0.0 -53.2332506,-26.814768999239,0.0 -53.2332458,-26.814763799239,0.0 -53.2332173,-26.814726599239,0.0 -53.2332052,-26.814706199239,0.0 -53.2331885,-26.814690699239,0.0 -53.2331725,-26.814667799239,0.0 -53.2331684,-26.814660799239,0.0 -53.233159,-26.814647299239,0.0 -53.2331494,-26.814629799239,0.0 -53.2331363,-26.814612399239,0.0 -53.2331003,-26.814552999239,0.0 -53.2330799,-26.814519299239,0.0 -53.2330767,-26.814513599239,0.0 -53.2330626,-26.814493099239,0.0 -53.2330527,-26.814469199239,0.0 -53.2330398,-26.814443499239,0.0 -53.2330317,-26.814426099239,0.0 -53.232999,-26.814361899239,0.0 -53.2329854,-26.814341599239,0.0 -53.2329763,-26.814324299239,0.0 -53.2329644,-26.814307799239,0.0 -53.2329546,-26.814290999239,0.0 -53.2329425,-26.814270399239,0.0 -53.2329373,-26.814262399239,0.0 -53.2329242,-26.814243399239,0.0 -53.232912,-26.814228899239,0.0 -53.2329008,-26.814213399239,0.0 -53.2328886,-26.814197199239,0.0 -53.2328755,-26.814180399239,0.0 -53.2328489,-26.814146499239,0.0 -53.2328174,-26.814104399239,0.0 -53.2328052,-26.814090599239,0.0 -53.2327878,-26.814068999239,0.0 -53.2327774,-26.814059299239,0.0 -53.2327623,-26.814043799239,0.0 -53.2327481,-26.814027499239,0.0 -53.2327421,-26.814020699239,0.0 -53.2327314,-26.814003799239,0.0 -53.2327279,-26.813996999239,0.0 -53.2327175,-26.813981899239,0.0 -53.2327051,-26.813959599239,0.0 -53.2326971,-26.813943699239,0.0 -53.2326866,-26.813921599239,0.0 -53.2326818,-26.813904999239,0.0 -53.2326801,-26.813902399239,0.0 -53.2326783,-26.813893499239,0.0 -53.2326742,-26.813873599239,0.0 -53.2326775,-26.813851099239,0.0 -53.2326775,-26.813836199239,0.0 -53.2326793,-26.813815299239,0.0 -53.2326798,-26.813791899239,0.0 -53.2326806,-26.813775199239,0.0 -53.2326818,-26.813755599239,0.0 -53.2326855,-26.813732099239,0.0 -53.2326972,-26.813686399239,0.0 -53.2327041,-26.813666499239,0.0 -53.232706,-26.813649299239,0.0 -53.2327132,-26.8136285992391,0.0 -53.2327178,-26.813610599239,0.0 -53.2327212,-26.813603499239,0.0 -53.2327371,-26.8135622992391,0.0 -53.2327439,-26.8135388992391,0.0 -53.2327491,-26.813509399239,0.0 -53.2327526,-26.8134870992391,0.0 -53.2327549,-26.813467899239,0.0 -53.2327615,-26.813403099239,0.0 -53.2327612,-26.8133791992391,0.0 -53.232762,-26.8133542992391,0.0 -53.2327608,-26.8133305992391,0.0 -53.2327569,-26.813312799239,0.0 -53.2327533,-26.813291099239,0.0 -53.2327484,-26.8132580992391,0.0 -53.2327427,-26.8132338992391,0.0 -53.2327365,-26.8132107992391,0.0 -53.2327295,-26.8131847992391,0.0 -53.2327226,-26.8131658992391,0.0 -53.2327014,-26.8131151992391,0.0 -53.2326899,-26.8130927992391,0.0 -53.2326785,-26.8130710992391,0.0 -53.2326666,-26.8130515992391,0.0 -53.2326388,-26.8130119992391,0.0 -53.2326244,-26.8129926992391,0.0 -53.2326155,-26.8129813992391,0.0 -53.2326023,-26.8129635992391,0.0 -53.2325682,-26.8129216992391,0.0 -53.23254,-26.8128923992391,0.0 -53.2325311,-26.8128819992391,0.0 -53.2325165,-26.8128669992391,0.0 -53.23251,-26.8128587992391,0.0 -53.2324952,-26.8128437992391,0.0 -53.2324781,-26.8128243992391,0.0 -53.2324634,-26.8128060992391,0.0 -53.2324413,-26.8127872992391,0.0 -53.2324188,-26.8127643992391,0.0 -53.2324056,-26.8127496992391,0.0 -53.2323862,-26.8127333992391,0.0 -53.2323674,-26.8127195992391,0.0 -53.2323488,-26.8127051992391,0.0 -53.2323276,-26.8126900992391,0.0 -53.2323102,-26.8126773992391,0.0 -53.2322925,-26.8126657992391,0.0 -53.2322795,-26.8126554992391,0.0 -53.2322616,-26.8126414992391,0.0 -53.2322416,-26.8126203992391,0.0 -53.2321995,-26.8125833992391,0.0 -53.2321787,-26.8125636992391,0.0 -53.2321611,-26.8125485992391,0.0 -53.2321358,-26.8125229992391,0.0 -53.2321128,-26.8125042992391,0.0 -53.2321005,-26.8124918992391,0.0 -53.2320711,-26.8124591992391,0.0 -53.2320631,-26.8124451992391,0.0 -53.2320425,-26.8124177992391,0.0 -53.2320313,-26.8124001992391,0.0 -53.2320168,-26.8123724992391,0.0 -53.2319918,-26.8123315992391,0.0 -53.2319819,-26.8123140992391,0.0 -53.2319797,-26.8123097992391,0.0 -53.2319721,-26.8122899992391,0.0 -53.2319613,-26.8122683992391,0.0 -53.2319525,-26.8122424992391,0.0 -53.2319489,-26.8122217992391,0.0 -53.2319454,-26.8122014992391,0.0 -53.2319434,-26.8121796992391,0.0 -53.2319434,-26.8121681992391,0.0 -53.2319427,-26.8121461992391,0.0 -53.2319439,-26.8121178992391,0.0 -53.2319441,-26.8121152992391,0.0 -53.2319474,-26.8120925992391,0.0 -53.2319514,-26.8120730992391,0.0 -53.2319619,-26.8120145992391,0.0 -53.2319697,-26.8119937992391,0.0 -53.2319737,-26.8119805992391,0.0 -53.2319765,-26.8119573992391,0.0 -53.2319804,-26.8119378992391,0.0 -53.2319841,-26.8119185992391,0.0 -53.2319844,-26.8119098992391,0.0 -53.2319896,-26.8118883992391,0.0 -53.2319917,-26.8118673992391,0.0 -53.2319964,-26.8118448992391,0.0 -53.2319997,-26.8118208992391,0.0 -53.2320023,-26.8118021992391,0.0 -53.2320059,-26.8117804992391,0.0 -53.2320123,-26.8117556992391,0.0 -53.2320218,-26.8117061992391,0.0 -53.2320236,-26.8116848992391,0.0 -53.23203,-26.8116663992391,0.0 -53.2320357,-26.8116444992391,0.0 -53.2320599,-26.8115727992391,0.0 -53.2320701,-26.8115446992391,0.0 -53.2320818,-26.8115288992391,0.0 -53.2320889,-26.8115123992391,0.0 -53.2320973,-26.8114937992391,0.0 -53.2321087,-26.8114726992391,0.0 -53.2321121,-26.8114664992391,0.0 -53.2321191,-26.8114448992391,0.0 -53.2321247,-26.8114228992391,0.0 -53.232131,-26.8114014992391,0.0 -53.2321382,-26.8113675992391,0.0 -53.2321429,-26.8113467992391,0.0 -53.2321488,-26.8113288992391,0.0 -53.2321599,-26.8112901992391,0.0 -53.2321662,-26.8112728992391,0.0 -53.2321744,-26.8112538992391,0.0 -53.2321831,-26.8112325992391,0.0 -53.2321834,-26.8112309992391,0.0 -53.2321903,-26.8112123992391,0.0 -53.2321958,-26.8111899992391,0.0 -53.2322088,-26.8111660992391,0.0 -53.2322149,-26.8111479992391,0.0 -53.2322178,-26.8111357992391,0.0 -53.2322193,-26.8111169992391,0.0 -53.2322169,-26.8110876992391,0.0 -53.2322129,-26.8110775992391,0.0 -53.2322001,-26.8110491992391,0.0 -53.232183,-26.8110317992391,0.0 -53.2321618,-26.8110135992391,0.0 -53.2321425,-26.8109992992391,0.0 -53.232122,-26.8109908992391,0.0 -53.232113,-26.8109854992391,0.0 -53.232089,-26.8109732992391,0.0 -53.232046,-26.8109528992391,0.0 -53.2320176,-26.8109410992391,0.0 -53.2319931,-26.8109306992391,0.0 -53.2319735,-26.8109255992391,0.0 -53.2319521,-26.8109188992391,0.0 -53.231944,-26.8109154992391,0.0 -53.2319215,-26.8109034992391,0.0 -53.23183,-26.8108563992391,0.0 -53.2318022,-26.8108399992391,0.0 -53.2317799,-26.8108306992391,0.0 -53.2317558,-26.8108239992391,0.0 -53.2317468,-26.8108209992391,0.0 -53.2317264,-26.8108114992391,0.0 -53.2316999,-26.8108022992391,0.0 -53.2316823,-26.8107966992391,0.0 -53.2316575,-26.8107903992391,0.0 -53.231631,-26.8107838992391,0.0 -53.2316143,-26.8107815992391,0.0 -53.2315989,-26.8107774992391,0.0 -53.2315741,-26.8107748992391,0.0 -53.2315518,-26.8107709992391,0.0 -53.2315403,-26.8107686992391,0.0 -53.2315194,-26.8107630992391,0.0 -53.2314904,-26.8107569992391,0.0 -53.2314712,-26.8107508992391,0.0 -53.2314567,-26.8107470992391,0.0 -53.2314308,-26.8107398992391,0.0 -53.2314084,-26.8107352992391,0.0 -53.2314014,-26.8107333992391,0.0 -53.2313798,-26.8107304992391,0.0 -53.2313525,-26.8107265992391,0.0 -53.2313305,-26.8107218992391,0.0 -53.2313246,-26.8107215992391,0.0 -53.2312541,-26.8107077992391,0.0 -53.2312283,-26.8107035992391,0.0 -53.2312168,-26.8107025992391,0.0 -53.2311964,-26.8106986992391,0.0 -53.231181,-26.8106949992391,0.0 -53.2311592,-26.8106866992391,0.0 -53.2311415,-26.8106790992391,0.0 -53.2311268,-26.8106740992391,0.0 -53.2310949,-26.8106590992391,0.0 -53.2310768,-26.8106510992391,0.0 -53.2310682,-26.8106459992391,0.0 -53.2310627,-26.8106445992391,0.0 -53.2310418,-26.8106379992391,0.0 -53.2310132,-26.8106260992391,0.0 -53.2309868,-26.8106095992391,0.0 -53.2309712,-26.8105964992391,0.0 -53.2309523,-26.8105878992391,0.0 -53.2309083,-26.8105732992391,0.0 -53.2308857,-26.8105604992391,0.0 -53.2308677,-26.8105493992391,0.0 -53.2308506,-26.8105422992391,0.0 -53.2308351,-26.8105296992391,0.0 -53.2308259,-26.8105248992391,0.0 -53.2308084,-26.8105081992391,0.0 -53.2307936,-26.8104956992391,0.0 -53.2307699,-26.8104828992391,0.0 -53.2307487,-26.8104690992391,0.0 -53.2307292,-26.8104558992391,0.0 -53.2307104,-26.8104477992391,0.0 -53.2306918,-26.8104367992391,0.0 -53.2306624,-26.8104253992391,0.0 -53.2306485,-26.8104161992391,0.0 -53.2306294,-26.8104103992391,0.0 -53.2306112,-26.8104008992391,0.0 -53.2305848,-26.8103848992391,0.0 -53.2305583,-26.8103688992391,0.0 -53.2305482,-26.8103625992391,0.0 -53.2305292,-26.8103511992391,0.0 -53.2305162,-26.8103407992391,0.0 -53.2304975,-26.8103288992391,0.0 -53.2304802,-26.8103113992391,0.0 -53.2304665,-26.8103000992391,0.0 -53.2304623,-26.8102967992391,0.0 -53.230459,-26.8102932992391,0.0 -53.2304421,-26.8102792992391,0.0 -53.230423,-26.8102668992391,0.0 -53.2304071,-26.8102518992391,0.0 -53.230388,-26.8102389992391,0.0 -53.2303683,-26.8102238992391,0.0 -53.2303533,-26.8102105992391,0.0 -53.2303358,-26.8101931992391,0.0 -53.2303214,-26.8101813992391,0.0 -53.2303062,-26.8101678992391,0.0 -53.2302896,-26.8101551992391,0.0 -53.2302739,-26.8101430992391,0.0 -53.2302585,-26.8101320992391,0.0 -53.230237,-26.8101137992391,0.0 -53.2302049,-26.8100860992391,0.0 -53.2301876,-26.8100738992391,0.0 -53.2301852,-26.8100721992391,0.0 -53.2301795,-26.8100680992391,0.0 -53.2301677,-26.8100594992391,0.0 -53.2301536,-26.8100464992391,0.0 -53.2301132,-26.8100140992391,0.0 -53.2300884,-26.8099960992391,0.0 -53.2300729,-26.8099841992391,0.0 -53.2300349,-26.8099622992391,0.0 -53.2300179,-26.8099508992391,0.0 -53.2300069,-26.8099438992391,0.0 -53.2299812,-26.8099330992391,0.0 -53.2299604,-26.8099228992391,0.0 -53.2299382,-26.8099125992391,0.0 -53.2299183,-26.8099042992391,0.0 -53.229901,-26.8098973992391,0.0 -53.2298765,-26.8098850992391,0.0 -53.2298569,-26.8098754992391,0.0 -53.2298132,-26.8098556992391,0.0 -53.22979,-26.8098425992391,0.0 -53.2297759,-26.8098357992391,0.0 -53.2297259,-26.8098132992391,0.0 -53.2297081,-26.8098033992391,0.0 -53.2296853,-26.8097944992391,0.0 -53.2296665,-26.8097839992391,0.0 -53.2296407,-26.8097713992391,0.0 -53.2296189,-26.8097585992391,0.0 -53.2296046,-26.8097477992391,0.0 -53.2295752,-26.8097360992391,0.0 -53.2295532,-26.8097296992391,0.0 -53.2295273,-26.8097205992391,0.0 -53.2294955,-26.8097128992391,0.0 -53.2294737,-26.8097057992391,0.0 -53.2294504,-26.8096976992391,0.0 -53.2294214,-26.8096902992391,0.0 -53.2294009,-26.8096838992391,0.0 -53.2293783,-26.8096768992391,0.0 -53.2293709,-26.8096735992391,0.0 -53.2293507,-26.8096670992391,0.0 -53.2293251,-26.8096586992391,0.0 -53.229297,-26.8096458992391,0.0 -53.2292738,-26.8096371992391,0.0 -53.2292515,-26.8096292992391,0.0 -53.2292295,-26.8096193992391,0.0 -53.2292012,-26.8096083992391,0.0 -53.2291416,-26.8095896992391,0.0 -53.229125,-26.8095828992391,0.0 -53.2291015,-26.8095750992391,0.0 -53.2290796,-26.8095675992391,0.0 -53.22906,-26.8095613992391,0.0 -53.2290404,-26.8095571992391,0.0 -53.2290193,-26.8095509992391,0.0 -53.2290022,-26.8095455992391,0.0 -53.2289897,-26.8095429992391,0.0 -53.2289714,-26.8095411992391,0.0 -53.2289485,-26.8095367992391,0.0 -53.228926,-26.8095294992391,0.0 -53.2289091,-26.8095224992391,0.0 -53.2289058,-26.8095193992391,0.0 -53.2288779,-26.8095104992391,0.0 -53.2288578,-26.8095040992391,0.0 -53.2288348,-26.8095010992391,0.0 -53.2287999,-26.8094927992391,0.0 -53.2287859,-26.8094882992391,0.0 -53.2287637,-26.8094818992391,0.0 -53.2287229,-26.8094647992391,0.0 -53.2286999,-26.8094560992391,0.0 -53.2286834,-26.8094511992391,0.0 -53.2286717,-26.8094361992391,0.0 -53.2286622,-26.8094249992391,0.0 -53.2286414,-26.8094133992391,0.0 -53.2286205,-26.8093936992391,0.0 -53.2286018,-26.8093804992391,0.0 -53.2285881,-26.8093647992391,0.0 -53.2285665,-26.8093526992391,0.0 -53.2285498,-26.8093386992391,0.0 -53.2285274,-26.8093241992391,0.0 -53.2285175,-26.8093184992391,0.0 -53.228492,-26.8093110992391,0.0 -53.228468,-26.8093058992391,0.0 -53.2284534,-26.8092995992391,0.0 -53.2284315,-26.8092988992391,0.0 -53.2284071,-26.8092891992391,0.0 -53.2283853,-26.8092840992391,0.0 -53.2283668,-26.8092715992391,0.0 -53.2283436,-26.8092608992391,0.0 -53.228321,-26.8092495992391,0.0 -53.2282812,-26.8092328992391,0.0 -53.2282618,-26.8092257992391,0.0 -53.2282418,-26.8092203992391,0.0 -53.2282205,-26.8092102992391,0.0 -53.2282145,-26.8092090992391,0.0 -53.2281959,-26.8092006992391,0.0 -53.2281683,-26.8091899992391,0.0 -53.2281482,-26.8091817992391,0.0 -53.2281266,-26.8091720992391,0.0 -53.2281234,-26.8091720992391,0.0 -53.2281036,-26.8091663992391,0.0 -53.2280854,-26.8091601992391,0.0 -53.2280693,-26.8091488992391,0.0 -53.2280479,-26.8091388992391,0.0 -53.2280305,-26.8091290992391,0.0 -53.2280062,-26.8091183992391,0.0 -53.2279949,-26.8091140992391,0.0 -53.2279726,-26.8091062992391,0.0 -53.2279536,-26.8090955992391,0.0 -53.2279356,-26.8090866992391,0.0 -53.2279204,-26.8090801992391,0.0 -53.2279029,-26.8090698992391,0.0 -53.2278834,-26.8090572992391,0.0 -53.2278627,-26.8090432992391,0.0 -53.2278393,-26.8090364992391,0.0 -53.2278181,-26.8090269992391,0.0 -53.2277812,-26.8090127992391,0.0 -53.2277626,-26.8090009992391,0.0 -53.2277419,-26.8089826992391,0.0 -53.2277255,-26.8089663992391,0.0 -53.2277125,-26.8089504992391,0.0 -53.2277097,-26.8089305992391,0.0 -53.2276978,-26.8089180992391,0.0 -53.2276792,-26.8089062992391,0.0 -53.2276684,-26.8088987992391,0.0 -53.22765,-26.8088885992391,0.0 -53.2275996,-26.8088653992391,0.0 -53.227576,-26.8088588992391,0.0 -53.2275571,-26.8088514992391,0.0 -53.2275288,-26.8088468992391,0.0 -53.2275184,-26.8088389992391,0.0 -53.2274979,-26.8088327992391,0.0 -53.2274904,-26.8088307992391,0.0 -53.2274678,-26.8088229992391,0.0 -53.2274439,-26.8088189992391,0.0 -53.2274375,-26.8088169992391,0.0 -53.2274149,-26.8088141992391,0.0 -53.2273668,-26.8088073992391,0.0 -53.2273206,-26.8088072992391,0.0 -53.2273169,-26.8088063992391,0.0 -53.2272965,-26.8088033992391,0.0 -53.2272772,-26.8088019992391,0.0 -53.227255,-26.8087953992391,0.0 -53.2272327,-26.8087883992391,0.0 -53.2272056,-26.8087757992391,0.0 -53.2271715,-26.8087679992391,0.0 -53.2271525,-26.8087610992391,0.0 -53.2271354,-26.8087574992391,0.0 -53.227117,-26.8087495992391,0.0 -53.227089,-26.8087451992391,0.0 -53.2270649,-26.8087376992391,0.0 -53.2270432,-26.8087350992391,0.0 -53.2270193,-26.8087317992391,0.0 -53.2269716,-26.8087241992391,0.0 -53.2269499,-26.8087257992391,0.0 -53.2269255,-26.8087254992391,0.0 -53.226904,-26.8087292992391,0.0 -53.2268805,-26.8087318992391,0.0 -53.2268358,-26.8087326992391,0.0 -53.2268124,-26.8087364992391,0.0 -53.2267894,-26.8087383992391,0.0 -53.2267702,-26.8087395992391,0.0 -53.2267472,-26.8087428992391,0.0 -53.2267412,-26.8087441992391,0.0 -53.2266964,-26.8087527992391,0.0 -53.2266659,-26.8087574992391,0.0 -53.2266512,-26.8087608992391,0.0 -53.2266393,-26.8087666992391,0.0 -53.2266168,-26.8087705992391,0.0 -53.2265904,-26.8087725992391,0.0 -53.2265685,-26.8087770992391,0.0 -53.2265419,-26.8087908992391,0.0 -53.2265216,-26.8087979992391,0.0 -53.2264841,-26.8088089992391,0.0 -53.2264751,-26.8088143992391,0.0 -53.2264542,-26.8088197992391,0.0 -53.2264353,-26.8088225992391,0.0 -53.2264122,-26.8088274992391,0.0 -53.2263906,-26.8088329992391,0.0 -53.2263674,-26.8088443992391,0.0 -53.2263634,-26.8088462992391,0.0 -53.2263557,-26.8088479992391,0.0 -53.226339,-26.8088583992391,0.0 -53.2263113,-26.8088723992391,0.0 -53.2263032,-26.8088774992391,0.0 -53.2262844,-26.8088911992391,0.0 -53.2262629,-26.8089093992391,0.0 -53.2262593,-26.8089126992391,0.0 -53.226248,-26.8089294992391,0.0 -53.2262341,-26.8089456992391,0.0 -53.2262082,-26.8089717992391,0.0 -53.2261809,-26.8090021992391,0.0 -53.2261739,-26.8090074992391,0.0 -53.2261485,-26.8090380992391,0.0 -53.2261201,-26.8090663992391,0.0 -53.2261039,-26.8090788992391,0.0 -53.2260688,-26.8091116992391,0.0 -53.2260571,-26.8091164992391,0.0 -53.2260378,-26.8091319992391,0.0 -53.2260262,-26.8091417992391,0.0 -53.226006,-26.8091595992391,0.0 -53.2259903,-26.8091736992391,0.0 -53.2259675,-26.8091836992391,0.0 -53.2259489,-26.8091965992391,0.0 -53.225936,-26.8092006992391,0.0 -53.2259317,-26.8092034992391,0.0 -53.2259114,-26.8092138992391,0.0 -53.225894,-26.8092274992391,0.0 -53.2258739,-26.8092406992391,0.0 -53.2258557,-26.8092532992391,0.0 -53.2258395,-26.8092665992391,0.0 -53.2258223,-26.8092746992391,0.0 -53.225816,-26.8092793992391,0.0 -53.2257967,-26.8092951992391,0.0 -53.2257793,-26.8093097992391,0.0 -53.2257656,-26.8093249992391,0.0 -53.2257497,-26.8093409992391,0.0 -53.2256928,-26.8093906992391,0.0 -53.2256748,-26.8094026992391,0.0 -53.2256603,-26.8094151992391,0.0 -53.2256408,-26.8094297992391,0.0 -53.225621,-26.8094459992391,0.0 -53.2256047,-26.8094562992391,0.0 -53.2255859,-26.8094662992391,0.0 -53.2255655,-26.8094768992391,0.0 -53.2255358,-26.8094993992391,0.0 -53.2255153,-26.8095153992391,0.0 -53.2254936,-26.8095272992391,0.0 -53.2254851,-26.8095318992391,0.0 -53.2254784,-26.8095340992391,0.0 -53.2254608,-26.8095424992391,0.0 -53.225443,-26.8095520992391,0.0 -53.2254315,-26.8095580992391,0.0 -53.2254086,-26.8095665992391,0.0 -53.2253639,-26.8095850992391,0.0 -53.2253397,-26.8095943992391,0.0 -53.2253191,-26.8096025992391,0.0 -53.2253146,-26.8096047992391,0.0 -53.2252998,-26.8096121992391,0.0 -53.2252952,-26.8096126992391,0.0 -53.2252742,-26.8096193992391,0.0 -53.2252522,-26.8096282992391,0.0 -53.2252328,-26.8096401992391,0.0 -53.2252114,-26.8096483992391,0.0 -53.2251987,-26.8096498992391,0.0 -53.2251938,-26.8096511992391,0.0 -53.2251731,-26.8096604992391,0.0 -53.2251525,-26.8096674992391,0.0 -53.225138,-26.8096730992391,0.0 -53.2251115,-26.8096820992391,0.0 -53.2250943,-26.8096882992391,0.0 -53.2250556,-26.8097118992391,0.0 -53.2250317,-26.8097168992391,0.0 -53.2250047,-26.8097284992391,0.0 -53.2249816,-26.8097383992391,0.0 -53.2249732,-26.8097413992391,0.0 -53.2249523,-26.8097526992391,0.0 -53.2248954,-26.8097803992391,0.0 -53.2248725,-26.8097908992391,0.0 -53.2248661,-26.8097942992391,0.0 -53.2248438,-26.8098026992391,0.0 -53.2248256,-26.8098099992391,0.0 -53.2248064,-26.8098168992391,0.0 -53.2247888,-26.8098260992391,0.0 -53.224769,-26.8098358992391,0.0 -53.2247667,-26.8098378992391,0.0 -53.2247485,-26.8098482992391,0.0 -53.2247295,-26.8098578992391,0.0 -53.224708,-26.8098614992391,0.0 -53.224677,-26.8098781992391,0.0 -53.224656,-26.8098859992391,0.0 -53.2246378,-26.8098944992391,0.0 -53.2246165,-26.8099052992391,0.0 -53.2245962,-26.8099110992391,0.0 -53.2245753,-26.8099198992391,0.0 -53.224551,-26.8099298992391,0.0 -53.2245347,-26.8099379992391,0.0 -53.2245192,-26.8099505992391,0.0 -53.2245001,-26.8099626992391,0.0 -53.2244966,-26.8099652992391,0.0 -53.2244787,-26.8099744992391,0.0 -53.2244618,-26.8099849992391,0.0 -53.2244447,-26.8099943992391,0.0 -53.2244362,-26.8099984992391,0.0 -53.224418,-26.8100105992391,0.0 -53.224401,-26.8100218992391,0.0 -53.2243833,-26.8100295992391,0.0 -53.224365,-26.8100408992391,0.0 -53.2243447,-26.8100526992391,0.0 -53.2243234,-26.8100629992391,0.0 -53.224304,-26.8100769992391,0.0 -53.2242828,-26.8100846992391,0.0 -53.2242397,-26.8101045992391,0.0 -53.2242272,-26.8101153992391,0.0 -53.2242201,-26.8101233992391,0.0 -53.2242023,-26.8101331992391,0.0 -53.2241788,-26.8101382992391,0.0 -53.2241601,-26.8101424992391,0.0 -53.224117,-26.8101489992391,0.0 -53.2240745,-26.8101548992391,0.0 -53.2240578,-26.8101566992391,0.0 -53.2240422,-26.8101558992391,0.0 -53.2240177,-26.8101574992391,0.0 -53.2239972,-26.8101500992391,0.0 -53.2239803,-26.8101453992391,0.0 -53.2239762,-26.8101431992391,0.0 -53.2239523,-26.8101370992391,0.0 -53.2239294,-26.8101309992391,0.0 -53.2239117,-26.8101249992391,0.0 -53.2238834,-26.8101162992391,0.0 -53.2238562,-26.8101003992391,0.0 -53.2238386,-26.8100881992391,0.0 -53.2238217,-26.8100739992391,0.0 -53.2238035,-26.8100590992391,0.0 -53.2237853,-26.8100419992391,0.0 -53.2237705,-26.8100280992391,0.0 -53.2237559,-26.8100093992391,0.0 -53.2237372,-26.8099924992391,0.0 -53.2237224,-26.8099792992391,0.0 -53.2237099,-26.8099643992391,0.0 -53.2236906,-26.8099460992391,0.0 -53.223664,-26.8099211992391,0.0 -53.223646,-26.8099050992391,0.0 -53.2236288,-26.8098921992391,0.0 -53.2236104,-26.8098790992391,0.0 -53.2235937,-26.8098649992391,0.0 -53.2235763,-26.8098500992391,0.0 -53.223554,-26.8098348992391,0.0 -53.22353,-26.8098175992391,0.0 -53.2235094,-26.8098053992391,0.0 -53.2234878,-26.8097936992391,0.0 -53.2234473,-26.8097703992391,0.0 -53.223404,-26.8097496992391,0.0 -53.2233849,-26.8097396992391,0.0 -53.2233677,-26.8097290992391,0.0 -53.2233503,-26.8097171992391,0.0 -53.2233229,-26.8097012992391,0.0 -53.2232959,-26.8096876992391,0.0 -53.2232715,-26.8096757992391,0.0 -53.2232582,-26.8096694992391,0.0 -53.2232326,-26.8096607992391,0.0 -53.2232114,-26.8096530992391,0.0 -53.2231851,-26.8096454992391,0.0 -53.2231617,-26.8096422992391,0.0 -53.2231337,-26.8096422992391,0.0 -53.2231128,-26.8096448992391,0.0 -53.2230896,-26.8096472992391,0.0 -53.2230577,-26.8096588992391,0.0 -53.223036,-26.8096693992391,0.0 -53.2230138,-26.8096864992391,0.0 -53.222997,-26.8096983992391,0.0 -53.2229819,-26.8097116992391,0.0 -53.2229687,-26.8097232992391,0.0 -53.2229542,-26.8097449992391,0.0 -53.2229438,-26.8097595992391,0.0 -53.2229322,-26.8097747992391,0.0 -53.2229174,-26.8097924992391,0.0 -53.222905,-26.8098065992391,0.0 -53.2228945,-26.8098230992391,0.0 -53.222879,-26.8098389992391,0.0 -53.2228694,-26.8098493992391,0.0 -53.2228528,-26.8098732992391,0.0 -53.2228376,-26.8098944992391,0.0 -53.2228335,-26.8098983992391,0.0 -53.2228164,-26.8099137992391,0.0 -53.2228012,-26.8099329992391,0.0 -53.2227892,-26.8099475992391,0.0 -53.2227727,-26.8099617992391,0.0 -53.2227569,-26.8099787992391,0.0 -53.222744,-26.8099975992391,0.0 -53.222729,-26.8100122992391,0.0 -53.222717,-26.8100248992391,0.0 -53.2227061,-26.8100413992391,0.0 -53.2226883,-26.8100599992391,0.0 -53.2226445,-26.8101013992391,0.0 -53.2226351,-26.8101092992391,0.0 -53.2226214,-26.8101230992391,0.0 -53.2226031,-26.8101428992391,0.0 -53.2225868,-26.8101549992391,0.0 -53.2225727,-26.8101694992391,0.0 -53.2225536,-26.8101865992391,0.0 -53.2225423,-26.8102016992391,0.0 -53.2225083,-26.8102307992391,0.0 -53.222491,-26.8102487992391,0.0 -53.2224764,-26.8102605992391,0.0 -53.2224592,-26.8102709992391,0.0 -53.2223922,-26.8103185992391,0.0 -53.2223724,-26.8103326992391,0.0 -53.2223561,-26.8103456992391,0.0 -53.2223471,-26.8103515992391,0.0 -53.2223376,-26.8103596992391,0.0 -53.22232,-26.8103703992391,0.0 -53.2223149,-26.8103715992391,0.0 -53.2223012,-26.8103747992391,0.0 -53.2222764,-26.8103902992391,0.0 -53.2222348,-26.8104113992391,0.0 -53.2222073,-26.8104247992391,0.0 -53.2221877,-26.8104357992391,0.0 -53.2221659,-26.8104450992391,0.0 -53.2221262,-26.8104638992391,0.0 -53.2221072,-26.8104740992391,0.0 -53.2220841,-26.8104795992391,0.0 -53.2220696,-26.8104890992391,0.0 -53.222058,-26.8104954992391,0.0 -53.2220405,-26.8104986992391,0.0 -53.2220219,-26.8105027992391,0.0 -53.2219996,-26.8105024992391,0.0 -53.2219756,-26.8105007992391,0.0 -53.2219509,-26.8105038992391,0.0 -53.2219464,-26.8105060992391,0.0 -53.2219238,-26.8105081992391,0.0 -53.2219083,-26.8105092992391,0.0 -53.2218879,-26.8105116992391,0.0 -53.2218677,-26.8105135992391,0.0 -53.2218402,-26.8105137992391,0.0 -53.2218191,-26.8105169992391,0.0 -53.2217958,-26.8105208992391,0.0 -53.2217724,-26.8105226992391,0.0 -53.2217646,-26.8105242992391,0.0 -53.221743,-26.8105259992391,0.0 -53.2217163,-26.8105286992391,0.0 -53.2216937,-26.8105292992391,0.0 -53.2216719,-26.8105305992391,0.0 -53.2216518,-26.8105322992391,0.0 -53.2216295,-26.8105329992391,0.0 -53.221609,-26.8105338992391,0.0 -53.2215851,-26.8105384992391,0.0 -53.2215714,-26.8105406992391,0.0 -53.2215421,-26.8105418992391,0.0 -53.2214978,-26.8105458992391,0.0 -53.2214766,-26.8105458992391,0.0 -53.2214536,-26.8105444992391,0.0 -53.221411,-26.8105469992391,0.0 -53.2213863,-26.8105483992391,0.0 -53.2213629,-26.8105526992391,0.0 -53.2213443,-26.8105602992391,0.0 -53.221323,-26.8105613992391,0.0 -53.2212883,-26.8105670992391,0.0 -53.2212607,-26.8105661992391,0.0 -53.2212384,-26.8105628992391,0.0 -53.2212122,-26.8105613992391,0.0 -53.2211899,-26.8105606992391,0.0 -53.2211786,-26.8105609992391,0.0 -53.2211575,-26.8105599992391,0.0 -53.2211514,-26.8105584992391,0.0 -53.2211091,-26.8105551992391,0.0 -53.2210887,-26.8105545992391,0.0 -53.2210824,-26.8105533992391,0.0 -53.2210603,-26.8105512992391,0.0 -53.2210341,-26.8105513992391,0.0 -53.2210113,-26.8105474992391,0.0 -53.2209861,-26.8105439992391,0.0 -53.2209608,-26.8105443992391,0.0 -53.2209381,-26.8105431992391,0.0 -53.2209283,-26.8105442992391,0.0 -53.2209077,-26.8105436992391,0.0 -53.2208639,-26.8105463992391,0.0 -53.2208426,-26.8105470992391,0.0 -53.2208317,-26.8105468992391,0.0 -53.2208091,-26.8105440992391,0.0 -53.2207651,-26.8105371992391,0.0 -53.2207227,-26.8105283992391,0.0 -53.220702,-26.8105239992391,0.0 -53.2206844,-26.8105260992391,0.0 -53.2206619,-26.8105192992391,0.0 -53.2206321,-26.8105153992391,0.0 -53.2206044,-26.8105152992391,0.0 -53.2205827,-26.8105151992391,0.0 -53.2205741,-26.8105176992391,0.0 -53.2205299,-26.8105274992391,0.0 -53.2205103,-26.8105321992391,0.0 -53.2204872,-26.8105348992391,0.0 -53.2204645,-26.8105392992391,0.0 -53.2204424,-26.8105457992391,0.0 -53.2204195,-26.8105537992391,0.0 -53.2203949,-26.8105636992391,0.0 -53.2203933,-26.8105659992391,0.0 -53.2203776,-26.8105779992391,0.0 -53.2203503,-26.8105994992391,0.0 -53.2203491,-26.8106081992391,0.0 -53.2203175,-26.8106377992391,0.0 -53.2202726,-26.8106772992391,0.0 -53.2202563,-26.8106908992391,0.0 -53.2202375,-26.8107046992391,0.0 -53.2202183,-26.8107208992391,0.0 -53.2202027,-26.8107403992391,0.0 -53.2201733,-26.8107766992391,0.0 -53.2201568,-26.8107961992391,0.0 -53.2201438,-26.8108148992391,0.0 -53.2201395,-26.8108179992391,0.0 -53.2201192,-26.8108345992391,0.0 -53.2201081,-26.8108516992391,0.0 -53.220096,-26.8108711992391,0.0 -53.220083,-26.8108860992391,0.0 -53.2200697,-26.8109007992391,0.0 -53.2200576,-26.8109125992391,0.0 -53.2200411,-26.8109254992391,0.0 -53.2200314,-26.8109300992391,0.0 -53.2200131,-26.8109451992391,0.0 -53.2199956,-26.8109557992391,0.0 -53.2199744,-26.8109687992391,0.0 -53.2199539,-26.8109844992391,0.0 -53.2199404,-26.8110003992391,0.0 -53.2199256,-26.8110143992391,0.0 -53.2198882,-26.8110426992391,0.0 -53.2198716,-26.8110542992391,0.0 -53.2198227,-26.8110802992391,0.0 -53.2198081,-26.8110877992391,0.0 -53.2197905,-26.8110941992391,0.0 -53.2197703,-26.8111016992391,0.0 -53.2197661,-26.8111027992391,0.0 -53.2197261,-26.8111147992391,0.0 -53.2197063,-26.8111187992391,0.0 -53.2196946,-26.8111202992391,0.0 -53.2196751,-26.8111227992391,0.0 -53.2196499,-26.8111275992391,0.0 -53.2196404,-26.8111280992391,0.0 -53.2196171,-26.8111315992391,0.0 -53.2195954,-26.8111348992391,0.0 -53.2195734,-26.8111364992391,0.0 -53.2195607,-26.8111364992391,0.0 -53.2195503,-26.8111379992391,0.0 -53.2195252,-26.8111396992391,0.0 -53.2195021,-26.8111412992391,0.0 -53.2194938,-26.8111414992391,0.0 -53.2194675,-26.8111416992391,0.0 -53.219442,-26.8111444992391,0.0 -53.2194145,-26.8111436992391,0.0 -53.2193944,-26.8111405992391,0.0 -53.219375,-26.8111443992391,0.0 -53.2193485,-26.8111467992391,0.0 -53.2193291,-26.8111474992391,0.0 -53.219309,-26.8111441992391,0.0 -53.2192883,-26.8111454992391,0.0 -53.2192737,-26.8111457992391,0.0 -53.2192274,-26.8111505992391,0.0 -53.2191822,-26.8111489992391,0.0 -53.2191598,-26.8111457992391,0.0 -53.2191385,-26.8111457992391,0.0 -53.2191176,-26.8111438992391,0.0 -53.2190952,-26.8111414992391,0.0 -53.2190597,-26.8111373992391,0.0 -53.2190445,-26.8111343992391,0.0 -53.2190207,-26.8111299992391,0.0 -53.2190003,-26.8111282992391,0.0 -53.2189784,-26.8111268992391,0.0 -53.2189547,-26.8111235992391,0.0 -53.2189331,-26.8111191992391,0.0 -53.218927,-26.8111177992391,0.0 -53.2189033,-26.8111139992391,0.0 -53.2188769,-26.8111092992391,0.0 -53.2188579,-26.8111073992391,0.0 -53.2188253,-26.8111003992391,0.0 -53.2188036,-26.8110947992391,0.0 -53.218779,-26.8110872992391,0.0 -53.2187363,-26.8110739992391,0.0 -53.2187231,-26.8110737992391,0.0 -53.218703,-26.8110670992391,0.0 -53.218678,-26.8110568992391,0.0 -53.2186557,-26.8110482992391,0.0 -53.2186377,-26.8110418992391,0.0 -53.218616,-26.8110321992391,0.0 -53.2186121,-26.8110307992391,0.0 -53.218586,-26.8110222992391,0.0 -53.2185672,-26.8110140992391,0.0 -53.2185576,-26.8110103992391,0.0 -53.218531,-26.8110016992391,0.0 -53.2184976,-26.8109914992391,0.0 -53.2184782,-26.8109901992391,0.0 -53.2184473,-26.8109889992391,0.0 -53.2184238,-26.8109909992391,0.0 -53.2184035,-26.8109864992391,0.0 -53.2183945,-26.8109850992391,0.0 -53.2183877,-26.8109835992391,0.0 -53.218379,-26.8109816992391,0.0 -53.2183488,-26.8109750992391,0.0 -53.2182935,-26.8109677992391,0.0 -53.2182662,-26.8109596992391,0.0 -53.2182536,-26.8109584992391,0.0 -53.2182301,-26.8109576992391,0.0 -53.2182067,-26.8109542992391,0.0 -53.2181859,-26.8109543992391,0.0 -53.218157,-26.8109541992391,0.0 -53.218132,-26.8109530992391,0.0 -53.2181106,-26.8109558992391,0.0 -53.2181034,-26.8109554992391,0.0 -53.2180499,-26.8109581992391,0.0 -53.2180293,-26.8109599992391,0.0 -53.217988,-26.8109651992391,0.0 -53.2179587,-26.8109645992391,0.0 -53.2179351,-26.8109616992391,0.0 -53.2179044,-26.8109609992391,0.0 -53.2178956,-26.8109587992391,0.0 -53.2178713,-26.8109578992391,0.0 -53.2178477,-26.8109532992391,0.0 -53.2178322,-26.8109508992391,0.0 -53.2178157,-26.8109425992391,0.0 -53.2177947,-26.8109405992391,0.0 -53.2177733,-26.8109388992391,0.0 -53.2177482,-26.8109306992391,0.0 -53.2177252,-26.8109256992391,0.0 -53.2177022,-26.8109187992391,0.0 -53.2176522,-26.8109053992391,0.0 -53.2176231,-26.8108931992391,0.0 -53.2176083,-26.8108879992391,0.0 -53.2175867,-26.8108788992391,0.0 -53.2175476,-26.8108652992391,0.0 -53.2175292,-26.8108564992391,0.0 -53.2175155,-26.8108445992391,0.0 -53.2174965,-26.8108361992391,0.0 -53.2174761,-26.8108230992391,0.0 -53.2174376,-26.8108020992391,0.0 -53.2174324,-26.8107980992391,0.0 -53.2174148,-26.8107861992391,0.0 -53.2173819,-26.8107706992391,0.0 -53.2173621,-26.8107610992391,0.0 -53.2173427,-26.8107522992391,0.0 -53.2173221,-26.8107456992391,0.0 -53.2173144,-26.8107417992391,0.0 -53.2172913,-26.8107367992391,0.0 -53.217277,-26.8107244992391,0.0 -53.2172575,-26.8107115992391,0.0 -53.2172377,-26.8106987992391,0.0 -53.2172152,-26.8106827992391,0.0 -53.2172008,-26.8106719992391,0.0 -53.2171883,-26.8106604992391,0.0 -53.2171824,-26.8106552992391,0.0 -53.2171652,-26.8106413992391,0.0 -53.2171503,-26.8106267992391,0.0 -53.2171369,-26.8106129992391,0.0 -53.2171204,-26.8105977992391,0.0 -53.2171085,-26.8105845992391,0.0 -53.2170937,-26.8105710992391,0.0 -53.2170802,-26.8105554992391,0.0 -53.2170611,-26.8105393992391,0.0 -53.2170461,-26.8105204992391,0.0 -53.217031,-26.8105064992391,0.0 -53.2170163,-26.8104894992391,0.0 -53.2170043,-26.8104748992391,0.0 -53.2169901,-26.8104596992391,0.0 -53.2169599,-26.8104259992391,0.0 -53.2169472,-26.8104156992391,0.0 -53.21693,-26.8104028992391,0.0 -53.2169131,-26.8103844992391,0.0 -53.2168974,-26.8103699992391,0.0 -53.2168902,-26.8103622992391,0.0 -53.2168785,-26.8103465992391,0.0 -53.2168523,-26.8103164992391,0.0 -53.2168333,-26.8102958992391,0.0 -53.216826,-26.8102836992391,0.0 -53.2168121,-26.8102670992391,0.0 -53.2168006,-26.8102471992391,0.0 -53.2167889,-26.8102317992391,0.0 -53.2167651,-26.8102004992391,0.0 -53.2167496,-26.8101777992391,0.0 -53.216729,-26.8101519992391,0.0 -53.216696,-26.8101143992391,0.0 -53.2166786,-26.8100951992391,0.0 -53.2166689,-26.8100849992391,0.0 -53.2166523,-26.8100695992391,0.0 -53.2166368,-26.8100566992391,0.0 -53.2166043,-26.8100306992391,0.0 -53.2165873,-26.8100197992391,0.0 -53.2165668,-26.8100068992391,0.0 -53.216544,-26.8099963992391,0.0 -53.2165236,-26.8099853992391,0.0 -53.2165153,-26.8099804992391,0.0 -53.2164945,-26.8099705992391,0.0 -53.2164734,-26.8099566992391,0.0 -53.2164559,-26.8099465992391,0.0 -53.2164157,-26.8099253992391,0.0 -53.2163891,-26.8099136992391,0.0 -53.2163568,-26.8098957992391,0.0 -53.21631,-26.8098729992391,0.0 -53.2162833,-26.8098602992391,0.0 -53.2162691,-26.8098544992391,0.0 -53.2162575,-26.8098476992391,0.0 -53.2162394,-26.8098393992391,0.0 -53.2162209,-26.8098296992391,0.0 -53.2162057,-26.8098215992391,0.0 -53.2161889,-26.8098104992391,0.0 -53.216171,-26.8097968992391,0.0 -53.2161324,-26.8097686992391,0.0 -53.2161181,-26.8097569992391,0.0 -53.216112,-26.8097519992391,0.0 -53.2160958,-26.8097354992391,0.0 -53.2160624,-26.8097050992391,0.0 -53.2160451,-26.8096904992391,0.0 -53.216009,-26.8096650992391,0.0 -53.2159919,-26.8096537992391,0.0 -53.2159805,-26.8096462992391,0.0 -53.2159718,-26.8096390992391,0.0 -53.2159523,-26.8096241992391,0.0 -53.2159399,-26.8096115992391,0.0 -53.2159224,-26.8095970992391,0.0 -53.2158917,-26.8095641992391,0.0 -53.2158727,-26.8095399992391,0.0 -53.2158585,-26.8095212992391,0.0 -53.2158464,-26.8095060992391,0.0 -53.2158335,-26.8094914992391,0.0 -53.2158205,-26.8094756992391,0.0 -53.215809,-26.8094601992391,0.0 -53.2157857,-26.8094269992391,0.0 -53.2157737,-26.8094080992391,0.0 -53.215765,-26.8093892992391,0.0 -53.2157455,-26.8093447992391,0.0 -53.2157372,-26.8093255992391,0.0 -53.2157292,-26.8093094992391,0.0 -53.2157239,-26.8092909992391,0.0 -53.21572,-26.8092707992391,0.0 -53.2157171,-26.8092475992391,0.0 -53.2157087,-26.8091893992391,0.0 -53.215704,-26.8091468992391,0.0 -53.2157034,-26.8091248992391,0.0 -53.2157017,-26.8090941992391,0.0 -53.2157025,-26.8090725992391,0.0 -53.2156982,-26.8090505992391,0.0 -53.2156974,-26.8090144992391,0.0 -53.2156962,-26.8089960992391,0.0 -53.2156969,-26.8089539992391,0.0 -53.2156971,-26.8089317992391,0.0 -53.215694,-26.8089097992391,0.0 -53.2156924,-26.8088937992391,0.0 -53.2156946,-26.8088742992391,0.0 -53.2156968,-26.8088400992391,0.0 -53.2156982,-26.8088223992391,0.0 -53.215698,-26.8088043992391,0.0 -53.2157001,-26.8087603992391,0.0 -53.2157018,-26.8087412992391,0.0 -53.2157031,-26.8087244992391,0.0 -53.2157078,-26.8087071992391,0.0 -53.2157117,-26.8086891992391,0.0 -53.2157163,-26.8086769992391,0.0 -53.2157183,-26.8086552992391,0.0 -53.2157303,-26.8086210992392,0.0 -53.2157367,-26.8086062992391,0.0 -53.2157484,-26.8085676992391,0.0 -53.2157486,-26.8085643992391,0.0 -53.2157545,-26.8085449992391,0.0 -53.2157574,-26.8085389992392,0.0 -53.2157634,-26.8085212992391,0.0 -53.2157691,-26.8084985992391,0.0 -53.2157707,-26.8084913992391,0.0 -53.215777,-26.8084724992392,0.0 -53.2157792,-26.8084614992392,0.0 -53.2157899,-26.8084204992391,0.0 -53.215793,-26.8084013992391,0.0 -53.2157992,-26.8083744992391,0.0 -53.2158097,-26.8083393992391,0.0 -53.2158124,-26.8083170992391,0.0 -53.2158162,-26.8082977992392,0.0 -53.2158231,-26.8082748992391,0.0 -53.2158262,-26.8082675992392,0.0 -53.2158336,-26.8082435992392,0.0 -53.2158405,-26.8082232992392,0.0 -53.2158463,-26.8082006992392,0.0 -53.215851,-26.8081808992391,0.0 -53.2158541,-26.8081742992392,0.0 -53.2158622,-26.8081509992392,0.0 -53.2158701,-26.8081304992392,0.0 -53.2158801,-26.8081073992392,0.0 -53.2158862,-26.8080886992392,0.0 -53.2158922,-26.8080709992392,0.0 -53.2158988,-26.8080533992392,0.0 -53.2159115,-26.8080283992392,0.0 -53.2159172,-26.8080076992392,0.0 -53.2159202,-26.8079877992392,0.0 -53.2159262,-26.8079665992392,0.0 -53.2159294,-26.8079502992392,0.0 -53.2159303,-26.8079432992392,0.0 -53.2159335,-26.8079249992391,0.0 -53.2159394,-26.8079045992392,0.0 -53.2159467,-26.8078860992392,0.0 -53.2159486,-26.8078819992392,0.0 -53.2159583,-26.8078552992392,0.0 -53.215962,-26.8078373992392,0.0 -53.2159651,-26.8078182992392,0.0 -53.2159678,-26.8077992992392,0.0 -53.2159795,-26.8077683992392,0.0 -53.2159858,-26.8077493992392,0.0 -53.2159931,-26.8077299992392,0.0 -53.2160008,-26.8077123992392,0.0 -53.216007,-26.8077002992392,0.0 -53.2160138,-26.8076822992392,0.0 -53.21602,-26.8076650992392,0.0 -53.2160296,-26.8076495992392,0.0 -53.2160378,-26.8076302992392,0.0 -53.216049,-26.8076144992392,0.0 -53.2160603,-26.8075901992392,0.0 -53.2160705,-26.8075775992392,0.0 -53.2160849,-26.8075580992392,0.0 -53.2160977,-26.8075437992392,0.0 -53.2161119,-26.8075285992392,0.0 -53.2161249,-26.8075157992392,0.0 -53.2161484,-26.8074992992392,0.0 -53.2161649,-26.8074863992392,0.0 -53.2161852,-26.8074726992392,0.0 -53.2161922,-26.8074672992392,0.0 -53.2162172,-26.8074557992392,0.0 -53.2162354,-26.8074443992392,0.0 -53.2162586,-26.8074365992392,0.0 -53.216307,-26.8074154992392,0.0 -53.216328,-26.8074065992392,0.0 -53.2163576,-26.8073889992392,0.0 -53.2163744,-26.8073839992392,0.0 -53.2163942,-26.8073770992392,0.0 -53.2164198,-26.8073710992392,0.0 -53.2164404,-26.8073659992392,0.0 -53.2164658,-26.8073590992392,0.0 -53.2164896,-26.8073539992392,0.0 -53.2165135,-26.8073455992392,0.0 -53.2165547,-26.8073287992392,0.0 -53.2166127,-26.8073053992392,0.0 -53.2166319,-26.8072959992392,0.0 -53.2166367,-26.8072932992392,0.0 -53.21666,-26.8072860992392,0.0 -53.2166826,-26.8072767992392,0.0 -53.2167012,-26.8072658992392,0.0 -53.2167324,-26.8072490992392,0.0 -53.2167511,-26.8072403992392,0.0 -53.216757,-26.8072328992392,0.0 -53.2167807,-26.8072210992392,0.0 -53.2168006,-26.8072044992392,0.0 -53.2168337,-26.8071741992392,0.0 -53.2168485,-26.8071582992392,0.0 -53.2168652,-26.8071421992392,0.0 -53.2168801,-26.8071233992392,0.0 -53.2168914,-26.8071016992392,0.0 -53.2169019,-26.8070870992392,0.0 -53.2169106,-26.8070685992392,0.0 -53.2169158,-26.8070499992392,0.0 -53.216922,-26.8070302992392,0.0 -53.2169236,-26.8070201992392,0.0 -53.2169287,-26.8069986992392,0.0 -53.2169307,-26.8069797992392,0.0 -53.216931,-26.8069589992392,0.0 -53.2169351,-26.8069412992392,0.0 -53.2169383,-26.8069239992392,0.0 -53.216941,-26.8068832992392,0.0 -53.216941,-26.8068769992392,0.0 -53.216943,-26.8068547992392,0.0 -53.2169435,-26.8068346992392,0.0 -53.2169441,-26.8068166992392,0.0 -53.216945,-26.8068138992392,0.0 -53.2169433,-26.8067949992392,0.0 -53.2169446,-26.8067741992392,0.0 -53.2169464,-26.8067560992392,0.0 -53.2169496,-26.8067344992392,0.0 -53.2169513,-26.8067114992392,0.0 -53.2169542,-26.8066934992392,0.0 -53.2169575,-26.8066739992392,0.0 -53.2169621,-26.8066508992392,0.0 -53.2169658,-26.8066388992392,0.0 -53.2169765,-26.8065914992392,0.0 -53.2169787,-26.8065682992392,0.0 -53.2169837,-26.8065501992392,0.0 -53.2169862,-26.8065301992392,0.0 -53.2169909,-26.8065052992392,0.0 -53.2169965,-26.8064908992392,0.0 -53.2170036,-26.8064727992392,0.0 -53.2170194,-26.8064371992392,0.0 -53.2170283,-26.8064174992392,0.0 -53.217032,-26.8064109992392,0.0 -53.2170372,-26.8063914992392,0.0 -53.2170422,-26.8063698992392,0.0 -53.2170475,-26.8063625992392,0.0 -53.2170541,-26.8063488992392,0.0 -53.2170643,-26.8063326992392,0.0 -53.2170934,-26.8062904992392,0.0 -53.217117,-26.8062593992392,0.0 -53.2171263,-26.8062375992392,0.0 -53.2171372,-26.8062187992392,0.0 -53.2171483,-26.8062018992392,0.0 -53.217161,-26.8061780992392,0.0 -53.2171793,-26.8061382992392,0.0 -53.2171894,-26.8061169992392,0.0 -53.2171981,-26.8060947992392,0.0 -53.2172039,-26.8060850992392,0.0 -53.2172096,-26.8060642992392,0.0 -53.2172126,-26.8060556992392,0.0 -53.2172171,-26.8060343992392,0.0 -53.217225,-26.8060185992392,0.0 -53.2172404,-26.8059995992392,0.0 -53.2172517,-26.8059827992392,0.0 -53.2172632,-26.8059663992392,0.0 -53.2172732,-26.8059490992392,0.0 -53.2172862,-26.8059328992392,0.0 -53.2172952,-26.8059184992392,0.0 -53.2173021,-26.8059081992392,0.0 -53.21731,-26.8058878992392,0.0 -53.2173183,-26.8058681992392,0.0 -53.2173219,-26.8058623992392,0.0 -53.2173277,-26.8058527992392,0.0 -53.2173371,-26.8058346992392,0.0 -53.2173453,-26.8058176992392,0.0 -53.2173536,-26.8058001992392,0.0 -53.217357,-26.8057941992392,0.0 -53.2173611,-26.8057748992392,0.0 -53.217373,-26.8057570992392,0.0 -53.2174034,-26.8057017992392,0.0 -53.2174061,-26.8056972992392,0.0 -53.2174133,-26.8056776992392,0.0 -53.2174143,-26.8056763992392,0.0 -53.2174198,-26.8056649992392,0.0 -53.217431,-26.8056504992392,0.0 -53.2174419,-26.8056305992392,0.0 -53.2174593,-26.8056120992392,0.0 -53.2174727,-26.8055965992392,0.0 -53.2174748,-26.8055953992392,0.0 -53.217482,-26.8055760992392,0.0 -53.2174936,-26.8055603992392,0.0 -53.2175023,-26.8055484992392,0.0 -53.2175081,-26.8055400992392,0.0 -53.2175237,-26.8055225992392,0.0 -53.2175512,-26.8054912992392,0.0 -53.2175683,-26.8054708992392,0.0 -53.2175795,-26.8054564992392,0.0 -53.2175848,-26.8054484992392,0.0 -53.2176142,-26.8054096992392,0.0 -53.217628,-26.8053939992392,0.0 -53.2176414,-26.8053808992392,0.0 -53.2176591,-26.8053617992392,0.0 -53.2176702,-26.8053499992392,0.0 -53.2176872,-26.8053305992392,0.0 -53.2176916,-26.8053211992392,0.0 -53.2177067,-26.8053026992392,0.0 -53.2177175,-26.8052844992392,0.0 -53.2177685,-26.8052149992392,0.0 -53.2177961,-26.8051800992392,0.0 -53.2178073,-26.8051660992392,0.0 -53.2178217,-26.8051496992392,0.0 -53.2178351,-26.8051348992392,0.0 -53.217854,-26.8051241992392,0.0 -53.2178687,-26.8051092992392,0.0 -53.2178754,-26.8050992992392,0.0 -53.2178911,-26.8050847992392,0.0 -53.2179029,-26.8050656992392,0.0 -53.2179171,-26.8050564992392,0.0 -53.2179338,-26.8050426992392,0.0 -53.2179529,-26.8050330992392,0.0 -53.2179816,-26.8050165992392,0.0 -53.2179972,-26.8049947992392,0.0 -53.218012,-26.8049796992392,0.0 -53.2180261,-26.8049587992392,0.0 -53.2180364,-26.8049366992392,0.0 -53.218043,-26.8049101992392,0.0 -53.218049,-26.8048924992392,0.0 -53.2180549,-26.8048741992392,0.0 -53.2180602,-26.8048554992392,0.0 -53.2180645,-26.8048345992392,0.0 -53.2180668,-26.8048163992392,0.0 -53.2180702,-26.8047928992392,0.0 -53.2180683,-26.8047743992392,0.0 -53.2180682,-26.8047274992392,0.0 -53.2180707,-26.8047091992392,0.0 -53.2180707,-26.8046811992392,0.0 -53.2180714,-26.8046613992392,0.0 -53.2180722,-26.8046576992392,0.0 -53.2180711,-26.8046483992392,0.0 -53.2180692,-26.8046245992392,0.0 -53.2180685,-26.8046056992392,0.0 -53.2180678,-26.8045873992392,0.0 -53.2180653,-26.8045654992392,0.0 -53.2180647,-26.8045412992392,0.0 -53.2180652,-26.8045322992392,0.0 -53.2180655,-26.8045075992392,0.0 -53.2180626,-26.8044689992392,0.0 -53.2180605,-26.8044496992392,0.0 -53.2180615,-26.8044288992392,0.0 -53.2180619,-26.8044107992392,0.0 -53.2180643,-26.8043915992392,0.0 -53.2180664,-26.8043660992392,0.0 -53.2180654,-26.8043613992392,0.0 -53.2180665,-26.8043432992392,0.0 -53.218067,-26.8043165992392,0.0 -53.218065,-26.8042866992392,0.0 -53.2180617,-26.8042655992392,0.0 -53.2180587,-26.8042461992392,0.0 -53.2180564,-26.8042220992392,0.0 -53.2180574,-26.8042172992392,0.0 -53.2180597,-26.8042066992392,0.0 -53.2180591,-26.8042023992392,0.0 -53.2180563,-26.8041788992392,0.0 -53.2180528,-26.8041581992392,0.0 -53.2180464,-26.8041358992392,0.0 -53.2180419,-26.8041165992392,0.0 -53.2180375,-26.8040975992392,0.0 -53.2180318,-26.8040784992392,0.0 -53.2180285,-26.8040601992392,0.0 -53.21803,-26.8040416992392,0.0 -53.2180193,-26.8040159992392,0.0 -53.2180108,-26.8039951992392,0.0 -53.2179993,-26.8039725992392,0.0 -53.217986,-26.8039468992392,0.0 -53.2179745,-26.8039286992392,0.0 -53.2179608,-26.8039095992392,0.0 -53.2179503,-26.8038918992392,0.0 -53.2179404,-26.8038768992392,0.0 -53.217925,-26.8038580992392,0.0 -53.2179095,-26.8038385992392,0.0 -53.2178961,-26.8038210992392,0.0 -53.2178821,-26.8038036992392,0.0 -53.2178585,-26.8037749992392,0.0 -53.2178252,-26.8037364992392,0.0 -53.2178111,-26.8037211992392,0.0 -53.2177965,-26.8037035992392,0.0 -53.217783,-26.8036846992392,0.0 -53.2177444,-26.8036383992392,0.0 -53.2177288,-26.8036209992392,0.0 -53.2177166,-26.8036063992392,0.0 -53.217708,-26.8035915992392,0.0 -53.2176936,-26.8035760992392,0.0 -53.2176839,-26.8035587992392,0.0 -53.2176678,-26.8035215992392,0.0 -53.2176547,-26.8034920992393,0.0 -53.2176418,-26.8034720992393,0.0 -53.2176284,-26.8034510992393,0.0 -53.2176127,-26.8034283992392,0.0 -53.2176033,-26.8034175992392,0.0 -53.2175897,-26.8033992992392,0.0 -53.2175721,-26.8033811992393,0.0 -53.2175584,-26.8033654992392,0.0 -53.2175372,-26.8033468992393,0.0 -53.2175195,-26.8033317992392,0.0 -53.2175141,-26.8033264992392,0.0 -53.2175008,-26.8033121992392,0.0 -53.2174941,-26.8033096992392,0.0 -53.217477,-26.8032961992393,0.0 -53.2174667,-26.8032803992392,0.0 -53.2174395,-26.8032461992393,0.0 -53.2174296,-26.8032271992392,0.0 -53.2174156,-26.8032124992393,0.0 -53.2174008,-26.8031968992393,0.0 -53.2173821,-26.8031796992393,0.0 -53.2173648,-26.8031633992392,0.0 -53.2173448,-26.8031499992393,0.0 -53.2173271,-26.8031360992393,0.0 -53.217305,-26.8031238992393,0.0 -53.2172818,-26.8031154992393,0.0 -53.2172569,-26.8031046992393,0.0 -53.2172283,-26.8031032992393,0.0 -53.217211,-26.8031011992393,0.0 -53.2171859,-26.8031019992393,0.0 -53.2171638,-26.8031036992393,0.0 -53.2171402,-26.8031059992392,0.0 -53.2171204,-26.8031086992392,0.0 -53.217095,-26.8031145992393,0.0 -53.2170736,-26.8031210992392,0.0 -53.217047,-26.8031306992393,0.0 -53.217028,-26.8031402992392,0.0 -53.2170064,-26.8031534992393,0.0 -53.2169801,-26.8031677992393,0.0 -53.2169582,-26.8031824992392,0.0 -53.2169407,-26.8031963992393,0.0 -53.2169192,-26.8032102992393,0.0 -53.2168988,-26.8032307992393,0.0 -53.2168705,-26.8032591992393,0.0 -53.2168544,-26.8032792992393,0.0 -53.2168509,-26.8032816992393,0.0 -53.2168375,-26.8032967992392,0.0 -53.2168253,-26.8033091992392,0.0 -53.2168201,-26.8033143992392,0.0 -53.2168034,-26.8033312992392,0.0 -53.2167894,-26.8033480992393,0.0 -53.2167776,-26.8033620992392,0.0 -53.2167757,-26.8033634992392,0.0 -53.2167605,-26.8033798992392,0.0 -53.216747,-26.8033936992392,0.0 -53.2167177,-26.8034332992392,0.0 -53.2166961,-26.8034667992392,0.0 -53.2166833,-26.8034824992392,0.0 -53.216665,-26.8035091992392,0.0 -53.2166535,-26.8035270992392,0.0 -53.2166504,-26.8035354992392,0.0 -53.2166376,-26.8035513992392,0.0 -53.216612,-26.8035888992392,0.0 -53.2166075,-26.8035950992392,0.0 -53.216604,-26.8036008992392,0.0 -53.2165935,-26.8036166992392,0.0 -53.2165809,-26.8036316992392,0.0 -53.2165502,-26.8036742992392,0.0 -53.2165458,-26.8036783992392,0.0 -53.2165334,-26.8036914992392,0.0 -53.2165237,-26.8037088992392,0.0 -53.216516,-26.8037223992392,0.0 -53.2165083,-26.8037339992392,0.0 -53.2164946,-26.8037530992392,0.0 -53.2164885,-26.8037711992392,0.0 -53.2164791,-26.8037879992392,0.0 -53.2164691,-26.8037995992392,0.0 -53.2164587,-26.8038112992392,0.0 -53.2164476,-26.8038269992392,0.0 -53.2164321,-26.8038412992392,0.0 -53.2164159,-26.8038568992392,0.0 -53.216407,-26.8038646992392,0.0 -53.2163797,-26.8038868992392,0.0 -53.2163446,-26.8039109992392,0.0 -53.2163273,-26.8039172992392,0.0 -53.2162932,-26.8039370992392,0.0 -53.2162725,-26.8039506992392,0.0 -53.2162623,-26.8039592992392,0.0 -53.2162374,-26.8039703992392,0.0 -53.216226,-26.8039788992392,0.0 -53.2162158,-26.8039831992392,0.0 -53.2161984,-26.8039973992392,0.0 -53.216178,-26.8040084992392,0.0 -53.2161598,-26.8040159992392,0.0 -53.2161397,-26.8040241992392,0.0 -53.2161184,-26.8040383992392,0.0 -53.2161037,-26.8040458992392,0.0 -53.2160833,-26.8040520992392,0.0 -53.2160621,-26.8040628992392,0.0 -53.2160431,-26.8040753992392,0.0 -53.2160268,-26.8040880992392,0.0 -53.2160049,-26.8040965992392,0.0 -53.2159672,-26.8041145992392,0.0 -53.2159455,-26.8041266992392,0.0 -53.2159255,-26.8041350992392,0.0 -53.2159037,-26.8041424992392,0.0 -53.2158798,-26.8041474992392,0.0 -53.2158629,-26.8041523992392,0.0 -53.2158401,-26.8041558992392,0.0 -53.2158221,-26.8041650992392,0.0 -53.2157951,-26.8041744992392,0.0 -53.2157521,-26.8041878992392,0.0 -53.2157476,-26.8041896992392,0.0 -53.215727,-26.8041963992392,0.0 -53.2157062,-26.8042033992392,0.0 -53.2156861,-26.8042078992392,0.0 -53.2156663,-26.8042131992392,0.0 -53.2156441,-26.8042162992392,0.0 -53.2156232,-26.8042195992392,0.0 -53.2155914,-26.8042257992392,0.0 -53.2155681,-26.8042288992392,0.0 -53.2155203,-26.8042412992392,0.0 -53.2155067,-26.8042445992392,0.0 -53.215496,-26.8042450992392,0.0 -53.2154577,-26.8042508992392,0.0 -53.2154333,-26.8042565992392,0.0 -53.2154074,-26.8042636992392,0.0 -53.2153791,-26.8042687992392,0.0 -53.2153614,-26.8042721992392,0.0 -53.2153345,-26.8042761992392,0.0 -53.2152968,-26.8042817992392,0.0 -53.2152728,-26.8042869992392,0.0 -53.2152523,-26.8042832992392,0.0 -53.2152265,-26.8042853992392,0.0 -53.2152066,-26.8042911992392,0.0 -53.2151812,-26.8042960992392,0.0 -53.2151605,-26.8043030992392,0.0 -53.2151328,-26.8043075992392,0.0 -53.215113,-26.8043127992392,0.0 -53.2150907,-26.8043191992392,0.0 -53.2150691,-26.8043284992392,0.0 -53.2150451,-26.8043294992392,0.0 -53.2149969,-26.8043414992392,0.0 -53.2149776,-26.8043482992392,0.0 -53.2149572,-26.8043489992392,0.0 -53.2149387,-26.8043518992392,0.0 -53.2149194,-26.8043573992392,0.0 -53.2148699,-26.8043642992392,0.0 -53.2148224,-26.8043702992392,0.0 -53.2148099,-26.8043680992392,0.0 -53.2147872,-26.8043719992392,0.0 -53.2147638,-26.8043725992392,0.0 -53.2147383,-26.8043737992392,0.0 -53.2147146,-26.8043768992392,0.0 -53.2146867,-26.8043731992392,0.0 -53.2146614,-26.8043733992392,0.0 -53.2146483,-26.8043752992392,0.0 -53.2146352,-26.8043771992392,0.0 -53.2146153,-26.8043806992392,0.0 -53.2145908,-26.8043865992392,0.0 -53.2145679,-26.8043916992392,0.0 -53.2145611,-26.8043933992392,0.0 -53.2145081,-26.8044082992392,0.0 -53.2144859,-26.8044128992392,0.0 -53.2144608,-26.8044202992392,0.0 -53.2144426,-26.8044242992392,0.0 -53.2144225,-26.8044276992392,0.0 -53.2144002,-26.8044286992392,0.0 -53.2143758,-26.8044312992392,0.0 -53.2143695,-26.8044298992392,0.0 -53.214346,-26.8044317992392,0.0 -53.214324,-26.8044368992392,0.0 -53.2143019,-26.8044436992392,0.0 -53.2142819,-26.8044506992392,0.0 -53.2142334,-26.8044624992392,0.0 -53.214207,-26.8044662992392,0.0 -53.2141862,-26.8044709992392,0.0 -53.214168,-26.8044789992392,0.0 -53.2141444,-26.8044859992392,0.0 -53.214121,-26.8044934992392,0.0 -53.2140989,-26.8045026992392,0.0 -53.2140848,-26.8045082992392,0.0 -53.2140664,-26.8045195992392,0.0 -53.2140471,-26.8045299992392,0.0 -53.2140322,-26.8045337992392,0.0 -53.2140112,-26.8045441992392,0.0 -53.2140042,-26.8045471992392,0.0 -53.213984,-26.8045574992392,0.0 -53.2139607,-26.8045724992392,0.0 -53.2139448,-26.8045844992392,0.0 -53.2139214,-26.8045966992392,0.0 -53.2139073,-26.8046061992392,0.0 -53.2138919,-26.8046136992392,0.0 -53.2138737,-26.8046209992392,0.0 -53.21387,-26.8046238992392,0.0 -53.2138541,-26.8046297992392,0.0 -53.2138428,-26.8046342992392,0.0 -53.2138246,-26.8046390992392,0.0 -53.2138187,-26.8046431992392,0.0 -53.2138113,-26.8046458992392,0.0 -53.2138065,-26.8046486992392,0.0 -53.2137862,-26.8046525992392,0.0 -53.2137664,-26.8046585992392,0.0 -53.2137612,-26.8046603992392,0.0 -53.2137568,-26.8046620992392,0.0 -53.2137372,-26.8046727992392,0.0 -53.2137297,-26.8046773992392,0.0 -53.2137255,-26.8046795992392,0.0 -53.2137155,-26.8046857992392,0.0 -53.2136994,-26.8046973992392,0.0 -53.2136933,-26.8047024992392,0.0 -53.2136804,-26.8047089992392,0.0 -53.2136611,-26.8047159992392,0.0 -53.2136326,-26.8047250992392,0.0 -53.2136164,-26.8047370992392,0.0 -53.2135974,-26.8047475992392,0.0 -53.2135811,-26.8047538992392,0.0 -53.2135603,-26.8047603992392,0.0 -53.2135372,-26.8047706992392,0.0 -53.2135148,-26.8047783992392,0.0 -53.213496,-26.8047871992392,0.0 -53.2134886,-26.8047903992392,0.0 -53.2134678,-26.8047960992392,0.0 -53.2134514,-26.8047995992392,0.0 -53.2134308,-26.8048019992392,0.0 -53.2134255,-26.8048015992392,0.0 -53.2134024,-26.8048028992392,0.0 -53.2133811,-26.8048068992392,0.0 -53.2133759,-26.8048057992392,0.0 -53.2133675,-26.8048069992392,0.0 -53.2133456,-26.8048077992392,0.0 -53.2133244,-26.8048086992392,0.0 -53.2133122,-26.8048047992392,0.0 -53.2132938,-26.8048021992392,0.0 -53.2132713,-26.8047991992392,0.0 -53.2132462,-26.8047938992392,0.0 -53.2132197,-26.8047894992392,0.0 -53.2132101,-26.8047884992392,0.0 -53.2131893,-26.8047873992392,0.0 -53.2131673,-26.8047862992392,0.0 -53.2131634,-26.8047863992392,0.0 -53.2131416,-26.8047834992392,0.0 -53.2131188,-26.8047813992392,0.0 -53.213098,-26.8047795992392,0.0 -53.2130771,-26.8047772992392,0.0 -53.2130535,-26.8047754992392,0.0 -53.213028,-26.8047670992392,0.0 -53.2130071,-26.8047665992392,0.0 -53.2129804,-26.8047630992392,0.0 -53.2129619,-26.8047585992392,0.0 -53.2129544,-26.8047557992392,0.0 -53.2129322,-26.8047469992392,0.0 -53.2129056,-26.8047428992392,0.0 -53.2128815,-26.8047400992392,0.0 -53.2128575,-26.8047396992392,0.0 -53.2128342,-26.8047347992392,0.0 -53.2128113,-26.8047317992392,0.0 -53.2127839,-26.8047296992392,0.0 -53.2127578,-26.8047278992392,0.0 -53.212724,-26.8047320992392,0.0 -53.2126544,-26.8047920992392,0.0 -53.212588,-26.8048448992392,0.0 -53.2125482,-26.8048829992392,0.0 -53.2125098,-26.8049336992392,0.0 -53.2124882,-26.8049700992392,0.0 -53.2124795,-26.8050125992392,0.0 -53.2124678,-26.8050595992392,0.0 -53.2124647,-26.8051195992392,0.0 -53.2124436,-26.8052517992392,0.0 -53.2124137,-26.8054176992392,0.0 -53.2123371,-26.8058293992392,0.0 -53.2123064,-26.8059043992392,0.0 -53.2122489,-26.8059720992392,0.0 -53.2121422,-26.8060787992392,0.0 -53.2120229,-26.8062292992392,0.0 -53.2119731,-26.8062651992392,0.0 -53.2119124,-26.8062955992392,0.0 -53.2118688,-26.8063035992392,0.0 -53.2118105,-26.8063226992392,0.0 -53.2116984,-26.8063845992392,0.0 -53.2116527,-26.8064034992392,0.0 -53.2115842,-26.8064225992392,0.0 -53.2115127,-26.8064285992392,0.0 -53.211453,-26.8064275992392,0.0 -53.2113651,-26.8064474992392,0.0 -53.2112264,-26.8064983992392,0.0 -53.2111491,-26.8065461992392,0.0 -53.2110838,-26.8066050992392,0.0 -53.2109076,-26.8067536992392,0.0 -53.2107696,-26.8069177992392,0.0 -53.210681,-26.8069820992392,0.0 -53.2105408,-26.8070861992392,0.0 -53.2104914,-26.8071113992392,0.0 -53.2104302,-26.8071180992392,0.0 -53.2103802,-26.8071160992392,0.0 -53.2103292,-26.8071221992392,0.0 -53.2102811,-26.8071320992392,0.0 -53.2102121,-26.8071264992392,0.0 -53.2101712,-26.8071043992392,0.0 -53.2101254,-26.8070410992392,0.0 -53.2100807,-26.8069426992392,0.0 -53.2100617,-26.8068500992392,0.0 -53.2100562,-26.8067752992392,0.0 -53.2100479,-26.8066929992392,0.0 -53.2100617,-26.8065949992392,0.0 -53.2100623,-26.8064596992392,0.0 -53.2100358,-26.8063565992392,0.0 -53.2099822,-26.8061885992392,0.0 -53.2099156,-26.8059925992392,0.0 -53.2098118,-26.8057191992392,0.0 -53.2096931,-26.8054460992392,0.0 -53.2095969,-26.8052576992392,0.0 -53.2094967,-26.8050959992392,0.0 -53.2094104,-26.8049440992392,0.0 -53.2093604,-26.8048185992392,0.0 -53.2093497,-26.8047751992392,0.0 -53.2093544,-26.8046883992392,0.0 -53.2093626,-26.8045887992392,0.0 -53.2093491,-26.8045296992392,0.0 -53.2093203,-26.8044346992392,0.0 -53.209309,-26.8043769992392,0.0 -53.209282,-26.8043128992392,0.0 -53.2092556,-26.8042466992392,0.0 -53.2092447,-26.8041835992392,0.0 -53.2092398,-26.8041332992392,0.0 -53.2092275,-26.8040717992392,0.0 -53.2092223,-26.8040069992392,0.0 -53.2092105,-26.8039400992392,0.0 -53.2091975,-26.8038739992392,0.0 -53.20916,-26.8038121992392,0.0 -53.2091075,-26.8037843992392,0.0 -53.2090524,-26.8037710992392,0.0 -53.2089565,-26.8037736992392,0.0 -53.2088879,-26.8037835992392,0.0 -53.2088462,-26.8038012992392,0.0 -53.2087805,-26.8038455992392,0.0 -53.2086268,-26.8039513992392,0.0 -53.2085471,-26.8039927992392,0.0 -53.2085041,-26.8040346992392,0.0 -53.2084746,-26.8040939992392,0.0 -53.2084547,-26.8041143992392,0.0 -53.2084147,-26.8041385992392,0.0 -53.2083586,-26.8041620992392,0.0 -53.2082618,-26.8042023992392,0.0 -53.2082142,-26.8042412992392,0.0 -53.2081793,-26.8042733992392,0.0 -53.2080885,-26.8043419992392,0.0 -53.2080375,-26.8043786992392,0.0 -53.2079588,-26.8044293992392,0.0 -53.2078195,-26.8045437992392,0.0 -53.2077348,-26.8046206992392,0.0 -53.207657,-26.8046774992392,0.0 -53.2075004,-26.8048162992392,0.0 -53.2073929,-26.8048948992392,0.0 -53.2073054,-26.8049444992392,0.0 -53.2071901,-26.8050013992392,0.0 -53.2071756,-26.8050082992392,0.0 -53.2071723,-26.8050093992392,0.0 -53.2071535,-26.8050189992392,0.0 -53.2071361,-26.8050306992392,0.0 -53.2071002,-26.8050498992392,0.0 -53.2070791,-26.8050597992392,0.0 -53.2070614,-26.8050689992392,0.0 -53.2070425,-26.8050804992392,0.0 -53.2070205,-26.8050899992392,0.0 -53.2069997,-26.8050982992392,0.0 -53.2069825,-26.8051110992392,0.0 -53.206965,-26.8051272992392,0.0 -53.2069635,-26.8051276992392,0.0 -53.2069493,-26.8051410992392,0.0 -53.2069304,-26.8051579992392,0.0 -53.2069157,-26.8051703992392,0.0 -53.2068955,-26.8051899992392,0.0 -53.2068794,-26.8052071992392,0.0 -53.2068706,-26.8052142992392,0.0 -53.2068554,-26.8052269992392,0.0 -53.2068417,-26.8052421992392,0.0 -53.2068305,-26.8052582992392,0.0 -53.2068047,-26.8052945992392,0.0 -53.2067808,-26.8053233992392,0.0 -53.2067656,-26.8053418992392,0.0 -53.2067585,-26.8053486992392,0.0 -53.2067487,-26.8053639992392,0.0 -53.2067371,-26.8053818992392,0.0 -53.2067246,-26.8054001992392,0.0 -53.2067146,-26.8054176992392,0.0 -53.206704,-26.8054350992392,0.0 -53.2066942,-26.8054568992392,0.0 -53.2066882,-26.8054733992392,0.0 -53.2066808,-26.8054911992392,0.0 -53.206673,-26.8055104992392,0.0 -53.2066637,-26.8055304992392,0.0 -53.2066553,-26.8055473992392,0.0 -53.2066475,-26.8055701992392,0.0 -53.2066345,-26.8056123992392,0.0 -53.2066279,-26.8056263992392,0.0 -53.206623,-26.8056466992392,0.0 -53.2066175,-26.8056695992392,0.0 -53.2066144,-26.8056915992392,0.0 -53.2066098,-26.8057103992392,0.0 -53.2065979,-26.8057572992392,0.0 -53.2065919,-26.8057772992392,0.0 -53.2065841,-26.8057853992392,0.0 -53.2065792,-26.8058071992392,0.0 -53.2065611,-26.8058466992392,0.0 -53.2065478,-26.8058873992392,0.0 -53.2065419,-26.8059107992392,0.0 -53.2065382,-26.8059292992392,0.0 -53.2065344,-26.8059316992392,0.0 -53.2065306,-26.8059520992392,0.0 -53.2065239,-26.8059714992392,0.0 -53.2065195,-26.8059904992392,0.0 -53.2065122,-26.8060077992392,0.0 -53.206507,-26.8060280992392,0.0 -53.2065025,-26.8060487992392,0.0 -53.206496,-26.8060691992392,0.0 -53.2064917,-26.8060776992392,0.0 -53.2064815,-26.8061181992392,0.0 -53.2064769,-26.8061360992392,0.0 -53.2064761,-26.8061417992392,0.0 -53.2064697,-26.8061601992392,0.0 -53.206464,-26.8061820992392,0.0 -53.2064607,-26.8062011992392,0.0 -53.206457,-26.8062192992392,0.0 -53.2064525,-26.8062373992392,0.0 -53.2064437,-26.8062781992392,0.0 -53.2064419,-26.8062835992392,0.0 -53.2064372,-26.8063025992392,0.0 -53.206431,-26.8063241992392,0.0 -53.2064269,-26.8063445992392,0.0 -53.2064194,-26.8063629992392,0.0 -53.2064121,-26.8063852992392,0.0 -53.2064072,-26.8064072992392,0.0 -53.2063997,-26.8064226992392,0.0 -53.2063938,-26.8064409992392,0.0 -53.2063889,-26.8064607992392,0.0 -53.2063823,-26.8064799992392,0.0 -53.2063743,-26.8065050992392,0.0 -53.2063682,-26.8065215992392,0.0 -53.2063571,-26.8065636992392,0.0 -53.2063537,-26.8065796992392,0.0 -53.2063475,-26.8065995992392,0.0 -53.2063385,-26.8066212992392,0.0 -53.2063322,-26.8066391992392,0.0 -53.2063229,-26.8066600992392,0.0 -53.2063175,-26.8066703992392,0.0 -53.2063051,-26.8066885992392,0.0 -53.2062875,-26.8067243992392,0.0 -53.2062813,-26.8067437992392,0.0 -53.2062714,-26.8067637992392,0.0 -53.2062648,-26.8067811992392,0.0 -53.2062539,-26.8067978992392,0.0 -53.2062443,-26.8068093992392,0.0 -53.2062422,-26.8068125992392,0.0 -53.2062381,-26.8068253992392,0.0 -53.2062248,-26.8068539992392,0.0 -53.2062137,-26.8068702992392,0.0 -53.2062037,-26.8068887992392,0.0 -53.2062008,-26.8068964992392,0.0 -53.2061963,-26.8069050992392,0.0 -53.206192,-26.8069119992392,0.0 -53.2061888,-26.8069173992392,0.0 -53.2061775,-26.8069325992392,0.0 -53.206168,-26.8069516992392,0.0 -53.2061606,-26.8069704992392,0.0 -53.2061554,-26.8069816992392,0.0 -53.2061406,-26.8069959992392,0.0 -53.2061215,-26.8070190992392,0.0 -53.2061085,-26.8070351992392,0.0 -53.2060975,-26.8070536992392,0.0 -53.2060901,-26.8070712992392,0.0 -53.2060874,-26.8070747992392,0.0 -53.2060745,-26.8070892992392,0.0 -53.2060614,-26.8071034992392,0.0 -53.2060495,-26.8071198992392,0.0 -53.2060419,-26.8071287992392,0.0 -53.2060367,-26.8071376992392,0.0 -53.206024,-26.8071555992392,0.0 -53.206017,-26.8071631992392,0.0 -53.2060142,-26.8071660992392,0.0 -53.2059986,-26.8071849992392,0.0 -53.2059873,-26.8072021992392,0.0 -53.205977,-26.8072198992392,0.0 -53.2059642,-26.8072375992392,0.0 -53.2059581,-26.8072545992392,0.0 -53.2059464,-26.8072730992392,0.0 -53.205933,-26.8072871992392,0.0 -53.2059059,-26.8073194992392,0.0 -53.2058875,-26.8073377992392,0.0 -53.2058764,-26.8073563992392,0.0 -53.205855,-26.8073848992392,0.0 -53.2058525,-26.8073881992392,0.0 -53.205838,-26.8074031992392,0.0 -53.2058209,-26.8074204992392,0.0 -53.2058053,-26.8074335992392,0.0 -53.2057892,-26.8074513992392,0.0 -53.2057781,-26.8074677992392,0.0 -53.2057689,-26.8074754992392,0.0 -53.205743,-26.8074966992392,0.0 -53.2057122,-26.8075114992392,0.0 -53.2056919,-26.8075192992392,0.0 -53.2056729,-26.8075263992392,0.0 -53.2056489,-26.8075399992392,0.0 -53.205631,-26.8075536992392,0.0 -53.2056097,-26.8075652992392,0.0 -53.2055925,-26.8075756992392,0.0 -53.2055866,-26.8075843992392,0.0 -53.2055565,-26.8076096992392,0.0 -53.2055361,-26.8076221992392,0.0 -53.2055296,-26.8076260992392,0.0 -53.2055146,-26.8076396992392,0.0 -53.2054984,-26.8076517992392,0.0 -53.2054818,-26.8076627992392,0.0 -53.2054652,-26.8076770992392,0.0 -53.2054474,-26.8076907992392,0.0 -53.2054086,-26.8077182992392,0.0 -53.2053991,-26.8077242992392,0.0 -53.2053802,-26.8077367992392,0.0 -53.2053637,-26.8077492992392,0.0 -53.2053554,-26.8077565992392,0.0 -53.2053439,-26.8077721992392,0.0 -53.2053284,-26.8077880992392,0.0 -53.2053143,-26.8078014992392,0.0 -53.2052983,-26.8078138992392,0.0 -53.2052787,-26.8078271992392,0.0 -53.2052634,-26.8078410992392,0.0 -53.2052448,-26.8078553992392,0.0 -53.205229,-26.8078684992392,0.0 -53.2052208,-26.8078795992392,0.0 -53.2052029,-26.8078935992392,0.0 -53.2051858,-26.8079072992392,0.0 -53.2051685,-26.8079176992392,0.0 -53.2051495,-26.8079258992392,0.0 -53.2051348,-26.8079393992392,0.0 -53.2051048,-26.8079650992392,0.0 -53.2050873,-26.8079788992391,0.0 -53.2050811,-26.8079875992392,0.0 -53.2050504,-26.8080174992392,0.0 -53.2050322,-26.8080310992392,0.0 -53.2050167,-26.8080478992392,0.0 -53.2049822,-26.8080741992392,0.0 -53.2049618,-26.8080850992392,0.0 -53.2049492,-26.8080884992392,0.0 -53.2049307,-26.8080965992392,0.0 -53.2049115,-26.8081091992392,0.0 -53.2049025,-26.8081134992392,0.0 -53.2048766,-26.8081174992392,0.0 -53.2048544,-26.8081185992392,0.0 -53.2048305,-26.8081180992392,0.0 -53.2048111,-26.8081151992392,0.0 -53.2047918,-26.8081107992392,0.0 -53.2047821,-26.8081075992392,0.0 -53.2047605,-26.8080979992392,0.0 -53.2047417,-26.8080906992391,0.0 -53.2047368,-26.8080915992392,0.0 -53.204716,-26.8080847992392,0.0 -53.2046774,-26.8080688992392,0.0 -53.2046361,-26.8080507992392,0.0 -53.2046176,-26.8080402992392,0.0 -53.2046032,-26.8080327992392,0.0 -53.204576,-26.8080126992392,0.0 -53.2045389,-26.8079833992392,0.0 -53.2045235,-26.8079710992392,0.0 -53.2045111,-26.8079594992392,0.0 -53.2044834,-26.8079306992392,0.0 -53.2044776,-26.8079245992392,0.0 -53.2044647,-26.8079099992392,0.0 -53.2044516,-26.8078919992392,0.0 -53.2044384,-26.8078708992392,0.0 -53.2044365,-26.8078700992392,0.0 -53.2044243,-26.8078523992392,0.0 -53.2044187,-26.8078318992392,0.0 -53.2044124,-26.8078141992392,0.0 -53.2044054,-26.8077935992392,0.0 -53.2044002,-26.8077710992392,0.0 -53.2043964,-26.8077632992392,0.0 -53.2043923,-26.8077394992392,0.0 -53.2043881,-26.8077205992392,0.0 -53.2043829,-26.8077014992392,0.0 -53.2043789,-26.8076807992392,0.0 -53.2043737,-26.8076591992392,0.0 -53.2043688,-26.8076294992392,0.0 -53.2043649,-26.8076079992392,0.0 -53.20436,-26.8075986992392,0.0 -53.2043554,-26.8075761992392,0.0 -53.2043486,-26.8075393992392,0.0 -53.2043422,-26.8075199992392,0.0 -53.2043384,-26.8075021992392,0.0 -53.2043333,-26.8074774992392,0.0 -53.2043299,-26.8074596992392,0.0 -53.2043241,-26.8074343992392,0.0 -53.2043211,-26.8074148992392,0.0 -53.2043175,-26.8073911992392,0.0 -53.2043136,-26.8073705992392,0.0 -53.204312,-26.8073510992392,0.0 -53.2043097,-26.8073289992392,0.0 -53.2043031,-26.8073176992392,0.0 -53.2042992,-26.8072994992392,0.0 -53.2042959,-26.8072792992392,0.0 -53.2042918,-26.8072558992392,0.0 -53.2042902,-26.8072352992392,0.0 -53.2042886,-26.8072107992392,0.0 -53.2042855,-26.8071885992392,0.0 -53.2042809,-26.8071683992392,0.0 -53.204279,-26.8071501992392,0.0 -53.2042744,-26.8071035992392,0.0 -53.2042744,-26.8070818992392,0.0 -53.2042755,-26.8070630992392,0.0 -53.2042747,-26.8070421992392,0.0 -53.2042725,-26.8070221992392,0.0 -53.2042734,-26.8070033992392,0.0 -53.204273,-26.8069850992392,0.0 -53.2042717,-26.8069662992392,0.0 -53.2042686,-26.8069434992392,0.0 -53.2042687,-26.8069244992392,0.0 -53.2042678,-26.8068969992392,0.0 -53.2042643,-26.8068780992392,0.0 -53.2042635,-26.8068713992392,0.0 -53.204262,-26.8068515992392,0.0 -53.2042584,-26.8068143992392,0.0 -53.2042561,-26.8067960992392,0.0 -53.204255,-26.8067767992392,0.0 -53.2042513,-26.8067539992392,0.0 -53.2042507,-26.8067357992392,0.0 -53.2042504,-26.8067111992392,0.0 -53.2042466,-26.8066908992392,0.0 -53.2042439,-26.8066727992392,0.0 -53.2042448,-26.8066462992392,0.0 -53.2042478,-26.8066224992392,0.0 -53.2042482,-26.8066006992392,0.0 -53.2042497,-26.8065752992392,0.0 -53.2042509,-26.8065567992392,0.0 -53.2042534,-26.8065351992392,0.0 -53.2042603,-26.8064904992392,0.0 -53.2042609,-26.8064695992392,0.0 -53.2042646,-26.8064517992392,0.0 -53.2042692,-26.8064303992392,0.0 -53.2042721,-26.8064218992392,0.0 -53.2042753,-26.8064014992392,0.0 -53.2042816,-26.8063757992392,0.0 -53.2042901,-26.8063370992392,0.0 -53.204294,-26.8063177992392,0.0 -53.2042944,-26.8063156992392,0.0 -53.2042955,-26.8063105992392,0.0 -53.2043017,-26.8062930992392,0.0 -53.2043077,-26.8062706992392,0.0 -53.2043115,-26.8062629992392,0.0 -53.2043179,-26.8062423992392,0.0 -53.2043255,-26.8062219992392,0.0 -53.2043345,-26.8062037992392,0.0 -53.2043424,-26.8061831992392,0.0 -53.2043478,-26.8061640992392,0.0 -53.2043542,-26.8061431992392,0.0 -53.2043595,-26.8061262992392,0.0 -53.204366,-26.8061032992392,0.0 -53.2043702,-26.8060808992392,0.0 -53.2043786,-26.8060638992392,0.0 -53.204388,-26.8060443992392,0.0 -53.2043942,-26.8060264992392,0.0 -53.2044019,-26.8060074992392,0.0 -53.2044079,-26.8059858992392,0.0 -53.2044164,-26.8059665992392,0.0 -53.2044303,-26.8059270992392,0.0 -53.2044404,-26.8058996992392,0.0 -53.2044443,-26.8058874992392,0.0 -53.2044483,-26.8058677992392,0.0 -53.2044585,-26.8058245992392,0.0 -53.2044655,-26.8058011992392,0.0 -53.2044757,-26.8057706992392,0.0 -53.2044864,-26.8057442992392,0.0 -53.2044926,-26.8057266992392,0.0 -53.2044974,-26.8057082992392,0.0 -53.2045039,-26.8056939992392,0.0 -53.2045109,-26.8056728992392,0.0 -53.204518,-26.8056538992392,0.0 -53.2045333,-26.8056180992392,0.0 -53.204539,-26.8055994992392,0.0 -53.2045432,-26.8055816992392,0.0 -53.2045522,-26.8055591992392,0.0 -53.2045545,-26.8055545992392,0.0 -53.2045613,-26.8055369992392,0.0 -53.2045712,-26.8055138992392,0.0 -53.2045776,-26.8054948992392,0.0 -53.2045809,-26.8054887992392,0.0 -53.2045856,-26.8054698992392,0.0 -53.2045958,-26.8054300992392,0.0 -53.2046056,-26.8053999992392,0.0 -53.2046108,-26.8053810992392,0.0 -53.2046135,-26.8053596992392,0.0 -53.204614,-26.8053386992392,0.0 -53.2046172,-26.8053300992392,0.0 -53.2046217,-26.8053118992392,0.0 -53.204625,-26.8052919992392,0.0 -53.2046267,-26.8052819992392,0.0 -53.2046286,-26.8052757992392,0.0 -53.2046279,-26.8052685992392,0.0 -53.2046313,-26.8052303992392,0.0 -53.2046325,-26.8052099992392,0.0 -53.2046309,-26.8051915992392,0.0 -53.2046328,-26.8051326992392,0.0 -53.2046361,-26.8051107992392,0.0 -53.2046388,-26.8050893992392,0.0 -53.2046383,-26.8050807992392,0.0 -53.2046387,-26.8050608992392,0.0 -53.2046378,-26.8050410992392,0.0 -53.2046356,-26.8050216992392,0.0 -53.2046349,-26.8050115992392,0.0 -53.2046316,-26.8049542992392,0.0 -53.2046286,-26.8049350992392,0.0 -53.2046262,-26.8049137992392,0.0 -53.2046223,-26.8048949992392,0.0 -53.2046181,-26.8048763992392,0.0 -53.2046091,-26.8048269992392,0.0 -53.2046066,-26.8048072992392,0.0 -53.204607,-26.8047998992392,0.0 -53.204603,-26.8047812992392,0.0 -53.2045974,-26.8047601992392,0.0 -53.2045959,-26.8047422992392,0.0 -53.2045922,-26.8047218992392,0.0 -53.2045869,-26.8047036992392,0.0 -53.2045745,-26.8046602992392,0.0 -53.2045683,-26.8046394992392,0.0 -53.2045645,-26.8046299992392,0.0 -53.2045578,-26.8046084992392,0.0 -53.2045522,-26.8045910992392,0.0 -53.2045448,-26.8045725992392,0.0 -53.204537,-26.8045522992392,0.0 -53.2045302,-26.8045339992392,0.0 -53.204531,-26.8045262992392,0.0 -53.2045245,-26.8045082992392,0.0 -53.2045117,-26.8044627992392,0.0 -53.2045063,-26.8044450992392,0.0 -53.204503,-26.8044352992392,0.0 -53.2044885,-26.8044007992392,0.0 -53.2044785,-26.8043778992392,0.0 -53.2044761,-26.8043707992392,0.0 -53.2044641,-26.8043461992392,0.0 -53.2044534,-26.8043205992392,0.0 -53.2044452,-26.8042992992392,0.0 -53.2044358,-26.8042758992392,0.0 -53.204426,-26.8042563992392,0.0 -53.2044178,-26.8042385992392,0.0 -53.2044081,-26.8042211992392,0.0 -53.2043962,-26.8041955992392,0.0 -53.2043944,-26.8041900992392,0.0 -53.2043835,-26.8041678992392,0.0 -53.2043736,-26.8041452992392,0.0 -53.2043455,-26.8040824992392,0.0 -53.2043309,-26.8040468992392,0.0 -53.2043234,-26.8040326992392,0.0 -53.2043134,-26.8040171992392,0.0 -53.2043048,-26.8039991992392,0.0 -53.2042912,-26.8039707992392,0.0 -53.2042808,-26.8039521992392,0.0 -53.2042778,-26.8039436992392,0.0 -53.2042707,-26.8039262992392,0.0 -53.2042464,-26.8038772992392,0.0 -53.2042358,-26.8038614992392,0.0 -53.2042312,-26.8038504992392,0.0 -53.2042215,-26.8038344992392,0.0 -53.2042127,-26.8038167992392,0.0 -53.2042071,-26.8038038992392,0.0 -53.2041826,-26.8037586992392,0.0 -53.2041715,-26.8037394992392,0.0 -53.2041611,-26.8037245992392,0.0 -53.2041525,-26.8037078992392,0.0 -53.2041455,-26.8036978992392,0.0 -53.2041371,-26.8036858992392,0.0 -53.2041274,-26.8036694992392,0.0 -53.2041158,-26.8036545992392,0.0 -53.2041014,-26.8036384992392,0.0 -53.204095,-26.8036321992392,0.0 -53.2040875,-26.8036250992392,0.0 -53.2040715,-26.8036140992392,0.0 -53.204056,-26.8036033992392,0.0 -53.204055,-26.8036019992392,0.0 -53.2040378,-26.8035921992392,0.0 -53.2040205,-26.8035820992392,0.0 -53.2040008,-26.8035729992392,0.0 -53.2039822,-26.8035669992392,0.0 -53.2039674,-26.8035614992392,0.0 -53.2039624,-26.8035604992392,0.0 -53.2039408,-26.8035581992392,0.0 -53.2039183,-26.8035562992392,0.0 -53.2038976,-26.8035556992392,0.0 -53.2038921,-26.8035541992392,0.0 -53.2038714,-26.8035553992393,0.0 -53.2038019,-26.8035541992392,0.0 -53.2037803,-26.8035581992392,0.0 -53.2037747,-26.8035573992392,0.0 -53.2037565,-26.8035602992392,0.0 -53.2037068,-26.8035710992392,0.0 -53.2036882,-26.8035762992392,0.0 -53.203669,-26.8035847992392,0.0 -53.203648,-26.8035925992392,0.0 -53.2036301,-26.8036017992392,0.0 -53.2035968,-26.8036136992392,0.0 -53.2035772,-26.8036182992392,0.0 -53.2035545,-26.8036230992392,0.0 -53.2035407,-26.8036248992392,0.0 -53.2035146,-26.8036290992392,0.0 -53.2034927,-26.8036299992392,0.0 -53.2034845,-26.8036274992392,0.0 -53.2034623,-26.8036207992392,0.0 -53.2034487,-26.8036139992392,0.0 -53.2034269,-26.8035959992392,0.0 -53.2034167,-26.8035867992392,0.0 -53.203405,-26.8035715992392,0.0 -53.2033941,-26.8035525992392,0.0 -53.2033934,-26.8035481992392,0.0 -53.2033844,-26.8035292992392,0.0 -53.2033739,-26.8035050992392,0.0 -53.2033654,-26.8034836992392,0.0 -53.2033593,-26.8034645992392,0.0 -53.203346,-26.8034241992392,0.0 -53.2033419,-26.8034032992392,0.0 -53.2033395,-26.8033845992392,0.0 -53.2033348,-26.8033658992392,0.0 -53.2033305,-26.8033456992392,0.0 -53.2033275,-26.8033253992392,0.0 -53.2033274,-26.8033068992392,0.0 -53.2033232,-26.8032882992392,0.0 -53.203317,-26.8032702992392,0.0 -53.2033147,-26.8032506992392,0.0 -53.2033113,-26.8032260992392,0.0 -53.2033057,-26.8032021992393,0.0 -53.2033031,-26.8031728992392,0.0 -53.2033008,-26.8031340992393,0.0 -53.2032946,-26.8031138992393,0.0 -53.2032903,-26.8030951992393,0.0 -53.2032863,-26.8030686992393,0.0 -53.2032839,-26.8030505992393,0.0 -53.2032824,-26.8030348992393,0.0 -53.203276,-26.8030161992392,0.0 -53.2032719,-26.8029983992393,0.0 -53.2032675,-26.8029744992393,0.0 -53.2032643,-26.8029492992393,0.0 -53.2032617,-26.8029304992393,0.0 -53.2032611,-26.8029225992393,0.0 -53.203259,-26.8028994992393,0.0 -53.2032619,-26.8028791992392,0.0 -53.203262,-26.8028603992393,0.0 -53.2032565,-26.8028374992393,0.0 -53.2032543,-26.8028222992393,0.0 -53.2032518,-26.8027993992393,0.0 -53.203252,-26.8027793992393,0.0 -53.2032529,-26.8027580992393,0.0 -53.2032514,-26.8027386992393,0.0 -53.2032532,-26.8027201992393,0.0 -53.2032551,-26.8027019992393,0.0 -53.2032543,-26.8026842992393,0.0 -53.2032542,-26.8026744992393,0.0 -53.2032492,-26.8026621992393,0.0 -53.2032417,-26.8026452992393,0.0 -53.2032323,-26.8026325992393,0.0 -53.2032228,-26.8026149992393,0.0 -53.2032125,-26.8025975992393,0.0 -53.2031988,-26.8025793992393,0.0 -53.2031884,-26.8025632992393,0.0 -53.2031748,-26.8025471992393,0.0 -53.2031627,-26.8025303992393,0.0 -53.2031604,-26.8025269992393,0.0 -53.2031477,-26.8025126992393,0.0 -53.2031351,-26.8024976992393,0.0 -53.2031233,-26.8024846992393,0.0 -53.2031046,-26.8024690992393,0.0 -53.2030861,-26.8024570992393,0.0 -53.2030681,-26.8024456992393,0.0 -53.2030552,-26.8024392992393,0.0 -53.2030358,-26.8024316992393,0.0 -53.2030186,-26.8024233992393,0.0 -53.203007,-26.8024182992393,0.0 -53.2029876,-26.8024126992393,0.0 -53.2029655,-26.8024084992393,0.0 -53.2029452,-26.8024045992393,0.0 -53.2029253,-26.8024019992393,0.0 -53.2029013,-26.8024002992393,0.0 -53.2028795,-26.8023988992393,0.0 -53.2028574,-26.8023988992393,0.0 -53.2028354,-26.8024011992393,0.0 -53.2028102,-26.8024003992393,0.0 -53.2027659,-26.8024017992393,0.0 -53.2027238,-26.8024052992393,0.0 -53.2027018,-26.8024085992393,0.0 -53.2026911,-26.8024090992393,0.0 -53.2026688,-26.8024145992393,0.0 -53.2026478,-26.8024187992393,0.0 -53.2026224,-26.8024202992393,0.0 -53.2025766,-26.8024271992393,0.0 -53.2025573,-26.8024302992393,0.0 -53.2025531,-26.8024321992393,0.0 -53.2025318,-26.8024369992393,0.0 -53.2024892,-26.8024452992393,0.0 -53.2024755,-26.8024492992393,0.0 -53.2024586,-26.8024521992393,0.0 -53.2024175,-26.8024620992393,0.0 -53.2024087,-26.8024628992393,0.0 -53.202388,-26.8024665992393,0.0 -53.2023682,-26.8024685992393,0.0 -53.2023479,-26.8024715992393,0.0 -53.2023275,-26.8024773992393,0.0 -53.2023245,-26.8024767992393,0.0 -53.2023043,-26.8024762992393,0.0 -53.202282,-26.8024803992393,0.0 -53.2022619,-26.8024876992393,0.0 -53.2022411,-26.8024930992393,0.0 -53.2022263,-26.8024934992393,0.0 -53.2022058,-26.8024966992393,0.0 -53.202187,-26.8025037992393,0.0 -53.2021769,-26.8025058992393,0.0 -53.2021587,-26.8025113992393,0.0 -53.2021423,-26.8025170992393,0.0 -53.2021203,-26.8025212992393,0.0 -53.2020931,-26.8025299992393,0.0 -53.2020739,-26.8025359992393,0.0 -53.2020558,-26.8025448992393,0.0 -53.2020513,-26.8025456992393,0.0 -53.2020306,-26.8025520992393,0.0 -53.2018997,-26.8026156992393,0.0 -53.2017689,-26.8026872992393,0.0 -53.2016434,-26.8027587992393,0.0 -53.2015668,-26.8028105992393,0.0 -53.2013697,-26.8029372992393,0.0 -53.2011466,-26.8030620992393,0.0 -53.2008592,-26.8032181992393,0.0 -53.2006637,-26.8033122992392,0.0 -53.2003663,-26.8034000992392,0.0 -53.200129,-26.8034036992392,0.0 -53.1999193,-26.8033751992392,0.0 -53.1998692,-26.8033473992392,0.0 -53.1995381,-26.8030887992393,0.0 -53.19942,-26.8028456992393,0.0 -53.1993043,-26.8025483992393,0.0 -53.199177,-26.8023150992393,0.0 -53.1991678,-26.8023051992393,0.0 -53.1991389,-26.8022775992393,0.0 -53.1991121,-26.8022502992393,0.0 -53.19908,-26.8022199992393,0.0 -53.1990671,-26.8022053992393,0.0 -53.1990402,-26.8021773992393,0.0 -53.1990051,-26.8021454992393,0.0 -53.1989978,-26.8021380992393,0.0 -53.1989598,-26.8021187992393,0.0 -53.1989149,-26.8021124992393,0.0 -53.1988678,-26.8021081992393,0.0 -53.1988261,-26.8021132992393,0.0 -53.1987667,-26.8021173992393,0.0 -53.1987228,-26.8021257992393,0.0 -53.1986824,-26.8021254992393,0.0 -53.1986503,-26.8021235992393,0.0 -53.1986011,-26.8021225992393,0.0 -53.1985609,-26.8021193992393,0.0 -53.1985122,-26.8021063992393,0.0 -53.1984584,-26.8020906992393,0.0 -53.198415,-26.8020737992393,0.0 -53.1983797,-26.8020514992393,0.0 -53.1983498,-26.8020266992393,0.0 -53.1983324,-26.8020149992393,0.0 -53.1983098,-26.8019996992393,0.0 -53.1982745,-26.8019816992393,0.0 -53.1982388,-26.8019805992393,0.0 -53.1981972,-26.8019688992393,0.0 -53.1981831,-26.8019659992393,0.0 -53.1981331,-26.8019649992393,0.0 -53.198076,-26.8019662992393,0.0 -53.198035,-26.8019759992393,0.0 -53.1979943,-26.8019872992393,0.0 -53.1979457,-26.8020155992393,0.0 -53.1978464,-26.8020619992393,0.0 -53.1977892,-26.8021274992393,0.0 -53.1977716,-26.8021599992393,0.0 -53.1977465,-26.8021901992393,0.0 -53.1977178,-26.8022321992393,0.0 -53.1976914,-26.8022635992393,0.0 -53.1976511,-26.8022898992393,0.0 -53.1976131,-26.8023158992393,0.0 -53.1975791,-26.8023404992393,0.0 -53.1975362,-26.8023522992393,0.0 -53.1974761,-26.8023511992393,0.0 -53.1974343,-26.8023422992393,0.0 -53.1973974,-26.8023223992393,0.0 -53.1973667,-26.8022923992393,0.0 -53.1973445,-26.8022580992393,0.0 -53.197316,-26.8022258992393,0.0 -53.1972912,-26.8021950992393,0.0 -53.1972383,-26.8021327992393,0.0 -53.1971972,-26.8021020992393,0.0 -53.1971154,-26.8020530992393,0.0 -53.1970978,-26.8020383992393,0.0 -53.197028,-26.8020168992393,0.0 -53.196989,-26.8019999992393,0.0 -53.1969533,-26.8019828992393,0.0 -53.1969364,-26.8019767992393,0.0 -53.1968738,-26.8019651992393,0.0 -53.1968293,-26.8019512992393,0.0 -53.1967934,-26.8019298992393,0.0 -53.1967586,-26.8019008992393,0.0 -53.1967368,-26.8018673992393,0.0 -53.1967147,-26.8018360992393,0.0 -53.1967106,-26.8018030992393,0.0 -53.1967217,-26.8017682992393,0.0 -53.1967423,-26.8017370992393,0.0 -53.196748,-26.8016975992393,0.0 -53.196745,-26.8016889992393,0.0 -53.1967384,-26.8016755992393,0.0 -53.1967103,-26.8016466992393,0.0 -53.1966847,-26.8016255992393,0.0 -53.1966531,-26.8015896992393,0.0 -53.1966207,-26.8015660992393,0.0 -53.1965879,-26.8015546992393,0.0 -53.1965488,-26.8015437992393,0.0 -53.1965017,-26.8015379992393,0.0 -53.196465,-26.8015398992393,0.0 -53.1964236,-26.8015452992393,0.0 -53.1963839,-26.8015477992393,0.0 -53.1963433,-26.8015575992393,0.0 -53.1962957,-26.8015723992393,0.0 -53.196271,-26.8015773992393,0.0 -53.1962264,-26.8015836992393,0.0 -53.1961871,-26.8015975992393,0.0 -53.1961434,-26.8016099992393,0.0 -53.1960983,-26.8016249992393,0.0 -53.1960514,-26.8016372992393,0.0 -53.1960223,-26.8016425992393,0.0 -53.1959768,-26.8016572992393,0.0 -53.1959315,-26.8016695992393,0.0 -53.1958938,-26.8016903992393,0.0 -53.1958524,-26.8017055992393,0.0 -53.1958275,-26.8017107992393,0.0 -53.1957852,-26.8017278992393,0.0 -53.1957687,-26.8017318992393,0.0 -53.195723,-26.8017552992393,0.0 -53.1956945,-26.8017819992393,0.0 -53.1956584,-26.8018034992393,0.0 -53.1955892,-26.8018489992393,0.0 -53.1955519,-26.8018713992393,0.0 -53.1955171,-26.8018911992393,0.0 -53.195479,-26.8019070992393,0.0 -53.1954372,-26.8019259992393,0.0 -53.1954237,-26.8019303992393,0.0 -53.1953835,-26.8019539992393,0.0 -53.1953437,-26.8019754992393,0.0 -53.1953134,-26.8020013992393,0.0 -53.1952817,-26.8020305992393,0.0 -53.1952152,-26.8020785992393,0.0 -53.1951697,-26.8020883992393,0.0 -53.1951282,-26.8021085992393,0.0 -53.1951159,-26.8021160992393,0.0 -53.1949789,-26.8021783992393,0.0 -53.1949436,-26.8021980992393,0.0 -53.1949079,-26.8022211992393,0.0 -53.1948667,-26.8022464992393,0.0 -53.1948301,-26.8022759992393,0.0 -53.1948002,-26.8023126992393,0.0 -53.1947704,-26.8023393992393,0.0 -53.1947397,-26.8023648992393,0.0 -53.194701,-26.8023922992393,0.0 -53.1946526,-26.8024112992393,0.0 -53.1946224,-26.8024361992393,0.0 -53.1945875,-26.8024563992393,0.0 -53.1945517,-26.8024792992393,0.0 -53.1945446,-26.8024838992393,0.0 -53.1945118,-26.8025073992393,0.0 -53.1944748,-26.8025265992393,0.0 -53.1944418,-26.8025517992393,0.0 -53.1944075,-26.8025751992393,0.0 -53.1943684,-26.8025965992393,0.0 -53.1943336,-26.8026168992393,0.0 -53.1942953,-26.8026330992393,0.0 -53.1942597,-26.8026510992393,0.0 -53.1942235,-26.8026676992393,0.0 -53.1941854,-26.8026914992393,0.0 -53.1941485,-26.8027083992393,0.0 -53.194057,-26.8027470992393,0.0 -53.1940155,-26.8027568992393,0.0 -53.1939664,-26.8027700992393,0.0 -53.1938741,-26.8028065992393,0.0 -53.193835,-26.8028174992393,0.0 -53.1937895,-26.8028286992392,0.0 -53.1937393,-26.8028514992393,0.0 -53.1936997,-26.8028654992393,0.0 -53.1936163,-26.8029085992393,0.0 -53.1935819,-26.8029286992393,0.0 -53.1935522,-26.8029536992393,0.0 -53.1935122,-26.8029762992393,0.0 -53.1934749,-26.8030028992393,0.0 -53.1934374,-26.8030176992393,0.0 -53.1934169,-26.8030327992393,0.0 -53.1933942,-26.8030645992393,0.0 -53.1933698,-26.8030804992393,0.0 -53.1933402,-26.8031056992392,0.0 -53.1933043,-26.8031308992392,0.0 -53.1932808,-26.8031567992393,0.0 -53.1932648,-26.8031943992392,0.0 -53.1932295,-26.8032360992392,0.0 -53.193214,-26.8032767992392,0.0 -53.1931921,-26.8033058992392,0.0 -53.1931792,-26.8033229992392,0.0 -53.1931591,-26.8033581992392,0.0 -53.193132,-26.8033825992392,0.0 -53.1931005,-26.8034056992392,0.0 -53.1930843,-26.8034138992392,0.0 -53.1930027,-26.8034501992392,0.0 -53.1929719,-26.8034685992392,0.0 -53.1929545,-26.8034777992392,0.0 -53.1929259,-26.8035039992392,0.0 -53.1928988,-26.8035460992392,0.0 -53.1928904,-26.8035966992392,0.0 -53.1928891,-26.8036585992392,0.0 -53.1928947,-26.8036979992392,0.0 -53.192889,-26.8037382992392,0.0 -53.1928767,-26.8037780992392,0.0 -53.1928555,-26.8038101992392,0.0 -53.1928265,-26.8038453992392,0.0 -53.1928079,-26.8038563992392,0.0 -53.1927814,-26.8038837992392,0.0 -53.1926886,-26.8039289992392,0.0 -53.1926579,-26.8039360992392,0.0 -53.1926098,-26.8039481992392,0.0 -53.1925502,-26.8039611992392,0.0 -53.1925044,-26.8039791992392,0.0 -53.1924614,-26.8040067992392,0.0 -53.1923874,-26.8040607992392,0.0 -53.1923562,-26.8040893992392,0.0 -53.1923203,-26.8041290992392,0.0 -53.1922897,-26.8041699992392,0.0 -53.1922705,-26.8041917992392,0.0 -53.1922486,-26.8042243992392,0.0 -53.1922204,-26.8042538992392,0.0 -53.1921963,-26.8042897992392,0.0 -53.1921654,-26.8043178992392,0.0 -53.1921438,-26.8043401992392,0.0 -53.1921004,-26.8043644992392,0.0 -53.1920521,-26.8043818992392,0.0 -53.1920245,-26.8043885992392,0.0 -53.1919942,-26.8044123992392,0.0 -53.1919526,-26.8044180992392,0.0 -53.1919036,-26.8044276992392,0.0 -53.191845,-26.8044363992392,0.0 -53.1918106,-26.8044399992392,0.0 -53.1917738,-26.8044635992392,0.0 -53.1917325,-26.8044739992392,0.0 -53.1916925,-26.8044916992392,0.0 -53.1916515,-26.8045060992392,0.0 -53.191594,-26.8045288992392,0.0 -53.1915423,-26.8045459992392,0.0 -53.1915009,-26.8045634992392,0.0 -53.1914565,-26.8045852992392,0.0 -53.191425,-26.8046046992392,0.0 -53.1913872,-26.8046208992392,0.0 -53.191351,-26.8046395992392,0.0 -53.191318,-26.8046608992392,0.0 -53.1912831,-26.8046888992392,0.0 -53.1912518,-26.8047126992392,0.0 -53.19122,-26.8047357992392,0.0 -53.1911878,-26.8047579992392,0.0 -53.1911768,-26.8047632992392,0.0 -53.1911437,-26.8047883992392,0.0 -53.1910667,-26.8048380992392,0.0 -53.191031,-26.8048623992392,0.0 -53.1910243,-26.8048669992392,0.0 -53.1909862,-26.8048901992392,0.0 -53.1909476,-26.8049060992392,0.0 -53.1908577,-26.8049223992392,0.0 -53.1908075,-26.8049338992392,0.0 -53.1907633,-26.8049402992392,0.0 -53.190716,-26.8049452992392,0.0 -53.1906695,-26.8049427992392,0.0 -53.1906265,-26.8049439992392,0.0 -53.1905392,-26.8049642992392,0.0 -53.1904887,-26.8049651992392,0.0 -53.1903883,-26.8049782992392,0.0 -53.1903316,-26.8049810992392,0.0 -53.190236,-26.8049821992392,0.0 -53.1901901,-26.8049837992392,0.0 -53.1901428,-26.8049845992392,0.0 -53.1900388,-26.8050000992392,0.0 -53.1899989,-26.8050093992392,0.0 -53.1899535,-26.8050273992392,0.0 -53.189921,-26.8050419992392,0.0 -53.1898759,-26.8050541992392,0.0 -53.1898219,-26.8050640992392,0.0 -53.1898039,-26.8050650992392,0.0 -53.1897587,-26.8050770992392,0.0 -53.1897175,-26.8050986992392,0.0 -53.1896715,-26.8051039992392,0.0 -53.189637,-26.8051020992392,0.0 -53.1895831,-26.8050954992392,0.0 -53.1895482,-26.8050999992392,0.0 -53.1895062,-26.8051176992392,0.0 -53.189477,-26.8051432992392,0.0 -53.1894395,-26.8051744992392,0.0 -53.1893992,-26.8052036992392,0.0 -53.1893778,-26.8052047992392,0.0 -53.1892875,-26.8052191992392,0.0 -53.1892403,-26.8052196992392,0.0 -53.1892324,-26.8052186992392,0.0 -53.1891878,-26.8052040992392,0.0 -53.1891519,-26.8051792992392,0.0 -53.189118,-26.8051637992392,0.0 -53.1890959,-26.8051534992392,0.0 -53.1890588,-26.8051380992392,0.0 -53.1889802,-26.8051093992392,0.0 -53.1889451,-26.8050891992392,0.0 -53.188908,-26.8050631992392,0.0 -53.1888461,-26.8050106992392,0.0 -53.1887868,-26.8049556992392,0.0 -53.1887602,-26.8049266992392,0.0 -53.1887311,-26.8048981992392,0.0 -53.18871,-26.8048646992392,0.0 -53.1886894,-26.8048301992392,0.0 -53.1886712,-26.8047878992392,0.0 -53.1886472,-26.8047576992392,0.0 -53.1885802,-26.8046840992392,0.0 -53.1885244,-26.8046242992392,0.0 -53.1884815,-26.8045846992392,0.0 -53.1884504,-26.8045612992392,0.0 -53.1884063,-26.8045316992392,0.0 -53.1883619,-26.8045048992392,0.0 -53.1882773,-26.8044726992392,0.0 -53.1882213,-26.8044634992392,0.0 -53.1881731,-26.8044663992392,0.0 -53.1881447,-26.8044777992392,0.0 -53.1881036,-26.8045041992392,0.0 -53.1880819,-26.8045378992392,0.0 -53.1880719,-26.8045478992392,0.0 -53.1880485,-26.8045778992392,0.0 -53.1880295,-26.8046123992392,0.0 -53.1880239,-26.8046195992392,0.0 -53.187946,-26.8046873992392,0.0 -53.1879052,-26.8047040992392,0.0 -53.1878765,-26.8047109992392,0.0 -53.1878351,-26.8047312992392,0.0 -53.1878203,-26.8047368992392,0.0 -53.1877785,-26.8047598992392,0.0 -53.1877423,-26.8047780992392,0.0 -53.1877199,-26.8048090992392,0.0 -53.1876935,-26.8048389992392,0.0 -53.187669,-26.8048691992392,0.0 -53.1876567,-26.8049050992392,0.0 -53.1876375,-26.8049421992392,0.0 -53.1876152,-26.8049789992392,0.0 -53.187601,-26.8050147992392,0.0 -53.1875765,-26.8050483992392,0.0 -53.1875593,-26.8050670992392,0.0 -53.187538,-26.8051011992392,0.0 -53.1875054,-26.8051322992392,0.0 -53.1874933,-26.8051401992392,0.0 -53.1874565,-26.8051684992392,0.0 -53.1874211,-26.8051896992392,0.0 -53.1873918,-26.8051993992392,0.0 -53.1873751,-26.8052048992392,0.0 -53.1873572,-26.8052060992392,0.0 -53.1873093,-26.8052136992392,0.0 -53.187261,-26.8052166992392,0.0 -53.1872181,-26.8052086992392,0.0 -53.1872002,-26.8052035992392,0.0 -53.1871589,-26.8051951992392,0.0 -53.187114,-26.8051803992392,0.0 -53.1870728,-26.8051603992392,0.0 -53.1870339,-26.8051431992392,0.0 -53.1870126,-26.8051386992392,0.0 -53.1869802,-26.8051317992392,0.0 -53.1869393,-26.8051199992392,0.0 -53.1868945,-26.8051038992392,0.0 -53.1868486,-26.8050959992392,0.0 -53.1868048,-26.8050900992392,0.0 -53.186773,-26.8050829992392,0.0 -53.1867342,-26.8050698992392,0.0 -53.1866951,-26.8050590992392,0.0 -53.1866608,-26.8050533992392,0.0 -53.1866171,-26.8050377992392,0.0 -53.1865789,-26.8050212992392,0.0 -53.1865396,-26.8050107992392,0.0 -53.1864872,-26.8049889992392,0.0 -53.1863948,-26.8049595992392,0.0 -53.1862735,-26.8049353992392,0.0 -53.186226,-26.8049326992392,0.0 -53.1861442,-26.8049227992392,0.0 -53.1860984,-26.8049269992392,0.0 -53.1860727,-26.8049272992392,0.0 -53.1860273,-26.8049447992392,0.0 -53.1859832,-26.8049798992392,0.0 -53.185951,-26.8050191992392,0.0 -53.1859179,-26.8050890992392,0.0 -53.1859016,-26.8051309992392,0.0 -53.1858722,-26.8051675992392,0.0 -53.1858613,-26.8051745992392,0.0 -53.1858279,-26.8051983992392,0.0 -53.1857894,-26.8052175992392,0.0 -53.1857421,-26.8052336992392,0.0 -53.1856945,-26.8052375992392,0.0 -53.1856524,-26.8052431992392,0.0 -53.1856089,-26.8052433992392,0.0 -53.1855527,-26.8052422992392,0.0 -53.1855117,-26.8052361992392,0.0 -53.1854631,-26.8052384992392,0.0 -53.1854166,-26.8052519992392,0.0 -53.18537,-26.8052719992392,0.0 -53.185333,-26.8052918992392,0.0 -53.1852879,-26.8053098992392,0.0 -53.1852503,-26.8053285992392,0.0 -53.1852168,-26.8053522992392,0.0 -53.1851512,-26.8054017992392,0.0 -53.1851161,-26.8054260992392,0.0 -53.1850872,-26.8054557992392,0.0 -53.1850496,-26.8054836992392,0.0 -53.1850125,-26.8055157992392,0.0 -53.1849766,-26.8055425992392,0.0 -53.1849343,-26.8055667992392,0.0 -53.1848813,-26.8055859992392,0.0 -53.1848399,-26.8056141992392,0.0 -53.1847928,-26.8056308992392,0.0 -53.184697,-26.8056739992392,0.0 -53.1846614,-26.8056918992392,0.0 -53.1846201,-26.8057079992392,0.0 -53.1845856,-26.8057303992392,0.0 -53.1845368,-26.8057546992392,0.0 -53.1845029,-26.8057806992392,0.0 -53.1844536,-26.8058085992392,0.0 -53.1844084,-26.8058327992392,0.0 -53.1843624,-26.8058457992392,0.0 -53.184324,-26.8058583992392,0.0 -53.1842752,-26.8058754992392,0.0 -53.1842317,-26.8058948992392,0.0 -53.1842061,-26.8059137992392,0.0 -53.1841769,-26.8059387992392,0.0 -53.1841415,-26.8059737992392,0.0 -53.1841184,-26.8060056992392,0.0 -53.184097,-26.8060419992392,0.0 -53.1840749,-26.8060838992392,0.0 -53.1840371,-26.8061681992392,0.0 -53.1840289,-26.8062119992392,0.0 -53.1840067,-26.8063050992392,0.0 -53.1840064,-26.8063443992392,0.0 -53.1839855,-26.8063896992392,0.0 -53.1839571,-26.8064253992392,0.0 -53.1839311,-26.8064638992392,0.0 -53.183914,-26.8064976992392,0.0 -53.1838961,-26.8065428992392,0.0 -53.183887,-26.8065837992392,0.0 -53.1838869,-26.8066271992392,0.0 -53.1838932,-26.8066643992392,0.0 -53.1839314,-26.8067505992392,0.0 -53.1839489,-26.8067984992392,0.0 -53.1839535,-26.8068137992392,0.0 -53.1839541,-26.8068267992392,0.0 -53.1839556,-26.8068583992392,0.0 -53.1839549,-26.8068966992392,0.0 -53.1839431,-26.8069312992392,0.0 -53.1839357,-26.8069464992392,0.0 -53.1839272,-26.8069615992392,0.0 -53.1839121,-26.8069882992392,0.0 -53.1838859,-26.8070251992392,0.0 -53.1838474,-26.8070474992392,0.0 -53.1838061,-26.8070572992392,0.0 -53.1837462,-26.8070736992392,0.0 -53.1837066,-26.8070828992392,0.0 -53.1836659,-26.8070903992392,0.0 -53.1836252,-26.8071089992392,0.0 -53.183613,-26.8071154992392,0.0 -53.1835776,-26.8071424992392,0.0 -53.1835383,-26.8071690992392,0.0 -53.1835045,-26.8071944992392,0.0 -53.1834668,-26.8072209992392,0.0 -53.183442,-26.8072594992392,0.0 -53.1834088,-26.8072952992392,0.0 -53.1833748,-26.8073238992392,0.0 -53.1833484,-26.8073346992392,0.0 -53.1833139,-26.8073610992392,0.0 -53.1832794,-26.8073874992392,0.0 -53.1832542,-26.8073983992392,0.0 -53.183206,-26.8074107992392,0.0 -53.1831645,-26.8074280992392,0.0 -53.1831198,-26.8074448992392,0.0 -53.1830711,-26.8074664992392,0.0 -53.1830406,-26.8074901992392,0.0 -53.1830311,-26.8074947992392,0.0 -53.1830046,-26.8075072992392,0.0 -53.1829149,-26.8075401992392,0.0 -53.1828608,-26.8075522992392,0.0 -53.1828075,-26.8075714992392,0.0 -53.1827274,-26.8076343992392,0.0 -53.1826912,-26.8076515992392,0.0 -53.1826485,-26.8076774992392,0.0 -53.1825852,-26.8077032992392,0.0 -53.182522,-26.8077289992392,0.0 -53.1825126,-26.8077314992392,0.0 -53.1824984,-26.8077248992392,0.0 -53.1824672,-26.8077010992392,0.0 -53.1824389,-26.8076714992392,0.0 -53.1824041,-26.8076387992392,0.0 -53.1823765,-26.8076112992392,0.0 -53.1823466,-26.8075756992392,0.0 -53.1823083,-26.8075374992392,0.0 -53.1822833,-26.8075074992392,0.0 -53.1822284,-26.8074380992392,0.0 -53.182188,-26.8073708992392,0.0 -53.1821657,-26.8073389992392,0.0 -53.1821528,-26.8073163992392,0.0 -53.1821399,-26.8072937992392,0.0 -53.1821244,-26.8072587992392,0.0 -53.1821085,-26.8072181992392,0.0 -53.1820969,-26.8071784992392,0.0 -53.1820837,-26.8071287992392,0.0 -53.182073,-26.8070936992392,0.0 -53.1820635,-26.8070521992392,0.0 -53.1820525,-26.8070136992392,0.0 -53.1820274,-26.8069424992392,0.0 -53.1820051,-26.8069021992392,0.0 -53.181995,-26.8068861992392,0.0 -53.1819618,-26.8068776992392,0.0 -53.1819229,-26.8068642992392,0.0 -53.1818832,-26.8068457992392,0.0 -53.181841,-26.8068282992392,0.0 -53.1817879,-26.8068110992392,0.0 -53.1817695,-26.8068028992392,0.0 -53.1817271,-26.8067892992392,0.0 -53.1816754,-26.8067802992392,0.0 -53.1816331,-26.8067806992392,0.0 -53.1815899,-26.8067844992392,0.0 -53.1815361,-26.8067927992392,0.0 -53.181486,-26.8068014992392,0.0 -53.1814358,-26.8068063992392,0.0 -53.1813919,-26.8068074992392,0.0 -53.1813508,-26.8068094992392,0.0 -53.1813267,-26.8068054992392,0.0 -53.1813082,-26.8068023992392,0.0 -53.1812658,-26.8067978992392,0.0 -53.181218,-26.8067853992392,0.0 -53.1811655,-26.8067661992392,0.0 -53.1811212,-26.8067459992392,0.0 -53.1810779,-26.8067317992392,0.0 -53.1810287,-26.8067072992392,0.0 -53.1809816,-26.8066809992392,0.0 -53.1809374,-26.8066612992392,0.0 -53.180901,-26.8066413992392,0.0 -53.1808709,-26.8066221992392,0.0 -53.180747,-26.8065532992392,0.0 -53.1807299,-26.8065433992392,0.0 -53.1806869,-26.8065207992392,0.0 -53.1806502,-26.8064989992392,0.0 -53.1806065,-26.8064751992392,0.0 -53.1805662,-26.8064514992392,0.0 -53.1805143,-26.8064197992392,0.0 -53.180476,-26.8063984992392,0.0 -53.1804446,-26.8063826992392,0.0 -53.1804343,-26.8063775992392,0.0 -53.18039,-26.8063528992392,0.0 -53.180342,-26.8063312992392,0.0 -53.1803101,-26.8063144992392,0.0 -53.1802671,-26.8062902992392,0.0 -53.1802468,-26.8062837992392,0.0 -53.1801761,-26.8062566992392,0.0 -53.1801334,-26.8062415992392,0.0 -53.180118,-26.8062410992392,0.0 -53.1800755,-26.8062378992392,0.0 -53.1800306,-26.8062374992392,0.0 -53.1800075,-26.8062328992392,0.0 -53.179964,-26.8062283992392,0.0 -53.1799181,-26.8062225992392,0.0 -53.1798636,-26.8062239992392,0.0 -53.1798197,-26.8062311992392,0.0 -53.1797763,-26.8062368992392,0.0 -53.179732,-26.8062382992392,0.0 -53.1797212,-26.8062375992392,0.0 -53.1796711,-26.8062412992392,0.0 -53.1796211,-26.8062430992392,0.0 -53.1795873,-26.8062394992392,0.0 -53.1795483,-26.8062253992392,0.0 -53.1795068,-26.8062229992392,0.0 -53.1794599,-26.8062115992392,0.0 -53.1794082,-26.8062094992392,0.0 -53.1793674,-26.8062152992392,0.0 -53.1793214,-26.8062226992392,0.0 -53.1792784,-26.8062280992392,0.0 -53.1792359,-26.8062253992392,0.0 -53.1791905,-26.8062279992392,0.0 -53.1791487,-26.8062369992392,0.0 -53.179091,-26.8062381992392,0.0 -53.1790582,-26.8062372992392,0.0 -53.1790096,-26.8062376992392,0.0 -53.1789706,-26.8062355992392,0.0 -53.1789168,-26.8062482992392,0.0 -53.1788715,-26.8062543992392,0.0 -53.1788382,-26.8062575992392,0.0 -53.1787882,-26.8062581992392,0.0 -53.1786875,-26.8062642992392,0.0 -53.1786195,-26.8062716992392,0.0 -53.1785709,-26.8062746992392,0.0 -53.1785242,-26.8062668992392,0.0 -53.1785153,-26.8062642992392,0.0 -53.178477,-26.8062326992392,0.0 -53.1784619,-26.8062027992392,0.0 -53.1784527,-26.8061563992392,0.0 -53.1784377,-26.8061161992392,0.0 -53.1784299,-26.8060890992392,0.0 -53.1784109,-26.8060539992392,0.0 -53.1783947,-26.8060151992392,0.0 -53.1783795,-26.8059886992392,0.0 -53.1783488,-26.8059582992392,0.0 -53.1783276,-26.8059472992392,0.0 -53.1782866,-26.8059390992392,0.0 -53.1782349,-26.8059373992392,0.0 -53.1782002,-26.8059392992392,0.0 -53.178155,-26.8059381992392,0.0 -53.1780653,-26.8059296992392,0.0 -53.1780204,-26.8059297992392,0.0 -53.1779778,-26.8059253992392,0.0 -53.1779336,-26.8059225992392,0.0 -53.1778457,-26.8059239992392,0.0 -53.1777949,-26.8059297992392,0.0 -53.1777704,-26.8059286992392,0.0 -53.1777185,-26.8059276992392,0.0 -53.177674,-26.8059256992392,0.0 -53.1776061,-26.8059127992392,0.0 -53.1775633,-26.8059096992392,0.0 -53.1775082,-26.8059078992392,0.0 -53.1774919,-26.8059063992392,0.0 -53.1774507,-26.8059092992392,0.0 -53.1774319,-26.8059112992392,0.0 -53.1774042,-26.8059141992392,0.0 -53.1773542,-26.8059139992392,0.0 -53.177322,-26.8059117992392,0.0 -53.1772807,-26.8059142992392,0.0 -53.1772369,-26.8059053992392,0.0 -53.1771927,-26.8058919992392,0.0 -53.1771448,-26.8058781992392,0.0 -53.1770176,-26.8058181992392,0.0 -53.176973,-26.8058056992392,0.0 -53.1769322,-26.8058025992392,0.0 -53.1768852,-26.8057930992392,0.0 -53.1768339,-26.8057873992392,0.0 -53.1767939,-26.8057699992392,0.0 -53.1767792,-26.8057585992392,0.0 -53.1767153,-26.8056887992392,0.0 -53.1766945,-26.8056722992392,0.0 -53.1766578,-26.8056537992392,0.0 -53.1766164,-26.8056421992392,0.0 -53.1765775,-26.8056322992392,0.0 -53.1765277,-26.8056213992392,0.0 -53.1764448,-26.8056075992392,0.0 -53.1763497,-26.8056150992392,0.0 -53.1763121,-26.8056102992392,0.0 -53.1762805,-26.8055998992392,0.0 -53.1762445,-26.8055815992392,0.0 -53.1762133,-26.8055551992392,0.0 -53.176188,-26.8055261992392,0.0 -53.176173,-26.8055075992392,0.0 -53.1761445,-26.8054757992392,0.0 -53.1761361,-26.8054645992392,0.0 -53.1761107,-26.8054348992392,0.0 -53.176082,-26.8054076992392,0.0 -53.1760031,-26.8053509992392,0.0 -53.1759812,-26.8053320992392,0.0 -53.1759287,-26.8052955992392,0.0 -53.17589,-26.8052764992392,0.0 -53.175853,-26.8052570992392,0.0 -53.175808,-26.8052319992392,0.0 -53.1757733,-26.8052057992392,0.0 -53.1757371,-26.8051812992392,0.0 -53.1756961,-26.8051597992392,0.0 -53.1756508,-26.8051446992392,0.0 -53.1756013,-26.8051280992392,0.0 -53.1755591,-26.8051197992392,0.0 -53.1755103,-26.8051077992392,0.0 -53.1754918,-26.8051058992392,0.0 -53.1754508,-26.8051093992392,0.0 -53.1753623,-26.8051263992392,0.0 -53.1753343,-26.8051341992392,0.0 -53.1753238,-26.8051370992392,0.0 -53.1752801,-26.8051437992392,0.0 -53.1752689,-26.8051424992392,0.0 -53.1752224,-26.8051427992392,0.0 -53.1752123,-26.8051417992392,0.0 -53.1751743,-26.8051265992392,0.0 -53.1751556,-26.8051162992392,0.0 -53.1751239,-26.8050912992392,0.0 -53.175077,-26.8050642992392,0.0 -53.1750481,-26.8050518992392,0.0 -53.1750075,-26.8050466992392,0.0 -53.1749572,-26.8050437992392,0.0 -53.1749297,-26.8050515992392,0.0 -53.1748952,-26.8050719992392,0.0 -53.174852,-26.8050862992392,0.0 -53.1747998,-26.8051103992392,0.0 -53.174768,-26.8051355992392,0.0 -53.1747281,-26.8051476992392,0.0 -53.1746897,-26.8051499992392,0.0 -53.1746526,-26.8051354992392,0.0 -53.1746308,-26.8051139992392,0.0 -53.1746219,-26.8050942992392,0.0 -53.1746087,-26.8050575992392,0.0 -53.1746094,-26.8050505992392,0.0 -53.1745965,-26.8050159992392,0.0 -53.1745894,-26.8050065992392,0.0 -53.1745576,-26.8049787992392,0.0 -53.1745225,-26.8049452992392,0.0 -53.1744917,-26.8049218992392,0.0 -53.1744579,-26.8048916992392,0.0 -53.174418,-26.8048681992392,0.0 -53.1744024,-26.8048576992392,0.0 -53.1743188,-26.8048120992392,0.0 -53.1742754,-26.8047964992392,0.0 -53.1742314,-26.8047833992392,0.0 -53.1741818,-26.8047741992392,0.0 -53.1741268,-26.8047666992392,0.0 -53.1740772,-26.8047584992392,0.0 -53.1739961,-26.8047379992392,0.0 -53.1739823,-26.8047334992392,0.0 -53.1739282,-26.8047235992392,0.0 -53.1738854,-26.8047135992392,0.0 -53.1738725,-26.8047125992392,0.0 -53.1738227,-26.8047014992392,0.0 -53.1737777,-26.8046892992392,0.0 -53.173683,-26.8046595992392,0.0 -53.1736427,-26.8046492992392,0.0 -53.1736079,-26.8046391992392,0.0 -53.1735705,-26.8046216992392,0.0 -53.1735256,-26.8046058992392,0.0 -53.1734377,-26.8045818992392,0.0 -53.1733924,-26.8045827992392,0.0 -53.1733457,-26.8045749992392,0.0 -53.1733039,-26.8045787992392,0.0 -53.1732755,-26.8045803992392,0.0 -53.173221,-26.8045803992392,0.0 -53.1731369,-26.8045868992392,0.0 -53.1730996,-26.8046009992392,0.0 -53.1730573,-26.8046108992392,0.0 -53.1730136,-26.8046199992392,0.0 -53.1728798,-26.8045947992392,0.0 -53.1728452,-26.8045745992392,0.0 -53.1728019,-26.8045608992392,0.0 -53.1727595,-26.8045507992392,0.0 -53.1727147,-26.8045590992392,0.0 -53.1726758,-26.8045691992392,0.0 -53.1725979,-26.8046016992392,0.0 -53.1725531,-26.8046225992392,0.0 -53.1725136,-26.8046487992392,0.0 -53.1724677,-26.8046712992392,0.0 -53.1724335,-26.8046921992392,0.0 -53.172391,-26.8047128992392,0.0 -53.1723508,-26.8047238992392,0.0 -53.1723279,-26.8047378992392,0.0 -53.1723183,-26.8047407992392,0.0 -53.1723134,-26.8047403992392,0.0 -53.1722859,-26.8047476992392,0.0 -53.1722767,-26.8047523992392,0.0 -53.1722354,-26.8047670992392,0.0 -53.1722109,-26.8047775992392,0.0 -53.1721672,-26.8047901992392,0.0 -53.1721622,-26.8047903992392,0.0 -53.1721203,-26.8048046992392,0.0 -53.1720763,-26.8048170992392,0.0 -53.1720352,-26.8048259992392,0.0 -53.1720035,-26.8048319992392,0.0 -53.1719639,-26.8048449992392,0.0 -53.1719268,-26.8048615992392,0.0 -53.1718683,-26.8048691992392,0.0 -53.1718287,-26.8048768992392,0.0 -53.1717888,-26.8048869992392,0.0 -53.1717327,-26.8048904992392,0.0 -53.1716916,-26.8048974992392,0.0 -53.1716135,-26.8049132992392,0.0 -53.1715962,-26.8049167992392,0.0 -53.1715512,-26.8049271992392,0.0 -53.1713779,-26.8049451992392,0.0 -53.1713269,-26.8049402992392,0.0 -53.1712739,-26.8049302992392,0.0 -53.1712317,-26.8049106992392,0.0 -53.1711933,-26.8048894992392,0.0 -53.1711409,-26.8048637992392,0.0 -53.1711064,-26.8048394992392,0.0 -53.1710545,-26.8048192992392,0.0 -53.1710027,-26.8048072992392,0.0 -53.1709514,-26.8048043992392,0.0 -53.1708668,-26.8048257992392,0.0 -53.1708255,-26.8048269992392,0.0 -53.1707812,-26.8048074992392,0.0 -53.170744,-26.8047861992392,0.0 -53.1707155,-26.8047474992392,0.0 -53.1706968,-26.8047041992392,0.0 -53.1706707,-26.8046729992392,0.0 -53.1706281,-26.8046431992392,0.0 -53.1705865,-26.8046482992392,0.0 -53.1705441,-26.8046786992392,0.0 -53.1705181,-26.8047064992392,0.0 -53.1704425,-26.8047688992392,0.0 -53.1704029,-26.8047824992392,0.0 -53.1703477,-26.8047943992392,0.0 -53.1703271,-26.8048235992392,0.0 -53.1702996,-26.8048530992392,0.0 -53.1702753,-26.8048746992392,0.0 -53.1702505,-26.8048864992392,0.0 -53.1702152,-26.8049057992392,0.0 -53.1701632,-26.8049245992392,0.0 -53.1701218,-26.8049315992392,0.0 -53.1701102,-26.8049311992392,0.0 -53.1700563,-26.8049330992392,0.0 -53.1700152,-26.8049369992392,0.0 -53.1699651,-26.8049258992392,0.0 -53.1699221,-26.8049144992392,0.0 -53.1698789,-26.8049010992392,0.0 -53.169839,-26.8048962992392,0.0 -53.1697937,-26.8048852992392,0.0 -53.1697469,-26.8048754992392,0.0 -53.1696924,-26.8048690992392,0.0 -53.169647,-26.8048619992392,0.0 -53.1695979,-26.8048592992392,0.0 -53.169544,-26.8048523992392,0.0 -53.1694423,-26.8048383992392,0.0 -53.1693951,-26.8048242992392,0.0 -53.1693392,-26.8047963992392,0.0 -53.1692998,-26.8047662992392,0.0 -53.1692726,-26.8047467992392,0.0 -53.1692391,-26.8047163992392,0.0 -53.1692081,-26.8046901992392,0.0 -53.1691724,-26.8046701992392,0.0 -53.169129,-26.8046503992392,0.0 -53.1690753,-26.8046317992392,0.0 -53.1690308,-26.8046315992392,0.0 -53.1689822,-26.8046270992392,0.0 -53.1689351,-26.8046197992392,0.0 -53.1688825,-26.8046125992392,0.0 -53.1688321,-26.8046085992392,0.0 -53.1688073,-26.8046129992392,0.0 -53.1687577,-26.8046262992392,0.0 -53.1687425,-26.8046258992392,0.0 -53.1686944,-26.8046394992392,0.0 -53.1686438,-26.8046474992392,0.0 -53.1685694,-26.8046535992392,0.0 -53.1685218,-26.8046584992392,0.0 -53.1684667,-26.8046657992392,0.0 -53.1684142,-26.8046660992392,0.0 -53.1683643,-26.8046745992392,0.0 -53.1683091,-26.8046773992392,0.0 -53.1682562,-26.8046754992392,0.0 -53.1682017,-26.8046806992392,0.0 -53.1681496,-26.8046825992392,0.0 -53.1680615,-26.8046926992392,0.0 -53.1680267,-26.8047118992392,0.0 -53.1679674,-26.8047156992392,0.0 -53.1679171,-26.8047195992392,0.0 -53.1678761,-26.8047215992392,0.0 -53.1678266,-26.8047185992392,0.0 -53.1677746,-26.8047269992392,0.0 -53.1677171,-26.8047329992392,0.0 -53.1676745,-26.8047457992392,0.0 -53.1676295,-26.8047523992392,0.0 -53.1675747,-26.8047675992392,0.0 -53.1675184,-26.8047823992392,0.0 -53.1674627,-26.8047927992392,0.0 -53.167411,-26.8048113992392,0.0 -53.1673668,-26.8048287992392,0.0 -53.167324,-26.8048500992392,0.0 -53.1672902,-26.8048594992392,0.0 -53.1672415,-26.8048718992392,0.0 -53.1671945,-26.8048868992392,0.0 -53.1671422,-26.8048978992392,0.0 -53.1671321,-26.8048991992392,0.0 -53.1670895,-26.8049079992392,0.0 -53.1670353,-26.8049279992392,0.0 -53.166997,-26.8049475992392,0.0 -53.1669651,-26.8049689992392,0.0 -53.1669373,-26.8050067992392,0.0 -53.1669066,-26.8050459992392,0.0 -53.1668949,-26.8050814992392,0.0 -53.1668879,-26.8051202992392,0.0 -53.1668762,-26.8051614992392,0.0 -53.1668522,-26.8051941992392,0.0 -53.1668382,-26.8052297992392,0.0 -53.1668105,-26.8052625992392,0.0 -53.1667778,-26.8052969992392,0.0 -53.1667615,-26.8053336992392,0.0 -53.1667509,-26.8054571992392,0.0 -53.1667549,-26.8055011992392,0.0 -53.1667545,-26.8055427992392,0.0 -53.1667458,-26.8055831992392,0.0 -53.1667343,-26.8056234992392,0.0 -53.1667237,-26.8056571992392,0.0 -53.1667137,-26.8056965992392,0.0 -53.1666938,-26.8057289992392,0.0 -53.1666513,-26.8058086992392,0.0 -53.166623,-26.8058448992392,0.0 -53.1665963,-26.8058736992392,0.0 -53.1665669,-26.8058990992392,0.0 -53.1665405,-26.8059344992392,0.0 -53.1665145,-26.8059736992392,0.0 -53.1664862,-26.8060035992392,0.0 -53.1664554,-26.8060281992392,0.0 -53.1663069,-26.8061040992392,0.0 -53.1662586,-26.8061192992392,0.0 -53.1662123,-26.8061328992392,0.0 -53.1661577,-26.8061377992392,0.0 -53.1661193,-26.8061493992392,0.0 -53.1660742,-26.8061590992392,0.0 -53.1660293,-26.8061676992392,0.0 -53.1659895,-26.8061698992392,0.0 -53.1659071,-26.8061805992392,0.0 -53.1658596,-26.8061838992392,0.0 -53.1658092,-26.8061824992392,0.0 -53.1657694,-26.8061756992392,0.0 -53.1657306,-26.8061612992392,0.0 -53.1656929,-26.8061405992392,0.0 -53.1656546,-26.8061182992392,0.0 -53.1655963,-26.8060652992392,0.0 -53.1655315,-26.8060124992392,0.0 -53.1654825,-26.8059729992392,0.0 -53.1654188,-26.8059356992392,0.0 -53.1653541,-26.8059052992392,0.0 -53.1652847,-26.8058798992392,0.0 -53.1651859,-26.8058583992392,0.0 -53.1567034,-26.8013447992393,0.0 -53.1566959,-26.8013825992393,0.0 -53.1566825,-26.8014211992393,0.0 -53.156649,-26.8014440992393,0.0 -53.1566116,-26.8014683992393,0.0 -53.1565874,-26.8014703992393,0.0 -53.156567,-26.8014719992393,0.0 -53.156519,-26.8014733992393,0.0 -53.1564625,-26.8014703992393,0.0 -53.1564137,-26.8014669992393,0.0 -53.1563636,-26.8014716992393,0.0 -53.1562123,-26.8014987992393,0.0 -53.1561629,-26.8015266992393,0.0 -53.1560417,-26.8016009992393,0.0 -53.1560102,-26.8016251992393,0.0 -53.1559754,-26.8016477992393,0.0 -53.155936,-26.8016683992393,0.0 -53.1558966,-26.8016850992393,0.0 -53.1558565,-26.8017090992393,0.0 -53.1558166,-26.8017236992393,0.0 -53.1557756,-26.8017480992393,0.0 -53.1556991,-26.8017818992393,0.0 -53.1556626,-26.8018006992393,0.0 -53.1556243,-26.8018123992393,0.0 -53.1555824,-26.8018274992393,0.0 -53.1555419,-26.8018441992393,0.0 -53.155508,-26.8018659992393,0.0 -53.155474,-26.8018854992393,0.0 -53.1552945,-26.8019810992393,0.0 -53.1552592,-26.8020153992393,0.0 -53.1552284,-26.8020468992393,0.0 -53.1551948,-26.8021265992393,0.0 -53.1551896,-26.8021663992393,0.0 -53.1551865,-26.8022025992393,0.0 -53.1551772,-26.8022440992393,0.0 -53.1551294,-26.8023250992393,0.0 -53.1550955,-26.8023523992393,0.0 -53.155072,-26.8023585992393,0.0 -53.1550288,-26.8023637992393,0.0 -53.1549904,-26.8023519992393,0.0 -53.1549513,-26.8023429992393,0.0 -53.1549299,-26.8023393992393,0.0 -53.1548914,-26.8023142992393,0.0 -53.1548677,-26.8022824992393,0.0 -53.1548603,-26.8022688992393,0.0 -53.1548434,-26.8022309992393,0.0 -53.1548275,-26.8022036992393,0.0 -53.154817,-26.8021852992393,0.0 -53.154773,-26.8021388992393,0.0 -53.1547278,-26.8021226992393,0.0 -53.1546816,-26.8021191992393,0.0 -53.154639,-26.8021264992393,0.0 -53.1545923,-26.8021318992393,0.0 -53.1545428,-26.8021417992393,0.0 -53.1544796,-26.8021651992393,0.0 -53.1544387,-26.8021665992393,0.0 -53.1544266,-26.8021686992393,0.0 -53.1543829,-26.8021734992393,0.0 -53.1543386,-26.8021835992393,0.0 -53.1542951,-26.8022043992393,0.0 -53.1542831,-26.8022081992393,0.0 -53.1542471,-26.8022255992393,0.0 -53.1542039,-26.8022490992393,0.0 -53.1541555,-26.8022536992393,0.0 -53.1541417,-26.8022496992393,0.0 -53.1540958,-26.8022338992393,0.0 -53.1540529,-26.8022139992393,0.0 -53.1540035,-26.8022136992393,0.0 -53.1539584,-26.8022099992393,0.0 -53.1539139,-26.8022110992393,0.0 -53.1538709,-26.8022185992393,0.0 -53.1538313,-26.8022268992393,0.0 -53.1537828,-26.8022423992393,0.0 -53.1537444,-26.8022588992393,0.0 -53.1536605,-26.8022837992393,0.0 -53.1536204,-26.8023052992393,0.0 -53.1535866,-26.8023265992393,0.0 -53.1535808,-26.8023309992393,0.0 -53.1534846,-26.8023443992393,0.0 -53.1534469,-26.8023285992393,0.0 -53.1534053,-26.8023078992393,0.0 -53.1533621,-26.8022910992393,0.0 -53.1533184,-26.8022727992393,0.0 -53.1533055,-26.8022681992393,0.0 -53.1532561,-26.8022551992393,0.0 -53.1531985,-26.8022480992393,0.0 -53.1531555,-26.8022406992393,0.0 -53.1531042,-26.8022336992393,0.0 -53.1530619,-26.8022346992393,0.0 -53.1530233,-26.8022473992393,0.0 -53.1529877,-26.8022685992393,0.0 -53.1529144,-26.8023366992393,0.0 -53.1528835,-26.8023749992393,0.0 -53.1528649,-26.8024148992393,0.0 -53.152847,-26.8024597992393,0.0 -53.1528346,-26.8025030992393,0.0 -53.1528321,-26.8025478992393,0.0 -53.1528341,-26.8025905992393,0.0 -53.15282,-26.8026289992393,0.0 -53.1527881,-26.8026678992393,0.0 -53.152733,-26.8026808992393,0.0 -53.1526878,-26.8026884992393,0.0 -53.152646,-26.8026865992393,0.0 -53.1525573,-26.8026723992393,0.0 -53.1525008,-26.8026663992393,0.0 -53.1524608,-26.8026708992393,0.0 -53.1524272,-26.8027057992393,0.0 -53.1524129,-26.8027429992393,0.0 -53.1523938,-26.8027846992393,0.0 -53.1523654,-26.8028283992393,0.0 -53.1523315,-26.8028502992393,0.0 -53.1522758,-26.8028680992393,0.0 -53.1522315,-26.8028804992393,0.0 -53.1521859,-26.8028919992393,0.0 -53.1521449,-26.8028991992393,0.0 -53.1521013,-26.8028995992393,0.0 -53.1520082,-26.8029110992393,0.0 -53.1519661,-26.8029251992393,0.0 -53.151926,-26.8029286992393,0.0 -53.1518841,-26.8029405992393,0.0 -53.151844,-26.8029541992393,0.0 -53.1518104,-26.8029848992393,0.0 -53.1517715,-26.8030163992393,0.0 -53.1517315,-26.8030433992393,0.0 -53.1516921,-26.8030805992393,0.0 -53.1516559,-26.8030991992393,0.0 -53.1516131,-26.8031225992393,0.0 -53.1514987,-26.8031432992393,0.0 -53.1514529,-26.8031444992393,0.0 -53.1514,-26.8031494992392,0.0 -53.1513498,-26.8031673992392,0.0 -53.151307,-26.8031817992393,0.0 -53.1512634,-26.8032061992392,0.0 -53.1512364,-26.8032334992393,0.0 -53.1512109,-26.8032625992393,0.0 -53.151177,-26.8032849992392,0.0 -53.1511442,-26.8033212992392,0.0 -53.1511167,-26.8033544992392,0.0 -53.1510828,-26.8033804992393,0.0 -53.1510526,-26.8034055992392,0.0 -53.1510144,-26.8034395992393,0.0 -53.1509818,-26.8034612992392,0.0 -53.1509376,-26.8034858992392,0.0 -53.1508999,-26.8035130992392,0.0 -53.1508609,-26.8035307992392,0.0 -53.1508199,-26.8035406992392,0.0 -53.1507779,-26.8035451992392,0.0 -53.1507271,-26.8035546992392,0.0 -53.1506848,-26.8035529992392,0.0 -53.1505195,-26.8034873992392,0.0 -53.1504878,-26.8034627992392,0.0 -53.1504478,-26.8034383992392,0.0 -53.1503961,-26.8034097992392,0.0 -53.1503519,-26.8033815992392,0.0 -53.1503012,-26.8033767992392,0.0 -53.1502583,-26.8033611992393,0.0 -53.1502121,-26.8033479992393,0.0 -53.1501677,-26.8033365992393,0.0 -53.1501228,-26.8033306992393,0.0 -53.1500735,-26.8033355992393,0.0 -53.1500147,-26.8033331992393,0.0 -53.150012,-26.8033333992392,0.0 -53.1499314,-26.8033403992392,0.0 -53.14988,-26.8033543992392,0.0 -53.1498284,-26.8033640992392,0.0 -53.1497901,-26.8033763992393,0.0 -53.1497555,-26.8033956992393,0.0 -53.1497197,-26.8034132992392,0.0 -53.1496891,-26.8034385992392,0.0 -53.1496523,-26.8034637992392,0.0 -53.1496422,-26.8034722992392,0.0 -53.1495761,-26.8035374992392,0.0 -53.1495547,-26.8035732992392,0.0 -53.1495337,-26.8036029992392,0.0 -53.1495151,-26.8036367992392,0.0 -53.1494813,-26.8037157992392,0.0 -53.1494766,-26.8037221992392,0.0 -53.149445,-26.8037992992392,0.0 -53.1494378,-26.8038319992392,0.0 -53.1494081,-26.8039005992392,0.0 -53.1493967,-26.8039365992392,0.0 -53.1493995,-26.8039612992392,0.0 -53.1493766,-26.8040065992392,0.0 -53.1493444,-26.8040466992392,0.0 -53.1493426,-26.8040478992392,0.0 -53.1492974,-26.8040759992392,0.0 -53.1492191,-26.8041124992392,0.0 -53.1491801,-26.8041216992392,0.0 -53.1491296,-26.8041271992392,0.0 -53.1490664,-26.8041533992392,0.0 -53.1490165,-26.8041714992392,0.0 -53.1490005,-26.8041809992392,0.0 -53.1489494,-26.8042019992392,0.0 -53.1489,-26.8042160992392,0.0 -53.1488575,-26.8042251992392,0.0 -53.1488055,-26.8042305992392,0.0 -53.1487642,-26.8042410992392,0.0 -53.1486765,-26.8042456992392,0.0 -53.1486254,-26.8042447992392,0.0 -53.1485845,-26.8042458992392,0.0 -53.1485317,-26.8042450992392,0.0 -53.1484748,-26.8042459992392,0.0 -53.1484229,-26.8042496992392,0.0 -53.148384,-26.8042516992392,0.0 -53.1483409,-26.8042493992392,0.0 -53.1482966,-26.8042366992392,0.0 -53.1482488,-26.8042239992392,0.0 -53.1481926,-26.8042054992392,0.0 -53.1481548,-26.8041849992392,0.0 -53.1481188,-26.8041640992392,0.0 -53.1480743,-26.8041364992392,0.0 -53.1480387,-26.8041116992392,0.0 -53.1479934,-26.8040820992392,0.0 -53.1479525,-26.8040626992392,0.0 -53.1479084,-26.8040449992392,0.0 -53.1478625,-26.8040317992392,0.0 -53.1478135,-26.8040333992392,0.0 -53.1477662,-26.8040254992392,0.0 -53.1477121,-26.8040177992392,0.0 -53.1475521,-26.8040008992392,0.0 -53.1475018,-26.8039948992392,0.0 -53.1474456,-26.8039895992392,0.0 -53.1473895,-26.8039883992392,0.0 -53.1473399,-26.8039889992392,0.0 -53.1472999,-26.8039950992392,0.0 -53.1472516,-26.8039977992392,0.0 -53.1472003,-26.8040096992392,0.0 -53.1470963,-26.8040356992392,0.0 -53.1470532,-26.8040431992392,0.0 -53.1469952,-26.8040635992392,0.0 -53.1469417,-26.8040835992392,0.0 -53.1468867,-26.8040991992392,0.0 -53.1468485,-26.8041107992392,0.0 -53.1468009,-26.8041166992392,0.0 -53.1467391,-26.8041195992392,0.0 -53.1466722,-26.8041193992392,0.0 -53.1466232,-26.8041122992392,0.0 -53.1465813,-26.8041135992392,0.0 -53.1464822,-26.8041151992392,0.0 -53.1464349,-26.8041174992392,0.0 -53.1463928,-26.8041174992392,0.0 -53.1463491,-26.8041161992392,0.0 -53.1463168,-26.8041175992392,0.0 -53.146268,-26.8041217992392,0.0 -53.1462138,-26.8041223992392,0.0 -53.1461725,-26.8041261992392,0.0 -53.1461287,-26.8041284992392,0.0 -53.1459017,-26.8041549992392,0.0 -53.1458567,-26.8041657992392,0.0 -53.1458137,-26.8041696992392,0.0 -53.1457623,-26.8041707992392,0.0 -53.1457113,-26.8041731992392,0.0 -53.1456634,-26.8041735992392,0.0 -53.1456237,-26.8041682992392,0.0 -53.1455763,-26.8041635992392,0.0 -53.1455163,-26.8041523992392,0.0 -53.1454525,-26.8041443992392,0.0 -53.1453928,-26.8041321992392,0.0 -53.1453107,-26.8041246992392,0.0 -53.1452607,-26.8041216992392,0.0 -53.1452032,-26.8041244992392,0.0 -53.1451559,-26.8041350992392,0.0 -53.1451002,-26.8041417992392,0.0 -53.1450572,-26.8041508992392,0.0 -53.1450119,-26.8041657992392,0.0 -53.1449687,-26.8041877992392,0.0 -53.1449336,-26.8042071992392,0.0 -53.144861,-26.8042509992392,0.0 -53.1448119,-26.8042761992392,0.0 -53.1447774,-26.8042973992392,0.0 -53.1447416,-26.8043138992392,0.0 -53.144698,-26.8043252992392,0.0 -53.1446507,-26.8043363992392,0.0 -53.1446127,-26.8043492992392,0.0 -53.1445646,-26.8043745992392,0.0 -53.1445181,-26.8043970992392,0.0 -53.1444683,-26.8044195992392,0.0 -53.1444344,-26.8044478992392,0.0 -53.1443964,-26.8044759992392,0.0 -53.1443268,-26.8045440992392,0.0 -53.1442972,-26.8045943992392,0.0 -53.1442693,-26.8046437992392,0.0 -53.1442454,-26.8046927992392,0.0 -53.1442368,-26.8047459992392,0.0 -53.1442208,-26.8047963992392,0.0 -53.1442083,-26.8048509992392,0.0 -53.1441923,-26.8049374992392,0.0 -53.1441778,-26.8049891992392,0.0 -53.144161,-26.8050405992392,0.0 -53.144152,-26.8050786992392,0.0 -53.1441366,-26.8051239992392,0.0 -53.1441119,-26.8051723992392,0.0 -53.1440883,-26.8052219992392,0.0 -53.1440767,-26.8052591992392,0.0 -53.1440481,-26.8052929992392,0.0 -53.1439925,-26.8053789992392,0.0 -53.1439742,-26.8054147992392,0.0 -53.1439427,-26.8054718992392,0.0 -53.1439116,-26.8055085992392,0.0 -53.1438781,-26.8055392992392,0.0 -53.1438705,-26.8055845992392,0.0 -53.1438468,-26.8056276992392,0.0 -53.1438234,-26.8056761992392,0.0 -53.1438138,-26.8057177992392,0.0 -53.1437957,-26.8057589992392,0.0 -53.1437411,-26.8058614992392,0.0 -53.1437185,-26.8059020992392,0.0 -53.1436761,-26.8059285992392,0.0 -53.1436293,-26.8059533992392,0.0 -53.1435831,-26.8059814992392,0.0 -53.1435449,-26.8060131992392,0.0 -53.1435078,-26.8060453992392,0.0 -53.14348,-26.8060841992392,0.0 -53.1434589,-26.8061049992392,0.0 -53.1434378,-26.8061258992392,0.0 -53.143392,-26.8061683992392,0.0 -53.143366,-26.8061959992392,0.0 -53.1433343,-26.8062277992392,0.0 -53.1432902,-26.8062647992392,0.0 -53.1432415,-26.8063006992392,0.0 -53.1431983,-26.8063211992392,0.0 -53.1431468,-26.8063487992392,0.0 -53.1430878,-26.8063777992392,0.0 -53.1430315,-26.8064082992392,0.0 -53.1429348,-26.8064634992392,0.0 -53.1428881,-26.8065019992392,0.0 -53.1428413,-26.8065334992392,0.0 -53.1428143,-26.8065627992392,0.0 -53.1427694,-26.8065909992392,0.0 -53.1427239,-26.8066261992392,0.0 -53.14268,-26.8066461992392,0.0 -53.1426324,-26.8066653992392,0.0 -53.1425691,-26.8066762992392,0.0 -53.1425041,-26.8066902992392,0.0 -53.1424487,-26.8066992992392,0.0 -53.1423954,-26.8067121992392,0.0 -53.1423315,-26.8067300992392,0.0 -53.1422139,-26.8067617992392,0.0 -53.1421503,-26.8067855992392,0.0 -53.1420884,-26.8068131992392,0.0 -53.1420431,-26.8068312992392,0.0 -53.141994,-26.8068554992392,0.0 -53.1418559,-26.8069299992392,0.0 -53.1418067,-26.8069449992392,0.0 -53.1417475,-26.8069586992392,0.0 -53.1416927,-26.8069738992392,0.0 -53.1416515,-26.8069876992392,0.0 -53.1416084,-26.8069975992392,0.0 -53.1414853,-26.8070421992392,0.0 -53.1414302,-26.8070656992392,0.0 -53.1413749,-26.8070838992392,0.0 -53.141323,-26.8071050992392,0.0 -53.1412651,-26.8071203992392,0.0 -53.1412263,-26.8071347992392,0.0 -53.1411858,-26.8071453992392,0.0 -53.1411422,-26.8071609992392,0.0 -53.1410405,-26.8072052992392,0.0 -53.1409927,-26.8072231992392,0.0 -53.1409457,-26.8072465992392,0.0 -53.1408966,-26.8072762992392,0.0 -53.1408576,-26.8072924992392,0.0 -53.1408084,-26.8073085992392,0.0 -53.1407579,-26.8073302992392,0.0 -53.140732,-26.8073453992392,0.0 -53.1406839,-26.8073717992392,0.0 -53.1406375,-26.8073938992392,0.0 -53.1406207,-26.8074042992392,0.0 -53.140578,-26.8074220992392,0.0 -53.1405327,-26.8074378992392,0.0 -53.1404986,-26.8074643992392,0.0 -53.1404559,-26.8074825992392,0.0 -53.1404131,-26.8074958992392,0.0 -53.1403368,-26.8075121992392,0.0 -53.1403077,-26.8075162992392,0.0 -53.1402641,-26.8075185992392,0.0 -53.1402221,-26.8075217992392,0.0 -53.1401771,-26.8075154992392,0.0 -53.1401403,-26.8075005992392,0.0 -53.1400998,-26.8074889992392,0.0 -53.1399987,-26.8074559992392,0.0 -53.1399608,-26.8074333992392,0.0 -53.139919,-26.8074185992392,0.0 -53.1398677,-26.8074049992392,0.0 -53.1398112,-26.8073984992392,0.0 -53.1397686,-26.8074035992392,0.0 -53.1397099,-26.8074029992392,0.0 -53.1396563,-26.8074086992392,0.0 -53.1396303,-26.8074152992392,0.0 -53.1395775,-26.8074197992392,0.0 -53.1395282,-26.8074255992392,0.0 -53.139484,-26.8074270992392,0.0 -53.1394363,-26.8074324992392,0.0 -53.1393859,-26.8074305992392,0.0 -53.1393354,-26.8074326992392,0.0 -53.1392841,-26.8074365992392,0.0 -53.1392281,-26.8074455992392,0.0 -53.1391867,-26.8074539992392,0.0 -53.1390352,-26.8074904992392,0.0 -53.1389785,-26.8075164992392,0.0 -53.1389317,-26.8075433992392,0.0 -53.1388901,-26.8075676992392,0.0 -53.1388576,-26.8075894992392,0.0 -53.1388386,-26.8076035992392,0.0 -53.1387963,-26.8076385992392,0.0 -53.138757,-26.8076678992392,0.0 -53.1386966,-26.8077173992392,0.0 -53.1386516,-26.8077568992392,0.0 -53.1386207,-26.8077829992392,0.0 -53.1385935,-26.8078162992392,0.0 -53.1385369,-26.8078750992392,0.0 -53.1384976,-26.8079068992392,0.0 -53.1384583,-26.8079344992392,0.0 -53.138408,-26.8079646992392,0.0 -53.1383743,-26.8079867992392,0.0 -53.1383373,-26.8080056992392,0.0 -53.1382513,-26.8080386992392,0.0 -53.1382101,-26.8080411992392,0.0 -53.1381616,-26.8080620992392,0.0 -53.1381159,-26.8080830992392,0.0 -53.1380779,-26.8080985992392,0.0 -53.1380587,-26.8081000992392,0.0 -53.1380106,-26.8081303992392,0.0 -53.1379611,-26.8081529992392,0.0 -53.1379107,-26.8081612992392,0.0 -53.1378949,-26.8081654992392,0.0 -53.1378515,-26.8081702992392,0.0 -53.1378406,-26.8081663992392,0.0 -53.1378057,-26.8081379992392,0.0 -53.1377901,-26.8081046992392,0.0 -53.1377891,-26.8080645992392,0.0 -53.1378096,-26.8079823992392,0.0 -53.1378153,-26.8079355992392,0.0 -53.137816,-26.8078824992392,0.0 -53.1378131,-26.8078663992392,0.0 -53.1378083,-26.8078260992392,0.0 -53.137787,-26.8077934992392,0.0 -53.1377464,-26.8077737992392,0.0 -53.1377007,-26.8077647992392,0.0 -53.1376544,-26.8077732992392,0.0 -53.1375502,-26.8077908992392,0.0 -53.1375002,-26.8078091992392,0.0 -53.1374615,-26.8078263992392,0.0 -53.1374135,-26.8078486992392,0.0 -53.1373782,-26.8078748992392,0.0 -53.1373298,-26.8078957992392,0.0 -53.1372987,-26.8079187992392,0.0 -53.1372567,-26.8079527992391,0.0 -53.1371832,-26.8079957992392,0.0 -53.1371413,-26.8080017992392,0.0 -53.1370919,-26.8080002992392,0.0 -53.1370528,-26.8080179992392,0.0 -53.1370081,-26.8080214992392,0.0 -53.1369833,-26.8080282992392,0.0 -53.1369333,-26.8080222992392,0.0 -53.1368975,-26.8080153992392,0.0 -53.1368576,-26.8080095992391,0.0 -53.136803,-26.8080043992392,0.0 -53.1367902,-26.8080054992392,0.0 -53.1367482,-26.8080124992392,0.0 -53.1367012,-26.8080243992392,0.0 -53.1366431,-26.8080126992392,0.0 -53.1366036,-26.8080094992392,0.0 -53.1365586,-26.8080004992392,0.0 -53.1365107,-26.8079924992392,0.0 -53.1364507,-26.8079867992392,0.0 -53.1364074,-26.8079860992392,0.0 -53.1363631,-26.8079763992392,0.0 -53.1363072,-26.8079750992392,0.0 -53.1362388,-26.8079763992392,0.0 -53.1361958,-26.8079708992392,0.0 -53.1361565,-26.8079488992392,0.0 -53.1361193,-26.8079313992392,0.0 -53.1361034,-26.8079250992392,0.0 -53.1360599,-26.8079039992392,0.0 -53.1360425,-26.8078982992392,0.0 -53.135988,-26.8078778992392,0.0 -53.1359454,-26.8078630992392,0.0 -53.1359094,-26.8078538992392,0.0 -53.1358475,-26.8078422992392,0.0 -53.1357996,-26.8078297992392,0.0 -53.135749,-26.8078174992392,0.0 -53.135694,-26.8078079992392,0.0 -53.1356404,-26.8078021992392,0.0 -53.1355997,-26.8078050992392,0.0 -53.1355592,-26.8078068992392,0.0 -53.1355067,-26.8078192992392,0.0 -53.1354697,-26.8078337992392,0.0 -53.1354234,-26.8078472992392,0.0 -53.1354124,-26.8078521992392,0.0 -53.1353618,-26.8078664992392,0.0 -53.1353135,-26.8078837992392,0.0 -53.1352879,-26.8078955992392,0.0 -53.1352521,-26.8079193992392,0.0 -53.1352221,-26.8079444992392,0.0 -53.135198,-26.8079762992392,0.0 -53.1351667,-26.8080496992392,0.0 -53.1351325,-26.8081236992392,0.0 -53.1351066,-26.8081616992392,0.0 -53.1350712,-26.8081953992392,0.0 -53.1350212,-26.8082176992391,0.0 -53.1349733,-26.8082449992392,0.0 -53.1349374,-26.8082795992391,0.0 -53.1349131,-26.8083109992391,0.0 -53.1348948,-26.8083494992391,0.0 -53.1348828,-26.8083908992391,0.0 -53.1348559,-26.8084399992391,0.0 -53.1348137,-26.8085120992392,0.0 -53.1347671,-26.8085493992391,0.0 -53.1347269,-26.8085852992391,0.0 -53.1347001,-26.8086130992391,0.0 -53.1346662,-26.8086419992391,0.0 -53.1346301,-26.8086709992391,0.0 -53.1345848,-26.8086987992391,0.0 -53.1345476,-26.8087200992391,0.0 -53.1344322,-26.8087984992391,0.0 -53.1343924,-26.8088220992391,0.0 -53.1343585,-26.8088444992391,0.0 -53.1343235,-26.8088723992391,0.0 -53.1342838,-26.8088973992391,0.0 -53.134251,-26.8089195992391,0.0 -53.1341906,-26.8089537992391,0.0 -53.1341514,-26.8089817992391,0.0 -53.1341186,-26.8090103992391,0.0 -53.1340819,-26.8090305992391,0.0 -53.1340153,-26.8090790992391,0.0 -53.1339814,-26.8091109992391,0.0 -53.1339491,-26.8091339992391,0.0 -53.1339133,-26.8091578992391,0.0 -53.1338759,-26.8091905992391,0.0 -53.1338284,-26.8092125992391,0.0 -53.1337826,-26.8092317992391,0.0 -53.1337401,-26.8092526992391,0.0 -53.1336974,-26.8092757992391,0.0 -53.1336332,-26.8093288992391,0.0 -53.1336009,-26.8093577992391,0.0 -53.1335711,-26.8093886992391,0.0 -53.133543,-26.8094152992391,0.0 -53.1335153,-26.8094481992391,0.0 -53.1334888,-26.8094867992391,0.0 -53.1334633,-26.8095194992391,0.0 -53.1334415,-26.8095498992391,0.0 -53.1334205,-26.8095948992391,0.0 -53.1334157,-26.8096012992391,0.0 -53.1334099,-26.8096091992391,0.0 -53.1333852,-26.8096519992391,0.0 -53.1333612,-26.8096856992391,0.0 -53.1333415,-26.8097219992391,0.0 -53.1333137,-26.8097562992391,0.0 -53.1332673,-26.8097777992391,0.0 -53.1331747,-26.8097913992391,0.0 -53.1331321,-26.8097885992391,0.0 -53.1330792,-26.8097828992391,0.0 -53.1330368,-26.8097743992391,0.0 -53.1329884,-26.8097706992391,0.0 -53.1328802,-26.8097907992391,0.0 -53.1327354,-26.8098252992391,0.0 -53.1326544,-26.8098392992391,0.0 -53.1325716,-26.8098378992391,0.0 -53.1325193,-26.8098448992391,0.0 -53.1324681,-26.8098679992391,0.0 -53.132427,-26.8098878992391,0.0 -53.1323511,-26.8099448992391,0.0 -53.1322863,-26.8100067992391,0.0 -53.1322524,-26.8100273992391,0.0 -53.1322037,-26.8100679992391,0.0 -53.1321803,-26.8100892992391,0.0 -53.1208967,-26.8086560992391,0.0 -53.1207158,-26.8086330992391,0.0 -53.1206784,-26.8087213992392,0.0 -53.1206186,-26.8089304992391,0.0 -53.1206206,-26.8089790992391,0.0 -53.1206339,-26.8090203992391,0.0 -53.1206564,-26.8090474992391,0.0 -53.1207007,-26.8090824992391,0.0 -53.1207703,-26.8091200992391,0.0 -53.1209347,-26.8091875992391,0.0 -53.121064,-26.8092543992391,0.0 -53.1211279,-26.8092956992391,0.0 -53.1211565,-26.8093277992391,0.0 -53.1211777,-26.8093722992391,0.0 -53.1211861,-26.8094363992391,0.0 -53.1211715,-26.8095645992391,0.0 -53.1211528,-26.8096390992391,0.0 -53.1210786,-26.8098784992391,0.0 -53.1210482,-26.8099771992391,0.0 -53.121001,-26.8101300992391,0.0 -53.1209228,-26.8104165992391,0.0 -53.1209034,-26.8104615992391,0.0 -53.1208907,-26.8104908992391,0.0 -53.1208024,-26.8106210992391,0.0 -53.1205383,-26.8109890992391,0.0 -53.1204307,-26.8111752992391,0.0 -53.1204252,-26.8111846992391,0.0 -53.1203563,-26.8113142992391,0.0 -53.1202462,-26.8114871992391,0.0 -53.1201669,-26.8116015992391,0.0 -53.1201201,-26.8116502992391,0.0 -53.1201009,-26.8116596992391,0.0 -53.1200582,-26.8116646992391,0.0 -53.1198601,-26.8116886992391,0.0 -53.1197911,-26.8117101992391,0.0 -53.1197665,-26.8117267992391,0.0 -53.1197315,-26.8117749992391,0.0 -53.1197123,-26.8118313992391,0.0 -53.1197066,-26.8119341992391,0.0 -53.1197357,-26.8122529992391,0.0 -53.1197262,-26.8123072992391,0.0 -53.1196897,-26.8123695992391,0.0 -53.1196615,-26.8123931992391,0.0 -53.1196065,-26.8124264992391,0.0 -53.1195072,-26.8124572992391,0.0 -53.1191713,-26.8125686992391,0.0 -53.1188583,-26.8126722992391,0.0 -53.1186413,-26.8127463992391,0.0 -53.1185623,-26.8127649992391,0.0 -53.1184432,-26.8127793992391,0.0 -53.1182798,-26.8127835992391,0.0 -53.1181634,-26.8127965992391,0.0 -53.1181171,-26.8128086992391,0.0 -53.1180655,-26.8128331992391,0.0 -53.1180298,-26.8128676992391,0.0 -53.1179796,-26.8129304992391,0.0 -53.1179235,-26.8130424992391,0.0 -53.1178551,-26.8131446992391,0.0 -53.1178506,-26.8131513992391,0.0 -53.117763,-26.813255799239,0.0 -53.1176841,-26.8133336992391,0.0 -53.1175542,-26.8134553992391,0.0 -53.117416,-26.8135634992391,0.0 -53.1173021,-26.8136444992391,0.0 -53.1172618,-26.813663499239,0.0 -53.1172224,-26.8136779992391,0.0 -53.117183,-26.8136925992391,0.0 -53.1171275,-26.813720799239,0.0 -53.1170213,-26.813803299239,0.0 -53.1169053,-26.813915899239,0.0 -53.1167847,-26.814032099239,0.0 -53.1166894,-26.814128299239,0.0 -53.1166143,-26.814192299239,0.0 -53.1165291,-26.814251399239,0.0 -53.1163682,-26.814337899239,0.0 -53.1161231,-26.814464299239,0.0 -53.1160061,-26.814526399239,0.0 -53.1158821,-26.814597599239,0.0 -53.1157984,-26.814663799239,0.0 -53.1157594,-26.814707299239,0.0 -53.115762,-26.814753499239,0.0 -53.1157476,-26.814941499239,0.0 -53.1157537,-26.815049799239,0.0 -53.1157763,-26.815180299239,0.0 -53.1157938,-26.815230499239,0.0 -53.1158407,-26.815318299239,0.0 -53.1159795,-26.815494299239,0.0 -53.1161198,-26.815720299239,0.0 -53.1162148,-26.815900699239,0.0 -53.1162612,-26.815984799239,0.0 -53.1162957,-26.816018599239,0.0 -53.1163403,-26.816057199239,0.0 -53.1166135,-26.816212799239,0.0 -53.1167767,-26.816283599239,0.0 -53.1169204,-26.816355099239,0.0 -53.1170517,-26.816413099239,0.0 -53.1171801,-26.816495699239,0.0 -53.1172664,-26.816566999239,0.0 -53.11732,-26.816638499239,0.0 -53.1173456,-26.816693599239,0.0 -53.1173755,-26.816758999239,0.0 -53.1173745,-26.816836199239,0.0 -53.1173548,-26.816897799239,0.0 -53.1172771,-26.817016599239,0.0 -53.1171243,-26.817218999239,0.0 -53.1169755,-26.817394699239,0.0 -53.1168797,-26.817552899239,0.0 -53.1167392,-26.817776099239,0.0 -53.1164959,-26.818182599239,0.0 -53.1164033,-26.818343099239,0.0 -53.1162952,-26.818531999239,0.0 -53.1162885,-26.818543699239,0.0 -53.116183,-26.8187604992389,0.0 -53.1161186,-26.8189122992389,0.0 -53.1161163,-26.8189177992389,0.0 -53.1161152,-26.8189217992389,0.0 -53.1160956,-26.8189923992389,0.0 -53.1160943,-26.8190609992389,0.0 -53.1161069,-26.8191411992389,0.0 -53.1161385,-26.8192214992389,0.0 -53.1161961,-26.8193169992389,0.0 -53.1162982,-26.8194401992389,0.0 -53.1163676,-26.8195158992389,0.0 -53.1164152,-26.8195605992389,0.0 -53.1164571,-26.8195814992389,0.0 -53.1165304,-26.8196121992389,0.0 -53.1165922,-26.8196195992389,0.0 -53.1166799,-26.8196128992389,0.0 -53.1168008,-26.8195933992389,0.0 -53.1170486,-26.8195142992389,0.0 -53.1175278,-26.8192917992389,0.0 -53.1176697,-26.8192411992389,0.0 -53.1177988,-26.8192037992389,0.0 -53.1178617,-26.8191937992389,0.0 -53.117908,-26.8191971992389,0.0 -53.1179441,-26.8192150992389,0.0 -53.1179747,-26.8192369992389,0.0 -53.1179903,-26.8192633992389,0.0 -53.1181264,-26.8196657992389,0.0 -53.1182388,-26.8201498992389,0.0 -53.1183643,-26.8205690992389,0.0 -53.1184012,-26.8206648992389,0.0 -53.1184391,-26.8207277992389,0.0 -53.1185907,-26.8209000992389,0.0 -53.1187199,-26.8210426992389,0.0 -53.1187607,-26.8210707992389,0.0 -53.1187813,-26.8210782992389,0.0 -53.1188173,-26.8210720992389,0.0 -53.1188638,-26.8210530992389,0.0 -53.1189772,-26.8209840992389,0.0 -53.1193339,-26.8206978992389,0.0 -53.1194163,-26.8206140992389,0.0 -53.1195362,-26.8204613992389,0.0 -53.1195935,-26.8203653992389,0.0 -53.1196562,-26.8202292992389,0.0 -53.1196959,-26.8201640992389,0.0 -53.1197701,-26.8200839992389,0.0 -53.1198165,-26.8200406992389,0.0 -53.1198949,-26.8199879992389,0.0 -53.119954,-26.8199575992389,0.0 -53.1200101,-26.8199377992389,0.0 -53.1201664,-26.8199035992389,0.0 -53.1204637,-26.8198571992389,0.0 -53.1207117,-26.8198299992389,0.0 -53.1208497,-26.8198266992389,0.0 -53.1208933,-26.8198322992389,0.0 -53.120939,-26.8198461992389,0.0 -53.1209835,-26.8198844992389,0.0 -53.1209967,-26.8199268992389,0.0 -53.1210043,-26.8199696992389,0.0 -53.1210027,-26.8199764992389,0.0 -53.1209917,-26.8200261992389,0.0 -53.120953,-26.8201401992389,0.0 -53.1209121,-26.8202806992389,0.0 -53.1208638,-26.8204405992389,0.0 -53.1208473,-26.8205199992389,0.0 -53.1208366,-26.8205989992389,0.0 -53.1208197,-26.8206820992389,0.0 -53.1207716,-26.8207986992389,0.0 -53.1207108,-26.8209473992389,0.0 -53.1206616,-26.8210743992389,0.0 -53.1206091,-26.8211933992389,0.0 -53.1205615,-26.8213167992389,0.0 -53.1205511,-26.8214217992389,0.0 -53.120549,-26.8214776992389,0.0 -53.1205565,-26.8217176992389,0.0 -53.1205632,-26.8219789992389,0.0 -53.1205839,-26.8221383992389,0.0 -53.1206183,-26.8222666992389,0.0 -53.1206794,-26.8224057992389,0.0 -53.1208432,-26.8228438992389,0.0 -53.1208684,-26.8229140992389,0.0 -53.1209075,-26.8229720992389,0.0 -53.1209724,-26.8230115992389,0.0 -53.1210404,-26.8230420992389,0.0 -53.1212366,-26.8230998992389,0.0 -53.1213997,-26.8231370992389,0.0 -53.1215249,-26.8231723992389,0.0 -53.1216027,-26.8232077992389,0.0 -53.1218098,-26.8233025992389,0.0 -53.1220081,-26.8233879992389,0.0 -53.1221783,-26.8234383992389,0.0 -53.1223163,-26.8234499992388,0.0 -53.1224417,-26.8234544992389,0.0 -53.1225079,-26.8234605992389,0.0 -53.1225783,-26.8234756992389,0.0 -53.1226328,-26.8234955992388,0.0 -53.1227397,-26.8235343992389,0.0 -53.1230818,-26.8236318992389,0.0 -53.1233476,-26.8237076992389,0.0 -53.1234621,-26.8237621992389,0.0 -53.1235755,-26.8238413992389,0.0 -53.1236363,-26.8238996992388,0.0 -53.1236823,-26.8239809992389,0.0 -53.1237265,-26.8240935992388,0.0 -53.123767,-26.8242858992388,0.0 -53.1237733,-26.8243530992388,0.0 -53.1237628,-26.8244021992388,0.0 -53.1237316,-26.8245032992388,0.0 -53.1236619,-26.8246656992388,0.0 -53.1236127,-26.8247541992388,0.0 -53.1235378,-26.8248270992388,0.0 -53.123385,-26.8249164992388,0.0 -53.1231677,-26.8249892992388,0.0 -53.1229745,-26.8250582992388,0.0 -53.1227744,-26.8251893992388,0.0 -53.1226643,-26.8252565992388,0.0 -53.1227,-26.8252705992388,0.0 -53.1227345,-26.8252834992388,0.0 -53.1227575,-26.8252955992388,0.0 -53.1227989,-26.8253205992388,0.0 -53.1228395,-26.8253631992388,0.0 -53.1228862,-26.8254315992388,0.0 -53.1229045,-26.8254862992388,0.0 -53.1229151,-26.8255641992388,0.0 -53.122921,-26.8256564992388,0.0 -53.1229467,-26.8257752992388,0.0 -53.1229721,-26.8258906992388,0.0 -53.1230519,-26.8261404992388,0.0 -53.1230882,-26.8262464992388,0.0 -53.1231135,-26.8262918992388,0.0 -53.1231811,-26.8263764992388,0.0 -53.1232706,-26.8264664992388,0.0 -53.1233166,-26.8265034992388,0.0 -53.123376,-26.8265344992388,0.0 -53.123642,-26.8266594992388,0.0 -53.1237448,-26.8267222992388,0.0 -53.1238016,-26.8267708992388,0.0 -53.1238499,-26.8268340992388,0.0 -53.1239148,-26.8269310992388,0.0 -53.123992,-26.8270479992388,0.0 -53.1240022,-26.8270633992388,0.0 -53.1240823,-26.8271558992388,0.0 -53.1243995,-26.8274194992388,0.0 -53.1246022,-26.8275753992388,0.0 -53.1248399,-26.8277743992388,0.0 -53.1249144,-26.8278235992388,0.0 -53.1249938,-26.8278619992388,0.0 -53.1249999,-26.8278639992388,0.0 -53.1250541,-26.8278821992388,0.0 -53.1250939,-26.8278916992388,0.0 -53.1251338,-26.8279012992388,0.0 -53.1251788,-26.8279216992388,0.0 -53.125198,-26.8279314992388,0.0 -53.125232,-26.8279536992388,0.0 -53.1252781,-26.8279696992388,0.0 -53.125345,-26.8279915992388,0.0 -53.1253951,-26.8280062992388,0.0 -53.1254427,-26.8280178992388,0.0 -53.1254918,-26.8280245992388,0.0 -53.1255035,-26.8280248992388,0.0 -53.1255469,-26.8280296992388,0.0 -53.1255883,-26.8280281992388,0.0 -53.1256095,-26.8280095992388,0.0 -53.1256206,-26.8279925992388,0.0 -53.1256298,-26.8279785992388,0.0 -53.1256508,-26.8279370992388,0.0 -53.1256735,-26.8279007992388,0.0 -53.1256858,-26.8278858992388,0.0 -53.1257203,-26.8278613992388,0.0 -53.1257647,-26.8278579992388,0.0 -53.1257986,-26.8278659992388,0.0 -53.125845,-26.8278708992388,0.0 -53.125857,-26.8278706992388,0.0 -53.1258967,-26.8278604992388,0.0 -53.1259267,-26.8278574992388,0.0 -53.1259723,-26.8278389992388,0.0 -53.1260043,-26.8278072992388,0.0 -53.1260381,-26.8277672992388,0.0 -53.126048,-26.8277541992388,0.0 -53.1260585,-26.8277155992388,0.0 -53.1260765,-26.8276780992388,0.0 -53.1260808,-26.8276288992388,0.0 -53.1260805,-26.8276096992388,0.0 -53.1260916,-26.8275740992388,0.0 -53.126129,-26.8275419992388,0.0 -53.1261617,-26.8275085992388,0.0 -53.1261974,-26.8274855992388,0.0 -53.1262287,-26.8274616992388,0.0 -53.1262371,-26.8274535992388,0.0 -53.1262616,-26.8274216992388,0.0 -53.1262838,-26.8273808992388,0.0 -53.1263159,-26.8273584992388,0.0 -53.1263267,-26.8273498992388,0.0 -53.1263676,-26.8273201992388,0.0 -53.1264003,-26.8272931992388,0.0 -53.1264368,-26.8272680992388,0.0 -53.1264664,-26.8272427992388,0.0 -53.126503,-26.8272084992388,0.0 -53.1265595,-26.8271444992388,0.0 -53.126587,-26.8271160992388,0.0 -53.1266247,-26.8270808992388,0.0 -53.1266581,-26.8270522992388,0.0 -53.1266904,-26.8270185992388,0.0 -53.1267247,-26.8269911992388,0.0 -53.1267568,-26.8269639992388,0.0 -53.1268177,-26.8269076992388,0.0 -53.1268524,-26.8268794992388,0.0 -53.1268883,-26.8268542992388,0.0 -53.1269245,-26.8268331992388,0.0 -53.1269674,-26.8267994992388,0.0 -53.1270062,-26.8267757992388,0.0 -53.1270507,-26.8267470992388,0.0 -53.127113,-26.8267020992388,0.0 -53.1271597,-26.8266814992388,0.0 -53.1272003,-26.8266575992388,0.0 -53.1272504,-26.8266262992388,0.0 -53.1272856,-26.8266084992388,0.0 -53.1273057,-26.8266002992388,0.0 -53.1273912,-26.8265721992388,0.0 -53.1274345,-26.8265647992388,0.0 -53.127458,-26.8265647992388,0.0 -53.1275028,-26.8265785992388,0.0 -53.1275202,-26.8265848992388,0.0 -53.127564,-26.8266089992388,0.0 -53.1275999,-26.8266315992388,0.0 -53.127622,-26.8266425992388,0.0 -53.1276627,-26.8266672992388,0.0 -53.1276934,-26.8266871992388,0.0 -53.1277223,-26.8267138992388,0.0 -53.12776,-26.8267388992388,0.0 -53.1278007,-26.8267619992388,0.0 -53.127813,-26.8267711992388,0.0 -53.1278517,-26.8268107992388,0.0 -53.1278792,-26.8268480992388,0.0 -53.1278981,-26.8268898992388,0.0 -53.1279191,-26.8269579992388,0.0 -53.1279418,-26.8270039992388,0.0 -53.1279457,-26.8270399992388,0.0 -53.1279589,-26.8270798992388,0.0 -53.1279781,-26.8271241992388,0.0 -53.1280011,-26.8271473992388,0.0 -53.1280257,-26.8271810992388,0.0 -53.1280583,-26.8272065992388,0.0 -53.1280931,-26.8272254992388,0.0 -53.1281799,-26.8272583992388,0.0 -53.1282171,-26.8272783992388,0.0 -53.1282591,-26.8272915992388,0.0 -53.1282945,-26.8273051992388,0.0 -53.1283451,-26.8273274992388,0.0 -53.1283621,-26.8273325992388,0.0 -53.1284056,-26.8273480992388,0.0 -53.1284465,-26.8273607992388,0.0 -53.1284727,-26.8273662992388,0.0 -53.1285657,-26.8273940992388,0.0 -53.1285891,-26.8274003992388,0.0 -53.1286405,-26.8274165992388,0.0 -53.1286871,-26.8274301992388,0.0 -53.1287675,-26.8274495992388,0.0 -53.1288157,-26.8274580992388,0.0 -53.12885,-26.8274507992388,0.0 -53.1288995,-26.8274534992388,0.0 -53.1290161,-26.8274480992388,0.0 -53.1290476,-26.8274460992388,0.0 -53.1290936,-26.8274444992388,0.0 -53.1291413,-26.8274473992388,0.0 -53.1292331,-26.8274463992388,0.0 -53.1292537,-26.8274464992388,0.0 -53.1292743,-26.8274465992388,0.0 -53.1293536,-26.8274377992388,0.0 -53.1293922,-26.8274270992388,0.0 -53.1294459,-26.8274097992388,0.0 -53.1294673,-26.8274045992388,0.0 -53.1295122,-26.8273914992388,0.0 -53.1295277,-26.8273857992388,0.0 -53.1295705,-26.8273666992388,0.0 -53.1296208,-26.8273392992388,0.0 -53.1296556,-26.8273185992388,0.0 -53.1296902,-26.8272950992388,0.0 -53.1297543,-26.8272666992388,0.0 -53.1297969,-26.8272378992388,0.0 -53.1299066,-26.8271762992388,0.0 -53.1299508,-26.8271436992388,0.0 -53.1299823,-26.8271189992388,0.0 -53.1300212,-26.8270906992388,0.0 -53.130059,-26.8270577992388,0.0 -53.130083,-26.8270299992388,0.0 -53.1301075,-26.8269984992388,0.0 -53.1301349,-26.8269649992388,0.0 -53.1301752,-26.8269194992388,0.0 -53.130203,-26.8268829992388,0.0 -53.130219,-26.8268647992388,0.0 -53.1302641,-26.8268236992388,0.0 -53.1302945,-26.8267967992388,0.0 -53.1303267,-26.8267721992388,0.0 -53.1303374,-26.8267653992388,0.0 -53.1303743,-26.8267452992388,0.0 -53.1304118,-26.8267232992388,0.0 -53.1304217,-26.8267150992388,0.0 -53.130452,-26.8266858992388,0.0 -53.130482,-26.8266544992388,0.0 -53.130524,-26.8266220992388,0.0 -53.130546,-26.8266051992388,0.0 -53.1305789,-26.8265775992388,0.0 -53.1306583,-26.8265149992388,0.0 -53.1306866,-26.8264865992388,0.0 -53.1307499,-26.8264299992388,0.0 -53.1308078,-26.8263736992388,0.0 -53.1308515,-26.8263325992388,0.0 -53.1308995,-26.8262934992388,0.0 -53.1309398,-26.8262677992388,0.0 -53.1309869,-26.8262191992388,0.0 -53.1310877,-26.8260957992388,0.0 -53.131119,-26.8260410992388,0.0 -53.1311455,-26.8260059992388,0.0 -53.1311771,-26.8259594992388,0.0 -53.1312049,-26.8259139992388,0.0 -53.1312461,-26.8258511992388,0.0 -53.1312733,-26.8258162992388,0.0 -53.1312991,-26.8257869992388,0.0 -53.1313398,-26.8257482992388,0.0 -53.131363,-26.8257309992388,0.0 -53.1314052,-26.8257009992388,0.0 -53.1314447,-26.8256703992388,0.0 -53.1314901,-26.8256332992388,0.0 -53.1315176,-26.8256064992388,0.0 -53.1315539,-26.8255729992388,0.0 -53.1315886,-26.8255363992388,0.0 -53.1316249,-26.8255028992388,0.0 -53.1316584,-26.8254685992388,0.0 -53.131704,-26.8254316992388,0.0 -53.1317399,-26.8254035992388,0.0 -53.1317745,-26.8253785992388,0.0 -53.1318056,-26.8253516992388,0.0 -53.1318411,-26.8253250992388,0.0 -53.1318819,-26.8252957992388,0.0 -53.131929,-26.8252688992388,0.0 -53.1319791,-26.8252442992388,0.0 -53.1310393,-26.8293071992387,0.0 -53.1280876,-26.8420669992385,0.0 -53.1280585,-26.8421112992385,0.0 -53.1280326,-26.8421409992385,0.0 -53.1280022,-26.8421766992385,0.0 -53.1279706,-26.8422137992385,0.0 -53.1279396,-26.8422448992385,0.0 -53.1279063,-26.8422780992385,0.0 -53.1278751,-26.8423133992385,0.0 -53.1278529,-26.8423466992385,0.0 -53.1278224,-26.8423724992385,0.0 -53.1277831,-26.8424085992385,0.0 -53.1277483,-26.8424473992385,0.0 -53.1277171,-26.8424819992385,0.0 -53.1276846,-26.8425174992385,0.0 -53.1276582,-26.8425576992385,0.0 -53.1276408,-26.8426001992385,0.0 -53.1276322,-26.8426369992385,0.0 -53.1276253,-26.8426817992385,0.0 -53.1276365,-26.8427262992385,0.0 -53.1276461,-26.8427650992385,0.0 -53.127658,-26.8428042992385,0.0 -53.1276587,-26.8428458992385,0.0 -53.1276477,-26.8428828992385,0.0 -53.1276261,-26.8429198992385,0.0 -53.1276007,-26.8429544992385,0.0 -53.1275641,-26.8429910992385,0.0 -53.1275391,-26.8430217992385,0.0 -53.1275171,-26.8430549992385,0.0 -53.1274921,-26.8430896992385,0.0 -53.1274666,-26.8431263992385,0.0 -53.127451,-26.8431643992385,0.0 -53.1274352,-26.8432069992385,0.0 -53.1274323,-26.8432439992385,0.0 -53.1274293,-26.8432868992385,0.0 -53.1274346,-26.8433267992385,0.0 -53.1274344,-26.8433615992385,0.0 -53.1274088,-26.8433986992385,0.0 -53.127382,-26.8434272992385,0.0 -53.1273527,-26.8434529992385,0.0 -53.1273159,-26.8434856992385,0.0 -53.1272843,-26.8435093992385,0.0 -53.1272524,-26.8435337992385,0.0 -53.1272227,-26.8435578992385,0.0 -53.1271904,-26.8435937992385,0.0 -53.1271689,-26.8436369992385,0.0 -53.127151,-26.8436742992385,0.0 -53.1271363,-26.8437162992385,0.0 -53.1271143,-26.8437597992385,0.0 -53.1270977,-26.8438098992385,0.0 -53.1270808,-26.8438485992385,0.0 -53.1270623,-26.8438870992385,0.0 -53.12704,-26.8439266992385,0.0 -53.1270185,-26.8439732992384,0.0 -53.1269901,-26.8440119992385,0.0 -53.1269651,-26.8440396992385,0.0 -53.1269251,-26.8440707992385,0.0 -53.1268804,-26.8440990992384,0.0 -53.126844,-26.8441359992384,0.0 -53.1268069,-26.8441718992385,0.0 -53.1267653,-26.8442008992385,0.0 -53.1267248,-26.8442237992384,0.0 -53.1266832,-26.8442537992385,0.0 -53.1266425,-26.8442938992385,0.0 -53.1266069,-26.8443315992384,0.0 -53.1265718,-26.8443685992385,0.0 -53.1265423,-26.8444024992384,0.0 -53.1265127,-26.8444427992384,0.0 -53.1264818,-26.8444896992384,0.0 -53.1264555,-26.8445381992384,0.0 -53.1264327,-26.8445721992384,0.0 -53.1264114,-26.8446027992384,0.0 -53.1263857,-26.8446473992385,0.0 -53.1263667,-26.8446840992384,0.0 -53.1263519,-26.8447203992384,0.0 -53.126335,-26.8447535992384,0.0 -53.1263135,-26.8447922992384,0.0 -53.1262977,-26.8448331992384,0.0 -53.1262813,-26.8448696992384,0.0 -53.126254,-26.8449178992384,0.0 -53.1262247,-26.8449603992384,0.0 -53.1261948,-26.8449877992384,0.0 -53.1261606,-26.8450195992384,0.0 -53.1261257,-26.8450513992384,0.0 -53.1260938,-26.8450926992384,0.0 -53.1260771,-26.8451390992384,0.0 -53.1260799,-26.8451779992384,0.0 -53.126076,-26.8452284992384,0.0 -53.1260781,-26.8452784992384,0.0 -53.126094,-26.8453294992384,0.0 -53.1261022,-26.8453721992384,0.0 -53.1260963,-26.8454155992384,0.0 -53.1260888,-26.8454587992384,0.0 -53.1260748,-26.8454998992384,0.0 -53.1260713,-26.8455113992384,0.0 -53.1260623,-26.8455403992384,0.0 -53.1260517,-26.8455806992384,0.0 -53.1260332,-26.8456186992384,0.0 -53.1260138,-26.8456549992384,0.0 -53.1259906,-26.8456897992384,0.0 -53.1259609,-26.8457246992384,0.0 -53.1259454,-26.8457413992384,0.0 -53.1259308,-26.8457569992384,0.0 -53.1259105,-26.8457971992384,0.0 -53.1258875,-26.8458327992384,0.0 -53.1258685,-26.8458688992384,0.0 -53.1258536,-26.8459027992384,0.0 -53.1258415,-26.8459392992384,0.0 -53.1258278,-26.8459788992384,0.0 -53.1258133,-26.8460290992384,0.0 -53.1257985,-26.8460730992384,0.0 -53.1257887,-26.8461124992384,0.0 -53.125786,-26.8461324992384,0.0 -53.1257789,-26.8461790992384,0.0 -53.1257721,-26.8462275992384,0.0 -53.1257749,-26.8462795992384,0.0 -53.1257666,-26.8463250992384,0.0 -53.1257613,-26.8463498992384,0.0 -53.1257519,-26.8464003992384,0.0 -53.1257447,-26.8464471992384,0.0 -53.1257385,-26.8464936992384,0.0 -53.1257368,-26.8465357992384,0.0 -53.1257286,-26.8465847992384,0.0 -53.1257202,-26.8466337992384,0.0 -53.1257093,-26.8466749992384,0.0 -53.1256994,-26.8467125992384,0.0 -53.1256918,-26.8467532992384,0.0 -53.1256764,-26.8467994992384,0.0 -53.125656,-26.8468439992384,0.0 -53.125635,-26.8468791992384,0.0 -53.1256097,-26.8469212992384,0.0 -53.1255855,-26.8469690992384,0.0 -53.1255636,-26.8470221992384,0.0 -53.1255355,-26.8470671992384,0.0 -53.1255214,-26.8470910992384,0.0 -53.1254924,-26.8471328992384,0.0 -53.1254663,-26.8471722992384,0.0 -53.1254428,-26.8472122992384,0.0 -53.1254223,-26.8472590992384,0.0 -53.1253962,-26.8473009992384,0.0 -53.1253718,-26.8473342992384,0.0 -53.1253464,-26.8473635992384,0.0 -53.1253434,-26.8473658992384,0.0 -53.125316,-26.8473619992384,0.0 -53.1252736,-26.8473583992384,0.0 -53.1252499,-26.8473685992384,0.0 -53.1252062,-26.8473971992384,0.0 -53.1251954,-26.8474092992384,0.0 -53.1251693,-26.8474470992384,0.0 -53.125157,-26.8474938992384,0.0 -53.1251432,-26.8475289992384,0.0 -53.125137,-26.8475450992384,0.0 -53.1251204,-26.8475828992384,0.0 -53.1250906,-26.8476237992384,0.0 -53.125074,-26.8476422992384,0.0 -53.125034,-26.8476627992384,0.0 -53.1249999,-26.8476781992384,0.0 -53.1249308,-26.8477282992384,0.0 -53.124827,-26.8478052992384,0.0 -53.1247628,-26.8478685992384,0.0 -53.1247476,-26.8478998992384,0.0 -53.1247479,-26.8479241992384,0.0 -53.1247635,-26.8479413992384,0.0 -53.1247926,-26.8479516992384,0.0 -53.1248255,-26.8479549992384,0.0 -53.1248412,-26.8479721992384,0.0 -53.1248336,-26.8479930992384,0.0 -53.1248087,-26.8480244992384,0.0 -53.1247779,-26.8480419992384,0.0 -53.1247393,-26.8480456992384,0.0 -53.1247102,-26.8480354992384,0.0 -53.124683,-26.8480321992384,0.0 -53.1246638,-26.8480426992384,0.0 -53.1246523,-26.8480600992384,0.0 -53.1246468,-26.8480913992384,0.0 -53.1246335,-26.8481191992384,0.0 -53.1246047,-26.8481436992384,0.0 -53.1245452,-26.8481890992384,0.0 -53.1244749,-26.8482282992384,0.0 -53.124442,-26.8482353992384,0.0 -53.1244189,-26.8482459992384,0.0 -53.1243863,-26.8482738992384,0.0 -53.1243267,-26.8483227992384,0.0 -53.1243113,-26.8483263992384,0.0 -53.1242957,-26.8483160992384,0.0 -53.1242783,-26.8483126992384,0.0 -53.1242629,-26.8483196992384,0.0 -53.1242302,-26.8483441992384,0.0 -53.1242265,-26.8483580992384,0.0 -53.124219,-26.8483928992384,0.0 -53.1242077,-26.8484206992384,0.0 -53.1241521,-26.8484764992384,0.0 -53.1239954,-26.8486064992384,0.0 -53.1238743,-26.8486974992384,0.0 -53.1237686,-26.8487743992384,0.0 -53.1237098,-26.8488345992384,0.0 -53.1236678,-26.8488902992384,0.0 -53.123647,-26.8489493992384,0.0 -53.1236361,-26.8490223992384,0.0 -53.1236303,-26.8490483992384,0.0 -53.123612,-26.8491300992384,0.0 -53.123605,-26.8492064992384,0.0 -53.1236114,-26.8492688992383,0.0 -53.1236177,-26.8493173992384,0.0 -53.123616,-26.8493486992383,0.0 -53.1236066,-26.8493729992384,0.0 -53.1235777,-26.8493869992384,0.0 -53.123547,-26.8494114992383,0.0 -53.1235221,-26.8494392992383,0.0 -53.1235089,-26.8494705992384,0.0 -53.1235091,-26.8494983992384,0.0 -53.1235248,-26.8495185992383,0.0 -53.1235385,-26.8495363992383,0.0 -53.1235621,-26.8495743992383,0.0 -53.1235704,-26.8495841992383,0.0 -53.1235797,-26.8495950992383,0.0 -53.1235837,-26.8496123992384,0.0 -53.1235781,-26.8496332992383,0.0 -53.1235377,-26.8496577992383,0.0 -53.1234994,-26.8496925992383,0.0 -53.1234784,-26.8497239992383,0.0 -53.1234634,-26.8497655992383,0.0 -53.1234384,-26.8497899992383,0.0 -53.1234153,-26.8498005992383,0.0 -53.1233902,-26.8497971992383,0.0 -53.1233475,-26.8497800992383,0.0 -53.1233027,-26.8497567992383,0.0 -53.1232642,-26.8497367992383,0.0 -53.1232385,-26.8497310992383,0.0 -53.1232332,-26.8497299992383,0.0 -53.1231869,-26.8497405992383,0.0 -53.1231445,-26.8497546992383,0.0 -53.1231271,-26.8497617992383,0.0 -53.123108,-26.8497826992383,0.0 -53.1230997,-26.8497857992383,0.0 -53.1230714,-26.8497966992383,0.0 -53.1230308,-26.8498073992383,0.0 -53.1229961,-26.8498109992383,0.0 -53.1229669,-26.8497972992383,0.0 -53.1229239,-26.8497523992383,0.0 -53.1228946,-26.8497247992383,0.0 -53.1228596,-26.8497006992383,0.0 -53.1228324,-26.8496973992383,0.0 -53.1228035,-26.8497044992383,0.0 -53.1227723,-26.8497183992383,0.0 -53.1227246,-26.8497395992383,0.0 -53.1225533,-26.8498236992383,0.0 -53.1224302,-26.8498880992383,0.0 -53.122301,-26.8499338992383,0.0 -53.1221389,-26.8499658992383,0.0 -53.122029,-26.8499976992383,0.0 -53.121971,-26.8500236992383,0.0 -53.1219037,-26.8500656992383,0.0 -53.1217732,-26.8501634992383,0.0 -53.1217023,-26.8502192992383,0.0 -53.1216484,-26.8502473992383,0.0 -53.1215713,-26.8502719992383,0.0 -53.1213762,-26.8502903992383,0.0 -53.1211967,-26.8503082992383,0.0 -53.1211098,-26.8503260992383,0.0 -53.1209985,-26.8503429992383,0.0 -53.1209427,-26.8503623992383,0.0 -53.1208855,-26.8503824992383,0.0 -53.1208259,-26.8504191992383,0.0 -53.1207723,-26.8504645992383,0.0 -53.1207148,-26.8505151992383,0.0 -53.1206562,-26.8505786992383,0.0 -53.1206125,-26.8506499992383,0.0 -53.1205783,-26.8507056992383,0.0 -53.1205209,-26.8507596992383,0.0 -53.1204693,-26.8508171992383,0.0 -53.1204234,-26.8508572992383,0.0 -53.1203946,-26.8508764992383,0.0 -53.1203561,-26.8508939992383,0.0 -53.1203277,-26.8509001992383,0.0 -53.1202678,-26.8509074992383,0.0 -53.1202388,-26.8509040992383,0.0 -53.1201146,-26.8508665992383,0.0 -53.120019,-26.8507941992383,0.0 -53.119902,-26.8507011992383,0.0 -53.1198357,-26.8506598992383,0.0 -53.1197659,-26.8506124992383,0.0 -53.1196805,-26.8505833992383,0.0 -53.1196209,-26.8505845992383,0.0 -53.1195592,-26.8505969992383,0.0 -53.119484,-26.8506198992383,0.0 -53.1193942,-26.8506601992383,0.0 -53.1192922,-26.8507092992383,0.0 -53.1192252,-26.8507434992383,0.0 -53.1191601,-26.8507862992383,0.0 -53.1191219,-26.8508280992383,0.0 -53.1190934,-26.8508664992383,0.0 -53.1190614,-26.8509394992383,0.0 -53.1190275,-26.8510047992383,0.0 -53.1190011,-26.8510405992383,0.0 -53.1189629,-26.8510711992383,0.0 -53.1189169,-26.8510948992383,0.0 -53.1188805,-26.8511098992383,0.0 -53.1188506,-26.8511156992383,0.0 -53.1188208,-26.8511215992383,0.0 -53.1187511,-26.8511305992383,0.0 -53.1186893,-26.8511300992383,0.0 -53.118596,-26.8511078992383,0.0 -53.1185141,-26.8510630992383,0.0 -53.1184338,-26.8509887992383,0.0 -53.1183848,-26.8509472992383,0.0 -53.118305,-26.8509163992383,0.0 -53.1182101,-26.8509073992383,0.0 -53.1181036,-26.8509174992383,0.0 -53.118007,-26.8509484992383,0.0 -53.1179417,-26.8510018992383,0.0 -53.1178727,-26.8510727992383,0.0 -53.1178343,-26.8511077992383,0.0 -53.1177938,-26.8511253992383,0.0 -53.1177396,-26.8511369992383,0.0 -53.1176657,-26.8511234992383,0.0 -53.1175313,-26.8510874992383,0.0 -53.1174706,-26.8510669992383,0.0 -53.1173132,-26.8510669992383,0.0 -53.1171654,-26.8510729992383,0.0 -53.1170562,-26.8510753992383,0.0 -53.1168613,-26.8510658992383,0.0 -53.1167736,-26.8510488992383,0.0 -53.1166298,-26.8510025992383,0.0 -53.116455,-26.8509554992383,0.0 -53.1162755,-26.8509205992383,0.0 -53.1161967,-26.8509002992383,0.0 -53.1162185,-26.8509601992383,0.0 -53.1162582,-26.8511368992383,0.0 -53.1162922,-26.8513327992383,0.0 -53.1162776,-26.8514819992383,0.0 -53.1162384,-26.8516930992383,0.0 -53.1161807,-26.8518584992383,0.0 -53.1161394,-26.8520218992383,0.0 -53.1160834,-26.8521465992383,0.0 -53.1160347,-26.8522563992383,0.0 -53.1159499,-26.8524207992383,0.0 -53.1158737,-26.8525436992383,0.0 -53.1158408,-26.8526432992383,0.0 -53.1157985,-26.8528059992383,0.0 -53.1157959,-26.8529407992383,0.0 -53.1158151,-26.8530601992383,0.0 -53.1158648,-26.8531516992383,0.0 -53.1159411,-26.8532155992383,0.0 -53.116042,-26.8532566992383,0.0 -53.1160489,-26.8532594992383,0.0 -53.1161468,-26.8532974992383,0.0 -53.1163021,-26.8533572992383,0.0 -53.1163983,-26.8533905992383,0.0 -53.1165108,-26.8534177992383,0.0 -53.1166188,-26.8534375992383,0.0 -53.1167928,-26.8534484992383,0.0 -53.1170444,-26.8534578992383,0.0 -53.117273,-26.8534631992383,0.0 -53.1174777,-26.8534989992383,0.0 -53.1176358,-26.8535478992383,0.0 -53.1177781,-26.8536032992383,0.0 -53.1178895,-26.8536472992383,0.0 -53.1180412,-26.8536830992383,0.0 -53.1183827,-26.8537172992383,0.0 -53.1184873,-26.8537168992383,0.0 -53.1188276,-26.8536668992383,0.0 -53.1192669,-26.8536043992383,0.0 -53.1197144,-26.8535508992383,0.0 -53.119746,-26.8535470992383,0.0 -53.1202509,-26.8535112992383,0.0 -53.1203516,-26.8535177992383,0.0 -53.1204331,-26.8535451992383,0.0 -53.1205034,-26.8536002992383,0.0 -53.1205622,-26.8536693992383,0.0 -53.1206569,-26.8538351992383,0.0 -53.120736,-26.8539872992383,0.0 -53.1207731,-26.8540714992383,0.0 -53.1208101,-26.8541557992383,0.0 -53.1208789,-26.8543120992383,0.0 -53.1209421,-26.8544363992382,0.0 -53.1210206,-26.8545399992383,0.0 -53.1211145,-26.8546295992383,0.0 -53.1212587,-26.8547327992382,0.0 -53.1213874,-26.8548291992382,0.0 -53.1214381,-26.8548705992382,0.0 -53.1214579,-26.8549119992382,0.0 -53.1214989,-26.8551262992382,0.0 -53.1215402,-26.8552845992382,0.0 -53.1215802,-26.8554156992382,0.0 -53.1216273,-26.8554845992382,0.0 -53.1217131,-26.8555533992382,0.0 -53.1218335,-26.8556151992382,0.0 -53.1220277,-26.8556617992382,0.0 -53.1222131,-26.8556749992382,0.0 -53.1224521,-26.8556326992382,0.0 -53.1226409,-26.8555837992382,0.0 -53.1227757,-26.8555487992382,0.0 -53.1229342,-26.8555551992382,0.0 -53.1230194,-26.8555824992382,0.0 -53.1231166,-26.8556373992382,0.0 -53.1231907,-26.8557130992382,0.0 -53.1232536,-26.8558232992382,0.0 -53.1232811,-26.8558715992382,0.0 -53.1233318,-26.8559196992382,0.0 -53.1234134,-26.8559608992382,0.0 -53.1235763,-26.8560292992382,0.0 -53.1236503,-26.8560911992382,0.0 -53.1236895,-26.8561531992382,0.0 -53.1237021,-26.8562497992382,0.0 -53.1237146,-26.8563462992382,0.0 -53.123742,-26.8563875992382,0.0 -53.1238081,-26.8564287992382,0.0 -53.123909,-26.8564767992382,0.0 -53.1240291,-26.8565108992382,0.0 -53.1242072,-26.8565517992382,0.0 -53.1245128,-26.8565783992382,0.0 -53.1248972,-26.8565821992382,0.0 -53.1249999,-26.8565706992382,0.0 -53.1250685,-26.8565457992382,0.0 -53.1251174,-26.8565310992382,0.0 -53.1251494,-26.8565749992382,0.0 -53.1251571,-26.8565853992382,0.0 -53.1251763,-26.8566165992382,0.0 -53.1251854,-26.8566566992382,0.0 -53.1251873,-26.8566653992382,0.0 -53.1251895,-26.8567028992382,0.0 -53.1252023,-26.8567391992382,0.0 -53.12522,-26.8567728992382,0.0 -53.1252284,-26.8567852992382,0.0 -53.1252527,-26.8568297992382,0.0 -53.1252709,-26.8568836992382,0.0 -53.1252932,-26.8569291992382,0.0 -53.1253068,-26.8569744992382,0.0 -53.1253265,-26.8570316992382,0.0 -53.1253341,-26.8570448992382,0.0 -53.1253539,-26.8570799992382,0.0 -53.1253727,-26.8571156992382,0.0 -53.1253829,-26.8571373992382,0.0 -53.1253931,-26.8571591992382,0.0 -53.1254099,-26.8571964992382,0.0 -53.125424,-26.8572314992382,0.0 -53.1254349,-26.8572799992382,0.0 -53.1254284,-26.8573268992382,0.0 -53.1254244,-26.8573696992382,0.0 -53.1254357,-26.8574150992382,0.0 -53.1254523,-26.8574601992382,0.0 -53.1254799,-26.8574936992382,0.0 -53.1255142,-26.8575408992382,0.0 -53.1255324,-26.8575728992382,0.0 -53.1255455,-26.8576098992382,0.0 -53.1255623,-26.8576599992382,0.0 -53.1255724,-26.8576762992382,0.0 -53.1255826,-26.8576925992382,0.0 -53.1256049,-26.8577355992382,0.0 -53.1256078,-26.8577468992382,0.0 -53.1256159,-26.8577781992382,0.0 -53.125622,-26.8578244992382,0.0 -53.1256344,-26.8578753992382,0.0 -53.1256423,-26.8579266992382,0.0 -53.1256443,-26.8579558992382,0.0 -53.1256369,-26.8579965992382,0.0 -53.1256235,-26.8580452992382,0.0 -53.1256098,-26.8580926992382,0.0 -53.1255981,-26.8581322992382,0.0 -53.1255826,-26.8581787992382,0.0 -53.1255694,-26.8582193992382,0.0 -53.1255558,-26.8582639992382,0.0 -53.1255458,-26.8583108992382,0.0 -53.1255296,-26.8583598992382,0.0 -53.1255137,-26.8583970992382,0.0 -53.1255008,-26.8584324992382,0.0 -53.1254929,-26.8584797992382,0.0 -53.1254932,-26.8585305992382,0.0 -53.1254911,-26.8585418992382,0.0 -53.1254913,-26.8585850992382,0.0 -53.1254913,-26.8586332992382,0.0 -53.1254766,-26.8586710992382,0.0 -53.1254539,-26.8587137992382,0.0 -53.1254396,-26.8587599992382,0.0 -53.1254441,-26.8588036992382,0.0 -53.1254575,-26.8588450992382,0.0 -53.12546,-26.8588881992382,0.0 -53.1254596,-26.8589188992382,0.0 -53.1254588,-26.8589600992382,0.0 -53.1254566,-26.8589732992382,0.0 -53.1254578,-26.8590111992382,0.0 -53.1254592,-26.8590339992382,0.0 -53.1254647,-26.8590609992382,0.0 -53.1254665,-26.8590873992382,0.0 -53.125471,-26.8591319992382,0.0 -53.1254729,-26.8591716992382,0.0 -53.125478,-26.8592203992382,0.0 -53.1254831,-26.8592632992382,0.0 -53.1254769,-26.8593018992382,0.0 -53.125478,-26.8593425992382,0.0 -53.1254824,-26.8593802992382,0.0 -53.1254847,-26.8594165992382,0.0 -53.1254926,-26.8594644992382,0.0 -53.1254974,-26.8594792992381,0.0 -53.1255144,-26.8595194992382,0.0 -53.1255419,-26.8595615992382,0.0 -53.1255473,-26.8595791992382,0.0 -53.1255398,-26.8596206992382,0.0 -53.1255329,-26.8596571992382,0.0 -53.1255213,-26.8596787992382,0.0 -53.1254997,-26.8597112992382,0.0 -53.1254737,-26.8597400992381,0.0 -53.125445,-26.8597798992381,0.0 -53.1254218,-26.8598012992381,0.0 -53.1253952,-26.8598317992381,0.0 -53.1253635,-26.8598559992381,0.0 -53.1253368,-26.8598844992381,0.0 -53.1253049,-26.8599180992381,0.0 -53.1252814,-26.8599475992381,0.0 -53.1252623,-26.8599891992381,0.0 -53.1252525,-26.8600260992381,0.0 -53.12525,-26.8600363992381,0.0 -53.1252501,-26.8600765992381,0.0 -53.1252603,-26.8601109992381,0.0 -53.1252769,-26.8601543992381,0.0 -53.1252987,-26.8601944992381,0.0 -53.125306,-26.8602069992381,0.0 -53.1253191,-26.8602538992381,0.0 -53.1253254,-26.8603012992381,0.0 -53.1253214,-26.8603114992381,0.0 -53.1253096,-26.8603498992381,0.0 -53.1253039,-26.8603878992381,0.0 -53.1253007,-26.8604407992381,0.0 -53.1252934,-26.8604728992381,0.0 -53.1252761,-26.8605206992381,0.0 -53.125258,-26.8605619992381,0.0 -53.1252282,-26.8606026992381,0.0 -53.1252089,-26.8606456992381,0.0 -53.1252009,-26.8606892992381,0.0 -53.1251917,-26.8607295992381,0.0 -53.1151492,-26.868081099238,0.0 -53.1152406,-26.868100999238,0.0 -53.1153941,-26.868161299238,0.0 -53.1155105,-26.868200299238,0.0 -53.1155442,-26.868212299238,0.0 -53.1156227,-26.868225599238,0.0 -53.1157594,-26.868233999238,0.0 -53.1158714,-26.868231199238,0.0 -53.1159849,-26.868238799238,0.0 -53.1161014,-26.868263799238,0.0 -53.1163662,-26.868290699238,0.0 -53.1164973,-26.868292099238,0.0 -53.1165778,-26.868310899238,0.0 -53.1166022,-26.868316599238,0.0 -53.1166735,-26.868355599238,0.0 -53.1167382,-26.868413099238,0.0 -53.1167763,-26.868462799238,0.0 -53.1168027,-26.868515599238,0.0 -53.1168358,-26.868630699238,0.0 -53.116897,-26.868945899238,0.0 -53.1169487,-26.869107499238,0.0 -53.1170012,-26.869232199238,0.0 -53.1170643,-26.869352499238,0.0 -53.1171275,-26.869506899238,0.0 -53.1171777,-26.869650199238,0.0 -53.1172406,-26.869807499238,0.0 -53.1172861,-26.8699226992379,0.0 -53.1173316,-26.8700133992379,0.0 -53.1174603,-26.870198099238,0.0 -53.1176578,-26.8704410992379,0.0 -53.1177593,-26.8705625992379,0.0 -53.1178776,-26.8707288992379,0.0 -53.1179847,-26.8708468992379,0.0 -53.1180729,-26.8709196992379,0.0 -53.1181267,-26.8709487992379,0.0 -53.118193,-26.8709593992379,0.0 -53.1182923,-26.8709552992379,0.0 -53.1184186,-26.8709746992379,0.0 -53.1185082,-26.8710090992379,0.0 -53.1186407,-26.8710606992379,0.0 -53.1187612,-26.8711050992379,0.0 -53.1188822,-26.8711357992379,0.0 -53.1191959,-26.8712039992379,0.0 -53.1193466,-26.8712468992379,0.0 -53.1195966,-26.8713125992379,0.0 -53.1199592,-26.8714399992379,0.0 -53.1201703,-26.8715097992379,0.0 -53.1202809,-26.8715442992379,0.0 -53.1203927,-26.8715923992379,0.0 -53.1205265,-26.8716636992379,0.0 -53.1206951,-26.8717562992379,0.0 -53.1220811,-26.8731153992379,0.0 -53.1220803,-26.8731166992379,0.0 -53.1178823,-26.8797520992378,0.0 -53.1171574,-26.8857144992376,0.0 -53.1167598,-26.8889853992376,0.0</coordinates>
</LinearRing>
</outerBoundaryIs>
</Polygon>
</MultiGeometry>
</Placemark>
<Placemark id="13. Referência">
<name>TI - Guarani de Araçaí [50634]</name>
<visibility>0</visibility>
<snippet> </snippet>
<description>&lt;center&gt;&lt;table&gt;&lt;tr&gt;&lt;th colspan='2' align='center'&gt;&lt;em&gt;Attributes&lt;/em&gt;&lt;/th&gt;&lt;/tr&gt;&lt;tr bgcolor="#E3E3F3"&gt;
&lt;th&gt;COD_TI&lt;/th&gt;
&lt;td&gt;50634&lt;/td&gt;
&lt;/tr&gt;&lt;tr bgcolor=""&gt;
&lt;th&gt;NOM_TI&lt;/th&gt;
&lt;td&gt;Guarani de Araçaí&lt;/td&gt;
&lt;/tr&gt;&lt;/table&gt;&lt;/center&gt;</description>
<Style>
<IconStyle>
<scale>0.7</scale>
</IconStyle>
<LabelStyle>
<scale>0.7</scale>
</LabelStyle>
<LineStyle>
<color>ff00aaaa</color>
<width>3</width>
<gx:labelVisibility>1</gx:labelVisibility>
</LineStyle>
<PolyStyle>
<color>3300aaaa</color>
</PolyStyle>
</Style>
<ExtendedData>
<SchemaData schemaUrl="#kml_schema_ft_Terra_Indígena">
<SimpleData name="COD_TI">50634</SimpleData>
<SimpleData name="NOM_TI">Guarani de Araçaí</SimpleData>
</SchemaData>
</ExtendedData>
<Polygon>
<extrude>0</extrude>
<tessellate>1</tessellate>
<outerBoundaryIs>
<LinearRing>
<coordinates>-53.1168643045206,-26.8881256813389,0.0 -53.1172708875094,-26.8881359796502,0.0 -53.1177931402112,-26.8882836331312,0.0 -53.1185075379883,-26.8883151651392,0.0 -53.11921236107,-26.8882834624133,0.0 -53.119644662202,-26.8883493279314,0.0 -53.1202370239341,-26.8885425317085,0.0 -53.1209677827631,-26.8890614758705,0.0 -53.1213477385924,-26.8893887209153,0.0 -53.1217869006064,-26.8898697493695,0.0 -53.1220773918103,-26.8900520445019,0.0 -53.1226087486331,-26.8903260799119,0.0 -53.1230910365583,-26.8904373679165,0.0 -53.1235327864659,-26.8905845008117,0.0 -53.1239545464812,-26.8907134594097,0.0 -53.1243753334559,-26.8909687536837,0.0 -53.124594958147,-26.8912047515128,0.0 -53.1249253007459,-26.8914414347869,0.0 -53.1251760267,-26.8915603059015,0.0 -53.1255778007163,-26.8916710869906,0.0 -53.1260701624353,-26.8917824273069,0.0 -53.1267344665591,-26.8917865347847,0.0 -53.1275210091071,-26.8916018795419,0.0 -53.128155601539,-26.8915426253346,0.0 -53.1289707438353,-26.891565701973,0.0 -53.1294736578099,-26.891613924016,0.0 -53.1301685022394,-26.8915730809801,0.0 -53.1308044743656,-26.8913333332421,0.0 -53.1314922186946,-26.8909043862026,0.0 -53.1326053108284,-26.8901351162197,0.0 -53.1332332705378,-26.8896245727628,0.0 -53.1345584585326,-26.8887573180808,0.0 -53.1350744508646,-26.8884085214912,0.0 -53.1356910202234,-26.888069362707,0.0 -53.1359538742885,-26.887917553511,0.0 -53.1362476770373,-26.8876666633073,0.0 -53.1366621192934,-26.8874345586374,0.0 -53.1372486212,-26.8870771600844,0.0 -53.1376239647009,-26.8866913969253,0.0 -53.1380917368486,-26.8860625344177,0.0 -53.138316035393,-26.8856848724057,0.0 -53.1386413894035,-26.8852536788698,0.0 -53.1391361296523,-26.8850491296283,0.0 -53.1401640190692,-26.8848839217627,0.0 -53.1410990727175,-26.8850159515504,0.0 -53.1419039698991,-26.8850569395992,0.0 -53.1425791852926,-26.8849437192704,0.0 -53.1433158757512,-26.8846864758918,0.0 -53.1438811251225,-26.8844733127278,0.0 -53.1444062500521,-26.8842418552629,0.0 -53.1451226669053,-26.8840025286077,0.0 -53.1458578528822,-26.8839438024183,0.0 -53.1467238769266,-26.8838858624646,0.0 -53.1470867418134,-26.8838158567155,0.0 -53.1478622513066,-26.8837483388868,0.0 -53.1484555841773,-26.8838150872308,0.0 -53.1490371634314,-26.8841073758163,0.0 -53.1496975061814,-26.8846347740468,0.0 -53.1504285099257,-26.885135520477,0.0 -53.1445976243778,-26.8695149602956,0.0 -53.1459202345709,-26.8595688676141,0.0 -53.1462797439665,-26.8518911283818,0.0 -53.1458190741446,-26.8515995604613,0.0 -53.1454887335631,-26.8513719505859,0.0 -53.1451876977588,-26.851261836555,0.0 -53.1448364900527,-26.8511333693912,0.0 -53.1446763859728,-26.851015081773,0.0 -53.1444567947459,-26.8507791146754,0.0 -53.1442474696098,-26.8505161356354,0.0 -53.1439577209368,-26.8502436449793,0.0 -53.1437186887291,-26.8499173133469,0.0 -53.1434591272861,-26.8496450044487,0.0 -53.1431089458801,-26.8493811706831,0.0 -53.1427181123479,-26.8491712371278,0.0 -53.1423764311112,-26.8491150183156,0.0 -53.1419138087546,-26.8490851387371,0.0 -53.1414509142761,-26.8490913542896,0.0 -53.1411893167423,-26.8490897661457,0.0 -53.1407352569827,-26.8492584752897,0.0 -53.1403407465423,-26.8495358397464,0.0 -53.1400057164945,-26.8499308841402,0.0 -53.1394581629365,-26.8504870770123,0.0 -53.1388103976337,-26.8509885100736,0.0 -53.1381343557018,-26.8512370798914,0.0 -53.1373782965222,-26.8514219864504,0.0 -53.1367240155588,-26.8514540926186,0.0 -53.1360292820309,-26.8515130223325,0.0 -53.1352739034702,-26.8516076760895,0.0 -53.1346082549879,-26.8518111695756,0.0 -53.1341537624203,-26.8520340018653,0.0 -53.1336279426489,-26.8523737149877,0.0 -53.1329602234437,-26.8528479245686,0.0 -53.1321224804473,-26.8531857192788,0.0 -53.1314972020721,-26.8533713964362,0.0 -53.1307609656768,-26.8535924870598,0.0 -53.1300961254717,-26.853687669257,0.0 -53.1295714596075,-26.8538739566139,0.0 -53.1290454102149,-26.8542407244479,0.0 -53.1285290045246,-26.8546616969583,0.0 -53.1275683458365,-26.8552784675497,0.0 -53.1273056265685,-26.8554212392764,0.0 -53.1268209882898,-26.8556348367966,0.0 -53.1262561984972,-26.8558028147091,0.0 -53.1255202135413,-26.8559877808959,0.0 -53.1250469503793,-26.856029976281,0.0 -53.1246647314358,-26.8560095618665,0.0 -53.1242835547271,-26.8558537847759,0.0 -53.123691632827,-26.8556245046104,0.0 -53.1232402334044,-26.8554412159726,0.0 -53.1226880068462,-26.8552843740727,0.0 -53.122176517137,-26.8550646111436,0.0 -53.1217766164425,-26.8547282204158,0.0 -53.1214971124534,-26.8544376992185,0.0 -53.1212273929082,-26.8541833364329,0.0 -53.1210188126999,-26.8538300832378,0.0 -53.1208197376488,-26.8535490851348,0.0 -53.120600400442,-26.8532860098443,0.0 -53.1203401193386,-26.8531129249408,0.0 -53.1199588185221,-26.8529751847179,0.0 -53.1195266510788,-26.8529093231106,0.0 -53.1190842127423,-26.8528704698256,0.0 -53.1186213016185,-26.8528766102553,0.0 -53.1180978799381,-26.8529004209254,0.0 -53.117675075735,-26.8529248574125,0.0 -53.1170813613044,-26.852930176693,0.0 -53.1166589071171,-26.8529094896579,0.0 -53.1162065482045,-26.8528525163614,0.0 -53.115875632137,-26.8527060555481,0.0 -53.1158342652911,-26.8526684339225,0.0 -53.1157985,-26.8528059992383,0.0 -53.1157959,-26.8529407992383,0.0 -53.1158151,-26.8530601992383,0.0 -53.1158648,-26.8531516992383,0.0 -53.1159411,-26.8532155992383,0.0 -53.116042,-26.8532566992383,0.0 -53.1160489,-26.8532594992383,0.0 -53.1161468,-26.8532974992383,0.0 -53.1163021,-26.8533572992383,0.0 -53.1163983,-26.8533905992383,0.0 -53.1165108,-26.8534177992383,0.0 -53.1166188,-26.8534375992383,0.0 -53.1167928,-26.8534484992383,0.0 -53.1170444,-26.8534578992383,0.0 -53.117273,-26.8534631992383,0.0 -53.1174777,-26.8534989992383,0.0 -53.1176358,-26.8535478992383,0.0 -53.1177781,-26.8536032992383,0.0 -53.1178895,-26.8536472992383,0.0 -53.1180412,-26.8536830992383,0.0 -53.1183827,-26.8537172992383,0.0 -53.1184873,-26.8537168992383,0.0 -53.1188276,-26.8536668992383,0.0 -53.1192669,-26.8536043992383,0.0 -53.1197144,-26.8535508992383,0.0 -53.119746,-26.8535470992383,0.0 -53.1202509,-26.8535112992383,0.0 -53.1203516,-26.8535177992383,0.0 -53.1204331,-26.8535451992383,0.0 -53.1205034,-26.8536002992383,0.0 -53.1205622,-26.8536693992383,0.0 -53.1206569,-26.8538351992383,0.0 -53.120736,-26.8539872992383,0.0 -53.1207731,-26.8540714992383,0.0 -53.1208101,-26.8541557992383,0.0 -53.1208789,-26.8543120992383,0.0 -53.1209421,-26.8544363992382,0.0 -53.1210206,-26.8545399992383,0.0 -53.1211145,-26.8546295992383,0.0 -53.1212587,-26.8547327992382,0.0 -53.1213874,-26.8548291992382,0.0 -53.1214381,-26.8548705992382,0.0 -53.1214579,-26.8549119992382,0.0 -53.1214989,-26.8551262992382,0.0 -53.1215402,-26.8552845992382,0.0 -53.1215802,-26.8554156992382,0.0 -53.1216273,-26.8554845992382,0.0 -53.1217131,-26.8555533992382,0.0 -53.1218335,-26.8556151992382,0.0 -53.1220277,-26.8556617992382,0.0 -53.1222131,-26.8556749992382,0.0 -53.1224521,-26.8556326992382,0.0 -53.1226409,-26.8555837992382,0.0 -53.1227757,-26.8555487992382,0.0 -53.1229342,-26.8555551992382,0.0 -53.1230194,-26.8555824992382,0.0 -53.1231166,-26.8556373992382,0.0 -53.1231907,-26.8557130992382,0.0 -53.1232536,-26.8558232992382,0.0 -53.1232811,-26.8558715992382,0.0 -53.1233318,-26.8559196992382,0.0 -53.1234134,-26.8559608992382,0.0 -53.1235763,-26.8560292992382,0.0 -53.1236503,-26.8560911992382,0.0 -53.1236895,-26.8561531992382,0.0 -53.1237021,-26.8562497992382,0.0 -53.1237146,-26.8563462992382,0.0 -53.123742,-26.8563875992382,0.0 -53.1238081,-26.8564287992382,0.0 -53.123909,-26.8564767992382,0.0 -53.1240291,-26.8565108992382,0.0 -53.1242072,-26.8565517992382,0.0 -53.1245128,-26.8565783992382,0.0 -53.1248972,-26.8565821992382,0.0 -53.1249999,-26.8565706992382,0.0 -53.1250685,-26.8565457992382,0.0 -53.1251174,-26.8565310992382,0.0 -53.1251494,-26.8565749992382,0.0 -53.1251571,-26.8565853992382,0.0 -53.1251763,-26.8566165992382,0.0 -53.1251854,-26.8566566992382,0.0 -53.1251873,-26.8566653992382,0.0 -53.1251895,-26.8567028992382,0.0 -53.1252023,-26.8567391992382,0.0 -53.12522,-26.8567728992382,0.0 -53.1252284,-26.8567852992382,0.0 -53.1252527,-26.8568297992382,0.0 -53.1252709,-26.8568836992382,0.0 -53.1252932,-26.8569291992382,0.0 -53.1253068,-26.8569744992382,0.0 -53.1253265,-26.8570316992382,0.0 -53.1253341,-26.8570448992382,0.0 -53.1253539,-26.8570799992382,0.0 -53.1253727,-26.8571156992382,0.0 -53.1253829,-26.8571373992382,0.0 -53.1253931,-26.8571591992382,0.0 -53.1254099,-26.8571964992382,0.0 -53.125424,-26.8572314992382,0.0 -53.1254349,-26.8572799992382,0.0 -53.1254284,-26.8573268992382,0.0 -53.1254244,-26.8573696992382,0.0 -53.1254357,-26.8574150992382,0.0 -53.1254523,-26.8574601992382,0.0 -53.1254799,-26.8574936992382,0.0 -53.1255142,-26.8575408992382,0.0 -53.1255324,-26.8575728992382,0.0 -53.1255455,-26.8576098992382,0.0 -53.1255623,-26.8576599992382,0.0 -53.1255724,-26.8576762992382,0.0 -53.1255826,-26.8576925992382,0.0 -53.1256049,-26.8577355992382,0.0 -53.1256078,-26.8577468992382,0.0 -53.1256159,-26.8577781992382,0.0 -53.125622,-26.8578244992382,0.0 -53.1256344,-26.8578753992382,0.0 -53.1256423,-26.8579266992382,0.0 -53.1256443,-26.8579558992382,0.0 -53.1256369,-26.8579965992382,0.0 -53.1256235,-26.8580452992382,0.0 -53.1256098,-26.8580926992382,0.0 -53.1255981,-26.8581322992382,0.0 -53.1255826,-26.8581787992382,0.0 -53.1255694,-26.8582193992382,0.0 -53.1255558,-26.8582639992382,0.0 -53.1255458,-26.8583108992382,0.0 -53.1255296,-26.8583598992382,0.0 -53.1255137,-26.8583970992382,0.0 -53.1255008,-26.8584324992382,0.0 -53.1254929,-26.8584797992382,0.0 -53.1254932,-26.8585305992382,0.0 -53.1254911,-26.8585418992382,0.0 -53.1254913,-26.8585850992382,0.0 -53.1254913,-26.8586332992382,0.0 -53.1254766,-26.8586710992382,0.0 -53.1254539,-26.8587137992382,0.0 -53.1254396,-26.8587599992382,0.0 -53.1254441,-26.8588036992382,0.0 -53.1254575,-26.8588450992382,0.0 -53.12546,-26.8588881992382,0.0 -53.1254596,-26.8589188992382,0.0 -53.1254588,-26.8589600992382,0.0 -53.1254566,-26.8589732992382,0.0 -53.1254578,-26.8590111992382,0.0 -53.1254592,-26.8590339992382,0.0 -53.1254647,-26.8590609992382,0.0 -53.1254665,-26.8590873992382,0.0 -53.125471,-26.8591319992382,0.0 -53.1254729,-26.8591716992382,0.0 -53.125478,-26.8592203992382,0.0 -53.1254831,-26.8592632992382,0.0 -53.1254769,-26.8593018992382,0.0 -53.125478,-26.8593425992382,0.0 -53.1254824,-26.8593802992382,0.0 -53.1254847,-26.8594165992382,0.0 -53.1254926,-26.8594644992382,0.0 -53.1254974,-26.8594792992381,0.0 -53.1255144,-26.8595194992382,0.0 -53.1255419,-26.8595615992382,0.0 -53.1255473,-26.8595791992382,0.0 -53.1255398,-26.8596206992382,0.0 -53.1255329,-26.8596571992382,0.0 -53.1255213,-26.8596787992382,0.0 -53.1254997,-26.8597112992382,0.0 -53.1254737,-26.8597400992381,0.0 -53.125445,-26.8597798992381,0.0 -53.1254218,-26.8598012992381,0.0 -53.1253952,-26.8598317992381,0.0 -53.1253635,-26.8598559992381,0.0 -53.1253368,-26.8598844992381,0.0 -53.1253049,-26.8599180992381,0.0 -53.1252814,-26.8599475992381,0.0 -53.1252623,-26.8599891992381,0.0 -53.1252525,-26.8600260992381,0.0 -53.12525,-26.8600363992381,0.0 -53.1252501,-26.8600765992381,0.0 -53.1252603,-26.8601109992381,0.0 -53.1252769,-26.8601543992381,0.0 -53.1252987,-26.8601944992381,0.0 -53.125306,-26.8602069992381,0.0 -53.1253191,-26.8602538992381,0.0 -53.1253254,-26.8603012992381,0.0 -53.1253214,-26.8603114992381,0.0 -53.1253096,-26.8603498992381,0.0 -53.1253039,-26.8603878992381,0.0 -53.1253007,-26.8604407992381,0.0 -53.1252934,-26.8604728992381,0.0 -53.1252761,-26.8605206992381,0.0 -53.125258,-26.8605619992381,0.0 -53.1252282,-26.8606026992381,0.0 -53.1252089,-26.8606456992381,0.0 -53.1252009,-26.8606892992381,0.0 -53.1251917,-26.8607295992381,0.0 -53.1151492,-26.868081099238,0.0 -53.1152406,-26.868100999238,0.0 -53.1153941,-26.868161299238,0.0 -53.1155105,-26.868200299238,0.0 -53.1155442,-26.868212299238,0.0 -53.1156227,-26.868225599238,0.0 -53.1157594,-26.868233999238,0.0 -53.1158714,-26.868231199238,0.0 -53.1159849,-26.868238799238,0.0 -53.1161014,-26.868263799238,0.0 -53.1163662,-26.868290699238,0.0 -53.1164973,-26.868292099238,0.0 -53.1165778,-26.868310899238,0.0 -53.1166022,-26.868316599238,0.0 -53.1166735,-26.868355599238,0.0 -53.1167382,-26.868413099238,0.0 -53.1167763,-26.868462799238,0.0 -53.1168027,-26.868515599238,0.0 -53.1168358,-26.868630699238,0.0 -53.116897,-26.868945899238,0.0 -53.1169487,-26.869107499238,0.0 -53.1170012,-26.869232199238,0.0 -53.1170643,-26.869352499238,0.0 -53.1171275,-26.869506899238,0.0 -53.1171777,-26.869650199238,0.0 -53.1172406,-26.869807499238,0.0 -53.1172861,-26.8699226992379,0.0 -53.1173316,-26.8700133992379,0.0 -53.1174603,-26.870198099238,0.0 -53.1176578,-26.8704410992379,0.0 -53.1177593,-26.8705625992379,0.0 -53.1178776,-26.8707288992379,0.0 -53.1179847,-26.8708468992379,0.0 -53.1180729,-26.8709196992379,0.0 -53.1181267,-26.8709487992379,0.0 -53.118193,-26.8709593992379,0.0 -53.1182923,-26.8709552992379,0.0 -53.1184186,-26.8709746992379,0.0 -53.1185082,-26.8710090992379,0.0 -53.1186407,-26.8710606992379,0.0 -53.1187612,-26.8711050992379,0.0 -53.1188822,-26.8711357992379,0.0 -53.1191959,-26.8712039992379,0.0 -53.1193466,-26.8712468992379,0.0 -53.1195966,-26.8713125992379,0.0 -53.1199592,-26.8714399992379,0.0 -53.1201703,-26.8715097992379,0.0 -53.1202809,-26.8715442992379,0.0 -53.1203927,-26.8715923992379,0.0 -53.1205265,-26.8716636992379,0.0 -53.1206951,-26.8717562992379,0.0 -53.1220811,-26.8731153992379,0.0 -53.1220803,-26.8731166992379,0.0 -53.1178823,-26.8797520992378,0.0 -53.1171574,-26.8857144992376,0.0 -53.1168643045206,-26.8881256813389,0.0</coordinates>
</LinearRing>
</outerBoundaryIs>
</Polygon>
</Placemark>
</Folder>
</Document></kml>
