<?xml version='1.0' encoding='UTF-8'?>
<kml xmlns:xsd="http://www.w3.org/2001/XMLSchema" xmlns:gx="http://www.google.com/kml/ext/2.2" xmlns:atom="http://www.w3.org/2005/Atom" xmlns="http://www.opengis.net/kml/2.2">
<Document>
<name>flor_do_sertao_4205357_localidades_2022</name>
<visibility>1</visibility>
<Schema name="Localidades" id="kml_schema_ft_Localidades">
<SimpleField type="xsd:string" name="CD_UF">
<displayName>CD_UF</displayName>
</SimpleField>
<SimpleField type="xsd:string" name="NM_UF">
<displayName>NM_UF</displayName>
</SimpleField>
<SimpleField type="xsd:string" name="SIGLA_UF">
<displayName>SIGLA_UF</displayName>
</SimpleField>
<SimpleField type="xsd:string" name="CD_MUN">
<displayName>CD_MUN</displayName>
</SimpleField>
<SimpleField type="xsd:string" name="NM_MUN">
<displayName>NM_MUN</displayName>
</SimpleField>
<SimpleField type="xsd:string" name="CD_RGINT">
<displayName>CD_RGINT</displayName>
</SimpleField>
<SimpleField type="xsd:string" name="NM_RGINT">
<displayName>NM_RGINT</displayName>
</SimpleField>
<SimpleField type="xsd:string" name="CD_RGI">
<displayName>CD_RGI</displayName>
</SimpleField>
<SimpleField type="xsd:string" name="NM_RGI">
<displayName>NM_RGI</displayName>
</SimpleField>
<SimpleField type="xsd:string" name="CT_LOCALIDADE">
<displayName>CT_LOCALIDADE</displayName>
</SimpleField>
<SimpleField type="xsd:string" name="SCT_LOCALIDADE">
<displayName>SCT_LOCALIDADE</displayName>
</SimpleField>
<SimpleField type="xsd:string" name="CD_LOCALIDADE">
<displayName>CD_LOCALIDADE</displayName>
</SimpleField>
<SimpleField type="xsd:string" name="NM_LOCALIDADE">
<displayName>NM_LOCALIDADE</displayName>
</SimpleField>
</Schema>
<Schema name="01. Cidade" id="kml_schema_ft_01._Cidade">
<SimpleField type="xsd:string" name="CD_UF">
<displayName>CD_UF</displayName>
</SimpleField>
<SimpleField type="xsd:string" name="NM_UF">
<displayName>NM_UF</displayName>
</SimpleField>
<SimpleField type="xsd:string" name="SIGLA_UF">
<displayName>SIGLA_UF</displayName>
</SimpleField>
<SimpleField type="xsd:string" name="CD_MUN">
<displayName>CD_MUN</displayName>
</SimpleField>
<SimpleField type="xsd:string" name="NM_MUN">
<displayName>NM_MUN</displayName>
</SimpleField>
<SimpleField type="xsd:string" name="CD_RGINT">
<displayName>CD_RGINT</displayName>
</SimpleField>
<SimpleField type="xsd:string" name="NM_RGINT">
<displayName>NM_RGINT</displayName>
</SimpleField>
<SimpleField type="xsd:string" name="CD_RGI">
<displayName>CD_RGI</displayName>
</SimpleField>
<SimpleField type="xsd:string" name="NM_RGI">
<displayName>NM_RGI</displayName>
</SimpleField>
<SimpleField type="xsd:string" name="CT_LOCALIDADE">
<displayName>CT_LOCALIDADE</displayName>
</SimpleField>
<SimpleField type="xsd:string" name="SCT_LOCALIDADE">
<displayName>SCT_LOCALIDADE</displayName>
</SimpleField>
<SimpleField type="xsd:string" name="CD_LOCALIDADE">
<displayName>CD_LOCALIDADE</displayName>
</SimpleField>
<SimpleField type="xsd:string" name="NM_LOCALIDADE">
<displayName>NM_LOCALIDADE</displayName>
</SimpleField>
<SimpleField type="xsd:string" name="LAT_LOCALIDADE">
<displayName>LAT_LOCALIDADE</displayName>
</SimpleField>
<SimpleField type="xsd:string" name="LONG_LOCALIDADE">
<displayName>LONG_LOCALIDADE</displayName>
</SimpleField>
</Schema>
<Schema name="Município" id="kml_schema_ft_Município">
<SimpleField type="xsd:string" name="CD_UF">
<displayName>CD_UF</displayName>
</SimpleField>
<SimpleField type="xsd:string" name="NM_UF">
<displayName>NM_UF</displayName>
</SimpleField>
<SimpleField type="xsd:string" name="CD_MUN">
<displayName>CD_MUN</displayName>
</SimpleField>
<SimpleField type="xsd:string" name="NM_MUN">
<displayName>NM_MUN</displayName>
</SimpleField>
<SimpleField type="xsd:string" name="CD_RGINT">
<displayName>CD_RGINT</displayName>
</SimpleField>
<SimpleField type="xsd:string" name="NM_RGINT">
<displayName>NM_RGINT</displayName>
</SimpleField>
<SimpleField type="xsd:string" name="CD_RGI">
<displayName>CD_RGI</displayName>
</SimpleField>
<SimpleField type="xsd:string" name="NM_RGI">
<displayName>NM_RGI</displayName>
</SimpleField>
</Schema>
<Folder id="01. Cidade">
<name>01. Cidade</name>
<Folder id="01.03. Sede Municipal">
<name>01.03. Sede Municipal</name>
<Placemark id="01.03. Sede Municipal">
<name>Flor do Sertão [4205357]</name>
<visibility>1</visibility>
<snippet> </snippet>
<description>&lt;center&gt;&lt;table&gt;&lt;tr&gt;&lt;th colspan='2' align='center'&gt;&lt;em&gt;Atributos&lt;/em&gt;&lt;/th&gt;&lt;/tr&gt;&lt;tr bgcolor="#E3E3F3"&gt;
&lt;th&gt;CD_UF&lt;/th&gt;
&lt;td&gt;42&lt;/td&gt;
&lt;/tr&gt;&lt;tr bgcolor=""&gt;
&lt;th&gt;NM_UF&lt;/th&gt;
&lt;td&gt;Santa Catarina&lt;/td&gt;
&lt;/tr&gt;&lt;tr bgcolor="#E3E3F3"&gt;
&lt;th&gt;SIGLA_UF&lt;/th&gt;
&lt;td&gt;SC&lt;/td&gt;
&lt;/tr&gt;&lt;tr bgcolor=""&gt;
&lt;th&gt;CD_MUN&lt;/th&gt;
&lt;td&gt;4205357&lt;/td&gt;
&lt;/tr&gt;&lt;tr bgcolor="#E3E3F3"&gt;
&lt;th&gt;NM_MUN&lt;/th&gt;
&lt;td&gt;Flor do Sertão&lt;/td&gt;
&lt;/tr&gt;&lt;tr bgcolor=""&gt;
&lt;th&gt;CD_RGINT&lt;/th&gt;
&lt;td&gt;4204&lt;/td&gt;
&lt;/tr&gt;&lt;tr bgcolor="#E3E3F3"&gt;
&lt;th&gt;NM_RGINT&lt;/th&gt;
&lt;td&gt;Chapecó&lt;/td&gt;
&lt;/tr&gt;&lt;tr bgcolor=""&gt;
&lt;th&gt;CD_RGI&lt;/th&gt;
&lt;td&gt;420009&lt;/td&gt;
&lt;/tr&gt;&lt;tr bgcolor="#E3E3F3"&gt;
&lt;th&gt;NM_RGI&lt;/th&gt;
&lt;td&gt;São Miguel do Oeste&lt;/td&gt;
&lt;/tr&gt;&lt;tr bgcolor=""&gt;
&lt;th&gt;CT_LOCALIDADE&lt;/th&gt;
&lt;td&gt;Cidade&lt;/td&gt;
&lt;/tr&gt;&lt;tr bgcolor="#E3E3F3"&gt;
&lt;th&gt;SCT_LOCALIDADE&lt;/th&gt;
&lt;td&gt;Sede Municipal&lt;/td&gt;
&lt;/tr&gt;&lt;tr bgcolor=""&gt;
&lt;th&gt;CD_LOCALIDADE&lt;/th&gt;
&lt;td&gt;4205357&lt;/td&gt;
&lt;/tr&gt;&lt;tr bgcolor="#E3E3F3"&gt;
&lt;th&gt;NM_LOCALIDADE&lt;/th&gt;
&lt;td&gt;Flor do Sertão&lt;/td&gt;
&lt;/tr&gt;&lt;tr bgcolor=""&gt;
&lt;th&gt;LAT_LOCALIDADE&lt;/th&gt;
&lt;td&gt;-26.7781&lt;/td&gt;
&lt;/tr&gt;&lt;tr bgcolor="#E3E3F3"&gt;
&lt;th&gt;LONG_LOCALIDADE&lt;/th&gt;
&lt;td&gt;-53.3486&lt;/td&gt;
&lt;/tr&gt;&lt;/table&gt;&lt;/center&gt;</description>
<Style>
<IconStyle>
<color>ff00aaff</color>
<scale>1.0</scale>
<Icon>
<href>http://maps.google.com/mapfiles/kml/shapes/placemark_circle.png</href>
</Icon>
</IconStyle>
<LabelStyle>
<scale>1.0</scale>
</LabelStyle>
<LineStyle>
<color>ffffffff</color>
<width>3</width>
<gx:labelVisibility>1</gx:labelVisibility>
</LineStyle>
<PolyStyle>
<color>00ffffff</color>
</PolyStyle>
</Style>
<ExtendedData>
<SchemaData schemaUrl="#kml_schema_ft_01._Cidade">
<SimpleData name="CD_UF">42</SimpleData>
<SimpleData name="NM_UF">Santa Catarina</SimpleData>
<SimpleData name="SIGLA_UF">SC</SimpleData>
<SimpleData name="CD_MUN">4205357</SimpleData>
<SimpleData name="NM_MUN">Flor do Sertão</SimpleData>
<SimpleData name="CD_RGINT">4204</SimpleData>
<SimpleData name="NM_RGINT">Chapecó</SimpleData>
<SimpleData name="CD_RGI">420009</SimpleData>
<SimpleData name="NM_RGI">São Miguel do Oeste</SimpleData>
<SimpleData name="CT_LOCALIDADE">Cidade</SimpleData>
<SimpleData name="SCT_LOCALIDADE">Sede Municipal</SimpleData>
<SimpleData name="CD_LOCALIDADE">4205357</SimpleData>
<SimpleData name="NM_LOCALIDADE">Flor do Sertão</SimpleData>
<SimpleData name="LAT_LOCALIDADE">-26.7781</SimpleData>
<SimpleData name="LONG_LOCALIDADE">-53.3486</SimpleData>
</SchemaData>
</ExtendedData>
<Point>
<extrude>0</extrude>
<coordinates>-53.3486,-26.7780999992397,0.0</coordinates>
</Point>
</Placemark>
</Folder>
</Folder>
<Folder id="12. Outras Localidades">
<name>12. Outras Localidades</name>
<Placemark id="12. Outras Localidades">
<name>Linha Fuzil - PCH Flor do Sertão [420535700001]</name>
<visibility>1</visibility>
<snippet> </snippet>
<description>&lt;center&gt;&lt;table&gt;&lt;tr&gt;&lt;th colspan='2' align='center'&gt;&lt;em&gt;Attributes&lt;/em&gt;&lt;/th&gt;&lt;/tr&gt;&lt;tr bgcolor="#E3E3F3"&gt;
&lt;th&gt;CD_UF&lt;/th&gt;
&lt;td&gt;42&lt;/td&gt;
&lt;/tr&gt;&lt;tr bgcolor=""&gt;
&lt;th&gt;NM_UF&lt;/th&gt;
&lt;td&gt;Santa Catarina&lt;/td&gt;
&lt;/tr&gt;&lt;tr bgcolor="#E3E3F3"&gt;
&lt;th&gt;SIGLA_UF&lt;/th&gt;
&lt;td&gt;SC&lt;/td&gt;
&lt;/tr&gt;&lt;tr bgcolor=""&gt;
&lt;th&gt;CD_MUN&lt;/th&gt;
&lt;td&gt;4205357&lt;/td&gt;
&lt;/tr&gt;&lt;tr bgcolor="#E3E3F3"&gt;
&lt;th&gt;NM_MUN&lt;/th&gt;
&lt;td&gt;Flor do Sertão&lt;/td&gt;
&lt;/tr&gt;&lt;tr bgcolor=""&gt;
&lt;th&gt;CD_RGINT&lt;/th&gt;
&lt;td&gt;4204&lt;/td&gt;
&lt;/tr&gt;&lt;tr bgcolor="#E3E3F3"&gt;
&lt;th&gt;NM_RGINT&lt;/th&gt;
&lt;td&gt;Chapecó&lt;/td&gt;
&lt;/tr&gt;&lt;tr bgcolor=""&gt;
&lt;th&gt;CD_RGI&lt;/th&gt;
&lt;td&gt;420009&lt;/td&gt;
&lt;/tr&gt;&lt;tr bgcolor="#E3E3F3"&gt;
&lt;th&gt;NM_RGI&lt;/th&gt;
&lt;td&gt;São Miguel do Oeste&lt;/td&gt;
&lt;/tr&gt;&lt;tr bgcolor=""&gt;
&lt;th&gt;CT_LOCALIDADE&lt;/th&gt;
&lt;td&gt;Outras Localidades&lt;/td&gt;
&lt;/tr&gt;&lt;tr bgcolor="#E3E3F3"&gt;
&lt;th&gt;SCT_LOCALIDADE&lt;/th&gt;
&lt;td&gt;&lt;/td&gt;
&lt;/tr&gt;&lt;tr bgcolor=""&gt;
&lt;th&gt;CD_LOCALIDADE&lt;/th&gt;
&lt;td&gt;420535700001&lt;/td&gt;
&lt;/tr&gt;&lt;tr bgcolor="#E3E3F3"&gt;
&lt;th&gt;NM_LOCALIDADE&lt;/th&gt;
&lt;td&gt;Linha Fuzil - PCH Flor do Sertão&lt;/td&gt;
&lt;/tr&gt;&lt;/table&gt;&lt;/center&gt;</description>
<Style>
<IconStyle>
<color>ff0069d3</color>
<scale>0.6</scale>
<Icon>
<href>http://maps.google.com/mapfiles/kml/shapes/placemark_circle.png</href>
</Icon>
</IconStyle>
<LabelStyle>
<scale>0.6</scale>
</LabelStyle>
<LineStyle>
<width>1.0</width>
<gx:labelVisibility>1</gx:labelVisibility>
</LineStyle>
</Style>
<ExtendedData>
<SchemaData schemaUrl="#kml_schema_ft_Localidades">
<SimpleData name="CD_UF">42</SimpleData>
<SimpleData name="NM_UF">Santa Catarina</SimpleData>
<SimpleData name="SIGLA_UF">SC</SimpleData>
<SimpleData name="CD_MUN">4205357</SimpleData>
<SimpleData name="NM_MUN">Flor do Sertão</SimpleData>
<SimpleData name="CD_RGINT">4204</SimpleData>
<SimpleData name="NM_RGINT">Chapecó</SimpleData>
<SimpleData name="CD_RGI">420009</SimpleData>
<SimpleData name="NM_RGI">São Miguel do Oeste</SimpleData>
<SimpleData name="CT_LOCALIDADE">Outras Localidades</SimpleData>
<SimpleData name="CD_LOCALIDADE">420535700001</SimpleData>
<SimpleData name="NM_LOCALIDADE">Linha Fuzil - PCH Flor do Sertão</SimpleData>
</SchemaData>
</ExtendedData>
<Point>
<extrude>0</extrude>
<coordinates>-53.3736696,-26.7886012992395,0.0</coordinates>
</Point>
</Placemark>
</Folder>
<Folder id="13. Referência">
<name>13. Referência</name>
<Placemark id="13. Referência">
<name>Flor do Sertão [4205357]</name>
<visibility>1</visibility>
<snippet> </snippet>
<description>&lt;center&gt;&lt;table&gt;&lt;tr&gt;&lt;th colspan='2' align='center'&gt;&lt;em&gt;Attributes&lt;/em&gt;&lt;/th&gt;&lt;/tr&gt;&lt;tr bgcolor="#E3E3F3"&gt;
&lt;th&gt;CD_UF&lt;/th&gt;
&lt;td&gt;42&lt;/td&gt;
&lt;/tr&gt;&lt;tr bgcolor=""&gt;
&lt;th&gt;NM_UF&lt;/th&gt;
&lt;td&gt;Santa Catarina&lt;/td&gt;
&lt;/tr&gt;&lt;tr bgcolor="#E3E3F3"&gt;
&lt;th&gt;CD_MUN&lt;/th&gt;
&lt;td&gt;4205357&lt;/td&gt;
&lt;/tr&gt;&lt;tr bgcolor=""&gt;
&lt;th&gt;NM_MUN&lt;/th&gt;
&lt;td&gt;Flor do Sertão&lt;/td&gt;
&lt;/tr&gt;&lt;tr bgcolor="#E3E3F3"&gt;
&lt;th&gt;CD_RGINT&lt;/th&gt;
&lt;td&gt;4204&lt;/td&gt;
&lt;/tr&gt;&lt;tr bgcolor=""&gt;
&lt;th&gt;NM_RGINT&lt;/th&gt;
&lt;td&gt;Chapecó&lt;/td&gt;
&lt;/tr&gt;&lt;tr bgcolor="#E3E3F3"&gt;
&lt;th&gt;CD_RGI&lt;/th&gt;
&lt;td&gt;420009&lt;/td&gt;
&lt;/tr&gt;&lt;tr bgcolor=""&gt;
&lt;th&gt;NM_RGI&lt;/th&gt;
&lt;td&gt;São Miguel do Oeste&lt;/td&gt;
&lt;/tr&gt;&lt;/table&gt;&lt;/center&gt;</description>
<Style>
<IconStyle>
<scale>0.7</scale>
</IconStyle>
<LabelStyle>
<scale>0.7</scale>
</LabelStyle>
<LineStyle>
<color>ffffffff</color>
<width>3</width>
<gx:labelVisibility>1</gx:labelVisibility>
</LineStyle>
<PolyStyle>
<color>00ffffff</color>
</PolyStyle>
</Style>
<ExtendedData>
<SchemaData schemaUrl="#kml_schema_ft_Município">
<SimpleData name="CD_UF">42</SimpleData>
<SimpleData name="NM_UF">Santa Catarina</SimpleData>
<SimpleData name="CD_MUN">4205357</SimpleData>
<SimpleData name="NM_MUN">Flor do Sertão</SimpleData>
<SimpleData name="CD_RGINT">4204</SimpleData>
<SimpleData name="NM_RGINT">Chapecó</SimpleData>
<SimpleData name="CD_RGI">420009</SimpleData>
<SimpleData name="NM_RGI">São Miguel do Oeste</SimpleData>
</SchemaData>
</ExtendedData>
<MultiGeometry>
<Polygon>
<extrude>0</extrude>
<tessellate>1</tessellate>
<outerBoundaryIs>
<LinearRing>
<coordinates>-53.3635862,-26.76597279924,0.0 -53.363463,-26.76600969924,0.0 -53.3632828,-26.76609969924,0.0 -53.3632495,-26.76611069924,0.0 -53.3632398,-26.76611379924,0.0 -53.3632318,-26.76611519924,0.0 -53.3632159,-26.76612119924,0.0 -53.3632057,-26.76612239924,0.0 -53.363149,-26.76613879924,0.0 -53.3631373,-26.76613959924,0.0 -53.3631117,-26.76614099924,0.0 -53.3630982,-26.76614479924,0.0 -53.3630868,-26.76614749924,0.0 -53.3630474,-26.76614699924,0.0 -53.3630177,-26.76615539924,0.0 -53.3629931,-26.76615949924,0.0 -53.3629683,-26.76616739924,0.0 -53.3629374,-26.76617769924,0.0 -53.3629132,-26.76618959924,0.0 -53.3628628,-26.76620719924,0.0 -53.3628486,-26.76621569924,0.0 -53.3628237,-26.76623179924,0.0 -53.3628109,-26.76623569924,0.0 -53.3627969,-26.76624629924,0.0 -53.3627844,-26.76624969924,0.0 -53.3627758,-26.76625629924,0.0 -53.3627497,-26.76626269924,0.0 -53.3627352,-26.76626729924,0.0 -53.3626954,-26.76629709924,0.0 -53.3626646,-26.76630559924,0.0 -53.3626558,-26.76631179924,0.0 -53.3626221,-26.76631969924,0.0 -53.3626143,-26.76632459924,0.0 -53.3626076,-26.76632819924,0.0 -53.3626017,-26.76633109924,0.0 -53.3625645,-26.76634159924,0.0 -53.3625585,-26.76634379924,0.0 -53.3625519,-26.76634559924,0.0 -53.3625309,-26.76635099924,0.0 -53.3625092,-26.76635609924,0.0 -53.3625019,-26.76635689924,0.0 -53.3624569,-26.76636639924,0.0 -53.3624219,-26.76637349924,0.0 -53.3623986,-26.76638269924,0.0 -53.3623854,-26.76638749924,0.0 -53.3623796,-26.76638959924,0.0 -53.3623666,-26.76639469924,0.0 -53.3623381,-26.76640329924,0.0 -53.3623254,-26.76640769924,0.0 -53.3622926,-26.76641849924,0.0 -53.3622797,-26.76642179924,0.0 -53.362264,-26.76642639924,0.0 -53.3622367,-26.76643139924,0.0 -53.3622217,-26.76643509924,0.0 -53.3622065,-26.76643719924,0.0 -53.3621766,-26.76643979924,0.0 -53.3621624,-26.76644189924,0.0 -53.3621352,-26.76644519924,0.0 -53.3620833,-26.76644869924,0.0 -53.3620591,-26.76645099924,0.0 -53.3620349,-26.76645149924,0.0 -53.3620218,-26.76645169924,0.0 -53.3620092,-26.76645229924,0.0 -53.3619946,-26.76645209924,0.0 -53.3619814,-26.76645359924,0.0 -53.3619648,-26.76645299924,0.0 -53.3619511,-26.76645519924,0.0 -53.3619139,-26.76645509924,0.0 -53.3618841,-26.76646199924,0.0 -53.3618665,-26.76646449924,0.0 -53.3618473,-26.76646549924,0.0 -53.3618356,-26.76646339924,0.0 -53.3618157,-26.76646309924,0.0 -53.3617964,-26.76646209924,0.0 -53.3617487,-26.76645229924,0.0 -53.3616998,-26.76644819924,0.0 -53.361684,-26.76644479924,0.0 -53.3616753,-26.76644439924,0.0 -53.3616416,-26.76643649924,0.0 -53.3615997,-26.76642989924,0.0 -53.361584,-26.76642579924,0.0 -53.3615688,-26.76642379924,0.0 -53.3615541,-26.76642209924,0.0 -53.3615262,-26.76641389924,0.0 -53.3615006,-26.76641189924,0.0 -53.3614706,-26.76640419924,0.0 -53.3614455,-26.76640119924,0.0 -53.361431,-26.76639909924,0.0 -53.3613975,-26.76638989924,0.0 -53.3613663,-26.76638809924,0.0 -53.3613259,-26.76637749924,0.0 -53.3612968,-26.76637519924,0.0 -53.3612821,-26.76637329924,0.0 -53.3612677,-26.76637059924,0.0 -53.3612528,-26.76636719924,0.0 -53.3611862,-26.76634859924,0.0 -53.3611545,-26.76634009924,0.0 -53.3611376,-26.76633529924,0.0 -53.3611203,-26.76632989924,0.0 -53.3610882,-26.76631989924,0.0 -53.3610798,-26.76631699924,0.0 -53.3610724,-26.76631349924,0.0 -53.36106,-26.76630859924,0.0 -53.3610055,-26.76629069924,0.0 -53.3609894,-26.76628479924,0.0 -53.3608908,-26.76624769924,0.0 -53.3608346,-26.76622629924,0.0 -53.3608217,-26.76622109924,0.0 -53.3607792,-26.76620339924,0.0 -53.3607082,-26.76617979924,0.0 -53.3606476,-26.76615389924,0.0 -53.3605807,-26.76613269924,0.0 -53.3605351,-26.76611679924,0.0 -53.3605038,-26.76610569924,0.0 -53.3604872,-26.76609919924,0.0 -53.3604729,-26.76609369924,0.0 -53.3604381,-26.76607899924,0.0 -53.3604268,-26.76607419924,0.0 -53.3604193,-26.76607029924,0.0 -53.3604005,-26.76606309924,0.0 -53.3603653,-26.76603889924,0.0 -53.3603221,-26.76602339924,0.0 -53.3602968,-26.76601469924,0.0 -53.3602713,-26.76599629924,0.0 -53.3602577,-26.76598749924,0.0 -53.3602426,-26.76597889924,0.0 -53.3601694,-26.76595499924,0.0 -53.36012,-26.76592929924,0.0 -53.3600943,-26.76592009924,0.0 -53.3600677,-26.76590869924,0.0 -53.3600187,-26.76588059924,0.0 -53.3599993,-26.76587139924,0.0 -53.3599626,-26.76585209924,0.0 -53.3599353,-26.76583499924,0.0 -53.3599175,-26.76582619924,0.0 -53.3598963,-26.76581879924,0.0 -53.3598791,-26.76581029924,0.0 -53.359857,-26.76580319924,0.0 -53.3598336,-26.76579609924,0.0 -53.3598174,-26.76578869924,0.0 -53.3598023,-26.76578249924,0.0 -53.3597636,-26.76577169924,0.0 -53.3597498,-26.76576659924,0.0 -53.3597354,-26.76576069924,0.0 -53.3597089,-26.76575299924,0.0 -53.3596562,-26.76573409924,0.0 -53.3596264,-26.76572719924,0.0 -53.359609,-26.76572169924,0.0 -53.3595925,-26.76571839924,0.0 -53.3595567,-26.76570939924,0.0 -53.3595392,-26.76570519924,0.0 -53.3595198,-26.76569919924,0.0 -53.3594981,-26.76569049924,0.0 -53.3594811,-26.76568549924,0.0 -53.3594574,-26.76567529924,0.0 -53.3594415,-26.76566959924,0.0 -53.3594165,-26.76565939924,0.0 -53.3593879,-26.76564849924,0.0 -53.3593729,-26.76564439924,0.0 -53.3593559,-26.76564149924,0.0 -53.3593158,-26.76563739924,0.0 -53.3592636,-26.76561779924,0.0 -53.3592425,-26.76561499924,0.0 -53.3592179,-26.76560669924,0.0 -53.3591771,-26.76560049924,0.0 -53.3591554,-26.76559229924,0.0 -53.3591398,-26.76558589924,0.0 -53.3591235,-26.76557849924,0.0 -53.3591072,-26.76556939924,0.0 -53.3590877,-26.76556529924,0.0 -53.3590718,-26.76555549924,0.0 -53.3590532,-26.76555079924,0.0 -53.3590372,-26.76554139924,0.0 -53.3590095,-26.76553539924,0.0 -53.3589928,-26.76553249924,0.0 -53.3589603,-26.76551529924,0.0 -53.3589422,-26.76550479924,0.0 -53.3589256,-26.76550009924,0.0 -53.3589062,-26.76548839924,0.0 -53.3588865,-26.76547709924,0.0 -53.3588108,-26.76544749924,0.0 -53.3587899,-26.76543669924,0.0 -53.3587682,-26.76542659924,0.0 -53.3587179,-26.76540939924,0.0 -53.3586952,-26.76540039924,0.0 -53.3586778,-26.76539399924,0.0 -53.3586295,-26.76537689924,0.0 -53.3586107,-26.76536949924,0.0 -53.3585869,-26.76536129924,0.0 -53.3585485,-26.76534509924,0.0 -53.3585058,-26.76532969924,0.0 -53.3584708,-26.76531379924,0.0 -53.3584539,-26.76530709924,0.0 -53.3584321,-26.76529689924,0.0 -53.3584206,-26.76529119924,0.0 -53.3584099,-26.76528709924,0.0 -53.3583861,-26.76527509924,0.0 -53.3583723,-26.76526709924,0.0 -53.3583468,-26.76525229924,0.0 -53.3583209,-26.76523519924,0.0 -53.3582659,-26.76519919924,0.0 -53.3582405,-26.76518089924,0.0 -53.3582264,-26.76517129924,0.0 -53.3581769,-26.76513319924,0.0 -53.3581611,-26.76512309924,0.0 -53.3581451,-26.76511149924,0.0 -53.3581217,-26.76509129924,0.0 -53.3581024,-26.76507179924,0.0 -53.3580851,-26.76505709924,0.0 -53.3580706,-26.76504079924,0.0 -53.3580536,-26.76502549924,0.0 -53.3580433,-26.76501299924,0.0 -53.358028,-26.76499309924,0.0 -53.3579885,-26.76495509924,0.0 -53.3579607,-26.76492239924,0.0 -53.357954,-26.76491649924,0.0 -53.3579396,-26.76489799924,0.0 -53.3579116,-26.76486359924,0.0 -53.3578978,-26.76484509924,0.0 -53.3578831,-26.76482649924,0.0 -53.3578703,-26.76480989924,0.0 -53.3578551,-26.76478959924,0.0 -53.3578418,-26.76477129924,0.0 -53.3578267,-26.76474929924,0.0 -53.357814,-26.76472939924,0.0 -53.3577856,-26.76468579924,0.0 -53.3577733,-26.76466419924,0.0 -53.3577615,-26.76464539924,0.0 -53.3577493,-26.76462209924,0.0 -53.3577399,-26.76460569924,0.0 -53.3577337,-26.76459279924,0.0 -53.3577226,-26.76456909924,0.0 -53.3577106,-26.76453849924,0.0 -53.3576897,-26.76449729924,0.0 -53.3576818,-26.76447889924,0.0 -53.3576667,-26.76444539924,0.0 -53.3576498,-26.76441469924,0.0 -53.3576448,-26.76440679924,0.0 -53.3576382,-26.76439139924,0.0 -53.357632,-26.76437989924,0.0 -53.3576143,-26.76433639924,0.0 -53.3576067,-26.76431959924,0.0 -53.3575939,-26.76429049924,0.0 -53.3575579,-26.76420059924,0.0 -53.3575439,-26.76417159924,0.0 -53.3575366,-26.76415769924,0.0 -53.3575254,-26.76413469924,0.0 -53.357508,-26.76408759924,0.0 -53.3575032,-26.76407859924,0.0 -53.3574882,-26.76404739924,0.0 -53.3574797,-26.76402729924,0.0 -53.357467,-26.76399209924,0.0 -53.357461,-26.76397699924,0.0 -53.3574568,-26.76396849924,0.0 -53.3574509,-26.76394969924,0.0 -53.3574478,-26.76394029924,0.0 -53.3574432,-26.76392119924,0.0 -53.3574391,-26.76390549924,0.0 -53.3574346,-26.76388389924,0.0 -53.3574309,-26.76386029924,0.0 -53.3574231,-26.76382419924,0.0 -53.3574198,-26.76380729924,0.0 -53.3574115,-26.76373989924,0.0 -53.3574085,-26.76372209924,0.0 -53.3574064,-26.76370139924,0.0 -53.3574038,-26.76368399924,0.0 -53.3574042,-26.76364559924,0.0 -53.357404,-26.76362299924,0.0 -53.3574057,-26.76358209924,0.0 -53.3574081,-26.76353269924,0.0 -53.3574101,-26.76350939924,0.0 -53.3574109,-26.76348689924,0.0 -53.3574134,-26.76346199924,0.0 -53.3574147,-26.76344429924,0.0 -53.3574159,-26.76343369924,0.0 -53.357427,-26.76335229924,0.0 -53.3574326,-26.76332119924,0.0 -53.3574412,-26.76328259924,0.0 -53.3574438,-26.76325629924,0.0 -53.3574462,-26.76323659924,0.0 -53.3574536,-26.76319769924,0.0 -53.3574558,-26.76318589924,0.0 -53.3574615,-26.76315929924,0.0 -53.357466,-26.76314089924,0.0 -53.357471,-26.76312489924,0.0 -53.3574799,-26.76307539924,0.0 -53.3574849,-26.76306159924,0.0 -53.3574883,-26.76304509924,0.0 -53.3574941,-26.76303289924,0.0 -53.3574999,-26.76301409924,0.0 -53.3575058,-26.76300289924,0.0 -53.3575119,-26.76299229924,0.0 -53.3575251,-26.76294449924,0.0 -53.3575324,-26.76293459924,0.0 -53.3575393,-26.76292429924,0.0 -53.3575458,-26.76291389924,0.0 -53.3575562,-26.76288909924,0.0 -53.3575624,-26.76286339924,0.0 -53.3575728,-26.76282499924,0.0 -53.3575781,-26.76279959924,0.0 -53.3575833,-26.76277799924,0.0 -53.3575925,-26.76273029924,0.0 -53.3576032,-26.76268359924,0.0 -53.3576087,-26.76264449924,0.0 -53.3576158,-26.76261429924,0.0 -53.3576387,-26.76252479924,0.0 -53.3576443,-26.76250499924,0.0 -53.3576477,-26.76249479924,0.0 -53.3576521,-26.76248189924,0.0 -53.3576648,-26.7624477992401,0.0 -53.3576723,-26.76242159924,0.0 -53.3576753,-26.76240539924,0.0 -53.3576911,-26.7623588992401,0.0 -53.3577082,-26.76227749924,0.0 -53.3577175,-26.7622522992401,0.0 -53.357726,-26.7622267992401,0.0 -53.3577318,-26.7622031992401,0.0 -53.3577382,-26.76218259924,0.0 -53.3577447,-26.7621656992401,0.0 -53.3577556,-26.76213129924,0.0 -53.3577815,-26.76203449924,0.0 -53.3577859,-26.7620193992401,0.0 -53.357823,-26.7619078992401,0.0 -53.3578255,-26.7619001992401,0.0 -53.3578334,-26.7618616992401,0.0 -53.3578441,-26.7618305992401,0.0 -53.3578608,-26.7617584992401,0.0 -53.3578815,-26.7617022992401,0.0 -53.3578883,-26.7616755992401,0.0 -53.3578958,-26.7616483992401,0.0 -53.3579089,-26.7616090992401,0.0 -53.3579116,-26.7615974992401,0.0 -53.3579372,-26.7615156992401,0.0 -53.3579457,-26.7614729992401,0.0 -53.3579556,-26.7614386992401,0.0 -53.3579755,-26.7613506992401,0.0 -53.3579824,-26.7613286992401,0.0 -53.3579899,-26.7613060992401,0.0 -53.358006,-26.7612605992401,0.0 -53.3580179,-26.7612001992401,0.0 -53.3580362,-26.7611534992401,0.0 -53.3580489,-26.7611005992401,0.0 -53.3580586,-26.7610772992401,0.0 -53.3580648,-26.7610536992401,0.0 -53.3580743,-26.7610328992401,0.0 -53.3580794,-26.7610151992401,0.0 -53.3580918,-26.7609868992401,0.0 -53.3581004,-26.7609695992401,0.0 -53.358109,-26.7609516992401,0.0 -53.3581186,-26.7609339992401,0.0 -53.3581265,-26.7609208992401,0.0 -53.3581308,-26.7609130992401,0.0 -53.3581421,-26.7608952992401,0.0 -53.3581505,-26.7608816992401,0.0 -53.358163,-26.7608626992401,0.0 -53.3581689,-26.7608516992401,0.0 -53.3581756,-26.7608374992401,0.0 -53.3581888,-26.7608161992401,0.0 -53.358212,-26.7607596992401,0.0 -53.3582256,-26.7607365992401,0.0 -53.3582379,-26.7607126992401,0.0 -53.3582759,-26.7606243992401,0.0 -53.3583015,-26.7605678992401,0.0 -53.3583055,-26.7605536992401,0.0 -53.3583251,-26.7605019992401,0.0 -53.3583369,-26.7604650992401,0.0 -53.3583431,-26.7604478992401,0.0 -53.3583509,-26.7604284992401,0.0 -53.3583549,-26.7604134992401,0.0 -53.3583579,-26.7604010992401,0.0 -53.3583771,-26.7603551992401,0.0 -53.3583879,-26.7603226992401,0.0 -53.3584094,-26.7602751992401,0.0 -53.3584196,-26.7602504992401,0.0 -53.3584302,-26.7602240992401,0.0 -53.3584503,-26.7601806992401,0.0 -53.3584559,-26.7601671992401,0.0 -53.358478,-26.7601035992401,0.0 -53.3584867,-26.7600825992401,0.0 -53.3584951,-26.7600640992401,0.0 -53.3585035,-26.7600484992401,0.0 -53.3585106,-26.7600373992401,0.0 -53.3585223,-26.7600066992401,0.0 -53.3585331,-26.7599767992401,0.0 -53.3585446,-26.7599441992401,0.0 -53.3585586,-26.7599101992401,0.0 -53.3585831,-26.7598320992401,0.0 -53.3585888,-26.7598170992401,0.0 -53.3585975,-26.7597957992401,0.0 -53.3586028,-26.7597763992401,0.0 -53.3586198,-26.7597420992401,0.0 -53.3586251,-26.7597241992401,0.0 -53.3586327,-26.7597056992401,0.0 -53.3586386,-26.7596882992401,0.0 -53.3586448,-26.7596702992401,0.0 -53.3586518,-26.7596519992401,0.0 -53.3586612,-26.7596314992401,0.0 -53.3586631,-26.7596274992401,0.0 -53.3586688,-26.7596133992401,0.0 -53.3586837,-26.7595760992401,0.0 -53.3587033,-26.7595363992401,0.0 -53.3587102,-26.7595197992401,0.0 -53.3587208,-26.7594998992401,0.0 -53.3587282,-26.7594841992401,0.0 -53.3587435,-26.7594576992401,0.0 -53.358752,-26.7594415992401,0.0 -53.3587699,-26.7594103992401,0.0 -53.3587889,-26.7593625992401,0.0 -53.3588065,-26.7593345992401,0.0 -53.3588185,-26.7593071992401,0.0 -53.3588276,-26.7592919992401,0.0 -53.3588329,-26.7592797992401,0.0 -53.3588463,-26.7592524992401,0.0 -53.3588526,-26.7592368992401,0.0 -53.3588662,-26.7592101992401,0.0 -53.3588792,-26.7591803992401,0.0 -53.3588855,-26.7591669992401,0.0 -53.3589234,-26.7590841992401,0.0 -53.358945,-26.7590422992401,0.0 -53.3589529,-26.7590246992401,0.0 -53.358967,-26.7589875992401,0.0 -53.3589777,-26.7589603992401,0.0 -53.3589844,-26.7589442992401,0.0 -53.3589869,-26.7589348992401,0.0 -53.358995,-26.7589110992401,0.0 -53.3590068,-26.7588828992401,0.0 -53.3590192,-26.7588560992401,0.0 -53.3590314,-26.7588383992401,0.0 -53.3590394,-26.7588213992401,0.0 -53.3590471,-26.7588065992401,0.0 -53.3591071,-26.7587206992401,0.0 -53.359129,-26.7586812992401,0.0 -53.3591362,-26.7586673992401,0.0 -53.3591433,-26.7586518992401,0.0 -53.3591554,-26.7586328992401,0.0 -53.3591623,-26.7586165992401,0.0 -53.3591687,-26.7585988992401,0.0 -53.3591785,-26.7585802992401,0.0 -53.3591864,-26.7585615992401,0.0 -53.3591939,-26.7585423992401,0.0 -53.359212,-26.7585014992401,0.0 -53.3592227,-26.7584660992401,0.0 -53.3592307,-26.7584465992401,0.0 -53.3592345,-26.7584305992401,0.0 -53.3592475,-26.7584052992401,0.0 -53.3592551,-26.7583691992401,0.0 -53.359266,-26.7583497992401,0.0 -53.3592726,-26.7583386992401,0.0 -53.3592884,-26.7583131992401,0.0 -53.3593039,-26.7582888992401,0.0 -53.3593202,-26.7582600992401,0.0 -53.3593396,-26.7582266992401,0.0 -53.3593459,-26.7582163992401,0.0 -53.3593526,-26.7582063992401,0.0 -53.359387,-26.7581435992401,0.0 -53.3593938,-26.7581320992401,0.0 -53.3594014,-26.7581184992401,0.0 -53.35941,-26.7581013992401,0.0 -53.359419,-26.7580808992401,0.0 -53.3594351,-26.7580506992401,0.0 -53.3594543,-26.7580035992401,0.0 -53.3594823,-26.7579487992401,0.0 -53.3595023,-26.7579041992401,0.0 -53.3595154,-26.7578795992401,0.0 -53.3595222,-26.7578620992401,0.0 -53.3595346,-26.7578412992401,0.0 -53.3595455,-26.7578264992401,0.0 -53.3595558,-26.7578041992401,0.0 -53.3595699,-26.7577762992401,0.0 -53.359589,-26.7577403992401,0.0 -53.3595968,-26.7577231992401,0.0 -53.3596049,-26.7577043992401,0.0 -53.3596171,-26.7576802992401,0.0 -53.3596246,-26.7576605992401,0.0 -53.3596363,-26.7576350992401,0.0 -53.3596535,-26.7575969992401,0.0 -53.3596654,-26.7575698992401,0.0 -53.3596734,-26.7575508992401,0.0 -53.3596844,-26.7575233992401,0.0 -53.3596914,-26.7575052992401,0.0 -53.3597021,-26.7574764992401,0.0 -53.3597154,-26.7574467992401,0.0 -53.3597216,-26.7574316992401,0.0 -53.3597316,-26.7574023992401,0.0 -53.3597367,-26.7573867992401,0.0 -53.3597435,-26.7573598992401,0.0 -53.3597519,-26.7573321992401,0.0 -53.3597555,-26.7573203992402,0.0 -53.3597624,-26.7572936992402,0.0 -53.3597667,-26.7572698992401,0.0 -53.3597704,-26.7572518992401,0.0 -53.3597786,-26.7572295992401,0.0 -53.3597906,-26.7572025992401,0.0 -53.35986,-26.7570145992402,0.0 -53.3598717,-26.7569849992402,0.0 -53.3598945,-26.7569224992402,0.0 -53.3599035,-26.7569029992402,0.0 -53.359916,-26.7568724992402,0.0 -53.3599204,-26.7568608992402,0.0 -53.3599274,-26.7568460992402,0.0 -53.3599408,-26.7568167992402,0.0 -53.3599567,-26.7567846992402,0.0 -53.35997,-26.7567578992401,0.0 -53.3599844,-26.7567272992402,0.0 -53.3599954,-26.7567037992402,0.0 -53.360003,-26.7566863992402,0.0 -53.3600157,-26.7566608992402,0.0 -53.3600192,-26.7566535992402,0.0 -53.360028,-26.7566384992402,0.0 -53.3600335,-26.7566251992402,0.0 -53.3600446,-26.7566031992402,0.0 -53.3600725,-26.7565411992402,0.0 -53.3600954,-26.7564872992402,0.0 -53.3601045,-26.7564696992402,0.0 -53.3601188,-26.7564418992402,0.0 -53.3601359,-26.7564063992402,0.0 -53.3601658,-26.7563532992402,0.0 -53.3601758,-26.7563339992402,0.0 -53.3601822,-26.7563184992402,0.0 -53.3601888,-26.7562994992402,0.0 -53.3602031,-26.7562762992402,0.0 -53.3602114,-26.7562580992402,0.0 -53.360238,-26.7562171992402,0.0 -53.3602471,-26.7562021992402,0.0 -53.3602575,-26.7561867992402,0.0 -53.3602667,-26.7561743992402,0.0 -53.3602756,-26.7561586992402,0.0 -53.360293,-26.7561395992402,0.0 -53.3602995,-26.7561309992402,0.0 -53.360306,-26.7561206992402,0.0 -53.3603122,-26.7561082992402,0.0 -53.3603387,-26.7560661992402,0.0 -53.3603448,-26.7560521992402,0.0 -53.3603598,-26.7560305992402,0.0 -53.3603823,-26.7559852992402,0.0 -53.3603972,-26.7559628992402,0.0 -53.3604117,-26.7559397992402,0.0 -53.3604311,-26.7559047992402,0.0 -53.3604443,-26.7558803992402,0.0 -53.3604736,-26.7558307992402,0.0 -53.360486,-26.7558065992402,0.0 -53.3604964,-26.7557833992402,0.0 -53.3605156,-26.7557418992402,0.0 -53.3605254,-26.7557189992402,0.0 -53.3605331,-26.7557043992402,0.0 -53.3605475,-26.7556688992402,0.0 -53.360564,-26.7556392992402,0.0 -53.3605686,-26.7556294992402,0.0 -53.3605774,-26.7556126992402,0.0 -53.360595,-26.7555825992402,0.0 -53.3606041,-26.7555635992402,0.0 -53.3606123,-26.7555482992402,0.0 -53.3606212,-26.7555307992402,0.0 -53.3606296,-26.7555149992402,0.0 -53.3606518,-26.7554702992402,0.0 -53.3606613,-26.7554543992402,0.0 -53.3606715,-26.7554384992402,0.0 -53.3606956,-26.7553863992402,0.0 -53.3607164,-26.7553525992402,0.0 -53.3607279,-26.7553353992402,0.0 -53.3607328,-26.7553243992402,0.0 -53.3607369,-26.7553138992402,0.0 -53.3607438,-26.7552986992402,0.0 -53.3607898,-26.7552341992402,0.0 -53.3608045,-26.7552190992402,0.0 -53.3608227,-26.7551926992402,0.0 -53.3608572,-26.7551584992402,0.0 -53.360865,-26.7551480992402,0.0 -53.3608721,-26.7551394992402,0.0 -53.3608785,-26.7551327992402,0.0 -53.3608959,-26.7551129992402,0.0 -53.3609027,-26.7551037992402,0.0 -53.3609092,-26.7550951992402,0.0 -53.3609178,-26.7550858992402,0.0 -53.3609231,-26.7550775992402,0.0 -53.3609274,-26.7550690992402,0.0 -53.3609311,-26.7550601992402,0.0 -53.3609391,-26.7550498992402,0.0 -53.3609482,-26.7550322992402,0.0 -53.3609716,-26.7550042992402,0.0 -53.3609761,-26.7549962992402,0.0 -53.360986,-26.7549823992402,0.0 -53.3609991,-26.7549658992402,0.0 -53.3610039,-26.7549602992402,0.0 -53.361009,-26.7549553992402,0.0 -53.3610385,-26.7549209992402,0.0 -53.3610559,-26.7549049992402,0.0 -53.3610717,-26.7548880992402,0.0 -53.3610839,-26.7548773992402,0.0 -53.3610905,-26.7548705992402,0.0 -53.3611064,-26.7548551992402,0.0 -53.3611227,-26.7548419992402,0.0 -53.3611515,-26.7548179992402,0.0 -53.3611707,-26.7547983992402,0.0 -53.3611833,-26.7547889992402,0.0 -53.3611959,-26.7547804992402,0.0 -53.3612113,-26.7547658992402,0.0 -53.3612278,-26.7547507992402,0.0 -53.3612716,-26.7547200992402,0.0 -53.3612892,-26.7547026992402,0.0 -53.3612939,-26.7546973992402,0.0 -53.3613085,-26.7546785992402,0.0 -53.3613263,-26.7546642992402,0.0 -53.3613322,-26.7546574992402,0.0 -53.3613566,-26.7546363992402,0.0 -53.3613841,-26.7546078992402,0.0 -53.3613888,-26.7545986992402,0.0 -53.3614204,-26.7545641992402,0.0 -53.3614263,-26.7545512992402,0.0 -53.3614316,-26.7545361992402,0.0 -53.3614458,-26.7545212992402,0.0 -53.3614519,-26.7545122992402,0.0 -53.3614615,-26.7544818992402,0.0 -53.3614751,-26.7544679992402,0.0 -53.3615232,-26.7544058992402,0.0 -53.3615385,-26.7543990992402,0.0 -53.3615702,-26.7543656992402,0.0 -53.3615869,-26.7543552992402,0.0 -53.3616041,-26.7543397992402,0.0 -53.3616211,-26.7543271992402,0.0 -53.361637,-26.7543131992402,0.0 -53.3616693,-26.7542856992402,0.0 -53.3616818,-26.7542731992402,0.0 -53.361697,-26.7542605992402,0.0 -53.361712,-26.7542439992402,0.0 -53.3617422,-26.7542216992402,0.0 -53.3617669,-26.7541930992402,0.0 -53.36178,-26.7541838992402,0.0 -53.3617924,-26.7541745992402,0.0 -53.361805,-26.7541608992402,0.0 -53.3618177,-26.7541477992402,0.0 -53.361831,-26.7541383992402,0.0 -53.3618457,-26.7541258992402,0.0 -53.3618585,-26.7541134992402,0.0 -53.3618729,-26.7541008992402,0.0 -53.3618898,-26.7540885992402,0.0 -53.3619232,-26.7540584992402,0.0 -53.3619409,-26.7540447992402,0.0 -53.3619579,-26.7540304992402,0.0 -53.3619761,-26.7540153992402,0.0 -53.361992,-26.7540026992402,0.0 -53.3620099,-26.7539877992402,0.0 -53.3620494,-26.7539544992402,0.0 -53.3620599,-26.7539488992402,0.0 -53.3620738,-26.7539394992402,0.0 -53.3620945,-26.7539209992402,0.0 -53.3621108,-26.7539084992402,0.0 -53.3621461,-26.7538773992402,0.0 -53.3621833,-26.7538502992402,0.0 -53.3621961,-26.7538403992402,0.0 -53.3622346,-26.7538129992402,0.0 -53.3622929,-26.7537731992402,0.0 -53.3623407,-26.7537396992402,0.0 -53.3623577,-26.7537287992402,0.0 -53.362402,-26.7536993992402,0.0 -53.3624704,-26.7536498992402,0.0 -53.3624871,-26.7536401992402,0.0 -53.3625051,-26.7536289992402,0.0 -53.3625231,-26.7536162992402,0.0 -53.3625468,-26.7536007992402,0.0 -53.3625698,-26.7535872992402,0.0 -53.3626054,-26.7535642992402,0.0 -53.3626215,-26.7535524992402,0.0 -53.362664,-26.7535287992402,0.0 -53.362677,-26.7535173992402,0.0 -53.3626834,-26.7535110992402,0.0 -53.3627037,-26.7535010992402,0.0 -53.3627231,-26.7534924992402,0.0 -53.3627344,-26.7534868992402,0.0 -53.3627511,-26.7534767992402,0.0 -53.3627671,-26.7534683992402,0.0 -53.3628069,-26.7534402992402,0.0 -53.3628334,-26.7534215992402,0.0 -53.3628533,-26.7534081992402,0.0 -53.3628707,-26.7533966992402,0.0 -53.3629079,-26.7533723992402,0.0 -53.3629504,-26.7533460992402,0.0 -53.3629666,-26.7533345992402,0.0 -53.3629898,-26.7533217992402,0.0 -53.3630058,-26.7533118992402,0.0 -53.3630291,-26.7532976992402,0.0 -53.3630748,-26.7532683992402,0.0 -53.3630986,-26.7532519992402,0.0 -53.3631133,-26.7532419992402,0.0 -53.3631362,-26.7532245992402,0.0 -53.3631645,-26.7532042992402,0.0 -53.363185,-26.7531880992402,0.0 -53.3632136,-26.7531693992402,0.0 -53.3632307,-26.7531543992402,0.0 -53.3632454,-26.7531439992402,0.0 -53.363276,-26.7531186992402,0.0 -53.3632916,-26.7531067992402,0.0 -53.3633082,-26.7530949992402,0.0 -53.3633249,-26.7530825992402,0.0 -53.3633421,-26.7530693992402,0.0 -53.3633553,-26.7530613992402,0.0 -53.3633723,-26.7530489992402,0.0 -53.3633863,-26.7530420992402,0.0 -53.3634013,-26.7530315992402,0.0 -53.3634408,-26.7530105992402,0.0 -53.3634666,-26.7529935992402,0.0 -53.3635134,-26.7529663992402,0.0 -53.3636066,-26.7529213992402,0.0 -53.3636524,-26.7528957992402,0.0 -53.3636735,-26.7528833992402,0.0 -53.3637625,-26.7528416992402,0.0 -53.363782,-26.7528313992402,0.0 -53.3638003,-26.7528222992402,0.0 -53.3638166,-26.7528135992402,0.0 -53.3638318,-26.7528048992402,0.0 -53.3638468,-26.7527951992402,0.0 -53.3638977,-26.7527659992402,0.0 -53.3639144,-26.7527545992402,0.0 -53.363931,-26.7527417992402,0.0 -53.3639486,-26.7527326992402,0.0 -53.3639641,-26.7527191992402,0.0 -53.3639817,-26.7527106992402,0.0 -53.3640114,-26.7526863992402,0.0 -53.3640285,-26.7526773992402,0.0 -53.3640421,-26.7526667992402,0.0 -53.3640752,-26.7526471992402,0.0 -53.3640841,-26.7526405992402,0.0 -53.3640944,-26.7526316992402,0.0 -53.3641158,-26.7526101992402,0.0 -53.3641417,-26.7525937992402,0.0 -53.3641558,-26.7525861992402,0.0 -53.3641679,-26.7525755992402,0.0 -53.3641813,-26.7525662992402,0.0 -53.3642204,-26.7525438992402,0.0 -53.3642348,-26.7525357992402,0.0 -53.3642998,-26.7525005992402,0.0 -53.3643492,-26.7524767992402,0.0 -53.3643693,-26.7524664992402,0.0 -53.3643896,-26.7524570992402,0.0 -53.3644534,-26.7524305992402,0.0 -53.364488,-26.7524165992402,0.0 -53.3645015,-26.7524116992402,0.0 -53.3645164,-26.7524047992402,0.0 -53.3645441,-26.7523929992402,0.0 -53.3645735,-26.7523777992402,0.0 -53.3645912,-26.7523709992402,0.0 -53.364608,-26.7523634992402,0.0 -53.3646257,-26.7523566992402,0.0 -53.3646459,-26.7523502992402,0.0 -53.3646645,-26.7523421992402,0.0 -53.3646856,-26.7523360992402,0.0 -53.3647051,-26.7523281992402,0.0 -53.3647444,-26.7523134992402,0.0 -53.364782,-26.7522988992402,0.0 -53.3648012,-26.7522903992402,0.0 -53.3648184,-26.7522811992402,0.0 -53.3648289,-26.7522737992402,0.0 -53.3648416,-26.7522682992403,0.0 -53.3648565,-26.7522596992402,0.0 -53.3648964,-26.7522468992402,0.0 -53.3649136,-26.7522405992402,0.0 -53.3649725,-26.7522074992402,0.0 -53.3649903,-26.7521997992402,0.0 -53.3650062,-26.7521912992402,0.0 -53.3650268,-26.7521806992402,0.0 -53.3650416,-26.7521702992402,0.0 -53.3650624,-26.7521599992402,0.0 -53.3650753,-26.7521478992402,0.0 -53.3650975,-26.7521390992402,0.0 -53.365118,-26.7521295992402,0.0 -53.3651917,-26.7520875992402,0.0 -53.3652108,-26.7520781992403,0.0 -53.3652302,-26.7520723992402,0.0 -53.3652648,-26.7520539992402,0.0 -53.3652866,-26.7520478992403,0.0 -53.3653311,-26.7520194992402,0.0 -53.3653543,-26.7520110992402,0.0 -53.3653697,-26.7520008992402,0.0 -53.3653927,-26.7519896992402,0.0 -53.3654085,-26.7519788992402,0.0 -53.3654269,-26.7519681992403,0.0 -53.3654429,-26.7519558992403,0.0 -53.3654514,-26.7519505992403,0.0 -53.3654855,-26.7519252992403,0.0 -53.3654928,-26.7519176992402,0.0 -53.3655065,-26.7519064992402,0.0 -53.3655167,-26.7518942992403,0.0 -53.3655393,-26.7518649992402,0.0 -53.3655771,-26.7518360992403,0.0 -53.3655944,-26.7518206992403,0.0 -53.3656186,-26.7517911992402,0.0 -53.3656377,-26.7517749992403,0.0 -53.3656513,-26.7517612992403,0.0 -53.3656657,-26.7517492992403,0.0 -53.3656803,-26.7517381992403,0.0 -53.3657006,-26.7517240992402,0.0 -53.3657146,-26.7517139992403,0.0 -53.3657302,-26.7517044992403,0.0 -53.3657476,-26.7516946992403,0.0 -53.3657996,-26.7516607992403,0.0 -53.3658195,-26.7516488992403,0.0 -53.3658612,-26.7516211992403,0.0 -53.3658922,-26.7516042992403,0.0 -53.3659083,-26.7515947992402,0.0 -53.3659263,-26.7515840992403,0.0 -53.3659471,-26.7515729992403,0.0 -53.3659782,-26.7515584992403,0.0 -53.3659916,-26.7515515992403,0.0 -53.3660285,-26.7515301992403,0.0 -53.3660411,-26.7515232992403,0.0 -53.3660542,-26.7515155992403,0.0 -53.3660681,-26.7515056992403,0.0 -53.366088,-26.7514936992403,0.0 -53.3661014,-26.7514829992403,0.0 -53.3661169,-26.7514701992403,0.0 -53.3661359,-26.7514573992403,0.0 -53.3661464,-26.7514488992403,0.0 -53.3661578,-26.7514366992403,0.0 -53.3661691,-26.7514222992403,0.0 -53.3662031,-26.7513952992403,0.0 -53.3662149,-26.7513818992403,0.0 -53.3662263,-26.7513698992403,0.0 -53.3662477,-26.7513490992403,0.0 -53.3662825,-26.7513155992403,0.0 -53.3663,-26.7512973992403,0.0 -53.3663238,-26.7512735992403,0.0 -53.3663603,-26.7512342992403,0.0 -53.3663737,-26.7512188992403,0.0 -53.3663876,-26.7512013992403,0.0 -53.3664199,-26.7511685992403,0.0 -53.3664352,-26.7511511992403,0.0 -53.3664473,-26.7511379992403,0.0 -53.3664617,-26.7511206992403,0.0 -53.3664746,-26.7511060992403,0.0 -53.3664874,-26.7510908992403,0.0 -53.3664977,-26.7510766992403,0.0 -53.3665159,-26.7510509992403,0.0 -53.3665196,-26.7510440992403,0.0 -53.3665264,-26.7510337992403,0.0 -53.3665348,-26.7510227992403,0.0 -53.366548,-26.7510030992403,0.0 -53.3665585,-26.7509882992403,0.0 -53.3665707,-26.7509689992403,0.0 -53.3666041,-26.7509109992403,0.0 -53.3666613,-26.7508152992403,0.0 -53.3666692,-26.7507986992403,0.0 -53.3666763,-26.7507816992403,0.0 -53.3666827,-26.7507655992403,0.0 -53.3666932,-26.7507468992403,0.0 -53.3667048,-26.7507125992403,0.0 -53.3667139,-26.7506944992403,0.0 -53.3667217,-26.7506763992403,0.0 -53.3667309,-26.7506440992403,0.0 -53.3667372,-26.7506262992403,0.0 -53.3667405,-26.7506113992403,0.0 -53.3667445,-26.7505897992403,0.0 -53.3667492,-26.7505751992403,0.0 -53.3667488,-26.7505575992403,0.0 -53.3667474,-26.7505386992403,0.0 -53.3667565,-26.7504732992403,0.0 -53.3667493,-26.7504169992403,0.0 -53.3667484,-26.7504012992403,0.0 -53.3667538,-26.7503584992403,0.0 -53.3667544,-26.7503427992403,0.0 -53.366756,-26.7503252992403,0.0 -53.3667585,-26.7503072992403,0.0 -53.3667615,-26.7502607992403,0.0 -53.3667702,-26.7502227992403,0.0 -53.3667706,-26.7501991992403,0.0 -53.3667702,-26.7501781992403,0.0 -53.3667711,-26.7501532992403,0.0 -53.3667856,-26.7500855992403,0.0 -53.3667891,-26.7500703992403,0.0 -53.366794,-26.7500531992403,0.0 -53.3667971,-26.7500440992403,0.0 -53.3667942,-26.7500131992403,0.0 -53.366797,-26.7500001992403,0.0 -53.3667982,-26.7499839992403,0.0 -53.3667985,-26.7499548992403,0.0 -53.3667966,-26.7499275992403,0.0 -53.3667852,-26.7498574992403,0.0 -53.3667766,-26.7498294992403,0.0 -53.3667668,-26.7498049992403,0.0 -53.3667523,-26.7497863992403,0.0 -53.3667486,-26.7497794992403,0.0 -53.3667391,-26.7497444992403,0.0 -53.3667182,-26.7497149992403,0.0 -53.36671,-26.7496994992403,0.0 -53.3666985,-26.7496602992403,0.0 -53.3666831,-26.7496180992403,0.0 -53.3666562,-26.7495485992403,0.0 -53.3666413,-26.7495148992403,0.0 -53.3666267,-26.7494880992403,0.0 -53.3666089,-26.7494603992403,0.0 -53.3665866,-26.7494308992403,0.0 -53.3665698,-26.7494123992403,0.0 -53.3665517,-26.7493968992403,0.0 -53.366513,-26.7493704992403,0.0 -53.3664421,-26.7493291992403,0.0 -53.366376,-26.7492982992403,0.0 -53.3662298,-26.7492385992403,0.0 -53.3661205,-26.7492016992403,0.0 -53.3660355,-26.7491755992403,0.0 -53.3659402,-26.7491558992403,0.0 -53.3658933,-26.7491503992403,0.0 -53.3658414,-26.7491487992403,0.0 -53.3657377,-26.7491518992403,0.0 -53.3656577,-26.7491573992403,0.0 -53.3655982,-26.7491635992403,0.0 -53.3655704,-26.7491678992403,0.0 -53.3655429,-26.7491741992403,0.0 -53.365435,-26.7492071992403,0.0 -53.3652744,-26.7492481992403,0.0 -53.3652226,-26.7492564992403,0.0 -53.3651449,-26.7492625992403,0.0 -53.3650909,-26.7492730992403,0.0 -53.3650311,-26.7492798992403,0.0 -53.3649501,-26.7493009992403,0.0 -53.3649053,-26.7493090992403,0.0 -53.3646819,-26.7493649992403,0.0 -53.364643,-26.7493706992403,0.0 -53.3646012,-26.7493795992403,0.0 -53.3645549,-26.7493868992403,0.0 -53.3644385,-26.7494087992403,0.0 -53.3643612,-26.7494186992403,0.0 -53.3643075,-26.7494276992403,0.0 -53.364231,-26.7494348992403,0.0 -53.3641038,-26.7494577992403,0.0 -53.3640235,-26.7494742992403,0.0 -53.3639185,-26.7494999992403,0.0 -53.3638766,-26.7495086992403,0.0 -53.363817,-26.7495255992403,0.0 -53.3637431,-26.7495367992403,0.0 -53.3636824,-26.7495551992403,0.0 -53.3636352,-26.7495623992403,0.0 -53.363561,-26.7495805992403,0.0 -53.3635177,-26.7495892992403,0.0 -53.3634568,-26.7495960992403,0.0 -53.3634019,-26.7495984992403,0.0 -53.3633603,-26.7495987992403,0.0 -53.3633083,-26.7495957992403,0.0 -53.3632538,-26.7495964992403,0.0 -53.3631701,-26.7495925992403,0.0 -53.3630571,-26.7495946992403,0.0 -53.3629069,-26.7496033992403,0.0 -53.3628849,-26.7496066992403,0.0 -53.3628483,-26.7496194992403,0.0 -53.3628195,-26.7496232992403,0.0 -53.3627583,-26.7496391992403,0.0 -53.3627402,-26.7496425992403,0.0 -53.3626935,-26.7496453992403,0.0 -53.3625993,-26.7496458992403,0.0 -53.3625694,-26.7496492992403,0.0 -53.3624704,-26.7496651992403,0.0 -53.3624561,-26.7496656992403,0.0 -53.3624235,-26.7496625992403,0.0 -53.3623868,-26.7496648992403,0.0 -53.3623538,-26.7496694992403,0.0 -53.3622898,-26.7496861992403,0.0 -53.3621559,-26.7497027992403,0.0 -53.362117,-26.7497070992403,0.0 -53.3620795,-26.7497126992403,0.0 -53.3620308,-26.7497236992403,0.0 -53.3620128,-26.7497262992403,0.0 -53.3619268,-26.7497238992403,0.0 -53.3618924,-26.7497245992403,0.0 -53.3618587,-26.7497277992403,0.0 -53.3618015,-26.7497379992403,0.0 -53.3617477,-26.7497449992403,0.0 -53.3616969,-26.7497445992403,0.0 -53.3616787,-26.7497459992403,0.0 -53.3616526,-26.7497505992403,0.0 -53.3616257,-26.7497577992403,0.0 -53.3615945,-26.7497677992403,0.0 -53.3615366,-26.7497894992403,0.0 -53.3615003,-26.7497988992403,0.0 -53.3614359,-26.7498043992403,0.0 -53.3614229,-26.7498028992403,0.0 -53.3613928,-26.7497961992403,0.0 -53.3613805,-26.7497956992403,0.0 -53.3612949,-26.7498051992403,0.0 -53.3612606,-26.7498073992403,0.0 -53.3612447,-26.7498104992403,0.0 -53.3612043,-26.7498257992403,0.0 -53.3611865,-26.7498298992403,0.0 -53.3611548,-26.7498292992403,0.0 -53.3610895,-26.7498236992403,0.0 -53.3610195,-26.7498241992403,0.0 -53.3609836,-26.7498303992403,0.0 -53.3608673,-26.7498561992403,0.0 -53.3608505,-26.7498584992403,0.0 -53.3608324,-26.7498576992403,0.0 -53.3607928,-26.7498486992403,0.0 -53.3607785,-26.7498469992403,0.0 -53.3606959,-26.7498440992403,0.0 -53.3606243,-26.7498467992403,0.0 -53.3605444,-26.7498597992403,0.0 -53.3604715,-26.7498579992403,0.0 -53.3604091,-26.7498620992403,0.0 -53.3601982,-26.7498735992403,0.0 -53.3600421,-26.7498693992403,0.0 -53.3599339,-26.7498689992403,0.0 -53.3597807,-26.7498850992403,0.0 -53.3596028,-26.7499241992403,0.0 -53.359252,-26.7500025992403,0.0 -53.3587746,-26.7500708992403,0.0 -53.3583941,-26.7501762992403,0.0 -53.3576932,-26.7504118992403,0.0 -53.3572016,-26.7506676992403,0.0 -53.3566552,-26.7509595992403,0.0 -53.3564488,-26.7510770992403,0.0 -53.3562789,-26.7512198992403,0.0 -53.3560559,-26.7514647992403,0.0 -53.3557797,-26.7517201992402,0.0 -53.3556155,-26.7519037992403,0.0 -53.3554769,-26.7520524992403,0.0 -53.3553273,-26.7521324992402,0.0 -53.3551203,-26.7522487992402,0.0 -53.3549744,-26.7523911992402,0.0 -53.3547493,-26.7526206992402,0.0 -53.3545635,-26.7527613992402,0.0 -53.3544362,-26.7528853992402,0.0 -53.3542892,-26.7530771992402,0.0 -53.3541424,-26.7532312992402,0.0 -53.3537269,-26.7536430992402,0.0 -53.3534902,-26.7538716992402,0.0 -53.3530632,-26.7542501992402,0.0 -53.3526447,-26.7545845992402,0.0 -53.3521623,-26.7549294992402,0.0 -53.3519033,-26.7551015992402,0.0 -53.3516612,-26.7552165992402,0.0 -53.3513426,-26.7552760992402,0.0 -53.3509204,-26.7552884992402,0.0 -53.3505278,-26.7551840992402,0.0 -53.350172,-26.7549084992402,0.0 -53.349995,-26.7547290992402,0.0 -53.3499156,-26.7544875992402,0.0 -53.3499705,-26.7541034992402,0.0 -53.350294,-26.7532583992402,0.0 -53.3506229,-26.7523572992402,0.0 -53.3507967,-26.7520132992403,0.0 -53.350949,-26.7518290992403,0.0 -53.3511376,-26.7516515992403,0.0 -53.3512813,-26.7515258992403,0.0 -53.3513758,-26.7514432992403,0.0 -53.3515575,-26.7511346992403,0.0 -53.3519701,-26.7505899992403,0.0 -53.3524685,-26.7500034992403,0.0 -53.3524859,-26.7499936992403,0.0 -53.3525028,-26.7499763992403,0.0 -53.3525423,-26.7498971992403,0.0 -53.3525575,-26.7498762992403,0.0 -53.352574,-26.7498592992403,0.0 -53.3526013,-26.7498377992403,0.0 -53.3526429,-26.7498099992403,0.0 -53.3526855,-26.7497736992403,0.0 -53.3527419,-26.7497417992403,0.0 -53.352774,-26.7497176992403,0.0 -53.3528118,-26.7496952992403,0.0 -53.3528371,-26.7496747992403,0.0 -53.3528727,-26.7496503992403,0.0 -53.3529083,-26.7496207992403,0.0 -53.3530121,-26.7495447992403,0.0 -53.3530902,-26.7494898992403,0.0 -53.3531615,-26.7494330992403,0.0 -53.3531881,-26.7494080992403,0.0 -53.3532447,-26.7493464992403,0.0 -53.3532691,-26.7493085992403,0.0 -53.3532868,-26.7492884992403,0.0 -53.3533257,-26.7492561992403,0.0 -53.3533923,-26.7491891992403,0.0 -53.3534421,-26.7491489992403,0.0 -53.3535497,-26.7490500992403,0.0 -53.3535981,-26.7490021992403,0.0 -53.3536909,-26.7489045992403,0.0 -53.3537634,-26.7488455992403,0.0 -53.3538119,-26.7488027992403,0.0 -53.3538377,-26.7487708992403,0.0 -53.3538611,-26.7487462992403,0.0 -53.3539093,-26.7486887992403,0.0 -53.3539449,-26.7486275992403,0.0 -53.3540127,-26.7485319992403,0.0 -53.3540651,-26.7484498992403,0.0 -53.3541428,-26.7483351992403,0.0 -53.3542432,-26.7482120992403,0.0 -53.3542814,-26.7481714992403,0.0 -53.3543134,-26.7481322992403,0.0 -53.3543595,-26.7480811992403,0.0 -53.3544141,-26.7480121992403,0.0 -53.3544616,-26.7479383992403,0.0 -53.3544893,-26.7478895992403,0.0 -53.3545192,-26.7478269992403,0.0 -53.3545598,-26.7477345992403,0.0 -53.3546098,-26.7476132992403,0.0 -53.3546504,-26.7474837992403,0.0 -53.3547082,-26.7473434992403,0.0 -53.3547242,-26.7472978992403,0.0 -53.3547359,-26.7472558992403,0.0 -53.3547456,-26.7471980992403,0.0 -53.3547589,-26.7471413992403,0.0 -53.3547613,-26.7470983992403,0.0 -53.3547678,-26.7470631992403,0.0 -53.3547732,-26.7470025992403,0.0 -53.3547907,-26.7468621992403,0.0 -53.3548022,-26.7468109992404,0.0 -53.3548224,-26.7467396992404,0.0 -53.3548299,-26.7467019992404,0.0 -53.3548321,-26.7466722992404,0.0 -53.3548357,-26.7464557992404,0.0 -53.3548296,-26.7463755992404,0.0 -53.3548282,-26.7463085992404,0.0 -53.3548227,-26.7462567992404,0.0 -53.3548202,-26.7462002992404,0.0 -53.3548117,-26.7460987992404,0.0 -53.3548023,-26.7460101992404,0.0 -53.3547919,-26.7458837992404,0.0 -53.3547831,-26.7458105992404,0.0 -53.3547711,-26.7457543992404,0.0 -53.3547566,-26.7456615992404,0.0 -53.3547489,-26.7456206992404,0.0 -53.3547239,-26.7455165992404,0.0 -53.3547066,-26.7454276992404,0.0 -53.3546641,-26.7452515992404,0.0 -53.3546422,-26.7451698992404,0.0 -53.3546224,-26.7451109992404,0.0 -53.3546065,-26.7450696992404,0.0 -53.3545924,-26.7450245992404,0.0 -53.3545799,-26.7449636992404,0.0 -53.3545616,-26.7449059992404,0.0 -53.3545355,-26.7447901992404,0.0 -53.3545197,-26.7447319992404,0.0 -53.3544639,-26.7445668992404,0.0 -53.3544408,-26.7445145992404,0.0 -53.3544221,-26.7444656992404,0.0 -53.3544031,-26.7444273992404,0.0 -53.354386,-26.7443882992404,0.0 -53.3543404,-26.7442592992404,0.0 -53.3542839,-26.7441158992404,0.0 -53.3542673,-26.7440615992404,0.0 -53.3542523,-26.7440224992404,0.0 -53.3542349,-26.7439684992404,0.0 -53.3542075,-26.7439063992404,0.0 -53.3541907,-26.7438634992404,0.0 -53.3541442,-26.7437611992404,0.0 -53.354048,-26.7435720992404,0.0 -53.3540294,-26.7435287992404,0.0 -53.3540232,-26.7435047992404,0.0 -53.354018,-26.7434376992404,0.0 -53.3540035,-26.7433973992404,0.0 -53.3539892,-26.7433672992404,0.0 -53.3539752,-26.7433421992404,0.0 -53.3539209,-26.7432656992404,0.0 -53.3539111,-26.7432565992404,0.0 -53.3538838,-26.7432402992404,0.0 -53.3538653,-26.7432226992404,0.0 -53.3538415,-26.7432031992404,0.0 -53.3538312,-26.7431920992404,0.0 -53.3538223,-26.7431785992404,0.0 -53.3537287,-26.7430036992404,0.0 -53.3536689,-26.7428650992404,0.0 -53.3536428,-26.7428087992404,0.0 -53.3536106,-26.7427524992404,0.0 -53.3535895,-26.7426985992404,0.0 -53.3535645,-26.7426433992404,0.0 -53.3535379,-26.7425733992404,0.0 -53.3535198,-26.7425107992404,0.0 -53.3535145,-26.7424700992404,0.0 -53.3535025,-26.7424259992404,0.0 -53.3534987,-26.7423820992404,0.0 -53.3534891,-26.7423453992404,0.0 -53.3534777,-26.7423125992404,0.0 -53.3534666,-26.7422839992404,0.0 -53.3534355,-26.7422145992404,0.0 -53.3533688,-26.7420424992404,0.0 -53.3533149,-26.7419148992404,0.0 -53.3532963,-26.7418609992404,0.0 -53.3532895,-26.7418302992404,0.0 -53.3532746,-26.7417775992404,0.0 -53.3532534,-26.7417276992404,0.0 -53.3532316,-26.7416602992405,0.0 -53.3532016,-26.7415898992405,0.0 -53.3531398,-26.7414324992405,0.0 -53.3531261,-26.7413678992405,0.0 -53.3531188,-26.7413405992405,0.0 -53.3530861,-26.7412383992405,0.0 -53.3530325,-26.7411235992405,0.0 -53.3529875,-26.7410382992405,0.0 -53.3529745,-26.7410033992405,0.0 -53.3529564,-26.7409645992405,0.0 -53.3529412,-26.7409205992405,0.0 -53.3529168,-26.7408498992405,0.0 -53.3528972,-26.7407821992405,0.0 -53.3528899,-26.7407453992405,0.0 -53.3528812,-26.7406810992405,0.0 -53.352874,-26.7406425992405,0.0 -53.3528686,-26.7405700992405,0.0 -53.3528581,-26.7404995992405,0.0 -53.3528529,-26.7404071992405,0.0 -53.3528549,-26.7403260992405,0.0 -53.3528676,-26.7401848992405,0.0 -53.3528713,-26.7401107992405,0.0 -53.3528679,-26.7400592992405,0.0 -53.3528691,-26.7399982992405,0.0 -53.35286,-26.7399420992405,0.0 -53.3528582,-26.7398939992405,0.0 -53.3528725,-26.7396621992405,0.0 -53.3528757,-26.7395120992405,0.0 -53.3528732,-26.7394810992405,0.0 -53.3528738,-26.7394482992405,0.0 -53.3528695,-26.7394091992405,0.0 -53.3528723,-26.7393750992405,0.0 -53.3528711,-26.7393299992405,0.0 -53.3528781,-26.7392835992405,0.0 -53.3528843,-26.7392621992405,0.0 -53.3528975,-26.7392318992405,0.0 -53.3529041,-26.7391919992405,0.0 -53.352918,-26.7391626992405,0.0 -53.3529604,-26.7390333992405,0.0 -53.3529838,-26.7389425992405,0.0 -53.3529936,-26.7388955992405,0.0 -53.3530092,-26.7387749992405,0.0 -53.3530304,-26.7386398992405,0.0 -53.3530426,-26.7385918992405,0.0 -53.3530685,-26.7385201992405,0.0 -53.35309,-26.7384656992405,0.0 -53.3531291,-26.7383837992405,0.0 -53.3531668,-26.7382806992405,0.0 -53.3531768,-26.7382614992405,0.0 -53.3531999,-26.7382243992405,0.0 -53.3532188,-26.7382009992405,0.0 -53.3532273,-26.7381877992405,0.0 -53.3532447,-26.7381557992405,0.0 -53.3532651,-26.7381096992405,0.0 -53.3532859,-26.7380505992405,0.0 -53.3532972,-26.7380066992405,0.0 -53.3533058,-26.7379616992405,0.0 -53.3533122,-26.7379062992405,0.0 -53.3533184,-26.7378769992405,0.0 -53.3533299,-26.7378530992405,0.0 -53.3533849,-26.7377671992405,0.0 -53.3533955,-26.7377445992405,0.0 -53.3534047,-26.7377141992405,0.0 -53.3534215,-26.7376467992405,0.0 -53.3534276,-26.7376020992405,0.0 -53.3534337,-26.7375731992405,0.0 -53.3534473,-26.7375319992405,0.0 -53.3534609,-26.7375040992405,0.0 -53.3534798,-26.7374735992405,0.0 -53.3534989,-26.7374468992405,0.0 -53.3535256,-26.7374153992405,0.0 -53.3535357,-26.7374005992405,0.0 -53.3535538,-26.7373588992405,0.0 -53.3535997,-26.7372717992405,0.0 -53.3536292,-26.7371962992405,0.0 -53.3536567,-26.7371096992405,0.0 -53.3536991,-26.7370188992405,0.0 -53.3537263,-26.7369499992405,0.0 -53.3537526,-26.7368709992405,0.0 -53.3537707,-26.7367938992405,0.0 -53.3537869,-26.7367024992406,0.0 -53.35379,-26.7366550992406,0.0 -53.3537947,-26.7366177992406,0.0 -53.3538239,-26.7364659992406,0.0 -53.3538352,-26.7364348992406,0.0 -53.3538857,-26.7363371992406,0.0 -53.3538969,-26.7363089992406,0.0 -53.3539043,-26.7362846992406,0.0 -53.3539089,-26.7362588992406,0.0 -53.3539119,-26.7362283992406,0.0 -53.3539186,-26.7360743992406,0.0 -53.353927,-26.7360223992406,0.0 -53.3539384,-26.7359691992406,0.0 -53.3539571,-26.7358312992406,0.0 -53.3539634,-26.7357491992406,0.0 -53.3539778,-26.7356002992406,0.0 -53.3539846,-26.7355405992406,0.0 -53.3539938,-26.7354893992406,0.0 -53.3539981,-26.7354372992406,0.0 -53.3540056,-26.7353880992406,0.0 -53.354026,-26.7352880992406,0.0 -53.3540394,-26.7352396992406,0.0 -53.3540552,-26.7351701992406,0.0 -53.354063,-26.7351477992406,0.0 -53.3540837,-26.7351016992406,0.0 -53.3541019,-26.7350459992406,0.0 -53.3541273,-26.7349215992406,0.0 -53.3541385,-26.7348270992406,0.0 -53.3541494,-26.7347088992406,0.0 -53.3541495,-26.7346817992406,0.0 -53.354145,-26.7346394992406,0.0 -53.3541465,-26.7345810992406,0.0 -53.3541612,-26.7344073992406,0.0 -53.3542003,-26.7341289992406,0.0 -53.354213,-26.7340547992406,0.0 -53.3542275,-26.7339475992406,0.0 -53.3542433,-26.7338507992406,0.0 -53.354257,-26.7337458992406,0.0 -53.3542685,-26.7335896992406,0.0 -53.3542743,-26.7335499992406,0.0 -53.3542778,-26.7334819992406,0.0 -53.3542884,-26.7334016992406,0.0 -53.3543007,-26.7333355992406,0.0 -53.3543177,-26.7332754992406,0.0 -53.3543346,-26.7331694992406,0.0 -53.3543434,-26.7330910992406,0.0 -53.3543493,-26.7329887992406,0.0 -53.3543461,-26.7327451992406,0.0 -53.3543417,-26.7326384992406,0.0 -53.3543295,-26.7325466992406,0.0 -53.3543113,-26.7324322992406,0.0 -53.3542887,-26.7323177992406,0.0 -53.3542695,-26.7322400992406,0.0 -53.3542593,-26.7321836992406,0.0 -53.3542491,-26.7320919992406,0.0 -53.3542452,-26.7320454992406,0.0 -53.3541619,-26.7317982992406,0.0 -53.354086,-26.7316338992406,0.0 -53.3540295,-26.7314985992406,0.0 -53.353935,-26.7313323992407,0.0 -53.3537974,-26.7311207992407,0.0 -53.3537204,-26.7310087992407,0.0 -53.3535801,-26.7308915992407,0.0 -53.3535231,-26.7308529992407,0.0 -53.3534542,-26.7307659992407,0.0 -53.3533824,-26.7307009992407,0.0 -53.3533259,-26.7306592992407,0.0 -53.3532711,-26.7306219992407,0.0 -53.3531892,-26.7305439992407,0.0 -53.3531539,-26.7304989992407,0.0 -53.3531299,-26.7304464992407,0.0 -53.3531009,-26.7303186992407,0.0 -53.353083,-26.7302425992407,0.0 -53.3530556,-26.7301856992407,0.0 -53.353022,-26.7301421992407,0.0 -53.3529924,-26.7301142992407,0.0 -53.3529556,-26.7301066992407,0.0 -53.3528836,-26.7300940992407,0.0 -53.3528178,-26.7300844992407,0.0 -53.3527669,-26.7300811992407,0.0 -53.3526982,-26.7300842992407,0.0 -53.3526399,-26.7300957992407,0.0 -53.3525299,-26.7301047992407,0.0 -53.3523539,-26.7301107992407,0.0 -53.352298,-26.7301174992407,0.0 -53.3522534,-26.7301264992407,0.0 -53.3522147,-26.7301301992407,0.0 -53.3521744,-26.7301375992407,0.0 -53.3521148,-26.7301456992407,0.0 -53.3521132,-26.7301460992407,0.0 -53.3520624,-26.7301584992407,0.0 -53.3519333,-26.7301993992407,0.0 -53.3518952,-26.7302076992407,0.0 -53.3518477,-26.7302208992407,0.0 -53.3517993,-26.7302305992407,0.0 -53.3517687,-26.7302385992407,0.0 -53.3516996,-26.7302597992407,0.0 -53.3515914,-26.7302981992407,0.0 -53.3515059,-26.7303371992407,0.0 -53.351468,-26.7303527992407,0.0 -53.3514288,-26.7303745992407,0.0 -53.3513101,-26.7304341992407,0.0 -53.3511394,-26.7305160992407,0.0 -53.3510402,-26.7305729992407,0.0 -53.3509751,-26.7306124992407,0.0 -53.3509018,-26.7306665992407,0.0 -53.3508224,-26.7307361992407,0.0 -53.3507836,-26.7307757992407,0.0 -53.3507587,-26.7308061992407,0.0 -53.3507386,-26.7308370992407,0.0 -53.3507279,-26.7308659992407,0.0 -53.3507216,-26.7308766992407,0.0 -53.3506971,-26.7309064992407,0.0 -53.3506659,-26.7309534992407,0.0 -53.3506308,-26.7309935992407,0.0 -53.3506002,-26.7310348992407,0.0 -53.3505851,-26.7310568992407,0.0 -53.350557,-26.7311028992407,0.0 -53.3505221,-26.7311528992407,0.0 -53.3504499,-26.7312498992407,0.0 -53.3504071,-26.7313040992407,0.0 -53.3503727,-26.7313545992406,0.0 -53.3502715,-26.7315185992406,0.0 -53.3502264,-26.7316006992406,0.0 -53.3502001,-26.7316553992406,0.0 -53.3501593,-26.7317645992406,0.0 -53.3501421,-26.7318052992406,0.0 -53.3501309,-26.7318278992406,0.0 -53.3501206,-26.7318423992406,0.0 -53.3500921,-26.7318757992406,0.0 -53.3500685,-26.7318973992406,0.0 -53.350042,-26.7319270992406,0.0 -53.350008,-26.7319762992406,0.0 -53.3499625,-26.7320494992406,0.0 -53.3499344,-26.7321166992406,0.0 -53.3499265,-26.7321406992406,0.0 -53.3499181,-26.7321738992406,0.0 -53.3499143,-26.7322041992406,0.0 -53.3499144,-26.7322111992406,0.0 -53.3499149,-26.7322497992406,0.0 -53.3499132,-26.7322759992406,0.0 -53.3498975,-26.7323628992406,0.0 -53.349879,-26.7324440992406,0.0 -53.3498681,-26.7324782992406,0.0 -53.3498483,-26.7325210992406,0.0 -53.3498341,-26.7325680992406,0.0 -53.3498131,-26.7326169992406,0.0 -53.3498003,-26.7326535992406,0.0 -53.3497641,-26.7327866992406,0.0 -53.3497533,-26.7328325992406,0.0 -53.3497401,-26.7328681992406,0.0 -53.3497283,-26.7329058992406,0.0 -53.3497087,-26.7329684992406,0.0 -53.3496941,-26.7330257992406,0.0 -53.349683,-26.7330610992406,0.0 -53.3496743,-26.7331000992406,0.0 -53.3496547,-26.7331713992406,0.0 -53.3496479,-26.7332052992406,0.0 -53.349622,-26.7332901992406,0.0 -53.3496065,-26.7333583992406,0.0 -53.3496014,-26.7333979992406,0.0 -53.3495999,-26.7334776992406,0.0 -53.349602,-26.7335077992406,0.0 -53.3496095,-26.7335616992406,0.0 -53.3496183,-26.7336825992406,0.0 -53.3496192,-26.7337625992406,0.0 -53.3496176,-26.7337825992406,0.0 -53.3496117,-26.7338139992406,0.0 -53.34961,-26.7338406992406,0.0 -53.3496022,-26.7338673992406,0.0 -53.3496011,-26.7338780992406,0.0 -53.3496035,-26.7339211992406,0.0 -53.3496178,-26.7339970992406,0.0 -53.3496202,-26.7340184992406,0.0 -53.3496199,-26.7340400992406,0.0 -53.3496165,-26.7340711992406,0.0 -53.3496157,-26.7341277992406,0.0 -53.3496182,-26.7342027992406,0.0 -53.3496233,-26.7342455992406,0.0 -53.3496309,-26.7342807992406,0.0 -53.349644,-26.7343234992406,0.0 -53.3496657,-26.7343703992406,0.0 -53.3496743,-26.7344041992406,0.0 -53.3496824,-26.7344548992406,0.0 -53.3496893,-26.7345193992406,0.0 -53.3496914,-26.7346014992406,0.0 -53.3497021,-26.7346990992406,0.0 -53.3497144,-26.7347629992406,0.0 -53.3497337,-26.7348405992406,0.0 -53.3497486,-26.7348814992406,0.0 -53.349773,-26.7349364992406,0.0 -53.3497962,-26.7350066992406,0.0 -53.3498197,-26.7350860992406,0.0 -53.3498475,-26.7351609992406,0.0 -53.3498638,-26.7351974992406,0.0 -53.3498993,-26.7352908992406,0.0 -53.3499386,-26.7353879992406,0.0 -53.3499667,-26.7354709992406,0.0 -53.3500037,-26.7355657992406,0.0 -53.3500262,-26.7356371992406,0.0 -53.3500519,-26.7356877992406,0.0 -53.3500723,-26.7357449992406,0.0 -53.3500943,-26.7357852992406,0.0 -53.3501075,-26.7358170992406,0.0 -53.3501232,-26.7358623992406,0.0 -53.3501349,-26.7359034992406,0.0 -53.3501642,-26.7359936992406,0.0 -53.3501858,-26.7360822992406,0.0 -53.3501979,-26.7361244992406,0.0 -53.3502083,-26.7361718992406,0.0 -53.3502168,-26.7362244992406,0.0 -53.3502283,-26.7363251992406,0.0 -53.3502355,-26.7364101992406,0.0 -53.3502373,-26.7364870992406,0.0 -53.3502367,-26.7365416992406,0.0 -53.3502326,-26.7366115992405,0.0 -53.3502112,-26.7367587992405,0.0 -53.350198,-26.7368337992406,0.0 -53.3501782,-26.7369304992405,0.0 -53.3501721,-26.7369794992405,0.0 -53.3501508,-26.7370514992405,0.0 -53.3501429,-26.7371012992405,0.0 -53.3501312,-26.7371543992405,0.0 -53.3501183,-26.7371952992405,0.0 -53.3501075,-26.7372177992405,0.0 -53.3500956,-26.7372339992405,0.0 -53.3500779,-26.7372536992405,0.0 -53.3500341,-26.7372979992405,0.0 -53.3499729,-26.7373548992405,0.0 -53.3499321,-26.7373988992405,0.0 -53.3499103,-26.7374279992405,0.0 -53.3498363,-26.7375417992405,0.0 -53.3497851,-26.7376132992405,0.0 -53.3497526,-26.7376510992405,0.0 -53.3497247,-26.7376882992405,0.0 -53.3496864,-26.7377288992405,0.0 -53.3496495,-26.7377651992405,0.0 -53.3495721,-26.7378299992405,0.0 -53.3495048,-26.7378778992405,0.0 -53.3494651,-26.7378990992405,0.0 -53.3494285,-26.7379261992405,0.0 -53.3494013,-26.7379424992405,0.0 -53.3493544,-26.7379672992405,0.0 -53.3492561,-26.7380126992405,0.0 -53.349213,-26.7380300992405,0.0 -53.3491727,-26.7380534992405,0.0 -53.3490239,-26.7381220992405,0.0 -53.348976,-26.7381500992405,0.0 -53.3489345,-26.7381642992405,0.0 -53.3488874,-26.7381837992405,0.0 -53.3488226,-26.7382016992405,0.0 -53.3487743,-26.7382119992405,0.0 -53.3487099,-26.7382223992405,0.0 -53.3486163,-26.7382338992405,0.0 -53.3485598,-26.7382366992405,0.0 -53.3484985,-26.7382480992405,0.0 -53.3484795,-26.7382501992405,0.0 -53.348419,-26.7382543992405,0.0 -53.3483943,-26.7382545992405,0.0 -53.3483712,-26.7382539992405,0.0 -53.3483269,-26.7382495992405,0.0 -53.348265,-26.7382466992405,0.0 -53.3481489,-26.7382491992405,0.0 -53.3481017,-26.7382412992405,0.0 -53.348067,-26.7382416992405,0.0 -53.348021,-26.7382300992405,0.0 -53.3479622,-26.7382264992405,0.0 -53.3479029,-26.7382175992405,0.0 -53.3477746,-26.7381907992405,0.0 -53.3477305,-26.7381834992405,0.0 -53.3476707,-26.7381783992405,0.0 -53.3476254,-26.7381814992405,0.0 -53.3475852,-26.7381788992405,0.0 -53.3475334,-26.7381650992405,0.0 -53.3474945,-26.7381628992405,0.0 -53.347482,-26.7381606992405,0.0 -53.3473713,-26.7381329992405,0.0 -53.3473005,-26.7381124992405,0.0 -53.3472545,-26.7381026992405,0.0 -53.3471456,-26.7380653992405,0.0 -53.3470227,-26.7380133992405,0.0 -53.34692,-26.7379665992405,0.0 -53.3467644,-26.7379093992405,0.0 -53.3466482,-26.7378775992405,0.0 -53.3465764,-26.7378662992405,0.0 -53.3464822,-26.7378656992405,0.0 -53.3463855,-26.7378660992405,0.0 -53.3462659,-26.7378511992405,0.0 -53.3462026,-26.7378401992405,0.0 -53.3461681,-26.7378335992405,0.0 -53.3461313,-26.7378316992405,0.0 -53.3460961,-26.7378259992405,0.0 -53.3460615,-26.7378235992405,0.0 -53.3460189,-26.7378167992405,0.0 -53.3459851,-26.7378071992405,0.0 -53.3458816,-26.7377733992405,0.0 -53.3458351,-26.7377616992405,0.0 -53.3457616,-26.7377457992405,0.0 -53.3456544,-26.7377276992405,0.0 -53.3456209,-26.7377232992405,0.0 -53.3455922,-26.7377215992405,0.0 -53.345502,-26.7377204992405,0.0 -53.345442,-26.7377154992405,0.0 -53.3453994,-26.7377066992405,0.0 -53.3452859,-26.7376761992405,0.0 -53.3452199,-26.7376611992405,0.0 -53.3451985,-26.7376577992405,0.0 -53.3451676,-26.7376556992405,0.0 -53.3450651,-26.7376413992405,0.0 -53.3450463,-26.7376366992405,0.0 -53.3450308,-26.7376299992405,0.0 -53.3449783,-26.7375971992405,0.0 -53.3449688,-26.7375927992405,0.0 -53.3449411,-26.7375861992405,0.0 -53.3449028,-26.7375831992405,0.0 -53.3448865,-26.7375844992405,0.0 -53.3448565,-26.7375869992405,0.0 -53.3448322,-26.7375917992405,0.0 -53.3448106,-26.7375979992405,0.0 -53.3447908,-26.7376059992405,0.0 -53.344777,-26.7376135992405,0.0 -53.344741,-26.7376431992405,0.0 -53.3447134,-26.7376588992405,0.0 -53.3446897,-26.7376663992405,0.0 -53.3446178,-26.7376829992405,0.0 -53.3446102,-26.7376846992405,0.0 -53.3445006,-26.7376987992405,0.0 -53.3444457,-26.7377007992405,0.0 -53.3443829,-26.7377141992405,0.0 -53.3443512,-26.7377192992405,0.0 -53.3443005,-26.7377362992405,0.0 -53.3442783,-26.7377408992405,0.0 -53.344188,-26.7377428992405,0.0 -53.3441131,-26.7377499992405,0.0 -53.3440796,-26.7377492992405,0.0 -53.3440412,-26.7377455992405,0.0 -53.3439919,-26.7377494992405,0.0 -53.343958,-26.7377494992405,0.0 -53.3439287,-26.7377520992405,0.0 -53.3438568,-26.7377646992405,0.0 -53.3438058,-26.7377781992405,0.0 -53.3436994,-26.7378010992405,0.0 -53.3436874,-26.7378050992405,0.0 -53.3436715,-26.7378140992405,0.0 -53.3436156,-26.7378543992405,0.0 -53.343585,-26.7378721992405,0.0 -53.3435525,-26.7378961992405,0.0 -53.3434936,-26.7379279992405,0.0 -53.3434368,-26.7379510992405,0.0 -53.343377,-26.7379732992405,0.0 -53.3433389,-26.7379856992405,0.0 -53.3433029,-26.7379948992405,0.0 -53.3432694,-26.7380003992405,0.0 -53.3432314,-26.7379997992405,0.0 -53.3431831,-26.7380044992405,0.0 -53.3430994,-26.7380209992405,0.0 -53.3430756,-26.7380281992405,0.0 -53.3430607,-26.7380307992405,0.0 -53.3429691,-26.7380346992405,0.0 -53.3429262,-26.7380291992405,0.0 -53.3428683,-26.7380122992405,0.0 -53.3428379,-26.7380061992405,0.0 -53.3428053,-26.7380055992405,0.0 -53.3427754,-26.7380102992405,0.0 -53.3427341,-26.7380216992405,0.0 -53.3426997,-26.7380333992405,0.0 -53.3426288,-26.7380764992405,0.0 -53.3426164,-26.7380827992405,0.0 -53.3426033,-26.7380873992405,0.0 -53.3424692,-26.7381114992405,0.0 -53.3423394,-26.7381437992405,0.0 -53.3422333,-26.7381653992405,0.0 -53.3421961,-26.7381745992405,0.0 -53.3421486,-26.7381820992405,0.0 -53.3420971,-26.7381965992405,0.0 -53.3420041,-26.7382270992405,0.0 -53.3419666,-26.7382373992405,0.0 -53.3419145,-26.7382571992405,0.0 -53.3418733,-26.7382694992405,0.0 -53.3418487,-26.7382725992405,0.0 -53.341791,-26.7382743992405,0.0 -53.341747,-26.7382800992405,0.0 -53.3416649,-26.7382951992405,0.0 -53.3415264,-26.7383269992405,0.0 -53.3414993,-26.7383356992405,0.0 -53.3414564,-26.7383586992405,0.0 -53.3414152,-26.7383733992405,0.0 -53.3413682,-26.7383885992405,0.0 -53.3412964,-26.7384061992405,0.0 -53.3411476,-26.7384375992405,0.0 -53.3411057,-26.7384438992405,0.0 -53.3410638,-26.7384479992405,0.0 -53.3409997,-26.7384580992405,0.0 -53.340949,-26.7384688992405,0.0 -53.3409102,-26.7384788992405,0.0 -53.3408703,-26.7384958992405,0.0 -53.3408166,-26.7385120992405,0.0 -53.3407763,-26.7385300992405,0.0 -53.3406902,-26.7385488992405,0.0 -53.3406218,-26.7385660992405,0.0 -53.3405497,-26.7385865992405,0.0 -53.3405178,-26.7385990992405,0.0 -53.34048,-26.7386185992405,0.0 -53.3404677,-26.7386233992405,0.0 -53.3404248,-26.7386305992405,0.0 -53.3403981,-26.7386372992405,0.0 -53.3403557,-26.7386519992405,0.0 -53.3403152,-26.7386680992405,0.0 -53.3402575,-26.7386877992405,0.0 -53.3400691,-26.7387413992405,0.0 -53.3399216,-26.7387880992405,0.0 -53.3398317,-26.7388213992405,0.0 -53.3397851,-26.7388407992405,0.0 -53.3397289,-26.7388599992405,0.0 -53.3397064,-26.7388663992405,0.0 -53.3396616,-26.7388759992405,0.0 -53.3395695,-26.7389036992405,0.0 -53.339543,-26.7389134992405,0.0 -53.3394729,-26.7389433992405,0.0 -53.3394243,-26.7389702992405,0.0 -53.339394,-26.7389803992405,0.0 -53.3393007,-26.7390015992405,0.0 -53.3392065,-26.7390266992405,0.0 -53.3391443,-26.7390363992405,0.0 -53.3391046,-26.7390442992405,0.0 -53.3390311,-26.7390664992405,0.0 -53.3390073,-26.7390720992405,0.0 -53.3389738,-26.7390764992405,0.0 -53.3389381,-26.7390732992405,0.0 -53.3388956,-26.7390770992405,0.0 -53.3388397,-26.7390858992405,0.0 -53.3387812,-26.7391004992405,0.0 -53.3387535,-26.7391098992405,0.0 -53.3387174,-26.7391242992405,0.0 -53.3386,-26.7391759992405,0.0 -53.3385696,-26.7391934992405,0.0 -53.3385411,-26.7392069992405,0.0 -53.3385136,-26.7392221992405,0.0 -53.3384811,-26.7392372992405,0.0 -53.3384192,-26.7392691992405,0.0 -53.3383762,-26.7392876992405,0.0 -53.3382839,-26.7393368992405,0.0 -53.3382587,-26.7393481992405,0.0 -53.3382047,-26.7393623992405,0.0 -53.3381676,-26.7393673992405,0.0 -53.3381458,-26.7393733992405,0.0 -53.3380827,-26.7393959992405,0.0 -53.3380054,-26.7394330992405,0.0 -53.3379717,-26.7394469992405,0.0 -53.3379324,-26.7394588992405,0.0 -53.3378589,-26.7394747992405,0.0 -53.3378175,-26.7394870992405,0.0 -53.3377825,-26.7395009992405,0.0 -53.3377413,-26.7395202992405,0.0 -53.3377195,-26.7395273992405,0.0 -53.3376856,-26.7395356992405,0.0 -53.3376553,-26.7395491992405,0.0 -53.3376158,-26.7395611992405,0.0 -53.3375467,-26.7395888992405,0.0 -53.3375234,-26.7395932992405,0.0 -53.337493,-26.7395947992405,0.0 -53.3374531,-26.7395915992405,0.0 -53.3374094,-26.7396000992405,0.0 -53.3373518,-26.7396197992405,0.0 -53.337291,-26.7396459992405,0.0 -53.3372788,-26.7396525992405,0.0 -53.3372131,-26.7396961992405,0.0 -53.337193,-26.7397066992405,0.0 -53.3371762,-26.7397096992405,0.0 -53.3371468,-26.7397079992405,0.0 -53.3371299,-26.7397093992405,0.0 -53.3370909,-26.7397171992405,0.0 -53.3370559,-26.7397294992405,0.0 -53.3370364,-26.7397386992405,0.0 -53.3370003,-26.7397587992405,0.0 -53.3369391,-26.7398005992405,0.0 -53.3369071,-26.7398188992405,0.0 -53.336859,-26.7398356992405,0.0 -53.3367881,-26.7398637992405,0.0 -53.3365428,-26.7399432992405,0.0 -53.3365041,-26.7399595992405,0.0 -53.3364716,-26.7399760992405,0.0 -53.3364272,-26.7400036992405,0.0 -53.3363989,-26.7400257992405,0.0 -53.3363792,-26.7400387992405,0.0 -53.3363574,-26.7400505992405,0.0 -53.3363041,-26.7400752992405,0.0 -53.3362737,-26.7400931992405,0.0 -53.3362347,-26.7401185992405,0.0 -53.3360756,-26.7402329992405,0.0 -53.335968,-26.7403068992405,0.0 -53.3358998,-26.7403564992405,0.0 -53.3358174,-26.7404224992405,0.0 -53.3357815,-26.7404484992405,0.0 -53.3357082,-26.7405064992405,0.0 -53.335586,-26.7406118992405,0.0 -53.3355531,-26.7406324992405,0.0 -53.3355139,-26.7406468992405,0.0 -53.3355018,-26.7406526992405,0.0 -53.335457,-26.7406810992405,0.0 -53.3353998,-26.7407241992405,0.0 -53.3353496,-26.7407696992405,0.0 -53.3352682,-26.7408562992405,0.0 -53.33524,-26.7408892992405,0.0 -53.335224,-26.7409125992405,0.0 -53.3351971,-26.7409621992405,0.0 -53.3351709,-26.7410009992405,0.0 -53.3351124,-26.7410665992405,0.0 -53.3350788,-26.7411136992405,0.0 -53.3350473,-26.7411450992405,0.0 -53.3350325,-26.7411634992405,0.0 -53.3350106,-26.7412036992405,0.0 -53.3349723,-26.7412777992405,0.0 -53.3349109,-26.7413638992405,0.0 -53.3348403,-26.7414484992405,0.0 -53.3347704,-26.7415362992405,0.0 -53.3347013,-26.7416165992405,0.0 -53.334658,-26.7416582992404,0.0 -53.3345861,-26.7417174992404,0.0 -53.33452,-26.7417776992405,0.0 -53.3344685,-26.7418294992404,0.0 -53.3344331,-26.7418683992404,0.0 -53.3343248,-26.7419970992404,0.0 -53.3342407,-26.7420976992404,0.0 -53.3341751,-26.7421523992404,0.0 -53.3341511,-26.7421732992404,0.0 -53.334132,-26.7421923992404,0.0 -53.3341057,-26.7422261992404,0.0 -53.3340903,-26.7422499992404,0.0 -53.3340599,-26.7423029992404,0.0 -53.3340457,-26.7423427992404,0.0 -53.3340284,-26.7423667992404,0.0 -53.3339828,-26.7424075992404,0.0 -53.33395,-26.7424291992404,0.0 -53.3339032,-26.7424685992404,0.0 -53.3338808,-26.7424924992404,0.0 -53.3338605,-26.7425185992404,0.0 -53.3338235,-26.7425608992404,0.0 -53.333816,-26.7425753992404,0.0 -53.3338092,-26.7426081992404,0.0 -53.3337808,-26.7426674992404,0.0 -53.3337058,-26.7427747992404,0.0 -53.3336702,-26.7428359992404,0.0 -53.3336421,-26.7428790992404,0.0 -53.3336336,-26.7428878992404,0.0 -53.3336185,-26.7428974992404,0.0 -53.3335933,-26.7429090992404,0.0 -53.3335645,-26.7429198992404,0.0 -53.3335577,-26.7429240992404,0.0 -53.3335302,-26.7429555992404,0.0 -53.3335064,-26.7429704992404,0.0 -53.3334623,-26.7430058992404,0.0 -53.3334154,-26.7430626992404,0.0 -53.3333966,-26.7430903992404,0.0 -53.3333804,-26.7431183992404,0.0 -53.3333541,-26.7431761992404,0.0 -53.3333191,-26.7432405992404,0.0 -53.3333128,-26.7432577992404,0.0 -53.3333033,-26.7433038992404,0.0 -53.3332904,-26.7433358992404,0.0 -53.3332775,-26.7433569992404,0.0 -53.333257,-26.7433839992404,0.0 -53.3332216,-26.7434249992404,0.0 -53.3331657,-26.7434849992404,0.0 -53.3331255,-26.7435192992404,0.0 -53.3330751,-26.7435700992404,0.0 -53.332993,-26.7436687992404,0.0 -53.3329705,-26.7436923992404,0.0 -53.3329479,-26.7437122992404,0.0 -53.3329323,-26.7437359992404,0.0 -53.332923,-26.7437473992404,0.0 -53.3328684,-26.7437916992404,0.0 -53.3328355,-26.7438204992404,0.0 -53.3328095,-26.7438451992404,0.0 -53.3327768,-26.7438820992404,0.0 -53.3327569,-26.7439012992404,0.0 -53.3327247,-26.7439252992404,0.0 -53.3326986,-26.7439550992404,0.0 -53.3326842,-26.7439740992404,0.0 -53.3326569,-26.7440188992404,0.0 -53.3326409,-26.7440602992404,0.0 -53.3326148,-26.7441062992404,0.0 -53.3326115,-26.7441165992404,0.0 -53.3326052,-26.7441510992404,0.0 -53.3325938,-26.7441760992404,0.0 -53.332489,-26.7443321992404,0.0 -53.3324595,-26.7443808992404,0.0 -53.3324204,-26.7444537992404,0.0 -53.332392,-26.7445184992404,0.0 -53.3323715,-26.7445835992404,0.0 -53.3323581,-26.7446390992404,0.0 -53.3323536,-26.7446783992404,0.0 -53.3323408,-26.7447434992404,0.0 -53.3323272,-26.7448035992404,0.0 -53.332316,-26.7448367992404,0.0 -53.3323063,-26.7448725992404,0.0 -53.3322924,-26.7449014992404,0.0 -53.3322669,-26.7449450992404,0.0 -53.3321971,-26.7450494992404,0.0 -53.3321828,-26.7450733992404,0.0 -53.3321649,-26.7450980992404,0.0 -53.3321395,-26.7451271992404,0.0 -53.332095,-26.7451675992404,0.0 -53.3320846,-26.7451754992404,0.0 -53.3320575,-26.7451919992404,0.0 -53.3320349,-26.7452110992404,0.0 -53.3320034,-26.7452344992404,0.0 -53.3319839,-26.7452553992404,0.0 -53.3319517,-26.7452949992404,0.0 -53.3319218,-26.7453260992404,0.0 -53.331804,-26.7454326992404,0.0 -53.3317543,-26.7454811992404,0.0 -53.3317236,-26.7455074992404,0.0 -53.3316885,-26.7455422992404,0.0 -53.3316188,-26.7455926992404,0.0 -53.3315767,-26.7456277992404,0.0 -53.331562,-26.7456439992404,0.0 -53.3315425,-26.7456729992404,0.0 -53.3315009,-26.7457283992404,0.0 -53.3314409,-26.7458011992404,0.0 -53.3313858,-26.7458505992404,0.0 -53.3313038,-26.7459351992404,0.0 -53.3312384,-26.7459896992404,0.0 -53.3311404,-26.7460892992404,0.0 -53.3311026,-26.7461222992404,0.0 -53.3310667,-26.7461720992404,0.0 -53.3310199,-26.7462180992404,0.0 -53.3309937,-26.7462409992404,0.0 -53.3309672,-26.7462583992404,0.0 -53.3308944,-26.7462947992404,0.0 -53.3308602,-26.7463188992404,0.0 -53.3308074,-26.7463514992404,0.0 -53.3304063,-26.7466285992404,0.0 -53.3303632,-26.7466565992404,0.0 -53.3303153,-26.7466934992404,0.0 -53.3302802,-26.7467175992404,0.0 -53.3301139,-26.7468997992404,0.0 -53.329628,-26.7473497992403,0.0 -53.3294246,-26.7474942992403,0.0 -53.3292127,-26.7476018992403,0.0 -53.3290168,-26.7476561992403,0.0 -53.3288806,-26.7476791992403,0.0 -53.3287417,-26.7476953992403,0.0 -53.3285971,-26.7476907992403,0.0 -53.32845,-26.7476839992403,0.0 -53.3282461,-26.7476757992403,0.0 -53.3281479,-26.7476657992403,0.0 -53.3280365,-26.7476421992403,0.0 -53.3279534,-26.7476111992403,0.0 -53.3279064,-26.7475864992403,0.0 -53.3278541,-26.7475502992403,0.0 -53.3277543,-26.7474593992403,0.0 -53.3277025,-26.7473991992403,0.0 -53.3276703,-26.7473630992403,0.0 -53.3276242,-26.7473267992403,0.0 -53.3275699,-26.7472774992403,0.0 -53.327542,-26.7472465992403,0.0 -53.3275124,-26.7472048992403,0.0 -53.327484,-26.7471578992403,0.0 -53.3274557,-26.7471027992403,0.0 -53.3274413,-26.7470669992403,0.0 -53.3274302,-26.7470304992403,0.0 -53.3274212,-26.7469900992403,0.0 -53.3274122,-26.7469320992403,0.0 -53.3274148,-26.7468660992403,0.0 -53.3274108,-26.7467909992403,0.0 -53.327411,-26.7466903992404,0.0 -53.3274111,-26.7466230992403,0.0 -53.3274094,-26.7465863992404,0.0 -53.3274138,-26.7464743992404,0.0 -53.3274206,-26.7464271992404,0.0 -53.3274284,-26.7463993992404,0.0 -53.327472,-26.7462811992404,0.0 -53.3275187,-26.7461650992404,0.0 -53.3275465,-26.7461051992404,0.0 -53.3275838,-26.7460115992404,0.0 -53.3276287,-26.7459046992404,0.0 -53.3276644,-26.7458025992404,0.0 -53.3276955,-26.7456997992404,0.0 -53.3277435,-26.7455735992404,0.0 -53.3278826,-26.7450845992404,0.0 -53.3280483,-26.7446349992404,0.0 -53.328167,-26.7443602992404,0.0 -53.3283007,-26.7441753992404,0.0 -53.328482,-26.7439920992404,0.0 -53.3286188,-26.7438273992404,0.0 -53.3286935,-26.7437245992404,0.0 -53.3287374,-26.7436796992404,0.0 -53.3287753,-26.7436274992404,0.0 -53.3288103,-26.7435934992404,0.0 -53.3288466,-26.7435406992404,0.0 -53.3288945,-26.7434972992404,0.0 -53.3289287,-26.7434589992404,0.0 -53.3289632,-26.7434166992404,0.0 -53.3289871,-26.7433841992404,0.0 -53.3290073,-26.7433527992404,0.0 -53.3290219,-26.7433264992404,0.0 -53.3290352,-26.7432982992404,0.0 -53.3290504,-26.7432610992404,0.0 -53.3291082,-26.7431374992404,0.0 -53.3291622,-26.7430263992404,0.0 -53.3291784,-26.7429971992404,0.0 -53.3292081,-26.7429579992404,0.0 -53.3292479,-26.7429149992404,0.0 -53.3292887,-26.7428586992404,0.0 -53.3293253,-26.7428153992404,0.0 -53.3294777,-26.7426059992404,0.0 -53.3295483,-26.7424985992404,0.0 -53.3296686,-26.7422989992404,0.0 -53.3296907,-26.7422659992404,0.0 -53.3298142,-26.7421033992404,0.0 -53.3299903,-26.7418818992404,0.0 -53.3301138,-26.7417371992404,0.0 -53.3301968,-26.7416473992405,0.0 -53.3303305,-26.7414939992405,0.0 -53.3303748,-26.7414232992405,0.0 -53.3304331,-26.7413520992405,0.0 -53.3304714,-26.7412891992405,0.0 -53.3305587,-26.7411528992405,0.0 -53.330591,-26.7410979992405,0.0 -53.3307314,-26.7408988992405,0.0 -53.3307578,-26.7408522992405,0.0 -53.3307678,-26.7408112992405,0.0 -53.3307842,-26.7407809992405,0.0 -53.3308248,-26.7407355992405,0.0 -53.3308509,-26.7407008992405,0.0 -53.3308817,-26.7406662992405,0.0 -53.3309219,-26.7406282992405,0.0 -53.3309617,-26.7405853992405,0.0 -53.3309994,-26.7405387992405,0.0 -53.3310333,-26.7404968992405,0.0 -53.3310622,-26.7404526992405,0.0 -53.3310989,-26.7404088992405,0.0 -53.3311061,-26.7403934992405,0.0 -53.3311218,-26.7403445992405,0.0 -53.3311307,-26.7403274992405,0.0 -53.3311835,-26.7402651992405,0.0 -53.3312078,-26.7402418992405,0.0 -53.3312278,-26.7402256992405,0.0 -53.3312495,-26.7402097992405,0.0 -53.3312719,-26.7401959992405,0.0 -53.3312987,-26.7401821992405,0.0 -53.3313297,-26.7401685992405,0.0 -53.3313744,-26.7401522992405,0.0 -53.3314485,-26.7401387992405,0.0 -53.3314603,-26.7401342992405,0.0 -53.3314695,-26.7401286992405,0.0 -53.3315203,-26.7400889992405,0.0 -53.331575,-26.7400428992405,0.0 -53.3316628,-26.7399649992405,0.0 -53.3317338,-26.7398981992405,0.0 -53.3318101,-26.7398332992405,0.0 -53.3318358,-26.7398134992405,0.0 -53.3319348,-26.7397434992405,0.0 -53.3320461,-26.7396550992405,0.0 -53.3320593,-26.7396411992405,0.0 -53.3320901,-26.7395969992405,0.0 -53.332139,-26.7395458992405,0.0 -53.332181,-26.7395065992405,0.0 -53.3322173,-26.7394751992405,0.0 -53.3322638,-26.7394363992405,0.0 -53.3322901,-26.7394163992405,0.0 -53.3323538,-26.7393718992405,0.0 -53.3324702,-26.7393032992405,0.0 -53.3325905,-26.7392213992405,0.0 -53.3326683,-26.7391617992405,0.0 -53.3327585,-26.7390866992405,0.0 -53.3327914,-26.7390546992405,0.0 -53.3328434,-26.7390141992405,0.0 -53.3329139,-26.7389721992405,0.0 -53.3330817,-26.7388765992405,0.0 -53.3331134,-26.7388597992405,0.0 -53.3331465,-26.7388396992405,0.0 -53.3331887,-26.7388196992405,0.0 -53.3332136,-26.7388042992405,0.0 -53.3332338,-26.7387855992405,0.0 -53.3333116,-26.7386921992405,0.0 -53.3333626,-26.7386463992405,0.0 -53.3334065,-26.7386026992405,0.0 -53.3334434,-26.7385699992405,0.0 -53.3334961,-26.7385592992405,0.0 -53.3335386,-26.7385596992405,0.0 -53.3335898,-26.7385622992405,0.0 -53.3336248,-26.7385672992405,0.0 -53.3336612,-26.7385778992405,0.0 -53.3336965,-26.7385929992405,0.0 -53.3337482,-26.7386223992405,0.0 -53.3337787,-26.7386453992405,0.0 -53.3338041,-26.7386706992405,0.0 -53.333847,-26.7386934992405,0.0 -53.3338942,-26.7387043992405,0.0 -53.3339434,-26.7387053992405,0.0 -53.3339731,-26.7386947992405,0.0 -53.3340766,-26.7386112992405,0.0 -53.3342776,-26.7384309992405,0.0 -53.3343849,-26.7383065992405,0.0 -53.3345493,-26.7380477992405,0.0 -53.3347525,-26.7377381992405,0.0 -53.3348962,-26.7374266992405,0.0 -53.3350263,-26.7371558992405,0.0 -53.3350748,-26.7369885992405,0.0 -53.335112,-26.7368571992405,0.0 -53.3351313,-26.7367260992405,0.0 -53.3351346,-26.7365926992405,0.0 -53.3351195,-26.7363403992406,0.0 -53.3351128,-26.7361900992406,0.0 -53.335122,-26.7360703992406,0.0 -53.3351205,-26.7360323992406,0.0 -53.3351226,-26.7359967992406,0.0 -53.3351212,-26.7359555992406,0.0 -53.3351107,-26.7358508992406,0.0 -53.3350946,-26.7357581992406,0.0 -53.3350852,-26.7357188992406,0.0 -53.3350726,-26.7356758992406,0.0 -53.3350578,-26.7356342992406,0.0 -53.3350446,-26.7356079992406,0.0 -53.3350277,-26.7355835992406,0.0 -53.3350092,-26.7355619992406,0.0 -53.3349912,-26.7355366992406,0.0 -53.3349616,-26.7355049992406,0.0 -53.3349554,-26.7354933992406,0.0 -53.3349444,-26.7354640992406,0.0 -53.3349242,-26.7354367992406,0.0 -53.3349108,-26.7354226992406,0.0 -53.3348613,-26.7353790992406,0.0 -53.3348219,-26.7353379992406,0.0 -53.3347933,-26.7353187992406,0.0 -53.3347617,-26.7353012992406,0.0 -53.3347259,-26.7352840992406,0.0 -53.3345395,-26.7352116992406,0.0 -53.3343635,-26.7351317992406,0.0 -53.3343117,-26.7351142992406,0.0 -53.3342548,-26.7351003992406,0.0 -53.3341984,-26.7350921992406,0.0 -53.334144,-26.7350882992406,0.0 -53.3340983,-26.7350896992406,0.0 -53.3340397,-26.7350868992406,0.0 -53.3340045,-26.7350798992406,0.0 -53.3339219,-26.7350564992406,0.0 -53.3338765,-26.7350513992406,0.0 -53.3338116,-26.7350493992406,0.0 -53.333762,-26.7350535992406,0.0 -53.3337147,-26.7350597992406,0.0 -53.3336963,-26.7350601992406,0.0 -53.333688,-26.7350584992406,0.0 -53.3336752,-26.7350531992406,0.0 -53.3336113,-26.7350193992406,0.0 -53.3335704,-26.7350081992406,0.0 -53.3335014,-26.7349861992406,0.0 -53.3334777,-26.7349810992406,0.0 -53.3334431,-26.7349765992406,0.0 -53.3333688,-26.7349758992406,0.0 -53.3333315,-26.7349771992406,0.0 -53.3333032,-26.7349807992406,0.0 -53.3332493,-26.7349881992406,0.0 -53.3331975,-26.7349922992406,0.0 -53.3331089,-26.7349963992406,0.0 -53.3330415,-26.7349976992406,0.0 -53.3329471,-26.7349915992406,0.0 -53.3328645,-26.7349868992406,0.0 -53.3328063,-26.7349763992406,0.0 -53.3327721,-26.7349598992406,0.0 -53.3327506,-26.7349526992406,0.0 -53.3327219,-26.7349463992406,0.0 -53.332697,-26.7349470992406,0.0 -53.3326675,-26.7349548992406,0.0 -53.332635,-26.7349676992406,0.0 -53.3326048,-26.7349815992406,0.0 -53.3325833,-26.7349935992406,0.0 -53.3325505,-26.7350196992406,0.0 -53.3325349,-26.7350275992406,0.0 -53.3325121,-26.7350339992406,0.0 -53.3324377,-26.7350491992406,0.0 -53.3323864,-26.7350658992406,0.0 -53.3323513,-26.7350738992406,0.0 -53.3323376,-26.7350742992406,0.0 -53.3322743,-26.7350690992406,0.0 -53.3322231,-26.7350704992406,0.0 -53.3321874,-26.7350747992406,0.0 -53.3321579,-26.7350802992406,0.0 -53.3321065,-26.7350955992406,0.0 -53.3320694,-26.7351020992406,0.0 -53.3319803,-26.7351058992406,0.0 -53.3318699,-26.7351177992406,0.0 -53.3317152,-26.7351243992406,0.0 -53.3315781,-26.7351346992406,0.0 -53.3314033,-26.7351593992406,0.0 -53.3312855,-26.7351677992406,0.0 -53.3312469,-26.7351718992406,0.0 -53.3312032,-26.7351719992406,0.0 -53.3311391,-26.7351757992406,0.0 -53.3310669,-26.7351839992406,0.0 -53.3309433,-26.7352011992406,0.0 -53.3309137,-26.7352075992406,0.0 -53.3308602,-26.7352225992406,0.0 -53.3308396,-26.7352297992406,0.0 -53.3308213,-26.7352383992406,0.0 -53.3307863,-26.7352591992406,0.0 -53.3307533,-26.7352843992406,0.0 -53.3307118,-26.7353220992406,0.0 -53.3306916,-26.7353469992406,0.0 -53.3306803,-26.7353567992406,0.0 -53.3306276,-26.7353829992406,0.0 -53.3305787,-26.7353974992406,0.0 -53.3305435,-26.7354049992406,0.0 -53.3304943,-26.7354130992406,0.0 -53.3304137,-26.7354206992406,0.0 -53.3303648,-26.7354289992406,0.0 -53.3303288,-26.7354324992406,0.0 -53.3302699,-26.7354412992406,0.0 -53.3302383,-26.7354478992406,0.0 -53.3301891,-26.7354555992406,0.0 -53.3300402,-26.7354734992406,0.0 -53.3299667,-26.7354977992406,0.0 -53.329821,-26.7355593992406,0.0 -53.3296807,-26.7356404992406,0.0 -53.3295282,-26.7356990992406,0.0 -53.3294126,-26.7357433992406,0.0 -53.3292801,-26.7357880992406,0.0 -53.3290312,-26.7358866992406,0.0 -53.3288036,-26.7359874992406,0.0 -53.3286646,-26.7360458992406,0.0 -53.3284667,-26.7361142992406,0.0 -53.3282768,-26.7361658992406,0.0 -53.3279524,-26.7362439992406,0.0 -53.3277391,-26.7362990992406,0.0 -53.3276718,-26.7363137992406,0.0 -53.3275942,-26.7363180992405,0.0 -53.32754,-26.7363113992406,0.0 -53.327415,-26.7362831992406,0.0 -53.3273095,-26.7362424992406,0.0 -53.3272037,-26.7361896992406,0.0 -53.3264603,-26.7358516992406,0.0 -53.3258975,-26.7356161992406,0.0 -53.3257017,-26.7355390992406,0.0 -53.3255888,-26.7354681992406,0.0 -53.3254549,-26.7353642992406,0.0 -53.3253063,-26.7351968992406,0.0 -53.3251172,-26.7349839992406,0.0 -53.3250623,-26.7348574992406,0.0 -53.324989,-26.7346570992406,0.0 -53.3249555,-26.7345466992406,0.0 -53.3249437,-26.7345077992406,0.0 -53.3249438,-26.7343508992406,0.0 -53.3249762,-26.7341972992406,0.0 -53.3249999,-26.7341180992406,0.0 -53.3250027,-26.7341124992406,0.0 -53.325107,-26.7339010992406,0.0 -53.3253056,-26.7337037992406,0.0 -53.3254347,-26.7335620992406,0.0 -53.3254967,-26.7335080992406,0.0 -53.3255447,-26.7334699992406,0.0 -53.3255672,-26.7334550992406,0.0 -53.3256527,-26.7334059992406,0.0 -53.3257182,-26.7333605992406,0.0 -53.3257325,-26.7333477992406,0.0 -53.3257603,-26.7333149992406,0.0 -53.3258159,-26.7332701992406,0.0 -53.325835,-26.7332569992406,0.0 -53.3258756,-26.7332338992406,0.0 -53.3258979,-26.7332192992406,0.0 -53.3259425,-26.7331976992406,0.0 -53.3259883,-26.7331655992406,0.0 -53.3260515,-26.7331127992406,0.0 -53.3260749,-26.7330895992406,0.0 -53.3261184,-26.7330418992406,0.0 -53.3261462,-26.7330048992406,0.0 -53.3261939,-26.7329540992406,0.0 -53.3262101,-26.7329380992406,0.0 -53.3262557,-26.7328990992406,0.0 -53.3263066,-26.7328500992406,0.0 -53.3264041,-26.7327501992406,0.0 -53.3264351,-26.7327170992406,0.0 -53.3264886,-26.7326558992406,0.0 -53.3266147,-26.7325200992406,0.0 -53.326638,-26.7324971992406,0.0 -53.3266847,-26.7324562992406,0.0 -53.3267435,-26.7323893992406,0.0 -53.326781,-26.7323526992406,0.0 -53.3268556,-26.7322718992406,0.0 -53.326942,-26.7321934992406,0.0 -53.3269987,-26.7321474992406,0.0 -53.3270319,-26.7321166992406,0.0 -53.3270828,-26.7320740992406,0.0 -53.3271106,-26.7320487992406,0.0 -53.327164,-26.7319943992406,0.0 -53.3272301,-26.7319183992406,0.0 -53.3272639,-26.7318863992406,0.0 -53.3273058,-26.7318400992406,0.0 -53.327363,-26.7317830992406,0.0 -53.3273948,-26.7317527992406,0.0 -53.3275167,-26.7316450992406,0.0 -53.3275546,-26.7316146992406,0.0 -53.3275788,-26.7315965992407,0.0 -53.3276092,-26.7315765992407,0.0 -53.3277138,-26.7315162992406,0.0 -53.3278178,-26.7314672992406,0.0 -53.3279381,-26.7314070992407,0.0 -53.3279796,-26.7313828992406,0.0 -53.3280406,-26.7313442992407,0.0 -53.3280831,-26.7313212992407,0.0 -53.328113,-26.7313072992407,0.0 -53.3281567,-26.7312908992407,0.0 -53.3281745,-26.7312816992407,0.0 -53.3282025,-26.7312610992407,0.0 -53.3282675,-26.7312032992407,0.0 -53.3283508,-26.7311364992407,0.0 -53.3283668,-26.7311199992407,0.0 -53.3283911,-26.7310885992407,0.0 -53.3284314,-26.7310506992407,0.0 -53.328459,-26.7310284992407,0.0 -53.32849,-26.7310070992407,0.0 -53.328531,-26.7309759992407,0.0 -53.328546,-26.7309670992407,0.0 -53.3285721,-26.7309562992407,0.0 -53.3286107,-26.7309319992407,0.0 -53.3286497,-26.7309205992407,0.0 -53.3286673,-26.7309134992407,0.0 -53.3287813,-26.7308551992407,0.0 -53.3288156,-26.7308360992407,0.0 -53.3288992,-26.7307828992407,0.0 -53.3289861,-26.7307203992407,0.0 -53.3290694,-26.7306679992407,0.0 -53.3291356,-26.7306171992407,0.0 -53.329167,-26.7305954992407,0.0 -53.3292144,-26.7305567992407,0.0 -53.3292591,-26.7305141992407,0.0 -53.3292928,-26.7304787992407,0.0 -53.3293387,-26.7304396992407,0.0 -53.3293759,-26.7304038992407,0.0 -53.3294063,-26.7303781992407,0.0 -53.3294596,-26.7303390992407,0.0 -53.3296007,-26.7302449992407,0.0 -53.3296641,-26.7301981992407,0.0 -53.3297993,-26.7300873992407,0.0 -53.3299188,-26.7299951992407,0.0 -53.3301323,-26.7298240992407,0.0 -53.3303253,-26.7296588992407,0.0 -53.3304208,-26.7295720992407,0.0 -53.3305063,-26.7294917992407,0.0 -53.3307469,-26.7292817992407,0.0 -53.3308447,-26.7292017992407,0.0 -53.3309635,-26.7291133992407,0.0 -53.3309818,-26.7290960992407,0.0 -53.3309946,-26.7290814992407,0.0 -53.331023,-26.7290388992407,0.0 -53.3310612,-26.7290085992407,0.0 -53.3310844,-26.7289841992407,0.0 -53.3311091,-26.7289638992407,0.0 -53.3311397,-26.7289415992407,0.0 -53.3311679,-26.7289251992407,0.0 -53.3312097,-26.7288976992407,0.0 -53.3312619,-26.7288768992407,0.0 -53.3313125,-26.7288475992407,0.0 -53.3313687,-26.7288333992407,0.0 -53.331385,-26.7288262992407,0.0 -53.3314069,-26.7288132992407,0.0 -53.3314506,-26.7287811992407,0.0 -53.3315491,-26.7286976992407,0.0 -53.3315987,-26.7286626992407,0.0 -53.3316882,-26.7286080992407,0.0 -53.3317402,-26.7285637992407,0.0 -53.3317795,-26.7285363992407,0.0 -53.3318135,-26.7285066992407,0.0 -53.331901,-26.7284442992407,0.0 -53.3319464,-26.7284097992407,0.0 -53.3320413,-26.7283270992407,0.0 -53.3320807,-26.7282838992407,0.0 -53.3321022,-26.7282649992407,0.0 -53.3321267,-26.7282507992407,0.0 -53.3322191,-26.7282110992407,0.0 -53.3322368,-26.7282006992407,0.0 -53.3322573,-26.7281861992407,0.0 -53.3322924,-26.7281573992407,0.0 -53.3323298,-26.7281194992407,0.0 -53.3323805,-26.7280742992407,0.0 -53.3324288,-26.7280377992407,0.0 -53.3324688,-26.7280118992407,0.0 -53.3325171,-26.7279676992407,0.0 -53.3325715,-26.7279228992407,0.0 -53.3326022,-26.7278991992407,0.0 -53.332658,-26.7278600992407,0.0 -53.3327879,-26.7277340992407,0.0 -53.3328616,-26.7276748992407,0.0 -53.3329315,-26.7276247992407,0.0 -53.3330004,-26.7275619992407,0.0 -53.3330505,-26.7275247992407,0.0 -53.3330844,-26.7274904992407,0.0 -53.3331144,-26.7274564992407,0.0 -53.333159,-26.7274188992407,0.0 -53.333214,-26.7273774992407,0.0 -53.3332644,-26.7273507992407,0.0 -53.3333177,-26.7273128992407,0.0 -53.3333761,-26.7272794992407,0.0 -53.3335192,-26.7271600992407,0.0 -53.3335602,-26.7271278992407,0.0 -53.3336099,-26.7270916992407,0.0 -53.3336376,-26.7270752992407,0.0 -53.3336949,-26.7270472992407,0.0 -53.3337144,-26.7270348992407,0.0 -53.3337474,-26.7270022992407,0.0 -53.3337831,-26.7269742992407,0.0 -53.3338612,-26.7268981992407,0.0 -53.3339622,-26.7268153992407,0.0 -53.334001,-26.7267705992407,0.0 -53.3340234,-26.7267488992408,0.0 -53.3340381,-26.7267381992407,0.0 -53.3340615,-26.7267252992407,0.0 -53.3340825,-26.7267156992407,0.0 -53.3341361,-26.7266824992407,0.0 -53.3341603,-26.7266567992407,0.0 -53.3342189,-26.7266111992408,0.0 -53.3342608,-26.7265822992407,0.0 -53.3343001,-26.7265617992407,0.0 -53.3343258,-26.7265404992407,0.0 -53.3343626,-26.7265160992407,0.0 -53.3343837,-26.7264964992407,0.0 -53.3344253,-26.7264538992407,0.0 -53.3344858,-26.7263879992407,0.0 -53.3345066,-26.7263672992408,0.0 -53.334589,-26.7262969992407,0.0 -53.3346522,-26.7262471992408,0.0 -53.3346908,-26.7262222992408,0.0 -53.3347233,-26.7262043992407,0.0 -53.3347591,-26.7261874992408,0.0 -53.3348406,-26.7261541992407,0.0 -53.3348722,-26.7261373992408,0.0 -53.3349107,-26.7261060992408,0.0 -53.335005,-26.7260185992408,0.0 -53.3350637,-26.7259735992407,0.0 -53.3351157,-26.7259410992408,0.0 -53.3351988,-26.7258958992408,0.0 -53.3352107,-26.7258930992408,0.0 -53.3352373,-26.7258918992408,0.0 -53.3352609,-26.7258881992408,0.0 -53.3352792,-26.7258830992408,0.0 -53.3352964,-26.7258749992408,0.0 -53.3353513,-26.7258429992408,0.0 -53.3354181,-26.7258086992408,0.0 -53.335473,-26.7257932992408,0.0 -53.3355166,-26.7257924992408,0.0 -53.3355611,-26.7257917992408,0.0 -53.3355941,-26.7257873992408,0.0 -53.3356289,-26.7257843992408,0.0 -53.3356705,-26.7257719992408,0.0 -53.3356999,-26.7257581992408,0.0 -53.335724,-26.7257429992408,0.0 -53.3357418,-26.7257191992408,0.0 -53.3357542,-26.7256852992408,0.0 -53.3357758,-26.7256332992408,0.0 -53.3358292,-26.7255425992408,0.0 -53.3359341,-26.7254673992408,0.0 -53.336068,-26.7253816992408,0.0 -53.336103,-26.7253548992408,0.0 -53.3361527,-26.7253229992408,0.0 -53.3361936,-26.7253008992408,0.0 -53.3362282,-26.7252863992408,0.0 -53.3362629,-26.7252653992408,0.0 -53.3362901,-26.7252441992408,0.0 -53.3363612,-26.7251828992408,0.0 -53.3364026,-26.7251433992408,0.0 -53.3364563,-26.7250980992408,0.0 -53.3364746,-26.7250877992408,0.0 -53.3365168,-26.7250769992408,0.0 -53.3365335,-26.7250691992408,0.0 -53.3365826,-26.7250265992408,0.0 -53.3366142,-26.7250027992408,0.0 -53.3366382,-26.7249823992408,0.0 -53.3366718,-26.7249500992408,0.0 -53.336687,-26.7249319992408,0.0 -53.3366934,-26.7249181992408,0.0 -53.3366996,-26.7248892992408,0.0 -53.3367038,-26.7248775992408,0.0 -53.3367289,-26.7248388992408,0.0 -53.3367426,-26.7248221992408,0.0 -53.3367576,-26.7248071992408,0.0 -53.3367971,-26.7247757992408,0.0 -53.3368156,-26.7247636992408,0.0 -53.3368569,-26.7247447992408,0.0 -53.3369141,-26.7247082992408,0.0 -53.336957,-26.7246852992408,0.0 -53.3369817,-26.7246696992408,0.0 -53.3370046,-26.7246503992408,0.0 -53.3370501,-26.7246010992408,0.0 -53.3370626,-26.7245903992408,0.0 -53.3370757,-26.7245816992408,0.0 -53.3370897,-26.7245748992408,0.0 -53.3371539,-26.7245514992408,0.0 -53.3372092,-26.7245168992408,0.0 -53.3372251,-26.7245095992408,0.0 -53.3372986,-26.7244548992408,0.0 -53.3373584,-26.7244166992408,0.0 -53.3373968,-26.7243952992408,0.0 -53.3374299,-26.7243735992408,0.0 -53.3374728,-26.7243538992408,0.0 -53.3375275,-26.7243219992408,0.0 -53.3375423,-26.7243117992408,0.0 -53.3375854,-26.7242763992408,0.0 -53.3376091,-26.7242611992408,0.0 -53.3376287,-26.7242524992408,0.0 -53.3376531,-26.7242451992408,0.0 -53.337697,-26.7242368992408,0.0 -53.3377728,-26.7242210992408,0.0 -53.3378356,-26.7241780992408,0.0 -53.3378963,-26.7241420992408,0.0 -53.3379111,-26.7241344992408,0.0 -53.3379373,-26.7241239992408,0.0 -53.3380067,-26.7240899992408,0.0 -53.3380603,-26.7240484992408,0.0 -53.3381429,-26.7239943992408,0.0 -53.3382091,-26.7239461992408,0.0 -53.3382348,-26.7239301992408,0.0 -53.3382668,-26.7239129992408,0.0 -53.3383318,-26.7238851992408,0.0 -53.3383897,-26.7238631992408,0.0 -53.3384289,-26.7238518992408,0.0 -53.3384813,-26.7238408992408,0.0 -53.3385247,-26.7238297992408,0.0 -53.338573,-26.7238140992408,0.0 -53.3386232,-26.7237919992408,0.0 -53.3387013,-26.7237497992408,0.0 -53.3387189,-26.7237423992408,0.0 -53.3387368,-26.7237370992408,0.0 -53.3387662,-26.7237336992408,0.0 -53.3388265,-26.7237366992408,0.0 -53.3388775,-26.7237261992408,0.0 -53.3389329,-26.7237031992408,0.0 -53.338988,-26.7236668992408,0.0 -53.3390483,-26.7236437992408,0.0 -53.3391088,-26.7236280992408,0.0 -53.339164,-26.7236254992408,0.0 -53.3392156,-26.7236321992408,0.0 -53.3393428,-26.7236639992408,0.0 -53.3393915,-26.7236685992408,0.0 -53.3394455,-26.7236626992408,0.0 -53.3394987,-26.7236545992408,0.0 -53.3395625,-26.7236373992408,0.0 -53.3395987,-26.7236308992408,0.0 -53.3396182,-26.7236292992408,0.0 -53.3396469,-26.7236298992408,0.0 -53.3397188,-26.7236273992408,0.0 -53.3397662,-26.7236237992408,0.0 -53.33979,-26.7236182992408,0.0 -53.3398486,-26.7235947992408,0.0 -53.3398853,-26.7235828992408,0.0 -53.3399086,-26.7235781992408,0.0 -53.3399559,-26.7235730992408,0.0 -53.3400118,-26.7235610992408,0.0 -53.3400678,-26.7235467992408,0.0 -53.3401823,-26.7235270992408,0.0 -53.3402003,-26.7235274992408,0.0 -53.3402558,-26.7235335992408,0.0 -53.3402986,-26.7235305992408,0.0 -53.3403647,-26.7235195992408,0.0 -53.3403999,-26.7235050992408,0.0 -53.3404259,-26.7234973992408,0.0 -53.3404548,-26.7234906992408,0.0 -53.3404821,-26.7234863992408,0.0 -53.3405151,-26.7234839992408,0.0 -53.3405502,-26.7234850992408,0.0 -53.3406276,-26.7234913992408,0.0 -53.3406945,-26.7235058992408,0.0 -53.3407377,-26.7235062992408,0.0 -53.3407573,-26.7235046992408,0.0 -53.3408189,-26.7234958992408,0.0 -53.3408777,-26.7234954992408,0.0 -53.3409179,-26.7234901992408,0.0 -53.3410496,-26.7234772992408,0.0 -53.3410788,-26.7234722992408,0.0 -53.3411296,-26.7234606992408,0.0 -53.3411594,-26.7234502992408,0.0 -53.3412284,-26.7234212992408,0.0 -53.3412516,-26.7234143992408,0.0 -53.341285,-26.7234092992408,0.0 -53.3413347,-26.7233964992408,0.0 -53.3415086,-26.7233855992408,0.0 -53.3415582,-26.7233789992408,0.0 -53.3415977,-26.7233680992408,0.0 -53.3416577,-26.7233449992408,0.0 -53.341691,-26.7233270992408,0.0 -53.3417335,-26.7233145992408,0.0 -53.3417919,-26.7233030992408,0.0 -53.3418347,-26.7233013992408,0.0 -53.341869,-26.7232951992408,0.0 -53.3419346,-26.7232892992408,0.0 -53.3419672,-26.7232811992408,0.0 -53.3420248,-26.7232554992408,0.0 -53.3420609,-26.7232450992408,0.0 -53.3421086,-26.7232369992408,0.0 -53.3421509,-26.7232345992408,0.0 -53.3422111,-26.7232264992408,0.0 -53.3423113,-26.7232034992408,0.0 -53.3423512,-26.7231904992408,0.0 -53.3423885,-26.7231829992408,0.0 -53.3424121,-26.7231808992408,0.0 -53.342503,-26.7231837992408,0.0 -53.3425553,-26.7231861992408,0.0 -53.3425936,-26.7231908992408,0.0 -53.3426207,-26.7231917992408,0.0 -53.3426614,-26.7231887992408,0.0 -53.3427136,-26.7231805992408,0.0 -53.3427749,-26.7231661992408,0.0 -53.3428438,-26.7231447992408,0.0 -53.3429143,-26.7231178992408,0.0 -53.3429623,-26.7230958992408,0.0 -53.3430537,-26.7230482992408,0.0 -53.3431044,-26.7230260992408,0.0 -53.3431561,-26.7229951992408,0.0 -53.3431934,-26.7229748992408,0.0 -53.3432634,-26.7229307992408,0.0 -53.3433032,-26.7229024992408,0.0 -53.3433545,-26.7228726992408,0.0 -53.343396,-26.7228443992408,0.0 -53.343445,-26.7228135992408,0.0 -53.3435235,-26.7227582992408,0.0 -53.3435837,-26.7227284992408,0.0 -53.3436172,-26.7227099992408,0.0 -53.3436628,-26.7226834992408,0.0 -53.3436951,-26.7226624992408,0.0 -53.3437827,-26.7226013992408,0.0 -53.3438736,-26.7225342992408,0.0 -53.3439122,-26.7225036992408,0.0 -53.3439407,-26.7224789992408,0.0 -53.3439655,-26.7224546992408,0.0 -53.3439868,-26.7224303992408,0.0 -53.3440068,-26.7224038992408,0.0 -53.3440679,-26.7223112992408,0.0 -53.3440917,-26.7222722992408,0.0 -53.3441236,-26.7222286992408,0.0 -53.3441724,-26.7221445992408,0.0 -53.3442317,-26.7220328992408,0.0 -53.3442681,-26.7219696992408,0.0 -53.3443026,-26.7218982992408,0.0 -53.3443174,-26.7218541992408,0.0 -53.3443261,-26.7218184992408,0.0 -53.3443519,-26.7216814992408,0.0 -53.3443573,-26.7216363992408,0.0 -53.3443735,-26.7215443992408,0.0 -53.3443869,-26.7214484992408,0.0 -53.3443916,-26.7214001992408,0.0 -53.3443986,-26.7212934992408,0.0 -53.3443978,-26.7211878992408,0.0 -53.3443907,-26.7211050992409,0.0 -53.344386,-26.7210776992408,0.0 -53.3443635,-26.7210084992409,0.0 -53.3443375,-26.7209387992409,0.0 -53.3443199,-26.7208960992409,0.0 -53.3443037,-26.7208635992409,0.0 -53.3442876,-26.7208219992409,0.0 -53.3442664,-26.7207794992409,0.0 -53.344249,-26.7207390992409,0.0 -53.3441829,-26.7206103992409,0.0 -53.3441317,-26.7205295992409,0.0 -53.3440833,-26.7204631992409,0.0 -53.3440221,-26.7203915992409,0.0 -53.3438381,-26.7201646992409,0.0 -53.3438085,-26.7201159992409,0.0 -53.3437928,-26.7200842992409,0.0 -53.3437757,-26.7200403992409,0.0 -53.3437012,-26.7199139992409,0.0 -53.3435852,-26.7197380992409,0.0 -53.343488,-26.7195857992409,0.0 -53.3434395,-26.7195245992409,0.0 -53.3433984,-26.7194786992409,0.0 -53.3432756,-26.7193643992409,0.0 -53.3432336,-26.7193195992409,0.0 -53.3431878,-26.7192599992409,0.0 -53.3431033,-26.7191363992409,0.0 -53.3430815,-26.7191067992409,0.0 -53.3430596,-26.7190815992409,0.0 -53.342972,-26.7190001992409,0.0 -53.3429264,-26.7189529992409,0.0 -53.3428627,-26.7188707992409,0.0 -53.3427923,-26.7187701992409,0.0 -53.3427723,-26.7187454992409,0.0 -53.3427151,-26.7186861992409,0.0 -53.3426661,-26.7186391992409,0.0 -53.3425592,-26.7185260992409,0.0 -53.3425274,-26.7184951992409,0.0 -53.3424856,-26.7184482992409,0.0 -53.3424455,-26.7183971992409,0.0 -53.342426,-26.7183641992409,0.0 -53.3424026,-26.7183312992409,0.0 -53.342363,-26.7182787992409,0.0 -53.3423155,-26.7182194992409,0.0 -53.3422539,-26.7181520992409,0.0 -53.3422287,-26.7181279992409,0.0 -53.3421477,-26.7180582992409,0.0 -53.3421305,-26.7180403992409,0.0 -53.3421128,-26.7180182992409,0.0 -53.3420856,-26.7179756992409,0.0 -53.342066,-26.7179332992409,0.0 -53.3420508,-26.7178827992409,0.0 -53.342037,-26.7178106992409,0.0 -53.3420278,-26.7177862992409,0.0 -53.3420136,-26.7177605992409,0.0 -53.3419958,-26.7177353992409,0.0 -53.341973,-26.7177090992409,0.0 -53.3419449,-26.7176802992409,0.0 -53.3419119,-26.7176513992409,0.0 -53.341864,-26.7176032992409,0.0 -53.341805,-26.7175371992409,0.0 -53.341774,-26.7174930992409,0.0 -53.3417181,-26.7174245992409,0.0 -53.3416782,-26.7173703992409,0.0 -53.3416323,-26.7172902992409,0.0 -53.3415666,-26.7172039992409,0.0 -53.3415064,-26.7171158992409,0.0 -53.3414774,-26.7170533992409,0.0 -53.3414448,-26.7169900992409,0.0 -53.3413456,-26.7168612992409,0.0 -53.3413343,-26.7168432992409,0.0 -53.3413182,-26.7168130992409,0.0 -53.3412995,-26.7167630992409,0.0 -53.3412171,-26.7166197992409,0.0 -53.3411819,-26.7165711992409,0.0 -53.3411637,-26.7165418992409,0.0 -53.341152,-26.7165203992409,0.0 -53.3411341,-26.7164816992409,0.0 -53.3410983,-26.7164184992409,0.0 -53.3410472,-26.7163141992409,0.0 -53.3410317,-26.7162867992409,0.0 -53.3410206,-26.716270599241,0.0 -53.3410002,-26.7162467992409,0.0 -53.340982,-26.7162215992409,0.0 -53.3409603,-26.7161987992409,0.0 -53.3409415,-26.716173999241,0.0 -53.3409102,-26.7161458992409,0.0 -53.3408925,-26.716126199241,0.0 -53.3408469,-26.7160649992409,0.0 -53.3407751,-26.715984499241,0.0 -53.3406891,-26.715867399241,0.0 -53.3406232,-26.715789099241,0.0 -53.3405785,-26.715727999241,0.0 -53.3405609,-26.715707099241,0.0 -53.3405466,-26.715694999241,0.0 -53.3405305,-26.715684699241,0.0 -53.3405194,-26.715679499241,0.0 -53.340494,-26.715670899241,0.0 -53.3404758,-26.715661099241,0.0 -53.3404497,-26.715642699241,0.0 -53.3404282,-26.715624099241,0.0 -53.3404085,-26.715602599241,0.0 -53.3403782,-26.715560299241,0.0 -53.3403519,-26.715511899241,0.0 -53.340322,-26.715476999241,0.0 -53.3402918,-26.715446899241,0.0 -53.3402204,-26.715385999241,0.0 -53.3401948,-26.715362299241,0.0 -53.3401438,-26.715308099241,0.0 -53.340046,-26.715208699241,0.0 -53.340002,-26.715160599241,0.0 -53.3399489,-26.715105799241,0.0 -53.3399339,-26.715092299241,0.0 -53.3399069,-26.715071599241,0.0 -53.3398776,-26.715052199241,0.0 -53.3398462,-26.715028699241,0.0 -53.3397883,-26.714978699241,0.0 -53.339756,-26.714947599241,0.0 -53.3397041,-26.714891399241,0.0 -53.3396611,-26.714839399241,0.0 -53.3395925,-26.714770799241,0.0 -53.3394887,-26.714683899241,0.0 -53.3394358,-26.714643999241,0.0 -53.3393547,-26.714571099241,0.0 -53.3393208,-26.714538199241,0.0 -53.3392512,-26.714476699241,0.0 -53.3392061,-26.714440499241,0.0 -53.3391769,-26.714419299241,0.0 -53.3390127,-26.714305599241,0.0 -53.338971,-26.714278899241,0.0 -53.3389309,-26.714248999241,0.0 -53.338792,-26.714159799241,0.0 -53.3387561,-26.714129899241,0.0 -53.338694,-26.714069999241,0.0 -53.3386664,-26.714040399241,0.0 -53.3386438,-26.714020699241,0.0 -53.3385802,-26.713977299241,0.0 -53.3385422,-26.713949299241,0.0 -53.338479,-26.713909299241,0.0 -53.3384511,-26.713894499241,0.0 -53.3383576,-26.713854299241,0.0 -53.3382993,-26.713824599241,0.0 -53.3381509,-26.713737199241,0.0 -53.3380477,-26.713671799241,0.0 -53.3379003,-26.713586999241,0.0 -53.3378553,-26.713568899241,0.0 -53.3378232,-26.713551099241,0.0 -53.3377888,-26.713537599241,0.0 -53.337738,-26.713511199241,0.0 -53.3377162,-26.713497799241,0.0 -53.3376183,-26.713430899241,0.0 -53.3375709,-26.713408099241,0.0 -53.3374962,-26.713368999241,0.0 -53.3374514,-26.713348799241,0.0 -53.3373736,-26.713301899241,0.0 -53.3373212,-26.713268299241,0.0 -53.3372555,-26.713222599241,0.0 -53.3372043,-26.713194399241,0.0 -53.3371495,-26.713167399241,0.0 -53.3371102,-26.713150099241,0.0 -53.3370836,-26.713140099241,0.0 -53.3370229,-26.713122199241,0.0 -53.3368866,-26.713086999241,0.0 -53.3368157,-26.713072599241,0.0 -53.3367235,-26.713057499241,0.0 -53.3366338,-26.713047999241,0.0 -53.3365542,-26.713044399241,0.0 -53.3364946,-26.713044999241,0.0 -53.3364225,-26.713054699241,0.0 -53.3363984,-26.713056099241,0.0 -53.3363575,-26.713055499241,0.0 -53.3363225,-26.713052899241,0.0 -53.3362401,-26.713052199241,0.0 -53.3361305,-26.713061199241,0.0 -53.336072,-26.713070199241,0.0 -53.3360482,-26.713075999241,0.0 -53.3360151,-26.713087099241,0.0 -53.3359187,-26.713131099241,0.0 -53.3358547,-26.713148199241,0.0 -53.3358259,-26.713157599241,0.0 -53.3357688,-26.713183999241,0.0 -53.3357337,-26.713203099241,0.0 -53.3357148,-26.713210899241,0.0 -53.3356843,-26.713220799241,0.0 -53.3356421,-26.713231799241,0.0 -53.3355983,-26.713248199241,0.0 -53.3355622,-26.713267999241,0.0 -53.3355209,-26.713300799241,0.0 -53.3354822,-26.713320499241,0.0 -53.3354483,-26.713330899241,0.0 -53.3353472,-26.713350799241,0.0 -53.3352184,-26.713403899241,0.0 -53.335104,-26.713489499241,0.0 -53.3350148,-26.713591699241,0.0 -53.3349993,-26.713619199241,0.0 -53.3349876,-26.713654599241,0.0 -53.3349637,-26.713750799241,0.0 -53.3349497,-26.713788499241,0.0 -53.3349422,-26.713819199241,0.0 -53.3349284,-26.713855899241,0.0 -53.3349222,-26.713878199241,0.0 -53.3349069,-26.713950599241,0.0 -53.3349001,-26.714016599241,0.0 -53.3348996,-26.714055999241,0.0 -53.3348946,-26.714104199241,0.0 -53.3348969,-26.714206799241,0.0 -53.3349098,-26.714299199241,0.0 -53.3349205,-26.714349899241,0.0 -53.334945,-26.714437099241,0.0 -53.3349689,-26.714504899241,0.0 -53.3349938,-26.714557899241,0.0 -53.3350208,-26.714608799241,0.0 -53.3350613,-26.714678999241,0.0 -53.3351118,-26.714779599241,0.0 -53.3351759,-26.714886099241,0.0 -53.3352101,-26.714932999241,0.0 -53.3352994,-26.715045099241,0.0 -53.3354102,-26.715199999241,0.0 -53.3354855,-26.715295799241,0.0 -53.3355204,-26.715336399241,0.0 -53.3355585,-26.715372799241,0.0 -53.3355916,-26.715413499241,0.0 -53.3356523,-26.715475699241,0.0 -53.3357402,-26.715555299241,0.0 -53.3357978,-26.715601299241,0.0 -53.3358331,-26.715633799241,0.0 -53.3358799,-26.715673999241,0.0 -53.3359269,-26.715720499241,0.0 -53.3360391,-26.715824499241,0.0 -53.3361193,-26.715893299241,0.0 -53.3361553,-26.715921999241,0.0 -53.336212,-26.7159840992409,0.0 -53.3362474,-26.716013299241,0.0 -53.3362799,-26.716048299241,0.0 -53.33638,-26.7161356992409,0.0 -53.3364113,-26.716161299241,0.0 -53.3364733,-26.7162072992409,0.0 -53.3365142,-26.7162315992409,0.0 -53.3365444,-26.7162543992409,0.0 -53.3366154,-26.7163114992409,0.0 -53.3366947,-26.7163820992409,0.0 -53.3367798,-26.7164485992409,0.0 -53.3368039,-26.7164732992409,0.0 -53.336829,-26.7164948992409,0.0 -53.3368407,-26.7165072992409,0.0 -53.3369126,-26.7166136992409,0.0 -53.3369321,-26.7166357992409,0.0 -53.336971,-26.7166621992409,0.0 -53.3370001,-26.7166753992409,0.0 -53.3370976,-26.7167371992409,0.0 -53.3371335,-26.7167558992409,0.0 -53.3371835,-26.7168016992409,0.0 -53.3373156,-26.7169843992409,0.0 -53.3373706,-26.7170704992409,0.0 -53.3374231,-26.7171340992409,0.0 -53.3375672,-26.7173215992409,0.0 -53.3376098,-26.7173822992409,0.0 -53.3376353,-26.7174256992409,0.0 -53.3376612,-26.7174637992409,0.0 -53.3377507,-26.7175707992409,0.0 -53.3378166,-26.7176401992409,0.0 -53.3379159,-26.7177553992409,0.0 -53.3379586,-26.7178076992409,0.0 -53.3380122,-26.7178798992409,0.0 -53.3380342,-26.7179139992409,0.0 -53.3380573,-26.7179414992409,0.0 -53.3380896,-26.7179854992409,0.0 -53.3381139,-26.7180237992409,0.0 -53.3381284,-26.7180505992409,0.0 -53.3381878,-26.7181861992409,0.0 -53.3382119,-26.7182518992409,0.0 -53.3382212,-26.7183097992409,0.0 -53.3382343,-26.7183597992409,0.0 -53.3382526,-26.7184614992409,0.0 -53.3382615,-26.7185003992409,0.0 -53.338281,-26.7185740992409,0.0 -53.338298,-26.7186239992409,0.0 -53.3383202,-26.7187127992409,0.0 -53.338339,-26.7187719992409,0.0 -53.3383469,-26.7188125992409,0.0 -53.3383682,-26.7188634992409,0.0 -53.3384133,-26.7189392992409,0.0 -53.3384257,-26.7189671992409,0.0 -53.3384461,-26.7190494992409,0.0 -53.3384582,-26.7190897992409,0.0 -53.33847,-26.7191211992409,0.0 -53.3384793,-26.7191548992409,0.0 -53.3384889,-26.7192126992409,0.0 -53.3385017,-26.7192593992409,0.0 -53.3385064,-26.7192844992409,0.0 -53.3385117,-26.7193563992409,0.0 -53.3385109,-26.7194147992409,0.0 -53.3385123,-26.7194652992409,0.0 -53.3385095,-26.7195411992409,0.0 -53.3385035,-26.7196013992409,0.0 -53.3384968,-26.7196337992409,0.0 -53.3384829,-26.7196748992409,0.0 -53.3384734,-26.7197281992409,0.0 -53.3384596,-26.7197735992409,0.0 -53.3384521,-26.7198147992409,0.0 -53.3384135,-26.7199769992409,0.0 -53.3383987,-26.7200456992409,0.0 -53.3383505,-26.7201936992409,0.0 -53.3383182,-26.7202839992409,0.0 -53.3382895,-26.7203414992409,0.0 -53.3382642,-26.7203795992409,0.0 -53.3382444,-26.7204159992409,0.0 -53.3382191,-26.7204691992409,0.0 -53.3381984,-26.7205180992409,0.0 -53.3381673,-26.7205750992409,0.0 -53.3381329,-26.7206180992409,0.0 -53.3381046,-26.7206471992409,0.0 -53.3380753,-26.7206718992409,0.0 -53.338032,-26.7207005992409,0.0 -53.3380101,-26.7207211992409,0.0 -53.337971,-26.7207711992409,0.0 -53.3379112,-26.7208691992409,0.0 -53.3378979,-26.7208870992409,0.0 -53.3378376,-26.7209493992409,0.0 -53.3377367,-26.7210415992409,0.0 -53.337715,-26.7210581992409,0.0 -53.3376447,-26.7211050992409,0.0 -53.3375535,-26.7211587992409,0.0 -53.3374901,-26.7211987992409,0.0 -53.3374409,-26.7212378992408,0.0 -53.3373972,-26.7212638992409,0.0 -53.3373243,-26.7213000992408,0.0 -53.3372752,-26.7213206992408,0.0 -53.3372369,-26.7213405992409,0.0 -53.3371634,-26.7213743992408,0.0 -53.3369401,-26.7214678992408,0.0 -53.3369209,-26.7214791992408,0.0 -53.3369051,-26.7214909992408,0.0 -53.3368705,-26.7215258992408,0.0 -53.3368503,-26.7215432992408,0.0 -53.3368077,-26.7215698992408,0.0 -53.3367863,-26.7215855992408,0.0 -53.3367609,-26.7215995992408,0.0 -53.3367413,-26.7216073992408,0.0 -53.336601,-26.7216512992408,0.0 -53.3365405,-26.7216760992408,0.0 -53.3364903,-26.7216997992408,0.0 -53.3364026,-26.7217529992408,0.0 -53.3363403,-26.7217831992408,0.0 -53.3362935,-26.7217967992408,0.0 -53.3362677,-26.7218063992408,0.0 -53.3362127,-26.7218300992408,0.0 -53.3361615,-26.7218496992408,0.0 -53.3361461,-26.7218540992408,0.0 -53.3360939,-26.7218628992408,0.0 -53.3360707,-26.7218653992408,0.0 -53.3360157,-26.7218613992408,0.0 -53.3359864,-26.7218622992408,0.0 -53.335933,-26.7218697992408,0.0 -53.3359039,-26.7218766992408,0.0 -53.3358902,-26.7218823992408,0.0 -53.335875,-26.7218924992408,0.0 -53.3358583,-26.7219076992408,0.0 -53.3358374,-26.7219302992408,0.0 -53.3358254,-26.7219388992408,0.0 -53.3357305,-26.7219749992408,0.0 -53.3356301,-26.7220220992408,0.0 -53.3355984,-26.7220320992408,0.0 -53.3355684,-26.7220383992408,0.0 -53.3355418,-26.7220421992408,0.0 -53.3354543,-26.7220507992408,0.0 -53.3353977,-26.7220544992408,0.0 -53.3353661,-26.7220587992408,0.0 -53.3353199,-26.7220689992408,0.0 -53.3352394,-26.7220940992408,0.0 -53.3351475,-26.7221164992408,0.0 -53.3350956,-26.7221241992408,0.0 -53.3349711,-26.7221378992408,0.0 -53.3349459,-26.7221425992408,0.0 -53.3349036,-26.7221535992408,0.0 -53.3348403,-26.7221595992408,0.0 -53.3347784,-26.7221711992408,0.0 -53.3346767,-26.7221814992408,0.0 -53.3345983,-26.7221861992408,0.0 -53.3345398,-26.7221869992408,0.0 -53.3344838,-26.7221835992408,0.0 -53.3343955,-26.7221825992408,0.0 -53.3343362,-26.7221837992408,0.0 -53.3342991,-26.7221866992408,0.0 -53.3342597,-26.7221921992408,0.0 -53.334206,-26.7221923992408,0.0 -53.3341584,-26.7221992992408,0.0 -53.3341064,-26.7222008992408,0.0 -53.3340704,-26.7222061992408,0.0 -53.3340235,-26.7222103992408,0.0 -53.3339563,-26.7222127992408,0.0 -53.3338901,-26.7222109992408,0.0 -53.3338362,-26.7222070992408,0.0 -53.3337788,-26.7222002992408,0.0 -53.3336806,-26.7221858992408,0.0 -53.3335647,-26.7221569992408,0.0 -53.3334927,-26.7221454992408,0.0 -53.3334151,-26.7221353992408,0.0 -53.3333531,-26.7221313992408,0.0 -53.333294,-26.7221335992408,0.0 -53.333217,-26.7221499992408,0.0 -53.3331334,-26.7221917992408,0.0 -53.3330524,-26.7222221992408,0.0 -53.3330004,-26.7222334992408,0.0 -53.3329365,-26.7222353992408,0.0 -53.3328115,-26.7222310992408,0.0 -53.3327962,-26.7222317992408,0.0 -53.3327683,-26.7222373992408,0.0 -53.332687,-26.7222454992408,0.0 -53.3326488,-26.7222516992408,0.0 -53.3326399,-26.7222543992408,0.0 -53.3326256,-26.7222616992408,0.0 -53.3325712,-26.7222881992408,0.0 -53.3325039,-26.7223054992408,0.0 -53.3324532,-26.7223074992408,0.0 -53.332431,-26.7223032992408,0.0 -53.3323814,-26.7222908992408,0.0 -53.3323334,-26.7222813992408,0.0 -53.3321869,-26.7222614992408,0.0 -53.3320689,-26.7222401992408,0.0 -53.3319743,-26.7222196992408,0.0 -53.3319319,-26.7222075992408,0.0 -53.3318979,-26.7222036992408,0.0 -53.3318595,-26.7222017992408,0.0 -53.3317803,-26.7221911992408,0.0 -53.3316391,-26.7221582992408,0.0 -53.3314971,-26.7221178992408,0.0 -53.3314238,-26.7221002992408,0.0 -53.3313706,-26.7220813992408,0.0 -53.3313222,-26.7220667992408,0.0 -53.3312296,-26.7220340992408,0.0 -53.3311702,-26.7220181992408,0.0 -53.33112,-26.7220096992408,0.0 -53.3310752,-26.7219970992408,0.0 -53.331052,-26.7219894992408,0.0 -53.3310345,-26.7219817992408,0.0 -53.3309853,-26.7219526992408,0.0 -53.3309662,-26.7219396992408,0.0 -53.3309377,-26.7219163992408,0.0 -53.3309094,-26.7218961992408,0.0 -53.3308933,-26.7218869992408,0.0 -53.3308482,-26.7218655992408,0.0 -53.3307961,-26.7218309992408,0.0 -53.330749,-26.7218033992408,0.0 -53.3306872,-26.7217603992408,0.0 -53.3306416,-26.7217240992408,0.0 -53.3306186,-26.7217037992408,0.0 -53.3305877,-26.7216720992408,0.0 -53.330539,-26.7216095992408,0.0 -53.3305119,-26.7215657992408,0.0 -53.3304875,-26.7215263992408,0.0 -53.3304703,-26.7214926992408,0.0 -53.3304574,-26.7214630992408,0.0 -53.3304294,-26.7214321992408,0.0 -53.3304181,-26.7214160992409,0.0 -53.3303976,-26.7213810992408,0.0 -53.3303584,-26.7213374992409,0.0 -53.3303263,-26.7212949992408,0.0 -53.3302676,-26.7212430992408,0.0 -53.3302418,-26.7212083992409,0.0 -53.3302189,-26.7211818992409,0.0 -53.3301831,-26.7211473992408,0.0 -53.3301482,-26.7211026992409,0.0 -53.3301142,-26.7210702992408,0.0 -53.3300897,-26.7210405992409,0.0 -53.330039,-26.7209881992409,0.0 -53.3300043,-26.7209476992409,0.0 -53.3299334,-26.7208602992409,0.0 -53.3298786,-26.7207834992409,0.0 -53.329814,-26.7206883992409,0.0 -53.3297887,-26.7206478992409,0.0 -53.3297663,-26.7206051992409,0.0 -53.329755,-26.7205786992409,0.0 -53.3297419,-26.7205398992409,0.0 -53.3297104,-26.7204633992409,0.0 -53.3296702,-26.7203811992409,0.0 -53.3296079,-26.7202701992409,0.0 -53.3295691,-26.7201909992409,0.0 -53.3294896,-26.7200711992409,0.0 -53.3294597,-26.7200174992409,0.0 -53.3294167,-26.7199213992409,0.0 -53.3293743,-26.7198028992409,0.0 -53.3293538,-26.7197525992409,0.0 -53.3293084,-26.7196701992409,0.0 -53.3292776,-26.7196021992409,0.0 -53.3292081,-26.7194259992409,0.0 -53.329172,-26.7193259992409,0.0 -53.3291343,-26.7192060992409,0.0 -53.3291109,-26.7191469992409,0.0 -53.3290845,-26.7190740992409,0.0 -53.3290148,-26.7189192992409,0.0 -53.3289903,-26.7188696992409,0.0 -53.3289701,-26.7188201992409,0.0 -53.3289361,-26.7187278992409,0.0 -53.32891,-26.7186741992409,0.0 -53.3288926,-26.7186287992409,0.0 -53.3288672,-26.7185869992409,0.0 -53.3288471,-26.7185303992409,0.0 -53.3288393,-26.7185004992409,0.0 -53.3288158,-26.7183862992409,0.0 -53.3288012,-26.7183304992409,0.0 -53.3287886,-26.7182910992409,0.0 -53.3287772,-26.7182437992409,0.0 -53.3287532,-26.7181657992409,0.0 -53.3287279,-26.7180644992409,0.0 -53.3287247,-26.7180433992409,0.0 -53.3287237,-26.7180051992409,0.0 -53.3287151,-26.7179586992409,0.0 -53.3287172,-26.7179135992409,0.0 -53.3287126,-26.7178821992409,0.0 -53.328652,-26.7176837992409,0.0 -53.328584,-26.7174380992409,0.0 -53.3285605,-26.7173423992409,0.0 -53.3285469,-26.7172757992409,0.0 -53.3285299,-26.7172127992409,0.0 -53.328512,-26.7171367992409,0.0 -53.328469,-26.7169967992409,0.0 -53.328397,-26.7167809992409,0.0 -53.3283715,-26.7166941992409,0.0 -53.3283038,-26.7164825992409,0.0 -53.3282757,-26.7164022992409,0.0 -53.3282461,-26.7162890992409,0.0 -53.3282012,-26.716150599241,0.0 -53.3281878,-26.7160956992409,0.0 -53.3281824,-26.716052299241,0.0 -53.3281448,-26.7159103992409,0.0 -53.3281263,-26.715860999241,0.0 -53.3280791,-26.715767399241,0.0 -53.3280676,-26.715740599241,0.0 -53.3280057,-26.715555499241,0.0 -53.3280027,-26.715540299241,0.0 -53.3279999,-26.715499299241,0.0 -53.3279902,-26.715450299241,0.0 -53.3279657,-26.715378999241,0.0 -53.327947,-26.715308499241,0.0 -53.3279329,-26.715271499241,0.0 -53.3279088,-26.715226199241,0.0 -53.3278831,-26.715160199241,0.0 -53.3278774,-26.715133999241,0.0 -53.327876,-26.715100599241,0.0 -53.3278714,-26.715078699241,0.0 -53.3278596,-26.715043399241,0.0 -53.3278399,-26.715008899241,0.0 -53.327833,-26.714990499241,0.0 -53.3278219,-26.714944099241,0.0 -53.3278099,-26.714902199241,0.0 -53.3278043,-26.714858099241,0.0 -53.3277977,-26.714824599241,0.0 -53.3277866,-26.714791799241,0.0 -53.3277623,-26.714735699241,0.0 -53.3277502,-26.714693599241,0.0 -53.3277385,-26.714639899241,0.0 -53.3277315,-26.714590299241,0.0 -53.3277231,-26.714554999241,0.0 -53.3276326,-26.714291599241,0.0 -53.3276256,-26.714254099241,0.0 -53.327622,-26.714215599241,0.0 -53.3276166,-26.714180599241,0.0 -53.3276061,-26.714120999241,0.0 -53.3275995,-26.714093499241,0.0 -53.3275877,-26.714066799241,0.0 -53.3275452,-26.714009999241,0.0 -53.3275306,-26.713984999241,0.0 -53.3275012,-26.713916599241,0.0 -53.3274738,-26.713839799241,0.0 -53.3274704,-26.713823399241,0.0 -53.3274699,-26.713810199241,0.0 -53.3274767,-26.713746999241,0.0 -53.327474,-26.713717499241,0.0 -53.3274484,-26.713630699241,0.0 -53.3274394,-26.713595199241,0.0 -53.3274205,-26.713550899241,0.0 -53.3274118,-26.713523799241,0.0 -53.3273857,-26.713371499241,0.0 -53.3273811,-26.713356399241,0.0 -53.3273663,-26.713325199241,0.0 -53.3273563,-26.713297599241,0.0 -53.3273279,-26.713181299241,0.0 -53.3273087,-26.713066599241,0.0 -53.3272846,-26.712982399241,0.0 -53.327278,-26.712899099241,0.0 -53.3272699,-26.712836299241,0.0 -53.3272495,-26.712740599241,0.0 -53.3272383,-26.712709499241,0.0 -53.327204,-26.712656999241,0.0 -53.3271894,-26.712627199241,0.0 -53.3271827,-26.712606999241,0.0 -53.3271796,-26.712583799241,0.0 -53.3271813,-26.712542899241,0.0 -53.3271799,-26.712429899241,0.0 -53.327174,-26.712400899241,0.0 -53.3271536,-26.712342699241,0.0 -53.3271446,-26.712277799241,0.0 -53.3271374,-26.712185299241,0.0 -53.3271417,-26.712141499241,0.0 -53.3271416,-26.712116899241,0.0 -53.3271396,-26.712088099241,0.0 -53.3271327,-26.712039099241,0.0 -53.3271039,-26.711872399241,0.0 -53.3270938,-26.711822699241,0.0 -53.3270676,-26.711741799241,0.0 -53.327046,-26.711659199241,0.0 -53.3270405,-26.711631599241,0.0 -53.3270374,-26.711542799241,0.0 -53.3270326,-26.711487999241,0.0 -53.3270348,-26.711458299241,0.0 -53.3270414,-26.711407799241,0.0 -53.327042,-26.711391099241,0.0 -53.3270389,-26.711363999241,0.0 -53.3270285,-26.711311799241,0.0 -53.3270209,-26.711244499241,0.0 -53.3270192,-26.711190999241,0.0 -53.3270218,-26.711162799241,0.0 -53.327019,-26.711108999241,0.0 -53.327011,-26.7110544992411,0.0 -53.3270029,-26.7109635992411,0.0 -53.3269957,-26.710922599241,0.0 -53.3269895,-26.7108700992411,0.0 -53.3269755,-26.7108114992411,0.0 -53.326958,-26.7107105992411,0.0 -53.326954,-26.7106709992411,0.0 -53.32695,-26.7105957992411,0.0 -53.3269414,-26.7105353992411,0.0 -53.3269403,-26.7105085992411,0.0 -53.3269412,-26.7104567992411,0.0 -53.3269489,-26.7104077992411,0.0 -53.3269488,-26.7103505992411,0.0 -53.3269468,-26.7103202992411,0.0 -53.3269421,-26.7102914992411,0.0 -53.3269362,-26.7102674992411,0.0 -53.3269111,-26.7101994992411,0.0 -53.3269006,-26.7101662992411,0.0 -53.326896,-26.7101415992411,0.0 -53.3268904,-26.7100945992411,0.0 -53.3268891,-26.7100633992411,0.0 -53.3268914,-26.7100356992411,0.0 -53.3268953,-26.7100146992411,0.0 -53.3269083,-26.7099662992411,0.0 -53.326914,-26.7099229992411,0.0 -53.326914,-26.7098629992411,0.0 -53.3269109,-26.7097917992411,0.0 -53.3269075,-26.7097554992411,0.0 -53.3269036,-26.7097321992411,0.0 -53.3268964,-26.7097040992411,0.0 -53.3268827,-26.7096615992411,0.0 -53.3268666,-26.7096224992411,0.0 -53.3268555,-26.7095745992411,0.0 -53.3268535,-26.7095359992411,0.0 -53.3268584,-26.7094820992411,0.0 -53.3268595,-26.7094385992411,0.0 -53.3268558,-26.7093544992411,0.0 -53.3268528,-26.7093207992411,0.0 -53.3268456,-26.7092748992411,0.0 -53.3268449,-26.7092405992411,0.0 -53.3268425,-26.7092175992411,0.0 -53.3268252,-26.7091392992411,0.0 -53.3268037,-26.7090662992411,0.0 -53.3267891,-26.7090227992411,0.0 -53.3267773,-26.7089630992411,0.0 -53.3267583,-26.7087812992411,0.0 -53.3267317,-26.7086179992411,0.0 -53.3267212,-26.7085766992411,0.0 -53.3267157,-26.7085458992411,0.0 -53.3267013,-26.7084874992411,0.0 -53.3266848,-26.7084085992411,0.0 -53.3266822,-26.7083809992411,0.0 -53.3266821,-26.7083357992411,0.0 -53.326661,-26.7080612992411,0.0 -53.3266437,-26.7080015992411,0.0 -53.326632,-26.7079531992411,0.0 -53.326621,-26.7079027992411,0.0 -53.3266173,-26.7078741992411,0.0 -53.326617,-26.7077752992411,0.0 -53.3266156,-26.7077422992411,0.0 -53.3266096,-26.7076675992411,0.0 -53.3266076,-26.7076147992411,0.0 -53.3265978,-26.7075336992411,0.0 -53.3265952,-26.7074895992411,0.0 -53.3265958,-26.7074677992411,0.0 -53.3266014,-26.7074336992411,0.0 -53.3265998,-26.7072986992411,0.0 -53.326596,-26.7072622992411,0.0 -53.3265825,-26.7072089992411,0.0 -53.326574,-26.7071568992411,0.0 -53.3265719,-26.7071248992411,0.0 -53.3265704,-26.7070503992411,0.0 -53.3265656,-26.7069853992411,0.0 -53.3265643,-26.7069270992411,0.0 -53.3265606,-26.7069087992411,0.0 -53.3265324,-26.7068228992411,0.0 -53.3265216,-26.7067805992411,0.0 -53.3265196,-26.7067625992411,0.0 -53.3265191,-26.7066825992411,0.0 -53.3264998,-26.7065675992411,0.0 -53.3264963,-26.7065329992411,0.0 -53.3264869,-26.7064827992411,0.0 -53.3264837,-26.7064739992411,0.0 -53.326465,-26.7064387992411,0.0 -53.3264611,-26.7064230992411,0.0 -53.3264617,-26.7064074992411,0.0 -53.3264663,-26.7063822992411,0.0 -53.3264814,-26.7063385992411,0.0 -53.3264884,-26.7063119992411,0.0 -53.3264943,-26.7062651992411,0.0 -53.3264937,-26.7062429992411,0.0 -53.3264832,-26.7061687992411,0.0 -53.3264919,-26.7061045992411,0.0 -53.3265101,-26.7060372992411,0.0 -53.3265149,-26.7059972992411,0.0 -53.326528,-26.7059323992411,0.0 -53.3265252,-26.7058812992412,0.0 -53.3265277,-26.7058370992412,0.0 -53.3265233,-26.7056934992412,0.0 -53.3265151,-26.7056563992412,0.0 -53.3264961,-26.7055870992412,0.0 -53.326477,-26.7055074992412,0.0 -53.3264667,-26.7054363992412,0.0 -53.3264612,-26.7053809992412,0.0 -53.3264553,-26.7053435992412,0.0 -53.326448,-26.7053139992412,0.0 -53.3264389,-26.7052630992412,0.0 -53.3264328,-26.7052109992412,0.0 -53.3264116,-26.7051393992412,0.0 -53.3264055,-26.7051001992412,0.0 -53.3263872,-26.7050111992412,0.0 -53.3263807,-26.7049287992412,0.0 -53.3263752,-26.7048844992412,0.0 -53.3263669,-26.7047265992412,0.0 -53.3263615,-26.7046824992412,0.0 -53.3263471,-26.7046300992412,0.0 -53.3263198,-26.7045510992412,0.0 -53.326316,-26.7045127992412,0.0 -53.3263019,-26.7044373992412,0.0 -53.3262747,-26.7043362992412,0.0 -53.3262483,-26.7042138992412,0.0 -53.3262331,-26.7041667992412,0.0 -53.3262253,-26.7041353992412,0.0 -53.326198,-26.7040524992412,0.0 -53.3261808,-26.7040152992412,0.0 -53.3261319,-26.7039360992412,0.0 -53.3261125,-26.7038825992412,0.0 -53.3261008,-26.7038591992412,0.0 -53.3260897,-26.7038408992412,0.0 -53.3260758,-26.7038221992412,0.0 -53.3260445,-26.7037863992412,0.0 -53.3260258,-26.7037561992412,0.0 -53.3259891,-26.7037049992412,0.0 -53.325946,-26.7036548992412,0.0 -53.3259189,-26.7036202992412,0.0 -53.3259076,-26.7036038992412,0.0 -53.3258956,-26.7035824992412,0.0 -53.3258798,-26.7035512992412,0.0 -53.3258715,-26.7035312992412,0.0 -53.3258391,-26.7034439992412,0.0 -53.3258257,-26.7034030992412,0.0 -53.3258214,-26.7033797992412,0.0 -53.3258213,-26.7033361992412,0.0 -53.3258181,-26.7033167992412,0.0 -53.3258131,-26.7032997992412,0.0 -53.3257952,-26.7032629992412,0.0 -53.3257622,-26.7032148992412,0.0 -53.325745,-26.7031943992412,0.0 -53.3256855,-26.7031309992412,0.0 -53.325634,-26.7030789992412,0.0 -53.32561,-26.7030516992412,0.0 -53.3255733,-26.7030050992412,0.0 -53.3255422,-26.7029770992412,0.0 -53.325462,-26.7029208992412,0.0 -53.3254141,-26.7028913992412,0.0 -53.3253365,-26.7028509992412,0.0 -53.3252837,-26.7028209992412,0.0 -53.3252302,-26.7027937992412,0.0 -53.3251664,-26.7027684992412,0.0 -53.3250697,-26.7027355992412,0.0 -53.3250539,-26.7027315992412,0.0 -53.3249969,-26.7027215992412,0.0 -53.324933,-26.7027003992412,0.0 -53.324881,-26.7026878992412,0.0 -53.3248494,-26.7026777992412,0.0 -53.3248192,-26.7026654992412,0.0 -53.3247892,-26.7026504992412,0.0 -53.3247669,-26.7026369992412,0.0 -53.3247177,-26.7026027992412,0.0 -53.3246721,-26.7025802992412,0.0 -53.3246557,-26.7025740992412,0.0 -53.3246018,-26.7025566992412,0.0 -53.3245494,-26.7025455992412,0.0 -53.3245209,-26.7025330992412,0.0 -53.3244828,-26.7025128992412,0.0 -53.3244591,-26.7025033992412,0.0 -53.3244352,-26.7024971992412,0.0 -53.3244123,-26.7024940992412,0.0 -53.3243311,-26.7024912992412,0.0 -53.3242578,-26.7024950992412,0.0 -53.3242246,-26.7024950992412,0.0 -53.324167,-26.7024897992412,0.0 -53.3241114,-26.7024911992412,0.0 -53.3240829,-26.7024884992412,0.0 -53.3240302,-26.7024787992412,0.0 -53.323962,-26.7024701992412,0.0 -53.3239201,-26.7024684992412,0.0 -53.323883,-26.7024694992412,0.0 -53.3238283,-26.7024785992412,0.0 -53.3237574,-26.7024841992412,0.0 -53.3236976,-26.7024929992412,0.0 -53.3236662,-26.7025000992412,0.0 -53.3235945,-26.7025215992412,0.0 -53.3235535,-26.7025314992412,0.0 -53.3234573,-26.7025466992412,0.0 -53.3233568,-26.7025589992412,0.0 -53.3233095,-26.7025675992412,0.0 -53.3232739,-26.7025758992412,0.0 -53.3232288,-26.7025916992412,0.0 -53.3231847,-26.7025992992412,0.0 -53.3231398,-26.7026118992412,0.0 -53.3230993,-26.7026262992412,0.0 -53.3230656,-26.7026344992412,0.0 -53.3230125,-26.7026506992412,0.0 -53.3229317,-26.7026785992412,0.0 -53.3229141,-26.7026862992412,0.0 -53.3228895,-26.7027011992412,0.0 -53.3228754,-26.7027125992412,0.0 -53.3228246,-26.7027609992412,0.0 -53.3227715,-26.7028045992412,0.0 -53.3227099,-26.7028613992412,0.0 -53.322701,-26.7028714992412,0.0 -53.3226624,-26.7029248992412,0.0 -53.3226485,-26.7029390992412,0.0 -53.3226245,-26.7029589992412,0.0 -53.3225455,-26.7030165992412,0.0 -53.3225018,-26.7030457992412,0.0 -53.3224536,-26.7030710992412,0.0 -53.3223492,-26.7031407992412,0.0 -53.3223399,-26.7031483992412,0.0 -53.3223232,-26.7031680992412,0.0 -53.3223073,-26.7031840992412,0.0 -53.322267,-26.7032201992412,0.0 -53.3221787,-26.7032680992412,0.0 -53.3221365,-26.7032965992412,0.0 -53.3221013,-26.7033235992412,0.0 -53.3220225,-26.7033961992412,0.0 -53.3220077,-26.7034125992412,0.0 -53.3219833,-26.7034442992412,0.0 -53.3219365,-26.7035164992412,0.0 -53.3219111,-26.7035474992412,0.0 -53.3218944,-26.7035779992412,0.0 -53.3218822,-26.7035960992412,0.0 -53.3218032,-26.7036904992412,0.0 -53.3217747,-26.7037274992412,0.0 -53.321757,-26.7037479992412,0.0 -53.3217374,-26.7037765992412,0.0 -53.3217059,-26.7038153992412,0.0 -53.3214471,-26.7040903992412,0.0 -53.3214339,-26.7041090992412,0.0 -53.3213938,-26.7041823992412,0.0 -53.3213287,-26.7042857992412,0.0 -53.3212983,-26.7043422992412,0.0 -53.3212836,-26.7043653992412,0.0 -53.3212551,-26.7043983992412,0.0 -53.3211896,-26.7044634992412,0.0 -53.3211592,-26.7045023992412,0.0 -53.3211431,-26.7045204992412,0.0 -53.3211164,-26.7045461992412,0.0 -53.321099,-26.7045691992412,0.0 -53.3210755,-26.7046071992412,0.0 -53.3210246,-26.7047059992412,0.0 -53.3209953,-26.7047524992412,0.0 -53.3209188,-26.7048620992412,0.0 -53.3208686,-26.7049249992412,0.0 -53.320746,-26.7050519992412,0.0 -53.3207038,-26.7051072992412,0.0 -53.3206608,-26.7051518992412,0.0 -53.320604,-26.7052063992412,0.0 -53.3205661,-26.7052550992412,0.0 -53.3205298,-26.7053067992412,0.0 -53.3204874,-26.7053849992412,0.0 -53.3204568,-26.7054277992412,0.0 -53.320433,-26.7054693992412,0.0 -53.320425,-26.7054854992412,0.0 -53.3204065,-26.7055307992412,0.0 -53.3203394,-26.7056591992412,0.0 -53.3203192,-26.7056914992412,0.0 -53.3202965,-26.7057202992412,0.0 -53.3202882,-26.7057332992412,0.0 -53.3202773,-26.7057553992412,0.0 -53.3202511,-26.7058165992412,0.0 -53.3201928,-26.7059208992411,0.0 -53.3201642,-26.7059751992412,0.0 -53.3201516,-26.7059940992412,0.0 -53.3201202,-26.7060338992411,0.0 -53.3201109,-26.7060438992411,0.0 -53.3200807,-26.7060695992411,0.0 -53.3200634,-26.7060951992411,0.0 -53.3200376,-26.7061496992411,0.0 -53.3200191,-26.7062056992411,0.0 -53.3200099,-26.7062390992411,0.0 -53.3199955,-26.7062753992411,0.0 -53.3199765,-26.7063160992411,0.0 -53.3199645,-26.7063457992411,0.0 -53.3199445,-26.7063871992411,0.0 -53.3199223,-26.7064238992411,0.0 -53.3198651,-26.7064864992411,0.0 -53.3198411,-26.7065197992411,0.0 -53.3198199,-26.7065678992411,0.0 -53.3198055,-26.7066105992411,0.0 -53.3198002,-26.7066206992411,0.0 -53.3197819,-26.7066475992411,0.0 -53.3197624,-26.7066859992411,0.0 -53.3197477,-26.7067178992411,0.0 -53.3197231,-26.7067815992411,0.0 -53.319698,-26.7068193992411,0.0 -53.3196784,-26.7068421992411,0.0 -53.3196657,-26.7068617992411,0.0 -53.3196057,-26.7069897992411,0.0 -53.3195514,-26.7070666992411,0.0 -53.3195286,-26.7071017992411,0.0 -53.319504,-26.7071566992411,0.0 -53.319479,-26.7072023992411,0.0 -53.3194598,-26.7072417992411,0.0 -53.3194468,-26.7072869992411,0.0 -53.3194306,-26.7073316992411,0.0 -53.3194099,-26.7074167992411,0.0 -53.3193629,-26.7074827992411,0.0 -53.3193452,-26.7075148992411,0.0 -53.3193295,-26.7075356992411,0.0 -53.3193203,-26.7075457992411,0.0 -53.3192989,-26.7075635992411,0.0 -53.3192805,-26.7075823992411,0.0 -53.3192628,-26.7076038992411,0.0 -53.3192383,-26.7076398992411,0.0 -53.3192142,-26.7076839992411,0.0 -53.319199,-26.7077227992411,0.0 -53.3191852,-26.7077503992411,0.0 -53.3191757,-26.7077811992411,0.0 -53.3191312,-26.7079197992411,0.0 -53.3190807,-26.7080217992411,0.0 -53.319003,-26.7080968992411,0.0 -53.3189742,-26.7081231992411,0.0 -53.3189255,-26.7081640992411,0.0 -53.318901,-26.7081872992411,0.0 -53.3188665,-26.7082239992411,0.0 -53.3188436,-26.7082539992411,0.0 -53.318771,-26.7083345992411,0.0 -53.3187281,-26.7083695992411,0.0 -53.3186622,-26.7084273992411,0.0 -53.3186066,-26.7084846992411,0.0 -53.3185757,-26.7085198992411,0.0 -53.3185634,-26.7085311992411,0.0 -53.3185143,-26.7085630992411,0.0 -53.3184434,-26.7086037992411,0.0 -53.3184179,-26.7086235992411,0.0 -53.3183857,-26.7086578992411,0.0 -53.3183262,-26.7087347992411,0.0 -53.3182853,-26.7087818992411,0.0 -53.3182471,-26.7088224992411,0.0 -53.3181888,-26.7088740992411,0.0 -53.31809,-26.7089662992411,0.0 -53.3180578,-26.7090001992411,0.0 -53.3180348,-26.7090311992411,0.0 -53.3180189,-26.7090477992411,0.0 -53.3180054,-26.7090589992411,0.0 -53.3179462,-26.7091000992411,0.0 -53.3179116,-26.7091263992411,0.0 -53.3177657,-26.7092632992411,0.0 -53.3176636,-26.7093471992411,0.0 -53.3176271,-26.7093895992411,0.0 -53.3176074,-26.7094215992411,0.0 -53.31758,-26.7094493992411,0.0 -53.3174891,-26.7095297992411,0.0 -53.3174289,-26.7095721992411,0.0 -53.3173914,-26.7095953992411,0.0 -53.317364,-26.7096161992411,0.0 -53.3173363,-26.7096308992411,0.0 -53.3173094,-26.7096382992411,0.0 -53.3172957,-26.7096454992411,0.0 -53.3172317,-26.7096927992411,0.0 -53.3171619,-26.7097504992411,0.0 -53.3171132,-26.7097872992411,0.0 -53.3170972,-26.7098018992411,0.0 -53.317078,-26.7098251992411,0.0 -53.3170513,-26.7098459992411,0.0 -53.3170293,-26.7098603992411,0.0 -53.3169816,-26.7098879992411,0.0 -53.3169291,-26.7099111992411,0.0 -53.316899,-26.7099327992411,0.0 -53.3168344,-26.7099910992411,0.0 -53.316818,-26.7100108992411,0.0 -53.3168102,-26.7100335992411,0.0 -53.3167897,-26.7101303992411,0.0 -53.3167764,-26.7103013992411,0.0 -53.316772,-26.7103616992411,0.0 -53.3167674,-26.7103880992411,0.0 -53.3167551,-26.7104332992411,0.0 -53.3167506,-26.7104559992411,0.0 -53.3167462,-26.7105358992411,0.0 -53.3167369,-26.7105968992411,0.0 -53.3167337,-26.7106916992411,0.0 -53.316711,-26.7107796992411,0.0 -53.3167033,-26.7108571992411,0.0 -53.3166977,-26.7109416992411,0.0 -53.3166983,-26.7111097992411,0.0 -53.3166961,-26.711195499241,0.0 -53.3167006,-26.7112349992411,0.0 -53.3167095,-26.711384499241,0.0 -53.3167188,-26.711463099241,0.0 -53.3167331,-26.711546099241,0.0 -53.3167397,-26.711571499241,0.0 -53.3167539,-26.711614299241,0.0 -53.3167578,-26.711634399241,0.0 -53.3167567,-26.711668199241,0.0 -53.3167464,-26.711712999241,0.0 -53.3167455,-26.711756399241,0.0 -53.3167525,-26.711834099241,0.0 -53.3167675,-26.711934799241,0.0 -53.3167767,-26.711976099241,0.0 -53.3167964,-26.712029299241,0.0 -53.316838,-26.712114799241,0.0 -53.3168928,-26.712215899241,0.0 -53.3169413,-26.712312599241,0.0 -53.3169791,-26.712380099241,0.0 -53.3169985,-26.712411099241,0.0 -53.3170625,-26.712530699241,0.0 -53.3170799,-26.712569699241,0.0 -53.3171078,-26.712644999241,0.0 -53.3171261,-26.712683199241,0.0 -53.3171441,-26.712711099241,0.0 -53.3171757,-26.712754399241,0.0 -53.3171838,-26.712769399241,0.0 -53.3171956,-26.712817099241,0.0 -53.3172175,-26.712874599241,0.0 -53.3172212,-26.712889699241,0.0 -53.3172205,-26.712897299241,0.0 -53.3172175,-26.712905199241,0.0 -53.3171909,-26.712947499241,0.0 -53.3171844,-26.712961699241,0.0 -53.3171844,-26.712972799241,0.0 -53.317189,-26.712995999241,0.0 -53.3171899,-26.713018199241,0.0 -53.3171983,-26.713055499241,0.0 -53.3172194,-26.713132599241,0.0 -53.317232,-26.713164299241,0.0 -53.3172473,-26.713189699241,0.0 -53.3172579,-26.713211499241,0.0 -53.3172823,-26.713273299241,0.0 -53.3173112,-26.713327799241,0.0 -53.3173708,-26.713403799241,0.0 -53.3174159,-26.713469999241,0.0 -53.3174432,-26.713517499241,0.0 -53.317453,-26.713530899241,0.0 -53.3174693,-26.713548399241,0.0 -53.3174996,-26.713573399241,0.0 -53.3175245,-26.713586399241,0.0 -53.317616,-26.713608299241,0.0 -53.3176807,-26.713631199241,0.0 -53.3177472,-26.713671999241,0.0 -53.3177679,-26.713701499241,0.0 -53.3177803,-26.713724499241,0.0 -53.3177971,-26.713771099241,0.0 -53.3178116,-26.713836899241,0.0 -53.3178333,-26.713886299241,0.0 -53.3178688,-26.713980199241,0.0 -53.3178871,-26.714021499241,0.0 -53.3179236,-26.714079599241,0.0 -53.3179443,-26.714121999241,0.0 -53.3179686,-26.714206799241,0.0 -53.3179913,-26.714276699241,0.0 -53.3180106,-26.714326899241,0.0 -53.3180309,-26.714368899241,0.0 -53.3180552,-26.714439299241,0.0 -53.3180876,-26.714550299241,0.0 -53.3180906,-26.714572199241,0.0 -53.3181176,-26.714649599241,0.0 -53.3181257,-26.714667299241,0.0 -53.3181589,-26.714728499241,0.0 -53.3182097,-26.714842199241,0.0 -53.3182749,-26.714960499241,0.0 -53.3183217,-26.715039299241,0.0 -53.3183481,-26.715086899241,0.0 -53.3183694,-26.715129899241,0.0 -53.3184081,-26.715213999241,0.0 -53.3184341,-26.715265699241,0.0 -53.3184468,-26.715286599241,0.0 -53.3184796,-26.715330099241,0.0 -53.318541,-26.715418999241,0.0 -53.3185605,-26.715453699241,0.0 -53.3185666,-26.715470299241,0.0 -53.3185695,-26.715487799241,0.0 -53.3185697,-26.715545399241,0.0 -53.3185679,-26.715586699241,0.0 -53.3185705,-26.715605799241,0.0 -53.3185826,-26.715639499241,0.0 -53.3186007,-26.715664599241,0.0 -53.3186202,-26.715685999241,0.0 -53.3186355,-26.715719399241,0.0 -53.3186593,-26.715800899241,0.0 -53.3186634,-26.715822499241,0.0 -53.3186654,-26.715848099241,0.0 -53.3186719,-26.715889699241,0.0 -53.3186695,-26.715932099241,0.0 -53.3186591,-26.715999699241,0.0 -53.3186604,-26.716032499241,0.0 -53.3186553,-26.716074199241,0.0 -53.3186564,-26.716117699241,0.0 -53.3186592,-26.7161421992409,0.0 -53.3186651,-26.7161709992409,0.0 -53.3186863,-26.716231199241,0.0 -53.3186914,-26.7162515992409,0.0 -53.3186965,-26.7162856992409,0.0 -53.318697,-26.7163093992409,0.0 -53.3186803,-26.7164388992409,0.0 -53.3186768,-26.7165202992409,0.0 -53.3186688,-26.7165896992409,0.0 -53.3186638,-26.7166806992409,0.0 -53.3186597,-26.7167257992409,0.0 -53.3186474,-26.7168033992409,0.0 -53.3186314,-26.7168759992409,0.0 -53.3186259,-26.7169168992409,0.0 -53.3186129,-26.7169558992409,0.0 -53.3186065,-26.7169891992409,0.0 -53.3185926,-26.7170324992409,0.0 -53.318573,-26.7170958992409,0.0 -53.3185629,-26.7171309992409,0.0 -53.3185489,-26.7171650992409,0.0 -53.3185195,-26.7172253992409,0.0 -53.3184852,-26.7172800992409,0.0 -53.3184558,-26.7173205992409,0.0 -53.3184058,-26.7173785992409,0.0 -53.318325,-26.7174650992409,0.0 -53.3182248,-26.7175638992409,0.0 -53.3181925,-26.7175916992409,0.0 -53.3181465,-26.7176270992409,0.0 -53.3181228,-26.7176435992409,0.0 -53.3180814,-26.7176688992409,0.0 -53.3179737,-26.7177292992409,0.0 -53.3179103,-26.7177609992409,0.0 -53.3177996,-26.7178221992409,0.0 -53.3177544,-26.7178494992409,0.0 -53.3177308,-26.7178663992409,0.0 -53.3177013,-26.7178908992409,0.0 -53.3176597,-26.7179302992409,0.0 -53.3176177,-26.7179766992409,0.0 -53.3175904,-26.7179941992409,0.0 -53.3175526,-26.7180225992409,0.0 -53.3175021,-26.7180457992409,0.0 -53.3174178,-26.7180734992409,0.0 -53.3173579,-26.7180974992409,0.0 -53.3173217,-26.7181087992409,0.0 -53.3172734,-26.7181294992409,0.0 -53.3172497,-26.7181418992409,0.0 -53.3171916,-26.7181763992409,0.0 -53.3171567,-26.7181986992409,0.0 -53.3171074,-26.7182338992409,0.0 -53.3170829,-26.7182471992409,0.0 -53.3170245,-26.7182690992409,0.0 -53.3168798,-26.7183162992409,0.0 -53.3168625,-26.7183240992409,0.0 -53.3168077,-26.7183544992409,0.0 -53.3167671,-26.7183709992409,0.0 -53.31674,-26.7183800992409,0.0 -53.3165474,-26.7184310992409,0.0 -53.3165,-26.7184419992409,0.0 -53.3164127,-26.7184556992409,0.0 -53.3161865,-26.7184995992409,0.0 -53.3161595,-26.7185026992409,0.0 -53.3161042,-26.7185057992409,0.0 -53.3160386,-26.7185179992409,0.0 -53.3159842,-26.7185252992409,0.0 -53.3159107,-26.7185388992409,0.0 -53.3158602,-26.7185461992409,0.0 -53.315702,-26.7185647992409,0.0 -53.3154544,-26.7185856992409,0.0 -53.3153038,-26.7186034992409,0.0 -53.3151356,-26.7186289992409,0.0 -53.3149162,-26.7186559992409,0.0 -53.3148189,-26.7186627992409,0.0 -53.3147229,-26.7186663992409,0.0 -53.3145405,-26.7186761992409,0.0 -53.3144399,-26.7186854992409,0.0 -53.3143517,-26.7186968992409,0.0 -53.3142978,-26.7187022992409,0.0 -53.3141309,-26.7186992992409,0.0 -53.3141077,-26.7186962992409,0.0 -53.3140893,-26.7186959992409,0.0 -53.3139793,-26.7187063992409,0.0 -53.3139614,-26.7187096992409,0.0 -53.3139118,-26.7187268992409,0.0 -53.3138934,-26.7187318992409,0.0 -53.3138194,-26.7187390992409,0.0 -53.3137894,-26.7187375992409,0.0 -53.3137438,-26.7187299992409,0.0 -53.3136827,-26.7187299992409,0.0 -53.3136255,-26.7187336992409,0.0 -53.3135851,-26.7187389992409,0.0 -53.3135445,-26.7187420992409,0.0 -53.3134145,-26.7187455992409,0.0 -53.3133824,-26.7187489992409,0.0 -53.3133306,-26.7187571992409,0.0 -53.3132947,-26.7187588992409,0.0 -53.3132235,-26.7187544992409,0.0 -53.31316,-26.7187466992409,0.0 -53.3131249,-26.7187452992409,0.0 -53.3130839,-26.7187384992409,0.0 -53.3129398,-26.7187326992409,0.0 -53.3128348,-26.7187409992409,0.0 -53.3127316,-26.7187393992409,0.0 -53.3126962,-26.7187405992409,0.0 -53.312654,-26.7187456992409,0.0 -53.3125743,-26.7187603992409,0.0 -53.3125271,-26.7187652992409,0.0 -53.3124999,-26.7187648992409,0.0 -53.3119064,-26.7187369992409,0.0 -53.3115786,-26.7186676992409,0.0 -53.3115253,-26.7186688992409,0.0 -53.3113122,-26.7186738992409,0.0 -53.3109652,-26.7187101992409,0.0 -53.3104758,-26.7187852992409,0.0 -53.3101303,-26.7188941992409,0.0 -53.3097267,-26.7190132992409,0.0 -53.3086641,-26.7196157992409,0.0 -53.307875,-26.7200185992409,0.0 -53.3069555,-26.7206077992409,0.0 -53.3068307,-26.7207162992409,0.0 -53.3065624,-26.7208461992409,0.0 -53.3063792,-26.7209480992409,0.0 -53.3061697,-26.7209869992409,0.0 -53.3059726,-26.7210314992409,0.0 -53.3038926,-26.7304450992407,0.0 -53.3038761,-26.7304538992407,0.0 -53.3038069,-26.7304924992407,0.0 -53.3037663,-26.7305130992407,0.0 -53.3037332,-26.7305272992407,0.0 -53.3036983,-26.7305393992407,0.0 -53.303675,-26.7305454992407,0.0 -53.3036636,-26.7305478992407,0.0 -53.3036416,-26.7305508992407,0.0 -53.3036207,-26.7305523992407,0.0 -53.3035732,-26.7305530992407,0.0 -53.3035479,-26.7305541992407,0.0 -53.3035238,-26.7305566992407,0.0 -53.303508,-26.7305592992407,0.0 -53.3034919,-26.7305627992407,0.0 -53.3034662,-26.7305697992407,0.0 -53.3033392,-26.7306102992407,0.0 -53.3033196,-26.7306154992407,0.0 -53.3033005,-26.7306195992407,0.0 -53.3032816,-26.7306222992407,0.0 -53.3032719,-26.7306230992407,0.0 -53.3032519,-26.7306235992407,0.0 -53.3032298,-26.7306227992407,0.0 -53.3031751,-26.7306177992407,0.0 -53.3030282,-26.7306000992407,0.0 -53.3030027,-26.7305981992407,0.0 -53.3029813,-26.7305983992407,0.0 -53.3029674,-26.7305996992407,0.0 -53.3029533,-26.7306021992407,0.0 -53.3029387,-26.7306060992407,0.0 -53.3029232,-26.7306114992407,0.0 -53.3029067,-26.7306182992407,0.0 -53.3028891,-26.7306264992407,0.0 -53.3028302,-26.7306564992407,0.0 -53.3027985,-26.7306713992407,0.0 -53.3027773,-26.7306794992407,0.0 -53.3027667,-26.7306827992407,0.0 -53.3027455,-26.7306877992407,0.0 -53.3027234,-26.7306908992407,0.0 -53.3026999,-26.7306922992407,0.0 -53.3026742,-26.7306923992407,0.0 -53.302633,-26.7306903992407,0.0 -53.3025933,-26.7306861992407,0.0 -53.3025703,-26.7306824992407,0.0 -53.3025507,-26.7306777992407,0.0 -53.3025336,-26.7306718992407,0.0 -53.3025258,-26.7306683992407,0.0 -53.3025109,-26.7306599992407,0.0 -53.3024965,-26.7306496992407,0.0 -53.3024827,-26.7306377992407,0.0 -53.3024697,-26.7306248992407,0.0 -53.3024578,-26.7306116992407,0.0 -53.302447,-26.7305983992407,0.0 -53.3024371,-26.7305849992407,0.0 -53.3024278,-26.7305711992407,0.0 -53.3024143,-26.7305491992407,0.0 -53.3023913,-26.7305069992407,0.0 -53.3023819,-26.7304877992407,0.0 -53.3023678,-26.7304563992407,0.0 -53.3023451,-26.7304007992407,0.0 -53.3023208,-26.7303342992407,0.0 -53.302302,-26.7302752992407,0.0 -53.302285,-26.7302128992407,0.0 -53.302274,-26.7301621992407,0.0 -53.3022697,-26.7301355992407,0.0 -53.3022663,-26.7301072992407,0.0 -53.3022628,-26.7300618992407,0.0 -53.3022618,-26.7300319992407,0.0 -53.302262,-26.7300047992407,0.0 -53.3022644,-26.7299726992407,0.0 -53.3022674,-26.7299566992407,0.0 -53.3022714,-26.7299432992407,0.0 -53.3022793,-26.7299246992407,0.0 -53.3022891,-26.7299053992407,0.0 -53.3023052,-26.7298779992407,0.0 -53.3023457,-26.7298174992407,0.0 -53.3023613,-26.7297924992407,0.0 -53.3023766,-26.7297646992407,0.0 -53.3023865,-26.7297437992407,0.0 -53.3023962,-26.7297205992407,0.0 -53.3024096,-26.7296845992407,0.0 -53.3024205,-26.7296517992407,0.0 -53.3024401,-26.7295881992407,0.0 -53.302447,-26.7295711992407,0.0 -53.3024556,-26.7295542992407,0.0 -53.3024711,-26.7295301992407,0.0 -53.3025212,-26.7294603992407,0.0 -53.3025911,-26.7293612992407,0.0 -53.3026391,-26.7292910992407,0.0 -53.3026668,-26.7292479992407,0.0 -53.3026875,-26.7292136992407,0.0 -53.3027089,-26.7291754992407,0.0 -53.3027303,-26.7291335992407,0.0 -53.3027509,-26.7290885992407,0.0 -53.3027701,-26.7290418992407,0.0 -53.3027875,-26.7289947992407,0.0 -53.3027955,-26.7289716992407,0.0 -53.3028096,-26.7289269992407,0.0 -53.3028211,-26.7288851992407,0.0 -53.3028258,-26.7288655992407,0.0 -53.3028329,-26.7288295992407,0.0 -53.3028369,-26.7287980992407,0.0 -53.3028377,-26.7287713992407,0.0 -53.3028371,-26.7287594992407,0.0 -53.3028343,-26.7287371992407,0.0 -53.302821,-26.7286685992407,0.0 -53.3028129,-26.7286142992407,0.0 -53.3028086,-26.7285694992407,0.0 -53.3028033,-26.7284878992407,0.0 -53.3028014,-26.7284688992407,0.0 -53.3027992,-26.7284539992407,0.0 -53.3027966,-26.7284416992407,0.0 -53.3027916,-26.7284247992407,0.0 -53.3027699,-26.7283630992407,0.0 -53.3027657,-26.7283460992407,0.0 -53.3027584,-26.7283060992407,0.0 -53.3027548,-26.7282936992407,0.0 -53.3027502,-26.7282827992407,0.0 -53.3027442,-26.7282738992407,0.0 -53.3027365,-26.7282656992407,0.0 -53.3026776,-26.7282126992407,0.0 -53.3026465,-26.7281824992407,0.0 -53.3026197,-26.7281536992407,0.0 -53.3025898,-26.7281198992407,0.0 -53.3025615,-26.7280879992407,0.0 -53.3025338,-26.7280598992407,0.0 -53.3025162,-26.7280440992407,0.0 -53.3024893,-26.7280233992407,0.0 -53.3024704,-26.7280106992407,0.0 -53.3024393,-26.7279924992407,0.0 -53.3024041,-26.7279743992407,0.0 -53.3023643,-26.7279556992407,0.0 -53.3023216,-26.7279369992407,0.0 -53.3022661,-26.7279143992407,0.0 -53.3022181,-26.7278964992407,0.0 -53.302173,-26.7278815992407,0.0 -53.3021486,-26.7278750992407,0.0 -53.3021346,-26.7278725992407,0.0 -53.302126,-26.7278717992407,0.0 -53.3021119,-26.7278718992407,0.0 -53.3020933,-26.7278733992407,0.0 -53.3020499,-26.7278795992407,0.0 -53.3020192,-26.7278856992407,0.0 -53.3019333,-26.7279057992407,0.0 -53.3019121,-26.7279098992407,0.0 -53.3018894,-26.7279132992407,0.0 -53.3018642,-26.7279160992407,0.0 -53.3018335,-26.7279183992407,0.0 -53.3017331,-26.7279234992407,0.0 -53.3017064,-26.7279253992407,0.0 -53.3016772,-26.7279291992407,0.0 -53.301663,-26.7279321992407,0.0 -53.3016511,-26.7279355992407,0.0 -53.3016296,-26.7279436992407,0.0 -53.3016083,-26.7279548992407,0.0 -53.3015842,-26.7279706992407,0.0 -53.3015564,-26.7279921992407,0.0 -53.3015322,-26.7280128992407,0.0 -53.3013937,-26.7281359992407,0.0 -53.3012769,-26.7282441992407,0.0 -53.3012515,-26.7282658992407,0.0 -53.3012395,-26.7282751992407,0.0 -53.3012168,-26.7282909992407,0.0 -53.3011954,-26.7283038992407,0.0 -53.3011648,-26.7283194992407,0.0 -53.3010999,-26.7283495992407,0.0 -53.3010782,-26.7283621992407,0.0 -53.3010654,-26.7283719992407,0.0 -53.3010528,-26.7283843992407,0.0 -53.3010318,-26.7284100992407,0.0 -53.3009714,-26.7284950992407,0.0 -53.3009448,-26.7285299992407,0.0 -53.3008972,-26.7285875992407,0.0 -53.3008645,-26.7286250992407,0.0 -53.3008376,-26.7286524992407,0.0 -53.3008228,-26.7286658992407,0.0 -53.3008068,-26.7286788992407,0.0 -53.3007804,-26.7286971992407,0.0 -53.3007603,-26.7287086992407,0.0 -53.300749,-26.7287144992407,0.0 -53.300723,-26.7287264992407,0.0 -53.300673,-26.7287467992407,0.0 -53.3006098,-26.7287701992407,0.0 -53.3005161,-26.7288030992407,0.0 -53.3003866,-26.7288474992407,0.0 -53.300315,-26.7288711992407,0.0 -53.300285,-26.7288795992407,0.0 -53.3002546,-26.7288857992407,0.0 -53.3002064,-26.7288923992407,0.0 -53.3001534,-26.7288969992407,0.0 -53.3001094,-26.7288987992407,0.0 -53.3000528,-26.7288986992407,0.0 -53.2999474,-26.7288952992407,0.0 -53.2998379,-26.7288894992407,0.0 -53.2997829,-26.7288850992407,0.0 -53.2997613,-26.7288820992407,0.0 -53.2997473,-26.7288788992407,0.0 -53.299737,-26.7288751992407,0.0 -53.2997216,-26.7288682992407,0.0 -53.2995408,-26.7287794992407,0.0 -53.2994734,-26.7287451992407,0.0 -53.2994314,-26.7287216992407,0.0 -53.2994078,-26.7287067992407,0.0 -53.2993968,-26.7286992992407,0.0 -53.2993754,-26.7286829992407,0.0 -53.2993423,-26.7286545992407,0.0 -53.299309,-26.7286230992407,0.0 -53.2992712,-26.7285848992407,0.0 -53.2992506,-26.7285623992407,0.0 -53.2992352,-26.7285427992407,0.0 -53.299227,-26.7285297992407,0.0 -53.29922,-26.7285165992407,0.0 -53.2992141,-26.7285031992407,0.0 -53.2992075,-26.7284834992407,0.0 -53.2992032,-26.7284648992407,0.0 -53.2992007,-26.7284477992407,0.0 -53.2991991,-26.7284276992407,0.0 -53.2991989,-26.7284093992407,0.0 -53.2992026,-26.7283487992407,0.0 -53.2992018,-26.7283350992407,0.0 -53.2991991,-26.7283235992407,0.0 -53.2991926,-26.7283088992407,0.0 -53.2991826,-26.7282897992407,0.0 -53.2991749,-26.7282769992407,0.0 -53.2991485,-26.7282362992407,0.0 -53.2991099,-26.7281674992407,0.0 -53.299095,-26.7281447992407,0.0 -53.2990774,-26.7281224992407,0.0 -53.2990557,-26.7280994992407,0.0 -53.2990324,-26.7280775992407,0.0 -53.2988741,-26.7279380992407,0.0 -53.2988387,-26.7279058992407,0.0 -53.2988079,-26.7278750992407,0.0 -53.298755,-26.7278183992407,0.0 -53.2987337,-26.7277981992407,0.0 -53.2987172,-26.7277843992407,0.0 -53.2986982,-26.7277702992407,0.0 -53.2986776,-26.7277558992407,0.0 -53.2985348,-26.7276614992407,0.0 -53.2984997,-26.7276393992407,0.0 -53.2984656,-26.7276189992407,0.0 -53.2984446,-26.7276073992407,0.0 -53.2984236,-26.7275966992407,0.0 -53.2984009,-26.7275862992407,0.0 -53.2983745,-26.7275753992407,0.0 -53.2983261,-26.7275570992407,0.0 -53.29829,-26.7275443992407,0.0 -53.2982348,-26.7275263992407,0.0 -53.2981339,-26.7274962992407,0.0 -53.2981032,-26.7274858992407,0.0 -53.2980592,-26.7274680992407,0.0 -53.2979752,-26.7274295992407,0.0 -53.2979343,-26.7274117992407,0.0 -53.2978955,-26.7273959992407,0.0 -53.297849,-26.7273784992407,0.0 -53.297784,-26.7273564992407,0.0 -53.2977173,-26.7273358992407,0.0 -53.297668,-26.7273229992407,0.0 -53.2976346,-26.7273164992407,0.0 -53.2976126,-26.7273139992407,0.0 -53.2975926,-26.7273132992407,0.0 -53.2975739,-26.7273140992407,0.0 -53.2975551,-26.7273162992407,0.0 -53.2975339,-26.7273203992407,0.0 -53.2974988,-26.7273292992407,0.0 -53.2974618,-26.7273402992407,0.0 -53.2974484,-26.7273450992407,0.0 -53.2974327,-26.7273506992407,0.0 -53.2974217,-26.7273555992407,0.0 -53.2974125,-26.7273604992407,0.0 -53.2974046,-26.7273655992407,0.0 -53.2973946,-26.7273741992407,0.0 -53.2973856,-26.7273843992407,0.0 -53.2973593,-26.7274203992407,0.0 -53.2973509,-26.7274295992407,0.0 -53.2973413,-26.7274384992407,0.0 -53.2973299,-26.7274474992407,0.0 -53.2973161,-26.7274571992407,0.0 -53.2972806,-26.7274792992407,0.0 -53.2972599,-26.7274905992407,0.0 -53.2972386,-26.7275005992407,0.0 -53.2972174,-26.7275085992407,0.0 -53.2972069,-26.7275115992407,0.0 -53.2971965,-26.7275140992407,0.0 -53.2971751,-26.7275174992407,0.0 -53.2971639,-26.7275185992407,0.0 -53.2971403,-26.7275194992407,0.0 -53.2971004,-26.7275183992407,0.0 -53.2970704,-26.7275160992407,0.0 -53.2970376,-26.7275122992407,0.0 -53.297002,-26.7275068992407,0.0 -53.2969452,-26.7274965992407,0.0 -53.2968901,-26.7274848992407,0.0 -53.2968423,-26.7274731992407,0.0 -53.2968137,-26.7274646992407,0.0 -53.296785,-26.7274545992407,0.0 -53.29677,-26.7274485992407,0.0 -53.2967372,-26.7274340992407,0.0 -53.2967012,-26.7274165992407,0.0 -53.2966639,-26.7273972992407,0.0 -53.2966278,-26.7273771992407,0.0 -53.296595,-26.7273575992407,0.0 -53.2965663,-26.7273388992407,0.0 -53.2965534,-26.7273296992407,0.0 -53.2965301,-26.7273116992407,0.0 -53.2965195,-26.7273026992407,0.0 -53.2965003,-26.7272843992407,0.0 -53.2964916,-26.7272751992407,0.0 -53.2964756,-26.7272564992407,0.0 -53.2964544,-26.7272279992407,0.0 -53.2964296,-26.7271897992407,0.0 -53.296403,-26.7271433992407,0.0 -53.2963676,-26.7270749992407,0.0 -53.2963227,-26.7269909992407,0.0 -53.2962405,-26.7270020992407,0.0 -53.2962002,-26.7270085992407,0.0 -53.2961877,-26.7270100992407,0.0 -53.2961542,-26.7270114992407,0.0 -53.2961406,-26.7270113992407,0.0 -53.2961285,-26.7270125992407,0.0 -53.2960995,-26.7270166992407,0.0 -53.2960629,-26.7270203992407,0.0 -53.2960494,-26.7270227992407,0.0 -53.2960074,-26.7270346992407,0.0 -53.2959961,-26.7270394992407,0.0 -53.2959748,-26.7270503992407,0.0 -53.2959622,-26.7270583992407,0.0 -53.2959374,-26.7270833992407,0.0 -53.295903,-26.7271299992407,0.0 -53.2958771,-26.7271636992407,0.0 -53.2958629,-26.7271806992407,0.0 -53.2958013,-26.7272386992407,0.0 -53.2957779,-26.7272592992407,0.0 -53.2957561,-26.7272794992407,0.0 -53.2957374,-26.7272981992407,0.0 -53.2957216,-26.7273179992407,0.0 -53.2957085,-26.7273409992407,0.0 -53.2956877,-26.7273907992407,0.0 -53.2956784,-26.7274107992407,0.0 -53.2956687,-26.7274286992407,0.0 -53.2956577,-26.7274466992407,0.0 -53.2956305,-26.7274878992407,0.0 -53.2956015,-26.7275281992407,0.0 -53.2955918,-26.7275435992407,0.0 -53.2955821,-26.7275614992407,0.0 -53.2955666,-26.7275993992407,0.0 -53.2955611,-26.7276190992407,0.0 -53.2955566,-26.7276383992407,0.0 -53.2955488,-26.7276792992407,0.0 -53.2955461,-26.7277001992407,0.0 -53.2955417,-26.7277208992407,0.0 -53.2955362,-26.7277398992407,0.0 -53.2955293,-26.7277589992407,0.0 -53.2955089,-26.7277950992407,0.0 -53.2954998,-26.7278092992407,0.0 -53.2954907,-26.7278215992407,0.0 -53.295482,-26.7278372992407,0.0 -53.2954693,-26.7278579992407,0.0 -53.2954552,-26.7278787992407,0.0 -53.2954288,-26.7279261992407,0.0 -53.2954165,-26.7279509992407,0.0 -53.2954062,-26.7279744992407,0.0 -53.295398,-26.7279979992407,0.0 -53.2953929,-26.7280210992407,0.0 -53.2953893,-26.7280441992407,0.0 -53.2953836,-26.7281089992407,0.0 -53.2953751,-26.7281663992407,0.0 -53.2953652,-26.7282066992407,0.0 -53.2953508,-26.7282498992407,0.0 -53.2953327,-26.7282934992407,0.0 -53.2953161,-26.7283291992407,0.0 -53.2953008,-26.7283593992407,0.0 -53.2952896,-26.7283753992407,0.0 -53.295284,-26.7283875992407,0.0 -53.2952657,-26.7284230992407,0.0 -53.2952354,-26.7284860992407,0.0 -53.295206,-26.7285522992407,0.0 -53.2951931,-26.7285844992407,0.0 -53.2951872,-26.7286026992407,0.0 -53.2951777,-26.7286445992407,0.0 -53.2951718,-26.7286766992407,0.0 -53.2951671,-26.7287025992407,0.0 -53.295161,-26.7287456992407,0.0 -53.2951588,-26.7287908992407,0.0 -53.2951613,-26.7288601992407,0.0 -53.2951583,-26.7289003992407,0.0 -53.2951555,-26.7289175992407,0.0 -53.2951478,-26.7289450992407,0.0 -53.2951435,-26.7289541992407,0.0 -53.2951377,-26.7289614992407,0.0 -53.2951275,-26.7289709992407,0.0 -53.2951037,-26.7289899992407,0.0 -53.2950938,-26.7289991992407,0.0 -53.2950836,-26.7290074992407,0.0 -53.2950641,-26.7290217992407,0.0 -53.2950521,-26.7290284992407,0.0 -53.295044,-26.7290360992407,0.0 -53.2950298,-26.7290524992407,0.0 -53.295017,-26.7290706992407,0.0 -53.2946961,-26.7294026992407,0.0 -53.2946427,-26.7294672992407,0.0 -53.2946151,-26.7294978992407,0.0 -53.2945607,-26.7295534992407,0.0 -53.2945354,-26.7295805992407,0.0 -53.2945105,-26.7296038992407,0.0 -53.2944877,-26.7296221992407,0.0 -53.2944687,-26.7296349992407,0.0 -53.2944403,-26.7296621992407,0.0 -53.2944081,-26.7296893992407,0.0 -53.2943754,-26.7297154992407,0.0 -53.2943466,-26.7297408992407,0.0 -53.2943217,-26.7297641992407,0.0 -53.294299,-26.7297874992407,0.0 -53.2942571,-26.7298327992407,0.0 -53.2941887,-26.7299198992407,0.0 -53.2941669,-26.7299485992407,0.0 -53.2941484,-26.7299700992407,0.0 -53.2941379,-26.7299812992407,0.0 -53.2941176,-26.7300072992407,0.0 -53.2940965,-26.7300325992407,0.0 -53.2940581,-26.7300816992407,0.0 -53.2940382,-26.7301051992407,0.0 -53.2939948,-26.7301533992407,0.0 -53.2939741,-26.7301776992407,0.0 -53.2939541,-26.7301997992407,0.0 -53.2939355,-26.7302177992407,0.0 -53.2939189,-26.7302325992407,0.0 -53.2938739,-26.7302779992407,0.0 -53.2938614,-26.7302896992407,0.0 -53.2938439,-26.7303030992407,0.0 -53.2938236,-26.7303255992407,0.0 -53.2937802,-26.7303758992407,0.0 -53.2937391,-26.7304218992407,0.0 -53.2936942,-26.7304686992407,0.0 -53.293652,-26.7305171992407,0.0 -53.2936312,-26.7305393992407,0.0 -53.2936116,-26.7305632992407,0.0 -53.2935929,-26.7305891992407,0.0 -53.2935584,-26.7306403992407,0.0 -53.2935445,-26.7306588992407,0.0 -53.2935302,-26.7306729992407,0.0 -53.2935035,-26.7307056992407,0.0 -53.2934846,-26.7307274992407,0.0 -53.293465,-26.7307485992407,0.0 -53.2934449,-26.7307679992407,0.0 -53.2934229,-26.7307862992407,0.0 -53.293399,-26.7308043992407,0.0 -53.2933511,-26.7308376992407,0.0 -53.293291,-26.7308760992407,0.0 -53.2932754,-26.7308877992407,0.0 -53.2932473,-26.7309117992407,0.0 -53.2932344,-26.7309223992407,0.0 -53.2932238,-26.7309301992407,0.0 -53.2932124,-26.7309400992407,0.0 -53.2931856,-26.7309685992407,0.0 -53.293161,-26.7309914992407,0.0 -53.2931527,-26.7309985992407,0.0 -53.2931401,-26.7310074992407,0.0 -53.2931222,-26.7310177992407,0.0 -53.2931115,-26.7310227992407,0.0 -53.2930901,-26.7310314992407,0.0 -53.2930729,-26.7310362992407,0.0 -53.2930629,-26.7310377992407,0.0 -53.293044,-26.7310384992407,0.0 -53.2929823,-26.7310373992407,0.0 -53.2929531,-26.7310384992407,0.0 -53.292938,-26.7310397992407,0.0 -53.2929219,-26.7310400992407,0.0 -53.2929073,-26.7310416992407,0.0 -53.2928911,-26.7310446992407,0.0 -53.2928733,-26.7310502992407,0.0 -53.292857,-26.7310552992407,0.0 -53.2928198,-26.7310659992407,0.0 -53.2927842,-26.7310772992407,0.0 -53.292754,-26.7310884992407,0.0 -53.2927402,-26.7310928992407,0.0 -53.2927268,-26.7310982992407,0.0 -53.292664,-26.7311179992407,0.0 -53.2925944,-26.7311447992407,0.0 -53.2925695,-26.7311531992407,0.0 -53.2925454,-26.7311607992407,0.0 -53.2925212,-26.7311670992407,0.0 -53.2924974,-26.7311722992407,0.0 -53.2924739,-26.7311743992407,0.0 -53.2924531,-26.7311754992406,0.0 -53.2924331,-26.7311750992407,0.0 -53.2924138,-26.7311732992406,0.0 -53.2923759,-26.7311683992407,0.0 -53.292357,-26.7311669992407,0.0 -53.2923389,-26.7311668992407,0.0 -53.2923045,-26.7311649992407,0.0 -53.2922795,-26.7311657992407,0.0 -53.2922465,-26.7311738992407,0.0 -53.2922304,-26.7311790992406,0.0 -53.2921984,-26.7311975992407,0.0 -53.292176,-26.7312127992407,0.0 -53.292165,-26.7312216992406,0.0 -53.2921302,-26.7312540992407,0.0 -53.2921041,-26.7312818992407,0.0 -53.2920923,-26.7312907992407,0.0 -53.2920724,-26.7313135992407,0.0 -53.2920287,-26.7313655992407,0.0 -53.2920046,-26.7313964992406,0.0 -53.2919895,-26.7314140992406,0.0 -53.2919583,-26.7314522992407,0.0 -53.2919266,-26.7314874992407,0.0 -53.2918805,-26.7315332992406,0.0 -53.2918498,-26.7315617992407,0.0 -53.2918392,-26.7315688992406,0.0 -53.2918047,-26.7316009992407,0.0 -53.2917854,-26.7316161992407,0.0 -53.2917664,-26.7316296992406,0.0 -53.291739,-26.7316501992406,0.0 -53.2917257,-26.7316583992407,0.0 -53.2917116,-26.7316651992406,0.0 -53.2916963,-26.7316709992406,0.0 -53.291663,-26.7316822992406,0.0 -53.2916358,-26.7316906992407,0.0 -53.2916242,-26.7316936992407,0.0 -53.2916143,-26.7316972992406,0.0 -53.2915983,-26.7317044992406,0.0 -53.2915838,-26.7317122992406,0.0 -53.2915552,-26.7317304992406,0.0 -53.2915438,-26.7317396992406,0.0 -53.2915339,-26.7317467992406,0.0 -53.2915233,-26.7317517992406,0.0 -53.2914921,-26.7317927992406,0.0 -53.2914706,-26.7318177992406,0.0 -53.2914473,-26.7318485992406,0.0 -53.291436,-26.7318640992406,0.0 -53.2913803,-26.7319491992406,0.0 -53.2913709,-26.7319620992406,0.0 -53.2913498,-26.7319873992406,0.0 -53.2913272,-26.7320119992406,0.0 -53.2913038,-26.7320359992406,0.0 -53.291292,-26.7320461992406,0.0 -53.2912768,-26.7320568992406,0.0 -53.2912604,-26.7320671992406,0.0 -53.2912445,-26.7320791992406,0.0 -53.2912293,-26.7320925992406,0.0 -53.2911868,-26.7321272992406,0.0 -53.2911634,-26.7321497992406,0.0 -53.2911408,-26.7321757992406,0.0 -53.2911122,-26.7322129992406,0.0 -53.2910811,-26.7322574992406,0.0 -53.2910664,-26.7322753992406,0.0 -53.2910555,-26.7322904992406,0.0 -53.291036,-26.7323191992406,0.0 -53.2910148,-26.7323545992406,0.0 -53.291002,-26.7323734992406,0.0 -53.2909742,-26.7324099992406,0.0 -53.2909438,-26.7324488992406,0.0 -53.290914,-26.7324850992406,0.0 -53.2908401,-26.7325679992406,0.0 -53.2908187,-26.7325936992406,0.0 -53.2908077,-26.7326052992406,0.0 -53.2907967,-26.7326154992406,0.0 -53.2907473,-26.7326672992406,0.0 -53.2907247,-26.7326932992406,0.0 -53.2906648,-26.7327447992406,0.0 -53.2906538,-26.7327549992406,0.0 -53.2906299,-26.7327744992406,0.0 -53.2905894,-26.7328107992406,0.0 -53.2905749,-26.7328214992406,0.0 -53.2905628,-26.7328312992406,0.0 -53.2905362,-26.7328490992406,0.0 -53.2905103,-26.7328674992406,0.0 -53.290495,-26.7328746992406,0.0 -53.2904648,-26.7328845992406,0.0 -53.2904318,-26.7328912992406,0.0 -53.2904179,-26.7328921992406,0.0 -53.2903863,-26.7328926992406,0.0 -53.2903712,-26.7328912992406,0.0 -53.2903354,-26.7328893992406,0.0 -53.2902936,-26.7328837992406,0.0 -53.2902709,-26.7328831992406,0.0 -53.2902254,-26.7328852992406,0.0 -53.2901758,-26.7328912992406,0.0 -53.2901597,-26.7328921992406,0.0 -53.2901205,-26.7329018992406,0.0 -53.2900619,-26.7329218992406,0.0 -53.2900379,-26.7329336992406,0.0 -53.2900253,-26.7329411992406,0.0 -53.2900025,-26.7329574992406,0.0 -53.2899828,-26.7329750992406,0.0 -53.2899741,-26.7329838992406,0.0 -53.2899677,-26.7329919992406,0.0 -53.289937,-26.7330347992406,0.0 -53.2899213,-26.7330585992406,0.0 -53.2899157,-26.7330686992406,0.0 -53.2899131,-26.7330727992406,0.0 -53.2899059,-26.7330802992406,0.0 -53.2898988,-26.7330904992406,0.0 -53.2898841,-26.7331077992406,0.0 -53.289853,-26.7331401992406,0.0 -53.2898449,-26.7331477992406,0.0 -53.2898169,-26.7331844992406,0.0 -53.2897781,-26.7332437992406,0.0 -53.2897725,-26.7332543992406,0.0 -53.2897578,-26.7332777992406,0.0 -53.2897248,-26.7333342992406,0.0 -53.2897097,-26.7333607992406,0.0 -53.2896868,-26.7334087992406,0.0 -53.2896775,-26.7334317992406,0.0 -53.2896599,-26.7334801992406,0.0 -53.2896471,-26.7335214992406,0.0 -53.2896411,-26.7335385992406,0.0 -53.2896366,-26.7335552992406,0.0 -53.2896295,-26.7335707992406,0.0 -53.2896202,-26.7335892992406,0.0 -53.2896084,-26.7336099992406,0.0 -53.2895956,-26.7336307992406,0.0 -53.2895738,-26.7336599992406,0.0 -53.2895652,-26.7336697992406,0.0 -53.2895411,-26.7337046992406,0.0 -53.2895277,-26.7337206992406,0.0 -53.2895159,-26.7337370992406,0.0 -53.289504,-26.7337516992406,0.0 -53.2894916,-26.7337684992406,0.0 -53.2894808,-26.7337856992406,0.0 -53.2894694,-26.7338016992406,0.0 -53.2894566,-26.7338180992406,0.0 -53.2894438,-26.7338361992406,0.0 -53.2894133,-26.7338751992406,0.0 -53.2893957,-26.7338942992406,0.0 -53.2893746,-26.7339138992406,0.0 -53.2893507,-26.7339325992406,0.0 -53.2893271,-26.7339482992406,0.0 -53.2893059,-26.7339608992406,0.0 -53.28929,-26.7339685992406,0.0 -53.2892735,-26.7339740992406,0.0 -53.2892421,-26.7339880992406,0.0 -53.2891628,-26.7340155992406,0.0 -53.289096,-26.7340367992406,0.0 -53.2890713,-26.7340436992406,0.0 -53.2890201,-26.7340645992406,0.0 -53.2889708,-26.7340837992406,0.0 -53.2889017,-26.7341132992406,0.0 -53.2888606,-26.7341292992406,0.0 -53.2887778,-26.7341536992406,0.0 -53.2887367,-26.7341670992406,0.0 -53.2886989,-26.7341807992406,0.0 -53.2886771,-26.7341876992406,0.0 -53.2886235,-26.7342099992406,0.0 -53.2885936,-26.7342243992406,0.0 -53.2884803,-26.7342843992406,0.0 -53.2884253,-26.7343105992406,0.0 -53.2883992,-26.7343214992406,0.0 -53.2883736,-26.7343336992406,0.0 -53.2883248,-26.7343541992406,0.0 -53.2883065,-26.7343614992406,0.0 -53.2882885,-26.7343665992406,0.0 -53.2882552,-26.7343823992406,0.0 -53.2882258,-26.7343954992406,0.0 -53.2881717,-26.7344182992406,0.0 -53.2880964,-26.7344552992406,0.0 -53.2880743,-26.7344678992406,0.0 -53.2880246,-26.7344935992406,0.0 -53.2880039,-26.7345057992406,0.0 -53.2879832,-26.7345187992406,0.0 -53.2879417,-26.7345394992406,0.0 -53.2879138,-26.7345556992406,0.0 -53.2878849,-26.7345753992406,0.0 -53.28786,-26.7345950992406,0.0 -53.2878193,-26.7346319992406,0.0 -53.287774,-26.7346794992406,0.0 -53.2877452,-26.7347053992406,0.0 -53.2877217,-26.7347227992406,0.0 -53.2877092,-26.7347290992406,0.0 -53.2876919,-26.7347415992406,0.0 -53.2876616,-26.7347608992406,0.0 -53.2876179,-26.7347943992406,0.0 -53.2875824,-26.7348238992406,0.0 -53.287543,-26.7348533992406,0.0 -53.2875104,-26.7348765992406,0.0 -53.2874816,-26.7349006992406,0.0 -53.2874441,-26.7349257992406,0.0 -53.2874335,-26.7349293992406,0.0 -53.2874234,-26.7349352992406,0.0 -53.2874104,-26.7349437992406,0.0 -53.2873892,-26.7349554992406,0.0 -53.2873752,-26.7349648992406,0.0 -53.2873637,-26.7349746992406,0.0 -53.2873498,-26.7349849992406,0.0 -53.2873238,-26.7350019992406,0.0 -53.2873104,-26.7350100992406,0.0 -53.2871018,-26.7352165992406,0.0 -53.2870072,-26.7353405992406,0.0 -53.2869822,-26.7354892992406,0.0 -53.2869986,-26.7356330992406,0.0 -53.2871085,-26.7357041992406,0.0 -53.2874445,-26.7358012992406,0.0 -53.2886341,-26.7359394992406,0.0 -53.2889455,-26.7359421992406,0.0 -53.2898318,-26.7360047992406,0.0 -53.2900604,-26.7360716992406,0.0 -53.2902791,-26.7361535992406,0.0 -53.2908234,-26.7363478992406,0.0 -53.2911997,-26.7365361992406,0.0 -53.2914844,-26.7367691992406,0.0 -53.2920135,-26.7373843992405,0.0 -53.292853,-26.7384069992405,0.0 -53.2930834,-26.7387320992405,0.0 -53.293226,-26.7390480992405,0.0 -53.2932418,-26.7392945992405,0.0 -53.2911411,-26.7426106992404,0.0 -53.2885621,-26.7466818992404,0.0 -53.2885681,-26.7466771992403,0.0 -53.2885724,-26.7466739992404,0.0 -53.2885769,-26.7466700992404,0.0 -53.2885819,-26.7466648992404,0.0 -53.2885901,-26.7466571992404,0.0 -53.2886229,-26.7466333992404,0.0 -53.2886435,-26.7466161992404,0.0 -53.28866,-26.7466032992404,0.0 -53.2886698,-26.7465959992404,0.0 -53.2886809,-26.7465879992404,0.0 -53.2887044,-26.7465721992403,0.0 -53.2887102,-26.7465686992404,0.0 -53.288721,-26.7465626992404,0.0 -53.2887494,-26.7465487992403,0.0 -53.2887537,-26.7465460992404,0.0 -53.2887751,-26.7465353992404,0.0 -53.2888064,-26.7465218992404,0.0 -53.2888301,-26.7465113992404,0.0 -53.2888344,-26.7465090992404,0.0 -53.2888518,-26.7464991992404,0.0 -53.2888678,-26.7464922992404,0.0 -53.2888726,-26.7464890992404,0.0 -53.2888893,-26.7464805992404,0.0 -53.288909,-26.7464698992404,0.0 -53.2889164,-26.7464661992403,0.0 -53.288925,-26.7464627992404,0.0 -53.2889341,-26.7464595992404,0.0 -53.2889434,-26.7464571992404,0.0 -53.2889545,-26.7464538992404,0.0 -53.2889645,-26.7464516992404,0.0 -53.2889741,-26.7464508992404,0.0 -53.2889832,-26.7464501992404,0.0 -53.2889915,-26.7464507992404,0.0 -53.2889971,-26.7464509992404,0.0 -53.289009,-26.7464520992404,0.0 -53.2890364,-26.7464565992404,0.0 -53.2890491,-26.7464582992404,0.0 -53.2890568,-26.7464591992404,0.0 -53.289062,-26.7464600992404,0.0 -53.2890697,-26.7464605992404,0.0 -53.2890889,-26.7464658992404,0.0 -53.2891113,-26.7464652992404,0.0 -53.2891205,-26.7464656992404,0.0 -53.2891503,-26.7464728992404,0.0 -53.289162,-26.7464739992404,0.0 -53.289183,-26.7464767992404,0.0 -53.289205,-26.7464812992404,0.0 -53.2892135,-26.7464825992404,0.0 -53.2892283,-26.7464851992404,0.0 -53.2892534,-26.7464907992404,0.0 -53.2892874,-26.7464970992404,0.0 -53.2892977,-26.7464989992404,0.0 -53.2893163,-26.7465019992404,0.0 -53.2893402,-26.7465052992404,0.0 -53.2893617,-26.7465097992404,0.0 -53.2893677,-26.7465109992404,0.0 -53.2893931,-26.7465185992404,0.0 -53.2894143,-26.7465225992404,0.0 -53.289423,-26.7465239992404,0.0 -53.2894445,-26.7465272992404,0.0 -53.2894535,-26.7465274992404,0.0 -53.2894778,-26.7465271992404,0.0 -53.2895014,-26.7465330992404,0.0 -53.2895081,-26.7465332992404,0.0 -53.2895144,-26.7465336992404,0.0 -53.2895282,-26.7465352992404,0.0 -53.289571,-26.7465404992404,0.0 -53.2895783,-26.7465419992404,0.0 -53.289585,-26.7465443992404,0.0 -53.2895919,-26.7465479992404,0.0 -53.2895988,-26.7465527992404,0.0 -53.2896123,-26.7465630992404,0.0 -53.2896311,-26.7465666992404,0.0 -53.2896421,-26.7465740992404,0.0 -53.289658,-26.7465782992404,0.0 -53.2896641,-26.7465801992403,0.0 -53.2896915,-26.7465936992404,0.0 -53.2896971,-26.7465958992404,0.0 -53.289709,-26.7466019992404,0.0 -53.2897159,-26.7466044992404,0.0 -53.2897327,-26.7466098992404,0.0 -53.2897479,-26.7466185992403,0.0 -53.289765,-26.7466234992404,0.0 -53.2897912,-26.7466370992404,0.0 -53.289822,-26.7466482992403,0.0 -53.2898376,-26.7466559992404,0.0 -53.2898521,-26.7466623992404,0.0 -53.2898745,-26.7466717992404,0.0 -53.2898809,-26.7466733992404,0.0 -53.2898907,-26.7466770992404,0.0 -53.2899004,-26.7466788992404,0.0 -53.2899105,-26.7466801992404,0.0 -53.2899241,-26.7466847992404,0.0 -53.2899347,-26.7466868992404,0.0 -53.2899581,-26.7466934992404,0.0 -53.2899708,-26.7466996992404,0.0 -53.2899777,-26.7467020992404,0.0 -53.2899928,-26.7467088992403,0.0 -53.2899994,-26.7467110992404,0.0 -53.290019,-26.7467188992404,0.0 -53.2900283,-26.7467221992404,0.0 -53.2900527,-26.7467314992404,0.0 -53.2900631,-26.7467345992403,0.0 -53.2900802,-26.7467406992404,0.0 -53.2901079,-26.7467496992404,0.0 -53.2901159,-26.7467534992404,0.0 -53.2901346,-26.7467612992403,0.0 -53.2901415,-26.7467660992404,0.0 -53.290148,-26.7467716992403,0.0 -53.2901647,-26.7467793992404,0.0 -53.2901708,-26.7467860992404,0.0 -53.2901844,-26.7467930992403,0.0 -53.2901902,-26.7467968992403,0.0 -53.2902043,-26.7468134992403,0.0 -53.2902254,-26.7468299992403,0.0 -53.2902363,-26.7468446992404,0.0 -53.2902506,-26.7468583992403,0.0 -53.2902578,-26.7468660992403,0.0 -53.2902676,-26.7468774992403,0.0 -53.290289,-26.7468976992403,0.0 -53.2902929,-26.7469032992403,0.0 -53.2902957,-26.7469090992403,0.0 -53.2903051,-26.7469244992403,0.0 -53.2903218,-26.7469409992403,0.0 -53.2903272,-26.7469443992403,0.0 -53.2903308,-26.7469490992403,0.0 -53.2903354,-26.7469540992403,0.0 -53.2903403,-26.7469590992403,0.0 -53.2903539,-26.7469729992403,0.0 -53.2903719,-26.7469886992403,0.0 -53.2903832,-26.7470014992403,0.0 -53.2903968,-26.7470156992403,0.0 -53.2904088,-26.7470282992404,0.0 -53.2904281,-26.7470512992404,0.0 -53.2904549,-26.7470760992403,0.0 -53.2904644,-26.7470868992403,0.0 -53.2904794,-26.7471030992404,0.0 -53.2904966,-26.7471207992403,0.0 -53.2905043,-26.7471308992403,0.0 -53.2905091,-26.7471364992403,0.0 -53.2905132,-26.7471426992403,0.0 -53.2905183,-26.7471511992403,0.0 -53.2905362,-26.7471718992403,0.0 -53.2905492,-26.7471910992403,0.0 -53.2905655,-26.7472079992403,0.0 -53.2905696,-26.7472134992403,0.0 -53.2905728,-26.7472184992403,0.0 -53.2905763,-26.7472229992403,0.0 -53.2905809,-26.7472314992403,0.0 -53.2905842,-26.7472380992403,0.0 -53.2905871,-26.7472429992403,0.0 -53.2905915,-26.7472489992403,0.0 -53.2905939,-26.7472556992403,0.0 -53.2905984,-26.7472610992403,0.0 -53.2906009,-26.7472704992403,0.0 -53.2906048,-26.7472760992403,0.0 -53.2906119,-26.7472894992403,0.0 -53.2906125,-26.7472941992403,0.0 -53.2906143,-26.7473026992403,0.0 -53.2906147,-26.7473079992403,0.0 -53.2906146,-26.7473128992403,0.0 -53.2906148,-26.7473276992403,0.0 -53.2906117,-26.7473418992403,0.0 -53.2906106,-26.7473525992403,0.0 -53.2906028,-26.7473781992403,0.0 -53.2906027,-26.7473842992403,0.0 -53.2906018,-26.7473964992403,0.0 -53.2906028,-26.7474007992403,0.0 -53.2905991,-26.7474191992403,0.0 -53.2906002,-26.7474331992403,0.0 -53.2905979,-26.7474396992403,0.0 -53.2905997,-26.7474569992403,0.0 -53.2905962,-26.7474732992403,0.0 -53.2906002,-26.7474953992403,0.0 -53.2905993,-26.7475030992403,0.0 -53.2905991,-26.7475121992403,0.0 -53.2905999,-26.7475190992403,0.0 -53.2906011,-26.7475292992403,0.0 -53.2906039,-26.7475411992403,0.0 -53.2906057,-26.7475511992403,0.0 -53.2906084,-26.7475611992403,0.0 -53.2906096,-26.7475664992403,0.0 -53.2906145,-26.7475752992403,0.0 -53.2906188,-26.7475885992403,0.0 -53.2906216,-26.7475955992403,0.0 -53.2906273,-26.7476030992403,0.0 -53.2906332,-26.7476153992403,0.0 -53.2906472,-26.7476315992403,0.0 -53.2906596,-26.7476498992403,0.0 -53.2906639,-26.7476550992403,0.0 -53.2906741,-26.7476660992403,0.0 -53.290678,-26.7476716992403,0.0 -53.2906834,-26.7476782992403,0.0 -53.290688,-26.7476836992403,0.0 -53.2907102,-26.7477087992403,0.0 -53.2907355,-26.7477414992403,0.0 -53.2907405,-26.7477476992403,0.0 -53.2907457,-26.7477547992403,0.0 -53.2907582,-26.7477765992403,0.0 -53.290763,-26.7477845992403,0.0 -53.2907672,-26.7477903992403,0.0 -53.2907718,-26.7477989992403,0.0 -53.2907756,-26.7478082992403,0.0 -53.2907798,-26.7478180992403,0.0 -53.2907851,-26.7478356992403,0.0 -53.2907869,-26.7478440992403,0.0 -53.2907964,-26.7478714992403,0.0 -53.2908018,-26.7478886992403,0.0 -53.2908058,-26.7478989992403,0.0 -53.2908103,-26.7479108992403,0.0 -53.2908197,-26.7479327992403,0.0 -53.2908263,-26.7479483992403,0.0 -53.2908309,-26.7479584992403,0.0 -53.2908388,-26.7479744992403,0.0 -53.2908482,-26.7479943992403,0.0 -53.2908542,-26.7480056992403,0.0 -53.2908696,-26.7480298992403,0.0 -53.2908747,-26.7480384992403,0.0 -53.2908934,-26.7480716992403,0.0 -53.2909049,-26.7480891992403,0.0 -53.2909086,-26.7480973992403,0.0 -53.2909139,-26.7481060992403,0.0 -53.2909169,-26.7481113992403,0.0 -53.2909286,-26.7481278992403,0.0 -53.2909365,-26.7481445992403,0.0 -53.2909469,-26.7481646992403,0.0 -53.2909543,-26.7481851992403,0.0 -53.2909606,-26.7481997992403,0.0 -53.2909637,-26.7482081992403,0.0 -53.2909772,-26.7482492992403,0.0 -53.2909814,-26.7482589992403,0.0 -53.2909939,-26.7482831992403,0.0 -53.291005,-26.7483017992403,0.0 -53.291034,-26.7483737992403,0.0 -53.2910422,-26.7483922992403,0.0 -53.2910453,-26.7484003992403,0.0 -53.2910491,-26.7484088992403,0.0 -53.291053,-26.7484176992403,0.0 -53.2910586,-26.7484289992403,0.0 -53.2910635,-26.7484380992403,0.0 -53.2910677,-26.7484474992403,0.0 -53.2910725,-26.7484615992403,0.0 -53.29108,-26.7484802992403,0.0 -53.2910829,-26.7484941992403,0.0 -53.2910851,-26.7485022992403,0.0 -53.2910877,-26.7485106992403,0.0 -53.2910939,-26.7485274992403,0.0 -53.2911085,-26.7485851992403,0.0 -53.2911175,-26.7486036992403,0.0 -53.2911242,-26.7486155992403,0.0 -53.2911302,-26.7486337992403,0.0 -53.2911333,-26.7486405992403,0.0 -53.2911372,-26.7486469992403,0.0 -53.2911433,-26.7486594992403,0.0 -53.2911508,-26.7486766992403,0.0 -53.2911576,-26.7486920992403,0.0 -53.2911625,-26.7487054992403,0.0 -53.2911653,-26.7487166992403,0.0 -53.291172,-26.7487304992403,0.0 -53.2911748,-26.7487443992403,0.0 -53.2911767,-26.7487498992403,0.0 -53.2911789,-26.7487559992403,0.0 -53.2911826,-26.7487690992403,0.0 -53.2911843,-26.7487755992403,0.0 -53.2911893,-26.7487893992403,0.0 -53.2911933,-26.7488074992403,0.0 -53.2911958,-26.7488187992403,0.0 -53.2911972,-26.7488279992403,0.0 -53.2911985,-26.7488376992403,0.0 -53.2911983,-26.7488435992403,0.0 -53.2911996,-26.7488588992403,0.0 -53.2912058,-26.7488868992403,0.0 -53.2912094,-26.7489057992403,0.0 -53.2912107,-26.7489129992403,0.0 -53.2912113,-26.7489180992403,0.0 -53.2912118,-26.7489285992403,0.0 -53.2912212,-26.7489661992403,0.0 -53.291219,-26.7489799992403,0.0 -53.2912191,-26.7489831992403,0.0 -53.2912199,-26.7489891992403,0.0 -53.2912164,-26.7489981992403,0.0 -53.291217,-26.7490117992403,0.0 -53.291214,-26.7490218992403,0.0 -53.2912149,-26.7490310992403,0.0 -53.2912115,-26.7490400992403,0.0 -53.2912123,-26.7490537992403,0.0 -53.2912087,-26.7490668992403,0.0 -53.2912067,-26.7490751992403,0.0 -53.2912065,-26.7490988992403,0.0 -53.2912058,-26.7491043992403,0.0 -53.2912042,-26.7491114992403,0.0 -53.2912026,-26.7491231992403,0.0 -53.2912018,-26.7491416992403,0.0 -53.2912038,-26.7491595992403,0.0 -53.2912042,-26.7491656992403,0.0 -53.2912046,-26.7491806992403,0.0 -53.2912039,-26.7492103992403,0.0 -53.2912062,-26.7492430992403,0.0 -53.2912088,-26.7492583992403,0.0 -53.2912094,-26.7492630992403,0.0 -53.29121,-26.7492693992403,0.0 -53.2912188,-26.7492904992403,0.0 -53.2912232,-26.7493146992403,0.0 -53.291224,-26.7493258992403,0.0 -53.2912232,-26.7493339992403,0.0 -53.2912222,-26.7493522992403,0.0 -53.2912221,-26.7493763992403,0.0 -53.2912212,-26.7494340992403,0.0 -53.2912183,-26.7494588992403,0.0 -53.2912187,-26.7494774992403,0.0 -53.2912177,-26.7494912992403,0.0 -53.2912174,-26.7495089992403,0.0 -53.2912173,-26.7495588992403,0.0 -53.2912163,-26.7495940992403,0.0 -53.291217,-26.7496276992403,0.0 -53.2912175,-26.7496686992403,0.0 -53.2912182,-26.7496828992403,0.0 -53.2912201,-26.7497182992403,0.0 -53.2912204,-26.7497463992403,0.0 -53.2912221,-26.7497647992403,0.0 -53.291223,-26.7497788992403,0.0 -53.2912262,-26.7497973992403,0.0 -53.2912317,-26.7498314992403,0.0 -53.2912418,-26.7498735992403,0.0 -53.2912455,-26.7498914992403,0.0 -53.2912523,-26.7499176992403,0.0 -53.2912571,-26.7499378992403,0.0 -53.2912666,-26.7499675992403,0.0 -53.2912723,-26.7499884992403,0.0 -53.291285,-26.7500159992403,0.0 -53.2912901,-26.7500323992403,0.0 -53.2913003,-26.7500464992403,0.0 -53.2913084,-26.7500593992403,0.0 -53.291316,-26.7500711992403,0.0 -53.291328,-26.7500875992403,0.0 -53.2913391,-26.7501034992403,0.0 -53.2913856,-26.7501696992403,0.0 -53.2914677,-26.7502820992403,0.0 -53.2914974,-26.7503231992403,0.0 -53.291531,-26.7503711992403,0.0 -53.2915431,-26.7503890992403,0.0 -53.2915528,-26.7504068992403,0.0 -53.291566,-26.7504288992403,0.0 -53.2915802,-26.7504599992403,0.0 -53.2915922,-26.7504815992403,0.0 -53.2915989,-26.7504971992403,0.0 -53.291624,-26.7505378992403,0.0 -53.2916315,-26.7505534992403,0.0 -53.2916404,-26.7505694992403,0.0 -53.2916514,-26.7505853992403,0.0 -53.29168,-26.7506286992403,0.0 -53.2916913,-26.7506440992403,0.0 -53.2917041,-26.7506596992403,0.0 -53.2917197,-26.7506812992403,0.0 -53.2917465,-26.7507114992403,0.0 -53.2917758,-26.7507490992403,0.0 -53.2917902,-26.7507661992403,0.0 -53.2918211,-26.7508069992403,0.0 -53.2918543,-26.7508447992403,0.0 -53.2918714,-26.7508655992403,0.0 -53.2918877,-26.7508856992403,0.0 -53.2919027,-26.7509044992403,0.0 -53.2919214,-26.7509245992403,0.0 -53.2919446,-26.7509498992403,0.0 -53.2919613,-26.7509692992403,0.0 -53.2919713,-26.7509827992403,0.0 -53.2919937,-26.7510060992403,0.0 -53.2920082,-26.7510193992403,0.0 -53.2920359,-26.7510467992403,0.0 -53.2920567,-26.7510648992403,0.0 -53.2920876,-26.7510943992403,0.0 -53.2921368,-26.7511327992403,0.0 -53.2921662,-26.7511564992403,0.0 -53.292191,-26.7511740992403,0.0 -53.2922166,-26.7511909992403,0.0 -53.2922383,-26.7512045992403,0.0 -53.2922781,-26.7512323992403,0.0 -53.2923314,-26.7512683992403,0.0 -53.292348,-26.7512795992403,0.0 -53.2923806,-26.7512990992403,0.0 -53.2923955,-26.7513080992403,0.0 -53.2924114,-26.7513158992403,0.0 -53.2924247,-26.7513231992403,0.0 -53.2924397,-26.7513295992403,0.0 -53.2924516,-26.7513366992403,0.0 -53.2924656,-26.7513417992403,0.0 -53.2924772,-26.7513480992403,0.0 -53.2924897,-26.7513531992403,0.0 -53.2925246,-26.7513683992403,0.0 -53.2925388,-26.7513732992403,0.0 -53.2925452,-26.7513753992403,0.0 -53.2925622,-26.7513791992403,0.0 -53.2925887,-26.7513853992403,0.0 -53.2926077,-26.7513891992403,0.0 -53.2926567,-26.7513930992403,0.0 -53.2926746,-26.7513945992403,0.0 -53.2927025,-26.7513962992403,0.0 -53.2927533,-26.7513972992403,0.0 -53.2927707,-26.7513972992403,0.0 -53.2928267,-26.7513987992403,0.0 -53.2928861,-26.7513963992403,0.0 -53.2929128,-26.7513962992403,0.0 -53.2929381,-26.7513957992403,0.0 -53.2929586,-26.7513936992403,0.0 -53.2929843,-26.7513919992403,0.0 -53.2930046,-26.7513886992403,0.0 -53.2930304,-26.7513860992403,0.0 -53.293056,-26.7513822992403,0.0 -53.2930963,-26.7513716992403,0.0 -53.293122,-26.7513662992403,0.0 -53.2931407,-26.7513604992403,0.0 -53.2931857,-26.7513487992403,0.0 -53.293202,-26.7513419992403,0.0 -53.2932326,-26.7513268992403,0.0 -53.2932524,-26.7513208992403,0.0 -53.2932691,-26.7513146992403,0.0 -53.2932841,-26.7513083992403,0.0 -53.2933153,-26.7512919992403,0.0 -53.2933303,-26.7512835992403,0.0 -53.2933451,-26.7512729992403,0.0 -53.2933595,-26.7512650992403,0.0 -53.2933733,-26.7512531992403,0.0 -53.2933864,-26.7512446992403,0.0 -53.2934001,-26.7512322992403,0.0 -53.293414,-26.7512218992403,0.0 -53.2934473,-26.7511893992403,0.0 -53.2934619,-26.7511768992403,0.0 -53.2934768,-26.7511614992403,0.0 -53.2934955,-26.7511425992403,0.0 -53.293513,-26.7511226992403,0.0 -53.29352,-26.7511073992403,0.0 -53.2935632,-26.7510590992403,0.0 -53.2935717,-26.7510523992403,0.0 -53.2935847,-26.7510376992403,0.0 -53.2935992,-26.7510200992403,0.0 -53.2936153,-26.7510007992403,0.0 -53.2936284,-26.7509837992403,0.0 -53.2936449,-26.7509633992403,0.0 -53.2936594,-26.7509461992403,0.0 -53.2936803,-26.7509237992403,0.0 -53.2937147,-26.7508843992403,0.0 -53.2937276,-26.7508745992403,0.0 -53.2937462,-26.7508575992403,0.0 -53.2937638,-26.7508390992403,0.0 -53.2937851,-26.7508179992403,0.0 -53.2938034,-26.7508001992403,0.0 -53.2938264,-26.7507791992403,0.0 -53.2938457,-26.7507625992403,0.0 -53.2938703,-26.7507440992403,0.0 -53.2939102,-26.7507119992403,0.0 -53.2939604,-26.7506728992403,0.0 -53.2939797,-26.7506562992403,0.0 -53.2939999,-26.7506403992403,0.0 -53.2940505,-26.7506033992403,0.0 -53.2940932,-26.7505741992403,0.0 -53.2941176,-26.7505571992403,0.0 -53.2941385,-26.7505446992403,0.0 -53.2941603,-26.7505323992403,0.0 -53.2942286,-26.7504813992403,0.0 -53.2942724,-26.7504537992403,0.0 -53.294293,-26.7504399992403,0.0 -53.2943125,-26.7504246992403,0.0 -53.2943305,-26.7504119992403,0.0 -53.2943866,-26.7503723992403,0.0 -53.2944166,-26.7503516992403,0.0 -53.2944448,-26.7503312992403,0.0 -53.2944657,-26.7503167992403,0.0 -53.2944812,-26.7503049992403,0.0 -53.2945009,-26.7502901992403,0.0 -53.2945174,-26.7502781992403,0.0 -53.2945349,-26.7502646992403,0.0 -53.2945676,-26.7502382992403,0.0 -53.2945837,-26.7502242992403,0.0 -53.2945988,-26.7502124992403,0.0 -53.2946312,-26.7501840992403,0.0 -53.2946609,-26.7501618992403,0.0 -53.2946806,-26.7501452992403,0.0 -53.294715,-26.7501204992403,0.0 -53.2947497,-26.7500895992403,0.0 -53.29477,-26.7500742992403,0.0 -53.2947792,-26.7500671992403,0.0 -53.2948009,-26.7500491992403,0.0 -53.2948188,-26.7500327992403,0.0 -53.2948427,-26.7500145992403,0.0 -53.2948878,-26.7499808992403,0.0 -53.2949146,-26.7499616992403,0.0 -53.2949336,-26.7499465992403,0.0 -53.2949464,-26.7499367992403,0.0 -53.2949757,-26.7499185992403,0.0 -53.2949927,-26.7499092992403,0.0 -53.2950226,-26.7498912992403,0.0 -53.2950449,-26.7498766992403,0.0 -53.2950689,-26.7498596992403,0.0 -53.2950958,-26.7498426992403,0.0 -53.2951171,-26.7498264992403,0.0 -53.2951625,-26.7497997992403,0.0 -53.2951828,-26.7497859992403,0.0 -53.2952006,-26.7497722992403,0.0 -53.2952183,-26.7497612992403,0.0 -53.2952347,-26.7497488992403,0.0 -53.2952623,-26.7497245992403,0.0 -53.2952797,-26.7497087992403,0.0 -53.2952991,-26.7496862992403,0.0 -53.2953145,-26.7496740992403,0.0 -53.2953305,-26.7496598992403,0.0 -53.2953515,-26.7496374992403,0.0 -53.2953678,-26.7496221992403,0.0 -53.2953838,-26.7496065992403,0.0 -53.295421,-26.7495627992403,0.0 -53.295436,-26.7495466992403,0.0 -53.2954506,-26.7495264992403,0.0 -53.295464,-26.7495096992403,0.0 -53.2954776,-26.7494910992403,0.0 -53.2955036,-26.7494500992403,0.0 -53.2955173,-26.7494325992403,0.0 -53.2955297,-26.7494137992403,0.0 -53.2955426,-26.7493962992403,0.0 -53.2955527,-26.7493784992403,0.0 -53.2955766,-26.7493445992403,0.0 -53.295591,-26.7493177992403,0.0 -53.2956009,-26.7493015992403,0.0 -53.2956122,-26.7492814992403,0.0 -53.2956319,-26.7492474992403,0.0 -53.2956464,-26.7492245992403,0.0 -53.2956527,-26.7492128992403,0.0 -53.2956693,-26.7491944992403,0.0 -53.2956825,-26.7491842992403,0.0 -53.2956996,-26.7491581992403,0.0 -53.2957116,-26.7491511992403,0.0 -53.2957262,-26.7491469992403,0.0 -53.2957321,-26.7491461992403,0.0 -53.295741,-26.7491352992403,0.0 -53.2957457,-26.7491299992403,0.0 -53.2957612,-26.7491133992403,0.0 -53.2957669,-26.7491025992403,0.0 -53.2957745,-26.7490910992403,0.0 -53.2957826,-26.7490817992403,0.0 -53.2957855,-26.7490765992403,0.0 -53.2957925,-26.7490666992403,0.0 -53.2957994,-26.7490512992403,0.0 -53.2958084,-26.7490414992403,0.0 -53.2958128,-26.7490344992403,0.0 -53.2958168,-26.7490285992403,0.0 -53.2958211,-26.7490245992403,0.0 -53.2958284,-26.7490156992403,0.0 -53.2958409,-26.7489989992403,0.0 -53.295845,-26.7489942992403,0.0 -53.2958534,-26.7489863992403,0.0 -53.2958604,-26.7489752992403,0.0 -53.2958647,-26.7489708992403,0.0 -53.2958723,-26.7489607992403,0.0 -53.2958802,-26.7489512992403,0.0 -53.2958864,-26.7489421992403,0.0 -53.2958997,-26.7489194992403,0.0 -53.2959099,-26.7489073992403,0.0 -53.2959161,-26.7489002992403,0.0 -53.2959255,-26.7488904992403,0.0 -53.2959304,-26.7488834992403,0.0 -53.2959398,-26.7488713992403,0.0 -53.295963,-26.7488493992403,0.0 -53.29597,-26.7488371992403,0.0 -53.2959764,-26.7488302992403,0.0 -53.2959823,-26.7488213992403,0.0 -53.2959889,-26.7488130992403,0.0 -53.2960083,-26.7487948992403,0.0 -53.2960207,-26.7487818992403,0.0 -53.2960375,-26.7487651992403,0.0 -53.2960498,-26.7487498992403,0.0 -53.2960584,-26.7487400992403,0.0 -53.2960692,-26.7487315992403,0.0 -53.2960741,-26.7487264992403,0.0 -53.2960797,-26.7487215992403,0.0 -53.296086,-26.7487168992403,0.0 -53.2960979,-26.7487080992403,0.0 -53.2961048,-26.7487023992403,0.0 -53.2961167,-26.7486927992403,0.0 -53.2961208,-26.7486888992403,0.0 -53.2961301,-26.7486825992403,0.0 -53.2961418,-26.7486755992403,0.0 -53.2961594,-26.7486657992403,0.0 -53.2961673,-26.7486616992403,0.0 -53.296176,-26.7486574992403,0.0 -53.296181,-26.7486555992403,0.0 -53.2961902,-26.7486525992403,0.0 -53.2961978,-26.7486490992403,0.0 -53.296207,-26.7486468992403,0.0 -53.296216,-26.7486452992403,0.0 -53.2962324,-26.7486399992403,0.0 -53.2962408,-26.7486385992403,0.0 -53.2962567,-26.7486365992403,0.0 -53.296272,-26.7486326992403,0.0 -53.2962781,-26.7486313992403,0.0 -53.2962838,-26.7486295992403,0.0 -53.2963016,-26.7486258992403,0.0 -53.296322,-26.7486207992403,0.0 -53.2963301,-26.7486183992403,0.0 -53.2963441,-26.7486160992403,0.0 -53.296365,-26.7486126992403,0.0 -53.2963701,-26.7486115992403,0.0 -53.2963751,-26.7486104992403,0.0 -53.2963804,-26.7486098992403,0.0 -53.2963877,-26.7486083992403,0.0 -53.2964167,-26.7486068992403,0.0 -53.2964249,-26.7486064992403,0.0 -53.296449,-26.7486069992403,0.0 -53.2964556,-26.7486075992403,0.0 -53.2964622,-26.7486077992403,0.0 -53.2964707,-26.7486083992403,0.0 -53.2964802,-26.7486099992403,0.0 -53.2964933,-26.7486126992403,0.0 -53.2965048,-26.7486139992403,0.0 -53.2965102,-26.7486149992403,0.0 -53.2965155,-26.7486152992403,0.0 -53.2965201,-26.7486161992403,0.0 -53.2965512,-26.7486233992403,0.0 -53.2965585,-26.7486241992403,0.0 -53.2965636,-26.7486254992403,0.0 -53.2965701,-26.7486258992403,0.0 -53.29659,-26.7486289992403,0.0 -53.296604,-26.7486308992403,0.0 -53.2966148,-26.7486323992403,0.0 -53.2966277,-26.7486344992403,0.0 -53.2966339,-26.7486350992403,0.0 -53.2966554,-26.7486375992403,0.0 -53.2966631,-26.7486391992403,0.0 -53.2966776,-26.7486410992403,0.0 -53.2966982,-26.7486442992403,0.0 -53.2967077,-26.7486462992403,0.0 -53.2967188,-26.7486479992403,0.0 -53.2967398,-26.7486504992403,0.0 -53.2967461,-26.7486522992403,0.0 -53.2967581,-26.7486540992403,0.0 -53.29678,-26.7486572992403,0.0 -53.2968084,-26.7486629992403,0.0 -53.2968281,-26.7486654992403,0.0 -53.2968377,-26.7486678992403,0.0 -53.2968668,-26.7486694992403,0.0 -53.2968868,-26.7486726992403,0.0 -53.2968976,-26.7486729992403,0.0 -53.2969096,-26.7486742992403,0.0 -53.2969184,-26.7486740992403,0.0 -53.2969268,-26.7486742992403,0.0 -53.2969562,-26.7486761992403,0.0 -53.2969979,-26.7486749992403,0.0 -53.2970045,-26.7486748992403,0.0 -53.297012,-26.7486750992403,0.0 -53.2970185,-26.7486754992403,0.0 -53.2970259,-26.7486749992403,0.0 -53.2970399,-26.7486751992403,0.0 -53.2970449,-26.7486752992403,0.0 -53.2970593,-26.7486763992403,0.0 -53.2970687,-26.7486779992403,0.0 -53.297076,-26.7486779992403,0.0 -53.2970842,-26.7486797992403,0.0 -53.2970902,-26.7486796992403,0.0 -53.2971119,-26.7486814992403,0.0 -53.2971224,-26.7486839992403,0.0 -53.2971299,-26.7486864992403,0.0 -53.2971374,-26.7486875992403,0.0 -53.2971733,-26.7486915992403,0.0 -53.2971816,-26.7486933992403,0.0 -53.2971906,-26.7486958992403,0.0 -53.2972003,-26.7486975992403,0.0 -53.2972054,-26.7486976992403,0.0 -53.2972105,-26.7486981992403,0.0 -53.2972233,-26.7487011992403,0.0 -53.2972286,-26.7487010992403,0.0 -53.297239,-26.7487021992403,0.0 -53.2972494,-26.7487013992403,0.0 -53.2972606,-26.7487017992403,0.0 -53.2972666,-26.7487017992403,0.0 -53.297273,-26.7487014992403,0.0 -53.2972909,-26.7487010992403,0.0 -53.2973047,-26.7486997992403,0.0 -53.2973159,-26.7486987992403,0.0 -53.2973255,-26.7486965992403,0.0 -53.2973324,-26.7486961992403,0.0 -53.2973413,-26.7486946992403,0.0 -53.2973523,-26.7486927992403,0.0 -53.2973612,-26.7486925992403,0.0 -53.2973708,-26.7486903992403,0.0 -53.2973864,-26.7486870992403,0.0 -53.2973916,-26.7486848992403,0.0 -53.2974012,-26.7486822992403,0.0 -53.2974175,-26.7486778992403,0.0 -53.2974249,-26.7486737992403,0.0 -53.2974314,-26.7486688992403,0.0 -53.2974393,-26.7486658992403,0.0 -53.2974592,-26.7486567992403,0.0 -53.2974888,-26.7486421992403,0.0 -53.2975013,-26.7486358992403,0.0 -53.2975068,-26.7486339992403,0.0 -53.2975163,-26.7486276992403,0.0 -53.2975346,-26.7486181992403,0.0 -53.2975414,-26.7486161992403,0.0 -53.2975473,-26.7486146992403,0.0 -53.2975546,-26.7486131992403,0.0 -53.2975612,-26.7486109992403,0.0 -53.2975747,-26.7486096992403,0.0 -53.2975821,-26.7486081992403,0.0 -53.2975902,-26.7486059992403,0.0 -53.2976026,-26.7486056992403,0.0 -53.2976092,-26.7486063992403,0.0 -53.2976159,-26.7486065992403,0.0 -53.2976225,-26.7486075992403,0.0 -53.2976323,-26.7486093992403,0.0 -53.2976442,-26.7486090992403,0.0 -53.297662,-26.7486134992403,0.0 -53.2976717,-26.7486152992403,0.0 -53.2976893,-26.7486209992403,0.0 -53.2976961,-26.7486228992403,0.0 -53.2977013,-26.7486233992403,0.0 -53.2977189,-26.7486287992403,0.0 -53.297725,-26.7486325992403,0.0 -53.2977315,-26.7486350992403,0.0 -53.2977428,-26.7486407992403,0.0 -53.2977611,-26.7486462992403,0.0 -53.2977816,-26.7486585992403,0.0 -53.2977952,-26.7486635992403,0.0 -53.2978005,-26.7486654992403,0.0 -53.2978195,-26.7486751992403,0.0 -53.2978249,-26.7486797992403,0.0 -53.2978355,-26.7486860992403,0.0 -53.2978589,-26.7486981992403,0.0 -53.2978826,-26.7487148992403,0.0 -53.2978887,-26.7487187992403,0.0 -53.2978992,-26.7487238992403,0.0 -53.2979053,-26.7487264992403,0.0 -53.2979226,-26.7487381992403,0.0 -53.2979454,-26.7487536992403,0.0 -53.297958,-26.7487600992403,0.0 -53.2979693,-26.7487658992403,0.0 -53.2979873,-26.7487761992403,0.0 -53.2979949,-26.7487826992403,0.0 -53.2980002,-26.7487858992403,0.0 -53.298006,-26.7487881992403,0.0 -53.2980107,-26.7487906992403,0.0 -53.2980149,-26.7487941992403,0.0 -53.2980308,-26.7488014992403,0.0 -53.2980403,-26.7488119992403,0.0 -53.2980518,-26.7488178992403,0.0 -53.2980557,-26.7488227992403,0.0 -53.2980669,-26.7488296992403,0.0 -53.2980758,-26.7488391992403,0.0 -53.2980864,-26.7488486992403,0.0 -53.2980896,-26.7488521992403,0.0 -53.2980956,-26.7488599992403,0.0 -53.2981068,-26.7488741992403,0.0 -53.2981221,-26.7488983992403,0.0 -53.2981279,-26.7489071992403,0.0 -53.2981302,-26.7489118992403,0.0 -53.2981335,-26.7489181992403,0.0 -53.2981365,-26.7489226992403,0.0 -53.2981409,-26.7489314992403,0.0 -53.2981565,-26.7489525992403,0.0 -53.2981598,-26.7489576992403,0.0 -53.2981656,-26.7489668992403,0.0 -53.2981751,-26.7489846992403,0.0 -53.2981772,-26.7489887992403,0.0 -53.298183,-26.7489975992403,0.0 -53.2981886,-26.7490061992403,0.0 -53.2981941,-26.7490151992403,0.0 -53.2981963,-26.7490208992403,0.0 -53.2981988,-26.7490261992403,0.0 -53.298204,-26.7490356992403,0.0 -53.2982069,-26.7490393992403,0.0 -53.2982091,-26.7490434992403,0.0 -53.2982176,-26.7490569992403,0.0 -53.2982233,-26.7490645992403,0.0 -53.298228,-26.7490739992403,0.0 -53.2982308,-26.7490782992403,0.0 -53.2982329,-26.7490879992403,0.0 -53.2982368,-26.7490993992403,0.0 -53.2982396,-26.7491067992403,0.0 -53.2982428,-26.7491120992403,0.0 -53.2982446,-26.7491195992403,0.0 -53.2982448,-26.7491285992403,0.0 -53.2982482,-26.7491388992403,0.0 -53.298256,-26.7491777992403,0.0 -53.2982654,-26.7492253992403,0.0 -53.2982679,-26.7492399992403,0.0 -53.2982696,-26.7492544992403,0.0 -53.2982754,-26.7492945992403,0.0 -53.2982766,-26.7493216992403,0.0 -53.2982781,-26.7493353992403,0.0 -53.2982803,-26.7493561992403,0.0 -53.298281,-26.7493705992403,0.0 -53.2982826,-26.7493915992403,0.0 -53.2982831,-26.7494237992403,0.0 -53.2982855,-26.7494444992403,0.0 -53.2982854,-26.7494647992403,0.0 -53.2982872,-26.7494841992403,0.0 -53.2982864,-26.7495057992403,0.0 -53.298287,-26.7495234992403,0.0 -53.2982852,-26.7495441992403,0.0 -53.2982842,-26.7495621992403,0.0 -53.2982817,-26.7495812992403,0.0 -53.2982746,-26.7496483992403,0.0 -53.2982705,-26.7496675992403,0.0 -53.2982589,-26.7497074992403,0.0 -53.2982556,-26.7497230992403,0.0 -53.2982499,-26.7497414992403,0.0 -53.2982439,-26.7497649992403,0.0 -53.2982387,-26.7497851992403,0.0 -53.2982327,-26.7498057992403,0.0 -53.2982201,-26.7498567992403,0.0 -53.2982153,-26.7498766992403,0.0 -53.2982107,-26.7498927992403,0.0 -53.298206,-26.7499160992403,0.0 -53.2982029,-26.7499302992403,0.0 -53.2982008,-26.7499447992403,0.0 -53.2981968,-26.7500062992403,0.0 -53.2981934,-26.7500365992403,0.0 -53.2981925,-26.7500528992403,0.0 -53.2981904,-26.7500758992403,0.0 -53.2981901,-26.7501055992403,0.0 -53.2981861,-26.7501409992403,0.0 -53.2981868,-26.7501680992403,0.0 -53.2981863,-26.7501802992403,0.0 -53.2981849,-26.7501964992403,0.0 -53.2981823,-26.7502166992403,0.0 -53.298181,-26.7502876992403,0.0 -53.2981754,-26.7503212992403,0.0 -53.2981755,-26.7503456992403,0.0 -53.2981722,-26.7503680992403,0.0 -53.2981727,-26.7503942992403,0.0 -53.2981703,-26.7504183992403,0.0 -53.2981685,-26.7504440992403,0.0 -53.2981708,-26.7504690992403,0.0 -53.2981716,-26.7504818992403,0.0 -53.2981716,-26.7504966992403,0.0 -53.2981717,-26.7505488992403,0.0 -53.2981731,-26.7505790992403,0.0 -53.2981737,-26.7506057992403,0.0 -53.2981756,-26.7506226992403,0.0 -53.2981772,-26.7506399992403,0.0 -53.2981808,-26.7506693992403,0.0 -53.2981827,-26.7506851992403,0.0 -53.2981881,-26.7507128992403,0.0 -53.2981914,-26.7507270992403,0.0 -53.2981959,-26.7507397992403,0.0 -53.2982005,-26.7507615992403,0.0 -53.2982126,-26.7507790992403,0.0 -53.2982195,-26.7507927992403,0.0 -53.298232,-26.7508123992403,0.0 -53.2982412,-26.7508284992403,0.0 -53.2982517,-26.7508453992403,0.0 -53.2982794,-26.7508843992403,0.0 -53.2982899,-26.7508997992403,0.0 -53.2982995,-26.7509158992403,0.0 -53.298316,-26.7509375992403,0.0 -53.2983272,-26.7509542992403,0.0 -53.2983439,-26.7509753992403,0.0 -53.2983569,-26.7509940992403,0.0 -53.298373,-26.7510157992403,0.0 -53.2984025,-26.7510620992403,0.0 -53.2984176,-26.7510842992403,0.0 -53.298435,-26.7511099992403,0.0 -53.2984641,-26.7511547992403,0.0 -53.2984809,-26.7511805992403,0.0 -53.2984978,-26.7512036992403,0.0 -53.2985125,-26.7512255992403,0.0 -53.2985206,-26.7512367992403,0.0 -53.2985604,-26.7512876992403,0.0 -53.2985877,-26.7513198992403,0.0 -53.2986087,-26.7513474992403,0.0 -53.2986256,-26.7513680992403,0.0 -53.2986412,-26.7513883992403,0.0 -53.2986801,-26.7514436992403,0.0 -53.2987084,-26.7514837992403,0.0 -53.2987188,-26.7515026992403,0.0 -53.2987344,-26.7515280992403,0.0 -53.2987438,-26.7515468992403,0.0 -53.298753,-26.7515652992403,0.0 -53.2987618,-26.7515837992403,0.0 -53.2987705,-26.7516043992403,0.0 -53.2987789,-26.7516232992403,0.0 -53.298788,-26.7516454992403,0.0 -53.2988013,-26.7516795992403,0.0 -53.2988101,-26.7517026992403,0.0 -53.2988222,-26.7517357992403,0.0 -53.2988305,-26.7517607992403,0.0 -53.298836,-26.7517850992403,0.0 -53.2988492,-26.7518248992403,0.0 -53.2988573,-26.7518678992403,0.0 -53.2988731,-26.7519136992403,0.0 -53.2988797,-26.7519452992403,0.0 -53.2988864,-26.7519698992402,0.0 -53.2988928,-26.7519954992402,0.0 -53.298905,-26.7520452992402,0.0 -53.2989086,-26.7520660992402,0.0 -53.298911,-26.7520751992402,0.0 -53.2989187,-26.7521108992402,0.0 -53.2989299,-26.7521679992402,0.0 -53.2989371,-26.7522157992402,0.0 -53.298941,-26.7522389992402,0.0 -53.2989432,-26.7522599992402,0.0 -53.298947,-26.7522884992402,0.0 -53.298948,-26.7523084992402,0.0 -53.29895,-26.7523360992402,0.0 -53.2989504,-26.7523540992402,0.0 -53.2989498,-26.7523725992402,0.0 -53.2989509,-26.7524238992402,0.0 -53.2989514,-26.7524571992402,0.0 -53.2989507,-26.7524724992402,0.0 -53.2989497,-26.7525006992402,0.0 -53.2989482,-26.7525149992402,0.0 -53.2989451,-26.7525284992402,0.0 -53.2989412,-26.7525427992402,0.0 -53.2989372,-26.7525715992402,0.0 -53.2989253,-26.7526053992402,0.0 -53.2989186,-26.7526352992402,0.0 -53.298912,-26.7526532992402,0.0 -53.2989033,-26.7526827992402,0.0 -53.2988874,-26.7527177992402,0.0 -53.2988771,-26.7527459992402,0.0 -53.2988561,-26.7527849992402,0.0 -53.2988436,-26.7528140992402,0.0 -53.2988323,-26.7528367992402,0.0 -53.2988186,-26.7528661992402,0.0 -53.2988076,-26.7528870992402,0.0 -53.2987964,-26.7529049992402,0.0 -53.2987827,-26.7529314992402,0.0 -53.2987741,-26.7529431992402,0.0 -53.2987708,-26.7529469992402,0.0 -53.2987562,-26.7529693992402,0.0 -53.2987427,-26.7529965992402,0.0 -53.2987336,-26.7530105992402,0.0 -53.2987056,-26.7530472992402,0.0 -53.2986838,-26.7530763992402,0.0 -53.2986708,-26.7530910992402,0.0 -53.2986589,-26.7531050992402,0.0 -53.2986441,-26.7531202992402,0.0 -53.2986318,-26.7531339992402,0.0 -53.2986144,-26.7531494992402,0.0 -53.2986015,-26.7531629992402,0.0 -53.2985875,-26.7531752992402,0.0 -53.2985682,-26.7531889992402,0.0 -53.2985402,-26.7532095992402,0.0 -53.2985075,-26.7532309992402,0.0 -53.2984933,-26.7532397992402,0.0 -53.2984784,-26.7532488992402,0.0 -53.2984537,-26.7532631992402,0.0 -53.2984204,-26.7532802992402,0.0 -53.2983912,-26.7532962992402,0.0 -53.2983527,-26.7533130992402,0.0 -53.2983233,-26.7533295992402,0.0 -53.2983036,-26.7533365992402,0.0 -53.298272,-26.7533518992402,0.0 -53.2982541,-26.7533600992402,0.0 -53.2982197,-26.7533734992402,0.0 -53.2981474,-26.7534045992402,0.0 -53.2981275,-26.7534138992402,0.0 -53.2981076,-26.7534255992402,0.0 -53.2980878,-26.7534384992402,0.0 -53.2980507,-26.7534552992402,0.0 -53.2980103,-26.7534796992402,0.0 -53.2979747,-26.7534964992402,0.0 -53.2979576,-26.7535098992402,0.0 -53.2979362,-26.7535242992402,0.0 -53.2978683,-26.7535585992402,0.0 -53.2978454,-26.7535732992402,0.0 -53.2978241,-26.7535876992402,0.0 -53.2977895,-26.7536060992402,0.0 -53.297769,-26.7536193992402,0.0 -53.2977353,-26.7536384992402,0.0 -53.2977145,-26.7536501992402,0.0 -53.2976824,-26.7536705992402,0.0 -53.2976346,-26.7536956992402,0.0 -53.297608,-26.7537079992402,0.0 -53.2975664,-26.7537384992402,0.0 -53.2975627,-26.7537415992402,0.0 -53.2975377,-26.7537538992402,0.0 -53.2975237,-26.7537668992402,0.0 -53.2974995,-26.7537843992402,0.0 -53.2974555,-26.7538077992402,0.0 -53.2974201,-26.7538297992402,0.0 -53.2973555,-26.7538689992402,0.0 -53.297339,-26.7538780992402,0.0 -53.297324,-26.7538872992402,0.0 -53.2972899,-26.7539074992402,0.0 -53.2972739,-26.7539175992402,0.0 -53.2972565,-26.7539297992402,0.0 -53.2972229,-26.7539447992402,0.0 -53.2972051,-26.7539561992402,0.0 -53.2971895,-26.7539645992402,0.0 -53.2971576,-26.7539761992402,0.0 -53.2971481,-26.7539849992402,0.0 -53.2971291,-26.7539960992402,0.0 -53.2971013,-26.7540048992402,0.0 -53.2970777,-26.7540169992402,0.0 -53.2970552,-26.7540222992402,0.0 -53.2970304,-26.7540333992402,0.0 -53.2969965,-26.7540427992402,0.0 -53.2969719,-26.7540532992402,0.0 -53.2969589,-26.7540580992402,0.0 -53.2969375,-26.7540677992402,0.0 -53.29692,-26.7540764992402,0.0 -53.2968934,-26.7540939992402,0.0 -53.2968737,-26.7541038992402,0.0 -53.2968581,-26.7541165992402,0.0 -53.2968415,-26.7541262992402,0.0 -53.2968254,-26.7541412992402,0.0 -53.29681,-26.7541515992402,0.0 -53.2967933,-26.7541707992402,0.0 -53.2967805,-26.7541812992402,0.0 -53.2967639,-26.7542032992402,0.0 -53.2967535,-26.7542154992402,0.0 -53.296743,-26.7542296992402,0.0 -53.2967272,-26.7542520992402,0.0 -53.2967178,-26.7542678992402,0.0 -53.2967046,-26.7542931992402,0.0 -53.2966963,-26.7543093992402,0.0 -53.2966836,-26.7543375992402,0.0 -53.2966754,-26.7543547992402,0.0 -53.2966645,-26.7543838992402,0.0 -53.2966507,-26.7544153992402,0.0 -53.2966447,-26.7544313992402,0.0 -53.2966261,-26.7544831992402,0.0 -53.2966134,-26.7545335992402,0.0 -53.2966105,-26.7545500992402,0.0 -53.2966067,-26.7545753992402,0.0 -53.2966041,-26.7545936992402,0.0 -53.2966008,-26.7546236992402,0.0 -53.2965988,-26.7546431992402,0.0 -53.2965974,-26.7546634992402,0.0 -53.2965952,-26.7546927992402,0.0 -53.296595,-26.7547120992402,0.0 -53.2965948,-26.7547380992402,0.0 -53.2965953,-26.7547533992402,0.0 -53.2965957,-26.7547791992402,0.0 -53.2965988,-26.7548309992402,0.0 -53.2966003,-26.7548557992402,0.0 -53.296605,-26.7548793992402,0.0 -53.2966069,-26.7548951992402,0.0 -53.2966121,-26.7549147992402,0.0 -53.2966156,-26.7549312992402,0.0 -53.2966262,-26.7549620992402,0.0 -53.2966331,-26.7549824992402,0.0 -53.2966368,-26.7549913992402,0.0 -53.2966444,-26.7550095992402,0.0 -53.2966492,-26.7550189992402,0.0 -53.2966507,-26.7550233992402,0.0 -53.2966571,-26.7550348992402,0.0 -53.2966652,-26.7550511992402,0.0 -53.2966749,-26.7550664992402,0.0 -53.2966832,-26.7550779992402,0.0 -53.296693,-26.7550905992402,0.0 -53.2967373,-26.7551656992402,0.0 -53.2967467,-26.7551794992402,0.0 -53.2967547,-26.7551923992402,0.0 -53.2967638,-26.7552085992402,0.0 -53.2967742,-26.7552301992402,0.0 -53.2968026,-26.7552759992402,0.0 -53.2968126,-26.7552978992402,0.0 -53.2968206,-26.7553195992402,0.0 -53.2968228,-26.7553232992402,0.0 -53.2969072,-26.7554214992402,0.0 -53.2970999,-26.7556458992402,0.0 -53.304163,-26.76386699924,0.0 -53.3055521,-26.76562489924,0.0 -53.3055051,-26.76558369924,0.0 -53.3054664,-26.76554569924,0.0 -53.3054554,-26.76553439924,0.0 -53.3054301,-26.76551269924,0.0 -53.3054211,-26.76550489924,0.0 -53.3054117,-26.76549719924,0.0 -53.305387,-26.76547769924,0.0 -53.3053669,-26.76546019924,0.0 -53.3053567,-26.76545399924,0.0 -53.3053388,-26.76544069924,0.0 -53.3053277,-26.76543589924,0.0 -53.3053133,-26.76542789924,0.0 -53.3053017,-26.76542479924,0.0 -53.3052763,-26.76541619924,0.0 -53.3052514,-26.76541049924,0.0 -53.3052398,-26.76540749924,0.0 -53.3052287,-26.76540639924,0.0 -53.3052169,-26.76540479924,0.0 -53.3052053,-26.76540449924,0.0 -53.3051833,-26.76540459924,0.0 -53.3051711,-26.76540519924,0.0 -53.3051548,-26.76540639924,0.0 -53.3051417,-26.76540839924,0.0 -53.3051338,-26.76540989924,0.0 -53.3051206,-26.76541349924,0.0 -53.3050936,-26.76542389924,0.0 -53.3050811,-26.76542789924,0.0 -53.3050629,-26.76543429924,0.0 -53.3050332,-26.76544479924,0.0 -53.3050242,-26.76544839924,0.0 -53.3049836,-26.76546649924,0.0 -53.3049595,-26.76547969924,0.0 -53.3049415,-26.76548819924,0.0 -53.3049213,-26.76549629924,0.0 -53.3048963,-26.76550699924,0.0 -53.304876,-26.76551559924,0.0 -53.304862,-26.76552239924,0.0 -53.3048518,-26.76552739924,0.0 -53.3048453,-26.76553079924,0.0 -53.3048348,-26.76553639924,0.0 -53.304828,-26.76554179924,0.0 -53.3048086,-26.76555449924,0.0 -53.3048012,-26.76556119924,0.0 -53.3047936,-26.76556859924,0.0 -53.3047849,-26.76557369924,0.0 -53.3047776,-26.76557759924,0.0 -53.3047664,-26.76559079924,0.0 -53.3047429,-26.76561519924,0.0 -53.3047249,-26.76563469924,0.0 -53.304719,-26.76563929924,0.0 -53.3047151,-26.76564339924,0.0 -53.3047045,-26.76565429924,0.0 -53.3046864,-26.76566959924,0.0 -53.3046764,-26.76567879924,0.0 -53.3046674,-26.76568709924,0.0 -53.3046572,-26.76569579924,0.0 -53.3046398,-26.76571059924,0.0 -53.3046301,-26.76571799924,0.0 -53.3046209,-26.76572439924,0.0 -53.3046031,-26.76573899924,0.0 -53.3045936,-26.76574479924,0.0 -53.3045843,-26.76575149924,0.0 -53.304574,-26.76575729924,0.0 -53.3045653,-26.76576319924,0.0 -53.3045543,-26.76576819924,0.0 -53.3045463,-26.76577259924,0.0 -53.3045389,-26.76577579924,0.0 -53.3045315,-26.76577799924,0.0 -53.3045204,-26.76578199924,0.0 -53.3045038,-26.76578609924,0.0 -53.3044928,-26.76578869924,0.0 -53.3044754,-26.76579209924,0.0 -53.3044556,-26.76579459924,0.0 -53.3044484,-26.76579549924,0.0 -53.3044387,-26.76579699924,0.0 -53.3044194,-26.76579829924,0.0 -53.304398,-26.76580299924,0.0 -53.3043828,-26.76580349924,0.0 -53.3043708,-26.76580689924,0.0 -53.3043627,-26.76580779924,0.0 -53.3043548,-26.76580949924,0.0 -53.3043281,-26.76581869924,0.0 -53.304315,-26.76582249924,0.0 -53.3042948,-26.76582979924,0.0 -53.3042676,-26.76584069924,0.0 -53.3042441,-26.76585139924,0.0 -53.3042312,-26.76585629924,0.0 -53.3042152,-26.76586189924,0.0 -53.3042003,-26.76586959924,0.0 -53.3041896,-26.76587429924,0.0 -53.3041827,-26.76587839924,0.0 -53.3041769,-26.76588239924,0.0 -53.3041464,-26.76589709924,0.0 -53.3041408,-26.76590149924,0.0 -53.3041326,-26.76590509924,0.0 -53.3040908,-26.76593239924,0.0 -53.30407,-26.76594379924,0.0 -53.3040637,-26.76594769924,0.0 -53.3040506,-26.76595569924,0.0 -53.3040116,-26.76598229924,0.0 -53.3039859,-26.76599729924,0.0 -53.3039761,-26.76600329924,0.0 -53.3039475,-26.76602129924,0.0 -53.3039159,-26.76604169924,0.0 -53.303904,-26.76604889924,0.0 -53.3038579,-26.76607939924,0.0 -53.3038449,-26.76608659924,0.0 -53.3038186,-26.76610249924,0.0 -53.3037959,-26.76611589924,0.0 -53.3037855,-26.76612409924,0.0 -53.3037639,-26.76613869924,0.0 -53.3037568,-26.76614269924,0.0 -53.3037479,-26.76614949924,0.0 -53.3037019,-26.76617869924,0.0 -53.3036885,-26.76618679924,0.0 -53.3036743,-26.76619449924,0.0 -53.3036463,-26.76620919924,0.0 -53.3036328,-26.76621549924,0.0 -53.3036201,-26.76622109924,0.0 -53.3036076,-26.76622599924,0.0 -53.3035947,-26.76623059924,0.0 -53.3035632,-26.76624199924,0.0 -53.3035241,-26.76625359924,0.0 -53.3034986,-26.76625919924,0.0 -53.3034122,-26.76628779924,0.0 -53.3033908,-26.76629179924,0.0 -53.303369,-26.76629699924,0.0 -53.3033323,-26.76630829924,0.0 -53.3032863,-26.76632029924,0.0 -53.3032573,-26.76632889924,0.0 -53.3031999,-26.76634499924,0.0 -53.3031684,-26.76635329924,0.0 -53.3031538,-26.76635669924,0.0 -53.3031181,-26.76636529924,0.0 -53.3031056,-26.76636809924,0.0 -53.3030971,-26.76636939924,0.0 -53.3030851,-26.76637179924,0.0 -53.3030688,-26.76637659924,0.0 -53.3030505,-26.76638119924,0.0 -53.302995,-26.76639439924,0.0 -53.302977,-26.76639729924,0.0 -53.30296,-26.76639929924,0.0 -53.3029433,-26.76640289924,0.0 -53.302916,-26.76641079924,0.0 -53.3028815,-26.76641899924,0.0 -53.3028311,-26.76643219924,0.0 -53.3028125,-26.76643689924,0.0 -53.3027935,-26.76644229924,0.0 -53.3027795,-26.76644489924,0.0 -53.3027599,-26.76644969924,0.0 -53.3027313,-26.76645259924,0.0 -53.302712,-26.76645669924,0.0 -53.3027047,-26.76645769924,0.0 -53.3026855,-26.76646109924,0.0 -53.302661,-26.76646329924,0.0 -53.3026435,-26.76646559924,0.0 -53.3026191,-26.76646739924,0.0 -53.3025942,-26.76646929924,0.0 -53.3025826,-26.76646889924,0.0 -53.3025539,-26.76646939924,0.0 -53.3025334,-26.76646969924,0.0 -53.3025174,-26.76646919924,0.0 -53.3024729,-26.76646919924,0.0 -53.3024261,-26.76646409924,0.0 -53.3024034,-26.76646379924,0.0 -53.3023727,-26.76646119924,0.0 -53.3023264,-26.76646189924,0.0 -53.3022921,-26.76646099924,0.0 -53.3022763,-26.76646179924,0.0 -53.302252,-26.76646129924,0.0 -53.3022291,-26.76646089924,0.0 -53.302205,-26.76645939924,0.0 -53.3021909,-26.76645779924,0.0 -53.3021687,-26.76645569924,0.0 -53.302155,-26.76645269924,0.0 -53.3021456,-26.76645099924,0.0 -53.3020934,-26.76644469924,0.0 -53.3020648,-26.76644089924,0.0 -53.302046,-26.76643919924,0.0 -53.3020332,-26.76643679924,0.0 -53.3020137,-26.76643439924,0.0 -53.3019572,-26.76643089924,0.0 -53.3019355,-26.76642789924,0.0 -53.3019245,-26.76642669924,0.0 -53.3018667,-26.76641109924,0.0 -53.3018488,-26.76640799924,0.0 -53.3018358,-26.76640639924,0.0 -53.3018207,-26.76640429924,0.0 -53.3017729,-26.76640289924,0.0 -53.3017446,-26.76640159924,0.0 -53.3017349,-26.76640169924,0.0 -53.3017064,-26.76640209924,0.0 -53.3016716,-26.76640409924,0.0 -53.3016537,-26.76640579924,0.0 -53.3016031,-26.76640849924,0.0 -53.3015868,-26.76640939924,0.0 -53.3015318,-26.76641159924,0.0 -53.3014938,-26.76641689924,0.0 -53.3014805,-26.76641779924,0.0 -53.3014659,-26.76641949924,0.0 -53.3014506,-26.76642249924,0.0 -53.3013999,-26.76642969924,0.0 -53.3013676,-26.76643689924,0.0 -53.3013529,-26.76643949924,0.0 -53.3013354,-26.76644429924,0.0 -53.301322,-26.76644799924,0.0 -53.3013048,-26.76645329924,0.0 -53.3012909,-26.76645799924,0.0 -53.3012615,-26.76646759924,0.0 -53.3012317,-26.76647969924,0.0 -53.301223,-26.76648179924,0.0 -53.3012178,-26.76648349924,0.0 -53.3012021,-26.76649079924,0.0 -53.3011893,-26.76649379924,0.0 -53.3011754,-26.76649649924,0.0 -53.3011443,-26.76651169924,0.0 -53.3011311,-26.76651489924,0.0 -53.3011062,-26.76652219924,0.0 -53.3010908,-26.76652879924,0.0 -53.3010767,-26.76653389924,0.0 -53.3010519,-26.76654189924,0.0 -53.3010295,-26.76654929924,0.0 -53.3010238,-26.76655049924,0.0 -53.3010185,-26.76655129924,0.0 -53.3009763,-26.76656639924,0.0 -53.3009614,-26.76657079924,0.0 -53.3009467,-26.76657579924,0.0 -53.3009106,-26.76658749924,0.0 -53.3008957,-26.76659289924,0.0 -53.3008771,-26.76659769924,0.0 -53.3008461,-26.76661029924,0.0 -53.3008281,-26.76661619924,0.0 -53.3008126,-26.76662429924,0.0 -53.3007951,-26.76663059924,0.0 -53.3007799,-26.76663809924,0.0 -53.3007621,-26.76664589924,0.0 -53.3007432,-26.76665469924,0.0 -53.300678,-26.76668949924,0.0 -53.3006594,-26.76669919924,0.0 -53.3006268,-26.76671709924,0.0 -53.3006155,-26.76672359924,0.0 -53.3006051,-26.76672879924,0.0 -53.3005671,-26.76675159924,0.0 -53.3005579,-26.76675849924,0.0 -53.3005438,-26.76676789924,0.0 -53.3005376,-26.76677289924,0.0 -53.3005086,-26.76679179924,0.0 -53.300471,-26.76683029924,0.0 -53.300457,-26.76683889924,0.0 -53.300444,-26.76684789924,0.0 -53.3004355,-26.76685499924,0.0 -53.3004227,-26.76686429924,0.0 -53.3004138,-26.76687109924,0.0 -53.3003832,-26.76689299924,0.0 -53.3003576,-26.76691649924,0.0 -53.3003323,-26.76694139924,0.0 -53.3002963,-26.76696819924,0.0 -53.3002845,-26.76697999924,0.0 -53.3002464,-26.76700949924,0.0 -53.3002259,-26.76703259924,0.0 -53.300217,-26.76704159924,0.0 -53.3001916,-26.76706009924,0.0 -53.3001575,-26.76708359924,0.0 -53.3001288,-26.76710389924,0.0 -53.3001069,-26.76711989924,0.0 -53.3000828,-26.76713839924,0.0 -53.3000698,-26.76714729924,0.0 -53.3000039,-26.76719349924,0.0 -53.2999905,-26.76720119924,0.0 -53.2999619,-26.76721849924,0.0 -53.2999418,-26.76723109924,0.0 -53.2999264,-26.76724089924,0.0 -53.2999051,-26.76725609924,0.0 -53.2998889,-26.7672672992399,0.0 -53.2998667,-26.7672844992399,0.0 -53.2998502,-26.7672975992399,0.0 -53.2998344,-26.7673113992399,0.0 -53.2998125,-26.7673294992399,0.0 -53.2997971,-26.76734339924,0.0 -53.2997862,-26.7673531992399,0.0 -53.2997743,-26.7673647992399,0.0 -53.2997519,-26.76738419924,0.0 -53.2997467,-26.7673875992399,0.0 -53.299724,-26.7674128992399,0.0 -53.2997195,-26.76741689924,0.0 -53.2997099,-26.7674269992399,0.0 -53.2996954,-26.7674425992399,0.0 -53.2996728,-26.7674678992399,0.0 -53.2996556,-26.7674832992399,0.0 -53.2996471,-26.7674914992399,0.0 -53.2996122,-26.7675288992399,0.0 -53.2995986,-26.7675430992399,0.0 -53.2995773,-26.7675673992399,0.0 -53.2995685,-26.76757819924,0.0 -53.2995304,-26.7676221992399,0.0 -53.2995121,-26.7676436992399,0.0 -53.2994948,-26.7676625992399,0.0 -53.2994658,-26.7676939992399,0.0 -53.2994333,-26.7677286992399,0.0 -53.2994193,-26.7677446992399,0.0 -53.2993944,-26.7677759992399,0.0 -53.2993725,-26.7678016992399,0.0 -53.2993612,-26.7678150992399,0.0 -53.2993366,-26.7678457992399,0.0 -53.2993272,-26.7678566992399,0.0 -53.2993151,-26.7678696992399,0.0 -53.2993043,-26.7678823992399,0.0 -53.299279,-26.7679080992399,0.0 -53.2992678,-26.7679204992399,0.0 -53.2992385,-26.7679475992399,0.0 -53.2991921,-26.7679863992399,0.0 -53.2991777,-26.7680004992399,0.0 -53.2991633,-26.7680137992399,0.0 -53.2991379,-26.7680363992399,0.0 -53.2991211,-26.7680498992399,0.0 -53.2990842,-26.7680869992399,0.0 -53.2990767,-26.7680934992399,0.0 -53.2990693,-26.7681002992399,0.0 -53.2990402,-26.7681277992399,0.0 -53.2990096,-26.7681556992399,0.0 -53.2989879,-26.7681786992399,0.0 -53.2989455,-26.7682141992399,0.0 -53.2989295,-26.7682298992399,0.0 -53.2989137,-26.7682464992399,0.0 -53.2988967,-26.7682635992399,0.0 -53.2988914,-26.7682696992399,0.0 -53.2988738,-26.7682894992399,0.0 -53.2988604,-26.7682945992399,0.0 -53.2988564,-26.7682985992399,0.0 -53.2988536,-26.7683007992399,0.0 -53.2988329,-26.7683130992399,0.0 -53.2988211,-26.7683157992399,0.0 -53.2988033,-26.7683231992399,0.0 -53.2987932,-26.7683270992399,0.0 -53.2987885,-26.7683296992399,0.0 -53.2987755,-26.7683338992399,0.0 -53.2987703,-26.7683356992399,0.0 -53.2987591,-26.7683406992399,0.0 -53.2987449,-26.7683480992399,0.0 -53.298728,-26.7683565992399,0.0 -53.298703,-26.7683707992399,0.0 -53.2986468,-26.7684030992399,0.0 -53.2986267,-26.7684130992399,0.0 -53.2986121,-26.7684204992399,0.0 -53.298594,-26.7684278992399,0.0 -53.2985822,-26.7684344992399,0.0 -53.2985271,-26.7684580992399,0.0 -53.2985008,-26.7684720992399,0.0 -53.2984795,-26.7684824992399,0.0 -53.2984499,-26.7684939992399,0.0 -53.2984408,-26.7684980992399,0.0 -53.2984169,-26.7685079992399,0.0 -53.2984009,-26.7685130992399,0.0 -53.2983922,-26.7685153992399,0.0 -53.2983727,-26.7685225992399,0.0 -53.2983622,-26.7685261992399,0.0 -53.2983493,-26.7685294992399,0.0 -53.2983369,-26.7685337992399,0.0 -53.2982914,-26.7685466992399,0.0 -53.29822,-26.7685669992399,0.0 -53.2982077,-26.7685699992399,0.0 -53.2981772,-26.7685768992399,0.0 -53.2981543,-26.7685819992399,0.0 -53.2981357,-26.7685875992399,0.0 -53.2980942,-26.7685952992399,0.0 -53.2980713,-26.7686031992399,0.0 -53.298065,-26.7686046992399,0.0 -53.2980581,-26.7686067992399,0.0 -53.2980319,-26.7686135992399,0.0 -53.2980024,-26.7686206992399,0.0 -53.2979933,-26.7686226992399,0.0 -53.2979838,-26.7686252992399,0.0 -53.2979632,-26.7686298992399,0.0 -53.2979433,-26.7686361992399,0.0 -53.2979328,-26.7686378992399,0.0 -53.2979221,-26.7686402992399,0.0 -53.2978964,-26.7686495992399,0.0 -53.2978853,-26.7686511992399,0.0 -53.2978617,-26.7686531992399,0.0 -53.2978372,-26.7686632992399,0.0 -53.2978236,-26.7686693992399,0.0 -53.2977864,-26.7686719992399,0.0 -53.297786,-26.7686749992399,0.0 -53.297782,-26.7686845992399,0.0 -53.2977726,-26.7687030992399,0.0 -53.2977689,-26.7687137992399,0.0 -53.2977575,-26.7687610992399,0.0 -53.2977531,-26.7687883992399,0.0 -53.2977513,-26.7688053992399,0.0 -53.2977501,-26.7688249992399,0.0 -53.2977423,-26.7688812992399,0.0 -53.2977428,-26.7688953992399,0.0 -53.2977423,-26.7689162992399,0.0 -53.2977413,-26.7689388992399,0.0 -53.2977392,-26.7689615992399,0.0 -53.2977322,-26.7690069992399,0.0 -53.2977239,-26.7690865992399,0.0 -53.2977202,-26.7691165992399,0.0 -53.2977096,-26.7691830992399,0.0 -53.2976981,-26.7692420992399,0.0 -53.2976925,-26.7692756992399,0.0 -53.297685,-26.7692993992399,0.0 -53.2976566,-26.7693762992399,0.0 -53.2976404,-26.7694172992399,0.0 -53.2976293,-26.7694398992399,0.0 -53.2975896,-26.7695276992399,0.0 -53.2975764,-26.7695607992399,0.0 -53.2975526,-26.7696322992399,0.0 -53.2975437,-26.7696637992399,0.0 -53.2975385,-26.7696871992399,0.0 -53.2975301,-26.7697636992399,0.0 -53.2975191,-26.7699140992399,0.0 -53.2975157,-26.7699510992399,0.0 -53.2975143,-26.7699915992399,0.0 -53.2975059,-26.7701711992399,0.0 -53.2975008,-26.7702028992399,0.0 -53.2974859,-26.7702570992399,0.0 -53.2974817,-26.7702787992399,0.0 -53.2974738,-26.7703300992399,0.0 -53.2974659,-26.7703886992399,0.0 -53.2974548,-26.7704556992399,0.0 -53.2974461,-26.7705153992399,0.0 -53.2974373,-26.7705605992399,0.0 -53.2974314,-26.7705817992399,0.0 -53.2974276,-26.7705912992399,0.0 -53.2974264,-26.7705943992399,0.0 -53.2974161,-26.7706134992399,0.0 -53.2974039,-26.7706401992399,0.0 -53.2973777,-26.7707067992399,0.0 -53.2973492,-26.7707704992399,0.0 -53.2973351,-26.7708039992399,0.0 -53.2973219,-26.7708388992399,0.0 -53.2973119,-26.7708744992399,0.0 -53.2973031,-26.7709125992399,0.0 -53.2972948,-26.7709530992399,0.0 -53.2972873,-26.7709986992399,0.0 -53.2972833,-26.7710519992399,0.0 -53.2972817,-26.7711095992399,0.0 -53.2972829,-26.7712461992399,0.0 -53.2972806,-26.7712694992399,0.0 -53.297285,-26.7713483992399,0.0 -53.2972898,-26.7714066992399,0.0 -53.297294,-26.7715127992399,0.0 -53.297293,-26.7715638992399,0.0 -53.2972937,-26.7716157992399,0.0 -53.2972931,-26.7716658992399,0.0 -53.2972905,-26.7717134992399,0.0 -53.2972827,-26.7717571992399,0.0 -53.2972676,-26.7717974992399,0.0 -53.297244,-26.7718339992399,0.0 -53.297214,-26.7718677992399,0.0 -53.2971559,-26.7719277992399,0.0 -53.2971318,-26.7719602992399,0.0 -53.2971118,-26.7719942992399,0.0 -53.2970954,-26.7720277992399,0.0 -53.2970773,-26.7720781992399,0.0 -53.2970751,-26.7720881992399,0.0 -53.2970726,-26.7721232992399,0.0 -53.2970632,-26.7722267992398,0.0 -53.2970592,-26.7722829992399,0.0 -53.2970488,-26.7723990992398,0.0 -53.2970424,-26.7724560992399,0.0 -53.297034,-26.7725104992398,0.0 -53.2970268,-26.7725660992398,0.0 -53.2970122,-26.7726889992398,0.0 -53.2970015,-26.7727499992398,0.0 -53.2969851,-26.7728074992398,0.0 -53.2969647,-26.7728613992398,0.0 -53.2969418,-26.7729075992398,0.0 -53.2969218,-26.7729457992398,0.0 -53.2969083,-26.7729642992398,0.0 -53.2968784,-26.7730008992398,0.0 -53.2968393,-26.7730372992398,0.0 -53.2967163,-26.7731430992398,0.0 -53.2966728,-26.7731762992398,0.0 -53.2966261,-26.7732131992398,0.0 -53.296484,-26.7733345992398,0.0 -53.2964354,-26.7733733992398,0.0 -53.2963855,-26.7734102992398,0.0 -53.2962888,-26.7734923992398,0.0 -53.2962434,-26.7735345992398,0.0 -53.2961632,-26.7736238992398,0.0 -53.2961282,-26.7736644992398,0.0 -53.2960846,-26.7737173992398,0.0 -53.2960321,-26.7737969992398,0.0 -53.2960101,-26.7738341992398,0.0 -53.2959886,-26.7738724992398,0.0 -53.2959496,-26.7739524992398,0.0 -53.2959309,-26.7739931992398,0.0 -53.2958968,-26.7740795992398,0.0 -53.295879,-26.7741231992398,0.0 -53.2958616,-26.7741684992398,0.0 -53.2958459,-26.7742166992398,0.0 -53.2958318,-26.7742705992398,0.0 -53.2958203,-26.7743279992398,0.0 -53.295811,-26.7743810992398,0.0 -53.2958008,-26.7744262992398,0.0 -53.2957919,-26.7744957992398,0.0 -53.2957843,-26.7745938992398,0.0 -53.2957817,-26.7746421992398,0.0 -53.2957771,-26.7747835992398,0.0 -53.2957768,-26.7748099992398,0.0 -53.2957732,-26.7748687992398,0.0 -53.2957743,-26.7749377992398,0.0 -53.2957761,-26.7749666992398,0.0 -53.2957758,-26.7750127992398,0.0 -53.2957741,-26.7750596992398,0.0 -53.2957712,-26.7750722992398,0.0 -53.2957698,-26.7750819992398,0.0 -53.295768,-26.7750955992398,0.0 -53.295767,-26.7751098992398,0.0 -53.2957619,-26.7751341992398,0.0 -53.2957547,-26.7751745992398,0.0 -53.295751,-26.7751885992398,0.0 -53.2957461,-26.7752021992398,0.0 -53.2957224,-26.7752541992398,0.0 -53.2956971,-26.7753062992398,0.0 -53.2956812,-26.7753348992398,0.0 -53.2956623,-26.7753663992398,0.0 -53.2956244,-26.7754348992398,0.0 -53.2956075,-26.7754701992398,0.0 -53.2955932,-26.7755036992398,0.0 -53.2955842,-26.7755315992398,0.0 -53.2955638,-26.7756648992398,0.0 -53.2955594,-26.7757146992398,0.0 -53.2955608,-26.7757639992398,0.0 -53.2955645,-26.7758139992398,0.0 -53.295574,-26.7758628992398,0.0 -53.295587,-26.7759072992398,0.0 -53.2956038,-26.7759522992398,0.0 -53.2956206,-26.7759944992398,0.0 -53.29564,-26.7760342992398,0.0 -53.2956598,-26.7760688992398,0.0 -53.2956807,-26.7760995992398,0.0 -53.2957024,-26.7761330992398,0.0 -53.2957175,-26.7761683992398,0.0 -53.295725,-26.7762092992398,0.0 -53.2957266,-26.7762443992398,0.0 -53.2957272,-26.7763225992398,0.0 -53.2957324,-26.7764667992398,0.0 -53.2957349,-26.7765122992398,0.0 -53.2957429,-26.7765907992398,0.0 -53.2957499,-26.7766243992398,0.0 -53.2957584,-26.7766566992398,0.0 -53.2957621,-26.7766688992398,0.0 -53.295781,-26.7767307992398,0.0 -53.2958065,-26.7768205992398,0.0 -53.2958168,-26.7768701992398,0.0 -53.2958278,-26.7769190992398,0.0 -53.2958337,-26.7769585992398,0.0 -53.2958337,-26.7769860992398,0.0 -53.2958248,-26.7770785992398,0.0 -53.2958104,-26.7771711992398,0.0 -53.2958067,-26.7772118992398,0.0 -53.2958021,-26.7772477992398,0.0 -53.2957987,-26.7772818992398,0.0 -53.295794,-26.7773142992398,0.0 -53.2957879,-26.7773465992398,0.0 -53.2957801,-26.7773734992398,0.0 -53.2957719,-26.7773992992398,0.0 -53.2957509,-26.7774550992398,0.0 -53.2957386,-26.7774923992398,0.0 -53.2957287,-26.7775373992398,0.0 -53.2957193,-26.7775860992397,0.0 -53.2957117,-26.7776323992398,0.0 -53.2957023,-26.7776832992397,0.0 -53.2957009,-26.7776985992397,0.0 -53.2956963,-26.7777343992398,0.0 -53.2956938,-26.7777802992398,0.0 -53.2956918,-26.7778644992397,0.0 -53.2956924,-26.7779460992397,0.0 -53.295686,-26.7780188992397,0.0 -53.2956814,-26.7780560992397,0.0 -53.295678,-26.7780915992397,0.0 -53.2956757,-26.7781280992397,0.0 -53.2956758,-26.7781666992397,0.0 -53.2956771,-26.7782083992397,0.0 -53.2956807,-26.7782486992397,0.0 -53.295685,-26.7782867992397,0.0 -53.2956909,-26.7783249992397,0.0 -53.2957092,-26.7784227992397,0.0 -53.2957117,-26.7784401992397,0.0 -53.2957141,-26.7784498992397,0.0 -53.2957177,-26.7785829992397,0.0 -53.2957174,-26.7786204992397,0.0 -53.2957101,-26.7787164992397,0.0 -53.2957086,-26.7787825992397,0.0 -53.2957109,-26.7788457992397,0.0 -53.2957136,-26.7788763992397,0.0 -53.2957176,-26.7789021992397,0.0 -53.2957187,-26.7789089992397,0.0 -53.295728,-26.7789439992397,0.0 -53.2957393,-26.7789820992397,0.0 -53.2957507,-26.7790250992397,0.0 -53.2957586,-26.7790712992397,0.0 -53.2957604,-26.7791174992397,0.0 -53.2957597,-26.7791594992397,0.0 -53.2957567,-26.7791967992397,0.0 -53.2957532,-26.7792273992397,0.0 -53.2957473,-26.7792517992397,0.0 -53.2957442,-26.7792764992397,0.0 -53.29574,-26.7793188992397,0.0 -53.2957339,-26.7794186992397,0.0 -53.2957137,-26.7795624992397,0.0 -53.2957104,-26.7796153992397,0.0 -53.2957104,-26.7796427992397,0.0 -53.2957092,-26.7796719992397,0.0 -53.29571,-26.7797345992397,0.0 -53.295712,-26.7797692992397,0.0 -53.2957163,-26.7798053992397,0.0 -53.2957218,-26.7798411992397,0.0 -53.2957256,-26.7798720992397,0.0 -53.2957275,-26.7798949992397,0.0 -53.2957276,-26.7799060992397,0.0 -53.2957384,-26.7800001992397,0.0 -53.2957407,-26.7800296992397,0.0 -53.2957403,-26.7800553992397,0.0 -53.2957367,-26.7800762992397,0.0 -53.2957303,-26.7800905992397,0.0 -53.2957208,-26.7801035992397,0.0 -53.2957085,-26.7801148992397,0.0 -53.2956767,-26.7801398992397,0.0 -53.2956445,-26.7801637992397,0.0 -53.2956162,-26.7801869992397,0.0 -53.2956017,-26.7802003992397,0.0 -53.2955784,-26.7802266992397,0.0 -53.2955704,-26.7802388992397,0.0 -53.2955632,-26.7802539992397,0.0 -53.2955584,-26.7802703992397,0.0 -53.295554,-26.7802870992397,0.0 -53.2955514,-26.7803013992397,0.0 -53.2955506,-26.7803259992397,0.0 -53.2955561,-26.7803659992397,0.0 -53.2955705,-26.7804314992397,0.0 -53.2955778,-26.7804605992397,0.0 -53.2955832,-26.7804865992397,0.0 -53.2955872,-26.7804983992397,0.0 -53.2955928,-26.7805115992397,0.0 -53.295601,-26.7805249992397,0.0 -53.295618,-26.7805501992397,0.0 -53.2956314,-26.7805688992397,0.0 -53.2956448,-26.7805902992397,0.0 -53.2956579,-26.7806189992397,0.0 -53.2956635,-26.7806334992397,0.0 -53.2956676,-26.7806466992397,0.0 -53.2956725,-26.7806688992397,0.0 -53.2956744,-26.7807310992397,0.0 -53.2956808,-26.7807765992397,0.0 -53.2956826,-26.7807959992397,0.0 -53.2956826,-26.7807978992397,0.0 -53.2956824,-26.7808136992397,0.0 -53.2956834,-26.7808345992397,0.0 -53.2956849,-26.7808612992397,0.0 -53.2956877,-26.7808939992397,0.0 -53.2956959,-26.7809630992397,0.0 -53.2957013,-26.7809925992397,0.0 -53.2957074,-26.7810192992397,0.0 -53.295727,-26.7810700992397,0.0 -53.2957544,-26.7811292992397,0.0 -53.2957683,-26.7811558992397,0.0 -53.2957969,-26.7812195992397,0.0 -53.295827,-26.7812727992397,0.0 -53.2958613,-26.7813235992397,0.0 -53.2958759,-26.7813466992397,0.0 -53.295887,-26.7813673992397,0.0 -53.2958961,-26.7813864992397,0.0 -53.2959029,-26.7814033992397,0.0 -53.2959078,-26.7814200992397,0.0 -53.2959153,-26.7814630992397,0.0 -53.295918,-26.7814963992397,0.0 -53.2959144,-26.7815454992397,0.0 -53.2959102,-26.7815878992397,0.0 -53.2959094,-26.7816097992397,0.0 -53.2959058,-26.7816313992397,0.0 -53.2958917,-26.7816610992397,0.0 -53.2958879,-26.7816788992397,0.0 -53.2958837,-26.7817114992397,0.0 -53.2958769,-26.7817395992397,0.0 -53.2958751,-26.7817494992397,0.0 -53.2958722,-26.7817595992397,0.0 -53.2958645,-26.7818042992397,0.0 -53.2958584,-26.7818324992397,0.0 -53.2958534,-26.7818507992397,0.0 -53.2958345,-26.7819083992397,0.0 -53.2958299,-26.7819270992397,0.0 -53.2958268,-26.7819490992397,0.0 -53.2958245,-26.7820098992397,0.0 -53.2958237,-26.7820680992397,0.0 -53.2958228,-26.7820846992397,0.0 -53.2958238,-26.7821069992397,0.0 -53.2958281,-26.7821433992397,0.0 -53.2958334,-26.7821822992397,0.0 -53.2958524,-26.7822577992397,0.0 -53.295863,-26.7822911992397,0.0 -53.2958698,-26.7823224992397,0.0 -53.2958732,-26.7823528992397,0.0 -53.2958791,-26.7823938992397,0.0 -53.295861,-26.7825254992397,0.0 -53.2958588,-26.7825602992397,0.0 -53.2958604,-26.7825970992397,0.0 -53.2958692,-26.7826396992397,0.0 -53.2958826,-26.7826834992396,0.0 -53.295897,-26.7827235992397,0.0 -53.2959241,-26.7827854992396,0.0 -53.2959369,-26.7828201992396,0.0 -53.2959506,-26.7828602992397,0.0 -53.2959786,-26.7829309992396,0.0 -53.2959898,-26.7829575992396,0.0 -53.2959977,-26.7829831992396,0.0 -53.2960018,-26.7830081992396,0.0 -53.2960028,-26.7830331992396,0.0 -53.2960012,-26.7830551992396,0.0 -53.2959955,-26.7830768992396,0.0 -53.2959844,-26.7830979992396,0.0 -53.2959685,-26.7831214992396,0.0 -53.2959362,-26.7831627992396,0.0 -53.2959056,-26.7832045992396,0.0 -53.2958823,-26.7832395992396,0.0 -53.2958599,-26.7832833992396,0.0 -53.295842,-26.7833298992396,0.0 -53.295828,-26.7833783992396,0.0 -53.295815,-26.7834271992396,0.0 -53.2957994,-26.7834905992396,0.0 -53.295788,-26.7835368992396,0.0 -53.295776,-26.7835852992396,0.0 -53.2957659,-26.7836260992396,0.0 -53.2957567,-26.7836721992396,0.0 -53.2957508,-26.7837070992396,0.0 -53.2957448,-26.7837699992396,0.0 -53.2957452,-26.7838064992396,0.0 -53.295746,-26.7838700992396,0.0 -53.2957458,-26.7839166992396,0.0 -53.2957472,-26.7839633992396,0.0 -53.2957542,-26.7840410992396,0.0 -53.2957607,-26.7840731992396,0.0 -53.2957703,-26.7841267992396,0.0 -53.2957729,-26.7841571992396,0.0 -53.2957741,-26.7841888992396,0.0 -53.2957726,-26.7842511992396,0.0 -53.2957692,-26.7842795992396,0.0 -53.2957646,-26.7843069992396,0.0 -53.2957485,-26.7843710992396,0.0 -53.2957373,-26.7844086992396,0.0 -53.2957201,-26.7844476992396,0.0 -53.295698,-26.7844871992396,0.0 -53.3009341,-26.7852596992396,0.0 -53.3010706,-26.7852903992396,0.0 -53.3011636,-26.7853139992396,0.0 -53.3012121,-26.7853247992396,0.0 -53.3012848,-26.7853325992396,0.0 -53.3013176,-26.7853424992396,0.0 -53.301403,-26.7853662992396,0.0 -53.3015046,-26.7854007992396,0.0 -53.3015797,-26.7854286992396,0.0 -53.3016508,-26.7854569992396,0.0 -53.3017395,-26.7854963992396,0.0 -53.3017613,-26.7855067992396,0.0 -53.3017758,-26.7855170992396,0.0 -53.3018573,-26.7855733992396,0.0 -53.3019333,-26.7856133992396,0.0 -53.3020173,-26.7856466992396,0.0 -53.3020521,-26.7856596992396,0.0 -53.3020815,-26.7856719992396,0.0 -53.3021097,-26.7856819992396,0.0 -53.3021407,-26.7856949992396,0.0 -53.3021781,-26.7857095992396,0.0 -53.3022186,-26.7857228992396,0.0 -53.3022625,-26.7857356992396,0.0 -53.3023067,-26.7857495992396,0.0 -53.3023491,-26.7857652992396,0.0 -53.3024355,-26.7857991992396,0.0 -53.3024721,-26.7858138992396,0.0 -53.30251,-26.7858363992396,0.0 -53.3025387,-26.7858500992396,0.0 -53.3025709,-26.7858667992396,0.0 -53.3026309,-26.7858958992396,0.0 -53.3026535,-26.7859055992396,0.0 -53.3027112,-26.7859326992396,0.0 -53.3027471,-26.7859466992396,0.0 -53.3027917,-26.7859587992396,0.0 -53.302802,-26.7859624992396,0.0 -53.3028451,-26.7859719992396,0.0 -53.30285,-26.7859787992396,0.0 -53.3028842,-26.7860010992396,0.0 -53.302907,-26.7860147992396,0.0 -53.3029387,-26.7860307992396,0.0 -53.3029712,-26.7860447992396,0.0 -53.3030013,-26.7860545992396,0.0 -53.3030286,-26.7860619992396,0.0 -53.3030525,-26.7860668992396,0.0 -53.3030782,-26.7860707992396,0.0 -53.303107,-26.7860739992396,0.0 -53.3031943,-26.7860820992396,0.0 -53.3032224,-26.7860852992396,0.0 -53.303247,-26.7860888992396,0.0 -53.3032829,-26.7860968992396,0.0 -53.303309,-26.7861003992396,0.0 -53.3033559,-26.7861103992396,0.0 -53.3033661,-26.7861102992396,0.0 -53.3033754,-26.7861101992396,0.0 -53.3033865,-26.7861097992396,0.0 -53.3034081,-26.7861289992396,0.0 -53.3034282,-26.7861451992396,0.0 -53.3034529,-26.7861619992396,0.0 -53.3034598,-26.7861654992396,0.0 -53.3034827,-26.7861770992396,0.0 -53.303514,-26.7861913992396,0.0 -53.3035465,-26.7862045992396,0.0 -53.303581,-26.7862174992396,0.0 -53.3036466,-26.7862383992396,0.0 -53.3036767,-26.7862467992396,0.0 -53.3037083,-26.7862530992396,0.0 -53.3037423,-26.7862579992396,0.0 -53.3037738,-26.7862614992396,0.0 -53.3038038,-26.7862635992396,0.0 -53.3038595,-26.7862660992396,0.0 -53.3038763,-26.7862676992396,0.0 -53.3038935,-26.7862702992396,0.0 -53.3039184,-26.7862755992396,0.0 -53.3039756,-26.7862898992396,0.0 -53.3040091,-26.7863022992396,0.0 -53.3040532,-26.7863162992396,0.0 -53.3040723,-26.7863228992396,0.0 -53.304104,-26.7863312992396,0.0 -53.3041288,-26.7863364992396,0.0 -53.3041507,-26.7863400992396,0.0 -53.3041705,-26.7863421992396,0.0 -53.3041826,-26.7863426992396,0.0 -53.3042074,-26.7863418992396,0.0 -53.3042311,-26.7863388992396,0.0 -53.304241,-26.7863364992396,0.0 -53.3042603,-26.7863287992396,0.0 -53.3043043,-26.7863067992396,0.0 -53.3043357,-26.7862895992396,0.0 -53.3043644,-26.7862756992396,0.0 -53.3043933,-26.7862639992396,0.0 -53.3044338,-26.7862547992396,0.0 -53.3044688,-26.7862455992396,0.0 -53.3045055,-26.7862348992396,0.0 -53.3045228,-26.7862292992396,0.0 -53.304555,-26.7862173992396,0.0 -53.3046212,-26.7861895992396,0.0 -53.3046642,-26.7861755992396,0.0 -53.304714,-26.7861641992396,0.0 -53.3047303,-26.7861615992396,0.0 -53.3047629,-26.7861582992396,0.0 -53.3047964,-26.7861560992396,0.0 -53.3048331,-26.7861546992396,0.0 -53.3048698,-26.7861549992396,0.0 -53.3049035,-26.7861540992396,0.0 -53.3049142,-26.7861544992396,0.0 -53.3049273,-26.7861558992396,0.0 -53.3049584,-26.7861574992396,0.0 -53.3049758,-26.7861592992396,0.0 -53.3049908,-26.7861620992396,0.0 -53.3050063,-26.7861641992396,0.0 -53.3050334,-26.7861657992396,0.0 -53.3050524,-26.7861678992396,0.0 -53.3050702,-26.7861719992396,0.0 -53.3050944,-26.7861834992396,0.0 -53.3051059,-26.7861880992396,0.0 -53.3051187,-26.7861919992396,0.0 -53.3051329,-26.7861936992396,0.0 -53.3051472,-26.7861937992396,0.0 -53.305185,-26.7861887992396,0.0 -53.3052016,-26.7861897992396,0.0 -53.3052155,-26.7861975992396,0.0 -53.3052255,-26.7862106992396,0.0 -53.3052298,-26.7862272992396,0.0 -53.3052364,-26.7862579992396,0.0 -53.3052429,-26.7862768992396,0.0 -53.3052515,-26.7862915992396,0.0 -53.3052643,-26.7862986992396,0.0 -53.3052825,-26.7862996992396,0.0 -53.3052938,-26.7862988992396,0.0 -53.3053051,-26.7862972992396,0.0 -53.305315,-26.7862949992396,0.0 -53.305332,-26.7862852992396,0.0 -53.305361,-26.7862618992396,0.0 -53.3053699,-26.7862558992396,0.0 -53.3053788,-26.7862511992396,0.0 -53.3053991,-26.7862467992396,0.0 -53.3054114,-26.7862478992396,0.0 -53.3054259,-26.7862515992396,0.0 -53.3054423,-26.7862572992396,0.0 -53.3054773,-26.7862723992396,0.0 -53.3054942,-26.7862804992396,0.0 -53.3055112,-26.7862885992396,0.0 -53.3055205,-26.7862945992396,0.0 -53.3055339,-26.7863042992396,0.0 -53.3055704,-26.7863330992396,0.0 -53.3055849,-26.7863440992396,0.0 -53.3056331,-26.7863802992396,0.0 -53.3056736,-26.7864081992396,0.0 -53.3057494,-26.7864575992396,0.0 -53.3057967,-26.7864909992396,0.0 -53.3058781,-26.7865525992396,0.0 -53.3059242,-26.7865863992396,0.0 -53.3059586,-26.7866156992396,0.0 -53.305969,-26.7866255992396,0.0 -53.3059744,-26.7866305992396,0.0 -53.3059952,-26.7866525992396,0.0 -53.306007,-26.7866639992396,0.0 -53.3060216,-26.7866753992396,0.0 -53.3060382,-26.7866870992396,0.0 -53.3060556,-26.7866961992396,0.0 -53.3060735,-26.7867045992396,0.0 -53.3060908,-26.7867109992396,0.0 -53.30611,-26.7867156992396,0.0 -53.3061305,-26.7867184992396,0.0 -53.306175,-26.7867228992396,0.0 -53.306196,-26.7867259992396,0.0 -53.3062175,-26.7867295992396,0.0 -53.3062895,-26.7867448992396,0.0 -53.3063386,-26.7867525992396,0.0 -53.3063628,-26.7867571992396,0.0 -53.3064078,-26.7867636992396,0.0 -53.3064985,-26.7867731992396,0.0 -53.3065467,-26.7867752992396,0.0 -53.3065801,-26.7867785992396,0.0 -53.3066034,-26.7867788992396,0.0 -53.3066478,-26.7867776992396,0.0 -53.3066736,-26.7867748992396,0.0 -53.306702,-26.7867710992396,0.0 -53.3067302,-26.7867653992396,0.0 -53.306783,-26.7867565992396,0.0 -53.3068089,-26.7867543992396,0.0 -53.3068331,-26.7867544992396,0.0 -53.3068565,-26.7867552992396,0.0 -53.3068784,-26.7867577992396,0.0 -53.3068984,-26.7867606992396,0.0 -53.3069174,-26.7867645992396,0.0 -53.3069354,-26.7867695992396,0.0 -53.306954,-26.7867761992396,0.0 -53.3069735,-26.7867852992396,0.0 -53.3069923,-26.7867962992396,0.0 -53.3070099,-26.7868084992396,0.0 -53.3070253,-26.7868212992396,0.0 -53.3070553,-26.7868481992396,0.0 -53.3070851,-26.7868728992396,0.0 -53.307103,-26.7868865992396,0.0 -53.3071258,-26.7869016992396,0.0 -53.30715,-26.7869166992396,0.0 -53.307176,-26.7869313992396,0.0 -53.3072035,-26.7869457992396,0.0 -53.3072619,-26.7869746992396,0.0 -53.3072872,-26.7869857992396,0.0 -53.3073027,-26.7869955992396,0.0 -53.3073253,-26.7870056992396,0.0 -53.3073722,-26.7870217992396,0.0 -53.3073998,-26.7870289992396,0.0 -53.3074276,-26.7870377992396,0.0 -53.3074881,-26.7870544992396,0.0 -53.3075199,-26.7870642992396,0.0 -53.3075812,-26.7870850992396,0.0 -53.3076641,-26.7871091992396,0.0 -53.3076945,-26.7871219992396,0.0 -53.3077628,-26.7871470992396,0.0 -53.3078713,-26.7871962992396,0.0 -53.3078733,-26.7871971992396,0.0 -53.3079234,-26.7872191992396,0.0 -53.3079442,-26.7872287992396,0.0 -53.3079615,-26.7872379992396,0.0 -53.3080389,-26.7872812992396,0.0 -53.3080653,-26.7872973992396,0.0 -53.3080988,-26.7873146992396,0.0 -53.3081292,-26.7873304992396,0.0 -53.3081525,-26.7873418992396,0.0 -53.3081851,-26.7873562992396,0.0 -53.3082387,-26.7873771992396,0.0 -53.3082663,-26.7873885992396,0.0 -53.3082932,-26.7874013992396,0.0 -53.3083186,-26.7874152992396,0.0 -53.3083412,-26.7874292992396,0.0 -53.3083607,-26.7874424992396,0.0 -53.3083775,-26.7874543992396,0.0 -53.3083901,-26.7874643992396,0.0 -53.3084065,-26.7874800992396,0.0 -53.3084241,-26.7874989992396,0.0 -53.3084344,-26.7875079992396,0.0 -53.3084476,-26.7875170992396,0.0 -53.3084629,-26.7875260992396,0.0 -53.3084987,-26.7875438992396,0.0 -53.3085346,-26.7875579992396,0.0 -53.3085963,-26.7875780992396,0.0 -53.3086081,-26.7875814992396,0.0 -53.3086484,-26.7876042992396,0.0 -53.3086586,-26.7876094992396,0.0 -53.3086735,-26.7876155992396,0.0 -53.3087294,-26.7876350992396,0.0 -53.3087484,-26.7876423992396,0.0 -53.3087659,-26.7876503992396,0.0 -53.3088109,-26.7876735992396,0.0 -53.3088429,-26.7876873992396,0.0 -53.3088625,-26.7876979992396,0.0 -53.3088765,-26.7877046992396,0.0 -53.3089312,-26.7877272992396,0.0 -53.3089481,-26.7877337992395,0.0 -53.3089912,-26.7877483992396,0.0 -53.3090211,-26.7877605992396,0.0 -53.3090397,-26.7877661992395,0.0 -53.3090604,-26.7877704992395,0.0 -53.3090792,-26.7877723992396,0.0 -53.309093,-26.7877713992396,0.0 -53.3091078,-26.7877666992396,0.0 -53.3091198,-26.7877588992396,0.0 -53.3091358,-26.7877341992396,0.0 -53.3091438,-26.7877286992396,0.0 -53.3091617,-26.7877263992395,0.0 -53.3091729,-26.7877288992396,0.0 -53.309185,-26.7877328992396,0.0 -53.3091952,-26.7877376992396,0.0 -53.3092039,-26.7877424992395,0.0 -53.3092167,-26.7877523992396,0.0 -53.309233,-26.7877596992395,0.0 -53.3092585,-26.7877691992396,0.0 -53.3093048,-26.7877879992395,0.0 -53.3093203,-26.7877928992395,0.0 -53.3093375,-26.7877968992396,0.0 -53.3093561,-26.7877988992395,0.0 -53.3093746,-26.7878002992396,0.0 -53.3093934,-26.7878007992396,0.0 -53.3094095,-26.7878003992396,0.0 -53.3094246,-26.7877993992396,0.0 -53.3094386,-26.7877971992396,0.0 -53.3094522,-26.7877938992396,0.0 -53.3094658,-26.7877891992396,0.0 -53.3095463,-26.7877516992396,0.0 -53.3095968,-26.7877346992396,0.0 -53.3096238,-26.7877268992396,0.0 -53.3096481,-26.7877214992396,0.0 -53.3096589,-26.7877198992396,0.0 -53.3096762,-26.7877187992395,0.0 -53.3097088,-26.7877182992396,0.0 -53.309732,-26.7877191992396,0.0 -53.3097422,-26.7877208992396,0.0 -53.3097632,-26.7877277992396,0.0 -53.3097746,-26.7877325992396,0.0 -53.3097856,-26.7877380992395,0.0 -53.3097976,-26.7877457992396,0.0 -53.30981,-26.7877555992395,0.0 -53.3098214,-26.7877655992395,0.0 -53.3098438,-26.7877886992395,0.0 -53.3098622,-26.7878060992395,0.0 -53.3098887,-26.7878344992395,0.0 -53.3099336,-26.7878803992395,0.0 -53.3099472,-26.7878929992395,0.0 -53.3099626,-26.7879039992395,0.0 -53.3099803,-26.7879135992396,0.0 -53.3099986,-26.7879216992395,0.0 -53.3100144,-26.7879272992395,0.0 -53.3100301,-26.7879312992395,0.0 -53.310044,-26.7879340992395,0.0 -53.3100704,-26.7879363992395,0.0 -53.3100847,-26.7879392992395,0.0 -53.3101125,-26.7879466992395,0.0 -53.3101572,-26.7879608992395,0.0 -53.3101724,-26.7879641992395,0.0 -53.3101889,-26.7879667992395,0.0 -53.3102086,-26.7879688992396,0.0 -53.3102301,-26.7879696992395,0.0 -53.3102523,-26.7879693992396,0.0 -53.3102732,-26.7879672992395,0.0 -53.3102917,-26.7879640992396,0.0 -53.3103084,-26.7879603992395,0.0 -53.3103238,-26.7879561992395,0.0 -53.310352,-26.7879497992396,0.0 -53.3103971,-26.7879411992395,0.0 -53.3104115,-26.7879347992396,0.0 -53.310428,-26.7879284992396,0.0 -53.3104683,-26.7879183992395,0.0 -53.3105187,-26.7879095992395,0.0 -53.3105863,-26.7879006992396,0.0 -53.3106584,-26.7878921992396,0.0 -53.31068,-26.7878889992395,0.0 -53.3107097,-26.7878885992395,0.0 -53.3107442,-26.7878897992395,0.0 -53.3107749,-26.7878931992395,0.0 -53.3107929,-26.7878974992396,0.0 -53.3108515,-26.7879148992395,0.0 -53.310895,-26.7879303992395,0.0 -53.3109272,-26.7879457992395,0.0 -53.310984,-26.7879711992395,0.0 -53.3110055,-26.7879807992395,0.0 -53.311045,-26.7879965992396,0.0 -53.3110812,-26.7880103992395,0.0 -53.3111228,-26.7880273992395,0.0 -53.3111307,-26.7880346992395,0.0 -53.3111381,-26.7880445992395,0.0 -53.3111471,-26.7880638992395,0.0 -53.3111454,-26.7880666992396,0.0 -53.3111643,-26.7880817992395,0.0 -53.311188,-26.7880984992395,0.0 -53.3112672,-26.7881567992395,0.0 -53.3113078,-26.7881881992395,0.0 -53.3113203,-26.7882013992395,0.0 -53.311336,-26.7882240992395,0.0 -53.3113627,-26.7882652992395,0.0 -53.311373,-26.7882786992395,0.0 -53.3113832,-26.7882899992395,0.0 -53.3113934,-26.7882990992395,0.0 -53.3114034,-26.7883063992395,0.0 -53.3114129,-26.7883121992395,0.0 -53.311423,-26.7883167992395,0.0 -53.3114342,-26.7883206992395,0.0 -53.3114612,-26.7883260992395,0.0 -53.3114771,-26.7883284992395,0.0 -53.3115057,-26.7883355992395,0.0 -53.3115179,-26.7883388992395,0.0 -53.311529,-26.7883433992395,0.0 -53.3115401,-26.7883487992395,0.0 -53.3115524,-26.7883570992395,0.0 -53.3115795,-26.7883795992395,0.0 -53.3115919,-26.7883905992395,0.0 -53.311604,-26.7883993992395,0.0 -53.3116316,-26.7884178992395,0.0 -53.3116424,-26.7884264992395,0.0 -53.3116522,-26.7884359992395,0.0 -53.3116598,-26.7884453992395,0.0 -53.3116653,-26.7884546992395,0.0 -53.3116696,-26.7884639992395,0.0 -53.3116818,-26.7885021992395,0.0 -53.3116863,-26.7885140992395,0.0 -53.311692,-26.7885241992395,0.0 -53.3117002,-26.7885319992395,0.0 -53.3117107,-26.7885386992395,0.0 -53.3117389,-26.7885537992395,0.0 -53.3117409,-26.7885547992395,0.0 -53.3117573,-26.7885649992395,0.0 -53.3117736,-26.7885759992395,0.0 -53.3117916,-26.7885897992395,0.0 -53.3118075,-26.7886035992395,0.0 -53.311867,-26.7886440992395,0.0 -53.3118821,-26.7886568992395,0.0 -53.3118957,-26.7886696992395,0.0 -53.3119084,-26.7886851992395,0.0 -53.3119211,-26.7887041992395,0.0 -53.3119623,-26.7887720992395,0.0 -53.3119825,-26.7888013992395,0.0 -53.3120117,-26.7888380992395,0.0 -53.3120352,-26.7888696992395,0.0 -53.3120475,-26.7888836992395,0.0 -53.3120619,-26.7888989992395,0.0 -53.3120782,-26.7889117992395,0.0 -53.3120968,-26.7889209992395,0.0 -53.3121187,-26.7889267992395,0.0 -53.3121425,-26.7889315992395,0.0 -53.3121667,-26.7889341992395,0.0 -53.3122133,-26.7889330992395,0.0 -53.312257,-26.7889300992395,0.0 -53.3122783,-26.7889299992395,0.0 -53.3123001,-26.7889300992395,0.0 -53.3123156,-26.7889310992395,0.0 -53.3123732,-26.7889312992395,0.0 -53.3123888,-26.7889332992395,0.0 -53.3124035,-26.7889360992395,0.0 -53.3124179,-26.7889395992395,0.0 -53.3124286,-26.7889439992395,0.0 -53.312456,-26.7889639992395,0.0 -53.3124824,-26.7889809992395,0.0 -53.3125027,-26.7889912992395,0.0 -53.3125157,-26.7889963992395,0.0 -53.3125626,-26.7890182992395,0.0 -53.3125941,-26.7890352992395,0.0 -53.3126481,-26.7890668992395,0.0 -53.3126943,-26.7890951992395,0.0 -53.3127202,-26.7891127992395,0.0 -53.3127449,-26.7891324992395,0.0 -53.3127872,-26.7891587992395,0.0 -53.312902,-26.7892372992395,0.0 -53.3129281,-26.7892560992395,0.0 -53.3129385,-26.7892654992395,0.0 -53.3129475,-26.7892749992395,0.0 -53.3129544,-26.7892840992395,0.0 -53.3129697,-26.7893077992395,0.0 -53.312987,-26.7893289992395,0.0 -53.3129916,-26.7893405992395,0.0 -53.3129911,-26.7893539992395,0.0 -53.3129854,-26.7893746992395,0.0 -53.3129831,-26.7893875992395,0.0 -53.3129838,-26.7893994992395,0.0 -53.3129869,-26.7894098992395,0.0 -53.3129938,-26.7894203992395,0.0 -53.313003,-26.7894307992395,0.0 -53.313014,-26.7894406992395,0.0 -53.3130265,-26.7894476992395,0.0 -53.3130401,-26.7894507992395,0.0 -53.3130564,-26.7894513992395,0.0 -53.3130712,-26.7894497992395,0.0 -53.3130843,-26.7894451992395,0.0 -53.3131018,-26.7894298992395,0.0 -53.3131111,-26.7894251992395,0.0 -53.313123,-26.7894219992395,0.0 -53.3131375,-26.7894206992395,0.0 -53.3131532,-26.7894218992395,0.0 -53.3131705,-26.7894265992395,0.0 -53.3131877,-26.7894324992395,0.0 -53.3132057,-26.7894396992395,0.0 -53.313232,-26.7894514992395,0.0 -53.3132612,-26.7894687992395,0.0 -53.3132968,-26.7894951992395,0.0 -53.3133152,-26.7895118992395,0.0 -53.3133336,-26.7895305992395,0.0 -53.3133505,-26.7895510992395,0.0 -53.3133865,-26.7896047992395,0.0 -53.3133959,-26.7896160992395,0.0 -53.3134055,-26.7896254992395,0.0 -53.3134153,-26.7896339992395,0.0 -53.3134415,-26.7896514992395,0.0 -53.3134723,-26.7896695992395,0.0 -53.3134843,-26.7896758992395,0.0 -53.3135805,-26.7897395992395,0.0 -53.3136133,-26.7897592992395,0.0 -53.3136711,-26.7897961992395,0.0 -53.313708,-26.7898222992395,0.0 -53.313728,-26.7898353992395,0.0 -53.3137496,-26.7898485992395,0.0 -53.3137953,-26.7898745992395,0.0 -53.3138194,-26.7898875992395,0.0 -53.3138437,-26.7898998992395,0.0 -53.3138704,-26.7899115992395,0.0 -53.3138983,-26.7899221992395,0.0 -53.3139529,-26.7899398992395,0.0 -53.3139605,-26.7899417992395,0.0 -53.3139834,-26.7899475992395,0.0 -53.3140158,-26.7899575992395,0.0 -53.3140801,-26.7899760992395,0.0 -53.3140958,-26.7899809992395,0.0 -53.3141115,-26.7899858992395,0.0 -53.3141421,-26.7899974992395,0.0 -53.3141702,-26.7900102992395,0.0 -53.3141977,-26.7900240992395,0.0 -53.3142524,-26.7900568992395,0.0 -53.3142727,-26.7900716992395,0.0 -53.314295,-26.7900826992395,0.0 -53.3143215,-26.7900972992395,0.0 -53.314388,-26.7901365992395,0.0 -53.3144255,-26.7901565992395,0.0 -53.3144643,-26.7901789992395,0.0 -53.3145396,-26.7902247992395,0.0 -53.3146167,-26.7902732992395,0.0 -53.3146936,-26.7903241992395,0.0 -53.3147296,-26.7903488992395,0.0 -53.3147948,-26.7903949992395,0.0 -53.314817,-26.7904096992395,0.0 -53.3148716,-26.7904430992395,0.0 -53.3149108,-26.7904686992395,0.0 -53.3150005,-26.7905329992395,0.0 -53.3150456,-26.7905660992395,0.0 -53.315123,-26.7906262992395,0.0 -53.3151711,-26.7906659992395,0.0 -53.3152077,-26.7906962992395,0.0 -53.3152724,-26.7907429992395,0.0 -53.3152975,-26.7907636992395,0.0 -53.3153191,-26.7907799992395,0.0 -53.3153302,-26.7907909992395,0.0 -53.3153417,-26.7908047992395,0.0 -53.3153533,-26.7908203992395,0.0 -53.3153645,-26.7908370992395,0.0 -53.3153741,-26.7908526992395,0.0 -53.3153884,-26.7908801992395,0.0 -53.3153942,-26.7908924992395,0.0 -53.3153994,-26.7909070992395,0.0 -53.3154031,-26.7909196992395,0.0 -53.315405,-26.7909297992395,0.0 -53.3154057,-26.7909406992395,0.0 -53.3154038,-26.7909662992395,0.0 -53.3153923,-26.7910575992395,0.0 -53.3153899,-26.7910687992395,0.0 -53.3153866,-26.7910784992395,0.0 -53.3153802,-26.7911009992395,0.0 -53.3153954,-26.7911414992395,0.0 -53.3154194,-26.7912081992395,0.0 -53.3154365,-26.7912455992395,0.0 -53.3154397,-26.7912546992395,0.0 -53.3154475,-26.7912894992395,0.0 -53.3154599,-26.7913290992395,0.0 -53.3154872,-26.7913926992395,0.0 -53.3154986,-26.7914255992395,0.0 -53.3155126,-26.7914581992395,0.0 -53.3155274,-26.7914971992395,0.0 -53.31555,-26.7915645992395,0.0 -53.3155573,-26.7916009992395,0.0 -53.3155546,-26.7916429992395,0.0 -53.3155517,-26.7916672992395,0.0 -53.31555,-26.7916819992395,0.0 -53.3155445,-26.7917193992395,0.0 -53.3155542,-26.7917667992395,0.0 -53.3155551,-26.7918101992395,0.0 -53.3155577,-26.7918491992395,0.0 -53.3155726,-26.7918955992395,0.0 -53.315587,-26.7919328992395,0.0 -53.3156116,-26.7919776992395,0.0 -53.3156297,-26.7920214992395,0.0 -53.3156405,-26.7920562992395,0.0 -53.315655,-26.7921023992395,0.0 -53.3156712,-26.7921388992395,0.0 -53.3156876,-26.7921695992395,0.0 -53.3157117,-26.7922147992395,0.0 -53.3157183,-26.7922272992395,0.0 -53.3157452,-26.7922674992395,0.0 -53.3157796,-26.7923035992395,0.0 -53.3158019,-26.7923271992395,0.0 -53.3158377,-26.7923504992395,0.0 -53.3158486,-26.7923573992395,0.0 -53.3158762,-26.7923726992395,0.0 -53.315913,-26.7923872992395,0.0 -53.3159619,-26.7924002992395,0.0 -53.3159845,-26.7924049992395,0.0 -53.3160291,-26.7924139992395,0.0 -53.3160408,-26.7924160992395,0.0 -53.3160747,-26.7924179992395,0.0 -53.3161053,-26.7924183992395,0.0 -53.3161476,-26.7924188992395,0.0 -53.3161917,-26.7924175992395,0.0 -53.3162327,-26.7924147992395,0.0 -53.3162803,-26.7924127992395,0.0 -53.3163164,-26.7924125992395,0.0 -53.3163579,-26.7924162992395,0.0 -53.3163797,-26.7924184992395,0.0 -53.3164242,-26.7924213992395,0.0 -53.3164347,-26.7924218992395,0.0 -53.3164817,-26.7924228992395,0.0 -53.3165279,-26.7924244992395,0.0 -53.3165748,-26.7924309992395,0.0 -53.3166229,-26.7924426992395,0.0 -53.3166672,-26.7924491992395,0.0 -53.3167139,-26.7924531992395,0.0 -53.3167655,-26.7924565992395,0.0 -53.3168251,-26.7924585992395,0.0 -53.3168657,-26.7924538992395,0.0 -53.316912,-26.7924499992395,0.0 -53.3169537,-26.7924487992395,0.0 -53.3170122,-26.7924449992395,0.0 -53.3170697,-26.7924489992395,0.0 -53.3171248,-26.7924592992395,0.0 -53.3171775,-26.7924669992395,0.0 -53.3172251,-26.7924755992395,0.0 -53.3172673,-26.7924812992395,0.0 -53.3173207,-26.7924904992395,0.0 -53.3173592,-26.7925029992395,0.0 -53.3174031,-26.7925164992395,0.0 -53.3174497,-26.7925255992395,0.0 -53.3174989,-26.7925303992395,0.0 -53.3175447,-26.7925382992395,0.0 -53.3175916,-26.7925388992394,0.0 -53.3176364,-26.7925343992395,0.0 -53.3176876,-26.7925319992395,0.0 -53.317729,-26.7925323992395,0.0 -53.3177713,-26.7925322992395,0.0 -53.317812,-26.7925350992395,0.0 -53.3178566,-26.7925399992395,0.0 -53.3179091,-26.7925466992395,0.0 -53.3179627,-26.7925536992395,0.0 -53.3180192,-26.7925697992394,0.0 -53.3180615,-26.7925826992395,0.0 -53.3181152,-26.7926026992395,0.0 -53.3181595,-26.7926193992395,0.0 -53.3182111,-26.7926408992395,0.0 -53.3182519,-26.7926602992395,0.0 -53.3182979,-26.7926816992395,0.0 -53.3183461,-26.7927076992395,0.0 -53.3183794,-26.7927286992395,0.0 -53.3184182,-26.7927514992395,0.0 -53.3184622,-26.7927790992395,0.0 -53.3185104,-26.7928053992395,0.0 -53.3185571,-26.7928344992395,0.0 -53.3186011,-26.7928549992395,0.0 -53.3186409,-26.7928711992394,0.0 -53.3186546,-26.7928777992395,0.0 -53.3186949,-26.7928995992395,0.0 -53.3187273,-26.7929196992395,0.0 -53.3187588,-26.7929534992394,0.0 -53.3187747,-26.7929779992395,0.0 -53.3187914,-26.7930098992395,0.0 -53.3187935,-26.7930137992395,0.0 -53.3188199,-26.7930472992395,0.0 -53.3188491,-26.7930738992394,0.0 -53.318884,-26.7930973992394,0.0 -53.3189236,-26.7931284992394,0.0 -53.3189615,-26.7931567992394,0.0 -53.3189938,-26.7931802992394,0.0 -53.3190336,-26.7932077992394,0.0 -53.3190645,-26.7932384992394,0.0 -53.3190938,-26.7932670992394,0.0 -53.3191204,-26.7932944992394,0.0 -53.3191562,-26.7933267992394,0.0 -53.3191956,-26.7933606992394,0.0 -53.3192373,-26.7933900992394,0.0 -53.3192763,-26.7934166992394,0.0 -53.3193114,-26.7934438992394,0.0 -53.319345,-26.7934676992394,0.0 -53.3193765,-26.7934921992394,0.0 -53.319408,-26.7935186992394,0.0 -53.3194303,-26.7935397992394,0.0 -53.3194658,-26.7936045992394,0.0 -53.3194909,-26.7936329992394,0.0 -53.319523,-26.7936598992394,0.0 -53.3195457,-26.7936778992394,0.0 -53.3195848,-26.7937089992394,0.0 -53.3196156,-26.7937428992394,0.0 -53.3196423,-26.7937795992394,0.0 -53.3196488,-26.7937910992394,0.0 -53.3196755,-26.7938314992394,0.0 -53.3196821,-26.7938417992394,0.0 -53.3197103,-26.7938818992394,0.0 -53.3197415,-26.7939137992394,0.0 -53.3197627,-26.7939366992394,0.0 -53.3197929,-26.7939666992394,0.0 -53.3198003,-26.7939731992394,0.0 -53.3198372,-26.7940005992394,0.0 -53.3198715,-26.7940260992394,0.0 -53.3198977,-26.7940459992394,0.0 -53.3199403,-26.7940708992394,0.0 -53.3199495,-26.7940755992394,0.0 -53.3199845,-26.7940845992394,0.0 -53.3200124,-26.7940853992394,0.0 -53.3200317,-26.7940858992394,0.0 -53.3200488,-26.7940856992394,0.0 -53.3201012,-26.7940797992394,0.0 -53.3201509,-26.7940674992394,0.0 -53.3201849,-26.7940610992394,0.0 -53.3202295,-26.7940475992394,0.0 -53.3202471,-26.7940402992394,0.0 -53.3202871,-26.7940293992394,0.0 -53.3203032,-26.7940259992394,0.0 -53.3203383,-26.7940168992394,0.0 -53.3203831,-26.7940055992394,0.0 -53.320427,-26.7939862992394,0.0 -53.3204548,-26.7939651992394,0.0 -53.3204793,-26.7939297992394,0.0 -53.3205063,-26.7938981992394,0.0 -53.3205109,-26.7938925992394,0.0 -53.32053,-26.7938710992394,0.0 -53.3205586,-26.7938429992394,0.0 -53.3205821,-26.7938101992394,0.0 -53.3206047,-26.7937869992394,0.0 -53.3206354,-26.7937610992394,0.0 -53.320664,-26.7937400992394,0.0 -53.3206916,-26.7937174992394,0.0 -53.3207253,-26.7936960992394,0.0 -53.3207353,-26.7936909992394,0.0 -53.3207734,-26.7936738992394,0.0 -53.3208156,-26.7936554992394,0.0 -53.3208559,-26.7936372992394,0.0 -53.320875,-26.7936287992394,0.0 -53.3209192,-26.7936035992394,0.0 -53.320945,-26.7935908992394,0.0 -53.3209889,-26.7935732992394,0.0 -53.3210292,-26.7935534992394,0.0 -53.3210581,-26.7935405992394,0.0 -53.3210984,-26.7935243992394,0.0 -53.3211225,-26.7935182992394,0.0 -53.3211678,-26.7935067992394,0.0 -53.3212147,-26.7934979992394,0.0 -53.3212684,-26.7934893992394,0.0 -53.3213092,-26.7934838992394,0.0 -53.3213518,-26.7934798992394,0.0 -53.3213713,-26.7934800992394,0.0 -53.3214183,-26.7934811992394,0.0 -53.321462,-26.7934789992394,0.0 -53.3215076,-26.7934742992394,0.0 -53.321558,-26.7934724992394,0.0 -53.321614,-26.7934717992394,0.0 -53.3216731,-26.7934720992394,0.0 -53.3217136,-26.7934743992394,0.0 -53.3217608,-26.7934746992394,0.0 -53.3218106,-26.7934740992394,0.0 -53.3218425,-26.7934732992394,0.0 -53.3218916,-26.7934678992394,0.0 -53.3219453,-26.7934609992394,0.0 -53.3219963,-26.7934544992394,0.0 -53.3220375,-26.7934498992394,0.0 -53.3220575,-26.7934469992394,0.0 -53.3221128,-26.7934355992394,0.0 -53.3221273,-26.7934335992394,0.0 -53.3221739,-26.7934283992394,0.0 -53.3222066,-26.7934233992394,0.0 -53.3222471,-26.7934171992394,0.0 -53.3222689,-26.7934151992394,0.0 -53.3223113,-26.7934111992394,0.0 -53.3223517,-26.7934034992394,0.0 -53.3224025,-26.7934002992394,0.0 -53.3224571,-26.7933925992394,0.0 -53.3224751,-26.7933888992394,0.0 -53.3225251,-26.7933791992394,0.0 -53.3225612,-26.7933721992394,0.0 -53.3226191,-26.7933608992394,0.0 -53.3226388,-26.7933574992394,0.0 -53.3226806,-26.7933507992394,0.0 -53.3227259,-26.7933461992394,0.0 -53.3227674,-26.7933433992394,0.0 -53.3228216,-26.7933389992394,0.0 -53.322851,-26.7933353992394,0.0 -53.3229057,-26.7933316992394,0.0 -53.3229547,-26.7933289992394,0.0 -53.3229926,-26.7933321992394,0.0 -53.3230349,-26.7933320992394,0.0 -53.3230581,-26.7933286992394,0.0 -53.3231017,-26.7933219992394,0.0 -53.323117,-26.7933197992394,0.0 -53.3231631,-26.7933121992394,0.0 -53.3232204,-26.7933057992394,0.0 -53.323261,-26.7932962992394,0.0 -53.3233009,-26.7932954992394,0.0 -53.3233547,-26.7932923992394,0.0 -53.3233851,-26.7932922992394,0.0 -53.3234283,-26.7932918992394,0.0 -53.3234424,-26.7932928992394,0.0 -53.3234895,-26.7932943992394,0.0 -53.3235337,-26.7932945992394,0.0 -53.3235457,-26.7932953992394,0.0 -53.3235632,-26.7932987992394,0.0 -53.3236092,-26.7933085992394,0.0 -53.3236381,-26.7933148992394,0.0 -53.32368,-26.7933232992395,0.0 -53.3236923,-26.7933251992394,0.0 -53.3237392,-26.7933330992394,0.0 -53.3237641,-26.7933379992394,0.0 -53.3238079,-26.7933451992394,0.0 -53.3238143,-26.7933456992394,0.0 -53.3238618,-26.7933467992394,0.0 -53.3239034,-26.7933490992394,0.0 -53.3239584,-26.7933577992394,0.0 -53.3239934,-26.7933571992394,0.0 -53.3240126,-26.7933572992394,0.0 -53.3240691,-26.7933557992394,0.0 -53.3241174,-26.7933539992394,0.0 -53.3241689,-26.7933503992394,0.0 -53.3241849,-26.7933497992394,0.0 -53.3242346,-26.7933487992394,0.0 -53.3242821,-26.7933537992394,0.0 -53.3243319,-26.7933571992394,0.0 -53.3243771,-26.7933562992394,0.0 -53.3244019,-26.7933553992394,0.0 -53.3244517,-26.7933468992394,0.0 -53.3244855,-26.7933398992394,0.0 -53.3245356,-26.7933279992394,0.0 -53.3245854,-26.7933161992394,0.0 -53.3246165,-26.7933077992394,0.0 -53.3246584,-26.7933038992394,0.0 -53.324716,-26.7933017992394,0.0 -53.3247614,-26.7932996992394,0.0 -53.3247862,-26.7933002992394,0.0 -53.3248303,-26.7933024992394,0.0 -53.3248731,-26.7933013992394,0.0 -53.3248929,-26.7933019992394,0.0 -53.3249339,-26.7933008992394,0.0 -53.3249731,-26.7932969992394,0.0 -53.3250277,-26.7932836992394,0.0 -53.3250439,-26.7932797992394,0.0 -53.325093,-26.7932674992394,0.0 -53.3251388,-26.7932613992394,0.0 -53.3251633,-26.7932614992394,0.0 -53.3252085,-26.7932603992394,0.0 -53.3252608,-26.7932582992394,0.0 -53.3253122,-26.7932529992394,0.0 -53.3253311,-26.7932509992394,0.0 -53.3253768,-26.7932436992395,0.0 -53.3254215,-26.7932271992394,0.0 -53.3254704,-26.7932264992394,0.0 -53.3255148,-26.7932301992394,0.0 -53.3255529,-26.7932410992394,0.0 -53.3256046,-26.7932613992394,0.0 -53.3256186,-26.7932680992394,0.0 -53.3256666,-26.7932884992394,0.0 -53.325703,-26.7932968992394,0.0 -53.3257187,-26.7933005992394,0.0 -53.325764,-26.7933123992394,0.0 -53.3258079,-26.7933206992394,0.0 -53.3258557,-26.7933196992394,0.0 -53.3259134,-26.7933120992394,0.0 -53.3259337,-26.7933090992394,0.0 -53.3259781,-26.7932992992394,0.0 -53.326002,-26.7932914992394,0.0 -53.3260258,-26.7932836992394,0.0 -53.3260689,-26.7932531992394,0.0 -53.3261076,-26.7932287992394,0.0 -53.3261555,-26.7932062992394,0.0 -53.3262056,-26.7932090992394,0.0 -53.3262172,-26.7932114992394,0.0 -53.3262726,-26.7932248992394,0.0 -53.3263204,-26.7932324992394,0.0 -53.3263658,-26.7932342992394,0.0 -53.3264112,-26.7932316992394,0.0 -53.3264525,-26.7932215992395,0.0 -53.3264962,-26.7932029992394,0.0 -53.3265474,-26.7931689992394,0.0 -53.3265769,-26.7931440992394,0.0 -53.3266055,-26.7931130992394,0.0 -53.3266177,-26.7930983992394,0.0 -53.3266535,-26.7930582992394,0.0 -53.3266679,-26.7930507992394,0.0 -53.3267281,-26.7930341992395,0.0 -53.3267496,-26.7930303992394,0.0 -53.3267897,-26.7930240992394,0.0 -53.3268338,-26.7930178992394,0.0 -53.326872,-26.7930062992394,0.0 -53.326914,-26.7929853992395,0.0 -53.3269393,-26.7929683992394,0.0 -53.3269726,-26.7929424992394,0.0 -53.3270234,-26.7929081992394,0.0 -53.3270679,-26.7928831992394,0.0 -53.3271064,-26.7928532992395,0.0 -53.3271412,-26.7928219992395,0.0 -53.3271555,-26.7928099992395,0.0 -53.3271927,-26.7927806992395,0.0 -53.3272164,-26.7927660992395,0.0 -53.3272648,-26.7927355992394,0.0 -53.3273169,-26.7927063992394,0.0 -53.3273801,-26.7926835992395,0.0 -53.3274116,-26.7926737992395,0.0 -53.327473,-26.7926522992394,0.0 -53.3275238,-26.7926339992395,0.0 -53.3275447,-26.7926264992395,0.0 -53.327589,-26.7926081992395,0.0 -53.3276376,-26.7925858992395,0.0 -53.327683,-26.7925612992395,0.0 -53.3277269,-26.7925435992395,0.0 -53.3277747,-26.7925305992395,0.0 -53.3278161,-26.7925291992395,0.0 -53.3278461,-26.7925384992395,0.0 -53.3278804,-26.7925648992395,0.0 -53.3278865,-26.7925707992395,0.0 -53.3279049,-26.7925765992395,0.0 -53.3279324,-26.7925851992395,0.0 -53.3279507,-26.7925861992395,0.0 -53.3279931,-26.7925824992395,0.0 -53.3280387,-26.7925717992395,0.0 -53.3280918,-26.7925525992395,0.0 -53.3281324,-26.7925390992395,0.0 -53.3281837,-26.7925256992395,0.0 -53.3282303,-26.7925115992395,0.0 -53.3282601,-26.7925019992395,0.0 -53.3282961,-26.7924849992395,0.0 -53.3283382,-26.7924618992394,0.0 -53.3283775,-26.7924365992395,0.0 -53.3283887,-26.7924275992395,0.0 -53.3284177,-26.7923943992395,0.0 -53.3284325,-26.7923688992395,0.0 -53.3284612,-26.7923275992395,0.0 -53.328493,-26.7922969992395,0.0 -53.3285344,-26.7922634992395,0.0 -53.3285496,-26.7922543992395,0.0 -53.3285978,-26.7922287992395,0.0 -53.3286138,-26.7922223992395,0.0 -53.3286727,-26.7922041992395,0.0 -53.3287221,-26.7921874992395,0.0 -53.3287724,-26.7921709992395,0.0 -53.328821,-26.7921613992395,0.0 -53.3288605,-26.7921528992395,0.0 -53.3288852,-26.7921470992395,0.0 -53.3289252,-26.7921321992395,0.0 -53.328961,-26.7921114992395,0.0 -53.3290135,-26.7920865992395,0.0 -53.3290615,-26.7920691992395,0.0 -53.3291033,-26.7920507992395,0.0 -53.3291471,-26.7920299992395,0.0 -53.3291872,-26.7920107992395,0.0 -53.3292236,-26.7919930992395,0.0 -53.3292639,-26.7919728992395,0.0 -53.3293004,-26.7919474992395,0.0 -53.329331,-26.7919283992395,0.0 -53.3293637,-26.7918964992395,0.0 -53.3293815,-26.7918835992395,0.0 -53.3294288,-26.7918637992395,0.0 -53.3294468,-26.7918571992395,0.0 -53.3294861,-26.7918414992395,0.0 -53.3295388,-26.7918213992395,0.0 -53.3295689,-26.7918091992395,0.0 -53.3296061,-26.7917953992395,0.0 -53.3296191,-26.7917897992395,0.0 -53.3296647,-26.7917565992395,0.0 -53.3296803,-26.7917452992395,0.0 -53.3297195,-26.7917269992395,0.0 -53.3297451,-26.7917242992395,0.0 -53.329793,-26.7917241992395,0.0 -53.3298451,-26.7917355992395,0.0 -53.3298881,-26.7917462992395,0.0 -53.3299082,-26.7917497992395,0.0 -53.3299284,-26.7917531992395,0.0 -53.3299593,-26.7917558992395,0.0 -53.3300082,-26.7917502992395,0.0 -53.3300232,-26.7917471992395,0.0 -53.3300732,-26.7917331992395,0.0 -53.3300915,-26.7917268992395,0.0 -53.3301314,-26.7917109992395,0.0 -53.3301717,-26.7916951992395,0.0 -53.3302229,-26.7916737992395,0.0 -53.3302367,-26.7916694992395,0.0 -53.3302693,-26.7916593992395,0.0 -53.3303725,-26.7916234992395,0.0 -53.3304088,-26.7916149992395,0.0 -53.3304545,-26.7915978992395,0.0 -53.3304942,-26.7915783992395,0.0 -53.3305311,-26.7915649992395,0.0 -53.330574,-26.7915482992395,0.0 -53.3306314,-26.7915287992395,0.0 -53.330659,-26.7915122992395,0.0 -53.3307066,-26.7914903992395,0.0 -53.3307234,-26.7914867992395,0.0 -53.3307635,-26.7914733992395,0.0 -53.3308112,-26.7914465992395,0.0 -53.3308281,-26.7914406992395,0.0 -53.3308732,-26.7914139992395,0.0 -53.3309645,-26.7913645992395,0.0 -53.3310001,-26.7913413992395,0.0 -53.3310524,-26.7913130992395,0.0 -53.3310915,-26.7912907992395,0.0 -53.3311272,-26.7912669992395,0.0 -53.3311627,-26.7912447992395,0.0 -53.3311884,-26.7912317992395,0.0 -53.3312146,-26.7912215992395,0.0 -53.3312535,-26.7912109992395,0.0 -53.3312738,-26.7912033992395,0.0 -53.3312924,-26.7911943992395,0.0 -53.3313563,-26.7911701992395,0.0 -53.3313756,-26.7911616992395,0.0 -53.3314254,-26.7911373992395,0.0 -53.3314825,-26.7911139992395,0.0 -53.3315375,-26.7910880992395,0.0 -53.3315533,-26.7910798992395,0.0 -53.3315977,-26.7910524992395,0.0 -53.3317186,-26.7909911992395,0.0 -53.3317753,-26.7909599992395,0.0 -53.3317981,-26.7909484992395,0.0 -53.3318219,-26.7909375992395,0.0 -53.3318329,-26.7909332992395,0.0 -53.3318632,-26.7909212992395,0.0 -53.3319033,-26.7909038992395,0.0 -53.3319815,-26.7908736992395,0.0 -53.3320356,-26.7908487992395,0.0 -53.3321075,-26.7908173992395,0.0 -53.332144,-26.7907962992395,0.0 -53.3321723,-26.7907821992395,0.0 -53.3322172,-26.7907613992395,0.0 -53.3322291,-26.7907549992395,0.0 -53.3322383,-26.7907488992395,0.0 -53.3322533,-26.7907346992395,0.0 -53.3322595,-26.7907257992395,0.0 -53.3322677,-26.7907068992395,0.0 -53.332271,-26.7906969992395,0.0 -53.3322735,-26.7906848992395,0.0 -53.3322784,-26.7906563992395,0.0 -53.3322798,-26.7906305992395,0.0 -53.3322799,-26.7906140992395,0.0 -53.3322781,-26.7905847992395,0.0 -53.3322776,-26.7905608992395,0.0 -53.3322743,-26.7905258992395,0.0 -53.3322748,-26.7905148992395,0.0 -53.3322771,-26.7905033992395,0.0 -53.332281,-26.7904925992395,0.0 -53.3322867,-26.7904803992395,0.0 -53.3322936,-26.7904720992395,0.0 -53.3323105,-26.7904623992395,0.0 -53.3323211,-26.7904571992395,0.0 -53.3323312,-26.7904543992395,0.0 -53.3323659,-26.7904491992395,0.0 -53.33238,-26.7904459992395,0.0 -53.3323937,-26.7904405992395,0.0 -53.3324084,-26.7904321992395,0.0 -53.3324235,-26.7904190992395,0.0 -53.3324557,-26.7903855992395,0.0 -53.3325009,-26.7903420992395,0.0 -53.3325169,-26.7903283992395,0.0 -53.3325319,-26.7903145992395,0.0 -53.3325574,-26.7902978992395,0.0 -53.332604,-26.7902687992395,0.0 -53.3327135,-26.7902040992395,0.0 -53.3327479,-26.7901812992395,0.0 -53.3327618,-26.7901703992395,0.0 -53.3328038,-26.7901298992395,0.0 -53.3328508,-26.7900890992395,0.0 -53.3329033,-26.7900513992395,0.0 -53.3329235,-26.7900355992395,0.0 -53.3329487,-26.7900173992395,0.0 -53.332965,-26.7900049992395,0.0 -53.3329885,-26.7899848992395,0.0 -53.3330163,-26.7899627992395,0.0 -53.333033,-26.7899503992395,0.0 -53.3330517,-26.7899382992395,0.0 -53.3331118,-26.7899014992395,0.0 -53.3331447,-26.7898857992395,0.0 -53.3331703,-26.7898742992395,0.0 -53.3333109,-26.7898193992395,0.0 -53.3333464,-26.7898017992395,0.0 -53.3333544,-26.7897946992395,0.0 -53.3333833,-26.7897717992395,0.0 -53.3334133,-26.7897504992395,0.0 -53.3334539,-26.7897173992395,0.0 -53.3334746,-26.7896987992395,0.0 -53.3334924,-26.7896816992395,0.0 -53.3335592,-26.7896153992395,0.0 -53.3335771,-26.7895951992395,0.0 -53.3335886,-26.7895808992395,0.0 -53.3335969,-26.7895733992395,0.0 -53.3336107,-26.7895584992395,0.0 -53.3336289,-26.7895370992395,0.0 -53.3336699,-26.7894832992395,0.0 -53.3337128,-26.7894303992395,0.0 -53.3337325,-26.7894038992395,0.0 -53.3337813,-26.7893418992395,0.0 -53.3338409,-26.7892727992395,0.0 -53.3338696,-26.7892403992395,0.0 -53.3338851,-26.7892216992395,0.0 -53.3338997,-26.7892014992395,0.0 -53.3339238,-26.7891662992395,0.0 -53.3339327,-26.7891503992395,0.0 -53.3339447,-26.7891251992395,0.0 -53.3339586,-26.7890936992395,0.0 -53.3340112,-26.7889660992395,0.0 -53.3340203,-26.7889450992395,0.0 -53.3340289,-26.7889282992395,0.0 -53.3340378,-26.7889124992395,0.0 -53.3340585,-26.7888807992395,0.0 -53.3341239,-26.7887927992395,0.0 -53.3341347,-26.7887757992395,0.0 -53.3341649,-26.7887109992395,0.0 -53.3341718,-26.7886965992395,0.0 -53.3341744,-26.7886917992395,0.0 -53.3341771,-26.7886869992395,0.0 -53.3341859,-26.7886681992395,0.0 -53.3342065,-26.7886218992395,0.0 -53.334224,-26.7885785992395,0.0 -53.3342321,-26.7885620992395,0.0 -53.3342394,-26.7885487992395,0.0 -53.3342539,-26.7885256992395,0.0 -53.3342623,-26.7885150992395,0.0 -53.3342879,-26.7884908992395,0.0 -53.3343069,-26.7884728992395,0.0 -53.3343249,-26.7884583992395,0.0 -53.3343334,-26.7884507992395,0.0 -53.3343484,-26.7884399992395,0.0 -53.3343657,-26.7884291992395,0.0 -53.3344114,-26.7884087992395,0.0 -53.3344391,-26.7883982992395,0.0 -53.3344668,-26.7883888992395,0.0 -53.3344934,-26.7883802992395,0.0 -53.3345197,-26.7883728992395,0.0 -53.3345445,-26.7883648992395,0.0 -53.3345684,-26.7883556992395,0.0 -53.3346231,-26.7883312992395,0.0 -53.334683,-26.7882995992395,0.0 -53.3347126,-26.7882850992395,0.0 -53.3347692,-26.7882599992395,0.0 -53.3348585,-26.7882263992395,0.0 -53.3349182,-26.7882069992395,0.0 -53.3349336,-26.7882047992395,0.0 -53.3350004,-26.7881994992395,0.0 -53.3350413,-26.7881952992395,0.0 -53.3351281,-26.7881842992395,0.0 -53.3351701,-26.7881763992395,0.0 -53.3352416,-26.7881506992395,0.0 -53.3352923,-26.7881224992395,0.0 -53.3353131,-26.7881117992395,0.0 -53.3353532,-26.7880951992395,0.0 -53.3353945,-26.7880770992395,0.0 -53.3354171,-26.7880657992395,0.0 -53.3354393,-26.7880529992395,0.0 -53.3354618,-26.7880380992396,0.0 -53.3355536,-26.7879713992395,0.0 -53.335609,-26.7879361992395,0.0 -53.3356369,-26.7879205992396,0.0 -53.3357398,-26.7878689992395,0.0 -53.3357671,-26.7878517992396,0.0 -53.3357932,-26.7878303992395,0.0 -53.3358165,-26.7878071992396,0.0 -53.3358357,-26.7877826992396,0.0 -53.3358492,-26.7877601992395,0.0 -53.3358595,-26.7877376992396,0.0 -53.3358838,-26.7876794992396,0.0 -53.3358998,-26.7876448992396,0.0 -53.3359099,-26.7876250992396,0.0 -53.3359223,-26.7876040992396,0.0 -53.3359381,-26.7875823992396,0.0 -53.3359547,-26.7875613992396,0.0 -53.3359721,-26.7875430992396,0.0 -53.3359896,-26.7875260992396,0.0 -53.3360063,-26.7875114992396,0.0 -53.3360253,-26.7874964992396,0.0 -53.3360414,-26.7874852992396,0.0 -53.3360792,-26.7874574992396,0.0 -53.3360879,-26.7874517992396,0.0 -53.3361092,-26.7874361992396,0.0 -53.3361207,-26.7874285992396,0.0 -53.3361385,-26.7874128992396,0.0 -53.3361783,-26.7873843992396,0.0 -53.3362179,-26.7873585992396,0.0 -53.3362761,-26.7873157992396,0.0 -53.3363177,-26.7872909992396,0.0 -53.3363811,-26.7872578992396,0.0 -53.3364575,-26.7872248992396,0.0 -53.3364852,-26.7872120992396,0.0 -53.3365135,-26.7871965992396,0.0 -53.3366005,-26.7871447992396,0.0 -53.3366287,-26.7871266992396,0.0 -53.3366833,-26.7870947992396,0.0 -53.336725,-26.7870671992396,0.0 -53.336751,-26.7870489992396,0.0 -53.3368051,-26.7870141992396,0.0 -53.3368555,-26.7869839992396,0.0 -53.3368794,-26.7869711992396,0.0 -53.3369255,-26.7869536992396,0.0 -53.336997,-26.7869306992396,0.0 -53.3370709,-26.7869089992396,0.0 -53.3370854,-26.7869041992396,0.0 -53.3370999,-26.7868983992396,0.0 -53.3371142,-26.7868911992396,0.0 -53.3371298,-26.7868842992396,0.0 -53.3371459,-26.7868757992396,0.0 -53.3371815,-26.7868551992396,0.0 -53.3371969,-26.7868453992396,0.0 -53.3372112,-26.7868344992396,0.0 -53.3372249,-26.7868229992396,0.0 -53.3372514,-26.7867974992396,0.0 -53.337265,-26.7867830992396,0.0 -53.3372914,-26.7867516992396,0.0 -53.3373159,-26.7867159992396,0.0 -53.3373372,-26.7866810992396,0.0 -53.337348,-26.7866658992396,0.0 -53.3373591,-26.7866750992396,0.0 -53.3373641,-26.7866856992396,0.0 -53.337377,-26.7867093992396,0.0 -53.3373827,-26.7867173992396,0.0 -53.3373977,-26.7867353992396,0.0 -53.3374035,-26.7867528992396,0.0 -53.3374166,-26.7868001992396,0.0 -53.3374284,-26.7868351992396,0.0 -53.3374432,-26.7868673992396,0.0 -53.3374795,-26.7869230992396,0.0 -53.3375001,-26.7869523992396,0.0 -53.3375188,-26.7869822992396,0.0 -53.3375338,-26.7870142992396,0.0 -53.3375459,-26.7870501992396,0.0 -53.3375546,-26.7870917992396,0.0 -53.3375593,-26.7871380992396,0.0 -53.3375604,-26.7871847992396,0.0 -53.337559,-26.7872666992396,0.0 -53.3375593,-26.7872894992396,0.0 -53.3375574,-26.7873213992396,0.0 -53.3375519,-26.7873889992396,0.0 -53.3375471,-26.7874162992396,0.0 -53.3375383,-26.7874409992396,0.0 -53.3375076,-26.7874868992396,0.0 -53.3374672,-26.7875345992396,0.0 -53.337447,-26.7875604992396,0.0 -53.3374279,-26.7875901992396,0.0 -53.3374136,-26.7876231992396,0.0 -53.3374033,-26.7876563992396,0.0 -53.3373979,-26.7876834992396,0.0 -53.3373958,-26.7876947992395,0.0 -53.3373947,-26.7877121992396,0.0 -53.3373945,-26.7877429992396,0.0 -53.3373953,-26.7877795992396,0.0 -53.3373977,-26.7878175992395,0.0 -53.3374033,-26.7878554992395,0.0 -53.3374102,-26.7878950992395,0.0 -53.3374188,-26.7879364992395,0.0 -53.3374295,-26.7879796992395,0.0 -53.337442,-26.7880233992396,0.0 -53.3374564,-26.7880644992395,0.0 -53.3374721,-26.7880994992396,0.0 -53.3374847,-26.7881255992395,0.0 -53.3374909,-26.7881368992395,0.0 -53.3375078,-26.7881606992395,0.0 -53.3375308,-26.7881824992395,0.0 -53.3375557,-26.7882027992395,0.0 -53.3376015,-26.7882357992395,0.0 -53.3376624,-26.7882815992395,0.0 -53.3376841,-26.7882963992395,0.0 -53.3377058,-26.7883111992395,0.0 -53.3377176,-26.7883200992395,0.0 -53.3377295,-26.7883304992395,0.0 -53.3377424,-26.7883434992395,0.0 -53.3377537,-26.7883596992395,0.0 -53.3377634,-26.7883780992395,0.0 -53.3377713,-26.7883984992395,0.0 -53.3377763,-26.7884213992395,0.0 -53.3377794,-26.7884436992395,0.0 -53.3377742,-26.7884653992395,0.0 -53.3377629,-26.7884925992395,0.0 -53.337747,-26.7885184992395,0.0 -53.3377291,-26.7885421992395,0.0 -53.3376938,-26.7885853992395,0.0 -53.3376783,-26.7886067992395,0.0 -53.3376658,-26.7886279992395,0.0 -53.3376572,-26.7886499992395,0.0 -53.3376536,-26.7886715992395,0.0 -53.337655,-26.7886945992395,0.0 -53.3376617,-26.7887135992395,0.0 -53.3376741,-26.7887300992395,0.0 -53.3376918,-26.7887453992395,0.0 -53.3377129,-26.7887610992395,0.0 -53.3377356,-26.7887752992395,0.0 -53.3377797,-26.7887986992395,0.0 -53.3377952,-26.7888089992395,0.0 -53.3378047,-26.7888222992395,0.0 -53.3378188,-26.7888342992395,0.0 -53.3378346,-26.7888464992395,0.0 -53.3378511,-26.7888617992395,0.0 -53.3378647,-26.7888785992395,0.0 -53.3378737,-26.7888939992395,0.0 -53.3378772,-26.7889077992395,0.0 -53.3378765,-26.7889188992395,0.0 -53.3378702,-26.7889300992395,0.0 -53.3378588,-26.7889415992395,0.0 -53.3378441,-26.7889548992395,0.0 -53.3378253,-26.7889685992395,0.0 -53.337804,-26.7889809992395,0.0 -53.3377643,-26.7889981992395,0.0 -53.3377161,-26.7890148992395,0.0 -53.3377029,-26.7890214992395,0.0 -53.3376916,-26.7890295992395,0.0 -53.3376837,-26.7890393992395,0.0 -53.3376804,-26.7890520992395,0.0 -53.3376815,-26.7890667992395,0.0 -53.3376856,-26.7890818992395,0.0 -53.3376957,-26.7891002992395,0.0 -53.3377354,-26.7891598992395,0.0 -53.3377423,-26.7891722992395,0.0 -53.3377647,-26.7892088992395,0.0 -53.3377984,-26.7892591992395,0.0 -53.3378113,-26.7892819992395,0.0 -53.3378189,-26.7893049992395,0.0 -53.3378229,-26.7893272992395,0.0 -53.3378252,-26.7893750992395,0.0 -53.3378241,-26.7893998992395,0.0 -53.3378082,-26.7895118992395,0.0 -53.3378003,-26.7895735992395,0.0 -53.3378002,-26.7895967992395,0.0 -53.3377965,-26.7896281992395,0.0 -53.3377897,-26.7896614992395,0.0 -53.3377814,-26.7896928992395,0.0 -53.3377668,-26.7897432992395,0.0 -53.3377582,-26.7897585992395,0.0 -53.3377459,-26.7897682992395,0.0 -53.3377332,-26.7897747992395,0.0 -53.3377228,-26.7897808992395,0.0 -53.3377144,-26.7897899992395,0.0 -53.3377074,-26.7898033992395,0.0 -53.337702,-26.7898189992395,0.0 -53.3377007,-26.7898354992395,0.0 -53.3377018,-26.7898519992395,0.0 -53.3377051,-26.7898666992395,0.0 -53.33771,-26.7898802992395,0.0 -53.3377191,-26.7899005992395,0.0 -53.3377202,-26.7899030992395,0.0 -53.3377301,-26.7899271992395,0.0 -53.3377755,-26.7900190992395,0.0 -53.3378081,-26.7900733992395,0.0 -53.3378333,-26.7901125992395,0.0 -53.3378555,-26.7901443992395,0.0 -53.3378887,-26.7901889992395,0.0 -53.3379231,-26.7902397992395,0.0 -53.3379504,-26.7902797992395,0.0 -53.3379727,-26.7903202992395,0.0 -53.3379888,-26.7903663992395,0.0 -53.3379945,-26.7904092992395,0.0 -53.3379932,-26.7904552992395,0.0 -53.3379995,-26.7904944992395,0.0 -53.3380143,-26.7905751992395,0.0 -53.338016,-26.7906225992395,0.0 -53.3380149,-26.7906596992395,0.0 -53.3380208,-26.7906980992395,0.0 -53.3380238,-26.7907357992395,0.0 -53.3380257,-26.7907757992395,0.0 -53.338027,-26.7908219992395,0.0 -53.3380236,-26.7908811992395,0.0 -53.3380171,-26.7909303992395,0.0 -53.3380176,-26.7910325992395,0.0 -53.3380127,-26.7910755992395,0.0 -53.3380086,-26.7911234992395,0.0 -53.3379984,-26.7911769992395,0.0 -53.3379877,-26.7912244992395,0.0 -53.3379856,-26.7912694992395,0.0 -53.3379825,-26.7913094992395,0.0 -53.3379707,-26.7913442992395,0.0 -53.3379602,-26.7913820992395,0.0 -53.3379454,-26.7914302992395,0.0 -53.3379293,-26.7914747992395,0.0 -53.3379252,-26.7915234992395,0.0 -53.3379241,-26.7916572992395,0.0 -53.3379228,-26.7916699992395,0.0 -53.3379191,-26.7917056992395,0.0 -53.3379146,-26.7917506992395,0.0 -53.337917,-26.7917986992395,0.0 -53.3379215,-26.7918383992395,0.0 -53.33792,-26.7918883992395,0.0 -53.3379147,-26.7919277992395,0.0 -53.3379101,-26.7919689992395,0.0 -53.3379022,-26.7920128992395,0.0 -53.337888,-26.7920556992395,0.0 -53.3378756,-26.7920954992395,0.0 -53.3378635,-26.7921364992395,0.0 -53.3378503,-26.7921782992395,0.0 -53.3378366,-26.7922260992395,0.0 -53.3378224,-26.7922693992395,0.0 -53.3378171,-26.7922856992395,0.0 -53.3377983,-26.7923238992395,0.0 -53.3377905,-26.7923772992395,0.0 -53.3377835,-26.7924334992395,0.0 -53.3377763,-26.7924720992395,0.0 -53.3377662,-26.7925227992395,0.0 -53.3377499,-26.7925806992395,0.0 -53.337735,-26.7926237992395,0.0 -53.3377246,-26.7926725992395,0.0 -53.3377117,-26.7927126992395,0.0 -53.3376956,-26.7927603992395,0.0 -53.3376912,-26.7927716992395,0.0 -53.3376823,-26.7927943992395,0.0 -53.3376612,-26.7928363992395,0.0 -53.3376339,-26.7928771992395,0.0 -53.3376116,-26.7929087992394,0.0 -53.3376031,-26.7929207992395,0.0 -53.3375749,-26.7929534992394,0.0 -53.3375404,-26.7929800992394,0.0 -53.337499,-26.7930104992395,0.0 -53.3374652,-26.7930360992394,0.0 -53.3374371,-26.7930625992395,0.0 -53.3374062,-26.7930893992395,0.0 -53.3373761,-26.7931159992394,0.0 -53.3373493,-26.7931443992394,0.0 -53.337325,-26.7931776992394,0.0 -53.337303,-26.7932118992394,0.0 -53.3372794,-26.7932510992394,0.0 -53.3372592,-26.7932910992394,0.0 -53.3372329,-26.7933406992394,0.0 -53.3372132,-26.7933769992394,0.0 -53.3372006,-26.7934249992394,0.0 -53.3371983,-26.7934330992394,0.0 -53.3371894,-26.7934646992394,0.0 -53.3371721,-26.7935080992394,0.0 -53.337143,-26.7935388992394,0.0 -53.3371188,-26.7935698992394,0.0 -53.3370935,-26.7936004992394,0.0 -53.3370652,-26.7936309992394,0.0 -53.3370409,-26.7936607992394,0.0 -53.3370125,-26.7936964992394,0.0 -53.3369855,-26.7937410992394,0.0 -53.3369633,-26.7937758992394,0.0 -53.3369372,-26.7938188992394,0.0 -53.3369123,-26.7938598992394,0.0 -53.3368871,-26.7938944992394,0.0 -53.3368626,-26.7939279992394,0.0 -53.3368298,-26.7939692992394,0.0 -53.3367929,-26.7940091992394,0.0 -53.3367532,-26.7940459992394,0.0 -53.3367211,-26.7940828992394,0.0 -53.3367002,-26.7941207992394,0.0 -53.3366801,-26.7941589992394,0.0 -53.3366564,-26.7941921992394,0.0 -53.3366251,-26.7942206992394,0.0 -53.3365926,-26.7942431992394,0.0 -53.336561,-26.7942705992394,0.0 -53.3365303,-26.7942957992394,0.0 -53.3364945,-26.7943262992394,0.0 -53.3364644,-26.7943496992394,0.0 -53.3364317,-26.7943737992394,0.0 -53.3363989,-26.7943998992394,0.0 -53.3363658,-26.7944280992394,0.0 -53.3363354,-26.7944565992394,0.0 -53.3363086,-26.7944891992394,0.0 -53.3362812,-26.7945307992394,0.0 -53.3362585,-26.7945618992394,0.0 -53.3362309,-26.7945956992394,0.0 -53.3362086,-26.7946265992394,0.0 -53.3361893,-26.7946637992394,0.0 -53.3361729,-26.7946988992394,0.0 -53.3361488,-26.7947364992394,0.0 -53.3361198,-26.7947787992394,0.0 -53.3360859,-26.7948276992394,0.0 -53.3360787,-26.7948405992394,0.0 -53.336063,-26.7948690992394,0.0 -53.3360414,-26.7948997992394,0.0 -53.3360135,-26.7949347992394,0.0 -53.3359858,-26.7949726992394,0.0 -53.3359647,-26.7950037992394,0.0 -53.335945,-26.7950392992394,0.0 -53.3358941,-26.7951249992394,0.0 -53.3358732,-26.7951703992394,0.0 -53.3358556,-26.7952121992394,0.0 -53.3358385,-26.7952455992394,0.0 -53.3358242,-26.7952796992394,0.0 -53.3358122,-26.7953155992394,0.0 -53.3357948,-26.7954080992394,0.0 -53.3357793,-26.7954666992394,0.0 -53.3357649,-26.7955133992394,0.0 -53.3357441,-26.7955882992394,0.0 -53.3357309,-26.7956692992394,0.0 -53.3357114,-26.7957133992394,0.0 -53.3356794,-26.7957561992394,0.0 -53.3356378,-26.7957943992394,0.0 -53.33561,-26.7958245992394,0.0 -53.3355909,-26.7958586992394,0.0 -53.335587,-26.7958733992394,0.0 -53.3355821,-26.7958923992394,0.0 -53.3355775,-26.7959098992394,0.0 -53.3436682,-26.7980034992393,0.0 -53.3448929,-26.7983203992394,0.0 -53.3449053,-26.7982787992393,0.0 -53.3449256,-26.7982341992393,0.0 -53.3449504,-26.7982035992394,0.0 -53.3449627,-26.7981973992393,0.0 -53.344974,-26.7981960992393,0.0 -53.344989,-26.7981980992393,0.0 -53.345006,-26.7982044992394,0.0 -53.3450406,-26.7982122992393,0.0 -53.3450825,-26.7982148992394,0.0 -53.3451296,-26.7982139992394,0.0 -53.3451731,-26.7982172992393,0.0 -53.345219,-26.7982195992393,0.0 -53.3452656,-26.7982198992393,0.0 -53.345314,-26.7982143992393,0.0 -53.3453551,-26.7982108992394,0.0 -53.3453738,-26.7982072992393,0.0 -53.3454168,-26.7981985992393,0.0 -53.345463,-26.7981867992393,0.0 -53.3454873,-26.7981757992393,0.0 -53.3455237,-26.7981594992394,0.0 -53.345531,-26.7981566992393,0.0 -53.3455639,-26.7981458992394,0.0 -53.3456158,-26.7981350992394,0.0 -53.3456667,-26.7981327992393,0.0 -53.3456969,-26.7981319992393,0.0 -53.3457404,-26.7981341992393,0.0 -53.3457475,-26.7981335992393,0.0 -53.3457872,-26.7981255992393,0.0 -53.3458296,-26.7981061992394,0.0 -53.3458501,-26.7980948992393,0.0 -53.3458882,-26.7980706992393,0.0 -53.3459161,-26.7980436992393,0.0 -53.3459483,-26.7980171992394,0.0 -53.3459561,-26.7980122992394,0.0 -53.3460034,-26.7979949992394,0.0 -53.3460448,-26.7979846992394,0.0 -53.346059,-26.7979825992394,0.0 -53.3460989,-26.7979776992394,0.0 -53.3461414,-26.7979536992393,0.0 -53.3461793,-26.7979273992394,0.0 -53.3462142,-26.7978977992394,0.0 -53.346247,-26.7978551992394,0.0 -53.3462602,-26.7978221992394,0.0 -53.3462918,-26.7977873992394,0.0 -53.3463311,-26.7977622992394,0.0 -53.3463675,-26.7977364992394,0.0 -53.3464054,-26.7977142992394,0.0 -53.3464517,-26.7976941992394,0.0 -53.3464919,-26.7976718992394,0.0 -53.3465273,-26.7976465992394,0.0 -53.3465545,-26.7976170992394,0.0 -53.3465577,-26.7976126992394,0.0 -53.3465765,-26.7975796992394,0.0 -53.3465953,-26.7975560992394,0.0 -53.3466069,-26.7975382992394,0.0 -53.3466115,-26.7974991992394,0.0 -53.3466177,-26.7974614992394,0.0 -53.3466245,-26.7974417992394,0.0 -53.3466497,-26.7974086992394,0.0 -53.3466827,-26.7973878992394,0.0 -53.3467286,-26.7973746992394,0.0 -53.3467728,-26.7973754992394,0.0 -53.3467997,-26.7973850992394,0.0 -53.3468366,-26.7974074992394,0.0 -53.3468771,-26.7974304992394,0.0 -53.3468855,-26.7974361992394,0.0 -53.3469193,-26.7974676992394,0.0 -53.3469269,-26.7974773992394,0.0 -53.3469626,-26.7975133992394,0.0 -53.3469929,-26.7975417992394,0.0 -53.3470321,-26.7975531992394,0.0 -53.3470411,-26.7975521992394,0.0 -53.3470897,-26.7975331992394,0.0 -53.3471233,-26.7975312992394,0.0 -53.3471643,-26.7975348992394,0.0 -53.347178,-26.7975373992394,0.0 -53.3472238,-26.7975449992394,0.0 -53.3472693,-26.7975501992394,0.0 -53.3473027,-26.7975572992394,0.0 -53.3473491,-26.7975653992394,0.0 -53.3473819,-26.7975690992394,0.0 -53.347397,-26.7975707992394,0.0 -53.3474256,-26.7975796992394,0.0 -53.3474585,-26.7975957992394,0.0 -53.3474948,-26.7976017992394,0.0 -53.3475027,-26.7976031992394,0.0 -53.3475448,-26.7975873992394,0.0 -53.3475952,-26.7975798992394,0.0 -53.3476428,-26.7975800992394,0.0 -53.3476954,-26.7975733992394,0.0 -53.3477198,-26.7975686992394,0.0 -53.3477632,-26.7975602992394,0.0 -53.3478102,-26.7975501992394,0.0 -53.347847,-26.7975297992394,0.0 -53.3478859,-26.7975172992394,0.0 -53.3479233,-26.7975015992394,0.0 -53.3479317,-26.7974968992394,0.0 -53.3479726,-26.7974747992394,0.0 -53.347995,-26.7974619992394,0.0 -53.3480389,-26.7974455992394,0.0 -53.3480577,-26.7974420992394,0.0 -53.3480816,-26.7974402992394,0.0 -53.3480989,-26.7974389992394,0.0 -53.3481407,-26.7974327992394,0.0 -53.3481868,-26.7974256992394,0.0 -53.3482303,-26.7974162992394,0.0 -53.3482594,-26.7974098992394,0.0 -53.3482976,-26.7973973992394,0.0 -53.3483444,-26.7973784992394,0.0 -53.3483568,-26.7973746992394,0.0 -53.3484012,-26.7973593992394,0.0 -53.3484121,-26.7973563992394,0.0 -53.348451,-26.7973416992394,0.0 -53.3484881,-26.7973207992394,0.0 -53.348509,-26.7973028992394,0.0 -53.3485369,-26.7972752992394,0.0 -53.3485674,-26.7972449992394,0.0 -53.3486122,-26.7972316992394,0.0 -53.3486609,-26.7972399992394,0.0 -53.348704,-26.7972625992394,0.0 -53.3487125,-26.7972690992394,0.0 -53.3487468,-26.7972907992394,0.0 -53.3487829,-26.7973146992394,0.0 -53.3487973,-26.7973354992394,0.0 -53.3487993,-26.7973582992394,0.0 -53.3487862,-26.7974008992394,0.0 -53.3487932,-26.7974258992394,0.0 -53.3488224,-26.7974487992394,0.0 -53.3488485,-26.7974547992394,0.0 -53.3488669,-26.7974513992394,0.0 -53.3488963,-26.7974329992394,0.0 -53.3489242,-26.7974037992394,0.0 -53.3489386,-26.7973885992394,0.0 -53.3489784,-26.7973606992394,0.0 -53.3489916,-26.7973574992394,0.0 -53.3490357,-26.7973541992394,0.0 -53.3490441,-26.7973548992394,0.0 -53.3490877,-26.7973599992394,0.0 -53.3491281,-26.7973714992394,0.0 -53.3491466,-26.7973816992394,0.0 -53.3491793,-26.7974042992394,0.0 -53.3492208,-26.7974240992394,0.0 -53.3492613,-26.7974253992394,0.0 -53.3492784,-26.7974226992394,0.0 -53.3493075,-26.7973965992394,0.0 -53.3493109,-26.7973899992394,0.0 -53.3493295,-26.7973533992394,0.0 -53.34935,-26.7973179992394,0.0 -53.3493781,-26.7972914992394,0.0 -53.3494008,-26.7972884992394,0.0 -53.3494275,-26.7972932992394,0.0 -53.3494495,-26.7973140992394,0.0 -53.3494756,-26.7973472992394,0.0 -53.3494885,-26.7973617992394,0.0 -53.349516,-26.7973899992394,0.0 -53.3495227,-26.7973955992394,0.0 -53.3495565,-26.7974120992394,0.0 -53.3496003,-26.7974130992394,0.0 -53.3496114,-26.7974129992394,0.0 -53.3496515,-26.7974046992394,0.0 -53.3496676,-26.7973889992394,0.0 -53.3496786,-26.7973666992394,0.0 -53.3496939,-26.7973317992394,0.0 -53.3497122,-26.7973104992394,0.0 -53.3497375,-26.7972769992394,0.0 -53.3497677,-26.7972454992394,0.0 -53.349796,-26.7972294992394,0.0 -53.349841,-26.7972221992394,0.0 -53.3498516,-26.7972216992394,0.0 -53.3498992,-26.7972265992394,0.0 -53.3499389,-26.7972379992394,0.0 -53.3499488,-26.7972426992394,0.0 -53.349992,-26.7972683992394,0.0 -53.350029,-26.7972935992394,0.0 -53.3500661,-26.7973180992394,0.0 -53.350085,-26.7973263992394,0.0 -53.3501111,-26.7973390992394,0.0 -53.3501302,-26.7973417992394,0.0 -53.3501657,-26.7973476992394,0.0 -53.3502068,-26.7973665992394,0.0 -53.3502299,-26.7973742992394,0.0 -53.3502685,-26.7973890992394,0.0 -53.3503094,-26.7974076992394,0.0 -53.3503474,-26.7974178992394,0.0 -53.3503835,-26.7974185992394,0.0 -53.3504312,-26.7974156992394,0.0 -53.3504749,-26.7974099992394,0.0 -53.3505152,-26.7974033992394,0.0 -53.3505596,-26.7973946992394,0.0 -53.3505719,-26.7973925992394,0.0 -53.3506231,-26.7973812992394,0.0 -53.3506426,-26.7973751992394,0.0 -53.3506621,-26.7973690992394,0.0 -53.3507027,-26.7973619992394,0.0 -53.3507167,-26.7973616992394,0.0 -53.3507654,-26.7973604992394,0.0 -53.3508126,-26.7973635992394,0.0 -53.3508386,-26.7973712992394,0.0 -53.3508808,-26.7973943992394,0.0 -53.3509039,-26.7974165992394,0.0 -53.3509275,-26.7974556992394,0.0 -53.3509448,-26.7974908992394,0.0 -53.3509619,-26.7975314992394,0.0 -53.3509813,-26.7975762992394,0.0 -53.3509988,-26.7976135992393,0.0 -53.3510024,-26.7976240992394,0.0 -53.3510158,-26.7976640992394,0.0 -53.3510207,-26.7976737992394,0.0 -53.351044,-26.7977043992394,0.0 -53.3510516,-26.7977157992394,0.0 -53.3510829,-26.7977387992394,0.0 -53.351124,-26.7977502992394,0.0 -53.3511424,-26.7977545992394,0.0 -53.3511892,-26.7977589992394,0.0 -53.3512233,-26.7977604992394,0.0 -53.3512448,-26.7977567992394,0.0 -53.3512856,-26.7977421992394,0.0 -53.3512928,-26.7977390992394,0.0 -53.3513147,-26.7977270992394,0.0 -53.3513332,-26.7977176992394,0.0 -53.3513705,-26.7976987992394,0.0 -53.351378,-26.7976949992394,0.0 -53.3513982,-26.7976851992394,0.0 -53.3514177,-26.7976782992394,0.0 -53.3514511,-26.7976561992394,0.0 -53.3514654,-26.7976511992394,0.0 -53.3515051,-26.7976382992394,0.0 -53.3515454,-26.7976325992394,0.0 -53.3515635,-26.7976320992394,0.0 -53.3516102,-26.7976324992394,0.0 -53.3516531,-26.7976368992394,0.0 -53.3516955,-26.7976411992394,0.0 -53.3517421,-26.7976510992394,0.0 -53.3517841,-26.7976550992394,0.0 -53.3518593,-26.7976442992394,0.0 -53.3519041,-26.7976435992394,0.0 -53.351948,-26.7976528992394,0.0 -53.3519861,-26.7976705992394,0.0 -53.3520169,-26.7976939992394,0.0 -53.3520526,-26.7977123992394,0.0 -53.3520971,-26.7977195992394,0.0 -53.3521437,-26.7977300992394,0.0 -53.3521748,-26.7977374992394,0.0 -53.3522133,-26.7977508992394,0.0 -53.3522558,-26.7977658992394,0.0 -53.3522919,-26.7977870992394,0.0 -53.3523183,-26.7978165992394,0.0 -53.3523397,-26.7978479992393,0.0 -53.3523597,-26.7978891992394,0.0 -53.3523833,-26.7979486992394,0.0 -53.3523896,-26.7979667992394,0.0 -53.352402,-26.7979732992394,0.0 -53.3524234,-26.7979709992394,0.0 -53.3524956,-26.7979513992394,0.0 -53.3525056,-26.7979480992394,0.0 -53.3525516,-26.7979264992394,0.0 -53.3525966,-26.7979173992393,0.0 -53.3526416,-26.7979172992393,0.0 -53.352688,-26.7979215992393,0.0 -53.3527293,-26.7979183992394,0.0 -53.3527803,-26.7979255992394,0.0 -53.3528246,-26.7979404992394,0.0 -53.3528662,-26.7979603992394,0.0 -53.3529095,-26.7979754992393,0.0 -53.3529511,-26.7979853992394,0.0 -53.353004,-26.7979868992394,0.0 -53.3530464,-26.7979795992394,0.0 -53.3530547,-26.7979765992393,0.0 -53.3530908,-26.7979589992394,0.0 -53.3531233,-26.7979371992393,0.0 -53.3531507,-26.7979102992394,0.0 -53.3531886,-26.7978904992394,0.0 -53.353227,-26.7978767992394,0.0 -53.3532623,-26.7978544992393,0.0 -53.3532996,-26.7978330992394,0.0 -53.3533443,-26.7978049992394,0.0 -53.3533721,-26.7977913992394,0.0 -53.3533741,-26.7977903992393,0.0 -53.35338,-26.7977874992394,0.0 -53.3534011,-26.7977795992394,0.0 -53.3534428,-26.7977753992394,0.0 -53.3534606,-26.7977783992394,0.0 -53.3535036,-26.7977872992394,0.0 -53.3535261,-26.7977980992394,0.0 -53.3535674,-26.7978221992394,0.0 -53.3535996,-26.7978465992394,0.0 -53.3536246,-26.7978826992394,0.0 -53.3536447,-26.7979167992393,0.0 -53.3536503,-26.7979248992394,0.0 -53.3536757,-26.7979539992394,0.0 -53.3537102,-26.7979850992394,0.0 -53.3537514,-26.7980160992394,0.0 -53.3537914,-26.7980467992394,0.0 -53.3538292,-26.7980803992393,0.0 -53.3538669,-26.7981119992393,0.0 -53.3539041,-26.7981421992394,0.0 -53.3539156,-26.7981506992394,0.0 -53.3539369,-26.7981664992394,0.0 -53.3539823,-26.7981902992394,0.0 -53.3540185,-26.7982092992393,0.0 -53.3540538,-26.7982274992394,0.0 -53.3540909,-26.7982454992393,0.0 -53.3541305,-26.7982689992393,0.0 -53.354168,-26.7982967992394,0.0 -53.3541963,-26.7983302992393,0.0 -53.3542177,-26.7983687992393,0.0 -53.3542351,-26.7983974992393,0.0 -53.3542602,-26.7984441992393,0.0 -53.3542799,-26.7984824992393,0.0 -53.3543161,-26.7985136992393,0.0 -53.354351,-26.7985352992393,0.0 -53.3543931,-26.7985577992393,0.0 -53.3544362,-26.7985744992393,0.0 -53.3544832,-26.7985799992393,0.0 -53.3545334,-26.7985842992393,0.0 -53.354575,-26.7985934992393,0.0 -53.3546259,-26.7986078992393,0.0 -53.3546681,-26.7986149992393,0.0 -53.3547134,-26.7986204992393,0.0 -53.3547645,-26.7986237992393,0.0 -53.3548084,-26.7986255992393,0.0 -53.3548495,-26.7986344992393,0.0 -53.3548913,-26.7986398992393,0.0 -53.3549336,-26.7986436992393,0.0 -53.3549833,-26.7986531992393,0.0 -53.355031,-26.7986641992393,0.0 -53.3550759,-26.7986845992393,0.0 -53.3551231,-26.7987014992393,0.0 -53.3551616,-26.7987215992393,0.0 -53.3551986,-26.7987405992393,0.0 -53.3552455,-26.7987611992393,0.0 -53.3552848,-26.7987832992393,0.0 -53.3553231,-26.7988081992393,0.0 -53.3553589,-26.7988278992393,0.0 -53.3554035,-26.7988500992393,0.0 -53.3554376,-26.7988734992393,0.0 -53.3554697,-26.7988948992393,0.0 -53.3554749,-26.7988996992393,0.0 -53.3555039,-26.7989304992393,0.0 -53.3555368,-26.7989562992393,0.0 -53.3555421,-26.7989590992393,0.0 -53.3555887,-26.7989627992393,0.0 -53.3556281,-26.7989516992393,0.0 -53.3556641,-26.7989301992393,0.0 -53.3556982,-26.7989093992393,0.0 -53.355738,-26.7988891992393,0.0 -53.3557773,-26.7988763992393,0.0 -53.3558184,-26.7988757992393,0.0 -53.3558478,-26.7988943992393,0.0 -53.3558652,-26.7989226992393,0.0 -53.3558855,-26.7989699992393,0.0 -53.3559057,-26.7990053992393,0.0 -53.3559381,-26.7990282992393,0.0 -53.3559763,-26.7990514992393,0.0 -53.3560155,-26.7990694992393,0.0 -53.35606,-26.7990880992393,0.0 -53.3560988,-26.7990996992393,0.0 -53.3561391,-26.7991114992393,0.0 -53.3561853,-26.7991216992393,0.0 -53.3562255,-26.7991296992393,0.0 -53.3562755,-26.7991380992393,0.0 -53.3563211,-26.7991439992393,0.0 -53.3563622,-26.7991528992393,0.0 -53.356408,-26.7991603992393,0.0 -53.3564552,-26.7991604992393,0.0 -53.3564997,-26.7991607992393,0.0 -53.356541,-26.7991636992393,0.0 -53.3565815,-26.7991615992393,0.0 -53.3566221,-26.7991662992393,0.0 -53.3566659,-26.7991763992393,0.0 -53.3567037,-26.7991916992393,0.0 -53.356738,-26.7992161992393,0.0 -53.3567618,-26.7992491992393,0.0 -53.3567878,-26.7992800992393,0.0 -53.3568287,-26.7992983992393,0.0 -53.3568732,-26.7992995992393,0.0 -53.3569161,-26.7992949992393,0.0 -53.3569634,-26.7992877992393,0.0 -53.3570022,-26.7992763992393,0.0 -53.3570455,-26.7992704992393,0.0 -53.3570883,-26.7992881992393,0.0 -53.3571088,-26.7993223992393,0.0 -53.3571343,-26.7993532992393,0.0 -53.3571665,-26.7993770992393,0.0 -53.3572065,-26.7993991992393,0.0 -53.357251,-26.7994074992393,0.0 -53.3572907,-26.7994141992393,0.0 -53.3573334,-26.7994184992393,0.0 -53.357375,-26.7994273992393,0.0 -53.3574175,-26.7994298992393,0.0 -53.3574547,-26.7994264992393,0.0 -53.3574898,-26.7994151992393,0.0 -53.3575302,-26.7993961992393,0.0 -53.3575694,-26.7993807992393,0.0 -53.3576126,-26.7993676992393,0.0 -53.357658,-26.7993522992393,0.0 -53.357704,-26.7993354992393,0.0 -53.3577488,-26.7993291992393,0.0 -53.3577888,-26.7993131992393,0.0 -53.3578337,-26.7992945992393,0.0 -53.3578768,-26.7992795992393,0.0 -53.3579225,-26.7992708992393,0.0 -53.3579357,-26.7992719992393,0.0 -53.3579745,-26.7992753992393,0.0 -53.3580247,-26.7992812992393,0.0 -53.3580728,-26.7992826992393,0.0 -53.3581233,-26.7992728992393,0.0 -53.3581636,-26.7992653992393,0.0 -53.3582086,-26.7992654992393,0.0 -53.3582642,-26.7992502992393,0.0 -53.3583163,-26.7992406992393,0.0 -53.3583595,-26.7992310992393,0.0 -53.3584099,-26.7992188992393,0.0 -53.3584507,-26.7992151992393,0.0 -53.3584964,-26.7992193992393,0.0 -53.3585427,-26.7992223992393,0.0 -53.3585907,-26.7992255992393,0.0 -53.35864,-26.7992292992393,0.0 -53.3586814,-26.7992396992393,0.0 -53.3587046,-26.7992530992393,0.0 -53.3587215,-26.7992627992393,0.0 -53.3587412,-26.7992960992393,0.0 -53.3587695,-26.7993338992393,0.0 -53.3588039,-26.7993665992393,0.0 -53.3588358,-26.7993963992393,0.0 -53.3588427,-26.7994351992393,0.0 -53.3588425,-26.7994807992393,0.0 -53.3588558,-26.7995231992393,0.0 -53.3588847,-26.7995525992393,0.0 -53.3589281,-26.7995623992393,0.0 -53.3589698,-26.7995535992393,0.0 -53.3590206,-26.7995421992393,0.0 -53.3590734,-26.7995306992393,0.0 -53.3591116,-26.7995166992393,0.0 -53.3591531,-26.7995058992393,0.0 -53.3591963,-26.7995110992393,0.0 -53.3592431,-26.7995126992393,0.0 -53.35929,-26.7995182992393,0.0 -53.3593248,-26.7995364992393,0.0 -53.3593571,-26.7995636992393,0.0 -53.3593889,-26.7995902992393,0.0 -53.3594274,-26.7996298992393,0.0 -53.3594671,-26.7996687992393,0.0 -53.3595016,-26.7997033992393,0.0 -53.3595313,-26.7997407992393,0.0 -53.35956,-26.7997693992393,0.0 -53.3595976,-26.7997983992393,0.0 -53.3596307,-26.7998139992393,0.0 -53.3596702,-26.7998319992393,0.0 -53.3597143,-26.7998489992393,0.0 -53.3597678,-26.7998715992393,0.0 -53.3597913,-26.7998725992393,0.0 -53.3598167,-26.7998643992393,0.0 -53.3598616,-26.7998345992393,0.0 -53.3598959,-26.7998141992393,0.0 -53.359944,-26.7998128992393,0.0 -53.3599901,-26.7998306992393,0.0 -53.3600234,-26.7998607992393,0.0 -53.3600445,-26.7998983992393,0.0 -53.3600584,-26.7999230992393,0.0 -53.3600716,-26.7999392992393,0.0 -53.3600965,-26.7999478992393,0.0 -53.3601221,-26.7999466992393,0.0 -53.3601993,-26.7999289992393,0.0 -53.3602514,-26.7999001992393,0.0 -53.3602815,-26.7998811992393,0.0 -53.3603116,-26.7998546992393,0.0 -53.3603298,-26.7998347992393,0.0 -53.3603498,-26.7998129992393,0.0 -53.3603768,-26.7997801992393,0.0 -53.3603957,-26.7997666992393,0.0 -53.3604337,-26.7997423992393,0.0 -53.3604408,-26.7997391992393,0.0 -53.3604818,-26.7997212992393,0.0 -53.3605207,-26.7997061992393,0.0 -53.3605367,-26.7997002992393,0.0 -53.3605732,-26.7996872992393,0.0 -53.3606099,-26.7996719992393,0.0 -53.3606503,-26.7996651992393,0.0 -53.3606963,-26.7996579992393,0.0 -53.360736,-26.7996479992393,0.0 -53.3607442,-26.7996440992393,0.0 -53.3607712,-26.7996295992393,0.0 -53.3607998,-26.7996021992393,0.0 -53.3608118,-26.7995845992393,0.0 -53.3608307,-26.7995568992393,0.0 -53.3608476,-26.7995213992393,0.0 -53.3608568,-26.7995033992393,0.0 -53.3608782,-26.7994719992393,0.0 -53.3608937,-26.7994421992393,0.0 -53.3609065,-26.7994220992393,0.0 -53.3609225,-26.7993883992393,0.0 -53.3609453,-26.7993587992393,0.0 -53.3609491,-26.7993550992393,0.0 -53.3609701,-26.7993350992393,0.0 -53.3609945,-26.7993139992393,0.0 -53.3610198,-26.7992961992393,0.0 -53.3610576,-26.7992781992393,0.0 -53.3611015,-26.7992706992393,0.0 -53.3611088,-26.7992701992393,0.0 -53.3611304,-26.7992715992393,0.0 -53.3611519,-26.7992728992393,0.0 -53.3611621,-26.7992749992393,0.0 -53.361211,-26.7992849992393,0.0 -53.3612486,-26.7992943992393,0.0 -53.3612883,-26.7993020992393,0.0 -53.3613309,-26.7993060992393,0.0 -53.3613604,-26.7993103992393,0.0 -53.3614103,-26.7993176992393,0.0 -53.3614651,-26.7993226992393,0.0 -53.3615097,-26.7993247992393,0.0 -53.3615673,-26.7993227992393,0.0 -53.3616018,-26.7993174992393,0.0 -53.3616423,-26.7993139992393,0.0 -53.3616859,-26.7993027992393,0.0 -53.361734,-26.7992895992393,0.0 -53.36177,-26.7992817992393,0.0 -53.3618028,-26.7992779992393,0.0 -53.3618496,-26.7992735992393,0.0 -53.3618725,-26.7992697992393,0.0 -53.3619196,-26.7992668992393,0.0 -53.3619603,-26.7992634992393,0.0 -53.3620086,-26.7992625992393,0.0 -53.36206,-26.7992611992393,0.0 -53.3621013,-26.7992556992393,0.0 -53.3621513,-26.7992442992393,0.0 -53.3622014,-26.7992392992393,0.0 -53.3622517,-26.7992377992393,0.0 -53.3623006,-26.7992379992393,0.0 -53.3623506,-26.7992359992393,0.0 -53.3623929,-26.7992305992393,0.0 -53.3624427,-26.7992196992393,0.0 -53.3624858,-26.7992134992393,0.0 -53.3625373,-26.7992075992393,0.0 -53.362582,-26.7992085992393,0.0 -53.3626237,-26.7992027992393,0.0 -53.3626639,-26.7992023992393,0.0 -53.3627044,-26.7992026992393,0.0 -53.3627471,-26.7992023992393,0.0 -53.3627928,-26.7991993992393,0.0 -53.3628332,-26.7991978992393,0.0 -53.3628545,-26.7992018992393,0.0 -53.362882,-26.7992088992393,0.0 -53.3629159,-26.7992341992393,0.0 -53.3629471,-26.7992628992393,0.0 -53.3629697,-26.7993014992393,0.0 -53.3629901,-26.7993364992393,0.0 -53.3630145,-26.7993733992393,0.0 -53.3630322,-26.7994110992393,0.0 -53.3630387,-26.7994246992393,0.0 -53.3630539,-26.7994652992393,0.0 -53.3630585,-26.7994748992393,0.0 -53.3630853,-26.7995040992393,0.0 -53.3631091,-26.7995188992393,0.0 -53.3631482,-26.7995302992393,0.0 -53.3631926,-26.7995501992393,0.0 -53.363238,-26.7995684992393,0.0 -53.3632527,-26.7995769992393,0.0 -53.3632864,-26.7996025992393,0.0 -53.3633061,-26.7996343992393,0.0 -53.3633285,-26.7996637992393,0.0 -53.3633439,-26.7996990992393,0.0 -53.3633662,-26.7997367992393,0.0 -53.3633814,-26.7997555992393,0.0 -53.3634181,-26.7997781992393,0.0 -53.3634625,-26.7997879992393,0.0 -53.3635021,-26.7997945992393,0.0 -53.3635327,-26.7997951992393,0.0 -53.3635736,-26.7997968992393,0.0 -53.3636318,-26.7997993992393,0.0 -53.3636727,-26.7998012992393,0.0 -53.3637154,-26.7998004992393,0.0 -53.3637621,-26.7997956992393,0.0 -53.3638112,-26.7997816992393,0.0 -53.3638579,-26.7997730992393,0.0 -53.3639027,-26.7997676992393,0.0 -53.3639491,-26.7997666992393,0.0 -53.3639986,-26.7997657992393,0.0 -53.3640389,-26.7997675992393,0.0 -53.3640886,-26.7997684992393,0.0 -53.3641369,-26.7997650992393,0.0 -53.3641822,-26.7997626992393,0.0 -53.3642303,-26.7997515992393,0.0 -53.3642742,-26.7997376992393,0.0 -53.3643153,-26.7997222992393,0.0 -53.3643557,-26.7997082992393,0.0 -53.3643973,-26.7996934992393,0.0 -53.364432,-26.7996747992393,0.0 -53.3644739,-26.7996551992393,0.0 -53.3645147,-26.7996423992393,0.0 -53.3645593,-26.7996298992393,0.0 -53.3646046,-26.7996196992393,0.0 -53.3646336,-26.7996157992393,0.0 -53.3646486,-26.7996137992393,0.0 -53.364694,-26.7996050992393,0.0 -53.3647384,-26.7995975992393,0.0 -53.3647801,-26.7995872992393,0.0 -53.3648205,-26.7995781992393,0.0 -53.3648379,-26.7995744992393,0.0 -53.3648539,-26.7995711992393,0.0 -53.3648947,-26.7995726992393,0.0 -53.3649375,-26.7995781992393,0.0 -53.3649709,-26.7995826992393,0.0 -53.3650147,-26.7995908992393,0.0 -53.3650558,-26.7996037992393,0.0 -53.3650957,-26.7996186992393,0.0 -53.3651334,-26.7996396992393,0.0 -53.3651635,-26.7996643992393,0.0 -53.3652042,-26.7996961992393,0.0 -53.3652351,-26.7997221992393,0.0 -53.3652652,-26.7997515992393,0.0 -53.3652896,-26.7997807992393,0.0 -53.365317,-26.7998167992393,0.0 -53.3653382,-26.7998629992393,0.0 -53.3653825,-26.7999686992393,0.0 -53.3653967,-26.8000169992393,0.0 -53.3654077,-26.8000611992393,0.0 -53.3654126,-26.8001137992393,0.0 -53.3654189,-26.8001605992393,0.0 -53.3654244,-26.8001990992393,0.0 -53.3654327,-26.8002363992393,0.0 -53.3654402,-26.8002749992393,0.0 -53.3654501,-26.8003153992393,0.0 -53.3654584,-26.8003625992393,0.0 -53.3654722,-26.8004051992393,0.0 -53.3654892,-26.8004399992393,0.0 -53.3655055,-26.8004739992393,0.0 -53.3655273,-26.8005138992393,0.0 -53.3655544,-26.8005570992393,0.0 -53.3655805,-26.8006009992393,0.0 -53.3656063,-26.8006398992393,0.0 -53.3656327,-26.8006753992393,0.0 -53.3656664,-26.8007098992393,0.0 -53.365697,-26.8007404992393,0.0 -53.3657278,-26.8007640992393,0.0 -53.3657637,-26.8007842992393,0.0 -53.3658075,-26.8008048992393,0.0 -53.3658527,-26.8008314992393,0.0 -53.3658987,-26.8008501992393,0.0 -53.3659436,-26.8008679992393,0.0 -53.3659849,-26.8008845992393,0.0 -53.3660318,-26.8009055992393,0.0 -53.3660783,-26.8009206992393,0.0 -53.366123,-26.8009326992393,0.0 -53.3661746,-26.8009510992393,0.0 -53.3662327,-26.8009667992393,0.0 -53.3662713,-26.8009773992393,0.0 -53.3663234,-26.8009738992393,0.0 -53.3663687,-26.8009835992393,0.0 -53.3664144,-26.8009948992393,0.0 -53.3664653,-26.8010099992393,0.0 -53.3665095,-26.8010250992393,0.0 -53.3665483,-26.8010404992393,0.0 -53.366596,-26.8010526992393,0.0 -53.3666429,-26.8010781992393,0.0 -53.366684,-26.8010992992393,0.0 -53.3667217,-26.8011179992393,0.0 -53.3667677,-26.8011460992393,0.0 -53.3668087,-26.8011724992393,0.0 -53.366842,-26.8011982992393,0.0 -53.3668749,-26.8012275992393,0.0 -53.3669098,-26.8012610992393,0.0 -53.3669336,-26.8012921992393,0.0 -53.366961,-26.8013278992393,0.0 -53.3669903,-26.8013624992393,0.0 -53.3670152,-26.8014045992393,0.0 -53.3670403,-26.8014428992393,0.0 -53.3670658,-26.8014807992393,0.0 -53.3670855,-26.8015126992393,0.0 -53.3671048,-26.8015583992393,0.0 -53.3671203,-26.8016028992393,0.0 -53.3671372,-26.8016359992393,0.0 -53.3671582,-26.8016722992393,0.0 -53.367179,-26.8017167992393,0.0 -53.3671967,-26.8017522992393,0.0 -53.3672192,-26.8017921992393,0.0 -53.3672154,-26.8018281992393,0.0 -53.3672325,-26.8018671992393,0.0 -53.3672463,-26.8019139992393,0.0 -53.3672609,-26.8019523992393,0.0 -53.3672764,-26.8019938992393,0.0 -53.3672994,-26.8020322992393,0.0 -53.367317,-26.8020668992393,0.0 -53.3673424,-26.8021076992393,0.0 -53.367362,-26.8021443992393,0.0 -53.3673856,-26.8021817992393,0.0 -53.3674104,-26.8022142992393,0.0 -53.3674452,-26.8022520992393,0.0 -53.3674724,-26.8022843992393,0.0 -53.3675059,-26.8023094992393,0.0 -53.3675372,-26.8023323992393,0.0 -53.3675811,-26.8023516992393,0.0 -53.3676432,-26.8023707992393,0.0 -53.3676858,-26.8023717992393,0.0 -53.3677271,-26.8023880992393,0.0 -53.3677708,-26.8023960992393,0.0 -53.3678131,-26.8024040992393,0.0 -53.3678743,-26.8024096992393,0.0 -53.3679277,-26.8024199992393,0.0 -53.3679783,-26.8024351992393,0.0 -53.3680245,-26.8024500992393,0.0 -53.3680773,-26.8024611992393,0.0 -53.3681309,-26.8024688992393,0.0 -53.3681727,-26.8024813992393,0.0 -53.3682161,-26.8025083992393,0.0 -53.3682246,-26.8025143992393,0.0 -53.3682519,-26.8025335992393,0.0 -53.3682935,-26.8025590992393,0.0 -53.3683322,-26.8025758992393,0.0 -53.3683856,-26.8025909992393,0.0 -53.3684234,-26.8026033992393,0.0 -53.3684656,-26.8026071992393,0.0 -53.368507,-26.8026078992393,0.0 -53.3685576,-26.8026077992393,0.0 -53.3685981,-26.8026075992393,0.0 -53.36865,-26.8026104992393,0.0 -53.3686944,-26.8026106992393,0.0 -53.3687453,-26.8026171992393,0.0 -53.368785,-26.8026228992393,0.0 -53.3688264,-26.8026279992393,0.0 -53.3688507,-26.8026265992393,0.0 -53.3688691,-26.8026254992393,0.0 -53.3689135,-26.8026102992393,0.0 -53.3689536,-26.8025818992393,0.0 -53.3689854,-26.8025578992393,0.0 -53.3690238,-26.8025428992393,0.0 -53.3690621,-26.8025172992393,0.0 -53.369103,-26.8024991992393,0.0 -53.3691422,-26.8024735992393,0.0 -53.3691795,-26.8024582992393,0.0 -53.3692165,-26.8024323992393,0.0 -53.3692474,-26.8024075992393,0.0 -53.3692865,-26.8023789992393,0.0 -53.3693294,-26.8023549992393,0.0 -53.3693656,-26.8023332992393,0.0 -53.369401,-26.8023152992393,0.0 -53.3694379,-26.8022903992393,0.0 -53.369477,-26.8022727992393,0.0 -53.3695221,-26.8022459992393,0.0 -53.3695618,-26.8022224992393,0.0 -53.3696012,-26.8021985992393,0.0 -53.369634,-26.8021744992393,0.0 -53.3696802,-26.8021534992393,0.0 -53.3697246,-26.8021385992393,0.0 -53.3697715,-26.8021282992393,0.0 -53.3698141,-26.8021259992393,0.0 -53.3698545,-26.8021266992393,0.0 -53.3698994,-26.8021313992393,0.0 -53.3699414,-26.8021353992393,0.0 -53.3699915,-26.8021401992393,0.0 -53.3700325,-26.8021477992393,0.0 -53.3700762,-26.8021585992393,0.0 -53.3701222,-26.8021660992393,0.0 -53.3701508,-26.8021743992393,0.0 -53.370175,-26.8021831992393,0.0 -53.3702205,-26.8022059992393,0.0 -53.3702404,-26.8022081992393,0.0 -53.3702632,-26.8022044992393,0.0 -53.3702928,-26.8021980992393,0.0 -53.370337,-26.8021889992393,0.0 -53.3703782,-26.8021925992393,0.0 -53.3704254,-26.8022063992393,0.0 -53.3704491,-26.8022218992393,0.0 -53.3704737,-26.8022285992393,0.0 -53.3704979,-26.8022304992393,0.0 -53.3705114,-26.8022311992393,0.0 -53.3705306,-26.8022303992393,0.0 -53.3705504,-26.8022282992393,0.0 -53.3705927,-26.8022192992393,0.0 -53.370635,-26.8022073992393,0.0 -53.3706735,-26.8021895992393,0.0 -53.370714,-26.8021729992393,0.0 -53.3707544,-26.8021573992393,0.0 -53.370802,-26.8021402992393,0.0 -53.3708455,-26.8021296992393,0.0 -53.3708888,-26.8021248992393,0.0 -53.370936,-26.8021174992393,0.0 -53.3709864,-26.8021159992393,0.0 -53.371031,-26.8021105992393,0.0 -53.3710697,-26.8020994992393,0.0 -53.3711179,-26.8020852992393,0.0 -53.3711625,-26.8020744992393,0.0 -53.3712027,-26.8020655992393,0.0 -53.371242,-26.8020555992393,0.0 -53.3712859,-26.8020461992393,0.0 -53.371331,-26.8020452992393,0.0 -53.3713744,-26.8020417992393,0.0 -53.3714201,-26.8020445992393,0.0 -53.3714662,-26.8020431992393,0.0 -53.3715064,-26.8020438992393,0.0 -53.3715467,-26.8020453992393,0.0 -53.3715947,-26.8020522992393,0.0 -53.3716351,-26.8020614992393,0.0 -53.3716546,-26.8020688992393,0.0 -53.3716741,-26.8020762992393,0.0 -53.3717173,-26.8020858992393,0.0 -53.3717583,-26.8020924992393,0.0 -53.3718025,-26.8020984992393,0.0 -53.3718436,-26.8021038992393,0.0 -53.3718864,-26.8021104992393,0.0 -53.3719339,-26.8021201992393,0.0 -53.371978,-26.8021258992393,0.0 -53.3720186,-26.8021345992393,0.0 -53.3720616,-26.8021481992393,0.0 -53.3721081,-26.8021610992393,0.0 -53.3721533,-26.8021685992393,0.0 -53.3722114,-26.8021859992393,0.0 -53.3722514,-26.8021977992393,0.0 -53.3722923,-26.8022127992393,0.0 -53.3723267,-26.8022273992393,0.0 -53.3723658,-26.8022406992393,0.0 -53.3724089,-26.8022533992393,0.0 -53.3724492,-26.8022669992393,0.0 -53.3724928,-26.8022824992393,0.0 -53.3725063,-26.8022870992393,0.0 -53.3725358,-26.8022971992393,0.0 -53.3725731,-26.8023125992393,0.0 -53.3726139,-26.8023310992393,0.0 -53.3726626,-26.8023433992393,0.0 -53.3726856,-26.8023499992393,0.0 -53.3727032,-26.8023550992393,0.0 -53.3727429,-26.8023655992393,0.0 -53.3727858,-26.8023723992393,0.0 -53.3728314,-26.8023778992393,0.0 -53.3728857,-26.8023825992393,0.0 -53.372936,-26.8023878992393,0.0 -53.3729798,-26.8023890992393,0.0 -53.3730269,-26.8023936992393,0.0 -53.3730682,-26.8023934992393,0.0 -53.373117,-26.8023975992393,0.0 -53.373161,-26.8023973992393,0.0 -53.3732131,-26.8023890992393,0.0 -53.3732549,-26.8023792992393,0.0 -53.3733004,-26.8023694992393,0.0 -53.3733455,-26.8023635992393,0.0 -53.3733845,-26.8023616992393,0.0 -53.3734253,-26.8023599992393,0.0 -53.3734733,-26.8023611992393,0.0 -53.3735219,-26.8023721992393,0.0 -53.3735598,-26.8023894992393,0.0 -53.3735948,-26.8024149992393,0.0 -53.3736286,-26.8024387992393,0.0 -53.3736654,-26.8024675992393,0.0 -53.3736995,-26.8024953992393,0.0 -53.3737281,-26.8025210992393,0.0 -53.3737565,-26.8025523992393,0.0 -53.3737796,-26.8025893992393,0.0 -53.373799,-26.8026228992393,0.0 -53.3738142,-26.8026623992393,0.0 -53.3738234,-26.8027069992393,0.0 -53.3738268,-26.8027402992393,0.0 -53.3738274,-26.8027470992393,0.0 -53.373828,-26.8027867992393,0.0 -53.3738261,-26.8028342992393,0.0 -53.3738259,-26.8028747992393,0.0 -53.3738297,-26.8029125992393,0.0 -53.3738302,-26.8029573992393,0.0 -53.3738406,-26.8029968992393,0.0 -53.3738619,-26.8030317992392,0.0 -53.3738931,-26.8030592992393,0.0 -53.373924,-26.8030834992393,0.0 -53.3739622,-26.8031013992393,0.0 -53.3740033,-26.8031137992392,0.0 -53.3740493,-26.8031269992393,0.0 -53.3740926,-26.8031392992393,0.0 -53.3741424,-26.8031516992393,0.0 -53.3742551,-26.8031778992393,0.0 -53.374296,-26.8031910992393,0.0 -53.374341,-26.8031981992392,0.0 -53.3743763,-26.8032024992393,0.0 -53.3744176,-26.8032058992392,0.0 -53.3744611,-26.8032130992393,0.0 -53.3745066,-26.8032232992392,0.0 -53.3745528,-26.8032335992392,0.0 -53.3745988,-26.8032356992393,0.0 -53.3746435,-26.8032396992392,0.0 -53.3746843,-26.8032366992393,0.0 -53.3747306,-26.8032313992393,0.0 -53.3747748,-26.8032250992393,0.0 -53.3748228,-26.8032225992393,0.0 -53.374865,-26.8032169992393,0.0 -53.37491,-26.8032092992393,0.0 -53.3749999,-26.8032057992392,0.0 -53.3750551,-26.8031941992393,0.0 -53.3751562,-26.8031521992393,0.0 -53.3752575,-26.8031178992393,0.0 -53.3753722,-26.8030648992393,0.0 -53.3755127,-26.8030051992393,0.0 -53.3756106,-26.8029601992393,0.0 -53.3756464,-26.8029484992393,0.0 -53.3757168,-26.8029222992393,0.0 -53.3759478,-26.8028498992393,0.0 -53.3759645,-26.8028425992393,0.0 -53.3760221,-26.8028246992393,0.0 -53.3760931,-26.8028083992393,0.0 -53.3761289,-26.8027880992393,0.0 -53.3762047,-26.8027523992393,0.0 -53.3763704,-26.8026782992393,0.0 -53.3763854,-26.8026682992393,0.0 -53.3763948,-26.8026624992393,0.0 -53.3764056,-26.8026572992393,0.0 -53.3764174,-26.8026512992393,0.0 -53.3764334,-26.8026433992393,0.0 -53.3764574,-26.8026339992393,0.0 -53.3764897,-26.8026210992393,0.0 -53.3765181,-26.8026095992393,0.0 -53.3765307,-26.8026022992393,0.0 -53.3765709,-26.8025903992393,0.0 -53.3766377,-26.8025820992393,0.0 -53.3766943,-26.8025783992393,0.0 -53.3767227,-26.8025737992393,0.0 -53.3767739,-26.8025724992393,0.0 -53.376817,-26.8025726992393,0.0 -53.3769452,-26.8025656992393,0.0 -53.3769663,-26.8025618992393,0.0 -53.376993,-26.8025562992393,0.0 -53.3770238,-26.8025494992393,0.0 -53.3770581,-26.8025415992393,0.0 -53.3770973,-26.8025310992393,0.0 -53.3771091,-26.8025277992393,0.0 -53.3771347,-26.8025203992393,0.0 -53.3771524,-26.8025152992393,0.0 -53.3771739,-26.8025074992393,0.0 -53.3772235,-26.8024959992393,0.0 -53.3773622,-26.8024760992393,0.0 -53.3774022,-26.8024802992393,0.0 -53.377447,-26.8024894992393,0.0 -53.3774797,-26.8024993992393,0.0 -53.3774938,-26.8025010992393,0.0 -53.3775358,-26.8025120992393,0.0 -53.3775859,-26.8025306992393,0.0 -53.3776226,-26.8025548992393,0.0 -53.3776664,-26.8025838992393,0.0 -53.3776739,-26.8025907992393,0.0 -53.3777073,-26.8026214992393,0.0 -53.3777544,-26.8026616992393,0.0 -53.377775,-26.8026768992393,0.0 -53.3777774,-26.8026786992393,0.0 -53.377792,-26.8026893992393,0.0 -53.3780533,-26.8027997992393,0.0 -53.3780613,-26.8028023992393,0.0 -53.3780849,-26.8028099992393,0.0 -53.3781413,-26.8028273992393,0.0 -53.3781781,-26.8028360992393,0.0 -53.3781967,-26.8028406992393,0.0 -53.3783999,-26.8028555992393,0.0 -53.3784223,-26.8028561992393,0.0 -53.3784755,-26.8028591992393,0.0 -53.3785355,-26.8028635992393,0.0 -53.3785627,-26.8028666992393,0.0 -53.3786161,-26.8028743992393,0.0 -53.3786719,-26.8028849992393,0.0 -53.3787085,-26.8028890992393,0.0 -53.3787781,-26.8028959992393,0.0 -53.3788457,-26.8029047992393,0.0 -53.3791254,-26.8029329992393,0.0 -53.3791361,-26.8029352992392,0.0 -53.3791536,-26.8029369992393,0.0 -53.3791705,-26.8029381992393,0.0 -53.3791861,-26.8029385992393,0.0 -53.379203,-26.8029384992393,0.0 -53.3792206,-26.8029383992393,0.0 -53.3792369,-26.8029369992393,0.0 -53.379251,-26.8029355992393,0.0 -53.3792631,-26.8029341992393,0.0 -53.3794278,-26.8029105992393,0.0 -53.3794486,-26.8029058992393,0.0 -53.3794601,-26.8029025992393,0.0 -53.3794712,-26.8028989992393,0.0 -53.3794837,-26.8028947992393,0.0 -53.3794982,-26.8028906992393,0.0 -53.379517,-26.8028846992393,0.0 -53.3795433,-26.8028781992393,0.0 -53.3796212,-26.8028588992393,0.0 -53.3796559,-26.8028523992393,0.0 -53.3797115,-26.8028477992393,0.0 -53.3797589,-26.8028448992393,0.0 -53.3797921,-26.8028408992393,0.0 -53.3798463,-26.8028386992393,0.0 -53.3798925,-26.8028429992393,0.0 -53.3800402,-26.8028820992393,0.0 -53.3800487,-26.8028861992393,0.0 -53.380059,-26.8028906992393,0.0 -53.3800711,-26.8028947992393,0.0 -53.3800848,-26.8028986992393,0.0 -53.3800989,-26.8029015992393,0.0 -53.380112,-26.8029035992393,0.0 -53.3801234,-26.8029052992393,0.0 -53.3801344,-26.8029059992393,0.0 -53.3801503,-26.8029061992393,0.0 -53.3801724,-26.8029051992393,0.0 -53.3801887,-26.8029056992393,0.0 -53.3802156,-26.8029072992393,0.0 -53.3802446,-26.8029081992393,0.0 -53.3802535,-26.8029100992393,0.0 -53.3802742,-26.8029134992393,0.0 -53.380342,-26.8029453992393,0.0 -53.3803483,-26.8029483992393,0.0 -53.3803579,-26.8029558992393,0.0 -53.380377,-26.8029696992393,0.0 -53.3803951,-26.8029850992393,0.0 -53.3804005,-26.8029938992393,0.0 -53.3804189,-26.8030156992392,0.0 -53.3804335,-26.8030335992392,0.0 -53.3804449,-26.8030571992393,0.0 -53.3804641,-26.8030892992393,0.0 -53.3804692,-26.8030977992393,0.0 -53.3804933,-26.8031286992393,0.0 -53.3805246,-26.8031624992392,0.0 -53.380532,-26.8031730992392,0.0 -53.3805571,-26.8032074992393,0.0 -53.3805853,-26.8032421992392,0.0 -53.3806134,-26.8032861992392,0.0 -53.3806442,-26.8033276992393,0.0 -53.3806485,-26.8033397992392,0.0 -53.3806629,-26.8033767992392,0.0 -53.3806728,-26.8034084992393,0.0 -53.3806786,-26.8034407992392,0.0 -53.3806874,-26.8034802992392,0.0 -53.3806889,-26.8034898992392,0.0 -53.3806931,-26.8035143992392,0.0 -53.3807065,-26.8035662992392,0.0 -53.380716,-26.8036044992392,0.0 -53.3807184,-26.8036335992392,0.0 -53.3807331,-26.8037223992392,0.0 -53.3807415,-26.8037639992392,0.0 -53.38075,-26.8037974992392,0.0 -53.3807585,-26.8038304992392,0.0 -53.3807718,-26.8038708992392,0.0 -53.3807746,-26.8038879992392,0.0 -53.3807834,-26.8039261992392,0.0 -53.3807879,-26.8039503992392,0.0 -53.3807902,-26.8039611992392,0.0 -53.380795,-26.8039900992392,0.0 -53.3807966,-26.8040002992392,0.0 -53.3808022,-26.8040180992392,0.0 -53.3808093,-26.8040326992392,0.0 -53.3808181,-26.8040426992392,0.0 -53.3808287,-26.8040536992392,0.0 -53.3808399,-26.8040614992392,0.0 -53.380854,-26.8040718992392,0.0 -53.3808618,-26.8040790992392,0.0 -53.3808713,-26.8040884992392,0.0 -53.3808795,-26.8040984992392,0.0 -53.3808855,-26.8041103992392,0.0 -53.3808912,-26.8041261992392,0.0 -53.3808971,-26.8041479992392,0.0 -53.3809105,-26.8041771992392,0.0 -53.3809159,-26.8041877992392,0.0 -53.3809398,-26.8042561992392,0.0 -53.3809508,-26.8042888992392,0.0 -53.3809625,-26.8043165992392,0.0 -53.3809728,-26.8043436992392,0.0 -53.3809933,-26.8043825992392,0.0 -53.3810007,-26.8043981992392,0.0 -53.3810054,-26.8044111992392,0.0 -53.3810265,-26.8044538992392,0.0 -53.381057,-26.8044987992392,0.0 -53.3811306,-26.8045947992392,0.0 -53.381151,-26.8046172992392,0.0 -53.3811717,-26.8046468992392,0.0 -53.3812109,-26.8046860992392,0.0 -53.3812361,-26.8047067992392,0.0 -53.3813433,-26.8047739992392,0.0 -53.3813577,-26.8047827992392,0.0 -53.3813745,-26.8047919992392,0.0 -53.3813947,-26.8048036992392,0.0 -53.3814063,-26.8048105992392,0.0 -53.381417,-26.8048128992392,0.0 -53.3814587,-26.8048198992392,0.0 -53.3815052,-26.8048262992392,0.0 -53.3815517,-26.8048406992392,0.0 -53.3816046,-26.8048573992392,0.0 -53.3816341,-26.8048694992392,0.0 -53.3816826,-26.8048876992392,0.0 -53.3817049,-26.8048968992392,0.0 -53.3817221,-26.8049032992392,0.0 -53.3817669,-26.8049111992392,0.0 -53.3818134,-26.8049138992392,0.0 -53.3818445,-26.8049135992392,0.0 -53.3818946,-26.8049113992392,0.0 -53.3819272,-26.8049073992392,0.0 -53.3821314,-26.8048210992392,0.0 -53.3821513,-26.8048060992392,0.0 -53.3821799,-26.8047846992392,0.0 -53.3822015,-26.8047669992392,0.0 -53.38222,-26.8047563992392,0.0 -53.3822593,-26.8047378992392,0.0 -53.382286,-26.8047248992392,0.0 -53.3823956,-26.8046699992392,0.0 -53.3824168,-26.8046568992392,0.0 -53.3824575,-26.8046365992392,0.0 -53.3824843,-26.8046235992392,0.0 -53.3825122,-26.8046040992392,0.0 -53.3825504,-26.8045846992392,0.0 -53.3825877,-26.8045599992392,0.0 -53.3826228,-26.8045414992392,0.0 -53.3826403,-26.8045286992392,0.0 -53.3826872,-26.8045052992392,0.0 -53.3827296,-26.8044884992392,0.0 -53.3827467,-26.8044771992392,0.0 -53.3828047,-26.8044526992392,0.0 -53.3828719,-26.8044323992392,0.0 -53.3829098,-26.8044163992392,0.0 -53.3829774,-26.8043951992392,0.0 -53.383178,-26.8043524992392,0.0 -53.3832022,-26.8043477992392,0.0 -53.383253,-26.8043430992392,0.0 -53.3832976,-26.8043413992392,0.0 -53.3833356,-26.8043374992392,0.0 -53.3833857,-26.8043351992392,0.0 -53.3834016,-26.8043334992392,0.0 -53.3834438,-26.8043314992392,0.0 -53.3834811,-26.8043275992392,0.0 -53.3835133,-26.8043213992392,0.0 -53.3835535,-26.8043137992392,0.0 -53.3835667,-26.8043095992392,0.0 -53.3835816,-26.8043038992392,0.0 -53.3835962,-26.8042984992392,0.0 -53.3836097,-26.8042939992392,0.0 -53.3836233,-26.8042894992392,0.0 -53.3836351,-26.8042852992392,0.0 -53.3836458,-26.8042819992392,0.0 -53.3836565,-26.8042792992392,0.0 -53.3836676,-26.8042775992392,0.0 -53.383679,-26.8042761992392,0.0 -53.3836915,-26.8042756992392,0.0 -53.3837039,-26.8042751992392,0.0 -53.3837174,-26.8042750992392,0.0 -53.3837298,-26.8042751992392,0.0 -53.3837405,-26.8042749992392,0.0 -53.383754,-26.8042747992392,0.0 -53.383765,-26.8042755992392,0.0 -53.3837774,-26.8042769992392,0.0 -53.3837888,-26.8042779992392,0.0 -53.3838013,-26.8042781992392,0.0 -53.3838143,-26.8042785992392,0.0 -53.3838342,-26.8042804992392,0.0 -53.3838741,-26.8042796992392,0.0 -53.3839218,-26.8042788992392,0.0 -53.3840821,-26.8042748992392,0.0 -53.3841232,-26.8042763992392,0.0 -53.3841818,-26.8042762992392,0.0 -53.3842736,-26.8042784992392,0.0 -53.3843324,-26.8042797992392,0.0 -53.3843556,-26.8042788992392,0.0 -53.3844334,-26.8042823992392,0.0 -53.3845434,-26.8042884992392,0.0 -53.3846104,-26.8042890992392,0.0 -53.3846432,-26.8042910992392,0.0 -53.3847294,-26.8043056992392,0.0 -53.3848297,-26.8043250992392,0.0 -53.384894,-26.8043313992392,0.0 -53.3850085,-26.8043358992392,0.0 -53.3851231,-26.8043402992392,0.0 -53.3851791,-26.8043354992392,0.0 -53.3851987,-26.8043358992392,0.0 -53.3852743,-26.8043373992392,0.0 -53.3853599,-26.8043374992392,0.0 -53.3854166,-26.8043367992392,0.0 -53.385515,-26.8043439992392,0.0 -53.3855961,-26.8043480992392,0.0 -53.3856516,-26.8043560992392,0.0 -53.3856565,-26.8043567992392,0.0 -53.3857298,-26.8043700992392,0.0 -53.3857587,-26.8043801992392,0.0 -53.3858101,-26.8043992992392,0.0 -53.3858297,-26.8044089992392,0.0 -53.3858493,-26.8044187992392,0.0 -53.3858775,-26.8044456992392,0.0 -53.3859146,-26.8044843992392,0.0 -53.3859304,-26.8045292992392,0.0 -53.3859495,-26.8045840992392,0.0 -53.3859563,-26.8046300992392,0.0 -53.3859599,-26.8046847992392,0.0 -53.385952,-26.8047114992392,0.0 -53.3859311,-26.8047705992392,0.0 -53.385907,-26.8048232992392,0.0 -53.3858882,-26.8048539992392,0.0 -53.3858376,-26.8049291992392,0.0 -53.3857838,-26.8050048992392,0.0 -53.3857281,-26.8050753992392,0.0 -53.3856672,-26.8051481992392,0.0 -53.38564,-26.8051827992392,0.0 -53.3855816,-26.8052590992392,0.0 -53.3855343,-26.8053278992392,0.0 -53.3854941,-26.8053752992392,0.0 -53.3854158,-26.8054600992392,0.0 -53.3853595,-26.8055276992392,0.0 -53.3853381,-26.8055513992392,0.0 -53.3852663,-26.8056269992392,0.0 -53.3851918,-26.8057083992392,0.0 -53.3850558,-26.8058735992392,0.0 -53.3850435,-26.8058972992392,0.0 -53.3850395,-26.8059065992392,0.0 -53.3850272,-26.8059302992392,0.0 -53.3850135,-26.8059539992392,0.0 -53.3849993,-26.8059736992392,0.0 -53.384987,-26.8059892992392,0.0 -53.3849773,-26.8060002992392,0.0 -53.3849676,-26.8060100992392,0.0 -53.3849546,-26.8060203992392,0.0 -53.3849385,-26.8060313992392,0.0 -53.3849236,-26.8060375992392,0.0 -53.3849095,-26.8060421992392,0.0 -53.3848888,-26.8060489992392,0.0 -53.3848592,-26.8060626992392,0.0 -53.3848236,-26.8060873992392,0.0 -53.3847978,-26.8061104992392,0.0 -53.3847867,-26.8061260992392,0.0 -53.3847478,-26.8061815992392,0.0 -53.3846959,-26.8062555992392,0.0 -53.3846816,-26.8062833992392,0.0 -53.3846531,-26.8063296992392,0.0 -53.3846077,-26.8064013992392,0.0 -53.3845829,-26.8064558992392,0.0 -53.3845659,-26.8065079992392,0.0 -53.3845619,-26.8065323992392,0.0 -53.384561,-26.8065864992392,0.0 -53.3845595,-26.8066178992392,0.0 -53.3845567,-26.8066573992392,0.0 -53.3845539,-26.8067189992392,0.0 -53.3845499,-26.8067340992392,0.0 -53.3845388,-26.8067682992392,0.0 -53.3845328,-26.8068141992392,0.0 -53.3845273,-26.8068641992392,0.0 -53.3845253,-26.8068879992392,0.0 -53.3845231,-26.8069431992392,0.0 -53.3845216,-26.8069791992392,0.0 -53.3845206,-26.8070379992392,0.0 -53.3845312,-26.8071141992392,0.0 -53.3845508,-26.8071869992392,0.0 -53.3845844,-26.8072657992392,0.0 -53.3846182,-26.8073328992392,0.0 -53.3846629,-26.8074065992392,0.0 -53.3846698,-26.8074269992392,0.0 -53.3846991,-26.8074980992392,0.0 -53.3847386,-26.8075786992392,0.0 -53.3847905,-26.8077418992392,0.0 -53.3848178,-26.8078089992392,0.0 -53.384849,-26.8078679992392,0.0 -53.3848675,-26.8079116992392,0.0 -53.3849127,-26.8079928992392,0.0 -53.384953,-26.8080542992392,0.0 -53.3849689,-26.8080805992392,0.0 -53.3850194,-26.8081559992392,0.0 -53.3850667,-26.8082191992391,0.0 -53.3850737,-26.8082348992392,0.0 -53.3850807,-26.8082506992392,0.0 -53.3850928,-26.8082768992392,0.0 -53.3851093,-26.8083142992391,0.0 -53.3851188,-26.8083358992392,0.0 -53.3851322,-26.8083713992391,0.0 -53.3851679,-26.8084379992391,0.0 -53.3851985,-26.8084847992391,0.0 -53.3852151,-26.8085209992391,0.0 -53.3852578,-26.8085846992391,0.0 -53.3852937,-26.8086279992391,0.0 -53.3853116,-26.8086478992391,0.0 -53.3853237,-26.8086589992391,0.0 -53.3853705,-26.8087018992391,0.0 -53.3854294,-26.8087534992391,0.0 -53.3854454,-26.8087704992391,0.0 -53.385505,-26.8088249992391,0.0 -53.3855768,-26.8088837992391,0.0 -53.3856171,-26.8089311992391,0.0 -53.3856728,-26.8089926992391,0.0 -53.3856868,-26.8090125992391,0.0 -53.3857079,-26.8090365992391,0.0 -53.3857265,-26.8090570992391,0.0 -53.3857457,-26.8090815992391,0.0 -53.3857764,-26.8091132992391,0.0 -53.3858046,-26.8091390992391,0.0 -53.3858315,-26.8091625992391,0.0 -53.3859858,-26.8092009992391,0.0 -53.3860186,-26.8091971992391,0.0 -53.386047,-26.8091927992391,0.0 -53.3860695,-26.8091888992391,0.0 -53.386085,-26.8091866992391,0.0 -53.3861011,-26.8091850992391,0.0 -53.3861255,-26.8091829992391,0.0 -53.3861571,-26.8091825992391,0.0 -53.3861912,-26.8091845992391,0.0 -53.3862967,-26.8091970992391,0.0 -53.3863269,-26.8092025992391,0.0 -53.3863423,-26.8092049992391,0.0 -53.3863558,-26.8092080992391,0.0 -53.3863732,-26.8092098992391,0.0 -53.3863873,-26.8092111992391,0.0 -53.3864067,-26.8092101992391,0.0 -53.3864228,-26.8092073992391,0.0 -53.3864369,-26.8092040992391,0.0 -53.3864492,-26.8092000992391,0.0 -53.3864608,-26.8091954992391,0.0 -53.3864743,-26.8091903992391,0.0 -53.3864885,-26.8091846992391,0.0 -53.3865092,-26.8091755992391,0.0 -53.3865447,-26.8091589992391,0.0 -53.3865982,-26.8091320992391,0.0 -53.3866576,-26.8090999992391,0.0 -53.3866906,-26.8090728992391,0.0 -53.3867352,-26.8090307992391,0.0 -53.3868212,-26.8089599992391,0.0 -53.3868961,-26.8089059992391,0.0 -53.3869524,-26.8088592992391,0.0 -53.3870273,-26.8088063992391,0.0 -53.3870602,-26.8087851992391,0.0 -53.3870979,-26.8087600992391,0.0 -53.3871587,-26.8087210992391,0.0 -53.3872105,-26.8086892992391,0.0 -53.3872917,-26.8086386992391,0.0 -53.387367,-26.8085962992391,0.0 -53.3874377,-26.8085507992391,0.0 -53.3875024,-26.8085087992391,0.0 -53.3875464,-26.8084728992392,0.0 -53.3876181,-26.8084223992392,0.0 -53.3876755,-26.8083826992392,0.0 -53.3877182,-26.8083526992392,0.0 -53.3877621,-26.8083255992392,0.0 -53.3877872,-26.8083057992392,0.0 -53.3878292,-26.8082774992391,0.0 -53.3878569,-26.8082599992392,0.0 -53.3878724,-26.8082467992391,0.0 -53.3879081,-26.8082222992392,0.0 -53.3879355,-26.8082039992392,0.0 -53.3879517,-26.8081895992391,0.0 -53.3879841,-26.8081644992392,0.0 -53.3880023,-26.8081525992392,0.0 -53.3880304,-26.8081288992392,0.0 -53.3880502,-26.8081153992392,0.0 -53.3880697,-26.8080963992392,0.0 -53.3881074,-26.8080635992392,0.0 -53.3881309,-26.8080481992392,0.0 -53.3881583,-26.8080220992392,0.0 -53.3882281,-26.8079703992392,0.0 -53.3882951,-26.8079269992392,0.0 -53.3883489,-26.8078946992392,0.0 -53.3884278,-26.8078561992392,0.0 -53.388474,-26.8078335992392,0.0 -53.3885153,-26.8078070992392,0.0 -53.3888279,-26.8077295992392,0.0 -53.3888605,-26.8077213992392,0.0 -53.3890142,-26.8077192992392,0.0 -53.3890642,-26.8077156992392,0.0 -53.3891323,-26.8077225992392,0.0 -53.3891728,-26.8077168992392,0.0 -53.3892459,-26.8077105992392,0.0 -53.3893104,-26.8077082992392,0.0 -53.3893877,-26.8076987992392,0.0 -53.3894835,-26.8076929992392,0.0 -53.3895197,-26.8076833992392,0.0 -53.3895948,-26.8076794992392,0.0 -53.3896694,-26.8076876992392,0.0 -53.3897026,-26.8076924992392,0.0 -53.3897591,-26.8077150992392,0.0 -53.3898135,-26.8077434992392,0.0 -53.38984,-26.8077719992392,0.0 -53.3898791,-26.8078262992392,0.0 -53.3899022,-26.8078712992392,0.0 -53.3899574,-26.8080500992392,0.0 -53.3899722,-26.8081070992392,0.0 -53.3899894,-26.8081591992392,0.0 -53.3900063,-26.8081924992392,0.0 -53.3900464,-26.8082560992392,0.0 -53.3900878,-26.8083113992392,0.0 -53.3901081,-26.8083364992392,0.0 -53.390163,-26.8083975992391,0.0 -53.3902166,-26.8084538992392,0.0 -53.390267,-26.8085059992391,0.0 -53.3903268,-26.8085626992391,0.0 -53.3903478,-26.8085812992391,0.0 -53.3903893,-26.8086175992391,0.0 -53.3905049,-26.8087157992391,0.0 -53.3905422,-26.8087505992391,0.0 -53.3906787,-26.8088720992391,0.0 -53.3907032,-26.8088933992391,0.0 -53.3907428,-26.8089237992391,0.0 -53.390772,-26.8089474992391,0.0 -53.3908201,-26.8089850992391,0.0 -53.3908463,-26.8090167992391,0.0 -53.3908812,-26.8090618992391,0.0 -53.3908929,-26.8090851992391,0.0 -53.3909085,-26.8091131992391,0.0 -53.3909131,-26.8091227992391,0.0 -53.3909218,-26.8091402992391,0.0 -53.3909355,-26.8091671992391,0.0 -53.3909433,-26.8091802992391,0.0 -53.3909541,-26.8091930992391,0.0 -53.3909669,-26.8092047992391,0.0 -53.3909829,-26.8092141992391,0.0 -53.3910033,-26.8092220992391,0.0 -53.3910177,-26.8092281992391,0.0 -53.3910551,-26.8092505992391,0.0 -53.3910659,-26.8092598992391,0.0 -53.3910786,-26.8092738992391,0.0 -53.3911058,-26.8093029992391,0.0 -53.3911234,-26.8093238992391,0.0 -53.3911505,-26.8093570992391,0.0 -53.3911633,-26.8093717992391,0.0 -53.3911734,-26.8093834992391,0.0 -53.3911865,-26.8093965992391,0.0 -53.3912186,-26.8094242992391,0.0 -53.3912523,-26.8094533992391,0.0 -53.3912732,-26.8094725992391,0.0 -53.3913168,-26.8095118992391,0.0 -53.3913508,-26.8095418992391,0.0 -53.3913619,-26.8095508992391,0.0 -53.3913986,-26.8095749992391,0.0 -53.3914334,-26.8095937992391,0.0 -53.3914646,-26.8096085992391,0.0 -53.3915092,-26.8096274992391,0.0 -53.3915407,-26.8096384992391,0.0 -53.3915919,-26.8096591992391,0.0 -53.3916149,-26.8096689992391,0.0 -53.3916362,-26.8096825992391,0.0 -53.391683,-26.8097259992391,0.0 -53.3916974,-26.8097391992391,0.0 -53.3917213,-26.8097516992391,0.0 -53.3917623,-26.8097725992391,0.0 -53.391784,-26.8097822992391,0.0 -53.3918171,-26.8097947992391,0.0 -53.3918293,-26.8097993992391,0.0 -53.3918536,-26.8098031992391,0.0 -53.391898,-26.8098104992391,0.0 -53.3919282,-26.8098155992391,0.0 -53.3919384,-26.8098153992391,0.0 -53.3919706,-26.8098180992391,0.0 -53.391983,-26.8098195992391,0.0 -53.3920088,-26.8098226992391,0.0 -53.3920282,-26.8098237992391,0.0 -53.3920436,-26.8098242992391,0.0 -53.3920584,-26.8098234992391,0.0 -53.3920696,-26.8098224992391,0.0 -53.3920877,-26.8098193992391,0.0 -53.3920986,-26.8098174992391,0.0 -53.3921115,-26.8098154992391,0.0 -53.3921223,-26.8098135992391,0.0 -53.3921375,-26.8098119992391,0.0 -53.392148,-26.8098120992391,0.0 -53.3921664,-26.8098140992391,0.0 -53.3921766,-26.8098150992391,0.0 -53.3921927,-26.8098178992391,0.0 -53.3922032,-26.8098191992391,0.0 -53.3922193,-26.8098202992391,0.0 -53.3922295,-26.8098206992391,0.0 -53.3922437,-26.8098211992391,0.0 -53.3922542,-26.8098212992391,0.0 -53.3922733,-26.8098226992391,0.0 -53.3922825,-26.8098195992391,0.0 -53.3922959,-26.8098214992391,0.0 -53.392329,-26.8098164992391,0.0 -53.3923707,-26.8098071992391,0.0 -53.3924143,-26.8097960992391,0.0 -53.392811,-26.8095486992391,0.0 -53.3928168,-26.8095348992391,0.0 -53.3928364,-26.8095014992391,0.0 -53.3928743,-26.8094510992391,0.0 -53.3929229,-26.8093995992391,0.0 -53.3929583,-26.8093611992391,0.0 -53.393024,-26.8093058992391,0.0 -53.3930602,-26.8092799992391,0.0 -53.393097,-26.8092438992391,0.0 -53.3931607,-26.8091844992391,0.0 -53.3932067,-26.8091423992391,0.0 -53.3932302,-26.8091112992391,0.0 -53.393276,-26.8090465992391,0.0 -53.3933022,-26.8090142992391,0.0 -53.3933381,-26.8089597992391,0.0 -53.3933807,-26.8089064992391,0.0 -53.3934121,-26.8088668992391,0.0 -53.3934797,-26.8088014992391,0.0 -53.3935442,-26.8087544992391,0.0 -53.3935639,-26.8087364992391,0.0 -53.393627,-26.8086811992391,0.0 -53.3936961,-26.8086252992391,0.0 -53.3937052,-26.8086144992391,0.0 -53.3937491,-26.8085634992391,0.0 -53.3937997,-26.8085100992391,0.0 -53.3938121,-26.8084986992391,0.0 -53.3938232,-26.8084729992392,0.0 -53.393836,-26.8084347992391,0.0 -53.3938508,-26.8083912992391,0.0 -53.3938618,-26.8083584992392,0.0 -53.3938793,-26.8083231992392,0.0 -53.3939178,-26.8082615992392,0.0 -53.3939552,-26.8082225992392,0.0 -53.3939794,-26.8081931992392,0.0 -53.3940392,-26.8081349992392,0.0 -53.3940971,-26.8080927992392,0.0 -53.3941141,-26.8080747992392,0.0 -53.3942326,-26.8079845992392,0.0 -53.394249,-26.8079694992392,0.0 -53.394299,-26.8079333992392,0.0 -53.3943571,-26.8079042992392,0.0 -53.3946424,-26.8077274992392,0.0 -53.3946832,-26.8076949992392,0.0 -53.394751,-26.8076438992392,0.0 -53.3947983,-26.8076088992392,0.0 -53.3948266,-26.8075829992392,0.0 -53.3948397,-26.8075710992392,0.0 -53.3948976,-26.8075205992392,0.0 -53.3949206,-26.8075007992392,0.0 -53.3949271,-26.8074923992392,0.0 -53.3949593,-26.8074605992392,0.0 -53.39501,-26.8074285992392,0.0 -53.3950311,-26.8074164992392,0.0 -53.3950627,-26.8073899992392,0.0 -53.3951054,-26.8073580992392,0.0 -53.3951153,-26.8073490992392,0.0 -53.3951258,-26.8073382992392,0.0 -53.3951357,-26.8073292992392,0.0 -53.3951462,-26.8073208992392,0.0 -53.3951547,-26.8073130992392,0.0 -53.3951619,-26.8073052992392,0.0 -53.3951757,-26.8072938992392,0.0 -53.3951849,-26.8072865992392,0.0 -53.3951942,-26.8072793992392,0.0 -53.395204,-26.8072727992392,0.0 -53.3952126,-26.8072673992392,0.0 -53.395321,-26.8071782992392,0.0 -53.3954521,-26.8070705992392,0.0 -53.3955525,-26.8069880992392,0.0 -53.3953538,-26.8068729992392,0.0 -53.3950159,-26.8066744992392,0.0 -53.3946606,-26.8064666992392,0.0 -53.3944244,-26.8062569992392,0.0 -53.3942455,-26.8059333992392,0.0 -53.394094,-26.8054574992392,0.0 -53.3939744,-26.8049214992392,0.0 -53.3939607,-26.8042616992392,0.0 -53.3940167,-26.8037526992392,0.0 -53.3941541,-26.8031526992392,0.0 -53.3942689,-26.8026175992393,0.0 -53.3943765,-26.8021898992393,0.0 -53.394593,-26.8017827992393,0.0 -53.3950726,-26.8012142992393,0.0 -53.3953572,-26.8008022992393,0.0 -53.3955814,-26.8003725992393,0.0 -53.3956808,-26.7999450992393,0.0 -53.3957966,-26.7995096992393,0.0 -53.3959883,-26.7991179992393,0.0 -53.3965323,-26.7983956992393,0.0 -53.3970733,-26.7975318992394,0.0 -53.3973901,-26.7967494992394,0.0 -53.3975028,-26.7961648992394,0.0 -53.3975077,-26.7960546992394,0.0 -53.3975369,-26.7954096992394,0.0 -53.3975326,-26.7948068992394,0.0 -53.3975137,-26.7946104992394,0.0 -53.3974687,-26.7941429992394,0.0 -53.3974364,-26.7937998992394,0.0 -53.3973681,-26.7933228992394,0.0 -53.3972438,-26.7929588992395,0.0 -53.3970793,-26.7923224992395,0.0 -53.397005,-26.7919575992395,0.0 -53.3969038,-26.7916697992395,0.0 -53.3968207,-26.7914530992395,0.0 -53.3967487,-26.7911591992395,0.0 -53.3966153,-26.7908299992395,0.0 -53.3964882,-26.7905641992395,0.0 -53.3963469,-26.7903395992395,0.0 -53.3962422,-26.7901778992395,0.0 -53.3961685,-26.7900383992395,0.0 -53.3960894,-26.7898898992395,0.0 -53.3959207,-26.7896003992395,0.0 -53.3958246,-26.7894372992395,0.0 -53.3957374,-26.7892802992395,0.0 -53.3956784,-26.7892185992395,0.0 -53.3955896,-26.7891557992395,0.0 -53.3954301,-26.7890812992395,0.0 -53.3953163,-26.7890281992395,0.0 -53.3951874,-26.7889711992395,0.0 -53.3950278,-26.7889145992395,0.0 -53.3948988,-26.7888515992395,0.0 -53.3948275,-26.7888093992395,0.0 -53.3947268,-26.7887340992395,0.0 -53.3946328,-26.7886586992395,0.0 -53.3945813,-26.7886160992395,0.0 -53.3944886,-26.7885357992395,0.0 -53.394331,-26.7883685992395,0.0 -53.3942163,-26.7882500992395,0.0 -53.3941423,-26.7881861992395,0.0 -53.3940526,-26.7881066992395,0.0 -53.3937132,-26.7878513992395,0.0 -53.3933134,-26.7875682992396,0.0 -53.3930683,-26.7874364992396,0.0 -53.392844,-26.7873315992396,0.0 -53.392417,-26.7871938992396,0.0 -53.3921531,-26.7871258992396,0.0 -53.3918185,-26.7870589992396,0.0 -53.3914343,-26.7870383992396,0.0 -53.3909496,-26.7870374992396,0.0 -53.3906874,-26.7870509992396,0.0 -53.3903749,-26.7870743992396,0.0 -53.3898822,-26.7871732992396,0.0 -53.3896706,-26.7871949992396,0.0 -53.389339,-26.7872729992396,0.0 -53.389088,-26.7873406992396,0.0 -53.3887364,-26.7874281992396,0.0 -53.3884052,-26.7875242992396,0.0 -53.3881245,-26.7876196992396,0.0 -53.3876294,-26.7878775992396,0.0 -53.3873918,-26.7880341992395,0.0 -53.387014,-26.7882629992395,0.0 -53.3867546,-26.7883944992395,0.0 -53.3864751,-26.7885835992395,0.0 -53.3861953,-26.7887535992395,0.0 -53.3859573,-26.7888910992395,0.0 -53.3852002,-26.7894853992395,0.0 -53.3848859,-26.7897003992395,0.0 -53.3844107,-26.7900134992395,0.0 -53.3839913,-26.7902875992395,0.0 -53.3837121,-26.7904892992395,0.0 -53.383419,-26.7907039992395,0.0 -53.3829703,-26.7911003992395,0.0 -53.3826809,-26.7913491992395,0.0 -53.3823475,-26.7916680992395,0.0 -53.381369,-26.7919977992395,0.0 -53.3808553,-26.7922245992395,0.0 -53.3803936,-26.7924125992395,0.0 -53.3795612,-26.7925783992395,0.0 -53.3791804,-26.7925847992395,0.0 -53.3787448,-26.7924971992395,0.0 -53.3783383,-26.7922858992395,0.0 -53.3779193,-26.7919798992395,0.0 -53.3774054,-26.7916671992395,0.0 -53.3772993,-26.7912452992395,0.0 -53.3771942,-26.7908209992395,0.0 -53.3770916,-26.7904010992395,0.0 -53.3769929,-26.7899921992395,0.0 -53.3768123,-26.7892348992395,0.0 -53.3766634,-26.7886031992395,0.0 -53.3765538,-26.7881336992395,0.0 -53.3765122,-26.7879502992395,0.0 -53.3764779,-26.7877925992395,0.0 -53.3764499,-26.7876540992395,0.0 -53.3764269,-26.7875283992396,0.0 -53.3764079,-26.7874090992396,0.0 -53.3763917,-26.7872897992396,0.0 -53.3763774,-26.7871652992396,0.0 -53.3763646,-26.7870354992396,0.0 -53.3763529,-26.7869014992396,0.0 -53.3763421,-26.7867642992396,0.0 -53.3763019,-26.7862065992396,0.0 -53.3762912,-26.7860701992396,0.0 -53.3762797,-26.7859352992396,0.0 -53.3762675,-26.7858010992396,0.0 -53.3762543,-26.7856667992396,0.0 -53.3762401,-26.7855314992396,0.0 -53.3762247,-26.7853943992396,0.0 -53.376208,-26.7852544992396,0.0 -53.3761898,-26.7851110992396,0.0 -53.3761493,-26.7848131992396,0.0 -53.3761053,-26.7845089992396,0.0 -53.3759982,-26.7837947992396,0.0 -53.3759623,-26.7835516992396,0.0 -53.3759314,-26.7833364992396,0.0 -53.3759059,-26.7831493992396,0.0 -53.3758859,-26.7829904992396,0.0 -53.3758778,-26.7829207992396,0.0 -53.3758648,-26.7827965992396,0.0 -53.375851,-26.7826354992396,0.0 -53.3758406,-26.7824850992397,0.0 -53.3758327,-26.7823367992397,0.0 -53.3758291,-26.7822393992397,0.0 -53.3758271,-26.7821433992397,0.0 -53.3758271,-26.7820038992397,0.0 -53.37583,-26.7818735992397,0.0 -53.3758354,-26.7817564992397,0.0 -53.375843,-26.7816511992397,0.0 -53.3758525,-26.7815524992397,0.0 -53.3758644,-26.7814552992397,0.0 -53.3758748,-26.7813881992397,0.0 -53.375888,-26.7813169992397,0.0 -53.3759048,-26.7812399992397,0.0 -53.3759249,-26.7811588992397,0.0 -53.3759356,-26.7811184992397,0.0 -53.3759576,-26.7810414992397,0.0 -53.375979,-26.7809740992397,0.0 -53.375989,-26.7809455992397,0.0 -53.3759988,-26.7809202992397,0.0 -53.3760087,-26.7808977992397,0.0 -53.3760188,-26.7808772992397,0.0 -53.3760297,-26.7808584992397,0.0 -53.3760415,-26.7808406992397,0.0 -53.3760546,-26.7808234992397,0.0 -53.3760692,-26.7808060992397,0.0 -53.3760856,-26.7807883992397,0.0 -53.3761036,-26.7807702992397,0.0 -53.3761229,-26.7807520992397,0.0 -53.3761433,-26.7807340992397,0.0 -53.3761643,-26.7807165992397,0.0 -53.3761859,-26.7806997992397,0.0 -53.3762076,-26.7806839992397,0.0 -53.3762292,-26.7806693992397,0.0 -53.3762505,-26.7806562992397,0.0 -53.3762716,-26.7806444992397,0.0 -53.3762927,-26.7806339992397,0.0 -53.3763141,-26.7806246992397,0.0 -53.3763359,-26.7806163992397,0.0 -53.3763584,-26.7806089992397,0.0 -53.3763817,-26.7806023992397,0.0 -53.376406,-26.7805963992397,0.0 -53.3764317,-26.7805909992397,0.0 -53.3764588,-26.7805860992397,0.0 -53.3764877,-26.7805816992397,0.0 -53.3765186,-26.7805777992397,0.0 -53.3765871,-26.7805710992397,0.0 -53.3766253,-26.7805683992397,0.0 -53.3767104,-26.7805639992397,0.0 -53.3768055,-26.7805611992397,0.0 -53.3768552,-26.7805605992397,0.0 -53.3769056,-26.7805606992397,0.0 -53.376956,-26.7805613992397,0.0 -53.3770058,-26.7805629992397,0.0 -53.3770543,-26.7805654992397,0.0 -53.3771012,-26.7805689992397,0.0 -53.3771468,-26.7805733992397,0.0 -53.3771916,-26.7805787992397,0.0 -53.3772362,-26.7805851992397,0.0 -53.3772812,-26.7805926992397,0.0 -53.377327,-26.7806011992397,0.0 -53.3773742,-26.7806106992397,0.0 -53.3774235,-26.7806212992397,0.0 -53.3775288,-26.7806456992397,0.0 -53.3776406,-26.7806734992397,0.0 -53.3776979,-26.7806883992397,0.0 -53.3778128,-26.7807196992397,0.0 -53.3778696,-26.7807358992397,0.0 -53.3779804,-26.7807688992397,0.0 -53.3781406,-26.7808189992397,0.0 -53.3784487,-26.7809176992397,0.0 -53.3785476,-26.7809509992397,0.0 -53.3785958,-26.7809681992397,0.0 -53.3786431,-26.7809858992397,0.0 -53.3786892,-26.7810042992397,0.0 -53.3787341,-26.7810233992397,0.0 -53.378756,-26.7810332992397,0.0 -53.3787778,-26.7810431992397,0.0 -53.3788203,-26.7810635992397,0.0 -53.3788615,-26.7810843992397,0.0 -53.3789014,-26.7811056992397,0.0 -53.3789401,-26.7811271992397,0.0 -53.3789776,-26.7811489992397,0.0 -53.3790488,-26.7811927992397,0.0 -53.3790825,-26.7812148992397,0.0 -53.3791152,-26.7812369992397,0.0 -53.3791467,-26.7812594992397,0.0 -53.3791772,-26.7812821992397,0.0 -53.3792067,-26.7813051992397,0.0 -53.3792352,-26.7813287992397,0.0 -53.3792629,-26.7813527992397,0.0 -53.3792898,-26.7813774992397,0.0 -53.3793163,-26.7814032992397,0.0 -53.3793427,-26.7814306992397,0.0 -53.3793694,-26.7814602992397,0.0 -53.3793968,-26.7814925992397,0.0 -53.3794253,-26.7815281992397,0.0 -53.3794551,-26.7815674992397,0.0 -53.3794868,-26.7816111992397,0.0 -53.3795206,-26.7816593992397,0.0 -53.3795559,-26.7817113992397,0.0 -53.379629,-26.7818228992397,0.0 -53.3796655,-26.7818801992397,0.0 -53.3797356,-26.7819930992397,0.0 -53.379798,-26.7820969992397,0.0 -53.3798256,-26.7821443992397,0.0 -53.379875,-26.7822316992397,0.0 -53.3799385,-26.7823487992397,0.0 -53.3799957,-26.7824578992397,0.0 -53.3802137,-26.7828847992396,0.0 -53.3802638,-26.7829817992396,0.0 -53.3803112,-26.7830719992396,0.0 -53.3803743,-26.7831870992396,0.0 -53.380413,-26.7832544992396,0.0 -53.3804513,-26.7833189992396,0.0 -53.3805121,-26.7834181992396,0.0 -53.3805791,-26.7835230992396,0.0 -53.3806276,-26.7835955992396,0.0 -53.3806793,-26.7836697992396,0.0 -53.3807348,-26.7837455992396,0.0 -53.3807948,-26.7838233992396,0.0 -53.38086,-26.7839036992396,0.0 -53.3808948,-26.7839448992396,0.0 -53.3809686,-26.7840289992396,0.0 -53.381046,-26.7841130992396,0.0 -53.381124,-26.7841943992396,0.0 -53.3811998,-26.7842696992396,0.0 -53.3812712,-26.7843368992396,0.0 -53.381339,-26.7843969992396,0.0 -53.3814045,-26.7844516992396,0.0 -53.3814368,-26.7844775992396,0.0 -53.3815012,-26.7845275992396,0.0 -53.3815983,-26.7845991992396,0.0 -53.3816631,-26.7846449992396,0.0 -53.3817276,-26.7846895992396,0.0 -53.3817917,-26.7847329992396,0.0 -53.3818555,-26.7847747992396,0.0 -53.3819191,-26.7848144992396,0.0 -53.3819508,-26.7848334992396,0.0 -53.3820141,-26.7848693992396,0.0 -53.3820458,-26.7848862992396,0.0 -53.3821091,-26.7849180992396,0.0 -53.3821409,-26.7849331992396,0.0 -53.3822045,-26.7849618992396,0.0 -53.3822365,-26.7849755992396,0.0 -53.3823004,-26.7850017992396,0.0 -53.3823638,-26.7850261992396,0.0 -53.3823949,-26.7850374992396,0.0 -53.3824553,-26.7850584992396,0.0 -53.3825125,-26.7850766992396,0.0 -53.3825403,-26.7850848992396,0.0 -53.3825965,-26.7850997992396,0.0 -53.3826569,-26.7851135992396,0.0 -53.3826899,-26.7851203992396,0.0 -53.3827639,-26.7851340992396,0.0 -53.3828482,-26.7851477992396,0.0 -53.3828931,-26.7851542992396,0.0 -53.3829863,-26.7851660992396,0.0 -53.3830338,-26.7851710992396,0.0 -53.3830812,-26.7851751992396,0.0 -53.3831281,-26.7851784992396,0.0 -53.3832202,-26.7851826992396,0.0 -53.3832651,-26.7851838992396,0.0 -53.383352,-26.7851849992396,0.0 -53.3835123,-26.7851850992396,0.0 -53.383589,-26.7851833992396,0.0 -53.3836283,-26.7851813992396,0.0 -53.3836688,-26.7851782992396,0.0 -53.3837111,-26.7851738992396,0.0 -53.3837557,-26.7851679992396,0.0 -53.383803,-26.7851604992396,0.0 -53.3838524,-26.7851514992396,0.0 -53.3839031,-26.7851411992396,0.0 -53.3839544,-26.7851296992396,0.0 -53.3840055,-26.7851172992396,0.0 -53.3840557,-26.7851041992396,0.0 -53.3841041,-26.7850905992396,0.0 -53.3841502,-26.7850766992396,0.0 -53.3841933,-26.7850624992396,0.0 -53.3842336,-26.7850482992396,0.0 -53.3842716,-26.7850337992396,0.0 -53.3843426,-26.7850043992396,0.0 -53.3844098,-26.7849739992396,0.0 -53.3845443,-26.7849100992396,0.0 -53.3846111,-26.7848765992396,0.0 -53.3846436,-26.7848595992396,0.0 -53.384706,-26.7848249992396,0.0 -53.3847355,-26.7848073992396,0.0 -53.3847639,-26.7847895992396,0.0 -53.3848175,-26.7847534992396,0.0 -53.3848676,-26.7847164992396,0.0 -53.3848915,-26.7846976992396,0.0 -53.3849378,-26.7846590992396,0.0 -53.3849844,-26.7846170992396,0.0 -53.3850093,-26.7845933992396,0.0 -53.3850652,-26.7845376992396,0.0 -53.3851733,-26.7844247992396,0.0 -53.3852646,-26.7843259992396,0.0 -53.3853154,-26.7842695992396,0.0 -53.3853693,-26.7842085992396,0.0 -53.3854259,-26.7841430992396,0.0 -53.3854849,-26.7840730992396,0.0 -53.3855461,-26.7839987992396,0.0 -53.385609,-26.7839202992396,0.0 -53.385673,-26.7838385992396,0.0 -53.3857371,-26.7837546992396,0.0 -53.3858005,-26.7836697992396,0.0 -53.3858623,-26.7835848992396,0.0 -53.3859217,-26.7835010992396,0.0 -53.3859779,-26.7834193992396,0.0 -53.3860299,-26.7833409992396,0.0 -53.3860773,-26.7832665992396,0.0 -53.3861205,-26.7831957992396,0.0 -53.3861602,-26.7831277992396,0.0 -53.3861972,-26.7830617992396,0.0 -53.3862663,-26.7829329992396,0.0 -53.3864753,-26.7825308992397,0.0 -53.3865434,-26.7823962992397,0.0 -53.3865751,-26.7823313992397,0.0 -53.3866046,-26.7822690992397,0.0 -53.3866316,-26.7822095992397,0.0 -53.3866561,-26.7821530992397,0.0 -53.3866785,-26.7820990992397,0.0 -53.3866988,-26.7820476992397,0.0 -53.3867174,-26.7819983992397,0.0 -53.3867344,-26.7819511992397,0.0 -53.3867411,-26.7819315992397,0.0 -53.3867647,-26.7818620992397,0.0 -53.3867915,-26.7817784992397,0.0 -53.3868411,-26.7816192992397,0.0 -53.3868672,-26.7815391992397,0.0 -53.3868812,-26.7814978992397,0.0 -53.3869125,-26.7814102992397,0.0 -53.3869495,-26.7813111992397,0.0 -53.387047,-26.7810572992397,0.0 -53.3871405,-26.7808176992397,0.0 -53.3871898,-26.7806944992397,0.0 -53.3872391,-26.7805711992397,0.0 -53.3872709,-26.7804938992397,0.0 -53.3873305,-26.7803528992397,0.0 -53.3874307,-26.7801221992397,0.0 -53.3874702,-26.7800298992397,0.0 -53.387502,-26.7799507992397,0.0 -53.3875277,-26.7798814992397,0.0 -53.3875388,-26.7798492992397,0.0 -53.3875588,-26.7797872992397,0.0 -53.3875862,-26.7796941992397,0.0 -53.3876124,-26.7795989992397,0.0 -53.3876727,-26.7793730992397,0.0 -53.3877108,-26.7792350992397,0.0 -53.3877911,-26.7789521992397,0.0 -53.3878414,-26.7787809992397,0.0 -53.3878949,-26.7786068992397,0.0 -53.3879218,-26.7785225992397,0.0 -53.3879746,-26.7783649992397,0.0 -53.3880485,-26.7781515992397,0.0 -53.3880922,-26.7780197992397,0.0 -53.3881119,-26.7779557992397,0.0 -53.38813,-26.7778923992397,0.0 -53.388147,-26.7778285992397,0.0 -53.3881797,-26.7776952992398,0.0 -53.3882545,-26.7773741992398,0.0 -53.3883301,-26.7770608992398,0.0 -53.3883572,-26.7769456992398,0.0 -53.3883841,-26.7768270992398,0.0 -53.3884101,-26.7767063992398,0.0 -53.3884345,-26.7765848992398,0.0 -53.3884567,-26.7764637992398,0.0 -53.3884761,-26.7763441992398,0.0 -53.3884929,-26.7762267992398,0.0 -53.3885072,-26.7761122992398,0.0 -53.3885193,-26.7760011992398,0.0 -53.3885295,-26.7758941992398,0.0 -53.3885381,-26.7757917992398,0.0 -53.3885452,-26.7756946992398,0.0 -53.3885562,-26.7755182992398,0.0 -53.388572,-26.7752239992398,0.0 -53.3885807,-26.7750914992398,0.0 -53.3885861,-26.7750256992398,0.0 -53.3885925,-26.7749589992398,0.0 -53.3886079,-26.7748208992398,0.0 -53.3886146,-26.7747669992398,0.0 -53.3886567,-26.7744272992398,0.0 -53.3886782,-26.7742424992398,0.0 -53.3886889,-26.7741448992398,0.0 -53.3887094,-26.7739431992398,0.0 -53.388719,-26.7738404992398,0.0 -53.3887361,-26.7736347992398,0.0 -53.38875,-26.7734332992398,0.0 -53.3887558,-26.7733356992398,0.0 -53.3887654,-26.7731495992398,0.0 -53.388773,-26.7729794992398,0.0 -53.3887844,-26.7727009992398,0.0 -53.3887903,-26.7725417992399,0.0 -53.3887956,-26.7723748992399,0.0 -53.3887999,-26.7722916992399,0.0 -53.3888036,-26.7722436992399,0.0 -53.3888088,-26.7721888992399,0.0 -53.3888158,-26.7721251992399,0.0 -53.3888249,-26.7720507992399,0.0 -53.3888498,-26.7718681992399,0.0 -53.3888972,-26.7715459992399,0.0 -53.3889723,-26.7710527992399,0.0 -53.3889853,-26.7709733992399,0.0 -53.3889986,-26.7708981992399,0.0 -53.3890128,-26.7708255992399,0.0 -53.3890307,-26.7707391992399,0.0 -53.3890668,-26.7706081992399,0.0 -53.3890902,-26.7705311992399,0.0 -53.3891162,-26.7704514992399,0.0 -53.3891442,-26.7703695992399,0.0 -53.3892451,-26.7700838992399,0.0 -53.3892627,-26.7700342992399,0.0 -53.3892908,-26.7699517992399,0.0 -53.389304,-26.7699114992399,0.0 -53.3893172,-26.7698711992399,0.0 -53.3893418,-26.7697926992399,0.0 -53.3893647,-26.7697165992399,0.0 -53.389386,-26.7696429992399,0.0 -53.3894058,-26.7695721992399,0.0 -53.3894411,-26.7694398992399,0.0 -53.3894715,-26.7693213992399,0.0 -53.3895099,-26.7691656992399,0.0 -53.3895431,-26.7690233992399,0.0 -53.3895745,-26.7688802992399,0.0 -53.389605,-26.7687331992399,0.0 -53.389624,-26.7686347992399,0.0 -53.3896417,-26.7685369992399,0.0 -53.3896577,-26.7684367992399,0.0 -53.389665,-26.7683832992399,0.0 -53.3896718,-26.7683263992399,0.0 -53.3896781,-26.7682649992399,0.0 -53.3896839,-26.7681981992399,0.0 -53.3896891,-26.7681248992399,0.0 -53.3896938,-26.7680447992399,0.0 -53.3896979,-26.7679588992399,0.0 -53.3897013,-26.7678688992399,0.0 -53.389706,-26.7676828992399,0.0 -53.3897072,-26.7675900992399,0.0 -53.3897076,-26.7674996992399,0.0 -53.3897071,-26.7674131992399,0.0 -53.3897057,-26.7673318992399,0.0 -53.3897034,-26.7672556992399,0.0 -53.3897003,-26.76718429924,0.0 -53.3896965,-26.76711729924,0.0 -53.3896919,-26.76705419924,0.0 -53.3896866,-26.76699479924,0.0 -53.3896807,-26.76693849924,0.0 -53.3896741,-26.76688499924,0.0 -53.3896669,-26.76683389924,0.0 -53.389659,-26.76678469924,0.0 -53.3896502,-26.76673679924,0.0 -53.3896402,-26.76668979924,0.0 -53.3896288,-26.76664299924,0.0 -53.389616,-26.76659609924,0.0 -53.3896014,-26.76654829924,0.0 -53.389585,-26.76649929924,0.0 -53.3895665,-26.76644869924,0.0 -53.3895463,-26.76639689924,0.0 -53.3895245,-26.76634449924,0.0 -53.3895015,-26.76629219924,0.0 -53.3894776,-26.76624049924,0.0 -53.3894532,-26.76619009924,0.0 -53.3894283,-26.76614149924,0.0 -53.3894035,-26.76609549924,0.0 -53.3893788,-26.76605249924,0.0 -53.3893537,-26.76601199924,0.0 -53.3893277,-26.76597369924,0.0 -53.3893,-26.76593689924,0.0 -53.3892701,-26.76590109924,0.0 -53.3892373,-26.76586589924,0.0 -53.389201,-26.76583069924,0.0 -53.3891607,-26.76579499924,0.0 -53.3891156,-26.76575839924,0.0 -53.3890658,-26.76572099924,0.0 -53.3890111,-26.76568289924,0.0 -53.3889514,-26.76564449924,0.0 -53.3888866,-26.76560589924,0.0 -53.3888168,-26.76556719924,0.0 -53.3887418,-26.76552889924,0.0 -53.3886615,-26.76549089924,0.0 -53.388576,-26.76545359924,0.0 -53.388486,-26.76541699924,0.0 -53.3883921,-26.76538109924,0.0 -53.3882951,-26.76534619924,0.0 -53.3881957,-26.76531209924,0.0 -53.3880947,-26.76527909924,0.0 -53.3879928,-26.76524719924,0.0 -53.3878907,-26.76521639924,0.0 -53.387789,-26.76518689924,0.0 -53.3876876,-26.76515889924,0.0 -53.387586,-26.76513259924,0.0 -53.3874841,-26.76510819924,0.0 -53.3873813,-26.76508609924,0.0 -53.3872775,-26.76506649924,0.0 -53.3871722,-26.76504949924,0.0 -53.387065,-26.76503559924,0.0 -53.3869559,-26.76502479924,0.0 -53.3868447,-26.76501669924,0.0 -53.3867315,-26.76501099924,0.0 -53.386674,-26.76500919924,0.0 -53.3866165,-26.76500729924,0.0 -53.3864997,-26.76500509924,0.0 -53.3862611,-26.76500359924,0.0 -53.3857627,-26.76500329924,0.0 -53.3854952,-26.76500529924,0.0 -53.3853544,-26.76500759924,0.0 -53.3852081,-26.76501099924,0.0 -53.3850555,-26.76501579924,0.0 -53.3848959,-26.76502209924,0.0 -53.3843598,-26.76504599924,0.0 -53.384157,-26.76505399924,0.0 -53.3839395,-26.76506139924,0.0 -53.3837059,-26.76506759924,0.0 -53.3834546,-26.76507219924,0.0 -53.3831851,-26.76507479924,0.0 -53.3829011,-26.76507559924,0.0 -53.3826075,-26.76507489924,0.0 -53.3823091,-26.76507289924,0.0 -53.3820107,-26.76506989924,0.0 -53.3817171,-26.76506609924,0.0 -53.3811634,-26.76505739924,0.0 -53.3806481,-26.76504789924,0.0 -53.3800325,-26.76503649924,0.0 -53.3799388,-26.76503479924,0.0 -53.379679,-26.76503119924,0.0 -53.3795759,-26.76503049924,0.0 -53.3794884,-26.76503059924,0.0 -53.379414,-26.76503139924,0.0 -53.3793502,-26.76503299924,0.0 -53.3792945,-26.76503529924,0.0 -53.3792445,-26.76503819924,0.0 -53.3791514,-26.76504589924,0.0 -53.3790549,-26.76505599924,0.0 -53.3790048,-26.76506199924,0.0 -53.3789034,-26.76507589924,0.0 -53.3788528,-26.76508379924,0.0 -53.3788029,-26.76509239924,0.0 -53.378754,-26.76510169924,0.0 -53.3787063,-26.76511179924,0.0 -53.3786592,-26.76512269924,0.0 -53.3786117,-26.76513459924,0.0 -53.378563,-26.76514769924,0.0 -53.3785122,-26.76516209924,0.0 -53.3784006,-26.76519549924,0.0 -53.3781954,-26.76525969924,0.0 -53.3780266,-26.76531469924,0.0 -53.3779312,-26.76534679924,0.0 -53.377828,-26.76538229924,0.0 -53.3777164,-26.76542169924,0.0 -53.3775961,-26.76546509924,0.0 -53.3774672,-26.76551259924,0.0 -53.3773321,-26.76556329924,0.0 -53.3770545,-26.76566899924,0.0 -53.3769244,-26.76571899924,0.0 -53.3766632,-26.76581949924,0.0 -53.3764522,-26.76590009924,0.0 -53.3762909,-26.76596059924,0.0 -53.3760351,-26.76605519924,0.0 -53.3759642,-26.76608259924,0.0 -53.3758452,-26.76612969924,0.0 -53.3757912,-26.76615029924,0.0 -53.3757374,-26.76616929924,0.0 -53.3756842,-26.76618699924,0.0 -53.3755174,-26.76623979924,0.0 -53.3754494,-26.76626199924,0.0 -53.3753703,-26.76628919924,0.0 -53.3753387,-26.76630099924,0.0 -53.3753023,-26.76631569924,0.0 -53.3752597,-26.76633429924,0.0 -53.3752096,-26.76635799924,0.0 -53.3751505,-26.76638779924,0.0 -53.375081,-26.76642469924,0.0 -53.3749998,-26.76646969924,0.0 -53.373972,-26.76689939924,0.0 -53.3725795,-26.76719469924,0.0 -53.370445,-26.76719099924,0.0 -53.3703832,-26.76718189924,0.0 -53.3703514,-26.76718079924,0.0 -53.3703218,-26.7671811992399,0.0 -53.370307,-26.76717869924,0.0 -53.370282,-26.76717409924,0.0 -53.3702706,-26.76717289924,0.0 -53.3702466,-26.7671737992399,0.0 -53.3702204,-26.76717129924,0.0 -53.3702089,-26.76717219924,0.0 -53.3701963,-26.76717249924,0.0 -53.3701828,-26.76717219924,0.0 -53.3701508,-26.7671701992399,0.0 -53.3701069,-26.76716679924,0.0 -53.3700673,-26.76716359924,0.0 -53.3700376,-26.7671604992399,0.0 -53.3700252,-26.76716059924,0.0 -53.3699957,-26.7671604992399,0.0 -53.3699445,-26.76715629924,0.0 -53.3699334,-26.76715569924,0.0 -53.3699175,-26.7671561992399,0.0 -53.3699067,-26.76715499924,0.0 -53.3697394,-26.76712149924,0.0 -53.3689711,-26.76696769924,0.0 -53.3683536,-26.76682249924,0.0 -53.3683201,-26.76680869924,0.0 -53.368307,-26.76680509924,0.0 -53.3682836,-26.76679299924,0.0 -53.3682338,-26.76677529924,0.0 -53.3682109,-26.76676549924,0.0 -53.3681964,-26.76676009924,0.0 -53.368181,-26.76675329924,0.0 -53.368151,-26.76674309924,0.0 -53.3681241,-26.76672949924,0.0 -53.3680989,-26.76671919924,0.0 -53.3680691,-26.76671029924,0.0 -53.3680401,-26.76670249924,0.0 -53.3680145,-26.76669379924,0.0 -53.367965,-26.76666859924,0.0 -53.3679554,-26.76666509924,0.0 -53.3679344,-26.76665779924,0.0 -53.3679184,-26.76665029924,0.0 -53.3678987,-26.76664049924,0.0 -53.3678621,-26.76662099924,0.0 -53.3678357,-26.76660829924,0.0 -53.3678007,-26.76659069924,0.0 -53.3677658,-26.76657279924,0.0 -53.3677523,-26.76656669924,0.0 -53.3677359,-26.76655769924,0.0 -53.3677212,-26.76654879924,0.0 -53.3676899,-26.76653329924,0.0 -53.3676709,-26.76652159924,0.0 -53.3676518,-26.76650859924,0.0 -53.3676341,-26.76649939924,0.0 -53.3676014,-26.76648179924,0.0 -53.3675281,-26.76641789924,0.0 -53.3675245,-26.76641219924,0.0 -53.3675104,-26.76640419924,0.0 -53.3674829,-26.76638779924,0.0 -53.3674782,-26.76638369924,0.0 -53.3674648,-26.76637659924,0.0 -53.3674509,-26.76637009924,0.0 -53.3674209,-26.76635689924,0.0 -53.3674154,-26.76635369924,0.0 -53.3674009,-26.76634659924,0.0 -53.3673823,-26.76633919924,0.0 -53.3673639,-26.76633019924,0.0 -53.3673558,-26.76632599924,0.0 -53.3673285,-26.76631659924,0.0 -53.3673078,-26.76630519924,0.0 -53.3672916,-26.76630049924,0.0 -53.3672702,-26.76628759924,0.0 -53.3672396,-26.76627809924,0.0 -53.3672183,-26.76626829924,0.0 -53.3672071,-26.76626089924,0.0 -53.3671657,-26.76623779924,0.0 -53.3671327,-26.76621499924,0.0 -53.3671154,-26.76620689924,0.0 -53.3670939,-26.76619569924,0.0 -53.3670673,-26.76617679924,0.0 -53.3670591,-26.76617129924,0.0 -53.3670504,-26.76616599924,0.0 -53.367022,-26.76615189924,0.0 -53.3670106,-26.76614669924,0.0 -53.3669904,-26.76613859924,0.0 -53.3669639,-26.76612299924,0.0 -53.3669393,-26.76611429924,0.0 -53.3669253,-26.76610529924,0.0 -53.3668972,-26.76609069924,0.0 -53.3668643,-26.76607789924,0.0 -53.3668607,-26.76607589924,0.0 -53.3668525,-26.76607139924,0.0 -53.3668432,-26.76606819924,0.0 -53.3668308,-26.76606199924,0.0 -53.3668231,-26.76605869924,0.0 -53.3668045,-26.76605149924,0.0 -53.3667951,-26.76604869924,0.0 -53.3667567,-26.76603739924,0.0 -53.3667418,-26.76603439924,0.0 -53.3660331,-26.76597379924,0.0 -53.3658369,-26.76595699924,0.0 -53.365533,-26.76592579924,0.0 -53.3651831,-26.76586569924,0.0 -53.3648745,-26.76589279924,0.0 -53.3642044,-26.76588349924,0.0 -53.3640681,-26.76588159924,0.0 -53.363765,-26.76591919924,0.0 -53.3635862,-26.76597279924,0.0</coordinates>
</LinearRing>
</outerBoundaryIs>
</Polygon>
</MultiGeometry>
</Placemark>
</Folder>
</Document></kml>
