<?xml version='1.0' encoding='UTF-8'?>
<kml xmlns:xsd="http://www.w3.org/2001/XMLSchema" xmlns:gx="http://www.google.com/kml/ext/2.2" xmlns:atom="http://www.w3.org/2005/Atom" xmlns="http://www.opengis.net/kml/2.2">
<Document>
<name>ipira_4207601_localidades_2022</name>
<visibility>1</visibility>
<Schema name="01. Cidade" id="kml_schema_ft_01._Cidade">
<SimpleField type="xsd:string" name="CD_UF">
<displayName>CD_UF</displayName>
</SimpleField>
<SimpleField type="xsd:string" name="NM_UF">
<displayName>NM_UF</displayName>
</SimpleField>
<SimpleField type="xsd:string" name="SIGLA_UF">
<displayName>SIGLA_UF</displayName>
</SimpleField>
<SimpleField type="xsd:string" name="CD_MUN">
<displayName>CD_MUN</displayName>
</SimpleField>
<SimpleField type="xsd:string" name="NM_MUN">
<displayName>NM_MUN</displayName>
</SimpleField>
<SimpleField type="xsd:string" name="CD_RGINT">
<displayName>CD_RGINT</displayName>
</SimpleField>
<SimpleField type="xsd:string" name="NM_RGINT">
<displayName>NM_RGINT</displayName>
</SimpleField>
<SimpleField type="xsd:string" name="CD_RGI">
<displayName>CD_RGI</displayName>
</SimpleField>
<SimpleField type="xsd:string" name="NM_RGI">
<displayName>NM_RGI</displayName>
</SimpleField>
<SimpleField type="xsd:string" name="CT_LOCALIDADE">
<displayName>CT_LOCALIDADE</displayName>
</SimpleField>
<SimpleField type="xsd:string" name="SCT_LOCALIDADE">
<displayName>SCT_LOCALIDADE</displayName>
</SimpleField>
<SimpleField type="xsd:string" name="CD_LOCALIDADE">
<displayName>CD_LOCALIDADE</displayName>
</SimpleField>
<SimpleField type="xsd:string" name="NM_LOCALIDADE">
<displayName>NM_LOCALIDADE</displayName>
</SimpleField>
<SimpleField type="xsd:string" name="LAT_LOCALIDADE">
<displayName>LAT_LOCALIDADE</displayName>
</SimpleField>
<SimpleField type="xsd:string" name="LONG_LOCALIDADE">
<displayName>LONG_LOCALIDADE</displayName>
</SimpleField>
</Schema>
<Schema name="Município" id="kml_schema_ft_Município">
<SimpleField type="xsd:string" name="CD_UF">
<displayName>CD_UF</displayName>
</SimpleField>
<SimpleField type="xsd:string" name="NM_UF">
<displayName>NM_UF</displayName>
</SimpleField>
<SimpleField type="xsd:string" name="CD_MUN">
<displayName>CD_MUN</displayName>
</SimpleField>
<SimpleField type="xsd:string" name="NM_MUN">
<displayName>NM_MUN</displayName>
</SimpleField>
<SimpleField type="xsd:string" name="CD_RGINT">
<displayName>CD_RGINT</displayName>
</SimpleField>
<SimpleField type="xsd:string" name="NM_RGINT">
<displayName>NM_RGINT</displayName>
</SimpleField>
<SimpleField type="xsd:string" name="CD_RGI">
<displayName>CD_RGI</displayName>
</SimpleField>
<SimpleField type="xsd:string" name="NM_RGI">
<displayName>NM_RGI</displayName>
</SimpleField>
</Schema>
<Folder id="01. Cidade">
<name>01. Cidade</name>
<Folder id="01.03. Sede Municipal">
<name>01.03. Sede Municipal</name>
<Placemark id="01.03. Sede Municipal">
<name>Ipira [4207601]</name>
<visibility>1</visibility>
<snippet> </snippet>
<description>&lt;center&gt;&lt;table&gt;&lt;tr&gt;&lt;th colspan='2' align='center'&gt;&lt;em&gt;Atributos&lt;/em&gt;&lt;/th&gt;&lt;/tr&gt;&lt;tr bgcolor="#E3E3F3"&gt;
&lt;th&gt;CD_UF&lt;/th&gt;
&lt;td&gt;42&lt;/td&gt;
&lt;/tr&gt;&lt;tr bgcolor=""&gt;
&lt;th&gt;NM_UF&lt;/th&gt;
&lt;td&gt;Santa Catarina&lt;/td&gt;
&lt;/tr&gt;&lt;tr bgcolor="#E3E3F3"&gt;
&lt;th&gt;SIGLA_UF&lt;/th&gt;
&lt;td&gt;SC&lt;/td&gt;
&lt;/tr&gt;&lt;tr bgcolor=""&gt;
&lt;th&gt;CD_MUN&lt;/th&gt;
&lt;td&gt;4207601&lt;/td&gt;
&lt;/tr&gt;&lt;tr bgcolor="#E3E3F3"&gt;
&lt;th&gt;NM_MUN&lt;/th&gt;
&lt;td&gt;Ipira&lt;/td&gt;
&lt;/tr&gt;&lt;tr bgcolor=""&gt;
&lt;th&gt;CD_RGINT&lt;/th&gt;
&lt;td&gt;4204&lt;/td&gt;
&lt;/tr&gt;&lt;tr bgcolor="#E3E3F3"&gt;
&lt;th&gt;NM_RGINT&lt;/th&gt;
&lt;td&gt;Chapecó&lt;/td&gt;
&lt;/tr&gt;&lt;tr bgcolor=""&gt;
&lt;th&gt;CD_RGI&lt;/th&gt;
&lt;td&gt;420010&lt;/td&gt;
&lt;/tr&gt;&lt;tr bgcolor="#E3E3F3"&gt;
&lt;th&gt;NM_RGI&lt;/th&gt;
&lt;td&gt;Concórdia&lt;/td&gt;
&lt;/tr&gt;&lt;tr bgcolor=""&gt;
&lt;th&gt;CT_LOCALIDADE&lt;/th&gt;
&lt;td&gt;Cidade&lt;/td&gt;
&lt;/tr&gt;&lt;tr bgcolor="#E3E3F3"&gt;
&lt;th&gt;SCT_LOCALIDADE&lt;/th&gt;
&lt;td&gt;Sede Municipal&lt;/td&gt;
&lt;/tr&gt;&lt;tr bgcolor=""&gt;
&lt;th&gt;CD_LOCALIDADE&lt;/th&gt;
&lt;td&gt;4207601&lt;/td&gt;
&lt;/tr&gt;&lt;tr bgcolor="#E3E3F3"&gt;
&lt;th&gt;NM_LOCALIDADE&lt;/th&gt;
&lt;td&gt;Ipira&lt;/td&gt;
&lt;/tr&gt;&lt;tr bgcolor=""&gt;
&lt;th&gt;LAT_LOCALIDADE&lt;/th&gt;
&lt;td&gt;-27.4049&lt;/td&gt;
&lt;/tr&gt;&lt;tr bgcolor="#E3E3F3"&gt;
&lt;th&gt;LONG_LOCALIDADE&lt;/th&gt;
&lt;td&gt;-51.7751&lt;/td&gt;
&lt;/tr&gt;&lt;/table&gt;&lt;/center&gt;</description>
<Style>
<IconStyle>
<color>ff00aaff</color>
<scale>1.0</scale>
<Icon>
<href>http://maps.google.com/mapfiles/kml/shapes/placemark_circle.png</href>
</Icon>
</IconStyle>
<LabelStyle>
<scale>1.0</scale>
</LabelStyle>
<LineStyle>
<color>ffffffff</color>
<width>3</width>
<gx:labelVisibility>1</gx:labelVisibility>
</LineStyle>
<PolyStyle>
<color>00ffffff</color>
</PolyStyle>
</Style>
<ExtendedData>
<SchemaData schemaUrl="#kml_schema_ft_01._Cidade">
<SimpleData name="CD_UF">42</SimpleData>
<SimpleData name="NM_UF">Santa Catarina</SimpleData>
<SimpleData name="SIGLA_UF">SC</SimpleData>
<SimpleData name="CD_MUN">4207601</SimpleData>
<SimpleData name="NM_MUN">Ipira</SimpleData>
<SimpleData name="CD_RGINT">4204</SimpleData>
<SimpleData name="NM_RGINT">Chapecó</SimpleData>
<SimpleData name="CD_RGI">420010</SimpleData>
<SimpleData name="NM_RGI">Concórdia</SimpleData>
<SimpleData name="CT_LOCALIDADE">Cidade</SimpleData>
<SimpleData name="SCT_LOCALIDADE">Sede Municipal</SimpleData>
<SimpleData name="CD_LOCALIDADE">4207601</SimpleData>
<SimpleData name="NM_LOCALIDADE">Ipira</SimpleData>
<SimpleData name="LAT_LOCALIDADE">-27.4049</SimpleData>
<SimpleData name="LONG_LOCALIDADE">-51.7751</SimpleData>
</SchemaData>
</ExtendedData>
<Point>
<extrude>0</extrude>
<coordinates>-51.7751,-27.4048999992277,0.0</coordinates>
</Point>
</Placemark>
</Folder>
</Folder>
<Folder id="13. Referência">
<name>13. Referência</name>
<Placemark id="13. Referência">
<name>Ipira [4207601]</name>
<visibility>1</visibility>
<snippet> </snippet>
<description>&lt;center&gt;&lt;table&gt;&lt;tr&gt;&lt;th colspan='2' align='center'&gt;&lt;em&gt;Attributes&lt;/em&gt;&lt;/th&gt;&lt;/tr&gt;&lt;tr bgcolor="#E3E3F3"&gt;
&lt;th&gt;CD_UF&lt;/th&gt;
&lt;td&gt;42&lt;/td&gt;
&lt;/tr&gt;&lt;tr bgcolor=""&gt;
&lt;th&gt;NM_UF&lt;/th&gt;
&lt;td&gt;Santa Catarina&lt;/td&gt;
&lt;/tr&gt;&lt;tr bgcolor="#E3E3F3"&gt;
&lt;th&gt;CD_MUN&lt;/th&gt;
&lt;td&gt;4207601&lt;/td&gt;
&lt;/tr&gt;&lt;tr bgcolor=""&gt;
&lt;th&gt;NM_MUN&lt;/th&gt;
&lt;td&gt;Ipira&lt;/td&gt;
&lt;/tr&gt;&lt;tr bgcolor="#E3E3F3"&gt;
&lt;th&gt;CD_RGINT&lt;/th&gt;
&lt;td&gt;4204&lt;/td&gt;
&lt;/tr&gt;&lt;tr bgcolor=""&gt;
&lt;th&gt;NM_RGINT&lt;/th&gt;
&lt;td&gt;Chapecó&lt;/td&gt;
&lt;/tr&gt;&lt;tr bgcolor="#E3E3F3"&gt;
&lt;th&gt;CD_RGI&lt;/th&gt;
&lt;td&gt;420010&lt;/td&gt;
&lt;/tr&gt;&lt;tr bgcolor=""&gt;
&lt;th&gt;NM_RGI&lt;/th&gt;
&lt;td&gt;Concórdia&lt;/td&gt;
&lt;/tr&gt;&lt;/table&gt;&lt;/center&gt;</description>
<Style>
<IconStyle>
<scale>0.7</scale>
</IconStyle>
<LabelStyle>
<scale>0.7</scale>
</LabelStyle>
<LineStyle>
<color>ffffffff</color>
<width>3</width>
<gx:labelVisibility>1</gx:labelVisibility>
</LineStyle>
<PolyStyle>
<color>00ffffff</color>
</PolyStyle>
</Style>
<ExtendedData>
<SchemaData schemaUrl="#kml_schema_ft_Município">
<SimpleData name="CD_UF">42</SimpleData>
<SimpleData name="NM_UF">Santa Catarina</SimpleData>
<SimpleData name="CD_MUN">4207601</SimpleData>
<SimpleData name="NM_MUN">Ipira</SimpleData>
<SimpleData name="CD_RGINT">4204</SimpleData>
<SimpleData name="NM_RGINT">Chapecó</SimpleData>
<SimpleData name="CD_RGI">420010</SimpleData>
<SimpleData name="NM_RGI">Concórdia</SimpleData>
</SchemaData>
</ExtendedData>
<MultiGeometry>
<Polygon>
<extrude>0</extrude>
<tessellate>1</tessellate>
<outerBoundaryIs>
<LinearRing>
<coordinates>-51.7637986,-27.4167311992275,0.0 -51.7640733,-27.4167313992275,0.0 -51.7645453,-27.4167085992275,0.0 -51.7652205,-27.4166691992275,0.0 -51.7661633,-27.4165766992275,0.0 -51.7668658,-27.4165384992275,0.0 -51.7676253,-27.4165534992275,0.0 -51.7678863,-27.4165586992275,0.0 -51.76893,-27.4165725992275,0.0 -51.7694737,-27.4166284992275,0.0 -51.7697262,-27.4166696992275,0.0 -51.7699224,-27.4166992992275,0.0 -51.7700909,-27.4167264992275,0.0 -51.7702351,-27.4167514992275,0.0 -51.7703581,-27.4167744992275,0.0 -51.7704635,-27.4167956992275,0.0 -51.7706347,-27.4168340992275,0.0 -51.7708382,-27.4168844992275,0.0 -51.7711769,-27.4169712992275,0.0 -51.7712325,-27.4169844992275,0.0 -51.7712863,-27.4169971992275,0.0 -51.771525,-27.4170573992275,0.0 -51.7716657,-27.4170956992275,0.0 -51.7717226,-27.4171118992275,0.0 -51.7718219,-27.4171399992275,0.0 -51.7719758,-27.4171853992275,0.0 -51.7720654,-27.4172129992275,0.0 -51.7722483,-27.4172670992275,0.0 -51.7723012,-27.4172807992275,0.0 -51.7724274,-27.4173098992275,0.0 -51.7728403,-27.4173941992275,0.0 -51.7730181,-27.4174320992275,0.0 -51.7731466,-27.4174614992275,0.0 -51.7732832,-27.4174944992275,0.0 -51.7734275,-27.4175313992275,0.0 -51.7735784,-27.4175716992275,0.0 -51.7738942,-27.4176608992275,0.0 -51.7740563,-27.4177086992275,0.0 -51.7743821,-27.4178080992275,0.0 -51.774543,-27.4178587992275,0.0 -51.7748566,-27.4179601992275,0.0 -51.7759331,-27.4183177992274,0.0 -51.7765617,-27.4185198992274,0.0 -51.7772408,-27.4187323992274,0.0 -51.7777213,-27.4188807992274,0.0 -51.7782797,-27.4190523992274,0.0 -51.7787122,-27.4191828992274,0.0 -51.7790061,-27.4192680992274,0.0 -51.7791519,-27.4193087992274,0.0 -51.7794376,-27.4193847992274,0.0 -51.7797126,-27.4194534992274,0.0 -51.7799742,-27.4195149992274,0.0 -51.7802199,-27.4195691992274,0.0 -51.7804472,-27.4196162992274,0.0 -51.7806561,-27.4196553992274,0.0 -51.7807537,-27.4196718992274,0.0 -51.7808467,-27.4196859992274,0.0 -51.7809352,-27.4196978992274,0.0 -51.7810193,-27.4197072992274,0.0 -51.781099,-27.4197142992274,0.0 -51.7811747,-27.4197187992274,0.0 -51.7812471,-27.4197208992274,0.0 -51.7813164,-27.4197207992274,0.0 -51.7813833,-27.4197184992274,0.0 -51.7814483,-27.4197140992274,0.0 -51.7815119,-27.4197075992274,0.0 -51.7815745,-27.4196991992274,0.0 -51.7816366,-27.4196888992274,0.0 -51.7816983,-27.4196767992274,0.0 -51.7817596,-27.4196630992274,0.0 -51.7818205,-27.4196477992274,0.0 -51.781881,-27.4196310992274,0.0 -51.7819411,-27.4196129992274,0.0 -51.7820603,-27.4195730992274,0.0 -51.7823661,-27.4194601992274,0.0 -51.7824333,-27.4194371992274,0.0 -51.7825041,-27.4194145992274,0.0 -51.782579,-27.4193926992274,0.0 -51.7826585,-27.4193715992274,0.0 -51.7827425,-27.4193514992274,0.0 -51.7828303,-27.4193324992274,0.0 -51.7829218,-27.4193145992274,0.0 -51.7830163,-27.4192978992274,0.0 -51.7831136,-27.4192824992274,0.0 -51.7832131,-27.4192684992274,0.0 -51.7833145,-27.4192558992274,0.0 -51.7834174,-27.4192446992274,0.0 -51.783522,-27.4192350992274,0.0 -51.7836286,-27.4192270992274,0.0 -51.7837374,-27.4192206992274,0.0 -51.7838487,-27.4192158992274,0.0 -51.7839628,-27.4192127992274,0.0 -51.78408,-27.4192113992274,0.0 -51.7842005,-27.4192116992274,0.0 -51.7843244,-27.4192137992274,0.0 -51.7844512,-27.4192176992274,0.0 -51.78458,-27.4192234992274,0.0 -51.7846335,-27.4192266992274,0.0 -51.784841,-27.4192409992274,0.0 -51.7849717,-27.4192528992274,0.0 -51.7851014,-27.4192668992274,0.0 -51.7852295,-27.4192830992274,0.0 -51.7853552,-27.4193014992274,0.0 -51.7854784,-27.4193220992274,0.0 -51.7855988,-27.4193444992274,0.0 -51.7857811,-27.4193833992274,0.0 -51.7858305,-27.4193944992274,0.0 -51.7859414,-27.4194215992274,0.0 -51.7860489,-27.4194499992274,0.0 -51.7861526,-27.4194793992274,0.0 -51.7862524,-27.4195096992274,0.0 -51.7863005,-27.4195251992274,0.0 -51.7863485,-27.4195407992274,0.0 -51.7864409,-27.4195723992274,0.0 -51.7865296,-27.4196043992274,0.0 -51.7866149,-27.4196367992274,0.0 -51.7867753,-27.4197019992274,0.0 -51.786923,-27.4197667992274,0.0 -51.7870623,-27.4198329992274,0.0 -51.7872011,-27.4199044992274,0.0 -51.7872727,-27.4199435992274,0.0 -51.7874256,-27.4200310992274,0.0 -51.7875954,-27.4201330992274,0.0 -51.7878725,-27.4203058992274,0.0 -51.7882509,-27.4205488992274,0.0 -51.7885191,-27.4207259992274,0.0 -51.7886858,-27.4208401992274,0.0 -51.7888404,-27.4209510992274,0.0 -51.7889824,-27.4210593992274,0.0 -51.7891175,-27.4211694992274,0.0 -51.7892531,-27.4212869992274,0.0 -51.7893965,-27.4214171992274,0.0 -51.7899029,-27.4218941992274,0.0 -51.7900907,-27.4220682992274,0.0 -51.7901867,-27.4221556992274,0.0 -51.79038,-27.4223282992274,0.0 -51.7905702,-27.4224949992274,0.0 -51.7910688,-27.4229227992274,0.0 -51.7912029,-27.4230407992274,0.0 -51.7912642,-27.4230968992274,0.0 -51.7913219,-27.4231516992274,0.0 -51.791376,-27.4232056992274,0.0 -51.7914266,-27.4232592992274,0.0 -51.791474,-27.4233128992274,0.0 -51.7915185,-27.4233670992273,0.0 -51.7915604,-27.4234221992273,0.0 -51.7915998,-27.4234786992273,0.0 -51.791637,-27.4235371992273,0.0 -51.7916724,-27.4235978992273,0.0 -51.7917061,-27.4236614992274,0.0 -51.7917383,-27.4237279992273,0.0 -51.7917691,-27.4237972992273,0.0 -51.7917985,-27.4238683992273,0.0 -51.7918262,-27.4239409992273,0.0 -51.7918523,-27.4240142992273,0.0 -51.7918994,-27.4241607992273,0.0 -51.7919393,-27.4243028992273,0.0 -51.7919565,-27.4243712992273,0.0 -51.7919854,-27.4245025992273,0.0 -51.7920071,-27.4246258992273,0.0 -51.7920153,-27.4246843992273,0.0 -51.7920266,-27.4247948992273,0.0 -51.7920297,-27.4248470992273,0.0 -51.792031,-27.4248978992273,0.0 -51.7920307,-27.4249474992273,0.0 -51.7920285,-27.4249962992273,0.0 -51.7920247,-27.4250446992273,0.0 -51.7920191,-27.4250929992273,0.0 -51.7920117,-27.4251415992273,0.0 -51.7920024,-27.4251909992273,0.0 -51.7919911,-27.4252418992273,0.0 -51.7919773,-27.4252950992273,0.0 -51.7919608,-27.4253514992273,0.0 -51.7919412,-27.4254116992273,0.0 -51.7919182,-27.4254767992273,0.0 -51.7918915,-27.4255473992273,0.0 -51.7918257,-27.4257080992273,0.0 -51.7917539,-27.4258716992273,0.0 -51.7917028,-27.4259880992273,0.0 -51.7914505,-27.4265467992273,0.0 -51.7913785,-27.4267025992273,0.0 -51.7913437,-27.4267739992273,0.0 -51.7913092,-27.4268411992273,0.0 -51.7912745,-27.4269041992273,0.0 -51.7912393,-27.4269629992273,0.0 -51.7912032,-27.4270177992273,0.0 -51.7911662,-27.4270684992273,0.0 -51.7911283,-27.4271151992273,0.0 -51.7910895,-27.4271578992273,0.0 -51.79105,-27.4271965992273,0.0 -51.7910098,-27.4272314992273,0.0 -51.7909689,-27.4272625992273,0.0 -51.7909273,-27.4272897992273,0.0 -51.7908852,-27.4273132992273,0.0 -51.7908424,-27.4273331992273,0.0 -51.7907991,-27.4273497992273,0.0 -51.7907551,-27.4273631992273,0.0 -51.7907105,-27.4273735992273,0.0 -51.7906652,-27.4273812992273,0.0 -51.7906193,-27.4273863992273,0.0 -51.7905727,-27.4273890992273,0.0 -51.7905255,-27.4273895992273,0.0 -51.7904777,-27.4273879992273,0.0 -51.7904295,-27.4273840992273,0.0 -51.790381,-27.4273779992273,0.0 -51.7903322,-27.4273697992273,0.0 -51.7902834,-27.4273591992273,0.0 -51.7902346,-27.4273464992273,0.0 -51.790186,-27.4273314992273,0.0 -51.7901374,-27.4273141992273,0.0 -51.7900377,-27.4272731992273,0.0 -51.7897337,-27.4271347992273,0.0 -51.7895748,-27.4270667992273,0.0 -51.7894882,-27.4270313992273,0.0 -51.789306,-27.4269598992273,0.0 -51.7891189,-27.4268908992273,0.0 -51.7890261,-27.4268584992273,0.0 -51.7888461,-27.4267997992273,0.0 -51.7886743,-27.4267484992273,0.0 -51.7885113,-27.4267035992273,0.0 -51.7882844,-27.4266457992273,0.0 -51.7880803,-27.4265977992273,0.0 -51.7879011,-27.4265589992273,0.0 -51.7877482,-27.4265292992273,0.0 -51.7876561,-27.4265146992273,0.0 -51.787611,-27.4265089992273,0.0 -51.7875194,-27.4265012992273,0.0 -51.7874218,-27.4264985992273,0.0 -51.7873699,-27.4264993992273,0.0 -51.7873162,-27.4265018992273,0.0 -51.787261,-27.4265063992273,0.0 -51.7872044,-27.4265131992273,0.0 -51.7871468,-27.4265223992273,0.0 -51.7870884,-27.4265343992273,0.0 -51.7870293,-27.4265492992273,0.0 -51.7869698,-27.4265672992273,0.0 -51.78691,-27.4265881992273,0.0 -51.7868502,-27.4266118992273,0.0 -51.7867904,-27.4266379992273,0.0 -51.7867307,-27.4266663992273,0.0 -51.7866713,-27.4266966992273,0.0 -51.7866124,-27.4267287992273,0.0 -51.7864961,-27.4267971992273,0.0 -51.786438,-27.4268339992273,0.0 -51.7863789,-27.4268732992273,0.0 -51.7863177,-27.4269157992273,0.0 -51.7862537,-27.4269620992273,0.0 -51.7861135,-27.4270685992273,0.0 -51.7860354,-27.4271300992273,0.0 -51.7858609,-27.4272714992273,0.0 -51.7853901,-27.4276703992273,0.0 -51.785221,-27.4278164992273,0.0 -51.7848598,-27.4281363992273,0.0 -51.7844318,-27.4285225992273,0.0 -51.7842615,-27.4286773992273,0.0 -51.7834492,-27.4294218992272,0.0 -51.7831547,-27.4296989992272,0.0 -51.7829741,-27.4298728992272,0.0 -51.7828026,-27.4300418992272,0.0 -51.7825284,-27.4303238992272,0.0 -51.782402,-27.4304573992272,0.0 -51.78212,-27.4307610992272,0.0 -51.7819242,-27.4309736992272,0.0 -51.7816892,-27.4312347992272,0.0 -51.7816019,-27.4313338992272,0.0 -51.7815155,-27.4314354992272,0.0 -51.7814255,-27.4315441992272,0.0 -51.7813313,-27.4316611992272,0.0 -51.7812324,-27.4317871992272,0.0 -51.7811297,-27.4319211992272,0.0 -51.7810242,-27.4320615992272,0.0 -51.7808085,-27.4323551992272,0.0 -51.7805934,-27.4326550992272,0.0 -51.7803868,-27.4329488992272,0.0 -51.7801858,-27.4332382992272,0.0 -51.7798265,-27.4337553992272,0.0 -51.7797389,-27.4338789992272,0.0 -51.7795668,-27.4341167992272,0.0 -51.779444,-27.4342810992271,0.0 -51.7793297,-27.4344318992271,0.0 -51.7791604,-27.4346555992271,0.0 -51.7790103,-27.4348480992271,0.0 -51.7786054,-27.4353609992271,0.0 -51.7784245,-27.4355949992271,0.0 -51.7779058,-27.4362799992271,0.0 -51.7777987,-27.4364260992271,0.0 -51.7777523,-27.4364950992271,0.0 -51.7777114,-27.4365610992271,0.0 -51.7776924,-27.4365940992271,0.0 -51.777656,-27.4366620992271,0.0 -51.7775688,-27.4368586992271,0.0 -51.7775118,-27.4370011992271,0.0 -51.7774352,-27.4372013992271,0.0 -51.7773684,-27.4373806992271,0.0 -51.7772224,-27.4377631992271,0.0 -51.7770468,-27.4382142992271,0.0 -51.7769856,-27.4383814992271,0.0 -51.7769263,-27.4385500992271,0.0 -51.7768708,-27.4387140992271,0.0 -51.7768211,-27.4388671992271,0.0 -51.7767784,-27.439005099227,0.0 -51.7766725,-27.4393708992271,0.0 -51.7766363,-27.439497599227,0.0 -51.7765814,-27.439703399227,0.0 -51.7765454,-27.439857799227,0.0 -51.776528,-27.439941499227,0.0 -51.7764947,-27.440122399227,0.0 -51.7764133,-27.440618399227,0.0 -51.7763782,-27.440817499227,0.0 -51.7763414,-27.441010099227,0.0 -51.7763191,-27.441121799227,0.0 -51.7763098,-27.441168699227,0.0 -51.7762683,-27.441376799227,0.0 -51.776253,-27.441453699227,0.0 -51.7762129,-27.441678399227,0.0 -51.7762015,-27.441747899227,0.0 -51.7761661,-27.441995999227,0.0 -51.7761583,-27.442086399227,0.0 -51.7761572,-27.442127299227,0.0 -51.7761582,-27.442167299227,0.0 -51.7761617,-27.442207999227,0.0 -51.7761678,-27.442250899227,0.0 -51.7761768,-27.442297499227,0.0 -51.776189,-27.442349399227,0.0 -51.7762044,-27.442407599227,0.0 -51.7762438,-27.442538999227,0.0 -51.7762918,-27.442681799227,0.0 -51.7763449,-27.442825599227,0.0 -51.7763725,-27.442894499227,0.0 -51.776428,-27.443022699227,0.0 -51.7764849,-27.443140699227,0.0 -51.7765443,-27.443253199227,0.0 -51.7766406,-27.443421599227,0.0 -51.7767473,-27.443596099227,0.0 -51.7768241,-27.443714699227,0.0 -51.7769053,-27.443833799227,0.0 -51.7769906,-27.443952099227,0.0 -51.7770784,-27.444066999227,0.0 -51.7771671,-27.444175599227,0.0 -51.7772551,-27.444274899227,0.0 -51.7772982,-27.444320199227,0.0 -51.7773828,-27.4444027992269,0.0 -51.7774653,-27.4444763992269,0.0 -51.7775458,-27.444542799227,0.0 -51.7776638,-27.444633399227,0.0 -51.7777413,-27.4446885992269,0.0 -51.777819,-27.4447392992269,0.0 -51.7778976,-27.444785399227,0.0 -51.7779375,-27.4448065992269,0.0 -51.7780186,-27.4448459992269,0.0 -51.7781017,-27.4448818992269,0.0 -51.778187,-27.4449153992269,0.0 -51.7783194,-27.4449628992269,0.0 -51.7784108,-27.4449916992269,0.0 -51.7784829,-27.4450106992269,0.0 -51.7785532,-27.4450269992269,0.0 -51.7786022,-27.4450358992269,0.0 -51.7786519,-27.4450431992269,0.0 -51.7787023,-27.4450487992269,0.0 -51.778753,-27.4450527992269,0.0 -51.778804,-27.4450552992269,0.0 -51.7789058,-27.4450561992269,0.0 -51.7789563,-27.4450546992269,0.0 -51.7790556,-27.4450483992269,0.0 -51.7791041,-27.4450437992269,0.0 -51.7791986,-27.4450316992269,0.0 -51.7792897,-27.4450165992269,0.0 -51.779377,-27.4449988992269,0.0 -51.7794607,-27.4449790992269,0.0 -51.7795433,-27.4449559992269,0.0 -51.7796278,-27.4449281992269,0.0 -51.7796718,-27.4449121992269,0.0 -51.7797649,-27.4448747992269,0.0 -51.7798148,-27.4448530992269,0.0 -51.7799233,-27.4448030992269,0.0 -51.7800458,-27.4447430992269,0.0 -51.7801853,-27.4446718992269,0.0 -51.7803431,-27.444588899227,0.0 -51.7805134,-27.444496699227,0.0 -51.7806889,-27.444398999227,0.0 -51.780862,-27.444298999227,0.0 -51.7809455,-27.444249199227,0.0 -51.7811057,-27.444150199227,0.0 -51.7811825,-27.444100699227,0.0 -51.7813302,-27.444001399227,0.0 -51.7814013,-27.443951499227,0.0 -51.7815386,-27.443850299227,0.0 -51.7816708,-27.443746499227,0.0 -51.7817358,-27.443693299227,0.0 -51.7818652,-27.443583299227,0.0 -51.7820627,-27.443406999227,0.0 -51.7821988,-27.443281299227,0.0 -51.7823384,-27.443149999227,0.0 -51.7828469,-27.442665299227,0.0 -51.7831177,-27.442402699227,0.0 -51.7832354,-27.442285799227,0.0 -51.7834325,-27.442084299227,0.0 -51.7834626,-27.442052999227,0.0 -51.7836604,-27.441844699227,0.0 -51.7837917,-27.441700999227,0.0 -51.7839035,-27.441572299227,0.0 -51.7840018,-27.441458999227,0.0 -51.7841427,-27.441292899227,0.0 -51.7844106,-27.440970899227,0.0 -51.7845663,-27.440781199227,0.0 -51.7847188,-27.440590699227,0.0 -51.7850132,-27.440209699227,0.0 -51.785151,-27.440034899227,0.0 -51.7852378,-27.439928599227,0.0 -51.785463,-27.439657399227,0.0 -51.7856765,-27.439393199227,0.0 -51.7857425,-27.439316999227,0.0 -51.7857872,-27.439270799227,0.0 -51.7858348,-27.439227199227,0.0 -51.7858604,-27.439205999227,0.0 -51.7859154,-27.439164199227,0.0 -51.786008,-27.4391011992271,0.0 -51.7861133,-27.4390346992271,0.0 -51.7862316,-27.4389633992271,0.0 -51.7863629,-27.4388885992271,0.0 -51.7864578,-27.4388374992271,0.0 -51.7866092,-27.4387603992271,0.0 -51.786873,-27.4386326992271,0.0 -51.7869806,-27.4385823992271,0.0 -51.7870934,-27.4385318992271,0.0 -51.7872148,-27.4384805992271,0.0 -51.78728,-27.4384543992271,0.0 -51.7873486,-27.4384277992271,0.0 -51.7874975,-27.4383724992271,0.0 -51.7877835,-27.4382720992271,0.0 -51.7879294,-27.4382216992271,0.0 -51.7882757,-27.4381037992271,0.0 -51.7884984,-27.4380293992271,0.0 -51.7887092,-27.4379606992271,0.0 -51.7888949,-27.4379025992271,0.0 -51.7892568,-27.4377957992271,0.0 -51.7893533,-27.4377658992271,0.0 -51.789512,-27.4377130992271,0.0 -51.78965,-27.4376625992271,0.0 -51.7898038,-27.4376031992271,0.0 -51.7899801,-27.4375326992271,0.0 -51.7902898,-27.4374057992271,0.0 -51.7905102,-27.4373136992271,0.0 -51.7908279,-27.4371780992271,0.0 -51.7913346,-27.4369544992271,0.0 -51.7914782,-27.4368931992271,0.0 -51.7915482,-27.4368643992271,0.0 -51.7916872,-27.4368099992271,0.0 -51.7919008,-27.4367321992271,0.0 -51.7921325,-27.4366535992271,0.0 -51.7922984,-27.4366000992271,0.0 -51.7924674,-27.4365485992271,0.0 -51.7926331,-27.4365017992271,0.0 -51.7927897,-27.4364624992271,0.0 -51.7929377,-27.4364309992271,0.0 -51.793084,-27.4364049992271,0.0 -51.793131,-27.4363977992271,0.0 -51.7937648,-27.4363117992271,0.0 -51.793961,-27.4362831992271,0.0 -51.794061,-27.4362673992271,0.0 -51.7941618,-27.4362501992271,0.0 -51.7943648,-27.4362124992271,0.0 -51.7945687,-27.4361706992271,0.0 -51.794772,-27.4361255992271,0.0 -51.7951196,-27.4360405992271,0.0 -51.7954288,-27.4359614992271,0.0 -51.7958939,-27.4358367992271,0.0 -51.7963555,-27.4357121992271,0.0 -51.7966876,-27.4356264992271,0.0 -51.7970097,-27.4355474992271,0.0 -51.7977586,-27.4353695992271,0.0 -51.7979746,-27.4353153992271,0.0 -51.7980819,-27.4352869992271,0.0 -51.798294,-27.4352269992271,0.0 -51.7985013,-27.4351625992271,0.0 -51.7987031,-27.4350954992271,0.0 -51.7991819,-27.4349317992271,0.0 -51.7993642,-27.4348720992271,0.0 -51.7999163,-27.4346948992271,0.0 -51.8003094,-27.4345651992271,0.0 -51.8005252,-27.4344921992271,0.0 -51.8010198,-27.4343214992271,0.0 -51.8012115,-27.4342533992271,0.0 -51.8016616,-27.4340901992271,0.0 -51.8018205,-27.4340284992272,0.0 -51.8018966,-27.4339974992271,0.0 -51.8020427,-27.4339341992271,0.0 -51.8021826,-27.4338676992272,0.0 -51.8023197,-27.4337964992272,0.0 -51.802458,-27.4337189992272,0.0 -51.8025288,-27.4336773992272,0.0 -51.8026761,-27.4335877992272,0.0 -51.8028319,-27.4334883992272,0.0 -51.8029136,-27.4334333992272,0.0 -51.8030795,-27.4333190992272,0.0 -51.8031654,-27.4332567992272,0.0 -51.8032526,-27.4331913992272,0.0 -51.8033412,-27.4331228992272,0.0 -51.8035205,-27.4329787992272,0.0 -51.8037181,-27.4328143992272,0.0 -51.804219,-27.4323900992272,0.0 -51.8043561,-27.4322715992272,0.0 -51.8044927,-27.4321484992272,0.0 -51.8045557,-27.4320890992272,0.0 -51.8046149,-27.4320308992272,0.0 -51.8046704,-27.4319738992272,0.0 -51.8047225,-27.4319179992272,0.0 -51.8047712,-27.4318630992272,0.0 -51.8048168,-27.4318090992272,0.0 -51.8048595,-27.4317558992272,0.0 -51.8048995,-27.4317034992272,0.0 -51.804937,-27.4316516992272,0.0 -51.8049721,-27.4316004992272,0.0 -51.8050051,-27.4315495992272,0.0 -51.8050657,-27.4314484992272,0.0 -51.8051208,-27.4313472992272,0.0 -51.8051722,-27.4312447992272,0.0 -51.8052212,-27.4311393992272,0.0 -51.8052446,-27.4310846992272,0.0 -51.805267,-27.4310281992272,0.0 -51.8052883,-27.4309693992272,0.0 -51.8053083,-27.4309079992272,0.0 -51.8053267,-27.4308434992272,0.0 -51.8053435,-27.4307755992272,0.0 -51.8053584,-27.4307039992272,0.0 -51.8053717,-27.4306294992272,0.0 -51.8053834,-27.4305531992272,0.0 -51.8054024,-27.4303991992272,0.0 -51.8054167,-27.4302500992272,0.0 -51.8054273,-27.4301138992272,0.0 -51.8054374,-27.4299389992272,0.0 -51.8054403,-27.4298391992272,0.0 -51.8054396,-27.4297095992272,0.0 -51.8054356,-27.4296339992272,0.0 -51.8054282,-27.4295651992272,0.0 -51.8054173,-27.4295017992272,0.0 -51.8054023,-27.4294424992272,0.0 -51.8053827,-27.4293853992272,0.0 -51.805371,-27.4293570992272,0.0 -51.805343,-27.4292996992272,0.0 -51.8053086,-27.4292397992272,0.0 -51.8052663,-27.4291748992272,0.0 -51.8052129,-27.4291012992272,0.0 -51.8051445,-27.4290144992272,0.0 -51.8051035,-27.4289648992272,0.0 -51.8049494,-27.4287865992272,0.0 -51.8048255,-27.4286483992273,0.0 -51.8046927,-27.4285028992273,0.0 -51.8045578,-27.4283573992273,0.0 -51.8044262,-27.4282178992273,0.0 -51.8042986,-27.4280860992273,0.0 -51.8042361,-27.4280231992273,0.0 -51.804113,-27.4279039992273,0.0 -51.8040523,-27.4278476992273,0.0 -51.8039313,-27.4277408992273,0.0 -51.8038695,-27.4276888992273,0.0 -51.8037395,-27.4275832992273,0.0 -51.8034324,-27.4273420992273,0.0 -51.8031547,-27.4271264992273,0.0 -51.8029592,-27.4269776992273,0.0 -51.8028614,-27.4269045992273,0.0 -51.8027648,-27.4268337992273,0.0 -51.8025784,-27.4267009992273,0.0 -51.8024027,-27.4265797992273,0.0 -51.8020209,-27.4263208992273,0.0 -51.8018054,-27.4261700992273,0.0 -51.8014309,-27.4259004992273,0.0 -51.8012085,-27.4257353992273,0.0 -51.8010617,-27.4256217992273,0.0 -51.8009909,-27.4255649992273,0.0 -51.8008574,-27.4254528992273,0.0 -51.8007946,-27.4253981992273,0.0 -51.8006768,-27.4252921992273,0.0 -51.800425,-27.4250571992273,0.0 -51.8003399,-27.4249741992273,0.0 -51.8003004,-27.4249335992273,0.0 -51.8002626,-27.4248927992273,0.0 -51.8002265,-27.4248515992273,0.0 -51.8001921,-27.4248093992273,0.0 -51.8001592,-27.4247658992273,0.0 -51.8001277,-27.4247209992273,0.0 -51.8000976,-27.4246748992273,0.0 -51.8000686,-27.4246274992273,0.0 -51.8000408,-27.4245790992273,0.0 -51.7999882,-27.4244788992273,0.0 -51.7999633,-27.4244272992273,0.0 -51.7999155,-27.4243217992273,0.0 -51.7998855,-27.4242490992273,0.0 -51.7997489,-27.4238989992273,0.0 -51.799713,-27.4237988992273,0.0 -51.7996802,-27.4236999992273,0.0 -51.7996513,-27.4236011992273,0.0 -51.7996268,-27.4235016992273,0.0 -51.7996066,-27.4234025992273,0.0 -51.7995905,-27.4233054992274,0.0 -51.7995783,-27.4232119992274,0.0 -51.7995667,-27.4230801992274,0.0 -51.7995631,-27.4229970992274,0.0 -51.799563,-27.4228773992274,0.0 -51.7995686,-27.4227618992274,0.0 -51.7995758,-27.4226882992274,0.0 -51.799586,-27.4226185992274,0.0 -51.7995995,-27.4225536992274,0.0 -51.799616,-27.4224935992274,0.0 -51.7996451,-27.4224095992274,0.0 -51.7996778,-27.4223294992274,0.0 -51.7997129,-27.4222515992274,0.0 -51.7997512,-27.4221782992274,0.0 -51.7997787,-27.4221331992274,0.0 -51.799808,-27.4220912992274,0.0 -51.7998549,-27.4220326992274,0.0 -51.7999049,-27.4219769992274,0.0 -51.7999609,-27.4219206992274,0.0 -51.8000304,-27.4218591992274,0.0 -51.8000884,-27.4218128992274,0.0 -51.8001561,-27.4217618992274,0.0 -51.8002721,-27.4216782992274,0.0 -51.8004427,-27.4215589992274,0.0 -51.8005737,-27.4214709992274,0.0 -51.8006584,-27.4214175992274,0.0 -51.8007386,-27.4213711992274,0.0 -51.8007772,-27.4213507992274,0.0 -51.8008543,-27.4213134992274,0.0 -51.8008939,-27.4212959992274,0.0 -51.8009782,-27.4212611992274,0.0 -51.8011785,-27.4211849992274,0.0 -51.801406,-27.4211044992274,0.0 -51.8015751,-27.4210488992274,0.0 -51.8017313,-27.4210020992274,0.0 -51.8018246,-27.4209771992274,0.0 -51.801867,-27.4209669992274,0.0 -51.8019441,-27.4209513992274,0.0 -51.8019806,-27.4209456992274,0.0 -51.8020173,-27.4209413992274,0.0 -51.8020956,-27.4209360992274,0.0 -51.8021393,-27.4209349992274,0.0 -51.8022411,-27.4209350992274,0.0 -51.8023629,-27.4209375992274,0.0 -51.802724,-27.4209478992274,0.0 -51.8031783,-27.4209574992274,0.0 -51.8033753,-27.4209633992274,0.0 -51.8034884,-27.4209688992274,0.0 -51.8035898,-27.4209767992274,0.0 -51.8036826,-27.4209877992274,0.0 -51.8037269,-27.4209946992274,0.0 -51.8038131,-27.4210117992274,0.0 -51.8038993,-27.4210337992274,0.0 -51.8039895,-27.4210609992274,0.0 -51.8040873,-27.4210940992274,0.0 -51.8041972,-27.4211335992274,0.0 -51.8046646,-27.4213069992274,0.0 -51.8050085,-27.4214315992274,0.0 -51.8052685,-27.4215232992274,0.0 -51.8055407,-27.4216164992274,0.0 -51.8058143,-27.4217066992274,0.0 -51.8060819,-27.4217913992274,0.0 -51.8063392,-27.4218703992274,0.0 -51.8070115,-27.4220737992274,0.0 -51.8072846,-27.4221590992274,0.0 -51.807446,-27.4222115992274,0.0 -51.8075926,-27.4222616992274,0.0 -51.8077252,-27.4223096992274,0.0 -51.807845,-27.4223559992274,0.0 -51.8079527,-27.4224008992274,0.0 -51.8080024,-27.4224228992274,0.0 -51.8080942,-27.4224663992274,0.0 -51.8081368,-27.4224878992274,0.0 -51.8082162,-27.4225305992274,0.0 -51.8083238,-27.4225941992274,0.0 -51.8083899,-27.4226365992274,0.0 -51.8084525,-27.4226788992274,0.0 -51.8085421,-27.4227421992274,0.0 -51.8086276,-27.4228046992274,0.0 -51.8087277,-27.4228822992274,0.0 -51.8087679,-27.4229167992274,0.0 -51.8088009,-27.4229482992274,0.0 -51.8088402,-27.4229928992274,0.0 -51.8088618,-27.4230225992274,0.0 -51.8088814,-27.4230536992274,0.0 -51.8089709,-27.4232172992274,0.0 -51.8090333,-27.4233270992274,0.0 -51.8091373,-27.4235061992273,0.0 -51.8092036,-27.4236140992274,0.0 -51.8092589,-27.4236986992273,0.0 -51.8092975,-27.4237542992273,0.0 -51.8093573,-27.4238341992273,0.0 -51.8093979,-27.4238841992273,0.0 -51.8094386,-27.4239309992273,0.0 -51.8094999,-27.4239948992273,0.0 -51.8095414,-27.4240349992273,0.0 -51.8096971,-27.4241803992273,0.0 -51.8097911,-27.4242707992273,0.0 -51.8100503,-27.4245316992273,0.0 -51.8101479,-27.4246325992273,0.0 -51.8102212,-27.4247134992273,0.0 -51.8102914,-27.4247954992273,0.0 -51.810454,-27.4249976992273,0.0 -51.8105356,-27.4251005992273,0.0 -51.8106065,-27.4251853992273,0.0 -51.8106572,-27.4252428992273,0.0 -51.8107351,-27.4253247992273,0.0 -51.8107872,-27.4253750992273,0.0 -51.810839,-27.4254212992273,0.0 -51.8108902,-27.4254631992273,0.0 -51.8109404,-27.4255002992273,0.0 -51.8110121,-27.4255470992273,0.0 -51.8110775,-27.4255832992273,0.0 -51.8111172,-27.4256016992273,0.0 -51.811137,-27.4256095992273,0.0 -51.8111793,-27.4256236992273,0.0 -51.8112578,-27.4256433992273,0.0 -51.8113628,-27.4256646992273,0.0 -51.8116803,-27.4257236992273,0.0 -51.8117597,-27.4257419992273,0.0 -51.8118467,-27.4257662992273,0.0 -51.8119465,-27.4257996992273,0.0 -51.8120031,-27.4258207992273,0.0 -51.8121348,-27.4258744992273,0.0 -51.8122977,-27.4259470992273,0.0 -51.8125,-27.4260430992273,0.0 -51.8125157,-27.4260513992273,0.0 -51.813752,-27.4272348992273,0.0 -51.814644,-27.4278774992273,0.0 -51.8151965,-27.4283149992273,0.0 -51.8155578,-27.4285836992273,0.0 -51.8161108,-27.4289316992272,0.0 -51.8170762,-27.4294448992272,0.0 -51.8179661,-27.4296714992272,0.0 -51.8194764,-27.4298951992272,0.0 -51.8204752,-27.4300485992272,0.0 -51.8215292,-27.4301829992272,0.0 -51.8224183,-27.4303032992272,0.0 -51.8232941,-27.4304395992272,0.0 -51.8238968,-27.4306484992272,0.0 -51.8249692,-27.4310111992272,0.0 -51.8256867,-27.4313497992272,0.0 -51.8267563,-27.4318969992272,0.0 -51.8272514,-27.4322117992272,0.0 -51.828419,-27.4330233992272,0.0 -51.8293728,-27.4335820992272,0.0 -51.8304452,-27.4342050992271,0.0 -51.8309491,-27.4345387992271,0.0 -51.8311048,-27.4346553992271,0.0 -51.8314614,-27.4348528992271,0.0 -51.8323925,-27.4354805992271,0.0 -51.8337257,-27.4366084992271,0.0 -51.8342026,-27.4371059992271,0.0 -51.8345151,-27.4376926992271,0.0 -51.8347738,-27.4382346992271,0.0 -51.8351797,-27.4389246992271,0.0 -51.8355855,-27.439614699227,0.0 -51.8362171,-27.440735399227,0.0 -51.8367825,-27.441717599227,0.0 -51.8371207,-27.442505799227,0.0 -51.8375058,-27.443280099227,0.0 -51.8379429,-27.444552499227,0.0 -51.8381596,-27.4455506992269,0.0 -51.8383386,-27.4463533992269,0.0 -51.8384544,-27.4469957992269,0.0 -51.8385567,-27.4476876992269,0.0 -51.8386172,-27.4483534992269,0.0 -51.8385867,-27.4493729992269,0.0 -51.8386512,-27.4502159992268,0.0 -51.8386437,-27.4509664992268,0.0 -51.8387061,-27.4518480992268,0.0 -51.8388153,-27.4525337992268,0.0 -51.8389172,-27.4531576992268,0.0 -51.8391088,-27.4537965992268,0.0 -51.8392945,-27.4543643992268,0.0 -51.8396485,-27.4552382992267,0.0 -51.8401008,-27.4563361992267,0.0 -51.8405931,-27.4574237992267,0.0 -51.8408584,-27.4580986992267,0.0 -51.8408994,-27.4583367992267,0.0 -51.8410299,-27.4586101992267,0.0 -51.8413792,-27.4593391992267,0.0 -51.8415413,-27.4596737992267,0.0 -51.8417145,-27.4600268992267,0.0 -51.8418432,-27.4602839992267,0.0 -51.8419541,-27.4604997992266,0.0 -51.8420535,-27.4606868992266,0.0 -51.8421473,-27.4608576992266,0.0 -51.8422407,-27.4610226992266,0.0 -51.8423352,-27.4611840992266,0.0 -51.842431,-27.4613421992266,0.0 -51.8425286,-27.4614971992266,0.0 -51.8426282,-27.4616492992266,0.0 -51.8427304,-27.4617988992266,0.0 -51.8428353,-27.4619461992266,0.0 -51.8429435,-27.4620912992266,0.0 -51.8430551,-27.4622343992266,0.0 -51.8431694,-27.4623746992266,0.0 -51.8432856,-27.4625110992266,0.0 -51.8434029,-27.4626426992266,0.0 -51.8435203,-27.4627684992266,0.0 -51.8436371,-27.4628873992266,0.0 -51.8437524,-27.4629984992266,0.0 -51.8438654,-27.4631006992266,0.0 -51.8439754,-27.4631934992266,0.0 -51.8440826,-27.4632775992266,0.0 -51.8441874,-27.4633539992266,0.0 -51.8442482,-27.4633953992266,0.0 -51.8442596,-27.4634027992266,0.0 -51.8443917,-27.4634886992266,0.0 -51.844492,-27.4635491992266,0.0 -51.8445917,-27.4636064992266,0.0 -51.844691,-27.4636617992266,0.0 -51.8447905,-27.4637160992266,0.0 -51.8448902,-27.4637690992266,0.0 -51.8449903,-27.4638204992266,0.0 -51.845091,-27.4638699992266,0.0 -51.8451922,-27.4639170992266,0.0 -51.8452943,-27.4639615992266,0.0 -51.8453971,-27.4640030992266,0.0 -51.845501,-27.4640411992266,0.0 -51.8456059,-27.4640754992266,0.0 -51.8457114,-27.4641061992266,0.0 -51.8458172,-27.4641330992266,0.0 -51.8459227,-27.4641561992266,0.0 -51.8460275,-27.4641755992266,0.0 -51.8461312,-27.4641911992266,0.0 -51.8462334,-27.4642030992266,0.0 -51.8463335,-27.4642112992266,0.0 -51.8464313,-27.4642157992266,0.0 -51.8465266,-27.4642164992266,0.0 -51.8466195,-27.4642135992266,0.0 -51.8467099,-27.4642068992266,0.0 -51.8467978,-27.4641965992266,0.0 -51.8468833,-27.4641826992266,0.0 -51.8469664,-27.4641650992266,0.0 -51.847047,-27.4641439992266,0.0 -51.8471252,-27.4641190992266,0.0 -51.8472017,-27.4640901992266,0.0 -51.8472771,-27.4640566992266,0.0 -51.8473519,-27.4640181992266,0.0 -51.847427,-27.4639740992266,0.0 -51.8475029,-27.4639239992266,0.0 -51.8475804,-27.4638672992266,0.0 -51.8476601,-27.4638035992266,0.0 -51.8477425,-27.4637325992266,0.0 -51.8478278,-27.4636539992266,0.0 -51.8479161,-27.4635681992266,0.0 -51.8480075,-27.4634749992266,0.0 -51.8481019,-27.4633746992266,0.0 -51.8481996,-27.4632671992266,0.0 -51.8483005,-27.4631526992266,0.0 -51.8484047,-27.4630312992266,0.0 -51.8485123,-27.4629029992266,0.0 -51.848623,-27.4627682992266,0.0 -51.8487367,-27.4626276992266,0.0 -51.8488532,-27.4624814992266,0.0 -51.8489722,-27.4623302992266,0.0 -51.8490935,-27.4621743992266,0.0 -51.849217,-27.4620144992266,0.0 -51.8493424,-27.4618507992266,0.0 -51.8494695,-27.4616837992266,0.0 -51.8495981,-27.4615133992266,0.0 -51.8497279,-27.4613395992266,0.0 -51.8498587,-27.4611621992266,0.0 -51.8499904,-27.4609810992266,0.0 -51.8501226,-27.4607960992266,0.0 -51.8502551,-27.4606072992266,0.0 -51.8503876,-27.4604143992267,0.0 -51.8505201,-27.4602166992267,0.0 -51.8506526,-27.4600102992267,0.0 -51.8507852,-27.4597906992267,0.0 -51.850918,-27.4595533992267,0.0 -51.8510512,-27.4592937992267,0.0 -51.8511848,-27.4590074992267,0.0 -51.8513191,-27.4586899992267,0.0 -51.8514542,-27.4583365992267,0.0 -51.8516941,-27.4577657992267,0.0 -51.8518929,-27.4570514992267,0.0 -51.8521227,-27.4557614992267,0.0 -51.8522279,-27.4547993992268,0.0 -51.8522903,-27.4540136992268,0.0 -51.8524555,-27.4515214992268,0.0 -51.8525096,-27.4496351992269,0.0 -51.8525433,-27.4490800992269,0.0 -51.8526059,-27.4485822992269,0.0 -51.8528395,-27.4478582992269,0.0 -51.8531683,-27.4473059992269,0.0 -51.8536992,-27.4465492992269,0.0 -51.8543415,-27.4457366992269,0.0 -51.8547744,-27.4452362992269,0.0 -51.8551123,-27.4448973992269,0.0 -51.855444,-27.4446495992269,0.0 -51.8560274,-27.4443683992269,0.0 -51.8570377,-27.443910599227,0.0 -51.8574435,-27.443762499227,0.0 -51.8584468,-27.443468799227,0.0 -51.859222,-27.443442899227,0.0 -51.8595936,-27.443460799227,0.0 -51.8608186,-27.443571499227,0.0 -51.8615605,-27.443830799227,0.0 -51.8627808,-27.444405599227,0.0 -51.8642807,-27.4451005992269,0.0 -51.8652794,-27.4456378992269,0.0 -51.8665319,-27.4464506992269,0.0 -51.8668456,-27.4467154992269,0.0 -51.8674555,-27.4472301992269,0.0 -51.8680654,-27.4477449992269,0.0 -51.8684788,-27.4481012992269,0.0 -51.8693667,-27.4489825992269,0.0 -51.8699707,-27.4496313992269,0.0 -51.8709683,-27.4506593992268,0.0 -51.8717852,-27.4515755992268,0.0 -51.8726051,-27.4523676992268,0.0 -51.8735652,-27.4531982992268,0.0 -51.874501,-27.4538923992268,0.0 -51.875,-27.4542181992268,0.0 -51.8751799,-27.4543579992268,0.0 -51.87535,-27.4544719992268,0.0 -51.8755119,-27.4545784992268,0.0 -51.8756987,-27.4546979992268,0.0 -51.8758188,-27.4547731992268,0.0 -51.8759674,-27.4548636992268,0.0 -51.8761151,-27.4549510992268,0.0 -51.8761895,-27.4549937992267,0.0 -51.8762639,-27.4550364992268,0.0 -51.876415,-27.4551205992267,0.0 -51.8765682,-27.4552034992267,0.0 -51.8767228,-27.4552844992267,0.0 -51.8768782,-27.4553634992267,0.0 -51.8770337,-27.4554397992267,0.0 -51.8771886,-27.4555131992267,0.0 -51.8773422,-27.4555830992267,0.0 -51.8774938,-27.4556492992267,0.0 -51.8776429,-27.4557112992267,0.0 -51.8777892,-27.4557693992267,0.0 -51.8779325,-27.4558237992267,0.0 -51.8780728,-27.4558747992267,0.0 -51.8782098,-27.4559226992267,0.0 -51.8783435,-27.4559677992267,0.0 -51.8784736,-27.4560103992267,0.0 -51.8786001,-27.4560505992267,0.0 -51.8787228,-27.4560888992267,0.0 -51.8788418,-27.4561251992267,0.0 -51.8789573,-27.4561595992267,0.0 -51.8790693,-27.4561922992267,0.0 -51.879178,-27.4562232992267,0.0 -51.8793862,-27.4562802992267,0.0 -51.8795339,-27.4563185992267,0.0 -51.8795828,-27.4563312992267,0.0 -51.8796768,-27.4563544992267,0.0 -51.8797679,-27.4563757992267,0.0 -51.8798559,-27.4563951992267,0.0 -51.8799407,-27.4564123992267,0.0 -51.8800222,-27.4564272992267,0.0 -51.8801004,-27.4564395992267,0.0 -51.8801751,-27.4564492992267,0.0 -51.8802462,-27.4564560992267,0.0 -51.880314,-27.4564600992267,0.0 -51.8803786,-27.4564613992267,0.0 -51.8804402,-27.4564600992267,0.0 -51.8804991,-27.4564561992267,0.0 -51.8805554,-27.4564497992267,0.0 -51.8806093,-27.4564408992267,0.0 -51.8806611,-27.4564297992267,0.0 -51.880711,-27.4564161992267,0.0 -51.8807598,-27.4563997992267,0.0 -51.8808083,-27.4563796992267,0.0 -51.8808573,-27.4563551992267,0.0 -51.8809077,-27.4563257992267,0.0 -51.8809602,-27.4562906992267,0.0 -51.8810157,-27.4562491992267,0.0 -51.8810749,-27.4562006992267,0.0 -51.8811384,-27.4561446992267,0.0 -51.8812052,-27.4560814992267,0.0 -51.8812739,-27.4560116992267,0.0 -51.8813431,-27.4559360992267,0.0 -51.8814114,-27.4558550992267,0.0 -51.8814775,-27.4557693992267,0.0 -51.8815401,-27.4556795992267,0.0 -51.8815977,-27.4555862992267,0.0 -51.8816493,-27.4554898992267,0.0 -51.881695,-27.4553905992267,0.0 -51.8817351,-27.4552879992267,0.0 -51.8817701,-27.4551821992267,0.0 -51.8818003,-27.4550729992268,0.0 -51.8818261,-27.4549601992268,0.0 -51.8818479,-27.4548437992267,0.0 -51.8818661,-27.4547236992268,0.0 -51.881881,-27.4545991992268,0.0 -51.881893,-27.4544684992268,0.0 -51.8819021,-27.4543291992268,0.0 -51.8819086,-27.4541790992268,0.0 -51.8819127,-27.4540155992268,0.0 -51.8819147,-27.4538365992268,0.0 -51.8819147,-27.4536395992268,0.0 -51.8819129,-27.4534223992268,0.0 -51.8819095,-27.4531829992268,0.0 -51.8819038,-27.4529206992268,0.0 -51.881895,-27.4526352992268,0.0 -51.8818782,-27.4522549992268,0.0 -51.8818656,-27.4519944992268,0.0 -51.8818434,-27.4516385992268,0.0 -51.8818153,-27.4512586992268,0.0 -51.8817804,-27.4508546992268,0.0 -51.8817384,-27.4504272992268,0.0 -51.88169,-27.4499822992268,0.0 -51.8816361,-27.4495262992269,0.0 -51.8815779,-27.4490659992269,0.0 -51.8815162,-27.4486082992269,0.0 -51.8814522,-27.4481596992269,0.0 -51.8814366,-27.4480567992269,0.0 -51.8813868,-27.4477269992269,0.0 -51.881321,-27.4473169992269,0.0 -51.8812556,-27.4469342992269,0.0 -51.8811903,-27.4465757992269,0.0 -51.8811536,-27.4463856992269,0.0 -51.881058,-27.4459100992269,0.0 -51.8809899,-27.4455922992269,0.0 -51.8809199,-27.4452776992269,0.0 -51.880892,-27.4451567992269,0.0 -51.8806925,-27.4443007992269,0.0 -51.8806102,-27.443954799227,0.0 -51.880525,-27.443600699227,0.0 -51.880384,-27.443027399227,0.0 -51.8802957,-27.442673599227,0.0 -51.8802554,-27.442513999227,0.0 -51.880162,-27.442151499227,0.0 -51.8800674,-27.441792699227,0.0 -51.879964,-27.441411999227,0.0 -51.8798768,-27.441093699227,0.0 -51.879698,-27.440452299227,0.0 -51.8795157,-27.439793199227,0.0 -51.8794352,-27.439492899227,0.0 -51.8793606,-27.439203999227,0.0 -51.8792925,-27.4389266992271,0.0 -51.8792307,-27.4386591992271,0.0 -51.8791748,-27.4383991992271,0.0 -51.8791243,-27.4381441992271,0.0 -51.8790788,-27.4378917992271,0.0 -51.8790378,-27.4376395992271,0.0 -51.8790009,-27.4373853992271,0.0 -51.8789676,-27.4371265992271,0.0 -51.8789229,-27.4367093992271,0.0 -51.8789114,-27.4365918992271,0.0 -51.8788959,-27.4364013992271,0.0 -51.8788717,-27.4360463992271,0.0 -51.8788593,-27.4357747992271,0.0 -51.8788524,-27.4355066992271,0.0 -51.8788515,-27.4352442992271,0.0 -51.8788572,-27.4349896992271,0.0 -51.8788697,-27.4347445992271,0.0 -51.8788883,-27.4345100992271,0.0 -51.8789122,-27.4342870992271,0.0 -51.8789407,-27.4340761992272,0.0 -51.8789728,-27.4338783992272,0.0 -51.8790161,-27.4336575992272,0.0 -51.8790576,-27.4334732992272,0.0 -51.8790831,-27.4333705992272,0.0 -51.8791218,-27.4332321992272,0.0 -51.8791613,-27.4331081992272,0.0 -51.8792019,-27.4329969992272,0.0 -51.8792438,-27.4328969992272,0.0 -51.8792875,-27.4328063992272,0.0 -51.8793333,-27.4327235992272,0.0 -51.8793815,-27.4326467992272,0.0 -51.8794325,-27.4325745992272,0.0 -51.8794868,-27.4325050992272,0.0 -51.8795455,-27.4324370992272,0.0 -51.8796101,-27.4323692992272,0.0 -51.8796818,-27.4323003992272,0.0 -51.8797621,-27.4322289992272,0.0 -51.8798522,-27.4321539992272,0.0 -51.8799535,-27.4320738992272,0.0 -51.8800673,-27.4319875992272,0.0 -51.8801947,-27.4318939992272,0.0 -51.8803351,-27.4317934992272,0.0 -51.8804874,-27.4316869992272,0.0 -51.8806508,-27.4315751992272,0.0 -51.8808242,-27.4314586992272,0.0 -51.8810066,-27.4313383992272,0.0 -51.8811972,-27.4312149992272,0.0 -51.881395,-27.4310891992272,0.0 -51.8815989,-27.4309616992272,0.0 -51.8818081,-27.4308328992272,0.0 -51.8820215,-27.4307029992272,0.0 -51.8822381,-27.4305722992272,0.0 -51.8833487,-27.4299080992272,0.0 -51.8839746,-27.4295342992272,0.0 -51.8841797,-27.4294130992272,0.0 -51.8843797,-27.4292959992272,0.0 -51.8845741,-27.4291838992272,0.0 -51.8847621,-27.4290773992272,0.0 -51.8850329,-27.4289284992273,0.0 -51.8852862,-27.4287928992272,0.0 -51.8854489,-27.4287073992272,0.0 -51.8857512,-27.4285501992273,0.0 -51.8860518,-27.4283928992272,0.0 -51.8856707,-27.4281247992273,0.0 -51.8855249,-27.4280119992273,0.0 -51.8854129,-27.4279101992273,0.0 -51.8853285,-27.4278187992273,0.0 -51.885279,-27.4277542992273,0.0 -51.8852181,-27.4276634992273,0.0 -51.8851453,-27.4275397992273,0.0 -51.8851139,-27.4274880992273,0.0 -51.8850995,-27.4274652992273,0.0 -51.8850852,-27.4274424992273,0.0 -51.8850591,-27.4274025992273,0.0 -51.8850356,-27.4273679992273,0.0 -51.8850144,-27.4273382992273,0.0 -51.8849954,-27.4273128992273,0.0 -51.8849759,-27.4272885992273,0.0 -51.8849513,-27.4272597992273,0.0 -51.884897,-27.4272108992273,0.0 -51.8848382,-27.4271659992273,0.0 -51.8846865,-27.4270426992273,0.0 -51.8846195,-27.4269892992273,0.0 -51.8845417,-27.4269286992273,0.0 -51.884454,-27.4268620992273,0.0 -51.8843584,-27.4267915992273,0.0 -51.8842567,-27.4267191992273,0.0 -51.8842042,-27.4266829992273,0.0 -51.8840974,-27.4266113992273,0.0 -51.8838385,-27.4264433992273,0.0 -51.8837467,-27.4263828992273,0.0 -51.8836248,-27.4262995992273,0.0 -51.8834097,-27.4261491992273,0.0 -51.8833397,-27.4261030992273,0.0 -51.8833046,-27.4260813992273,0.0 -51.8832692,-27.4260609992273,0.0 -51.8832334,-27.4260419992273,0.0 -51.8831973,-27.4260245992273,0.0 -51.8831606,-27.4260089992273,0.0 -51.8831228,-27.4259949992273,0.0 -51.8830833,-27.4259825992273,0.0 -51.8830416,-27.4259715992273,0.0 -51.882997,-27.4259619992273,0.0 -51.8829491,-27.4259535992273,0.0 -51.882897,-27.4259461992273,0.0 -51.8828404,-27.4259398992273,0.0 -51.8827789,-27.4259343992273,0.0 -51.882713,-27.4259297992273,0.0 -51.8826436,-27.4259259992273,0.0 -51.8825716,-27.4259229992273,0.0 -51.8824979,-27.4259208992273,0.0 -51.8824232,-27.4259195992273,0.0 -51.8823486,-27.4259191992273,0.0 -51.8822747,-27.4259194992273,0.0 -51.8822024,-27.4259206992273,0.0 -51.8821316,-27.4259226992273,0.0 -51.8820623,-27.4259254992273,0.0 -51.8819943,-27.4259290992273,0.0 -51.8819276,-27.4259334992273,0.0 -51.8818619,-27.4259387992273,0.0 -51.8817971,-27.4259448992273,0.0 -51.8817333,-27.4259518992273,0.0 -51.88167,-27.4259596992273,0.0 -51.8816067,-27.4259685992273,0.0 -51.8815424,-27.4259786992273,0.0 -51.8814765,-27.4259902992273,0.0 -51.881408,-27.4260035992273,0.0 -51.8813361,-27.4260187992273,0.0 -51.8812601,-27.4260360992273,0.0 -51.8811791,-27.4260556992273,0.0 -51.8810927,-27.4260776992273,0.0 -51.8810019,-27.4261016992273,0.0 -51.8808126,-27.4261534992273,0.0 -51.8804425,-27.4262566992273,0.0 -51.8802813,-27.4263000992273,0.0 -51.8802071,-27.4263190992273,0.0 -51.8801364,-27.4263363992273,0.0 -51.8800685,-27.4263520992273,0.0 -51.8800027,-27.4263660992273,0.0 -51.8799384,-27.4263785992273,0.0 -51.8798751,-27.4263894992273,0.0 -51.8798121,-27.4263989992273,0.0 -51.8797495,-27.4264071992273,0.0 -51.8796875,-27.4264141992273,0.0 -51.8796263,-27.4264200992273,0.0 -51.8795661,-27.4264249992273,0.0 -51.879507,-27.4264289992273,0.0 -51.879393,-27.4264350992273,0.0 -51.8791406,-27.4264439992273,0.0 -51.8790563,-27.4264476992273,0.0 -51.8789836,-27.4264527992273,0.0 -51.8789513,-27.4264561992273,0.0 -51.8789212,-27.4264599992273,0.0 -51.8788656,-27.4264691992273,0.0 -51.8788132,-27.4264805992273,0.0 -51.8787603,-27.4264939992273,0.0 -51.8786228,-27.4265325992273,0.0 -51.8785684,-27.4265472992273,0.0 -51.8785157,-27.4265601992273,0.0 -51.878465,-27.4265712992273,0.0 -51.878393,-27.4265851992273,0.0 -51.8783261,-27.4265960992273,0.0 -51.8782636,-27.4266042992273,0.0 -51.878224,-27.4266080992273,0.0 -51.8781666,-27.4266114992273,0.0 -51.8781298,-27.4266119992273,0.0 -51.8780944,-27.4266109992273,0.0 -51.8780604,-27.4266083992273,0.0 -51.8780281,-27.4266040992273,0.0 -51.8779971,-27.4265981992273,0.0 -51.8779674,-27.4265906992273,0.0 -51.8779529,-27.4265862992273,0.0 -51.8779245,-27.4265764992273,0.0 -51.877897,-27.4265651992273,0.0 -51.8778836,-27.4265590992273,0.0 -51.8778576,-27.4265459992273,0.0 -51.8778451,-27.4265390992273,0.0 -51.8778211,-27.4265244992273,0.0 -51.8777987,-27.4265089992273,0.0 -51.8777776,-27.4264924992273,0.0 -51.8777676,-27.4264838992273,0.0 -51.8777485,-27.4264658992273,0.0 -51.8777307,-27.4264468992273,0.0 -51.8777064,-27.4264165992273,0.0 -51.8776919,-27.4263954992273,0.0 -51.8776787,-27.4263737992273,0.0 -51.877662,-27.4263410992273,0.0 -51.8776533,-27.4263198992273,0.0 -51.8776469,-27.4262999992273,0.0 -51.877643,-27.4262816992273,0.0 -51.8776415,-27.4262644992273,0.0 -51.8776421,-27.4262479992273,0.0 -51.8776461,-27.4262229992273,0.0 -51.877653,-27.4261973992273,0.0 -51.877668,-27.4261547992273,0.0 -51.8776844,-27.4261153992273,0.0 -51.8776947,-27.4260941992273,0.0 -51.8777059,-27.4260747992273,0.0 -51.8777196,-27.4260555992273,0.0 -51.8777373,-27.4260349992273,0.0 -51.8777681,-27.4260040992273,0.0 -51.8778161,-27.4259603992273,0.0 -51.8778691,-27.4259110992273,0.0 -51.8779711,-27.4258066992273,0.0 -51.8780096,-27.4257688992273,0.0 -51.8780469,-27.4257353992273,0.0 -51.8780842,-27.4257049992273,0.0 -51.8781225,-27.4256766992273,0.0 -51.878149,-27.4256588992273,0.0 -51.8781763,-27.4256416992273,0.0 -51.8782191,-27.4256166992273,0.0 -51.878311,-27.4255664992273,0.0 -51.8783603,-27.4255382992273,0.0 -51.8784165,-27.4255029992273,0.0 -51.8784606,-27.4254729992273,0.0 -51.8785113,-27.4254365992273,0.0 -51.8785665,-27.4253955992273,0.0 -51.8786236,-27.4253521992273,0.0 -51.8787066,-27.4252878992273,0.0 -51.8787826,-27.4252275992273,0.0 -51.8788302,-27.4251888992273,0.0 -51.8788761,-27.4251505992273,0.0 -51.8789427,-27.4250928992273,0.0 -51.8790038,-27.4250384992273,0.0 -51.8790408,-27.4250042992273,0.0 -51.8790739,-27.4249724992273,0.0 -51.8791318,-27.4249139992273,0.0 -51.8791844,-27.4248567992273,0.0 -51.879224,-27.4248108992273,0.0 -51.8792653,-27.4247590992273,0.0 -51.8792943,-27.4247203992273,0.0 -51.8793231,-27.4246805992273,0.0 -51.8793736,-27.4246074992273,0.0 -51.8794074,-27.4245545992273,0.0 -51.8794198,-27.4245331992273,0.0 -51.8794308,-27.4245124992273,0.0 -51.8794469,-27.4244793992273,0.0 -51.8794574,-27.4244551992273,0.0 -51.8794679,-27.4244290992273,0.0 -51.8794781,-27.4244006992273,0.0 -51.8794881,-27.4243703992273,0.0 -51.8794972,-27.4243393992273,0.0 -51.8795053,-27.4243088992273,0.0 -51.879512,-27.4242798992273,0.0 -51.8795171,-27.4242528992273,0.0 -51.879521,-27.4242274992273,0.0 -51.8795252,-27.4241915992273,0.0 -51.8795321,-27.4241207992273,0.0 -51.8795381,-27.4240798992273,0.0 -51.8795437,-27.4240498992273,0.0 -51.8795536,-27.4240042992273,0.0 -51.8795605,-27.4239759992273,0.0 -51.8795709,-27.4239393992273,0.0 -51.8795779,-27.4239176992273,0.0 -51.8795894,-27.4238865992273,0.0 -51.8796028,-27.4238542992273,0.0 -51.8796134,-27.4238305992273,0.0 -51.879641,-27.4237740992273,0.0 -51.8796948,-27.4236690992273,0.0 -51.8797211,-27.4236163992273,0.0 -51.8797447,-27.4235656992274,0.0 -51.8797655,-27.4235152992273,0.0 -51.8797834,-27.4234640992273,0.0 -51.8797936,-27.4234300992273,0.0 -51.8798025,-27.4233968992273,0.0 -51.8798132,-27.4233497992274,0.0 -51.8798324,-27.4232508992274,0.0 -51.8798385,-27.4232246992273,0.0 -51.8798474,-27.4231922992274,0.0 -51.879858,-27.4231577992274,0.0 -51.8798709,-27.4231204992274,0.0 -51.8798826,-27.4230905992274,0.0 -51.8798969,-27.4230590992274,0.0 -51.8799148,-27.4230258992274,0.0 -51.8799367,-27.4229912992274,0.0 -51.8799628,-27.4229554992274,0.0 -51.8799825,-27.4229310992274,0.0 -51.8800269,-27.4228808992274,0.0 -51.880115,-27.4227871992274,0.0 -51.8801545,-27.4227440992274,0.0 -51.8802569,-27.4226263992274,0.0 -51.8803266,-27.4225493992274,0.0 -51.8803484,-27.4225235992274,0.0 -51.8803696,-27.4224962992274,0.0 -51.8804002,-27.4224527992274,0.0 -51.8804198,-27.4224225992274,0.0 -51.8804387,-27.4223916992274,0.0 -51.8805019,-27.4222812992274,0.0 -51.8805229,-27.4222440992274,0.0 -51.880563,-27.4221754992274,0.0 -51.8805964,-27.4221208992274,0.0 -51.8806292,-27.4220702992274,0.0 -51.8806482,-27.4220436992274,0.0 -51.8806622,-27.4220251992274,0.0 -51.8806931,-27.4219876992274,0.0 -51.8807271,-27.4219504992274,0.0 -51.8807977,-27.4218782992274,0.0 -51.8808473,-27.4218304992274,0.0 -51.8808904,-27.4217923992274,0.0 -51.880952,-27.4217419992274,0.0 -51.8810104,-27.4216970992274,0.0 -51.8810629,-27.4216593992274,0.0 -51.8810879,-27.4216425992274,0.0 -51.8811129,-27.4216268992274,0.0 -51.8811385,-27.4216116992274,0.0 -51.8811798,-27.4215882992274,0.0 -51.8812928,-27.4215268992274,0.0 -51.8814023,-27.4214701992274,0.0 -51.8814483,-27.4214450992274,0.0 -51.8814948,-27.4214175992274,0.0 -51.8816071,-27.4213478992274,0.0 -51.8816431,-27.4213268992274,0.0 -51.8816978,-27.4212976992274,0.0 -51.8817884,-27.4212527992274,0.0 -51.8818657,-27.4212125992274,0.0 -51.8819543,-27.4211639992274,0.0 -51.8820095,-27.4211319992274,0.0 -51.8820314,-27.4211182992274,0.0 -51.8820623,-27.4210973992274,0.0 -51.8820822,-27.4210828992274,0.0 -51.8821125,-27.4210591992274,0.0 -51.8821442,-27.4210324992274,0.0 -51.8821663,-27.4210124992274,0.0 -51.8821892,-27.4209904992274,0.0 -51.882213,-27.4209662992274,0.0 -51.882272,-27.4209023992274,0.0 -51.882434,-27.4207193992274,0.0 -51.8824805,-27.4206658992274,0.0 -51.8825344,-27.4206016992274,0.0 -51.8825835,-27.4205413992274,0.0 -51.8826113,-27.4205050992274,0.0 -51.8826292,-27.4204799992274,0.0 -51.882647,-27.4204535992274,0.0 -51.8826734,-27.4204107992274,0.0 -51.8827001,-27.4203629992274,0.0 -51.8827178,-27.4203285992274,0.0 -51.882735,-27.4202934992274,0.0 -51.8827511,-27.4202588992274,0.0 -51.8827655,-27.4202259992274,0.0 -51.8828017,-27.4201380992274,0.0 -51.8828136,-27.4201107992274,0.0 -51.8828262,-27.4200839992274,0.0 -51.8828464,-27.4200441992274,0.0 -51.882868,-27.4200042992274,0.0 -51.882899,-27.4199505992274,0.0 -51.8829238,-27.4199099992274,0.0 -51.8829797,-27.4198213992274,0.0 -51.8829915,-27.4198021992274,0.0 -51.883016,-27.4197594992274,0.0 -51.8830266,-27.4197379992274,0.0 -51.8830356,-27.4197168992274,0.0 -51.8830464,-27.4196851992274,0.0 -51.8830522,-27.4196636992274,0.0 -51.8830627,-27.4196191992274,0.0 -51.8830701,-27.4195844992274,0.0 -51.8830758,-27.4195502992274,0.0 -51.883078,-27.4195285992274,0.0 -51.8830785,-27.4195077992274,0.0 -51.8830774,-27.4194873992274,0.0 -51.8830728,-27.4194559992274,0.0 -51.8830648,-27.4194227992274,0.0 -51.8830542,-27.4193886992274,0.0 -51.8830373,-27.4193443992274,0.0 -51.8830231,-27.4193129992274,0.0 -51.8830072,-27.4192830992274,0.0 -51.8829892,-27.4192546992274,0.0 -51.8829754,-27.4192366992274,0.0 -51.8829598,-27.4192194992274,0.0 -51.8829418,-27.4192032992274,0.0 -51.8829215,-27.4191878992274,0.0 -51.8828988,-27.4191734992274,0.0 -51.8828739,-27.4191599992274,0.0 -51.882847,-27.4191473992274,0.0 -51.8828034,-27.4191300992274,0.0 -51.8827729,-27.4191198992274,0.0 -51.8827418,-27.4191107992274,0.0 -51.8827105,-27.4191026992274,0.0 -51.8826647,-27.4190926992274,0.0 -51.8826361,-27.4190873992274,0.0 -51.8825974,-27.4190809992274,0.0 -51.8825608,-27.4190759992274,0.0 -51.8825057,-27.4190696992274,0.0 -51.8824035,-27.4190591992274,0.0 -51.8823193,-27.4190520992274,0.0 -51.882256,-27.4190480992274,0.0 -51.8821342,-27.4190427992274,0.0 -51.8820749,-27.4190394992274,0.0 -51.8820151,-27.4190348992274,0.0 -51.8818936,-27.4190225992274,0.0 -51.8818624,-27.4190197992274,0.0 -51.8817822,-27.4190142992274,0.0 -51.8817289,-27.4190131992274,0.0 -51.8817023,-27.4190133992274,0.0 -51.8816618,-27.4190147992274,0.0 -51.8815721,-27.4190198992274,0.0 -51.8814695,-27.4190245992274,0.0 -51.881351,-27.4190335992274,0.0 -51.8813199,-27.4190367992274,0.0 -51.8813007,-27.4190394992274,0.0 -51.8812678,-27.4190454992274,0.0 -51.881215,-27.4190569992274,0.0 -51.8811779,-27.4190658992274,0.0 -51.8811411,-27.4190759992274,0.0 -51.8811039,-27.4190880992274,0.0 -51.8810546,-27.4191056992274,0.0 -51.8810124,-27.4191217992274,0.0 -51.8809823,-27.4191347992274,0.0 -51.8809574,-27.4191475992274,0.0 -51.8809276,-27.4191667992274,0.0 -51.8808905,-27.4191934992274,0.0 -51.8807125,-27.4193251992274,0.0 -51.8806539,-27.4193674992274,0.0 -51.8806057,-27.4194003992274,0.0 -51.8805218,-27.4194545992274,0.0 -51.8804763,-27.4194846992274,0.0 -51.8804386,-27.4195106992274,0.0 -51.8803979,-27.4195400992274,0.0 -51.8803549,-27.4195731992274,0.0 -51.8802586,-27.4196517992274,0.0 -51.8802267,-27.4196767992274,0.0 -51.8801999,-27.4196961992274,0.0 -51.8801447,-27.4197324992274,0.0 -51.8801234,-27.4197478992274,0.0 -51.8801103,-27.4197589992274,0.0 -51.8800975,-27.4197709992274,0.0 -51.8800465,-27.4198227992274,0.0 -51.8800119,-27.4198555992274,0.0 -51.8799862,-27.4198768992274,0.0 -51.8799699,-27.4198887992274,0.0 -51.8799546,-27.4198989992274,0.0 -51.879934,-27.4199110992274,0.0 -51.8799215,-27.4199172992274,0.0 -51.8799085,-27.4199222992274,0.0 -51.8798937,-27.4199264992274,0.0 -51.8798758,-27.4199300992274,0.0 -51.8798545,-27.4199335992274,0.0 -51.8797001,-27.4199560992274,0.0 -51.8796591,-27.4199609992274,0.0 -51.8796348,-27.4199626992274,0.0 -51.8796123,-27.4199632992274,0.0 -51.8795911,-27.4199627992274,0.0 -51.8795705,-27.4199610992274,0.0 -51.8795404,-27.4199566992274,0.0 -51.8795208,-27.4199524992274,0.0 -51.8794926,-27.4199445992274,0.0 -51.8794652,-27.4199343992274,0.0 -51.8794373,-27.4199207992274,0.0 -51.8794077,-27.4199028992274,0.0 -51.8793379,-27.4198574992274,0.0 -51.8793105,-27.4198413992274,0.0 -51.8792813,-27.4198254992274,0.0 -51.8792359,-27.4198031992274,0.0 -51.8792056,-27.4197898992274,0.0 -51.8791761,-27.4197781992274,0.0 -51.879148,-27.4197680992274,0.0 -51.879122,-27.4197595992274,0.0 -51.8790879,-27.4197498992274,0.0 -51.8790669,-27.4197449992274,0.0 -51.8790333,-27.4197391992274,0.0 -51.8789287,-27.4197266992274,0.0 -51.8788825,-27.4197194992274,0.0 -51.8788405,-27.4197101992274,0.0 -51.8787994,-27.4196981992274,0.0 -51.8787557,-27.4196829992274,0.0 -51.8786921,-27.4196586992274,0.0 -51.8784223,-27.4195488992274,0.0 -51.8783717,-27.4195271992274,0.0 -51.8783372,-27.4195114992274,0.0 -51.8783037,-27.4194953992274,0.0 -51.8782725,-27.4194795992274,0.0 -51.878245,-27.4194647992274,0.0 -51.878211,-27.4194443992274,0.0 -51.878184,-27.4194252992274,0.0 -51.8781618,-27.4194064992274,0.0 -51.8781484,-27.4193932992274,0.0 -51.8781285,-27.4193712992274,0.0 -51.8780752,-27.4193067992274,0.0 -51.8780593,-27.4192882992274,0.0 -51.8780358,-27.4192634992274,0.0 -51.8780194,-27.4192485992274,0.0 -51.8780014,-27.4192343992274,0.0 -51.8779812,-27.4192205992274,0.0 -51.8779588,-27.4192068992274,0.0 -51.8778999,-27.4191731992274,0.0 -51.8778665,-27.4191526992274,0.0 -51.8778332,-27.4191293992274,0.0 -51.8778096,-27.4191108992274,0.0 -51.877784,-27.4190894992274,0.0 -51.8777441,-27.4190535992274,0.0 -51.8777053,-27.4190169992274,0.0 -51.8776364,-27.4189498992274,0.0 -51.8776004,-27.4189166992274,0.0 -51.8775605,-27.4188817992274,0.0 -51.8774421,-27.4187805992274,0.0 -51.877391,-27.4187386992274,0.0 -51.8773528,-27.4187091992274,0.0 -51.8772071,-27.4186024992274,0.0 -51.8771507,-27.4185596992274,0.0 -51.8771163,-27.4185320992274,0.0 -51.877084,-27.4185045992274,0.0 -51.8770386,-27.4184625992274,0.0 -51.8770104,-27.4184343992274,0.0 -51.8769842,-27.4184067992274,0.0 -51.8769383,-27.4183557992274,0.0 -51.8769188,-27.4183325992274,0.0 -51.8769017,-27.4183101992274,0.0 -51.8768869,-27.4182881992274,0.0 -51.8768803,-27.4182771992274,0.0 -51.8768743,-27.4182661992274,0.0 -51.8768636,-27.4182440992274,0.0 -51.8768551,-27.4182230992275,0.0 -51.8768463,-27.4181995992274,0.0 -51.876839,-27.4181771992275,0.0 -51.8768292,-27.4181436992274,0.0 -51.8768089,-27.4180665992275,0.0 -51.8768014,-27.4180338992274,0.0 -51.876797,-27.4180120992274,0.0 -51.8767903,-27.4179685992274,0.0 -51.8767882,-27.4179471992275,0.0 -51.8767868,-27.4179262992274,0.0 -51.8767865,-27.4178868992275,0.0 -51.8767891,-27.4178440992274,0.0 -51.8767911,-27.4178291992275,0.0 -51.8767939,-27.4178149992275,0.0 -51.8768005,-27.4177944992275,0.0 -51.8768067,-27.4177805992275,0.0 -51.8768145,-27.4177655992275,0.0 -51.8768775,-27.4176553992275,0.0 -51.8769612,-27.4175131992275,0.0 -51.8769813,-27.4174803992275,0.0 -51.8770026,-27.4174493992275,0.0 -51.8770271,-27.4174190992275,0.0 -51.877055,-27.4173889992275,0.0 -51.8770863,-27.4173584992275,0.0 -51.8771259,-27.4173219992275,0.0 -51.8771812,-27.4172699992275,0.0 -51.8772187,-27.4172314992275,0.0 -51.8772441,-27.4172034992275,0.0 -51.8772829,-27.4171573992275,0.0 -51.8773224,-27.4171067992275,0.0 -51.8774142,-27.4169841992275,0.0 -51.877452,-27.4169314992275,0.0 -51.8774882,-27.4168766992275,0.0 -51.8775,-27.4168568992275,0.0 -51.877512,-27.4168350992275,0.0 -51.8775244,-27.4168103992275,0.0 -51.8775375,-27.4167821992275,0.0 -51.8775513,-27.4167493992275,0.0 -51.8775662,-27.4167113992275,0.0 -51.8775853,-27.4166671992275,0.0 -51.8776257,-27.4165416992275,0.0 -51.8776629,-27.4164257992275,0.0 -51.877697,-27.4163257992275,0.0 -51.8777293,-27.4162243992275,0.0 -51.8777634,-27.4161306992275,0.0 -51.8777952,-27.4160600992275,0.0 -51.8778295,-27.4159999992275,0.0 -51.8778886,-27.4159271992275,0.0 -51.8779666,-27.4158409992275,0.0 -51.8780685,-27.4157265992275,0.0 -51.8781456,-27.4156051992275,0.0 -51.8781932,-27.4155390992275,0.0 -51.8782431,-27.4154574992275,0.0 -51.8782672,-27.4154053992275,0.0 -51.8782912,-27.4153531992275,0.0 -51.8783344,-27.4152605992275,0.0 -51.8783782,-27.4151383992275,0.0 -51.8784033,-27.4150483992275,0.0 -51.8784401,-27.4148901992275,0.0 -51.8784505,-27.4148397992275,0.0 -51.8784705,-27.4147461992275,0.0 -51.8784927,-27.4146240992275,0.0 -51.8785002,-27.4145134992275,0.0 -51.878496,-27.4144004992275,0.0 -51.8784967,-27.4142807992275,0.0 -51.8784969,-27.4142036992275,0.0 -51.878491,-27.4140711992275,0.0 -51.8784855,-27.4140256992275,0.0 -51.878461,-27.4139574992275,0.0 -51.8784188,-27.4138653992275,0.0 -51.8783671,-27.4137389992275,0.0 -51.8783281,-27.4136283992275,0.0 -51.8783119,-27.4135663992275,0.0 -51.8783073,-27.4135143992275,0.0 -51.87831,-27.4134330992275,0.0 -51.8783118,-27.4133547992275,0.0 -51.8783103,-27.4132716992275,0.0 -51.8782974,-27.4132052992275,0.0 -51.8782728,-27.4131403992275,0.0 -51.8782294,-27.4130926992275,0.0 -51.87817,-27.4130506992275,0.0 -51.8781042,-27.4130230992275,0.0 -51.8779739,-27.4129846992275,0.0 -51.877867,-27.4129757992275,0.0 -51.8777883,-27.4129784992275,0.0 -51.8776877,-27.4129828992275,0.0 -51.8776141,-27.4129921992275,0.0 -51.8775396,-27.4130059992275,0.0 -51.8774643,-27.4130263992275,0.0 -51.87739,-27.4130549992275,0.0 -51.8773273,-27.4130893992275,0.0 -51.8772852,-27.4131161992275,0.0 -51.8772391,-27.4131482992275,0.0 -51.877129,-27.4132083992275,0.0 -51.8770266,-27.4132481992275,0.0 -51.8769299,-27.4132857992275,0.0 -51.8768465,-27.4133150992275,0.0 -51.8767421,-27.4133550992275,0.0 -51.8766901,-27.4133841992275,0.0 -51.8766248,-27.4134082992275,0.0 -51.8765578,-27.4134212992275,0.0 -51.8764965,-27.4134223992275,0.0 -51.8764352,-27.4134212992275,0.0 -51.8763531,-27.4134114992275,0.0 -51.876251,-27.4133950992275,0.0 -51.8761686,-27.4133797992275,0.0 -51.8760931,-27.4133595992275,0.0 -51.8760523,-27.4133383992275,0.0 -51.8760155,-27.4133016992275,0.0 -51.8759862,-27.4132545992275,0.0 -51.8759758,-27.4132036992275,0.0 -51.875987,-27.4131466992275,0.0 -51.8760031,-27.4130914992275,0.0 -51.8760225,-27.4130262992275,0.0 -51.8760487,-27.4129832992275,0.0 -51.8760725,-27.4129498992276,0.0 -51.8761422,-27.4128885992276,0.0 -51.8761704,-27.4128627992275,0.0 -51.8762436,-27.4127806992276,0.0 -51.8763207,-27.4126818992275,0.0 -51.8763781,-27.4126009992276,0.0 -51.8764256,-27.4125241992276,0.0 -51.8764566,-27.4124685992276,0.0 -51.8764752,-27.4124026992276,0.0 -51.8764789,-27.4123523992276,0.0 -51.8764768,-27.4122981992276,0.0 -51.876458,-27.4122280992276,0.0 -51.8764429,-27.4121956992276,0.0 -51.8764253,-27.4121714992276,0.0 -51.8763203,-27.4120952992276,0.0 -51.8761991,-27.4119958992276,0.0 -51.8760933,-27.4119248992276,0.0 -51.8759959,-27.4118612992276,0.0 -51.8758694,-27.4117947992276,0.0 -51.8757202,-27.4117007992276,0.0 -51.8756028,-27.4116372992276,0.0 -51.8755037,-27.4115720992276,0.0 -51.8753728,-27.4114875992276,0.0 -51.8752812,-27.4114297992276,0.0 -51.875177,-27.4113542992276,0.0 -51.8751129,-27.4113095992276,0.0 -51.875,-27.4112475992276,0.0 -51.8749288,-27.4112106992276,0.0 -51.8748461,-27.4111629992276,0.0 -51.8747503,-27.4111048992276,0.0 -51.8746306,-27.4110334992276,0.0 -51.8745502,-27.4109741992276,0.0 -51.874498,-27.4109210992276,0.0 -51.874421,-27.4108449992276,0.0 -51.8743605,-27.4107834992276,0.0 -51.8743142,-27.4107323992276,0.0 -51.874264,-27.4106670992276,0.0 -51.8742295,-27.4106085992276,0.0 -51.8741948,-27.4105384992276,0.0 -51.8741672,-27.4104631992276,0.0 -51.87415,-27.4103772992276,0.0 -51.8741399,-27.4102894992276,0.0 -51.8741319,-27.4101685992276,0.0 -51.8741325,-27.4100878992276,0.0 -51.8741436,-27.4100143992276,0.0 -51.8741574,-27.4099692992276,0.0 -51.8741793,-27.4099113992276,0.0 -51.874199,-27.4098724992276,0.0 -51.8742293,-27.4098376992276,0.0 -51.874284,-27.4097909992276,0.0 -51.8743172,-27.4097536992276,0.0 -51.874358,-27.4097072992276,0.0 -51.8743871,-27.4096797992276,0.0 -51.8744211,-27.4096564992276,0.0 -51.8744902,-27.4096193992276,0.0 -51.8745429,-27.4095875992276,0.0 -51.8746108,-27.4095493992276,0.0 -51.8746963,-27.4095027992276,0.0 -51.8747584,-27.4094740992276,0.0 -51.8748018,-27.4094580992276,0.0 -51.8748464,-27.4094482992276,0.0 -51.874904,-27.4094384992276,0.0 -51.875,-27.4094336992276,0.0 -51.8750509,-27.4094457992276,0.0 -51.8751599,-27.4094534992276,0.0 -51.8752817,-27.4094550992276,0.0 -51.8753614,-27.4094453992276,0.0 -51.8754307,-27.4094242992276,0.0 -51.8754931,-27.4093947992276,0.0 -51.8755588,-27.4093553992276,0.0 -51.8756418,-27.4093040992276,0.0 -51.8757442,-27.4092376992276,0.0 -51.8758465,-27.4091551992276,0.0 -51.8758975,-27.4091035992276,0.0 -51.8759451,-27.4090489992276,0.0 -51.8759756,-27.4089979992276,0.0 -51.8759992,-27.4089427992276,0.0 -51.8760134,-27.4088883992276,0.0 -51.8760427,-27.4088055992276,0.0 -51.8760774,-27.4087323992276,0.0 -51.8760991,-27.4086626992276,0.0 -51.8761097,-27.4085860992276,0.0 -51.8761083,-27.4085237992276,0.0 -51.8761034,-27.4084419992276,0.0 -51.8760916,-27.4083637992276,0.0 -51.8760609,-27.4082805992276,0.0 -51.876007,-27.4081807992276,0.0 -51.8759627,-27.4081075992276,0.0 -51.8759244,-27.4080569992276,0.0 -51.8758899,-27.4080235992276,0.0 -51.8758226,-27.4079592992276,0.0 -51.8756935,-27.4078194992276,0.0 -51.8755932,-27.4077176992276,0.0 -51.875516,-27.4076252992277,0.0 -51.8754243,-27.4075240992277,0.0 -51.8753532,-27.4074301992277,0.0 -51.8752787,-27.4073457992277,0.0 -51.8752113,-27.4072818992277,0.0 -51.8751412,-27.4072046992277,0.0 -51.8751091,-27.4071635992277,0.0 -51.875096,-27.4071307992277,0.0 -51.8750923,-27.4070910992277,0.0 -51.875079,-27.4070414992277,0.0 -51.8750613,-27.4069808992277,0.0 -51.8750541,-27.4069280992277,0.0 -51.8750554,-27.4068837992277,0.0 -51.8750705,-27.4068354992277,0.0 -51.8750839,-27.4067992992277,0.0 -51.8751016,-27.4067608992277,0.0 -51.8751159,-27.4067217992277,0.0 -51.8751302,-27.4066849992277,0.0 -51.8751367,-27.4066359992277,0.0 -51.8751435,-27.4065740992277,0.0 -51.8751588,-27.4065319992277,0.0 -51.8751937,-27.4064673992277,0.0 -51.8752326,-27.4063979992277,0.0 -51.8752539,-27.4063383992277,0.0 -51.875264,-27.4062424992277,0.0 -51.8752648,-27.4061708992277,0.0 -51.8752575,-27.4061029992277,0.0 -51.8752518,-27.4060654992277,0.0 -51.8752215,-27.4060219992277,0.0 -51.8751749,-27.4059748992277,0.0 -51.8751406,-27.4059472992277,0.0 -51.875112,-27.4059340992277,0.0 -51.8750588,-27.4059270992277,0.0 -51.875,-27.4059299992277,0.0 -51.8748386,-27.4059447992277,0.0 -51.8747653,-27.4059545992277,0.0 -51.8746904,-27.4059736992277,0.0 -51.8746155,-27.4059959992277,0.0 -51.8745111,-27.4060448992277,0.0 -51.8744363,-27.4060702992277,0.0 -51.8743613,-27.4060877992277,0.0 -51.8742776,-27.4060992992277,0.0 -51.8741707,-27.4061143992277,0.0 -51.8740888,-27.4061351992277,0.0 -51.8740296,-27.4061526992277,0.0 -51.8738427,-27.4062473992277,0.0 -51.8738018,-27.4062707992277,0.0 -51.8737027,-27.4063305992277,0.0 -51.8735567,-27.4064093992277,0.0 -51.8733559,-27.4065231992277,0.0 -51.8732568,-27.4065767992277,0.0 -51.8731663,-27.4066099992277,0.0 -51.8730234,-27.4066513992277,0.0 -51.8728476,-27.4067209992277,0.0 -51.8726804,-27.4067671992277,0.0 -51.8725811,-27.4067895992277,0.0 -51.8724616,-27.4068011992277,0.0 -51.8723796,-27.4068140992277,0.0 -51.8723343,-27.4068237992277,0.0 -51.8722664,-27.4068459992277,0.0 -51.8721897,-27.4068650992277,0.0 -51.8721356,-27.4068700992277,0.0 -51.8720832,-27.4068673992277,0.0 -51.872015,-27.4068537992277,0.0 -51.8719572,-27.4068245992277,0.0 -51.8718993,-27.4067906992277,0.0 -51.8717818,-27.4067182992277,0.0 -51.8716762,-27.4066420992277,0.0 -51.8716129,-27.4065832992277,0.0 -51.871567,-27.4065181992277,0.0 -51.8715369,-27.4064654992277,0.0 -51.8715137,-27.4064064992277,0.0 -51.8714991,-27.4063287992277,0.0 -51.8714916,-27.4062486992277,0.0 -51.8714947,-27.4062034992277,0.0 -51.8715118,-27.4061535992277,0.0 -51.871529,-27.4061207992277,0.0 -51.8715635,-27.4060722992277,0.0 -51.8716379,-27.4059924992277,0.0 -51.8716969,-27.4059422992277,0.0 -51.871838,-27.4058469992277,0.0 -51.8718813,-27.4058124992277,0.0 -51.8719194,-27.4057608992277,0.0 -51.8719849,-27.4056592992277,0.0 -51.8720558,-27.4055494992277,0.0 -51.8720728,-27.4055124992277,0.0 -51.8721087,-27.4054024992277,0.0 -51.8721478,-27.4052668992277,0.0 -51.8721767,-27.4051654992277,0.0 -51.8721798,-27.4051140992277,0.0 -51.872176,-27.4050751992277,0.0 -51.8721612,-27.4049764992277,0.0 -51.8721433,-27.4049112992277,0.0 -51.8721307,-27.4048630992277,0.0 -51.8720917,-27.4047975992277,0.0 -51.8720298,-27.4047014992277,0.0 -51.8719713,-27.4045912992277,0.0 -51.8718793,-27.4044588992277,0.0 -51.8717858,-27.4043318992277,0.0 -51.8716993,-27.4042383992277,0.0 -51.8715816,-27.4041457992277,0.0 -51.8714584,-27.4040590992277,0.0 -51.8713372,-27.4039616992277,0.0 -51.871223,-27.4038799992277,0.0 -51.8710773,-27.4037749992277,0.0 -51.8709996,-27.4037221992277,0.0 -51.8709311,-27.4036725992277,0.0 -51.8708738,-27.4036393992277,0.0 -51.8708081,-27.4036121992277,0.0 -51.8707635,-27.4035981992277,0.0 -51.8706582,-27.4035767992277,0.0 -51.8705468,-27.4035598992277,0.0 -51.8704385,-27.4035512992277,0.0 -51.8703503,-27.4035437992277,0.0 -51.8702447,-27.4035318992277,0.0 -51.8701689,-27.4035135992277,0.0 -51.8700966,-27.4034920992277,0.0 -51.8700295,-27.4034626992277,0.0 -51.8699623,-27.4034207992277,0.0 -51.8698403,-27.4033477992277,0.0 -51.8697643,-27.4032949992277,0.0 -51.8696562,-27.4032276992277,0.0 -51.8696013,-27.4031824992277,0.0 -51.8695357,-27.4031154992277,0.0 -51.8694772,-27.4030624992277,0.0 -51.8694153,-27.4030142992277,0.0 -51.8693587,-27.4029738992277,0.0 -51.8693056,-27.4029349992277,0.0 -51.8692418,-27.4028835992277,0.0 -51.8690852,-27.4027407992277,0.0 -51.8689279,-27.4026043992278,0.0 -51.8687876,-27.4024884992277,0.0 -51.8686582,-27.4023575992277,0.0 -51.868575,-27.4022968992277,0.0 -51.8684858,-27.4022319992277,0.0 -51.8684151,-27.4021853992277,0.0 -51.8683707,-27.4021385992278,0.0 -51.8683351,-27.4020886992278,0.0 -51.8682957,-27.4019931992278,0.0 -51.8682614,-27.4018788992278,0.0 -51.8682413,-27.4017896992278,0.0 -51.8682178,-27.4017309992278,0.0 -51.8677534,-27.4015870992278,0.0 -51.8623875,-27.3962962992279,0.0 -51.8382397,-27.3724859992283,0.0 -51.8355699,-27.3721342992283,0.0 -51.8353063,-27.3720995992283,0.0 -51.8176764,-27.3697765992284,0.0 -51.8179518,-27.3667498992284,0.0 -51.8196769,-27.3477962992288,0.0 -51.8224333,-27.2964771992298,0.0 -51.8213678,-27.2959049992298,0.0 -51.8213139,-27.2958399992298,0.0 -51.8212494,-27.2957577992298,0.0 -51.8211861,-27.2956860992298,0.0 -51.82112,-27.2956188992298,0.0 -51.8210522,-27.2955455992298,0.0 -51.8209883,-27.2954888992298,0.0 -51.820925,-27.2954466992298,0.0 -51.8208383,-27.2953910992298,0.0 -51.8207617,-27.2953455992298,0.0 -51.8206844,-27.2953043992298,0.0 -51.8206067,-27.2952482992298,0.0 -51.8205433,-27.2951871992298,0.0 -51.8204789,-27.2951305992298,0.0 -51.8204044,-27.2950693992298,0.0 -51.8203517,-27.2950127992298,0.0 -51.8203094,-27.2949532992298,0.0 -51.8202789,-27.2948871992298,0.0 -51.8202644,-27.2948071992298,0.0 -51.8202633,-27.2947343992298,0.0 -51.8202478,-27.2946449992298,0.0 -51.8202194,-27.2945793992298,0.0 -51.820175,-27.2944910992298,0.0 -51.820135,-27.2944160992298,0.0 -51.8200967,-27.2943510992298,0.0 -51.8200522,-27.2942760992298,0.0 -51.8200161,-27.2942166992298,0.0 -51.8199717,-27.2941505992298,0.0 -51.8199261,-27.2940999992298,0.0 -51.8198833,-27.2940488992298,0.0 -51.8198183,-27.2939766992298,0.0 -51.8197561,-27.2939255992298,0.0 -51.819695,-27.2938882992298,0.0 -51.8196028,-27.2938538992298,0.0 -51.8195272,-27.2938516992298,0.0 -51.8194433,-27.2938521992298,0.0 -51.8193956,-27.2938777992298,0.0 -51.8193428,-27.2939332992298,0.0 -51.8192856,-27.2939960992298,0.0 -51.8192639,-27.2940182992298,0.0 -51.8191994,-27.2940627992298,0.0 -51.8191189,-27.2940866992298,0.0 -51.8190433,-27.2940943992298,0.0 -51.8189911,-27.2940899992298,0.0 -51.8189306,-27.2940388992298,0.0 -51.8189083,-27.2940132992298,0.0 -51.818865,-27.2939805992298,0.0 -51.8188239,-27.2939266992298,0.0 -51.8187672,-27.2938588992298,0.0 -51.8187261,-27.2937788992298,0.0 -51.8186822,-27.2936988992298,0.0 -51.8186261,-27.2936160992298,0.0 -51.8185739,-27.2935466992298,0.0 -51.81851,-27.2934805992298,0.0 -51.8184567,-27.2934255992298,0.0 -51.8183839,-27.2933560992298,0.0 -51.818305,-27.2932710992298,0.0 -51.8182494,-27.2931988992298,0.0 -51.8180556,-27.2930127992298,0.0 -51.8179344,-27.2928855992298,0.0 -51.8178367,-27.2927866992298,0.0 -51.8177761,-27.2927371992298,0.0 -51.8177061,-27.2926921992298,0.0 -51.8176272,-27.2926432992298,0.0 -51.8175572,-27.2926021992298,0.0 -51.8174689,-27.2925616992298,0.0 -51.8173994,-27.2925288992298,0.0 -51.8173017,-27.2924755992298,0.0 -51.8172089,-27.2924388992298,0.0 -51.8170883,-27.2923982992298,0.0 -51.8169767,-27.2923577992298,0.0 -51.8169072,-27.2923332992298,0.0 -51.8167133,-27.2922699992298,0.0 -51.8166139,-27.2922338992298,0.0 -51.8165478,-27.2921827992298,0.0 -51.8165022,-27.2921243992298,0.0 -51.8164606,-27.2920543992298,0.0 -51.8164433,-27.2919960992298,0.0 -51.8164306,-27.2919221992298,0.0 -51.8164261,-27.2918638992298,0.0 -51.8164089,-27.2917716992298,0.0 -51.8164006,-27.2917427992298,0.0 -51.8163994,-27.2916671992298,0.0 -51.8163833,-27.2915999992298,0.0 -51.8163628,-27.2915355992298,0.0 -51.8163383,-27.2914582992298,0.0 -51.8163067,-27.2913799992299,0.0 -51.8162689,-27.2912999992299,0.0 -51.8162411,-27.2912405992299,0.0 -51.8162061,-27.2911766992299,0.0 -51.8161589,-27.2911132992298,0.0 -51.8161269,-27.2910863992299,0.0 -51.816095,-27.2910593992299,0.0 -51.8160339,-27.2910121992299,0.0 -51.8159644,-27.2909638992299,0.0 -51.8159017,-27.2909266992299,0.0 -51.81581,-27.2909093992299,0.0 -51.8157394,-27.2909227992299,0.0 -51.8156639,-27.2909538992299,0.0 -51.8155906,-27.2909749992299,0.0 -51.815515,-27.2909821992299,0.0 -51.8154406,-27.2909749992299,0.0 -51.8153539,-27.2909521992299,0.0 -51.8152783,-27.2909205992299,0.0 -51.8152078,-27.2908866992299,0.0 -51.8151317,-27.2908549992299,0.0 -51.8150589,-27.2908166992299,0.0 -51.815,-27.2907660992299,0.0 -51.8149467,-27.2907116992299,0.0 -51.8148983,-27.2906610992299,0.0 -51.8148494,-27.2906082992299,0.0 -51.8147889,-27.2905360992299,0.0 -51.8147306,-27.2904721992299,0.0 -51.8146733,-27.2904149992299,0.0 -51.8146039,-27.2903771992299,0.0 -51.8145167,-27.2903416992299,0.0 -51.8144467,-27.2903199992299,0.0 -51.8143889,-27.2903077992299,0.0 -51.8143617,-27.2903021992299,0.0 -51.8142833,-27.2902999992299,0.0 -51.8142039,-27.2902927992299,0.0 -51.8141272,-27.2902949992299,0.0 -51.81405,-27.2902927992299,0.0 -51.8139739,-27.2902710992299,0.0 -51.8139033,-27.2902305992299,0.0 -51.8138389,-27.2901732992299,0.0 -51.8137889,-27.2901255992299,0.0 -51.8137417,-27.2900771992299,0.0 -51.813675,-27.2900271992299,0.0 -51.8136111,-27.2899777992299,0.0 -51.8135489,-27.2899277992299,0.0 -51.8134822,-27.2898721992299,0.0 -51.8134322,-27.2898249992299,0.0 -51.813375,-27.2897621992299,0.0 -51.8133367,-27.2897043992299,0.0 -51.8132956,-27.2896421992299,0.0 -51.8132522,-27.2895738992299,0.0 -51.8132144,-27.2895099992299,0.0 -51.8131789,-27.2894488992299,0.0 -51.8131333,-27.2893660992299,0.0 -51.8130861,-27.2893093992299,0.0 -51.8130389,-27.2892610992299,0.0 -51.8129861,-27.2892182992299,0.0 -51.8129422,-27.2891816992299,0.0 -51.8128894,-27.2891482992299,0.0 -51.8128083,-27.2891082992299,0.0 -51.81274,-27.2890832992299,0.0 -51.8126606,-27.2890621992299,0.0 -51.8125933,-27.2890449992299,0.0 -51.8125644,-27.2890360992299,0.0 -51.8125361,-27.2890266992299,0.0 -51.8125144,-27.2890216992299,0.0 -51.8125,-27.2890199992299,0.0 -51.8124867,-27.2890166992299,0.0 -51.8124494,-27.2890049992299,0.0 -51.8124267,-27.2889488992299,0.0 -51.8123967,-27.2888627992299,0.0 -51.8123661,-27.2887699992299,0.0 -51.8123372,-27.2886782992299,0.0 -51.8123133,-27.2885793992299,0.0 -51.8122772,-27.2884738992299,0.0 -51.8122494,-27.2883710992299,0.0 -51.8122472,-27.2882710992299,0.0 -51.8122444,-27.2881632992299,0.0 -51.8122439,-27.2880427992299,0.0 -51.8122417,-27.2879421992299,0.0 -51.8122256,-27.2878216992299,0.0 -51.8122128,-27.2876882992299,0.0 -51.8121767,-27.2875666992299,0.0 -51.8121272,-27.2874510992299,0.0 -51.8120578,-27.2873471992299,0.0 -51.8119756,-27.2872588992299,0.0 -51.8118822,-27.2871988992299,0.0 -51.8118028,-27.2871366992299,0.0 -51.81169,-27.2870660992299,0.0 -51.8115917,-27.2870066992299,0.0 -51.8115211,-27.2869338992299,0.0 -51.8114728,-27.2868410992299,0.0 -51.811445,-27.2867449992299,0.0 -51.81143,-27.2866549992299,0.0 -51.81142,-27.2865627992299,0.0 -51.8114078,-27.2864516992299,0.0 -51.8113928,-27.28634439923,0.0 -51.8113939,-27.28625279923,0.0 -51.8113944,-27.2861332992299,0.0 -51.8113683,-27.2860366992299,0.0 -51.81132,-27.28598499923,0.0 -51.8112494,-27.28594829923,0.0 -51.8111417,-27.28592219923,0.0 -51.8110983,-27.28591169923,0.0 -51.8110439,-27.28588499923,0.0 -51.8109472,-27.28581719923,0.0 -51.81088,-27.28573329923,0.0 -51.8108156,-27.28565499923,0.0 -51.8107378,-27.28559609923,0.0 -51.8106289,-27.28554219923,0.0 -51.8105267,-27.28549779923,0.0 -51.8104172,-27.28546109923,0.0 -51.8103144,-27.28542559923,0.0 -51.8101894,-27.28536559923,0.0 -51.8100928,-27.28530609923,0.0 -51.8099944,-27.28524329923,0.0 -51.80989,-27.28518779923,0.0 -51.809805,-27.28513389923,0.0 -51.8097183,-27.28508059923,0.0 -51.8096,-27.28500559923,0.0 -51.8094817,-27.28493439923,0.0 -51.8093611,-27.28487719923,0.0 -51.8092344,-27.28483669923,0.0 -51.8091011,-27.28480669923,0.0 -51.8089706,-27.28477609923,0.0 -51.8088667,-27.28473889923,0.0 -51.8087322,-27.28468609923,0.0 -51.80863,-27.28464109923,0.0 -51.8085089,-27.28458889923,0.0 -51.8084028,-27.28454389923,0.0 -51.8083039,-27.28449329923,0.0 -51.8082244,-27.28444389923,0.0 -51.8081461,-27.28438669923,0.0 -51.8080628,-27.28432059923,0.0 -51.8079883,-27.28425779923,0.0 -51.8079211,-27.28418559923,0.0 -51.8079089,-27.28416829923,0.0 -51.8078606,-27.28407059923,0.0 -51.8078189,-27.28401559923,0.0 -51.8078033,-27.28399499923,0.0 -51.8077728,-27.28396669923,0.0 -51.8076689,-27.28389609923,0.0 -51.8075461,-27.28384499923,0.0 -51.8074589,-27.28382389923,0.0 -51.8073561,-27.28381829923,0.0 -51.80728,-27.28383219923,0.0 -51.8072267,-27.28384109923,0.0 -51.8071939,-27.28384559923,0.0 -51.8069519,-27.28390099923,0.0 -51.8066688,-27.28395889923,0.0 -51.8064765,-27.28406479923,0.0 -51.8062076,-27.28420899923,0.0 -51.8059135,-27.28437029923,0.0 -51.8046085,-27.28506759923,0.0 -51.8040192,-27.28544319923,0.0 -51.8036373,-27.28562539923,0.0 -51.803095,-27.28574339923,0.0 -51.8027117,-27.28586269923,0.0 -51.8024344,-27.2865518992299,0.0 -51.8010654,-27.2881947992299,0.0 -51.800799,-27.2885143992299,0.0 -51.7984356,-27.2913071992299,0.0 -51.7982866,-27.2920447992298,0.0 -51.7976819,-27.2927866992298,0.0 -51.7963626,-27.2935621992298,0.0 -51.7956474,-27.2935420992298,0.0 -51.7954982,-27.2934181992298,0.0 -51.7953565,-27.2932891992298,0.0 -51.7953034,-27.2931576992298,0.0 -51.7951762,-27.2930342992298,0.0 -51.7950095,-27.2927109992298,0.0 -51.7948637,-27.2923738992298,0.0 -51.7947418,-27.2920881992298,0.0 -51.7945857,-27.2916821992298,0.0 -51.7944896,-27.2913127992298,0.0 -51.7945386,-27.2908806992299,0.0 -51.7945524,-27.2905166992299,0.0 -51.7944562,-27.2901111992299,0.0 -51.7943302,-27.2898121992299,0.0 -51.794304,-27.2896450992299,0.0 -51.7942347,-27.2893936992299,0.0 -51.794151,-27.2891211992299,0.0 -51.794114,-27.2888277992299,0.0 -51.7940271,-27.2885107992299,0.0 -51.7938729,-27.2880551992299,0.0 -51.7937745,-27.2875595992299,0.0 -51.7935461,-27.2871176992299,0.0 -51.7933632,-27.2868553992299,0.0 -51.7930601,-27.2866284992299,0.0 -51.7927311,-27.2865535992299,0.0 -51.7922283,-27.28646879923,0.0 -51.7921348,-27.2864409992299,0.0 -51.7919046,-27.2863726992299,0.0 -51.7914757,-27.28626089923,0.0 -51.7910663,-27.28623239923,0.0 -51.7904025,-27.28620809923,0.0 -51.7899276,-27.28622479923,0.0 -51.7895946,-27.28621619923,0.0 -51.7892697,-27.28623139923,0.0 -51.788875,-27.2863245992299,0.0 -51.7885433,-27.2863423992299,0.0 -51.7883992,-27.2863501992299,0.0 -51.787924,-27.2862502992299,0.0 -51.7875128,-27.2860559992299,0.0 -51.7870076,-27.28596099923,0.0 -51.7865438,-27.28586689923,0.0 -51.7859415,-27.28583149923,0.0 -51.7853844,-27.28584519923,0.0 -51.7848836,-27.28563529923,0.0 -51.7845733,-27.28526859923,0.0 -51.7840146,-27.28466539923,0.0 -51.7833393,-27.28396519923,0.0 -51.7829341,-27.28360139923,0.0 -51.782477,-27.28315599923,0.0 -51.7821533,-27.28284239923,0.0 -51.7815289,-27.28255489923,0.0 -51.7810488,-27.28259669923,0.0 -51.7804849,-27.28274059923,0.0 -51.7799971,-27.28296899923,0.0 -51.7796302,-27.28313489923,0.0 -51.779063,-27.28309699923,0.0 -51.7785167,-27.28310539923,0.0 -51.7780312,-27.28315689923,0.0 -51.7775511,-27.28313129923,0.0 -51.7771124,-27.28299749923,0.0 -51.776636,-27.28288089923,0.0 -51.7762867,-27.28271439923,0.0 -51.7760087,-27.28262379923,0.0 -51.7755956,-27.28259459923,0.0 -51.775214,-27.28259459923,0.0 -51.7747668,-27.28262699923,0.0 -51.774405,-27.28258459923,0.0 -51.7740305,-27.28249989923,0.0 -51.7736259,-27.28238829923,0.0 -51.7727603,-27.28211059923,0.0 -51.7720408,-27.28180439923,0.0 -51.7714798,-27.28168509923,0.0 -51.7711562,-27.28144489923,0.0 -51.7709157,-27.28105849923,0.0 -51.7706037,-27.2806605992301,0.0 -51.770197,-27.2803620992301,0.0 -51.7699035,-27.2800874992301,0.0 -51.7696868,-27.2796419992301,0.0 -51.7695453,-27.2792371992301,0.0 -51.7694241,-27.2785758992301,0.0 -51.7691245,-27.2777087992301,0.0 -51.7686895,-27.2773648992301,0.0 -51.7685717,-27.2773447992301,0.0 -51.7682141,-27.2772838992301,0.0 -51.7676476,-27.2773648992301,0.0 -51.7672835,-27.2776581992301,0.0 -51.7669598,-27.2782448992301,0.0 -51.7668182,-27.2787304992301,0.0 -51.7666462,-27.2792159992301,0.0 -51.766454,-27.2796812992301,0.0 -51.7662011,-27.2801364992301,0.0 -51.7659078,-27.2807990992301,0.0 -51.7656975,-27.2810990992301,0.0 -51.7655348,-27.28120449923,0.0 -51.7653514,-27.28122899923,0.0 -51.7649165,-27.2811783992301,0.0 -51.76408,-27.28131109923,0.0 -51.7635442,-27.28132829923,0.0 -51.7631244,-27.28126559923,0.0 -51.7628371,-27.28121689923,0.0 -51.762613,-27.28118039923,0.0 -51.7623698,-27.28112229923,0.0 -51.7622991,-27.28109349923,0.0 -51.7622585,-27.28104379923,0.0 -51.7621999,-27.2809456992301,0.0 -51.762128,-27.2808501992301,0.0 -51.7619386,-27.2806985992301,0.0 -51.7618005,-27.2805905992301,0.0 -51.7616847,-27.2805521992301,0.0 -51.7606524,-27.2805339992301,0.0 -51.7603846,-27.2804449992301,0.0 -51.7602496,-27.2803699992301,0.0 -51.7599856,-27.2803105992301,0.0 -51.7597468,-27.2802967992301,0.0 -51.7594536,-27.2803532992301,0.0 -51.7589479,-27.2805487992301,0.0 -51.7585647,-27.2806343992301,0.0 -51.7583037,-27.2806785992301,0.0 -51.7577763,-27.2807325992301,0.0 -51.7573899,-27.2808084992301,0.0 -51.7568581,-27.28088519923,0.0 -51.7563824,-27.2808899992301,0.0 -51.7562394,-27.2809735992301,0.0 -51.7560744,-27.28110609923,0.0 -51.7560426,-27.2811316992301,0.0 -51.7558866,-27.28125999923,0.0 -51.7555447,-27.28148059923,0.0 -51.7552743,-27.28164129923,0.0 -51.7548862,-27.28186749923,0.0 -51.7543169,-27.28248229923,0.0 -51.7536972,-27.28300489923,0.0 -51.7532039,-27.28356489923,0.0 -51.7528473,-27.28406339923,0.0 -51.7525484,-27.28436419923,0.0 -51.7518846,-27.28482079923,0.0 -51.751586,-27.28504779923,0.0 -51.7514436,-27.28519219923,0.0 -51.7509738,-27.28565809923,0.0 -51.7511117,-27.28590869923,0.0 -51.7513899,-27.28610269923,0.0 -51.7517324,-27.2863087992299,0.0 -51.7519574,-27.28638309923,0.0 -51.7521498,-27.2865499992299,0.0 -51.7522501,-27.2866073992299,0.0 -51.7523503,-27.2866647992299,0.0 -51.7527422,-27.2868820992299,0.0 -51.7530692,-27.2871133992299,0.0 -51.7533482,-27.2873323992299,0.0 -51.7534799,-27.2876113992299,0.0 -51.7535919,-27.2878803992299,0.0 -51.7538597,-27.2882479992299,0.0 -51.7543114,-27.2890792992299,0.0 -51.754495,-27.2894904992299,0.0 -51.7547494,-27.2898600992299,0.0 -51.7548755,-27.2901217992299,0.0 -51.7550523,-27.2903516992299,0.0 -51.7551898,-27.2904522992299,0.0 -51.7552982,-27.2905369992299,0.0 -51.7553758,-27.2906006992299,0.0 -51.7554547,-27.2906781992299,0.0 -51.755545,-27.2907835992299,0.0 -51.7556065,-27.2908584992299,0.0 -51.7556709,-27.2909421992299,0.0 -51.7557641,-27.2910238992299,0.0 -51.7558632,-27.2910879992299,0.0 -51.7559548,-27.2911275992299,0.0 -51.7560762,-27.2911638992299,0.0 -51.7561192,-27.2911742992299,0.0 -51.7561757,-27.2911871992299,0.0 -51.7562111,-27.2911973992299,0.0 -51.7563269,-27.2912303992299,0.0 -51.7564024,-27.2912518992299,0.0 -51.7564852,-27.2912990992299,0.0 -51.7564974,-27.2913807992299,0.0 -51.7565264,-27.2914896992298,0.0 -51.7565414,-27.2915826992298,0.0 -51.7565191,-27.2916160992298,0.0 -51.7565048,-27.2916340992298,0.0 -51.7565055,-27.2916643992298,0.0 -51.7565079,-27.2916679992299,0.0 -51.7565177,-27.2916822992299,0.0 -51.7565588,-27.2917154992298,0.0 -51.7565936,-27.2917455992298,0.0 -51.7566588,-27.2918266992298,0.0 -51.7567209,-27.2919144992298,0.0 -51.7567758,-27.2919958992298,0.0 -51.7568308,-27.2920930992298,0.0 -51.7569358,-27.2922577992298,0.0 -51.7569908,-27.2923421992298,0.0 -51.7570483,-27.2924228992298,0.0 -51.7571079,-27.2924988992298,0.0 -51.7571922,-27.2925947992298,0.0 -51.7572821,-27.2926719992298,0.0 -51.7573815,-27.2927498992298,0.0 -51.7574755,-27.2928224992298,0.0 -51.7575633,-27.2928844992298,0.0 -51.7576478,-27.2929306992298,0.0 -51.7577451,-27.2929796992298,0.0 -51.7578343,-27.2930271992298,0.0 -51.7579314,-27.2930720992298,0.0 -51.7580307,-27.2931111992298,0.0 -51.7581236,-27.2931569992298,0.0 -51.7582139,-27.2932050992298,0.0 -51.7582984,-27.2932546992298,0.0 -51.7583691,-27.2933094992298,0.0 -51.7584124,-27.2933532992298,0.0 -51.7584063,-27.2934495992298,0.0 -51.7583953,-27.2935625992298,0.0 -51.7583826,-27.2936657992298,0.0 -51.7583767,-27.2937737992298,0.0 -51.7583864,-27.2938908992298,0.0 -51.7584007,-27.2939870992298,0.0 -51.7584216,-27.2940904992298,0.0 -51.7584383,-27.2941846992298,0.0 -51.7584446,-27.2942920992298,0.0 -51.7584379,-27.2943922992298,0.0 -51.758416,-27.2945005992298,0.0 -51.7583857,-27.2945871992298,0.0 -51.7583444,-27.2946689992298,0.0 -51.7582879,-27.2947595992298,0.0 -51.7582238,-27.2948299992298,0.0 -51.7581474,-27.2948977992298,0.0 -51.7580735,-27.2949876992298,0.0 -51.7580013,-27.2950566992298,0.0 -51.7579001,-27.2951172992298,0.0 -51.7577977,-27.2951596992298,0.0 -51.7576856,-27.2952133992298,0.0 -51.7575973,-27.2952854992298,0.0 -51.757559,-27.2953777992298,0.0 -51.7575362,-27.2954698992298,0.0 -51.7575372,-27.2955621992298,0.0 -51.7575365,-27.2956218992298,0.0 -51.7575273,-27.2956669992298,0.0 -51.7574959,-27.2957745992298,0.0 -51.7574799,-27.2958748992298,0.0 -51.7574717,-27.2959675992298,0.0 -51.7574579,-27.2960763992298,0.0 -51.7574378,-27.2961866992298,0.0 -51.7574082,-27.2962899992298,0.0 -51.7573752,-27.2963685992298,0.0 -51.7573502,-27.2963950992298,0.0 -51.7572947,-27.2964628992298,0.0 -51.7572187,-27.2965526992298,0.0 -51.757049,-27.2967395992297,0.0 -51.7569804,-27.2968200992298,0.0 -51.7568118,-27.2970045992297,0.0 -51.7567484,-27.2970786992297,0.0 -51.7566247,-27.2972484992297,0.0 -51.7565606,-27.2973418992297,0.0 -51.7564919,-27.2974554992297,0.0 -51.7564426,-27.2975420992297,0.0 -51.7563935,-27.2976488992297,0.0 -51.7563738,-27.2977492992297,0.0 -51.7563721,-27.2978166992297,0.0 -51.7563769,-27.2978573992297,0.0 -51.7563941,-27.2979611992297,0.0 -51.7564092,-27.2980634992297,0.0 -51.7564096,-27.2981746992297,0.0 -51.7563767,-27.2982643992297,0.0 -51.7563109,-27.2983419992297,0.0 -51.7562553,-27.2984284992297,0.0 -51.7562152,-27.2985175992297,0.0 -51.7561763,-27.2986221992297,0.0 -51.7561803,-27.2987211992297,0.0 -51.7562176,-27.2988159992297,0.0 -51.7562603,-27.2989007992297,0.0 -51.7563243,-27.2990032992297,0.0 -51.7563714,-27.2990835992297,0.0 -51.7564208,-27.2991783992297,0.0 -51.7564708,-27.2992576992297,0.0 -51.7565793,-27.2994531992297,0.0 -51.7566888,-27.2996312992297,0.0 -51.7567458,-27.2997262992297,0.0 -51.7567898,-27.2998220992297,0.0 -51.7568138,-27.2999112992297,0.0 -51.75682,-27.3000242992297,0.0 -51.756806,-27.3001337992297,0.0 -51.7567583,-27.3003064992297,0.0 -51.7567472,-27.3003451992297,0.0 -51.7567237,-27.3004640992297,0.0 -51.756719,-27.3005573992297,0.0 -51.7567489,-27.3006758992297,0.0 -51.7568067,-27.3007799992297,0.0 -51.756895,-27.3009502992297,0.0 -51.7569991,-27.3011238992297,0.0 -51.7570448,-27.3012075992297,0.0 -51.7570783,-27.3012939992297,0.0 -51.7571084,-27.3013939992297,0.0 -51.757131,-27.3014955992296,0.0 -51.757144,-27.3016043992297,0.0 -51.7571721,-27.3017050992297,0.0 -51.7572042,-27.3018147992296,0.0 -51.7572478,-27.3019088992297,0.0 -51.7572991,-27.3019925992297,0.0 -51.7573753,-27.3020831992296,0.0 -51.7574692,-27.3021414992296,0.0 -51.7577574,-27.3022757992296,0.0 -51.7578523,-27.3023115992297,0.0 -51.7579565,-27.3023621992296,0.0 -51.7580623,-27.3024061992296,0.0 -51.7581534,-27.3024544992296,0.0 -51.75824,-27.3025083992296,0.0 -51.7583259,-27.3025748992296,0.0 -51.7584024,-27.3026448992296,0.0 -51.7584799,-27.3027333992296,0.0 -51.7585632,-27.3028311992296,0.0 -51.7586174,-27.3029095992296,0.0 -51.7586743,-27.3030135992296,0.0 -51.7587048,-27.3031018992296,0.0 -51.7587376,-27.3031922992296,0.0 -51.758778,-27.3032910992296,0.0 -51.7588134,-27.3034036992296,0.0 -51.7588356,-27.3034986992296,0.0 -51.7588817,-27.3036345992296,0.0 -51.7589195,-27.3037386992296,0.0 -51.7589668,-27.3038764992296,0.0 -51.759015,-27.3040108992296,0.0 -51.7590591,-27.3041142992296,0.0 -51.7590926,-27.3042172992296,0.0 -51.7591187,-27.3043103992296,0.0 -51.7591528,-27.3044263992296,0.0 -51.7591963,-27.3045408992296,0.0 -51.7592639,-27.3046498992296,0.0 -51.7593479,-27.3047507992296,0.0 -51.7594251,-27.3048480992296,0.0 -51.7595061,-27.3049479992296,0.0 -51.7595746,-27.3050179992296,0.0 -51.7596477,-27.3050978992296,0.0 -51.7597869,-27.3052423992296,0.0 -51.7598742,-27.3053533992296,0.0 -51.7599374,-27.3054567992296,0.0 -51.7599854,-27.3055370992296,0.0 -51.7600279,-27.3056211992296,0.0 -51.7600737,-27.3057268992296,0.0 -51.760124,-27.3058317992296,0.0 -51.7601799,-27.3059642992296,0.0 -51.7602672,-27.3061519992296,0.0 -51.7603157,-27.3062390992296,0.0 -51.7603673,-27.3063474992296,0.0 -51.760409,-27.3064420992296,0.0 -51.7604565,-27.3065309992296,0.0 -51.7605091,-27.3066278992296,0.0 -51.7605492,-27.3067235992296,0.0 -51.7605812,-27.3068239992296,0.0 -51.7606074,-27.3069212992296,0.0 -51.760586,-27.3070383992296,0.0 -51.7605346,-27.3071284992296,0.0 -51.7604689,-27.3072008992296,0.0 -51.7603448,-27.3072688992296,0.0 -51.7601723,-27.3073501992296,0.0 -51.7600484,-27.3074057992295,0.0 -51.7599311,-27.3074701992295,0.0 -51.759822,-27.3075210992295,0.0 -51.7597064,-27.3075691992295,0.0 -51.7595982,-27.3076200992295,0.0 -51.7595101,-27.3076823992295,0.0 -51.759418,-27.3077681992295,0.0 -51.7593364,-27.3078528992295,0.0 -51.7592649,-27.3079254992295,0.0 -51.7591926,-27.3080076992295,0.0 -51.7591106,-27.3081020992295,0.0 -51.7590172,-27.3082077992295,0.0 -51.7589351,-27.3083023992295,0.0 -51.7588686,-27.3083985992295,0.0 -51.7588198,-27.3084598992295,0.0 -51.7587456,-27.3085487992295,0.0 -51.7586576,-27.3086384992295,0.0 -51.7585603,-27.3087282992295,0.0 -51.7584633,-27.3088190992295,0.0 -51.7583839,-27.3088796992295,0.0 -51.7582985,-27.3089492992295,0.0 -51.7582147,-27.3090237992295,0.0 -51.7581349,-27.3091076992295,0.0 -51.7580606,-27.3091797992295,0.0 -51.757994,-27.3092567992295,0.0 -51.7578626,-27.3094060992295,0.0 -51.7578252,-27.3094513992295,0.0 -51.7577394,-27.3095446992295,0.0 -51.7576546,-27.3096232992295,0.0 -51.757573,-27.3097106992295,0.0 -51.7575014,-27.3097838992295,0.0 -51.7574459,-27.3098651992295,0.0 -51.7573957,-27.3099485992295,0.0 -51.7572849,-27.3101541992295,0.0 -51.7572331,-27.3102642992295,0.0 -51.7571743,-27.3103557992295,0.0 -51.7570995,-27.3104299992295,0.0 -51.7570019,-27.3104941992295,0.0 -51.7569131,-27.3105401992295,0.0 -51.7567765,-27.3105951992295,0.0 -51.7565936,-27.3106574992295,0.0 -51.756502,-27.3106967992295,0.0 -51.7564038,-27.3107308992295,0.0 -51.7563119,-27.3107703992295,0.0 -51.7562096,-27.3108069992295,0.0 -51.7560835,-27.3108572992295,0.0 -51.7559525,-27.3109056992295,0.0 -51.7558566,-27.3109381992295,0.0 -51.755739,-27.3109870992295,0.0 -51.7556105,-27.3110394992295,0.0 -51.7555058,-27.3110747992295,0.0 -51.7554016,-27.3111036992295,0.0 -51.7552976,-27.3111369992295,0.0 -51.75519,-27.3111629992295,0.0 -51.7549162,-27.3112207992295,0.0 -51.7548103,-27.3112383992295,0.0 -51.754698,-27.3112498992295,0.0 -51.7544475,-27.3112552992295,0.0 -51.7543045,-27.3112619992295,0.0 -51.7541877,-27.3112587992295,0.0 -51.7540812,-27.3112579992295,0.0 -51.7539742,-27.3112686992295,0.0 -51.7538612,-27.3112820992295,0.0 -51.7537396,-27.3113001992295,0.0 -51.7536339,-27.3113192992295,0.0 -51.7535933,-27.3113281992295,0.0 -51.7535135,-27.3113549992295,0.0 -51.7534301,-27.3114097992295,0.0 -51.7533508,-27.3114922992295,0.0 -51.7532858,-27.3115620992295,0.0 -51.7531507,-27.3117401992295,0.0 -51.7530498,-27.3118997992295,0.0 -51.7530115,-27.3120072992295,0.0 -51.7530023,-27.3121016992295,0.0 -51.7530115,-27.3121958992295,0.0 -51.753019,-27.3122902992295,0.0 -51.7530204,-27.3124311992295,0.0 -51.7530005,-27.3125295992295,0.0 -51.752974,-27.3125809992295,0.0 -51.7529108,-27.3126373992294,0.0 -51.7528153,-27.3126728992294,0.0 -51.7527159,-27.3127000992294,0.0 -51.7526088,-27.3127238992295,0.0 -51.752484,-27.3127637992294,0.0 -51.7523833,-27.3128072992294,0.0 -51.7522779,-27.3128444992294,0.0 -51.7521539,-27.3129012992294,0.0 -51.7520679,-27.3129399992294,0.0 -51.751972,-27.3129678992294,0.0 -51.7518666,-27.3129943992294,0.0 -51.7517538,-27.3130143992294,0.0 -51.7515157,-27.3130895992294,0.0 -51.7513846,-27.3131481992294,0.0 -51.7512724,-27.3132116992294,0.0 -51.7511644,-27.3132751992294,0.0 -51.7510608,-27.3133279992294,0.0 -51.750936,-27.3133882992294,0.0 -51.750669,-27.3134590992294,0.0 -51.7505291,-27.3134910992294,0.0 -51.7502885,-27.3135384992294,0.0 -51.7501728,-27.3135686992294,0.0 -51.75,-27.3136356992294,0.0 -51.749904,-27.3136604992294,0.0 -51.7498579,-27.3136653992294,0.0 -51.749775,-27.3136763992294,0.0 -51.7497501,-27.3136812992294,0.0 -51.7497159,-27.3136919992294,0.0 -51.7496636,-27.3137138992294,0.0 -51.7496428,-27.3137238992294,0.0 -51.7496026,-27.3137379992294,0.0 -51.7495631,-27.3137555992294,0.0 -51.7495275,-27.3137691992294,0.0 -51.7494992,-27.3137852992294,0.0 -51.7494714,-27.3138057992294,0.0 -51.7494479,-27.3138236992294,0.0 -51.7494281,-27.3138393992294,0.0 -51.7494116,-27.3138531992294,0.0 -51.7493979,-27.3138652992294,0.0 -51.7493866,-27.3138761992294,0.0 -51.7493771,-27.3138859992294,0.0 -51.7493691,-27.3138951992294,0.0 -51.749362,-27.3139039992294,0.0 -51.7493559,-27.3139123992294,0.0 -51.7493459,-27.3139279992294,0.0 -51.7493387,-27.3139415992294,0.0 -51.7493359,-27.3139475992294,0.0 -51.7493318,-27.3139579992294,0.0 -51.7493294,-27.3139667992294,0.0 -51.7493288,-27.3139710992294,0.0 -51.7493286,-27.3139755992294,0.0 -51.7493294,-27.3139861992294,0.0 -51.7493378,-27.3140355992294,0.0 -51.7493388,-27.3140448992294,0.0 -51.7493394,-27.3140538992294,0.0 -51.7493395,-27.3140623992294,0.0 -51.7493388,-27.3140701992294,0.0 -51.7493374,-27.3140774992294,0.0 -51.7493354,-27.3140841992294,0.0 -51.7493328,-27.3140904992294,0.0 -51.7493297,-27.3140965992294,0.0 -51.7493261,-27.3141024992294,0.0 -51.7493177,-27.3141141992294,0.0 -51.7493081,-27.3141264992294,0.0 -51.7492974,-27.3141391992294,0.0 -51.74928,-27.3141585992294,0.0 -51.749243,-27.3141978992294,0.0 -51.7492301,-27.3142127992294,0.0 -51.7492235,-27.3142208992294,0.0 -51.7492169,-27.3142295992294,0.0 -51.7492032,-27.3142482992294,0.0 -51.7491663,-27.3143013992294,0.0 -51.7491095,-27.3143803992294,0.0 -51.749081,-27.3144215992294,0.0 -51.7490655,-27.3144426992294,0.0 -51.7490565,-27.3144539992294,0.0 -51.7490464,-27.3144659992294,0.0 -51.7490349,-27.3144789992294,0.0 -51.7490217,-27.3144930992294,0.0 -51.7490069,-27.3145080992294,0.0 -51.7489733,-27.3145408992294,0.0 -51.7489352,-27.3145761992294,0.0 -51.7488937,-27.3146131992294,0.0 -51.7488498,-27.3146509992294,0.0 -51.7488041,-27.3146884992294,0.0 -51.7487808,-27.3147069992294,0.0 -51.7487572,-27.3147250992294,0.0 -51.7487334,-27.3147427992294,0.0 -51.7487095,-27.3147598992294,0.0 -51.7486855,-27.3147763992294,0.0 -51.7486616,-27.3147921992294,0.0 -51.7486379,-27.3148073992294,0.0 -51.7486144,-27.3148218992294,0.0 -51.7485687,-27.3148488992294,0.0 -51.7485467,-27.3148614992294,0.0 -51.7485051,-27.3148844992294,0.0 -51.7483791,-27.3149521992294,0.0 -51.7483463,-27.3149705992294,0.0 -51.7483302,-27.3149800992294,0.0 -51.7482982,-27.3149994992294,0.0 -51.7482666,-27.3150198992294,0.0 -51.7482508,-27.3150304992294,0.0 -51.7482192,-27.3150526992294,0.0 -51.7481881,-27.3150759992294,0.0 -51.7481579,-27.3150999992294,0.0 -51.7481292,-27.3151242992294,0.0 -51.7481156,-27.3151364992294,0.0 -51.7480899,-27.3151604992294,0.0 -51.748078,-27.3151721992294,0.0 -51.7480559,-27.3151945992294,0.0 -51.7480367,-27.3152152992294,0.0 -51.74802,-27.3152340992294,0.0 -51.7479149,-27.3153586992294,0.0 -51.7478855,-27.3153942992294,0.0 -51.7478709,-27.3154123992294,0.0 -51.7478567,-27.3154305992294,0.0 -51.7478299,-27.3154661992294,0.0 -51.7478175,-27.3154833992294,0.0 -51.747795,-27.3155163992294,0.0 -51.7477849,-27.3155318992294,0.0 -51.7477674,-27.3155605992294,0.0 -51.7477536,-27.3155860992294,0.0 -51.7477425,-27.3156096992294,0.0 -51.7477329,-27.3156330992294,0.0 -51.7477239,-27.3156582992294,0.0 -51.7477097,-27.3157015992294,0.0 -51.7477004,-27.3157333992294,0.0 -51.7476918,-27.3157665992294,0.0 -51.7476846,-27.3158002992294,0.0 -51.7476787,-27.3158334992294,0.0 -51.7476676,-27.3159061992294,0.0 -51.7476655,-27.3159177992294,0.0 -51.7476611,-27.3159387992294,0.0 -51.7476532,-27.3159692992294,0.0 -51.7476289,-27.3160525992294,0.0 -51.7476148,-27.3161033992294,0.0 -51.7476063,-27.3161365992294,0.0 -51.7475956,-27.3161833992294,0.0 -51.7475898,-27.3162121992294,0.0 -51.7475849,-27.3162390992294,0.0 -51.7475809,-27.3162641992294,0.0 -51.7475683,-27.3163490992294,0.0 -51.7475585,-27.3164044992294,0.0 -51.7475526,-27.3164348992294,0.0 -51.7475422,-27.3164838992294,0.0 -51.7475306,-27.3165357992294,0.0 -51.7475183,-27.3165886992294,0.0 -51.7475057,-27.3166406992294,0.0 -51.7474971,-27.3166744992294,0.0 -51.7474838,-27.3167239992294,0.0 -51.7474745,-27.3167556992294,0.0 -51.7474605,-27.3168003992294,0.0 -51.7474472,-27.3168397992294,0.0 -51.7474352,-27.3168726992294,0.0 -51.7474272,-27.3168920992294,0.0 -51.7474231,-27.3169013992294,0.0 -51.747414,-27.3169198992294,0.0 -51.7474038,-27.3169386992294,0.0 -51.7473929,-27.3169572992294,0.0 -51.7473818,-27.3169747992294,0.0 -51.7473712,-27.3169904992294,0.0 -51.7473613,-27.3170039992294,0.0 -51.7473512,-27.3170158992294,0.0 -51.7473396,-27.3170274992294,0.0 -51.7473252,-27.3170396992294,0.0 -51.7473166,-27.3170464992294,0.0 -51.7472964,-27.3170612992294,0.0 -51.747152,-27.3171624992294,0.0 -51.7471089,-27.3171934992294,0.0 -51.7470757,-27.3172180992294,0.0 -51.7470588,-27.3172314992294,0.0 -51.7470517,-27.3172373992294,0.0 -51.7470397,-27.3172483992294,0.0 -51.7470346,-27.3172535992294,0.0 -51.747026,-27.3172634992294,0.0 -51.7470223,-27.3172683992294,0.0 -51.7470158,-27.3172783992294,0.0 -51.7470128,-27.3172835992294,0.0 -51.7470072,-27.3172946992294,0.0 -51.7470021,-27.3173074992294,0.0 -51.7469999,-27.3173147992294,0.0 -51.746998,-27.3173228992294,0.0 -51.7469965,-27.3173318992294,0.0 -51.7469954,-27.3173417992294,0.0 -51.7469949,-27.3173528992294,0.0 -51.746995,-27.3173651992294,0.0 -51.7469978,-27.3174202992294,0.0 -51.7469981,-27.3174340992294,0.0 -51.7469981,-27.3174472992294,0.0 -51.7469973,-27.3174594992294,0.0 -51.7469957,-27.3174704992294,0.0 -51.7469933,-27.3174805992294,0.0 -51.7469899,-27.3174898992294,0.0 -51.7469856,-27.3174985992294,0.0 -51.7469803,-27.3175068992294,0.0 -51.746974,-27.3175151992294,0.0 -51.7469667,-27.3175235992294,0.0 -51.7469583,-27.3175322992293,0.0 -51.7469488,-27.3175415992294,0.0 -51.7469049,-27.3175820992294,0.0 -51.7468829,-27.3176028992294,0.0 -51.7468728,-27.3176129992294,0.0 -51.7468636,-27.3176228992294,0.0 -51.7468552,-27.3176323992294,0.0 -51.7468477,-27.3176415992294,0.0 -51.7468408,-27.3176506992294,0.0 -51.7468346,-27.3176594992294,0.0 -51.746829,-27.3176681992294,0.0 -51.7468181,-27.3176870992294,0.0 -51.7468148,-27.3176934992294,0.0 -51.746807,-27.3177101992293,0.0 -51.7468002,-27.3177270992294,0.0 -51.7467942,-27.3177442992293,0.0 -51.746786,-27.3177714992293,0.0 -51.7467727,-27.3178210992293,0.0 -51.7467634,-27.3178533992293,0.0 -51.7467521,-27.3178887992293,0.0 -51.7467375,-27.3179286992293,0.0 -51.7467255,-27.3179584992293,0.0 -51.746712,-27.3179907992293,0.0 -51.746649,-27.3181381992293,0.0 -51.7466237,-27.3181959992293,0.0 -51.7466066,-27.3182330992293,0.0 -51.7465816,-27.3182847992293,0.0 -51.7465586,-27.3183294992293,0.0 -51.7465391,-27.3183649992293,0.0 -51.7465276,-27.3183838992293,0.0 -51.7465222,-27.3183921992293,0.0 -51.7465114,-27.3184071992293,0.0 -51.7465002,-27.3184207992293,0.0 -51.7464941,-27.3184272992293,0.0 -51.7464875,-27.3184335992293,0.0 -51.7464801,-27.3184398992293,0.0 -51.7464716,-27.3184461992293,0.0 -51.746462,-27.3184525992293,0.0 -51.746451,-27.3184590992293,0.0 -51.7464384,-27.3184658992293,0.0 -51.7464241,-27.3184727992293,0.0 -51.7464084,-27.3184798992293,0.0 -51.7463917,-27.3184869992293,0.0 -51.746357,-27.3185004992293,0.0 -51.7463232,-27.3185122992293,0.0 -51.7463078,-27.3185171992293,0.0 -51.7462937,-27.3185211992293,0.0 -51.7462809,-27.3185244992293,0.0 -51.7462692,-27.3185269992293,0.0 -51.7462585,-27.3185288992293,0.0 -51.7462485,-27.3185301992293,0.0 -51.7462392,-27.3185310992293,0.0 -51.7462302,-27.3185314992293,0.0 -51.7462216,-27.3185315992293,0.0 -51.7462046,-27.3185309992293,0.0 -51.7461883,-27.3185295992293,0.0 -51.7461733,-27.3185276992293,0.0 -51.746154,-27.3185246992293,0.0 -51.7461427,-27.3185225992293,0.0 -51.7461164,-27.3185164992293,0.0 -51.7460742,-27.3185050992293,0.0 -51.7460147,-27.3184876992293,0.0 -51.74598,-27.3184769992293,0.0 -51.7459246,-27.3184593992293,0.0 -51.7458875,-27.3184475992293,0.0 -51.7458355,-27.3184317992293,0.0 -51.7458038,-27.3184229992293,0.0 -51.7457884,-27.3184189992293,0.0 -51.7457572,-27.3184118992293,0.0 -51.7457243,-27.3184055992293,0.0 -51.7457067,-27.3184026992293,0.0 -51.7456701,-27.3183973992293,0.0 -51.745633,-27.3183928992293,0.0 -51.7455975,-27.3183891992293,0.0 -51.7455654,-27.3183863992293,0.0 -51.745536,-27.3183846992293,0.0 -51.7455214,-27.3183841992293,0.0 -51.7454902,-27.3183836992293,0.0 -51.7454325,-27.3183843992293,0.0 -51.7453846,-27.3183859992293,0.0 -51.7453303,-27.3183886992293,0.0 -51.7453013,-27.3183905992293,0.0 -51.7452713,-27.3183929992293,0.0 -51.7452405,-27.3183958992293,0.0 -51.7452091,-27.3183991992293,0.0 -51.7451773,-27.3184030992293,0.0 -51.7451456,-27.3184072992293,0.0 -51.7451142,-27.3184118992293,0.0 -51.7450537,-27.3184215992293,0.0 -51.7449984,-27.3184317992293,0.0 -51.7449734,-27.3184368992293,0.0 -51.7449502,-27.3184419992293,0.0 -51.7449286,-27.3184470992293,0.0 -51.7449084,-27.3184522992293,0.0 -51.7448894,-27.3184576992293,0.0 -51.7448716,-27.3184631992293,0.0 -51.7448547,-27.3184688992293,0.0 -51.7448386,-27.3184747992293,0.0 -51.7448231,-27.3184809992293,0.0 -51.7448082,-27.3184874992293,0.0 -51.7447938,-27.3184941992293,0.0 -51.74478,-27.3185011992293,0.0 -51.7447666,-27.3185082992293,0.0 -51.7447537,-27.3185155992293,0.0 -51.744729,-27.3185306992293,0.0 -51.7447172,-27.3185383992293,0.0 -51.7446945,-27.3185541992293,0.0 -51.7446625,-27.3185781992293,0.0 -51.7446421,-27.3185942992293,0.0 -51.7446123,-27.3186185992293,0.0 -51.7445708,-27.3186534992293,0.0 -51.7444858,-27.3187266992293,0.0 -51.7444608,-27.3187473992293,0.0 -51.7444367,-27.3187664992293,0.0 -51.7444021,-27.3187924992293,0.0 -51.7443685,-27.3188160992293,0.0 -51.7443355,-27.3188378992293,0.0 -51.7443137,-27.3188512992293,0.0 -51.7443029,-27.3188575992293,0.0 -51.7442812,-27.3188692992293,0.0 -51.7442591,-27.3188797992293,0.0 -51.7442349,-27.3188896992293,0.0 -51.7442212,-27.3188946992293,0.0 -51.7442061,-27.3188997992293,0.0 -51.744177,-27.3189087992293,0.0 -51.7440323,-27.3189505992293,0.0 -51.7439902,-27.3189637992293,0.0 -51.7439724,-27.3189700992293,0.0 -51.7439569,-27.3189760992293,0.0 -51.7439433,-27.3189818992293,0.0 -51.7439313,-27.3189875992293,0.0 -51.7439208,-27.3189932992293,0.0 -51.7439114,-27.3189989992293,0.0 -51.7439029,-27.3190048992293,0.0 -51.743895,-27.3190108992293,0.0 -51.7438875,-27.3190170992293,0.0 -51.7438804,-27.3190234992293,0.0 -51.7438674,-27.3190365992293,0.0 -51.7438616,-27.3190430992293,0.0 -51.7438513,-27.3190557992293,0.0 -51.7438431,-27.3190675992293,0.0 -51.7438397,-27.3190731992293,0.0 -51.7438338,-27.3190849992293,0.0 -51.7438282,-27.3190986992293,0.0 -51.7437974,-27.3191879992293,0.0 -51.7437884,-27.3192121992293,0.0 -51.7437797,-27.3192333992293,0.0 -51.7437709,-27.3192518992293,0.0 -51.7437663,-27.3192604992293,0.0 -51.7437564,-27.3192766992293,0.0 -51.743745,-27.3192924992293,0.0 -51.7437321,-27.3193080992293,0.0 -51.7437178,-27.3193233992293,0.0 -51.7437021,-27.3193379992293,0.0 -51.7436853,-27.3193516992293,0.0 -51.7436675,-27.3193643992293,0.0 -51.7436488,-27.3193760992293,0.0 -51.7436294,-27.3193868992293,0.0 -51.7436096,-27.3193968992293,0.0 -51.7435994,-27.3194015992293,0.0 -51.7435779,-27.3194107992293,0.0 -51.7435664,-27.3194151992293,0.0 -51.7435415,-27.3194241992293,0.0 -51.7435131,-27.3194333992293,0.0 -51.7434811,-27.3194428992293,0.0 -51.7434458,-27.3194523992293,0.0 -51.7434076,-27.3194615992293,0.0 -51.7433875,-27.3194658992293,0.0 -51.7433459,-27.3194738992293,0.0 -51.7433047,-27.3194808992293,0.0 -51.7432665,-27.3194867992293,0.0 -51.743234,-27.3194911992293,0.0 -51.7431987,-27.3194952992293,0.0 -51.7431722,-27.3194969992293,0.0 -51.7431112,-27.3194980992293,0.0 -51.7430756,-27.3194992992293,0.0 -51.7430526,-27.3195007992293,0.0 -51.7430416,-27.3195018992293,0.0 -51.7430308,-27.3195030992293,0.0 -51.7430097,-27.3195061992293,0.0 -51.7429886,-27.3195099992293,0.0 -51.7429561,-27.3195172992293,0.0 -51.7428301,-27.3195498992293,0.0 -51.7427778,-27.3195639992293,0.0 -51.7427544,-27.3195709992293,0.0 -51.742714,-27.3195835992293,0.0 -51.7426965,-27.3195886992293,0.0 -51.7426804,-27.3195927992293,0.0 -51.7426648,-27.3195959992293,0.0 -51.7426486,-27.3195984992293,0.0 -51.7426209,-27.3196015992293,0.0 -51.7425022,-27.3196112992293,0.0 -51.7424644,-27.3196147992293,0.0 -51.7424262,-27.3196186992293,0.0 -51.7424007,-27.3196216992293,0.0 -51.7423752,-27.3196252992293,0.0 -51.7423499,-27.3196296992293,0.0 -51.7423374,-27.3196322992293,0.0 -51.7423128,-27.3196381992293,0.0 -51.7422891,-27.3196448992293,0.0 -51.7422562,-27.3196555992293,0.0 -51.7422277,-27.3196661992293,0.0 -51.7422032,-27.3196762992293,0.0 -51.7421882,-27.3196830992293,0.0 -51.7421737,-27.3196900992293,0.0 -51.7421594,-27.3196972992293,0.0 -51.7421454,-27.3197048992293,0.0 -51.7421252,-27.3197168992293,0.0 -51.7421059,-27.3197296992293,0.0 -51.7420932,-27.3197389992293,0.0 -51.7420803,-27.3197490992293,0.0 -51.7420603,-27.3197660992293,0.0 -51.7420394,-27.3197852992293,0.0 -51.7420253,-27.3197992992293,0.0 -51.7420111,-27.3198140992293,0.0 -51.7419969,-27.3198297992293,0.0 -51.7419825,-27.3198463992293,0.0 -51.7419679,-27.3198639992293,0.0 -51.7419047,-27.3199437992293,0.0 -51.7418782,-27.3199761992293,0.0 -51.7418338,-27.3200285992293,0.0 -51.7417697,-27.3201027992293,0.0 -51.7417281,-27.3201496992293,0.0 -51.7416917,-27.3201899992293,0.0 -51.7416542,-27.3202308992293,0.0 -51.7415769,-27.3203140992293,0.0 -51.7415336,-27.3203616992293,0.0 -51.7414002,-27.3205100992293,0.0 -51.7413616,-27.3205538992293,0.0 -51.7413378,-27.3205820992293,0.0 -51.7413265,-27.3205960992293,0.0 -51.7413054,-27.3206233992293,0.0 -51.7412957,-27.3206364992293,0.0 -51.7412784,-27.3206610992293,0.0 -51.7412644,-27.3206827992293,0.0 -51.7412587,-27.3206922992293,0.0 -51.7412498,-27.3207093992293,0.0 -51.7412432,-27.3207249992293,0.0 -51.7412404,-27.3207328992293,0.0 -51.7412354,-27.3207494992293,0.0 -51.7412278,-27.3207791992293,0.0 -51.7412198,-27.3208155992293,0.0 -51.7412117,-27.3208595992293,0.0 -51.7412065,-27.3208921992293,0.0 -51.7412042,-27.3209088992293,0.0 -51.7412007,-27.3209416992293,0.0 -51.7411996,-27.3209572992293,0.0 -51.7411992,-27.3209721992293,0.0 -51.7411993,-27.3209858992293,0.0 -51.7412001,-27.3209986992293,0.0 -51.7412015,-27.3210104992293,0.0 -51.7412035,-27.3210213992293,0.0 -51.7412061,-27.3210314992293,0.0 -51.7412091,-27.3210407992293,0.0 -51.7412127,-27.3210493992293,0.0 -51.7412168,-27.3210572992293,0.0 -51.7412214,-27.3210646992293,0.0 -51.7412264,-27.3210715992293,0.0 -51.7412321,-27.3210780992293,0.0 -51.7412384,-27.3210844992293,0.0 -51.7412454,-27.3210907992293,0.0 -51.7412617,-27.3211037992293,0.0 -51.7412814,-27.3211179992293,0.0 -51.7413291,-27.3211503992293,0.0 -51.7414874,-27.3212557992293,0.0 -51.7415394,-27.3212896992293,0.0 -51.7415937,-27.3213237992293,0.0 -51.7416353,-27.3213489992293,0.0 -51.7417423,-27.3214124992293,0.0 -51.7417804,-27.3214354992293,0.0 -51.7417974,-27.3214467992293,0.0 -51.7418051,-27.3214530992293,0.0 -51.7418083,-27.3214562992293,0.0 -51.7418144,-27.3214634992293,0.0 -51.7418239,-27.3214773992293,0.0 -51.7418347,-27.3214962992293,0.0 -51.7418588,-27.3215413992293,0.0 -51.7418714,-27.3215635992293,0.0 -51.7418861,-27.3215875992293,0.0 -51.7418943,-27.3216000992293,0.0 -51.741912,-27.3216257992293,0.0 -51.7419312,-27.3216517992293,0.0 -51.7419411,-27.3216646992293,0.0 -51.7419612,-27.3216897992293,0.0 -51.7419909,-27.3217248992293,0.0 -51.7420478,-27.3217894992293,0.0 -51.7420594,-27.3218036992293,0.0 -51.7420646,-27.3218104992293,0.0 -51.7420741,-27.3218241992293,0.0 -51.7420829,-27.3218387992293,0.0 -51.7420958,-27.3218634992293,0.0 -51.7421047,-27.3218823992293,0.0 -51.7421365,-27.3219526992293,0.0 -51.7421491,-27.3219785992293,0.0 -51.7421624,-27.3220039992293,0.0 -51.7421765,-27.3220279992293,0.0 -51.7421837,-27.3220394992293,0.0 -51.7421983,-27.3220611992293,0.0 -51.7422129,-27.3220812992293,0.0 -51.7422344,-27.3221084992293,0.0 -51.7422493,-27.3221254992293,0.0 -51.7422574,-27.3221340992293,0.0 -51.7422753,-27.3221517992293,0.0 -51.7422854,-27.3221612992293,0.0 -51.7423085,-27.3221814992293,0.0 -51.7423213,-27.3221921992293,0.0 -51.7423488,-27.3222139992293,0.0 -51.7423783,-27.3222359992293,0.0 -51.742409,-27.3222572992293,0.0 -51.7424399,-27.3222774992293,0.0 -51.7424851,-27.3223062992293,0.0 -51.7425185,-27.3223285992293,0.0 -51.7425382,-27.3223425992293,0.0 -51.7425606,-27.3223598992293,0.0 -51.7425799,-27.3223763992293,0.0 -51.7425884,-27.3223841992293,0.0 -51.7426031,-27.3223990992293,0.0 -51.742615,-27.3224132992293,0.0 -51.7426202,-27.3224202992293,0.0 -51.7426298,-27.3224348992293,0.0 -51.742639,-27.3224506992293,0.0 -51.7426484,-27.3224684992293,0.0 -51.7426671,-27.3225065992293,0.0 -51.742683,-27.3225418992293,0.0 -51.7426895,-27.3225582992293,0.0 -51.7426953,-27.3225753992293,0.0 -51.7427007,-27.3225944992293,0.0 -51.7427059,-27.3226162992293,0.0 -51.7427135,-27.3226528992293,0.0 -51.7427261,-27.3227174992293,0.0 -51.7427308,-27.3227395992292,0.0 -51.7427363,-27.3227622992293,0.0 -51.7427393,-27.3227731992293,0.0 -51.742746,-27.3227939992293,0.0 -51.7427534,-27.3228134992293,0.0 -51.7427654,-27.3228406992293,0.0 -51.7427777,-27.3228657992292,0.0 -51.7428069,-27.3229228992293,0.0 -51.7428152,-27.3229404992293,0.0 -51.742822,-27.3229576992293,0.0 -51.7428239,-27.3229635992293,0.0 -51.7428272,-27.3229759992293,0.0 -51.742831,-27.3229962992292,0.0 -51.7428329,-27.3230109992293,0.0 -51.7428343,-27.3230267992293,0.0 -51.7428355,-27.3230529992293,0.0 -51.7428353,-27.3230832992292,0.0 -51.742834,-27.3231064992293,0.0 -51.7428307,-27.3231449992292,0.0 -51.7428212,-27.3232360992292,0.0 -51.7428169,-27.3232701992292,0.0 -51.7428135,-27.3232901992292,0.0 -51.7428116,-27.3232991992292,0.0 -51.7428071,-27.3233156992292,0.0 -51.7428016,-27.3233307992292,0.0 -51.7427984,-27.3233379992292,0.0 -51.742791,-27.3233521992292,0.0 -51.742782,-27.3233667992292,0.0 -51.7427767,-27.3233742992292,0.0 -51.7427647,-27.3233901992292,0.0 -51.74275,-27.3234072992292,0.0 -51.7427417,-27.3234163992292,0.0 -51.7427227,-27.3234357992292,0.0 -51.7427018,-27.3234560992292,0.0 -51.7426799,-27.3234765992292,0.0 -51.7426477,-27.3235060992292,0.0 -51.7425453,-27.3235982992292,0.0 -51.742523,-27.3236190992292,0.0 -51.7425001,-27.3236410992292,0.0 -51.7424767,-27.3236644992292,0.0 -51.7424416,-27.3237010992292,0.0 -51.7424088,-27.3237363992292,0.0 -51.7423462,-27.3238046992292,0.0 -51.7423189,-27.3238336992292,0.0 -51.7422881,-27.3238651992292,0.0 -51.7422664,-27.3238862992292,0.0 -51.7422554,-27.3238963992292,0.0 -51.7422445,-27.3239061992292,0.0 -51.7422227,-27.3239245992292,0.0 -51.7422116,-27.3239333992292,0.0 -51.7421884,-27.3239510992292,0.0 -51.7420704,-27.3240372992292,0.0 -51.7420405,-27.3240587992292,0.0 -51.7420148,-27.3240766992292,0.0 -51.7419935,-27.3240909992292,0.0 -51.7419656,-27.3241083992292,0.0 -51.7418669,-27.3241653992292,0.0 -51.741843,-27.3241794992292,0.0 -51.7418199,-27.3241936992292,0.0 -51.7417979,-27.3242075992292,0.0 -51.7417772,-27.3242212992292,0.0 -51.7417293,-27.3242545992292,0.0 -51.7417183,-27.3242616992292,0.0 -51.7417059,-27.3242690992292,0.0 -51.7416919,-27.3242769992292,0.0 -51.7416759,-27.3242853992292,0.0 -51.7416576,-27.3242944992292,0.0 -51.7416374,-27.3243039992292,0.0 -51.7415934,-27.3243236992292,0.0 -51.7415257,-27.3243525992292,0.0 -51.7414667,-27.3243766992292,0.0 -51.7414197,-27.3243948992292,0.0 -51.7413815,-27.3244083992292,0.0 -51.7413702,-27.3244119992292,0.0 -51.741349,-27.3244182992292,0.0 -51.7413374,-27.3244212992292,0.0 -51.7412972,-27.3244305992292,0.0 -51.7412624,-27.3244376992292,0.0 -51.7411665,-27.3244563992292,0.0 -51.7411327,-27.3244634992292,0.0 -51.7411104,-27.3244685992292,0.0 -51.7410769,-27.3244768992292,0.0 -51.7410549,-27.3244829992292,0.0 -51.7410336,-27.3244893992292,0.0 -51.7410132,-27.3244960992292,0.0 -51.7409937,-27.3245030992292,0.0 -51.7409745,-27.3245105992292,0.0 -51.7409552,-27.3245186992292,0.0 -51.7409351,-27.3245276992292,0.0 -51.7409141,-27.3245372992292,0.0 -51.7408819,-27.3245526992292,0.0 -51.7407997,-27.3245932992292,0.0 -51.7407828,-27.3246011992292,0.0 -51.740768,-27.3246074992292,0.0 -51.740754,-27.3246125992292,0.0 -51.7407388,-27.3246174992292,0.0 -51.7406601,-27.3246400992292,0.0 -51.7406339,-27.3246480992292,0.0 -51.7406095,-27.3246561992292,0.0 -51.7405877,-27.3246642992292,0.0 -51.7405685,-27.3246721992292,0.0 -51.7405519,-27.3246796992292,0.0 -51.7405314,-27.3246901992292,0.0 -51.7405197,-27.3246972992292,0.0 -51.740514,-27.3247011992292,0.0 -51.7405083,-27.3247054992292,0.0 -51.740496,-27.3247154992292,0.0 -51.7404821,-27.3247279992292,0.0 -51.7404362,-27.3247703992292,0.0 -51.7404216,-27.3247829992292,0.0 -51.7404065,-27.3247952992292,0.0 -51.7403795,-27.3248161992292,0.0 -51.7402999,-27.3248763992292,0.0 -51.7402706,-27.3248991992292,0.0 -51.7402433,-27.3249211992292,0.0 -51.7402187,-27.3249419992292,0.0 -51.740196,-27.3249621992292,0.0 -51.7401529,-27.3250023992292,0.0 -51.7401209,-27.3250338992292,0.0 -51.7401001,-27.3250556992292,0.0 -51.7400804,-27.3250781992292,0.0 -51.740062,-27.3251012992292,0.0 -51.7400455,-27.3251244992292,0.0 -51.7400313,-27.3251468992292,0.0 -51.7400251,-27.3251576992292,0.0 -51.7400197,-27.3251679992292,0.0 -51.7400151,-27.3251778992292,0.0 -51.7400111,-27.3251872992292,0.0 -51.7400079,-27.3251962992292,0.0 -51.7400054,-27.3252050992292,0.0 -51.7400034,-27.3252136992292,0.0 -51.740002,-27.3252220992292,0.0 -51.7400011,-27.3252305992292,0.0 -51.7400007,-27.3252389992292,0.0 -51.7400007,-27.3252475992292,0.0 -51.7400011,-27.3252562992292,0.0 -51.740002,-27.3252650992292,0.0 -51.7400033,-27.3252739992292,0.0 -51.7400051,-27.3252829992292,0.0 -51.7400073,-27.3252919992292,0.0 -51.74001,-27.3253010992292,0.0 -51.7400132,-27.3253101992292,0.0 -51.7400169,-27.3253193992292,0.0 -51.740021,-27.3253285992292,0.0 -51.7400256,-27.3253376992292,0.0 -51.7400306,-27.3253466992292,0.0 -51.740036,-27.3253556992292,0.0 -51.7400417,-27.3253643992292,0.0 -51.7400478,-27.3253729992292,0.0 -51.7400542,-27.3253813992292,0.0 -51.740061,-27.3253893992292,0.0 -51.7400752,-27.3254050992292,0.0 -51.7401115,-27.3254408992292,0.0 -51.7401486,-27.3254786992292,0.0 -51.7401655,-27.3254977992292,0.0 -51.7401821,-27.3255178992292,0.0 -51.7401901,-27.3255283992292,0.0 -51.7402307,-27.3255845992292,0.0 -51.740249,-27.3256085992292,0.0 -51.7402589,-27.3256208992292,0.0 -51.74028,-27.3256456992292,0.0 -51.7403022,-27.3256702992292,0.0 -51.7403248,-27.3256940992292,0.0 -51.7403471,-27.3257164992292,0.0 -51.7403689,-27.3257371992292,0.0 -51.7403799,-27.3257469992292,0.0 -51.7403909,-27.3257563992292,0.0 -51.7404022,-27.3257653992292,0.0 -51.7404138,-27.3257740992292,0.0 -51.7404258,-27.3257823992292,0.0 -51.7404382,-27.3257903992292,0.0 -51.7404634,-27.3258053992292,0.0 -51.7405099,-27.3258320992292,0.0 -51.7405195,-27.3258380992292,0.0 -51.7405279,-27.3258438992292,0.0 -51.7405352,-27.3258494992292,0.0 -51.7405415,-27.3258549992292,0.0 -51.740547,-27.3258604992292,0.0 -51.7405517,-27.3258660992292,0.0 -51.7405559,-27.3258717992292,0.0 -51.7405595,-27.3258775992292,0.0 -51.740566,-27.3258900992292,0.0 -51.740569,-27.3258967992292,0.0 -51.7405743,-27.3259106992292,0.0 -51.7405811,-27.3259322992292,0.0 -51.7405848,-27.3259466992292,0.0 -51.740588,-27.3259609992292,0.0 -51.7405907,-27.3259756992292,0.0 -51.7405929,-27.3259912992292,0.0 -51.7405976,-27.3260365992292,0.0 -51.7406005,-27.3260584992292,0.0 -51.7406025,-27.3260703992292,0.0 -51.7406081,-27.3260963992292,0.0 -51.7406265,-27.3261670992292,0.0 -51.7406323,-27.3261928992292,0.0 -51.7406343,-27.3262043992292,0.0 -51.7406357,-27.3262148992292,0.0 -51.7406365,-27.3262246992292,0.0 -51.7406368,-27.3262336992292,0.0 -51.7406366,-27.3262420992292,0.0 -51.740636,-27.3262500992292,0.0 -51.740635,-27.3262576992292,0.0 -51.740632,-27.3262720992292,0.0 -51.7406301,-27.3262791992292,0.0 -51.7406251,-27.3262936992292,0.0 -51.740622,-27.3263011992292,0.0 -51.7406141,-27.3263174992292,0.0 -51.7406037,-27.3263359992292,0.0 -51.7405975,-27.3263462992292,0.0 -51.740583,-27.3263686992292,0.0 -51.7405655,-27.3263934992292,0.0 -51.7405449,-27.3264205992292,0.0 -51.7405212,-27.3264497992292,0.0 -51.7404817,-27.3264957992292,0.0 -51.7404403,-27.3265418992292,0.0 -51.7403624,-27.3266270992292,0.0 -51.7403395,-27.3266529992292,0.0 -51.7403187,-27.3266774992292,0.0 -51.7402807,-27.3267231992292,0.0 -51.7402622,-27.3267443992292,0.0 -51.7402431,-27.3267648992292,0.0 -51.740203,-27.3268059992292,0.0 -51.740182,-27.3268279992292,0.0 -51.7401713,-27.3268396992292,0.0 -51.7401495,-27.3268644992292,0.0 -51.7401154,-27.3269053992292,0.0 -51.7400795,-27.3269506992292,0.0 -51.7400429,-27.3269987992292,0.0 -51.7400086,-27.3270459992292,0.0 -51.7399884,-27.3270749992292,0.0 -51.7399794,-27.3270885992292,0.0 -51.7399633,-27.3271139992292,0.0 -51.7399496,-27.3271375992292,0.0 -51.7399382,-27.3271597992292,0.0 -51.7399287,-27.3271807992292,0.0 -51.7399247,-27.3271909992292,0.0 -51.7399176,-27.3272103992292,0.0 -51.7399119,-27.3272284992292,0.0 -51.7399073,-27.3272452992292,0.0 -51.7399015,-27.3272703992292,0.0 -51.739898,-27.3272900992292,0.0 -51.7398945,-27.3273146992292,0.0 -51.7398868,-27.3273808992292,0.0 -51.7398774,-27.3274753992292,0.0 -51.7398715,-27.3275458992292,0.0 -51.7398681,-27.3275983992292,0.0 -51.739866,-27.3276521992292,0.0 -51.7398656,-27.3276872992292,0.0 -51.7398659,-27.3277040992292,0.0 -51.7398666,-27.3277201992292,0.0 -51.7398676,-27.3277352992292,0.0 -51.7398691,-27.3277494992292,0.0 -51.7398709,-27.3277626992292,0.0 -51.7398732,-27.3277753992292,0.0 -51.7398758,-27.3277874992292,0.0 -51.7398818,-27.3278112992292,0.0 -51.7398927,-27.3278485992292,0.0 -51.7399053,-27.3278900992292,0.0 -51.7399196,-27.3279346992292,0.0 -51.7399302,-27.3279652992292,0.0 -51.7399519,-27.3280252992292,0.0 -51.7399614,-27.3280526992292,0.0 -51.739969,-27.3280769992292,0.0 -51.739972,-27.3280879992292,0.0 -51.7399744,-27.3280984992291,0.0 -51.7399762,-27.3281087992292,0.0 -51.7399776,-27.3281190992291,0.0 -51.7399784,-27.3281294992292,0.0 -51.7399787,-27.3281401992292,0.0 -51.7399786,-27.3281515992292,0.0 -51.739978,-27.3281635992291,0.0 -51.7399757,-27.3281890992291,0.0 -51.7399725,-27.3282146992292,0.0 -51.739967,-27.3282490992292,0.0 -51.7399618,-27.3282757992292,0.0 -51.7399574,-27.3282932992291,0.0 -51.7399474,-27.3283277992292,0.0 -51.7399259,-27.3283969992291,0.0 -51.7399078,-27.3284515992292,0.0 -51.7398972,-27.3284811992291,0.0 -51.7398878,-27.3285041992291,0.0 -51.7398832,-27.3285141992292,0.0 -51.7398733,-27.3285335992291,0.0 -51.7398612,-27.3285548992291,0.0 -51.739813,-27.3286379992291,0.0 -51.7397982,-27.3286649992291,0.0 -51.7397919,-27.3286769992291,0.0 -51.7397815,-27.3286986992291,0.0 -51.7397773,-27.3287086992291,0.0 -51.7397702,-27.3287283992291,0.0 -51.7397644,-27.3287491992291,0.0 -51.7397617,-27.3287603992291,0.0 -51.7397568,-27.3287845992291,0.0 -51.73975,-27.3288231992291,0.0 -51.7397402,-27.3288863992291,0.0 -51.7397336,-27.3289220992291,0.0 -51.739728,-27.3289452992291,0.0 -51.7397248,-27.3289567992291,0.0 -51.7397177,-27.3289791992291,0.0 -51.7397036,-27.3290201992291,0.0 -51.7396982,-27.3290375992291,0.0 -51.7396947,-27.3290530992291,0.0 -51.7396936,-27.3290604992291,0.0 -51.739693,-27.3290676992291,0.0 -51.7396929,-27.3290750992291,0.0 -51.7396934,-27.3290825992291,0.0 -51.7396944,-27.3290904992291,0.0 -51.7396959,-27.3290988992291,0.0 -51.7397003,-27.3291165992291,0.0 -51.7397062,-27.3291349992291,0.0 -51.7397095,-27.3291440992291,0.0 -51.7397166,-27.3291619992291,0.0 -51.7397241,-27.3291785992291,0.0 -51.739732,-27.3291948992291,0.0 -51.7397745,-27.3292754992291,0.0 -51.7397958,-27.3293182992291,0.0 -51.7398116,-27.3293516992291,0.0 -51.7398369,-27.3294074992291,0.0 -51.7398537,-27.3294459992291,0.0 -51.7398848,-27.3295197992291,0.0 -51.7398968,-27.3295490992291,0.0 -51.7399072,-27.3295755992291,0.0 -51.739915,-27.3295967992291,0.0 -51.7399201,-27.3296122992291,0.0 -51.7399226,-27.3296229992291,0.0 -51.7399231,-27.3296269992291,0.0 -51.7399231,-27.3296303992291,0.0 -51.739922,-27.3296357992291,0.0 -51.739921,-27.3296381992291,0.0 -51.7399183,-27.3296426992291,0.0 -51.7399147,-27.3296468992291,0.0 -51.7399018,-27.3296603992291,0.0 -51.7398976,-27.3296654992291,0.0 -51.7398938,-27.3296709992291,0.0 -51.7398907,-27.3296768992291,0.0 -51.7398895,-27.3296802992291,0.0 -51.7398874,-27.3296889992291,0.0 -51.7398858,-27.3297017992291,0.0 -51.7398844,-27.3297206992291,0.0 -51.7398786,-27.3298323992291,0.0 -51.7398745,-27.3298863992291,0.0 -51.7398711,-27.3299220992291,0.0 -51.7398571,-27.3300577992291,0.0 -51.7398521,-27.3301005992291,0.0 -51.739846,-27.3301439992291,0.0 -51.7398424,-27.3301655992291,0.0 -51.7398341,-27.3302085992291,0.0 -51.7398245,-27.3302509992291,0.0 -51.7398044,-27.3303341992291,0.0 -51.7397948,-27.3303750992291,0.0 -51.739786,-27.3304156992291,0.0 -51.7397778,-27.3304564992291,0.0 -51.7397703,-27.3304976992291,0.0 -51.7397636,-27.3305393992291,0.0 -51.7397575,-27.3305804992291,0.0 -51.7397448,-27.3306727992291,0.0 -51.7397403,-27.3307028992291,0.0 -51.7397359,-27.3307291992291,0.0 -51.7397314,-27.3307517992291,0.0 -51.7397266,-27.3307711992291,0.0 -51.739724,-27.3307797992291,0.0 -51.7397185,-27.3307947992291,0.0 -51.7397155,-27.3308012992291,0.0 -51.7397094,-27.3308125992291,0.0 -51.7397063,-27.3308174992291,0.0 -51.7396996,-27.3308257992291,0.0 -51.7396926,-27.3308325992291,0.0 -51.7396849,-27.3308382992291,0.0 -51.7396764,-27.3308430992291,0.0 -51.739667,-27.3308473992291,0.0 -51.7396565,-27.3308512992291,0.0 -51.7396449,-27.3308544992291,0.0 -51.739632,-27.3308571992291,0.0 -51.7396251,-27.3308581992291,0.0 -51.7396103,-27.3308597992291,0.0 -51.7395948,-27.3308607992291,0.0 -51.7395788,-27.3308610992291,0.0 -51.7395627,-27.3308606992291,0.0 -51.7395462,-27.3308596992291,0.0 -51.7395282,-27.3308575992291,0.0 -51.7395075,-27.3308541992291,0.0 -51.7394959,-27.3308519992291,0.0 -51.7394697,-27.3308460992291,0.0 -51.7394401,-27.3308384992291,0.0 -51.739408,-27.3308289992291,0.0 -51.7393913,-27.3308235992291,0.0 -51.7393744,-27.3308175992291,0.0 -51.7393572,-27.3308111992291,0.0 -51.7393224,-27.3307970992291,0.0 -51.7392167,-27.3307515992291,0.0 -51.7391654,-27.3307308992291,0.0 -51.7391335,-27.3307189992291,0.0 -51.7391046,-27.3307088992291,0.0 -51.7390792,-27.3307009992291,0.0 -51.7390572,-27.3306950992291,0.0 -51.7390473,-27.3306927992291,0.0 -51.7390291,-27.3306891992291,0.0 -51.7390128,-27.3306867992291,0.0 -51.738998,-27.3306853992291,0.0 -51.7389843,-27.3306845992291,0.0 -51.7389654,-27.3306844992291,0.0 -51.7389478,-27.3306850992291,0.0 -51.7389173,-27.3306866992291,0.0 -51.7389045,-27.3306867992291,0.0 -51.7388959,-27.3306863992291,0.0 -51.7388869,-27.3306853992291,0.0 -51.7388698,-27.3306823992291,0.0 -51.7388264,-27.3306720992291,0.0 -51.738658,-27.3306300992291,0.0 -51.7385718,-27.3306093992291,0.0 -51.7384669,-27.3305857992291,0.0 -51.7382906,-27.3305478992291,0.0 -51.7382597,-27.3305407992291,0.0 -51.73823,-27.3305335992291,0.0 -51.7381887,-27.3305228992291,0.0 -51.7381541,-27.3305128992291,0.0 -51.7381281,-27.3305043992291,0.0 -51.738087,-27.3304888992291,0.0 -51.7380766,-27.3304855992291,0.0 -51.7380703,-27.3304838992291,0.0 -51.738061,-27.3304821992291,0.0 -51.7380515,-27.3304812992291,0.0 -51.7380412,-27.3304809992291,0.0 -51.7380195,-27.3304811992291,0.0 -51.7380098,-27.3304807992291,0.0 -51.738001,-27.3304795992291,0.0 -51.7379951,-27.3304779992291,0.0 -51.7379889,-27.3304755992291,0.0 -51.7379817,-27.3304717992291,0.0 -51.7379663,-27.3304619992291,0.0 -51.7379418,-27.3304447992291,0.0 -51.7378732,-27.3303953992291,0.0 -51.7378423,-27.3303740992291,0.0 -51.7378245,-27.3303626992291,0.0 -51.737816,-27.3303574992291,0.0 -51.7378074,-27.3303525992291,0.0 -51.7377894,-27.3303430992291,0.0 -51.7377694,-27.3303334992291,0.0 -51.7377584,-27.3303284992291,0.0 -51.7377201,-27.3303122992291,0.0 -51.7376719,-27.3302934992291,0.0 -51.7375402,-27.3302436992291,0.0 -51.7375074,-27.3302306992291,0.0 -51.7374767,-27.3302174992291,0.0 -51.7374455,-27.3302030992291,0.0 -51.737429,-27.3301949992291,0.0 -51.7373926,-27.3301762992291,0.0 -51.7373323,-27.3301437992291,0.0 -51.737243,-27.3300946992291,0.0 -51.7372069,-27.3300757992291,0.0 -51.7371873,-27.3300665992291,0.0 -51.737178,-27.3300626992291,0.0 -51.7371588,-27.3300555992291,0.0 -51.7371385,-27.3300491992291,0.0 -51.7371172,-27.3300438992291,0.0 -51.7370955,-27.3300396992291,0.0 -51.7370845,-27.3300381992291,0.0 -51.7370735,-27.3300370992291,0.0 -51.7370621,-27.3300364992291,0.0 -51.7370499,-27.3300364992291,0.0 -51.7370364,-27.3300371992291,0.0 -51.7370213,-27.3300386992291,0.0 -51.737004,-27.3300409992291,0.0 -51.7369843,-27.3300443992291,0.0 -51.7369616,-27.3300487992291,0.0 -51.7369357,-27.3300543992291,0.0 -51.7369071,-27.3300609992291,0.0 -51.7368442,-27.3300765992291,0.0 -51.7368111,-27.3300853992291,0.0 -51.7367446,-27.3301040992291,0.0 -51.7367126,-27.3301136992291,0.0 -51.736682,-27.3301232992291,0.0 -51.736653,-27.3301327992291,0.0 -51.7366257,-27.3301421992291,0.0 -51.7366,-27.3301514992291,0.0 -51.736576,-27.3301604992291,0.0 -51.7365331,-27.3301777992291,0.0 -51.7365142,-27.3301858992291,0.0 -51.7364816,-27.3302008992291,0.0 -51.7364547,-27.3302141992291,0.0 -51.7364223,-27.3302307992291,0.0 -51.7364039,-27.3302394992291,0.0 -51.7363872,-27.3302463992291,0.0 -51.7363645,-27.3302545992291,0.0 -51.736324,-27.3302679992291,0.0 -51.7363084,-27.3302726992291,0.0 -51.7362897,-27.3302778992291,0.0 -51.7362539,-27.3302871992291,0.0 -51.7361265,-27.3303186992291,0.0 -51.736077,-27.3303314992291,0.0 -51.7360477,-27.3303394992291,0.0 -51.7360229,-27.3303466992291,0.0 -51.7360018,-27.3303535992291,0.0 -51.7359831,-27.3303606992291,0.0 -51.7359742,-27.3303644992291,0.0 -51.7359567,-27.3303726992291,0.0 -51.735939,-27.3303820992291,0.0 -51.7359211,-27.3303927992291,0.0 -51.735912,-27.3303985992291,0.0 -51.7359029,-27.3304047992291,0.0 -51.7358569,-27.3304387992291,0.0 -51.7358193,-27.3304672992291,0.0 -51.7358056,-27.3304770992291,0.0 -51.7357754,-27.3304981992291,0.0 -51.7357432,-27.3305196992291,0.0 -51.7357117,-27.3305400992291,0.0 -51.7356717,-27.3305649992291,0.0 -51.7356512,-27.3305768992291,0.0 -51.7356333,-27.3305861992291,0.0 -51.7356247,-27.3305902992291,0.0 -51.7356067,-27.3305979992291,0.0 -51.7355751,-27.3306100992291,0.0 -51.7355053,-27.3306356992291,0.0 -51.7354834,-27.3306441992291,0.0 -51.7354629,-27.3306526992291,0.0 -51.7354443,-27.3306614992291,0.0 -51.7354357,-27.3306658992291,0.0 -51.7354277,-27.3306704992291,0.0 -51.7354201,-27.3306752992291,0.0 -51.7354127,-27.3306803992291,0.0 -51.7354055,-27.3306859992291,0.0 -51.7353982,-27.3306922992291,0.0 -51.7353907,-27.3306992992291,0.0 -51.7353829,-27.3307070992291,0.0 -51.7353656,-27.3307259992291,0.0 -51.7353563,-27.3307368992291,0.0 -51.7353371,-27.3307600992291,0.0 -51.7353188,-27.3307832992291,0.0 -51.735303,-27.3308040992291,0.0 -51.7352909,-27.3308210992291,0.0 -51.7352858,-27.3308287992291,0.0 -51.7352763,-27.3308443992291,0.0 -51.7352282,-27.3309316992291,0.0 -51.7352107,-27.3309628992291,0.0 -51.7351941,-27.3309911992291,0.0 -51.7351798,-27.3310138992291,0.0 -51.7351674,-27.3310315992291,0.0 -51.7351616,-27.3310389992291,0.0 -51.7351504,-27.3310519992291,0.0 -51.7351448,-27.3310577992291,0.0 -51.7351334,-27.3310689992291,0.0 -51.735122,-27.3310792992291,0.0 -51.7351112,-27.3310884992291,0.0 -51.7350973,-27.3310996992291,0.0 -51.7350888,-27.3311059992291,0.0 -51.7350781,-27.3311125992291,0.0 -51.7350711,-27.3311164992291,0.0 -51.7350523,-27.3311262992291,0.0 -51.7350256,-27.3311392992291,0.0 -51.7348864,-27.3312056992291,0.0 -51.7348345,-27.3312313992291,0.0 -51.7347973,-27.3312503992291,0.0 -51.7347109,-27.3312956992291,0.0 -51.7346166,-27.3313463992291,0.0 -51.7345298,-27.3313938992291,0.0 -51.734473,-27.3314257992291,0.0 -51.734423,-27.3314550992291,0.0 -51.734349,-27.3315001992291,0.0 -51.734319,-27.3315179992291,0.0 -51.7342873,-27.3315360992291,0.0 -51.7342087,-27.3315801992291,0.0 -51.7341815,-27.3315960992291,0.0 -51.7341572,-27.3316108992291,0.0 -51.7341221,-27.3316337992291,0.0 -51.7340677,-27.3316710992291,0.0 -51.734022,-27.3317034992291,0.0 -51.733993,-27.3317247992291,0.0 -51.7339798,-27.3317348992291,0.0 -51.7339678,-27.3317442992291,0.0 -51.7339468,-27.3317615992291,0.0 -51.7339289,-27.3317772992291,0.0 -51.7338886,-27.3318132992291,0.0 -51.7338716,-27.3318278992291,0.0 -51.733853,-27.3318432992291,0.0 -51.7338207,-27.3318687992291,0.0 -51.733723,-27.3319439992291,0.0 -51.7336737,-27.3319832992291,0.0 -51.7336408,-27.3320102992291,0.0 -51.7336096,-27.3320368992291,0.0 -51.733595,-27.3320495992291,0.0 -51.7335686,-27.3320735992291,0.0 -51.7335447,-27.3320961992291,0.0 -51.7334767,-27.3321623992291,0.0 -51.7333564,-27.3322776992291,0.0 -51.7333141,-27.3323195992291,0.0 -51.7332882,-27.3323461992291,0.0 -51.7332653,-27.3323709992291,0.0 -51.7332444,-27.3323946992291,0.0 -51.7332245,-27.3324182992291,0.0 -51.7331981,-27.3324503992291,0.0 -51.7331717,-27.3324823992291,0.0 -51.7331371,-27.3325236992291,0.0 -51.7331137,-27.3325508992291,0.0 -51.7330783,-27.3325902992291,0.0 -51.7330536,-27.3326167992291,0.0 -51.7330128,-27.3326597992291,0.0 -51.7329663,-27.3327080992291,0.0 -51.7329335,-27.3327415992291,0.0 -51.7329007,-27.3327741992291,0.0 -51.7328846,-27.3327897992291,0.0 -51.732869,-27.3328044992291,0.0 -51.7328391,-27.3328318992291,0.0 -51.7328105,-27.3328565992291,0.0 -51.7327966,-27.3328679992291,0.0 -51.7327696,-27.3328893992291,0.0 -51.7327564,-27.3328992992291,0.0 -51.7327303,-27.3329182992291,0.0 -51.7326643,-27.3329641992291,0.0 -51.7326228,-27.3329939992291,0.0 -51.732595,-27.3330149992291,0.0 -51.7325812,-27.3330256992291,0.0 -51.7325544,-27.3330473992291,0.0 -51.7325414,-27.3330583992291,0.0 -51.7325167,-27.3330802992291,0.0 -51.7324821,-27.3331127992291,0.0 -51.7324506,-27.3331437992291,0.0 -51.7323849,-27.3332097992291,0.0 -51.7323492,-27.3332444992291,0.0 -51.7323127,-27.3332787992291,0.0 -51.7323019,-27.3332882992291,0.0 -51.7322924,-27.3332960992291,0.0 -51.732283,-27.3333029992291,0.0 -51.7322727,-27.3333096992291,0.0 -51.7322666,-27.3333130992291,0.0 -51.7322594,-27.3333164992291,0.0 -51.7322505,-27.3333200992291,0.0 -51.7322396,-27.3333238992291,0.0 -51.7322263,-27.3333277992291,0.0 -51.7322102,-27.3333318992291,0.0 -51.7321908,-27.3333361992291,0.0 -51.7321878,-27.3333371992291,0.0 -51.7321837,-27.3333392992291,0.0 -51.7321791,-27.3333424992291,0.0 -51.7321747,-27.3333463992291,0.0 -51.7321696,-27.3333508992291,0.0 -51.7321646,-27.3333548992291,0.0 -51.7321578,-27.3333594992291,0.0 -51.7321467,-27.3333656992291,0.0 -51.7321358,-27.333371099229,0.0 -51.7321243,-27.3333758992291,0.0 -51.7321126,-27.3333799992291,0.0 -51.7321008,-27.3333835992291,0.0 -51.7320891,-27.3333865992291,0.0 -51.7320776,-27.3333891992291,0.0 -51.7320315,-27.3333981992291,0.0 -51.7320199,-27.3334007992291,0.0 -51.7320081,-27.3334036992291,0.0 -51.7319961,-27.333407099229,0.0 -51.7319841,-27.3334108992291,0.0 -51.7319722,-27.3334151992291,0.0 -51.7319604,-27.3334198992291,0.0 -51.7319488,-27.3334248992291,0.0 -51.7319376,-27.3334302992291,0.0 -51.7319269,-27.3334358992291,0.0 -51.7319168,-27.3334417992291,0.0 -51.7319072,-27.333447899229,0.0 -51.7318982,-27.3334541992291,0.0 -51.7318896,-27.3334608992291,0.0 -51.7318812,-27.3334679992291,0.0 -51.7318645,-27.333483699229,0.0 -51.7318372,-27.3335118992291,0.0 -51.7318169,-27.333533899229,0.0 -51.7317961,-27.333557999229,0.0 -51.7317858,-27.333570499229,0.0 -51.7317757,-27.3335831992291,0.0 -51.731766,-27.3335960992291,0.0 -51.7317569,-27.3336090992291,0.0 -51.7317399,-27.3336349992291,0.0 -51.731732,-27.333647899229,0.0 -51.7317174,-27.333673399229,0.0 -51.7316975,-27.333710299229,0.0 -51.7316689,-27.3337650992291,0.0 -51.7316544,-27.333791599229,0.0 -51.731645,-27.3338067992291,0.0 -51.731634,-27.333821899229,0.0 -51.7316198,-27.333838699229,0.0 -51.7316109,-27.333848399229,0.0 -51.7315891,-27.333870599229,0.0 -51.731563,-27.333895799229,0.0 -51.7315339,-27.333922199229,0.0 -51.7315033,-27.333948399229,0.0 -51.7314879,-27.333960999229,0.0 -51.7314561,-27.333985499229,0.0 -51.731422,-27.334010099229,0.0 -51.7314036,-27.334022799229,0.0 -51.7313632,-27.334049799229,0.0 -51.731293,-27.334094999229,0.0 -51.7312429,-27.334126499229,0.0 -51.731193,-27.334157199229,0.0 -51.731124,-27.334198799229,0.0 -51.7310258,-27.334256999229,0.0 -51.7309742,-27.334288299229,0.0 -51.7309428,-27.334307899229,0.0 -51.7309144,-27.334326099229,0.0 -51.7308894,-27.334342499229,0.0 -51.730868,-27.334356999229,0.0 -51.7308485,-27.334371199229,0.0 -51.7308387,-27.334378699229,0.0 -51.730818,-27.334395799229,0.0 -51.7308065,-27.334405799229,0.0 -51.7307802,-27.334429499229,0.0 -51.7307654,-27.334443399229,0.0 -51.7307331,-27.334475299229,0.0 -51.7307155,-27.334493299229,0.0 -51.7306971,-27.334512799229,0.0 -51.730678,-27.334533799229,0.0 -51.7306581,-27.334556299229,0.0 -51.7306164,-27.334605099229,0.0 -51.7305948,-27.334631299229,0.0 -51.7305505,-27.334686199229,0.0 -51.730528,-27.334714799229,0.0 -51.7304826,-27.334773299229,0.0 -51.7304375,-27.334832499229,0.0 -51.7303312,-27.334973199229,0.0 -51.7302932,-27.335022699229,0.0 -51.7302577,-27.335068199229,0.0 -51.730224,-27.335110699229,0.0 -51.7301916,-27.335150999229,0.0 -51.7301141,-27.335246099229,0.0 -51.7300858,-27.335281599229,0.0 -51.7300597,-27.335315599229,0.0 -51.7300476,-27.335331899229,0.0 -51.7300254,-27.335362999229,0.0 -51.729997,-27.335405199229,0.0 -51.7299746,-27.335440999229,0.0 -51.7299628,-27.335461499229,0.0 -51.729953,-27.335479699229,0.0 -51.7299449,-27.335495799229,0.0 -51.7299414,-27.335503399229,0.0 -51.7299383,-27.335511299229,0.0 -51.7299357,-27.335520599229,0.0 -51.7299336,-27.335532099229,0.0 -51.729932,-27.335546499229,0.0 -51.7299312,-27.335564899229,0.0 -51.729931,-27.335587899229,0.0 -51.7299268,-27.335612999229,0.0 -51.7299312,-27.335624399229,0.0 -51.7299634,-27.335712899229,0.0 -51.7300097,-27.335845999229,0.0 -51.7300262,-27.335891999229,0.0 -51.7300423,-27.335934499229,0.0 -51.7300595,-27.335976799229,0.0 -51.7300793,-27.336021899229,0.0 -51.7301028,-27.336071999229,0.0 -51.7301804,-27.336231699229,0.0 -51.7302218,-27.336319199229,0.0 -51.7302388,-27.336356499229,0.0 -51.7302558,-27.336393799229,0.0 -51.7303019,-27.336497699229,0.0 -51.7303173,-27.336531099229,0.0 -51.7303247,-27.336545999229,0.0 -51.7303318,-27.336559599229,0.0 -51.730339,-27.336572099229,0.0 -51.7303461,-27.336583299229,0.0 -51.7303534,-27.336593499229,0.0 -51.7303608,-27.336602699229,0.0 -51.7303686,-27.336611299229,0.0 -51.7303767,-27.336619299229,0.0 -51.7303854,-27.336626899229,0.0 -51.7303946,-27.336634399229,0.0 -51.7304153,-27.336649399229,0.0 -51.7304881,-27.336698299229,0.0 -51.7305122,-27.336715799229,0.0 -51.7305239,-27.336724999229,0.0 -51.7305355,-27.336734599229,0.0 -51.7305472,-27.336744899229,0.0 -51.7305591,-27.336755999229,0.0 -51.7305714,-27.336768099229,0.0 -51.7305842,-27.336781299229,0.0 -51.7305977,-27.336795899229,0.0 -51.730612,-27.336811799229,0.0 -51.730627,-27.336829099229,0.0 -51.7306587,-27.336867299229,0.0 -51.730692,-27.336909299229,0.0 -51.7307089,-27.336931399229,0.0 -51.7307429,-27.336977099229,0.0 -51.7308084,-27.337068199229,0.0 -51.7308384,-27.337109299229,0.0 -51.7308524,-27.337127599229,0.0 -51.7308656,-27.337144399229,0.0 -51.7309116,-27.337199499229,0.0 -51.7309312,-27.337224299229,0.0 -51.7309404,-27.337237099229,0.0 -51.7309493,-27.337250399229,0.0 -51.7309578,-27.337264599229,0.0 -51.7309659,-27.337279699229,0.0 -51.7309737,-27.337295799229,0.0 -51.730981,-27.337313199229,0.0 -51.7309879,-27.337331999229,0.0 -51.7309943,-27.337352199229,0.0 -51.7310003,-27.337374099229,0.0 -51.7310058,-27.337397699229,0.0 -51.7310107,-27.337422599229,0.0 -51.7310152,-27.337448199229,0.0 -51.7310192,-27.337473999229,0.0 -51.7310227,-27.337499499229,0.0 -51.731028,-27.337547299229,0.0 -51.73103,-27.337568599229,0.0 -51.7310323,-27.337604299229,0.0 -51.7310327,-27.337618999229,0.0 -51.7310327,-27.337631999229,0.0 -51.7310323,-27.337643599229,0.0 -51.7310314,-27.337653899229,0.0 -51.7310302,-27.337663199229,0.0 -51.7310287,-27.337671799229,0.0 -51.7310268,-27.337679899229,0.0 -51.7310246,-27.337687599229,0.0 -51.731022,-27.337694999229,0.0 -51.7310191,-27.337702199229,0.0 -51.7310123,-27.337716299229,0.0 -51.7310039,-27.337730799229,0.0 -51.7309886,-27.337754499229,0.0 -51.7309764,-27.337772199229,0.0 -51.7309551,-27.337801899229,0.0 -51.7308762,-27.337909899229,0.0 -51.7308488,-27.337945899229,0.0 -51.73083,-27.337968499229,0.0 -51.7308202,-27.337979299229,0.0 -51.7308101,-27.337989599229,0.0 -51.7307998,-27.337999399229,0.0 -51.7307784,-27.338017799229,0.0 -51.7307363,-27.338052599229,0.0 -51.7307265,-27.338061299229,0.0 -51.7307172,-27.338070199229,0.0 -51.7306993,-27.338088899229,0.0 -51.730662,-27.338130899229,0.0 -51.7306399,-27.338155099229,0.0 -51.7306145,-27.338181199229,0.0 -51.7305862,-27.338208399229,0.0 -51.7305712,-27.338221999229,0.0 -51.7305556,-27.338235499229,0.0 -51.7305396,-27.338248799229,0.0 -51.7305231,-27.338261699229,0.0 -51.7305063,-27.338274099229,0.0 -51.7304891,-27.338286099229,0.0 -51.7304717,-27.338297499229,0.0 -51.7304541,-27.338308299229,0.0 -51.7304362,-27.338318399229,0.0 -51.7304183,-27.338327799229,0.0 -51.7304002,-27.338336499229,0.0 -51.7303822,-27.338344299229,0.0 -51.7303641,-27.338351399229,0.0 -51.7303462,-27.338357699229,0.0 -51.7303284,-27.338363299229,0.0 -51.7303108,-27.338368199229,0.0 -51.7302935,-27.338372499229,0.0 -51.7302766,-27.338376199229,0.0 -51.7302601,-27.338379299229,0.0 -51.7302441,-27.338381999229,0.0 -51.730213,-27.338385999229,0.0 -51.7301977,-27.338387399229,0.0 -51.7301669,-27.338389599229,0.0 -51.730051,-27.338394599229,0.0 -51.7300196,-27.338396899229,0.0 -51.7300052,-27.338398499229,0.0 -51.7299919,-27.338400299229,0.0 -51.7299797,-27.338402599229,0.0 -51.7299682,-27.338405199229,0.0 -51.7299575,-27.338408199229,0.0 -51.7299473,-27.338411799229,0.0 -51.7299375,-27.338415799229,0.0 -51.7299278,-27.338420299229,0.0 -51.7299182,-27.338425399229,0.0 -51.7299085,-27.338431099229,0.0 -51.7298884,-27.338444399229,0.0 -51.7298779,-27.338451899229,0.0 -51.7298555,-27.338468999229,0.0 -51.7298307,-27.338488699229,0.0 -51.7297404,-27.338562299229,0.0 -51.7296876,-27.338604699229,0.0 -51.7296319,-27.338648499229,0.0 -51.7295766,-27.338690599229,0.0 -51.7295418,-27.338716299229,0.0 -51.7295086,-27.338739999229,0.0 -51.7293694,-27.338836299229,0.0 -51.7292908,-27.3388917992289,0.0 -51.7292511,-27.338920199229,0.0 -51.729212,-27.3389488992289,0.0 -51.7291738,-27.338977699229,0.0 -51.7291551,-27.3389920992289,0.0 -51.7291186,-27.3390212992289,0.0 -51.729101,-27.3390359992289,0.0 -51.7290838,-27.3390505992289,0.0 -51.7290512,-27.3390795992289,0.0 -51.7290216,-27.3391075992289,0.0 -51.7290082,-27.3391209992289,0.0 -51.7289957,-27.3391338992289,0.0 -51.7289843,-27.3391462992289,0.0 -51.7289738,-27.3391581992289,0.0 -51.7289642,-27.3391698992289,0.0 -51.7289551,-27.3391813992289,0.0 -51.7289384,-27.3392043992289,0.0 -51.7289224,-27.3392284992289,0.0 -51.7289062,-27.3392543992289,0.0 -51.72889,-27.3392816992289,0.0 -51.728874,-27.3393097992289,0.0 -51.7288588,-27.3393379992289,0.0 -51.7288235,-27.3394058992289,0.0 -51.728809,-27.3394312992289,0.0 -51.7288013,-27.3394433992289,0.0 -51.7287932,-27.3394551992289,0.0 -51.7287758,-27.3394783992289,0.0 -51.7287255,-27.3395404992289,0.0 -51.7287027,-27.3395700992289,0.0 -51.7286789,-27.3396029992289,0.0 -51.7286668,-27.3396205992289,0.0 -51.7286548,-27.3396389992289,0.0 -51.7286427,-27.3396580992289,0.0 -51.7286308,-27.3396777992289,0.0 -51.7286075,-27.3397194992289,0.0 -51.7285713,-27.3397870992289,0.0 -51.7285448,-27.3398356992289,0.0 -51.7285303,-27.3398610992289,0.0 -51.7285149,-27.3398871992289,0.0 -51.7284986,-27.3399139992289,0.0 -51.7284637,-27.3399695992289,0.0 -51.728426,-27.3400275992289,0.0 -51.7283027,-27.3402135992289,0.0 -51.7282378,-27.3403129992289,0.0 -51.728194,-27.3403816992289,0.0 -51.7281506,-27.3404518992289,0.0 -51.7281084,-27.3405225992289,0.0 -51.7280882,-27.3405578992289,0.0 -51.7280686,-27.3405927992289,0.0 -51.7280499,-27.3406274992289,0.0 -51.7280321,-27.3406615992289,0.0 -51.7280152,-27.3406951992289,0.0 -51.7279993,-27.3407279992289,0.0 -51.7279843,-27.3407599992289,0.0 -51.7279704,-27.3407910992289,0.0 -51.7279573,-27.3408209992289,0.0 -51.7279453,-27.3408497992289,0.0 -51.727924,-27.3409032992289,0.0 -51.7279149,-27.3409279992289,0.0 -51.7279066,-27.3409513992289,0.0 -51.7278993,-27.3409735992289,0.0 -51.7278928,-27.3409947992289,0.0 -51.7278873,-27.3410148992289,0.0 -51.7278825,-27.3410340992289,0.0 -51.7278786,-27.3410524992289,0.0 -51.7278755,-27.3410700992289,0.0 -51.7278733,-27.3410870992289,0.0 -51.7278718,-27.3411035992289,0.0 -51.7278711,-27.3411197992289,0.0 -51.7278712,-27.3411357992289,0.0 -51.7278721,-27.3411516992289,0.0 -51.7278738,-27.3411676992289,0.0 -51.7278763,-27.3411838992289,0.0 -51.7278795,-27.3412004992289,0.0 -51.7278837,-27.3412174992289,0.0 -51.7278887,-27.3412349992289,0.0 -51.7278948,-27.3412528992289,0.0 -51.727902,-27.3412712992289,0.0 -51.7279103,-27.3412901992289,0.0 -51.7279199,-27.3413097992289,0.0 -51.7279308,-27.3413298992289,0.0 -51.7279431,-27.3413506992289,0.0 -51.7279566,-27.3413718992289,0.0 -51.7279714,-27.3413935992289,0.0 -51.7279872,-27.3414153992289,0.0 -51.7280039,-27.3414373992289,0.0 -51.7280215,-27.3414593992289,0.0 -51.7280397,-27.3414811992289,0.0 -51.7280586,-27.3415026992289,0.0 -51.728078,-27.3415236992289,0.0 -51.7280978,-27.3415444992289,0.0 -51.7281181,-27.3415650992289,0.0 -51.7281389,-27.3415854992289,0.0 -51.7281818,-27.3416265992289,0.0 -51.7282725,-27.3417120992289,0.0 -51.7283189,-27.3417547992289,0.0 -51.7283418,-27.3417751992289,0.0 -51.7283643,-27.3417945992289,0.0 -51.7283863,-27.3418125992289,0.0 -51.7284075,-27.3418288992289,0.0 -51.7284278,-27.3418432992289,0.0 -51.7284473,-27.3418559992289,0.0 -51.728466,-27.3418673992289,0.0 -51.728484,-27.3418776992289,0.0 -51.7285346,-27.3419055992289,0.0 -51.7285505,-27.3419149992289,0.0 -51.7285661,-27.3419246992289,0.0 -51.7285815,-27.3419347992289,0.0 -51.7286409,-27.3419759992289,0.0 -51.7286555,-27.3419855992289,0.0 -51.7286702,-27.3419946992289,0.0 -51.7286849,-27.3420030992289,0.0 -51.7286997,-27.3420110992289,0.0 -51.728762,-27.3420421992289,0.0 -51.7287786,-27.3420509992289,0.0 -51.7287959,-27.3420605992289,0.0 -51.728814,-27.3420710992289,0.0 -51.7288743,-27.3421079992289,0.0 -51.7288971,-27.3421216992289,0.0 -51.7289218,-27.3421358992289,0.0 -51.7289484,-27.3421504992289,0.0 -51.7289772,-27.3421653992289,0.0 -51.7290084,-27.3421804992289,0.0 -51.7290419,-27.3421957992289,0.0 -51.729078,-27.3422112992289,0.0 -51.7291165,-27.3422271992289,0.0 -51.7291623,-27.3422450992289,0.0 -51.7292009,-27.3422596992289,0.0 -51.729247,-27.3422763992289,0.0 -51.7292956,-27.3422935992289,0.0 -51.7293467,-27.3423110992289,0.0 -51.7294553,-27.3423469992289,0.0 -51.7295699,-27.3423836992289,0.0 -51.7296876,-27.3424206992289,0.0 -51.7298642,-27.3424754992289,0.0 -51.7299792,-27.3425105992289,0.0 -51.7300908,-27.3425436992289,0.0 -51.7301449,-27.3425592992289,0.0 -51.7301977,-27.3425739992289,0.0 -51.7302492,-27.3425878992289,0.0 -51.7302994,-27.3426008992289,0.0 -51.7303488,-27.3426128992289,0.0 -51.7303975,-27.3426238992289,0.0 -51.7304459,-27.3426337992289,0.0 -51.7304941,-27.3426426992289,0.0 -51.7305426,-27.3426504992289,0.0 -51.7305915,-27.3426570992289,0.0 -51.730641,-27.3426625992289,0.0 -51.7306912,-27.3426668992289,0.0 -51.7307421,-27.3426702992289,0.0 -51.7307936,-27.3426726992289,0.0 -51.7308457,-27.3426743992289,0.0 -51.7308983,-27.3426752992289,0.0 -51.7309514,-27.3426755992289,0.0 -51.7310051,-27.3426752992289,0.0 -51.7310591,-27.3426745992289,0.0 -51.7311175,-27.3426732992289,0.0 -51.7311669,-27.3426717992289,0.0 -51.7312199,-27.3426696992289,0.0 -51.7312717,-27.3426671992289,0.0 -51.731322,-27.3426642992289,0.0 -51.7313704,-27.3426607992289,0.0 -51.7314165,-27.3426569992289,0.0 -51.7314599,-27.3426525992289,0.0 -51.7315007,-27.3426477992289,0.0 -51.7315391,-27.3426423992289,0.0 -51.7315751,-27.3426364992289,0.0 -51.731609,-27.3426298992289,0.0 -51.7316408,-27.3426226992289,0.0 -51.7316708,-27.3426146992289,0.0 -51.7316989,-27.3426059992289,0.0 -51.7317254,-27.3425964992289,0.0 -51.7317506,-27.3425860992289,0.0 -51.7317745,-27.3425747992289,0.0 -51.7317975,-27.3425625992289,0.0 -51.7318197,-27.3425492992289,0.0 -51.7318414,-27.3425348992289,0.0 -51.7318629,-27.3425193992289,0.0 -51.7318843,-27.3425025992289,0.0 -51.7319058,-27.3424846992289,0.0 -51.7319273,-27.3424656992289,0.0 -51.7319487,-27.3424458992289,0.0 -51.7319698,-27.3424253992289,0.0 -51.7319904,-27.3424045992289,0.0 -51.7320105,-27.3423834992289,0.0 -51.7320298,-27.3423624992289,0.0 -51.7320483,-27.3423417992289,0.0 -51.7320657,-27.3423214992289,0.0 -51.7321304,-27.3422440992289,0.0 -51.7321465,-27.3422254992289,0.0 -51.7321632,-27.3422071992289,0.0 -51.7321807,-27.3421890992289,0.0 -51.7321992,-27.3421711992289,0.0 -51.7322186,-27.3421534992289,0.0 -51.732239,-27.3421361992289,0.0 -51.7322603,-27.3421192992289,0.0 -51.7322824,-27.3421027992289,0.0 -51.7323052,-27.3420869992289,0.0 -51.7323287,-27.3420716992289,0.0 -51.7323529,-27.3420572992289,0.0 -51.7323776,-27.3420434992289,0.0 -51.7324026,-27.3420305992289,0.0 -51.7324278,-27.3420181992289,0.0 -51.7324529,-27.3420063992289,0.0 -51.7325253,-27.3419729992289,0.0 -51.7325477,-27.3419622992289,0.0 -51.732569,-27.3419516992289,0.0 -51.7325894,-27.3419407992289,0.0 -51.7326092,-27.3419296992289,0.0 -51.7326286,-27.3419178992289,0.0 -51.732648,-27.3419054992289,0.0 -51.7326676,-27.3418920992289,0.0 -51.7326878,-27.3418774992289,0.0 -51.7327088,-27.3418614992289,0.0 -51.732806,-27.3417845992289,0.0 -51.7328346,-27.3417628992289,0.0 -51.7328652,-27.3417406992289,0.0 -51.732898,-27.3417180992289,0.0 -51.7329332,-27.3416953992289,0.0 -51.732971,-27.3416725992289,0.0 -51.7330113,-27.3416496992289,0.0 -51.7330537,-27.3416265992289,0.0 -51.7330981,-27.3416029992289,0.0 -51.733241,-27.3415279992289,0.0 -51.7332913,-27.3415010992289,0.0 -51.7333424,-27.3414730992289,0.0 -51.733394,-27.3414441992289,0.0 -51.7334455,-27.3414146992289,0.0 -51.7334966,-27.3413849992289,0.0 -51.7335468,-27.3413553992289,0.0 -51.7335955,-27.3413262992289,0.0 -51.7336868,-27.3412704992289,0.0 -51.7337678,-27.3412195992289,0.0 -51.7338047,-27.3411957992289,0.0 -51.7338396,-27.3411728992289,0.0 -51.7338728,-27.3411505992289,0.0 -51.7339046,-27.3411287992289,0.0 -51.7339352,-27.3411072992289,0.0 -51.7339649,-27.3410858992289,0.0 -51.733994,-27.3410644992289,0.0 -51.7340495,-27.3410223992289,0.0 -51.7341005,-27.3409823992289,0.0 -51.7341993,-27.3409030992289,0.0 -51.7342144,-27.3408915992289,0.0 -51.7342288,-27.3408812992289,0.0 -51.734243,-27.3408722992289,0.0 -51.7342574,-27.3408642992289,0.0 -51.7342725,-27.3408572992289,0.0 -51.7342887,-27.3408511992289,0.0 -51.7343064,-27.3408457992289,0.0 -51.7343255,-27.3408410992289,0.0 -51.7343458,-27.3408371992289,0.0 -51.734367,-27.3408337992289,0.0 -51.734389,-27.3408310992289,0.0 -51.7344115,-27.3408287992289,0.0 -51.7344343,-27.3408270992289,0.0 -51.7344573,-27.3408258992289,0.0 -51.7344802,-27.3408250992289,0.0 -51.734503,-27.3408246992289,0.0 -51.7345255,-27.3408246992289,0.0 -51.7345478,-27.3408250992289,0.0 -51.7345698,-27.3408258992289,0.0 -51.7345914,-27.3408270992289,0.0 -51.7346125,-27.3408286992289,0.0 -51.7346332,-27.3408306992289,0.0 -51.7346533,-27.3408330992289,0.0 -51.7346727,-27.3408357992289,0.0 -51.7346915,-27.3408388992289,0.0 -51.7347096,-27.3408423992289,0.0 -51.7347268,-27.3408461992289,0.0 -51.7347433,-27.3408503992289,0.0 -51.7347589,-27.3408548992289,0.0 -51.7347735,-27.3408596992289,0.0 -51.7347873,-27.3408647992289,0.0 -51.7348002,-27.3408702992289,0.0 -51.7348126,-27.3408760992289,0.0 -51.7348247,-27.3408822992289,0.0 -51.7348367,-27.3408887992289,0.0 -51.7349026,-27.3409273992289,0.0 -51.7349346,-27.3409454992289,0.0 -51.7349522,-27.3409549992289,0.0 -51.7349906,-27.3409749992289,0.0 -51.7350116,-27.3409852992289,0.0 -51.7350572,-27.3410065992289,0.0 -51.7351066,-27.3410280992289,0.0 -51.7351582,-27.3410491992289,0.0 -51.7352107,-27.3410692992289,0.0 -51.7352369,-27.3410787992289,0.0 -51.735263,-27.3410877992289,0.0 -51.735289,-27.3410962992289,0.0 -51.735315,-27.3411043992289,0.0 -51.735341,-27.3411119992289,0.0 -51.735367,-27.3411190992289,0.0 -51.7353932,-27.3411256992289,0.0 -51.7354195,-27.3411317992289,0.0 -51.7354459,-27.3411372992289,0.0 -51.7354724,-27.3411421992289,0.0 -51.7354988,-27.3411466992289,0.0 -51.7355251,-27.3411506992289,0.0 -51.735551,-27.3411541992289,0.0 -51.7355764,-27.3411571992289,0.0 -51.7356255,-27.3411620992289,0.0 -51.7356488,-27.3411638992289,0.0 -51.7356928,-27.3411665992289,0.0 -51.7357133,-27.3411673992289,0.0 -51.7357509,-27.3411680992289,0.0 -51.7357679,-27.3411680992289,0.0 -51.7357978,-27.3411672992289,0.0 -51.7358227,-27.3411655992289,0.0 -51.7358335,-27.3411641992289,0.0 -51.7358433,-27.3411625992289,0.0 -51.7358522,-27.3411604992289,0.0 -51.7358603,-27.3411580992289,0.0 -51.7358677,-27.3411552992289,0.0 -51.7358746,-27.3411519992289,0.0 -51.735881,-27.3411482992289,0.0 -51.7358933,-27.3411397992289,0.0 -51.73592,-27.3411187992289,0.0 -51.7359367,-27.3411067992289,0.0 -51.7359559,-27.3410943992289,0.0 -51.7359662,-27.3410881992289,0.0 -51.7359883,-27.3410759992289,0.0 -51.7360119,-27.3410645992289,0.0 -51.7360245,-27.3410590992289,0.0 -51.7360379,-27.3410536992289,0.0 -51.7360525,-27.3410481992289,0.0 -51.7360861,-27.3410365992289,0.0 -51.7361277,-27.3410234992289,0.0 -51.7361788,-27.3410082992289,0.0 -51.7363842,-27.3409486992289,0.0 -51.7366648,-27.3408656992289,0.0 -51.7367392,-27.3408425992289,0.0 -51.7367964,-27.3408291992289,0.0 -51.7368152,-27.3408247992289,0.0 -51.7368328,-27.3408210992289,0.0 -51.7368497,-27.3408180992289,0.0 -51.7368663,-27.3408154992289,0.0 -51.7368832,-27.3408133992289,0.0 -51.7369004,-27.3408117992289,0.0 -51.7369179,-27.3408105992289,0.0 -51.7369359,-27.3408100992289,0.0 -51.7369542,-27.3408100992289,0.0 -51.736973,-27.3408107992289,0.0 -51.7369923,-27.3408122992289,0.0 -51.737012,-27.3408145992289,0.0 -51.7370323,-27.3408175992289,0.0 -51.7370529,-27.3408214992289,0.0 -51.7370739,-27.3408260992289,0.0 -51.7370951,-27.3408312992289,0.0 -51.7371164,-27.3408370992289,0.0 -51.7371376,-27.3408434992289,0.0 -51.7371587,-27.3408502992289,0.0 -51.7371796,-27.3408575992289,0.0 -51.7372002,-27.3408651992289,0.0 -51.7372204,-27.3408730992289,0.0 -51.7372404,-27.3408814992289,0.0 -51.73726,-27.3408900992289,0.0 -51.7372794,-27.3408991992289,0.0 -51.7372985,-27.3409085992289,0.0 -51.7373174,-27.3409182992289,0.0 -51.737336,-27.3409284992289,0.0 -51.7373544,-27.3409388992289,0.0 -51.7373725,-27.3409496992289,0.0 -51.73739,-27.3409605992289,0.0 -51.7374069,-27.3409715992289,0.0 -51.7374231,-27.3409824992289,0.0 -51.7374384,-27.3409932992289,0.0 -51.7374526,-27.3410038992289,0.0 -51.7374656,-27.3410140992289,0.0 -51.7374774,-27.3410238992289,0.0 -51.7374879,-27.3410332992289,0.0 -51.7374972,-27.3410423992289,0.0 -51.7375054,-27.3410511992289,0.0 -51.7375126,-27.3410596992289,0.0 -51.7375188,-27.3410679992289,0.0 -51.7375241,-27.3410760992289,0.0 -51.7375286,-27.3410841992289,0.0 -51.7375323,-27.3410920992289,0.0 -51.7375353,-27.3410998992289,0.0 -51.7375375,-27.3411076992289,0.0 -51.737539,-27.3411152992289,0.0 -51.7375397,-27.3411227992289,0.0 -51.7375397,-27.3411301992289,0.0 -51.737539,-27.3411373992289,0.0 -51.7375375,-27.3411443992289,0.0 -51.7375353,-27.3411511992289,0.0 -51.7375325,-27.3411578992289,0.0 -51.737529,-27.3411642992289,0.0 -51.7375251,-27.3411705992289,0.0 -51.7375162,-27.3411823992289,0.0 -51.7375114,-27.3411879992289,0.0 -51.7375012,-27.3411985992289,0.0 -51.737449,-27.3412477992289,0.0 -51.7374242,-27.3412720992289,0.0 -51.737396,-27.3413011992289,0.0 -51.7373813,-27.3413171992289,0.0 -51.7373667,-27.3413337992289,0.0 -51.7373523,-27.3413508992289,0.0 -51.7373386,-27.3413683992289,0.0 -51.7373257,-27.3413858992289,0.0 -51.7373136,-27.3414034992289,0.0 -51.7373023,-27.3414207992289,0.0 -51.737262,-27.3414850992289,0.0 -51.7372528,-27.3414990992289,0.0 -51.7372437,-27.3415120992289,0.0 -51.7372344,-27.3415240992289,0.0 -51.7372249,-27.3415355992289,0.0 -51.7372148,-27.3415466992289,0.0 -51.7372039,-27.3415576992289,0.0 -51.737192,-27.3415687992289,0.0 -51.7371787,-27.3415803992289,0.0 -51.737164,-27.3415926992289,0.0 -51.73713,-27.3416197992289,0.0 -51.7370918,-27.3416490992289,0.0 -51.736964,-27.3417458992289,0.0 -51.7369341,-27.3417680992289,0.0 -51.736906,-27.3417878992289,0.0 -51.7368923,-27.3417968992289,0.0 -51.7368652,-27.3418132992289,0.0 -51.7368258,-27.3418361992289,0.0 -51.7368131,-27.3418440992289,0.0 -51.7368008,-27.3418521992289,0.0 -51.7367888,-27.3418608992289,0.0 -51.7367772,-27.3418701992289,0.0 -51.7367659,-27.3418802992289,0.0 -51.7367545,-27.3418912992289,0.0 -51.736743,-27.3419032992289,0.0 -51.7367312,-27.3419164992289,0.0 -51.7367189,-27.3419309992289,0.0 -51.7366919,-27.3419644992289,0.0 -51.736661,-27.3420042992289,0.0 -51.7365567,-27.3421408992289,0.0 -51.7365055,-27.3422061992289,0.0 -51.7364719,-27.3422472992289,0.0 -51.7364379,-27.3422871992289,0.0 -51.7364028,-27.3423261992289,0.0 -51.7363667,-27.3423644992289,0.0 -51.7362477,-27.3424867992289,0.0 -51.736089,-27.3426535992289,0.0 -51.7360453,-27.3427002992289,0.0 -51.7360232,-27.3427245992289,0.0 -51.7360012,-27.3427491992289,0.0 -51.7359796,-27.3427739992289,0.0 -51.7359585,-27.3427989992289,0.0 -51.735938,-27.3428237992289,0.0 -51.735843,-27.3429428992289,0.0 -51.7358252,-27.3429646992289,0.0 -51.7357909,-27.3430054992289,0.0 -51.7357175,-27.3430894992289,0.0 -51.7356959,-27.3431155992289,0.0 -51.7356871,-27.3431271992289,0.0 -51.7356794,-27.3431378992289,0.0 -51.7356728,-27.3431480992289,0.0 -51.7356671,-27.3431576992289,0.0 -51.7356623,-27.3431670992289,0.0 -51.7356581,-27.3431762992289,0.0 -51.7356546,-27.3431855992289,0.0 -51.7356516,-27.3431949992289,0.0 -51.735649,-27.3432045992289,0.0 -51.7356469,-27.3432142992289,0.0 -51.7356453,-27.3432240992289,0.0 -51.7356441,-27.3432339992289,0.0 -51.7356434,-27.3432438992289,0.0 -51.7356431,-27.3432537992289,0.0 -51.7356432,-27.3432636992289,0.0 -51.7356438,-27.3432735992289,0.0 -51.7356449,-27.3432834992289,0.0 -51.7356466,-27.3432935992289,0.0 -51.7356491,-27.3433039992289,0.0 -51.7356524,-27.3433147992289,0.0 -51.7356568,-27.3433260992289,0.0 -51.7356622,-27.3433379992289,0.0 -51.7356689,-27.3433505992289,0.0 -51.735677,-27.3433639992289,0.0 -51.7356861,-27.3433781992289,0.0 -51.7356961,-27.3433929992289,0.0 -51.7357404,-27.3434557992289,0.0 -51.7357515,-27.3434718992289,0.0 -51.735762,-27.3434878992289,0.0 -51.7357722,-27.3435038992289,0.0 -51.7357819,-27.3435200992289,0.0 -51.7357912,-27.3435366992289,0.0 -51.7358002,-27.3435537992289,0.0 -51.735809,-27.3435714992289,0.0 -51.7358175,-27.3435899992289,0.0 -51.7358257,-27.3436094992289,0.0 -51.7358338,-27.3436299992289,0.0 -51.7358498,-27.3436737992289,0.0 -51.7358742,-27.3437443992289,0.0 -51.7358915,-27.3437930992289,0.0 -51.7359102,-27.3438418992288,0.0 -51.7359201,-27.3438661992289,0.0 -51.7359336,-27.3438975992289,0.0 -51.735941,-27.3439141992289,0.0 -51.7359519,-27.3439376992289,0.0 -51.7359633,-27.3439607992289,0.0 -51.735975,-27.3439834992289,0.0 -51.735987,-27.3440056992289,0.0 -51.7360236,-27.3440704992289,0.0 -51.7360354,-27.3440919992289,0.0 -51.7360467,-27.3441136992289,0.0 -51.7360573,-27.3441356992289,0.0 -51.7360671,-27.3441581992288,0.0 -51.7360759,-27.3441811992288,0.0 -51.7360838,-27.3442047992289,0.0 -51.7360909,-27.3442285992288,0.0 -51.7360971,-27.3442524992288,0.0 -51.7361025,-27.3442764992288,0.0 -51.7361072,-27.3443001992289,0.0 -51.7361113,-27.3443235992288,0.0 -51.7361148,-27.3443465992289,0.0 -51.7361178,-27.3443687992289,0.0 -51.7361203,-27.3443903992289,0.0 -51.7361222,-27.3444110992288,0.0 -51.7361236,-27.3444307992288,0.0 -51.7361245,-27.3444495992288,0.0 -51.7361248,-27.3444671992288,0.0 -51.7361246,-27.3444835992288,0.0 -51.7361238,-27.3444986992288,0.0 -51.7361226,-27.3445124992288,0.0 -51.7361208,-27.3445249992288,0.0 -51.7361185,-27.3445362992288,0.0 -51.7361159,-27.3445467992288,0.0 -51.7361128,-27.3445562992288,0.0 -51.7361094,-27.3445651992288,0.0 -51.7361057,-27.3445734992288,0.0 -51.7361018,-27.3445813992288,0.0 -51.7360976,-27.3445889992288,0.0 -51.7360775,-27.3446230992288,0.0 -51.7360713,-27.3446340992288,0.0 -51.7360572,-27.3446616992288,0.0 -51.7360406,-27.3446977992289,0.0 -51.7360222,-27.3447410992288,0.0 -51.736003,-27.3447896992288,0.0 -51.7359838,-27.3448413992288,0.0 -51.7359654,-27.3448941992288,0.0 -51.7359231,-27.3450213992288,0.0 -51.7359071,-27.3450665992288,0.0 -51.7358991,-27.3450876992288,0.0 -51.7358829,-27.3451285992288,0.0 -51.7358656,-27.3451693992288,0.0 -51.7358252,-27.3452594992288,0.0 -51.735803,-27.3453106992288,0.0 -51.7357921,-27.3453376992288,0.0 -51.7357815,-27.3453654992288,0.0 -51.7357714,-27.3453939992288,0.0 -51.7357622,-27.3454231992288,0.0 -51.7357538,-27.3454530992288,0.0 -51.7357463,-27.3454833992288,0.0 -51.7357394,-27.3455138992288,0.0 -51.7357142,-27.3456348992288,0.0 -51.7357076,-27.3456639992288,0.0 -51.7357006,-27.3456921992288,0.0 -51.7356934,-27.3457195992288,0.0 -51.7356714,-27.3457982992288,0.0 -51.7356646,-27.3458236992288,0.0 -51.7356582,-27.3458487992288,0.0 -51.7356525,-27.3458735992288,0.0 -51.7356476,-27.3458983992288,0.0 -51.7356434,-27.3459230992288,0.0 -51.7356399,-27.3459477992288,0.0 -51.7356369,-27.3459725992288,0.0 -51.7356344,-27.3459973992288,0.0 -51.7356306,-27.3460473992288,0.0 -51.7356267,-27.3461236992288,0.0 -51.735622,-27.3462406992288,0.0 -51.73562,-27.3462773992288,0.0 -51.7356188,-27.3462930992288,0.0 -51.7356173,-27.3463073992288,0.0 -51.7356154,-27.3463204992288,0.0 -51.7356131,-27.3463326992288,0.0 -51.7356103,-27.3463443992288,0.0 -51.7356068,-27.3463556992288,0.0 -51.7356026,-27.3463669992288,0.0 -51.7355975,-27.3463784992288,0.0 -51.7355917,-27.3463902992288,0.0 -51.735585,-27.3464023992288,0.0 -51.7355777,-27.3464148992288,0.0 -51.7355695,-27.3464277992288,0.0 -51.7355511,-27.3464546992288,0.0 -51.7355075,-27.3465141992288,0.0 -51.7354851,-27.3465456992288,0.0 -51.7354745,-27.3465615992288,0.0 -51.7354646,-27.3465774992288,0.0 -51.7354557,-27.3465932992288,0.0 -51.7354479,-27.3466089992288,0.0 -51.7354412,-27.3466243992288,0.0 -51.7354357,-27.3466396992288,0.0 -51.7354312,-27.3466547992288,0.0 -51.7354277,-27.3466697992288,0.0 -51.7354252,-27.3466845992288,0.0 -51.7354236,-27.3466991992288,0.0 -51.7354229,-27.3467136992288,0.0 -51.7354231,-27.3467280992288,0.0 -51.7354242,-27.3467424992288,0.0 -51.7354264,-27.3467569992288,0.0 -51.7354297,-27.3467718992288,0.0 -51.7354342,-27.3467871992288,0.0 -51.73544,-27.3468029992288,0.0 -51.7354472,-27.3468196992288,0.0 -51.7354559,-27.3468371992288,0.0 -51.7354661,-27.3468556992288,0.0 -51.7354778,-27.3468750992288,0.0 -51.7354907,-27.3468952992288,0.0 -51.7355048,-27.3469160992288,0.0 -51.7355199,-27.3469374992288,0.0 -51.7355359,-27.3469592992288,0.0 -51.7355699,-27.3470034992288,0.0 -51.7356057,-27.3470479992288,0.0 -51.7356242,-27.3470700992288,0.0 -51.735662,-27.3471137992288,0.0 -51.7357005,-27.3471564992288,0.0 -51.7357393,-27.3471976992288,0.0 -51.7357784,-27.3472371992288,0.0 -51.7357981,-27.3472562992288,0.0 -51.735818,-27.3472748992288,0.0 -51.7358381,-27.3472930992288,0.0 -51.7358585,-27.3473108992288,0.0 -51.7358792,-27.3473281992288,0.0 -51.7359002,-27.3473450992288,0.0 -51.7359213,-27.3473613992288,0.0 -51.7359422,-27.3473769992288,0.0 -51.7359628,-27.3473918992288,0.0 -51.7359828,-27.3474057992288,0.0 -51.7360199,-27.3474303992288,0.0 -51.7360517,-27.3474499992288,0.0 -51.7361117,-27.3474840992288,0.0 -51.7361222,-27.3474905992288,0.0 -51.7361326,-27.3474973992288,0.0 -51.7361539,-27.3475129992288,0.0 -51.7362035,-27.3475519992288,0.0 -51.7362117,-27.3475578992288,0.0 -51.736219,-27.3475624992288,0.0 -51.7362256,-27.3475659992288,0.0 -51.7362317,-27.3475685992288,0.0 -51.7362375,-27.3475701992288,0.0 -51.7362432,-27.3475710992288,0.0 -51.7362489,-27.3475713992288,0.0 -51.7362613,-27.3475706992288,0.0 -51.7362847,-27.3475679992288,0.0 -51.7363041,-27.3475666992288,0.0 -51.7363149,-27.3475665992288,0.0 -51.7363267,-27.3475670992288,0.0 -51.7363393,-27.3475681992288,0.0 -51.7363529,-27.3475701992288,0.0 -51.7363673,-27.3475728992288,0.0 -51.7363823,-27.3475762992288,0.0 -51.736398,-27.3475803992288,0.0 -51.7364142,-27.3475851992288,0.0 -51.7364307,-27.3475904992288,0.0 -51.7364476,-27.3475963992288,0.0 -51.7364646,-27.3476027992288,0.0 -51.7364817,-27.3476095992288,0.0 -51.7365161,-27.3476242992288,0.0 -51.7365679,-27.3476473992288,0.0 -51.7366026,-27.3476624992288,0.0 -51.7366372,-27.3476764992288,0.0 -51.736672,-27.3476893992288,0.0 -51.7367071,-27.3477008992288,0.0 -51.7367248,-27.3477060992288,0.0 -51.7367425,-27.3477109992288,0.0 -51.7367605,-27.3477155992288,0.0 -51.7368412,-27.3477350992288,0.0 -51.7368655,-27.3477414992288,0.0 -51.7368922,-27.3477489992288,0.0 -51.7369218,-27.3477577992288,0.0 -51.7369543,-27.3477680992288,0.0 -51.7369893,-27.3477796992288,0.0 -51.7370262,-27.3477922992288,0.0 -51.7370643,-27.3478057992288,0.0 -51.7371413,-27.3478341992288,0.0 -51.737215,-27.3478626992288,0.0 -51.737249,-27.3478763992288,0.0 -51.7373111,-27.3479025992288,0.0 -51.7373394,-27.3479149992288,0.0 -51.7373912,-27.3479388992288,0.0 -51.7374149,-27.3479502992288,0.0 -51.7374587,-27.3479722992288,0.0 -51.7374985,-27.3479935992288,0.0 -51.7375173,-27.3480041992288,0.0 -51.7375356,-27.3480148992288,0.0 -51.7375712,-27.3480368992288,0.0 -51.7376065,-27.3480603992288,0.0 -51.7376242,-27.3480726992288,0.0 -51.7376418,-27.3480854992288,0.0 -51.7376593,-27.3480985992288,0.0 -51.7376765,-27.3481121992288,0.0 -51.7376933,-27.3481260992288,0.0 -51.7377096,-27.3481402992288,0.0 -51.7377254,-27.3481548992288,0.0 -51.7377406,-27.3481697992288,0.0 -51.7377552,-27.3481849992288,0.0 -51.7377693,-27.3482006992288,0.0 -51.7377829,-27.3482167992288,0.0 -51.7377962,-27.3482332992288,0.0 -51.737809,-27.3482504992288,0.0 -51.7378216,-27.3482681992288,0.0 -51.737834,-27.3482864992288,0.0 -51.7378462,-27.3483055992288,0.0 -51.7378582,-27.3483252992288,0.0 -51.7378698,-27.3483457992288,0.0 -51.7378812,-27.3483669992288,0.0 -51.7378921,-27.3483889992288,0.0 -51.7379025,-27.3484118992288,0.0 -51.7379123,-27.3484355992288,0.0 -51.7379216,-27.3484600992288,0.0 -51.7379301,-27.3484855992288,0.0 -51.7379381,-27.3485115992288,0.0 -51.7379455,-27.3485378992288,0.0 -51.7379589,-27.3485900992288,0.0 -51.7379766,-27.3486625992288,0.0 -51.738001,-27.3487552992288,0.0 -51.7380079,-27.3487835992288,0.0 -51.7380105,-27.3487961992288,0.0 -51.7380125,-27.3488079992288,0.0 -51.7380138,-27.3488188992288,0.0 -51.7380145,-27.3488289992288,0.0 -51.7380146,-27.3488383992288,0.0 -51.7380141,-27.3488470992288,0.0 -51.7380131,-27.3488551992288,0.0 -51.7380116,-27.3488627992288,0.0 -51.7380096,-27.3488697992288,0.0 -51.7380071,-27.3488764992288,0.0 -51.7380041,-27.3488826992288,0.0 -51.7380007,-27.3488884992288,0.0 -51.7379968,-27.3488938992288,0.0 -51.7379923,-27.3488989992288,0.0 -51.7379874,-27.3489037992288,0.0 -51.737982,-27.3489081992288,0.0 -51.7379762,-27.3489123992288,0.0 -51.7379698,-27.3489163992288,0.0 -51.737963,-27.3489200992288,0.0 -51.7379483,-27.3489271992288,0.0 -51.7379167,-27.3489410992288,0.0 -51.7379007,-27.3489486992288,0.0 -51.7378847,-27.3489573992288,0.0 -51.7378686,-27.3489676992287,0.0 -51.7378605,-27.3489735992288,0.0 -51.7378523,-27.3489799992288,0.0 -51.737844,-27.3489869992287,0.0 -51.7378355,-27.3489946992288,0.0 -51.7378179,-27.3490120992288,0.0 -51.7377888,-27.3490434992287,0.0 -51.7377552,-27.3490815992288,0.0 -51.7377311,-27.3491101992288,0.0 -51.7377069,-27.3491404992288,0.0 -51.7376951,-27.3491560992288,0.0 -51.7376836,-27.3491718992288,0.0 -51.7376727,-27.3491877992288,0.0 -51.7376623,-27.3492035992287,0.0 -51.7376526,-27.3492192992287,0.0 -51.7376436,-27.3492346992287,0.0 -51.7376354,-27.3492497992288,0.0 -51.7376279,-27.3492642992288,0.0 -51.7376213,-27.3492782992288,0.0 -51.7376156,-27.3492915992287,0.0 -51.7376109,-27.3493039992287,0.0 -51.737607,-27.3493156992288,0.0 -51.737604,-27.3493266992287,0.0 -51.7376017,-27.3493370992288,0.0 -51.7376001,-27.3493468992287,0.0 -51.737599,-27.3493560992288,0.0 -51.7375985,-27.3493649992288,0.0 -51.7375983,-27.3493733992287,0.0 -51.7375991,-27.3493893992288,0.0 -51.7376,-27.3493970992288,0.0 -51.7376026,-27.3494122992287,0.0 -51.7376062,-27.3494275992288,0.0 -51.7376157,-27.3494607992288,0.0 -51.7376204,-27.3494785992288,0.0 -51.7376241,-27.3494970992287,0.0 -51.7376254,-27.3495064992287,0.0 -51.7376262,-27.3495159992288,0.0 -51.7376264,-27.3495256992287,0.0 -51.7376262,-27.3495356992288,0.0 -51.7376253,-27.3495458992287,0.0 -51.7376239,-27.3495565992287,0.0 -51.7376218,-27.3495677992287,0.0 -51.7376192,-27.3495794992287,0.0 -51.7376159,-27.3495917992287,0.0 -51.737612,-27.3496048992287,0.0 -51.7376022,-27.3496337992288,0.0 -51.7375486,-27.3497786992287,0.0 -51.7375288,-27.3498345992287,0.0 -51.7375084,-27.3498949992287,0.0 -51.7374882,-27.3499583992287,0.0 -51.7374785,-27.3499907992287,0.0 -51.73745,-27.3500894992287,0.0 -51.7374304,-27.3501557992287,0.0 -51.73742,-27.3501889992287,0.0 -51.7374091,-27.3502219992287,0.0 -51.7373977,-27.3502548992287,0.0 -51.7373856,-27.3502874992287,0.0 -51.7373728,-27.3503200992287,0.0 -51.7373593,-27.3503525992287,0.0 -51.737345,-27.3503848992287,0.0 -51.7373301,-27.3504172992287,0.0 -51.7373143,-27.3504495992287,0.0 -51.7372977,-27.3504818992287,0.0 -51.7372804,-27.3505141992287,0.0 -51.7372624,-27.3505463992287,0.0 -51.7372442,-27.3505782992287,0.0 -51.7371907,-27.3506703992287,0.0 -51.7371586,-27.3507268992287,0.0 -51.7371444,-27.3507531992287,0.0 -51.7371313,-27.3507782992287,0.0 -51.7370861,-27.3508675992287,0.0 -51.7370754,-27.3508875992287,0.0 -51.7370672,-27.3509021992287,0.0 -51.7370533,-27.3509255992287,0.0 -51.7370416,-27.3509436992287,0.0 -51.7370293,-27.3509611992287,0.0 -51.7370164,-27.3509780992287,0.0 -51.7370029,-27.3509944992287,0.0 -51.7369885,-27.3510103992287,0.0 -51.7369733,-27.3510256992287,0.0 -51.7369572,-27.3510405992287,0.0 -51.7369401,-27.3510550992287,0.0 -51.736922,-27.3510691992287,0.0 -51.7369028,-27.3510828992287,0.0 -51.7368825,-27.3510964992287,0.0 -51.736861,-27.3511097992287,0.0 -51.7368383,-27.3511229992287,0.0 -51.7368143,-27.3511360992287,0.0 -51.7367891,-27.3511492992287,0.0 -51.7367626,-27.3511624992287,0.0 -51.7367348,-27.3511757992287,0.0 -51.7367061,-27.3511889992287,0.0 -51.7366764,-27.3512022992287,0.0 -51.7366459,-27.3512154992287,0.0 -51.7365834,-27.3512415992287,0.0 -51.7364877,-27.3512799992287,0.0 -51.7364559,-27.3512928992287,0.0 -51.7364243,-27.3513061992287,0.0 -51.7363933,-27.3513199992287,0.0 -51.7363628,-27.3513344992287,0.0 -51.7363331,-27.3513498992287,0.0 -51.7363044,-27.3513662992287,0.0 -51.7362767,-27.3513838992287,0.0 -51.7362498,-27.3514026992287,0.0 -51.7362238,-27.3514226992287,0.0 -51.7361983,-27.3514437992287,0.0 -51.7361733,-27.3514660992287,0.0 -51.7361486,-27.3514894992287,0.0 -51.736124,-27.3515139992287,0.0 -51.7360994,-27.3515395992287,0.0 -51.7360746,-27.3515662992287,0.0 -51.7360497,-27.3515938992287,0.0 -51.7360249,-27.3516222992287,0.0 -51.7360004,-27.3516512992287,0.0 -51.7359763,-27.3516808992287,0.0 -51.7359527,-27.3517108992287,0.0 -51.7359297,-27.3517411992287,0.0 -51.7359076,-27.3517715992287,0.0 -51.7358864,-27.3518020992287,0.0 -51.7358658,-27.3518326992287,0.0 -51.7358456,-27.3518635992287,0.0 -51.7357831,-27.3519594992287,0.0 -51.7357606,-27.3519930992287,0.0 -51.7357368,-27.3520275992287,0.0 -51.7357113,-27.3520632992287,0.0 -51.7356844,-27.3520997992287,0.0 -51.7356563,-27.3521369992287,0.0 -51.7356273,-27.3521745992287,0.0 -51.7355976,-27.3522121992287,0.0 -51.7355676,-27.3522496992287,0.0 -51.7355076,-27.3523230992287,0.0 -51.7353656,-27.3524922992287,0.0 -51.7353134,-27.3525554992287,0.0 -51.7352885,-27.3525864992287,0.0 -51.7352645,-27.3526171992287,0.0 -51.7351737,-27.3527352992287,0.0 -51.7351515,-27.3527631992287,0.0 -51.7351293,-27.3527902992287,0.0 -51.7351069,-27.3528164992287,0.0 -51.735084,-27.3528416992287,0.0 -51.7350607,-27.3528660992287,0.0 -51.7350371,-27.3528896992287,0.0 -51.735013,-27.3529126992287,0.0 -51.7349884,-27.3529352992287,0.0 -51.7349635,-27.3529574992287,0.0 -51.7349381,-27.3529794992287,0.0 -51.734886,-27.3530234992287,0.0 -51.7348592,-27.3530454992287,0.0 -51.7348318,-27.3530673992287,0.0 -51.7348036,-27.3530893992287,0.0 -51.7347745,-27.3531111992287,0.0 -51.7347445,-27.3531328992287,0.0 -51.7347134,-27.3531544992287,0.0 -51.7346812,-27.3531757992287,0.0 -51.7346477,-27.3531968992287,0.0 -51.7346134,-27.3532176992287,0.0 -51.7345787,-27.3532377992287,0.0 -51.7345438,-27.3532572992287,0.0 -51.7345094,-27.3532759992287,0.0 -51.7344756,-27.3532936992287,0.0 -51.7344431,-27.3533101992287,0.0 -51.7344121,-27.3533254992287,0.0 -51.7343829,-27.3533392992287,0.0 -51.7343554,-27.3533517992287,0.0 -51.7343294,-27.3533629992287,0.0 -51.7343044,-27.3533729992287,0.0 -51.7342803,-27.3533817992287,0.0 -51.7342568,-27.3533894992287,0.0 -51.7342335,-27.3533960992287,0.0 -51.7342103,-27.3534017992287,0.0 -51.7341869,-27.3534066992287,0.0 -51.7341633,-27.3534105992287,0.0 -51.7341396,-27.3534138992287,0.0 -51.7341161,-27.3534163992287,0.0 -51.7340927,-27.3534183992287,0.0 -51.7340697,-27.3534197992287,0.0 -51.7340471,-27.3534207992287,0.0 -51.7340251,-27.3534213992287,0.0 -51.7339831,-27.3534215992287,0.0 -51.7339447,-27.3534205992287,0.0 -51.733927,-27.3534196992287,0.0 -51.7338954,-27.3534170992287,0.0 -51.7338817,-27.3534153992287,0.0 -51.7338694,-27.3534134992287,0.0 -51.7338583,-27.3534112992287,0.0 -51.7338483,-27.3534085992287,0.0 -51.733839,-27.3534053992287,0.0 -51.7338302,-27.3534016992287,0.0 -51.7338216,-27.3533971992287,0.0 -51.7338131,-27.3533917992287,0.0 -51.7338042,-27.3533855992287,0.0 -51.7337949,-27.3533783992287,0.0 -51.733785,-27.3533700992287,0.0 -51.7337634,-27.3533504992287,0.0 -51.7337514,-27.3533389992287,0.0 -51.7337252,-27.3533125992287,0.0 -51.733679,-27.3532643992287,0.0 -51.7336258,-27.3532066992287,0.0 -51.7335875,-27.3531637992287,0.0 -51.7335678,-27.3531412992287,0.0 -51.7335067,-27.3530693992287,0.0 -51.7333173,-27.3528412992287,0.0 -51.7332658,-27.3527798992287,0.0 -51.7332163,-27.3527215992287,0.0 -51.7331712,-27.3526692992287,0.0 -51.7330508,-27.3525324992287,0.0 -51.7330071,-27.3524820992287,0.0 -51.7329593,-27.3524259992287,0.0 -51.7328008,-27.3522387992287,0.0 -51.7327467,-27.3521757992287,0.0 -51.7326945,-27.3521163992287,0.0 -51.7326695,-27.3520887992287,0.0 -51.7326455,-27.3520630992287,0.0 -51.7326227,-27.3520395992287,0.0 -51.7326013,-27.3520184992287,0.0 -51.7325811,-27.3519995992287,0.0 -51.732562,-27.3519824992287,0.0 -51.7325439,-27.3519670992287,0.0 -51.7325265,-27.3519527992287,0.0 -51.732462,-27.3519016992287,0.0 -51.7324301,-27.3518755992287,0.0 -51.7324134,-27.3518613992287,0.0 -51.7323769,-27.3518297992287,0.0 -51.7323567,-27.3518118992287,0.0 -51.732311,-27.3517705992287,0.0 -51.7322307,-27.3516962992287,0.0 -51.7321727,-27.3516412992287,0.0 -51.732114,-27.3515843992287,0.0 -51.7320278,-27.3514992992287,0.0 -51.7319994,-27.3514715992287,0.0 -51.7319712,-27.3514444992287,0.0 -51.7319429,-27.3514182992287,0.0 -51.7319144,-27.3513928992287,0.0 -51.7318858,-27.3513685992287,0.0 -51.731857,-27.3513453992287,0.0 -51.7318281,-27.3513234992287,0.0 -51.7317994,-27.3513027992287,0.0 -51.7317712,-27.3512831992287,0.0 -51.7317435,-27.3512647992287,0.0 -51.7317168,-27.3512474992287,0.0 -51.7316668,-27.3512162992287,0.0 -51.7315844,-27.3511658992287,0.0 -51.7315517,-27.3511450992287,0.0 -51.7315372,-27.3511354992287,0.0 -51.731524,-27.3511260992287,0.0 -51.731512,-27.3511169992287,0.0 -51.731501,-27.3511079992287,0.0 -51.7314908,-27.3510986992287,0.0 -51.7314813,-27.3510890992287,0.0 -51.7314724,-27.3510789992287,0.0 -51.7314637,-27.3510680992287,0.0 -51.7314553,-27.3510561992287,0.0 -51.7314468,-27.3510431992287,0.0 -51.7314382,-27.3510288992287,0.0 -51.7314294,-27.3510132992287,0.0 -51.7314205,-27.3509962992287,0.0 -51.7314113,-27.3509779992287,0.0 -51.731402,-27.3509584992287,0.0 -51.7313829,-27.3509156992287,0.0 -51.7313631,-27.3508680992287,0.0 -51.7313132,-27.3507413992287,0.0 -51.7312946,-27.3506956992287,0.0 -51.7312775,-27.3506564992287,0.0 -51.7312694,-27.3506390992287,0.0 -51.7312613,-27.3506227992287,0.0 -51.7312532,-27.3506075992287,0.0 -51.731245,-27.3505930992287,0.0 -51.7312365,-27.3505790992287,0.0 -51.7312277,-27.3505653992287,0.0 -51.7312185,-27.3505517992287,0.0 -51.7312088,-27.3505383992287,0.0 -51.7311986,-27.3505252992287,0.0 -51.7311878,-27.3505125992287,0.0 -51.7311766,-27.3505002992287,0.0 -51.7311648,-27.3504885992287,0.0 -51.7311524,-27.3504774992287,0.0 -51.7311394,-27.3504670992287,0.0 -51.7311259,-27.3504575992287,0.0 -51.7311118,-27.3504488992287,0.0 -51.7310974,-27.3504409992287,0.0 -51.7310827,-27.3504338992287,0.0 -51.7310678,-27.3504276992287,0.0 -51.731053,-27.3504221992287,0.0 -51.7310383,-27.3504175992287,0.0 -51.7310239,-27.3504137992287,0.0 -51.7310097,-27.3504106992287,0.0 -51.7309958,-27.3504084992287,0.0 -51.7309821,-27.3504070992287,0.0 -51.7309683,-27.3504065992287,0.0 -51.7309544,-27.3504068992287,0.0 -51.7309404,-27.3504079992287,0.0 -51.7309259,-27.3504100992287,0.0 -51.7309111,-27.3504129992287,0.0 -51.7308956,-27.3504168992287,0.0 -51.7308796,-27.3504216992287,0.0 -51.730863,-27.3504273992287,0.0 -51.7308458,-27.3504341992287,0.0 -51.730828,-27.3504418992287,0.0 -51.7308095,-27.3504507992287,0.0 -51.7307905,-27.3504606992287,0.0 -51.7307707,-27.3504716992287,0.0 -51.7307503,-27.3504837992287,0.0 -51.7307295,-27.3504969992287,0.0 -51.7307083,-27.3505112992287,0.0 -51.7306869,-27.3505265992287,0.0 -51.7306655,-27.3505426992287,0.0 -51.7306443,-27.3505597992287,0.0 -51.7306233,-27.3505776992287,0.0 -51.7306029,-27.3505963992287,0.0 -51.730583,-27.3506157992287,0.0 -51.7305637,-27.3506363992287,0.0 -51.7305448,-27.3506583992287,0.0 -51.7305264,-27.3506823992287,0.0 -51.7305082,-27.3507085992287,0.0 -51.7304903,-27.3507373992287,0.0 -51.7304724,-27.3507692992287,0.0 -51.7304547,-27.3508044992287,0.0 -51.730437,-27.3508433992287,0.0 -51.7304194,-27.3508852992287,0.0 -51.7304021,-27.3509294992287,0.0 -51.7303853,-27.3509750992287,0.0 -51.7303692,-27.3510214992287,0.0 -51.7303539,-27.3510678992287,0.0 -51.7303396,-27.3511134992287,0.0 -51.7303265,-27.3511575992287,0.0 -51.7303147,-27.3511993992287,0.0 -51.730304,-27.3512390992287,0.0 -51.7302945,-27.3512764992287,0.0 -51.7302858,-27.3513117992287,0.0 -51.7302575,-27.3514332992287,0.0 -51.7302511,-27.3514590992287,0.0 -51.7302444,-27.3514838992287,0.0 -51.7302367,-27.3515084992287,0.0 -51.7302274,-27.3515337992287,0.0 -51.7302159,-27.3515603992287,0.0 -51.7302016,-27.3515892992287,0.0 -51.730184,-27.3516210992287,0.0 -51.7301624,-27.3516567992287,0.0 -51.7301365,-27.3516966992287,0.0 -51.730107,-27.3517400992287,0.0 -51.7300748,-27.3517856992287,0.0 -51.7300409,-27.3518322992287,0.0 -51.7300062,-27.3518787992287,0.0 -51.7299717,-27.3519240992287,0.0 -51.7299383,-27.3519667992287,0.0 -51.7299069,-27.3520057992287,0.0 -51.7298783,-27.3520402992287,0.0 -51.7298521,-27.3520706992287,0.0 -51.7298279,-27.3520976992287,0.0 -51.7298052,-27.3521219992287,0.0 -51.7297834,-27.3521442992287,0.0 -51.729762,-27.3521654992287,0.0 -51.7296953,-27.3522287992287,0.0 -51.7294591,-27.3524502992287,0.0 -51.7294312,-27.3524770992287,0.0 -51.7294027,-27.3525050992287,0.0 -51.7293733,-27.3525345992287,0.0 -51.7293429,-27.3525659992287,0.0 -51.7293113,-27.3525996992287,0.0 -51.7292782,-27.3526360992287,0.0 -51.7292437,-27.3526752992287,0.0 -51.7292081,-27.3527166992287,0.0 -51.7291722,-27.3527595992287,0.0 -51.7291366,-27.3528028992287,0.0 -51.7291018,-27.3528459992287,0.0 -51.7290686,-27.3528879992287,0.0 -51.7290375,-27.3529280992287,0.0 -51.7290091,-27.3529653992287,0.0 -51.728984,-27.3529993992287,0.0 -51.728962,-27.3530304992287,0.0 -51.7289429,-27.3530593992287,0.0 -51.7289262,-27.3530866992287,0.0 -51.7289117,-27.3531130992287,0.0 -51.7288991,-27.3531391992287,0.0 -51.7288881,-27.3531656992287,0.0 -51.7288783,-27.3531932992287,0.0 -51.7288697,-27.3532224992287,0.0 -51.7288621,-27.3532537992287,0.0 -51.7288555,-27.3532874992287,0.0 -51.7288501,-27.3533238992287,0.0 -51.7288458,-27.3533633992287,0.0 -51.7288428,-27.3534060992287,0.0 -51.728841,-27.3534525992287,0.0 -51.7288405,-27.3535029992287,0.0 -51.7288413,-27.3535575992287,0.0 -51.7288433,-27.3536151992287,0.0 -51.7288465,-27.3536748992287,0.0 -51.7288506,-27.3537353992287,0.0 -51.7288558,-27.3537954992287,0.0 -51.7288617,-27.3538541992287,0.0 -51.7288683,-27.3539100992287,0.0 -51.7288755,-27.3539622992287,0.0 -51.7288833,-27.3540096992287,0.0 -51.7288919,-27.3540529992287,0.0 -51.7289014,-27.3540930992287,0.0 -51.728912,-27.3541306992287,0.0 -51.7289241,-27.3541667992287,0.0 -51.7289379,-27.3542020992287,0.0 -51.7289535,-27.3542376992287,0.0 -51.7289712,-27.3542743992287,0.0 -51.7289911,-27.3543126992287,0.0 -51.729013,-27.3543524992287,0.0 -51.7290362,-27.3543934992287,0.0 -51.7290604,-27.3544351992287,0.0 -51.7291343,-27.3545603992287,0.0 -51.7291578,-27.3546008992287,0.0 -51.7291802,-27.3546402992286,0.0 -51.7292012,-27.3546786992287,0.0 -51.7292211,-27.3547165992286,0.0 -51.7292398,-27.3547544992286,0.0 -51.7292574,-27.3547927992286,0.0 -51.7292741,-27.3548317992286,0.0 -51.7292897,-27.3548719992286,0.0 -51.7293044,-27.3549137992286,0.0 -51.7293182,-27.3549574992287,0.0 -51.7293313,-27.3550029992286,0.0 -51.7293437,-27.3550503992286,0.0 -51.7293555,-27.3550993992286,0.0 -51.7293667,-27.3551498992286,0.0 -51.7293776,-27.3552018992286,0.0 -51.7293882,-27.3552550992286,0.0 -51.7293985,-27.3553094992286,0.0 -51.7294187,-27.3554208992286,0.0 -51.7294283,-27.3554770992286,0.0 -51.7294466,-27.3555878992286,0.0 -51.7294629,-27.3556936992286,0.0 -51.7294702,-27.3557434992286,0.0 -51.7294888,-27.3558775992286,0.0 -51.7294947,-27.3559172992286,0.0 -51.7295008,-27.3559545992286,0.0 -51.7295074,-27.3559894992286,0.0 -51.7295147,-27.3560220992286,0.0 -51.7295228,-27.3560525992286,0.0 -51.7295321,-27.3560808992286,0.0 -51.7295425,-27.3561075992286,0.0 -51.7295539,-27.3561332992286,0.0 -51.7295663,-27.3561585992286,0.0 -51.7295796,-27.3561839992286,0.0 -51.7296244,-27.3562664992286,0.0 -51.7296408,-27.3562981992286,0.0 -51.7296575,-27.3563337992286,0.0 -51.7296743,-27.3563747992286,0.0 -51.7296907,-27.3564228992286,0.0 -51.7297065,-27.3564794992286,0.0 -51.7297213,-27.3565460992286,0.0 -51.7297257,-27.3565952992286,0.0 -51.7297283,-27.3566250992286,0.0 -51.7297302,-27.3567075992286,0.0 -51.7297607,-27.3566826992286,0.0 -51.7297902,-27.3566569992286,0.0 -51.7298195,-27.3566302992286,0.0 -51.7299114,-27.3565438992286,0.0 -51.7299455,-27.3565126992286,0.0 -51.7299824,-27.3564799992286,0.0 -51.7300225,-27.3564459992286,0.0 -51.7300665,-27.3564105992286,0.0 -51.7301145,-27.3563739992286,0.0 -51.730167,-27.3563361992286,0.0 -51.7302243,-27.3562972992286,0.0 -51.7302869,-27.3562574992286,0.0 -51.730355,-27.3562167992286,0.0 -51.7304291,-27.3561752992286,0.0 -51.7305093,-27.3561331992286,0.0 -51.7305949,-27.3560904992286,0.0 -51.730685,-27.3560473992286,0.0 -51.7307787,-27.3560038992286,0.0 -51.7308752,-27.3559600992286,0.0 -51.7309735,-27.3559161992286,0.0 -51.731368,-27.3557412992286,0.0 -51.7315601,-27.3556564992286,0.0 -51.7316545,-27.3556153992286,0.0 -51.7317477,-27.3555754992286,0.0 -51.7318397,-27.3555369992286,0.0 -51.7319304,-27.3554999992286,0.0 -51.7320199,-27.3554647992286,0.0 -51.7321087,-27.3554311992286,0.0 -51.7321975,-27.3553991992286,0.0 -51.7322869,-27.3553686992286,0.0 -51.7323776,-27.3553394992286,0.0 -51.7324704,-27.3553115992286,0.0 -51.7325657,-27.3552847992286,0.0 -51.7326644,-27.3552590992286,0.0 -51.7327667,-27.3552343992286,0.0 -51.7328719,-27.3552108992286,0.0 -51.7329787,-27.3551887992286,0.0 -51.7330861,-27.3551684992286,0.0 -51.7331928,-27.3551499992286,0.0 -51.7332977,-27.3551336992286,0.0 -51.7333997,-27.3551198992286,0.0 -51.7334975,-27.3551086992286,0.0 -51.7335904,-27.3551002992286,0.0 -51.7336781,-27.3550947992286,0.0 -51.7337609,-27.3550918992287,0.0 -51.7338389,-27.3550916992286,0.0 -51.7339122,-27.3550938992286,0.0 -51.733981,-27.3550984992286,0.0 -51.7340454,-27.3551053992286,0.0 -51.7341057,-27.3551144992286,0.0 -51.7341619,-27.3551255992286,0.0 -51.734215,-27.3551390992286,0.0 -51.7342658,-27.3551549992286,0.0 -51.7343153,-27.3551734992286,0.0 -51.7343642,-27.3551948992286,0.0 -51.7344136,-27.3552192992286,0.0 -51.7344644,-27.3552469992286,0.0 -51.7345174,-27.3552779992286,0.0 -51.7345733,-27.3553125992286,0.0 -51.7346318,-27.3553503992286,0.0 -51.7346926,-27.3553909992286,0.0 -51.7347551,-27.3554338992286,0.0 -51.7348189,-27.3554788992286,0.0 -51.7348835,-27.3555253992286,0.0 -51.7349485,-27.3555730992286,0.0 -51.7350134,-27.3556215992286,0.0 -51.7350778,-27.3556704992286,0.0 -51.7351418,-27.3557201992286,0.0 -51.7352056,-27.3557709992286,0.0 -51.7352694,-27.3558233992286,0.0 -51.7353334,-27.3558776992286,0.0 -51.7353976,-27.3559343992286,0.0 -51.7354624,-27.3559937992286,0.0 -51.7355278,-27.3560562992286,0.0 -51.7355941,-27.3561221992286,0.0 -51.7356607,-27.3561911992286,0.0 -51.7357274,-27.3562628992286,0.0 -51.7357938,-27.3563368992286,0.0 -51.7358593,-27.3564128992286,0.0 -51.7359236,-27.3564903992286,0.0 -51.7359863,-27.3565689992286,0.0 -51.736047,-27.3566483992286,0.0 -51.7361052,-27.3567281992286,0.0 -51.736161,-27.3568080992286,0.0 -51.7362143,-27.3568879992286,0.0 -51.7362652,-27.3569676992286,0.0 -51.7363137,-27.3570470992286,0.0 -51.7363598,-27.3571259992286,0.0 -51.7364034,-27.3572040992286,0.0 -51.7364447,-27.3572813992286,0.0 -51.7364836,-27.3573576992286,0.0 -51.7365203,-27.3574328992286,0.0 -51.736555,-27.3575071992286,0.0 -51.7365879,-27.3575806992286,0.0 -51.7366191,-27.3576531992286,0.0 -51.7366488,-27.3577249992286,0.0 -51.7366773,-27.3577960992286,0.0 -51.7367048,-27.3578663992286,0.0 -51.7367313,-27.3579361992286,0.0 -51.7367571,-27.3580053992286,0.0 -51.7368822,-27.3583488992286,0.0 -51.7369078,-27.3584179992286,0.0 -51.7369862,-27.3586260992286,0.0 -51.7370116,-27.3586943992286,0.0 -51.7370359,-27.3587615992286,0.0 -51.7370587,-27.3588271992286,0.0 -51.7370795,-27.3588907992286,0.0 -51.7370979,-27.3589519992286,0.0 -51.7371136,-27.3590104992286,0.0 -51.7371269,-27.3590666992286,0.0 -51.7371382,-27.3591210992286,0.0 -51.7371479,-27.3591740992286,0.0 -51.7371564,-27.3592261992286,0.0 -51.7371641,-27.3592778992286,0.0 -51.7371939,-27.3594894992286,0.0 -51.7372012,-27.3595440992286,0.0 -51.7372078,-27.3595988992286,0.0 -51.7372134,-27.3596535992286,0.0 -51.7372175,-27.3597079992286,0.0 -51.7372198,-27.3597617992286,0.0 -51.73722,-27.3598146992286,0.0 -51.7372178,-27.3598665992285,0.0 -51.737213,-27.3599172992285,0.0 -51.7372057,-27.3599670992286,0.0 -51.737196,-27.3600158992286,0.0 -51.7371838,-27.3600639992286,0.0 -51.7371608,-27.3601346992285,0.0 -51.7371523,-27.3601580992285,0.0 -51.737133,-27.3602042992285,0.0 -51.7371114,-27.3602499992285,0.0 -51.7370876,-27.3602956992286,0.0 -51.7370616,-27.3603414992285,0.0 -51.7370337,-27.3603876992285,0.0 -51.7370039,-27.3604347992285,0.0 -51.7369724,-27.3604828992285,0.0 -51.7369045,-27.3605834992285,0.0 -51.7368311,-27.3606907992285,0.0 -51.7367927,-27.3607455992285,0.0 -51.7367534,-27.3608001992285,0.0 -51.7367134,-27.3608538992285,0.0 -51.7366729,-27.3609059992285,0.0 -51.7366319,-27.3609557992285,0.0 -51.7365908,-27.3610025992285,0.0 -51.7365497,-27.3610456992285,0.0 -51.7365083,-27.3610855992285,0.0 -51.7364665,-27.3611225992285,0.0 -51.7364243,-27.3611571992285,0.0 -51.7363813,-27.3611897992285,0.0 -51.7363374,-27.3612210992285,0.0 -51.7362925,-27.3612511992285,0.0 -51.7362464,-27.3612808992285,0.0 -51.736199,-27.3613103992285,0.0 -51.7360528,-27.3613994992285,0.0 -51.7360041,-27.3614298992285,0.0 -51.7359562,-27.3614608992285,0.0 -51.7359094,-27.3614924992285,0.0 -51.7358642,-27.3615249992285,0.0 -51.7358208,-27.3615583992285,0.0 -51.7357788,-27.3615930992285,0.0 -51.7357375,-27.3616295992285,0.0 -51.7356965,-27.3616679992285,0.0 -51.7356551,-27.3617088992285,0.0 -51.7356126,-27.3617524992285,0.0 -51.7355684,-27.3617992992285,0.0 -51.7355221,-27.3618495992285,0.0 -51.735473,-27.3619036992285,0.0 -51.7353675,-27.3620212992285,0.0 -51.7351359,-27.3622810992285,0.0 -51.7350755,-27.3623480992285,0.0 -51.7348931,-27.3625486992285,0.0 -51.7348331,-27.3626150992285,0.0 -51.734774,-27.3626813992285,0.0 -51.7347161,-27.3627474992285,0.0 -51.7346599,-27.3628132992285,0.0 -51.7346055,-27.3628788992285,0.0 -51.7345534,-27.3629441992285,0.0 -51.7345035,-27.3630089992285,0.0 -51.7344559,-27.3630729992285,0.0 -51.7344106,-27.3631360992285,0.0 -51.7343677,-27.3631978992285,0.0 -51.7343272,-27.3632582992285,0.0 -51.734289,-27.3633169992285,0.0 -51.7342532,-27.3633736992285,0.0 -51.7342199,-27.3634281992285,0.0 -51.7341885,-27.3634807992285,0.0 -51.7341024,-27.3636284992285,0.0 -51.7340749,-27.3636749992285,0.0 -51.7340474,-27.3637204992285,0.0 -51.7340194,-27.3637652992285,0.0 -51.7339905,-27.3638093992285,0.0 -51.7339609,-27.3638530992285,0.0 -51.7339307,-27.3638965992285,0.0 -51.7338377,-27.3640277992285,0.0 -51.7338064,-27.3640723992285,0.0 -51.7337752,-27.3641177992285,0.0 -51.7337442,-27.3641641992285,0.0 -51.7337136,-27.3642114992285,0.0 -51.7336834,-27.3642599992285,0.0 -51.7336538,-27.3643094992285,0.0 -51.7336249,-27.3643600992285,0.0 -51.7335968,-27.3644118992285,0.0 -51.7335697,-27.3644648992285,0.0 -51.7335436,-27.3645190992285,0.0 -51.7335186,-27.3645745992285,0.0 -51.7334948,-27.3646309992285,0.0 -51.7334722,-27.3646879992285,0.0 -51.7334507,-27.3647453992285,0.0 -51.7334303,-27.3648027992285,0.0 -51.733411,-27.3648598992285,0.0 -51.7333928,-27.3649164992285,0.0 -51.7333757,-27.3649720992285,0.0 -51.7333597,-27.3650265992285,0.0 -51.7333144,-27.3651851992285,0.0 -51.7332991,-27.3652372992284,0.0 -51.7332831,-27.3652894992284,0.0 -51.733266,-27.3653418992285,0.0 -51.7332475,-27.3653948992284,0.0 -51.7332272,-27.3654487992285,0.0 -51.7332052,-27.3655039992284,0.0 -51.7331813,-27.3655612992284,0.0 -51.7331555,-27.3656210992284,0.0 -51.7330334,-27.3658984992284,0.0 -51.732998,-27.3659801992284,0.0 -51.732961,-27.3660667992284,0.0 -51.7329226,-27.3661577992284,0.0 -51.7328833,-27.3662524992284,0.0 -51.7328433,-27.3663503992284,0.0 -51.7328029,-27.3664506992284,0.0 -51.7327651,-27.3665469992284,0.0 -51.7327226,-27.3666561992284,0.0 -51.7326833,-27.3667600992284,0.0 -51.7326451,-27.3668638992284,0.0 -51.7326081,-27.3669667992284,0.0 -51.7325728,-27.3670679992284,0.0 -51.7325394,-27.3671669992284,0.0 -51.7325083,-27.3672627992284,0.0 -51.7324798,-27.3673547992284,0.0 -51.7324543,-27.3674422992284,0.0 -51.7324318,-27.3675246992284,0.0 -51.7324124,-27.3676022992284,0.0 -51.7323956,-27.3676757992284,0.0 -51.7323813,-27.3677456992284,0.0 -51.7323692,-27.3678125992284,0.0 -51.7323589,-27.3678768992284,0.0 -51.7323503,-27.3679393992284,0.0 -51.732343,-27.3680004992284,0.0 -51.7323368,-27.3680605992284,0.0 -51.7323315,-27.3681195992284,0.0 -51.7323179,-27.3682862992284,0.0 -51.7323134,-27.3683372992284,0.0 -51.7323085,-27.3683853992284,0.0 -51.732303,-27.3684301992284,0.0 -51.7322965,-27.3684717992284,0.0 -51.7322888,-27.3685112992284,0.0 -51.7322798,-27.3685500992284,0.0 -51.7322691,-27.3685895992284,0.0 -51.7322565,-27.3686311992284,0.0 -51.7322418,-27.3686764992284,0.0 -51.7322049,-27.3687833992284,0.0 -51.7321017,-27.3690779992284,0.0 -51.7320412,-27.3692538992284,0.0 -51.7320102,-27.3693456992284,0.0 -51.7319807,-27.3694345992284,0.0 -51.7318598,-27.3698069992284,0.0 -51.7318309,-27.3698939992284,0.0 -51.7318023,-27.3699771992284,0.0 -51.731774,-27.3700559992284,0.0 -51.7317459,-27.3701294992284,0.0 -51.731732,-27.3701632992284,0.0 -51.7317181,-27.3701971992284,0.0 -51.7316901,-27.3702600992284,0.0 -51.7316617,-27.3703195992283,0.0 -51.7316325,-27.3703769992284,0.0 -51.7316021,-27.3704336992284,0.0 -51.7315703,-27.3704907992283,0.0 -51.7314223,-27.3707494992283,0.0 -51.7313365,-27.3709009992283,0.0 -51.7312917,-27.3709806992283,0.0 -51.7312001,-27.3711456992283,0.0 -51.7311539,-27.3712298992283,0.0 -51.7310624,-27.3713991992283,0.0 -51.7309732,-27.3715666992283,0.0 -51.7308473,-27.3718060992283,0.0 -51.7307708,-27.3719526992283,0.0 -51.7307352,-27.3720217992283,0.0 -51.7307014,-27.3720887992283,0.0 -51.7306693,-27.3721543992283,0.0 -51.730639,-27.3722190992283,0.0 -51.7306105,-27.3722834992283,0.0 -51.7305839,-27.3723482992283,0.0 -51.7305591,-27.3724140992283,0.0 -51.7305362,-27.3724812992283,0.0 -51.7305149,-27.3725500992283,0.0 -51.730495,-27.3726207992283,0.0 -51.7304764,-27.3726934992283,0.0 -51.7304588,-27.3727681992283,0.0 -51.730442,-27.3728451992283,0.0 -51.7304259,-27.3729244992283,0.0 -51.7304102,-27.3730063992283,0.0 -51.7303948,-27.3730907992283,0.0 -51.7303796,-27.3731769992283,0.0 -51.7303196,-27.3735239992283,0.0 -51.7303047,-27.3736072992283,0.0 -51.7302897,-27.3736876992283,0.0 -51.7302746,-27.3737642992283,0.0 -51.7302595,-27.3738371992283,0.0 -51.7302445,-27.3739064992283,0.0 -51.7302295,-27.3739720992283,0.0 -51.7302147,-27.3740342992283,0.0 -51.7302001,-27.3740929992283,0.0 -51.7301859,-27.3741482992283,0.0 -51.730172,-27.3742003992283,0.0 -51.7301585,-27.3742491992283,0.0 -51.7301454,-27.3742948992283,0.0 -51.7301206,-27.3743774992283,0.0 -51.7300976,-27.3744492992283,0.0 -51.7300766,-27.3745111992283,0.0 -51.7300493,-27.3745889992283,0.0 -51.7300415,-27.3746123992283,0.0 -51.7300346,-27.3746351992283,0.0 -51.7300286,-27.3746577992283,0.0 -51.7300236,-27.3746805992283,0.0 -51.7300196,-27.3747039992283,0.0 -51.7300168,-27.3747285992283,0.0 -51.7300153,-27.3747549992283,0.0 -51.7300152,-27.3747841992283,0.0 -51.7300167,-27.3748170992283,0.0 -51.7300201,-27.3748544992283,0.0 -51.7300253,-27.3748973992283,0.0 -51.7300326,-27.3749465992283,0.0 -51.7300421,-27.3750029992283,0.0 -51.7300434,-27.3752639992283,0.0 -51.7300397,-27.3755091992283,0.0 -51.7300327,-27.3757398992283,0.0 -51.7300258,-27.3758982992282,0.0 -51.7300093,-27.3762026992282,0.0 -51.7299996,-27.3763561992282,0.0 -51.7299632,-27.3768845992282,0.0 -51.729953,-27.3770473992282,0.0 -51.7299444,-27.3772061992282,0.0 -51.7299373,-27.3773628992282,0.0 -51.7299321,-27.3775191992282,0.0 -51.7299289,-27.3776766992282,0.0 -51.7299278,-27.3778372992282,0.0 -51.7299291,-27.3780025992282,0.0 -51.7299329,-27.3781739992282,0.0 -51.7299388,-27.3783502992282,0.0 -51.7299435,-27.3784644992282,0.0 -51.7299549,-27.3787123992282,0.0 -51.729983,-27.3792566992282,0.0 -51.7299916,-27.3794326992282,0.0 -51.7300114,-27.3799247992282,0.0 -51.7300297,-27.3804224992282,0.0 -51.7300367,-27.3805867992282,0.0 -51.7300446,-27.3807538992282,0.0 -51.7300667,-27.3811347992282,0.0 -51.7300753,-27.3812756992281,0.0 -51.7301364,-27.3821727992281,0.0 -51.7301605,-27.3825407992281,0.0 -51.7302122,-27.3833077992281,0.0 -51.7302305,-27.3835528992281,0.0 -51.7302444,-27.3837209992281,0.0 -51.730259,-27.3838877992281,0.0 -51.7302901,-27.3842150992281,0.0 -51.7303229,-27.3845293992281,0.0 -51.7303565,-27.3848254992281,0.0 -51.7303904,-27.3851010992281,0.0 -51.730408,-27.3852340992281,0.0 -51.7304263,-27.3853657992281,0.0 -51.7304456,-27.3854977992281,0.0 -51.7304661,-27.3856317992281,0.0 -51.7304882,-27.3857691992281,0.0 -51.730512,-27.3859114992281,0.0 -51.7305377,-27.3860598992281,0.0 -51.730565,-27.3862129992281,0.0 -51.7306077,-27.386443099228,0.0 -51.7306531,-27.386683999228,0.0 -51.7307131,-27.386990199228,0.0 -51.7307705,-27.387274499228,0.0 -51.7308722,-27.387769999228,0.0 -51.7309158,-27.387991899228,0.0 -51.7309356,-27.388098799228,0.0 -51.7309541,-27.388203899228,0.0 -51.7310366,-27.388702699228,0.0 -51.7310533,-27.388796999228,0.0 -51.7310707,-27.388889599228,0.0 -51.7310892,-27.388980299228,0.0 -51.7311089,-27.389069099228,0.0 -51.7311193,-27.389112599228,0.0 -51.7311298,-27.389156099228,0.0 -51.731152,-27.389241099228,0.0 -51.7311757,-27.389324099228,0.0 -51.7312009,-27.389405099228,0.0 -51.7312276,-27.389484099228,0.0 -51.7312561,-27.389560999228,0.0 -51.7312864,-27.389635699228,0.0 -51.7313182,-27.389708199228,0.0 -51.7313517,-27.389778399228,0.0 -51.7313865,-27.389846199228,0.0 -51.7314227,-27.389911499228,0.0 -51.73146,-27.389974299228,0.0 -51.7315124,-27.390054499228,0.0 -51.7315777,-27.390146099228,0.0 -51.7316188,-27.390198799228,0.0 -51.731661,-27.390250899228,0.0 -51.7317955,-27.390414299228,0.0 -51.7318434,-27.390474799228,0.0 -51.7318931,-27.390540199228,0.0 -51.7319448,-27.390611299228,0.0 -51.7319985,-27.390688199228,0.0 -51.7320544,-27.390770999228,0.0 -51.7321127,-27.390859399228,0.0 -51.7321734,-27.390953299228,0.0 -51.7323028,-27.391157499228,0.0 -51.7327428,-27.3918633992279,0.0 -51.7328777,-27.3920781992279,0.0 -51.7330204,-27.3923044992279,0.0 -51.7330819,-27.3923995992279,0.0 -51.7331413,-27.3924889992279,0.0 -51.7331996,-27.3925733992279,0.0 -51.7332577,-27.3926534992279,0.0 -51.7333166,-27.3927300992279,0.0 -51.7333773,-27.3928038992279,0.0 -51.7334406,-27.3928754992279,0.0 -51.7335074,-27.3929455992279,0.0 -51.7335774,-27.3930141992279,0.0 -51.7336499,-27.3930810992279,0.0 -51.7337245,-27.3931462992279,0.0 -51.7338006,-27.3932095992279,0.0 -51.7338777,-27.3932709992279,0.0 -51.7339553,-27.3933301992279,0.0 -51.7340328,-27.3933872992279,0.0 -51.7341098,-27.3934420992279,0.0 -51.7341864,-27.3934943992279,0.0 -51.7342628,-27.3935441992279,0.0 -51.7343394,-27.3935912992279,0.0 -51.7344163,-27.3936355992279,0.0 -51.7344938,-27.3936768992279,0.0 -51.7345722,-27.3937151992279,0.0 -51.7346516,-27.3937501992279,0.0 -51.7347322,-27.3937819992279,0.0 -51.7348139,-27.3938107992279,0.0 -51.7348964,-27.3938367992279,0.0 -51.7349796,-27.3938603992279,0.0 -51.7350632,-27.3938816992279,0.0 -51.7351471,-27.3939011992279,0.0 -51.7352596,-27.3939244992279,0.0 -51.7353144,-27.3939355992279,0.0 -51.7353976,-27.3939509992279,0.0 -51.7354805,-27.3939652992279,0.0 -51.7355632,-27.3939782992279,0.0 -51.735646,-27.3939900992279,0.0 -51.7357289,-27.3940003992279,0.0 -51.7358122,-27.3940091992279,0.0 -51.735896,-27.3940164992279,0.0 -51.7359805,-27.3940219992279,0.0 -51.7360656,-27.3940257992279,0.0 -51.7361511,-27.3940278992279,0.0 -51.7362365,-27.3940282992279,0.0 -51.7363212,-27.3940270992279,0.0 -51.7364048,-27.3940243992279,0.0 -51.7364867,-27.3940200992279,0.0 -51.7365665,-27.3940143992279,0.0 -51.7366437,-27.3940071992279,0.0 -51.7367179,-27.3939987992279,0.0 -51.7367892,-27.3939889992279,0.0 -51.7368575,-27.3939778992279,0.0 -51.736923,-27.3939655992279,0.0 -51.7369857,-27.3939519992279,0.0 -51.7370459,-27.3939371992279,0.0 -51.7371035,-27.3939211992279,0.0 -51.7371588,-27.3939040992279,0.0 -51.7372117,-27.3938858992279,0.0 -51.7372625,-27.3938667992279,0.0 -51.7373116,-27.3938469992279,0.0 -51.7373592,-27.3938266992279,0.0 -51.7375844,-27.3937252992279,0.0 -51.7376733,-27.3936880992279,0.0 -51.7377183,-27.3936704992279,0.0 -51.7377638,-27.3936536992279,0.0 -51.7378101,-27.3936376992279,0.0 -51.7378574,-27.3936225992279,0.0 -51.7379057,-27.3936082992279,0.0 -51.7379553,-27.3935949992279,0.0 -51.7380062,-27.3935822992279,0.0 -51.7382241,-27.3935320992279,0.0 -51.7382824,-27.3935181992279,0.0 -51.7383424,-27.3935030992279,0.0 -51.7384041,-27.3934866992279,0.0 -51.7385336,-27.3934496992279,0.0 -51.7389053,-27.3933380992279,0.0 -51.7391691,-27.3932613992279,0.0 -51.7393604,-27.3932074992279,0.0 -51.7395616,-27.3931519992279,0.0 -51.7397708,-27.3930955992279,0.0 -51.739878,-27.3930674992279,0.0 -51.7399871,-27.3930396992279,0.0 -51.7400982,-27.3930125992279,0.0 -51.7402111,-27.3929863992279,0.0 -51.7403261,-27.3929613992279,0.0 -51.7404432,-27.3929378992279,0.0 -51.7405624,-27.3929161992279,0.0 -51.7406837,-27.3928963992279,0.0 -51.7408066,-27.3928784992279,0.0 -51.7409304,-27.3928621992279,0.0 -51.7410546,-27.3928473992279,0.0 -51.7413017,-27.3928213992279,0.0 -51.741543,-27.3927987992279,0.0 -51.7417752,-27.3927783992279,0.0 -51.7420014,-27.3927597992279,0.0 -51.7422261,-27.3927430992279,0.0 -51.7424539,-27.3927281992279,0.0 -51.7426872,-27.3927148992279,0.0 -51.743278,-27.3926825992279,0.0 -51.7433488,-27.3926782992279,0.0 -51.743532,-27.3926647992279,0.0 -51.74383,-27.3926396992279,0.0 -51.744076,-27.3926195992279,0.0 -51.7443021,-27.3926038992279,0.0 -51.7444255,-27.3925961992279,0.0 -51.7446875,-27.3925815992279,0.0 -51.7448241,-27.3925747992279,0.0 -51.7451033,-27.3925629992279,0.0 -51.7452439,-27.3925579992279,0.0 -51.7455255,-27.3925495992279,0.0 -51.7460623,-27.3925364992279,0.0 -51.7465068,-27.3925249992279,0.0 -51.7467778,-27.3925164992279,0.0 -51.7470355,-27.3925068992279,0.0 -51.7473743,-27.3924905992279,0.0 -51.7474887,-27.3924841992279,0.0 -51.7476262,-27.3924744992279,0.0 -51.7476826,-27.3924701992279,0.0 -51.7477731,-27.3924622992279,0.0 -51.7478601,-27.3924535992279,0.0 -51.747944,-27.3924440992279,0.0 -51.7480254,-27.3924335992279,0.0 -51.748105,-27.3924220992279,0.0 -51.7481836,-27.3924093992279,0.0 -51.7482623,-27.3923953992279,0.0 -51.7483419,-27.3923796992279,0.0 -51.7484236,-27.3923622992279,0.0 -51.7485081,-27.3923429992279,0.0 -51.7485966,-27.3923215992279,0.0 -51.74869,-27.3922977992279,0.0 -51.7487898,-27.3922714992279,0.0 -51.7493304,-27.3921247992279,0.0 -51.7495215,-27.3920736992279,0.0 -51.7499591,-27.3920047992279,0.0 -51.75,-27.3919970992279,0.0 -51.75027,-27.3919236992279,0.0 -51.7508015,-27.3917791992279,0.0 -51.7512396,-27.391618599228,0.0 -51.7520496,-27.3913244992279,0.0 -51.7528105,-27.391018299228,0.0 -51.7534879,-27.390700499228,0.0 -51.7539813,-27.390527799228,0.0 -51.7548132,-27.390254899228,0.0 -51.7556975,-27.390006399228,0.0 -51.7562998,-27.389876999228,0.0 -51.7567635,-27.389788999228,0.0 -51.7574604,-27.389701199228,0.0 -51.7578748,-27.389648499228,0.0 -51.7584024,-27.389620399228,0.0 -51.7589585,-27.389617399228,0.0 -51.759779,-27.389688599228,0.0 -51.7605856,-27.389760199228,0.0 -51.7614348,-27.389890099228,0.0 -51.7620664,-27.390061799228,0.0 -51.7625965,-27.390236699228,0.0 -51.762937,-27.390411399228,0.0 -51.7633534,-27.390652799228,0.0 -51.7637038,-27.390894599228,0.0 -51.7640262,-27.391170199228,0.0 -51.7642567,-27.391416399228,0.0 -51.764333,-27.391533699228,0.0 -51.7644193,-27.391760099228,0.0 -51.7645548,-27.3922919992279,0.0 -51.764614,-27.3926698992279,0.0 -51.7646175,-27.3931824992279,0.0 -51.7645956,-27.3936258992279,0.0 -51.7645416,-27.3938876992279,0.0 -51.7644691,-27.3941660992279,0.0 -51.7643452,-27.3944198992279,0.0 -51.764006,-27.3951220992279,0.0 -51.7636924,-27.3957200992279,0.0 -51.763296,-27.3964078992279,0.0 -51.7630965,-27.3968085992279,0.0 -51.7629728,-27.3970552992279,0.0 -51.7628826,-27.3973090992278,0.0 -51.7627223,-27.3978810992278,0.0 -51.7624987,-27.3986259992278,0.0 -51.7623526,-27.3992677992278,0.0 -51.7622964,-27.3996811992278,0.0 -51.7622612,-27.4000222992278,0.0 -51.762194,-27.4005834992278,0.0 -51.7621392,-27.4011278992278,0.0 -51.762134,-27.4016009992278,0.0 -51.7620711,-27.4021825992277,0.0 -51.7619004,-27.4028915992277,0.0 -51.7618039,-27.4032785992277,0.0 -51.7616722,-27.4037976992277,0.0 -51.7615076,-27.4043162992277,0.0 -51.761384,-27.4045851992277,0.0 -51.7611854,-27.4048769992277,0.0 -51.7608724,-27.4053429992277,0.0 -51.7603076,-27.4061838992277,0.0 -51.7599841,-27.4066689992277,0.0 -51.7597271,-27.4069758992277,0.0 -51.7592622,-27.4074479992276,0.0 -51.7590133,-27.4077325992276,0.0 -51.7588147,-27.4080167992276,0.0 -51.7587319,-27.4081985992276,0.0 -51.7586418,-27.4084673992276,0.0 -51.7585853,-27.4087657992276,0.0 -51.7585482,-27.4090081992276,0.0 -51.7585453,-27.4090268992276,0.0 -51.7584976,-27.4093848992276,0.0 -51.7584491,-27.4096235992276,0.0 -51.758326,-27.4100288992276,0.0 -51.7582387,-27.4103485992276,0.0 -51.75822,-27.4104169992276,0.0 -51.7581883,-27.4106705992276,0.0 -51.7581821,-27.4109856992276,0.0 -51.7582444,-27.4115516992276,0.0 -51.7582837,-27.4123814992276,0.0 -51.7582557,-27.4131450992275,0.0 -51.7582843,-27.4136666992275,0.0 -51.7583138,-27.4139700992275,0.0 -51.7583889,-27.4142920992275,0.0 -51.7584997,-27.4145970992275,0.0 -51.7586854,-27.4148643992275,0.0 -51.7588622,-27.4150422992275,0.0 -51.7593676,-27.4154290992275,0.0 -51.7598967,-27.4157839992275,0.0 -51.7607466,-27.4162438992275,0.0 -51.7613171,-27.4165388992275,0.0 -51.7616189,-27.4166687992275,0.0 -51.7623478,-27.4167272992275,0.0 -51.7629961,-27.4167305992275,0.0 -51.7637986,-27.4167311992275,0.0</coordinates>
</LinearRing>
</outerBoundaryIs>
</Polygon>
</MultiGeometry>
</Placemark>
</Folder>
</Document></kml>
