<?xml version='1.0' encoding='UTF-8'?>
<kml xmlns:xsd="http://www.w3.org/2001/XMLSchema" xmlns:gx="http://www.google.com/kml/ext/2.2" xmlns:atom="http://www.w3.org/2005/Atom" xmlns="http://www.opengis.net/kml/2.2">
<Document>
<name>jose_boiteux_4209151_localidades_2022</name>
<visibility>1</visibility>
<Schema name="Agrupamentos Quilombolas" id="kml_schema_ft_Agrupamentos_Quilombolas">
<SimpleField type="xsd:string" name="CD_UF">
<displayName>CD_UF</displayName>
</SimpleField>
<SimpleField type="xsd:string" name="NM_UF">
<displayName>NM_UF</displayName>
</SimpleField>
<SimpleField type="xsd:string" name="SIGLA_UF">
<displayName>SIGLA_UF</displayName>
</SimpleField>
<SimpleField type="xsd:string" name="CD_MUN">
<displayName>CD_MUN</displayName>
</SimpleField>
<SimpleField type="xsd:string" name="NM_MUN">
<displayName>NM_MUN</displayName>
</SimpleField>
<SimpleField type="xsd:string" name="CD_RGINT">
<displayName>CD_RGINT</displayName>
</SimpleField>
<SimpleField type="xsd:string" name="NM_RGINT">
<displayName>NM_RGINT</displayName>
</SimpleField>
<SimpleField type="xsd:string" name="CD_RGI">
<displayName>CD_RGI</displayName>
</SimpleField>
<SimpleField type="xsd:string" name="NM_RGI">
<displayName>NM_RGI</displayName>
</SimpleField>
<SimpleField type="xsd:string" name="CT_LOCALIDADE">
<displayName>CT_LOCALIDADE</displayName>
</SimpleField>
<SimpleField type="xsd:string" name="SCT_LOCALIDADE">
<displayName>SCT_LOCALIDADE</displayName>
</SimpleField>
<SimpleField type="xsd:string" name="CD_LOCALIDADE">
<displayName>CD_LOCALIDADE</displayName>
</SimpleField>
<SimpleField type="xsd:string" name="NM_LOCALIDADE">
<displayName>NM_LOCALIDADE</displayName>
</SimpleField>
<SimpleField type="xsd:string" name="LAT_LOCALIDADE">
<displayName>LAT_LOCALIDADE</displayName>
</SimpleField>
<SimpleField type="xsd:string" name="LONG_LOCALIDADE">
<displayName>LONG_LOCALIDADE</displayName>
</SimpleField>
</Schema>
<Schema name="Povoados" id="kml_schema_ft_Povoados">
<SimpleField type="xsd:string" name="CD_UF">
<displayName>CD_UF</displayName>
</SimpleField>
<SimpleField type="xsd:string" name="NM_UF">
<displayName>NM_UF</displayName>
</SimpleField>
<SimpleField type="xsd:string" name="SIGLA_UF">
<displayName>SIGLA_UF</displayName>
</SimpleField>
<SimpleField type="xsd:string" name="CD_MUN">
<displayName>CD_MUN</displayName>
</SimpleField>
<SimpleField type="xsd:string" name="NM_MUN">
<displayName>NM_MUN</displayName>
</SimpleField>
<SimpleField type="xsd:string" name="CD_RGINT">
<displayName>CD_RGINT</displayName>
</SimpleField>
<SimpleField type="xsd:string" name="NM_RGINT">
<displayName>NM_RGINT</displayName>
</SimpleField>
<SimpleField type="xsd:string" name="CD_RGI">
<displayName>CD_RGI</displayName>
</SimpleField>
<SimpleField type="xsd:string" name="NM_RGI">
<displayName>NM_RGI</displayName>
</SimpleField>
<SimpleField type="xsd:string" name="CT_LOCALIDADE">
<displayName>CT_LOCALIDADE</displayName>
</SimpleField>
<SimpleField type="xsd:string" name="CD_LOCALIDADE">
<displayName>CD_LOCALIDADE</displayName>
</SimpleField>
<SimpleField type="xsd:string" name="NM_LOCALIDADE">
<displayName>NM_LOCALIDADE</displayName>
</SimpleField>
<SimpleField type="xsd:string" name="LAT_LOCALIDADE">
<displayName>LAT_LOCALIDADE</displayName>
</SimpleField>
<SimpleField type="xsd:string" name="LONG_LOCALIDADE">
<displayName>LONG_LOCALIDADE</displayName>
</SimpleField>
</Schema>
<Schema name="Lugarejos" id="kml_schema_ft_Lugarejos">
<SimpleField type="xsd:string" name="CD_UF">
<displayName>CD_UF</displayName>
</SimpleField>
<SimpleField type="xsd:string" name="NM_UF">
<displayName>NM_UF</displayName>
</SimpleField>
<SimpleField type="xsd:string" name="SIGLA_UF">
<displayName>SIGLA_UF</displayName>
</SimpleField>
<SimpleField type="xsd:string" name="CD_MUN">
<displayName>CD_MUN</displayName>
</SimpleField>
<SimpleField type="xsd:string" name="NM_MUN">
<displayName>NM_MUN</displayName>
</SimpleField>
<SimpleField type="xsd:string" name="CD_RGINT">
<displayName>CD_RGINT</displayName>
</SimpleField>
<SimpleField type="xsd:string" name="NM_RGINT">
<displayName>NM_RGINT</displayName>
</SimpleField>
<SimpleField type="xsd:string" name="CD_RGI">
<displayName>CD_RGI</displayName>
</SimpleField>
<SimpleField type="xsd:string" name="NM_RGI">
<displayName>NM_RGI</displayName>
</SimpleField>
<SimpleField type="xsd:string" name="CT_LOCALIDADE">
<displayName>CT_LOCALIDADE</displayName>
</SimpleField>
<SimpleField type="xsd:string" name="CD_LOCALIDADE">
<displayName>CD_LOCALIDADE</displayName>
</SimpleField>
<SimpleField type="xsd:string" name="NM_LOCALIDADE">
<displayName>NM_LOCALIDADE</displayName>
</SimpleField>
<SimpleField type="xsd:string" name="LAT_LOCALIDADE">
<displayName>LAT_LOCALIDADE</displayName>
</SimpleField>
<SimpleField type="xsd:string" name="LONG_LOCALIDADE">
<displayName>LONG_LOCALIDADE</displayName>
</SimpleField>
</Schema>
<Schema name="Agrupamentos Indígenas" id="kml_schema_ft_Agrupamentos_Indígenas">
<SimpleField type="xsd:string" name="CD_UF">
<displayName>CD_UF</displayName>
</SimpleField>
<SimpleField type="xsd:string" name="NM_UF">
<displayName>NM_UF</displayName>
</SimpleField>
<SimpleField type="xsd:string" name="SIGLA_UF">
<displayName>SIGLA_UF</displayName>
</SimpleField>
<SimpleField type="xsd:string" name="CD_MUN">
<displayName>CD_MUN</displayName>
</SimpleField>
<SimpleField type="xsd:string" name="NM_MUN">
<displayName>NM_MUN</displayName>
</SimpleField>
<SimpleField type="xsd:string" name="CD_RGINT">
<displayName>CD_RGINT</displayName>
</SimpleField>
<SimpleField type="xsd:string" name="NM_RGINT">
<displayName>NM_RGINT</displayName>
</SimpleField>
<SimpleField type="xsd:string" name="CD_RGI">
<displayName>CD_RGI</displayName>
</SimpleField>
<SimpleField type="xsd:string" name="NM_RGI">
<displayName>NM_RGI</displayName>
</SimpleField>
<SimpleField type="xsd:string" name="CT_LOCALIDADE">
<displayName>CT_LOCALIDADE</displayName>
</SimpleField>
<SimpleField type="xsd:string" name="SCT_LOCALIDADE">
<displayName>SCT_LOCALIDADE</displayName>
</SimpleField>
<SimpleField type="xsd:string" name="CD_LOCALIDADE">
<displayName>CD_LOCALIDADE</displayName>
</SimpleField>
<SimpleField type="xsd:string" name="NM_LOCALIDADE">
<displayName>NM_LOCALIDADE</displayName>
</SimpleField>
<SimpleField type="xsd:string" name="LAT_LOCALIDADE">
<displayName>LAT_LOCALIDADE</displayName>
</SimpleField>
<SimpleField type="xsd:string" name="LONG_LOCALIDADE">
<displayName>LONG_LOCALIDADE</displayName>
</SimpleField>
</Schema>
<Schema name="01. Cidade" id="kml_schema_ft_01._Cidade">
<SimpleField type="xsd:string" name="CD_UF">
<displayName>CD_UF</displayName>
</SimpleField>
<SimpleField type="xsd:string" name="NM_UF">
<displayName>NM_UF</displayName>
</SimpleField>
<SimpleField type="xsd:string" name="SIGLA_UF">
<displayName>SIGLA_UF</displayName>
</SimpleField>
<SimpleField type="xsd:string" name="CD_MUN">
<displayName>CD_MUN</displayName>
</SimpleField>
<SimpleField type="xsd:string" name="NM_MUN">
<displayName>NM_MUN</displayName>
</SimpleField>
<SimpleField type="xsd:string" name="CD_RGINT">
<displayName>CD_RGINT</displayName>
</SimpleField>
<SimpleField type="xsd:string" name="NM_RGINT">
<displayName>NM_RGINT</displayName>
</SimpleField>
<SimpleField type="xsd:string" name="CD_RGI">
<displayName>CD_RGI</displayName>
</SimpleField>
<SimpleField type="xsd:string" name="NM_RGI">
<displayName>NM_RGI</displayName>
</SimpleField>
<SimpleField type="xsd:string" name="CT_LOCALIDADE">
<displayName>CT_LOCALIDADE</displayName>
</SimpleField>
<SimpleField type="xsd:string" name="SCT_LOCALIDADE">
<displayName>SCT_LOCALIDADE</displayName>
</SimpleField>
<SimpleField type="xsd:string" name="CD_LOCALIDADE">
<displayName>CD_LOCALIDADE</displayName>
</SimpleField>
<SimpleField type="xsd:string" name="NM_LOCALIDADE">
<displayName>NM_LOCALIDADE</displayName>
</SimpleField>
<SimpleField type="xsd:string" name="LAT_LOCALIDADE">
<displayName>LAT_LOCALIDADE</displayName>
</SimpleField>
<SimpleField type="xsd:string" name="LONG_LOCALIDADE">
<displayName>LONG_LOCALIDADE</displayName>
</SimpleField>
</Schema>
<Schema name="Terra Indígena" id="kml_schema_ft_Terra_Indígena">
<SimpleField type="xsd:string" name="COD_TI">
<displayName>COD_TI</displayName>
</SimpleField>
<SimpleField type="xsd:string" name="NOM_TI">
<displayName>NOM_TI</displayName>
</SimpleField>
</Schema>
<Schema name="Município" id="kml_schema_ft_Município">
<SimpleField type="xsd:string" name="CD_UF">
<displayName>CD_UF</displayName>
</SimpleField>
<SimpleField type="xsd:string" name="NM_UF">
<displayName>NM_UF</displayName>
</SimpleField>
<SimpleField type="xsd:string" name="CD_MUN">
<displayName>CD_MUN</displayName>
</SimpleField>
<SimpleField type="xsd:string" name="NM_MUN">
<displayName>NM_MUN</displayName>
</SimpleField>
<SimpleField type="xsd:string" name="CD_RGINT">
<displayName>CD_RGINT</displayName>
</SimpleField>
<SimpleField type="xsd:string" name="NM_RGINT">
<displayName>NM_RGINT</displayName>
</SimpleField>
<SimpleField type="xsd:string" name="CD_RGI">
<displayName>CD_RGI</displayName>
</SimpleField>
<SimpleField type="xsd:string" name="NM_RGI">
<displayName>NM_RGI</displayName>
</SimpleField>
</Schema>
<Folder id="01. Cidade">
<name>01. Cidade</name>
<Folder id="01.03. Sede Municipal">
<name>01.03. Sede Municipal</name>
<Placemark id="01.03. Sede Municipal">
<name>José Boiteux [4209151]</name>
<visibility>1</visibility>
<snippet> </snippet>
<description>&lt;center&gt;&lt;table&gt;&lt;tr&gt;&lt;th colspan='2' align='center'&gt;&lt;em&gt;Atributos&lt;/em&gt;&lt;/th&gt;&lt;/tr&gt;&lt;tr bgcolor="#E3E3F3"&gt;
&lt;th&gt;CD_UF&lt;/th&gt;
&lt;td&gt;42&lt;/td&gt;
&lt;/tr&gt;&lt;tr bgcolor=""&gt;
&lt;th&gt;NM_UF&lt;/th&gt;
&lt;td&gt;Santa Catarina&lt;/td&gt;
&lt;/tr&gt;&lt;tr bgcolor="#E3E3F3"&gt;
&lt;th&gt;SIGLA_UF&lt;/th&gt;
&lt;td&gt;SC&lt;/td&gt;
&lt;/tr&gt;&lt;tr bgcolor=""&gt;
&lt;th&gt;CD_MUN&lt;/th&gt;
&lt;td&gt;4209151&lt;/td&gt;
&lt;/tr&gt;&lt;tr bgcolor="#E3E3F3"&gt;
&lt;th&gt;NM_MUN&lt;/th&gt;
&lt;td&gt;José Boiteux&lt;/td&gt;
&lt;/tr&gt;&lt;tr bgcolor=""&gt;
&lt;th&gt;CD_RGINT&lt;/th&gt;
&lt;td&gt;4207&lt;/td&gt;
&lt;/tr&gt;&lt;tr bgcolor="#E3E3F3"&gt;
&lt;th&gt;NM_RGINT&lt;/th&gt;
&lt;td&gt;Blumenau&lt;/td&gt;
&lt;/tr&gt;&lt;tr bgcolor=""&gt;
&lt;th&gt;CD_RGI&lt;/th&gt;
&lt;td&gt;420023&lt;/td&gt;
&lt;/tr&gt;&lt;tr bgcolor="#E3E3F3"&gt;
&lt;th&gt;NM_RGI&lt;/th&gt;
&lt;td&gt;Ibirama - Presidente Getúlio&lt;/td&gt;
&lt;/tr&gt;&lt;tr bgcolor=""&gt;
&lt;th&gt;CT_LOCALIDADE&lt;/th&gt;
&lt;td&gt;Cidade&lt;/td&gt;
&lt;/tr&gt;&lt;tr bgcolor="#E3E3F3"&gt;
&lt;th&gt;SCT_LOCALIDADE&lt;/th&gt;
&lt;td&gt;Sede Municipal&lt;/td&gt;
&lt;/tr&gt;&lt;tr bgcolor=""&gt;
&lt;th&gt;CD_LOCALIDADE&lt;/th&gt;
&lt;td&gt;4209151&lt;/td&gt;
&lt;/tr&gt;&lt;tr bgcolor="#E3E3F3"&gt;
&lt;th&gt;NM_LOCALIDADE&lt;/th&gt;
&lt;td&gt;José Boiteux&lt;/td&gt;
&lt;/tr&gt;&lt;tr bgcolor=""&gt;
&lt;th&gt;LAT_LOCALIDADE&lt;/th&gt;
&lt;td&gt;-26.9598&lt;/td&gt;
&lt;/tr&gt;&lt;tr bgcolor="#E3E3F3"&gt;
&lt;th&gt;LONG_LOCALIDADE&lt;/th&gt;
&lt;td&gt;-49.6277&lt;/td&gt;
&lt;/tr&gt;&lt;/table&gt;&lt;/center&gt;</description>
<Style>
<IconStyle>
<color>ff00aaff</color>
<scale>1.0</scale>
<Icon>
<href>http://maps.google.com/mapfiles/kml/shapes/placemark_circle.png</href>
</Icon>
</IconStyle>
<LabelStyle>
<scale>1.0</scale>
</LabelStyle>
<LineStyle>
<color>ffffffff</color>
<width>3</width>
<gx:labelVisibility>1</gx:labelVisibility>
</LineStyle>
<PolyStyle>
<color>00ffffff</color>
</PolyStyle>
</Style>
<ExtendedData>
<SchemaData schemaUrl="#kml_schema_ft_01._Cidade">
<SimpleData name="CD_UF">42</SimpleData>
<SimpleData name="NM_UF">Santa Catarina</SimpleData>
<SimpleData name="SIGLA_UF">SC</SimpleData>
<SimpleData name="CD_MUN">4209151</SimpleData>
<SimpleData name="NM_MUN">José Boiteux</SimpleData>
<SimpleData name="CD_RGINT">4207</SimpleData>
<SimpleData name="NM_RGINT">Blumenau</SimpleData>
<SimpleData name="CD_RGI">420023</SimpleData>
<SimpleData name="NM_RGI">Ibirama - Presidente Getúlio</SimpleData>
<SimpleData name="CT_LOCALIDADE">Cidade</SimpleData>
<SimpleData name="SCT_LOCALIDADE">Sede Municipal</SimpleData>
<SimpleData name="CD_LOCALIDADE">4209151</SimpleData>
<SimpleData name="NM_LOCALIDADE">José Boiteux</SimpleData>
<SimpleData name="LAT_LOCALIDADE">-26.9598</SimpleData>
<SimpleData name="LONG_LOCALIDADE">-49.6277</SimpleData>
</SchemaData>
</ExtendedData>
<Point>
<extrude>0</extrude>
<coordinates>-49.6277,-26.9597999992362,0.0</coordinates>
</Point>
</Placemark>
</Folder>
</Folder>
<Folder id="06. Povoados">
<name>06. Povoados</name>
<Placemark id="06. Povoados">
<name>Aldeia Indígena Barragem (Plipatol) [420915100001]</name>
<visibility>1</visibility>
<snippet> </snippet>
<description>&lt;center&gt;&lt;table&gt;&lt;tr&gt;&lt;th colspan='2' align='center'&gt;&lt;em&gt;Atributos&lt;/em&gt;&lt;/th&gt;&lt;/tr&gt;&lt;tr bgcolor="#E3E3F3"&gt;
&lt;th&gt;CD_UF&lt;/th&gt;
&lt;td&gt;42&lt;/td&gt;
&lt;/tr&gt;&lt;tr bgcolor=""&gt;
&lt;th&gt;NM_UF&lt;/th&gt;
&lt;td&gt;Santa Catarina&lt;/td&gt;
&lt;/tr&gt;&lt;tr bgcolor="#E3E3F3"&gt;
&lt;th&gt;SIGLA_UF&lt;/th&gt;
&lt;td&gt;SC&lt;/td&gt;
&lt;/tr&gt;&lt;tr bgcolor=""&gt;
&lt;th&gt;CD_MUN&lt;/th&gt;
&lt;td&gt;4209151&lt;/td&gt;
&lt;/tr&gt;&lt;tr bgcolor="#E3E3F3"&gt;
&lt;th&gt;NM_MUN&lt;/th&gt;
&lt;td&gt;José Boiteux&lt;/td&gt;
&lt;/tr&gt;&lt;tr bgcolor=""&gt;
&lt;th&gt;CD_RGINT&lt;/th&gt;
&lt;td&gt;4207&lt;/td&gt;
&lt;/tr&gt;&lt;tr bgcolor="#E3E3F3"&gt;
&lt;th&gt;NM_RGINT&lt;/th&gt;
&lt;td&gt;Blumenau&lt;/td&gt;
&lt;/tr&gt;&lt;tr bgcolor=""&gt;
&lt;th&gt;CD_RGI&lt;/th&gt;
&lt;td&gt;420023&lt;/td&gt;
&lt;/tr&gt;&lt;tr bgcolor="#E3E3F3"&gt;
&lt;th&gt;NM_RGI&lt;/th&gt;
&lt;td&gt;Ibirama - Presidente Getúlio&lt;/td&gt;
&lt;/tr&gt;&lt;tr bgcolor=""&gt;
&lt;th&gt;CT_LOCALIDADE&lt;/th&gt;
&lt;td&gt;Povoado&lt;/td&gt;
&lt;/tr&gt;&lt;tr bgcolor="#E3E3F3"&gt;
&lt;th&gt;CD_LOCALIDADE&lt;/th&gt;
&lt;td&gt;420915100001&lt;/td&gt;
&lt;/tr&gt;&lt;tr bgcolor=""&gt;
&lt;th&gt;NM_LOCALIDADE&lt;/th&gt;
&lt;td&gt;Aldeia Indígena Barragem (Plipatol)&lt;/td&gt;
&lt;/tr&gt;&lt;tr bgcolor="#E3E3F3"&gt;
&lt;th&gt;LAT_LOCALIDADE&lt;/th&gt;
&lt;td&gt;-26.8964&lt;/td&gt;
&lt;/tr&gt;&lt;tr bgcolor=""&gt;
&lt;th&gt;LONG_LOCALIDADE&lt;/th&gt;
&lt;td&gt;-49.6794&lt;/td&gt;
&lt;/tr&gt;&lt;/table&gt;&lt;/center&gt;</description>
<Style>
<IconStyle>
<color>ff00ff54</color>
<scale>0.8</scale>
<Icon>
<href>http://maps.google.com/mapfiles/kml/shapes/placemark_circle.png</href>
</Icon>
</IconStyle>
<LabelStyle>
<scale>0.8</scale>
</LabelStyle>
<LineStyle>
<color>72ff54ff</color>
<width>1.0</width>
<gx:labelVisibility>1</gx:labelVisibility>
</LineStyle>
<PolyStyle>
<color>66ff54ff</color>
</PolyStyle>
</Style>
<ExtendedData>
<SchemaData schemaUrl="#kml_schema_ft_Povoados">
<SimpleData name="CD_UF">42</SimpleData>
<SimpleData name="NM_UF">Santa Catarina</SimpleData>
<SimpleData name="SIGLA_UF">SC</SimpleData>
<SimpleData name="CD_MUN">4209151</SimpleData>
<SimpleData name="NM_MUN">José Boiteux</SimpleData>
<SimpleData name="CD_RGINT">4207</SimpleData>
<SimpleData name="NM_RGINT">Blumenau</SimpleData>
<SimpleData name="CD_RGI">420023</SimpleData>
<SimpleData name="NM_RGI">Ibirama - Presidente Getúlio</SimpleData>
<SimpleData name="CT_LOCALIDADE">Povoado</SimpleData>
<SimpleData name="CD_LOCALIDADE">420915100001</SimpleData>
<SimpleData name="NM_LOCALIDADE">Aldeia Indígena Barragem (Plipatol)</SimpleData>
<SimpleData name="LAT_LOCALIDADE">-26.8964</SimpleData>
<SimpleData name="LONG_LOCALIDADE">-49.6794</SimpleData>
</SchemaData>
</ExtendedData>
<Point>
<extrude>0</extrude>
<coordinates>-49.6793523409091,-26.896422323101,0.0</coordinates>
</Point>
</Placemark>
<Placemark id="06. Povoados">
<name>Aldeia Indígena Pavão [420915100004]</name>
<visibility>1</visibility>
<snippet> </snippet>
<description>&lt;center&gt;&lt;table&gt;&lt;tr&gt;&lt;th colspan='2' align='center'&gt;&lt;em&gt;Atributos&lt;/em&gt;&lt;/th&gt;&lt;/tr&gt;&lt;tr bgcolor="#E3E3F3"&gt;
&lt;th&gt;CD_UF&lt;/th&gt;
&lt;td&gt;42&lt;/td&gt;
&lt;/tr&gt;&lt;tr bgcolor=""&gt;
&lt;th&gt;NM_UF&lt;/th&gt;
&lt;td&gt;Santa Catarina&lt;/td&gt;
&lt;/tr&gt;&lt;tr bgcolor="#E3E3F3"&gt;
&lt;th&gt;SIGLA_UF&lt;/th&gt;
&lt;td&gt;SC&lt;/td&gt;
&lt;/tr&gt;&lt;tr bgcolor=""&gt;
&lt;th&gt;CD_MUN&lt;/th&gt;
&lt;td&gt;4209151&lt;/td&gt;
&lt;/tr&gt;&lt;tr bgcolor="#E3E3F3"&gt;
&lt;th&gt;NM_MUN&lt;/th&gt;
&lt;td&gt;José Boiteux&lt;/td&gt;
&lt;/tr&gt;&lt;tr bgcolor=""&gt;
&lt;th&gt;CD_RGINT&lt;/th&gt;
&lt;td&gt;4207&lt;/td&gt;
&lt;/tr&gt;&lt;tr bgcolor="#E3E3F3"&gt;
&lt;th&gt;NM_RGINT&lt;/th&gt;
&lt;td&gt;Blumenau&lt;/td&gt;
&lt;/tr&gt;&lt;tr bgcolor=""&gt;
&lt;th&gt;CD_RGI&lt;/th&gt;
&lt;td&gt;420023&lt;/td&gt;
&lt;/tr&gt;&lt;tr bgcolor="#E3E3F3"&gt;
&lt;th&gt;NM_RGI&lt;/th&gt;
&lt;td&gt;Ibirama - Presidente Getúlio&lt;/td&gt;
&lt;/tr&gt;&lt;tr bgcolor=""&gt;
&lt;th&gt;CT_LOCALIDADE&lt;/th&gt;
&lt;td&gt;Povoado&lt;/td&gt;
&lt;/tr&gt;&lt;tr bgcolor="#E3E3F3"&gt;
&lt;th&gt;CD_LOCALIDADE&lt;/th&gt;
&lt;td&gt;420915100004&lt;/td&gt;
&lt;/tr&gt;&lt;tr bgcolor=""&gt;
&lt;th&gt;NM_LOCALIDADE&lt;/th&gt;
&lt;td&gt;Aldeia Indígena Pavão&lt;/td&gt;
&lt;/tr&gt;&lt;tr bgcolor="#E3E3F3"&gt;
&lt;th&gt;LAT_LOCALIDADE&lt;/th&gt;
&lt;td&gt;-26.8652&lt;/td&gt;
&lt;/tr&gt;&lt;tr bgcolor=""&gt;
&lt;th&gt;LONG_LOCALIDADE&lt;/th&gt;
&lt;td&gt;-49.6807&lt;/td&gt;
&lt;/tr&gt;&lt;/table&gt;&lt;/center&gt;</description>
<Style>
<IconStyle>
<color>ff00ff54</color>
<scale>0.8</scale>
<Icon>
<href>http://maps.google.com/mapfiles/kml/shapes/placemark_circle.png</href>
</Icon>
</IconStyle>
<LabelStyle>
<scale>0.8</scale>
</LabelStyle>
<LineStyle>
<color>72ff54ff</color>
<width>1.0</width>
<gx:labelVisibility>1</gx:labelVisibility>
</LineStyle>
<PolyStyle>
<color>66ff54ff</color>
</PolyStyle>
</Style>
<ExtendedData>
<SchemaData schemaUrl="#kml_schema_ft_Povoados">
<SimpleData name="CD_UF">42</SimpleData>
<SimpleData name="NM_UF">Santa Catarina</SimpleData>
<SimpleData name="SIGLA_UF">SC</SimpleData>
<SimpleData name="CD_MUN">4209151</SimpleData>
<SimpleData name="NM_MUN">José Boiteux</SimpleData>
<SimpleData name="CD_RGINT">4207</SimpleData>
<SimpleData name="NM_RGINT">Blumenau</SimpleData>
<SimpleData name="CD_RGI">420023</SimpleData>
<SimpleData name="NM_RGI">Ibirama - Presidente Getúlio</SimpleData>
<SimpleData name="CT_LOCALIDADE">Povoado</SimpleData>
<SimpleData name="CD_LOCALIDADE">420915100004</SimpleData>
<SimpleData name="NM_LOCALIDADE">Aldeia Indígena Pavão</SimpleData>
<SimpleData name="LAT_LOCALIDADE">-26.8652</SimpleData>
<SimpleData name="LONG_LOCALIDADE">-49.6807</SimpleData>
</SchemaData>
</ExtendedData>
<Point>
<extrude>0</extrude>
<coordinates>-49.6806543333333,-26.8652411659046,0.0</coordinates>
</Point>
</Placemark>
<Placemark id="06. Povoados">
<name>Aldeia Indígena Sede - José Boiteux [420915100005]</name>
<visibility>1</visibility>
<snippet> </snippet>
<description>&lt;center&gt;&lt;table&gt;&lt;tr&gt;&lt;th colspan='2' align='center'&gt;&lt;em&gt;Atributos&lt;/em&gt;&lt;/th&gt;&lt;/tr&gt;&lt;tr bgcolor="#E3E3F3"&gt;
&lt;th&gt;CD_UF&lt;/th&gt;
&lt;td&gt;42&lt;/td&gt;
&lt;/tr&gt;&lt;tr bgcolor=""&gt;
&lt;th&gt;NM_UF&lt;/th&gt;
&lt;td&gt;Santa Catarina&lt;/td&gt;
&lt;/tr&gt;&lt;tr bgcolor="#E3E3F3"&gt;
&lt;th&gt;SIGLA_UF&lt;/th&gt;
&lt;td&gt;SC&lt;/td&gt;
&lt;/tr&gt;&lt;tr bgcolor=""&gt;
&lt;th&gt;CD_MUN&lt;/th&gt;
&lt;td&gt;4209151&lt;/td&gt;
&lt;/tr&gt;&lt;tr bgcolor="#E3E3F3"&gt;
&lt;th&gt;NM_MUN&lt;/th&gt;
&lt;td&gt;José Boiteux&lt;/td&gt;
&lt;/tr&gt;&lt;tr bgcolor=""&gt;
&lt;th&gt;CD_RGINT&lt;/th&gt;
&lt;td&gt;4207&lt;/td&gt;
&lt;/tr&gt;&lt;tr bgcolor="#E3E3F3"&gt;
&lt;th&gt;NM_RGINT&lt;/th&gt;
&lt;td&gt;Blumenau&lt;/td&gt;
&lt;/tr&gt;&lt;tr bgcolor=""&gt;
&lt;th&gt;CD_RGI&lt;/th&gt;
&lt;td&gt;420023&lt;/td&gt;
&lt;/tr&gt;&lt;tr bgcolor="#E3E3F3"&gt;
&lt;th&gt;NM_RGI&lt;/th&gt;
&lt;td&gt;Ibirama - Presidente Getúlio&lt;/td&gt;
&lt;/tr&gt;&lt;tr bgcolor=""&gt;
&lt;th&gt;CT_LOCALIDADE&lt;/th&gt;
&lt;td&gt;Povoado&lt;/td&gt;
&lt;/tr&gt;&lt;tr bgcolor="#E3E3F3"&gt;
&lt;th&gt;CD_LOCALIDADE&lt;/th&gt;
&lt;td&gt;420915100005&lt;/td&gt;
&lt;/tr&gt;&lt;tr bgcolor=""&gt;
&lt;th&gt;NM_LOCALIDADE&lt;/th&gt;
&lt;td&gt;Aldeia Indígena Sede - José Boiteux&lt;/td&gt;
&lt;/tr&gt;&lt;tr bgcolor="#E3E3F3"&gt;
&lt;th&gt;LAT_LOCALIDADE&lt;/th&gt;
&lt;td&gt;-26.8434&lt;/td&gt;
&lt;/tr&gt;&lt;tr bgcolor=""&gt;
&lt;th&gt;LONG_LOCALIDADE&lt;/th&gt;
&lt;td&gt;-49.7048&lt;/td&gt;
&lt;/tr&gt;&lt;/table&gt;&lt;/center&gt;</description>
<Style>
<IconStyle>
<color>ff00ff54</color>
<scale>0.8</scale>
<Icon>
<href>http://maps.google.com/mapfiles/kml/shapes/placemark_circle.png</href>
</Icon>
</IconStyle>
<LabelStyle>
<scale>0.8</scale>
</LabelStyle>
<LineStyle>
<color>72ff54ff</color>
<width>1.0</width>
<gx:labelVisibility>1</gx:labelVisibility>
</LineStyle>
<PolyStyle>
<color>66ff54ff</color>
</PolyStyle>
</Style>
<ExtendedData>
<SchemaData schemaUrl="#kml_schema_ft_Povoados">
<SimpleData name="CD_UF">42</SimpleData>
<SimpleData name="NM_UF">Santa Catarina</SimpleData>
<SimpleData name="SIGLA_UF">SC</SimpleData>
<SimpleData name="CD_MUN">4209151</SimpleData>
<SimpleData name="NM_MUN">José Boiteux</SimpleData>
<SimpleData name="CD_RGINT">4207</SimpleData>
<SimpleData name="NM_RGINT">Blumenau</SimpleData>
<SimpleData name="CD_RGI">420023</SimpleData>
<SimpleData name="NM_RGI">Ibirama - Presidente Getúlio</SimpleData>
<SimpleData name="CT_LOCALIDADE">Povoado</SimpleData>
<SimpleData name="CD_LOCALIDADE">420915100005</SimpleData>
<SimpleData name="NM_LOCALIDADE">Aldeia Indígena Sede - José Boiteux</SimpleData>
<SimpleData name="LAT_LOCALIDADE">-26.8434</SimpleData>
<SimpleData name="LONG_LOCALIDADE">-49.7048</SimpleData>
</SchemaData>
</ExtendedData>
<Point>
<extrude>0</extrude>
<coordinates>-49.7047794960451,-26.8434350684882,0.0</coordinates>
</Point>
</Placemark>
<Placemark id="06. Povoados">
<name>Aldeia Indígena Toldo [420915100006]</name>
<visibility>1</visibility>
<snippet> </snippet>
<description>&lt;center&gt;&lt;table&gt;&lt;tr&gt;&lt;th colspan='2' align='center'&gt;&lt;em&gt;Atributos&lt;/em&gt;&lt;/th&gt;&lt;/tr&gt;&lt;tr bgcolor="#E3E3F3"&gt;
&lt;th&gt;CD_UF&lt;/th&gt;
&lt;td&gt;42&lt;/td&gt;
&lt;/tr&gt;&lt;tr bgcolor=""&gt;
&lt;th&gt;NM_UF&lt;/th&gt;
&lt;td&gt;Santa Catarina&lt;/td&gt;
&lt;/tr&gt;&lt;tr bgcolor="#E3E3F3"&gt;
&lt;th&gt;SIGLA_UF&lt;/th&gt;
&lt;td&gt;SC&lt;/td&gt;
&lt;/tr&gt;&lt;tr bgcolor=""&gt;
&lt;th&gt;CD_MUN&lt;/th&gt;
&lt;td&gt;4209151&lt;/td&gt;
&lt;/tr&gt;&lt;tr bgcolor="#E3E3F3"&gt;
&lt;th&gt;NM_MUN&lt;/th&gt;
&lt;td&gt;José Boiteux&lt;/td&gt;
&lt;/tr&gt;&lt;tr bgcolor=""&gt;
&lt;th&gt;CD_RGINT&lt;/th&gt;
&lt;td&gt;4207&lt;/td&gt;
&lt;/tr&gt;&lt;tr bgcolor="#E3E3F3"&gt;
&lt;th&gt;NM_RGINT&lt;/th&gt;
&lt;td&gt;Blumenau&lt;/td&gt;
&lt;/tr&gt;&lt;tr bgcolor=""&gt;
&lt;th&gt;CD_RGI&lt;/th&gt;
&lt;td&gt;420023&lt;/td&gt;
&lt;/tr&gt;&lt;tr bgcolor="#E3E3F3"&gt;
&lt;th&gt;NM_RGI&lt;/th&gt;
&lt;td&gt;Ibirama - Presidente Getúlio&lt;/td&gt;
&lt;/tr&gt;&lt;tr bgcolor=""&gt;
&lt;th&gt;CT_LOCALIDADE&lt;/th&gt;
&lt;td&gt;Povoado&lt;/td&gt;
&lt;/tr&gt;&lt;tr bgcolor="#E3E3F3"&gt;
&lt;th&gt;CD_LOCALIDADE&lt;/th&gt;
&lt;td&gt;420915100006&lt;/td&gt;
&lt;/tr&gt;&lt;tr bgcolor=""&gt;
&lt;th&gt;NM_LOCALIDADE&lt;/th&gt;
&lt;td&gt;Aldeia Indígena Toldo&lt;/td&gt;
&lt;/tr&gt;&lt;tr bgcolor="#E3E3F3"&gt;
&lt;th&gt;LAT_LOCALIDADE&lt;/th&gt;
&lt;td&gt;-26.7833&lt;/td&gt;
&lt;/tr&gt;&lt;tr bgcolor=""&gt;
&lt;th&gt;LONG_LOCALIDADE&lt;/th&gt;
&lt;td&gt;-49.7406&lt;/td&gt;
&lt;/tr&gt;&lt;/table&gt;&lt;/center&gt;</description>
<Style>
<IconStyle>
<color>ff00ff54</color>
<scale>0.8</scale>
<Icon>
<href>http://maps.google.com/mapfiles/kml/shapes/placemark_circle.png</href>
</Icon>
</IconStyle>
<LabelStyle>
<scale>0.8</scale>
</LabelStyle>
<LineStyle>
<color>72ff54ff</color>
<width>1.0</width>
<gx:labelVisibility>1</gx:labelVisibility>
</LineStyle>
<PolyStyle>
<color>66ff54ff</color>
</PolyStyle>
</Style>
<ExtendedData>
<SchemaData schemaUrl="#kml_schema_ft_Povoados">
<SimpleData name="CD_UF">42</SimpleData>
<SimpleData name="NM_UF">Santa Catarina</SimpleData>
<SimpleData name="SIGLA_UF">SC</SimpleData>
<SimpleData name="CD_MUN">4209151</SimpleData>
<SimpleData name="NM_MUN">José Boiteux</SimpleData>
<SimpleData name="CD_RGINT">4207</SimpleData>
<SimpleData name="NM_RGINT">Blumenau</SimpleData>
<SimpleData name="CD_RGI">420023</SimpleData>
<SimpleData name="NM_RGI">Ibirama - Presidente Getúlio</SimpleData>
<SimpleData name="CT_LOCALIDADE">Povoado</SimpleData>
<SimpleData name="CD_LOCALIDADE">420915100006</SimpleData>
<SimpleData name="NM_LOCALIDADE">Aldeia Indígena Toldo</SimpleData>
<SimpleData name="LAT_LOCALIDADE">-26.7833</SimpleData>
<SimpleData name="LONG_LOCALIDADE">-49.7406</SimpleData>
</SchemaData>
</ExtendedData>
<Point>
<extrude>0</extrude>
<coordinates>-49.7406333333333,-26.7833185547951,0.0</coordinates>
</Point>
</Placemark>
</Folder>
<Folder id="08. Lugarejos">
<name>08. Lugarejos</name>
<Placemark id="localidades">
<name>Aldeia Indígena Takuaty [420915100007]</name>
<visibility>1</visibility>
<snippet> </snippet>
<description>&lt;center&gt;&lt;table&gt;&lt;tr&gt;&lt;th colspan='2' align='center'&gt;&lt;em&gt;Attributes&lt;/em&gt;&lt;/th&gt;&lt;/tr&gt;&lt;tr bgcolor="#E3E3F3"&gt;
&lt;th&gt;CD_UF&lt;/th&gt;
&lt;td&gt;42&lt;/td&gt;
&lt;/tr&gt;&lt;tr bgcolor=""&gt;
&lt;th&gt;NM_UF&lt;/th&gt;
&lt;td&gt;Santa Catarina&lt;/td&gt;
&lt;/tr&gt;&lt;tr bgcolor="#E3E3F3"&gt;
&lt;th&gt;SIGLA_UF&lt;/th&gt;
&lt;td&gt;SC&lt;/td&gt;
&lt;/tr&gt;&lt;tr bgcolor=""&gt;
&lt;th&gt;CD_MUN&lt;/th&gt;
&lt;td&gt;4209151&lt;/td&gt;
&lt;/tr&gt;&lt;tr bgcolor="#E3E3F3"&gt;
&lt;th&gt;NM_MUN&lt;/th&gt;
&lt;td&gt;José Boiteux&lt;/td&gt;
&lt;/tr&gt;&lt;tr bgcolor=""&gt;
&lt;th&gt;CD_RGINT&lt;/th&gt;
&lt;td&gt;4207&lt;/td&gt;
&lt;/tr&gt;&lt;tr bgcolor="#E3E3F3"&gt;
&lt;th&gt;NM_RGINT&lt;/th&gt;
&lt;td&gt;Blumenau&lt;/td&gt;
&lt;/tr&gt;&lt;tr bgcolor=""&gt;
&lt;th&gt;CD_RGI&lt;/th&gt;
&lt;td&gt;420023&lt;/td&gt;
&lt;/tr&gt;&lt;tr bgcolor="#E3E3F3"&gt;
&lt;th&gt;NM_RGI&lt;/th&gt;
&lt;td&gt;Ibirama - Presidente Getúlio&lt;/td&gt;
&lt;/tr&gt;&lt;tr bgcolor=""&gt;
&lt;th&gt;CT_LOCALIDADE&lt;/th&gt;
&lt;td&gt;Lugarejo&lt;/td&gt;
&lt;/tr&gt;&lt;tr bgcolor="#E3E3F3"&gt;
&lt;th&gt;CD_LOCALIDADE&lt;/th&gt;
&lt;td&gt;420915100007&lt;/td&gt;
&lt;/tr&gt;&lt;tr bgcolor=""&gt;
&lt;th&gt;NM_LOCALIDADE&lt;/th&gt;
&lt;td&gt;Aldeia Indígena Takuaty&lt;/td&gt;
&lt;/tr&gt;&lt;tr bgcolor="#E3E3F3"&gt;
&lt;th&gt;LAT_LOCALIDADE&lt;/th&gt;
&lt;td&gt;-26.7387&lt;/td&gt;
&lt;/tr&gt;&lt;tr bgcolor=""&gt;
&lt;th&gt;LONG_LOCALIDADE&lt;/th&gt;
&lt;td&gt;-49.6696&lt;/td&gt;
&lt;/tr&gt;&lt;/table&gt;&lt;/center&gt;</description>
<Style>
<IconStyle>
<color>ffffff00</color>
<scale>0.8</scale>
<Icon>
<href>http://maps.google.com/mapfiles/kml/shapes/placemark_circle.png</href>
</Icon>
</IconStyle>
<LabelStyle>
<scale>0.8</scale>
</LabelStyle>
<LineStyle>
<color>72ff54ff</color>
<width>1.0</width>
<gx:labelVisibility>1</gx:labelVisibility>
</LineStyle>
<PolyStyle>
<color>66ff54ff</color>
</PolyStyle>
</Style>
<ExtendedData>
<SchemaData schemaUrl="#kml_schema_ft_Lugarejos">
<SimpleData name="CD_UF">42</SimpleData>
<SimpleData name="NM_UF">Santa Catarina</SimpleData>
<SimpleData name="SIGLA_UF">SC</SimpleData>
<SimpleData name="CD_MUN">4209151</SimpleData>
<SimpleData name="NM_MUN">José Boiteux</SimpleData>
<SimpleData name="CD_RGINT">4207</SimpleData>
<SimpleData name="NM_RGINT">Blumenau</SimpleData>
<SimpleData name="CD_RGI">420023</SimpleData>
<SimpleData name="NM_RGI">Ibirama - Presidente Getúlio</SimpleData>
<SimpleData name="CT_LOCALIDADE">Lugarejo</SimpleData>
<SimpleData name="CD_LOCALIDADE">420915100007</SimpleData>
<SimpleData name="NM_LOCALIDADE">Aldeia Indígena Takuaty</SimpleData>
<SimpleData name="LAT_LOCALIDADE">-26.7387</SimpleData>
<SimpleData name="LONG_LOCALIDADE">-49.6696</SimpleData>
</SchemaData>
</ExtendedData>
<Point>
<extrude>0</extrude>
<coordinates>-49.669570625,-26.7387223742405,0.0</coordinates>
</Point>
</Placemark>
<Placemark id="localidades">
<name>Comunidade Quilombola dos Cafuzos [420915100008]</name>
<visibility>1</visibility>
<snippet> </snippet>
<description>&lt;center&gt;&lt;table&gt;&lt;tr&gt;&lt;th colspan='2' align='center'&gt;&lt;em&gt;Attributes&lt;/em&gt;&lt;/th&gt;&lt;/tr&gt;&lt;tr bgcolor="#E3E3F3"&gt;
&lt;th&gt;CD_UF&lt;/th&gt;
&lt;td&gt;42&lt;/td&gt;
&lt;/tr&gt;&lt;tr bgcolor=""&gt;
&lt;th&gt;NM_UF&lt;/th&gt;
&lt;td&gt;Santa Catarina&lt;/td&gt;
&lt;/tr&gt;&lt;tr bgcolor="#E3E3F3"&gt;
&lt;th&gt;SIGLA_UF&lt;/th&gt;
&lt;td&gt;SC&lt;/td&gt;
&lt;/tr&gt;&lt;tr bgcolor=""&gt;
&lt;th&gt;CD_MUN&lt;/th&gt;
&lt;td&gt;4209151&lt;/td&gt;
&lt;/tr&gt;&lt;tr bgcolor="#E3E3F3"&gt;
&lt;th&gt;NM_MUN&lt;/th&gt;
&lt;td&gt;José Boiteux&lt;/td&gt;
&lt;/tr&gt;&lt;tr bgcolor=""&gt;
&lt;th&gt;CD_RGINT&lt;/th&gt;
&lt;td&gt;4207&lt;/td&gt;
&lt;/tr&gt;&lt;tr bgcolor="#E3E3F3"&gt;
&lt;th&gt;NM_RGINT&lt;/th&gt;
&lt;td&gt;Blumenau&lt;/td&gt;
&lt;/tr&gt;&lt;tr bgcolor=""&gt;
&lt;th&gt;CD_RGI&lt;/th&gt;
&lt;td&gt;420023&lt;/td&gt;
&lt;/tr&gt;&lt;tr bgcolor="#E3E3F3"&gt;
&lt;th&gt;NM_RGI&lt;/th&gt;
&lt;td&gt;Ibirama - Presidente Getúlio&lt;/td&gt;
&lt;/tr&gt;&lt;tr bgcolor=""&gt;
&lt;th&gt;CT_LOCALIDADE&lt;/th&gt;
&lt;td&gt;Lugarejo&lt;/td&gt;
&lt;/tr&gt;&lt;tr bgcolor="#E3E3F3"&gt;
&lt;th&gt;CD_LOCALIDADE&lt;/th&gt;
&lt;td&gt;420915100008&lt;/td&gt;
&lt;/tr&gt;&lt;tr bgcolor=""&gt;
&lt;th&gt;NM_LOCALIDADE&lt;/th&gt;
&lt;td&gt;Comunidade Quilombola dos Cafuzos&lt;/td&gt;
&lt;/tr&gt;&lt;tr bgcolor="#E3E3F3"&gt;
&lt;th&gt;LAT_LOCALIDADE&lt;/th&gt;
&lt;td&gt;-26.8799&lt;/td&gt;
&lt;/tr&gt;&lt;tr bgcolor=""&gt;
&lt;th&gt;LONG_LOCALIDADE&lt;/th&gt;
&lt;td&gt;-49.5808&lt;/td&gt;
&lt;/tr&gt;&lt;/table&gt;&lt;/center&gt;</description>
<Style>
<IconStyle>
<color>ffffff00</color>
<scale>0.8</scale>
<Icon>
<href>http://maps.google.com/mapfiles/kml/shapes/placemark_circle.png</href>
</Icon>
</IconStyle>
<LabelStyle>
<scale>0.8</scale>
</LabelStyle>
<LineStyle>
<color>72ff54ff</color>
<width>1.0</width>
<gx:labelVisibility>1</gx:labelVisibility>
</LineStyle>
<PolyStyle>
<color>66ff54ff</color>
</PolyStyle>
</Style>
<ExtendedData>
<SchemaData schemaUrl="#kml_schema_ft_Lugarejos">
<SimpleData name="CD_UF">42</SimpleData>
<SimpleData name="NM_UF">Santa Catarina</SimpleData>
<SimpleData name="SIGLA_UF">SC</SimpleData>
<SimpleData name="CD_MUN">4209151</SimpleData>
<SimpleData name="NM_MUN">José Boiteux</SimpleData>
<SimpleData name="CD_RGINT">4207</SimpleData>
<SimpleData name="NM_RGINT">Blumenau</SimpleData>
<SimpleData name="CD_RGI">420023</SimpleData>
<SimpleData name="NM_RGI">Ibirama - Presidente Getúlio</SimpleData>
<SimpleData name="CT_LOCALIDADE">Lugarejo</SimpleData>
<SimpleData name="CD_LOCALIDADE">420915100008</SimpleData>
<SimpleData name="NM_LOCALIDADE">Comunidade Quilombola dos Cafuzos</SimpleData>
<SimpleData name="LAT_LOCALIDADE">-26.8799</SimpleData>
<SimpleData name="LONG_LOCALIDADE">-49.5808</SimpleData>
</SchemaData>
</ExtendedData>
<Point>
<extrude>0</extrude>
<coordinates>-49.5807582,-26.8799298325711,0.0</coordinates>
</Point>
</Placemark>
</Folder>
<Folder id="09. Localidades Indígenas">
<name>09. Localidades Indígenas</name>
<visibility>1</visibility>
<Style>
<IconStyle>
<color>ffffaaaa</color>
<scale>0.8</scale>
<Icon>
<href>http://maps.google.com/mapfiles/kml/shapes/placemark_circle.png</href>
</Icon>
</IconStyle>
<LabelStyle>
<scale>0.8</scale>
</LabelStyle>
<LineStyle>
<color>7a0000ff</color>
<width>1.0</width>
<gx:labelVisibility>1</gx:labelVisibility>
</LineStyle>
<PolyStyle>
<color>660000ff</color>
</PolyStyle>
</Style>
<Folder id="09.01. Agrupamentos Indígenas">
<name>09.01. Agrupamentos Indígenas</name>
<visibility>1</visibility>
<Style>
<IconStyle>
<color>ffffaaaa</color>
<scale>0.8</scale>
<Icon>
<href>http://maps.google.com/mapfiles/kml/shapes/placemark_circle.png</href>
</Icon>
</IconStyle>
<LabelStyle>
<scale>0.8</scale>
</LabelStyle>
<LineStyle>
<color>7a0000ff</color>
<width>1.0</width>
<gx:labelVisibility>1</gx:labelVisibility>
</LineStyle>
<PolyStyle>
<color>660000ff</color>
</PolyStyle>
</Style>
<Placemark id="09.01. Agrupamentos Indígenas">
<name>Aldeia Indígena Barragem (Plipatol) [420915100001]</name>
<visibility>1</visibility>
<snippet> </snippet>
<description>&lt;center&gt;&lt;table&gt;&lt;tr&gt;&lt;th colspan='2' align='center'&gt;&lt;em&gt;Attributes&lt;/em&gt;&lt;/th&gt;&lt;/tr&gt;&lt;tr bgcolor="#E3E3F3"&gt;
&lt;th&gt;CD_UF&lt;/th&gt;
&lt;td&gt;42&lt;/td&gt;
&lt;/tr&gt;&lt;tr bgcolor=""&gt;
&lt;th&gt;NM_UF&lt;/th&gt;
&lt;td&gt;Santa Catarina&lt;/td&gt;
&lt;/tr&gt;&lt;tr bgcolor="#E3E3F3"&gt;
&lt;th&gt;SIGLA_UF&lt;/th&gt;
&lt;td&gt;SC&lt;/td&gt;
&lt;/tr&gt;&lt;tr bgcolor=""&gt;
&lt;th&gt;CD_MUN&lt;/th&gt;
&lt;td&gt;4209151&lt;/td&gt;
&lt;/tr&gt;&lt;tr bgcolor="#E3E3F3"&gt;
&lt;th&gt;NM_MUN&lt;/th&gt;
&lt;td&gt;José Boiteux&lt;/td&gt;
&lt;/tr&gt;&lt;tr bgcolor=""&gt;
&lt;th&gt;CD_RGINT&lt;/th&gt;
&lt;td&gt;4207&lt;/td&gt;
&lt;/tr&gt;&lt;tr bgcolor="#E3E3F3"&gt;
&lt;th&gt;NM_RGINT&lt;/th&gt;
&lt;td&gt;Blumenau&lt;/td&gt;
&lt;/tr&gt;&lt;tr bgcolor=""&gt;
&lt;th&gt;CD_RGI&lt;/th&gt;
&lt;td&gt;420023&lt;/td&gt;
&lt;/tr&gt;&lt;tr bgcolor="#E3E3F3"&gt;
&lt;th&gt;NM_RGI&lt;/th&gt;
&lt;td&gt;Ibirama - Presidente Getúlio&lt;/td&gt;
&lt;/tr&gt;&lt;tr bgcolor=""&gt;
&lt;th&gt;CT_LOCALIDADE&lt;/th&gt;
&lt;td&gt;Localidade Indígena&lt;/td&gt;
&lt;/tr&gt;&lt;tr bgcolor="#E3E3F3"&gt;
&lt;th&gt;SCT_LOCALIDADE&lt;/th&gt;
&lt;td&gt;Agrupamento Indígena&lt;/td&gt;
&lt;/tr&gt;&lt;tr bgcolor=""&gt;
&lt;th&gt;CD_LOCALIDADE&lt;/th&gt;
&lt;td&gt;420915100001&lt;/td&gt;
&lt;/tr&gt;&lt;tr bgcolor="#E3E3F3"&gt;
&lt;th&gt;NM_LOCALIDADE&lt;/th&gt;
&lt;td&gt;Aldeia Indígena Barragem (Plipatol)&lt;/td&gt;
&lt;/tr&gt;&lt;tr bgcolor=""&gt;
&lt;th&gt;LAT_LOCALIDADE&lt;/th&gt;
&lt;td&gt;-26.8964&lt;/td&gt;
&lt;/tr&gt;&lt;tr bgcolor="#E3E3F3"&gt;
&lt;th&gt;LONG_LOCALIDADE&lt;/th&gt;
&lt;td&gt;-49.6794&lt;/td&gt;
&lt;/tr&gt;&lt;/table&gt;&lt;/center&gt;</description>
<Style>
<IconStyle>
<color>ffffaaaa</color>
<scale>0.8</scale>
<Icon>
<href>http://maps.google.com/mapfiles/kml/shapes/placemark_circle.png</href>
</Icon>
</IconStyle>
<LabelStyle>
<scale>0.8</scale>
</LabelStyle>
<LineStyle>
<color>7a0000ff</color>
<width>1.0</width>
<gx:labelVisibility>1</gx:labelVisibility>
</LineStyle>
<PolyStyle>
<color>660000ff</color>
</PolyStyle>
</Style>
<ExtendedData>
<SchemaData schemaUrl="#kml_schema_ft_Agrupamentos_Indígenas">
<SimpleData name="CD_UF">42</SimpleData>
<SimpleData name="NM_UF">Santa Catarina</SimpleData>
<SimpleData name="SIGLA_UF">SC</SimpleData>
<SimpleData name="CD_MUN">4209151</SimpleData>
<SimpleData name="NM_MUN">José Boiteux</SimpleData>
<SimpleData name="CD_RGINT">4207</SimpleData>
<SimpleData name="NM_RGINT">Blumenau</SimpleData>
<SimpleData name="CD_RGI">420023</SimpleData>
<SimpleData name="NM_RGI">Ibirama - Presidente Getúlio</SimpleData>
<SimpleData name="CT_LOCALIDADE">Localidade Indígena</SimpleData>
<SimpleData name="SCT_LOCALIDADE">Agrupamento Indígena</SimpleData>
<SimpleData name="CD_LOCALIDADE">420915100001</SimpleData>
<SimpleData name="NM_LOCALIDADE">Aldeia Indígena Barragem (Plipatol)</SimpleData>
<SimpleData name="LAT_LOCALIDADE">-26.8964</SimpleData>
<SimpleData name="LONG_LOCALIDADE">-49.6794</SimpleData>
</SchemaData>
</ExtendedData>
<Point>
<extrude>0</extrude>
<coordinates>-49.6793523409091,-26.896422323101,0.0</coordinates>
</Point>
</Placemark>
<Placemark id="09.01. Agrupamentos Indígenas">
<name>Aldeia Indígena Bugio [420915100002]</name>
<visibility>1</visibility>
<snippet> </snippet>
<description>&lt;center&gt;&lt;table&gt;&lt;tr&gt;&lt;th colspan='2' align='center'&gt;&lt;em&gt;Attributes&lt;/em&gt;&lt;/th&gt;&lt;/tr&gt;&lt;tr bgcolor="#E3E3F3"&gt;
&lt;th&gt;CD_UF&lt;/th&gt;
&lt;td&gt;42&lt;/td&gt;
&lt;/tr&gt;&lt;tr bgcolor=""&gt;
&lt;th&gt;NM_UF&lt;/th&gt;
&lt;td&gt;Santa Catarina&lt;/td&gt;
&lt;/tr&gt;&lt;tr bgcolor="#E3E3F3"&gt;
&lt;th&gt;SIGLA_UF&lt;/th&gt;
&lt;td&gt;SC&lt;/td&gt;
&lt;/tr&gt;&lt;tr bgcolor=""&gt;
&lt;th&gt;CD_MUN&lt;/th&gt;
&lt;td&gt;4209151&lt;/td&gt;
&lt;/tr&gt;&lt;tr bgcolor="#E3E3F3"&gt;
&lt;th&gt;NM_MUN&lt;/th&gt;
&lt;td&gt;José Boiteux&lt;/td&gt;
&lt;/tr&gt;&lt;tr bgcolor=""&gt;
&lt;th&gt;CD_RGINT&lt;/th&gt;
&lt;td&gt;4207&lt;/td&gt;
&lt;/tr&gt;&lt;tr bgcolor="#E3E3F3"&gt;
&lt;th&gt;NM_RGINT&lt;/th&gt;
&lt;td&gt;Blumenau&lt;/td&gt;
&lt;/tr&gt;&lt;tr bgcolor=""&gt;
&lt;th&gt;CD_RGI&lt;/th&gt;
&lt;td&gt;420023&lt;/td&gt;
&lt;/tr&gt;&lt;tr bgcolor="#E3E3F3"&gt;
&lt;th&gt;NM_RGI&lt;/th&gt;
&lt;td&gt;Ibirama - Presidente Getúlio&lt;/td&gt;
&lt;/tr&gt;&lt;tr bgcolor=""&gt;
&lt;th&gt;CT_LOCALIDADE&lt;/th&gt;
&lt;td&gt;Localidade Indígena&lt;/td&gt;
&lt;/tr&gt;&lt;tr bgcolor="#E3E3F3"&gt;
&lt;th&gt;SCT_LOCALIDADE&lt;/th&gt;
&lt;td&gt;Agrupamento Indígena&lt;/td&gt;
&lt;/tr&gt;&lt;tr bgcolor=""&gt;
&lt;th&gt;CD_LOCALIDADE&lt;/th&gt;
&lt;td&gt;420915100002&lt;/td&gt;
&lt;/tr&gt;&lt;tr bgcolor="#E3E3F3"&gt;
&lt;th&gt;NM_LOCALIDADE&lt;/th&gt;
&lt;td&gt;Aldeia Indígena Bugio&lt;/td&gt;
&lt;/tr&gt;&lt;tr bgcolor=""&gt;
&lt;th&gt;LAT_LOCALIDADE&lt;/th&gt;
&lt;td&gt;-26.776&lt;/td&gt;
&lt;/tr&gt;&lt;tr bgcolor="#E3E3F3"&gt;
&lt;th&gt;LONG_LOCALIDADE&lt;/th&gt;
&lt;td&gt;-49.6449&lt;/td&gt;
&lt;/tr&gt;&lt;/table&gt;&lt;/center&gt;</description>
<Style>
<IconStyle>
<color>ffffaaaa</color>
<scale>0.8</scale>
<Icon>
<href>http://maps.google.com/mapfiles/kml/shapes/placemark_circle.png</href>
</Icon>
</IconStyle>
<LabelStyle>
<scale>0.8</scale>
</LabelStyle>
<LineStyle>
<color>7a0000ff</color>
<width>1.0</width>
<gx:labelVisibility>1</gx:labelVisibility>
</LineStyle>
<PolyStyle>
<color>660000ff</color>
</PolyStyle>
</Style>
<ExtendedData>
<SchemaData schemaUrl="#kml_schema_ft_Agrupamentos_Indígenas">
<SimpleData name="CD_UF">42</SimpleData>
<SimpleData name="NM_UF">Santa Catarina</SimpleData>
<SimpleData name="SIGLA_UF">SC</SimpleData>
<SimpleData name="CD_MUN">4209151</SimpleData>
<SimpleData name="NM_MUN">José Boiteux</SimpleData>
<SimpleData name="CD_RGINT">4207</SimpleData>
<SimpleData name="NM_RGINT">Blumenau</SimpleData>
<SimpleData name="CD_RGI">420023</SimpleData>
<SimpleData name="NM_RGI">Ibirama - Presidente Getúlio</SimpleData>
<SimpleData name="CT_LOCALIDADE">Localidade Indígena</SimpleData>
<SimpleData name="SCT_LOCALIDADE">Agrupamento Indígena</SimpleData>
<SimpleData name="CD_LOCALIDADE">420915100002</SimpleData>
<SimpleData name="NM_LOCALIDADE">Aldeia Indígena Bugio</SimpleData>
<SimpleData name="LAT_LOCALIDADE">-26.776</SimpleData>
<SimpleData name="LONG_LOCALIDADE">-49.6449</SimpleData>
</SchemaData>
</ExtendedData>
<Point>
<extrude>0</extrude>
<coordinates>-49.6448565884499,-26.7759774868002,0.0</coordinates>
</Point>
</Placemark>
<Placemark id="09.01. Agrupamentos Indígenas">
<name>Aldeia Indígena Palmeira [420915100003]</name>
<visibility>1</visibility>
<snippet> </snippet>
<description>&lt;center&gt;&lt;table&gt;&lt;tr&gt;&lt;th colspan='2' align='center'&gt;&lt;em&gt;Attributes&lt;/em&gt;&lt;/th&gt;&lt;/tr&gt;&lt;tr bgcolor="#E3E3F3"&gt;
&lt;th&gt;CD_UF&lt;/th&gt;
&lt;td&gt;42&lt;/td&gt;
&lt;/tr&gt;&lt;tr bgcolor=""&gt;
&lt;th&gt;NM_UF&lt;/th&gt;
&lt;td&gt;Santa Catarina&lt;/td&gt;
&lt;/tr&gt;&lt;tr bgcolor="#E3E3F3"&gt;
&lt;th&gt;SIGLA_UF&lt;/th&gt;
&lt;td&gt;SC&lt;/td&gt;
&lt;/tr&gt;&lt;tr bgcolor=""&gt;
&lt;th&gt;CD_MUN&lt;/th&gt;
&lt;td&gt;4209151&lt;/td&gt;
&lt;/tr&gt;&lt;tr bgcolor="#E3E3F3"&gt;
&lt;th&gt;NM_MUN&lt;/th&gt;
&lt;td&gt;José Boiteux&lt;/td&gt;
&lt;/tr&gt;&lt;tr bgcolor=""&gt;
&lt;th&gt;CD_RGINT&lt;/th&gt;
&lt;td&gt;4207&lt;/td&gt;
&lt;/tr&gt;&lt;tr bgcolor="#E3E3F3"&gt;
&lt;th&gt;NM_RGINT&lt;/th&gt;
&lt;td&gt;Blumenau&lt;/td&gt;
&lt;/tr&gt;&lt;tr bgcolor=""&gt;
&lt;th&gt;CD_RGI&lt;/th&gt;
&lt;td&gt;420023&lt;/td&gt;
&lt;/tr&gt;&lt;tr bgcolor="#E3E3F3"&gt;
&lt;th&gt;NM_RGI&lt;/th&gt;
&lt;td&gt;Ibirama - Presidente Getúlio&lt;/td&gt;
&lt;/tr&gt;&lt;tr bgcolor=""&gt;
&lt;th&gt;CT_LOCALIDADE&lt;/th&gt;
&lt;td&gt;Localidade Indígena&lt;/td&gt;
&lt;/tr&gt;&lt;tr bgcolor="#E3E3F3"&gt;
&lt;th&gt;SCT_LOCALIDADE&lt;/th&gt;
&lt;td&gt;Agrupamento Indígena&lt;/td&gt;
&lt;/tr&gt;&lt;tr bgcolor=""&gt;
&lt;th&gt;CD_LOCALIDADE&lt;/th&gt;
&lt;td&gt;420915100003&lt;/td&gt;
&lt;/tr&gt;&lt;tr bgcolor="#E3E3F3"&gt;
&lt;th&gt;NM_LOCALIDADE&lt;/th&gt;
&lt;td&gt;Aldeia Indígena Palmeira&lt;/td&gt;
&lt;/tr&gt;&lt;tr bgcolor=""&gt;
&lt;th&gt;LAT_LOCALIDADE&lt;/th&gt;
&lt;td&gt;-26.8826&lt;/td&gt;
&lt;/tr&gt;&lt;tr bgcolor="#E3E3F3"&gt;
&lt;th&gt;LONG_LOCALIDADE&lt;/th&gt;
&lt;td&gt;-49.6865&lt;/td&gt;
&lt;/tr&gt;&lt;/table&gt;&lt;/center&gt;</description>
<Style>
<IconStyle>
<color>ffffaaaa</color>
<scale>0.8</scale>
<Icon>
<href>http://maps.google.com/mapfiles/kml/shapes/placemark_circle.png</href>
</Icon>
</IconStyle>
<LabelStyle>
<scale>0.8</scale>
</LabelStyle>
<LineStyle>
<color>7a0000ff</color>
<width>1.0</width>
<gx:labelVisibility>1</gx:labelVisibility>
</LineStyle>
<PolyStyle>
<color>660000ff</color>
</PolyStyle>
</Style>
<ExtendedData>
<SchemaData schemaUrl="#kml_schema_ft_Agrupamentos_Indígenas">
<SimpleData name="CD_UF">42</SimpleData>
<SimpleData name="NM_UF">Santa Catarina</SimpleData>
<SimpleData name="SIGLA_UF">SC</SimpleData>
<SimpleData name="CD_MUN">4209151</SimpleData>
<SimpleData name="NM_MUN">José Boiteux</SimpleData>
<SimpleData name="CD_RGINT">4207</SimpleData>
<SimpleData name="NM_RGINT">Blumenau</SimpleData>
<SimpleData name="CD_RGI">420023</SimpleData>
<SimpleData name="NM_RGI">Ibirama - Presidente Getúlio</SimpleData>
<SimpleData name="CT_LOCALIDADE">Localidade Indígena</SimpleData>
<SimpleData name="SCT_LOCALIDADE">Agrupamento Indígena</SimpleData>
<SimpleData name="CD_LOCALIDADE">420915100003</SimpleData>
<SimpleData name="NM_LOCALIDADE">Aldeia Indígena Palmeira</SimpleData>
<SimpleData name="LAT_LOCALIDADE">-26.8826</SimpleData>
<SimpleData name="LONG_LOCALIDADE">-49.6865</SimpleData>
</SchemaData>
</ExtendedData>
<Point>
<extrude>0</extrude>
<coordinates>-49.6865194969397,-26.8825628820744,0.0</coordinates>
</Point>
</Placemark>
<Placemark id="09.01. Agrupamentos Indígenas">
<name>Aldeia Indígena Pavão [420915100004]</name>
<visibility>1</visibility>
<snippet> </snippet>
<description>&lt;center&gt;&lt;table&gt;&lt;tr&gt;&lt;th colspan='2' align='center'&gt;&lt;em&gt;Attributes&lt;/em&gt;&lt;/th&gt;&lt;/tr&gt;&lt;tr bgcolor="#E3E3F3"&gt;
&lt;th&gt;CD_UF&lt;/th&gt;
&lt;td&gt;42&lt;/td&gt;
&lt;/tr&gt;&lt;tr bgcolor=""&gt;
&lt;th&gt;NM_UF&lt;/th&gt;
&lt;td&gt;Santa Catarina&lt;/td&gt;
&lt;/tr&gt;&lt;tr bgcolor="#E3E3F3"&gt;
&lt;th&gt;SIGLA_UF&lt;/th&gt;
&lt;td&gt;SC&lt;/td&gt;
&lt;/tr&gt;&lt;tr bgcolor=""&gt;
&lt;th&gt;CD_MUN&lt;/th&gt;
&lt;td&gt;4209151&lt;/td&gt;
&lt;/tr&gt;&lt;tr bgcolor="#E3E3F3"&gt;
&lt;th&gt;NM_MUN&lt;/th&gt;
&lt;td&gt;José Boiteux&lt;/td&gt;
&lt;/tr&gt;&lt;tr bgcolor=""&gt;
&lt;th&gt;CD_RGINT&lt;/th&gt;
&lt;td&gt;4207&lt;/td&gt;
&lt;/tr&gt;&lt;tr bgcolor="#E3E3F3"&gt;
&lt;th&gt;NM_RGINT&lt;/th&gt;
&lt;td&gt;Blumenau&lt;/td&gt;
&lt;/tr&gt;&lt;tr bgcolor=""&gt;
&lt;th&gt;CD_RGI&lt;/th&gt;
&lt;td&gt;420023&lt;/td&gt;
&lt;/tr&gt;&lt;tr bgcolor="#E3E3F3"&gt;
&lt;th&gt;NM_RGI&lt;/th&gt;
&lt;td&gt;Ibirama - Presidente Getúlio&lt;/td&gt;
&lt;/tr&gt;&lt;tr bgcolor=""&gt;
&lt;th&gt;CT_LOCALIDADE&lt;/th&gt;
&lt;td&gt;Localidade Indígena&lt;/td&gt;
&lt;/tr&gt;&lt;tr bgcolor="#E3E3F3"&gt;
&lt;th&gt;SCT_LOCALIDADE&lt;/th&gt;
&lt;td&gt;Agrupamento Indígena&lt;/td&gt;
&lt;/tr&gt;&lt;tr bgcolor=""&gt;
&lt;th&gt;CD_LOCALIDADE&lt;/th&gt;
&lt;td&gt;420915100004&lt;/td&gt;
&lt;/tr&gt;&lt;tr bgcolor="#E3E3F3"&gt;
&lt;th&gt;NM_LOCALIDADE&lt;/th&gt;
&lt;td&gt;Aldeia Indígena Pavão&lt;/td&gt;
&lt;/tr&gt;&lt;tr bgcolor=""&gt;
&lt;th&gt;LAT_LOCALIDADE&lt;/th&gt;
&lt;td&gt;-26.8652&lt;/td&gt;
&lt;/tr&gt;&lt;tr bgcolor="#E3E3F3"&gt;
&lt;th&gt;LONG_LOCALIDADE&lt;/th&gt;
&lt;td&gt;-49.6807&lt;/td&gt;
&lt;/tr&gt;&lt;/table&gt;&lt;/center&gt;</description>
<Style>
<IconStyle>
<color>ffffaaaa</color>
<scale>0.8</scale>
<Icon>
<href>http://maps.google.com/mapfiles/kml/shapes/placemark_circle.png</href>
</Icon>
</IconStyle>
<LabelStyle>
<scale>0.8</scale>
</LabelStyle>
<LineStyle>
<color>7a0000ff</color>
<width>1.0</width>
<gx:labelVisibility>1</gx:labelVisibility>
</LineStyle>
<PolyStyle>
<color>660000ff</color>
</PolyStyle>
</Style>
<ExtendedData>
<SchemaData schemaUrl="#kml_schema_ft_Agrupamentos_Indígenas">
<SimpleData name="CD_UF">42</SimpleData>
<SimpleData name="NM_UF">Santa Catarina</SimpleData>
<SimpleData name="SIGLA_UF">SC</SimpleData>
<SimpleData name="CD_MUN">4209151</SimpleData>
<SimpleData name="NM_MUN">José Boiteux</SimpleData>
<SimpleData name="CD_RGINT">4207</SimpleData>
<SimpleData name="NM_RGINT">Blumenau</SimpleData>
<SimpleData name="CD_RGI">420023</SimpleData>
<SimpleData name="NM_RGI">Ibirama - Presidente Getúlio</SimpleData>
<SimpleData name="CT_LOCALIDADE">Localidade Indígena</SimpleData>
<SimpleData name="SCT_LOCALIDADE">Agrupamento Indígena</SimpleData>
<SimpleData name="CD_LOCALIDADE">420915100004</SimpleData>
<SimpleData name="NM_LOCALIDADE">Aldeia Indígena Pavão</SimpleData>
<SimpleData name="LAT_LOCALIDADE">-26.8652</SimpleData>
<SimpleData name="LONG_LOCALIDADE">-49.6807</SimpleData>
</SchemaData>
</ExtendedData>
<Point>
<extrude>0</extrude>
<coordinates>-49.6806543333333,-26.8652411659046,0.0</coordinates>
</Point>
</Placemark>
<Placemark id="09.01. Agrupamentos Indígenas">
<name>Aldeia Indígena Sede - José Boiteux [420915100005]</name>
<visibility>1</visibility>
<snippet> </snippet>
<description>&lt;center&gt;&lt;table&gt;&lt;tr&gt;&lt;th colspan='2' align='center'&gt;&lt;em&gt;Attributes&lt;/em&gt;&lt;/th&gt;&lt;/tr&gt;&lt;tr bgcolor="#E3E3F3"&gt;
&lt;th&gt;CD_UF&lt;/th&gt;
&lt;td&gt;42&lt;/td&gt;
&lt;/tr&gt;&lt;tr bgcolor=""&gt;
&lt;th&gt;NM_UF&lt;/th&gt;
&lt;td&gt;Santa Catarina&lt;/td&gt;
&lt;/tr&gt;&lt;tr bgcolor="#E3E3F3"&gt;
&lt;th&gt;SIGLA_UF&lt;/th&gt;
&lt;td&gt;SC&lt;/td&gt;
&lt;/tr&gt;&lt;tr bgcolor=""&gt;
&lt;th&gt;CD_MUN&lt;/th&gt;
&lt;td&gt;4209151&lt;/td&gt;
&lt;/tr&gt;&lt;tr bgcolor="#E3E3F3"&gt;
&lt;th&gt;NM_MUN&lt;/th&gt;
&lt;td&gt;José Boiteux&lt;/td&gt;
&lt;/tr&gt;&lt;tr bgcolor=""&gt;
&lt;th&gt;CD_RGINT&lt;/th&gt;
&lt;td&gt;4207&lt;/td&gt;
&lt;/tr&gt;&lt;tr bgcolor="#E3E3F3"&gt;
&lt;th&gt;NM_RGINT&lt;/th&gt;
&lt;td&gt;Blumenau&lt;/td&gt;
&lt;/tr&gt;&lt;tr bgcolor=""&gt;
&lt;th&gt;CD_RGI&lt;/th&gt;
&lt;td&gt;420023&lt;/td&gt;
&lt;/tr&gt;&lt;tr bgcolor="#E3E3F3"&gt;
&lt;th&gt;NM_RGI&lt;/th&gt;
&lt;td&gt;Ibirama - Presidente Getúlio&lt;/td&gt;
&lt;/tr&gt;&lt;tr bgcolor=""&gt;
&lt;th&gt;CT_LOCALIDADE&lt;/th&gt;
&lt;td&gt;Localidade Indígena&lt;/td&gt;
&lt;/tr&gt;&lt;tr bgcolor="#E3E3F3"&gt;
&lt;th&gt;SCT_LOCALIDADE&lt;/th&gt;
&lt;td&gt;Agrupamento Indígena&lt;/td&gt;
&lt;/tr&gt;&lt;tr bgcolor=""&gt;
&lt;th&gt;CD_LOCALIDADE&lt;/th&gt;
&lt;td&gt;420915100005&lt;/td&gt;
&lt;/tr&gt;&lt;tr bgcolor="#E3E3F3"&gt;
&lt;th&gt;NM_LOCALIDADE&lt;/th&gt;
&lt;td&gt;Aldeia Indígena Sede - José Boiteux&lt;/td&gt;
&lt;/tr&gt;&lt;tr bgcolor=""&gt;
&lt;th&gt;LAT_LOCALIDADE&lt;/th&gt;
&lt;td&gt;-26.8434&lt;/td&gt;
&lt;/tr&gt;&lt;tr bgcolor="#E3E3F3"&gt;
&lt;th&gt;LONG_LOCALIDADE&lt;/th&gt;
&lt;td&gt;-49.7048&lt;/td&gt;
&lt;/tr&gt;&lt;/table&gt;&lt;/center&gt;</description>
<Style>
<IconStyle>
<color>ffffaaaa</color>
<scale>0.8</scale>
<Icon>
<href>http://maps.google.com/mapfiles/kml/shapes/placemark_circle.png</href>
</Icon>
</IconStyle>
<LabelStyle>
<scale>0.8</scale>
</LabelStyle>
<LineStyle>
<color>7a0000ff</color>
<width>1.0</width>
<gx:labelVisibility>1</gx:labelVisibility>
</LineStyle>
<PolyStyle>
<color>660000ff</color>
</PolyStyle>
</Style>
<ExtendedData>
<SchemaData schemaUrl="#kml_schema_ft_Agrupamentos_Indígenas">
<SimpleData name="CD_UF">42</SimpleData>
<SimpleData name="NM_UF">Santa Catarina</SimpleData>
<SimpleData name="SIGLA_UF">SC</SimpleData>
<SimpleData name="CD_MUN">4209151</SimpleData>
<SimpleData name="NM_MUN">José Boiteux</SimpleData>
<SimpleData name="CD_RGINT">4207</SimpleData>
<SimpleData name="NM_RGINT">Blumenau</SimpleData>
<SimpleData name="CD_RGI">420023</SimpleData>
<SimpleData name="NM_RGI">Ibirama - Presidente Getúlio</SimpleData>
<SimpleData name="CT_LOCALIDADE">Localidade Indígena</SimpleData>
<SimpleData name="SCT_LOCALIDADE">Agrupamento Indígena</SimpleData>
<SimpleData name="CD_LOCALIDADE">420915100005</SimpleData>
<SimpleData name="NM_LOCALIDADE">Aldeia Indígena Sede - José Boiteux</SimpleData>
<SimpleData name="LAT_LOCALIDADE">-26.8434</SimpleData>
<SimpleData name="LONG_LOCALIDADE">-49.7048</SimpleData>
</SchemaData>
</ExtendedData>
<Point>
<extrude>0</extrude>
<coordinates>-49.7047794960451,-26.8434350684882,0.0</coordinates>
</Point>
</Placemark>
<Placemark id="09.01. Agrupamentos Indígenas">
<name>Aldeia Indígena Toldo [420915100006]</name>
<visibility>1</visibility>
<snippet> </snippet>
<description>&lt;center&gt;&lt;table&gt;&lt;tr&gt;&lt;th colspan='2' align='center'&gt;&lt;em&gt;Attributes&lt;/em&gt;&lt;/th&gt;&lt;/tr&gt;&lt;tr bgcolor="#E3E3F3"&gt;
&lt;th&gt;CD_UF&lt;/th&gt;
&lt;td&gt;42&lt;/td&gt;
&lt;/tr&gt;&lt;tr bgcolor=""&gt;
&lt;th&gt;NM_UF&lt;/th&gt;
&lt;td&gt;Santa Catarina&lt;/td&gt;
&lt;/tr&gt;&lt;tr bgcolor="#E3E3F3"&gt;
&lt;th&gt;SIGLA_UF&lt;/th&gt;
&lt;td&gt;SC&lt;/td&gt;
&lt;/tr&gt;&lt;tr bgcolor=""&gt;
&lt;th&gt;CD_MUN&lt;/th&gt;
&lt;td&gt;4209151&lt;/td&gt;
&lt;/tr&gt;&lt;tr bgcolor="#E3E3F3"&gt;
&lt;th&gt;NM_MUN&lt;/th&gt;
&lt;td&gt;José Boiteux&lt;/td&gt;
&lt;/tr&gt;&lt;tr bgcolor=""&gt;
&lt;th&gt;CD_RGINT&lt;/th&gt;
&lt;td&gt;4207&lt;/td&gt;
&lt;/tr&gt;&lt;tr bgcolor="#E3E3F3"&gt;
&lt;th&gt;NM_RGINT&lt;/th&gt;
&lt;td&gt;Blumenau&lt;/td&gt;
&lt;/tr&gt;&lt;tr bgcolor=""&gt;
&lt;th&gt;CD_RGI&lt;/th&gt;
&lt;td&gt;420023&lt;/td&gt;
&lt;/tr&gt;&lt;tr bgcolor="#E3E3F3"&gt;
&lt;th&gt;NM_RGI&lt;/th&gt;
&lt;td&gt;Ibirama - Presidente Getúlio&lt;/td&gt;
&lt;/tr&gt;&lt;tr bgcolor=""&gt;
&lt;th&gt;CT_LOCALIDADE&lt;/th&gt;
&lt;td&gt;Localidade Indígena&lt;/td&gt;
&lt;/tr&gt;&lt;tr bgcolor="#E3E3F3"&gt;
&lt;th&gt;SCT_LOCALIDADE&lt;/th&gt;
&lt;td&gt;Agrupamento Indígena&lt;/td&gt;
&lt;/tr&gt;&lt;tr bgcolor=""&gt;
&lt;th&gt;CD_LOCALIDADE&lt;/th&gt;
&lt;td&gt;420915100006&lt;/td&gt;
&lt;/tr&gt;&lt;tr bgcolor="#E3E3F3"&gt;
&lt;th&gt;NM_LOCALIDADE&lt;/th&gt;
&lt;td&gt;Aldeia Indígena Toldo&lt;/td&gt;
&lt;/tr&gt;&lt;tr bgcolor=""&gt;
&lt;th&gt;LAT_LOCALIDADE&lt;/th&gt;
&lt;td&gt;-26.7833&lt;/td&gt;
&lt;/tr&gt;&lt;tr bgcolor="#E3E3F3"&gt;
&lt;th&gt;LONG_LOCALIDADE&lt;/th&gt;
&lt;td&gt;-49.7406&lt;/td&gt;
&lt;/tr&gt;&lt;/table&gt;&lt;/center&gt;</description>
<Style>
<IconStyle>
<color>ffffaaaa</color>
<scale>0.8</scale>
<Icon>
<href>http://maps.google.com/mapfiles/kml/shapes/placemark_circle.png</href>
</Icon>
</IconStyle>
<LabelStyle>
<scale>0.8</scale>
</LabelStyle>
<LineStyle>
<color>7a0000ff</color>
<width>1.0</width>
<gx:labelVisibility>1</gx:labelVisibility>
</LineStyle>
<PolyStyle>
<color>660000ff</color>
</PolyStyle>
</Style>
<ExtendedData>
<SchemaData schemaUrl="#kml_schema_ft_Agrupamentos_Indígenas">
<SimpleData name="CD_UF">42</SimpleData>
<SimpleData name="NM_UF">Santa Catarina</SimpleData>
<SimpleData name="SIGLA_UF">SC</SimpleData>
<SimpleData name="CD_MUN">4209151</SimpleData>
<SimpleData name="NM_MUN">José Boiteux</SimpleData>
<SimpleData name="CD_RGINT">4207</SimpleData>
<SimpleData name="NM_RGINT">Blumenau</SimpleData>
<SimpleData name="CD_RGI">420023</SimpleData>
<SimpleData name="NM_RGI">Ibirama - Presidente Getúlio</SimpleData>
<SimpleData name="CT_LOCALIDADE">Localidade Indígena</SimpleData>
<SimpleData name="SCT_LOCALIDADE">Agrupamento Indígena</SimpleData>
<SimpleData name="CD_LOCALIDADE">420915100006</SimpleData>
<SimpleData name="NM_LOCALIDADE">Aldeia Indígena Toldo</SimpleData>
<SimpleData name="LAT_LOCALIDADE">-26.7833</SimpleData>
<SimpleData name="LONG_LOCALIDADE">-49.7406</SimpleData>
</SchemaData>
</ExtendedData>
<Point>
<extrude>0</extrude>
<coordinates>-49.7406333333333,-26.7833185547951,0.0</coordinates>
</Point>
</Placemark>
<Placemark id="09.01. Agrupamentos Indígenas">
<name>Aldeia Indígena Takuaty [420915100007]</name>
<visibility>1</visibility>
<snippet> </snippet>
<description>&lt;center&gt;&lt;table&gt;&lt;tr&gt;&lt;th colspan='2' align='center'&gt;&lt;em&gt;Attributes&lt;/em&gt;&lt;/th&gt;&lt;/tr&gt;&lt;tr bgcolor="#E3E3F3"&gt;
&lt;th&gt;CD_UF&lt;/th&gt;
&lt;td&gt;42&lt;/td&gt;
&lt;/tr&gt;&lt;tr bgcolor=""&gt;
&lt;th&gt;NM_UF&lt;/th&gt;
&lt;td&gt;Santa Catarina&lt;/td&gt;
&lt;/tr&gt;&lt;tr bgcolor="#E3E3F3"&gt;
&lt;th&gt;SIGLA_UF&lt;/th&gt;
&lt;td&gt;SC&lt;/td&gt;
&lt;/tr&gt;&lt;tr bgcolor=""&gt;
&lt;th&gt;CD_MUN&lt;/th&gt;
&lt;td&gt;4209151&lt;/td&gt;
&lt;/tr&gt;&lt;tr bgcolor="#E3E3F3"&gt;
&lt;th&gt;NM_MUN&lt;/th&gt;
&lt;td&gt;José Boiteux&lt;/td&gt;
&lt;/tr&gt;&lt;tr bgcolor=""&gt;
&lt;th&gt;CD_RGINT&lt;/th&gt;
&lt;td&gt;4207&lt;/td&gt;
&lt;/tr&gt;&lt;tr bgcolor="#E3E3F3"&gt;
&lt;th&gt;NM_RGINT&lt;/th&gt;
&lt;td&gt;Blumenau&lt;/td&gt;
&lt;/tr&gt;&lt;tr bgcolor=""&gt;
&lt;th&gt;CD_RGI&lt;/th&gt;
&lt;td&gt;420023&lt;/td&gt;
&lt;/tr&gt;&lt;tr bgcolor="#E3E3F3"&gt;
&lt;th&gt;NM_RGI&lt;/th&gt;
&lt;td&gt;Ibirama - Presidente Getúlio&lt;/td&gt;
&lt;/tr&gt;&lt;tr bgcolor=""&gt;
&lt;th&gt;CT_LOCALIDADE&lt;/th&gt;
&lt;td&gt;Localidade Indígena&lt;/td&gt;
&lt;/tr&gt;&lt;tr bgcolor="#E3E3F3"&gt;
&lt;th&gt;SCT_LOCALIDADE&lt;/th&gt;
&lt;td&gt;Agrupamento Indígena&lt;/td&gt;
&lt;/tr&gt;&lt;tr bgcolor=""&gt;
&lt;th&gt;CD_LOCALIDADE&lt;/th&gt;
&lt;td&gt;420915100007&lt;/td&gt;
&lt;/tr&gt;&lt;tr bgcolor="#E3E3F3"&gt;
&lt;th&gt;NM_LOCALIDADE&lt;/th&gt;
&lt;td&gt;Aldeia Indígena Takuaty&lt;/td&gt;
&lt;/tr&gt;&lt;tr bgcolor=""&gt;
&lt;th&gt;LAT_LOCALIDADE&lt;/th&gt;
&lt;td&gt;-26.7387&lt;/td&gt;
&lt;/tr&gt;&lt;tr bgcolor="#E3E3F3"&gt;
&lt;th&gt;LONG_LOCALIDADE&lt;/th&gt;
&lt;td&gt;-49.6696&lt;/td&gt;
&lt;/tr&gt;&lt;/table&gt;&lt;/center&gt;</description>
<Style>
<IconStyle>
<color>ffffaaaa</color>
<scale>0.8</scale>
<Icon>
<href>http://maps.google.com/mapfiles/kml/shapes/placemark_circle.png</href>
</Icon>
</IconStyle>
<LabelStyle>
<scale>0.8</scale>
</LabelStyle>
<LineStyle>
<color>7a0000ff</color>
<width>1.0</width>
<gx:labelVisibility>1</gx:labelVisibility>
</LineStyle>
<PolyStyle>
<color>660000ff</color>
</PolyStyle>
</Style>
<ExtendedData>
<SchemaData schemaUrl="#kml_schema_ft_Agrupamentos_Indígenas">
<SimpleData name="CD_UF">42</SimpleData>
<SimpleData name="NM_UF">Santa Catarina</SimpleData>
<SimpleData name="SIGLA_UF">SC</SimpleData>
<SimpleData name="CD_MUN">4209151</SimpleData>
<SimpleData name="NM_MUN">José Boiteux</SimpleData>
<SimpleData name="CD_RGINT">4207</SimpleData>
<SimpleData name="NM_RGINT">Blumenau</SimpleData>
<SimpleData name="CD_RGI">420023</SimpleData>
<SimpleData name="NM_RGI">Ibirama - Presidente Getúlio</SimpleData>
<SimpleData name="CT_LOCALIDADE">Localidade Indígena</SimpleData>
<SimpleData name="SCT_LOCALIDADE">Agrupamento Indígena</SimpleData>
<SimpleData name="CD_LOCALIDADE">420915100007</SimpleData>
<SimpleData name="NM_LOCALIDADE">Aldeia Indígena Takuaty</SimpleData>
<SimpleData name="LAT_LOCALIDADE">-26.7387</SimpleData>
<SimpleData name="LONG_LOCALIDADE">-49.6696</SimpleData>
</SchemaData>
</ExtendedData>
<Point>
<extrude>0</extrude>
<coordinates>-49.669570625,-26.7387223742405,0.0</coordinates>
</Point>
</Placemark>
<Placemark id="09.01. Agrupamentos Indígenas">
<name>Aldeia Indígena Barra do Dollmann [420915100009]</name>
<visibility>1</visibility>
<snippet> </snippet>
<description>&lt;center&gt;&lt;table&gt;&lt;tr&gt;&lt;th colspan='2' align='center'&gt;&lt;em&gt;Attributes&lt;/em&gt;&lt;/th&gt;&lt;/tr&gt;&lt;tr bgcolor="#E3E3F3"&gt;
&lt;th&gt;CD_UF&lt;/th&gt;
&lt;td&gt;42&lt;/td&gt;
&lt;/tr&gt;&lt;tr bgcolor=""&gt;
&lt;th&gt;NM_UF&lt;/th&gt;
&lt;td&gt;Santa Catarina&lt;/td&gt;
&lt;/tr&gt;&lt;tr bgcolor="#E3E3F3"&gt;
&lt;th&gt;SIGLA_UF&lt;/th&gt;
&lt;td&gt;SC&lt;/td&gt;
&lt;/tr&gt;&lt;tr bgcolor=""&gt;
&lt;th&gt;CD_MUN&lt;/th&gt;
&lt;td&gt;4209151&lt;/td&gt;
&lt;/tr&gt;&lt;tr bgcolor="#E3E3F3"&gt;
&lt;th&gt;NM_MUN&lt;/th&gt;
&lt;td&gt;José Boiteux&lt;/td&gt;
&lt;/tr&gt;&lt;tr bgcolor=""&gt;
&lt;th&gt;CD_RGINT&lt;/th&gt;
&lt;td&gt;4207&lt;/td&gt;
&lt;/tr&gt;&lt;tr bgcolor="#E3E3F3"&gt;
&lt;th&gt;NM_RGINT&lt;/th&gt;
&lt;td&gt;Blumenau&lt;/td&gt;
&lt;/tr&gt;&lt;tr bgcolor=""&gt;
&lt;th&gt;CD_RGI&lt;/th&gt;
&lt;td&gt;420023&lt;/td&gt;
&lt;/tr&gt;&lt;tr bgcolor="#E3E3F3"&gt;
&lt;th&gt;NM_RGI&lt;/th&gt;
&lt;td&gt;Ibirama - Presidente Getúlio&lt;/td&gt;
&lt;/tr&gt;&lt;tr bgcolor=""&gt;
&lt;th&gt;CT_LOCALIDADE&lt;/th&gt;
&lt;td&gt;Localidade Indígena&lt;/td&gt;
&lt;/tr&gt;&lt;tr bgcolor="#E3E3F3"&gt;
&lt;th&gt;SCT_LOCALIDADE&lt;/th&gt;
&lt;td&gt;Agrupamento Indígena&lt;/td&gt;
&lt;/tr&gt;&lt;tr bgcolor=""&gt;
&lt;th&gt;CD_LOCALIDADE&lt;/th&gt;
&lt;td&gt;420915100009&lt;/td&gt;
&lt;/tr&gt;&lt;tr bgcolor="#E3E3F3"&gt;
&lt;th&gt;NM_LOCALIDADE&lt;/th&gt;
&lt;td&gt;Aldeia Indígena Barra do Dollmann&lt;/td&gt;
&lt;/tr&gt;&lt;tr bgcolor=""&gt;
&lt;th&gt;LAT_LOCALIDADE&lt;/th&gt;
&lt;td&gt;-26.8881&lt;/td&gt;
&lt;/tr&gt;&lt;tr bgcolor="#E3E3F3"&gt;
&lt;th&gt;LONG_LOCALIDADE&lt;/th&gt;
&lt;td&gt;-49.6748&lt;/td&gt;
&lt;/tr&gt;&lt;/table&gt;&lt;/center&gt;</description>
<Style>
<IconStyle>
<color>ffffaaaa</color>
<scale>0.8</scale>
<Icon>
<href>http://maps.google.com/mapfiles/kml/shapes/placemark_circle.png</href>
</Icon>
</IconStyle>
<LabelStyle>
<scale>0.8</scale>
</LabelStyle>
<LineStyle>
<color>7a0000ff</color>
<width>1.0</width>
<gx:labelVisibility>1</gx:labelVisibility>
</LineStyle>
<PolyStyle>
<color>660000ff</color>
</PolyStyle>
</Style>
<ExtendedData>
<SchemaData schemaUrl="#kml_schema_ft_Agrupamentos_Indígenas">
<SimpleData name="CD_UF">42</SimpleData>
<SimpleData name="NM_UF">Santa Catarina</SimpleData>
<SimpleData name="SIGLA_UF">SC</SimpleData>
<SimpleData name="CD_MUN">4209151</SimpleData>
<SimpleData name="NM_MUN">José Boiteux</SimpleData>
<SimpleData name="CD_RGINT">4207</SimpleData>
<SimpleData name="NM_RGINT">Blumenau</SimpleData>
<SimpleData name="CD_RGI">420023</SimpleData>
<SimpleData name="NM_RGI">Ibirama - Presidente Getúlio</SimpleData>
<SimpleData name="CT_LOCALIDADE">Localidade Indígena</SimpleData>
<SimpleData name="SCT_LOCALIDADE">Agrupamento Indígena</SimpleData>
<SimpleData name="CD_LOCALIDADE">420915100009</SimpleData>
<SimpleData name="NM_LOCALIDADE">Aldeia Indígena Barra do Dollmann</SimpleData>
<SimpleData name="LAT_LOCALIDADE">-26.8881</SimpleData>
<SimpleData name="LONG_LOCALIDADE">-49.6748</SimpleData>
</SchemaData>
</ExtendedData>
<Point>
<extrude>0</extrude>
<coordinates>-49.674808,-26.8881069992376,0.0</coordinates>
</Point>
</Placemark>
</Folder>
</Folder>
<Folder id="10. Localidades Quilombolas">
<name>10. Localidades Quilombolas</name>
<visibility>1</visibility>
<Style>
<IconStyle>
<color>ffff54ff</color>
<scale>0.8</scale>
<Icon>
<href>http://maps.google.com/mapfiles/kml/shapes/placemark_circle.png</href>
</Icon>
</IconStyle>
<LabelStyle>
<scale>0.8</scale>
</LabelStyle>
<LineStyle>
<color>7200ffff</color>
<width>1.0</width>
<gx:labelVisibility>1</gx:labelVisibility>
</LineStyle>
<PolyStyle>
<color>6600ffff</color>
</PolyStyle>
</Style>
<Folder id="10.01. Agrupamentos Quilombolas">
<name>10.01. Agrupamentos Quilombolas</name>
<visibility>1</visibility>
<Style>
<IconStyle>
<color>ffff54ff</color>
<scale>0.8</scale>
<Icon>
<href>http://maps.google.com/mapfiles/kml/shapes/placemark_circle.png</href>
</Icon>
</IconStyle>
<LabelStyle>
<scale>0.8</scale>
</LabelStyle>
<LineStyle>
<color>7200ffff</color>
<width>1.0</width>
<gx:labelVisibility>1</gx:labelVisibility>
</LineStyle>
<PolyStyle>
<color>6600ffff</color>
</PolyStyle>
</Style>
<Placemark id="10.01. Agrupamentos Quilombolas">
<name>Comunidade Quilombola dos Cafuzos [420915100008]</name>
<visibility>1</visibility>
<snippet> </snippet>
<description>&lt;center&gt;&lt;table&gt;&lt;tr&gt;&lt;th colspan='2' align='center'&gt;&lt;em&gt;Attributes&lt;/em&gt;&lt;/th&gt;&lt;/tr&gt;&lt;tr bgcolor="#E3E3F3"&gt;
&lt;th&gt;CD_UF&lt;/th&gt;
&lt;td&gt;42&lt;/td&gt;
&lt;/tr&gt;&lt;tr bgcolor=""&gt;
&lt;th&gt;NM_UF&lt;/th&gt;
&lt;td&gt;Santa Catarina&lt;/td&gt;
&lt;/tr&gt;&lt;tr bgcolor="#E3E3F3"&gt;
&lt;th&gt;SIGLA_UF&lt;/th&gt;
&lt;td&gt;SC&lt;/td&gt;
&lt;/tr&gt;&lt;tr bgcolor=""&gt;
&lt;th&gt;CD_MUN&lt;/th&gt;
&lt;td&gt;4209151&lt;/td&gt;
&lt;/tr&gt;&lt;tr bgcolor="#E3E3F3"&gt;
&lt;th&gt;NM_MUN&lt;/th&gt;
&lt;td&gt;José Boiteux&lt;/td&gt;
&lt;/tr&gt;&lt;tr bgcolor=""&gt;
&lt;th&gt;CD_RGINT&lt;/th&gt;
&lt;td&gt;4207&lt;/td&gt;
&lt;/tr&gt;&lt;tr bgcolor="#E3E3F3"&gt;
&lt;th&gt;NM_RGINT&lt;/th&gt;
&lt;td&gt;Blumenau&lt;/td&gt;
&lt;/tr&gt;&lt;tr bgcolor=""&gt;
&lt;th&gt;CD_RGI&lt;/th&gt;
&lt;td&gt;420023&lt;/td&gt;
&lt;/tr&gt;&lt;tr bgcolor="#E3E3F3"&gt;
&lt;th&gt;NM_RGI&lt;/th&gt;
&lt;td&gt;Ibirama - Presidente Getúlio&lt;/td&gt;
&lt;/tr&gt;&lt;tr bgcolor=""&gt;
&lt;th&gt;CT_LOCALIDADE&lt;/th&gt;
&lt;td&gt;Localidade Quilombola&lt;/td&gt;
&lt;/tr&gt;&lt;tr bgcolor="#E3E3F3"&gt;
&lt;th&gt;SCT_LOCALIDADE&lt;/th&gt;
&lt;td&gt;Agrupamento Quilombola&lt;/td&gt;
&lt;/tr&gt;&lt;tr bgcolor=""&gt;
&lt;th&gt;CD_LOCALIDADE&lt;/th&gt;
&lt;td&gt;420915100008&lt;/td&gt;
&lt;/tr&gt;&lt;tr bgcolor="#E3E3F3"&gt;
&lt;th&gt;NM_LOCALIDADE&lt;/th&gt;
&lt;td&gt;Comunidade Quilombola dos Cafuzos&lt;/td&gt;
&lt;/tr&gt;&lt;tr bgcolor=""&gt;
&lt;th&gt;LAT_LOCALIDADE&lt;/th&gt;
&lt;td&gt;-26.8799&lt;/td&gt;
&lt;/tr&gt;&lt;tr bgcolor="#E3E3F3"&gt;
&lt;th&gt;LONG_LOCALIDADE&lt;/th&gt;
&lt;td&gt;-49.5808&lt;/td&gt;
&lt;/tr&gt;&lt;/table&gt;&lt;/center&gt;</description>
<Style>
<IconStyle>
<color>ffff54ff</color>
<scale>0.8</scale>
<Icon>
<href>http://maps.google.com/mapfiles/kml/shapes/placemark_circle.png</href>
</Icon>
</IconStyle>
<LabelStyle>
<scale>0.8</scale>
</LabelStyle>
<LineStyle>
<color>7200ffff</color>
<width>1.0</width>
<gx:labelVisibility>1</gx:labelVisibility>
</LineStyle>
<PolyStyle>
<color>6600ffff</color>
</PolyStyle>
</Style>
<ExtendedData>
<SchemaData schemaUrl="#kml_schema_ft_Agrupamentos_Quilombolas">
<SimpleData name="CD_UF">42</SimpleData>
<SimpleData name="NM_UF">Santa Catarina</SimpleData>
<SimpleData name="SIGLA_UF">SC</SimpleData>
<SimpleData name="CD_MUN">4209151</SimpleData>
<SimpleData name="NM_MUN">José Boiteux</SimpleData>
<SimpleData name="CD_RGINT">4207</SimpleData>
<SimpleData name="NM_RGINT">Blumenau</SimpleData>
<SimpleData name="CD_RGI">420023</SimpleData>
<SimpleData name="NM_RGI">Ibirama - Presidente Getúlio</SimpleData>
<SimpleData name="CT_LOCALIDADE">Localidade Quilombola</SimpleData>
<SimpleData name="SCT_LOCALIDADE">Agrupamento Quilombola</SimpleData>
<SimpleData name="CD_LOCALIDADE">420915100008</SimpleData>
<SimpleData name="NM_LOCALIDADE">Comunidade Quilombola dos Cafuzos</SimpleData>
<SimpleData name="LAT_LOCALIDADE">-26.8799</SimpleData>
<SimpleData name="LONG_LOCALIDADE">-49.5808</SimpleData>
</SchemaData>
</ExtendedData>
<Point>
<extrude>0</extrude>
<coordinates>-49.5807582,-26.8799298325711,0.0</coordinates>
</Point>
</Placemark>
</Folder>
</Folder>
<Folder id="13. Referência">
<name>13. Referência</name>
<Placemark id="13. Referência">
<name>José Boiteux [4209151]</name>
<visibility>1</visibility>
<snippet> </snippet>
<description>&lt;center&gt;&lt;table&gt;&lt;tr&gt;&lt;th colspan='2' align='center'&gt;&lt;em&gt;Attributes&lt;/em&gt;&lt;/th&gt;&lt;/tr&gt;&lt;tr bgcolor="#E3E3F3"&gt;
&lt;th&gt;CD_UF&lt;/th&gt;
&lt;td&gt;42&lt;/td&gt;
&lt;/tr&gt;&lt;tr bgcolor=""&gt;
&lt;th&gt;NM_UF&lt;/th&gt;
&lt;td&gt;Santa Catarina&lt;/td&gt;
&lt;/tr&gt;&lt;tr bgcolor="#E3E3F3"&gt;
&lt;th&gt;CD_MUN&lt;/th&gt;
&lt;td&gt;4209151&lt;/td&gt;
&lt;/tr&gt;&lt;tr bgcolor=""&gt;
&lt;th&gt;NM_MUN&lt;/th&gt;
&lt;td&gt;José Boiteux&lt;/td&gt;
&lt;/tr&gt;&lt;tr bgcolor="#E3E3F3"&gt;
&lt;th&gt;CD_RGINT&lt;/th&gt;
&lt;td&gt;4207&lt;/td&gt;
&lt;/tr&gt;&lt;tr bgcolor=""&gt;
&lt;th&gt;NM_RGINT&lt;/th&gt;
&lt;td&gt;Blumenau&lt;/td&gt;
&lt;/tr&gt;&lt;tr bgcolor="#E3E3F3"&gt;
&lt;th&gt;CD_RGI&lt;/th&gt;
&lt;td&gt;420023&lt;/td&gt;
&lt;/tr&gt;&lt;tr bgcolor=""&gt;
&lt;th&gt;NM_RGI&lt;/th&gt;
&lt;td&gt;Ibirama - Presidente Getúlio&lt;/td&gt;
&lt;/tr&gt;&lt;/table&gt;&lt;/center&gt;</description>
<Style>
<IconStyle>
<scale>0.7</scale>
</IconStyle>
<LabelStyle>
<scale>0.7</scale>
</LabelStyle>
<LineStyle>
<color>ffffffff</color>
<width>3</width>
<gx:labelVisibility>1</gx:labelVisibility>
</LineStyle>
<PolyStyle>
<color>00ffffff</color>
</PolyStyle>
</Style>
<ExtendedData>
<SchemaData schemaUrl="#kml_schema_ft_Município">
<SimpleData name="CD_UF">42</SimpleData>
<SimpleData name="NM_UF">Santa Catarina</SimpleData>
<SimpleData name="CD_MUN">4209151</SimpleData>
<SimpleData name="NM_MUN">José Boiteux</SimpleData>
<SimpleData name="CD_RGINT">4207</SimpleData>
<SimpleData name="NM_RGINT">Blumenau</SimpleData>
<SimpleData name="CD_RGI">420023</SimpleData>
<SimpleData name="NM_RGI">Ibirama - Presidente Getúlio</SimpleData>
</SchemaData>
</ExtendedData>
<MultiGeometry>
<Polygon>
<extrude>0</extrude>
<tessellate>1</tessellate>
<outerBoundaryIs>
<LinearRing>
<coordinates>-49.6838841,-26.9137559992371,0.0 -49.6839282,-26.9136309992371,0.0 -49.6839723,-26.9135060992371,0.0 -49.6841999,-26.9133812992371,0.0 -49.6848842,-26.9135111992371,0.0 -49.6853606,-26.9133552992371,0.0 -49.6861257,-26.9128298992371,0.0 -49.6864932,-26.9127784992371,0.0 -49.6870885,-26.9127710992371,0.0 -49.6880661,-26.9128592992371,0.0 -49.688801,-26.9129548992371,0.0 -49.6894404,-26.9130871992371,0.0 -49.6902416,-26.9133517992371,0.0 -49.6911603,-26.9134693992371,0.0 -49.6919687,-26.9135060992371,0.0 -49.6925126,-26.9135942992371,0.0 -49.6927294,-26.9136677992371,0.0 -49.6934203,-26.9138661992371,0.0 -49.693898,-26.9140205992371,0.0 -49.6946183,-26.9141895992371,0.0 -49.6951312,-26.9142646992371,0.0 -49.6954694,-26.9144072992371,0.0 -49.6958602,-26.9146159992371,0.0 -49.6963465,-26.9150669992371,0.0 -49.696797,-26.9153720992371,0.0 -49.6971708,-26.9154537992371,0.0 -49.6973908,-26.9155018992371,0.0 -49.6977228,-26.9155494992371,0.0 -49.6983888,-26.9158288992371,0.0 -49.6996896,-26.9163797992371,0.0 -49.7003952,-26.916600299237,0.0 -49.701505,-26.916864899237,0.0 -49.7025854,-26.917033999237,0.0 -49.7039451,-26.917305899237,0.0 -49.7043052,-26.917342599237,0.0 -49.7052533,-26.917327899237,0.0 -49.7058045,-26.917371999237,0.0 -49.7064881,-26.917555799237,0.0 -49.7068997,-26.917592499237,0.0 -49.7069769,-26.917591899237,0.0 -49.7077743,-26.917585199237,0.0 -49.7079507,-26.917585199237,0.0 -49.7081546,-26.917591799237,0.0 -49.7083876,-26.917619599237,0.0 -49.7085489,-26.917690499237,0.0 -49.7087452,-26.917798299237,0.0 -49.7090479,-26.917963899237,0.0 -49.7093369,-26.917740799237,0.0 -49.7096433,-26.917640299237,0.0 -49.7099615,-26.917656599237,0.0 -49.7102323,-26.917719299237,0.0 -49.7103413,-26.917740299237,0.0 -49.7106851,-26.917806699237,0.0 -49.7111197,-26.917890999237,0.0 -49.7116355,-26.918105999237,0.0 -49.7122221,-26.918503199237,0.0 -49.7126704,-26.918630499237,0.0 -49.7129698,-26.918561899237,0.0 -49.7131469,-26.918479999237,0.0 -49.713632,-26.918016999237,0.0 -49.7142555,-26.917833299237,0.0 -49.7150696,-26.917867899237,0.0 -49.715572,-26.917772699237,0.0 -49.7160224,-26.917590799237,0.0 -49.7163707,-26.917421899237,0.0 -49.7165539,-26.917397299237,0.0 -49.7170358,-26.917478199237,0.0 -49.7177797,-26.917544299237,0.0 -49.7186035,-26.917426199237,0.0 -49.7194009,-26.917425899237,0.0 -49.7202233,-26.917486799237,0.0 -49.7207506,-26.917643099237,0.0 -49.7209884,-26.917740399237,0.0 -49.7214015,-26.917838299237,0.0 -49.7218453,-26.917925099237,0.0 -49.7223083,-26.917910399237,0.0 -49.7228889,-26.917880999237,0.0 -49.7233079,-26.917807499237,0.0 -49.7235504,-26.917741399237,0.0 -49.7237966,-26.917568699237,0.0 -49.7239215,-26.917384899237,0.0 -49.7240832,-26.917057799237,0.0 -49.7241384,-26.916882799237,0.0 -49.7242339,-26.916580099237,0.0 -49.7243625,-26.9159369992371,0.0 -49.7244618,-26.9152938992371,0.0 -49.7245242,-26.9148675992371,0.0 -49.7246161,-26.9144266992371,0.0 -49.7246839,-26.9142127992371,0.0 -49.7248312,-26.9136497992371,0.0 -49.7250307,-26.9132149992371,0.0 -49.725174,-26.9128492992371,0.0 -49.7252989,-26.9124197992371,0.0 -49.7253855,-26.9121945992371,0.0 -49.7256107,-26.9120213992371,0.0 -49.7260611,-26.9118740992371,0.0 -49.7267627,-26.9118914992371,0.0 -49.727251,-26.9118836992371,0.0 -49.7278873,-26.9119505992371,0.0 -49.7286906,-26.9121742992371,0.0 -49.7288178,-26.9122145992371,0.0 -49.728869,-26.9122440992371,0.0 -49.7289637,-26.9123154992371,0.0 -49.7290878,-26.9124426992371,0.0 -49.729243,-26.9125885992371,0.0 -49.7293547,-26.9126971992371,0.0 -49.729513,-26.9128057992371,0.0 -49.7297612,-26.9128895992371,0.0 -49.7299971,-26.9128895992371,0.0 -49.7302112,-26.9128615992371,0.0 -49.7304284,-26.9127871992371,0.0 -49.7305877,-26.9127435992371,0.0 -49.7309332,-26.9126406992371,0.0 -49.7314697,-26.9125818992371,0.0 -49.7324472,-26.9127361992371,0.0 -49.7325569,-26.9127047992371,0.0 -49.7326313,-26.9126522992371,0.0 -49.7327485,-26.9125083992371,0.0 -49.7328013,-26.9124051992371,0.0 -49.7329689,-26.9122034992371,0.0 -49.7330577,-26.9121615992371,0.0 -49.7331915,-26.9121320992371,0.0 -49.7333458,-26.9121196992371,0.0 -49.7336179,-26.9121856992371,0.0 -49.7338691,-26.9123054992371,0.0 -49.7343434,-26.9125927992371,0.0 -49.7348308,-26.9127588992371,0.0 -49.7353379,-26.9128197992371,0.0 -49.7359163,-26.9128390992371,0.0 -49.7362911,-26.9128023992371,0.0 -49.7373603,-26.9127195992371,0.0 -49.7379962,-26.9127361992371,0.0 -49.7384666,-26.9127582992371,0.0 -49.7389076,-26.9127508992371,0.0 -49.7392677,-26.9126626992371,0.0 -49.7398777,-26.9122951992371,0.0 -49.7406127,-26.9117733992371,0.0 -49.7410087,-26.9115204992371,0.0 -49.7414873,-26.9112147992372,0.0 -49.7418842,-26.9107738992372,0.0 -49.7423105,-26.9104577992372,0.0 -49.7432807,-26.9098036992372,0.0 -49.7438833,-26.9092818992372,0.0 -49.7442763,-26.9088165992372,0.0 -49.7449952,-26.9083835992372,0.0 -49.7456189,-26.9080110992372,0.0 -49.7460732,-26.9077878992372,0.0 -49.7468379,-26.9076281992372,0.0 -49.7478448,-26.9074811992372,0.0 -49.7486092,-26.9072312992372,0.0 -49.7498996,-26.9068536992372,0.0 -49.7503878,-26.9067829992372,0.0 -49.7509464,-26.9067608992372,0.0 -49.7517843,-26.9065256992372,0.0 -49.7522777,-26.9062738992372,0.0 -49.7526924,-26.9060884992373,0.0 -49.753335,-26.9058789992373,0.0 -49.7542464,-26.9056510992373,0.0 -49.7549079,-26.9054379992373,0.0 -49.755393,-26.9053276992373,0.0 -49.7558074,-26.9051577992373,0.0 -49.7561279,-26.9050263992373,0.0 -49.7567775,-26.9045639992373,0.0 -49.7571269,-26.9043476992373,0.0 -49.7573072,-26.9042439992373,0.0 -49.7575684,-26.9041509992373,0.0 -49.7578551,-26.9040929992373,0.0 -49.7585901,-26.9039165992373,0.0 -49.7590458,-26.9036739992373,0.0 -49.7597293,-26.9031889992373,0.0 -49.7603868,-26.9025889992373,0.0 -49.7607215,-26.9023437992373,0.0 -49.7611625,-26.9020423992373,0.0 -49.7615941,-26.9018208992373,0.0 -49.7619195,-26.9017189992373,0.0 -49.7623049,-26.9016075992373,0.0 -49.7626692,-26.9014102992373,0.0 -49.763213,-26.9009619992373,0.0 -49.7637349,-26.9004401992374,0.0 -49.7637869,-26.9003848992374,0.0 -49.7638492,-26.9002853992374,0.0 -49.7639028,-26.9001654992374,0.0 -49.7640729,-26.8999183992374,0.0 -49.7641817,-26.8997123992374,0.0 -49.7643876,-26.8994741992374,0.0 -49.7646892,-26.8991529992374,0.0 -49.7648009,-26.8990722992374,0.0 -49.7650034,-26.8989775992374,0.0 -49.7654545,-26.8988305992374,0.0 -49.7656418,-26.8987107992374,0.0 -49.7657707,-26.8985365992374,0.0 -49.7661676,-26.8981690992374,0.0 -49.7665204,-26.8980000992374,0.0 -49.7667563,-26.8979167992374,0.0 -49.7679977,-26.8974782992374,0.0 -49.7686739,-26.8971621992374,0.0 -49.7689531,-26.8968902992374,0.0 -49.7690266,-26.8966476992374,0.0 -49.7690266,-26.8964758992374,0.0 -49.7690266,-26.8961552992374,0.0 -49.769203,-26.8957510992375,0.0 -49.7695044,-26.8954864992374,0.0 -49.7699895,-26.8950821992375,0.0 -49.7705774,-26.8944133992375,0.0 -49.770899,-26.8939116992375,0.0 -49.7710387,-26.8936245992375,0.0 -49.7711007,-26.8934880992375,0.0 -49.7711473,-26.8933421992375,0.0 -49.7711442,-26.8931870992375,0.0 -49.7710945,-26.8930349992375,0.0 -49.7710169,-26.8928673992375,0.0 -49.7708672,-26.8927147992375,0.0 -49.7706656,-26.8924510992375,0.0 -49.770477,-26.8922684992375,0.0 -49.770297,-26.8920884992375,0.0 -49.7701387,-26.8919332992375,0.0 -49.7700363,-26.8918308992375,0.0 -49.7699618,-26.8917098992375,0.0 -49.7699122,-26.8915453992375,0.0 -49.7698967,-26.8913436992375,0.0 -49.7699432,-26.8911636992375,0.0 -49.7700984,-26.8904902992376,0.0 -49.7701397,-26.8902202992376,0.0 -49.7701069,-26.8900077992376,0.0 -49.7699893,-26.8898028992376,0.0 -49.7697613,-26.8894923992376,0.0 -49.7695493,-26.8891637992376,0.0 -49.7693948,-26.8888084992376,0.0 -49.7687538,-26.8885702992376,0.0 -49.768671,-26.8885342992376,0.0 -49.7683909,-26.8884123992376,0.0 -49.7683282,-26.8883949992376,0.0 -49.7677,-26.8882212992376,0.0 -49.7672153,-26.8880319992376,0.0 -49.7669283,-26.8879199992376,0.0 -49.7663183,-26.8875744992376,0.0 -49.765914,-26.8873466992376,0.0 -49.7651203,-26.8870894992376,0.0 -49.7642898,-26.8867807992376,0.0 -49.7640546,-26.8866410992376,0.0 -49.7637459,-26.8863470992376,0.0 -49.7631065,-26.8859134992376,0.0 -49.7626581,-26.8855974992376,0.0 -49.7619746,-26.8853254992377,0.0 -49.7613425,-26.8852078992377,0.0 -49.7606664,-26.8850314992377,0.0 -49.7602033,-26.8849065992377,0.0 -49.7595051,-26.8846493992377,0.0 -49.758998,-26.8844802992377,0.0 -49.7586893,-26.8844214992377,0.0 -49.7579286,-26.8843516992377,0.0 -49.7569989,-26.8842854992377,0.0 -49.7568987,-26.8842821992377,0.0 -49.7562271,-26.8842597992377,0.0 -49.7557457,-26.8842781992377,0.0 -49.7553378,-26.8843332992377,0.0 -49.7547315,-26.8844398992377,0.0 -49.754494,-26.8844581992377,0.0 -49.7540186,-26.8844949992377,0.0 -49.7536511,-26.8845243992377,0.0 -49.7532726,-26.8845611992377,0.0 -49.7530646,-26.8845158992377,0.0 -49.75285,-26.8844692992377,0.0 -49.7525302,-26.8843810992377,0.0 -49.7521481,-26.8840245992377,0.0 -49.7519202,-26.8837158992377,0.0 -49.7517879,-26.8835064992377,0.0 -49.7515833,-26.8833314992377,0.0 -49.7515086,-26.8832675992377,0.0 -49.7513322,-26.8831793992377,0.0 -49.7510603,-26.8830654992377,0.0 -49.7505973,-26.8830250992377,0.0 -49.7502335,-26.8831058992377,0.0 -49.7498072,-26.8831683992377,0.0 -49.7496345,-26.8831462992377,0.0 -49.7493956,-26.8830029992377,0.0 -49.7491751,-26.8827347992377,0.0 -49.7488334,-26.8824370992377,0.0 -49.748532,-26.8822569992377,0.0 -49.7479146,-26.8821063992377,0.0 -49.7474002,-26.8819703992377,0.0 -49.7469224,-26.8818858992377,0.0 -49.7465807,-26.8817241992377,0.0 -49.746261,-26.8814558992377,0.0 -49.7457832,-26.8810810992377,0.0 -49.7452651,-26.8806473992377,0.0 -49.7449858,-26.8802725992378,0.0 -49.7445558,-26.8800042992378,0.0 -49.7442121,-26.8798820992378,0.0 -49.743991,-26.8797475992378,0.0 -49.7428601,-26.8783618992378,0.0 -49.7422378,-26.8773431992378,0.0 -49.741886,-26.8765699992378,0.0 -49.7414674,-26.8759589992378,0.0 -49.7409312,-26.8756358992378,0.0 -49.7403537,-26.8754870992378,0.0 -49.7397647,-26.8750712992379,0.0 -49.739323,-26.8748460992379,0.0 -49.738786,-26.8747334992379,0.0 -49.7382663,-26.8746641992379,0.0 -49.7378939,-26.8745255992379,0.0 -49.7375301,-26.8743090992379,0.0 -49.7371143,-26.8740145992379,0.0 -49.7369931,-26.8738911992379,0.0 -49.736816,-26.8736781992379,0.0 -49.7366721,-26.8734398992379,0.0 -49.7366126,-26.8733533992379,0.0 -49.7365152,-26.8732605992379,0.0 -49.7363803,-26.8731233992379,0.0 -49.736176,-26.8729936992379,0.0 -49.7356474,-26.8726894992379,0.0 -49.7352831,-26.8724785992379,0.0 -49.7352341,-26.8724601992379,0.0 -49.7352007,-26.8724539992379,0.0 -49.7351227,-26.8724433992379,0.0 -49.7350625,-26.8724308992379,0.0 -49.7350181,-26.8723965992379,0.0 -49.7349718,-26.8723361992379,0.0 -49.7349342,-26.8722937992379,0.0 -49.7348744,-26.8722392992379,0.0 -49.7348056,-26.8721947992379,0.0 -49.7345106,-26.8719843992379,0.0 -49.7344351,-26.8719377992379,0.0 -49.7344039,-26.8719334992379,0.0 -49.7343506,-26.8719030992379,0.0 -49.7341088,-26.8717230992379,0.0 -49.7336301,-26.8713330992379,0.0 -49.733517,-26.8712501992379,0.0 -49.7332462,-26.8710739992379,0.0 -49.7331243,-26.8709769992379,0.0 -49.7330111,-26.8709020992379,0.0 -49.7329645,-26.8708676992379,0.0 -49.7329202,-26.8708292992379,0.0 -49.7328694,-26.8707668992379,0.0 -49.7327858,-26.8706280992379,0.0 -49.7325945,-26.8703082992379,0.0 -49.7324862,-26.870189399238,0.0 -49.7323754,-26.8700903992379,0.0 -49.7322742,-26.869973899238,0.0 -49.7322563,-26.869958999238,0.0 -49.7322415,-26.869956099238,0.0 -49.7322114,-26.8699532992379,0.0 -49.7321716,-26.869953199238,0.0 -49.7321516,-26.869959199238,0.0 -49.7314247,-26.869334199238,0.0 -49.7207139,-26.8601240992381,0.0 -49.7190539,-26.8586966992382,0.0 -49.70711,-26.868580999238,0.0 -49.705665,-26.868576999238,0.0 -49.7053514,-26.8587032992382,0.0 -49.7056844,-26.8584431992382,0.0 -49.7058488,-26.8582916992382,0.0 -49.7059928,-26.8581425992382,0.0 -49.7061829,-26.8579365992382,0.0 -49.7064917,-26.8575779992382,0.0 -49.7065543,-26.8575045992382,0.0 -49.706616,-26.8574308992382,0.0 -49.7066764,-26.8573570992382,0.0 -49.7067348,-26.8572833992382,0.0 -49.7067906,-26.8572097992382,0.0 -49.7068434,-26.8571365992382,0.0 -49.7068925,-26.8570638992382,0.0 -49.7069384,-26.8569913992382,0.0 -49.7069813,-26.8569189992382,0.0 -49.7070218,-26.8568464992382,0.0 -49.7070601,-26.8567736992382,0.0 -49.7070967,-26.8567003992382,0.0 -49.707132,-26.8566263992382,0.0 -49.7071664,-26.8565513992382,0.0 -49.7072003,-26.8564752992382,0.0 -49.7072339,-26.8563976992382,0.0 -49.7072673,-26.8563179992382,0.0 -49.7073008,-26.8562358992382,0.0 -49.7073345,-26.8561508992382,0.0 -49.7073687,-26.8560624992382,0.0 -49.707439,-26.8558736992382,0.0 -49.7075125,-26.8556676992382,0.0 -49.7075499,-26.8555594992382,0.0 -49.7075871,-26.8554489992382,0.0 -49.7076239,-26.8553367992382,0.0 -49.7076599,-26.8552237992382,0.0 -49.7076948,-26.8551107992382,0.0 -49.7077282,-26.8549983992382,0.0 -49.7077597,-26.8548874992382,0.0 -49.7077895,-26.8547782992382,0.0 -49.7078176,-26.8546707992383,0.0 -49.707844,-26.8545653992382,0.0 -49.707869,-26.8544621992383,0.0 -49.7079148,-26.8542628992383,0.0 -49.7079357,-26.8541670992383,0.0 -49.7079743,-26.8539832992383,0.0 -49.7080093,-26.8538056992383,0.0 -49.7080418,-26.8536292992383,0.0 -49.708073,-26.8534487992383,0.0 -49.7081182,-26.8531672992383,0.0 -49.7081461,-26.8529824992383,0.0 -49.7081708,-26.8528100992383,0.0 -49.7081914,-26.8526582992383,0.0 -49.7082235,-26.8524082992383,0.0 -49.708239,-26.8522934992383,0.0 -49.7082567,-26.8521743992383,0.0 -49.7082866,-26.8519854992383,0.0 -49.7083051,-26.8518592992383,0.0 -49.7083131,-26.8517978992383,0.0 -49.7083199,-26.8517382992383,0.0 -49.7083251,-26.8516810992383,0.0 -49.7083288,-26.8516260992383,0.0 -49.7083312,-26.8515731992383,0.0 -49.7083322,-26.8515220992383,0.0 -49.7083319,-26.8514726992383,0.0 -49.7083305,-26.8514247992383,0.0 -49.708328,-26.8513779992383,0.0 -49.7083245,-26.8513322992383,0.0 -49.70832,-26.8512873992383,0.0 -49.7083147,-26.8512433992383,0.0 -49.7083085,-26.8512001992383,0.0 -49.7083014,-26.8511577992383,0.0 -49.7082936,-26.8511161992383,0.0 -49.7082851,-26.8510753992383,0.0 -49.7082758,-26.8510354992383,0.0 -49.7082659,-26.8509962992383,0.0 -49.7082554,-26.8509579992383,0.0 -49.708244,-26.8509202992383,0.0 -49.7082318,-26.8508828992383,0.0 -49.7082185,-26.8508457992383,0.0 -49.708204,-26.8508085992383,0.0 -49.7081882,-26.8507710992383,0.0 -49.7081709,-26.8507331992383,0.0 -49.708152,-26.8506945992383,0.0 -49.7081314,-26.8506551992383,0.0 -49.7081092,-26.8506149992383,0.0 -49.7080855,-26.8505740992383,0.0 -49.7080603,-26.8505327992383,0.0 -49.7080339,-26.8504909992383,0.0 -49.7080063,-26.8504490992383,0.0 -49.7079481,-26.8503648992383,0.0 -49.7079177,-26.8503228992383,0.0 -49.7078862,-26.8502808992383,0.0 -49.7078532,-26.8502389992383,0.0 -49.7078185,-26.8501968992383,0.0 -49.7077818,-26.8501546992383,0.0 -49.7077427,-26.8501121992383,0.0 -49.707701,-26.8500693992383,0.0 -49.7076563,-26.8500261992383,0.0 -49.7076084,-26.8499824992383,0.0 -49.7075575,-26.8499384992383,0.0 -49.707504,-26.8498942992384,0.0 -49.7074479,-26.8498500992383,0.0 -49.7073898,-26.8498059992383,0.0 -49.7073297,-26.8497620992383,0.0 -49.7072681,-26.8497186992384,0.0 -49.7072051,-26.8496758992383,0.0 -49.7071411,-26.8496336992383,0.0 -49.7070762,-26.8495921992383,0.0 -49.7069445,-26.8495104992383,0.0 -49.7066781,-26.8493502992384,0.0 -49.706546,-26.8492699992384,0.0 -49.7064807,-26.8492293992384,0.0 -49.706416,-26.8491882992384,0.0 -49.706352,-26.8491465992384,0.0 -49.7062888,-26.8491039992384,0.0 -49.7062266,-26.8490605992384,0.0 -49.7061654,-26.8490160992384,0.0 -49.7061054,-26.8489704992384,0.0 -49.7060467,-26.8489238992384,0.0 -49.7059896,-26.8488763992384,0.0 -49.7059341,-26.8488283992384,0.0 -49.7058806,-26.8487798992384,0.0 -49.7058291,-26.8487310992384,0.0 -49.7057799,-26.8486822992384,0.0 -49.7057332,-26.8486335992384,0.0 -49.7056891,-26.8485850992384,0.0 -49.7056477,-26.8485369992384,0.0 -49.705609,-26.8484892992384,0.0 -49.7055729,-26.8484419992384,0.0 -49.7055395,-26.8483950992384,0.0 -49.7055087,-26.8483485992384,0.0 -49.7054806,-26.8483026992384,0.0 -49.7054552,-26.8482572992384,0.0 -49.7054324,-26.8482124992384,0.0 -49.7054121,-26.8481681992384,0.0 -49.7053941,-26.8481242992384,0.0 -49.7053782,-26.8480807992384,0.0 -49.7053643,-26.8480374992384,0.0 -49.7053521,-26.8479943992384,0.0 -49.7053416,-26.8479513992384,0.0 -49.7053325,-26.8479083992384,0.0 -49.7053246,-26.8478652992384,0.0 -49.705318,-26.8478219992384,0.0 -49.7053126,-26.8477781992384,0.0 -49.7053084,-26.8477335992384,0.0 -49.7053054,-26.8476879992384,0.0 -49.7053035,-26.8476411992384,0.0 -49.7053027,-26.8475929992384,0.0 -49.705303,-26.8475430992384,0.0 -49.7053043,-26.8474913992384,0.0 -49.7053068,-26.8474380992384,0.0 -49.7053104,-26.8473835992384,0.0 -49.7053152,-26.8473281992384,0.0 -49.7053211,-26.8472722992384,0.0 -49.7053282,-26.8472161992384,0.0 -49.7053366,-26.8471602992384,0.0 -49.7053462,-26.8471048992384,0.0 -49.7053572,-26.8470500992384,0.0 -49.7053697,-26.8469959992384,0.0 -49.705384,-26.8469419992384,0.0 -49.7054004,-26.8468877992384,0.0 -49.7054192,-26.8468331992384,0.0 -49.7054406,-26.8467777992384,0.0 -49.7054649,-26.8467212992384,0.0 -49.7054923,-26.8466633992384,0.0 -49.7055231,-26.8466036992384,0.0 -49.7055576,-26.8465421992384,0.0 -49.705596,-26.8464787992384,0.0 -49.7056385,-26.8464135992384,0.0 -49.7056854,-26.8463463992384,0.0 -49.7057368,-26.8462771992384,0.0 -49.7057931,-26.8462059992384,0.0 -49.7058545,-26.8461326992384,0.0 -49.7059212,-26.8460572992384,0.0 -49.7059937,-26.8459795992384,0.0 -49.7060726,-26.8458995992384,0.0 -49.7061583,-26.8458171992384,0.0 -49.7062514,-26.8457322992384,0.0 -49.7063524,-26.8456446992384,0.0 -49.7064618,-26.8455543992384,0.0 -49.7065801,-26.8454611992384,0.0 -49.7067075,-26.8453651992384,0.0 -49.7068431,-26.8452663992384,0.0 -49.7069854,-26.8451649992384,0.0 -49.7075965,-26.8447379992384,0.0 -49.707753,-26.8446268992384,0.0 -49.7079088,-26.8445142992384,0.0 -49.7080643,-26.8443997992385,0.0 -49.7082201,-26.8442831992385,0.0 -49.7083771,-26.8441636992385,0.0 -49.708536,-26.8440410992385,0.0 -49.7086976,-26.8439148992385,0.0 -49.7088626,-26.8437844992385,0.0 -49.7090319,-26.8436495992385,0.0 -49.7092057,-26.8435098992385,0.0 -49.7093836,-26.8433656992385,0.0 -49.7095646,-26.8432175992385,0.0 -49.7097477,-26.8430660992385,0.0 -49.709932,-26.8429118992385,0.0 -49.7101165,-26.8427554992385,0.0 -49.7103004,-26.8425973992385,0.0 -49.7104827,-26.8424380992385,0.0 -49.7106625,-26.8422780992385,0.0 -49.7108396,-26.8421167992385,0.0 -49.7110136,-26.8419532992385,0.0 -49.7111843,-26.8417868992385,0.0 -49.7113515,-26.8416166992385,0.0 -49.711515,-26.8414419992385,0.0 -49.7116744,-26.8412618992385,0.0 -49.7118295,-26.8410756992385,0.0 -49.7119803,-26.8408825992385,0.0 -49.7121278,-26.8406819992385,0.0 -49.7122729,-26.8404730992385,0.0 -49.7124167,-26.8402552992385,0.0 -49.7125605,-26.8400280992385,0.0 -49.7127052,-26.8397905992385,0.0 -49.712852,-26.8395423992385,0.0 -49.713002,-26.8392826992385,0.0 -49.7130319,-26.8392298992385,0.0 -49.713156,-26.8390110992386,0.0 -49.7133141,-26.8387281992386,0.0 -49.7134761,-26.8384344992386,0.0 -49.7136416,-26.8381307992386,0.0 -49.7138105,-26.8378177992386,0.0 -49.7139826,-26.8374960992386,0.0 -49.7141577,-26.8371664992386,0.0 -49.7147052,-26.8361273992386,0.0 -49.714906,-26.8357498992386,0.0 -49.7151238,-26.8353461992386,0.0 -49.7153635,-26.8349095992386,0.0 -49.71563,-26.8344334992386,0.0 -49.7159281,-26.8339114992387,0.0 -49.7162627,-26.8333367992387,0.0 -49.7164513,-26.8325968992387,0.0 -49.7170594,-26.8319563992387,0.0 -49.7176053,-26.8314592992387,0.0 -49.7180697,-26.8312168992387,0.0 -49.7189976,-26.8308201992387,0.0 -49.7199043,-26.8301720992387,0.0 -49.7203894,-26.8295711992387,0.0 -49.7206996,-26.8291867992387,0.0 -49.722328,-26.8272119992388,0.0 -49.7254855,-26.8243936992388,0.0 -49.726331,-26.8239339992388,0.0 -49.7279548,-26.8230510992389,0.0 -49.7286235,-26.8226838992389,0.0 -49.7287908,-26.8225920992389,0.0 -49.7291706,-26.8223834992389,0.0 -49.7297751,-26.8219045992389,0.0 -49.7306856,-26.8210418992389,0.0 -49.7308279,-26.8208721992389,0.0 -49.7316251,-26.8199214992389,0.0 -49.7327845,-26.8189906992389,0.0 -49.7328804,-26.8189313992389,0.0 -49.7336238,-26.8184716992389,0.0 -49.7340936,-26.818181199239,0.0 -49.734866,-26.817419599239,0.0 -49.7351977,-26.816821099239,0.0 -49.7355198,-26.815996499239,0.0 -49.7361701,-26.814006199239,0.0 -49.7362275,-26.813830599239,0.0 -49.7364426,-26.8131701992391,0.0 -49.736925,-26.8124171992391,0.0 -49.7374259,-26.8118448992391,0.0 -49.7379921,-26.8111978992391,0.0 -49.7383054,-26.8109185992391,0.0 -49.7391021,-26.8102085992391,0.0 -49.7403462,-26.8092687992391,0.0 -49.7416904,-26.8083802992392,0.0 -49.7422308,-26.8078183992392,0.0 -49.7425018,-26.8075365992392,0.0 -49.7426643,-26.8071786992392,0.0 -49.7428321,-26.8066196992392,0.0 -49.7428338,-26.8066141992392,0.0 -49.7429437,-26.8062280992392,0.0 -49.742961,-26.8058649992392,0.0 -49.7430008,-26.8051521992392,0.0 -49.7429525,-26.8030442992393,0.0 -49.7429812,-26.8023625992393,0.0 -49.7430085,-26.8017164992393,0.0 -49.7430383,-26.8014371992393,0.0 -49.7431039,-26.8011422992393,0.0 -49.7432889,-26.8005629992393,0.0 -49.7434888,-26.8002052992393,0.0 -49.7438226,-26.7997972992393,0.0 -49.7445107,-26.7993142992393,0.0 -49.745074,-26.7991155992393,0.0 -49.745937,-26.7989266992393,0.0 -49.7472536,-26.7986707992393,0.0 -49.747738,-26.7985137992393,0.0 -49.7479375,-26.7984491992393,0.0 -49.7485233,-26.7982306992393,0.0 -49.7492854,-26.7978888992394,0.0 -49.75,-26.7974354992394,0.0 -49.7512657,-26.7967308992394,0.0 -49.7524803,-26.7954569992394,0.0 -49.7531161,-26.7947214992394,0.0 -49.7539412,-26.7937671992394,0.0 -49.7545086,-26.7928567992395,0.0 -49.7546529,-26.7922041992395,0.0 -49.754677,-26.7920030992395,0.0 -49.7547173,-26.7916675992395,0.0 -49.7546535,-26.7914851992395,0.0 -49.7545831,-26.7913188992395,0.0 -49.7545076,-26.7911673992395,0.0 -49.7544284,-26.7910297992395,0.0 -49.7543469,-26.7909047992395,0.0 -49.7542645,-26.7907914992395,0.0 -49.7541826,-26.7906884992395,0.0 -49.7541026,-26.7905948992395,0.0 -49.7540257,-26.7905095992395,0.0 -49.7539526,-26.7904317992395,0.0 -49.7538837,-26.7903608992395,0.0 -49.7537059,-26.7901828992395,0.0 -49.7536576,-26.7901328992395,0.0 -49.7536157,-26.7900863992395,0.0 -49.75358,-26.7900428992395,0.0 -49.7535497,-26.7900018992395,0.0 -49.7535233,-26.7899627992395,0.0 -49.7534548,-26.7898525992395,0.0 -49.753431,-26.7898167992395,0.0 -49.7534046,-26.7897804992395,0.0 -49.7533746,-26.7897435992395,0.0 -49.7533412,-26.7897063992395,0.0 -49.7533053,-26.7896693992395,0.0 -49.7532675,-26.7896329992395,0.0 -49.7532285,-26.7895977992395,0.0 -49.7531891,-26.7895641992395,0.0 -49.7531499,-26.7895327992395,0.0 -49.7531117,-26.7895039992395,0.0 -49.753075,-26.7894781992395,0.0 -49.7530401,-26.7894549992395,0.0 -49.752946,-26.7893942992395,0.0 -49.7529184,-26.7893750992395,0.0 -49.7528928,-26.7893552992395,0.0 -49.7528692,-26.7893344992395,0.0 -49.7528475,-26.7893119992395,0.0 -49.752827,-26.7892876992395,0.0 -49.7527639,-26.7892042992395,0.0 -49.7527393,-26.7891729992395,0.0 -49.7527116,-26.7891397992395,0.0 -49.7526798,-26.7891047992395,0.0 -49.7526433,-26.7890679992395,0.0 -49.752602,-26.7890290992395,0.0 -49.7525563,-26.7889879992395,0.0 -49.7524244,-26.7888740992395,0.0 -49.7522702,-26.7887415992395,0.0 -49.7521344,-26.7886215992395,0.0 -49.7518484,-26.7883666992395,0.0 -49.7517776,-26.7883047992395,0.0 -49.7517084,-26.7882452992395,0.0 -49.7516413,-26.7881889992395,0.0 -49.7515765,-26.7881358992395,0.0 -49.7515141,-26.7880858992395,0.0 -49.7514541,-26.7880390992395,0.0 -49.7513968,-26.7879953992396,0.0 -49.7513421,-26.7879547992395,0.0 -49.7512413,-26.7878823992395,0.0 -49.7510702,-26.7877649992396,0.0 -49.7510313,-26.7877373992396,0.0 -49.7509931,-26.7877090992395,0.0 -49.750955,-26.7876792992395,0.0 -49.7509166,-26.7876472992395,0.0 -49.7508775,-26.7876124992396,0.0 -49.750838,-26.7875752992396,0.0 -49.7507983,-26.7875358992396,0.0 -49.7507589,-26.7874948992396,0.0 -49.7507199,-26.7874525992396,0.0 -49.7506819,-26.7874094992396,0.0 -49.7506451,-26.7873659992396,0.0 -49.7506098,-26.7873225992396,0.0 -49.7505677,-26.7872676992396,0.0 -49.7505447,-26.7872362992396,0.0 -49.7505149,-26.7871925992396,0.0 -49.7504871,-26.7871478992396,0.0 -49.7504612,-26.7871017992396,0.0 -49.7504371,-26.7870537992396,0.0 -49.750415,-26.7870032992396,0.0 -49.7503947,-26.7869498992396,0.0 -49.7503764,-26.7868932992396,0.0 -49.7503598,-26.7868336992396,0.0 -49.7503448,-26.7867713992396,0.0 -49.7503313,-26.7867069992396,0.0 -49.7503191,-26.7866405992396,0.0 -49.750308,-26.7865727992396,0.0 -49.750298,-26.7865038992396,0.0 -49.7502889,-26.7864341992396,0.0 -49.7502806,-26.7863640992396,0.0 -49.7502732,-26.7862934992396,0.0 -49.7502668,-26.7862221992396,0.0 -49.7502616,-26.7861500992396,0.0 -49.7502592,-26.7861046992396,0.0 -49.7502577,-26.7860770992396,0.0 -49.7502554,-26.7860028992396,0.0 -49.7502547,-26.7859273992396,0.0 -49.7502559,-26.7858505992396,0.0 -49.750259,-26.7857720992396,0.0 -49.7502648,-26.7856790992396,0.0 -49.7502702,-26.7856114992396,0.0 -49.7502778,-26.7855298992396,0.0 -49.7502866,-26.7854475992396,0.0 -49.7502962,-26.7853649992396,0.0 -49.7503279,-26.7851176992396,0.0 -49.7503332,-26.7850786992396,0.0 -49.7501389,-26.7851630992396,0.0 -49.75,-26.7852207992396,0.0 -49.749864,-26.7852697992396,0.0 -49.7497354,-26.7853119992396,0.0 -49.7496137,-26.7853480992396,0.0 -49.7494986,-26.7853787992396,0.0 -49.7493895,-26.7854047992396,0.0 -49.7492859,-26.7854266992396,0.0 -49.7491873,-26.7854452992396,0.0 -49.7490934,-26.7854610992396,0.0 -49.7490035,-26.7854747992396,0.0 -49.7489176,-26.7854865992396,0.0 -49.7488353,-26.7854966992396,0.0 -49.7487564,-26.7855052992396,0.0 -49.7486808,-26.7855124992396,0.0 -49.7485982,-26.7855191992396,0.0 -49.7484708,-26.7855276992396,0.0 -49.7483419,-26.7855341992396,0.0 -49.74815,-26.7855405992396,0.0 -49.7477752,-26.7855487992396,0.0 -49.7476,-26.7855517992396,0.0 -49.7474194,-26.7855534992396,0.0 -49.7473294,-26.7855534992396,0.0 -49.7472409,-26.7855529992396,0.0 -49.7470703,-26.7855495992396,0.0 -49.7469071,-26.7855434992396,0.0 -49.7466805,-26.7855303992396,0.0 -49.7465949,-26.7855245992396,0.0 -49.746443,-26.7855126992396,0.0 -49.7462297,-26.7854936992396,0.0 -49.7460499,-26.7854758992396,0.0 -49.7459167,-26.7854611992396,0.0 -49.7458497,-26.7854521992396,0.0 -49.7458328,-26.7854494992396,0.0 -49.7457712,-26.7854379992396,0.0 -49.7457273,-26.7854266992396,0.0 -49.7457064,-26.7854200992396,0.0 -49.7456642,-26.7854039992396,0.0 -49.7456419,-26.7853942992396,0.0 -49.7455925,-26.7853705992396,0.0 -49.7454353,-26.7852891992396,0.0 -49.7453652,-26.7852539992396,0.0 -49.74533,-26.7852372992396,0.0 -49.7452952,-26.7852213992396,0.0 -49.7452268,-26.7851923992396,0.0 -49.7451935,-26.7851791992396,0.0 -49.745129,-26.7851552992396,0.0 -49.7450678,-26.7851343992396,0.0 -49.7449824,-26.7851078992396,0.0 -49.744901,-26.7850853992396,0.0 -49.744761,-26.7850495992396,0.0 -49.7446975,-26.7850325992396,0.0 -49.7446259,-26.7850119992396,0.0 -49.7445438,-26.7849862992396,0.0 -49.7444057,-26.7849397992396,0.0 -49.7442242,-26.7848755992396,0.0 -49.7440666,-26.7848163992396,0.0 -49.7440282,-26.7848010992396,0.0 -49.7439371,-26.7847621992396,0.0 -49.7439004,-26.7847451992396,0.0 -49.7438236,-26.7847080992396,0.0 -49.743704,-26.7846468992396,0.0 -49.7435858,-26.7845829992396,0.0 -49.7435096,-26.7845399992396,0.0 -49.7433965,-26.7844734992396,0.0 -49.7433199,-26.7844267992396,0.0 -49.7430898,-26.7842827992396,0.0 -49.7430228,-26.7842419992396,0.0 -49.7429927,-26.7842242992396,0.0 -49.7429384,-26.7841941992396,0.0 -49.7429063,-26.7841776992396,0.0 -49.7428653,-26.7841578992396,0.0 -49.7427923,-26.7841264992396,0.0 -49.7427403,-26.7841064992396,0.0 -49.7426863,-26.7840880992396,0.0 -49.742631,-26.7840721992396,0.0 -49.7426032,-26.7840654992396,0.0 -49.7425477,-26.7840546992396,0.0 -49.7424936,-26.7840464992396,0.0 -49.7424174,-26.7840362992396,0.0 -49.7423717,-26.7840288992396,0.0 -49.74233,-26.7840199992396,0.0 -49.7422906,-26.7840084992396,0.0 -49.7422518,-26.7839938992396,0.0 -49.7422117,-26.7839752992396,0.0 -49.7421912,-26.7839645992396,0.0 -49.7421501,-26.7839407992396,0.0 -49.7421107,-26.7839147992396,0.0 -49.7420746,-26.7838876992396,0.0 -49.7420427,-26.7838594992396,0.0 -49.7420106,-26.7838258992396,0.0 -49.7419731,-26.7837816992396,0.0 -49.7418623,-26.7836419992396,0.0 -49.741717,-26.7834552992396,0.0 -49.7416179,-26.7833258992396,0.0 -49.7415396,-26.7832204992396,0.0 -49.7414701,-26.7831218992396,0.0 -49.7414221,-26.7830504992396,0.0 -49.741371,-26.7829721992396,0.0 -49.7412674,-26.7828089992396,0.0 -49.7411301,-26.7825887992397,0.0 -49.7410856,-26.7825194992397,0.0 -49.7410259,-26.7824290992397,0.0 -49.7409848,-26.7823697992397,0.0 -49.7409446,-26.7823141992397,0.0 -49.7409061,-26.7822628992397,0.0 -49.7408691,-26.7822159992397,0.0 -49.7408118,-26.7821476992397,0.0 -49.7407768,-26.7821082992397,0.0 -49.7406286,-26.7819463992397,0.0 -49.7405657,-26.7818765992397,0.0 -49.7405037,-26.7818050992397,0.0 -49.7404739,-26.7817693992397,0.0 -49.740388,-26.7816617992397,0.0 -49.7402108,-26.7814334992397,0.0 -49.7399152,-26.7810596992397,0.0 -49.7398287,-26.7809478992397,0.0 -49.7397637,-26.7808609992397,0.0 -49.7397334,-26.7808181992397,0.0 -49.7397125,-26.7807866992397,0.0 -49.7395794,-26.7805799992397,0.0 -49.7395358,-26.7805101992397,0.0 -49.739512,-26.7804703992397,0.0 -49.739482,-26.7804172992397,0.0 -49.7394209,-26.7802987992397,0.0 -49.7394028,-26.7802651992397,0.0 -49.7393837,-26.7802322992397,0.0 -49.7393632,-26.7802003992397,0.0 -49.7393413,-26.7801692992397,0.0 -49.7393179,-26.7801391992397,0.0 -49.7392929,-26.7801097992397,0.0 -49.7392235,-26.7800327992397,0.0 -49.739193,-26.7799962992397,0.0 -49.7391771,-26.7799760992397,0.0 -49.7391452,-26.7799329992397,0.0 -49.739116,-26.7798907992397,0.0 -49.7390998,-26.7798673992397,0.0 -49.7390813,-26.7798387992397,0.0 -49.7390628,-26.7798100992397,0.0 -49.7390379,-26.7797693992397,0.0 -49.7390117,-26.7797284992397,0.0 -49.7389855,-26.7796876992397,0.0 -49.7389754,-26.7796740992397,0.0 -49.7389652,-26.7796603992397,0.0 -49.738954,-26.7796460992397,0.0 -49.7389428,-26.7796318992397,0.0 -49.7388638,-26.7795377992397,0.0 -49.7388347,-26.7795009992397,0.0 -49.73882,-26.7794809992397,0.0 -49.7388051,-26.7794595992397,0.0 -49.7387754,-26.7794127992397,0.0 -49.738683,-26.7792553992397,0.0 -49.7386612,-26.7792202992397,0.0 -49.7386503,-26.7792027992397,0.0 -49.7386166,-26.7791513992397,0.0 -49.7385909,-26.7791140992397,0.0 -49.7385821,-26.7791012992397,0.0 -49.7385646,-26.7790768992397,0.0 -49.7385471,-26.7790523992397,0.0 -49.7384292,-26.7788941992397,0.0 -49.7384006,-26.7788546992397,0.0 -49.7383633,-26.7787993992397,0.0 -49.7383334,-26.7787491992397,0.0 -49.7383086,-26.7787043992397,0.0 -49.7382942,-26.7786757992397,0.0 -49.738287,-26.7786613992397,0.0 -49.7382653,-26.7786145992397,0.0 -49.7382434,-26.7785635992397,0.0 -49.7382324,-26.7785357992397,0.0 -49.7382213,-26.7785079992397,0.0 -49.7381993,-26.7784488992397,0.0 -49.7381914,-26.7784263992397,0.0 -49.7381676,-26.7783587992397,0.0 -49.7380884,-26.7781195992397,0.0 -49.7380171,-26.7779021992397,0.0 -49.738,-26.7778476992397,0.0 -49.7379914,-26.7778204992398,0.0 -49.7379661,-26.7777361992397,0.0 -49.7379415,-26.7776498992397,0.0 -49.7379049,-26.7775146992397,0.0 -49.7378901,-26.7774575992398,0.0 -49.7378301,-26.7772224992398,0.0 -49.7377978,-26.7770885992398,0.0 -49.7377814,-26.7770161992398,0.0 -49.7377736,-26.7769769992398,0.0 -49.7377697,-26.7769573992398,0.0 -49.7377657,-26.7769313992398,0.0 -49.7377617,-26.7769052992398,0.0 -49.73776,-26.7768886992398,0.0 -49.7377583,-26.7768720992398,0.0 -49.7377511,-26.7767591992398,0.0 -49.7377436,-26.7764704992398,0.0 -49.737739,-26.7763784992398,0.0 -49.7377334,-26.7763247992398,0.0 -49.7377331,-26.7763224992398,0.0 -49.7377296,-26.7763003992398,0.0 -49.7377249,-26.7762775992398,0.0 -49.7377212,-26.7762631992398,0.0 -49.7377193,-26.7762560992398,0.0 -49.7377171,-26.7762492992398,0.0 -49.7377128,-26.7762355992398,0.0 -49.7377054,-26.7762159992398,0.0 -49.7376971,-26.7761967992398,0.0 -49.7376775,-26.7761586992398,0.0 -49.7376657,-26.7761387992398,0.0 -49.7376538,-26.7761189992398,0.0 -49.7376115,-26.7760547992398,0.0 -49.737587,-26.7760203992398,0.0 -49.7375625,-26.7759859992398,0.0 -49.7374901,-26.7758895992398,0.0 -49.7374327,-26.7758171992398,0.0 -49.737374,-26.7757482992398,0.0 -49.7373351,-26.7757056992398,0.0 -49.7373068,-26.7756765992398,0.0 -49.7372785,-26.7756474992398,0.0 -49.7372262,-26.7755973992398,0.0 -49.7371642,-26.7755426992398,0.0 -49.737102,-26.7754905992398,0.0 -49.7370203,-26.7754261992398,0.0 -49.7369806,-26.7753960992398,0.0 -49.7368822,-26.7753248992398,0.0 -49.7368032,-26.7752693992398,0.0 -49.7367613,-26.7752407992398,0.0 -49.7367194,-26.7752121992398,0.0 -49.7366361,-26.7751569992398,0.0 -49.7365576,-26.7751070992398,0.0 -49.7364499,-26.7750417992398,0.0 -49.7363529,-26.7749849992398,0.0 -49.7361625,-26.7748764992398,0.0 -49.7361214,-26.7748537992398,0.0 -49.73603,-26.7748053992398,0.0 -49.7358917,-26.7747357992398,0.0 -49.7358436,-26.7747126992398,0.0 -49.7357955,-26.7746896992398,0.0 -49.7357179,-26.7746554992398,0.0 -49.7356671,-26.7746350992398,0.0 -49.7356157,-26.7746161992398,0.0 -49.7353821,-26.7745361992398,0.0 -49.7352799,-26.7744992992398,0.0 -49.7352112,-26.7744735992398,0.0 -49.7351724,-26.7744584992398,0.0 -49.7351444,-26.7744476992398,0.0 -49.7350507,-26.7744096992398,0.0 -49.7349934,-26.7743853992398,0.0 -49.734917,-26.7743515992398,0.0 -49.734871,-26.7743301992398,0.0 -49.7348362,-26.7743131992398,0.0 -49.7348014,-26.7742961992398,0.0 -49.7344977,-26.7741408992398,0.0 -49.7343894,-26.7740867992398,0.0 -49.7343397,-26.7740632992398,0.0 -49.7343147,-26.7740519992398,0.0 -49.7342896,-26.7740406992398,0.0 -49.7341245,-26.7739698992398,0.0 -49.7340641,-26.7739422992398,0.0 -49.7340328,-26.7739272992398,0.0 -49.7340005,-26.7739108992398,0.0 -49.7339682,-26.7738944992398,0.0 -49.7339003,-26.7738579992398,0.0 -49.7338288,-26.7738174992398,0.0 -49.7337533,-26.7737728992398,0.0 -49.7336341,-26.7736991992398,0.0 -49.7335121,-26.7736198992398,0.0 -49.7334316,-26.7735654992398,0.0 -49.733315,-26.7734834992398,0.0 -49.7332418,-26.7734299992398,0.0 -49.7331409,-26.7733535992398,0.0 -49.7331015,-26.7733227992398,0.0 -49.7329037,-26.7731655992398,0.0 -49.73286,-26.7731316992398,0.0 -49.7327825,-26.7730715992398,0.0 -49.7327278,-26.7730309992398,0.0 -49.7326964,-26.7730075992398,0.0 -49.7326186,-26.7729533992398,0.0 -49.7325418,-26.7729046992398,0.0 -49.7324564,-26.7728552992398,0.0 -49.732361,-26.7728034992398,0.0 -49.7321867,-26.7727108992399,0.0 -49.7321207,-26.7726741992398,0.0 -49.7320636,-26.7726397992398,0.0 -49.7320106,-26.7726042992398,0.0 -49.7319775,-26.7725795992398,0.0 -49.7319454,-26.7725526992398,0.0 -49.7319317,-26.7725406992399,0.0 -49.731904,-26.7725136992399,0.0 -49.7318787,-26.7724863992398,0.0 -49.7318453,-26.7724464992399,0.0 -49.7318172,-26.7724093992398,0.0 -49.7317924,-26.7723707992399,0.0 -49.7317836,-26.7723557992398,0.0 -49.7317658,-26.7723216992398,0.0 -49.7317462,-26.7722799992399,0.0 -49.7317256,-26.7722327992399,0.0 -49.731705,-26.7721824992399,0.0 -49.7316857,-26.7721319992399,0.0 -49.7316684,-26.7720826992399,0.0 -49.7316526,-26.7720315992399,0.0 -49.7316375,-26.7719744992399,0.0 -49.7316299,-26.7719424992399,0.0 -49.7316142,-26.7718688992399,0.0 -49.731598,-26.7717851992399,0.0 -49.7315603,-26.7715816992399,0.0 -49.7315428,-26.7714952992399,0.0 -49.7315319,-26.7714506992399,0.0 -49.7315261,-26.7714304992399,0.0 -49.7315133,-26.7713910992399,0.0 -49.7314976,-26.7713496992399,0.0 -49.7314682,-26.7712795992399,0.0 -49.7312326,-26.7707476992399,0.0 -49.7311797,-26.7706343992399,0.0 -49.7311439,-26.7705628992399,0.0 -49.7311076,-26.7704954992399,0.0 -49.7310531,-26.7704014992399,0.0 -49.7310173,-26.7703433992399,0.0 -49.7309654,-26.7702634992399,0.0 -49.7309181,-26.7701936992399,0.0 -49.7308432,-26.7700862992399,0.0 -49.7307587,-26.7699627992399,0.0 -49.730701,-26.7698750992399,0.0 -49.7306407,-26.7697807992399,0.0 -49.7306023,-26.7697187992399,0.0 -49.7305663,-26.7696587992399,0.0 -49.730533,-26.7696011992399,0.0 -49.7304946,-26.7695301992399,0.0 -49.7304636,-26.7694694992399,0.0 -49.7304409,-26.7694213992399,0.0 -49.7304101,-26.7693526992399,0.0 -49.7303912,-26.7693080992399,0.0 -49.7303734,-26.7692625992399,0.0 -49.7303566,-26.7692141992399,0.0 -49.730341,-26.7691607992399,0.0 -49.7303266,-26.7691008992399,0.0 -49.730313,-26.7690352992399,0.0 -49.7302941,-26.7689284992399,0.0 -49.7302687,-26.7687662992399,0.0 -49.7302592,-26.7687025992399,0.0 -49.7302471,-26.7686157992399,0.0 -49.7301942,-26.7682018992399,0.0 -49.7301762,-26.7680877992399,0.0 -49.7301591,-26.7679941992399,0.0 -49.730138,-26.7678674992399,0.0 -49.7301362,-26.7678338992399,0.0 -49.7301363,-26.7678170992399,0.0 -49.7301387,-26.7677805992399,0.0 -49.7301476,-26.7677112992399,0.0 -49.7302097,-26.7673031992399,0.0 -49.7302644,-26.76692209924,0.0 -49.7302734,-26.76686819924,0.0 -49.7302843,-26.76681719924,0.0 -49.7302866,-26.76680329924,0.0 -49.7302878,-26.76678959924,0.0 -49.7302877,-26.76677579924,0.0 -49.7302846,-26.76675449924,0.0 -49.7302775,-26.76673199924,0.0 -49.7302662,-26.76670859924,0.0 -49.7302511,-26.76668499924,0.0 -49.7302319,-26.76666119924,0.0 -49.7302063,-26.76663519924,0.0 -49.7301714,-26.76660429924,0.0 -49.7301247,-26.76656669924,0.0 -49.7300861,-26.76653769924,0.0 -49.7300411,-26.76650559924,0.0 -49.7299626,-26.76645269924,0.0 -49.7299078,-26.76641729924,0.0 -49.7298553,-26.76638449924,0.0 -49.7298088,-26.76635659924,0.0 -49.7297682,-26.76633349924,0.0 -49.729726,-26.76631139924,0.0 -49.7295256,-26.76621179924,0.0 -49.7294577,-26.76617529924,0.0 -49.7294193,-26.76615249924,0.0 -49.7293859,-26.76613089924,0.0 -49.7293571,-26.76611079924,0.0 -49.7293321,-26.76609199924,0.0 -49.7293105,-26.76607419924,0.0 -49.7292914,-26.76605659924,0.0 -49.7292742,-26.76603819924,0.0 -49.7292581,-26.76601819924,0.0 -49.7292348,-26.76598419924,0.0 -49.7291718,-26.76588359924,0.0 -49.7291505,-26.76585239924,0.0 -49.7291283,-26.76582339924,0.0 -49.7291171,-26.76581029924,0.0 -49.7290943,-26.76578789924,0.0 -49.7290711,-26.76576989924,0.0 -49.7290471,-26.76575519924,0.0 -49.7290347,-26.76574889924,0.0 -49.7290091,-26.76573749924,0.0 -49.7289816,-26.76572769924,0.0 -49.7289669,-26.76572329924,0.0 -49.7289348,-26.76571549924,0.0 -49.7289171,-26.76571199924,0.0 -49.7288565,-26.76570329924,0.0 -49.7287878,-26.76569689924,0.0 -49.728717,-26.76569269924,0.0 -49.7285438,-26.76568799924,0.0 -49.7284649,-26.76568449924,0.0 -49.7284113,-26.76568009924,0.0 -49.7283647,-26.76567389924,0.0 -49.7283375,-26.76566859924,0.0 -49.728313,-26.76566189924,0.0 -49.7283016,-26.76565809924,0.0 -49.7282803,-26.76564919924,0.0 -49.7282703,-26.76564419924,0.0 -49.7282516,-26.76563319924,0.0 -49.7282346,-26.76562089924,0.0 -49.7282193,-26.76560759924,0.0 -49.7282022,-26.76558929924,0.0 -49.7281797,-26.76555949924,0.0 -49.7281596,-26.76552639924,0.0 -49.7281376,-26.76548569924,0.0 -49.7281144,-26.76543899924,0.0 -49.728091,-26.76538779924,0.0 -49.7280753,-26.76534869924,0.0 -49.7280594,-26.76530239924,0.0 -49.7280433,-26.76524579924,0.0 -49.7280351,-26.76521299924,0.0 -49.7280186,-26.76514019924,0.0 -49.7279712,-26.76491109924,0.0 -49.7279329,-26.76473189924,0.0 -49.7279319,-26.76472719924,0.0 -49.7278882,-26.76450249924,0.0 -49.7278749,-26.76444049924,0.0 -49.7278598,-26.76437619924,0.0 -49.7278359,-26.76428359924,0.0 -49.7278164,-26.76421839924,0.0 -49.7278062,-26.76418729924,0.0 -49.7277925,-26.76415339924,0.0 -49.7277858,-26.76413909924,0.0 -49.7277719,-26.76411459924,0.0 -49.7277646,-26.76410379924,0.0 -49.727749,-26.76408409924,0.0 -49.727732,-26.76406649924,0.0 -49.7277137,-26.76405079924,0.0 -49.7276942,-26.76403669924,0.0 -49.7276735,-26.76402399924,0.0 -49.7276511,-26.76401249924,0.0 -49.7276265,-26.76400189924,0.0 -49.7275991,-26.76399189924,0.0 -49.7275685,-26.76398229924,0.0 -49.7275345,-26.76397279924,0.0 -49.7274967,-26.76396339924,0.0 -49.7274326,-26.76394919924,0.0 -49.7272619,-26.76391439924,0.0 -49.72722,-26.76390439924,0.0 -49.7271977,-26.76389769924,0.0 -49.7271776,-26.76389029924,0.0 -49.7271486,-26.76387669924,0.0 -49.7271205,-26.76385919924,0.0 -49.7271024,-26.76384499924,0.0 -49.7270848,-26.76382859924,0.0 -49.7270596,-26.76380079924,0.0 -49.7270361,-26.76377039924,0.0 -49.7270148,-26.76373889924,0.0 -49.7269963,-26.76370679924,0.0 -49.7269814,-26.76367439924,0.0 -49.7269736,-26.76365259924,0.0 -49.7269673,-26.76363059924,0.0 -49.7269621,-26.76360799924,0.0 -49.726958,-26.76358479924,0.0 -49.726954,-26.76354879924,0.0 -49.7269538,-26.76352439924,0.0 -49.7269546,-26.76351219924,0.0 -49.7269562,-26.76349989924,0.0 -49.7269616,-26.76347559924,0.0 -49.7269653,-26.76346379924,0.0 -49.7269742,-26.76344089924,0.0 -49.7269903,-26.76341009924,0.0 -49.7270021,-26.76339249924,0.0 -49.7270087,-26.76338419924,0.0 -49.727024,-26.76336779924,0.0 -49.7270331,-26.76335929924,0.0 -49.7270553,-26.76334079924,0.0 -49.7270834,-26.76331939924,0.0 -49.7271166,-26.76329549924,0.0 -49.727173,-26.76325689924,0.0 -49.7272551,-26.76320389924,0.0 -49.7273244,-26.76316289924,0.0 -49.727377,-26.76313439924,0.0 -49.727553,-26.76304629924,0.0 -49.7276029,-26.76301979924,0.0 -49.7276419,-26.76299649924,0.0 -49.7276575,-26.76298579924,0.0 -49.7276828,-26.76296569924,0.0 -49.7277022,-26.76294669924,0.0 -49.7277105,-26.76293709924,0.0 -49.7277253,-26.76291779924,0.0 -49.727732,-26.76290789924,0.0 -49.7277436,-26.76288799924,0.0 -49.7277485,-26.76287789924,0.0 -49.7277568,-26.76285769924,0.0 -49.7277628,-26.76283729924,0.0 -49.7277685,-26.76280559924,0.0 -49.7277705,-26.76278309924,0.0 -49.7277716,-26.76275899924,0.0 -49.7277714,-26.76272039924,0.0 -49.7277681,-26.76268219924,0.0 -49.727766,-26.76267019924,0.0 -49.7277606,-26.76264769924,0.0 -49.72775,-26.76261839924,0.0 -49.7277423,-26.76260209924,0.0 -49.7277311,-26.76258219924,0.0 -49.7277171,-26.76256349924,0.0 -49.7276942,-26.76253889924,0.0 -49.7275514,-26.76239749924,0.0 -49.7274922,-26.7623356992401,0.0 -49.7274641,-26.76230399924,0.0 -49.7274371,-26.76227119924,0.0 -49.7274109,-26.7622368992401,0.0 -49.7273848,-26.76220039924,0.0 -49.7273451,-26.7621404992401,0.0 -49.7272895,-26.7620494992401,0.0 -49.7272142,-26.7619176992401,0.0 -49.7270836,-26.7616813992401,0.0 -49.7270364,-26.7615975992401,0.0 -49.7269956,-26.7615290992401,0.0 -49.7269841,-26.7615111992401,0.0 -49.7269638,-26.7614821992401,0.0 -49.7269547,-26.7614704992401,0.0 -49.7269376,-26.7614506992401,0.0 -49.7269119,-26.7614252992401,0.0 -49.7268739,-26.7613920992401,0.0 -49.7268317,-26.7613590992401,0.0 -49.7267967,-26.7613343992401,0.0 -49.7267569,-26.7613084992401,0.0 -49.7266464,-26.7612420992401,0.0 -49.726618,-26.7612241992401,0.0 -49.7265947,-26.7612079992401,0.0 -49.7265677,-26.7611864992401,0.0 -49.726547,-26.7611667992401,0.0 -49.7265295,-26.7611479992401,0.0 -49.7265096,-26.7611237992401,0.0 -49.7264928,-26.7611004992401,0.0 -49.7264822,-26.7610831992401,0.0 -49.7264735,-26.7610654992401,0.0 -49.7264666,-26.7610461992401,0.0 -49.726463,-26.7610313992401,0.0 -49.7264601,-26.7610144992401,0.0 -49.7264578,-26.7609947992401,0.0 -49.7264563,-26.7609719992401,0.0 -49.7264557,-26.7609455992401,0.0 -49.7264569,-26.7608984992401,0.0 -49.7264611,-26.7608409992401,0.0 -49.7264676,-26.7607819992401,0.0 -49.7264726,-26.7607432992401,0.0 -49.7265055,-26.7605267992401,0.0 -49.7265168,-26.7604419992401,0.0 -49.7265223,-26.7603919992401,0.0 -49.7265281,-26.7603243992401,0.0 -49.7265401,-26.7601117992401,0.0 -49.726542,-26.7600938992401,0.0 -49.7265447,-26.7600783992401,0.0 -49.7265505,-26.7600578992401,0.0 -49.7265558,-26.7600453992401,0.0 -49.7265623,-26.7600332992401,0.0 -49.7265749,-26.7600146992401,0.0 -49.7265853,-26.7600017992401,0.0 -49.7265975,-26.7599885992401,0.0 -49.7266116,-26.7599751992401,0.0 -49.7266279,-26.7599614992401,0.0 -49.726646,-26.7599479992401,0.0 -49.7266757,-26.7599288992401,0.0 -49.7267076,-26.7599121992401,0.0 -49.7267403,-26.7598978992401,0.0 -49.7268132,-26.7598684992401,0.0 -49.7268401,-26.7598560992401,0.0 -49.7268557,-26.7598475992401,0.0 -49.7268694,-26.7598388992401,0.0 -49.7268814,-26.7598298992401,0.0 -49.7268918,-26.7598206992401,0.0 -49.7269048,-26.7598061992401,0.0 -49.7269154,-26.7597908992401,0.0 -49.7269241,-26.7597750992401,0.0 -49.7269313,-26.7597581992401,0.0 -49.7269373,-26.7597385992401,0.0 -49.7269407,-26.7597228992401,0.0 -49.7269447,-26.7596945992401,0.0 -49.7269465,-26.7596739992401,0.0 -49.7269475,-26.7596428992401,0.0 -49.7269469,-26.7596235992401,0.0 -49.7269446,-26.7595971992401,0.0 -49.7269385,-26.7595531992401,0.0 -49.7269307,-26.7595118992401,0.0 -49.7268955,-26.7593464992401,0.0 -49.7268886,-26.7593074992401,0.0 -49.7268841,-26.7592740992401,0.0 -49.7268799,-26.7592245992401,0.0 -49.7268663,-26.7589958992401,0.0 -49.7268587,-26.7588840992401,0.0 -49.7268524,-26.7588249992401,0.0 -49.726846,-26.7587944992401,0.0 -49.7268401,-26.7587784992401,0.0 -49.7268365,-26.7587712992401,0.0 -49.7268274,-26.7587576992401,0.0 -49.7268158,-26.7587443992401,0.0 -49.7268024,-26.7587314992401,0.0 -49.726781,-26.7587141992401,0.0 -49.7267424,-26.7586893992401,0.0 -49.7267248,-26.7586759992401,0.0 -49.726707,-26.7586574992401,0.0 -49.7266896,-26.7586346992401,0.0 -49.7266788,-26.7586177992401,0.0 -49.7266687,-26.7585999992401,0.0 -49.7266597,-26.7585809992401,0.0 -49.7266518,-26.7585603992401,0.0 -49.7266422,-26.7585254992401,0.0 -49.7266376,-26.7584986992401,0.0 -49.7266358,-26.7584837992401,0.0 -49.7266337,-26.7584507992401,0.0 -49.7266335,-26.7584123992401,0.0 -49.7266353,-26.7583680992401,0.0 -49.7266409,-26.7582933992401,0.0 -49.7266488,-26.7582132992401,0.0 -49.7266608,-26.7581039992401,0.0 -49.7266906,-26.7578540992401,0.0 -49.7267066,-26.7577330992401,0.0 -49.7267258,-26.7576103992401,0.0 -49.7267313,-26.7575689992401,0.0 -49.7267331,-26.7575457992401,0.0 -49.7267335,-26.7575253992401,0.0 -49.7267326,-26.7575071992401,0.0 -49.7267289,-26.7574829992401,0.0 -49.7267251,-26.7574681992401,0.0 -49.7267202,-26.7574542992401,0.0 -49.7267074,-26.7574277992401,0.0 -49.7266994,-26.7574150992401,0.0 -49.7266901,-26.7574028992401,0.0 -49.7266733,-26.7573859992401,0.0 -49.7266527,-26.7573709992401,0.0 -49.7266368,-26.7573617992401,0.0 -49.7266195,-26.7573529992401,0.0 -49.72658,-26.7573360992401,0.0 -49.7265342,-26.7573196992401,0.0 -49.7264522,-26.7572942992401,0.0 -49.7263467,-26.7572645992402,0.0 -49.7262589,-26.7572425992402,0.0 -49.7261835,-26.7572258992402,0.0 -49.726082,-26.7572059992401,0.0 -49.7259951,-26.7571918992401,0.0 -49.7259584,-26.7571870992401,0.0 -49.7259254,-26.7571836992402,0.0 -49.7258431,-26.7571784992402,0.0 -49.7258089,-26.7571746992401,0.0 -49.7257951,-26.7571717992401,0.0 -49.7257782,-26.7571673992401,0.0 -49.725751,-26.7571572992402,0.0 -49.7257279,-26.7571458992401,0.0 -49.7257089,-26.7571335992401,0.0 -49.725698,-26.7571244992401,0.0 -49.7256835,-26.7571091992401,0.0 -49.7256709,-26.7570912992402,0.0 -49.7256605,-26.7570711992402,0.0 -49.7256525,-26.7570492992402,0.0 -49.7256469,-26.7570253992402,0.0 -49.7256422,-26.7569893992401,0.0 -49.7256402,-26.7569492992401,0.0 -49.7256416,-26.7569084992402,0.0 -49.7256452,-26.7568793992402,0.0 -49.7256488,-26.7568611992402,0.0 -49.7256533,-26.7568439992402,0.0 -49.7256587,-26.7568279992402,0.0 -49.7256749,-26.7567880992402,0.0 -49.7256852,-26.7567601992402,0.0 -49.7256983,-26.7567182992401,0.0 -49.7257094,-26.7566762992402,0.0 -49.7257203,-26.7566260992402,0.0 -49.7257296,-26.7565753992402,0.0 -49.7257347,-26.7565344992402,0.0 -49.7257363,-26.7565033992402,0.0 -49.7257363,-26.7564566992402,0.0 -49.7257348,-26.7563974992402,0.0 -49.7257319,-26.7563439992402,0.0 -49.7257287,-26.7563044992402,0.0 -49.7257185,-26.7562178992402,0.0 -49.7256963,-26.7560600992402,0.0 -49.7256885,-26.7559984992402,0.0 -49.7256835,-26.7559457992402,0.0 -49.7256814,-26.7559004992402,0.0 -49.7256798,-26.7556267992402,0.0 -49.7256813,-26.7555072992402,0.0 -49.7256844,-26.7553992992402,0.0 -49.7256884,-26.7553128992402,0.0 -49.7256924,-26.7552648992402,0.0 -49.7256971,-26.7552371992402,0.0 -49.7257017,-26.7552204992402,0.0 -49.7257074,-26.7552043992402,0.0 -49.7257143,-26.7551889992402,0.0 -49.7257219,-26.7551745992402,0.0 -49.7257301,-26.7551610992402,0.0 -49.7257389,-26.7551487992402,0.0 -49.725748,-26.7551377992402,0.0 -49.7257576,-26.7551280992402,0.0 -49.7257676,-26.7551196992402,0.0 -49.7257779,-26.7551127992402,0.0 -49.7257887,-26.7551069992402,0.0 -49.725806,-26.7551002992402,0.0 -49.7258183,-26.7550968992402,0.0 -49.7258372,-26.7550932992402,0.0 -49.7258556,-26.7550912992402,0.0 -49.7258672,-26.7550908992402,0.0 -49.7258839,-26.7550919992402,0.0 -49.725895,-26.7550942992402,0.0 -49.7259064,-26.7550979992402,0.0 -49.7259185,-26.7551034992402,0.0 -49.7259393,-26.7551155992402,0.0 -49.7259649,-26.7551333992402,0.0 -49.7260053,-26.7551647992402,0.0 -49.7260359,-26.7551905992402,0.0 -49.7260718,-26.7552236992402,0.0 -49.7261521,-26.7553060992402,0.0 -49.7261633,-26.7553158992402,0.0 -49.7261795,-26.7553278992402,0.0 -49.7262002,-26.7553396992402,0.0 -49.7262151,-26.7553456992402,0.0 -49.7262249,-26.7553483992402,0.0 -49.7262397,-26.7553504992402,0.0 -49.7262496,-26.7553504992402,0.0 -49.7262598,-26.7553489992402,0.0 -49.7262703,-26.7553457992402,0.0 -49.7262811,-26.7553403992402,0.0 -49.7262979,-26.7553284992402,0.0 -49.7263093,-26.7553181992402,0.0 -49.7263266,-26.7552997992402,0.0 -49.7263439,-26.7552775992402,0.0 -49.7263556,-26.7552599992402,0.0 -49.7263674,-26.7552395992402,0.0 -49.7263794,-26.7552161992402,0.0 -49.7263976,-26.7551770992402,0.0 -49.7264152,-26.7551357992402,0.0 -49.7264371,-26.7550812992402,0.0 -49.7264523,-26.7550405992402,0.0 -49.7264664,-26.7549994992402,0.0 -49.7264787,-26.7549597992402,0.0 -49.7264873,-26.7549249992402,0.0 -49.7264905,-26.7549058992402,0.0 -49.7264916,-26.7548895992402,0.0 -49.7264897,-26.7548683992402,0.0 -49.7264842,-26.7548483992402,0.0 -49.7264751,-26.7548276992402,0.0 -49.7264672,-26.7548128992402,0.0 -49.7264523,-26.7547880992402,0.0 -49.7263829,-26.7546802992402,0.0 -49.7263289,-26.7545946992402,0.0 -49.7263021,-26.7545502992402,0.0 -49.726285,-26.7545200992402,0.0 -49.7262576,-26.7544671992402,0.0 -49.7262358,-26.7544206992402,0.0 -49.726214,-26.7543676992402,0.0 -49.7261974,-26.7543206992402,0.0 -49.726175,-26.7542468992402,0.0 -49.7261452,-26.7541365992402,0.0 -49.7261171,-26.7540253992402,0.0 -49.7261097,-26.7539918992402,0.0 -49.7261069,-26.7539762992402,0.0 -49.7261026,-26.7539470992402,0.0 -49.7260994,-26.7539114992402,0.0 -49.7260984,-26.7538879992402,0.0 -49.7260983,-26.7538548992402,0.0 -49.7260999,-26.7538257992402,0.0 -49.7261029,-26.7538008992402,0.0 -49.7261069,-26.7537801992402,0.0 -49.7261125,-26.7537626992402,0.0 -49.7261206,-26.7537465992402,0.0 -49.7261278,-26.7537359992402,0.0 -49.7261362,-26.7537256992402,0.0 -49.7261505,-26.7537116992402,0.0 -49.7261656,-26.7537006992402,0.0 -49.7261816,-26.7536926992402,0.0 -49.7261993,-26.7536864992402,0.0 -49.7262263,-26.7536798992402,0.0 -49.7262488,-26.7536763992402,0.0 -49.7262812,-26.7536743992402,0.0 -49.726308,-26.7536752992402,0.0 -49.7263377,-26.7536783992402,0.0 -49.7263701,-26.7536836992402,0.0 -49.7264233,-26.7536943992402,0.0 -49.7264605,-26.7537030992402,0.0 -49.7264855,-26.7537102992402,0.0 -49.7265387,-26.7537286992402,0.0 -49.7265542,-26.7537322992402,0.0 -49.7265701,-26.7537343992402,0.0 -49.7265865,-26.7537345992402,0.0 -49.7265947,-26.7537338992402,0.0 -49.7266113,-26.7537307992402,0.0 -49.7266196,-26.7537282992402,0.0 -49.7266278,-26.7537250992402,0.0 -49.7266437,-26.7537171992402,0.0 -49.7266513,-26.7537124992402,0.0 -49.7266655,-26.7537017992402,0.0 -49.7266778,-26.7536897992402,0.0 -49.7266883,-26.7536766992402,0.0 -49.7266971,-26.7536627992402,0.0 -49.7267075,-26.7536412992402,0.0 -49.726713,-26.7536266992402,0.0 -49.7267196,-26.7536037992402,0.0 -49.7267248,-26.7535785992402,0.0 -49.7267288,-26.7535499992402,0.0 -49.7267316,-26.7535182992402,0.0 -49.7267324,-26.7534839992402,0.0 -49.7267318,-26.7534599992402,0.0 -49.7267291,-26.7534230992402,0.0 -49.7267262,-26.7533982992402,0.0 -49.7267205,-26.7533613992402,0.0 -49.7267023,-26.7532682992402,0.0 -49.726697,-26.7532369992402,0.0 -49.7266941,-26.7532087992402,0.0 -49.7266939,-26.7531913992402,0.0 -49.7266953,-26.7531741992402,0.0 -49.7266984,-26.7531563992402,0.0 -49.7267033,-26.7531371992402,0.0 -49.72671,-26.7531164992402,0.0 -49.7267181,-26.7530955992402,0.0 -49.7267276,-26.7530753992402,0.0 -49.726738,-26.7530568992402,0.0 -49.7267436,-26.7530484992402,0.0 -49.726756,-26.7530327992402,0.0 -49.7267702,-26.7530181992402,0.0 -49.7267867,-26.7530037992402,0.0 -49.7268159,-26.7529821992402,0.0 -49.7268478,-26.7529616992402,0.0 -49.7268787,-26.7529440992402,0.0 -49.7269082,-26.7529296992402,0.0 -49.7269292,-26.7529209992402,0.0 -49.7269528,-26.7529121992402,0.0 -49.7269943,-26.7528982992402,0.0 -49.7270381,-26.7528853992402,0.0 -49.7270651,-26.7528784992402,0.0 -49.7270886,-26.7528735992402,0.0 -49.7271186,-26.7528692992402,0.0 -49.727191,-26.7528638992402,0.0 -49.7272165,-26.7528609992402,0.0 -49.7272321,-26.7528582992402,0.0 -49.7272463,-26.7528547992402,0.0 -49.7272594,-26.7528506992402,0.0 -49.7272712,-26.7528456992402,0.0 -49.7272819,-26.7528397992402,0.0 -49.7272916,-26.7528332992402,0.0 -49.7273003,-26.7528260992402,0.0 -49.7273118,-26.7528140992402,0.0 -49.7273215,-26.7528009992402,0.0 -49.7273269,-26.7527913992402,0.0 -49.7273314,-26.7527810992402,0.0 -49.7273348,-26.7527699992402,0.0 -49.7273381,-26.7527520992402,0.0 -49.7273392,-26.7527332992402,0.0 -49.7273382,-26.7527141992402,0.0 -49.7273345,-26.7526960992402,0.0 -49.7273303,-26.7526853992402,0.0 -49.7273276,-26.7526805992402,0.0 -49.7273207,-26.7526719992402,0.0 -49.7273112,-26.7526647992402,0.0 -49.7272984,-26.7526586992402,0.0 -49.7272906,-26.7526559992402,0.0 -49.7272718,-26.7526512992402,0.0 -49.7272486,-26.7526472992402,0.0 -49.7272207,-26.7526438992402,0.0 -49.7271503,-26.7526381992402,0.0 -49.7269824,-26.7526274992402,0.0 -49.7269263,-26.7526218992402,0.0 -49.7268864,-26.7526160992402,0.0 -49.7268477,-26.7526082992402,0.0 -49.7268127,-26.7525980992402,0.0 -49.7268022,-26.7525940992402,0.0 -49.7267831,-26.7525850992402,0.0 -49.7267661,-26.7525749992402,0.0 -49.7267508,-26.7525639992402,0.0 -49.7267369,-26.7525521992402,0.0 -49.7267243,-26.7525395992402,0.0 -49.7267075,-26.7525190992402,0.0 -49.7266935,-26.7524961992402,0.0 -49.7266854,-26.7524791992402,0.0 -49.726678,-26.7524603992402,0.0 -49.7266708,-26.7524392992402,0.0 -49.7266599,-26.7524025992402,0.0 -49.7266494,-26.7523626992402,0.0 -49.7266405,-26.7523248992402,0.0 -49.7266345,-26.7522929992403,0.0 -49.7266309,-26.7522664992402,0.0 -49.726629,-26.7522432992402,0.0 -49.7266288,-26.7522212992402,0.0 -49.7266309,-26.7521980992402,0.0 -49.7266341,-26.7521806992402,0.0 -49.7266415,-26.7521519992402,0.0 -49.726651,-26.7521220992403,0.0 -49.7266616,-26.7520934992402,0.0 -49.7266762,-26.7520589992402,0.0 -49.7266909,-26.7520286992402,0.0 -49.7267028,-26.7520084992402,0.0 -49.7267169,-26.7519895992403,0.0 -49.7267283,-26.7519775992402,0.0 -49.7267413,-26.7519657992402,0.0 -49.726756,-26.7519543992402,0.0 -49.7267725,-26.7519430992403,0.0 -49.7267904,-26.7519320992403,0.0 -49.7268655,-26.7518903992403,0.0 -49.7269052,-26.7518661992403,0.0 -49.7269255,-26.7518518992403,0.0 -49.7269378,-26.7518419992403,0.0 -49.7269492,-26.7518311992403,0.0 -49.7269601,-26.7518191992403,0.0 -49.7269758,-26.7517979992402,0.0 -49.7269855,-26.7517817992402,0.0 -49.7269946,-26.7517630992403,0.0 -49.7270065,-26.7517346992403,0.0 -49.7270133,-26.7517135992403,0.0 -49.727019,-26.7516914992403,0.0 -49.7270235,-26.7516682992403,0.0 -49.7270282,-26.7516324992403,0.0 -49.7270312,-26.7515853992403,0.0 -49.7270316,-26.7515407992403,0.0 -49.7270297,-26.7514866992403,0.0 -49.727025,-26.7514199992403,0.0 -49.7270209,-26.7513808992403,0.0 -49.7270156,-26.7513468992403,0.0 -49.727008,-26.7513135992403,0.0 -49.7269966,-26.7512753992403,0.0 -49.7269814,-26.7512302992403,0.0 -49.7269638,-26.7511832992403,0.0 -49.7269516,-26.7511534992403,0.0 -49.7269332,-26.7511125992403,0.0 -49.7269032,-26.7510514992403,0.0 -49.7268724,-26.7509916992403,0.0 -49.7267702,-26.7508037992403,0.0 -49.726761,-26.7507841992403,0.0 -49.7267538,-26.7507663992403,0.0 -49.726747,-26.7507419992403,0.0 -49.7267438,-26.7507209992403,0.0 -49.7267431,-26.7507039992403,0.0 -49.7267444,-26.7506900992403,0.0 -49.7267469,-26.7506807992403,0.0 -49.7267565,-26.7506577992403,0.0 -49.7267678,-26.7506366992403,0.0 -49.7267815,-26.7506154992403,0.0 -49.7267915,-26.7506025992403,0.0 -49.7268083,-26.7505857992403,0.0 -49.726821,-26.7505762992403,0.0 -49.726835,-26.7505682992403,0.0 -49.7268503,-26.7505616992403,0.0 -49.7268748,-26.7505533992403,0.0 -49.7269315,-26.7505368992403,0.0 -49.7269541,-26.7505313992403,0.0 -49.726983,-26.7505262992403,0.0 -49.7270346,-26.7505200992403,0.0 -49.7270775,-26.7505162992403,0.0 -49.7271108,-26.7505153992403,0.0 -49.7271328,-26.7505159992403,0.0 -49.7271654,-26.7505189992403,0.0 -49.7271983,-26.7505243992403,0.0 -49.7272314,-26.7505322992403,0.0 -49.7272532,-26.7505392992403,0.0 -49.7272746,-26.7505478992403,0.0 -49.7272952,-26.7505582992403,0.0 -49.7273152,-26.7505703992403,0.0 -49.7273344,-26.7505842992403,0.0 -49.7273529,-26.7506001992403,0.0 -49.7273705,-26.7506177992403,0.0 -49.7273868,-26.7506362992403,0.0 -49.7274078,-26.7506638992403,0.0 -49.7274231,-26.7506885992403,0.0 -49.7274344,-26.7507126992403,0.0 -49.7274813,-26.7508447992403,0.0 -49.7274956,-26.7508804992403,0.0 -49.727505,-26.7509010992403,0.0 -49.7275143,-26.7509188992403,0.0 -49.7275237,-26.7509335992403,0.0 -49.7275331,-26.7509453992403,0.0 -49.7275478,-26.7509590992403,0.0 -49.7275581,-26.7509662992403,0.0 -49.7275689,-26.7509724992403,0.0 -49.7275799,-26.7509778992403,0.0 -49.7275963,-26.7509842992403,0.0 -49.7276114,-26.7509887992403,0.0 -49.7276212,-26.7509904992403,0.0 -49.7276314,-26.7509909992403,0.0 -49.7276426,-26.7509903992403,0.0 -49.7276551,-26.7509883992403,0.0 -49.7276749,-26.7509833992403,0.0 -49.7276936,-26.7509769992403,0.0 -49.7277089,-26.7509698992403,0.0 -49.7277208,-26.7509609992403,0.0 -49.7277273,-26.7509534992403,0.0 -49.7277327,-26.7509444992403,0.0 -49.7277372,-26.7509338992403,0.0 -49.7277408,-26.7509218992403,0.0 -49.7277448,-26.7509016992403,0.0 -49.7277475,-26.7508701992403,0.0 -49.727747,-26.7508309992403,0.0 -49.7277418,-26.7507694992403,0.0 -49.727734,-26.7507109992403,0.0 -49.727722,-26.7506446992403,0.0 -49.7277088,-26.7505894992403,0.0 -49.7276922,-26.7505320992403,0.0 -49.7276742,-26.7504789992403,0.0 -49.7276623,-26.7504491992403,0.0 -49.7276508,-26.7504245992403,0.0 -49.7276331,-26.7503940992403,0.0 -49.7276205,-26.7503758992403,0.0 -49.7275992,-26.7503483992403,0.0 -49.7275286,-26.7502638992403,0.0 -49.7274929,-26.7502191992403,0.0 -49.7274729,-26.7501911992403,0.0 -49.7274594,-26.7501677992403,0.0 -49.727453,-26.7501528992403,0.0 -49.727448,-26.7501372992403,0.0 -49.727444,-26.7501205992403,0.0 -49.72744,-26.7500936992403,0.0 -49.7274385,-26.7500746992403,0.0 -49.727438,-26.7500452992403,0.0 -49.7274397,-26.7500181992403,0.0 -49.7274422,-26.7500031992403,0.0 -49.7274745,-26.7499559992403,0.0 -49.7275183,-26.7499088992403,0.0 -49.7275667,-26.7498803992403,0.0 -49.7276585,-26.7498361992403,0.0 -49.7277247,-26.7498139992403,0.0 -49.7277971,-26.7497976992403,0.0 -49.7278384,-26.7497888992403,0.0 -49.7278573,-26.7497847992403,0.0 -49.7278712,-26.7497764992403,0.0 -49.7278842,-26.7497626992403,0.0 -49.7278931,-26.7497348992403,0.0 -49.7278978,-26.7497017992403,0.0 -49.7278965,-26.7496666992403,0.0 -49.7278835,-26.7496380992403,0.0 -49.7278542,-26.7496092992403,0.0 -49.7278257,-26.7495828992403,0.0 -49.7277977,-26.7495536992403,0.0 -49.7277794,-26.7495275992403,0.0 -49.7277685,-26.7495062992403,0.0 -49.7277641,-26.7494803992403,0.0 -49.7277644,-26.7494476992403,0.0 -49.7277626,-26.7494189992403,0.0 -49.7277544,-26.7493842992403,0.0 -49.7277444,-26.7493560992403,0.0 -49.7277333,-26.7493162992403,0.0 -49.7277237,-26.7492899992403,0.0 -49.7277227,-26.7492646992403,0.0 -49.7277295,-26.7492044992403,0.0 -49.7277406,-26.7491427992403,0.0 -49.7277595,-26.7491012992403,0.0 -49.7277993,-26.7490452992403,0.0 -49.7278264,-26.7490118992403,0.0 -49.7278529,-26.7489869992403,0.0 -49.7278849,-26.7489609992403,0.0 -49.7278985,-26.7489440992403,0.0 -49.7279132,-26.7489238992403,0.0 -49.7279139,-26.7488984992403,0.0 -49.7279085,-26.7488833992403,0.0 -49.7278972,-26.7488682992403,0.0 -49.7278802,-26.7488403992403,0.0 -49.7278711,-26.7488129992403,0.0 -49.7278682,-26.7487941992403,0.0 -49.7278703,-26.7487772992403,0.0 -49.7278741,-26.7487601992403,0.0 -49.7278871,-26.7487152992403,0.0 -49.7279135,-26.7486739992403,0.0 -49.7279282,-26.7486413992403,0.0 -49.7279407,-26.7486072992403,0.0 -49.7279569,-26.7485538992403,0.0 -49.727969,-26.7485108992403,0.0 -49.7279713,-26.7484610992403,0.0 -49.7279724,-26.7484055992403,0.0 -49.7279694,-26.7483588992403,0.0 -49.7279711,-26.7483213992403,0.0 -49.7279782,-26.7482927992403,0.0 -49.7280108,-26.7482591992403,0.0 -49.728033,-26.7482380992403,0.0 -49.728066,-26.7482136992403,0.0 -49.7281033,-26.7481906992403,0.0 -49.7281292,-26.7481717992403,0.0 -49.7281547,-26.7481456992403,0.0 -49.7281803,-26.7481118992403,0.0 -49.728208,-26.7480773992403,0.0 -49.728238,-26.7480490992403,0.0 -49.7282584,-26.7480323992403,0.0 -49.7283055,-26.7479939992403,0.0 -49.7283421,-26.7479604992403,0.0 -49.7283535,-26.7479434992403,0.0 -49.7283658,-26.7479145992403,0.0 -49.7283661,-26.7478820992403,0.0 -49.7283556,-26.7478495992403,0.0 -49.7283428,-26.7478197992403,0.0 -49.7283339,-26.7478106992403,0.0 -49.7283116,-26.7477879992403,0.0 -49.7282764,-26.7477637992403,0.0 -49.7282308,-26.7477370992403,0.0 -49.7281944,-26.7477173992403,0.0 -49.7281491,-26.7476964992403,0.0 -49.7281069,-26.7476787992403,0.0 -49.7280501,-26.7476592992403,0.0 -49.7279902,-26.7476326992403,0.0 -49.7279646,-26.7476096992403,0.0 -49.727938,-26.7475716992403,0.0 -49.7279242,-26.7475390992403,0.0 -49.7279257,-26.7475017992403,0.0 -49.7279302,-26.7474800992403,0.0 -49.727967,-26.7474319992403,0.0 -49.728008,-26.7473804992403,0.0 -49.728033,-26.7473526992403,0.0 -49.7280601,-26.7473129992403,0.0 -49.7280832,-26.7472810992403,0.0 -49.7281158,-26.7472270992403,0.0 -49.7281398,-26.7471798992403,0.0 -49.728147,-26.7471247992403,0.0 -49.7281373,-26.7470658992403,0.0 -49.7281265,-26.7470277992403,0.0 -49.7281129,-26.7470024992404,0.0 -49.728084,-26.7469662992404,0.0 -49.7280412,-26.7469299992404,0.0 -49.7280349,-26.7469129992404,0.0 -49.7280294,-26.7468886992404,0.0 -49.7280384,-26.7468470992404,0.0 -49.7280535,-26.7468018992404,0.0 -49.7280713,-26.7467655992403,0.0 -49.7280867,-26.7467318992403,0.0 -49.7281095,-26.7466943992404,0.0 -49.7281418,-26.7466628992404,0.0 -49.7281694,-26.7466381992404,0.0 -49.7281993,-26.7466180992404,0.0 -49.7282289,-26.7466018992404,0.0 -49.7282646,-26.7465779992404,0.0 -49.7283078,-26.7465403992404,0.0 -49.7283321,-26.7465096992403,0.0 -49.7283529,-26.7464745992404,0.0 -49.7283695,-26.7464352992404,0.0 -49.7283733,-26.7464071992404,0.0 -49.7283757,-26.7463639992404,0.0 -49.7283711,-26.7463245992404,0.0 -49.7283648,-26.7463019992404,0.0 -49.7283519,-26.7462771992404,0.0 -49.7283322,-26.7462496992404,0.0 -49.7283128,-26.7462259992404,0.0 -49.7282772,-26.7462004992404,0.0 -49.7282426,-26.7461805992404,0.0 -49.7281994,-26.7461570992404,0.0 -49.7281464,-26.7461389992404,0.0 -49.7281156,-26.7461348992404,0.0 -49.7280932,-26.7461346992404,0.0 -49.7280548,-26.7461418992404,0.0 -49.7280096,-26.7461546992404,0.0 -49.7279733,-26.7461632992404,0.0 -49.7279567,-26.7461662992404,0.0 -49.72792,-26.7461690992404,0.0 -49.7278923,-26.7461680992404,0.0 -49.7278646,-26.7461636992404,0.0 -49.7278257,-26.7461515992404,0.0 -49.7277847,-26.7461335992404,0.0 -49.7277353,-26.7461040992404,0.0 -49.7276921,-26.7460739992404,0.0 -49.7276517,-26.7460341992404,0.0 -49.7276203,-26.7460063992404,0.0 -49.727591,-26.7459670992404,0.0 -49.7275737,-26.7459319992404,0.0 -49.7275609,-26.7459012992404,0.0 -49.7275539,-26.7458679992404,0.0 -49.7275529,-26.7458233992404,0.0 -49.7275552,-26.7457914992404,0.0 -49.7275558,-26.7457347992404,0.0 -49.7275547,-26.7456958992404,0.0 -49.7275533,-26.7456802992404,0.0 -49.7275405,-26.7456504992404,0.0 -49.7275195,-26.7456322992404,0.0 -49.7274959,-26.7456078992404,0.0 -49.7274623,-26.7455850992404,0.0 -49.7274358,-26.7455656992404,0.0 -49.7274101,-26.7455512992404,0.0 -49.7273834,-26.7455260992404,0.0 -49.7273645,-26.7454944992404,0.0 -49.7273459,-26.7454622992404,0.0 -49.7273339,-26.7454372992404,0.0 -49.7273108,-26.7453976992404,0.0 -49.7272915,-26.7453687992404,0.0 -49.7272746,-26.7453501992404,0.0 -49.7272514,-26.7453239992404,0.0 -49.7272302,-26.7452923992404,0.0 -49.7272074,-26.7452585992404,0.0 -49.727196,-26.7452375992404,0.0 -49.7271776,-26.7452007992404,0.0 -49.7271537,-26.7451583992404,0.0 -49.7271361,-26.7451156992404,0.0 -49.7271034,-26.7450726992404,0.0 -49.72707,-26.7450301992404,0.0 -49.7270476,-26.7449960992404,0.0 -49.7270264,-26.7449626992404,0.0 -49.7270093,-26.7449325992404,0.0 -49.7269862,-26.7448919992404,0.0 -49.7269594,-26.7448439992404,0.0 -49.7269436,-26.7448064992404,0.0 -49.7269254,-26.7447797992404,0.0 -49.7268877,-26.7447376992404,0.0 -49.7268511,-26.7447037992404,0.0 -49.7268129,-26.7446677992404,0.0 -49.7267896,-26.7446397992404,0.0 -49.7267619,-26.7446031992404,0.0 -49.7267399,-26.7445742992404,0.0 -49.7267241,-26.7445378992404,0.0 -49.7267176,-26.7445031992404,0.0 -49.7267083,-26.7444658992404,0.0 -49.7267026,-26.7444277992404,0.0 -49.7266907,-26.7443889992404,0.0 -49.7266822,-26.7443549992404,0.0 -49.7266734,-26.7443139992404,0.0 -49.7266728,-26.7442623992404,0.0 -49.7266664,-26.7442121992404,0.0 -49.7266606,-26.7441801992404,0.0 -49.7266552,-26.7441476992404,0.0 -49.7266494,-26.7441157992404,0.0 -49.726647,-26.7440887992404,0.0 -49.7266468,-26.7440654992404,0.0 -49.7266467,-26.7440364992404,0.0 -49.7266498,-26.7440006992404,0.0 -49.726655,-26.7439484992404,0.0 -49.7266626,-26.7438918992404,0.0 -49.7266664,-26.7438560992404,0.0 -49.7266743,-26.7438066992404,0.0 -49.7266709,-26.7437661992404,0.0 -49.7266623,-26.7437415992404,0.0 -49.7266478,-26.7437187992404,0.0 -49.7266185,-26.7436929992404,0.0 -49.7265943,-26.7436785992404,0.0 -49.7265483,-26.7436608992404,0.0 -49.7265118,-26.7436473992404,0.0 -49.7264683,-26.7436284992404,0.0 -49.7264254,-26.7436121992404,0.0 -49.7263916,-26.7435991992404,0.0 -49.7263562,-26.7435929992404,0.0 -49.7263108,-26.7435886992404,0.0 -49.7262654,-26.7435827992404,0.0 -49.7262218,-26.7435736992404,0.0 -49.7261764,-26.7435635992404,0.0 -49.7261396,-26.7435507992404,0.0 -49.7261101,-26.7435304992404,0.0 -49.7260872,-26.7435091992404,0.0 -49.7260644,-26.7434836992404,0.0 -49.726053,-26.7434679992404,0.0 -49.7260452,-26.7434447992404,0.0 -49.7260462,-26.7434212992404,0.0 -49.7260473,-26.7433954992404,0.0 -49.7260532,-26.7433463992404,0.0 -49.726062,-26.7432869992404,0.0 -49.7260721,-26.7432408992404,0.0 -49.7260847,-26.7431866992404,0.0 -49.7260995,-26.7431359992404,0.0 -49.7261069,-26.7430917992404,0.0 -49.726112,-26.7430515992404,0.0 -49.7261149,-26.7429986992404,0.0 -49.72612,-26.7429585992404,0.0 -49.7261193,-26.7429108992404,0.0 -49.726114,-26.7428696992404,0.0 -49.72611,-26.7428401992404,0.0 -49.7261045,-26.7428108992404,0.0 -49.7260931,-26.7427800992404,0.0 -49.7260756,-26.7427471992404,0.0 -49.7260585,-26.7427173992404,0.0 -49.7260432,-26.7426919992404,0.0 -49.7260244,-26.7426657992404,0.0 -49.7260031,-26.7426309992404,0.0 -49.7259898,-26.7426124992404,0.0 -49.7259684,-26.7425798992404,0.0 -49.7259562,-26.7425529992404,0.0 -49.7259484,-26.7425148992404,0.0 -49.7259412,-26.7424880992404,0.0 -49.725929,-26.7424587992404,0.0 -49.7259116,-26.7424229992404,0.0 -49.7258944,-26.7423876992404,0.0 -49.7258854,-26.7423690992404,0.0 -49.7258793,-26.7423563992404,0.0 -49.7258663,-26.7423336992404,0.0 -49.7258487,-26.7423074992404,0.0 -49.725838,-26.7422835992404,0.0 -49.7258329,-26.7422653992404,0.0 -49.7258269,-26.7422466992404,0.0 -49.7258225,-26.7422273992404,0.0 -49.7258192,-26.7422061992404,0.0 -49.7258171,-26.7421819992404,0.0 -49.7258137,-26.7421479992404,0.0 -49.7258134,-26.7421336992404,0.0 -49.7258155,-26.7421050992404,0.0 -49.7258146,-26.7420778992404,0.0 -49.7258108,-26.7420350992404,0.0 -49.7258041,-26.7420003992404,0.0 -49.7257973,-26.7419735992404,0.0 -49.7257912,-26.7419465992404,0.0 -49.725774,-26.7419236992404,0.0 -49.7257512,-26.7418913992404,0.0 -49.7257412,-26.7418741992404,0.0 -49.7257263,-26.7418374992404,0.0 -49.7257132,-26.7418074992405,0.0 -49.7257012,-26.7417859992404,0.0 -49.7256827,-26.7417706992404,0.0 -49.7256668,-26.7417658992404,0.0 -49.7256516,-26.7417621992404,0.0 -49.7256331,-26.7417616992405,0.0 -49.7255997,-26.7417710992404,0.0 -49.7255584,-26.7417956992405,0.0 -49.7255116,-26.7418242992404,0.0 -49.7254802,-26.7418399992404,0.0 -49.7254596,-26.7418477992404,0.0 -49.7254501,-26.7418509992404,0.0 -49.7254342,-26.7418513992404,0.0 -49.7254217,-26.7418484992404,0.0 -49.7254129,-26.7418428992405,0.0 -49.7253981,-26.7418287992404,0.0 -49.7253851,-26.7418132992404,0.0 -49.72537,-26.7417930992405,0.0 -49.7253528,-26.7417671992404,0.0 -49.725336,-26.7417392992405,0.0 -49.7253232,-26.7417213992404,0.0 -49.7252937,-26.7416796992404,0.0 -49.7252754,-26.7416498992404,0.0 -49.7252583,-26.7416214992405,0.0 -49.7252472,-26.7415939992404,0.0 -49.7252421,-26.7415565992405,0.0 -49.7252458,-26.7415283992405,0.0 -49.7252507,-26.7415047992405,0.0 -49.725256,-26.7414897992404,0.0 -49.7252653,-26.7414547992405,0.0 -49.725267,-26.7414127992405,0.0 -49.7252616,-26.7413748992405,0.0 -49.7252491,-26.7413416992405,0.0 -49.7252384,-26.7413077992405,0.0 -49.7252119,-26.7412715992405,0.0 -49.725193,-26.7412431992405,0.0 -49.7251673,-26.7412087992405,0.0 -49.7251438,-26.7411805992405,0.0 -49.7251031,-26.7411496992405,0.0 -49.7250685,-26.7411201992405,0.0 -49.7250283,-26.7410791992405,0.0 -49.7249883,-26.7410458992405,0.0 -49.7249523,-26.7410017992405,0.0 -49.7249185,-26.7409539992405,0.0 -49.7248672,-26.7408928992405,0.0 -49.7248373,-26.7408523992405,0.0 -49.7247884,-26.7407933992405,0.0 -49.7247558,-26.7407492992405,0.0 -49.7247092,-26.7407002992405,0.0 -49.7246601,-26.7406378992405,0.0 -49.7246348,-26.7406092992405,0.0 -49.7246003,-26.7405621992405,0.0 -49.7245653,-26.7405220992405,0.0 -49.72454,-26.7404913992405,0.0 -49.7245071,-26.7404506992405,0.0 -49.7244649,-26.7404010992405,0.0 -49.7244281,-26.7403558992405,0.0 -49.7243993,-26.7403208992405,0.0 -49.7243688,-26.7402876992405,0.0 -49.7243403,-26.7402523992405,0.0 -49.7243199,-26.7402217992405,0.0 -49.7243028,-26.7401930992405,0.0 -49.7242879,-26.7401593992405,0.0 -49.7242802,-26.7401342992405,0.0 -49.7242723,-26.7400997992405,0.0 -49.7242631,-26.7400549992405,0.0 -49.7242518,-26.7400166992405,0.0 -49.7242406,-26.7399952992405,0.0 -49.7242212,-26.7399348992405,0.0 -49.7242095,-26.7398931992405,0.0 -49.7241995,-26.7398601992405,0.0 -49.7241907,-26.7398145992405,0.0 -49.7241846,-26.7397673992405,0.0 -49.724176,-26.7397289992405,0.0 -49.724165,-26.7396952992405,0.0 -49.7241511,-26.7396694992405,0.0 -49.724126,-26.7396507992405,0.0 -49.7240976,-26.7396216992405,0.0 -49.7240699,-26.7395949992405,0.0 -49.7240425,-26.7395649992405,0.0 -49.7240124,-26.7395335992405,0.0 -49.7239796,-26.7394947992405,0.0 -49.7239343,-26.7394585992405,0.0 -49.7239064,-26.7394215992405,0.0 -49.7238848,-26.7393861992405,0.0 -49.7238609,-26.7393413992405,0.0 -49.7238453,-26.7392968992405,0.0 -49.7238366,-26.7392547992405,0.0 -49.7238238,-26.7392176992405,0.0 -49.7238214,-26.7392115992405,0.0 -49.7238066,-26.7391737992405,0.0 -49.7237881,-26.7391437992405,0.0 -49.723754,-26.7391096992405,0.0 -49.7236965,-26.7390966992405,0.0 -49.7236562,-26.7390915992405,0.0 -49.7235869,-26.7390800992405,0.0 -49.7235281,-26.7390741992405,0.0 -49.7234686,-26.7390639992405,0.0 -49.7234235,-26.7390516992405,0.0 -49.7233897,-26.7390308992405,0.0 -49.7233647,-26.7390033992405,0.0 -49.723349,-26.7389757992405,0.0 -49.7233354,-26.7389350992405,0.0 -49.7233295,-26.7388908992405,0.0 -49.7233245,-26.7388411992405,0.0 -49.7233207,-26.7387838992405,0.0 -49.7233175,-26.7387410992405,0.0 -49.7233116,-26.7387002992405,0.0 -49.7233009,-26.7386502992405,0.0 -49.7232908,-26.7385905992405,0.0 -49.7232789,-26.7385449992405,0.0 -49.7232631,-26.7384872992405,0.0 -49.7232587,-26.7384168992405,0.0 -49.7232579,-26.7383810992405,0.0 -49.7232624,-26.7383060992405,0.0 -49.7232638,-26.7382485992405,0.0 -49.7232723,-26.7382058992405,0.0 -49.7232802,-26.7381798992405,0.0 -49.7232975,-26.7381311992405,0.0 -49.7233097,-26.7380883992405,0.0 -49.7233079,-26.7380337992405,0.0 -49.7233011,-26.7379927992405,0.0 -49.7232816,-26.7379476992405,0.0 -49.7232639,-26.7379145992405,0.0 -49.7232469,-26.7378601992405,0.0 -49.7232314,-26.7378090992405,0.0 -49.7232228,-26.7377593992405,0.0 -49.7232203,-26.7377296992405,0.0 -49.7232236,-26.7376865992405,0.0 -49.7232273,-26.7376388992405,0.0 -49.7232339,-26.7375932992405,0.0 -49.7232382,-26.7375114992405,0.0 -49.7232424,-26.7374449992405,0.0 -49.7232441,-26.7373964992405,0.0 -49.7232449,-26.7373222992405,0.0 -49.723245,-26.7372623992405,0.0 -49.7232394,-26.7371998992405,0.0 -49.7232231,-26.7371298992405,0.0 -49.7232097,-26.7370472992405,0.0 -49.7231895,-26.7369718992405,0.0 -49.7231628,-26.7369021992405,0.0 -49.7231339,-26.7368358992405,0.0 -49.723106,-26.7367741992405,0.0 -49.7230792,-26.7367258992405,0.0 -49.7230432,-26.7366773992406,0.0 -49.7230078,-26.7366315992405,0.0 -49.7229734,-26.7365964992406,0.0 -49.7229363,-26.7365640992405,0.0 -49.7228869,-26.7365320992406,0.0 -49.7228307,-26.7364970992405,0.0 -49.722785,-26.7364692992406,0.0 -49.7227407,-26.7364421992405,0.0 -49.7227074,-26.7364048992406,0.0 -49.7226965,-26.7363599992406,0.0 -49.7226934,-26.7363232992406,0.0 -49.7226945,-26.7362793992406,0.0 -49.7227084,-26.7362347992406,0.0 -49.7227215,-26.7361964992406,0.0 -49.7227335,-26.7361543992406,0.0 -49.7227506,-26.7360989992406,0.0 -49.7227636,-26.7360486992406,0.0 -49.7227759,-26.7359943992406,0.0 -49.7227885,-26.7359546992406,0.0 -49.722804,-26.7359003992406,0.0 -49.7228162,-26.7358615992406,0.0 -49.7228266,-26.7358117992406,0.0 -49.7228318,-26.7357741992406,0.0 -49.7228371,-26.7357284992406,0.0 -49.7228384,-26.7356742992406,0.0 -49.7228381,-26.7356381992406,0.0 -49.7228357,-26.7355970992406,0.0 -49.7228347,-26.7355434992406,0.0 -49.7228322,-26.7354868992406,0.0 -49.7228294,-26.7354249992406,0.0 -49.7228249,-26.7353651992406,0.0 -49.7228238,-26.7352992992406,0.0 -49.7228206,-26.7352434992406,0.0 -49.7228167,-26.7351903992406,0.0 -49.7228163,-26.7351460992406,0.0 -49.7228142,-26.7350769992406,0.0 -49.7228145,-26.7350240992406,0.0 -49.7228127,-26.7349812992406,0.0 -49.722812,-26.7349276992406,0.0 -49.7228127,-26.7348704992406,0.0 -49.7228179,-26.7348032992406,0.0 -49.7228197,-26.7347577992406,0.0 -49.7228209,-26.7347016992406,0.0 -49.722825,-26.7346544992406,0.0 -49.7228281,-26.7346043992406,0.0 -49.7228276,-26.7345622992406,0.0 -49.7228279,-26.7345074992406,0.0 -49.7228297,-26.7344546992406,0.0 -49.7228355,-26.7343950992406,0.0 -49.7228415,-26.7343433992406,0.0 -49.7228459,-26.7342846992406,0.0 -49.7228509,-26.7342377992406,0.0 -49.7228531,-26.7341873992406,0.0 -49.7228597,-26.7341340992406,0.0 -49.7228656,-26.7340849992406,0.0 -49.7228696,-26.7340390992406,0.0 -49.7228744,-26.7339854992406,0.0 -49.7228775,-26.7339359992406,0.0 -49.7228783,-26.7338869992406,0.0 -49.7228805,-26.7338324992406,0.0 -49.7228835,-26.7337924992406,0.0 -49.7228863,-26.7337394992406,0.0 -49.7228853,-26.7336902992406,0.0 -49.7228851,-26.7336474992406,0.0 -49.722884,-26.7336063992406,0.0 -49.7228806,-26.7335702992406,0.0 -49.7228797,-26.7335334992406,0.0 -49.7228763,-26.7334980992406,0.0 -49.7228739,-26.7334611992406,0.0 -49.7228743,-26.7334206992406,0.0 -49.7228763,-26.7333818992406,0.0 -49.7228815,-26.7333448992406,0.0 -49.7228876,-26.7333193992406,0.0 -49.7229042,-26.7332824992406,0.0 -49.7229283,-26.7332587992406,0.0 -49.7229628,-26.7332356992406,0.0 -49.7229895,-26.7332163992406,0.0 -49.7230295,-26.7331887992406,0.0 -49.723067,-26.7331600992406,0.0 -49.7231154,-26.7331264992406,0.0 -49.7231513,-26.7331007992406,0.0 -49.7231942,-26.7330700992406,0.0 -49.7232298,-26.7330421992406,0.0 -49.7232497,-26.7330242992406,0.0 -49.7232682,-26.7329924992406,0.0 -49.7232681,-26.7329716992406,0.0 -49.7232665,-26.7329453992406,0.0 -49.7232502,-26.7329241992406,0.0 -49.7232263,-26.7329031992406,0.0 -49.7231957,-26.7328894992406,0.0 -49.7231662,-26.7328786992406,0.0 -49.7231379,-26.7328705992406,0.0 -49.7230945,-26.7328576992406,0.0 -49.7230499,-26.7328458992406,0.0 -49.7230106,-26.7328383992406,0.0 -49.722974,-26.7328319992406,0.0 -49.722928,-26.7328247992406,0.0 -49.7228911,-26.7328229992406,0.0 -49.7228266,-26.7328195992406,0.0 -49.7227498,-26.7328111992406,0.0 -49.7226972,-26.7328083992406,0.0 -49.7226461,-26.7328070992406,0.0 -49.7225861,-26.7328033992406,0.0 -49.7225477,-26.7327989992406,0.0 -49.7225087,-26.7327906992406,0.0 -49.7224692,-26.7327839992406,0.0 -49.7224284,-26.7327750992406,0.0 -49.7223875,-26.7327632992406,0.0 -49.7223543,-26.7327495992406,0.0 -49.7223179,-26.7327366992406,0.0 -49.7222917,-26.7327241992406,0.0 -49.7222759,-26.7327109992406,0.0 -49.7222633,-26.7326949992406,0.0 -49.7222478,-26.7326657992406,0.0 -49.7222413,-26.7326463992406,0.0 -49.7222388,-26.7326114992406,0.0 -49.7222385,-26.7325846992406,0.0 -49.7222407,-26.7325637992406,0.0 -49.7222464,-26.7325381992406,0.0 -49.7222544,-26.7325011992406,0.0 -49.7222583,-26.7324637992406,0.0 -49.7222609,-26.7324286992406,0.0 -49.7222643,-26.7324098992406,0.0 -49.7222695,-26.7323758992406,0.0 -49.7222732,-26.7323470992406,0.0 -49.7222754,-26.7323215992406,0.0 -49.7222796,-26.7322889992406,0.0 -49.7222841,-26.7322587992406,0.0 -49.7222862,-26.7322311992406,0.0 -49.7222897,-26.7322035992406,0.0 -49.7222925,-26.7321788992406,0.0 -49.7222956,-26.7321551992406,0.0 -49.7222984,-26.7321332992406,0.0 -49.7223013,-26.7321096992406,0.0 -49.7223043,-26.7320860992406,0.0 -49.7223078,-26.7320614992406,0.0 -49.7223094,-26.7320424992406,0.0 -49.7223128,-26.7320193992406,0.0 -49.7223155,-26.7319901992406,0.0 -49.7223177,-26.7319718992406,0.0 -49.7223216,-26.7319481992406,0.0 -49.7223242,-26.7319226992406,0.0 -49.7223273,-26.7318944992406,0.0 -49.722331,-26.7318699992406,0.0 -49.7223342,-26.7318450992406,0.0 -49.7223365,-26.7318190992406,0.0 -49.7223399,-26.7317967992406,0.0 -49.7223442,-26.7317719992406,0.0 -49.7223464,-26.7317509992406,0.0 -49.7223503,-26.7317215992406,0.0 -49.7223538,-26.7316952992406,0.0 -49.7223569,-26.7316690992406,0.0 -49.7223612,-26.7316400992406,0.0 -49.722365,-26.7316153992406,0.0 -49.7223683,-26.7315915992407,0.0 -49.7223713,-26.7315665992407,0.0 -49.7223738,-26.7315438992406,0.0 -49.7223782,-26.7315175992407,0.0 -49.7223811,-26.7314913992406,0.0 -49.7223854,-26.7314645992406,0.0 -49.7223889,-26.7314337992407,0.0 -49.7223919,-26.7314127992407,0.0 -49.7223954,-26.7313922992406,0.0 -49.7223974,-26.7313713992407,0.0 -49.7224012,-26.7313462992407,0.0 -49.7224037,-26.7313213992407,0.0 -49.7224062,-26.7312955992406,0.0 -49.7224104,-26.7312697992407,0.0 -49.7224153,-26.7312457992407,0.0 -49.7224189,-26.7312231992407,0.0 -49.7224217,-26.7312014992407,0.0 -49.7224252,-26.7311803992407,0.0 -49.7224288,-26.7311575992407,0.0 -49.7224329,-26.7311327992406,0.0 -49.7224357,-26.7311099992407,0.0 -49.7224387,-26.7310912992407,0.0 -49.7224425,-26.7310677992407,0.0 -49.7224472,-26.7310469992407,0.0 -49.7224506,-26.7310217992407,0.0 -49.7224539,-26.7310031992407,0.0 -49.7224557,-26.7309826992407,0.0 -49.7224582,-26.7309662992407,0.0 -49.7224606,-26.7309513992407,0.0 -49.7224596,-26.7309362992407,0.0 -49.7224567,-26.7309213992407,0.0 -49.7224551,-26.7309064992407,0.0 -49.7224525,-26.7308868992407,0.0 -49.7224505,-26.7308685992407,0.0 -49.7224473,-26.7308462992407,0.0 -49.7224434,-26.7308261992407,0.0 -49.7224411,-26.7308076992407,0.0 -49.7224381,-26.7307847992407,0.0 -49.7224355,-26.7307614992407,0.0 -49.7224317,-26.7307416992407,0.0 -49.7224292,-26.7307236992407,0.0 -49.7224267,-26.7307042992407,0.0 -49.7224237,-26.7306791992407,0.0 -49.7224221,-26.7306603992407,0.0 -49.7224183,-26.7306380992407,0.0 -49.7224155,-26.7306178992407,0.0 -49.7224116,-26.7305927992407,0.0 -49.7224094,-26.7305714992407,0.0 -49.7224071,-26.7305534992407,0.0 -49.7224051,-26.7305304992407,0.0 -49.7224035,-26.7305144992407,0.0 -49.7224016,-26.7304953992407,0.0 -49.7223986,-26.7304698992407,0.0 -49.7223974,-26.7304499992407,0.0 -49.7223953,-26.7304297992407,0.0 -49.722393,-26.7304082992407,0.0 -49.7223911,-26.7303879992407,0.0 -49.7223894,-26.7303663992407,0.0 -49.7223871,-26.7303477992407,0.0 -49.7223844,-26.7303219992407,0.0 -49.7223828,-26.7303007992407,0.0 -49.7223817,-26.7302869992407,0.0 -49.7223782,-26.7302689992407,0.0 -49.7223728,-26.7302508992407,0.0 -49.7223646,-26.7302308992407,0.0 -49.7223558,-26.7302110992407,0.0 -49.7223489,-26.7301892992407,0.0 -49.7223423,-26.7301722992407,0.0 -49.7223331,-26.7301480992407,0.0 -49.7223251,-26.7301257992407,0.0 -49.7223173,-26.7301086992407,0.0 -49.722309,-26.7300861992407,0.0 -49.7223011,-26.7300610992407,0.0 -49.7222948,-26.7300463992407,0.0 -49.722286,-26.7300213992407,0.0 -49.7222799,-26.7300019992407,0.0 -49.7222723,-26.7299811992407,0.0 -49.7222652,-26.7299628992407,0.0 -49.7222581,-26.7299409992407,0.0 -49.7222494,-26.7299190992407,0.0 -49.7222455,-26.7299028992407,0.0 -49.7222386,-26.7298867992407,0.0 -49.7222324,-26.7298668992407,0.0 -49.7222254,-26.7298521992407,0.0 -49.7222184,-26.7298409992407,0.0 -49.7222106,-26.7298325992407,0.0 -49.7221985,-26.7298173992407,0.0 -49.7221879,-26.7298053992407,0.0 -49.7221746,-26.7297917992407,0.0 -49.7221607,-26.7297758992407,0.0 -49.7221484,-26.7297608992407,0.0 -49.7221403,-26.7297490992407,0.0 -49.722126,-26.7297331992407,0.0 -49.7221068,-26.7297131992407,0.0 -49.722091,-26.7296926992407,0.0 -49.7220749,-26.7296750992407,0.0 -49.7220599,-26.7296574992407,0.0 -49.7220501,-26.7296445992407,0.0 -49.7220359,-26.7296341992407,0.0 -49.72202,-26.7296215992407,0.0 -49.7220011,-26.7296072992407,0.0 -49.7219814,-26.7295935992407,0.0 -49.7219614,-26.7295785992407,0.0 -49.7219434,-26.7295645992407,0.0 -49.721922,-26.7295486992407,0.0 -49.7218993,-26.7295322992407,0.0 -49.721879,-26.7295173992407,0.0 -49.7218607,-26.7295054992407,0.0 -49.721832,-26.7294887992407,0.0 -49.7218109,-26.7294729992407,0.0 -49.7217952,-26.7294573992407,0.0 -49.7217821,-26.7294438992407,0.0 -49.7217634,-26.7294260992407,0.0 -49.721746,-26.7294081992407,0.0 -49.7217375,-26.7293978992407,0.0 -49.7217291,-26.7293847992407,0.0 -49.7217226,-26.7293713992407,0.0 -49.7217094,-26.7293477992407,0.0 -49.7216994,-26.7293256992407,0.0 -49.7216914,-26.7293099992407,0.0 -49.7216768,-26.7292871992407,0.0 -49.7216722,-26.7292784992407,0.0 -49.7216658,-26.7292569992407,0.0 -49.7216638,-26.7292410992407,0.0 -49.7216626,-26.7292158992407,0.0 -49.7216618,-26.7291975992407,0.0 -49.7216585,-26.7291824992407,0.0 -49.7216534,-26.7291635992407,0.0 -49.7216456,-26.7291421992407,0.0 -49.7216387,-26.7291223992407,0.0 -49.7216312,-26.7291018992407,0.0 -49.7216259,-26.7290876992407,0.0 -49.7216181,-26.7290729992407,0.0 -49.7216066,-26.7290571992407,0.0 -49.7215939,-26.7290399992407,0.0 -49.7215842,-26.7290313992407,0.0 -49.7215712,-26.7290251992407,0.0 -49.7215579,-26.7290198992407,0.0 -49.7215319,-26.7290103992407,0.0 -49.7215067,-26.7289984992407,0.0 -49.7214741,-26.7289854992407,0.0 -49.721443,-26.7289746992407,0.0 -49.7214106,-26.7289600992407,0.0 -49.7213904,-26.7289520992407,0.0 -49.7213565,-26.7289401992407,0.0 -49.7213334,-26.7289340992407,0.0 -49.7213089,-26.7289275992407,0.0 -49.7212827,-26.7289215992407,0.0 -49.721258,-26.7289151992407,0.0 -49.7212321,-26.7289086992407,0.0 -49.7212053,-26.7288998992407,0.0 -49.7211737,-26.7288909992407,0.0 -49.7211463,-26.7288838992407,0.0 -49.7211231,-26.7288763992407,0.0 -49.7210968,-26.7288692992407,0.0 -49.7210724,-26.7288619992407,0.0 -49.7210499,-26.7288552992407,0.0 -49.7210228,-26.7288463992407,0.0 -49.7209999,-26.7288376992407,0.0 -49.7209807,-26.7288288992407,0.0 -49.7209603,-26.7288194992407,0.0 -49.7209418,-26.7288110992407,0.0 -49.7209148,-26.7288006992407,0.0 -49.720899,-26.7287938992407,0.0 -49.7208761,-26.7287809992407,0.0 -49.7208604,-26.7287696992407,0.0 -49.7208415,-26.7287534992407,0.0 -49.7208242,-26.7287371992407,0.0 -49.7208091,-26.7287220992407,0.0 -49.7207948,-26.7286987992407,0.0 -49.7207781,-26.7286747992407,0.0 -49.7207693,-26.7286607992407,0.0 -49.7207613,-26.7286400992407,0.0 -49.720752,-26.7286153992407,0.0 -49.720744,-26.7285982992407,0.0 -49.720735,-26.7285720992407,0.0 -49.7207242,-26.7285481992407,0.0 -49.7207206,-26.7285319992407,0.0 -49.7207204,-26.7285206992407,0.0 -49.7207192,-26.7284930992407,0.0 -49.7207196,-26.7284654992407,0.0 -49.7207196,-26.7284329992407,0.0 -49.7207212,-26.7284011992407,0.0 -49.720725,-26.7283754992407,0.0 -49.7207274,-26.7283532992407,0.0 -49.7207324,-26.7283197992407,0.0 -49.7207377,-26.7282924992407,0.0 -49.7207403,-26.7282679992407,0.0 -49.7207433,-26.7282387992407,0.0 -49.7207454,-26.7282088992407,0.0 -49.7207477,-26.7281853992407,0.0 -49.7207485,-26.7281607992407,0.0 -49.7207482,-26.7281346992407,0.0 -49.7207481,-26.7281112992407,0.0 -49.7207451,-26.7280958992407,0.0 -49.7207406,-26.7280816992407,0.0 -49.7207324,-26.7280662992407,0.0 -49.7207238,-26.7280503992407,0.0 -49.7207147,-26.7280331992407,0.0 -49.7207067,-26.7280147992407,0.0 -49.720697,-26.7279919992407,0.0 -49.7206874,-26.7279733992407,0.0 -49.7206809,-26.7279586992407,0.0 -49.7206722,-26.7279419992407,0.0 -49.7206603,-26.7279205992407,0.0 -49.720654,-26.7279081992407,0.0 -49.7206463,-26.7278923992407,0.0 -49.7206353,-26.7278744992407,0.0 -49.7206229,-26.7278534992407,0.0 -49.7206125,-26.7278380992407,0.0 -49.7206034,-26.7278230992407,0.0 -49.7205923,-26.7278082992407,0.0 -49.720581,-26.7277958992407,0.0 -49.7205664,-26.7277800992407,0.0 -49.7205481,-26.7277592992407,0.0 -49.7205333,-26.7277408992407,0.0 -49.7205183,-26.7277229992407,0.0 -49.7205076,-26.7277098992407,0.0 -49.7204956,-26.7276951992407,0.0 -49.7204809,-26.7276798992407,0.0 -49.7204665,-26.7276650992407,0.0 -49.7204502,-26.7276547992407,0.0 -49.7204337,-26.7276413992407,0.0 -49.7204163,-26.7276294992407,0.0 -49.7203998,-26.7276146992407,0.0 -49.7203912,-26.7276040992407,0.0 -49.7203821,-26.7275898992407,0.0 -49.7203725,-26.7275776992407,0.0 -49.720364,-26.7275616992407,0.0 -49.720353,-26.7275467992407,0.0 -49.7203428,-26.7275322992407,0.0 -49.7203347,-26.7275199992407,0.0 -49.7203286,-26.7275077992407,0.0 -49.7203209,-26.7274926992407,0.0 -49.7203153,-26.7274767992407,0.0 -49.7203107,-26.7274624992407,0.0 -49.7203067,-26.7274491992407,0.0 -49.7203026,-26.7274348992407,0.0 -49.7202965,-26.7274260992407,0.0 -49.7202878,-26.7274188992407,0.0 -49.7202765,-26.7274093992407,0.0 -49.7202661,-26.7273997992407,0.0 -49.7202562,-26.7273889992407,0.0 -49.7202471,-26.7273774992407,0.0 -49.7202363,-26.7273632992407,0.0 -49.7202293,-26.7273536992407,0.0 -49.7202188,-26.7273469992407,0.0 -49.7201972,-26.7273327992407,0.0 -49.7201814,-26.7273227992407,0.0 -49.7201655,-26.7273126992407,0.0 -49.7201552,-26.7273039992407,0.0 -49.7201426,-26.7272952992407,0.0 -49.72013,-26.7272847992407,0.0 -49.7201151,-26.7272712992407,0.0 -49.7200956,-26.7272561992407,0.0 -49.720081,-26.7272452992407,0.0 -49.7200638,-26.7272327992407,0.0 -49.7200468,-26.7272183992407,0.0 -49.7200354,-26.7272088992407,0.0 -49.7200211,-26.7271981992407,0.0 -49.7200047,-26.7271851992407,0.0 -49.7199915,-26.7271754992407,0.0 -49.7199767,-26.7271630992407,0.0 -49.7199664,-26.7271546992407,0.0 -49.7199502,-26.7271415992407,0.0 -49.7199377,-26.7271307992407,0.0 -49.7199191,-26.7271166992407,0.0 -49.7198972,-26.7271004992407,0.0 -49.7198809,-26.7270862992407,0.0 -49.7198667,-26.7270752992407,0.0 -49.719853,-26.7270593992407,0.0 -49.7198341,-26.7270305992407,0.0 -49.7198241,-26.7270157992407,0.0 -49.7198152,-26.7269969992407,0.0 -49.7198068,-26.7269783992407,0.0 -49.7197998,-26.7269557992407,0.0 -49.719793,-26.7269356992407,0.0 -49.719785,-26.7269161992407,0.0 -49.7197803,-26.7269056992407,0.0 -49.7197705,-26.7268881992407,0.0 -49.7197597,-26.7268708992407,0.0 -49.719748,-26.7268491992407,0.0 -49.7197368,-26.7268291992407,0.0 -49.7197269,-26.7268072992407,0.0 -49.7197194,-26.7267917992407,0.0 -49.7197107,-26.7267728992407,0.0 -49.7197023,-26.7267585992407,0.0 -49.7196954,-26.7267459992407,0.0 -49.7196892,-26.7267351992407,0.0 -49.7196784,-26.7267207992407,0.0 -49.7196668,-26.7267059992407,0.0 -49.719658,-26.7266932992407,0.0 -49.7196493,-26.7266809992408,0.0 -49.7196411,-26.7266707992407,0.0 -49.7196306,-26.7266569992407,0.0 -49.7196202,-26.7266428992407,0.0 -49.7196131,-26.7266310992407,0.0 -49.7196028,-26.7266167992407,0.0 -49.7195926,-26.7266031992407,0.0 -49.7195845,-26.7265890992408,0.0 -49.7195773,-26.7265777992407,0.0 -49.7195648,-26.7265600992407,0.0 -49.7195516,-26.7265403992407,0.0 -49.7195444,-26.7265280992407,0.0 -49.719534,-26.7265132992407,0.0 -49.7195261,-26.7265024992407,0.0 -49.719516,-26.7264881992407,0.0 -49.7195044,-26.7264721992407,0.0 -49.7194946,-26.7264582992407,0.0 -49.7194863,-26.7264428992407,0.0 -49.7194793,-26.7264311992407,0.0 -49.719472,-26.7264161992407,0.0 -49.7194656,-26.7264036992408,0.0 -49.7194601,-26.7263910992408,0.0 -49.7194518,-26.7263741992408,0.0 -49.7194434,-26.7263563992408,0.0 -49.7194337,-26.7263402992407,0.0 -49.7194267,-26.7263219992407,0.0 -49.7194212,-26.7263072992407,0.0 -49.7194173,-26.7262921992408,0.0 -49.7194132,-26.7262735992408,0.0 -49.7194088,-26.7262511992408,0.0 -49.7194046,-26.7262320992407,0.0 -49.7194029,-26.7262146992407,0.0 -49.7194036,-26.7262011992408,0.0 -49.7194043,-26.7261763992408,0.0 -49.7194036,-26.7261598992408,0.0 -49.7194083,-26.7261469992408,0.0 -49.7194177,-26.7261314992408,0.0 -49.7194272,-26.7261166992408,0.0 -49.7194362,-26.7261037992408,0.0 -49.7194492,-26.7260852992408,0.0 -49.7194646,-26.7260624992408,0.0 -49.719475,-26.7260484992408,0.0 -49.7194926,-26.7260294992408,0.0 -49.7195106,-26.7260072992408,0.0 -49.7195263,-26.7259885992408,0.0 -49.7195432,-26.7259708992407,0.0 -49.7195544,-26.7259567992408,0.0 -49.7195678,-26.7259465992408,0.0 -49.7195862,-26.7259323992408,0.0 -49.7196035,-26.7259207992408,0.0 -49.7196224,-26.7259001992408,0.0 -49.7196395,-26.7258817992408,0.0 -49.7196558,-26.7258664992408,0.0 -49.7196706,-26.7258494992408,0.0 -49.7196822,-26.7258337992408,0.0 -49.7196916,-26.7258169992408,0.0 -49.7197018,-26.7257995992408,0.0 -49.71971,-26.7257846992408,0.0 -49.7197207,-26.7257667992408,0.0 -49.7197305,-26.7257509992408,0.0 -49.71974,-26.7257350992408,0.0 -49.7197438,-26.7257219992408,0.0 -49.7197457,-26.7257086992408,0.0 -49.7197476,-26.7256913992408,0.0 -49.7197483,-26.7256793992408,0.0 -49.7197502,-26.7256610992408,0.0 -49.7197538,-26.7256388992408,0.0 -49.7197561,-26.7256270992408,0.0 -49.719761,-26.7256167992408,0.0 -49.7197733,-26.7255964992408,0.0 -49.7197841,-26.7255807992408,0.0 -49.7197948,-26.7255660992408,0.0 -49.719805,-26.7255500992408,0.0 -49.7198151,-26.7255314992408,0.0 -49.7198213,-26.7255235992408,0.0 -49.7198354,-26.7255133992408,0.0 -49.7198537,-26.7255023992408,0.0 -49.7198755,-26.7254913992408,0.0 -49.7198991,-26.7254803992408,0.0 -49.7199205,-26.7254681992408,0.0 -49.7199443,-26.7254543992408,0.0 -49.7199638,-26.7254444992408,0.0 -49.7199832,-26.7254314992408,0.0 -49.7199954,-26.7254223992408,0.0 -49.7200084,-26.7254102992408,0.0 -49.720021,-26.7253957992408,0.0 -49.7200317,-26.7253826992408,0.0 -49.7200346,-26.7253740992408,0.0 -49.7200417,-26.7253571992408,0.0 -49.7200489,-26.7253359992408,0.0 -49.7200553,-26.7253174992408,0.0 -49.7200621,-26.7252970992408,0.0 -49.7200658,-26.7252806992408,0.0 -49.7200677,-26.7252623992408,0.0 -49.7200691,-26.7252430992408,0.0 -49.72007,-26.7252301992408,0.0 -49.7200689,-26.7252160992408,0.0 -49.7200672,-26.7252075992408,0.0 -49.7200601,-26.7251958992408,0.0 -49.7200536,-26.7251816992408,0.0 -49.7200481,-26.7251687992408,0.0 -49.7200413,-26.7251548992408,0.0 -49.7200356,-26.7251434992408,0.0 -49.7200298,-26.7251325992408,0.0 -49.7200233,-26.7251240992408,0.0 -49.7200109,-26.7251054992408,0.0 -49.7200011,-26.7250882992408,0.0 -49.7199921,-26.7250717992408,0.0 -49.7199841,-26.7250603992408,0.0 -49.7199747,-26.7250471992408,0.0 -49.7199671,-26.7250360992408,0.0 -49.7199581,-26.7250252992408,0.0 -49.7199526,-26.7250180992408,0.0 -49.7199452,-26.7250067992408,0.0 -49.7199372,-26.7249948992408,0.0 -49.7199279,-26.7249824992408,0.0 -49.7199193,-26.7249712992408,0.0 -49.7199127,-26.7249607992408,0.0 -49.7199045,-26.7249497992408,0.0 -49.7198985,-26.7249413992408,0.0 -49.7198907,-26.7249310992408,0.0 -49.7198812,-26.7249189992408,0.0 -49.7198716,-26.7249072992408,0.0 -49.7198624,-26.7248948992408,0.0 -49.7198513,-26.7248820992408,0.0 -49.7198428,-26.7248682992408,0.0 -49.7198348,-26.7248561992408,0.0 -49.7198274,-26.7248418992408,0.0 -49.719818,-26.7248254992408,0.0 -49.7198088,-26.7248076992408,0.0 -49.719798,-26.7247881992408,0.0 -49.7197941,-26.7247782992408,0.0 -49.7197931,-26.7247664992408,0.0 -49.7197934,-26.7247567992408,0.0 -49.7197927,-26.7247279992408,0.0 -49.7197925,-26.7247042992408,0.0 -49.7197928,-26.7246828992408,0.0 -49.7197948,-26.7246705992408,0.0 -49.719799,-26.7246525992408,0.0 -49.7198046,-26.7246292992408,0.0 -49.719808,-26.7246123992408,0.0 -49.7198132,-26.7245956992408,0.0 -49.7198182,-26.7245816992408,0.0 -49.7198235,-26.7245630992408,0.0 -49.7198288,-26.7245466992408,0.0 -49.7198369,-26.7245293992408,0.0 -49.7198429,-26.7245131992408,0.0 -49.7198462,-26.7244987992408,0.0 -49.7198484,-26.7244828992408,0.0 -49.719851,-26.7244629992408,0.0 -49.7198541,-26.7244476992408,0.0 -49.7198558,-26.7244317992408,0.0 -49.7198593,-26.7244117992408,0.0 -49.7198635,-26.7243933992408,0.0 -49.7198655,-26.7243770992408,0.0 -49.7198688,-26.7243523992408,0.0 -49.719869,-26.7243334992408,0.0 -49.7198704,-26.7243124992408,0.0 -49.7198719,-26.7242950992408,0.0 -49.7198732,-26.7242689992408,0.0 -49.7198749,-26.7242451992408,0.0 -49.7198756,-26.7242282992408,0.0 -49.7198776,-26.7242047992408,0.0 -49.7198792,-26.7241807992408,0.0 -49.7198791,-26.7241637992408,0.0 -49.7198786,-26.7241436992408,0.0 -49.7198785,-26.7241288992408,0.0 -49.7198781,-26.7241101992408,0.0 -49.7198772,-26.7240960992408,0.0 -49.7198718,-26.7240867992408,0.0 -49.7198653,-26.7240773992408,0.0 -49.7198592,-26.7240674992408,0.0 -49.7198495,-26.7240528992408,0.0 -49.7198402,-26.7240408992408,0.0 -49.7198263,-26.7240208992408,0.0 -49.7198174,-26.7240077992408,0.0 -49.7198081,-26.7239989992408,0.0 -49.7197975,-26.7239896992408,0.0 -49.7197838,-26.7239780992408,0.0 -49.7197723,-26.7239678992408,0.0 -49.7197586,-26.7239551992408,0.0 -49.7197495,-26.7239477992408,0.0 -49.7197392,-26.7239373992408,0.0 -49.7197322,-26.7239309992408,0.0 -49.7197205,-26.7239201992408,0.0 -49.7197102,-26.7239117992408,0.0 -49.7196976,-26.7239011992408,0.0 -49.7196901,-26.7238933992408,0.0 -49.719679,-26.7238828992408,0.0 -49.7196654,-26.7238701992408,0.0 -49.7196575,-26.7238600992408,0.0 -49.7196487,-26.7238502992408,0.0 -49.7196395,-26.7238392992408,0.0 -49.7196302,-26.7238255992408,0.0 -49.7196203,-26.7238110992408,0.0 -49.7196119,-26.7238010992408,0.0 -49.7196004,-26.7237906992408,0.0 -49.7195871,-26.7237813992408,0.0 -49.7195756,-26.7237710992408,0.0 -49.7195629,-26.7237610992408,0.0 -49.7195528,-26.7237536992408,0.0 -49.7195413,-26.7237440992408,0.0 -49.7195258,-26.7237305992408,0.0 -49.7195083,-26.7237168992408,0.0 -49.7194952,-26.7237070992408,0.0 -49.7194806,-26.7236955992408,0.0 -49.719471,-26.7236861992408,0.0 -49.7194587,-26.7236708992408,0.0 -49.7194467,-26.7236561992408,0.0 -49.7194392,-26.7236458992408,0.0 -49.7194263,-26.7236284992408,0.0 -49.7194171,-26.7236185992408,0.0 -49.7194103,-26.7236028992408,0.0 -49.7194037,-26.7235866992408,0.0 -49.7193991,-26.7235758992408,0.0 -49.7193908,-26.7235577992408,0.0 -49.719389,-26.7235456992408,0.0 -49.7193886,-26.7235282992408,0.0 -49.7193877,-26.7235073992408,0.0 -49.719387,-26.7234911992408,0.0 -49.7193848,-26.7234712992408,0.0 -49.7193865,-26.7234544992408,0.0 -49.719388,-26.7234397992408,0.0 -49.719389,-26.7234321992408,0.0 -49.7193925,-26.7234052992408,0.0 -49.7193938,-26.7233962992408,0.0 -49.7193951,-26.7233872992408,0.0 -49.7193973,-26.7233675992408,0.0 -49.7194001,-26.7233451992408,0.0 -49.7194022,-26.7233286992408,0.0 -49.7194033,-26.7233182992408,0.0 -49.719406,-26.7232906992408,0.0 -49.7194081,-26.7232719992408,0.0 -49.7194102,-26.7232570992408,0.0 -49.719413,-26.7232505992408,0.0 -49.719417,-26.7232402992408,0.0 -49.7194271,-26.7232222992408,0.0 -49.7194361,-26.7232055992408,0.0 -49.7194444,-26.7231889992408,0.0 -49.7194512,-26.7231734992408,0.0 -49.7194569,-26.7231563992408,0.0 -49.7194623,-26.7231399992408,0.0 -49.7194682,-26.7231185992408,0.0 -49.719474,-26.7231027992408,0.0 -49.7194796,-26.7230869992408,0.0 -49.7194848,-26.7230674992408,0.0 -49.7194863,-26.7230550992408,0.0 -49.7194868,-26.7230377992408,0.0 -49.719487,-26.7230184992408,0.0 -49.7194865,-26.7229992992408,0.0 -49.7194851,-26.7229811992408,0.0 -49.7194831,-26.7229685992408,0.0 -49.7194806,-26.7229588992408,0.0 -49.7194752,-26.7229356992408,0.0 -49.7194712,-26.7229215992408,0.0 -49.7194684,-26.7229099992408,0.0 -49.7194618,-26.7228991992408,0.0 -49.7194523,-26.7228835992408,0.0 -49.7194446,-26.7228698992408,0.0 -49.7194386,-26.7228566992408,0.0 -49.7194375,-26.7228381992408,0.0 -49.7194358,-26.7228207992408,0.0 -49.7194334,-26.7228062992408,0.0 -49.7194322,-26.7227900992408,0.0 -49.7194289,-26.7227749992408,0.0 -49.7194243,-26.7227606992408,0.0 -49.7194194,-26.7227427992408,0.0 -49.7194161,-26.7227264992408,0.0 -49.7194119,-26.7227095992408,0.0 -49.7194078,-26.7226952992408,0.0 -49.7194024,-26.7226800992408,0.0 -49.7193977,-26.7226662992408,0.0 -49.7193876,-26.7226488992408,0.0 -49.7193811,-26.7226384992408,0.0 -49.7193719,-26.7226238992408,0.0 -49.7193633,-26.7226092992408,0.0 -49.7193551,-26.7226005992408,0.0 -49.7193445,-26.7225920992408,0.0 -49.719332,-26.7225830992408,0.0 -49.7193175,-26.7225748992408,0.0 -49.7192982,-26.7225593992408,0.0 -49.7192802,-26.7225519992408,0.0 -49.7192633,-26.7225476992408,0.0 -49.7192458,-26.7225431992408,0.0 -49.7192179,-26.7225386992408,0.0 -49.7191971,-26.7225345992408,0.0 -49.7191684,-26.7225284992408,0.0 -49.7191416,-26.7225270992408,0.0 -49.7191162,-26.7225268992408,0.0 -49.7190829,-26.7225270992408,0.0 -49.7190546,-26.7225264992408,0.0 -49.7190224,-26.7225255992408,0.0 -49.7189981,-26.7225257992408,0.0 -49.7189718,-26.7225286992408,0.0 -49.718939,-26.7225312992408,0.0 -49.7189136,-26.7225341992408,0.0 -49.7188951,-26.7225359992408,0.0 -49.7188669,-26.7225389992408,0.0 -49.7188436,-26.7225409992408,0.0 -49.7188258,-26.7225422992408,0.0 -49.7188091,-26.7225448992408,0.0 -49.7187833,-26.7225493992408,0.0 -49.7187464,-26.7225558992408,0.0 -49.7187074,-26.7225633992408,0.0 -49.7186726,-26.7225685992408,0.0 -49.7186451,-26.7225745992408,0.0 -49.7186168,-26.7225800992408,0.0 -49.7185845,-26.7225861992408,0.0 -49.7185584,-26.7225922992408,0.0 -49.7185327,-26.7225969992408,0.0 -49.7185016,-26.7226054992408,0.0 -49.718477,-26.7226103992408,0.0 -49.718453,-26.7226166992408,0.0 -49.7184337,-26.7226210992408,0.0 -49.7184066,-26.7226268992408,0.0 -49.7183888,-26.7226330992408,0.0 -49.7183652,-26.7226430992408,0.0 -49.7183453,-26.7226513992408,0.0 -49.7183209,-26.7226608992408,0.0 -49.7183007,-26.7226714992408,0.0 -49.7182776,-26.7226812992408,0.0 -49.7182602,-26.7226881992408,0.0 -49.7182288,-26.7226958992408,0.0 -49.7181939,-26.7227057992408,0.0 -49.718173,-26.7227114992408,0.0 -49.7181554,-26.7227163992408,0.0 -49.7181413,-26.7227161992408,0.0 -49.7181221,-26.7227140992408,0.0 -49.7181022,-26.7227111992408,0.0 -49.7180753,-26.7227082992408,0.0 -49.718056,-26.7227056992408,0.0 -49.7180367,-26.7227035992408,0.0 -49.7180147,-26.7226987992408,0.0 -49.7179988,-26.7226893992408,0.0 -49.7179767,-26.7226712992408,0.0 -49.7179626,-26.7226566992408,0.0 -49.7179499,-26.7226420992408,0.0 -49.7179389,-26.7226328992408,0.0 -49.717919,-26.7226171992408,0.0 -49.717899,-26.7226051992408,0.0 -49.717886,-26.7225960992408,0.0 -49.7178695,-26.7225840992408,0.0 -49.7178549,-26.7225764992408,0.0 -49.7178443,-26.7225729992408,0.0 -49.7178153,-26.7225675992408,0.0 -49.7177975,-26.7225629992408,0.0 -49.7177765,-26.7225554992408,0.0 -49.7177502,-26.7225443992408,0.0 -49.7177234,-26.7225345992408,0.0 -49.7176991,-26.7225216992408,0.0 -49.7176761,-26.7225114992408,0.0 -49.7176649,-26.7224993992408,0.0 -49.7176554,-26.7224886992408,0.0 -49.7176426,-26.7224693992408,0.0 -49.7176341,-26.7224524992408,0.0 -49.7176306,-26.7224387992408,0.0 -49.7176305,-26.7224295992408,0.0 -49.7176301,-26.7223489992408,0.0 -49.7176318,-26.7223069992408,0.0 -49.7176069,-26.7222206992408,0.0 -49.7175851,-26.7221563992408,0.0 -49.7175587,-26.7220864992408,0.0 -49.7175517,-26.7220165992408,0.0 -49.7175577,-26.7219232992408,0.0 -49.7175702,-26.7218590992408,0.0 -49.7175925,-26.7217802992408,0.0 -49.7175919,-26.7216898992408,0.0 -49.7175656,-26.7216317992408,0.0 -49.7175394,-26.7215881992408,0.0 -49.7175031,-26.7214950992409,0.0 -49.7174928,-26.7214017992408,0.0 -49.717492,-26.7212822992409,0.0 -49.7174981,-26.7212064992409,0.0 -49.7175072,-26.7211131992409,0.0 -49.7172798,-26.7210792992409,0.0 -49.7171791,-26.7210739992409,0.0 -49.7171435,-26.7210799992409,0.0 -49.7170398,-26.7211183992409,0.0 -49.7169848,-26.7211448992408,0.0 -49.7169233,-26.7211801992409,0.0 -49.716745,-26.7212160992409,0.0 -49.7166347,-26.7212165992409,0.0 -49.7165617,-26.7212300992409,0.0 -49.7164888,-26.7212435992409,0.0 -49.7164045,-26.7212614992409,0.0 -49.7161613,-26.7213034992409,0.0 -49.7161243,-26.7213348992409,0.0 -49.7160711,-26.7213808992408,0.0 -49.7160491,-26.7214231992408,0.0 -49.7160151,-26.7214789992409,0.0 -49.7159759,-26.7215259992408,0.0 -49.7159302,-26.7215709992408,0.0 -49.7158869,-26.7215937992408,0.0 -49.7158124,-26.7216134992408,0.0 -49.7157391,-26.7216253992408,0.0 -49.7156917,-26.7216239992408,0.0 -49.7156401,-26.7216186992408,0.0 -49.7155854,-26.7216008992408,0.0 -49.7155084,-26.7215547992408,0.0 -49.7154797,-26.7215196992409,0.0 -49.7154512,-26.7214710992408,0.0 -49.7154366,-26.7214303992408,0.0 -49.7154393,-26.7213791992408,0.0 -49.715456,-26.7213261992409,0.0 -49.7154868,-26.7212665992408,0.0 -49.7155272,-26.7212107992409,0.0 -49.7155577,-26.7211404992408,0.0 -49.7155673,-26.7210949992408,0.0 -49.7155659,-26.7210598992409,0.0 -49.7155491,-26.7210141992409,0.0 -49.7155343,-26.7209610992408,0.0 -49.7155156,-26.7209249992409,0.0 -49.715488,-26.7208750992409,0.0 -49.7154414,-26.7208225992409,0.0 -49.7154091,-26.7207928992409,0.0 -49.7153542,-26.7207524992409,0.0 -49.7153325,-26.7207400992409,0.0 -49.7152702,-26.7207150992409,0.0 -49.7151996,-26.7206949992409,0.0 -49.715158,-26.7206884992409,0.0 -49.7151163,-26.7206819992409,0.0 -49.7150267,-26.7206624992409,0.0 -49.7149019,-26.7206198992409,0.0 -49.7148044,-26.7205749992409,0.0 -49.7147186,-26.7205383992409,0.0 -49.7145692,-26.7205109992409,0.0 -49.7145113,-26.7204958992409,0.0 -49.7144454,-26.7204691992409,0.0 -49.7143876,-26.7204425992409,0.0 -49.7143373,-26.7203997992409,0.0 -49.7142946,-26.7203465992409,0.0 -49.7142751,-26.7203133992409,0.0 -49.7142555,-26.7202801992409,0.0 -49.7141889,-26.7202108992409,0.0 -49.7141249,-26.7201855992409,0.0 -49.7139725,-26.7201154992409,0.0 -49.7139034,-26.7200957992409,0.0 -49.7137381,-26.7200478992409,0.0 -49.7135438,-26.7200055992409,0.0 -49.7134482,-26.7199844992409,0.0 -49.7133526,-26.7199633992409,0.0 -49.7131787,-26.7199241992409,0.0 -49.7130048,-26.7198848992409,0.0 -49.7128437,-26.7198506992409,0.0 -49.7126458,-26.7198372992409,0.0 -49.7124578,-26.7198085992409,0.0 -49.7122871,-26.7197635992409,0.0 -49.7121465,-26.7197324992409,0.0 -49.7116123,-26.7195672992409,0.0 -49.7115232,-26.7195433992409,0.0 -49.7114342,-26.7195193992409,0.0 -49.7113107,-26.7194873992409,0.0 -49.7111989,-26.7194795992409,0.0 -49.7111329,-26.7195070992409,0.0 -49.7110493,-26.7195739992409,0.0 -49.7109932,-26.7196836992409,0.0 -49.7109524,-26.7197750992409,0.0 -49.7108829,-26.7198363992409,0.0 -49.7107997,-26.7198694992409,0.0 -49.7106134,-26.7198784992409,0.0 -49.7103788,-26.7198696992409,0.0 -49.7102249,-26.7198740992409,0.0 -49.7100956,-26.7198825992409,0.0 -49.7099632,-26.7198824992409,0.0 -49.7098569,-26.7198669992409,0.0 -49.709797,-26.7198316992409,0.0 -49.7097557,-26.7197675992409,0.0 -49.7097221,-26.7196879992409,0.0 -49.7096878,-26.7195735992409,0.0 -49.709674,-26.7194632992409,0.0 -49.7096749,-26.7193743992409,0.0 -49.7096791,-26.7192845992409,0.0 -49.7096914,-26.7191464992409,0.0 -49.709714,-26.7190480992409,0.0 -49.7097339,-26.7188974992409,0.0 -49.7097744,-26.7187441992409,0.0 -49.7099102,-26.7182311992409,0.0 -49.709904,-26.7181063992409,0.0 -49.7098952,-26.7180241992409,0.0 -49.7098486,-26.7179502992409,0.0 -49.7097814,-26.7178994992409,0.0 -49.7096796,-26.7178560992409,0.0 -49.7095843,-26.7178155992409,0.0 -49.709394,-26.7177984992409,0.0 -49.7092359,-26.7177844992409,0.0 -49.7090779,-26.7177705992409,0.0 -49.7089074,-26.7177129992409,0.0 -49.7087459,-26.7176187992409,0.0 -49.7086508,-26.7175560992409,0.0 -49.7085708,-26.7174896992409,0.0 -49.7085028,-26.7174097992409,0.0 -49.7084645,-26.7173601992409,0.0 -49.708344,-26.7172634992409,0.0 -49.7081983,-26.7171983992409,0.0 -49.7080802,-26.7171770992409,0.0 -49.707964,-26.7171701992409,0.0 -49.7078834,-26.7171627992409,0.0 -49.7077704,-26.7171607992409,0.0 -49.7076575,-26.7171510992409,0.0 -49.7075671,-26.7171444992409,0.0 -49.7074257,-26.7170910992409,0.0 -49.7072669,-26.7170109992409,0.0 -49.7072342,-26.7169899992409,0.0 -49.7072015,-26.7169689992409,0.0 -49.7071389,-26.7168850992409,0.0 -49.7071252,-26.7167628992409,0.0 -49.7071427,-26.7165674992409,0.0 -49.7071934,-26.7163722992409,0.0 -49.7071753,-26.716199599241,0.0 -49.7071182,-26.7160940992409,0.0 -49.7070592,-26.716031999241,0.0 -49.7070001,-26.715969799241,0.0 -49.7068879,-26.715866399241,0.0 -49.7066911,-26.715696399241,0.0 -49.7065449,-26.715545899241,0.0 -49.7064122,-26.715393899241,0.0 -49.7063767,-26.715327799241,0.0 -49.7063412,-26.715261599241,0.0 -49.70633,-26.715200199241,0.0 -49.7063189,-26.715138799241,0.0 -49.7063211,-26.714952599241,0.0 -49.7062595,-26.714746599241,0.0 -49.7061929,-26.714614399241,0.0 -49.7060588,-26.714376199241,0.0 -49.7058798,-26.714148699241,0.0 -49.7057293,-26.714054199241,0.0 -49.7054845,-26.713918899241,0.0 -49.7053287,-26.713788099241,0.0 -49.705241,-26.713621399241,0.0 -49.7052333,-26.713466899241,0.0 -49.7052362,-26.713386899241,0.0 -49.7052391,-26.713306899241,0.0 -49.7052513,-26.713153099241,0.0 -49.7052208,-26.712949899241,0.0 -49.7051232,-26.712628599241,0.0 -49.7050155,-26.712369199241,0.0 -49.7049078,-26.712109699241,0.0 -49.7047027,-26.711599199241,0.0 -49.7046734,-26.711422099241,0.0 -49.7046792,-26.711264099241,0.0 -49.7047031,-26.7110344992411,0.0 -49.7047542,-26.7106714992411,0.0 -49.7047724,-26.7103016992411,0.0 -49.7047163,-26.7100852992411,0.0 -49.704692,-26.7100218992411,0.0 -49.7046038,-26.7098669992411,0.0 -49.704472,-26.7096300992411,0.0 -49.7044374,-26.7095428992411,0.0 -49.7044029,-26.7094557992411,0.0 -49.7043661,-26.7093312992411,0.0 -49.7043631,-26.7091073992411,0.0 -49.7043639,-26.7089866992411,0.0 -49.7043568,-26.7087912992411,0.0 -49.7043412,-26.7086338992411,0.0 -49.7042858,-26.7083359992411,0.0 -49.7042806,-26.7083090992411,0.0 -49.7042658,-26.7082477992411,0.0 -49.704247,-26.7081971992411,0.0 -49.7042203,-26.7081518992411,0.0 -49.7041816,-26.7081061992411,0.0 -49.7041269,-26.7080544992411,0.0 -49.7040522,-26.7079912992411,0.0 -49.7039535,-26.7079108992411,0.0 -49.7039382,-26.7078978992411,0.0 -49.7039254,-26.7078855992411,0.0 -49.7039146,-26.7078738992411,0.0 -49.7039057,-26.7078627992411,0.0 -49.7038983,-26.7078522992411,0.0 -49.7038921,-26.7078421992411,0.0 -49.703887,-26.7078324992411,0.0 -49.7038785,-26.7078139992411,0.0 -49.7038689,-26.7077877992411,0.0 -49.7038628,-26.7077612992411,0.0 -49.7038597,-26.7077327992411,0.0 -49.7038573,-26.7076762992411,0.0 -49.7038554,-26.7076607992411,0.0 -49.7038522,-26.7076467992411,0.0 -49.703847,-26.7076333992411,0.0 -49.7038393,-26.7076196992411,0.0 -49.7038278,-26.7076041992411,0.0 -49.7038193,-26.7075949992411,0.0 -49.7038081,-26.7075841992411,0.0 -49.7037937,-26.7075714992411,0.0 -49.7037753,-26.7075563992411,0.0 -49.7037242,-26.7075174992411,0.0 -49.7036527,-26.7074660992411,0.0 -49.7034183,-26.7073021992411,0.0 -49.7033707,-26.7072675992411,0.0 -49.7033417,-26.7072446992411,0.0 -49.7033321,-26.7072361992411,0.0 -49.703319,-26.7072219992411,0.0 -49.7033037,-26.7072000992411,0.0 -49.7032933,-26.7071820992411,0.0 -49.7032881,-26.7071717992411,0.0 -49.7032777,-26.7071480992411,0.0 -49.7032675,-26.7071195992411,0.0 -49.7032577,-26.7070853992411,0.0 -49.7032486,-26.7070438992411,0.0 -49.7032406,-26.7069938992411,0.0 -49.703237,-26.7069652992411,0.0 -49.7032235,-26.7068627992411,0.0 -49.7032108,-26.7067823992411,0.0 -49.7031871,-26.7066481992411,0.0 -49.7031685,-26.7065529992411,0.0 -49.703139,-26.7064136992411,0.0 -49.7031199,-26.7063314992411,0.0 -49.7031027,-26.7062642992411,0.0 -49.7030947,-26.7062367992411,0.0 -49.7030868,-26.7062124992411,0.0 -49.7030788,-26.7061908992411,0.0 -49.7030704,-26.7061711992411,0.0 -49.7030613,-26.7061527992412,0.0 -49.7030512,-26.7061349992411,0.0 -49.70304,-26.7061172992411,0.0 -49.7030273,-26.7060989992411,0.0 -49.7030127,-26.7060798992411,0.0 -49.7029956,-26.7060598992412,0.0 -49.7029756,-26.7060386992411,0.0 -49.7029522,-26.7060161992411,0.0 -49.7029249,-26.7059921992411,0.0 -49.7028932,-26.7059665992412,0.0 -49.7028565,-26.7059391992411,0.0 -49.7027762,-26.7058800992412,0.0 -49.7026964,-26.7058199992412,0.0 -49.7026239,-26.7057642992412,0.0 -49.7025429,-26.7057004992411,0.0 -49.7025102,-26.7056732992412,0.0 -49.7024983,-26.7056623992411,0.0 -49.7024793,-26.7056425992412,0.0 -49.7024612,-26.7056204992412,0.0 -49.7024243,-26.7055713992411,0.0 -49.7023894,-26.7055227992412,0.0 -49.7023441,-26.7054575992412,0.0 -49.7022865,-26.7053725992412,0.0 -49.7021854,-26.7052191992412,0.0 -49.7021201,-26.7051160992412,0.0 -49.7020911,-26.7050684992412,0.0 -49.7020659,-26.7050254992412,0.0 -49.7020453,-26.7049880992412,0.0 -49.7020289,-26.7049558992412,0.0 -49.7020158,-26.7049280992412,0.0 -49.7020055,-26.7049037992412,0.0 -49.7019972,-26.7048822992412,0.0 -49.701977,-26.7048258992412,0.0 -49.7019696,-26.7048072992412,0.0 -49.7019528,-26.7047692992412,0.0 -49.7019342,-26.7047315992412,0.0 -49.701915,-26.7046956992412,0.0 -49.7018963,-26.7046631992412,0.0 -49.7018784,-26.7046342992412,0.0 -49.7018522,-26.7045949992412,0.0 -49.701815,-26.7045429992412,0.0 -49.7017751,-26.7044911992412,0.0 -49.7017094,-26.7044113992412,0.0 -49.7016111,-26.7042964992412,0.0 -49.7015041,-26.7041737992412,0.0 -49.7014198,-26.7040790992412,0.0 -49.7014001,-26.7040577992412,0.0 -49.7013706,-26.7040269992412,0.0 -49.7013495,-26.7040071992412,0.0 -49.7013313,-26.7039920992412,0.0 -49.7013128,-26.7039786992412,0.0 -49.7012944,-26.7039679992412,0.0 -49.7012764,-26.7039594992412,0.0 -49.7012592,-26.7039528992412,0.0 -49.7012416,-26.7039481992412,0.0 -49.701231,-26.7039468992412,0.0 -49.7012178,-26.7039464992412,0.0 -49.7012011,-26.7039470992412,0.0 -49.7011801,-26.7039490992412,0.0 -49.7011539,-26.7039523992412,0.0 -49.7010822,-26.7039639992412,0.0 -49.7009893,-26.7039808992412,0.0 -49.7007164,-26.7040333992412,0.0 -49.7006621,-26.7040430992412,0.0 -49.700624,-26.7040482992412,0.0 -49.7006089,-26.7040494992412,0.0 -49.7005954,-26.7040497992412,0.0 -49.7005826,-26.7040493992412,0.0 -49.7005593,-26.7040468992412,0.0 -49.700549,-26.7040449992412,0.0 -49.7005391,-26.7040424992412,0.0 -49.7005202,-26.7040357992412,0.0 -49.7005005,-26.7040264992412,0.0 -49.700479,-26.7040146992412,0.0 -49.7004568,-26.7040013992412,0.0 -49.7004266,-26.7039818992412,0.0 -49.7004112,-26.7039711992412,0.0 -49.7003951,-26.7039587992412,0.0 -49.7003592,-26.7039261992412,0.0 -49.7003444,-26.7039116992412,0.0 -49.7003274,-26.7038938992412,0.0 -49.7003084,-26.7038720992412,0.0 -49.7002981,-26.7038591992412,0.0 -49.7002871,-26.7038444992412,0.0 -49.7002755,-26.7038274992412,0.0 -49.7002632,-26.7038076992412,0.0 -49.7002501,-26.7037848992412,0.0 -49.7002362,-26.7037584992412,0.0 -49.7002214,-26.7037280992412,0.0 -49.7001895,-26.7036559992412,0.0 -49.700157,-26.7035764992412,0.0 -49.700127,-26.7034995992412,0.0 -49.7000806,-26.7033768992412,0.0 -49.7000725,-26.7033569992412,0.0 -49.7000694,-26.7033506992412,0.0 -49.7000633,-26.7033419992412,0.0 -49.7000557,-26.7033344992412,0.0 -49.7000467,-26.7033272992412,0.0 -49.7000313,-26.7033173992412,0.0 -49.7000151,-26.7033082992412,0.0 -49.699993,-26.7032973992412,0.0 -49.6999705,-26.7032874992412,0.0 -49.6999525,-26.7032811992412,0.0 -49.6999394,-26.7032777992412,0.0 -49.6999251,-26.7032753992412,0.0 -49.6999093,-26.7032739992412,0.0 -49.6998827,-26.7032742992412,0.0 -49.6998628,-26.7032762992412,0.0 -49.6998302,-26.7032817992412,0.0 -49.6997755,-26.7032927992412,0.0 -49.6997379,-26.7032983992412,0.0 -49.6997112,-26.7033007992412,0.0 -49.6996319,-26.7033056992412,0.0 -49.6995718,-26.7033102992412,0.0 -49.699543,-26.7033113992412,0.0 -49.6995243,-26.7033109992412,0.0 -49.6995064,-26.7033098992412,0.0 -49.699475,-26.7033058992412,0.0 -49.6994618,-26.7033029992412,0.0 -49.699455,-26.7033006992412,0.0 -49.699439,-26.7032929992412,0.0 -49.6994289,-26.7032868992412,0.0 -49.6994028,-26.7032690992412,0.0 -49.6993669,-26.7032423992412,0.0 -49.6993002,-26.7031905992412,0.0 -49.6992056,-26.7031149992412,0.0 -49.6991224,-26.7030470992412,0.0 -49.6990707,-26.7030036992412,0.0 -49.6990046,-26.7029461992412,0.0 -49.6989693,-26.7029174992412,0.0 -49.6989556,-26.7029077992412,0.0 -49.6989385,-26.7028967992412,0.0 -49.6989178,-26.7028846992412,0.0 -49.6988937,-26.7028714992412,0.0 -49.6988661,-26.7028573992412,0.0 -49.6988003,-26.7028262992412,0.0 -49.6987205,-26.7027920992412,0.0 -49.6986305,-26.7027561992412,0.0 -49.6984926,-26.7027043992412,0.0 -49.6983732,-26.7026623992412,0.0 -49.6983395,-26.7026513992412,0.0 -49.6983071,-26.7026415992412,0.0 -49.6982748,-26.7026327992412,0.0 -49.6982412,-26.7026246992412,0.0 -49.6982049,-26.7026170992412,0.0 -49.6981648,-26.7026096992412,0.0 -49.6981193,-26.7026023992412,0.0 -49.6980677,-26.7025947992412,0.0 -49.6978177,-26.7025599992412,0.0 -49.6977498,-26.7025495992412,0.0 -49.6976819,-26.7025381992412,0.0 -49.6976152,-26.7025257992412,0.0 -49.6975507,-26.7025123992412,0.0 -49.6974894,-26.7024982992412,0.0 -49.6974321,-26.7024839992412,0.0 -49.6973333,-26.7024569992412,0.0 -49.6972935,-26.7024452992412,0.0 -49.6972378,-26.7024278992412,0.0 -49.6972183,-26.7024211992412,0.0 -49.6971778,-26.7024050992412,0.0 -49.6971575,-26.7023959992412,0.0 -49.6971184,-26.7023768992412,0.0 -49.6970836,-26.7023574992412,0.0 -49.6970686,-26.7023481992412,0.0 -49.6970551,-26.7023389992412,0.0 -49.6970313,-26.7023206992412,0.0 -49.69701,-26.7023010992412,0.0 -49.6969891,-26.7022790992412,0.0 -49.6969022,-26.7021810992412,0.0 -49.6968277,-26.7020998992412,0.0 -49.6967337,-26.7020004992412,0.0 -49.6966233,-26.7018859992412,0.0 -49.6966036,-26.7018646992412,0.0 -49.6965857,-26.7018429992412,0.0 -49.6965695,-26.7018206992412,0.0 -49.6965546,-26.7017979992412,0.0 -49.6965409,-26.7017746992412,0.0 -49.6965282,-26.7017508992412,0.0 -49.6965161,-26.7017262992412,0.0 -49.6964933,-26.7016751992412,0.0 -49.6964719,-26.7016230992412,0.0 -49.6964277,-26.7015106992412,0.0 -49.6964149,-26.7014810992412,0.0 -49.6964038,-26.7014592992412,0.0 -49.6963984,-26.7014501992412,0.0 -49.6963872,-26.7014334992412,0.0 -49.6963588,-26.7013967992412,0.0 -49.6963268,-26.7013592992412,0.0 -49.6963124,-26.7013439992412,0.0 -49.696299,-26.7013314992412,0.0 -49.6962772,-26.7013135992412,0.0 -49.696218,-26.7012690992412,0.0 -49.696144,-26.7012162992412,0.0 -49.6960656,-26.7011617992412,0.0 -49.6959601,-26.7010896992412,0.0 -49.6957775,-26.7009663992412,0.0 -49.6956112,-26.7008556992412,0.0 -49.6955307,-26.7008032992412,0.0 -49.6954707,-26.7007660992412,0.0 -49.6954456,-26.7007512992412,0.0 -49.6953993,-26.7007258992412,0.0 -49.6953507,-26.7007013992412,0.0 -49.6952056,-26.7006309992413,0.0 -49.6951737,-26.7006129992413,0.0 -49.6951471,-26.7005970992412,0.0 -49.6951206,-26.7005800992413,0.0 -49.6950974,-26.7005638992412,0.0 -49.6950785,-26.7005488992413,0.0 -49.6950622,-26.7005338992413,0.0 -49.6950467,-26.7005179992413,0.0 -49.6950216,-26.7004901992413,0.0 -49.6949867,-26.7004486992413,0.0 -49.6949712,-26.7004285992413,0.0 -49.6949583,-26.7004102992413,0.0 -49.6949476,-26.7003936992413,0.0 -49.6949347,-26.7003710992413,0.0 -49.6948934,-26.7002909992413,0.0 -49.6948806,-26.7002687992413,0.0 -49.6948684,-26.7002505992413,0.0 -49.694859,-26.7002380992413,0.0 -49.6948485,-26.7002259992413,0.0 -49.6948371,-26.7002144992413,0.0 -49.6948238,-26.7002033992413,0.0 -49.694807,-26.7001916992413,0.0 -49.6947847,-26.7001783992413,0.0 -49.6947553,-26.7001623992413,0.0 -49.6947177,-26.7001434992413,0.0 -49.6946717,-26.7001218992413,0.0 -49.694617,-26.7000980992413,0.0 -49.6945863,-26.7000854992413,0.0 -49.6945354,-26.7000583992413,0.0 -49.6944691,-26.7000231992413,0.0 -49.6944108,-26.6999871992413,0.0 -49.6943688,-26.6999475992413,0.0 -49.6943041,-26.6998910992413,0.0 -49.694096,-26.6997117992413,0.0 -49.6940174,-26.6996428992413,0.0 -49.6939317,-26.6995664992413,0.0 -49.6938377,-26.6994807992413,0.0 -49.6937341,-26.6993841992413,0.0 -49.6936691,-26.6993242992413,0.0 -49.6935878,-26.6992518992413,0.0 -49.6934715,-26.6991789992413,0.0 -49.6933582,-26.6991337992413,0.0 -49.6932414,-26.6990982992413,0.0 -49.6931601,-26.6990807992413,0.0 -49.6930513,-26.6990478992413,0.0 -49.6930216,-26.6990380992413,0.0 -49.6930006,-26.6990302992413,0.0 -49.6929753,-26.6990193992413,0.0 -49.692961,-26.6990118992413,0.0 -49.6929485,-26.6990039992413,0.0 -49.6929371,-26.6989952992413,0.0 -49.6929259,-26.6989845992413,0.0 -49.6929199,-26.6989777992413,0.0 -49.6929062,-26.6989596992413,0.0 -49.6928982,-26.6989478992413,0.0 -49.6928675,-26.6988987992413,0.0 -49.6927675,-26.6987299992413,0.0 -49.6927528,-26.6987074992413,0.0 -49.6927376,-26.6986876992413,0.0 -49.6927236,-26.6986738992413,0.0 -49.6927127,-26.6986652992413,0.0 -49.6927044,-26.6986597992413,0.0 -49.6926828,-26.6986480992413,0.0 -49.6926392,-26.6986279992413,0.0 -49.6926211,-26.6986189992413,0.0 -49.6926127,-26.6986138992413,0.0 -49.6926064,-26.6986092992413,0.0 -49.6925977,-26.6986003992413,0.0 -49.692591,-26.6985902992413,0.0 -49.6925868,-26.6985808992413,0.0 -49.6925835,-26.6985694992413,0.0 -49.6925811,-26.6985570992413,0.0 -49.6925801,-26.6985407992413,0.0 -49.6925814,-26.6985066992413,0.0 -49.6925814,-26.6984787992413,0.0 -49.6925798,-26.6984380992413,0.0 -49.6925773,-26.6984150992413,0.0 -49.6925746,-26.6983985992413,0.0 -49.6925706,-26.6983823992413,0.0 -49.6925671,-26.6983718992413,0.0 -49.69256,-26.6983568992413,0.0 -49.6925505,-26.6983413992413,0.0 -49.6924313,-26.6981640992413,0.0 -49.6924128,-26.6981560992413,0.0 -49.6923701,-26.6981499992413,0.0 -49.6923288,-26.6981438992413,0.0 -49.6922915,-26.6981409992413,0.0 -49.6922356,-26.6981395992413,0.0 -49.6922127,-26.6981381992413,0.0 -49.6920591,-26.6981279992413,0.0 -49.6918194,-26.6981102992413,0.0 -49.6913339,-26.6984475992413,0.0 -49.6911488,-26.6986091992413,0.0 -49.6910143,-26.6987089992413,0.0 -49.6908743,-26.6988610992413,0.0 -49.6907737,-26.6989963992413,0.0 -49.6906975,-26.6991653992413,0.0 -49.6906011,-26.6993559992413,0.0 -49.6904743,-26.6995312992413,0.0 -49.6903497,-26.6997784992413,0.0 -49.6902782,-26.6999992992413,0.0 -49.6901892,-26.7002411992413,0.0 -49.6900299,-26.7004707992413,0.0 -49.6897146,-26.7008871992413,0.0 -49.6894633,-26.7011812992412,0.0 -49.6892159,-26.7014390992412,0.0 -49.6891244,-26.7016208992412,0.0 -49.6890636,-26.7018139992412,0.0 -49.689015,-26.7020017992412,0.0 -49.689007,-26.7022234992412,0.0 -49.6890271,-26.7023855992412,0.0 -49.6890733,-26.7025518992412,0.0 -49.6890972,-26.7027182992412,0.0 -49.6890707,-26.7028603992412,0.0 -49.6890445,-26.7029349992412,0.0 -49.6889922,-26.7030153992412,0.0 -49.6889056,-26.7030673992412,0.0 -49.688805,-26.7030862992412,0.0 -49.688228,-26.7030241992412,0.0 -49.6877945,-26.7030123992412,0.0 -49.687232,-26.7030622992412,0.0 -49.6862817,-26.7032443992412,0.0 -49.6857807,-26.7032372992412,0.0 -49.6853569,-26.7030637992412,0.0 -49.6848359,-26.7027816992412,0.0 -49.6845377,-26.7027027992412,0.0 -49.6844625,-26.7026937992412,0.0 -49.6842335,-26.7026660992412,0.0 -49.6836508,-26.7026430992412,0.0 -49.6833561,-26.7026054992412,0.0 -49.6829685,-26.7025560992412,0.0 -49.6825897,-26.7024853992412,0.0 -49.6824505,-26.7024550992412,0.0 -49.6823032,-26.7024038992412,0.0 -49.6821418,-26.7023881992412,0.0 -49.6819782,-26.7023853992412,0.0 -49.6818956,-26.7024007992412,0.0 -49.6817999,-26.7024329992412,0.0 -49.6816839,-26.7025018992412,0.0 -49.6816193,-26.7025604992412,0.0 -49.681393,-26.7027254992412,0.0 -49.6812532,-26.7028066992412,0.0 -49.6810661,-26.7028680992412,0.0 -49.6813718,-26.7037049992412,0.0 -49.6813216,-26.7038866992412,0.0 -49.6812523,-26.7041370992412,0.0 -49.6810279,-26.7043582992412,0.0 -49.6808297,-26.7047821992412,0.0 -49.6809405,-26.7054830992412,0.0 -49.6814261,-26.7063166992411,0.0 -49.6815093,-26.7070353992411,0.0 -49.6811739,-26.7076541992411,0.0 -49.6802291,-26.7083104992411,0.0 -49.6796615,-26.7090184992411,0.0 -49.6794445,-26.7097306992411,0.0 -49.6791599,-26.7108860992411,0.0 -49.6788726,-26.712138899241,0.0 -49.6786044,-26.712920699241,0.0 -49.6783883,-26.713716299241,0.0 -49.6783483,-26.714532499241,0.0 -49.6782396,-26.715272899241,0.0 -49.678386,-26.716105699241,0.0 -49.6783655,-26.7168597992409,0.0 -49.6779307,-26.7174045992409,0.0 -49.6772176,-26.7177445992409,0.0 -49.6768118,-26.7180054992409,0.0 -49.6767202,-26.7185397992409,0.0 -49.6769082,-26.7189640992409,0.0 -49.6771637,-26.7193811992409,0.0 -49.6771913,-26.7197788992409,0.0 -49.6773121,-26.7206564992409,0.0 -49.6774934,-26.7213536992408,0.0 -49.6773221,-26.7217869992408,0.0 -49.676838,-26.7221496992408,0.0 -49.67635,-26.7222772992408,0.0 -49.6759465,-26.7226590992408,0.0 -49.6758866,-26.7231531992408,0.0 -49.6757907,-26.7236599992408,0.0 -49.6754953,-26.7239294992408,0.0 -49.6749544,-26.7242836992408,0.0 -49.674402,-26.7246703992408,0.0 -49.6742685,-26.7251412992408,0.0 -49.6743596,-26.7256625992408,0.0 -49.6746135,-26.7261695992408,0.0 -49.6748171,-26.7266202992407,0.0 -49.6747679,-26.7270202992407,0.0 -49.674531,-26.7273270992407,0.0 -49.6739211,-26.7279286992407,0.0 -49.6734256,-26.7287720992407,0.0 -49.6731007,-26.7292911992407,0.0 -49.6727497,-26.7294931992407,0.0 -49.672294,-26.7297344992407,0.0 -49.6722061,-26.7301763992407,0.0 -49.672348,-26.7307475992407,0.0 -49.6722801,-26.7310377992407,0.0 -49.6717655,-26.7311430992407,0.0 -49.6714001,-26.7311636992407,0.0 -49.6710135,-26.7312680992407,0.0 -49.6705538,-26.7315312992407,0.0 -49.6701733,-26.7319907992406,0.0 -49.6701514,-26.7326654992406,0.0 -49.6702243,-26.7332574992406,0.0 -49.6704463,-26.7341416992406,0.0 -49.670407,-26.7345567992406,0.0 -49.6701703,-26.7348030992406,0.0 -49.669951,-26.7351658992406,0.0 -49.6699187,-26.7356654992406,0.0 -49.6696827,-26.7360124992406,0.0 -49.6695965,-26.7363546992406,0.0 -49.6697011,-26.7368927992405,0.0 -49.6696353,-26.7372242992405,0.0 -49.6695591,-26.7373204992405,0.0 -49.669398,-26.7375069992405,0.0 -49.6689659,-26.7377405992405,0.0 -49.6685377,-26.7380005992405,0.0 -49.6683412,-26.7382368992405,0.0 -49.6683984,-26.7386262992405,0.0 -49.6685601,-26.7390141992405,0.0 -49.6683762,-26.7393062992405,0.0 -49.6680677,-26.7395437992405,0.0 -49.6676077,-26.7396087992405,0.0 -49.6673812,-26.7397016992405,0.0 -49.6672405,-26.7399942992405,0.0 -49.6670021,-26.7404042992405,0.0 -49.6666041,-26.7408146992405,0.0 -49.666002,-26.7409273992405,0.0 -49.6653521,-26.7411135992405,0.0 -49.6651466,-26.7414102992405,0.0 -49.6648231,-26.7418420992405,0.0 -49.6645368,-26.7420507992404,0.0 -49.6640754,-26.7420938992404,0.0 -49.6634683,-26.7419304992404,0.0 -49.6628831,-26.7416920992405,0.0 -49.6619067,-26.7416919992405,0.0 -49.6615136,-26.7415624992405,0.0 -49.6611519,-26.7412923992405,0.0 -49.6608568,-26.7412202992405,0.0 -49.6606009,-26.7412603992405,0.0 -49.6599389,-26.7413101992405,0.0 -49.659162,-26.7411532992405,0.0 -49.6585776,-26.7412436992405,0.0 -49.6582659,-26.7415083992405,0.0 -49.6577584,-26.7416768992404,0.0 -49.6574169,-26.7419093992404,0.0 -49.6572357,-26.7425034992404,0.0 -49.6569429,-26.7432162992404,0.0 -49.656793,-26.7438805992404,0.0 -49.6569712,-26.7446192992404,0.0 -49.6571719,-26.7452341992404,0.0 -49.6575849,-26.7459272992404,0.0 -49.6578312,-26.7468477992404,0.0 -49.6582496,-26.7479610992403,0.0 -49.6583755,-26.7489810992403,0.0 -49.6583979,-26.7496333992403,0.0 -49.6581284,-26.7502492992403,0.0 -49.6576346,-26.7508573992403,0.0 -49.6572,-26.7515194992403,0.0 -49.6564957,-26.7518330992402,0.0 -49.6560012,-26.7518860992403,0.0 -49.6554615,-26.7515330992403,0.0 -49.6550052,-26.7515372992403,0.0 -49.6545418,-26.7517552992403,0.0 -49.6542468,-26.7520297992403,0.0 -49.6539855,-26.7523741992402,0.0 -49.6539213,-26.7529507992402,0.0 -49.6538519,-26.7534512992402,0.0 -49.6538238,-26.7534985992402,0.0 -49.6537871,-26.7537190992402,0.0 -49.6537795,-26.7539795992402,0.0 -49.6535897,-26.7543690992402,0.0 -49.6533345,-26.7546100992402,0.0 -49.6528793,-26.7548405992402,0.0 -49.6527947,-26.7549864992402,0.0 -49.6529676,-26.7555968992402,0.0 -49.6531571,-26.7559408992402,0.0 -49.653376,-26.7562194992402,0.0 -49.6536401,-26.7566001992402,0.0 -49.6537099,-26.7567618992402,0.0 -49.6537466,-26.7569822992402,0.0 -49.653743,-26.7571439992401,0.0 -49.6537062,-26.7572468992401,0.0 -49.6536401,-26.7573497992401,0.0 -49.6535913,-26.7574059992401,0.0 -49.6535188,-26.7574894992401,0.0 -49.6534306,-26.7576768992401,0.0 -49.6533995,-26.7578227992401,0.0 -49.6533828,-26.7579010992401,0.0 -49.6532983,-26.7581986992401,0.0 -49.653144,-26.7584706992401,0.0 -49.6530342,-26.7585970992401,0.0 -49.6529014,-26.7587499992401,0.0 -49.6527177,-26.7588858992401,0.0 -49.6524604,-26.7590255992401,0.0 -49.6522987,-26.7592092992401,0.0 -49.6522326,-26.7594738992401,0.0 -49.6523061,-26.7599001992401,0.0 -49.6523649,-26.7604035992401,0.0 -49.6524053,-26.7606755992401,0.0 -49.6526001,-26.7609511992401,0.0 -49.652714,-26.7611569992401,0.0 -49.6527471,-26.7614545992401,0.0 -49.6526883,-26.7618771992401,0.0 -49.6526846,-26.7621417992401,0.0 -49.6527655,-26.76234029924,0.0 -49.6527912,-26.76261589924,0.0 -49.6527691,-26.76279959924,0.0 -49.6527067,-26.76292459924,0.0 -49.6524715,-26.76303479924,0.0 -49.6522951,-26.76307889924,0.0 -49.6520048,-26.76315979924,0.0 -49.651799,-26.76315789924,0.0 -49.6516171,-26.76312489924,0.0 -49.6514094,-26.76305319924,0.0 -49.651233,-26.76305499924,0.0 -49.6510695,-26.76311379924,0.0 -49.6509978,-26.76315979924,0.0 -49.6504503,-26.76328469924,0.0 -49.6499395,-26.76339129924,0.0 -49.6496492,-26.76342439924,0.0 -49.6493037,-26.76325899924,0.0 -49.6489363,-26.76295769924,0.0 -49.6487415,-26.76274449924,0.0 -49.6485247,-26.76266369924,0.0 -49.6484181,-26.76267099924,0.0 -49.6481982,-26.76269109924,0.0 -49.6479347,-26.76298769924,0.0 -49.6478191,-26.76329209924,0.0 -49.6477787,-26.76343539924,0.0 -49.6476978,-26.76358239924,0.0 -49.6475325,-26.76372199924,0.0 -49.6474894,-26.76373389924,0.0 -49.6473597,-26.76376979924,0.0 -49.6471613,-26.76390579924,0.0 -49.6470584,-26.76408579924,0.0 -49.6470053,-26.76423659924,0.0 -49.6468306,-26.76473259924,0.0 -49.6466468,-26.76533529924,0.0 -49.646441,-26.76584979924,0.0 -49.6462867,-26.76619519924,0.0 -49.6460442,-26.76650389924,0.0 -49.6459413,-26.76681989924,0.0 -49.6459224,-26.76692479924,0.0 -49.6458751,-26.76718739924,0.0 -49.6458531,-26.7675621992399,0.0 -49.6459339,-26.7679002992399,0.0 -49.6460368,-26.7680509992399,0.0 -49.6462389,-26.7682383992399,0.0 -49.6462867,-26.7684368992399,0.0 -49.6462426,-26.7686462992399,0.0 -49.646114,-26.7688300992399,0.0 -49.6459817,-26.7690211992399,0.0 -49.6458494,-26.7691570992399,0.0 -49.6457869,-26.7692599992399,0.0 -49.6457391,-26.7694106992399,0.0 -49.6457685,-26.7697156992399,0.0 -49.6457896,-26.7697697992399,0.0 -49.6458531,-26.7699324992399,0.0 -49.6458898,-26.7701639992399,0.0 -49.6459119,-26.7702558992399,0.0 -49.6458972,-26.7704101992399,0.0 -49.645842,-26.7705976992399,0.0 -49.6456767,-26.7708364992399,0.0 -49.6454452,-26.7710606992399,0.0 -49.6452761,-26.7712664992399,0.0 -49.6451585,-26.7714575992399,0.0 -49.6449013,-26.7716780992399,0.0 -49.6447396,-26.7717919992399,0.0 -49.6444823,-26.7719426992399,0.0 -49.6441183,-26.7720375992399,0.0 -49.6439752,-26.7720749992399,0.0 -49.6437731,-26.7721336992399,0.0 -49.6435967,-26.7722145992399,0.0 -49.6434387,-26.7723100992398,0.0 -49.6433615,-26.7724901992399,0.0 -49.6433542,-26.7726518992398,0.0 -49.6433946,-26.7727804992398,0.0 -49.6434555,-26.7728568992398,0.0 -49.6436923,-26.7730009992398,0.0 -49.6439017,-26.7731259992398,0.0 -49.6441443,-26.7732986992398,0.0 -49.6442672,-26.7734215992398,0.0 -49.6446771,-26.7738314992398,0.0 -49.6450225,-26.7741401992398,0.0 -49.6451732,-26.7743753992398,0.0 -49.6451401,-26.7745774992398,0.0 -49.6451107,-26.7747942992398,0.0 -49.6450189,-26.7751360992398,0.0 -49.644938,-26.7754337992398,0.0 -49.6448094,-26.7755660992398,0.0 -49.6445963,-26.7756689992398,0.0 -49.6444419,-26.7758011992398,0.0 -49.6443133,-26.7760327992398,0.0 -49.6442067,-26.7762862992398,0.0 -49.6441994,-26.7765030992398,0.0 -49.6442435,-26.7767419992398,0.0 -49.6444052,-26.7772013992398,0.0 -49.6446183,-26.7775173992398,0.0 -49.6448204,-26.7778076992397,0.0 -49.6449233,-26.7780685992397,0.0 -49.6449363,-26.7782125992397,0.0 -49.6449527,-26.7783956992397,0.0 -49.644938,-26.7785904992397,0.0 -49.6448217,-26.7789017992397,0.0 -49.644547,-26.7794997992397,0.0 -49.6444603,-26.7796230992397,0.0 -49.6442839,-26.7797737992397,0.0 -49.6439421,-26.7799354992397,0.0 -49.6434571,-26.7801558992397,0.0 -49.6431704,-26.7802477992397,0.0 -49.6427331,-26.7802367992397,0.0 -49.6426584,-26.7802270992397,0.0 -49.6423362,-26.7801852992397,0.0 -49.6418805,-26.7801485992397,0.0 -49.6413293,-26.7800676992397,0.0 -49.6409104,-26.7799721992397,0.0 -49.6405503,-26.7798619992397,0.0 -49.6404069,-26.7797663992397,0.0 -49.6402746,-26.7795899992397,0.0 -49.6400762,-26.7793143992397,0.0 -49.6399182,-26.7792482992397,0.0 -49.6396646,-26.7792665992397,0.0 -49.6392861,-26.7794245992397,0.0 -49.6390638,-26.7794980992397,0.0 -49.6388855,-26.7795348992397,0.0 -49.6387239,-26.7795348992397,0.0 -49.6383233,-26.7794723992397,0.0 -49.6380624,-26.7794613992397,0.0 -49.6378603,-26.7795164992397,0.0 -49.6376104,-26.7796818992397,0.0 -49.6375044,-26.7797950992397,0.0 -49.6373972,-26.7799096992397,0.0 -49.6371547,-26.7801264992397,0.0 -49.6368497,-26.7803249992397,0.0 -49.6364344,-26.7803763992397,0.0 -49.6361346,-26.7804384992397,0.0 -49.6360008,-26.7804903992397,0.0 -49.6358464,-26.7806262992397,0.0 -49.6357399,-26.7808577992397,0.0 -49.6357222,-26.7809373992397,0.0 -49.6356737,-26.7811554992397,0.0 -49.6355561,-26.7813722992397,0.0 -49.6354643,-26.7814347992397,0.0 -49.635196,-26.7814788992397,0.0 -49.6349152,-26.7814912992397,0.0 -49.6347091,-26.7813888992397,0.0 -49.6344371,-26.7813153992397,0.0 -49.6341873,-26.7812344992397,0.0 -49.6338051,-26.7811536992397,0.0 -49.6336654,-26.7811536992397,0.0 -49.6335111,-26.7812124992397,0.0 -49.6333347,-26.7814108992397,0.0 -49.6330848,-26.7815872992397,0.0 -49.63271,-26.7817048992397,0.0 -49.6324013,-26.7818959992397,0.0 -49.6323391,-26.7819452992397,0.0 -49.6321881,-26.7820649992397,0.0 -49.6320926,-26.7822560992397,0.0 -49.631997,-26.7823736992397,0.0 -49.63185,-26.7824251992397,0.0 -49.6316369,-26.7824545992397,0.0 -49.6313172,-26.7824600992397,0.0 -49.631014,-26.7823203992397,0.0 -49.630799,-26.7822983992397,0.0 -49.6305124,-26.7824159992397,0.0 -49.6301523,-26.7825188992397,0.0 -49.6297774,-26.7824820992397,0.0 -49.62941,-26.7823497992397,0.0 -49.629138,-26.7821219992397,0.0 -49.6287926,-26.7818646992397,0.0 -49.6286897,-26.7816809992397,0.0 -49.6286529,-26.7814972992397,0.0 -49.628675,-26.7812326992397,0.0 -49.6287191,-26.7810047992397,0.0 -49.628697,-26.7807548992397,0.0 -49.6285905,-26.7805932992397,0.0 -49.6281936,-26.7802955992397,0.0 -49.6278408,-26.7801228992397,0.0 -49.627319,-26.7800456992397,0.0 -49.6269552,-26.7801485992397,0.0 -49.62666,-26.7802185992397,0.0 -49.6263251,-26.7802525992397,0.0 -49.6259641,-26.7801452992397,0.0 -49.6258086,-26.7799629992397,0.0 -49.6256432,-26.7796983992397,0.0 -49.6254301,-26.7794595992397,0.0 -49.6253198,-26.7792537992397,0.0 -49.6252169,-26.7790148992397,0.0 -49.6251251,-26.7787943992397,0.0 -49.6250479,-26.7785224992397,0.0 -49.6249854,-26.7781843992397,0.0 -49.6249744,-26.7778278992397,0.0 -49.6249156,-26.7775118992397,0.0 -49.6249156,-26.7772288992398,0.0 -49.6249009,-26.7770120992398,0.0 -49.6248756,-26.7768358992398,0.0 -49.624805,-26.7764545992398,0.0 -49.6246854,-26.7762013992398,0.0 -49.6245415,-26.7759964992398,0.0 -49.6241685,-26.7759482992398,0.0 -49.6236924,-26.7760565992398,0.0 -49.6236307,-26.7762361992398,0.0 -49.6236876,-26.7764260992398,0.0 -49.6237175,-26.7765589992398,0.0 -49.6236625,-26.7768797992398,0.0 -49.6236845,-26.7771811992398,0.0 -49.6237433,-26.7773721992398,0.0 -49.6238756,-26.7776588992397,0.0 -49.6240006,-26.7780410992397,0.0 -49.62403,-26.7780998992397,0.0 -49.6240825,-26.7784537992397,0.0 -49.624135,-26.7787171992397,0.0 -49.6241696,-26.7792537992397,0.0 -49.6241476,-26.7795624992397,0.0 -49.62403,-26.7797828992397,0.0 -49.6239344,-26.7798490992397,0.0 -49.6237522,-26.7798591992397,0.0 -49.6235522,-26.7798312992397,0.0 -49.6231984,-26.7797019992397,0.0 -49.6229759,-26.7796608992397,0.0 -49.622728,-26.7798362992397,0.0 -49.6224645,-26.7800989992397,0.0 -49.6222366,-26.7800989992397,0.0 -49.621928,-26.7799151992397,0.0 -49.621656,-26.7796579992397,0.0 -49.6213326,-26.7795918992397,0.0 -49.621068,-26.7796212992397,0.0 -49.6208108,-26.7797240992397,0.0 -49.6206197,-26.7798784992397,0.0 -49.6205315,-26.7801136992397,0.0 -49.6204948,-26.7803267992397,0.0 -49.6204654,-26.7806428992397,0.0 -49.6204654,-26.7808339992397,0.0 -49.6205216,-26.7809699992397,0.0 -49.6205536,-26.7810470992397,0.0 -49.620583,-26.7812307992397,0.0 -49.6205462,-26.7814218992397,0.0 -49.6203845,-26.7815982992397,0.0 -49.6201567,-26.7817526992397,0.0 -49.6200317,-26.7818628992397,0.0 -49.6200023,-26.7819731992397,0.0 -49.6200391,-26.7821494992397,0.0 -49.6201861,-26.7823332992397,0.0 -49.6203919,-26.7826272992397,0.0 -49.6205242,-26.7828918992397,0.0 -49.6205609,-26.7831417992396,0.0 -49.6204801,-26.7832740992396,0.0 -49.6202596,-26.7833989992396,0.0 -49.6199803,-26.7834430992396,0.0 -49.6196055,-26.7834430992396,0.0 -49.6192894,-26.7836635992396,0.0 -49.6191424,-26.7839207992396,0.0 -49.6190542,-26.7843985992396,0.0 -49.6189734,-26.7847659992396,0.0 -49.6188484,-26.7849864992396,0.0 -49.6187513,-26.7850328992396,0.0 -49.618525,-26.7851408992396,0.0 -49.6181796,-26.7852584992396,0.0 -49.6179003,-26.7851849992396,0.0 -49.6178102,-26.7851308992396,0.0 -49.6174593,-26.7849203992396,0.0 -49.6173344,-26.7847218992396,0.0 -49.6172462,-26.7842956992396,0.0 -49.6170919,-26.7839575992396,0.0 -49.6168199,-26.7837590992396,0.0 -49.6164451,-26.7836561992396,0.0 -49.6160776,-26.7836414992396,0.0 -49.6158204,-26.7835606992396,0.0 -49.6155484,-26.7834577992396,0.0 -49.6152838,-26.7833401992396,0.0 -49.6151515,-26.7833328992396,0.0 -49.6149604,-26.7834871992396,0.0 -49.6147694,-26.7837811992396,0.0 -49.614757,-26.7838206992396,0.0 -49.6146959,-26.7840163992396,0.0 -49.6145709,-26.7841633992396,0.0 -49.6144166,-26.7842294992396,0.0 -49.614027,-26.7842956992396,0.0 -49.6134023,-26.7843470992396,0.0 -49.6133765,-26.7843470992396,0.0 -49.6127996,-26.7843470992396,0.0 -49.6122264,-26.7843764992396,0.0 -49.6115208,-26.7843250992396,0.0 -49.611021,-26.7842735992396,0.0 -49.6106756,-26.7842956992396,0.0 -49.6102419,-26.7844793992396,0.0 -49.6100582,-26.7845455992396,0.0 -49.609717,-26.7846015992396,0.0 -49.608919,-26.7846630992396,0.0 -49.6084119,-26.7846704992396,0.0 -49.60789,-26.7847071992396,0.0 -49.6074932,-26.7847145992396,0.0 -49.6070154,-26.7845895992396,0.0 -49.6065303,-26.7843103992396,0.0 -49.6061776,-26.7838987992396,0.0 -49.605935,-26.7835826992396,0.0 -49.6057521,-26.7833447992396,0.0 -49.6052101,-26.7828899992396,0.0 -49.6048105,-26.7827154992396,0.0 -49.6045827,-26.7826639992396,0.0 -49.6044737,-26.7826741992397,0.0 -49.6042666,-26.7826933992396,0.0 -49.6039212,-26.7827301992396,0.0 -49.6036493,-26.7826860992396,0.0 -49.603223,-26.7825978992397,0.0 -49.6027599,-26.7825316992397,0.0 -49.6023263,-26.7825022992397,0.0 -49.6019662,-26.7825022992397,0.0 -49.6015987,-26.7824287992396,0.0 -49.6013856,-26.7823516992397,0.0 -49.6011724,-26.7822744992397,0.0 -49.6010144,-26.7821752992397,0.0 -49.6008858,-26.7821090992397,0.0 -49.6007425,-26.7820851992397,0.0 -49.6005757,-26.7820889992397,0.0 -49.6004999,-26.7820907992397,0.0 -49.6002996,-26.7821715992397,0.0 -49.6000259,-26.7823222992397,0.0 -49.599697,-26.7824214992397,0.0 -49.5993901,-26.7824949992396,0.0 -49.5987268,-26.7827448992397,0.0 -49.5984916,-26.7827962992396,0.0 -49.5982932,-26.7827668992396,0.0 -49.5978669,-26.7824802992397,0.0 -49.597448,-26.7823185992397,0.0 -49.5971834,-26.7822597992397,0.0 -49.5969261,-26.7822817992397,0.0 -49.5966542,-26.7824214992397,0.0 -49.5965223,-26.7824840992397,0.0 -49.5963602,-26.7825610992396,0.0 -49.5960662,-26.7825831992397,0.0 -49.5953753,-26.7824508992396,0.0 -49.5947727,-26.7821862992397,0.0 -49.5943758,-26.7820098992397,0.0 -49.5941112,-26.7819437992397,0.0 -49.5935122,-26.7819694992397,0.0 -49.5932549,-26.7819584992397,0.0 -49.5929846,-26.7818675992397,0.0 -49.5927956,-26.7818040992397,0.0 -49.5923436,-26.7815137992397,0.0 -49.5918514,-26.7813938992397,0.0 -49.5916343,-26.7813410992397,0.0 -49.5909802,-26.7812234992397,0.0 -49.5901865,-26.7810837992397,0.0 -49.5893486,-26.7810176992397,0.0 -49.588496,-26.7809588992397,0.0 -49.5881212,-26.7808780992397,0.0 -49.587929,-26.7807974992397,0.0 -49.587515,-26.7805188992397,0.0 -49.5870059,-26.7801240992397,0.0 -49.5866272,-26.7797814992397,0.0 -49.5864308,-26.7796947992397,0.0 -49.5862103,-26.7796579992397,0.0 -49.5857105,-26.7796359992397,0.0 -49.5854091,-26.7794889992397,0.0 -49.5848432,-26.7790185992397,0.0 -49.584461,-26.7787980992397,0.0 -49.5841156,-26.7785775992397,0.0 -49.5834541,-26.7781880992397,0.0 -49.5830058,-26.7778940992397,0.0 -49.5826016,-26.7776808992397,0.0 -49.5821753,-26.7773721992398,0.0 -49.5818592,-26.7770194992398,0.0 -49.5814403,-26.7766445992398,0.0 -49.5811463,-26.7765196992398,0.0 -49.5806906,-26.7764681992398,0.0 -49.5803087,-26.7764869992398,0.0 -49.579794,-26.7765122992398,0.0 -49.5786915,-26.7767033992398,0.0 -49.5779272,-26.7768944992398,0.0 -49.5776185,-26.7769091992398,0.0 -49.577273,-26.7769385992398,0.0 -49.5768467,-26.7770120992398,0.0 -49.576516,-26.7771443992398,0.0 -49.5760603,-26.7776000992397,0.0 -49.5756928,-26.7778646992397,0.0 -49.5751637,-26.7779528992397,0.0 -49.5745316,-26.7781439992397,0.0 -49.5740612,-26.7782615992397,0.0 -49.5735761,-26.7784820992397,0.0 -49.5731499,-26.7789229992397,0.0 -49.572762,-26.7794257992397,0.0 -49.572753,-26.7794374992397,0.0 -49.5725178,-26.7799225992397,0.0 -49.5724884,-26.7805987992397,0.0 -49.5726354,-26.7811719992397,0.0 -49.5725766,-26.7815247992397,0.0 -49.5723708,-26.7817746992397,0.0 -49.5715329,-26.7822156992397,0.0 -49.5711324,-26.7823185992397,0.0 -49.5708126,-26.7824434992397,0.0 -49.5704819,-26.7825684992396,0.0 -49.5694383,-26.7828072992397,0.0 -49.5685356,-26.7829233992396,0.0 -49.567983,-26.7830314992396,0.0 -49.5673068,-26.7831490992396,0.0 -49.5669541,-26.7835165992396,0.0 -49.5667777,-26.7839575992396,0.0 -49.5666939,-26.7842969992396,0.0 -49.5666307,-26.7845528992396,0.0 -49.5664755,-26.7849813992396,0.0 -49.5660629,-26.7853450992396,0.0 -49.5657708,-26.7855560992396,0.0 -49.5654327,-26.7858280992396,0.0 -49.56544,-26.7861955992396,0.0 -49.5656238,-26.7865115992396,0.0 -49.5658149,-26.7868128992396,0.0 -49.5658764,-26.7872054992396,0.0 -49.5659986,-26.7876948992396,0.0 -49.5661015,-26.7880402992395,0.0 -49.5660647,-26.7883342992395,0.0 -49.5659692,-26.7888854992395,0.0 -49.566109,-26.7895196992395,0.0 -49.566069,-26.7899606992395,0.0 -49.5658737,-26.7902745992395,0.0 -49.5657629,-26.7904367992395,0.0 -49.5656679,-26.7905759992395,0.0 -49.5656017,-26.7908258992395,0.0 -49.5656311,-26.7910169992395,0.0 -49.565711,-26.7912100992395,0.0 -49.5658075,-26.7914431992395,0.0 -49.5662411,-26.7921561992395,0.0 -49.5665131,-26.7927587992395,0.0 -49.5665385,-26.7932035992394,0.0 -49.5665645,-26.7935231992394,0.0 -49.5665057,-26.7937656992394,0.0 -49.566344,-26.7939641992394,0.0 -49.5661235,-26.7940376992394,0.0 -49.5657837,-26.7941212992394,0.0 -49.5656752,-26.7941478992394,0.0 -49.5654106,-26.7942948992394,0.0 -49.565271,-26.7945374992394,0.0 -49.565168,-26.7949081992394,0.0 -49.5651607,-26.7949342992394,0.0 -49.5651093,-26.7952576992394,0.0 -49.5651754,-26.7955443992394,0.0 -49.5653518,-26.7960000992394,0.0 -49.5654327,-26.7965144992394,0.0 -49.5654253,-26.7969995992394,0.0 -49.565418,-26.7970069992394,0.0 -49.5653151,-26.7975066992394,0.0 -49.5652416,-26.7978815992393,0.0 -49.5651801,-26.7979950992394,0.0 -49.5650505,-26.7982343992393,0.0 -49.5650284,-26.7987267992393,0.0 -49.5651681,-26.7992632992393,0.0 -49.5652857,-26.7994984992393,0.0 -49.5653151,-26.7998659992393,0.0 -49.5651901,-26.8003142992393,0.0 -49.564999,-26.8006744992393,0.0 -49.5648961,-26.8011080992393,0.0 -49.5649593,-26.8012658992393,0.0 -49.5650872,-26.8015857992393,0.0 -49.5653812,-26.8021590992393,0.0 -49.5658957,-26.8027176992393,0.0 -49.566028,-26.8032174992392,0.0 -49.5659424,-26.8037108992392,0.0 -49.5658283,-26.8039820992392,0.0 -49.5654125,-26.8043358992392,0.0 -49.5650569,-26.8050596992392,0.0 -49.5648811,-26.8058291992392,0.0 -49.5644812,-26.8066631992392,0.0 -49.5639743,-26.8075185992392,0.0 -49.5636248,-26.8081895992391,0.0 -49.5632939,-26.8086267992391,0.0 -49.5627059,-26.8090236992391,0.0 -49.5622282,-26.8091559992391,0.0 -49.5619122,-26.8093544992391,0.0 -49.5617137,-26.8096410992391,0.0 -49.5617137,-26.8098982992391,0.0 -49.5618166,-26.8103319992391,0.0 -49.5617211,-26.8107581992391,0.0 -49.561383,-26.8110301992391,0.0 -49.5605451,-26.8115152992391,0.0 -49.5603246,-26.8119561992391,0.0 -49.5602364,-26.8127793992391,0.0 -49.5605451,-26.8134849992391,0.0 -49.560795,-26.813815699239,0.0 -49.5608906,-26.814264099239,0.0 -49.5608465,-26.814653599239,0.0 -49.5606848,-26.815087199239,0.0 -49.5607068,-26.815520899239,0.0 -49.5608685,-26.815925099239,0.0 -49.5610963,-26.816189699239,0.0 -49.5611217,-26.816206299239,0.0 -49.5613315,-26.816343999239,0.0 -49.5614785,-26.816564499239,0.0 -49.5615741,-26.816931999239,0.0 -49.5615006,-26.817270099239,0.0 -49.5613315,-26.817593499239,0.0 -49.5612874,-26.818019799239,0.0 -49.5613609,-26.8184974992389,0.0 -49.5615153,-26.818728999239,0.0 -49.5618534,-26.8188906992389,0.0 -49.5622649,-26.8190376992389,0.0 -49.5626839,-26.8192875992389,0.0 -49.5628456,-26.8196182992389,0.0 -49.5628456,-26.8200151992389,0.0 -49.5628015,-26.8203679992389,0.0 -49.5628897,-26.8210734992389,0.0 -49.5629852,-26.8215659992389,0.0 -49.5632131,-26.8221318992389,0.0 -49.5632204,-26.8226389992389,0.0 -49.563044,-26.8229991992389,0.0 -49.5628676,-26.8233445992389,0.0 -49.5628162,-26.8237414992388,0.0 -49.562897,-26.8240060992388,0.0 -49.5631322,-26.8243661992388,0.0 -49.5632498,-26.8246013992388,0.0 -49.5632278,-26.8247556992388,0.0 -49.563044,-26.8249614992388,0.0 -49.5626912,-26.8252701992388,0.0 -49.5624413,-26.8255200992388,0.0 -49.5622796,-26.8259463992388,0.0 -49.5621474,-26.8261888992388,0.0 -49.5620512,-26.8263811992388,0.0 -49.5619563,-26.8265710992388,0.0 -49.5619195,-26.8268650992388,0.0 -49.561949,-26.8270208992388,0.0 -49.561971,-26.8271370992388,0.0 -49.5621474,-26.8274603992388,0.0 -49.5622282,-26.8279234992388,0.0 -49.5621547,-26.8283497992388,0.0 -49.5619857,-26.8288715992387,0.0 -49.561824,-26.8293492992387,0.0 -49.5617505,-26.8297608992387,0.0 -49.5617284,-26.8299813992387,0.0 -49.5616623,-26.8302973992387,0.0 -49.5614638,-26.8307310992387,0.0 -49.5611992,-26.8311131992387,0.0 -49.5608318,-26.8319143992387,0.0 -49.5606921,-26.8325096992387,0.0 -49.5605378,-26.8335018992387,0.0 -49.5604937,-26.8340898992386,0.0 -49.5603761,-26.8345307992386,0.0 -49.5601776,-26.8349203992386,0.0 -49.5600527,-26.8352069992386,0.0 -49.5599718,-26.8356038992386,0.0 -49.5597955,-26.8359419992386,0.0 -49.5597416,-26.8360192992386,0.0 -49.5596264,-26.8361844992386,0.0 -49.5593839,-26.8364270992386,0.0 -49.5591817,-26.8365519992386,0.0 -49.5590127,-26.8366511992386,0.0 -49.5587169,-26.8369708992386,0.0 -49.5585478,-26.8373310992386,0.0 -49.5584082,-26.8376323992386,0.0 -49.5582506,-26.8378699992386,0.0 -49.5574522,-26.8386332992386,0.0 -49.5572506,-26.8386980992386,0.0 -49.5569419,-26.8388230992386,0.0 -49.5566626,-26.8390141992386,0.0 -49.5562805,-26.8393374992385,0.0 -49.5559865,-26.8394771992385,0.0 -49.5555825,-26.8397864992385,0.0 -49.5555161,-26.8398372992385,0.0 -49.5551413,-26.8401496992385,0.0 -49.5549024,-26.8404877992385,0.0 -49.5547995,-26.8408368992385,0.0 -49.5544577,-26.8414248992385,0.0 -49.5541343,-26.8416894992385,0.0 -49.5539249,-26.8418731992385,0.0 -49.5537938,-26.8421257992385,0.0 -49.5537228,-26.8422626992385,0.0 -49.5536787,-26.8426301992385,0.0 -49.5537963,-26.8432181992385,0.0 -49.5540094,-26.8437399992385,0.0 -49.5540589,-26.8442243992385,0.0 -49.5541049,-26.8443940992384,0.0 -49.5540829,-26.8446954992384,0.0 -49.5541049,-26.8450188992384,0.0 -49.5540168,-26.8453569992384,0.0 -49.5537889,-26.8457170992384,0.0 -49.5532377,-26.8464373992384,0.0 -49.552929,-26.8469958992384,0.0 -49.5527379,-26.8474736992384,0.0 -49.5527232,-26.8478337992384,0.0 -49.5527418,-26.8484133992384,0.0 -49.5528628,-26.8492375992383,0.0 -49.5528518,-26.8496785992383,0.0 -49.5528408,-26.8501195992383,0.0 -49.5527232,-26.8508985992383,0.0 -49.5527453,-26.8512807992383,0.0 -49.5527967,-26.8517217992383,0.0 -49.5528114,-26.8520230992383,0.0 -49.5527232,-26.8523023992383,0.0 -49.5525367,-26.8526753992383,0.0 -49.5524586,-26.8528315992383,0.0 -49.5523043,-26.8533680992383,0.0 -49.5523256,-26.8535813992383,0.0 -49.5523484,-26.8538090992383,0.0 -49.5523557,-26.8541103992383,0.0 -49.5522896,-26.8542867992383,0.0 -49.5519368,-26.8545513992383,0.0 -49.5517884,-26.8546250992383,0.0 -49.5514728,-26.8547818992382,0.0 -49.5510401,-26.8548674992382,0.0 -49.550386,-26.8549409992382,0.0 -49.5499965,-26.8551172992382,0.0 -49.5495334,-26.8553451992382,0.0 -49.5492394,-26.8556464992382,0.0 -49.5491095,-26.8559284992382,0.0 -49.5488293,-26.8563167992382,0.0 -49.5486069,-26.8566588992382,0.0 -49.549389,-26.8565770992382,0.0 -49.5500703,-26.8567130992382,0.0 -49.550358,-26.8573709992382,0.0 -49.55055,-26.8581678992382,0.0 -49.5505491,-26.8588311992382,0.0 -49.5502068,-26.8595126992382,0.0 -49.549873,-26.8600619992381,0.0 -49.5496207,-26.8606922992381,0.0 -49.5497621,-26.8609545992381,0.0 -49.550174,-26.8612096992381,0.0 -49.5504272,-26.8613664992381,0.0 -49.5508571,-26.8617972992381,0.0 -49.5513412,-26.8627473992381,0.0 -49.5517381,-26.8635726992381,0.0 -49.551928,-26.864675099238,0.0 -49.5522902,-26.865379499238,0.0 -49.5525273,-26.865985199238,0.0 -49.5527578,-26.867170199238,0.0 -49.5527466,-26.868265499238,0.0 -49.5526405,-26.868908099238,0.0 -49.5525009,-26.869496099238,0.0 -49.5522289,-26.8700913992379,0.0 -49.5518903,-26.8706851992379,0.0 -49.5517225,-26.8714437992379,0.0 -49.5519865,-26.8719894992379,0.0 -49.5522915,-26.8723996992379,0.0 -49.5524388,-26.8728408992379,0.0 -49.5523931,-26.8734383992379,0.0 -49.5521114,-26.8739737992379,0.0 -49.5521373,-26.8744830992379,0.0 -49.55243,-26.8750903992379,0.0 -49.5523382,-26.8753257992378,0.0 -49.5522142,-26.8755816992378,0.0 -49.5520158,-26.8758094992378,0.0 -49.5518468,-26.8760666992378,0.0 -49.551788,-26.8763312992378,0.0 -49.55181,-26.8766326992378,0.0 -49.55181,-26.8766399992378,0.0 -49.551788,-26.8770662992378,0.0 -49.5515051,-26.8778095992378,0.0 -49.5514719,-26.8778967992378,0.0 -49.551369,-26.8783230992378,0.0 -49.5513646,-26.8783704992378,0.0 -49.5513102,-26.8789477992378,0.0 -49.5512514,-26.8792858992378,0.0 -49.5511118,-26.8794916992378,0.0 -49.5508178,-26.8795871992378,0.0 -49.5503254,-26.8798076992378,0.0 -49.5499285,-26.8803956992377,0.0 -49.5497852,-26.8805052992377,0.0 -49.5495536,-26.8806823992377,0.0 -49.5490392,-26.8809027992377,0.0 -49.5480176,-26.8810718992377,0.0 -49.5475872,-26.8815994992377,0.0 -49.5475031,-26.8821669992377,0.0 -49.5474443,-26.8828063992377,0.0 -49.5474341,-26.8829429992377,0.0 -49.5474075,-26.8832987992377,0.0 -49.5475031,-26.8835854992377,0.0 -49.5481866,-26.8844600992377,0.0 -49.5482307,-26.8849892992377,0.0 -49.548069,-26.8853640992376,0.0 -49.5477162,-26.8859299992376,0.0 -49.5474842,-26.8862490992376,0.0 -49.5473046,-26.8864959992376,0.0 -49.5470768,-26.8869662992376,0.0 -49.546996,-26.8875983992376,0.0 -49.5471209,-26.8883553992376,0.0 -49.5475178,-26.8895166992376,0.0 -49.5476351,-26.8902214992376,0.0 -49.5476316,-26.8908238992375,0.0 -49.5475198,-26.8912336992375,0.0 -49.5471824,-26.8916018992375,0.0 -49.5464428,-26.8916396992375,0.0 -49.545934,-26.8916889992375,0.0 -49.5455022,-26.8917157992375,0.0 -49.544688,-26.8918488992375,0.0 -49.5442818,-26.8919067992375,0.0 -49.5438448,-26.8920012992375,0.0 -49.5436476,-26.8928572992375,0.0 -49.5439384,-26.8935295992375,0.0 -49.5438642,-26.8940478992375,0.0 -49.5437881,-26.8944284992375,0.0 -49.5438209,-26.8947918992375,0.0 -49.5439238,-26.8950417992375,0.0 -49.5439321,-26.8950484992375,0.0 -49.5441737,-26.8952402992375,0.0 -49.5443942,-26.8954313992375,0.0 -49.544622,-26.8956444992375,0.0 -49.544644,-26.8960266992374,0.0 -49.5445779,-26.8962177992374,0.0 -49.5443214,-26.8964508992374,0.0 -49.5442839,-26.8967469992374,0.0 -49.5442913,-26.8971143992374,0.0 -49.5443721,-26.8975112992374,0.0 -49.544328,-26.8981286992374,0.0 -49.5443574,-26.8985108992374,0.0 -49.5445191,-26.8988195992374,0.0 -49.5447543,-26.8990400992374,0.0 -49.545091,-26.8993207992374,0.0 -49.5453202,-26.8995691992374,0.0 -49.5455113,-26.8998558992374,0.0 -49.5455481,-26.9001204992374,0.0 -49.5455333,-26.9001447992374,0.0 -49.5454011,-26.9003629992374,0.0 -49.5452761,-26.9005834992374,0.0 -49.5452173,-26.9008480992374,0.0 -49.5452247,-26.9012743992373,0.0 -49.5453937,-26.9015756992373,0.0 -49.5454803,-26.9018137992373,0.0 -49.5454819,-26.9018181992373,0.0 -49.5454452,-26.9022959992373,0.0 -49.5454378,-26.9023032992373,0.0 -49.5453643,-26.9030088992373,0.0 -49.5454231,-26.9036850992373,0.0 -49.5456583,-26.9044493992373,0.0 -49.5457612,-26.9050888992373,0.0 -49.5460846,-26.9062133992373,0.0 -49.5463418,-26.9069997992372,0.0 -49.5463124,-26.9074333992372,0.0 -49.5460331,-26.9080433992372,0.0 -49.5457591,-26.9088004992372,0.0 -49.5449821,-26.9109465992372,0.0 -49.5446367,-26.9118358992371,0.0 -49.5444456,-26.9124164992371,0.0 -49.5443795,-26.9130191992371,0.0 -49.5444677,-26.9133792992371,0.0 -49.5452541,-26.9144596992371,0.0 -49.5457713,-26.9151492992371,0.0 -49.5467304,-26.9164280992371,0.0 -49.5469815,-26.916974099237,0.0 -49.547671,-26.917753699237,0.0 -49.5479294,-26.917943499237,0.0 -49.5481058,-26.918083099237,0.0 -49.5489951,-26.919178199237,0.0 -49.5501269,-26.919927899237,0.0 -49.5506267,-26.920280699237,0.0 -49.5510971,-26.920508499237,0.0 -49.5514454,-26.920884699237,0.0 -49.5514646,-26.920905399237,0.0 -49.5518688,-26.9221327992369,0.0 -49.5520599,-26.9224855992369,0.0 -49.5524568,-26.9226913992369,0.0 -49.5530579,-26.9229793992369,0.0 -49.5531623,-26.9230294992369,0.0 -49.5533828,-26.9233969992369,0.0 -49.553743,-26.9241024992369,0.0 -49.5537867,-26.9242335992369,0.0 -49.5538753,-26.9244993992369,0.0 -49.5541546,-26.9249256992369,0.0 -49.5548599,-26.9254736992369,0.0 -49.5551762,-26.9257194992369,0.0 -49.5559104,-26.9265544992369,0.0 -49.5562425,-26.9269631992368,0.0 -49.5565363,-26.9274868992368,0.0 -49.5569195,-26.9282277992368,0.0 -49.557043,-26.9286445992368,0.0 -49.5574105,-26.9292105992368,0.0 -49.5579103,-26.9298058992368,0.0 -49.558126,-26.9299474992368,0.0 -49.5586379,-26.9302835992368,0.0 -49.5598432,-26.9306069992368,0.0 -49.5604385,-26.9308789992368,0.0 -49.5604763,-26.9309059992368,0.0 -49.5611604,-26.9313956992368,0.0 -49.5615181,-26.9320726992368,0.0 -49.5618119,-26.9323153992367,0.0 -49.5620849,-26.9325252992367,0.0 -49.5623421,-26.9326060992367,0.0 -49.5631065,-26.9326795992367,0.0 -49.5639811,-26.9330103992367,0.0 -49.5650689,-26.9335541992367,0.0 -49.5659923,-26.9341818992367,0.0 -49.5660096,-26.9341936992367,0.0 -49.5660251,-26.9342108992367,0.0 -49.5665509,-26.9347934992367,0.0 -49.5666711,-26.9351637992367,0.0 -49.5668475,-26.9354504992367,0.0 -49.5672664,-26.9358913992367,0.0 -49.5675825,-26.9360677992367,0.0 -49.567715,-26.9361146992367,0.0 -49.5681851,-26.9362809992367,0.0 -49.5686041,-26.9366116992367,0.0 -49.5688834,-26.9370673992367,0.0 -49.5691185,-26.9377186992366,0.0 -49.5698021,-26.9383608992366,0.0 -49.5699858,-26.9386989992366,0.0 -49.5701475,-26.9395221992366,0.0 -49.5704709,-26.9405731992366,0.0 -49.5704341,-26.9416682992366,0.0 -49.5704214,-26.9422150992365,0.0 -49.5707575,-26.9427633992365,0.0 -49.5714116,-26.9436894992365,0.0 -49.5719702,-26.9443288992365,0.0 -49.5723745,-26.9449388992365,0.0 -49.5728754,-26.9458926992365,0.0 -49.5731388,-26.9463941992365,0.0 -49.5739032,-26.9474818992365,0.0 -49.5739855,-26.9476494992365,0.0 -49.5743001,-26.9482903992364,0.0 -49.5748146,-26.9489812992364,0.0 -49.575476,-26.9499513992364,0.0 -49.5758288,-26.9508774992364,0.0 -49.5761228,-26.9516417992364,0.0 -49.5765785,-26.9521709992364,0.0 -49.5773723,-26.9526854992363,0.0 -49.5776515,-26.9532293992363,0.0 -49.5778426,-26.9542876992363,0.0 -49.5779324,-26.9548227992363,0.0 -49.57846,-26.9554195992363,0.0 -49.5787754,-26.9559851992363,0.0 -49.578967,-26.9562789992363,0.0 -49.578967,-26.9566876992363,0.0 -49.5787499,-26.9571219992363,0.0 -49.5784178,-26.9574157992363,0.0 -49.5781878,-26.9576712992363,0.0 -49.57806,-26.9581169992362,0.0 -49.5780856,-26.9585526992362,0.0 -49.5781367,-26.9592679992362,0.0 -49.5782261,-26.9598044992362,0.0 -49.5783156,-26.9604176992362,0.0 -49.5786221,-26.9614139992362,0.0 -49.5787499,-26.9618866992362,0.0 -49.5788904,-26.9628063992362,0.0 -49.5788776,-26.9634705992361,0.0 -49.578801,-26.9643902992361,0.0 -49.5786477,-26.9648756992361,0.0 -49.578405,-26.9651950992361,0.0 -49.5781878,-26.9652971992361,0.0 -49.5777535,-26.9655398992361,0.0 -49.5774597,-26.9659742992361,0.0 -49.5773192,-26.9666384992361,0.0 -49.5773192,-26.9671493992361,0.0 -49.5773448,-26.9676986992361,0.0 -49.5773703,-26.968324599236,0.0 -49.5776513,-26.968937799236,0.0 -49.5779707,-26.969525399236,0.0 -49.5780856,-26.969959699236,0.0 -49.5780601,-26.970623899236,0.0 -49.5777177,-26.971228799236,0.0 -49.5768945,-26.971926999236,0.0 -49.576527,-26.972367999236,0.0 -49.5763433,-26.972794299236,0.0 -49.5764168,-26.973132399236,0.0 -49.5766446,-26.9737570992359,0.0 -49.5771297,-26.9747051992359,0.0 -49.5771444,-26.9750138992359,0.0 -49.5771404,-26.9752351992359,0.0 -49.5768504,-26.9757855992359,0.0 -49.5764756,-26.9762559992359,0.0 -49.5762257,-26.9766087992359,0.0 -49.5760787,-26.9770570992359,0.0 -49.5761111,-26.9771319992359,0.0 -49.5762183,-26.9773804992359,0.0 -49.5762992,-26.9777846992359,0.0 -49.5763874,-26.9784093992358,0.0 -49.5765197,-26.9789018992358,0.0 -49.5764903,-26.9791958992358,0.0 -49.5764025,-26.9792489992358,0.0 -49.576211,-26.9793648992358,0.0 -49.5757186,-26.9797323992358,0.0 -49.5755054,-26.9801218992358,0.0 -49.5755422,-26.9806878992358,0.0 -49.5756598,-26.9821283992358,0.0 -49.5759244,-26.9831132992358,0.0 -49.5761008,-26.9839143992357,0.0 -49.5763874,-26.9844655992357,0.0 -49.5768651,-26.9848844992357,0.0 -49.5772988,-26.9850902992357,0.0 -49.5776515,-26.9853034992357,0.0 -49.5778573,-26.9854724992357,0.0 -49.578009,-26.9856713992357,0.0 -49.5781367,-26.9860034992357,0.0 -49.5779973,-26.9866142992357,0.0 -49.5778942,-26.9868709992357,0.0 -49.5778281,-26.9870467992357,0.0 -49.5777673,-26.9872120992357,0.0 -49.5777472,-26.9873143992357,0.0 -49.5776932,-26.9875433992357,0.0 -49.5776241,-26.9876625992357,0.0 -49.5775225,-26.9877590992357,0.0 -49.5774056,-26.9878269992357,0.0 -49.5772682,-26.9879369992357,0.0 -49.5771363,-26.9881083992357,0.0 -49.577071,-26.9883148992357,0.0 -49.577046,-26.9884629992357,0.0 -49.5770529,-26.9886763992357,0.0 -49.5770642,-26.9887466992357,0.0 -49.5770755,-26.9888169992356,0.0 -49.5771208,-26.9890096992356,0.0 -49.5772108,-26.9891298992356,0.0 -49.5773295,-26.9892635992356,0.0 -49.5774124,-26.9894166992356,0.0 -49.5774914,-26.9895627992356,0.0 -49.577533,-26.9896304992356,0.0 -49.5775627,-26.9897089992356,0.0 -49.5775562,-26.9897878992356,0.0 -49.5775326,-26.9898357992356,0.0 -49.5774655,-26.9899301992356,0.0 -49.5774293,-26.9899949992356,0.0 -49.5774226,-26.9900130992356,0.0 -49.5774004,-26.9900784992356,0.0 -49.577391,-26.9901105992356,0.0 -49.5773812,-26.9901441992356,0.0 -49.577358,-26.9903125992356,0.0 -49.5773354,-26.9904096992356,0.0 -49.5773189,-26.9904768992356,0.0 -49.5773057,-26.9905308992356,0.0 -49.5772893,-26.9906233992356,0.0 -49.5772494,-26.9907964992356,0.0 -49.5771897,-26.9909146992356,0.0 -49.5771316,-26.9910588992356,0.0 -49.5770818,-26.9911574992356,0.0 -49.5770516,-26.9912361992356,0.0 -49.5770303,-26.9913257992356,0.0 -49.5769958,-26.9913990992356,0.0 -49.5769703,-26.9914843992356,0.0 -49.5769212,-26.9915587992356,0.0 -49.5769048,-26.9917627992356,0.0 -49.5769466,-26.9917743992356,0.0 -49.5771768,-26.9918304992356,0.0 -49.5772647,-26.9918962992356,0.0 -49.5773261,-26.9919716992356,0.0 -49.5774014,-26.9921181992356,0.0 -49.5775232,-26.9922041992356,0.0 -49.5777374,-26.9922843992356,0.0 -49.5779419,-26.9923546992356,0.0 -49.5781479,-26.9924525992356,0.0 -49.5783029,-26.9925790992356,0.0 -49.578515,-26.9927589992356,0.0 -49.578599,-26.9929003992356,0.0 -49.5786081,-26.9929518992356,0.0 -49.5786054,-26.9929557992356,0.0 -49.5786021,-26.9930109992356,0.0 -49.578605,-26.9930452992356,0.0 -49.5786074,-26.9930768992356,0.0 -49.5786066,-26.9931010992356,0.0 -49.5785972,-26.9931375992356,0.0 -49.5785474,-26.9931908992356,0.0 -49.5785033,-26.9932067992356,0.0 -49.5784616,-26.9932191992356,0.0 -49.5784285,-26.9932345992356,0.0 -49.5784032,-26.9932506992356,0.0 -49.5783847,-26.9932734992356,0.0 -49.5783697,-26.9933015992356,0.0 -49.5783316,-26.9933364992356,0.0 -49.5782846,-26.9933645992356,0.0 -49.5782482,-26.9933840992356,0.0 -49.5782244,-26.9933990992356,0.0 -49.5782224,-26.9933999992356,0.0 -49.5781395,-26.9934737992356,0.0 -49.578105,-26.9935118992356,0.0 -49.5781,-26.9935264992356,0.0 -49.5780792,-26.9935766992356,0.0 -49.5780713,-26.9936212992356,0.0 -49.5780713,-26.9936873992356,0.0 -49.5780743,-26.9937624992356,0.0 -49.5780787,-26.9938368992356,0.0 -49.5780912,-26.9939090992356,0.0 -49.5780922,-26.9939150992355,0.0 -49.5781207,-26.9939851992355,0.0 -49.5781606,-26.9940301992356,0.0 -49.5782186,-26.9940670992355,0.0 -49.5782514,-26.9940710992355,0.0 -49.5782649,-26.9940777992356,0.0 -49.5783181,-26.9941039992355,0.0 -49.5783839,-26.9941507992355,0.0 -49.5784132,-26.9941886992355,0.0 -49.5784666,-26.9942909992355,0.0 -49.5785068,-26.9943809992355,0.0 -49.578562,-26.9946043992355,0.0 -49.5786143,-26.9947172992355,0.0 -49.5787156,-26.9948117992355,0.0 -49.5787562,-26.9948596992355,0.0 -49.5787796,-26.9949149992355,0.0 -49.5787961,-26.9949745992355,0.0 -49.5788011,-26.9950517992355,0.0 -49.578788,-26.9951417992355,0.0 -49.5787748,-26.9952106992355,0.0 -49.5787716,-26.9952614992355,0.0 -49.5787839,-26.9953303992355,0.0 -49.5787957,-26.9953621992355,0.0 -49.5788839,-26.9954660992355,0.0 -49.5788921,-26.9954757992355,0.0 -49.5789426,-26.9955106992355,0.0 -49.5790116,-26.9955589992355,0.0 -49.5790661,-26.9955976992355,0.0 -49.5791155,-26.9956317992355,0.0 -49.5792945,-26.9957507992355,0.0 -49.5793267,-26.9957721992355,0.0 -49.5793605,-26.9958052992355,0.0 -49.5793771,-26.9958464992355,0.0 -49.5793778,-26.9958674992355,0.0 -49.5793789,-26.9959000992355,0.0 -49.5793761,-26.9959457992355,0.0 -49.5793536,-26.9960493992355,0.0 -49.5793388,-26.9961052992355,0.0 -49.5793379,-26.9961086992355,0.0 -49.5793551,-26.9961585992355,0.0 -49.579428,-26.9962208992355,0.0 -49.5794597,-26.9962371992355,0.0 -49.5795423,-26.9962623992355,0.0 -49.5796702,-26.9963167992355,0.0 -49.5797365,-26.9963479992355,0.0 -49.5797971,-26.9963995992355,0.0 -49.5799004,-26.9964876992355,0.0 -49.5799235,-26.9965073992355,0.0 -49.5801229,-26.9967232992355,0.0 -49.5802767,-26.9968645992355,0.0 -49.5805549,-26.9970188992355,0.0 -49.58059,-26.9970385992355,0.0 -49.5807986,-26.9971551992355,0.0 -49.5809293,-26.9972562992355,0.0 -49.5809642,-26.9974120992355,0.0 -49.580894,-26.9975477992355,0.0 -49.5808628,-26.9976646992355,0.0 -49.5808604,-26.9977547992355,0.0 -49.5808892,-26.9979773992355,0.0 -49.580905,-26.9980587992355,0.0 -49.5809729,-26.9983534992355,0.0 -49.5809899,-26.9984530992355,0.0 -49.5810311,-26.9986628992355,0.0 -49.5810364,-26.9987355992355,0.0 -49.5810489,-26.9989045992355,0.0 -49.5810292,-26.9990573992355,0.0 -49.5810188,-26.9991320992354,0.0 -49.5810183,-26.9991856992355,0.0 -49.5810409,-26.9992892992355,0.0 -49.5810747,-26.9993713992355,0.0 -49.5811346,-26.9994377992354,0.0 -49.5813558,-26.9995721992354,0.0 -49.5814411,-26.9996470992354,0.0 -49.5815907,-26.9997832992354,0.0 -49.5816909,-26.9999008992354,0.0 -49.5816929,-26.9999058992354,0.0 -49.5817317,-27.0000029992354,0.0 -49.5818472,-27.0004086992354,0.0 -49.5817839,-27.0011153992354,0.0 -49.5816716,-27.0013825992354,0.0 -49.5816132,-27.0016990992354,0.0 -49.5815059,-27.0022065992354,0.0 -49.5817402,-27.0022884992354,0.0 -49.582141,-27.0024921992354,0.0 -49.5824341,-27.0026576992354,0.0 -49.5826124,-27.0027451992354,0.0 -49.582775,-27.0028026992354,0.0 -49.5831504,-27.0029343992354,0.0 -49.5834308,-27.0029929992354,0.0 -49.583598,-27.0030444992354,0.0 -49.5837744,-27.0031138992354,0.0 -49.5842265,-27.0033499992354,0.0 -49.584232,-27.0033528992354,0.0 -49.5847924,-27.0036004992354,0.0 -49.58528,-27.0038265992354,0.0 -49.5855135,-27.0039348992354,0.0 -49.585519,-27.0039368992354,0.0 -49.5857475,-27.0040226992354,0.0 -49.5860202,-27.0041250992354,0.0 -49.5863109,-27.0041996992354,0.0 -49.5866295,-27.0042653992354,0.0 -49.5869436,-27.0043531992354,0.0 -49.5871454,-27.0044277992354,0.0 -49.5872433,-27.0044923992354,0.0 -49.5873306,-27.0046267992353,0.0 -49.5875725,-27.0049401992353,0.0 -49.5877016,-27.0051238992353,0.0 -49.5877768,-27.0052774992353,0.0 -49.5878209,-27.0054010992353,0.0 -49.5878919,-27.0055430992353,0.0 -49.5879283,-27.0055986992353,0.0 -49.5879836,-27.0056403992353,0.0 -49.5880619,-27.0056733992353,0.0 -49.5883467,-27.0057272992353,0.0 -49.5886406,-27.0057828992353,0.0 -49.5888241,-27.0058709992353,0.0 -49.5889741,-27.0060022992353,0.0 -49.5890725,-27.0061317992353,0.0 -49.589137,-27.0062299992353,0.0 -49.5891822,-27.0062715992353,0.0 -49.5892575,-27.0063186992353,0.0 -49.5893673,-27.0063558992353,0.0 -49.5898037,-27.0063905992353,0.0 -49.5899022,-27.0064147992353,0.0 -49.5899347,-27.0064330992353,0.0 -49.5899534,-27.0064435992353,0.0 -49.589977,-27.0064939992353,0.0 -49.58998,-27.0065875992353,0.0 -49.589949,-27.0076470992353,0.0 -49.5899662,-27.0085466992353,0.0 -49.5900171,-27.0086947992353,0.0 -49.590066,-27.0087825992353,0.0 -49.5901537,-27.0088593992353,0.0 -49.5902405,-27.0089026992353,0.0 -49.590349,-27.0089257992353,0.0 -49.5904695,-27.0089169992353,0.0 -49.5905976,-27.0088735992353,0.0 -49.5913592,-27.0085167992353,0.0 -49.5915427,-27.0085035992353,0.0 -49.591729,-27.0085018992353,0.0 -49.5921716,-27.0085121992353,0.0 -49.5923119,-27.0085163992353,0.0 -49.5925131,-27.0084712992353,0.0 -49.5926325,-27.0084380992353,0.0 -49.5928767,-27.0083636992353,0.0 -49.5929001,-27.0083564992353,0.0 -49.5930749,-27.0083572992353,0.0 -49.5931991,-27.0083882992353,0.0 -49.5932359,-27.0084207992353,0.0 -49.5932764,-27.0084943992353,0.0 -49.5932963,-27.0085376992353,0.0 -49.5933083,-27.0085639992353,0.0 -49.5933308,-27.0085924992353,0.0 -49.5933934,-27.0086253992353,0.0 -49.5934491,-27.0086387992353,0.0 -49.5935645,-27.0086424992353,0.0 -49.593578,-27.0086428992353,0.0 -49.5940269,-27.0086057992353,0.0 -49.5941513,-27.0086251992353,0.0 -49.5942082,-27.0086489992353,0.0 -49.5942407,-27.0086865992353,0.0 -49.5942897,-27.0090463992353,0.0 -49.5942906,-27.0092667992353,0.0 -49.5942926,-27.0094529992353,0.0 -49.5942978,-27.0095315992353,0.0 -49.5943143,-27.0096015992352,0.0 -49.5943412,-27.0096751992352,0.0 -49.594379,-27.0097367992352,0.0 -49.5944151,-27.0097847992352,0.0 -49.594705,-27.0100059992352,0.0 -49.5947353,-27.0100570992352,0.0 -49.5947528,-27.0101120992352,0.0 -49.5947278,-27.0104638992352,0.0 -49.5947337,-27.0105204992352,0.0 -49.5947457,-27.0105682992352,0.0 -49.5947699,-27.0106121992352,0.0 -49.5948005,-27.0106416992352,0.0 -49.594805,-27.0106459992352,0.0 -49.5948627,-27.0106761992352,0.0 -49.5948986,-27.0106846992352,0.0 -49.594967,-27.0106935992352,0.0 -49.5954011,-27.0107175992352,0.0 -49.5956711,-27.0107516992352,0.0 -49.5957226,-27.0107812992352,0.0 -49.5957656,-27.0108115992352,0.0 -49.5958067,-27.0108357992352,0.0 -49.5958186,-27.0108373992352,0.0 -49.5958522,-27.0108421992352,0.0 -49.595896,-27.0108324992352,0.0 -49.5959457,-27.0108075992352,0.0 -49.5963555,-27.0105718992352,0.0 -49.59664,-27.0103967992352,0.0 -49.5966982,-27.0103664992352,0.0 -49.5967739,-27.0103454992352,0.0 -49.596827,-27.0103416992352,0.0 -49.5970234,-27.0103503992352,0.0 -49.5970715,-27.0103567992352,0.0 -49.5971337,-27.0103485992352,0.0 -49.5971973,-27.0103282992352,0.0 -49.597251,-27.0103066992352,0.0 -49.5973118,-27.0102932992352,0.0 -49.5973634,-27.0102880992352,0.0 -49.5974142,-27.0102899992352,0.0 -49.5975477,-27.0103137992352,0.0 -49.5975915,-27.0103210992352,0.0 -49.5976393,-27.0103204992352,0.0 -49.5977128,-27.0103027992352,0.0 -49.597757,-27.0102832992352,0.0 -49.5978053,-27.0102502992352,0.0 -49.5978576,-27.0102079992352,0.0 -49.597907,-27.0101603992352,0.0 -49.5979624,-27.0101045992352,0.0 -49.5980902,-27.0098467992352,0.0 -49.5981425,-27.0096822992352,0.0 -49.5981716,-27.0096294992352,0.0 -49.5982053,-27.0095946992353,0.0 -49.5982372,-27.0095663992353,0.0 -49.5982844,-27.0095356992352,0.0 -49.5984575,-27.0094598992353,0.0 -49.5985187,-27.0094330992353,0.0 -49.5986672,-27.0093843992352,0.0 -49.5987547,-27.0093721992353,0.0 -49.5989345,-27.0093610992352,0.0 -49.59898,-27.0093646992353,0.0 -49.5990411,-27.0093573992352,0.0 -49.5991032,-27.0093346992353,0.0 -49.5991557,-27.0093031992353,0.0 -49.5991962,-27.0092708992353,0.0 -49.5993496,-27.0090945992353,0.0 -49.5993713,-27.0090575992353,0.0 -49.5993947,-27.0090328992353,0.0 -49.5994198,-27.0090175992353,0.0 -49.5994485,-27.0090088992353,0.0 -49.5994629,-27.0090163992353,0.0 -49.5994794,-27.0090398992353,0.0 -49.599556,-27.0092096992353,0.0 -49.5995803,-27.0092648992353,0.0 -49.5996124,-27.0093089992353,0.0 -49.5996534,-27.0093213992353,0.0 -49.5996836,-27.0093122992353,0.0 -49.5997042,-27.0092940992353,0.0 -49.5997378,-27.0092615992353,0.0 -49.5997775,-27.0092372992353,0.0 -49.5998037,-27.0092370992353,0.0 -49.5999191,-27.0092674992353,0.0 -49.5999595,-27.0092995992353,0.0 -49.5999727,-27.0093431992353,0.0 -49.6000509,-27.0097592992353,0.0 -49.600074,-27.0099431992352,0.0 -49.6000908,-27.0100038992352,0.0 -49.6001117,-27.0100391992352,0.0 -49.600148,-27.0100810992352,0.0 -49.600155,-27.0100863992352,0.0 -49.6001874,-27.0101112992352,0.0 -49.6004184,-27.0102429992352,0.0 -49.6005782,-27.0103896992352,0.0 -49.6006267,-27.0104267992352,0.0 -49.600674,-27.0104561992352,0.0 -49.6007121,-27.0104778992352,0.0 -49.6008793,-27.0106627992352,0.0 -49.6009523,-27.0107435992352,0.0 -49.6010431,-27.0108547992352,0.0 -49.6011436,-27.0110235992352,0.0 -49.6012364,-27.0108382992352,0.0 -49.6013292,-27.0106529992352,0.0 -49.6013698,-27.0105693992352,0.0 -49.6014106,-27.0104811992352,0.0 -49.6014513,-27.0103897992352,0.0 -49.6014912,-27.0102960992352,0.0 -49.60153,-27.0102012992352,0.0 -49.6016043,-27.0100147992352,0.0 -49.6016403,-27.0099264992352,0.0 -49.6016759,-27.0098434992352,0.0 -49.6016939,-27.0098039992352,0.0 -49.6017307,-27.0097275992352,0.0 -49.60175,-27.0096898992353,0.0 -49.6017911,-27.0096141992352,0.0 -49.6018367,-27.0095356992352,0.0 -49.6019126,-27.0094096992353,0.0 -49.6019661,-27.0093192992353,0.0 -49.6019932,-27.0092718992353,0.0 -49.6020202,-27.0092229992353,0.0 -49.602047,-27.0091725992353,0.0 -49.6020734,-27.0091209992353,0.0 -49.6021248,-27.0090157992353,0.0 -49.6021737,-27.0089106992353,0.0 -49.6022193,-27.0088088992353,0.0 -49.6023328,-27.0085466992353,0.0 -49.6023635,-27.0084783992353,0.0 -49.6023911,-27.0084210992353,0.0 -49.6024167,-27.0083731992353,0.0 -49.6024292,-27.0083519992353,0.0 -49.6024541,-27.0083135992353,0.0 -49.6024668,-27.0082957992353,0.0 -49.6024935,-27.0082619992353,0.0 -49.6025219,-27.0082304992353,0.0 -49.6025367,-27.0082156992353,0.0 -49.6025676,-27.0081875992353,0.0 -49.6025838,-27.0081744992353,0.0 -49.6026003,-27.0081619992353,0.0 -49.6026341,-27.0081386992353,0.0 -49.6026512,-27.0081279992353,0.0 -49.6026847,-27.0081082992353,0.0 -49.6027319,-27.0080832992353,0.0 -49.6028038,-27.0080481992353,0.0 -49.602834,-27.0080327992353,0.0 -49.602867,-27.0080146992353,0.0 -49.6029034,-27.0079923992353,0.0 -49.6029437,-27.0079642992353,0.0 -49.6029655,-27.0079475992353,0.0 -49.6029884,-27.0079288992353,0.0 -49.6030125,-27.0079080992353,0.0 -49.6030376,-27.0078848992353,0.0 -49.6030637,-27.0078592992353,0.0 -49.6030906,-27.0078311992353,0.0 -49.6031181,-27.0078003992353,0.0 -49.6031461,-27.0077667992353,0.0 -49.6031746,-27.0077302992353,0.0 -49.6032032,-27.0076907992353,0.0 -49.603232,-27.0076483992353,0.0 -49.6032606,-27.0076035992353,0.0 -49.6032887,-27.0075573992353,0.0 -49.6033162,-27.0075104992353,0.0 -49.6033426,-27.0074636992353,0.0 -49.6033914,-27.0073738992353,0.0 -49.6034331,-27.0072943992353,0.0 -49.603467,-27.0072273992353,0.0 -49.6034942,-27.0071712992353,0.0 -49.6035158,-27.0071240992353,0.0 -49.603533,-27.0070837992353,0.0 -49.6035469,-27.0070479992353,0.0 -49.6035591,-27.0070136992353,0.0 -49.6035843,-27.0069373992353,0.0 -49.603608,-27.0068624992353,0.0 -49.6036265,-27.0067998992353,0.0 -49.6036587,-27.0066811992353,0.0 -49.6036952,-27.0065350992353,0.0 -49.6037634,-27.0062458992353,0.0 -49.6037946,-27.0061198992353,0.0 -49.6038085,-27.0060692992353,0.0 -49.6038238,-27.0060183992353,0.0 -49.6038408,-27.0059667992353,0.0 -49.6038597,-27.0059142992353,0.0 -49.6038808,-27.0058606992353,0.0 -49.6039038,-27.0058063992353,0.0 -49.6039282,-27.0057518992353,0.0 -49.6039538,-27.0056976992353,0.0 -49.60398,-27.0056442992353,0.0 -49.6040329,-27.0055418992353,0.0 -49.6040836,-27.0054487992353,0.0 -49.6041079,-27.0054059992353,0.0 -49.6041321,-27.0053651992353,0.0 -49.6041564,-27.0053259992353,0.0 -49.6041813,-27.0052877992353,0.0 -49.6042072,-27.0052503992353,0.0 -49.6042345,-27.0052131992353,0.0 -49.6042635,-27.0051758992353,0.0 -49.6042945,-27.0051380992353,0.0 -49.6043274,-27.0050996992353,0.0 -49.6043619,-27.0050610992353,0.0 -49.6044348,-27.0049829992353,0.0 -49.6044727,-27.0049438992353,0.0 -49.6045501,-27.0048659992353,0.0 -49.604628,-27.0047894992353,0.0 -49.6046669,-27.0047522992353,0.0 -49.6047442,-27.0046808992353,0.0 -49.6047825,-27.0046470992353,0.0 -49.6048203,-27.0046149992353,0.0 -49.6048576,-27.0045846992353,0.0 -49.6048944,-27.0045563992353,0.0 -49.6049308,-27.0045298992353,0.0 -49.6049668,-27.0045050992353,0.0 -49.6050027,-27.0044816992353,0.0 -49.6050385,-27.0044595992353,0.0 -49.6050743,-27.0044385992353,0.0 -49.6051103,-27.0044184992354,0.0 -49.6051834,-27.0043801992354,0.0 -49.6052207,-27.0043618992354,0.0 -49.6052968,-27.0043266992353,0.0 -49.6053358,-27.0043099992353,0.0 -49.6053756,-27.0042937992353,0.0 -49.6054161,-27.0042780992354,0.0 -49.6054574,-27.0042629992354,0.0 -49.6054995,-27.0042483992354,0.0 -49.6055425,-27.0042343992354,0.0 -49.6056305,-27.0042073992354,0.0 -49.6057209,-27.0041814992354,0.0 -49.6058597,-27.0041431992354,0.0 -49.6059539,-27.0041178992354,0.0 -49.6060493,-27.0040932992354,0.0 -49.6061459,-27.0040701992354,0.0 -49.6061947,-27.0040593992354,0.0 -49.6062932,-27.0040395992354,0.0 -49.6063428,-27.0040304992354,0.0 -49.6064426,-27.0040136992354,0.0 -49.6065933,-27.0039910992354,0.0 -49.606904,-27.0039486992354,0.0 -49.6070155,-27.0039324992354,0.0 -49.6071338,-27.0039137992354,0.0 -49.6071963,-27.0039031992354,0.0 -49.6073293,-27.0038786992354,0.0 -49.6074753,-27.0038489992354,0.0 -49.6075539,-27.0038317992354,0.0 -49.6077223,-27.0037926992354,0.0 -49.6078109,-27.0037710992354,0.0 -49.6084062,-27.0036226992354,0.0 -49.6085521,-27.0035883992354,0.0 -49.6086217,-27.0035732992354,0.0 -49.6086896,-27.0035595992354,0.0 -49.6087562,-27.0035472992354,0.0 -49.608822,-27.0035366992354,0.0 -49.6088872,-27.0035275992354,0.0 -49.6089518,-27.0035199992354,0.0 -49.6090156,-27.0035138992354,0.0 -49.6090787,-27.0035091992354,0.0 -49.6091407,-27.0035056992354,0.0 -49.6092016,-27.0035033992354,0.0 -49.6092612,-27.0035021992354,0.0 -49.6093194,-27.0035019992354,0.0 -49.6093762,-27.0035027992354,0.0 -49.6094313,-27.0035042992354,0.0 -49.609485,-27.0035065992354,0.0 -49.6095878,-27.0035128992354,0.0 -49.6096846,-27.0035208992354,0.0 -49.609819,-27.0035342992354,0.0 -49.6100679,-27.0035612992354,0.0 -49.6101517,-27.0035693992354,0.0 -49.6102361,-27.0035766992354,0.0 -49.6103613,-27.0035858992354,0.0 -49.6104418,-27.0035906992354,0.0 -49.6105194,-27.0035942992354,0.0 -49.6105946,-27.0035962992354,0.0 -49.610668,-27.0035966992354,0.0 -49.6107401,-27.0035951992354,0.0 -49.6108115,-27.0035920992354,0.0 -49.6109541,-27.0035844992354,0.0 -49.6110626,-27.0035806992354,0.0 -49.6111726,-27.0035791992354,0.0 -49.6114391,-27.0035792992354,0.0 -49.6115954,-27.0035768992354,0.0 -49.6116862,-27.0035732992354,0.0 -49.6117812,-27.0035676992354,0.0 -49.6118773,-27.0035598992354,0.0 -49.6119248,-27.0035550992354,0.0 -49.6119715,-27.0035495992354,0.0 -49.6120171,-27.0035433992354,0.0 -49.6120619,-27.0035362992354,0.0 -49.6121064,-27.0035280992354,0.0 -49.6121511,-27.0035186992354,0.0 -49.6121965,-27.0035076992354,0.0 -49.612243,-27.0034950992354,0.0 -49.612291,-27.0034804992354,0.0 -49.6123412,-27.0034638992354,0.0 -49.6123937,-27.0034449992354,0.0 -49.612448,-27.0034242992354,0.0 -49.6125034,-27.0034019992354,0.0 -49.6125592,-27.0033785992354,0.0 -49.6126147,-27.0033544992354,0.0 -49.6127218,-27.0033055992354,0.0 -49.6127719,-27.0032815992354,0.0 -49.6128634,-27.0032358992354,0.0 -49.6129453,-27.0031918992354,0.0 -49.6130211,-27.0031482992354,0.0 -49.613094,-27.0031034992354,0.0 -49.6131303,-27.0030802992354,0.0 -49.6132024,-27.0030325992354,0.0 -49.6132717,-27.0029845992354,0.0 -49.6133047,-27.0029609992354,0.0 -49.6133659,-27.0029155992354,0.0 -49.6134199,-27.0028733992354,0.0 -49.6134445,-27.0028530992354,0.0 -49.6134905,-27.0028128992354,0.0 -49.613534,-27.0027717992354,0.0 -49.6135772,-27.0027277992354,0.0 -49.6135989,-27.0027043992354,0.0 -49.6136422,-27.0026546992354,0.0 -49.6136636,-27.0026282992354,0.0 -49.6136847,-27.0026008992354,0.0 -49.6137055,-27.0025725992354,0.0 -49.6137257,-27.0025431992354,0.0 -49.6137453,-27.0025126992354,0.0 -49.6137644,-27.0024807992354,0.0 -49.6137831,-27.0024473992354,0.0 -49.6138014,-27.0024120992354,0.0 -49.6138195,-27.0023746992354,0.0 -49.6138374,-27.0023347992354,0.0 -49.6138552,-27.0022921992354,0.0 -49.6138731,-27.0022465992354,0.0 -49.6140029,-27.0022077992354,0.0 -49.6140867,-27.0021892992354,0.0 -49.6142021,-27.0021865992354,0.0 -49.614306,-27.0021948992354,0.0 -49.6143374,-27.0022015992354,0.0 -49.6144071,-27.0022149992354,0.0 -49.6146446,-27.0022922992354,0.0 -49.6146844,-27.0022307992354,0.0 -49.6147242,-27.0021693992354,0.0 -49.6148192,-27.0020359992354,0.0 -49.6148939,-27.0019499992354,0.0 -49.6149526,-27.0019202992354,0.0 -49.6150406,-27.0019158992354,0.0 -49.6151335,-27.0019346992354,0.0 -49.6152256,-27.0019632992354,0.0 -49.6153164,-27.0020013992354,0.0 -49.6154019,-27.0020549992354,0.0 -49.6154761,-27.0021252992354,0.0 -49.6155327,-27.0021882992354,0.0 -49.61557,-27.0022329992354,0.0 -49.6156142,-27.0022557992354,0.0 -49.6156513,-27.0022554992354,0.0 -49.615681,-27.0022377992354,0.0 -49.6157218,-27.0021879992354,0.0 -49.6157674,-27.0021048992354,0.0 -49.6157953,-27.0019974992354,0.0 -49.6158384,-27.0018016992354,0.0 -49.6158612,-27.0017431992354,0.0 -49.6158895,-27.0017129992354,0.0 -49.6159118,-27.0016997992354,0.0 -49.6159394,-27.0016963992354,0.0 -49.6159797,-27.0017058992354,0.0 -49.6160285,-27.0017339992354,0.0 -49.6160907,-27.0017734992354,0.0 -49.6161918,-27.0018625992354,0.0 -49.6162416,-27.0019292992354,0.0 -49.6162911,-27.0020288992354,0.0 -49.616341,-27.0021814992354,0.0 -49.6164602,-27.0022019992354,0.0 -49.6165092,-27.0022043992354,0.0 -49.6165489,-27.0022026992354,0.0 -49.6165848,-27.0021815992354,0.0 -49.6166451,-27.0021482992354,0.0 -49.616742,-27.0021042992354,0.0 -49.6167642,-27.0020772992354,0.0 -49.6167796,-27.0020392992354,0.0 -49.6168288,-27.0019498992354,0.0 -49.6168853,-27.0018743992354,0.0 -49.6169131,-27.0018465992354,0.0 -49.6169674,-27.0018154992354,0.0 -49.6170578,-27.0017806992354,0.0 -49.6171826,-27.0017483992354,0.0 -49.6173775,-27.0017168992354,0.0 -49.6176317,-27.0016894992354,0.0 -49.6180292,-27.0016466992354,0.0 -49.6183385,-27.0016155992354,0.0 -49.6185163,-27.0016036992354,0.0 -49.6187252,-27.0016216992354,0.0 -49.6189197,-27.0016379992354,0.0 -49.6191057,-27.0016504992354,0.0 -49.6192267,-27.0016561992354,0.0 -49.6193996,-27.0016328992354,0.0 -49.6195713,-27.0015761992354,0.0 -49.6197234,-27.0015268992354,0.0 -49.6199339,-27.0014795992354,0.0 -49.6200858,-27.0014462992354,0.0 -49.6202661,-27.0014419992354,0.0 -49.6204371,-27.0014420992354,0.0 -49.6210428,-27.0010360992354,0.0 -49.6213914,-27.0008717992354,0.0 -49.6215591,-27.0007917992354,0.0 -49.6217162,-27.0007697992354,0.0 -49.6218607,-27.0007763992354,0.0 -49.6220353,-27.0008000992354,0.0 -49.622277,-27.0008458992354,0.0 -49.6224214,-27.0008575992354,0.0 -49.6225925,-27.0008386992354,0.0 -49.6227549,-27.0007865992354,0.0 -49.6230265,-27.0006008992354,0.0 -49.6234138,-27.0003625992354,0.0 -49.6240719,-27.0000673992354,0.0 -49.6242817,-27.0000001992354,0.0 -49.6249075,-26.9998407992354,0.0 -49.6250028,-26.9997593992354,0.0 -49.6251816,-26.9996569992354,0.0 -49.6254015,-26.9995536992354,0.0 -49.6255849,-26.9994390992354,0.0 -49.6258393,-26.9991702992354,0.0 -49.6259881,-26.9989964992355,0.0 -49.6261176,-26.9988452992355,0.0 -49.6262334,-26.9985200992355,0.0 -49.6262347,-26.9983682992355,0.0 -49.6262945,-26.9981344992355,0.0 -49.6265465,-26.9978829992355,0.0 -49.6268318,-26.9976885992355,0.0 -49.6269715,-26.9976390992355,0.0 -49.6273234,-26.9974668992355,0.0 -49.6277523,-26.9973230992355,0.0 -49.6280231,-26.9972486992355,0.0 -49.6283303,-26.9972460992355,0.0 -49.6286554,-26.9972199992355,0.0 -49.6290658,-26.9971964992355,0.0 -49.6292498,-26.9971662992355,0.0 -49.6296047,-26.9969999992355,0.0 -49.629852,-26.9969122992355,0.0 -49.6299449,-26.9967596992355,0.0 -49.6299895,-26.9966817992355,0.0 -49.6300341,-26.9966037992355,0.0 -49.6301238,-26.9964624992355,0.0 -49.6302442,-26.9963173992355,0.0 -49.6304872,-26.9960893992355,0.0 -49.6306091,-26.9958761992355,0.0 -49.630603,-26.9956869992355,0.0 -49.6305658,-26.9956095992355,0.0 -49.6307972,-26.9956168992355,0.0 -49.6311132,-26.9955874992355,0.0 -49.6314954,-26.9955654992355,0.0 -49.6317453,-26.9953743992355,0.0 -49.631851,-26.9952304992355,0.0 -49.6320099,-26.9950142992355,0.0 -49.6324766,-26.9944645992355,0.0 -49.6328257,-26.9937169992356,0.0 -49.6330136,-26.9933795992356,0.0 -49.633252,-26.9930591992356,0.0 -49.6337591,-26.9920155992356,0.0 -49.6341487,-26.9912805992356,0.0 -49.6343265,-26.9905761992356,0.0 -49.6344546,-26.9900293992356,0.0 -49.6345257,-26.9894779992356,0.0 -49.6344978,-26.9893376992356,0.0 -49.6344224,-26.9889591992357,0.0 -49.6344515,-26.9882786992357,0.0 -49.6344911,-26.9878661992357,0.0 -49.6347073,-26.9875792992357,0.0 -49.6350225,-26.9870731992357,0.0 -49.6352412,-26.9867822992357,0.0 -49.6355265,-26.9861510992357,0.0 -49.6359942,-26.9858305992357,0.0 -49.6366359,-26.9855069992357,0.0 -49.6372462,-26.9849182992357,0.0 -49.6375706,-26.9841329992357,0.0 -49.6382289,-26.9832407992358,0.0 -49.6386013,-26.9823746992358,0.0 -49.6391037,-26.9814738992358,0.0 -49.6395368,-26.9806163992358,0.0 -49.6399439,-26.9800706992358,0.0 -49.6400228,-26.9798962992358,0.0 -49.640273,-26.9793430992358,0.0 -49.6405693,-26.9784559992359,0.0 -49.6407318,-26.9778396992359,0.0 -49.640971,-26.9773350992359,0.0 -49.6411869,-26.9767918992359,0.0 -49.6414727,-26.9761115992359,0.0 -49.6420313,-26.9756446992359,0.0 -49.6425423,-26.9753761992359,0.0 -49.6435523,-26.9748926992359,0.0 -49.6442927,-26.9744955992359,0.0 -49.6455912,-26.9739382992359,0.0 -49.6461542,-26.9735312992359,0.0 -49.6467518,-26.972985599236,0.0 -49.648486,-26.971808699236,0.0 -49.6491324,-26.971509199236,0.0 -49.6499146,-26.971094999236,0.0 -49.6507818,-26.970380999236,0.0 -49.6508715,-26.970194999236,0.0 -49.6512122,-26.969488599236,0.0 -49.6514689,-26.968730099236,0.0 -49.6520405,-26.9681479992361,0.0 -49.6524122,-26.9679046992361,0.0 -49.6526721,-26.9674796992361,0.0 -49.653144,-26.9672775992361,0.0 -49.6536724,-26.9669051992361,0.0 -49.6544866,-26.9664460992361,0.0 -49.6550692,-26.9656515992361,0.0 -49.6554653,-26.9652421992361,0.0 -49.6557926,-26.9648783992361,0.0 -49.6557423,-26.9643531992361,0.0 -49.6557297,-26.9638219992361,0.0 -49.655858,-26.9632011992361,0.0 -49.6561739,-26.9626521992362,0.0 -49.6564612,-26.9623499992362,0.0 -49.6568282,-26.9619461992362,0.0 -49.657036,-26.9613606992362,0.0 -49.6566921,-26.9610118992362,0.0 -49.6563425,-26.9606688992362,0.0 -49.6563412,-26.9600612992362,0.0 -49.656363,-26.9596987992362,0.0 -49.6565908,-26.9592449992362,0.0 -49.6568858,-26.9588066992362,0.0 -49.6574921,-26.9586160992362,0.0 -49.6582803,-26.9581829992362,0.0 -49.6589871,-26.9576420992362,0.0 -49.660068,-26.9569719992363,0.0 -49.6609481,-26.9563553992363,0.0 -49.6614245,-26.9561301992363,0.0 -49.6620394,-26.9559223992363,0.0 -49.6625331,-26.9556018992363,0.0 -49.6634512,-26.9547876992363,0.0 -49.6645513,-26.9541380992363,0.0 -49.6648052,-26.9539852992363,0.0 -49.66553,-26.9535490992363,0.0 -49.6663962,-26.9529081992363,0.0 -49.6667841,-26.9523960992364,0.0 -49.6673899,-26.9518270992364,0.0 -49.6679673,-26.9514836992364,0.0 -49.6689072,-26.9510558992364,0.0 -49.6694477,-26.9508642992364,0.0 -49.6697983,-26.9507676992364,0.0 -49.6704151,-26.9509072992364,0.0 -49.6708482,-26.9512017992364,0.0 -49.6714458,-26.9512710992364,0.0 -49.6719829,-26.9509852992364,0.0 -49.6723466,-26.9507080992364,0.0 -49.6726931,-26.9501883992364,0.0 -49.6733235,-26.9496303992364,0.0 -49.6735234,-26.9495196992364,0.0 -49.674228,-26.9495164992364,0.0 -49.6747456,-26.9492182992364,0.0 -49.6752742,-26.9490277992364,0.0 -49.6761089,-26.9487957992364,0.0 -49.6765158,-26.9482844992364,0.0 -49.6766538,-26.9478644992364,0.0 -49.6765131,-26.9474592992364,0.0 -49.676303,-26.9469439992365,0.0 -49.676316,-26.9467969992365,0.0 -49.676329,-26.9466499992365,0.0 -49.6770333,-26.9461011992365,0.0 -49.6774375,-26.9456387992365,0.0 -49.6779247,-26.9454418992365,0.0 -49.6785137,-26.9451820992365,0.0 -49.6793909,-26.9445483992365,0.0 -49.6800423,-26.9437872992365,0.0 -49.6800707,-26.9432733992365,0.0 -49.6796155,-26.9425000992365,0.0 -49.6797116,-26.9418160992366,0.0 -49.6799888,-26.9414328992366,0.0 -49.6801175,-26.9413570992366,0.0 -49.680649,-26.9410438992366,0.0 -49.6811641,-26.9404544992366,0.0 -49.681805,-26.9397945992366,0.0 -49.6821893,-26.9393346992366,0.0 -49.6826003,-26.9388029992366,0.0 -49.6828854,-26.9383798992366,0.0 -49.6832644,-26.9378937992366,0.0 -49.6837132,-26.9373745992366,0.0 -49.6839315,-26.9370868992367,0.0 -49.6843064,-26.9364280992367,0.0 -49.6847846,-26.9357582992367,0.0 -49.6853074,-26.9347986992367,0.0 -49.6861586,-26.9335409992367,0.0 -49.6867824,-26.9326319992367,0.0 -49.6875823,-26.9313495992368,0.0 -49.6881713,-26.9303707992368,0.0 -49.6884629,-26.9301457992368,0.0 -49.6887863,-26.9299032992368,0.0 -49.6892053,-26.9296386992368,0.0 -49.6896462,-26.9292050992368,0.0 -49.6898447,-26.9288889992368,0.0 -49.6899108,-26.9284479992368,0.0 -49.6899482,-26.9281206992368,0.0 -49.6899696,-26.9279335992368,0.0 -49.690146,-26.9273528992368,0.0 -49.6902416,-26.9264231992369,0.0 -49.6900468,-26.9258094992369,0.0 -49.689977,-26.9255007992369,0.0 -49.690191,-26.9247159992369,0.0 -49.6902783,-26.9244011992369,0.0 -49.6901786,-26.9241387992369,0.0 -49.6899258,-26.9237198992369,0.0 -49.6896068,-26.9233664992369,0.0 -49.689111,-26.9229088992369,0.0 -49.6884354,-26.9222332992369,0.0 -49.6878984,-26.921419199237,0.0 -49.68775,-26.921135099237,0.0 -49.6876591,-26.920493099237,0.0 -49.6875708,-26.920163799237,0.0 -49.6875286,-26.919777599237,0.0 -49.6874172,-26.919365099237,0.0 -49.6872431,-26.919240799237,0.0 -49.687015,-26.919128599237,0.0 -49.6863021,-26.918636199237,0.0 -49.6857215,-26.917864499237,0.0 -49.6852658,-26.917452899237,0.0 -49.6849189,-26.917229299237,0.0 -49.6844964,-26.916936599237,0.0 -49.6842181,-26.916624399237,0.0 -49.6839355,-26.9159020992371,0.0 -49.6838473,-26.9153067992371,0.0 -49.6838106,-26.9145423992371,0.0 -49.6838841,-26.9137559992371,0.0</coordinates>
</LinearRing>
</outerBoundaryIs>
</Polygon>
</MultiGeometry>
</Placemark>
<Placemark id="13. Referência">
<name>TI - Ibirama-La Klãnô [50726]</name>
<visibility>0</visibility>
<snippet> </snippet>
<description>&lt;center&gt;&lt;table&gt;&lt;tr&gt;&lt;th colspan='2' align='center'&gt;&lt;em&gt;Attributes&lt;/em&gt;&lt;/th&gt;&lt;/tr&gt;&lt;tr bgcolor="#E3E3F3"&gt;
&lt;th&gt;COD_TI&lt;/th&gt;
&lt;td&gt;50726&lt;/td&gt;
&lt;/tr&gt;&lt;tr bgcolor=""&gt;
&lt;th&gt;NOM_TI&lt;/th&gt;
&lt;td&gt;Ibirama-La Klãnô&lt;/td&gt;
&lt;/tr&gt;&lt;/table&gt;&lt;/center&gt;</description>
<Style>
<IconStyle>
<scale>0.7</scale>
</IconStyle>
<LabelStyle>
<scale>0.7</scale>
</LabelStyle>
<LineStyle>
<color>ff00aaaa</color>
<width>3</width>
<gx:labelVisibility>1</gx:labelVisibility>
</LineStyle>
<PolyStyle>
<color>3300aaaa</color>
</PolyStyle>
</Style>
<ExtendedData>
<SchemaData schemaUrl="#kml_schema_ft_Terra_Indígena">
<SimpleData name="COD_TI">50726</SimpleData>
<SimpleData name="NOM_TI">Ibirama-La Klãnô</SimpleData>
</SchemaData>
</ExtendedData>
<MultiGeometry>
<Polygon>
<extrude>0</extrude>
<tessellate>1</tessellate>
<outerBoundaryIs>
<LinearRing>
<coordinates>-49.6590265199999,-26.8726062292379,0.0 -49.6740086362796,-26.8727568278928,0.0 -49.6590264169218,-26.8726041715371,0.0 -49.6590265199999,-26.8726062292379,0.0</coordinates>
</LinearRing>
</outerBoundaryIs>
</Polygon>
<Polygon>
<extrude>0</extrude>
<tessellate>1</tessellate>
<outerBoundaryIs>
<LinearRing>
<coordinates>-49.629683341733,-26.8139097263615,0.0 -49.6296862399999,-26.813916529239,0.0 -49.6317459888397,-26.8138509000804,0.0 -49.631742157871,-26.8138447248085,0.0 -49.629683341733,-26.8139097263615,0.0</coordinates>
</LinearRing>
</outerBoundaryIs>
</Polygon>
<Polygon>
<extrude>0</extrude>
<tessellate>1</tessellate>
<outerBoundaryIs>
<LinearRing>
<coordinates>-49.6166054489122,-26.7847280415522,0.0 -49.6220086480728,-26.7987811050428,0.0 -49.6234461717134,-26.7927228962934,0.0 -49.6166054489122,-26.7847280415522,0.0</coordinates>
</LinearRing>
</outerBoundaryIs>
</Polygon>
<MultiGeometry>
<Polygon>
<extrude>0</extrude>
<tessellate>1</tessellate>
<outerBoundaryIs>
<LinearRing>
<coordinates>-49.7206524475512,-26.8600712575361,0.0 -49.7204875881663,-26.8599294983276,0.0 -49.7201000297665,-26.8602832392695,0.0 -49.7079024383624,-26.8715912637584,0.0 -49.7078590851778,-26.8679610859246,0.0 -49.70711,-26.868580999238,0.0 -49.705665,-26.868576999238,0.0 -49.7053514,-26.8587032992382,0.0 -49.7056844,-26.8584431992382,0.0 -49.7058488,-26.8582916992382,0.0 -49.7059928,-26.8581425992382,0.0 -49.7061829,-26.8579365992382,0.0 -49.7064917,-26.8575779992382,0.0 -49.7065543,-26.8575045992382,0.0 -49.706616,-26.8574308992382,0.0 -49.7066764,-26.8573570992382,0.0 -49.7067348,-26.8572833992382,0.0 -49.7067906,-26.8572097992382,0.0 -49.7068434,-26.8571365992382,0.0 -49.7068925,-26.8570638992382,0.0 -49.7069384,-26.8569913992382,0.0 -49.7069813,-26.8569189992382,0.0 -49.7070218,-26.8568464992382,0.0 -49.7070601,-26.8567736992382,0.0 -49.7070967,-26.8567003992382,0.0 -49.707132,-26.8566263992382,0.0 -49.7071664,-26.8565513992382,0.0 -49.7072003,-26.8564752992382,0.0 -49.7072339,-26.8563976992382,0.0 -49.7072673,-26.8563179992382,0.0 -49.7073008,-26.8562358992382,0.0 -49.7073345,-26.8561508992382,0.0 -49.7073687,-26.8560624992382,0.0 -49.707439,-26.8558736992382,0.0 -49.7075125,-26.8556676992382,0.0 -49.7075499,-26.8555594992382,0.0 -49.7075871,-26.8554489992382,0.0 -49.7076239,-26.8553367992382,0.0 -49.7076599,-26.8552237992382,0.0 -49.7076948,-26.8551107992382,0.0 -49.7077052032843,-26.8550757893834,0.0 -49.7077042703187,-26.8549976675319,0.0 -49.7077482382598,-26.8548998885056,0.0 -49.7077707324874,-26.8548374992893,0.0 -49.7077885230622,-26.854781879158,0.0 -49.7077895,-26.8547782992382,0.0 -49.7078176,-26.8546707992383,0.0 -49.707844,-26.8545653992382,0.0 -49.707869,-26.8544621992383,0.0 -49.7079148,-26.8542628992383,0.0 -49.7079357,-26.8541670992383,0.0 -49.7079743,-26.8539832992383,0.0 -49.7080093,-26.8538056992383,0.0 -49.7080418,-26.8536292992383,0.0 -49.708073,-26.8534487992383,0.0 -49.7081182,-26.8531672992383,0.0 -49.7081461,-26.8529824992383,0.0 -49.7081708,-26.8528100992383,0.0 -49.7081877343906,-26.8526853108647,0.0 -49.7081855907541,-26.8526516015608,0.0 -49.7081796160532,-26.8525432992903,0.0 -49.7081733012224,-26.8524439968236,0.0 -49.7081770426012,-26.8523449989791,0.0 -49.7081700475106,-26.8522636961203,0.0 -49.7081630524215,-26.8521823932615,0.0 -49.7081654332798,-26.852119394632,0.0 -49.7081678141304,-26.8520563960017,0.0 -49.7081695147334,-26.8520113969796,0.0 -49.7081812715105,-26.8519667025751,0.0 -49.7081826319836,-26.8519307033564,0.0 -49.7082041047983,-26.8518953133696,0.0 -49.708215861543,-26.8518506189587,0.0 -49.708227618276,-26.8518059245455,0.0 -49.7082296589483,-26.8517519257128,0.0 -49.7082420958796,-26.8516892316848,0.0 -49.7082451568603,-26.8516082334327,0.0 -49.7082488980415,-26.8515092355673,0.0 -49.7082533194125,-26.8513922380876,0.0 -49.7082587610628,-26.8512482411859,0.0 -49.7082648828708,-26.8510862446669,0.0 -49.7082679718453,-26.8510045029086,0.0 -49.7082659,-26.8509962992383,0.0 -49.7082554,-26.8509579992383,0.0 -49.708244,-26.8509202992383,0.0 -49.7082318,-26.8508828992383,0.0 -49.7082185,-26.8508457992383,0.0 -49.708204,-26.8508085992383,0.0 -49.7081882,-26.8507710992383,0.0 -49.7081709,-26.8507331992383,0.0 -49.708152,-26.8506945992383,0.0 -49.7081314,-26.8506551992383,0.0 -49.7081092,-26.8506149992383,0.0 -49.7080855,-26.8505740992383,0.0 -49.7080603,-26.8505327992383,0.0 -49.7080339,-26.8504909992383,0.0 -49.7080063,-26.8504490992383,0.0 -49.7079481,-26.8503648992383,0.0 -49.7079177,-26.8503228992383,0.0 -49.7078862,-26.8502808992383,0.0 -49.7078532,-26.8502389992383,0.0 -49.7078185,-26.8501968992383,0.0 -49.7077818,-26.8501546992383,0.0 -49.7077427,-26.8501121992383,0.0 -49.707701,-26.8500693992383,0.0 -49.7076563,-26.8500261992383,0.0 -49.7076215261423,-26.8499944744454,0.0 -49.7076215451736,-26.8499945539018,0.0 -49.7076201846371,-26.8500305531039,0.0 -49.7076288801076,-26.8500668569428,0.0 -49.7076271794341,-26.8501118559454,0.0 -49.707644910523,-26.8501754638235,0.0 -49.7076626416264,-26.8502390717011,0.0 -49.7076800326105,-26.8503116793793,0.0 -49.70769742361,-26.8503842870575,0.0 -49.7077047585805,-26.8504565901006,0.0 -49.7077221496043,-26.8505291977792,0.0 -49.7077194285294,-26.8506011961872,0.0 -49.7077163673077,-26.850682194395,0.0 -49.7077129659353,-26.8507721924022,0.0 -49.7077092244071,-26.8508711902084,0.0 -49.7077048025763,-26.8509881876132,0.0 -49.7077003807186,-26.8511051850155,0.0 -49.7076956186879,-26.851231182215,0.0 -49.7076908566259,-26.8513571794114,0.0 -49.7076867748336,-26.8514651770059,0.0 -49.7076830331705,-26.8515641747991,0.0 -49.707679631642,-26.8516541727912,0.0 -49.7076769104077,-26.8517261711837,0.0 -49.7076748694751,-26.8517801699775,0.0 -49.7076731686937,-26.8518251689718,0.0 -49.7076822043899,-26.8518524730204,0.0 -49.7076811839201,-26.851879472417,0.0 -49.707690559777,-26.8518977766666,0.0 -49.7076902196205,-26.8519067764657,0.0 -49.7076898794639,-26.8519157762645,0.0 -49.7076895393071,-26.8519247760636,0.0 -49.707679142976,-26.85193347121,0.0 -49.7076583503088,-26.8519508614999,0.0 -49.707647613812,-26.8519685564419,0.0 -49.7076365371496,-26.8519952511808,0.0 -49.7076251203173,-26.8520309457162,0.0 -49.7076234194977,-26.852075944706,0.0 -49.7076116624837,-26.8521206390363,0.0 -49.7076099616523,-26.8521656380249,0.0 -49.7076086009842,-26.8522016372153,0.0 -49.7076069001456,-26.8522466362032,0.0 -49.7076055394719,-26.8522826353931,0.0 -49.7076045189648,-26.8523096347854,0.0 -49.7076031582865,-26.8523456339749,0.0 -49.7076017976057,-26.8523816331642,0.0 -49.7076000967511,-26.8524266321504,0.0 -49.7075980557203,-26.8524806309334,0.0 -49.707596354857,-26.8525256299188,0.0 -49.70758391741,-26.8525883238316,0.0 -49.7075815361813,-26.8526513224091,0.0 -49.7075690987023,-26.8527140163173,0.0 -49.7075663772732,-26.8527860146886,0.0 -49.7075532593976,-26.8528667081841,0.0 -49.7075294048623,-26.8529650965933,0.0 -49.7075149261713,-26.85308178926,0.0 -49.7074897107649,-26.8532161768311,0.0 -49.7074638148839,-26.8533685639776,0.0 -49.7074379189032,-26.8535209511088,0.0 -49.7074120228229,-26.8536733382247,0.0 -49.7073868070602,-26.8538077257394,0.0 -49.7073723279876,-26.8539244183514,0.0 -49.7073484729387,-26.8540228066747,0.0 -49.7073350144186,-26.8541124998965,0.0 -49.7073222363055,-26.8541841935303,0.0 -49.7072994017922,-26.8542555824571,0.0 -49.7072769074685,-26.8543179715852,0.0 -49.7072440164984,-26.8543890557881,0.0 -49.7072107852486,-26.8544691397681,0.0 -49.7071772137073,-26.8545582235236,0.0 -49.7071332454511,-26.8546560023335,0.0 -49.707078199945,-26.8547804757599,0.0 -49.7070127576103,-26.8549136442055,0.0 -49.7069573715453,-26.8550471173375,0.0 -49.7068922691371,-26.8551712859033,0.0 -49.7068372230344,-26.8552957591687,0.0 -49.706792913828,-26.8554025375811,0.0 -49.7067496253748,-26.8554823166189,0.0 -49.7067163933434,-26.8555624003948,0.0 -49.7066835015482,-26.8556334843743,0.0 -49.7066408934972,-26.8556952637939,0.0 -49.7066083419029,-26.8557573479635,0.0 -49.7065657337549,-26.8558191273493,0.0 -49.7065123884207,-26.8558986015002,0.0 -49.7064486461622,-26.8559867706189,0.0 -49.7063845634739,-26.8560839394748,0.0 -49.7062993465861,-26.856207498031,0.0 -49.7062037325972,-26.8563397514856,0.0 -49.706097721444,-26.8564806998102,0.0 -49.7060021069439,-26.85661295307,0.0 -49.7059168891593,-26.8567365112932,0.0 -49.7058524651249,-26.856842679568,0.0 -49.7057890620984,-26.8569218484877,0.0 -49.7057360559762,-26.8569923224422,0.0 -49.705683730564,-26.8570447968309,0.0 -49.7056418021182,-26.8570885762774,0.0 -49.7055998736372,-26.8571323557073,0.0 -49.7055582855244,-26.8571671353538,0.0 -49.7055069811599,-26.8571926103574,0.0 -49.7054653929938,-26.8572273899703,0.0 -49.7054241452153,-26.8572531698027,0.0 -49.7053825569991,-26.8572879493855,0.0 -49.7053409687559,-26.857322728953,0.0 -49.7053097775558,-26.8573488136185,0.0 -49.7052782459126,-26.857383898039,0.0 -49.7052470546792,-26.8574099826868,0.0 -49.7052158634305,-26.857436067326,0.0 -49.7051947288207,-26.8574624568432,0.0 -49.705173934638,-26.8574798465938,0.0 -49.7051531404483,-26.8574972363406,0.0 -49.7051320058104,-26.8575236258451,0.0 -49.705100474056,-26.857558710213,0.0 -49.7050692827279,-26.8575847948108,0.0 -49.705027694267,-26.8576195742611,0.0 -49.7049861057788,-26.857654353696,0.0 -49.7049344605906,-26.8576888282088,0.0 -49.7048828153695,-26.8577233026992,0.0 -49.7048214539061,-26.8577484724939,0.0 -49.7047600924147,-26.8577736422587,0.0 -49.7046987308954,-26.8577988119936,0.0 -49.7046370288628,-26.857832981454,0.0 -49.7045656105951,-26.8578578461941,0.0 -49.7044938517981,-26.8578917106481,0.0 -49.7044224334602,-26.8579165753077,0.0 -49.7043610717844,-26.857941744878,0.0 -49.7042893128698,-26.8579756092146,0.0 -49.704217894432,-26.8580004737594,0.0 -49.7041565326628,-26.8580256432302,0.0 -49.7040951708656,-26.8580508126711,0.0 -49.704024092873,-26.8580666773593,0.0 -49.7039627310231,-26.8580918467368,0.0 -49.7038919935339,-26.858098711607,0.0 -49.7038309721897,-26.8581148811761,0.0 -49.7037602346778,-26.8581217459779,0.0 -49.7036794404489,-26.8581283057437,0.0 -49.7036087029196,-26.8581351704678,0.0 -49.7035279086722,-26.8581417301449,0.0 -49.7034370577059,-26.8581479847577,0.0 -49.7033566040307,-26.8581455445948,0.0 -49.7032758097615,-26.8581521041256,0.0 -49.7031950154826,-26.8581586636092,0.0 -49.7031142211946,-26.8581652230456,0.0 -49.7030434836078,-26.8581720874809,0.0 -49.7029727460124,-26.8581789518797,0.0 -49.7029016677804,-26.8581948159767,0.0 -49.702840646242,-26.8582109850963,0.0 -49.7027796246857,-26.8582271541876,0.0 -49.7027186031118,-26.8582433232505,0.0 -49.7026672975901,-26.8582687970901,0.0 -49.7026059353243,-26.8582939658308,0.0 -49.7025546297528,-26.8583194396236,0.0 -49.7025137215428,-26.8583362187507,0.0 -49.7024624159303,-26.8583616925053,0.0 -49.7024211670217,-26.8583874713308,0.0 -49.7023702020367,-26.8584039453188,0.0 -49.7023188963591,-26.8584294190138,0.0 -49.7022675906577,-26.8584548926876,0.0 -49.7022162849324,-26.8584803663399,0.0 -49.7021649791835,-26.8585058399708,0.0 -49.7021136734106,-26.8585313135805,0.0 -49.702062367614,-26.8585567871686,0.0 -49.7020107210892,-26.8585912604589,0.0 -49.7019694719873,-26.8586170391303,0.0 -49.7019282228661,-26.8586428177873,0.0 -49.7018869737251,-26.85866859643,0.0 -49.7018557813178,-26.8586946801938,0.0 -49.7018349863714,-26.8587120693648,0.0 -49.7018141914181,-26.858729458532,0.0 -49.701793737182,-26.8587378479747,0.0 -49.701772942217,-26.8587552371345,0.0 -49.7017420904855,-26.858772321147,0.0 -49.701710898013,-26.8587984048711,0.0 -49.7016797055257,-26.8588244885869,0.0 -49.7016384562564,-26.8588502671422,0.0 -49.7015871501987,-26.8588757405279,0.0 -49.7015358441172,-26.8589012138921,0.0 -49.7014744812392,-26.8589263820709,0.0 -49.7014131183332,-26.8589515502199,0.0 -49.701352096161,-26.8589677186239,0.0 -49.7012810171939,-26.8589835818214,0.0 -49.7012102789801,-26.8589904452672,0.0 -49.7011294839797,-26.8589970034877,0.0 -49.7010490297561,-26.8589945619495,0.0 -49.7009786323134,-26.8589924255664,0.0 -49.7007272128966,-26.858984795344,0.0 -49.7002216473494,-26.859041531187,0.0 -49.700150568177,-26.8590573937931,0.0 -49.7000898866298,-26.8590645619251,0.0 -49.700019148293,-26.8590714247618,0.0 -49.699938694041,-26.8590689825898,0.0 -49.6998582397923,-26.8590665403725,0.0 -49.6997673878778,-26.8590727925203,0.0 -49.6996768768496,-26.8590700449134,0.0 -49.6995863658257,-26.8590672972493,0.0 -49.699495854806,-26.8590645495278,0.0 -49.6994150596532,-26.8590711067528,0.0 -49.6993346054145,-26.8590686642394,0.0 -49.6992541511792,-26.8590662216807,0.0 -49.6991837537259,-26.8590640844048,0.0 -49.699123072114,-26.859071252115,0.0 -49.6990724472743,-26.8590787251344,0.0 -49.6990218224279,-26.8590861981349,0.0 -49.6989812543556,-26.8590939764591,0.0 -49.6989406862778,-26.859101754771,0.0 -49.6989004591521,-26.8591005333847,0.0 -49.6988598910663,-26.8591083116725,0.0 -49.6988096071576,-26.8591067849089,0.0 -49.6987492664691,-26.8591049527692,0.0 -49.6986889257824,-26.8591031206041,0.0 -49.6986188692973,-26.8590919833631,0.0 -49.6985488128257,-26.8590808460894,0.0 -49.698488472155,-26.8590790138408,0.0 -49.698418415704,-26.8590678765049,0.0 -49.6983483592666,-26.8590567391361,0.0 -49.6982783028426,-26.8590456017341,0.0 -49.6982079054203,-26.8590434639771,0.0 -49.6981378490181,-26.8590323265083,0.0 -49.6980778494017,-26.8590214944122,0.0 -49.6980077930254,-26.8590103568822,0.0 -49.6979377366626,-26.8589992193194,0.0 -49.6978676803136,-26.8589880817234,0.0 -49.6978076807454,-26.8589772495186,0.0 -49.6977376244222,-26.8589661118615,0.0 -49.6976575113474,-26.8589546687374,0.0 -49.6975877961119,-26.8589345313387,0.0 -49.6975076830741,-26.8589230881342,0.0 -49.6974279111236,-26.8589026452177,0.0 -49.6973380824434,-26.8588818968037,0.0 -49.6972482537953,-26.8588611483368,0.0 -49.6971580840877,-26.8588493994824,0.0 -49.6970783122498,-26.8588289563826,0.0 -49.69699854044,-26.8588085132411,0.0 -49.6969184275483,-26.858797069721,0.0 -49.6968487125359,-26.8587769319855,0.0 -49.6967786564271,-26.8587657938799,0.0 -49.6967089414579,-26.8587456560807,0.0 -49.6966492832553,-26.8587258237537,0.0 -49.6965795683324,-26.8587056858965,0.0 -49.6965098534337,-26.8586855480078,0.0 -49.6964300818229,-26.8586651045702,0.0 -49.6963607081267,-26.8586359669575,0.0 -49.6962708798444,-26.8586152179148,0.0 -49.6961914494887,-26.8585857746988,0.0 -49.696101962447,-26.8585560259036,0.0 -49.6960121342732,-26.8585352767099,0.0 -49.6959327040369,-26.8585058333632,0.0 -49.6958529326511,-26.8584853896277,0.0 -49.6957835592053,-26.8584562517626,0.0 -49.695713844594,-26.8584361135169,0.0 -49.6956437888012,-26.8584249748881,0.0 -49.6955740742329,-26.8584048365788,0.0 -49.6954939617628,-26.8583933923039,0.0 -49.6954141905315,-26.85837294834,0.0 -49.6953240213927,-26.8583611983867,0.0 -49.6952137388619,-26.8583488371787,0.0 -49.695093399651,-26.858336170279,0.0 -49.6949532883204,-26.8583138924039,0.0 -49.6947927223753,-26.8583000027773,0.0 -49.6946224410553,-26.8582768076957,0.0 -49.6944622164986,-26.8582539180706,0.0 -49.6943217640836,-26.8582406392311,0.0 -49.6941917097103,-26.8582186662967,0.0 -49.694091484128,-26.8582066099171,0.0 -49.6940013152551,-26.858194859154,0.0 -49.6939108050616,-26.8581921079639,0.0 -49.693840749592,-26.8581809684826,0.0 -49.6937602960995,-26.8581785228935,0.0 -49.6936801839678,-26.8581670776337,0.0 -49.6935997304885,-26.8581646319551,0.0 -49.6935092203286,-26.8581618805127,0.0 -49.6934089948678,-26.8581498236648,0.0 -49.6932883146774,-26.8581461549023,0.0 -49.6931676344945,-26.8581424860379,0.0 -49.6930472957262,-26.8581298174535,0.0 -49.6929266155687,-26.8581261483869,0.0 -49.6928062768441,-26.8581134796032,0.0 -49.6927057100664,-26.8581104218862,0.0 -49.692615199971,-26.8581076698804,0.0 -49.6925347465565,-26.8581052236048,0.0 -49.6924542931454,-26.8581027772843,0.0 -49.6923738397379,-26.8581003309182,0.0 -49.6922933863337,-26.858097884507,0.0 -49.6922028762582,-26.8580951322402,0.0 -49.6921023095128,-26.8580920740988,0.0 -49.6919816294254,-26.8580884042358,0.0 -49.6918304378247,-26.8580928163675,0.0 -49.6916494177085,-26.858087311189,0.0 -49.6914378860617,-26.8580898877902,0.0 -49.6912263544051,-26.8580924640744,0.0 -49.6910252209768,-26.8580863463419,0.0 -49.6908438593295,-26.8580898397327,0.0 -49.6906930092751,-26.8580852510549,0.0 -49.6905619309684,-26.8580902736608,0.0 -49.6904613642713,-26.8580872143608,0.0 -49.6903705126308,-26.8580934605165,0.0 -49.6902900592746,-26.8580910129738,0.0 -49.6902092642911,-26.8580975649701,0.0 -49.6901284692984,-26.8581041169193,0.0 -49.6900275609556,-26.8581100568939,0.0 -49.6899162542774,-26.8581246904044,0.0 -49.6897848342258,-26.8581387118617,0.0 -49.6896232441228,-26.858151815216,0.0 -49.6894515973088,-26.8581646123764,0.0 -49.6892695520754,-26.8581861028792,0.0 -49.689097563449,-26.8582078991714,0.0 -49.6889460298445,-26.8582213077632,0.0 -49.6888045528821,-26.8582350222413,0.0 -49.6886935876746,-26.8582406551914,0.0 -49.688602394053,-26.8582558997529,0.0 -49.6885215988539,-26.8582624507614,0.0 -49.6884505185529,-26.8582783073641,0.0 -49.68837978001,-26.8582851643661,0.0 -49.6883190981404,-26.8582923274191,0.0 -49.6882580744748,-26.8583084900065,0.0 -49.6881973925847,-26.858315653005,0.0 -49.688136368889,-26.8583318155363,0.0 -49.6880857436637,-26.8583392845847,0.0 -49.6880351184319,-26.8583467536141,0.0 -49.6879841513826,-26.8583632221825,0.0 -49.6879335261331,-26.8583706911737,0.0 -49.687882900877,-26.8583781601459,0.0 -49.687831933791,-26.8583946286552,0.0 -49.6877712518274,-26.8584017914625,0.0 -49.6877102280229,-26.8584179537975,0.0 -49.6876492042008,-26.858434116104,0.0 -49.6875781236674,-26.8584499722414,0.0 -49.6875170998086,-26.8584661344867,0.0 -49.687446019236,-26.8584819905533,0.0 -49.6873745967823,-26.8585068461322,0.0 -49.6872931175966,-26.8585313955096,0.0 -49.6872012397974,-26.8585646382159,0.0 -49.6871097038263,-26.8585888813088,0.0 -49.6870077692174,-26.8586218177012,0.0 -49.6868957778383,-26.858654447822,0.0 -49.6867938431056,-26.8586873840458,0.0 -49.6867019650279,-26.8587206263955,0.0 -49.6866100868947,-26.8587538686789,0.0 -49.686528607359,-26.8587784175754,0.0 -49.6864571845092,-26.8588032726451,0.0 -49.6863958183508,-26.8588284339038,0.0 -49.6863344521647,-26.8588535951328,0.0 -49.6862831426783,-26.8588790625691,0.0 -49.686231833168,-26.8589045299841,0.0 -49.6861902384052,-26.858939303158,0.0 -49.6861590423152,-26.8589653830283,0.0 -49.6861281881769,-26.8589824633551,0.0 -49.6861073907668,-26.8589998499249,0.0 -49.6860865933502,-26.859017236491,0.0 -49.6860657959266,-26.8590346230532,0.0 -49.6860453404706,-26.8590430100776,0.0 -49.6860242010595,-26.8590693961661,0.0 -49.6859933468703,-26.8590864764576,0.0 -49.6859520939423,-26.8591122500114,0.0 -49.6859205557588,-26.859147329349,0.0 -49.685878960801,-26.8591821024086,0.0 -49.6858370238226,-26.8592258749842,0.0 -49.6858048015739,-26.8592789533494,0.0 -49.6857625225251,-26.8593317254251,0.0 -49.6857303002042,-26.8593848037649,0.0 -49.6856873370574,-26.8594555748673,0.0 -49.6856443738506,-26.8595263459498,0.0 -49.6856010685659,-26.8596061165405,0.0 -49.6855473643923,-26.8596945803399,0.0 -49.685493660125,-26.8597830441084,0.0 -49.6854503546101,-26.8598628146266,0.0 -49.6853969922072,-26.8599422788131,0.0 -49.6853536865474,-26.8600220492851,0.0 -49.6853211217453,-26.8600841270063,0.0 -49.6852882148525,-26.8601552042387,0.0 -49.6852556499658,-26.8602172819352,0.0 -49.6852230850386,-26.8602793596196,0.0 -49.6852002348642,-26.8603507431432,0.0 -49.6851669857297,-26.8604308198493,0.0 -49.685143451341,-26.8605202023978,0.0 -49.685108491741,-26.8606452766826,0.0 -49.6850621068417,-26.8608060426855,0.0 -49.6850042965286,-26.8610025003825,0.0 -49.6849458017786,-26.8612169570646,0.0 -49.6848765655949,-26.8614491063626,0.0 -49.684818070249,-26.861663562926,0.0 -49.6847602588575,-26.8618600204039,0.0 -49.6847138727149,-26.8620207861553,0.0 -49.6846789119354,-26.8621458602037,0.0 -49.6846550344761,-26.8622442420808,0.0 -49.6846318412321,-26.8623246249221,0.0 -49.6846190471174,-26.8623963146342,0.0 -49.6846062529799,-26.8624680043428,0.0 -49.6845934588193,-26.8625396940478,0.0 -49.68457998035,-26.8626293827732,0.0 -49.6845661597033,-26.8627280710056,0.0 -49.6845519968713,-26.8628357587443,0.0 -49.6845368075433,-26.8629704450105,0.0 -49.6845112189047,-26.8631138243731,0.0 -49.6844953451238,-26.8632665096411,0.0 -49.6844798134324,-26.8634101953902,0.0 -49.6844545667071,-26.8635445752065,0.0 -49.6844400613832,-26.8636612624094,0.0 -49.6844362975088,-26.8637602570076,0.0 -49.6844231608009,-26.8638409461663,0.0 -49.6844103662417,-26.8639126358126,0.0 -49.684407628832,-26.863984631879,0.0 -49.6844052335899,-26.8640476284361,0.0 -49.6844024961608,-26.8641196245006,0.0 -49.6843997587214,-26.864191620564,0.0 -49.6843970212717,-26.8642636166265,0.0 -49.6843939416288,-26.8643446121955,0.0 -49.6843908619726,-26.8644256077633,0.0 -49.6843870979309,-26.8645246023445,0.0 -49.684383676058,-26.8646145974167,0.0 -49.6843802541691,-26.8647045924873,0.0 -49.6843768322642,-26.8647945875563,0.0 -49.6843737525359,-26.8648755831172,0.0 -49.6843710149888,-26.8649475791702,0.0 -49.6843686196269,-26.8650105757158,0.0 -49.6843662242569,-26.8650735722607,0.0 -49.6843742283493,-26.8651278757363,0.0 -49.6843721751678,-26.8651818727744,0.0 -49.6843801792627,-26.8652361762506,0.0 -49.6843788104713,-26.8652721742757,0.0 -49.6843874989659,-26.8653084787394,0.0 -49.6843965296621,-26.8653357836969,0.0 -49.6843958452663,-26.8653537827096,0.0 -49.6843951608699,-26.8653717817222,0.0 -49.6843948186713,-26.8653807812286,0.0 -49.6844045337687,-26.8653900871734,0.0 -49.6844038493726,-26.8654080861863,0.0 -49.6844128800771,-26.8654353911438,0.0 -49.6844115112841,-26.8654713891694,0.0 -49.6844198575965,-26.86551669314,0.0 -49.6844181466014,-26.8655616906719,0.0 -49.684415751202,-26.8656246872159,0.0 -49.684413697996,-26.865678684253,0.0 -49.6844012452549,-26.8657413743538,0.0 -49.6843884502895,-26.8658130639572,0.0 -49.6843857126408,-26.8658850600021,0.0 -49.6843732598447,-26.8659477500946,0.0 -49.6843805795217,-26.8660200525836,0.0 -49.6843781840538,-26.8660830491204,0.0 -49.6836889912012,-26.8672603680814,0.0 -49.683627619588,-26.867285527502,0.0 -49.6835659056539,-26.8673196863869,0.0 -49.6835142491479,-26.8673541517623,0.0 -49.6834619080045,-26.8674066161006,0.0 -49.6833995093337,-26.8674587738829,0.0 -49.6833367682884,-26.8675199311214,0.0 -49.683263627364,-26.8675897812724,0.0 -49.6831904863435,-26.8676596313744,0.0 -49.6831173452265,-26.8677294814273,0.0 -49.6830442040134,-26.8677993314314,0.0 -49.6829811202145,-26.8678694879517,0.0 -49.6829183786844,-26.8679306449486,0.0 -49.682855979441,-26.8679828024246,0.0 -49.6828036376614,-26.8680352664455,0.0 -49.6827512958296,-26.8680877304411,0.0 -49.6827090114797,-26.8681405009986,0.0 -49.6826563271708,-26.8682019644296,0.0 -49.6826137003444,-26.8682637344295,0.0 -49.6825606735297,-26.8683341972922,0.0 -49.6824969042991,-26.8684223524823,0.0 -49.6824223925919,-26.8685281999782,0.0 -49.6823270807583,-26.8686514331356,0.0 -49.6822314262781,-26.8687836656789,0.0 -49.6821354291225,-26.8689248976045,0.0 -49.6820293740893,-26.86906582279,0.0 -49.6819441189159,-26.8691893622241,0.0 -49.6818696060851,-26.8692952092996,0.0 -49.6818058356686,-26.8693833640418,0.0 -49.6817528077277,-26.8694538264721,0.0 -49.6816997797144,-26.8695242888741,0.0 -49.6816571517653,-26.8695860584567,0.0 -49.6816044661014,-26.8696475213399,0.0 -49.6815514378881,-26.8697179836633,0.0 -49.681477266767,-26.8698148309756,0.0 -49.6813722374393,-26.8699287570654,0.0 -49.6812453799043,-26.8700870669464,0.0 -49.6810765784574,-26.8702891470811,0.0 -49.6808866332295,-26.8705176118339,0.0 -49.6806862868405,-26.8707547689341,0.0 -49.6804963399105,-26.8709832329662,0.0 -49.680337935965,-26.8711766192084,0.0 -49.68020101753,-26.8713346210077,0.0 -49.6801057004823,-26.8714578520673,0.0 -49.6800318694087,-26.8715456988764,0.0 -49.6799888969922,-26.8716164671918,0.0 -49.6799466098033,-26.8716692365963,0.0 -49.6799244382546,-26.8717226196276,0.0 -49.6799022666814,-26.8717760026526,0.0 -49.6798908382354,-26.8718116936074,0.0 -49.6798626196536,-26.8722883573226,0.0 -49.6797964067375,-26.8728150059518,0.0 -49.6800941899999,-26.8728179992378,0.0 -49.68005271,-26.8731140592379,0.0 -49.6800180799999,-26.8732301292379,0.0 -49.68000391,-26.8733378192378,0.0 -49.67998974,-26.8734454992379,0.0 -49.67997592,-26.8735441892378,0.0 -49.6799721499999,-26.8736431792379,0.0 -49.6799482599999,-26.8737415592378,0.0 -49.67992369,-26.8738579392379,0.0 -49.6798987799999,-26.8739833192378,0.0 -49.67987352,-26.8741176992379,0.0 -49.6798378599999,-26.8742607692378,0.0 -49.67982232,-26.8744044492379,0.0 -49.67979672,-26.8745478292378,0.0 -49.6797808399999,-26.8747005192378,0.0 -49.6797746699999,-26.8748625092378,0.0 -49.6797581,-26.8750331892378,0.0 -49.6797311300001,-26.8752125592378,0.0 -49.67971388,-26.8754012392378,0.0 -49.67967616,-26.8755983092378,0.0 -49.67964816,-26.8758046792378,0.0 -49.67962016,-26.8760110592378,0.0 -49.67959251,-26.8762084292378,0.0 -49.6795749099999,-26.8764061092378,0.0 -49.6795576499999,-26.8765947892378,0.0 -49.67955011,-26.8767927792378,0.0 -49.67954291,-26.8769817692378,0.0 -49.67954509,-26.8771890592377,0.0 -49.6795469199999,-26.8774053592378,0.0 -49.67955847,-26.8776309592378,0.0 -49.6795700200001,-26.8778565592378,0.0 -49.6795919599999,-26.8780734592378,0.0 -49.67961426,-26.8782813692378,0.0 -49.6796476299999,-26.8784625892377,0.0 -49.67969107,-26.8786441092377,0.0 -49.67973485,-26.8788166292377,0.0 -49.679788,-26.8790074592378,0.0 -49.67984047,-26.8792162892377,0.0 -49.6799120299999,-26.8794527292377,0.0 -49.67997318,-26.8796978692377,0.0 -49.68004405,-26.8799522992377,0.0 -49.68011527,-26.8801977392377,0.0 -49.68018751,-26.8804161892377,0.0 -49.6802611200001,-26.8805986292377,0.0 -49.68033577,-26.8807540792377,0.0 -49.6804110899999,-26.8808915192377,0.0 -49.6805068799999,-26.8810205792377,0.0 -49.6806224499999,-26.8811592592377,0.0 -49.68075744,-26.8813165392376,0.0 -49.68090215,-26.8814831392377,0.0 -49.6810562399999,-26.8816680392377,0.0 -49.6812103200001,-26.8818529292377,0.0 -49.6813640699999,-26.8820468292377,0.0 -49.6814876299999,-26.8822398092376,0.0 -49.68161086,-26.8824417892376,0.0 -49.6817045899999,-26.8826248392377,0.0 -49.68179867,-26.8827988992377,0.0 -49.6818629200001,-26.8829630392377,0.0 -49.68191779,-26.8831088692377,0.0 -49.68196294,-26.8832453992377,0.0 -49.6820185,-26.8833732292376,0.0 -49.6820737099999,-26.8835100592376,0.0 -49.68213864,-26.8836561992377,0.0 -49.68222335,-26.8838119492377,0.0 -49.68232783,-26.8839773192377,0.0 -49.6824326499999,-26.8841336792376,0.0 -49.6825281,-26.8842717392376,0.0 -49.6826041199999,-26.8843911892376,0.0 -49.68266139,-26.8844740292376,0.0 -49.68270963,-26.8845295592376,0.0 -49.68273775,-26.8845844692376,0.0 -49.68278599,-26.8846399992376,0.0 -49.6828432599999,-26.8847228392376,0.0 -49.6829192800001,-26.8848422892376,0.0 -49.68301473,-26.8849803492376,0.0 -49.6831195499999,-26.8851367092376,0.0 -49.6832139799999,-26.8853017692376,0.0 -49.68330908,-26.8854488292376,0.0 -49.6833743600001,-26.8855859692376,0.0 -49.6834299200001,-26.8857137992376,0.0 -49.68348513,-26.8858506292376,0.0 -49.6835400099999,-26.8859964592376,0.0 -49.6836039100001,-26.8861695992376,0.0 -49.68368691,-26.8863703492375,0.0 -49.6837695600001,-26.8865800992376,0.0 -49.6838529,-26.8867718492375,0.0 -49.6839081199999,-26.8869086792376,0.0 -49.6839265199999,-26.8869542892375,0.0 -49.6839469799999,-26.8869458992375,0.0 -49.68399865,-26.8869114392375,0.0 -49.68407078,-26.8868685892376,0.0 -49.68416302,-26.8868263492376,0.0 -49.68427573,-26.8867757292376,0.0 -49.68438775,-26.8867430992376,0.0 -49.6844997699999,-26.8867104792376,0.0 -49.68462117,-26.8866961592376,0.0 -49.6847526200001,-26.8866821492376,0.0 -49.6848837300001,-26.8866771292376,0.0 -49.68501416,-26.8866901192376,0.0 -49.6851543,-26.8867124092376,0.0 -49.6853242799999,-26.8867446192376,0.0 -49.6855032899999,-26.8868041392376,0.0 -49.6857319099999,-26.8868831792376,0.0 -49.68599003,-26.8869811492375,0.0 -49.6862772899999,-26.8871070292376,0.0 -49.6865746199999,-26.8872332192376,0.0 -49.68686189,-26.8873590992375,0.0 -49.6871297199999,-26.8874663692375,0.0 -49.68737846,-26.8875460292376,0.0 -49.6875873099999,-26.8876154592376,0.0 -49.6877371799999,-26.8876470592376,0.0 -49.6877361499999,-26.8876740592376,0.0 -49.68773409,-26.8877280592376,0.0 -49.6877310099999,-26.8878090492375,0.0 -49.6877175300001,-26.8878987392376,0.0 -49.68768393,-26.8879878192376,0.0 -49.6876510200001,-26.8880588892375,0.0 -49.6875986699999,-26.8881113592376,0.0 -49.68753626,-26.8881635192376,0.0 -49.68747385,-26.8882156692375,0.0 -49.6874214999999,-26.8882681392376,0.0 -49.6873587400001,-26.8883292992376,0.0 -49.68731611,-26.8883910692376,0.0 -49.6872734799999,-26.8884528392375,0.0 -49.6872409,-26.8885149092376,0.0 -49.68721839,-26.8885772992376,0.0 -49.68720662,-26.8886219892376,0.0 -49.6872146199999,-26.8886762892375,0.0 -49.6872434299999,-26.8887132092376,0.0 -49.68729167,-26.8887687392375,0.0 -49.6873801499999,-26.8888254992375,0.0 -49.6874988099999,-26.8888831692376,0.0 -49.68765702,-26.8889600692375,0.0 -49.6878353600001,-26.8890375792376,0.0 -49.6880240899999,-26.8891063992376,0.0 -49.6882326,-26.8891848292376,0.0 -49.68844179,-26.8892452592375,0.0 -49.68865133,-26.8892966992375,0.0 -49.6888705800001,-26.8893574292376,0.0 -49.68910024,-26.8894094792375,0.0 -49.6893292099999,-26.8894795192375,0.0 -49.68956824,-26.8895498692375,0.0 -49.6898173300001,-26.8896205192376,0.0 -49.6900463,-26.8896905692375,0.0 -49.69025516,-26.8897599892376,0.0 -49.69043452,-26.8898104992375,0.0 -49.6905843799999,-26.8898420992375,0.0 -49.69069435,-26.8898634692375,0.0 -49.69079495,-26.8898665292375,0.0 -49.69088583,-26.8898602792375,0.0 -49.69096699,-26.8898447392375,0.0 -49.69106861,-26.8898207992375,0.0 -49.69117057,-26.8897878592375,0.0 -49.69128259,-26.8897552292375,0.0 -49.69140467,-26.8897229092375,0.0 -49.6915264099999,-26.8896995792375,0.0 -49.6916478099999,-26.8896852592375,0.0 -49.69176887,-26.8896799292375,0.0 -49.69189964,-26.8896839092376,0.0 -49.69202973,-26.8897058892375,0.0 -49.69215913,-26.8897458692375,0.0 -49.6922878499999,-26.8898038492375,0.0 -49.6924259499999,-26.8898801292375,0.0 -49.69256439,-26.8899474092375,0.0 -49.69269277,-26.8900143892375,0.0 -49.6928315500001,-26.8900726692375,0.0 -49.69296164,-26.8900946492375,0.0 -49.69309241,-26.8900986292375,0.0 -49.69323427,-26.8900759192375,0.0 -49.69338653,-26.8900445092375,0.0 -49.69356028,-26.8899777192375,0.0 -49.6937444299999,-26.8899022292375,0.0 -49.69394903,-26.8898183492375,0.0 -49.6941439199999,-26.8897251692375,0.0 -49.6943384700001,-26.8896409892376,0.0 -49.6945025,-26.8895648892375,0.0 -49.6946453800001,-26.8895151792375,0.0 -49.6947678,-26.8894738492375,0.0 -49.6948694199999,-26.8894499092376,0.0 -49.6949807599999,-26.8894352792375,0.0 -49.69509176,-26.8894296392375,0.0 -49.69523293,-26.8894249292375,0.0 -49.69538382,-26.8894295092376,0.0 -49.69554477,-26.8894344092375,0.0 -49.69571578,-26.8894396092375,0.0 -49.6958867899999,-26.8894448092375,0.0 -49.6960578,-26.8894500092376,0.0 -49.69623956,-26.8894375192375,0.0 -49.69642234,-26.8893980192375,0.0 -49.6966162000001,-26.8893318392376,0.0 -49.6968218299999,-26.8892209592375,0.0 -49.6970589999999,-26.8890749992376,0.0 -49.6972975399999,-26.8888930392375,0.0 -49.69754682,-26.8886933892375,0.0 -49.6977759800001,-26.8884931192376,0.0 -49.697984,-26.8883192392376,0.0 -49.6981608099999,-26.8881714492376,0.0 -49.69830608,-26.8880587292376,0.0 -49.6984406099999,-26.8879637092375,0.0 -49.69855399,-26.8878950692376,0.0 -49.6986670299999,-26.8878354392376,0.0 -49.6987696700001,-26.8877844992376,0.0 -49.6988313899999,-26.8877503292376,0.0 -49.6988615699999,-26.8877512492376,0.0 -49.69895313,-26.8877269992376,0.0 -49.69908458,-26.8877129692376,0.0 -49.6992365,-26.8876905592376,0.0 -49.6993884099999,-26.8876681492375,0.0 -49.69955004,-26.8876550392376,0.0 -49.69970093,-26.8876596192375,0.0 -49.69986188,-26.8876645092376,0.0 -49.7000322100001,-26.8876876992375,0.0 -49.70022197,-26.8877295092375,0.0 -49.7004211099999,-26.8877896192375,0.0 -49.70062996,-26.8878590292376,0.0 -49.70084888,-26.8879287492376,0.0 -49.70104734,-26.8880068592376,0.0 -49.7012364200001,-26.8880666592375,0.0 -49.7013956600001,-26.8881165492376,0.0 -49.7015351300001,-26.8881568192375,0.0 -49.70165516,-26.8881784892375,0.0 -49.7017554099999,-26.8881905392376,0.0 -49.7018660599999,-26.8881938992376,0.0 -49.7019669999999,-26.8881879492375,0.0 -49.70207901,-26.8881553192376,0.0 -49.70220177,-26.8881049792376,0.0 -49.70234567,-26.8880282592376,0.0 -49.7025114,-26.8879071492376,0.0 -49.7026982599999,-26.8877596492375,0.0 -49.70290661,-26.8875767692376,0.0 -49.70311496,-26.8873938792376,0.0 -49.7033129099999,-26.8872196892376,0.0 -49.7034893699999,-26.8870808792376,0.0 -49.70363395,-26.8869861592376,0.0 -49.7036648100001,-26.8869690792376,0.0 -49.70367555,-26.8869513792376,0.0 -49.70370744,-26.8869072992376,0.0 -49.70376012,-26.8868458292375,0.0 -49.70382354,-26.8867666592376,0.0 -49.7038970299999,-26.8866877992376,0.0 -49.7039805699999,-26.8866092492376,0.0 -49.70407383,-26.8865399992375,0.0 -49.70416675,-26.8864797492376,0.0 -49.70426939,-26.8864287992376,0.0 -49.7043716799999,-26.8863868592376,0.0 -49.7044739800001,-26.8863449092376,0.0 -49.7045755999999,-26.8863209592375,0.0 -49.70469733,-26.8862976292376,0.0 -49.7048388400001,-26.8862838992376,0.0 -49.7050004699999,-26.8862707792376,0.0 -49.70519193,-26.8862675792376,0.0 -49.7053934599999,-26.8862646892376,0.0 -49.7056251599999,-26.8862627092376,0.0 -49.7058571999999,-26.8862517292376,0.0 -49.70608993,-26.8862227392376,0.0 -49.70631327,-26.8861754592376,0.0 -49.7065268999999,-26.8861188692376,0.0 -49.70672075,-26.8860526692376,0.0 -49.70689483,-26.8859768492376,0.0 -49.70704844,-26.8859094292376,0.0 -49.70717187,-26.8858410992376,0.0 -49.70727519,-26.8857721492376,0.0 -49.70735839,-26.8857025892376,0.0 -49.7074318699999,-26.8856237292376,0.0 -49.70750569,-26.8855358592376,0.0 -49.70757013,-26.8854296992376,0.0 -49.7076453199999,-26.8853058392376,0.0 -49.7077100999999,-26.8851906692376,0.0 -49.70777522,-26.8850664992376,0.0 -49.7078299499999,-26.8849510292376,0.0 -49.7078742699999,-26.8848442492376,0.0 -49.70790785,-26.8847551692376,0.0 -49.7079411,-26.8846750892376,0.0 -49.70797434,-26.8845950092376,0.0 -49.70800724,-26.8845239192377,0.0 -49.7080398,-26.8844618392376,0.0 -49.7080824199999,-26.8844000592376,0.0 -49.70812504,-26.8843382792376,0.0 -49.7081673199999,-26.8842854992377,0.0 -49.7081992,-26.8842414192377,0.0 -49.7082131203617,-26.8842078809653,0.0 -49.70822136,-26.8841880292376,0.0 -49.70822273,-26.8841520292376,0.0 -49.70823449,-26.8841073392377,0.0 -49.7082261299999,-26.8840620292377,0.0 -49.70821778,-26.8840167292376,0.0 -49.7081997,-26.8839621192376,0.0 -49.7081816300001,-26.8839075092377,0.0 -49.7081534899999,-26.8838525992376,0.0 -49.7081156399999,-26.8837883792377,0.0 -49.70807745,-26.8837331592376,0.0 -49.70801948,-26.8836683292377,0.0 -49.70796151,-26.8836035092376,0.0 -49.7078834200001,-26.8835380692376,0.0 -49.70780534,-26.8834726292376,0.0 -49.70770713,-26.8834065792376,0.0 -49.7076092699999,-26.8833315292376,0.0 -49.7075013400001,-26.8832561792377,0.0 -49.7073937600001,-26.8831718292376,0.0 -49.7072958999999,-26.8830967792377,0.0 -49.7071983700001,-26.8830127292376,0.0 -49.70712063,-26.8829382892377,0.0 -49.7070832091226,-26.8828841925879,0.0 -49.7070633400001,-26.8828554692377,0.0 -49.70700605,-26.8827726392377,0.0 -49.7069692199999,-26.8826814192377,0.0 -49.70694211,-26.8825995092376,0.0 -49.7069156799999,-26.8824995992376,0.0 -49.7068993099999,-26.8823999892377,0.0 -49.7068885741831,-26.8823417742546,0.0 -49.7068826,-26.8823093792377,0.0 -49.7068662299999,-26.8822097692376,0.0 -49.7068491799999,-26.8821281692376,0.0 -49.70683213,-26.8820465592376,0.0 -49.7068147399999,-26.8819739492377,0.0 -49.7067970000001,-26.8819103392377,0.0 -49.7067792699999,-26.8818467292377,0.0 -49.7067611999999,-26.8817921292376,0.0 -49.70675352,-26.8817288192376,0.0 -49.70673579,-26.8816652092377,0.0 -49.7067180599999,-26.8816016092377,0.0 -49.7066902699999,-26.8815376892376,0.0 -49.7066527599999,-26.8814644692377,0.0 -49.70658541,-26.8813813392377,0.0 -49.7065177200001,-26.8813072092377,0.0 -49.70644032,-26.8812237692377,0.0 -49.70636292,-26.8811403292377,0.0 -49.7063052900001,-26.8810664992377,0.0 -49.7062853488624,-26.8810441983244,0.0 -49.7062473200001,-26.8810016692377,0.0 -49.7062195300001,-26.8809377592377,0.0 -49.7061917400001,-26.8808738492377,0.0 -49.70617834932,-26.8808258074354,0.0 -49.7061740099999,-26.8808102392377,0.0 -49.70616702,-26.8807289392377,0.0 -49.7061607,-26.8806296292377,0.0 -49.70614433,-26.8805300292377,0.0 -49.7061387099999,-26.8804127292377,0.0 -49.7061126199999,-26.8803038092377,0.0 -49.7060861900001,-26.8802038992377,0.0 -49.706060004289,-26.8801473538529,0.0 -49.7060396399999,-26.8801033792377,0.0 -49.7059924199999,-26.8800208592377,0.0 -49.7059247299999,-26.8799467192378,0.0 -49.7058466499999,-26.8798812792377,0.0 -49.70576856,-26.8798158392377,0.0 -49.70567002,-26.8797587992378,0.0 -49.7055812,-26.8797110492377,0.0 -49.70548232,-26.8796629992377,0.0 -49.7053934899999,-26.8796152592377,0.0 -49.7053150699999,-26.8795588192377,0.0 -49.70523698,-26.8794933792377,0.0 -49.70516896,-26.8794282392378,0.0 -49.7051016199999,-26.8793451092377,0.0 -49.7050349499999,-26.8792439792377,0.0 -49.70496863,-26.8791338492377,0.0 -49.70489294,-26.8790054092377,0.0 -49.7048175800001,-26.8788679692377,0.0 -49.70474256,-26.8787215292377,0.0 -49.7046779500001,-26.8785663992377,0.0 -49.7046334499999,-26.8784118792377,0.0 -49.70459833,-26.8782756592377,0.0 -49.7045735999999,-26.8781307492377,0.0 -49.7045787199999,-26.8779957592378,0.0 -49.7045938899999,-26.8778610692377,0.0 -49.70462985,-26.8777089892377,0.0 -49.7046658199999,-26.8775569092378,0.0 -49.70472191,-26.8774054392378,0.0 -49.70477867,-26.8772359692378,0.0 -49.70482572,-26.8770571892377,0.0 -49.7048630499999,-26.8768691092378,0.0 -49.7048806099999,-26.8766714292378,0.0 -49.7048884500001,-26.8764644292378,0.0 -49.7048966199999,-26.8762484392378,0.0 -49.7049048,-26.8760324392378,0.0 -49.7049233799999,-26.8758077592378,0.0 -49.7049620699999,-26.8755836792378,0.0 -49.7050004199999,-26.8753685992378,0.0 -49.7050471300001,-26.8751988292378,0.0 -49.7050817300001,-26.8750827392378,0.0 -49.7051598,-26.8746165892378,0.0 -49.705599760209,-26.8741460687224,0.0 -49.70736361,-26.8722596992379,0.0 -49.7206524475512,-26.8600712575361,0.0</coordinates>
</LinearRing>
</outerBoundaryIs>
</Polygon>
<Polygon>
<extrude>0</extrude>
<tessellate>1</tessellate>
<outerBoundaryIs>
<LinearRing>
<coordinates>-49.6810661,-26.7028680992412,0.0 -49.6813718,-26.7037049992412,0.0 -49.6813216,-26.7038866992412,0.0 -49.6812523,-26.7041370992412,0.0 -49.6810279,-26.7043582992412,0.0 -49.6808297,-26.7047821992412,0.0 -49.6809405,-26.7054830992412,0.0 -49.6814261,-26.7063166992411,0.0 -49.6815093,-26.7070353992411,0.0 -49.6811739,-26.7076541992411,0.0 -49.6802291,-26.7083104992411,0.0 -49.6796615,-26.7090184992411,0.0 -49.6794445,-26.7097306992411,0.0 -49.6791599,-26.7108860992411,0.0 -49.6788726,-26.712138899241,0.0 -49.6786044,-26.712920699241,0.0 -49.6783883,-26.713716299241,0.0 -49.6783483,-26.714532499241,0.0 -49.6782396,-26.715272899241,0.0 -49.678386,-26.716105699241,0.0 -49.6783655,-26.7168597992409,0.0 -49.6779307,-26.7174045992409,0.0 -49.6772176,-26.7177445992409,0.0 -49.6768118,-26.7180054992409,0.0 -49.6767202,-26.7185397992409,0.0 -49.6769082,-26.7189640992409,0.0 -49.6771637,-26.7193811992409,0.0 -49.6771913,-26.7197788992409,0.0 -49.6773121,-26.7206564992409,0.0 -49.6774934,-26.7213536992408,0.0 -49.6773221,-26.7217869992408,0.0 -49.676838,-26.7221496992408,0.0 -49.67635,-26.7222772992408,0.0 -49.6759465,-26.7226590992408,0.0 -49.6758866,-26.7231531992408,0.0 -49.6757907,-26.7236599992408,0.0 -49.6754953,-26.7239294992408,0.0 -49.6749544,-26.7242836992408,0.0 -49.674402,-26.7246703992408,0.0 -49.6742685,-26.7251412992408,0.0 -49.6743596,-26.7256625992408,0.0 -49.6746135,-26.7261695992408,0.0 -49.6748171,-26.7266202992407,0.0 -49.6747679,-26.7270202992407,0.0 -49.674531,-26.7273270992407,0.0 -49.6739211,-26.7279286992407,0.0 -49.6734256,-26.7287720992407,0.0 -49.6731007,-26.7292911992407,0.0 -49.6727497,-26.7294931992407,0.0 -49.672294,-26.7297344992407,0.0 -49.6722061,-26.7301763992407,0.0 -49.672348,-26.7307475992407,0.0 -49.6722801,-26.7310377992407,0.0 -49.6717655,-26.7311430992407,0.0 -49.6714001,-26.7311636992407,0.0 -49.6710135,-26.7312680992407,0.0 -49.6705538,-26.7315312992407,0.0 -49.6701733,-26.7319907992406,0.0 -49.6701514,-26.7326654992406,0.0 -49.6702243,-26.7332574992406,0.0 -49.6704463,-26.7341416992406,0.0 -49.670407,-26.7345567992406,0.0 -49.6701703,-26.7348030992406,0.0 -49.669951,-26.7351658992406,0.0 -49.6699187,-26.7356654992406,0.0 -49.6696827,-26.7360124992406,0.0 -49.6695965,-26.7363546992406,0.0 -49.6697011,-26.7368927992405,0.0 -49.6696353,-26.7372242992405,0.0 -49.6695591,-26.7373204992405,0.0 -49.669398,-26.7375069992405,0.0 -49.6689659,-26.7377405992405,0.0 -49.6685377,-26.7380005992405,0.0 -49.6683412,-26.7382368992405,0.0 -49.6683984,-26.7386262992405,0.0 -49.6685601,-26.7390141992405,0.0 -49.6683762,-26.7393062992405,0.0 -49.6680677,-26.7395437992405,0.0 -49.6676077,-26.7396087992405,0.0 -49.6673812,-26.7397016992405,0.0 -49.6672405,-26.7399942992405,0.0 -49.6670021,-26.7404042992405,0.0 -49.6666041,-26.7408146992405,0.0 -49.666002,-26.7409273992405,0.0 -49.6653521,-26.7411135992405,0.0 -49.6651466,-26.7414102992405,0.0 -49.6648231,-26.7418420992405,0.0 -49.6645368,-26.7420507992404,0.0 -49.6640754,-26.7420938992404,0.0 -49.6634683,-26.7419304992404,0.0 -49.6628831,-26.7416920992405,0.0 -49.6619067,-26.7416919992405,0.0 -49.6615136,-26.7415624992405,0.0 -49.6611519,-26.7412923992405,0.0 -49.6608568,-26.7412202992405,0.0 -49.6606009,-26.7412603992405,0.0 -49.6599389,-26.7413101992405,0.0 -49.659162,-26.7411532992405,0.0 -49.6585776,-26.7412436992405,0.0 -49.6582659,-26.7415083992405,0.0 -49.6577584,-26.7416768992404,0.0 -49.6574169,-26.7419093992404,0.0 -49.6572357,-26.7425034992404,0.0 -49.6569429,-26.7432162992404,0.0 -49.656793,-26.7438805992404,0.0 -49.6569712,-26.7446192992404,0.0 -49.6571719,-26.7452341992404,0.0 -49.6575849,-26.7459272992404,0.0 -49.6578312,-26.7468477992404,0.0 -49.6582496,-26.7479610992403,0.0 -49.6583755,-26.7489810992403,0.0 -49.6583979,-26.7496333992403,0.0 -49.6581284,-26.7502492992403,0.0 -49.6576346,-26.7508573992403,0.0 -49.6572,-26.7515194992403,0.0 -49.6564957,-26.7518330992402,0.0 -49.6560012,-26.7518860992403,0.0 -49.6554615,-26.7515330992403,0.0 -49.6550052,-26.7515372992403,0.0 -49.6545418,-26.7517552992403,0.0 -49.6542468,-26.7520297992403,0.0 -49.6539855,-26.7523741992402,0.0 -49.6539378835347,-26.7528018574006,0.0 -49.6547240694165,-26.7527977475936,0.0 -49.6718801283847,-26.7558352760571,0.0 -49.6925646397979,-26.7594914448563,0.0 -49.7116213716123,-26.7628613082102,0.0 -49.7292240927551,-26.7659671016394,0.0 -49.7291718,-26.76588359924,0.0 -49.7291505,-26.76585239924,0.0 -49.7291283,-26.76582339924,0.0 -49.7291171,-26.76581029924,0.0 -49.7290943,-26.76578789924,0.0 -49.7290711,-26.76576989924,0.0 -49.7290471,-26.76575519924,0.0 -49.7290347,-26.76574889924,0.0 -49.7290091,-26.76573749924,0.0 -49.7289816,-26.76572769924,0.0 -49.7289669,-26.76572329924,0.0 -49.7289348,-26.76571549924,0.0 -49.7289171,-26.76571199924,0.0 -49.7288565,-26.76570329924,0.0 -49.7287878,-26.76569689924,0.0 -49.728717,-26.76569269924,0.0 -49.7285438,-26.76568799924,0.0 -49.7284649,-26.76568449924,0.0 -49.7284113,-26.76568009924,0.0 -49.7283647,-26.76567389924,0.0 -49.7283375,-26.76566859924,0.0 -49.728313,-26.76566189924,0.0 -49.7283016,-26.76565809924,0.0 -49.7282803,-26.76564919924,0.0 -49.7282703,-26.76564419924,0.0 -49.7282516,-26.76563319924,0.0 -49.7282346,-26.76562089924,0.0 -49.7282193,-26.76560759924,0.0 -49.7282022,-26.76558929924,0.0 -49.7281797,-26.76555949924,0.0 -49.7281596,-26.76552639924,0.0 -49.7281376,-26.76548569924,0.0 -49.7281144,-26.76543899924,0.0 -49.728091,-26.76538779924,0.0 -49.7280753,-26.76534869924,0.0 -49.7280594,-26.76530239924,0.0 -49.7280433,-26.76524579924,0.0 -49.7280351,-26.76521299924,0.0 -49.7280186,-26.76514019924,0.0 -49.7279712,-26.76491109924,0.0 -49.7279329,-26.76473189924,0.0 -49.7279319,-26.76472719924,0.0 -49.7278882,-26.76450249924,0.0 -49.7278749,-26.76444049924,0.0 -49.7278598,-26.76437619924,0.0 -49.7278359,-26.76428359924,0.0 -49.7278164,-26.76421839924,0.0 -49.7278062,-26.76418729924,0.0 -49.7277925,-26.76415339924,0.0 -49.7277858,-26.76413909924,0.0 -49.7277719,-26.76411459924,0.0 -49.7277646,-26.76410379924,0.0 -49.727749,-26.76408409924,0.0 -49.727732,-26.76406649924,0.0 -49.7277137,-26.76405079924,0.0 -49.7276942,-26.76403669924,0.0 -49.7276735,-26.76402399924,0.0 -49.7276511,-26.76401249924,0.0 -49.7276265,-26.76400189924,0.0 -49.7275991,-26.76399189924,0.0 -49.7275685,-26.76398229924,0.0 -49.7275345,-26.76397279924,0.0 -49.7274967,-26.76396339924,0.0 -49.7274326,-26.76394919924,0.0 -49.7272619,-26.76391439924,0.0 -49.72722,-26.76390439924,0.0 -49.7271977,-26.76389769924,0.0 -49.7271776,-26.76389029924,0.0 -49.7271486,-26.76387669924,0.0 -49.7271205,-26.76385919924,0.0 -49.7271024,-26.76384499924,0.0 -49.7270848,-26.76382859924,0.0 -49.7270596,-26.76380079924,0.0 -49.7270361,-26.76377039924,0.0 -49.7270148,-26.76373889924,0.0 -49.7269963,-26.76370679924,0.0 -49.7269814,-26.76367439924,0.0 -49.7269736,-26.76365259924,0.0 -49.7269673,-26.76363059924,0.0 -49.7269621,-26.76360799924,0.0 -49.726958,-26.76358479924,0.0 -49.726954,-26.76354879924,0.0 -49.7269538,-26.76352439924,0.0 -49.7269546,-26.76351219924,0.0 -49.7269562,-26.76349989924,0.0 -49.7269616,-26.76347559924,0.0 -49.7269653,-26.76346379924,0.0 -49.7269742,-26.76344089924,0.0 -49.7269903,-26.76341009924,0.0 -49.7270021,-26.76339249924,0.0 -49.7270087,-26.76338419924,0.0 -49.727024,-26.76336779924,0.0 -49.7270331,-26.76335929924,0.0 -49.7270553,-26.76334079924,0.0 -49.7270834,-26.76331939924,0.0 -49.7271166,-26.76329549924,0.0 -49.727173,-26.76325689924,0.0 -49.7272551,-26.76320389924,0.0 -49.7273244,-26.76316289924,0.0 -49.727377,-26.76313439924,0.0 -49.727553,-26.76304629924,0.0 -49.7276029,-26.76301979924,0.0 -49.7276419,-26.76299649924,0.0 -49.7276575,-26.76298579924,0.0 -49.7276828,-26.76296569924,0.0 -49.7277022,-26.76294669924,0.0 -49.7277105,-26.76293709924,0.0 -49.7277253,-26.76291779924,0.0 -49.727732,-26.76290789924,0.0 -49.7277436,-26.76288799924,0.0 -49.7277485,-26.76287789924,0.0 -49.7277568,-26.76285769924,0.0 -49.7277628,-26.76283729924,0.0 -49.7277685,-26.76280559924,0.0 -49.7277705,-26.76278309924,0.0 -49.7277716,-26.76275899924,0.0 -49.7277714,-26.76272039924,0.0 -49.7277681,-26.76268219924,0.0 -49.727766,-26.76267019924,0.0 -49.7277606,-26.76264769924,0.0 -49.72775,-26.76261839924,0.0 -49.7277423,-26.76260209924,0.0 -49.7277311,-26.76258219924,0.0 -49.7277171,-26.76256349924,0.0 -49.7276942,-26.76253889924,0.0 -49.7275514,-26.76239749924,0.0 -49.7274922,-26.7623356992401,0.0 -49.7274641,-26.76230399924,0.0 -49.7274371,-26.76227119924,0.0 -49.7274109,-26.7622368992401,0.0 -49.7273848,-26.76220039924,0.0 -49.7273451,-26.7621404992401,0.0 -49.7272895,-26.7620494992401,0.0 -49.7272142,-26.7619176992401,0.0 -49.7270836,-26.7616813992401,0.0 -49.7270364,-26.7615975992401,0.0 -49.7269956,-26.7615290992401,0.0 -49.7269841,-26.7615111992401,0.0 -49.7269638,-26.7614821992401,0.0 -49.7269547,-26.7614704992401,0.0 -49.7269376,-26.7614506992401,0.0 -49.7269119,-26.7614252992401,0.0 -49.7268739,-26.7613920992401,0.0 -49.7268317,-26.7613590992401,0.0 -49.7267967,-26.7613343992401,0.0 -49.7267569,-26.7613084992401,0.0 -49.7266464,-26.7612420992401,0.0 -49.726618,-26.7612241992401,0.0 -49.7265947,-26.7612079992401,0.0 -49.7265677,-26.7611864992401,0.0 -49.726547,-26.7611667992401,0.0 -49.7265295,-26.7611479992401,0.0 -49.7265096,-26.7611237992401,0.0 -49.7264928,-26.7611004992401,0.0 -49.7264822,-26.7610831992401,0.0 -49.7264735,-26.7610654992401,0.0 -49.7264666,-26.7610461992401,0.0 -49.726463,-26.7610313992401,0.0 -49.7264601,-26.7610144992401,0.0 -49.7264578,-26.7609947992401,0.0 -49.7264563,-26.7609719992401,0.0 -49.7264557,-26.7609455992401,0.0 -49.7264569,-26.7608984992401,0.0 -49.7264611,-26.7608409992401,0.0 -49.7264676,-26.7607819992401,0.0 -49.7264726,-26.7607432992401,0.0 -49.7265055,-26.7605267992401,0.0 -49.7265168,-26.7604419992401,0.0 -49.7265223,-26.7603919992401,0.0 -49.7265281,-26.7603243992401,0.0 -49.7265401,-26.7601117992401,0.0 -49.726542,-26.7600938992401,0.0 -49.7265447,-26.7600783992401,0.0 -49.7265505,-26.7600578992401,0.0 -49.7265558,-26.7600453992401,0.0 -49.7265623,-26.7600332992401,0.0 -49.7265749,-26.7600146992401,0.0 -49.7265853,-26.7600017992401,0.0 -49.7265975,-26.7599885992401,0.0 -49.7266116,-26.7599751992401,0.0 -49.7266279,-26.7599614992401,0.0 -49.726646,-26.7599479992401,0.0 -49.7266757,-26.7599288992401,0.0 -49.7267076,-26.7599121992401,0.0 -49.7267403,-26.7598978992401,0.0 -49.7268132,-26.7598684992401,0.0 -49.7268401,-26.7598560992401,0.0 -49.7268557,-26.7598475992401,0.0 -49.7268694,-26.7598388992401,0.0 -49.7268814,-26.7598298992401,0.0 -49.7268918,-26.7598206992401,0.0 -49.7269048,-26.7598061992401,0.0 -49.7269154,-26.7597908992401,0.0 -49.7269241,-26.7597750992401,0.0 -49.7269313,-26.7597581992401,0.0 -49.7269373,-26.7597385992401,0.0 -49.7269407,-26.7597228992401,0.0 -49.7269447,-26.7596945992401,0.0 -49.7269465,-26.7596739992401,0.0 -49.7269475,-26.7596428992401,0.0 -49.7269469,-26.7596235992401,0.0 -49.7269446,-26.7595971992401,0.0 -49.7269385,-26.7595531992401,0.0 -49.7269307,-26.7595118992401,0.0 -49.7268955,-26.7593464992401,0.0 -49.7268886,-26.7593074992401,0.0 -49.7268841,-26.7592740992401,0.0 -49.7268799,-26.7592245992401,0.0 -49.7268663,-26.7589958992401,0.0 -49.7268587,-26.7588840992401,0.0 -49.7268524,-26.7588249992401,0.0 -49.726846,-26.7587944992401,0.0 -49.7268401,-26.7587784992401,0.0 -49.7268365,-26.7587712992401,0.0 -49.7268274,-26.7587576992401,0.0 -49.7268158,-26.7587443992401,0.0 -49.7268024,-26.7587314992401,0.0 -49.726781,-26.7587141992401,0.0 -49.7267424,-26.7586893992401,0.0 -49.7267248,-26.7586759992401,0.0 -49.726707,-26.7586574992401,0.0 -49.7266896,-26.7586346992401,0.0 -49.7266788,-26.7586177992401,0.0 -49.7266687,-26.7585999992401,0.0 -49.7266597,-26.7585809992401,0.0 -49.7266518,-26.7585603992401,0.0 -49.7266422,-26.7585254992401,0.0 -49.7266376,-26.7584986992401,0.0 -49.7266358,-26.7584837992401,0.0 -49.7266337,-26.7584507992401,0.0 -49.7266335,-26.7584123992401,0.0 -49.7266353,-26.7583680992401,0.0 -49.7266409,-26.7582933992401,0.0 -49.7266488,-26.7582132992401,0.0 -49.7266608,-26.7581039992401,0.0 -49.7266906,-26.7578540992401,0.0 -49.7267066,-26.7577330992401,0.0 -49.7267258,-26.7576103992401,0.0 -49.7267313,-26.7575689992401,0.0 -49.7267331,-26.7575457992401,0.0 -49.7267335,-26.7575253992401,0.0 -49.7267326,-26.7575071992401,0.0 -49.7267289,-26.7574829992401,0.0 -49.7267251,-26.7574681992401,0.0 -49.7267202,-26.7574542992401,0.0 -49.7267074,-26.7574277992401,0.0 -49.7266994,-26.7574150992401,0.0 -49.7266901,-26.7574028992401,0.0 -49.7266733,-26.7573859992401,0.0 -49.7266527,-26.7573709992401,0.0 -49.7266368,-26.7573617992401,0.0 -49.7266195,-26.7573529992401,0.0 -49.72658,-26.7573360992401,0.0 -49.7265342,-26.7573196992401,0.0 -49.7264522,-26.7572942992401,0.0 -49.7263467,-26.7572645992402,0.0 -49.7262589,-26.7572425992402,0.0 -49.7261835,-26.7572258992402,0.0 -49.726082,-26.7572059992401,0.0 -49.7259951,-26.7571918992401,0.0 -49.7259584,-26.7571870992401,0.0 -49.7259254,-26.7571836992402,0.0 -49.7258431,-26.7571784992402,0.0 -49.7258089,-26.7571746992401,0.0 -49.7257951,-26.7571717992401,0.0 -49.7257782,-26.7571673992401,0.0 -49.725751,-26.7571572992402,0.0 -49.7257279,-26.7571458992401,0.0 -49.7257089,-26.7571335992401,0.0 -49.725698,-26.7571244992401,0.0 -49.7256835,-26.7571091992401,0.0 -49.7256709,-26.7570912992402,0.0 -49.7256605,-26.7570711992402,0.0 -49.7256525,-26.7570492992402,0.0 -49.7256469,-26.7570253992402,0.0 -49.7256422,-26.7569893992401,0.0 -49.7256402,-26.7569492992401,0.0 -49.7256416,-26.7569084992402,0.0 -49.7256452,-26.7568793992402,0.0 -49.7256488,-26.7568611992402,0.0 -49.7256533,-26.7568439992402,0.0 -49.7256587,-26.7568279992402,0.0 -49.7256749,-26.7567880992402,0.0 -49.7256852,-26.7567601992402,0.0 -49.7256983,-26.7567182992401,0.0 -49.7257094,-26.7566762992402,0.0 -49.7257203,-26.7566260992402,0.0 -49.7257296,-26.7565753992402,0.0 -49.7257347,-26.7565344992402,0.0 -49.7257363,-26.7565033992402,0.0 -49.7257363,-26.7564566992402,0.0 -49.7257348,-26.7563974992402,0.0 -49.7257319,-26.7563439992402,0.0 -49.7257287,-26.7563044992402,0.0 -49.7257185,-26.7562178992402,0.0 -49.7256963,-26.7560600992402,0.0 -49.7256885,-26.7559984992402,0.0 -49.7256835,-26.7559457992402,0.0 -49.7256814,-26.7559004992402,0.0 -49.7256798,-26.7556267992402,0.0 -49.7256813,-26.7555072992402,0.0 -49.7256844,-26.7553992992402,0.0 -49.7256884,-26.7553128992402,0.0 -49.7256924,-26.7552648992402,0.0 -49.7256971,-26.7552371992402,0.0 -49.7257017,-26.7552204992402,0.0 -49.7257074,-26.7552043992402,0.0 -49.7257143,-26.7551889992402,0.0 -49.7257219,-26.7551745992402,0.0 -49.7257301,-26.7551610992402,0.0 -49.7257389,-26.7551487992402,0.0 -49.725748,-26.7551377992402,0.0 -49.7257576,-26.7551280992402,0.0 -49.7257676,-26.7551196992402,0.0 -49.7257779,-26.7551127992402,0.0 -49.7257887,-26.7551069992402,0.0 -49.725806,-26.7551002992402,0.0 -49.7258183,-26.7550968992402,0.0 -49.7258372,-26.7550932992402,0.0 -49.7258556,-26.7550912992402,0.0 -49.7258672,-26.7550908992402,0.0 -49.7258839,-26.7550919992402,0.0 -49.725895,-26.7550942992402,0.0 -49.7259064,-26.7550979992402,0.0 -49.7259185,-26.7551034992402,0.0 -49.7259393,-26.7551155992402,0.0 -49.7259649,-26.7551333992402,0.0 -49.7260053,-26.7551647992402,0.0 -49.7260359,-26.7551905992402,0.0 -49.7260718,-26.7552236992402,0.0 -49.7261521,-26.7553060992402,0.0 -49.7261633,-26.7553158992402,0.0 -49.7261795,-26.7553278992402,0.0 -49.7262002,-26.7553396992402,0.0 -49.7262151,-26.7553456992402,0.0 -49.7262249,-26.7553483992402,0.0 -49.7262397,-26.7553504992402,0.0 -49.7262496,-26.7553504992402,0.0 -49.7262598,-26.7553489992402,0.0 -49.7262703,-26.7553457992402,0.0 -49.7262811,-26.7553403992402,0.0 -49.7262979,-26.7553284992402,0.0 -49.7263093,-26.7553181992402,0.0 -49.7263266,-26.7552997992402,0.0 -49.7263439,-26.7552775992402,0.0 -49.7263556,-26.7552599992402,0.0 -49.7263674,-26.7552395992402,0.0 -49.7263794,-26.7552161992402,0.0 -49.7263976,-26.7551770992402,0.0 -49.7264152,-26.7551357992402,0.0 -49.7264371,-26.7550812992402,0.0 -49.7264523,-26.7550405992402,0.0 -49.7264664,-26.7549994992402,0.0 -49.7264787,-26.7549597992402,0.0 -49.7264873,-26.7549249992402,0.0 -49.7264905,-26.7549058992402,0.0 -49.7264916,-26.7548895992402,0.0 -49.7264897,-26.7548683992402,0.0 -49.7264842,-26.7548483992402,0.0 -49.7264751,-26.7548276992402,0.0 -49.7264672,-26.7548128992402,0.0 -49.7264523,-26.7547880992402,0.0 -49.7263829,-26.7546802992402,0.0 -49.7263289,-26.7545946992402,0.0 -49.7263021,-26.7545502992402,0.0 -49.726285,-26.7545200992402,0.0 -49.7262576,-26.7544671992402,0.0 -49.7262358,-26.7544206992402,0.0 -49.726214,-26.7543676992402,0.0 -49.7261974,-26.7543206992402,0.0 -49.726175,-26.7542468992402,0.0 -49.7261452,-26.7541365992402,0.0 -49.7261171,-26.7540253992402,0.0 -49.7261097,-26.7539918992402,0.0 -49.7261069,-26.7539762992402,0.0 -49.7261026,-26.7539470992402,0.0 -49.7260994,-26.7539114992402,0.0 -49.7260984,-26.7538879992402,0.0 -49.7260983,-26.7538548992402,0.0 -49.7260999,-26.7538257992402,0.0 -49.7261029,-26.7538008992402,0.0 -49.7261069,-26.7537801992402,0.0 -49.7261125,-26.7537626992402,0.0 -49.7261206,-26.7537465992402,0.0 -49.7261278,-26.7537359992402,0.0 -49.7261362,-26.7537256992402,0.0 -49.7261505,-26.7537116992402,0.0 -49.7261656,-26.7537006992402,0.0 -49.7261816,-26.7536926992402,0.0 -49.7261993,-26.7536864992402,0.0 -49.7262263,-26.7536798992402,0.0 -49.7262488,-26.7536763992402,0.0 -49.7262812,-26.7536743992402,0.0 -49.726308,-26.7536752992402,0.0 -49.7263377,-26.7536783992402,0.0 -49.7263701,-26.7536836992402,0.0 -49.7264233,-26.7536943992402,0.0 -49.7264605,-26.7537030992402,0.0 -49.7264855,-26.7537102992402,0.0 -49.7265387,-26.7537286992402,0.0 -49.7265542,-26.7537322992402,0.0 -49.7265701,-26.7537343992402,0.0 -49.7265865,-26.7537345992402,0.0 -49.7265947,-26.7537338992402,0.0 -49.7266113,-26.7537307992402,0.0 -49.7266196,-26.7537282992402,0.0 -49.7266278,-26.7537250992402,0.0 -49.7266437,-26.7537171992402,0.0 -49.7266513,-26.7537124992402,0.0 -49.7266655,-26.7537017992402,0.0 -49.7266778,-26.7536897992402,0.0 -49.7266883,-26.7536766992402,0.0 -49.7266971,-26.7536627992402,0.0 -49.7267075,-26.7536412992402,0.0 -49.726713,-26.7536266992402,0.0 -49.7267196,-26.7536037992402,0.0 -49.7267248,-26.7535785992402,0.0 -49.7267288,-26.7535499992402,0.0 -49.7267316,-26.7535182992402,0.0 -49.7267324,-26.7534839992402,0.0 -49.7267318,-26.7534599992402,0.0 -49.7267291,-26.7534230992402,0.0 -49.7267262,-26.7533982992402,0.0 -49.7267205,-26.7533613992402,0.0 -49.7267023,-26.7532682992402,0.0 -49.726697,-26.7532369992402,0.0 -49.7266941,-26.7532087992402,0.0 -49.7266939,-26.7531913992402,0.0 -49.7266953,-26.7531741992402,0.0 -49.7266984,-26.7531563992402,0.0 -49.7267033,-26.7531371992402,0.0 -49.72671,-26.7531164992402,0.0 -49.7267181,-26.7530955992402,0.0 -49.7267276,-26.7530753992402,0.0 -49.726738,-26.7530568992402,0.0 -49.7267436,-26.7530484992402,0.0 -49.726756,-26.7530327992402,0.0 -49.7267702,-26.7530181992402,0.0 -49.7267867,-26.7530037992402,0.0 -49.7268159,-26.7529821992402,0.0 -49.7268478,-26.7529616992402,0.0 -49.7268787,-26.7529440992402,0.0 -49.7269082,-26.7529296992402,0.0 -49.7269292,-26.7529209992402,0.0 -49.7269528,-26.7529121992402,0.0 -49.7269943,-26.7528982992402,0.0 -49.7270381,-26.7528853992402,0.0 -49.7270651,-26.7528784992402,0.0 -49.7270886,-26.7528735992402,0.0 -49.7271186,-26.7528692992402,0.0 -49.727191,-26.7528638992402,0.0 -49.7272165,-26.7528609992402,0.0 -49.7272321,-26.7528582992402,0.0 -49.7272463,-26.7528547992402,0.0 -49.7272594,-26.7528506992402,0.0 -49.7272712,-26.7528456992402,0.0 -49.7272819,-26.7528397992402,0.0 -49.7272916,-26.7528332992402,0.0 -49.7273003,-26.7528260992402,0.0 -49.7273118,-26.7528140992402,0.0 -49.7273215,-26.7528009992402,0.0 -49.7273269,-26.7527913992402,0.0 -49.7273314,-26.7527810992402,0.0 -49.7273348,-26.7527699992402,0.0 -49.7273381,-26.7527520992402,0.0 -49.7273392,-26.7527332992402,0.0 -49.7273382,-26.7527141992402,0.0 -49.7273345,-26.7526960992402,0.0 -49.7273303,-26.7526853992402,0.0 -49.7273276,-26.7526805992402,0.0 -49.7273207,-26.7526719992402,0.0 -49.7273112,-26.7526647992402,0.0 -49.7272984,-26.7526586992402,0.0 -49.7272906,-26.7526559992402,0.0 -49.7272718,-26.7526512992402,0.0 -49.7272486,-26.7526472992402,0.0 -49.7272207,-26.7526438992402,0.0 -49.7271503,-26.7526381992402,0.0 -49.7269824,-26.7526274992402,0.0 -49.7269263,-26.7526218992402,0.0 -49.7268864,-26.7526160992402,0.0 -49.7268477,-26.7526082992402,0.0 -49.7268127,-26.7525980992402,0.0 -49.7268022,-26.7525940992402,0.0 -49.7267831,-26.7525850992402,0.0 -49.7267661,-26.7525749992402,0.0 -49.7267508,-26.7525639992402,0.0 -49.7267369,-26.7525521992402,0.0 -49.7267243,-26.7525395992402,0.0 -49.7267075,-26.7525190992402,0.0 -49.7266935,-26.7524961992402,0.0 -49.7266854,-26.7524791992402,0.0 -49.726678,-26.7524603992402,0.0 -49.7266708,-26.7524392992402,0.0 -49.7266599,-26.7524025992402,0.0 -49.7266494,-26.7523626992402,0.0 -49.7266405,-26.7523248992402,0.0 -49.7266345,-26.7522929992403,0.0 -49.7266309,-26.7522664992402,0.0 -49.726629,-26.7522432992402,0.0 -49.7266288,-26.7522212992402,0.0 -49.7266309,-26.7521980992402,0.0 -49.7266341,-26.7521806992402,0.0 -49.7266415,-26.7521519992402,0.0 -49.726651,-26.7521220992403,0.0 -49.7266616,-26.7520934992402,0.0 -49.7266762,-26.7520589992402,0.0 -49.7266909,-26.7520286992402,0.0 -49.7267028,-26.7520084992402,0.0 -49.7267169,-26.7519895992403,0.0 -49.7267283,-26.7519775992402,0.0 -49.7267413,-26.7519657992402,0.0 -49.726756,-26.7519543992402,0.0 -49.7267725,-26.7519430992403,0.0 -49.7267904,-26.7519320992403,0.0 -49.7268655,-26.7518903992403,0.0 -49.7269052,-26.7518661992403,0.0 -49.7269255,-26.7518518992403,0.0 -49.7269378,-26.7518419992403,0.0 -49.7269492,-26.7518311992403,0.0 -49.7269601,-26.7518191992403,0.0 -49.7269758,-26.7517979992402,0.0 -49.7269855,-26.7517817992402,0.0 -49.7269946,-26.7517630992403,0.0 -49.7270065,-26.7517346992403,0.0 -49.7270133,-26.7517135992403,0.0 -49.727019,-26.7516914992403,0.0 -49.7270235,-26.7516682992403,0.0 -49.7270282,-26.7516324992403,0.0 -49.7270312,-26.7515853992403,0.0 -49.7270316,-26.7515407992403,0.0 -49.7270297,-26.7514866992403,0.0 -49.727025,-26.7514199992403,0.0 -49.7270209,-26.7513808992403,0.0 -49.7270156,-26.7513468992403,0.0 -49.727008,-26.7513135992403,0.0 -49.7269966,-26.7512753992403,0.0 -49.7269814,-26.7512302992403,0.0 -49.7269638,-26.7511832992403,0.0 -49.7269516,-26.7511534992403,0.0 -49.7269332,-26.7511125992403,0.0 -49.7269032,-26.7510514992403,0.0 -49.7268724,-26.7509916992403,0.0 -49.7267702,-26.7508037992403,0.0 -49.726761,-26.7507841992403,0.0 -49.7267538,-26.7507663992403,0.0 -49.726747,-26.7507419992403,0.0 -49.7267438,-26.7507209992403,0.0 -49.7267431,-26.7507039992403,0.0 -49.7267444,-26.7506900992403,0.0 -49.7267469,-26.7506807992403,0.0 -49.7267565,-26.7506577992403,0.0 -49.7267678,-26.7506366992403,0.0 -49.7267815,-26.7506154992403,0.0 -49.7267915,-26.7506025992403,0.0 -49.7268083,-26.7505857992403,0.0 -49.726821,-26.7505762992403,0.0 -49.726835,-26.7505682992403,0.0 -49.7268503,-26.7505616992403,0.0 -49.7268748,-26.7505533992403,0.0 -49.7269315,-26.7505368992403,0.0 -49.7269541,-26.7505313992403,0.0 -49.726983,-26.7505262992403,0.0 -49.7270346,-26.7505200992403,0.0 -49.7270775,-26.7505162992403,0.0 -49.7271108,-26.7505153992403,0.0 -49.7271328,-26.7505159992403,0.0 -49.7271654,-26.7505189992403,0.0 -49.7271983,-26.7505243992403,0.0 -49.7272314,-26.7505322992403,0.0 -49.7272532,-26.7505392992403,0.0 -49.7272746,-26.7505478992403,0.0 -49.7272952,-26.7505582992403,0.0 -49.7273152,-26.7505703992403,0.0 -49.7273344,-26.7505842992403,0.0 -49.7273529,-26.7506001992403,0.0 -49.7273705,-26.7506177992403,0.0 -49.7273868,-26.7506362992403,0.0 -49.7274078,-26.7506638992403,0.0 -49.7274231,-26.7506885992403,0.0 -49.7274344,-26.7507126992403,0.0 -49.7274813,-26.7508447992403,0.0 -49.7274956,-26.7508804992403,0.0 -49.727505,-26.7509010992403,0.0 -49.7275143,-26.7509188992403,0.0 -49.7275237,-26.7509335992403,0.0 -49.7275331,-26.7509453992403,0.0 -49.7275478,-26.7509590992403,0.0 -49.7275581,-26.7509662992403,0.0 -49.7275689,-26.7509724992403,0.0 -49.7275799,-26.7509778992403,0.0 -49.7275963,-26.7509842992403,0.0 -49.7276114,-26.7509887992403,0.0 -49.7276212,-26.7509904992403,0.0 -49.7276314,-26.7509909992403,0.0 -49.7276426,-26.7509903992403,0.0 -49.7276551,-26.7509883992403,0.0 -49.7276749,-26.7509833992403,0.0 -49.7276936,-26.7509769992403,0.0 -49.7277089,-26.7509698992403,0.0 -49.7277208,-26.7509609992403,0.0 -49.7277273,-26.7509534992403,0.0 -49.7277327,-26.7509444992403,0.0 -49.7277372,-26.7509338992403,0.0 -49.7277408,-26.7509218992403,0.0 -49.7277448,-26.7509016992403,0.0 -49.7277475,-26.7508701992403,0.0 -49.727747,-26.7508309992403,0.0 -49.7277418,-26.7507694992403,0.0 -49.727734,-26.7507109992403,0.0 -49.727722,-26.7506446992403,0.0 -49.7277088,-26.7505894992403,0.0 -49.7276922,-26.7505320992403,0.0 -49.7276742,-26.7504789992403,0.0 -49.7276623,-26.7504491992403,0.0 -49.7276508,-26.7504245992403,0.0 -49.7276331,-26.7503940992403,0.0 -49.7276205,-26.7503758992403,0.0 -49.7275992,-26.7503483992403,0.0 -49.7275286,-26.7502638992403,0.0 -49.7274929,-26.7502191992403,0.0 -49.7274729,-26.7501911992403,0.0 -49.7274594,-26.7501677992403,0.0 -49.727453,-26.7501528992403,0.0 -49.727448,-26.7501372992403,0.0 -49.727444,-26.7501205992403,0.0 -49.72744,-26.7500936992403,0.0 -49.7274385,-26.7500746992403,0.0 -49.727438,-26.7500452992403,0.0 -49.7274397,-26.7500181992403,0.0 -49.7274422,-26.7500031992403,0.0 -49.7274745,-26.7499559992403,0.0 -49.7275183,-26.7499088992403,0.0 -49.7275667,-26.7498803992403,0.0 -49.7276585,-26.7498361992403,0.0 -49.7277247,-26.7498139992403,0.0 -49.7277971,-26.7497976992403,0.0 -49.7278384,-26.7497888992403,0.0 -49.7278573,-26.7497847992403,0.0 -49.7278712,-26.7497764992403,0.0 -49.7278842,-26.7497626992403,0.0 -49.7278931,-26.7497348992403,0.0 -49.7278978,-26.7497017992403,0.0 -49.7278965,-26.7496666992403,0.0 -49.7278835,-26.7496380992403,0.0 -49.7278542,-26.7496092992403,0.0 -49.7278257,-26.7495828992403,0.0 -49.7277977,-26.7495536992403,0.0 -49.7277794,-26.7495275992403,0.0 -49.7277685,-26.7495062992403,0.0 -49.7277641,-26.7494803992403,0.0 -49.7277644,-26.7494476992403,0.0 -49.7277626,-26.7494189992403,0.0 -49.7277544,-26.7493842992403,0.0 -49.7277444,-26.7493560992403,0.0 -49.7277333,-26.7493162992403,0.0 -49.7277237,-26.7492899992403,0.0 -49.7277227,-26.7492646992403,0.0 -49.7277295,-26.7492044992403,0.0 -49.7277406,-26.7491427992403,0.0 -49.7277595,-26.7491012992403,0.0 -49.7277993,-26.7490452992403,0.0 -49.7278264,-26.7490118992403,0.0 -49.7278529,-26.7489869992403,0.0 -49.7278849,-26.7489609992403,0.0 -49.7278985,-26.7489440992403,0.0 -49.7279132,-26.7489238992403,0.0 -49.7279139,-26.7488984992403,0.0 -49.7279085,-26.7488833992403,0.0 -49.7278972,-26.7488682992403,0.0 -49.7278802,-26.7488403992403,0.0 -49.7278711,-26.7488129992403,0.0 -49.7278682,-26.7487941992403,0.0 -49.7278703,-26.7487772992403,0.0 -49.7278741,-26.7487601992403,0.0 -49.7278871,-26.7487152992403,0.0 -49.7279135,-26.7486739992403,0.0 -49.7279282,-26.7486413992403,0.0 -49.7279407,-26.7486072992403,0.0 -49.7279569,-26.7485538992403,0.0 -49.727969,-26.7485108992403,0.0 -49.7279713,-26.7484610992403,0.0 -49.7279724,-26.7484055992403,0.0 -49.7279694,-26.7483588992403,0.0 -49.7279711,-26.7483213992403,0.0 -49.7279782,-26.7482927992403,0.0 -49.7280108,-26.7482591992403,0.0 -49.728033,-26.7482380992403,0.0 -49.728066,-26.7482136992403,0.0 -49.7281033,-26.7481906992403,0.0 -49.7281292,-26.7481717992403,0.0 -49.7281547,-26.7481456992403,0.0 -49.7281803,-26.7481118992403,0.0 -49.728208,-26.7480773992403,0.0 -49.728238,-26.7480490992403,0.0 -49.7282584,-26.7480323992403,0.0 -49.7283055,-26.7479939992403,0.0 -49.7283421,-26.7479604992403,0.0 -49.7283535,-26.7479434992403,0.0 -49.7283658,-26.7479145992403,0.0 -49.7283661,-26.7478820992403,0.0 -49.7283556,-26.7478495992403,0.0 -49.7283428,-26.7478197992403,0.0 -49.7283339,-26.7478106992403,0.0 -49.7283116,-26.7477879992403,0.0 -49.7282764,-26.7477637992403,0.0 -49.7282308,-26.7477370992403,0.0 -49.7281944,-26.7477173992403,0.0 -49.7281491,-26.7476964992403,0.0 -49.7281069,-26.7476787992403,0.0 -49.7280501,-26.7476592992403,0.0 -49.7279902,-26.7476326992403,0.0 -49.7279646,-26.7476096992403,0.0 -49.727938,-26.7475716992403,0.0 -49.7279242,-26.7475390992403,0.0 -49.7279257,-26.7475017992403,0.0 -49.7279302,-26.7474800992403,0.0 -49.727967,-26.7474319992403,0.0 -49.728008,-26.7473804992403,0.0 -49.728033,-26.7473526992403,0.0 -49.7280601,-26.7473129992403,0.0 -49.7280832,-26.7472810992403,0.0 -49.7281158,-26.7472270992403,0.0 -49.7281398,-26.7471798992403,0.0 -49.728147,-26.7471247992403,0.0 -49.7281373,-26.7470658992403,0.0 -49.7281265,-26.7470277992403,0.0 -49.7281129,-26.7470024992404,0.0 -49.728084,-26.7469662992404,0.0 -49.7280412,-26.7469299992404,0.0 -49.7280349,-26.7469129992404,0.0 -49.7280294,-26.7468886992404,0.0 -49.7280384,-26.7468470992404,0.0 -49.7280535,-26.7468018992404,0.0 -49.7280713,-26.7467655992403,0.0 -49.7280867,-26.7467318992403,0.0 -49.7281095,-26.7466943992404,0.0 -49.7281418,-26.7466628992404,0.0 -49.7281694,-26.7466381992404,0.0 -49.7281993,-26.7466180992404,0.0 -49.7282289,-26.7466018992404,0.0 -49.7282646,-26.7465779992404,0.0 -49.7283078,-26.7465403992404,0.0 -49.7283321,-26.7465096992403,0.0 -49.7283529,-26.7464745992404,0.0 -49.7283695,-26.7464352992404,0.0 -49.7283733,-26.7464071992404,0.0 -49.7283757,-26.7463639992404,0.0 -49.7283711,-26.7463245992404,0.0 -49.7283648,-26.7463019992404,0.0 -49.7283519,-26.7462771992404,0.0 -49.7283322,-26.7462496992404,0.0 -49.7283128,-26.7462259992404,0.0 -49.7282772,-26.7462004992404,0.0 -49.7282426,-26.7461805992404,0.0 -49.7281994,-26.7461570992404,0.0 -49.7281464,-26.7461389992404,0.0 -49.7281156,-26.7461348992404,0.0 -49.7280932,-26.7461346992404,0.0 -49.7280548,-26.7461418992404,0.0 -49.7280096,-26.7461546992404,0.0 -49.7279733,-26.7461632992404,0.0 -49.7279567,-26.7461662992404,0.0 -49.72792,-26.7461690992404,0.0 -49.7278923,-26.7461680992404,0.0 -49.7278646,-26.7461636992404,0.0 -49.7278257,-26.7461515992404,0.0 -49.7277847,-26.7461335992404,0.0 -49.7277353,-26.7461040992404,0.0 -49.7276921,-26.7460739992404,0.0 -49.7276517,-26.7460341992404,0.0 -49.7276203,-26.7460063992404,0.0 -49.727591,-26.7459670992404,0.0 -49.7275737,-26.7459319992404,0.0 -49.7275609,-26.7459012992404,0.0 -49.7275539,-26.7458679992404,0.0 -49.7275529,-26.7458233992404,0.0 -49.7275552,-26.7457914992404,0.0 -49.7275558,-26.7457347992404,0.0 -49.7275547,-26.7456958992404,0.0 -49.7275533,-26.7456802992404,0.0 -49.7275405,-26.7456504992404,0.0 -49.7275195,-26.7456322992404,0.0 -49.7274959,-26.7456078992404,0.0 -49.7274623,-26.7455850992404,0.0 -49.7274358,-26.7455656992404,0.0 -49.7274101,-26.7455512992404,0.0 -49.7273834,-26.7455260992404,0.0 -49.7273645,-26.7454944992404,0.0 -49.7273459,-26.7454622992404,0.0 -49.7273339,-26.7454372992404,0.0 -49.7273108,-26.7453976992404,0.0 -49.7272915,-26.7453687992404,0.0 -49.7272746,-26.7453501992404,0.0 -49.7272514,-26.7453239992404,0.0 -49.7272302,-26.7452923992404,0.0 -49.7272074,-26.7452585992404,0.0 -49.727196,-26.7452375992404,0.0 -49.7271776,-26.7452007992404,0.0 -49.7271537,-26.7451583992404,0.0 -49.7271361,-26.7451156992404,0.0 -49.7271034,-26.7450726992404,0.0 -49.72707,-26.7450301992404,0.0 -49.7270476,-26.7449960992404,0.0 -49.7270264,-26.7449626992404,0.0 -49.7270093,-26.7449325992404,0.0 -49.7269862,-26.7448919992404,0.0 -49.7269594,-26.7448439992404,0.0 -49.7269436,-26.7448064992404,0.0 -49.7269254,-26.7447797992404,0.0 -49.7268877,-26.7447376992404,0.0 -49.7268511,-26.7447037992404,0.0 -49.7268129,-26.7446677992404,0.0 -49.7267896,-26.7446397992404,0.0 -49.7267619,-26.7446031992404,0.0 -49.7267399,-26.7445742992404,0.0 -49.7267241,-26.7445378992404,0.0 -49.7267176,-26.7445031992404,0.0 -49.7267083,-26.7444658992404,0.0 -49.7267026,-26.7444277992404,0.0 -49.7266907,-26.7443889992404,0.0 -49.7266822,-26.7443549992404,0.0 -49.7266734,-26.7443139992404,0.0 -49.7266728,-26.7442623992404,0.0 -49.7266664,-26.7442121992404,0.0 -49.7266606,-26.7441801992404,0.0 -49.7266552,-26.7441476992404,0.0 -49.7266494,-26.7441157992404,0.0 -49.726647,-26.7440887992404,0.0 -49.7266468,-26.7440654992404,0.0 -49.7266467,-26.7440364992404,0.0 -49.7266498,-26.7440006992404,0.0 -49.726655,-26.7439484992404,0.0 -49.7266626,-26.7438918992404,0.0 -49.7266664,-26.7438560992404,0.0 -49.7266743,-26.7438066992404,0.0 -49.7266709,-26.7437661992404,0.0 -49.7266623,-26.7437415992404,0.0 -49.7266478,-26.7437187992404,0.0 -49.7266185,-26.7436929992404,0.0 -49.7265943,-26.7436785992404,0.0 -49.7265483,-26.7436608992404,0.0 -49.7265118,-26.7436473992404,0.0 -49.7264683,-26.7436284992404,0.0 -49.7264254,-26.7436121992404,0.0 -49.7263916,-26.7435991992404,0.0 -49.7263562,-26.7435929992404,0.0 -49.7263108,-26.7435886992404,0.0 -49.7262654,-26.7435827992404,0.0 -49.7262218,-26.7435736992404,0.0 -49.7261764,-26.7435635992404,0.0 -49.7261396,-26.7435507992404,0.0 -49.7261101,-26.7435304992404,0.0 -49.7260872,-26.7435091992404,0.0 -49.7260644,-26.7434836992404,0.0 -49.726053,-26.7434679992404,0.0 -49.7260452,-26.7434447992404,0.0 -49.7260462,-26.7434212992404,0.0 -49.7260473,-26.7433954992404,0.0 -49.7260532,-26.7433463992404,0.0 -49.726062,-26.7432869992404,0.0 -49.7260721,-26.7432408992404,0.0 -49.7260847,-26.7431866992404,0.0 -49.7260995,-26.7431359992404,0.0 -49.7261069,-26.7430917992404,0.0 -49.726112,-26.7430515992404,0.0 -49.7261149,-26.7429986992404,0.0 -49.72612,-26.7429585992404,0.0 -49.7261193,-26.7429108992404,0.0 -49.726114,-26.7428696992404,0.0 -49.72611,-26.7428401992404,0.0 -49.7261045,-26.7428108992404,0.0 -49.7260931,-26.7427800992404,0.0 -49.7260756,-26.7427471992404,0.0 -49.7260585,-26.7427173992404,0.0 -49.7260432,-26.7426919992404,0.0 -49.7260244,-26.7426657992404,0.0 -49.7260031,-26.7426309992404,0.0 -49.7259898,-26.7426124992404,0.0 -49.7259684,-26.7425798992404,0.0 -49.7259562,-26.7425529992404,0.0 -49.7259484,-26.7425148992404,0.0 -49.7259412,-26.7424880992404,0.0 -49.725929,-26.7424587992404,0.0 -49.7259116,-26.7424229992404,0.0 -49.7258944,-26.7423876992404,0.0 -49.7258854,-26.7423690992404,0.0 -49.7258793,-26.7423563992404,0.0 -49.7258663,-26.7423336992404,0.0 -49.7258487,-26.7423074992404,0.0 -49.725838,-26.7422835992404,0.0 -49.7258329,-26.7422653992404,0.0 -49.7258269,-26.7422466992404,0.0 -49.7258225,-26.7422273992404,0.0 -49.7258192,-26.7422061992404,0.0 -49.7258171,-26.7421819992404,0.0 -49.7258137,-26.7421479992404,0.0 -49.7258134,-26.7421336992404,0.0 -49.7258155,-26.7421050992404,0.0 -49.7258146,-26.7420778992404,0.0 -49.7258108,-26.7420350992404,0.0 -49.7258041,-26.7420003992404,0.0 -49.7257973,-26.7419735992404,0.0 -49.7257912,-26.7419465992404,0.0 -49.725774,-26.7419236992404,0.0 -49.7257512,-26.7418913992404,0.0 -49.7257412,-26.7418741992404,0.0 -49.7257263,-26.7418374992404,0.0 -49.7257132,-26.7418074992405,0.0 -49.7257012,-26.7417859992404,0.0 -49.7256827,-26.7417706992404,0.0 -49.7256668,-26.7417658992404,0.0 -49.7256516,-26.7417621992404,0.0 -49.7256331,-26.7417616992405,0.0 -49.7255997,-26.7417710992404,0.0 -49.7255584,-26.7417956992405,0.0 -49.7255116,-26.7418242992404,0.0 -49.7254802,-26.7418399992404,0.0 -49.7254596,-26.7418477992404,0.0 -49.7254501,-26.7418509992404,0.0 -49.7254342,-26.7418513992404,0.0 -49.7254217,-26.7418484992404,0.0 -49.7254129,-26.7418428992405,0.0 -49.7253981,-26.7418287992404,0.0 -49.7253851,-26.7418132992404,0.0 -49.72537,-26.7417930992405,0.0 -49.7253528,-26.7417671992404,0.0 -49.725336,-26.7417392992405,0.0 -49.7253232,-26.7417213992404,0.0 -49.7252937,-26.7416796992404,0.0 -49.7252754,-26.7416498992404,0.0 -49.7252583,-26.7416214992405,0.0 -49.7252472,-26.7415939992404,0.0 -49.7252421,-26.7415565992405,0.0 -49.7252458,-26.7415283992405,0.0 -49.7252507,-26.7415047992405,0.0 -49.725256,-26.7414897992404,0.0 -49.7252653,-26.7414547992405,0.0 -49.725267,-26.7414127992405,0.0 -49.7252616,-26.7413748992405,0.0 -49.7252491,-26.7413416992405,0.0 -49.7252384,-26.7413077992405,0.0 -49.7252119,-26.7412715992405,0.0 -49.725193,-26.7412431992405,0.0 -49.7251673,-26.7412087992405,0.0 -49.7251438,-26.7411805992405,0.0 -49.7251031,-26.7411496992405,0.0 -49.7250685,-26.7411201992405,0.0 -49.7250283,-26.7410791992405,0.0 -49.7249883,-26.7410458992405,0.0 -49.7249523,-26.7410017992405,0.0 -49.7249185,-26.7409539992405,0.0 -49.7248672,-26.7408928992405,0.0 -49.7248373,-26.7408523992405,0.0 -49.7247884,-26.7407933992405,0.0 -49.7247558,-26.7407492992405,0.0 -49.7247092,-26.7407002992405,0.0 -49.7246601,-26.7406378992405,0.0 -49.7246348,-26.7406092992405,0.0 -49.7246003,-26.7405621992405,0.0 -49.7245653,-26.7405220992405,0.0 -49.72454,-26.7404913992405,0.0 -49.7245071,-26.7404506992405,0.0 -49.7244649,-26.7404010992405,0.0 -49.7244281,-26.7403558992405,0.0 -49.7243993,-26.7403208992405,0.0 -49.7243688,-26.7402876992405,0.0 -49.7243403,-26.7402523992405,0.0 -49.7243199,-26.7402217992405,0.0 -49.7243028,-26.7401930992405,0.0 -49.7242879,-26.7401593992405,0.0 -49.7242802,-26.7401342992405,0.0 -49.7242723,-26.7400997992405,0.0 -49.7242631,-26.7400549992405,0.0 -49.7242518,-26.7400166992405,0.0 -49.7242406,-26.7399952992405,0.0 -49.7242212,-26.7399348992405,0.0 -49.7242095,-26.7398931992405,0.0 -49.7241995,-26.7398601992405,0.0 -49.7241907,-26.7398145992405,0.0 -49.7241846,-26.7397673992405,0.0 -49.724176,-26.7397289992405,0.0 -49.724165,-26.7396952992405,0.0 -49.7241511,-26.7396694992405,0.0 -49.724126,-26.7396507992405,0.0 -49.7240976,-26.7396216992405,0.0 -49.7240699,-26.7395949992405,0.0 -49.7240425,-26.7395649992405,0.0 -49.7240124,-26.7395335992405,0.0 -49.7239796,-26.7394947992405,0.0 -49.7239343,-26.7394585992405,0.0 -49.7239064,-26.7394215992405,0.0 -49.7238848,-26.7393861992405,0.0 -49.7238609,-26.7393413992405,0.0 -49.7238453,-26.7392968992405,0.0 -49.7238366,-26.7392547992405,0.0 -49.7238238,-26.7392176992405,0.0 -49.7238214,-26.7392115992405,0.0 -49.7238066,-26.7391737992405,0.0 -49.7237881,-26.7391437992405,0.0 -49.723754,-26.7391096992405,0.0 -49.7236965,-26.7390966992405,0.0 -49.7236562,-26.7390915992405,0.0 -49.7235869,-26.7390800992405,0.0 -49.7235281,-26.7390741992405,0.0 -49.7234686,-26.7390639992405,0.0 -49.7234235,-26.7390516992405,0.0 -49.7233897,-26.7390308992405,0.0 -49.7233647,-26.7390033992405,0.0 -49.723349,-26.7389757992405,0.0 -49.7233354,-26.7389350992405,0.0 -49.7233295,-26.7388908992405,0.0 -49.7233245,-26.7388411992405,0.0 -49.7233207,-26.7387838992405,0.0 -49.7233175,-26.7387410992405,0.0 -49.7233116,-26.7387002992405,0.0 -49.7233009,-26.7386502992405,0.0 -49.7232908,-26.7385905992405,0.0 -49.7232789,-26.7385449992405,0.0 -49.7232631,-26.7384872992405,0.0 -49.7232587,-26.7384168992405,0.0 -49.7232579,-26.7383810992405,0.0 -49.7232624,-26.7383060992405,0.0 -49.7232638,-26.7382485992405,0.0 -49.7232723,-26.7382058992405,0.0 -49.7232802,-26.7381798992405,0.0 -49.7232975,-26.7381311992405,0.0 -49.7233097,-26.7380883992405,0.0 -49.7233079,-26.7380337992405,0.0 -49.7233011,-26.7379927992405,0.0 -49.7232816,-26.7379476992405,0.0 -49.7232639,-26.7379145992405,0.0 -49.7232469,-26.7378601992405,0.0 -49.7232314,-26.7378090992405,0.0 -49.7232228,-26.7377593992405,0.0 -49.7232203,-26.7377296992405,0.0 -49.7232236,-26.7376865992405,0.0 -49.7232273,-26.7376388992405,0.0 -49.7232339,-26.7375932992405,0.0 -49.7232382,-26.7375114992405,0.0 -49.7232424,-26.7374449992405,0.0 -49.7232441,-26.7373964992405,0.0 -49.7232449,-26.7373222992405,0.0 -49.723245,-26.7372623992405,0.0 -49.7232394,-26.7371998992405,0.0 -49.7232231,-26.7371298992405,0.0 -49.7232097,-26.7370472992405,0.0 -49.7231895,-26.7369718992405,0.0 -49.7231628,-26.7369021992405,0.0 -49.7231339,-26.7368358992405,0.0 -49.723106,-26.7367741992405,0.0 -49.7230792,-26.7367258992405,0.0 -49.7230432,-26.7366773992406,0.0 -49.7230078,-26.7366315992405,0.0 -49.7229734,-26.7365964992406,0.0 -49.7229363,-26.7365640992405,0.0 -49.7228869,-26.7365320992406,0.0 -49.7228307,-26.7364970992405,0.0 -49.722785,-26.7364692992406,0.0 -49.7227407,-26.7364421992405,0.0 -49.7227074,-26.7364048992406,0.0 -49.7226965,-26.7363599992406,0.0 -49.7226934,-26.7363232992406,0.0 -49.7226945,-26.7362793992406,0.0 -49.7227084,-26.7362347992406,0.0 -49.7227215,-26.7361964992406,0.0 -49.7227335,-26.7361543992406,0.0 -49.7227506,-26.7360989992406,0.0 -49.7227636,-26.7360486992406,0.0 -49.7227759,-26.7359943992406,0.0 -49.7227885,-26.7359546992406,0.0 -49.722804,-26.7359003992406,0.0 -49.7228162,-26.7358615992406,0.0 -49.7228266,-26.7358117992406,0.0 -49.7228318,-26.7357741992406,0.0 -49.7228371,-26.7357284992406,0.0 -49.7228384,-26.7356742992406,0.0 -49.7228381,-26.7356381992406,0.0 -49.7228357,-26.7355970992406,0.0 -49.7228347,-26.7355434992406,0.0 -49.7228322,-26.7354868992406,0.0 -49.7228294,-26.7354249992406,0.0 -49.7228249,-26.7353651992406,0.0 -49.7228238,-26.7352992992406,0.0 -49.7228206,-26.7352434992406,0.0 -49.7228167,-26.7351903992406,0.0 -49.7228163,-26.7351460992406,0.0 -49.7228142,-26.7350769992406,0.0 -49.7228145,-26.7350240992406,0.0 -49.7228127,-26.7349812992406,0.0 -49.722812,-26.7349276992406,0.0 -49.7228127,-26.7348704992406,0.0 -49.7228179,-26.7348032992406,0.0 -49.7228197,-26.7347577992406,0.0 -49.7228209,-26.7347016992406,0.0 -49.722825,-26.7346544992406,0.0 -49.7228281,-26.7346043992406,0.0 -49.7228276,-26.7345622992406,0.0 -49.7228279,-26.7345074992406,0.0 -49.7228297,-26.7344546992406,0.0 -49.7228355,-26.7343950992406,0.0 -49.7228415,-26.7343433992406,0.0 -49.7228459,-26.7342846992406,0.0 -49.7228509,-26.7342377992406,0.0 -49.7228531,-26.7341873992406,0.0 -49.7228597,-26.7341340992406,0.0 -49.7228656,-26.7340849992406,0.0 -49.7228696,-26.7340390992406,0.0 -49.7228744,-26.7339854992406,0.0 -49.7228775,-26.7339359992406,0.0 -49.7228783,-26.7338869992406,0.0 -49.7228805,-26.7338324992406,0.0 -49.7228835,-26.7337924992406,0.0 -49.7228863,-26.7337394992406,0.0 -49.7228853,-26.7336902992406,0.0 -49.7228851,-26.7336474992406,0.0 -49.722884,-26.7336063992406,0.0 -49.7228806,-26.7335702992406,0.0 -49.7228797,-26.7335334992406,0.0 -49.7228763,-26.7334980992406,0.0 -49.7228739,-26.7334611992406,0.0 -49.7228743,-26.7334206992406,0.0 -49.7228763,-26.7333818992406,0.0 -49.7228815,-26.7333448992406,0.0 -49.7228876,-26.7333193992406,0.0 -49.7229042,-26.7332824992406,0.0 -49.7229283,-26.7332587992406,0.0 -49.7229628,-26.7332356992406,0.0 -49.7229895,-26.7332163992406,0.0 -49.7230295,-26.7331887992406,0.0 -49.723067,-26.7331600992406,0.0 -49.7231154,-26.7331264992406,0.0 -49.7231513,-26.7331007992406,0.0 -49.7231942,-26.7330700992406,0.0 -49.7232298,-26.7330421992406,0.0 -49.7232497,-26.7330242992406,0.0 -49.7232682,-26.7329924992406,0.0 -49.7232681,-26.7329716992406,0.0 -49.7232665,-26.7329453992406,0.0 -49.7232502,-26.7329241992406,0.0 -49.7232263,-26.7329031992406,0.0 -49.7231957,-26.7328894992406,0.0 -49.7231662,-26.7328786992406,0.0 -49.7231379,-26.7328705992406,0.0 -49.7230945,-26.7328576992406,0.0 -49.7230499,-26.7328458992406,0.0 -49.7230106,-26.7328383992406,0.0 -49.722974,-26.7328319992406,0.0 -49.722928,-26.7328247992406,0.0 -49.7228911,-26.7328229992406,0.0 -49.7228266,-26.7328195992406,0.0 -49.7227498,-26.7328111992406,0.0 -49.7226972,-26.7328083992406,0.0 -49.7226461,-26.7328070992406,0.0 -49.7225861,-26.7328033992406,0.0 -49.7225477,-26.7327989992406,0.0 -49.7225087,-26.7327906992406,0.0 -49.7224692,-26.7327839992406,0.0 -49.7224284,-26.7327750992406,0.0 -49.7223875,-26.7327632992406,0.0 -49.7223543,-26.7327495992406,0.0 -49.7223179,-26.7327366992406,0.0 -49.7222917,-26.7327241992406,0.0 -49.7222759,-26.7327109992406,0.0 -49.7222633,-26.7326949992406,0.0 -49.7222478,-26.7326657992406,0.0 -49.7222413,-26.7326463992406,0.0 -49.7222388,-26.7326114992406,0.0 -49.7222385,-26.7325846992406,0.0 -49.7222407,-26.7325637992406,0.0 -49.7222464,-26.7325381992406,0.0 -49.7222544,-26.7325011992406,0.0 -49.7222583,-26.7324637992406,0.0 -49.7222609,-26.7324286992406,0.0 -49.7222643,-26.7324098992406,0.0 -49.7222695,-26.7323758992406,0.0 -49.7222732,-26.7323470992406,0.0 -49.7222754,-26.7323215992406,0.0 -49.7222796,-26.7322889992406,0.0 -49.7222841,-26.7322587992406,0.0 -49.7222862,-26.7322311992406,0.0 -49.7222897,-26.7322035992406,0.0 -49.7222925,-26.7321788992406,0.0 -49.7222956,-26.7321551992406,0.0 -49.7222984,-26.7321332992406,0.0 -49.7223013,-26.7321096992406,0.0 -49.7223043,-26.7320860992406,0.0 -49.7223078,-26.7320614992406,0.0 -49.7223094,-26.7320424992406,0.0 -49.7223128,-26.7320193992406,0.0 -49.7223155,-26.7319901992406,0.0 -49.7223177,-26.7319718992406,0.0 -49.7223216,-26.7319481992406,0.0 -49.7223242,-26.7319226992406,0.0 -49.7223273,-26.7318944992406,0.0 -49.722331,-26.7318699992406,0.0 -49.7223342,-26.7318450992406,0.0 -49.7223365,-26.7318190992406,0.0 -49.7223399,-26.7317967992406,0.0 -49.7223442,-26.7317719992406,0.0 -49.7223464,-26.7317509992406,0.0 -49.7223503,-26.7317215992406,0.0 -49.7223538,-26.7316952992406,0.0 -49.7223569,-26.7316690992406,0.0 -49.7223612,-26.7316400992406,0.0 -49.722365,-26.7316153992406,0.0 -49.7223683,-26.7315915992407,0.0 -49.7223713,-26.7315665992407,0.0 -49.7223738,-26.7315438992406,0.0 -49.7223782,-26.7315175992407,0.0 -49.7223811,-26.7314913992406,0.0 -49.7223854,-26.7314645992406,0.0 -49.7223889,-26.7314337992407,0.0 -49.7223919,-26.7314127992407,0.0 -49.7223954,-26.7313922992406,0.0 -49.7223974,-26.7313713992407,0.0 -49.7224012,-26.7313462992407,0.0 -49.7224037,-26.7313213992407,0.0 -49.7224062,-26.7312955992406,0.0 -49.7224104,-26.7312697992407,0.0 -49.7224153,-26.7312457992407,0.0 -49.7224189,-26.7312231992407,0.0 -49.7224217,-26.7312014992407,0.0 -49.7224252,-26.7311803992407,0.0 -49.7224288,-26.7311575992407,0.0 -49.7224329,-26.7311327992406,0.0 -49.7224357,-26.7311099992407,0.0 -49.7224387,-26.7310912992407,0.0 -49.7224425,-26.7310677992407,0.0 -49.7224472,-26.7310469992407,0.0 -49.7224506,-26.7310217992407,0.0 -49.7224539,-26.7310031992407,0.0 -49.7224557,-26.7309826992407,0.0 -49.7224582,-26.7309662992407,0.0 -49.7224606,-26.7309513992407,0.0 -49.7224596,-26.7309362992407,0.0 -49.7224567,-26.7309213992407,0.0 -49.7224551,-26.7309064992407,0.0 -49.7224525,-26.7308868992407,0.0 -49.7224505,-26.7308685992407,0.0 -49.7224473,-26.7308462992407,0.0 -49.7224434,-26.7308261992407,0.0 -49.7224411,-26.7308076992407,0.0 -49.7224381,-26.7307847992407,0.0 -49.7224355,-26.7307614992407,0.0 -49.7224317,-26.7307416992407,0.0 -49.7224292,-26.7307236992407,0.0 -49.7224267,-26.7307042992407,0.0 -49.7224237,-26.7306791992407,0.0 -49.7224221,-26.7306603992407,0.0 -49.7224183,-26.7306380992407,0.0 -49.7224155,-26.7306178992407,0.0 -49.7224116,-26.7305927992407,0.0 -49.7224094,-26.7305714992407,0.0 -49.7224071,-26.7305534992407,0.0 -49.7224051,-26.7305304992407,0.0 -49.7224035,-26.7305144992407,0.0 -49.7224016,-26.7304953992407,0.0 -49.7223986,-26.7304698992407,0.0 -49.7223974,-26.7304499992407,0.0 -49.7223953,-26.7304297992407,0.0 -49.722393,-26.7304082992407,0.0 -49.7223911,-26.7303879992407,0.0 -49.7223894,-26.7303663992407,0.0 -49.7223871,-26.7303477992407,0.0 -49.7223844,-26.7303219992407,0.0 -49.7223828,-26.7303007992407,0.0 -49.7223817,-26.7302869992407,0.0 -49.7223782,-26.7302689992407,0.0 -49.7223728,-26.7302508992407,0.0 -49.7223646,-26.7302308992407,0.0 -49.7223558,-26.7302110992407,0.0 -49.7223489,-26.7301892992407,0.0 -49.7223423,-26.7301722992407,0.0 -49.7223331,-26.7301480992407,0.0 -49.7223251,-26.7301257992407,0.0 -49.7223173,-26.7301086992407,0.0 -49.722309,-26.7300861992407,0.0 -49.7223011,-26.7300610992407,0.0 -49.7222948,-26.7300463992407,0.0 -49.722286,-26.7300213992407,0.0 -49.7222799,-26.7300019992407,0.0 -49.7222723,-26.7299811992407,0.0 -49.7222652,-26.7299628992407,0.0 -49.7222581,-26.7299409992407,0.0 -49.7222494,-26.7299190992407,0.0 -49.7222455,-26.7299028992407,0.0 -49.7222386,-26.7298867992407,0.0 -49.7222324,-26.7298668992407,0.0 -49.7222254,-26.7298521992407,0.0 -49.7222184,-26.7298409992407,0.0 -49.7222106,-26.7298325992407,0.0 -49.7221985,-26.7298173992407,0.0 -49.7221879,-26.7298053992407,0.0 -49.7221746,-26.7297917992407,0.0 -49.7221607,-26.7297758992407,0.0 -49.7221484,-26.7297608992407,0.0 -49.7221403,-26.7297490992407,0.0 -49.722126,-26.7297331992407,0.0 -49.7221068,-26.7297131992407,0.0 -49.722091,-26.7296926992407,0.0 -49.7220749,-26.7296750992407,0.0 -49.7220599,-26.7296574992407,0.0 -49.7220501,-26.7296445992407,0.0 -49.7220359,-26.7296341992407,0.0 -49.72202,-26.7296215992407,0.0 -49.7220011,-26.7296072992407,0.0 -49.7219814,-26.7295935992407,0.0 -49.7219614,-26.7295785992407,0.0 -49.7219434,-26.7295645992407,0.0 -49.721922,-26.7295486992407,0.0 -49.7218993,-26.7295322992407,0.0 -49.721879,-26.7295173992407,0.0 -49.7218607,-26.7295054992407,0.0 -49.721832,-26.7294887992407,0.0 -49.7218109,-26.7294729992407,0.0 -49.7217952,-26.7294573992407,0.0 -49.7217821,-26.7294438992407,0.0 -49.7217634,-26.7294260992407,0.0 -49.721746,-26.7294081992407,0.0 -49.7217375,-26.7293978992407,0.0 -49.7217291,-26.7293847992407,0.0 -49.7217226,-26.7293713992407,0.0 -49.7217094,-26.7293477992407,0.0 -49.7216994,-26.7293256992407,0.0 -49.7216914,-26.7293099992407,0.0 -49.7216768,-26.7292871992407,0.0 -49.7216722,-26.7292784992407,0.0 -49.7216658,-26.7292569992407,0.0 -49.7216638,-26.7292410992407,0.0 -49.7216626,-26.7292158992407,0.0 -49.7216618,-26.7291975992407,0.0 -49.7216585,-26.7291824992407,0.0 -49.7216534,-26.7291635992407,0.0 -49.7216456,-26.7291421992407,0.0 -49.7216387,-26.7291223992407,0.0 -49.7216312,-26.7291018992407,0.0 -49.7216259,-26.7290876992407,0.0 -49.7216181,-26.7290729992407,0.0 -49.7216066,-26.7290571992407,0.0 -49.7215939,-26.7290399992407,0.0 -49.7215842,-26.7290313992407,0.0 -49.7215712,-26.7290251992407,0.0 -49.7215579,-26.7290198992407,0.0 -49.7215319,-26.7290103992407,0.0 -49.7215067,-26.7289984992407,0.0 -49.7214741,-26.7289854992407,0.0 -49.721443,-26.7289746992407,0.0 -49.7214106,-26.7289600992407,0.0 -49.7213904,-26.7289520992407,0.0 -49.7213565,-26.7289401992407,0.0 -49.7213334,-26.7289340992407,0.0 -49.7213089,-26.7289275992407,0.0 -49.7212827,-26.7289215992407,0.0 -49.721258,-26.7289151992407,0.0 -49.7212321,-26.7289086992407,0.0 -49.7212053,-26.7288998992407,0.0 -49.7211737,-26.7288909992407,0.0 -49.7211463,-26.7288838992407,0.0 -49.7211231,-26.7288763992407,0.0 -49.7210968,-26.7288692992407,0.0 -49.7210724,-26.7288619992407,0.0 -49.7210499,-26.7288552992407,0.0 -49.7210228,-26.7288463992407,0.0 -49.7209999,-26.7288376992407,0.0 -49.7209807,-26.7288288992407,0.0 -49.7209603,-26.7288194992407,0.0 -49.7209418,-26.7288110992407,0.0 -49.7209148,-26.7288006992407,0.0 -49.720899,-26.7287938992407,0.0 -49.7208761,-26.7287809992407,0.0 -49.7208604,-26.7287696992407,0.0 -49.7208415,-26.7287534992407,0.0 -49.7208242,-26.7287371992407,0.0 -49.7208091,-26.7287220992407,0.0 -49.7207948,-26.7286987992407,0.0 -49.7207781,-26.7286747992407,0.0 -49.7207693,-26.7286607992407,0.0 -49.7207613,-26.7286400992407,0.0 -49.720752,-26.7286153992407,0.0 -49.720744,-26.7285982992407,0.0 -49.720735,-26.7285720992407,0.0 -49.7207242,-26.7285481992407,0.0 -49.7207206,-26.7285319992407,0.0 -49.7207204,-26.7285206992407,0.0 -49.7207192,-26.7284930992407,0.0 -49.7207196,-26.7284654992407,0.0 -49.7207196,-26.7284329992407,0.0 -49.7207212,-26.7284011992407,0.0 -49.720725,-26.7283754992407,0.0 -49.7207274,-26.7283532992407,0.0 -49.7207324,-26.7283197992407,0.0 -49.7207377,-26.7282924992407,0.0 -49.7207403,-26.7282679992407,0.0 -49.7207433,-26.7282387992407,0.0 -49.7207454,-26.7282088992407,0.0 -49.7207477,-26.7281853992407,0.0 -49.7207485,-26.7281607992407,0.0 -49.7207482,-26.7281346992407,0.0 -49.7207481,-26.7281112992407,0.0 -49.7207451,-26.7280958992407,0.0 -49.7207406,-26.7280816992407,0.0 -49.7207324,-26.7280662992407,0.0 -49.7207238,-26.7280503992407,0.0 -49.7207147,-26.7280331992407,0.0 -49.7207067,-26.7280147992407,0.0 -49.720697,-26.7279919992407,0.0 -49.7206874,-26.7279733992407,0.0 -49.7206809,-26.7279586992407,0.0 -49.7206722,-26.7279419992407,0.0 -49.7206603,-26.7279205992407,0.0 -49.720654,-26.7279081992407,0.0 -49.7206463,-26.7278923992407,0.0 -49.7206353,-26.7278744992407,0.0 -49.7206229,-26.7278534992407,0.0 -49.7206125,-26.7278380992407,0.0 -49.7206034,-26.7278230992407,0.0 -49.7205923,-26.7278082992407,0.0 -49.720581,-26.7277958992407,0.0 -49.7205664,-26.7277800992407,0.0 -49.7205481,-26.7277592992407,0.0 -49.7205333,-26.7277408992407,0.0 -49.7205183,-26.7277229992407,0.0 -49.7205076,-26.7277098992407,0.0 -49.7204956,-26.7276951992407,0.0 -49.7204809,-26.7276798992407,0.0 -49.7204665,-26.7276650992407,0.0 -49.7204502,-26.7276547992407,0.0 -49.7204337,-26.7276413992407,0.0 -49.7204163,-26.7276294992407,0.0 -49.7203998,-26.7276146992407,0.0 -49.7203912,-26.7276040992407,0.0 -49.7203821,-26.7275898992407,0.0 -49.7203725,-26.7275776992407,0.0 -49.720364,-26.7275616992407,0.0 -49.720353,-26.7275467992407,0.0 -49.7203428,-26.7275322992407,0.0 -49.7203347,-26.7275199992407,0.0 -49.7203286,-26.7275077992407,0.0 -49.7203209,-26.7274926992407,0.0 -49.7203153,-26.7274767992407,0.0 -49.7203107,-26.7274624992407,0.0 -49.7203067,-26.7274491992407,0.0 -49.7203026,-26.7274348992407,0.0 -49.7202965,-26.7274260992407,0.0 -49.7202878,-26.7274188992407,0.0 -49.7202765,-26.7274093992407,0.0 -49.7202661,-26.7273997992407,0.0 -49.7202562,-26.7273889992407,0.0 -49.7202471,-26.7273774992407,0.0 -49.7202363,-26.7273632992407,0.0 -49.7202293,-26.7273536992407,0.0 -49.7202188,-26.7273469992407,0.0 -49.7201972,-26.7273327992407,0.0 -49.7201814,-26.7273227992407,0.0 -49.7201655,-26.7273126992407,0.0 -49.7201552,-26.7273039992407,0.0 -49.7201426,-26.7272952992407,0.0 -49.72013,-26.7272847992407,0.0 -49.7201151,-26.7272712992407,0.0 -49.7200956,-26.7272561992407,0.0 -49.720081,-26.7272452992407,0.0 -49.7200638,-26.7272327992407,0.0 -49.7200468,-26.7272183992407,0.0 -49.7200354,-26.7272088992407,0.0 -49.7200211,-26.7271981992407,0.0 -49.7200047,-26.7271851992407,0.0 -49.7199915,-26.7271754992407,0.0 -49.7199767,-26.7271630992407,0.0 -49.7199664,-26.7271546992407,0.0 -49.7199502,-26.7271415992407,0.0 -49.7199377,-26.7271307992407,0.0 -49.7199191,-26.7271166992407,0.0 -49.7198972,-26.7271004992407,0.0 -49.7198809,-26.7270862992407,0.0 -49.7198667,-26.7270752992407,0.0 -49.719853,-26.7270593992407,0.0 -49.7198341,-26.7270305992407,0.0 -49.7198241,-26.7270157992407,0.0 -49.7198152,-26.7269969992407,0.0 -49.7198068,-26.7269783992407,0.0 -49.7197998,-26.7269557992407,0.0 -49.719793,-26.7269356992407,0.0 -49.719785,-26.7269161992407,0.0 -49.7197803,-26.7269056992407,0.0 -49.7197705,-26.7268881992407,0.0 -49.7197597,-26.7268708992407,0.0 -49.719748,-26.7268491992407,0.0 -49.7197368,-26.7268291992407,0.0 -49.7197269,-26.7268072992407,0.0 -49.7197194,-26.7267917992407,0.0 -49.7197107,-26.7267728992407,0.0 -49.7197023,-26.7267585992407,0.0 -49.7196954,-26.7267459992407,0.0 -49.7196892,-26.7267351992407,0.0 -49.7196784,-26.7267207992407,0.0 -49.7196668,-26.7267059992407,0.0 -49.719658,-26.7266932992407,0.0 -49.7196493,-26.7266809992408,0.0 -49.7196411,-26.7266707992407,0.0 -49.7196306,-26.7266569992407,0.0 -49.7196202,-26.7266428992407,0.0 -49.7196131,-26.7266310992407,0.0 -49.7196028,-26.7266167992407,0.0 -49.7195926,-26.7266031992407,0.0 -49.7195845,-26.7265890992408,0.0 -49.7195773,-26.7265777992407,0.0 -49.7195648,-26.7265600992407,0.0 -49.7195516,-26.7265403992407,0.0 -49.7195444,-26.7265280992407,0.0 -49.719534,-26.7265132992407,0.0 -49.7195261,-26.7265024992407,0.0 -49.719516,-26.7264881992407,0.0 -49.7195044,-26.7264721992407,0.0 -49.7194946,-26.7264582992407,0.0 -49.7194863,-26.7264428992407,0.0 -49.7194793,-26.7264311992407,0.0 -49.719472,-26.7264161992407,0.0 -49.7194656,-26.7264036992408,0.0 -49.7194601,-26.7263910992408,0.0 -49.7194518,-26.7263741992408,0.0 -49.7194434,-26.7263563992408,0.0 -49.7194337,-26.7263402992407,0.0 -49.7194267,-26.7263219992407,0.0 -49.7194212,-26.7263072992407,0.0 -49.7194173,-26.7262921992408,0.0 -49.7194132,-26.7262735992408,0.0 -49.7194088,-26.7262511992408,0.0 -49.7194046,-26.7262320992407,0.0 -49.7194029,-26.7262146992407,0.0 -49.7194036,-26.7262011992408,0.0 -49.7194043,-26.7261763992408,0.0 -49.7194036,-26.7261598992408,0.0 -49.7194083,-26.7261469992408,0.0 -49.7194177,-26.7261314992408,0.0 -49.7194272,-26.7261166992408,0.0 -49.7194362,-26.7261037992408,0.0 -49.7194492,-26.7260852992408,0.0 -49.7194646,-26.7260624992408,0.0 -49.719475,-26.7260484992408,0.0 -49.7194926,-26.7260294992408,0.0 -49.7195106,-26.7260072992408,0.0 -49.7195263,-26.7259885992408,0.0 -49.7195432,-26.7259708992407,0.0 -49.7195544,-26.7259567992408,0.0 -49.7195678,-26.7259465992408,0.0 -49.7195862,-26.7259323992408,0.0 -49.7196035,-26.7259207992408,0.0 -49.7196224,-26.7259001992408,0.0 -49.7196395,-26.7258817992408,0.0 -49.7196558,-26.7258664992408,0.0 -49.7196706,-26.7258494992408,0.0 -49.7196822,-26.7258337992408,0.0 -49.7196916,-26.7258169992408,0.0 -49.7197018,-26.7257995992408,0.0 -49.71971,-26.7257846992408,0.0 -49.7197207,-26.7257667992408,0.0 -49.7197305,-26.7257509992408,0.0 -49.71974,-26.7257350992408,0.0 -49.7197438,-26.7257219992408,0.0 -49.7197457,-26.7257086992408,0.0 -49.7197476,-26.7256913992408,0.0 -49.7197483,-26.7256793992408,0.0 -49.7197502,-26.7256610992408,0.0 -49.7197538,-26.7256388992408,0.0 -49.7197561,-26.7256270992408,0.0 -49.719761,-26.7256167992408,0.0 -49.7197733,-26.7255964992408,0.0 -49.7197841,-26.7255807992408,0.0 -49.7197948,-26.7255660992408,0.0 -49.719805,-26.7255500992408,0.0 -49.7198151,-26.7255314992408,0.0 -49.7198213,-26.7255235992408,0.0 -49.7198354,-26.7255133992408,0.0 -49.7198537,-26.7255023992408,0.0 -49.7198755,-26.7254913992408,0.0 -49.7198991,-26.7254803992408,0.0 -49.7199205,-26.7254681992408,0.0 -49.7199443,-26.7254543992408,0.0 -49.7199638,-26.7254444992408,0.0 -49.7199832,-26.7254314992408,0.0 -49.7199954,-26.7254223992408,0.0 -49.7200084,-26.7254102992408,0.0 -49.720021,-26.7253957992408,0.0 -49.7200317,-26.7253826992408,0.0 -49.7200346,-26.7253740992408,0.0 -49.7200417,-26.7253571992408,0.0 -49.7200489,-26.7253359992408,0.0 -49.7200553,-26.7253174992408,0.0 -49.7200621,-26.7252970992408,0.0 -49.7200658,-26.7252806992408,0.0 -49.7200677,-26.7252623992408,0.0 -49.7200691,-26.7252430992408,0.0 -49.72007,-26.7252301992408,0.0 -49.7200689,-26.7252160992408,0.0 -49.7200672,-26.7252075992408,0.0 -49.7200601,-26.7251958992408,0.0 -49.7200536,-26.7251816992408,0.0 -49.7200481,-26.7251687992408,0.0 -49.7200413,-26.7251548992408,0.0 -49.7200356,-26.7251434992408,0.0 -49.7200298,-26.7251325992408,0.0 -49.7200233,-26.7251240992408,0.0 -49.7200109,-26.7251054992408,0.0 -49.7200011,-26.7250882992408,0.0 -49.7199921,-26.7250717992408,0.0 -49.7199841,-26.7250603992408,0.0 -49.7199747,-26.7250471992408,0.0 -49.7199671,-26.7250360992408,0.0 -49.7199581,-26.7250252992408,0.0 -49.7199526,-26.7250180992408,0.0 -49.7199452,-26.7250067992408,0.0 -49.7199372,-26.7249948992408,0.0 -49.7199279,-26.7249824992408,0.0 -49.7199193,-26.7249712992408,0.0 -49.7199127,-26.7249607992408,0.0 -49.7199045,-26.7249497992408,0.0 -49.7198985,-26.7249413992408,0.0 -49.7198907,-26.7249310992408,0.0 -49.7198812,-26.7249189992408,0.0 -49.7198716,-26.7249072992408,0.0 -49.7198624,-26.7248948992408,0.0 -49.7198513,-26.7248820992408,0.0 -49.7198428,-26.7248682992408,0.0 -49.7198348,-26.7248561992408,0.0 -49.7198274,-26.7248418992408,0.0 -49.719818,-26.7248254992408,0.0 -49.7198088,-26.7248076992408,0.0 -49.719798,-26.7247881992408,0.0 -49.7197941,-26.7247782992408,0.0 -49.7197931,-26.7247664992408,0.0 -49.7197934,-26.7247567992408,0.0 -49.7197927,-26.7247279992408,0.0 -49.7197925,-26.7247042992408,0.0 -49.7197928,-26.7246828992408,0.0 -49.7197948,-26.7246705992408,0.0 -49.719799,-26.7246525992408,0.0 -49.7198046,-26.7246292992408,0.0 -49.719808,-26.7246123992408,0.0 -49.7198132,-26.7245956992408,0.0 -49.7198182,-26.7245816992408,0.0 -49.7198235,-26.7245630992408,0.0 -49.7198288,-26.7245466992408,0.0 -49.7198369,-26.7245293992408,0.0 -49.7198429,-26.7245131992408,0.0 -49.7198462,-26.7244987992408,0.0 -49.7198484,-26.7244828992408,0.0 -49.719851,-26.7244629992408,0.0 -49.7198541,-26.7244476992408,0.0 -49.7198558,-26.7244317992408,0.0 -49.7198593,-26.7244117992408,0.0 -49.7198635,-26.7243933992408,0.0 -49.7198655,-26.7243770992408,0.0 -49.7198688,-26.7243523992408,0.0 -49.719869,-26.7243334992408,0.0 -49.7198704,-26.7243124992408,0.0 -49.7198719,-26.7242950992408,0.0 -49.7198732,-26.7242689992408,0.0 -49.7198749,-26.7242451992408,0.0 -49.7198756,-26.7242282992408,0.0 -49.7198776,-26.7242047992408,0.0 -49.7198792,-26.7241807992408,0.0 -49.7198791,-26.7241637992408,0.0 -49.7198786,-26.7241436992408,0.0 -49.7198785,-26.7241288992408,0.0 -49.7198781,-26.7241101992408,0.0 -49.7198772,-26.7240960992408,0.0 -49.7198718,-26.7240867992408,0.0 -49.7198653,-26.7240773992408,0.0 -49.7198592,-26.7240674992408,0.0 -49.7198495,-26.7240528992408,0.0 -49.7198402,-26.7240408992408,0.0 -49.7198263,-26.7240208992408,0.0 -49.7198174,-26.7240077992408,0.0 -49.7198081,-26.7239989992408,0.0 -49.7197975,-26.7239896992408,0.0 -49.7197838,-26.7239780992408,0.0 -49.7197723,-26.7239678992408,0.0 -49.7197586,-26.7239551992408,0.0 -49.7197495,-26.7239477992408,0.0 -49.7197392,-26.7239373992408,0.0 -49.7197322,-26.7239309992408,0.0 -49.7197205,-26.7239201992408,0.0 -49.7197102,-26.7239117992408,0.0 -49.7196976,-26.7239011992408,0.0 -49.7196901,-26.7238933992408,0.0 -49.719679,-26.7238828992408,0.0 -49.7196654,-26.7238701992408,0.0 -49.7196575,-26.7238600992408,0.0 -49.7196487,-26.7238502992408,0.0 -49.7196395,-26.7238392992408,0.0 -49.7196302,-26.7238255992408,0.0 -49.7196203,-26.7238110992408,0.0 -49.7196119,-26.7238010992408,0.0 -49.7196004,-26.7237906992408,0.0 -49.7195871,-26.7237813992408,0.0 -49.7195756,-26.7237710992408,0.0 -49.7195629,-26.7237610992408,0.0 -49.7195528,-26.7237536992408,0.0 -49.7195413,-26.7237440992408,0.0 -49.7195258,-26.7237305992408,0.0 -49.7195083,-26.7237168992408,0.0 -49.7194952,-26.7237070992408,0.0 -49.7194806,-26.7236955992408,0.0 -49.719471,-26.7236861992408,0.0 -49.7194587,-26.7236708992408,0.0 -49.7194467,-26.7236561992408,0.0 -49.7194392,-26.7236458992408,0.0 -49.7194263,-26.7236284992408,0.0 -49.7194171,-26.7236185992408,0.0 -49.7194103,-26.7236028992408,0.0 -49.7194037,-26.7235866992408,0.0 -49.7193991,-26.7235758992408,0.0 -49.7193908,-26.7235577992408,0.0 -49.719389,-26.7235456992408,0.0 -49.7193886,-26.7235282992408,0.0 -49.7193877,-26.7235073992408,0.0 -49.719387,-26.7234911992408,0.0 -49.7193848,-26.7234712992408,0.0 -49.7193865,-26.7234544992408,0.0 -49.719388,-26.7234397992408,0.0 -49.719389,-26.7234321992408,0.0 -49.7193925,-26.7234052992408,0.0 -49.7193938,-26.7233962992408,0.0 -49.7193951,-26.7233872992408,0.0 -49.7193973,-26.7233675992408,0.0 -49.7194001,-26.7233451992408,0.0 -49.7194022,-26.7233286992408,0.0 -49.7194033,-26.7233182992408,0.0 -49.719406,-26.7232906992408,0.0 -49.7194081,-26.7232719992408,0.0 -49.7194102,-26.7232570992408,0.0 -49.719413,-26.7232505992408,0.0 -49.719417,-26.7232402992408,0.0 -49.7194271,-26.7232222992408,0.0 -49.7194361,-26.7232055992408,0.0 -49.7194444,-26.7231889992408,0.0 -49.7194512,-26.7231734992408,0.0 -49.7194569,-26.7231563992408,0.0 -49.7194623,-26.7231399992408,0.0 -49.7194682,-26.7231185992408,0.0 -49.719474,-26.7231027992408,0.0 -49.7194796,-26.7230869992408,0.0 -49.7194848,-26.7230674992408,0.0 -49.7194863,-26.7230550992408,0.0 -49.7194868,-26.7230377992408,0.0 -49.719487,-26.7230184992408,0.0 -49.7194865,-26.7229992992408,0.0 -49.7194851,-26.7229811992408,0.0 -49.7194831,-26.7229685992408,0.0 -49.7194806,-26.7229588992408,0.0 -49.7194752,-26.7229356992408,0.0 -49.7194712,-26.7229215992408,0.0 -49.7194684,-26.7229099992408,0.0 -49.7194618,-26.7228991992408,0.0 -49.7194523,-26.7228835992408,0.0 -49.7194446,-26.7228698992408,0.0 -49.7194386,-26.7228566992408,0.0 -49.7194375,-26.7228381992408,0.0 -49.7194358,-26.7228207992408,0.0 -49.7194334,-26.7228062992408,0.0 -49.7194322,-26.7227900992408,0.0 -49.7194289,-26.7227749992408,0.0 -49.7194243,-26.7227606992408,0.0 -49.7194194,-26.7227427992408,0.0 -49.7194161,-26.7227264992408,0.0 -49.7194119,-26.7227095992408,0.0 -49.7194078,-26.7226952992408,0.0 -49.7194024,-26.7226800992408,0.0 -49.7193977,-26.7226662992408,0.0 -49.7193876,-26.7226488992408,0.0 -49.7193811,-26.7226384992408,0.0 -49.7193719,-26.7226238992408,0.0 -49.7193633,-26.7226092992408,0.0 -49.7193551,-26.7226005992408,0.0 -49.7193445,-26.7225920992408,0.0 -49.719332,-26.7225830992408,0.0 -49.7193175,-26.7225748992408,0.0 -49.7192982,-26.7225593992408,0.0 -49.7192802,-26.7225519992408,0.0 -49.7192633,-26.7225476992408,0.0 -49.7192458,-26.7225431992408,0.0 -49.7192179,-26.7225386992408,0.0 -49.7191971,-26.7225345992408,0.0 -49.7191684,-26.7225284992408,0.0 -49.7191416,-26.7225270992408,0.0 -49.7191162,-26.7225268992408,0.0 -49.7190829,-26.7225270992408,0.0 -49.7190546,-26.7225264992408,0.0 -49.7190224,-26.7225255992408,0.0 -49.7189981,-26.7225257992408,0.0 -49.7189718,-26.7225286992408,0.0 -49.718939,-26.7225312992408,0.0 -49.7189136,-26.7225341992408,0.0 -49.7188951,-26.7225359992408,0.0 -49.7188669,-26.7225389992408,0.0 -49.7188436,-26.7225409992408,0.0 -49.7188258,-26.7225422992408,0.0 -49.7188091,-26.7225448992408,0.0 -49.7187833,-26.7225493992408,0.0 -49.7187464,-26.7225558992408,0.0 -49.7187074,-26.7225633992408,0.0 -49.7186726,-26.7225685992408,0.0 -49.7186451,-26.7225745992408,0.0 -49.7186168,-26.7225800992408,0.0 -49.7185845,-26.7225861992408,0.0 -49.7185584,-26.7225922992408,0.0 -49.7185327,-26.7225969992408,0.0 -49.7185016,-26.7226054992408,0.0 -49.718477,-26.7226103992408,0.0 -49.718453,-26.7226166992408,0.0 -49.7184337,-26.7226210992408,0.0 -49.7184066,-26.7226268992408,0.0 -49.7183888,-26.7226330992408,0.0 -49.7183652,-26.7226430992408,0.0 -49.7183453,-26.7226513992408,0.0 -49.7183209,-26.7226608992408,0.0 -49.7183007,-26.7226714992408,0.0 -49.7182776,-26.7226812992408,0.0 -49.7182602,-26.7226881992408,0.0 -49.7182288,-26.7226958992408,0.0 -49.7181939,-26.7227057992408,0.0 -49.718173,-26.7227114992408,0.0 -49.7181554,-26.7227163992408,0.0 -49.7181413,-26.7227161992408,0.0 -49.7181221,-26.7227140992408,0.0 -49.7181022,-26.7227111992408,0.0 -49.7180753,-26.7227082992408,0.0 -49.718056,-26.7227056992408,0.0 -49.7180367,-26.7227035992408,0.0 -49.7180147,-26.7226987992408,0.0 -49.7179988,-26.7226893992408,0.0 -49.7179767,-26.7226712992408,0.0 -49.7179626,-26.7226566992408,0.0 -49.7179499,-26.7226420992408,0.0 -49.7179389,-26.7226328992408,0.0 -49.717919,-26.7226171992408,0.0 -49.717899,-26.7226051992408,0.0 -49.717886,-26.7225960992408,0.0 -49.7178695,-26.7225840992408,0.0 -49.7178549,-26.7225764992408,0.0 -49.7178443,-26.7225729992408,0.0 -49.7178153,-26.7225675992408,0.0 -49.7177975,-26.7225629992408,0.0 -49.7177765,-26.7225554992408,0.0 -49.7177502,-26.7225443992408,0.0 -49.7177234,-26.7225345992408,0.0 -49.7176991,-26.7225216992408,0.0 -49.7176761,-26.7225114992408,0.0 -49.7176649,-26.7224993992408,0.0 -49.7176554,-26.7224886992408,0.0 -49.7176426,-26.7224693992408,0.0 -49.7176341,-26.7224524992408,0.0 -49.7176306,-26.7224387992408,0.0 -49.7176305,-26.7224295992408,0.0 -49.7176301,-26.7223489992408,0.0 -49.7176318,-26.7223069992408,0.0 -49.7176069,-26.7222206992408,0.0 -49.7175851,-26.7221563992408,0.0 -49.7175587,-26.7220864992408,0.0 -49.7175517,-26.7220165992408,0.0 -49.7175577,-26.7219232992408,0.0 -49.7175702,-26.7218590992408,0.0 -49.7175925,-26.7217802992408,0.0 -49.7175919,-26.7216898992408,0.0 -49.7175656,-26.7216317992408,0.0 -49.7175394,-26.7215881992408,0.0 -49.7175031,-26.7214950992409,0.0 -49.7174928,-26.7214017992408,0.0 -49.717492,-26.7212822992409,0.0 -49.7174981,-26.7212064992409,0.0 -49.7175072,-26.7211131992409,0.0 -49.7172798,-26.7210792992409,0.0 -49.7171791,-26.7210739992409,0.0 -49.7171435,-26.7210799992409,0.0 -49.7170398,-26.7211183992409,0.0 -49.7169848,-26.7211448992408,0.0 -49.7169233,-26.7211801992409,0.0 -49.716745,-26.7212160992409,0.0 -49.7166347,-26.7212165992409,0.0 -49.7165617,-26.7212300992409,0.0 -49.7164888,-26.7212435992409,0.0 -49.7164045,-26.7212614992409,0.0 -49.7161613,-26.7213034992409,0.0 -49.7161243,-26.7213348992409,0.0 -49.7160711,-26.7213808992408,0.0 -49.7160491,-26.7214231992408,0.0 -49.7160151,-26.7214789992409,0.0 -49.7159759,-26.7215259992408,0.0 -49.7159302,-26.7215709992408,0.0 -49.7158869,-26.7215937992408,0.0 -49.7158124,-26.7216134992408,0.0 -49.7157391,-26.7216253992408,0.0 -49.7156917,-26.7216239992408,0.0 -49.7156401,-26.7216186992408,0.0 -49.7155854,-26.7216008992408,0.0 -49.7155084,-26.7215547992408,0.0 -49.7154797,-26.7215196992409,0.0 -49.7154512,-26.7214710992408,0.0 -49.7154366,-26.7214303992408,0.0 -49.7154393,-26.7213791992408,0.0 -49.715456,-26.7213261992409,0.0 -49.7154868,-26.7212665992408,0.0 -49.7155272,-26.7212107992409,0.0 -49.7155577,-26.7211404992408,0.0 -49.7155673,-26.7210949992408,0.0 -49.7155659,-26.7210598992409,0.0 -49.7155491,-26.7210141992409,0.0 -49.7155343,-26.7209610992408,0.0 -49.7155156,-26.7209249992409,0.0 -49.715488,-26.7208750992409,0.0 -49.7154414,-26.7208225992409,0.0 -49.7154091,-26.7207928992409,0.0 -49.7153542,-26.7207524992409,0.0 -49.7153325,-26.7207400992409,0.0 -49.7152702,-26.7207150992409,0.0 -49.7151996,-26.7206949992409,0.0 -49.715158,-26.7206884992409,0.0 -49.7151163,-26.7206819992409,0.0 -49.7150267,-26.7206624992409,0.0 -49.7149019,-26.7206198992409,0.0 -49.7148044,-26.7205749992409,0.0 -49.7147186,-26.7205383992409,0.0 -49.7145692,-26.7205109992409,0.0 -49.7145113,-26.7204958992409,0.0 -49.7144454,-26.7204691992409,0.0 -49.7143876,-26.7204425992409,0.0 -49.7143373,-26.7203997992409,0.0 -49.7142946,-26.7203465992409,0.0 -49.7142751,-26.7203133992409,0.0 -49.7142555,-26.7202801992409,0.0 -49.7141889,-26.7202108992409,0.0 -49.7141249,-26.7201855992409,0.0 -49.7139725,-26.7201154992409,0.0 -49.7139034,-26.7200957992409,0.0 -49.7137381,-26.7200478992409,0.0 -49.7135438,-26.7200055992409,0.0 -49.7134482,-26.7199844992409,0.0 -49.7133526,-26.7199633992409,0.0 -49.7131787,-26.7199241992409,0.0 -49.7130048,-26.7198848992409,0.0 -49.7128437,-26.7198506992409,0.0 -49.7126458,-26.7198372992409,0.0 -49.7124578,-26.7198085992409,0.0 -49.7122871,-26.7197635992409,0.0 -49.7121465,-26.7197324992409,0.0 -49.7116123,-26.7195672992409,0.0 -49.7115232,-26.7195433992409,0.0 -49.7114342,-26.7195193992409,0.0 -49.7113107,-26.7194873992409,0.0 -49.7111989,-26.7194795992409,0.0 -49.7111329,-26.7195070992409,0.0 -49.7110493,-26.7195739992409,0.0 -49.7109932,-26.7196836992409,0.0 -49.7109524,-26.7197750992409,0.0 -49.7108829,-26.7198363992409,0.0 -49.7107997,-26.7198694992409,0.0 -49.7106134,-26.7198784992409,0.0 -49.7103788,-26.7198696992409,0.0 -49.7102249,-26.7198740992409,0.0 -49.7100956,-26.7198825992409,0.0 -49.7099632,-26.7198824992409,0.0 -49.7098569,-26.7198669992409,0.0 -49.709797,-26.7198316992409,0.0 -49.7097557,-26.7197675992409,0.0 -49.7097221,-26.7196879992409,0.0 -49.7096878,-26.7195735992409,0.0 -49.709674,-26.7194632992409,0.0 -49.7096749,-26.7193743992409,0.0 -49.7096791,-26.7192845992409,0.0 -49.7096914,-26.7191464992409,0.0 -49.709714,-26.7190480992409,0.0 -49.7097339,-26.7188974992409,0.0 -49.7097744,-26.7187441992409,0.0 -49.7099102,-26.7182311992409,0.0 -49.709904,-26.7181063992409,0.0 -49.7098952,-26.7180241992409,0.0 -49.7098486,-26.7179502992409,0.0 -49.7097814,-26.7178994992409,0.0 -49.7096796,-26.7178560992409,0.0 -49.7095843,-26.7178155992409,0.0 -49.709394,-26.7177984992409,0.0 -49.7092359,-26.7177844992409,0.0 -49.7090779,-26.7177705992409,0.0 -49.7089074,-26.7177129992409,0.0 -49.7087459,-26.7176187992409,0.0 -49.7086508,-26.7175560992409,0.0 -49.7085708,-26.7174896992409,0.0 -49.7085028,-26.7174097992409,0.0 -49.7084645,-26.7173601992409,0.0 -49.708344,-26.7172634992409,0.0 -49.7081983,-26.7171983992409,0.0 -49.7080802,-26.7171770992409,0.0 -49.707964,-26.7171701992409,0.0 -49.7078834,-26.7171627992409,0.0 -49.7077704,-26.7171607992409,0.0 -49.7076575,-26.7171510992409,0.0 -49.7075671,-26.7171444992409,0.0 -49.7074257,-26.7170910992409,0.0 -49.7072669,-26.7170109992409,0.0 -49.7072342,-26.7169899992409,0.0 -49.7072015,-26.7169689992409,0.0 -49.7071389,-26.7168850992409,0.0 -49.7071252,-26.7167628992409,0.0 -49.7071427,-26.7165674992409,0.0 -49.7071934,-26.7163722992409,0.0 -49.7071753,-26.716199599241,0.0 -49.7071182,-26.7160940992409,0.0 -49.7070592,-26.716031999241,0.0 -49.7070001,-26.715969799241,0.0 -49.7068879,-26.715866399241,0.0 -49.7066911,-26.715696399241,0.0 -49.7065449,-26.715545899241,0.0 -49.7064122,-26.715393899241,0.0 -49.7063767,-26.715327799241,0.0 -49.7063412,-26.715261599241,0.0 -49.70633,-26.715200199241,0.0 -49.7063189,-26.715138799241,0.0 -49.7063211,-26.714952599241,0.0 -49.7062595,-26.714746599241,0.0 -49.7061929,-26.714614399241,0.0 -49.7060588,-26.714376199241,0.0 -49.7058798,-26.714148699241,0.0 -49.7057293,-26.714054199241,0.0 -49.7054845,-26.713918899241,0.0 -49.7053287,-26.713788099241,0.0 -49.705241,-26.713621399241,0.0 -49.7052333,-26.713466899241,0.0 -49.7052362,-26.713386899241,0.0 -49.7052391,-26.713306899241,0.0 -49.7052513,-26.713153099241,0.0 -49.7052208,-26.712949899241,0.0 -49.7051232,-26.712628599241,0.0 -49.7050155,-26.712369199241,0.0 -49.7049078,-26.712109699241,0.0 -49.7047027,-26.711599199241,0.0 -49.7046734,-26.711422099241,0.0 -49.7046792,-26.711264099241,0.0 -49.7047031,-26.7110344992411,0.0 -49.7047542,-26.7106714992411,0.0 -49.7047724,-26.7103016992411,0.0 -49.7047163,-26.7100852992411,0.0 -49.704692,-26.7100218992411,0.0 -49.7046038,-26.7098669992411,0.0 -49.704472,-26.7096300992411,0.0 -49.7044374,-26.7095428992411,0.0 -49.7044029,-26.7094557992411,0.0 -49.7043661,-26.7093312992411,0.0 -49.7043631,-26.7091073992411,0.0 -49.7043639,-26.7089866992411,0.0 -49.7043568,-26.7087912992411,0.0 -49.7043412,-26.7086338992411,0.0 -49.7042858,-26.7083359992411,0.0 -49.7042806,-26.7083090992411,0.0 -49.7042658,-26.7082477992411,0.0 -49.704247,-26.7081971992411,0.0 -49.7042203,-26.7081518992411,0.0 -49.7041816,-26.7081061992411,0.0 -49.7041269,-26.7080544992411,0.0 -49.7040522,-26.7079912992411,0.0 -49.7039535,-26.7079108992411,0.0 -49.7039382,-26.7078978992411,0.0 -49.7039254,-26.7078855992411,0.0 -49.7039146,-26.7078738992411,0.0 -49.7039057,-26.7078627992411,0.0 -49.7038983,-26.7078522992411,0.0 -49.7038921,-26.7078421992411,0.0 -49.703887,-26.7078324992411,0.0 -49.7038785,-26.7078139992411,0.0 -49.7038689,-26.7077877992411,0.0 -49.7038628,-26.7077612992411,0.0 -49.7038597,-26.7077327992411,0.0 -49.7038573,-26.7076762992411,0.0 -49.7038554,-26.7076607992411,0.0 -49.7038522,-26.7076467992411,0.0 -49.703847,-26.7076333992411,0.0 -49.7038393,-26.7076196992411,0.0 -49.7038278,-26.7076041992411,0.0 -49.7038193,-26.7075949992411,0.0 -49.7038081,-26.7075841992411,0.0 -49.7037937,-26.7075714992411,0.0 -49.7037753,-26.7075563992411,0.0 -49.7037242,-26.7075174992411,0.0 -49.7036527,-26.7074660992411,0.0 -49.7034183,-26.7073021992411,0.0 -49.7033707,-26.7072675992411,0.0 -49.7033417,-26.7072446992411,0.0 -49.7033321,-26.7072361992411,0.0 -49.703319,-26.7072219992411,0.0 -49.7033037,-26.7072000992411,0.0 -49.7032933,-26.7071820992411,0.0 -49.7032881,-26.7071717992411,0.0 -49.7032777,-26.7071480992411,0.0 -49.7032675,-26.7071195992411,0.0 -49.7032577,-26.7070853992411,0.0 -49.7032486,-26.7070438992411,0.0 -49.7032406,-26.7069938992411,0.0 -49.703237,-26.7069652992411,0.0 -49.7032235,-26.7068627992411,0.0 -49.7032108,-26.7067823992411,0.0 -49.7031871,-26.7066481992411,0.0 -49.7031685,-26.7065529992411,0.0 -49.703139,-26.7064136992411,0.0 -49.7031199,-26.7063314992411,0.0 -49.7031027,-26.7062642992411,0.0 -49.7030947,-26.7062367992411,0.0 -49.7030868,-26.7062124992411,0.0 -49.7030788,-26.7061908992411,0.0 -49.7030704,-26.7061711992411,0.0 -49.7030613,-26.7061527992412,0.0 -49.7030512,-26.7061349992411,0.0 -49.70304,-26.7061172992411,0.0 -49.7030273,-26.7060989992411,0.0 -49.7030127,-26.7060798992411,0.0 -49.7029956,-26.7060598992412,0.0 -49.7029756,-26.7060386992411,0.0 -49.7029522,-26.7060161992411,0.0 -49.7029249,-26.7059921992411,0.0 -49.7028932,-26.7059665992412,0.0 -49.7028565,-26.7059391992411,0.0 -49.7027762,-26.7058800992412,0.0 -49.7026964,-26.7058199992412,0.0 -49.7026239,-26.7057642992412,0.0 -49.7025429,-26.7057004992411,0.0 -49.7025102,-26.7056732992412,0.0 -49.7024983,-26.7056623992411,0.0 -49.7024793,-26.7056425992412,0.0 -49.7024612,-26.7056204992412,0.0 -49.7024243,-26.7055713992411,0.0 -49.7023894,-26.7055227992412,0.0 -49.7023441,-26.7054575992412,0.0 -49.7022865,-26.7053725992412,0.0 -49.7021854,-26.7052191992412,0.0 -49.7021201,-26.7051160992412,0.0 -49.7020911,-26.7050684992412,0.0 -49.7020659,-26.7050254992412,0.0 -49.7020453,-26.7049880992412,0.0 -49.7020289,-26.7049558992412,0.0 -49.7020158,-26.7049280992412,0.0 -49.7020055,-26.7049037992412,0.0 -49.7019972,-26.7048822992412,0.0 -49.701977,-26.7048258992412,0.0 -49.7019696,-26.7048072992412,0.0 -49.7019528,-26.7047692992412,0.0 -49.7019342,-26.7047315992412,0.0 -49.701915,-26.7046956992412,0.0 -49.7018963,-26.7046631992412,0.0 -49.7018784,-26.7046342992412,0.0 -49.7018522,-26.7045949992412,0.0 -49.701815,-26.7045429992412,0.0 -49.7017751,-26.7044911992412,0.0 -49.7017094,-26.7044113992412,0.0 -49.7016111,-26.7042964992412,0.0 -49.7015041,-26.7041737992412,0.0 -49.7014198,-26.7040790992412,0.0 -49.7014001,-26.7040577992412,0.0 -49.7013706,-26.7040269992412,0.0 -49.7013495,-26.7040071992412,0.0 -49.7013313,-26.7039920992412,0.0 -49.7013128,-26.7039786992412,0.0 -49.7012944,-26.7039679992412,0.0 -49.7012764,-26.7039594992412,0.0 -49.7012592,-26.7039528992412,0.0 -49.7012416,-26.7039481992412,0.0 -49.701231,-26.7039468992412,0.0 -49.7012178,-26.7039464992412,0.0 -49.7012011,-26.7039470992412,0.0 -49.7011801,-26.7039490992412,0.0 -49.7011539,-26.7039523992412,0.0 -49.7010822,-26.7039639992412,0.0 -49.7009893,-26.7039808992412,0.0 -49.7007164,-26.7040333992412,0.0 -49.7006621,-26.7040430992412,0.0 -49.700624,-26.7040482992412,0.0 -49.7006089,-26.7040494992412,0.0 -49.7005954,-26.7040497992412,0.0 -49.7005826,-26.7040493992412,0.0 -49.7005593,-26.7040468992412,0.0 -49.700549,-26.7040449992412,0.0 -49.7005391,-26.7040424992412,0.0 -49.7005202,-26.7040357992412,0.0 -49.7005005,-26.7040264992412,0.0 -49.700479,-26.7040146992412,0.0 -49.7004568,-26.7040013992412,0.0 -49.7004266,-26.7039818992412,0.0 -49.7004112,-26.7039711992412,0.0 -49.7003951,-26.7039587992412,0.0 -49.7003592,-26.7039261992412,0.0 -49.7003444,-26.7039116992412,0.0 -49.7003274,-26.7038938992412,0.0 -49.7003084,-26.7038720992412,0.0 -49.7002981,-26.7038591992412,0.0 -49.7002871,-26.7038444992412,0.0 -49.7002755,-26.7038274992412,0.0 -49.7002632,-26.7038076992412,0.0 -49.7002501,-26.7037848992412,0.0 -49.7002362,-26.7037584992412,0.0 -49.7002214,-26.7037280992412,0.0 -49.7001895,-26.7036559992412,0.0 -49.700157,-26.7035764992412,0.0 -49.700127,-26.7034995992412,0.0 -49.7000806,-26.7033768992412,0.0 -49.7000725,-26.7033569992412,0.0 -49.7000694,-26.7033506992412,0.0 -49.7000633,-26.7033419992412,0.0 -49.7000557,-26.7033344992412,0.0 -49.7000467,-26.7033272992412,0.0 -49.7000313,-26.7033173992412,0.0 -49.7000151,-26.7033082992412,0.0 -49.699993,-26.7032973992412,0.0 -49.6999705,-26.7032874992412,0.0 -49.6999525,-26.7032811992412,0.0 -49.6999394,-26.7032777992412,0.0 -49.6999251,-26.7032753992412,0.0 -49.6999093,-26.7032739992412,0.0 -49.6998827,-26.7032742992412,0.0 -49.6998628,-26.7032762992412,0.0 -49.6998302,-26.7032817992412,0.0 -49.6997755,-26.7032927992412,0.0 -49.6997379,-26.7032983992412,0.0 -49.6997112,-26.7033007992412,0.0 -49.6996319,-26.7033056992412,0.0 -49.6995718,-26.7033102992412,0.0 -49.699543,-26.7033113992412,0.0 -49.6995243,-26.7033109992412,0.0 -49.6995064,-26.7033098992412,0.0 -49.699475,-26.7033058992412,0.0 -49.6994618,-26.7033029992412,0.0 -49.699455,-26.7033006992412,0.0 -49.699439,-26.7032929992412,0.0 -49.6994289,-26.7032868992412,0.0 -49.6994028,-26.7032690992412,0.0 -49.6993669,-26.7032423992412,0.0 -49.6993002,-26.7031905992412,0.0 -49.6992056,-26.7031149992412,0.0 -49.6991224,-26.7030470992412,0.0 -49.6990707,-26.7030036992412,0.0 -49.6990046,-26.7029461992412,0.0 -49.6989693,-26.7029174992412,0.0 -49.6989556,-26.7029077992412,0.0 -49.6989385,-26.7028967992412,0.0 -49.6989178,-26.7028846992412,0.0 -49.6988937,-26.7028714992412,0.0 -49.6988661,-26.7028573992412,0.0 -49.6988003,-26.7028262992412,0.0 -49.6987205,-26.7027920992412,0.0 -49.6986305,-26.7027561992412,0.0 -49.6984926,-26.7027043992412,0.0 -49.6983732,-26.7026623992412,0.0 -49.6983395,-26.7026513992412,0.0 -49.6983071,-26.7026415992412,0.0 -49.6982748,-26.7026327992412,0.0 -49.6982412,-26.7026246992412,0.0 -49.6982049,-26.7026170992412,0.0 -49.6981648,-26.7026096992412,0.0 -49.6981193,-26.7026023992412,0.0 -49.6980677,-26.7025947992412,0.0 -49.6978177,-26.7025599992412,0.0 -49.6977498,-26.7025495992412,0.0 -49.6976819,-26.7025381992412,0.0 -49.6976152,-26.7025257992412,0.0 -49.6975507,-26.7025123992412,0.0 -49.6974894,-26.7024982992412,0.0 -49.6974321,-26.7024839992412,0.0 -49.6973333,-26.7024569992412,0.0 -49.6972935,-26.7024452992412,0.0 -49.6972378,-26.7024278992412,0.0 -49.6972183,-26.7024211992412,0.0 -49.6971778,-26.7024050992412,0.0 -49.6971575,-26.7023959992412,0.0 -49.6971184,-26.7023768992412,0.0 -49.6970836,-26.7023574992412,0.0 -49.6970686,-26.7023481992412,0.0 -49.6970551,-26.7023389992412,0.0 -49.6970313,-26.7023206992412,0.0 -49.69701,-26.7023010992412,0.0 -49.6969891,-26.7022790992412,0.0 -49.6969022,-26.7021810992412,0.0 -49.6968277,-26.7020998992412,0.0 -49.6967337,-26.7020004992412,0.0 -49.6966233,-26.7018859992412,0.0 -49.6966036,-26.7018646992412,0.0 -49.6965857,-26.7018429992412,0.0 -49.6965695,-26.7018206992412,0.0 -49.6965546,-26.7017979992412,0.0 -49.6965409,-26.7017746992412,0.0 -49.6965282,-26.7017508992412,0.0 -49.6965161,-26.7017262992412,0.0 -49.6964933,-26.7016751992412,0.0 -49.6964719,-26.7016230992412,0.0 -49.6964277,-26.7015106992412,0.0 -49.6964149,-26.7014810992412,0.0 -49.6964038,-26.7014592992412,0.0 -49.6963984,-26.7014501992412,0.0 -49.6963872,-26.7014334992412,0.0 -49.6963588,-26.7013967992412,0.0 -49.6963268,-26.7013592992412,0.0 -49.6963124,-26.7013439992412,0.0 -49.696299,-26.7013314992412,0.0 -49.6962772,-26.7013135992412,0.0 -49.696218,-26.7012690992412,0.0 -49.696144,-26.7012162992412,0.0 -49.6960656,-26.7011617992412,0.0 -49.6959601,-26.7010896992412,0.0 -49.6957775,-26.7009663992412,0.0 -49.6956112,-26.7008556992412,0.0 -49.6955307,-26.7008032992412,0.0 -49.6954707,-26.7007660992412,0.0 -49.6954456,-26.7007512992412,0.0 -49.6953993,-26.7007258992412,0.0 -49.6953507,-26.7007013992412,0.0 -49.6952056,-26.7006309992413,0.0 -49.6951737,-26.7006129992413,0.0 -49.6951471,-26.7005970992412,0.0 -49.6951206,-26.7005800992413,0.0 -49.6950974,-26.7005638992412,0.0 -49.6950785,-26.7005488992413,0.0 -49.6950622,-26.7005338992413,0.0 -49.6950467,-26.7005179992413,0.0 -49.6950216,-26.7004901992413,0.0 -49.6949867,-26.7004486992413,0.0 -49.6949712,-26.7004285992413,0.0 -49.6949583,-26.7004102992413,0.0 -49.6949476,-26.7003936992413,0.0 -49.6949347,-26.7003710992413,0.0 -49.6948934,-26.7002909992413,0.0 -49.6948806,-26.7002687992413,0.0 -49.6948684,-26.7002505992413,0.0 -49.694859,-26.7002380992413,0.0 -49.6948485,-26.7002259992413,0.0 -49.6948371,-26.7002144992413,0.0 -49.6948238,-26.7002033992413,0.0 -49.694807,-26.7001916992413,0.0 -49.6947847,-26.7001783992413,0.0 -49.6947553,-26.7001623992413,0.0 -49.6947177,-26.7001434992413,0.0 -49.6946717,-26.7001218992413,0.0 -49.694617,-26.7000980992413,0.0 -49.6945863,-26.7000854992413,0.0 -49.6945354,-26.7000583992413,0.0 -49.6944691,-26.7000231992413,0.0 -49.6944108,-26.6999871992413,0.0 -49.6943688,-26.6999475992413,0.0 -49.6943041,-26.6998910992413,0.0 -49.694096,-26.6997117992413,0.0 -49.6940174,-26.6996428992413,0.0 -49.6939317,-26.6995664992413,0.0 -49.6938377,-26.6994807992413,0.0 -49.6937341,-26.6993841992413,0.0 -49.6936691,-26.6993242992413,0.0 -49.6935878,-26.6992518992413,0.0 -49.6934715,-26.6991789992413,0.0 -49.6933582,-26.6991337992413,0.0 -49.6932414,-26.6990982992413,0.0 -49.6931601,-26.6990807992413,0.0 -49.6930513,-26.6990478992413,0.0 -49.6930216,-26.6990380992413,0.0 -49.6930006,-26.6990302992413,0.0 -49.6929753,-26.6990193992413,0.0 -49.692961,-26.6990118992413,0.0 -49.6929485,-26.6990039992413,0.0 -49.6929371,-26.6989952992413,0.0 -49.6929259,-26.6989845992413,0.0 -49.6929199,-26.6989777992413,0.0 -49.6929062,-26.6989596992413,0.0 -49.6928982,-26.6989478992413,0.0 -49.6928675,-26.6988987992413,0.0 -49.6927675,-26.6987299992413,0.0 -49.6927528,-26.6987074992413,0.0 -49.6927376,-26.6986876992413,0.0 -49.6927236,-26.6986738992413,0.0 -49.6927127,-26.6986652992413,0.0 -49.6927044,-26.6986597992413,0.0 -49.6926828,-26.6986480992413,0.0 -49.6926392,-26.6986279992413,0.0 -49.6926211,-26.6986189992413,0.0 -49.6926127,-26.6986138992413,0.0 -49.6926064,-26.6986092992413,0.0 -49.6925977,-26.6986003992413,0.0 -49.692591,-26.6985902992413,0.0 -49.6925868,-26.6985808992413,0.0 -49.6925835,-26.6985694992413,0.0 -49.6925811,-26.6985570992413,0.0 -49.6925801,-26.6985407992413,0.0 -49.6925814,-26.6985066992413,0.0 -49.6925814,-26.6984787992413,0.0 -49.6925798,-26.6984380992413,0.0 -49.6925773,-26.6984150992413,0.0 -49.6925746,-26.6983985992413,0.0 -49.6925706,-26.6983823992413,0.0 -49.6925671,-26.6983718992413,0.0 -49.69256,-26.6983568992413,0.0 -49.6925505,-26.6983413992413,0.0 -49.6924313,-26.6981640992413,0.0 -49.6924128,-26.6981560992413,0.0 -49.6923701,-26.6981499992413,0.0 -49.6923288,-26.6981438992413,0.0 -49.6922915,-26.6981409992413,0.0 -49.6922356,-26.6981395992413,0.0 -49.6922127,-26.6981381992413,0.0 -49.6920591,-26.6981279992413,0.0 -49.6918194,-26.6981102992413,0.0 -49.6913339,-26.6984475992413,0.0 -49.6911488,-26.6986091992413,0.0 -49.6910143,-26.6987089992413,0.0 -49.6908743,-26.6988610992413,0.0 -49.6907737,-26.6989963992413,0.0 -49.6906975,-26.6991653992413,0.0 -49.6906011,-26.6993559992413,0.0 -49.6904743,-26.6995312992413,0.0 -49.6903497,-26.6997784992413,0.0 -49.6902782,-26.6999992992413,0.0 -49.6901892,-26.7002411992413,0.0 -49.6900299,-26.7004707992413,0.0 -49.6897146,-26.7008871992413,0.0 -49.6894633,-26.7011812992412,0.0 -49.6892159,-26.7014390992412,0.0 -49.6891244,-26.7016208992412,0.0 -49.6890636,-26.7018139992412,0.0 -49.689015,-26.7020017992412,0.0 -49.689007,-26.7022234992412,0.0 -49.6890271,-26.7023855992412,0.0 -49.6890733,-26.7025518992412,0.0 -49.6890972,-26.7027182992412,0.0 -49.6890707,-26.7028603992412,0.0 -49.6890445,-26.7029349992412,0.0 -49.6889922,-26.7030153992412,0.0 -49.6889056,-26.7030673992412,0.0 -49.688805,-26.7030862992412,0.0 -49.688228,-26.7030241992412,0.0 -49.6877945,-26.7030123992412,0.0 -49.687232,-26.7030622992412,0.0 -49.6862817,-26.7032443992412,0.0 -49.6857807,-26.7032372992412,0.0 -49.6853569,-26.7030637992412,0.0 -49.6848359,-26.7027816992412,0.0 -49.6845377,-26.7027027992412,0.0 -49.6844625,-26.7026937992412,0.0 -49.6842335,-26.7026660992412,0.0 -49.6836508,-26.7026430992412,0.0 -49.6833561,-26.7026054992412,0.0 -49.6829685,-26.7025560992412,0.0 -49.6825897,-26.7024853992412,0.0 -49.6824505,-26.7024550992412,0.0 -49.6823032,-26.7024038992412,0.0 -49.6821418,-26.7023881992412,0.0 -49.6819782,-26.7023853992412,0.0 -49.6818956,-26.7024007992412,0.0 -49.6817999,-26.7024329992412,0.0 -49.6816839,-26.7025018992412,0.0 -49.6816193,-26.7025604992412,0.0 -49.681393,-26.7027254992412,0.0 -49.6812532,-26.7028066992412,0.0 -49.6810661,-26.7028680992412,0.0</coordinates>
</LinearRing>
</outerBoundaryIs>
</Polygon>
<Polygon>
<extrude>0</extrude>
<tessellate>1</tessellate>
<outerBoundaryIs>
<LinearRing>
<coordinates>-49.7117917679714,-26.8411209971349,0.0 -49.7118033738294,-26.8410930203469,0.0 -49.7118486897739,-26.8409592394075,0.0 -49.7119057590967,-26.8407807633641,0.0 -49.7119846368288,-26.8405578964156,0.0 -49.7120745882715,-26.8403083340069,0.0 -49.7121652184953,-26.8400407717545,0.0 -49.7122451138472,-26.8397909049198,0.0 -49.712323989942,-26.8395680375996,0.0 -49.7123810574988,-26.8393895611684,0.0 -49.7124263717898,-26.8392557798599,0.0 -49.7124703275881,-26.8391579980088,0.0 -49.7124934940133,-26.8390776075229,0.0 -49.7125256966931,-26.8390245208212,0.0 -49.7125478442922,-26.8389711299353,0.0 -49.7125797073304,-26.8389270430871,0.0 -49.7126115703414,-26.8388829562287,0.0 -49.7126337178629,-26.8388295653206,0.0 -49.7126655808199,-26.8387854784437,0.0 -49.712688067858,-26.8387230876468,0.0 -49.7127209494502,-26.8386520011261,0.0 -49.7127545101148,-26.8385629148414,0.0 -49.7127994839396,-26.8384381331876,0.0 -49.7128555312796,-26.8382866560199,0.0 -49.7129233311147,-26.8380904835581,0.0 -49.7130018646802,-26.8378766154042,0.0 -49.7130810769325,-26.8376447474057,0.0 -49.7131596097701,-26.8374308790829,0.0 -49.7132274083531,-26.8372347063359,0.0 -49.713283454294,-26.8370832288426,0.0 -49.7133284267142,-26.8369584468641,0.0 -49.7133619862081,-26.8368693603044,0.0 -49.7133952061557,-26.8367892736152,0.0 -49.7134176922375,-26.8367268825955,0.0 -49.7134398388118,-26.8366734914551,0.0 -49.7134616458863,-26.8366291001948,0.0 -49.7134834529409,-26.8365847089289,0.0 -49.7135052599761,-26.8365403176574,0.0 -49.7135263880546,-26.836513926155,0.0 -49.7135374612912,-26.836487230571,0.0 -49.7135481950555,-26.8364695348731,0.0 -49.7135589288161,-26.8364518391739,0.0 -49.7135696625727,-26.8364341434733,0.0 -49.7135807357886,-26.8364074478837,0.0 -49.713602203281,-26.8363720564763,0.0 -49.7136136159406,-26.8363363609936,0.0 -49.7136350834061,-26.8363009695783,0.0 -49.7136568903113,-26.8362565782687,0.0 -49.7136786971972,-26.8362121869537,0.0 -49.71369044926,-26.8361674915699,0.0 -49.7137122561104,-26.8361231002457,0.0 -49.7137240081455,-26.8360784048561,0.0 -49.713725365931,-26.8360424052953,0.0 -49.7137364390587,-26.8360157096836,0.0 -49.7137475121803,-26.8359890140701,0.0 -49.7137481910671,-26.8359710142891,0.0 -49.7137488699531,-26.8359530145079,0.0 -49.7137596036219,-26.8359353187831,0.0 -49.713760282505,-26.8359173190015,0.0 -49.7137716950482,-26.8358816234933,0.0 -49.7137831075825,-26.8358459279832,0.0 -49.713794520108,-26.8358102324711,0.0 -49.7138055931889,-26.8357835368487,0.0 -49.713817005698,-26.835747841333,0.0 -49.7138277393321,-26.8357301455991,0.0 -49.7138485277263,-26.8357127539118,0.0 -49.7138592613514,-26.8356950581745,0.0 -49.7138699949727,-26.835677362436,0.0 -49.7138907833496,-26.8356599707403,0.0 -49.713901856388,-26.8356332751056,0.0 -49.7139132688451,-26.8355975795763,0.0 -49.7139250207165,-26.8355528841518,0.0 -49.7139367725762,-26.8355081887251,0.0 -49.7139589185852,-26.83545479744,0.0 -49.7139911193068,-26.835401710183,0.0 -49.714023659407,-26.8353396230204,0.0 -49.7140769877331,-26.8352601441101,0.0 -49.7141306553778,-26.8351716652741,0.0 -49.7142051111359,-26.835065794646,0.0 -49.7142903002108,-26.8349422281734,0.0 -49.7143862225191,-26.8348009658277,0.0 -49.7144925386015,-26.8346510074772,0.0 -49.71458846036,-26.8345097449315,0.0 -49.7146736485134,-26.8343861781229,0.0 -49.7147484424841,-26.8342713071758,0.0 -49.7148021090273,-26.8341828279595,0.0 -49.7148550968203,-26.8341123485243,0.0 -49.7148976905971,-26.8340505650118,0.0 -49.7149396056829,-26.8340067812951,0.0 -49.7149915753472,-26.8339633015107,0.0 -49.7150234357503,-26.8339192138122,0.0 -49.7150650114235,-26.8338844299549,0.0 -49.715106247765,-26.8338586459915,0.0 -49.7151374294849,-26.8338325580774,0.0 -49.7151585565897,-26.83380616622,0.0 -49.7151893989842,-26.8337890782014,0.0 -49.7152101867721,-26.8337716862442,0.0 -49.7152309745533,-26.8337542942832,0.0 -49.7152517623278,-26.8337369023185,0.0 -49.7152829439767,-26.8337108143641,0.0 -49.7153241802001,-26.8336850303236,0.0 -49.7153657556855,-26.8336502463563,0.0 -49.7154073311437,-26.8336154623736,0.0 -49.7154492458486,-26.833571678462,0.0 -49.715501215095,-26.8335281984421,0.0 -49.7155431297267,-26.8334844144943,0.0 -49.7155954381525,-26.8334319345152,0.0 -49.7156581403442,-26.8333707584902,0.0 -49.7157208424638,-26.833309582429,0.0 -49.7157838837535,-26.8332394064139,0.0 -49.7158569795045,-26.8331695342404,0.0 -49.7159304143882,-26.8330906620982,0.0 -49.7159934554074,-26.8330204859585,0.0 -49.7160665508695,-26.8329506136434,0.0 -49.7161292525049,-26.8328894373457,0.0 -49.7161818995513,-26.8328279571595,0.0 -49.7162342073364,-26.8327754768706,0.0 -49.7162865150696,-26.8327229965563,0.0 -49.716328768248,-26.8326702123766,0.0 -49.7163810758821,-26.832617732016,0.0 -49.7164236681521,-26.8325559478712,0.0 -49.7164766540352,-26.8324854676093,0.0 -49.716540372668,-26.8323972912868,0.0 -49.7166245392981,-26.8323007226275,0.0 -49.7167093840809,-26.8321861540399,0.0 -49.716804622272,-26.8320628892495,0.0 -49.7169102538117,-26.8319309282284,0.0 -49.7170058306554,-26.8317986633145,0.0 -49.7170906746057,-26.831684094403,0.0 -49.7171647857425,-26.8315872215221,0.0 -49.7172281641342,-26.8315080446968,0.0 -49.7172912033332,-26.83143786777,0.0 -49.7173441880567,-26.8313673870504,0.0 -49.7173864401486,-26.8313146024304,0.0 -49.7174390856625,-26.8312531216007,0.0 -49.7175017854908,-26.8311919444871,0.0 -49.7175748786877,-26.8311220711324,0.0 -49.7176690977001,-26.8310258053598,0.0 -49.7177841033493,-26.8309121470566,0.0 -49.7179302888905,-26.8307723999198,0.0 -49.7180972607469,-26.8306152600812,0.0 -49.7182645711157,-26.830449120038,0.0 -49.7184315419707,-26.8302919796897,0.0 -49.7185777258087,-26.8301522316879,0.0 -49.71869272954,-26.8300385724255,0.0 -49.718786607619,-26.8299513056386,0.0 -49.7188596991185,-26.829881431425,0.0 -49.7189223973193,-26.8298202534946,0.0 -49.7189750411937,-26.8297587719049,0.0 -49.7190172918228,-26.8297059866299,0.0 -49.7190595424089,-26.8296532013373,0.0 -49.7191017929523,-26.8296004160271,0.0 -49.7191440434529,-26.8295476306995,0.0 -49.7191963481424,-26.8294951489597,0.0 -49.7192389374661,-26.82943336363,0.0 -49.7192811878298,-26.8293805782457,0.0 -49.7193338312721,-26.829319096473,0.0 -49.7193764204416,-26.8292573110843,0.0 -49.7194190095596,-26.8291955256768,0.0 -49.7194612597352,-26.8291427402173,0.0 -49.719503509868,-26.8290899547401,0.0 -49.7195457599582,-26.8290371692454,0.0 -49.7195880100053,-26.8289843837333,0.0 -49.7196205447023,-26.8289222946662,0.0 -49.7196527404864,-26.8288692055561,0.0 -49.7196849362369,-26.8288161164348,0.0 -49.7197174708193,-26.8287540273324,0.0 -49.7197493276369,-26.8287099381587,0.0 -49.7197811844272,-26.8286658489748,0.0 -49.7198230953471,-26.8286220633327,0.0 -49.719854274375,-26.8285959740692,0.0 -49.7198854533876,-26.8285698847971,0.0 -49.7199166323852,-26.8285437955163,0.0 -49.7199377572199,-26.8285174026849,0.0 -49.7199484890548,-26.8284997062809,0.0 -49.7199696138724,-26.8284733134427,0.0 -49.7199806845375,-26.8284466170618,0.0 -49.7199920940354,-26.8284109207056,0.0 -49.72001355766,-26.8283755278836,0.0 -49.7200353601038,-26.8283311350823,0.0 -49.7200772707837,-26.8282873493372,0.0 -49.720119859081,-26.8282255636252,0.0 -49.7201725014444,-26.828164081417,0.0 -49.7202358754879,-26.8280849027458,0.0 -49.7202995882437,-26.8279967240575,0.0 -49.7203733549859,-26.8279088488337,0.0 -49.7204474603984,-26.8278119735774,0.0 -49.7205212268858,-26.8277240982473,0.0 -49.7205949932494,-26.8276362228647,0.0 -49.720648312586,-26.8275567404488,0.0 -49.72071134713,-26.8274865614641,0.0 -49.7207535959555,-26.827433775464,0.0 -49.7208058987884,-26.8273812929162,0.0 -49.7208481475238,-26.8273285068777,0.0 -49.7208900574654,-26.8272847208073,0.0 -49.720931967372,-26.8272409347205,0.0 -49.7209735385007,-26.827206148604,0.0 -49.7210050555699,-26.8271710590194,0.0 -49.7210462879107,-26.8271452728634,0.0 -49.721077804938,-26.8271101832578,0.0 -49.7210985904567,-26.8270927901744,0.0 -49.7211297687218,-26.827066700542,0.0 -49.721160946972,-26.8270406109012,0.0 -49.7211921252068,-26.8270145212517,0.0 -49.721223642147,-26.8269794316036,0.0 -49.7212648743624,-26.8269536453693,0.0 -49.7213067839845,-26.8269098591387,0.0 -49.7213483548628,-26.8268750728832,0.0 -49.7214100337227,-26.8268408934562,0.0 -49.7214720512423,-26.8267977140046,0.0 -49.7215340687124,-26.8267545345201,0.0 -49.7216265867982,-26.8267032652243,0.0 -49.7217395514494,-26.8266436026548,0.0 -49.7218733012699,-26.8265665467577,0.0 -49.7220375514758,-26.826481400835,0.0 -49.7222229252601,-26.8263698614044,0.0 -49.7224180140052,-26.8262676250363,0.0 -49.7226030484386,-26.8261650850279,0.0 -49.7227776900013,-26.8260712414307,0.0 -49.7229114383901,-26.8259941843871,0.0 -49.7230244016101,-26.8259345206268,0.0 -49.7231068643797,-26.8258829469052,0.0 -49.7231893270713,-26.8258313731262,0.0 -49.72325134331,-26.8257881927471,0.0 -49.7233136980364,-26.8257360123189,0.0 -49.7233767297648,-26.8256658318225,0.0 -49.723470600155,-26.8255785610433,0.0 -49.723575539821,-26.8254645933803,0.0 -49.7237220487742,-26.8253158385032,0.0 -49.723900411318,-26.8251229929959,0.0 -49.7241099501271,-26.8249040567444,0.0 -49.7243298803323,-26.8246764232466,0.0 -49.7245394173677,-26.8244574861556,0.0 -49.7247177769689,-26.8242646392801,0.0 -49.724864621046,-26.824106882809,0.0 -49.7249695577438,-26.8239929137715,0.0 -49.7250533715897,-26.8239053384822,0.0 -49.7251160626996,-26.8238441569921,0.0 -49.7251683616295,-26.8237916723828,0.0 -49.7252307142498,-26.8237394908676,0.0 -49.725283013072,-26.8236870062034,0.0 -49.7253453655753,-26.8236348246243,0.0 -49.7254077180179,-26.8235826430106,0.0 -49.7254704087342,-26.8235214613183,0.0 -49.7255434914241,-26.8234515826393,0.0 -49.7256266277295,-26.8233820069991,0.0 -49.7257097639272,-26.8233124312979,0.0 -49.7257929000171,-26.8232428555353,0.0 -49.7258656440072,-26.8231819766928,0.0 -49.7259383879148,-26.8231210978033,0.0 -49.7260007397698,-26.8230689158609,0.0 -49.7260530378836,-26.8230164308307,0.0 -49.7261150513466,-26.8229732488768,0.0 -49.7261670110868,-26.8229297638456,0.0 -49.7262189707849,-26.8228862787906,0.0 -49.7262705921798,-26.8228517937663,0.0 -49.7263326054616,-26.822808611696,0.0 -49.7263842267833,-26.8227741266218,0.0 -49.7264462399753,-26.8227309444915,0.0 -49.726497861224,-26.8226964593673,0.0 -49.7265598743263,-26.8226532771769,0.0 -49.7266218873791,-26.8226100949536,0.0 -49.7266835621581,-26.8225759127571,0.0 -49.7267355214777,-26.8225324274688,0.0 -49.726797196177,-26.8224982452136,0.0 -49.7268491554135,-26.8224547598741,0.0 -49.7269108300331,-26.8224205775602,0.0 -49.7269624509866,-26.8223860922326,0.0 -49.7270244637266,-26.8223429097968,0.0 -49.7270861382282,-26.8223087273929,0.0 -49.7271478126913,-26.8222745449576,0.0 -49.7272299325236,-26.8222319683508,0.0 -49.7273123904611,-26.8221803916215,0.0 -49.7274049019269,-26.8221291177841,0.0 -49.7275178586613,-26.8220694496887,0.0 -49.7276311534141,-26.8220007814171,0.0 -49.727754501614,-26.8219324159611,0.0 -49.7278778496598,-26.8218640503798,0.0 -49.7279807522839,-26.821804078941,0.0 -49.7280833166932,-26.8217531074915,0.0 -49.7281657738658,-26.8217015301767,0.0 -49.7282378393057,-26.8216586499992,0.0 -49.7283095666068,-26.8216247698586,0.0 -49.728371578379,-26.8215815867209,0.0 -49.7284332520306,-26.8215474036319,0.0 -49.7285053172637,-26.8215045232944,0.0 -49.7285777204987,-26.8214526428302,0.0 -49.72866017721,-26.8214010651741,0.0 -49.7287533634702,-26.8213317901359,0.0 -49.7288666566791,-26.8212631206973,0.0 -49.7289806257908,-26.8211764509747,0.0 -49.7291043102271,-26.8210990840478,0.0 -49.7292283324883,-26.8210127169009,0.0 -49.7293416250652,-26.8209440470094,0.0 -49.7294348104964,-26.8208747714269,0.0 -49.7295172663626,-26.820823193174,0.0 -49.7295896686579,-26.8207713120839,0.0 -49.7296516794326,-26.8207281282704,0.0 -49.7297036366723,-26.8206846416527,0.0 -49.7297552559163,-26.8206501551093,0.0 -49.7298072130766,-26.8206066684445,0.0 -49.7298588322505,-26.8205721818552,0.0 -49.7299003979184,-26.8205373924875,0.0 -49.7299419635593,-26.8205026031044,0.0 -49.7299734757063,-26.8204675109562,0.0 -49.7300147033664,-26.8204417216474,0.0 -49.7300462154713,-26.820406629478,0.0 -49.7300877810141,-26.8203718400409,0.0 -49.7301290086104,-26.8203460506914,0.0 -49.7301705741032,-26.8203112612242,0.0 -49.7302121395688,-26.8202764717417,0.0 -49.7302436515599,-26.8202413795152,0.0 -49.7302751635297,-26.8202062872794,0.0 -49.7303066754786,-26.8201711950342,0.0 -49.7303277960666,-26.8201448001636,0.0 -49.730339201106,-26.8201091024623,0.0 -49.7303402148042,-26.8200821021449,0.0 -49.7303509440351,-26.8200644046531,0.0 -49.7303724024851,-26.8200290096659,0.0 -49.7303935230266,-26.8200026147801,0.0 -49.7304246969827,-26.8199765226038,0.0 -49.7304458175003,-26.8199501277076,0.0 -49.7304769914282,-26.8199240355165,0.0 -49.7305078274576,-26.8199069434249,0.0 -49.7305286100596,-26.8198895486205,0.0 -49.7305393392383,-26.8198718511084,0.0 -49.7305597839497,-26.8198634564069,0.0 -49.7305701752432,-26.8198547590004,0.0 -49.7305909578249,-26.8198373641846,0.0 -49.7306120782736,-26.8198109692557,0.0 -49.7306529676593,-26.8197941798242,0.0 -49.7306844793592,-26.8197590874663,0.0 -49.7307257065782,-26.8197332978995,0.0 -49.7307773250393,-26.8196988108932,0.0 -49.7308289434676,-26.8196643238643,0.0 -49.7308802240131,-26.8196388369256,0.0 -49.7309418957743,-26.8196046525254,0.0 -49.7310035674968,-26.8195704680941,0.0 -49.7310652391811,-26.8195362836313,0.0 -49.731136964212,-26.8195024017959,0.0 -49.7311986358162,-26.8194682172658,0.0 -49.7312703607617,-26.8194343353529,0.0 -49.7313323700967,-26.8193911506372,0.0 -49.7314040949506,-26.8193572686459,0.0 -49.7314657663897,-26.8193230839804,0.0 -49.7315270999964,-26.8192978994044,0.0 -49.7315787179983,-26.819263412053,0.0 -49.7316303359672,-26.8192289246788,0.0 -49.7316715627627,-26.8192031347877,0.0 -49.73170273618,-26.8191770422678,0.0 -49.7317339095824,-26.8191509497394,0.0 -49.7317650829696,-26.8191248572023,0.0 -49.7317962563415,-26.8190987646566,0.0 -49.7318170385811,-26.8190813696214,0.0 -49.7318579275116,-26.8190645797893,0.0 -49.7318988164297,-26.819047789944,0.0 -49.7319393675778,-26.8190400002113,0.0 -49.7319802564745,-26.8190232103399,0.0 -49.732031198703,-26.8190067230457,0.0 -49.7320824786621,-26.8189812356036,0.0 -49.732133758597,-26.8189557481404,0.0 -49.7321850385085,-26.8189302606557,0.0 -49.7322363183961,-26.8189047731498,0.0 -49.7322775449262,-26.8188789830515,0.0 -49.7323187714367,-26.8188531929393,0.0 -49.7323599979279,-26.8188274028126,0.0 -49.7324008866816,-26.8188106128033,0.0 -49.7324421131372,-26.8187848226487,0.0 -49.732493392897,-26.8187593350348,0.0 -49.7325346193116,-26.8187335448485,0.0 -49.7325858990259,-26.8187080571959,0.0 -49.7326375164136,-26.8186735693875,0.0 -49.7326887960759,-26.8186480816917,0.0 -49.7327501290269,-26.8186228965101,0.0 -49.7328014086396,-26.8185974087677,0.0 -49.7328526882286,-26.8185719210041,0.0 -49.7329140210998,-26.8185467357423,0.0 -49.7329653006391,-26.8185212479321,0.0 -49.7330061891872,-26.8185044577243,0.0 -49.7330571310241,-26.8184879700155,0.0 -49.7330983572039,-26.8184621796381,0.0 -49.7331392457098,-26.8184453893869,0.0 -49.7331801342034,-26.8184285991225,0.0 -49.7332210226845,-26.8184118088449,0.0 -49.733271964447,-26.8183953210504,0.0 -49.7333232438331,-26.8183698330929,0.0 -49.7333745231953,-26.818344345114,0.0 -49.7334258025337,-26.818318857114,0.0 -49.7334871351339,-26.8182936715726,0.0 -49.7335384144227,-26.8182681835259,0.0 -49.7335900313032,-26.8182336953117,0.0 -49.73364131054,-26.8182082072218,0.0 -49.7336825364768,-26.8181824166459,0.0 -49.7337237623941,-26.818156626056,0.0 -49.7337649882918,-26.8181308354518,0.0 -49.733795823303,-26.8181137425263,0.0 -49.733826995899,-26.818087649444,0.0 -49.7338678841552,-26.8180708589536,0.0 -49.7339091099865,-26.8180450682996,0.0 -49.733950335798,-26.8180192776315,0.0 -49.7339915615901,-26.8179934869491,0.0 -49.7340428406212,-26.81796799869,0.0 -49.7340844039441,-26.8179332078235,0.0 -49.7341360204927,-26.8178987193718,0.0 -49.7341775837589,-26.8178639284714,0.0 -49.7342191469982,-26.8178291375556,0.0 -49.7342603726543,-26.8178033467792,0.0 -49.7343015982911,-26.8177775559887,0.0 -49.7343327706679,-26.8177514627696,0.0 -49.7343639430299,-26.817725369542,0.0 -49.7343847245959,-26.8177079740522,0.0 -49.7344055061554,-26.8176905785584,0.0 -49.734426287708,-26.8176731830609,0.0 -49.7344574600244,-26.8176470898073,0.0 -49.7344886323257,-26.8176209965454,0.0 -49.7345198046117,-26.8175949032747,0.0 -49.7345613676361,-26.8175601122338,0.0 -49.7346029306337,-26.8175253211775,0.0 -49.7346347779083,-26.8174812275564,0.0 -49.734676678369,-26.8174374363122,0.0 -49.7347085255856,-26.8173933426679,0.0 -49.7347403727749,-26.8173492490132,0.0 -49.7347722199371,-26.8173051553483,0.0 -49.7348040670721,-26.8172610616732,0.0 -49.7348258609855,-26.8172166656139,0.0 -49.7348573705701,-26.8171815720833,0.0 -49.7348788269453,-26.8171461761741,0.0 -49.7349106739855,-26.8171020824642,0.0 -49.7349321303255,-26.8170666865428,0.0 -49.7349639773184,-26.8170225928155,0.0 -49.734995824284,-26.8169784990778,0.0 -49.7350280087054,-26.8169254051652,0.0 -49.735049802448,-26.8168810090521,0.0 -49.7350816493329,-26.816836915286,0.0 -49.7351037805074,-26.8167835189939,0.0 -49.7351255741852,-26.8167391228619,0.0 -49.7351470303735,-26.8167037268908,0.0 -49.7351584333995,-26.81666802857,0.0 -49.7351698364171,-26.8166323302475,0.0 -49.7351805644937,-26.8166146322571,0.0 -49.7351912925665,-26.8165969342653,0.0 -49.7351919674963,-26.816578933931,0.0 -49.7352030330267,-26.8165522357703,0.0 -49.7352137610888,-26.8165345377757,0.0 -49.7352251640694,-26.8164988394447,0.0 -49.7352365670411,-26.8164631411117,0.0 -49.7352583605875,-26.8164187449444,0.0 -49.7352701009928,-26.8163740464378,0.0 -49.7352821788401,-26.8163203477606,0.0 -49.7352945941244,-26.8162576489119,0.0 -49.7353070093898,-26.8161949500601,0.0 -49.7353200995325,-26.8161142508666,0.0 -49.7353231365563,-26.8160332493427,0.0 -49.7353369015401,-26.8159345498038,0.0 -49.7353412882967,-26.8158175475967,0.0 -49.7353557280894,-26.8157008477084,0.0 -49.7353705052709,-26.8155751476432,0.0 -49.7353752293586,-26.8154491452544,0.0 -49.7353893315833,-26.8153414455197,0.0 -49.7354030963376,-26.8152427459506,0.0 -49.7354064706149,-26.8151527442366,0.0 -49.7354192230338,-26.8150810451747,0.0 -49.735421585004,-26.8150180439723,0.0 -49.7354239469666,-26.8149550427691,0.0 -49.7354159185071,-26.8149007394292,0.0 -49.7354179430393,-26.8148467383974,0.0 -49.7354196301452,-26.8148017375371,0.0 -49.7354109268461,-26.8147654345419,0.0 -49.7354119391082,-26.8147384340256,0.0 -49.7354129513689,-26.8147114335094,0.0 -49.735403573234,-26.8146931308583,0.0 -49.7354042480748,-26.8146751305143,0.0 -49.7354045854949,-26.8146661303423,0.0 -49.735405597754,-26.814639129826,0.0 -49.7353965570445,-26.8146118270031,0.0 -49.7353982441416,-26.8145668261427,0.0 -49.7353999312348,-26.8145218252818,0.0 -49.735401618324,-26.8144768244207,0.0 -49.7354039802421,-26.8144138232144,0.0 -49.7354163950971,-26.8143511243103,0.0 -49.7354395376949,-26.8142707273579,0.0 -49.7354734079974,-26.8141726323476,0.0 -49.7355186807577,-26.8140388389177,0.0 -49.7355753558748,-26.813869347046,0.0 -49.7356437706073,-26.8136551565285,0.0 -49.7357336402573,-26.8134055697761,0.0 -49.7358134565927,-26.8131556806521,0.0 -49.7358932724973,-26.8129057914353,0.0 -49.735971738587,-26.8126919028509,0.0 -49.7360287494041,-26.8125134104337,0.0 -49.7360740205662,-26.8123796166489,0.0 -49.7361078895204,-26.8122815213372,0.0 -49.7361410837525,-26.8122014263771,0.0 -49.7361736032851,-26.8121393317718,0.0 -49.7362061227775,-26.8120772371545,0.0 -49.7362386422293,-26.812015142525,0.0 -49.736270824329,-26.8119620480693,0.0 -49.7363030063949,-26.8119089536023,0.0 -49.7363455784593,-26.8118471611491,0.0 -49.7363777604503,-26.8117940666567,0.0 -49.736420332422,-26.8117322741705,0.0 -49.7364525143376,-26.8116791796525,0.0 -49.7364950862168,-26.8116173871332,0.0 -49.7365373207598,-26.8115645947847,0.0 -49.736569502562,-26.8115115002272,0.0 -49.7366117370242,-26.8114587078472,0.0 -49.7366439187545,-26.8114056132647,0.0 -49.7366861531356,-26.8113528208531,0.0 -49.7367280502076,-26.8113090286161,0.0 -49.736769947245,-26.8112652363626,0.0 -49.7368118442478,-26.8112214440928,0.0 -49.7368634566315,-26.8111869541681,0.0 -49.7369050163149,-26.8111521620567,0.0 -49.736956628636,-26.8111176720908,0.0 -49.7369981882625,-26.8110828799456,0.0 -49.7370397478623,-26.811048087785,0.0 -49.7370913600908,-26.8110135977595,0.0 -49.7371329196338,-26.810978805565,0.0 -49.7371744791496,-26.8109440133554,0.0 -49.7372260912855,-26.8109095232699,0.0 -49.7372673135271,-26.810883731225,0.0 -49.737318925605,-26.810849241099,0.0 -49.7373601478018,-26.8108234490219,0.0 -49.7373913173416,-26.8107973548045,0.0 -49.7374322022984,-26.810780562903,0.0 -49.7374526447722,-26.8107721669471,0.0 -49.7374831398777,-26.8107640731079,0.0 -49.7375035823446,-26.8107556771439,0.0 -49.7375136349787,-26.8107559792616,0.0 -49.7375243620036,-26.810738280975,0.0 -49.7375448044626,-26.8107298850041,0.0 -49.7375558686719,-26.8107031865118,0.0 -49.7375867009404,-26.8106860924446,0.0 -49.7376182075728,-26.8106509979634,0.0 -49.7376698194286,-26.810616507684,0.0 -49.7377318210477,-26.8105733192779,0.0 -49.7378347074133,-26.8105133388025,0.0 -49.7379687629598,-26.8104272638666,0.0 -49.738144040113,-26.8103153964304,0.0 -49.7383806437928,-26.8101783404137,0.0 -49.7386383633187,-26.8100148873485,0.0 -49.7389165242603,-26.809843037525,0.0 -49.7391739051392,-26.8096885835228,0.0 -49.7394108431971,-26.8095425252541,0.0 -49.7395861174465,-26.8094306556982,0.0 -49.7397302227926,-26.8093448807377,0.0 -49.7398331069024,-26.8092848985503,0.0 -49.7399054963961,-26.8092330107122,0.0 -49.7399678333179,-26.8091808209013,0.0 -49.740029833205,-26.8091376312895,0.0 -49.7400921700112,-26.8090854414108,0.0 -49.7401447912304,-26.8090239493494,0.0 -49.7402074648716,-26.8089627591704,0.0 -49.7402805278701,-26.8088928706221,0.0 -49.7403639801877,-26.8088142836841,0.0 -49.7404477693172,-26.8087266964442,0.0 -49.7405315583082,-26.8086391091387,0.0 -49.7406153471606,-26.8085515217677,0.0 -49.7406987989627,-26.8084729345732,0.0 -49.7407718613018,-26.8084030456957,0.0 -49.7408345342159,-26.8083418551557,0.0 -49.7408871546321,-26.8082803627265,0.0 -49.7409391012089,-26.8082368707607,0.0 -49.7410014370454,-26.8081846803702,0.0 -49.7410533835295,-26.8081411883519,0.0 -49.7411049930976,-26.8081066965569,0.0 -49.7411569395024,-26.8080632044913,0.0 -49.7412189382688,-26.8080200142299,0.0 -49.7412809369858,-26.8079768239356,0.0 -49.7413429356535,-26.8079336336085,0.0 -49.7414149866645,-26.8078907450612,0.0 -49.7414769852297,-26.8078475546636,0.0 -49.7415493729659,-26.8077956657828,0.0 -49.7416113714231,-26.8077524753138,0.0 -49.7416733698309,-26.8077092848122,0.0 -49.7417249789966,-26.8076747927448,0.0 -49.7417869773149,-26.807631602183,0.0 -49.7418285340393,-26.807596808286,0.0 -49.741880479907,-26.8075533158935,0.0 -49.7419223733718,-26.8075095217046,0.0 -49.7419639300049,-26.8074747277574,0.0 -49.741995434256,-26.8074396320286,0.0 -49.7420269384864,-26.8074045362904,0.0 -49.7420483903467,-26.8073691387808,0.0 -49.7420695054056,-26.8073427415258,0.0 -49.7420802313239,-26.8073250427668,0.0 -49.7421010095819,-26.8073076457648,0.0 -49.742122124615,-26.8072812484989,0.0 -49.7421432396375,-26.8072548512287,0.0 -49.7421643546493,-26.8072284539541,0.0 -49.7421858064258,-26.8071930564142,0.0 -49.7422173105183,-26.8071579606178,0.0 -49.7422491513588,-26.8071138645502,0.0 -49.7422809921724,-26.8070697684724,0.0 -49.7423027806394,-26.807025370644,0.0 -49.7423346214025,-26.8069812745483,0.0 -49.7423564098267,-26.8069368767066,0.0 -49.7423681459234,-26.8068921771252,0.0 -49.7423895975581,-26.8068567795382,0.0 -49.742400660123,-26.806830080479,0.0 -49.7424117226819,-26.8068033814182,0.0 -49.7424328375325,-26.8067769840852,0.0 -49.7424439000768,-26.8067502850203,0.0 -49.742454962615,-26.8067235859537,0.0 -49.7424764141832,-26.8066881883461,0.0 -49.7424881501931,-26.806643488745,0.0 -49.7425099384736,-26.8065990908636,0.0 -49.7425317267344,-26.8065546929766,0.0 -49.742543462701,-26.806509993366,0.0 -49.7425551986558,-26.8064652937531,0.0 -49.7425669345991,-26.8064205941381,0.0 -49.7425786705302,-26.8063758945209,0.0 -49.7425900697189,-26.8063401951679,0.0 -49.7425910799113,-26.8063131943676,0.0 -49.7425917533721,-26.8062951938338,0.0 -49.7426021423576,-26.8062864952793,0.0 -49.7426028158158,-26.8062684947452,0.0 -49.7426034892735,-26.8062504942113,0.0 -49.7426041627304,-26.806232493677,0.0 -49.7426152251632,-26.8062057945863,0.0 -49.7426165720703,-26.8061697935172,0.0 -49.7426182557008,-26.8061247921804,0.0 -49.7426299915642,-26.8060800925516,0.0 -49.7426222963975,-26.8060167889707,0.0 -49.7426246534602,-26.8059537870974,0.0 -49.7426172950168,-26.8058814832491,0.0 -49.7426199887895,-26.8058094811072,0.0 -49.7426129670655,-26.8057281769912,0.0 -49.7426159975419,-26.8056471745802,0.0 -49.7426290801976,-26.8055664738708,0.0 -49.7426321106414,-26.8054854714563,0.0 -49.7426455299633,-26.8053957704718,0.0 -49.7426686647133,-26.8053153714494,0.0 -49.742671695096,-26.8052343690277,0.0 -49.742684777622,-26.8051536682995,0.0 -49.7426881446768,-26.8050636656048,0.0 -49.7427022372604,-26.8049559640606,0.0 -49.7426975723462,-26.8048116580514,0.0 -49.7427043063202,-26.8046316526486,0.0 -49.7427127236986,-26.8044066458868,0.0 -49.7427221510455,-26.8041546383019,0.0 -49.742732251637,-26.803884630162,0.0 -49.7427319633852,-26.8036233206054,0.0 -49.7427403803415,-26.8033983138034,0.0 -49.7427471138356,-26.8032183083549,0.0 -49.7427521639147,-26.8030833042645,0.0 -49.7427562039523,-26.8029753009896,0.0 -49.7427595706331,-26.8028852982588,0.0 -49.7427622639663,-26.8028132960732,0.0 -49.7427750092339,-26.8027415955498,0.0 -49.7427877544789,-26.8026698950229,0.0 -49.742800836361,-26.8025891942185,0.0 -49.7428139182161,-26.8025084934098,0.0 -49.7428377252702,-26.8024100937036,0.0 -49.7428618689216,-26.8023026937125,0.0 -49.7428866858066,-26.8021772931596,0.0 -49.7429111659735,-26.8020608928703,0.0 -49.7429356460729,-26.8019444925695,0.0 -49.7429601261048,-26.8018280922572,0.0 -49.7429738809479,-26.8017293908498,0.0 -49.7429869624923,-26.8016486899921,0.0 -49.7430097592234,-26.8015772910426,0.0 -49.7430124522461,-26.8015052888202,0.0 -49.7430248604639,-26.801442588507,0.0 -49.743027216837,-26.80137958656,0.0 -49.7430191847585,-26.80132528326,0.0 -49.7430212045001,-26.8012712815907,0.0 -49.7430128358013,-26.8012259785692,0.0 -49.7430145189147,-26.8011809771779,0.0 -49.7430061502201,-26.8011356741567,0.0 -49.743007496708,-26.8010996730436,0.0 -49.7429991280174,-26.8010543700225,0.0 -49.7429904227089,-26.8010180672796,0.0 -49.742991769195,-26.8009820661668,0.0 -49.7429834005123,-26.8009367631461,0.0 -49.7429854202367,-26.8008827614763,0.0 -49.742977051558,-26.8008374584559,0.0 -49.7429787346573,-26.8007924570642,0.0 -49.7429901329047,-26.8007567575782,0.0 -49.7430015311434,-26.8007210580902,0.0 -49.7430122561426,-26.800703359158,0.0 -49.7430229811381,-26.8006856602248,0.0 -49.7430337061298,-26.8006679612902,0.0 -49.7430440945055,-26.8006592626336,0.0 -49.7430444311179,-26.8006502623545,0.0 -49.743034715969,-26.8006409604525,0.0 -49.7430253374351,-26.8006226582713,0.0 -49.7430162955175,-26.8005953558105,0.0 -49.7430072536033,-26.8005680533496,0.0 -49.7429992215344,-26.8005137500518,0.0 -49.7430015778272,-26.8004507480987,0.0 -49.7430039341119,-26.8003877461448,0.0 -49.7430066269996,-26.8003157439109,0.0 -49.743009319877,-26.8002437416761,0.0 -49.7430217278568,-26.800181041339,0.0 -49.7430337992127,-26.8001273412788,0.0 -49.7430458705534,-26.8000736412159,0.0 -49.7430676569843,-26.800029243045,0.0 -49.7430793916924,-26.7999845432562,0.0 -49.7430907897903,-26.7999488437458,0.0 -49.7431018512825,-26.7999221445144,0.0 -49.7431132493642,-26.7998864450004,0.0 -49.7431243108431,-26.7998597457658,0.0 -49.7431357089087,-26.7998240462483,0.0 -49.743147443557,-26.7997793464472,0.0 -49.7431692298752,-26.7997349482481,0.0 -49.7431913527607,-26.7996815497612,0.0 -49.7432134756215,-26.7996281512681,0.0 -49.7432456501259,-26.7995750543661,0.0 -49.7432878762599,-26.7995222590467,0.0 -49.7433404905817,-26.7994607650149,0.0 -49.7433927682755,-26.7994082712415,0.0 -49.7434450459176,-26.7993557774429,0.0 -49.743496986951,-26.7993122839054,0.0 -49.7435586430327,-26.7992780922029,0.0 -49.7436001957962,-26.7992432973339,0.0 -49.7436514636265,-26.7992178043026,0.0 -49.7436923432576,-26.7992010099776,0.0 -49.7437231712413,-26.7991839140807,0.0 -49.7437436110467,-26.7991755169082,0.0 -49.7437640508491,-26.7991671197323,0.0 -49.7437844906483,-26.7991587225533,0.0 -49.7438049304443,-26.7991503253709,0.0 -49.7438354218686,-26.7991422297363,0.0 -49.7438662498138,-26.7991251338037,0.0 -49.7439071293781,-26.7991083394091,0.0 -49.7439480089299,-26.7990915450013,0.0 -49.7439989400953,-26.7990750521192,0.0 -49.7440602593792,-26.7990498604582,0.0 -49.7441212421315,-26.7990336690615,0.0 -49.7441822248661,-26.7990174776365,0.0 -49.7442529227105,-26.7990105879989,0.0 -49.7443239570335,-26.7989946980287,0.0 -49.7443949913362,-26.7989788080207,0.0 -49.7444760772365,-26.7989632194788,0.0 -49.744557163114,-26.7989476308879,0.0 -49.7446382489692,-26.798932042248,0.0 -49.7447193348018,-26.7989164535593,0.0 -49.7448004206121,-26.7989008648215,0.0 -49.7448714547881,-26.79888497456,0.0 -49.744942488944,-26.7988690842607,0.0 -49.745023574689,-26.7988534953877,0.0 -49.7450946088034,-26.7988376050074,0.0 -49.7451656428979,-26.7988217145891,0.0 -49.7452470649892,-26.7987971252735,0.0 -49.7453489266536,-26.7987641384805,0.0 -49.7455013826469,-26.798723658451,0.0 -49.7457051056307,-26.798657684386,0.0 -49.7459902501328,-26.7985671202196,0.0 -49.7463672036614,-26.7984432664602,0.0 -49.7468051383168,-26.798303218959,0.0 -49.7472635112234,-26.7981547722448,0.0 -49.7477014436181,-26.798014721713,0.0 -49.7480881087329,-26.7979001645465,0.0 -49.7483732493597,-26.7978095951385,0.0 -49.7485769689715,-26.7977436165561,0.0 -49.7487197070044,-26.797693831218,0.0 -49.7488215666318,-26.7976608416938,0.0 -49.748903323175,-26.7976272497354,0.0 -49.7489746920597,-26.7976023569047,0.0 -49.7490460609124,-26.7975774640345,0.0 -49.7491174297332,-26.7975525711244,0.0 -49.7491790831007,-26.797518376663,0.0 -49.7492504518535,-26.7974934836782,0.0 -49.7493221566448,-26.797459590297,0.0 -49.7494039128875,-26.7974259980152,0.0 -49.7494756175877,-26.7973921045459,0.0 -49.7495573737338,-26.7973585121643,0.0 -49.7496491813178,-26.7973252208522,0.0 -49.7497312733975,-26.7972826279972,0.0 -49.7498130293851,-26.7972490354499,0.0 -49.7498843978225,-26.7972241421093,0.0 -49.7499256117966,-26.7971983454289,0.0 -49.749946050768,-26.7971899472655,0.0 -49.7500995109553,-26.7971224607514,0.0 -49.7501303373709,-26.7971053632793,0.0 -49.7501712152448,-26.7970885668827,0.0 -49.7502221445729,-26.7970720715522,0.0 -49.7502633584107,-26.7970462747576,0.0 -49.750293848792,-26.7970381776132,0.0 -49.7503142877057,-26.7970297793902,0.0 -49.7503347266162,-26.7970213811637,0.0 -49.7503451140619,-26.7970126818645,0.0 -49.7503655529671,-26.797004283633,0.0 -49.7503960433295,-26.7969961864645,0.0 -49.7504369211227,-26.7969793899817,0.0 -49.7504777989035,-26.7969625934859,0.0 -49.7505290640958,-26.7969370976617,0.0 -49.7505803292644,-26.7969116018162,0.0 -49.7506319303679,-26.7968771055765,0.0 -49.7506835314383,-26.7968426093144,0.0 -49.7507451839209,-26.7968084140694,0.0 -49.7508071723083,-26.7967652184183,0.0 -49.7508795480205,-26.7967133233877,0.0 -49.7509519236634,-26.7966614283123,0.0 -49.7510242992369,-26.7966095331918,0.0 -49.751096674741,-26.7965576380264,0.0 -49.7511791015953,-26.796506043822,0.0 -49.7512514769565,-26.7964541485611,0.0 -49.7513134649397,-26.7964109526418,0.0 -49.7513754528737,-26.7963677566898,0.0 -49.7514374407581,-26.7963245607049,0.0 -49.7514997644744,-26.7962723643035,0.0 -49.7515517008585,-26.7962288672762,0.0 -49.7516039730721,-26.7961763698399,0.0 -49.7516666324871,-26.7961151729602,0.0 -49.7517299635493,-26.7960359752713,0.0 -49.7518140689647,-26.7959393786794,0.0 -49.7519189486359,-26.7958253831363,0.0 -49.7520452741035,-26.7956759878008,0.0 -49.752192373515,-26.7955091933757,0.0 -49.7523398082618,-26.7953333983498,0.0 -49.7524869067272,-26.7951666035105,0.0 -49.7526132305944,-26.7950172074856,0.0 -49.7527184442481,-26.7948942107474,0.0 -49.7528025478425,-26.7947976133604,0.0 -49.7528658772497,-26.7947184149746,0.0 -49.7529184838098,-26.794656916491,0.0 -49.7529707545675,-26.7946044183837,0.0 -49.7530230252733,-26.7945519202512,0.0 -49.7530652446792,-26.7944991212419,0.0 -49.7531171795594,-26.7944556234683,0.0 -49.7531694501196,-26.7944031252651,0.0 -49.753221384911,-26.7943596274428,0.0 -49.7532736553728,-26.79430712919,0.0 -49.753325925783,-26.7942546309117,0.0 -49.7533882473648,-26.7942024334348,0.0 -49.7534408533643,-26.7941409346931,0.0 -49.7534927879179,-26.7940974367442,0.0 -49.753545058117,-26.7940449383609,0.0 -49.7535973282644,-26.7939924399526,0.0 -49.7536392114808,-26.7939486411253,0.0 -49.7536814303371,-26.7938958418697,0.0 -49.7537236491508,-26.7938430425966,0.0 -49.7537561524004,-26.7937809420973,0.0 -49.7537990424542,-26.7937101419647,0.0 -49.753832216932,-26.7936300406094,0.0 -49.7538764494838,-26.793523238781,0.0 -49.7539213532346,-26.7933984360965,0.0 -49.7539773149364,-26.7932469329105,0.0 -49.7540439988556,-26.7930777296167,0.0 -49.7541207336519,-26.7929088270264,0.0 -49.7541773659899,-26.7927393228561,0.0 -49.7542433779832,-26.7925881202302,0.0 -49.7542882808142,-26.7924633173268,0.0 -49.7543325123259,-26.7923565152398,0.0 -49.7543556348387,-26.7922761129207,0.0 -49.7543784217162,-26.7922047110159,0.0 -49.754391157514,-26.7921330083699,0.0 -49.7544032221073,-26.7920793065664,0.0 -49.7544055712408,-26.7920163036055,0.0 -49.7543975337481,-26.791962000336,0.0 -49.754399547284,-26.7919079977978,0.0 -49.7542454479094,-26.7920273433904,0.0 -49.7540913481941,-26.7921466887763,0.0 -49.7539850882791,-26.7922289834663,0.0 -49.7539410188656,-26.7922682045488,0.0 -49.7538426208882,-26.7924197548636,0.0 -49.7537899409505,-26.7925982154042,0.0 -49.7537560269547,-26.7927885625722,0.0 -49.7537139266826,-26.7929757727089,0.0 -49.7536714358917,-26.7930846015395,0.0 -49.7536406995346,-26.7931469525884,0.0 -49.7535589017109,-26.7933137181654,0.0 -49.7534750239413,-26.793479838117,0.0 -49.7533859131257,-26.7936440316686,0.0 -49.7532884161512,-26.7938050180356,0.0 -49.7532606229332,-26.7938472059275,0.0 -49.7531802675476,-26.7939607360034,0.0 -49.7530628065099,-26.794109543578,0.0 -49.7529543661323,-26.7942344992808,0.0 -49.7529372141021,-26.7942532110118,0.0 -49.7528006427388,-26.7943888687758,0.0 -49.7526667222223,-26.7945260996349,0.0 -49.7526615159654,-26.794532088601,0.0 -49.7525503421732,-26.7946757897204,0.0 -49.7524340818715,-26.7948256640007,0.0 -49.7524289718112,-26.7948314825412,0.0 -49.7523060619472,-26.7949675195987,0.0 -49.7521756232108,-26.7951076245248,0.0 -49.7520724525072,-26.7952172687786,0.0 -49.7520442258343,-26.7952472512346,0.0 -49.7519114918554,-26.7953855613427,0.0 -49.7517727066115,-26.7955192118982,0.0 -49.7517484355851,-26.7955409539805,0.0 -49.7516157452859,-26.7956342240321,0.0 -49.7514358422199,-26.7957217002948,0.0 -49.7512507041796,-26.7958028851818,0.0 -49.7510913780784,-26.7958907069528,0.0 -49.7510783704333,-26.7958995132422,0.0 -49.7509224436888,-26.796016592593,0.0 -49.7507720332076,-26.7961410523489,0.0 -49.7506196506278,-26.7962632514813,0.0 -49.7504578076141,-26.7963735489317,0.0 -49.7504081661765,-26.7964018609598,0.0 -49.7502842920289,-26.7964690262978,0.0 -49.7501100067713,-26.7965635245027,0.0 -49.7499357212134,-26.7966580224584,0.0 -49.7499152823425,-26.7966664206321,0.0 -49.7498740685759,-26.7966922173333,0.0 -49.7498124159,-26.7967264121769,0.0 -49.7497507631857,-26.7967606069893,0.0 -49.7496787229592,-26.796803501018,0.0 -49.7496167341216,-26.7968466961233,0.0 -49.7495550812781,-26.7968808908357,0.0 -49.7494934283961,-26.7969150855167,0.0 -49.7494421629829,-26.7969405809407,0.0 -49.7493905614882,-26.7969750767016,0.0 -49.7493389599609,-26.7970095724401,0.0 -49.7492776430065,-26.7970347666541,0.0 -49.7492159899513,-26.7970689611944,0.0 -49.7491643883245,-26.7971034568578,0.0 -49.7490930198095,-26.7971283498269,0.0 -49.749031702733,-26.7971535439205,0.0 -49.7489499465879,-26.797187135999,0.0 -49.7488581389168,-26.7972204268482,0.0 -49.7487458921207,-26.7972621156135,0.0 -49.7486135422744,-26.797303201892,0.0 -49.7484503655984,-26.7973613851121,0.0 -49.7482768011069,-26.7974282672499,0.0 -49.7480935210757,-26.7974858475755,0.0 -49.7479099046722,-26.7975524279825,0.0 -49.7477467272616,-26.7976106103077,0.0 -49.7476143766327,-26.7976516955628,0.0 -49.7475021289341,-26.7976933832388,0.0 -49.7474203719279,-26.7977269743355,0.0 -49.7473389511033,-26.7977515650459,0.0 -49.7472675817634,-26.7977764570006,0.0 -49.7472066001564,-26.7977926498835,0.0 -49.7471456185317,-26.7978088427382,0.0 -49.7470846368894,-26.7978250355646,0.0 -49.7470340430115,-26.7978325293453,0.0 -49.7469831128666,-26.7978490234361,0.0 -49.7469425704979,-26.7978568184972,0.0 -49.7469020281238,-26.7978646135461,0.0 -49.7468611494733,-26.7978814089102,0.0 -49.7468206070846,-26.7978892039341,0.0 -49.7467800646903,-26.7978969989458,0.0 -49.7467391860096,-26.7979137942713,0.0 -49.746678540537,-26.7979209865841,0.0 -49.7466276102991,-26.7979374805365,0.0 -49.7465662922168,-26.7979626734472,0.0 -49.7464949225693,-26.7979875649772,0.0 -49.7464336044291,-26.7980127578238,0.0 -49.7463618984075,-26.7980466496012,0.0 -49.7462901923415,-26.7980805413374,0.0 -49.7462285377792,-26.7981147344038,0.0 -49.746157167958,-26.7981396257436,0.0 -49.7460958496565,-26.7981648184254,0.0 -49.7460449192203,-26.7981813121453,0.0 -49.7459939887689,-26.7981978058454,0.0 -49.7459534462053,-26.7982056006011,0.0 -49.745912903636,-26.7982133953445,0.0 -49.7458924641733,-26.7982217928695,0.0 -49.7458723610611,-26.7982211900757,0.0 -49.7458519215939,-26.7982295875944,0.0 -49.7458318184805,-26.7982289847947,0.0 -49.7458013274516,-26.7982370809045,0.0 -49.7457708364183,-26.7982451770073,0.0 -49.745730293822,-26.7982529716954,0.0 -49.7456793632918,-26.7982694652731,0.0 -49.7456287691201,-26.7982769585184,0.0 -49.7455681233807,-26.7982841503254,0.0 -49.7454974260728,-26.7982910406813,0.0 -49.745426728756,-26.7982979310007,0.0 -49.7453456434724,-26.7983135201581,0.0 -49.745254843006,-26.7983198075164,0.0 -49.7451539909664,-26.7983257933664,0.0 -49.7450427509318,-26.7983404779923,0.0 -49.7449217957336,-26.7983458607578,0.0 -49.7447904525186,-26.7983599422465,0.0 -49.7446691608368,-26.7983743250943,0.0 -49.7445582571513,-26.7983800090273,0.0 -49.7444574050214,-26.7983859943717,0.0 -49.7443662679728,-26.7984012814467,0.0 -49.7442855189502,-26.7984078696755,0.0 -49.7442148214867,-26.7984147593741,0.0 -49.7441437875218,-26.7984306493314,0.0 -49.7440828051078,-26.7984468407774,0.0 -49.7440218226761,-26.7984630321949,0.0 -49.7439708918003,-26.798479525119,0.0 -49.7439199609095,-26.798496018023,0.0 -49.74387908158,-26.7985128124486,0.0 -49.7438385387565,-26.7985206065696,0.0 -49.7438077109839,-26.798537702516,0.0 -49.7437772197256,-26.7985457981639,0.0 -49.7437366768833,-26.7985535922536,0.0 -49.7437058490857,-26.798570688175,0.0 -49.7436549181139,-26.7985871809744,0.0 -49.7436140387106,-26.7986039753149,0.0 -49.7435527195825,-26.798629166801,0.0 -49.7435014520144,-26.7986546598267,0.0 -49.7434297446895,-26.79868854997,0.0 -49.7433677523554,-26.798731741937,0.0 -49.7432953718088,-26.7987836325713,0.0 -49.7432333793667,-26.7988268244671,0.0 -49.7431710502991,-26.7988790166132,0.0 -49.7431087211706,-26.7989312087249,0.0 -49.7430664952128,-26.7989840040103,0.0 -49.7430145541831,-26.79902749739,0.0 -49.7429827163574,-26.7990715939675,0.0 -49.7429508785044,-26.7991156905349,0.0 -49.7429294288546,-26.7991510884273,0.0 -49.7428979275569,-26.7991861846979,0.0 -49.7428768144785,-26.7992125822993,0.0 -49.7428557013896,-26.7992389798964,0.0 -49.7428345882899,-26.7992653774892,0.0 -49.7428131385688,-26.799300775356,0.0 -49.742791688833,-26.7993361732178,0.0 -49.7427598508172,-26.7993802697235,0.0 -49.7427280127743,-26.7994243662191,0.0 -49.7427062263616,-26.7994687643386,0.0 -49.7426743882682,-26.7995128608164,0.0 -49.7426526018125,-26.7995572589227,0.0 -49.7426308153371,-26.7996016570236,0.0 -49.7426190805148,-26.799646356761,0.0 -49.7426073456809,-26.7996910564961,0.0 -49.7425959474691,-26.7997267559538,0.0 -49.7425848858842,-26.7997534551344,0.0 -49.7425738242932,-26.7997801543136,0.0 -49.7425728143825,-26.7998071551383,0.0 -49.7425617527814,-26.7998338543154,0.0 -49.7425506911744,-26.799860553491,0.0 -49.7425392929203,-26.7998962529393,0.0 -49.7425278946574,-26.7999319523859,0.0 -49.7425158230976,-26.7999856523784,0.0 -49.7425037515225,-26.8000393523683,0.0 -49.7424916799326,-26.8000930523556,0.0 -49.7424792716779,-26.8001557526135,0.0 -49.7424665267528,-26.8002274531415,0.0 -49.7424638335347,-26.8002994553257,0.0 -49.742450078605,-26.8003981566663,0.0 -49.7424460387284,-26.8005061599373,0.0 -49.7424312737516,-26.8006318620859,0.0 -49.7424161720585,-26.8007665644993,0.0 -49.7424010703065,-26.8009012669049,0.0 -49.7423856318252,-26.8010449695741,0.0 -49.7423708666248,-26.8011706716934,0.0 -49.7423668265378,-26.8012786749416,0.0 -49.7423534079584,-26.8013683759686,0.0 -49.7423503778571,-26.8014493784009,0.0 -49.742347684423,-26.8015213805619,0.0 -49.7423449909786,-26.8015933827218,0.0 -49.7423422975243,-26.8016653848808,0.0 -49.7423392673761,-26.8017463873085,0.0 -49.7423355638441,-26.8018453902741,0.0 -49.7423311869181,-26.8019623937763,0.0 -49.7423361884725,-26.8020976995018,0.0 -49.7423395065593,-26.8022780065718,0.0 -49.7423324360013,-26.8024670122174,0.0 -49.7423350806121,-26.8026653198183,0.0 -49.7423380618813,-26.8028546271479,0.0 -49.7423413798168,-26.8030349342068,0.0 -49.7423363292618,-26.8031699382261,0.0 -49.7423420040767,-26.8032872434061,0.0 -49.7423389737153,-26.8033682458153,0.0 -49.7423366167589,-26.8034312476882,0.0 -49.7423248812059,-26.8034759473236,0.0 -49.7423134823529,-26.8035116466896,0.0 -49.7423027569167,-26.8035293455198,0.0 -49.7422920314769,-26.8035470443486,0.0 -49.7422715907336,-26.8035554412032,0.0 -49.7422504765521,-26.8035818385869,0.0 -49.7422293623602,-26.8036082359663,0.0 -49.7421978594135,-26.8036433318944,0.0 -49.7421663564458,-26.803678427813,0.0 -49.7421449054852,-26.8037138254403,0.0 -49.7421134024785,-26.8037489213427,0.0 -49.7420919514851,-26.8037843189581,0.0 -49.7420708372119,-26.8038107163047,0.0 -49.7420493861907,-26.8038461139105,0.0 -49.7420282718942,-26.803872511248,0.0 -49.7420068208455,-26.8039079088441,0.0 -49.7419853697818,-26.8039433064354,0.0 -49.7419535299053,-26.8039874025505,0.0 -49.7419320788063,-26.8040228001297,0.0 -49.7419099541894,-26.8040761982274,0.0 -49.7418982183655,-26.8041208977969,0.0 -49.741886145775,-26.8041745976255,0.0 -49.7418844619977,-26.8042195989318,0.0 -49.7418924935366,-26.8042739022403,0.0 -49.7419008618356,-26.8043192052876,0.0 -49.7419092301382,-26.804364508335,0.0 -49.741917935201,-26.8044008111212,0.0 -49.7419266402675,-26.8044371139073,0.0 -49.7419353453378,-26.8044734166934,0.0 -49.7419440504122,-26.8045097194796,0.0 -49.7419527554901,-26.8045460222656,0.0 -49.7419611238169,-26.8045913253133,0.0 -49.7419694921477,-26.8046366283612,0.0 -49.7419875758408,-26.8046912334098,0.0 -49.7419959441836,-26.8047365364577,0.0 -49.7420039757757,-26.8047908397676,0.0 -49.7420120073717,-26.8048451430776,0.0 -49.7420099868395,-26.8048991446489,0.0 -49.7420180184384,-26.8049534479591,0.0 -49.7420263867971,-26.8049987510078,0.0 -49.7420247030152,-26.805043752317,0.0 -49.7420230192294,-26.8050887536259,0.0 -49.7420317243496,-26.8051250564131,0.0 -49.7420303773187,-26.8051610574602,0.0 -49.7420390824435,-26.8051973602477,0.0 -49.742037398652,-26.8052423615564,0.0 -49.7420357148567,-26.8052873628648,0.0 -49.7420440832275,-26.8053326659145,0.0 -49.7420420626679,-26.8053866674843,0.0 -49.7420400421026,-26.8054406690535,0.0 -49.7420376847693,-26.8055036708836,0.0 -49.7420356641916,-26.8055576724515,0.0 -49.7420232546486,-26.8056203725347,0.0 -49.7420105083198,-26.8056920728755,0.0 -49.741997761968,-26.8057637732127,0.0 -49.7419846788221,-26.8058444738069,0.0 -49.7419715956494,-26.8059251743969,0.0 -49.7419581756735,-26.8060148752426,0.0 -49.7419347034286,-26.806104274327,0.0 -49.7419216201634,-26.8061849749025,0.0 -49.7419082000875,-26.8062746757329,0.0 -49.7418954535524,-26.8063463760415,0.0 -49.7418827069945,-26.8064180763464,0.0 -49.7418599081429,-26.8064894748818,0.0 -49.741847835119,-26.8065431746623,0.0 -49.7418253730044,-26.8066055729282,0.0 -49.7418032476579,-26.8066589709298,0.0 -49.7417814590874,-26.8067033686687,0.0 -49.7417596704975,-26.8067477664019,0.0 -49.7417382186927,-26.8067831638731,0.0 -49.741716766873,-26.8068185613397,0.0 -49.7416956518475,-26.8068449585455,0.0 -49.7416845891155,-26.80687165753,0.0 -49.7416634740708,-26.8068980547289,0.0 -49.7416524113243,-26.8069247537093,0.0 -49.7416312962607,-26.8069511509012,0.0 -49.7416101811862,-26.8069775480887,0.0 -49.7415883924615,-26.8070219457803,0.0 -49.7415669405393,-26.8070573432124,0.0 -49.7415454886023,-26.8070927406396,0.0 -49.7415344258025,-26.8071194396047,0.0 -49.7415337521507,-26.8071374401116,0.0 -49.7415230261695,-26.8071551388217,0.0 -49.741522352515,-26.8071731393282,0.0 -49.7415216788595,-26.8071911398346,0.0 -49.7415109528703,-26.8072088385428,0.0 -49.7414898377115,-26.8072352357028,0.0 -49.7414683857089,-26.8072706331108,0.0 -49.7414372181859,-26.8072967284575,0.0 -49.7414060506476,-26.8073228237957,0.0 -49.7413849354396,-26.8073492209344,0.0 -49.7413537678733,-26.8073753162577,0.0 -49.7413430418364,-26.8073930149477,0.0 -49.7413222634452,-26.8074104118231,0.0 -49.7413014850474,-26.8074278086946,0.0 -49.741280369792,-26.8074542058122,0.0 -49.7412592545261,-26.8074806029255,0.0 -49.741227750035,-26.8075156984626,0.0 -49.7411861931604,-26.8075504921658,0.0 -49.7411446362588,-26.8075852858535,0.0 -49.7410930269621,-26.8076197776941,0.0 -49.7410410807598,-26.8076632697592,0.0 -49.740979419018,-26.8076974597133,0.0 -49.7409070310916,-26.8077493482805,0.0 -49.7408245907121,-26.80780093495,0.0 -49.7407320978668,-26.8078522197029,0.0 -49.7406188263318,-26.8079209011332,0.0 -49.7405052177345,-26.8079985826966,0.0 -49.7403715041615,-26.8080756603757,0.0 -49.7402582321674,-26.8081443414646,0.0 -49.7401449600306,-26.8082130224463,0.0 -49.7400521295583,-26.8082733069129,0.0 -49.7399696883781,-26.8083248929925,0.0 -49.7398872471199,-26.8083764790152,0.0 -49.7398252476352,-26.8084196686106,0.0 -49.7397531956621,-26.808462556238,0.0 -49.739691196075,-26.8085057457631,0.0 -49.7396188069946,-26.808557633539,0.0 -49.7395259759366,-26.8086179175932,0.0 -49.7394019763543,-26.8087042963699,0.0 -49.739246808083,-26.8088167697686,0.0 -49.7390604709127,-26.8089553376623,0.0 -49.7388329120935,-26.8091196978917,0.0 -49.7386053525831,-26.8092840576759,0.0 -49.7383881820112,-26.8094397188434,0.0 -49.7382018426671,-26.8095782853569,0.0 -49.7380466718949,-26.8096907571523,0.0 -49.7379226699047,-26.8097771343563,0.0 -49.7378298368614,-26.8098374170698,0.0 -49.737757108834,-26.8098983038945,0.0 -49.7376951076293,-26.8099414923592,0.0 -49.7376431589421,-26.8099849828915,0.0 -49.737580820462,-26.8100371714988,0.0 -49.7375288716822,-26.8100806619786,0.0 -49.7374665330908,-26.8101328505227,0.0 -49.7374041944389,-26.8101850390324,0.0 -49.7373415185241,-26.8102462277081,0.0 -49.7372687899427,-26.8103071142183,0.0 -49.7371957240634,-26.8103770008801,0.0 -49.7371229953106,-26.8104378872955,0.0 -49.7370506037043,-26.8104897734675,0.0 -49.7369879274079,-26.8105509619429,0.0 -49.7369356408993,-26.8106034523441,0.0 -49.7368736389602,-26.8106466403644,0.0 -49.7368213523486,-26.8106991307115,0.0 -49.7367794555712,-26.8107429230096,0.0 -49.7367271688653,-26.8107954133112,0.0 -49.7366748821077,-26.8108479035873,0.0 -49.7366222580296,-26.8109093940295,0.0 -49.7365488540373,-26.8109882804517,0.0 -49.7364754499354,-26.8110671668232,0.0 -49.7363913184769,-26.8111637513201,0.0 -49.7363068495647,-26.8112693359363,0.0 -49.7362123277965,-26.8113746182674,0.0 -49.7361178058395,-26.8114799005137,0.0 -49.7360336737217,-26.8115764847226,0.0 -49.7359602688244,-26.8116553707359,0.0 -49.7358972538714,-26.8117255587588,0.0 -49.7358442915552,-26.8117960489902,0.0 -49.7358020565898,-26.8118488410832,0.0 -49.7357594842298,-26.8119106333383,0.0 -49.735726964555,-26.8119727278313,0.0 -49.7356843920982,-26.8120345200528,0.0 -49.7356515349742,-26.8121056146969,0.0 -49.7356183404361,-26.8121857095058,0.0 -49.735574418338,-26.8122835023854,0.0 -49.7355301587754,-26.8123902954181,0.0 -49.7354855617333,-26.8125060886018,0.0 -49.7354309117907,-26.812621579476,0.0 -49.73537626172,-26.8127370703148,0.0 -49.7353320017329,-26.8128438632379,0.0 -49.7352981318724,-26.8129419582599,0.0 -49.7352548839285,-26.8130217506213,0.0 -49.7352320789944,-26.8130931473963,0.0 -49.7351995585999,-26.8131552416869,0.0 -49.7351770910089,-26.8132176382734,0.0 -49.735164676238,-26.813280337163,0.0 -49.7351422085932,-26.8133427337382,0.0 -49.7351301312025,-26.8133964324493,0.0 -49.7351080009323,-26.8134498288431,0.0 -49.7350959235066,-26.8135035275476,0.0 -49.7350838460659,-26.8135572262495,0.0 -49.7350717686101,-26.8136109249486,0.0 -49.735049638256,-26.8136643213241,0.0 -49.7350378982003,-26.8137090198475,0.0 -49.7350258206962,-26.8137627185374,0.0 -49.7350137431768,-26.8138164172246,0.0 -49.7350016656424,-26.8138701159092,0.0 -49.7349895880929,-26.8139238145911,0.0 -49.7349775105283,-26.8139775132704,0.0 -49.7349657703938,-26.8140222117792,0.0 -49.7349644206118,-26.8140582124501,0.0 -49.734963070827,-26.8140942131208,0.0 -49.7349717739636,-26.8141305161232,0.0 -49.7349603712501,-26.8141662144613,0.0 -49.734959021458,-26.8142022151311,0.0 -49.7349372283462,-26.8142466112989,0.0 -49.7349154352148,-26.814291007461,0.0 -49.734893642064,-26.8143354036174,0.0 -49.7348611210308,-26.8143974977589,0.0 -49.7348389903709,-26.8144508940675,0.0 -49.7348161847582,-26.8145222907006,0.0 -49.7347930416432,-26.814602687491,0.0 -49.7347591705728,-26.8147007822502,0.0 -49.7347239495281,-26.814834877649,0.0 -49.7346870409705,-26.8150139738436,0.0 -49.734628338777,-26.8152374660909,0.0 -49.7345686237952,-26.8154879587652,0.0 -49.7345082334566,-26.8157564516973,0.0 -49.7344384646834,-26.8160066418559,0.0 -49.7343898143103,-26.8162304362544,0.0 -49.7343428513298,-26.8164092298217,0.0 -49.7343076289705,-26.8165433249733,0.0 -49.7342838098015,-26.8166417218862,0.0 -49.7342606656597,-26.8167221184771,0.0 -49.7342381965633,-26.8167845147483,0.0 -49.7342157274372,-26.8168469110127,0.0 -49.7341939333782,-26.8168913069601,0.0 -49.7341721392996,-26.8169357029019,0.0 -49.7341503452014,-26.8169800988382,0.0 -49.7341292261937,-26.8170064944606,0.0 -49.7341181603518,-26.8170331925013,0.0 -49.7341070945038,-26.8170598905403,0.0 -49.7340863130281,-26.8170772859997,0.0 -49.7340755847273,-26.8170949838813,0.0 -49.7340645188612,-26.817121681915,0.0 -49.7340430622389,-26.8171570776718,0.0 -49.7340216056014,-26.8171924734236,0.0 -49.7340001489492,-26.8172278691705,0.0 -49.7339790298524,-26.8172542647603,0.0 -49.7339478575474,-26.8172803579095,0.0 -49.7339267384268,-26.8173067534888,0.0 -49.7339062944502,-26.8173151487616,0.0 -49.7338855128913,-26.8173325441819,0.0 -49.733855015704,-26.8173406370042,0.0 -49.7338342341321,-26.8173580324155,0.0 -49.733803061762,-26.8173841255252,0.0 -49.7337718893766,-26.8174102186263,0.0 -49.733740716976,-26.8174363117189,0.0 -49.7337092069654,-26.8174714049514,0.0 -49.7336884253447,-26.8174888003356,0.0 -49.7336673061183,-26.8175151958642,0.0 -49.7336565777013,-26.8175328937008,0.0 -49.7336461868815,-26.8175415913883,0.0 -49.7336254052366,-26.8175589867605,0.0 -49.7336046235852,-26.817576382129,0.0 -49.7335835043201,-26.8176027776405,0.0 -49.7335519942077,-26.8176378708264,0.0 -49.7335208216868,-26.8176639638566,0.0 -49.733479258302,-26.8176987545503,0.0 -49.7334376948904,-26.8177335452286,0.0 -49.7333860782126,-26.8177680334106,0.0 -49.7333244082601,-26.8178022190841,0.0 -49.7332630759046,-26.8178274045834,0.0 -49.7332014058807,-26.8178615901949,0.0 -49.7331400734639,-26.817886775634,0.0 -49.7330686877686,-26.8179116585382,0.0 -49.732997639699,-26.8179275412629,0.0 -49.7329061474377,-26.8179518190556,0.0 -49.7328143174636,-26.817985096922,0.0 -49.7327027185984,-26.8180087695232,0.0 -49.7325706754728,-26.8180408370836,0.0 -49.7324282413035,-26.8180816020934,0.0 -49.7322757537629,-26.8181220643847,0.0 -49.7321336571114,-26.8181538289441,0.0 -49.7320116669237,-26.8181861985187,0.0 -49.7318997299399,-26.8182188705714,0.0 -49.7317981839251,-26.8182428450017,0.0 -49.7317167444236,-26.8182674245646,0.0 -49.7316353048862,-26.8182920040764,0.0 -49.7315639185953,-26.8183168861534,0.0 -49.7314921944896,-26.8183507683122,0.0 -49.7314208081286,-26.8183756503089,0.0 -49.7313591372309,-26.8184098350173,0.0 -49.7312870752011,-26.8184527171771,0.0 -49.7312250664121,-26.8184959019355,0.0 -49.7311530042728,-26.8185387840145,0.0 -49.7310698753133,-26.8186083637461,0.0 -49.7309559106482,-26.8186950356622,0.0 -49.7307896521247,-26.8188341947754,0.0 -49.7305613838167,-26.8190165380464,0.0 -49.7302603759897,-26.8192597626023,0.0 -49.7299074102644,-26.8195464731535,0.0 -49.7295440512874,-26.8198418799306,0.0 -49.729201135175,-26.820128891057,0.0 -49.7289001211549,-26.8203721120071,0.0 -49.7286718463782,-26.820554451486,0.0 -49.7285055820162,-26.820693607244,0.0 -49.7283916130803,-26.8207802766036,0.0 -49.7282984271007,-26.8208495514355,0.0 -49.7282360776628,-26.8209017346684,0.0 -49.7281636746595,-26.8209536149841,0.0 -49.7280808799862,-26.8210141924438,0.0 -49.7279776400892,-26.8210831641276,0.0 -49.727843563272,-26.8211692271514,0.0 -49.7276679196115,-26.8212900786365,0.0 -49.7274409933998,-26.8214364153837,0.0 -49.7271929449522,-26.8216091459828,0.0 -49.7269247885646,-26.821781270099,0.0 -49.7266666849174,-26.8219536966087,0.0 -49.7264397559717,-26.8221000314352,0.0 -49.726264109241,-26.8222208808243,0.0 -49.7261300296636,-26.8223069419064,0.0 -49.7260368409226,-26.8223762149308,0.0 -49.7259543822528,-26.8224277908324,0.0 -49.7258920307709,-26.822479972797,0.0 -49.7258300175194,-26.8225231546775,0.0 -49.725777719563,-26.8225756396427,0.0 -49.7257257598557,-26.8226191245343,0.0 -49.7256634081514,-26.8226713063726,0.0 -49.7256007180739,-26.8227324882233,0.0 -49.7255380279244,-26.8227936700378,0.0 -49.7254753377026,-26.8228548518163,0.0 -49.7254025937388,-26.8229157304608,0.0 -49.7253298496921,-26.8229766090581,0.0 -49.7252671592434,-26.8230377907184,0.0 -49.7252044687225,-26.8230989723425,0.0 -49.7251521701742,-26.8231514570086,0.0 -49.7250901562393,-26.8231946384861,0.0 -49.7250378575879,-26.8232471230979,0.0 -49.7249855588849,-26.8232996076845,0.0 -49.7249131527158,-26.8233514859724,0.0 -49.7248303543828,-26.8234120611086,0.0 -49.7247160412326,-26.823507726873,0.0 -49.7245397134631,-26.8236465737027,0.0 -49.7243010321933,-26.8238376013437,0.0 -49.7239795507448,-26.8240892030079,0.0 -49.7236161601671,-26.8243845909246,0.0 -49.7232323214248,-26.8246883711561,0.0 -49.7228588729233,-26.824983453385,0.0 -49.7225373846814,-26.82523505099,0.0 -49.7222986963313,-26.8254260744379,0.0 -49.7221223623002,-26.8255649175336,0.0 -49.7220083830869,-26.825651580568,0.0 -49.7219255813564,-26.825712153613,0.0 -49.7218635646608,-26.825755333358,0.0 -49.7218022252302,-26.8257805130738,0.0 -49.7217509396859,-26.8258059961463,0.0 -49.7216996541181,-26.8258314791974,0.0 -49.721668815032,-26.8258485690171,0.0 -49.7216279220173,-26.825865355434,0.0 -49.7216074755053,-26.8258737486373,0.0 -49.7215863516385,-26.8259001418287,0.0 -49.7215756203626,-26.8259178384205,0.0 -49.7215548351577,-26.8259352316099,0.0 -49.7215337112654,-26.8259616247905,0.0 -49.7215025334324,-26.8259877145612,0.0 -49.7214710168978,-26.8260228043177,0.0 -49.7214398390318,-26.8260488940708,0.0 -49.7213986072137,-26.8260746804019,0.0 -49.7213674293154,-26.8261007701355,0.0 -49.7213466440411,-26.8261181632864,0.0 -49.7213158048184,-26.8261352530133,0.0 -49.7212950195293,-26.826152646155,0.0 -49.7212742342335,-26.8261700392927,0.0 -49.7212433949845,-26.8261871290009,0.0 -49.7212122170159,-26.8262132186922,0.0 -49.7211706463675,-26.8262480049338,0.0 -49.7211294144097,-26.8262737911702,0.0 -49.7210875049897,-26.8263175773709,0.0 -49.7210455955352,-26.8263613635552,0.0 -49.7210033473162,-26.8264141497112,0.0 -49.7209510450843,-26.8264666324005,0.0 -49.7208876726048,-26.82654581157,0.0 -49.7208239612822,-26.8266339906858,0.0 -49.7207394643566,-26.8267395627969,0.0 -49.7206335041935,-26.8268805278205,0.0 -49.7205171509475,-26.8270301892278,0.0 -49.7204007973669,-26.8271798505011,0.0 -49.720284443451,-26.8273295116403,0.0 -49.7201788208781,-26.8274614762065,0.0 -49.7200939838089,-26.8275760477566,0.0 -49.7200202171045,-26.827663922838,0.0 -49.7199568431887,-26.8277431014262,0.0 -49.7199042009369,-26.8278045835663,0.0 -49.7198616127139,-26.827866369221,0.0 -49.71980930919,-26.8279188513399,0.0 -49.7197466126633,-26.8279800298551,0.0 -49.7196835772068,-26.8280502083045,0.0 -49.7195997557111,-26.8281377795322,0.0 -49.7194954869596,-26.8282337435226,0.0 -49.7193700931004,-26.8283561001541,0.0 -49.7192339670102,-26.8284961529792,0.0 -49.719087786404,-26.8286359020287,0.0 -49.7189519985076,-26.828766954537,0.0 -49.7188366575701,-26.8288896141669,0.0 -49.7187320484466,-26.8289945773891,0.0 -49.7186485643715,-26.8290731479197,0.0 -49.7185754733346,-26.8291430220764,0.0 -49.718512775374,-26.8292041998798,0.0 -49.7184601315507,-26.8292656813021,0.0 -49.7184074876658,-26.8293271626977,0.0 -49.7183343962948,-26.8293970366916,0.0 -49.7182395014096,-26.829511303052,0.0 -49.7181033723381,-26.8296513544468,0.0 -49.7179243137066,-26.8298621904644,0.0 -49.7176828944083,-26.8301252035454,0.0 -49.7174096156283,-26.8304323045619,0.0 -49.7171155483803,-26.8307567972129,0.0 -49.716841927176,-26.8310728966882,0.0 -49.7166005023973,-26.8313359072927,0.0 -49.7164217770399,-26.8315377408044,0.0 -49.7162853037621,-26.8316867897985,0.0 -49.7161907437616,-26.8317920543661,0.0 -49.7161273644612,-26.8318712306212,0.0 -49.716074378704,-26.8319417107653,0.0 -49.7160217320801,-26.8320031909588,0.0 -49.7159690853943,-26.8320646711257,0.0 -49.7159157602158,-26.8321441511078,0.0 -49.7158419868069,-26.8322320232414,0.0 -49.7157571411103,-26.8323465912019,0.0 -49.7156511685358,-26.8324875510714,0.0 -49.7155348019231,-26.8326372068486,0.0 -49.7154180957108,-26.8327958624061,0.0 -49.7153017284168,-26.8329455179135,0.0 -49.7152058091482,-26.8330867812256,0.0 -49.7151209620474,-26.833201348644,0.0 -49.7150471872193,-26.8332892202004,0.0 -49.7149938606973,-26.8333686996814,0.0 -49.7149412127162,-26.8334301793174,0.0 -49.7148885646731,-26.8334916589266,0.0 -49.7148459711451,-26.8335534424639,0.0 -49.7147829290751,-26.8336236179707,0.0 -49.7147195475878,-26.8337027933446,0.0 -49.7146353781296,-26.8337993605447,0.0 -49.7145300812511,-26.833922319425,0.0 -49.7143932628128,-26.8340803658297,0.0 -49.7142457105697,-26.8342561078484,0.0 -49.7140981578307,-26.8344318496562,0.0 -49.7139506045963,-26.8346075912535,0.0 -49.7138141238094,-26.8347566370019,0.0 -49.7137084855754,-26.8348885949414,0.0 -49.7136243142341,-26.8349851613238,0.0 -49.7135609310431,-26.8350643359833,0.0 -49.7135082813686,-26.8351258148915,0.0 -49.713465686349,-26.8351875978425,0.0 -49.7134334854578,-26.8352406849594,0.0 -49.713400945072,-26.8353027719524,0.0 -49.7133687441101,-26.8353558590465,0.0 -49.7133362036469,-26.8354179460158,0.0 -49.7133137178852,-26.8354803370562,0.0 -49.7132815168201,-26.8355334241187,0.0 -49.7132489762442,-26.8355955110553,0.0 -49.7132264903851,-26.8356579020708,0.0 -49.7131939497337,-26.8357199889862,0.0 -49.7131617485285,-26.8357730760055,0.0 -49.7131392625723,-26.8358354669963,0.0 -49.713106721808,-26.8358975538788,0.0 -49.7130845752824,-26.8359509449709,0.0 -49.7130620892343,-26.8360133359391,0.0 -49.7130295483628,-26.8360754227917,0.0 -49.7130070622498,-26.836137813744,0.0 -49.7129845761072,-26.8362002046893,0.0 -49.7129617504251,-26.8362715955086,0.0 -49.7129382456824,-26.8363609860816,0.0 -49.7129043465489,-26.8364590724041,0.0 -49.712870107823,-26.8365661585899,0.0 -49.7128355294923,-26.8366822446376,0.0 -49.7128006115433,-26.8368073305455,0.0 -49.7127559781645,-26.8369231124194,0.0 -49.7127217390951,-26.8370301985312,0.0 -49.7126978943757,-26.8371285888932,0.0 -49.712664673803,-26.8372086753463,0.0 -49.7126418476244,-26.8372800660591,0.0 -49.7126193609633,-26.8373424568886,0.0 -49.7125868193632,-26.8374045435575,0.0 -49.7125549568412,-26.8374486304651,0.0 -49.7125230942921,-26.8374927173623,0.0 -49.7124811767951,-26.8375365000864,0.0 -49.7124489746182,-26.8375895868337,0.0 -49.7124067174778,-26.8376423694006,0.0 -49.7123745152289,-26.8376954561227,0.0 -49.7123416337851,-26.837766542577,0.0 -49.7122983577617,-26.8378463247107,0.0 -49.7122537233083,-26.8379621063051,0.0 -49.7121882996166,-26.8380952792352,0.0 -49.7121114623444,-26.8382641473928,0.0 -49.7120339455772,-26.8384510152131,0.0 -49.7119460338689,-26.8386465786115,0.0 -49.711858121809,-26.8388421419154,0.0 -49.7117916780698,-26.8390023141272,0.0 -49.7117259134098,-26.8391444865575,0.0 -49.7116816173244,-26.8392512679649,0.0 -49.7116380004605,-26.8393400496245,0.0 -49.7116051179295,-26.8394111357851,0.0 -49.711582969772,-26.8394645264588,0.0 -49.7115507664977,-26.839517612877,0.0 -49.711528957958,-26.8395620036762,0.0 -49.7114970942989,-26.839606090216,0.0 -49.7114856804961,-26.8396417853986,0.0 -49.7114648909346,-26.8396591766044,0.0 -49.7114538167932,-26.8396858719236,0.0 -49.7114434220063,-26.8396945675238,0.0 -49.7114326875367,-26.8397122629816,0.0 -49.7114222927455,-26.8397209585799,0.0 -49.7114115582694,-26.8397386540354,0.0 -49.7114004841049,-26.8397653493479,0.0 -49.7113790151318,-26.8398007402524,0.0 -49.7113575461438,-26.8398361311519,0.0 -49.7113357374493,-26.8398805219037,0.0 -49.7113239838629,-26.8399252169201,0.0 -49.7113118905699,-26.839978911791,0.0 -49.7112997972619,-26.8400326066591,0.0 -49.7112977590804,-26.8400866057983,0.0 -49.7112856657467,-26.8401403006626,0.0 -49.7112735723979,-26.8401939955241,0.0 -49.7112618187365,-26.8402386905272,0.0 -49.7112400099044,-26.8402830812489,0.0 -49.7112282562154,-26.8403277762461,0.0 -49.7112067870568,-26.8403631671034,0.0 -49.7111953730519,-26.8403988622402,0.0 -49.711184638461,-26.8404165576654,0.0 -49.711173564154,-26.8404432529442,0.0 -49.7111728847288,-26.8404612526533,0.0 -49.7111621501269,-26.8404789480757,0.0 -49.7111514155216,-26.8404966434969,0.0 -49.7111299462992,-26.8405320343355,0.0 -49.7111185322455,-26.8405677294605,0.0 -49.7110967232754,-26.8406121201445,0.0 -49.7110853091997,-26.8406478152644,0.0 -49.7110631604717,-26.8407012057926,0.0 -49.7110514066458,-26.8407459007597,0.0 -49.7110396528081,-26.8407905957246,0.0 -49.7110278989585,-26.8408352906874,0.0 -49.7110265400383,-26.8408712900967,0.0 -49.7110154656341,-26.8408979853521,0.0 -49.7110144464384,-26.8409249849084,0.0 -49.7110137669739,-26.8409429846125,0.0 -49.7110030322909,-26.8409606800137,0.0 -49.7110023528234,-26.8409786797175,0.0 -49.711001333621,-26.841005679273,0.0 -49.7109902591933,-26.8410323745238,0.0 -49.7109889002496,-26.8410683739303,0.0 -49.7109771463352,-26.8411130688818,0.0 -49.7109650526695,-26.8411667636822,0.0 -49.7109429037481,-26.8412201541701,0.0 -49.7109308100474,-26.8412738489637,0.0 -49.7108982660847,-26.8413359349772,0.0 -49.7108754375874,-26.8414073251458,0.0 -49.7108422140378,-26.8414874108364,0.0 -49.7108086506754,-26.8415764963619,0.0 -49.7107643524449,-26.8416832772418,0.0 -49.7107200541167,-26.8417900580967,0.0 -49.7106754159174,-26.8419058387735,0.0 -49.7106210620788,-26.8420123152372,0.0 -49.7105868187608,-26.8421194003577,0.0 -49.7105431996124,-26.8422081814227,0.0 -49.7105099755119,-26.8422882669734,0.0 -49.7104871464915,-26.8423596570209,0.0 -49.7104649970308,-26.8424130473735,0.0 -49.7104536334559,-26.8424634985828,0.0 -49.7104827,-26.8424380992385,0.0 -49.7106625,-26.8422780992385,0.0 -49.7108396,-26.8421167992385,0.0 -49.7110136,-26.8419532992385,0.0 -49.7111843,-26.8417868992385,0.0 -49.7113515,-26.8416166992385,0.0 -49.711515,-26.8414419992385,0.0 -49.7116744,-26.8412618992385,0.0 -49.7117917679714,-26.8411209971349,0.0</coordinates>
</LinearRing>
</outerBoundaryIs>
</Polygon>
<Polygon>
<extrude>0</extrude>
<tessellate>1</tessellate>
<outerBoundaryIs>
<LinearRing>
<coordinates>-49.709496322931,-26.8432734657242,0.0 -49.7094861468417,-26.8432754180985,0.0 -49.7094452453913,-26.8432922000157,0.0 -49.7094147392421,-26.8433002865298,0.0 -49.7093741776687,-26.8433080685944,0.0 -49.7093433316107,-26.8433251549215,0.0 -49.7093027700232,-26.843332936964,0.0 -49.7092518131006,-26.843349414371,0.0 -49.7092008561628,-26.843365891758,0.0 -49.70914989921,-26.8433823691248,0.0 -49.7090885468943,-26.8434075418343,0.0 -49.7090372499804,-26.843433018982,0.0 -49.7089755576801,-26.8434671914612,0.0 -49.7089038099056,-26.8435010594313,0.0 -49.7088317221437,-26.843543927183,0.0 -49.7087492389322,-26.8435954902237,0.0 -49.7086560202772,-26.8436647483524,0.0 -49.7085426905923,-26.8437333973952,0.0 -49.7084290207856,-26.8438110461487,0.0 -49.7083052953479,-26.8438883902679,0.0 -49.7081815697341,-26.8439657342586,0.0 -49.7080678994256,-26.8440433826638,0.0 -49.7079750199679,-26.8441036404361,0.0 -49.707892535925,-26.8441552028814,0.0 -49.7078204473314,-26.8441980700214,0.0 -49.7077483586811,-26.8442409371181,0.0 -49.70768666552,-26.8442751089356,0.0 -49.70762531237,-26.8443002809139,0.0 -49.7075636191371,-26.8443344526694,0.0 -49.7074922104187,-26.8443593200008,0.0 -49.7074308571777,-26.8443844918842,0.0 -49.7073594483973,-26.8444093591415,0.0 -49.7072779840715,-26.8444339217567,0.0 -49.7072062351397,-26.8444677887319,0.0 -49.7071348262553,-26.8444926558638,0.0 -49.7070530217205,-26.8445262181377,0.0 -49.706981612764,-26.8445510851839,0.0 -49.7069102037755,-26.8445759521904,0.0 -49.7068488502818,-26.8446011237922,0.0 -49.7067771011097,-26.8446349905219,0.0 -49.7067157475528,-26.8446601620587,0.0 -49.7066540538357,-26.8446943333613,0.0 -49.7066024156173,-26.8447288092865,0.0 -49.7065403816834,-26.8447719803258,0.0 -49.7064783477001,-26.844815151332,0.0 -49.7064159735137,-26.8448673220982,0.0 -49.7063432035529,-26.8449281879484,0.0 -49.7062704335092,-26.8449890537517,0.0 -49.7061872676439,-26.8450586146121,0.0 -49.7061041016706,-26.8451281754113,0.0 -49.7060209355893,-26.845197736149,0.0 -49.7059381095974,-26.8452582970386,0.0 -49.7058753946873,-26.8453194672924,0.0 -49.7058130199138,-26.8453716377248,0.0 -49.7057506450796,-26.8454238081227,0.0 -49.7056986660046,-26.845467283428,0.0 -49.7056466868875,-26.8455107587093,0.0 -49.7056047633356,-26.8455545386995,0.0 -49.7055628397487,-26.8455983186733,0.0 -49.7055209161274,-26.8456420986305,0.0 -49.7054890480897,-26.8456861833139,0.0 -49.7054575202671,-26.8457212682064,0.0 -49.7054259924234,-26.8457563530896,0.0 -49.7053944645587,-26.8457914379632,0.0 -49.7053632769238,-26.8458175230483,0.0 -49.7053418046528,-26.845852912658,0.0 -49.7053102767309,-26.8458879975064,0.0 -49.7052787487882,-26.8459230823451,0.0 -49.7052368249191,-26.8459668621899,0.0 -49.7052049566618,-26.846010946784,0.0 -49.7051730883774,-26.8460550313678,0.0 -49.7051509354478,-26.8461084204882,0.0 -49.7051287824937,-26.8461618096024,0.0 -49.7051069697922,-26.8462061989348,0.0 -49.7050948724596,-26.8462598928131,0.0 -49.7050827751119,-26.8463135866887,0.0 -49.7050706777491,-26.8463672805617,0.0 -49.7050589206549,-26.8464119746572,0.0 -49.705057219234,-26.8464569735312,0.0 -49.70504546212,-26.8465016676235,0.0 -49.7050337049942,-26.8465463617133,0.0 -49.7050216075672,-26.8466000555751,0.0 -49.7050098504158,-26.8466447496604,0.0 -49.7050078086667,-26.846698748304,0.0 -49.7049957112005,-26.8467524421594,0.0 -49.704993669435,-26.8468064408012,0.0 -49.7049916276638,-26.8468604394426,0.0 -49.7049999819079,-26.8469057430996,0.0 -49.705008336156,-26.8469510467567,0.0 -49.705016690408,-26.8469963504139,0.0 -49.7050253849598,-26.8470326542976,0.0 -49.7050344198106,-26.8470599584075,0.0 -49.7050437949597,-26.8470782627433,0.0 -49.7050431143699,-26.847096262291,0.0 -49.7050528298169,-26.8471055668528,0.0 -49.7050521492278,-26.8471235664006,0.0 -49.7050615243833,-26.8471418707362,0.0 -49.7050705592476,-26.8471691748456,0.0 -49.7050792538215,-26.8472054787288,0.0 -49.7050980041537,-26.8472420873985,0.0 -49.7051164142041,-26.8472876958413,0.0 -49.7051348242666,-26.8473333042833,0.0 -49.7051629498179,-26.8473882172826,0.0 -49.7051914156811,-26.8474341305039,0.0 -49.7052198815642,-26.8474800437222,0.0 -49.7052480071823,-26.8475349567128,0.0 -49.7052664173228,-26.8475805651477,0.0 -49.7052948832641,-26.847626478358,0.0 -49.7053034859678,-26.8476403537972,0.0 -49.7053027,-26.8475929992384,0.0 -49.705303,-26.8475430992384,0.0 -49.7053043,-26.8474913992384,0.0 -49.7053068,-26.8474380992384,0.0 -49.7053104,-26.8473835992384,0.0 -49.7053152,-26.8473281992384,0.0 -49.7053211,-26.8472722992384,0.0 -49.7053282,-26.8472161992384,0.0 -49.7053366,-26.8471602992384,0.0 -49.7053462,-26.8471048992384,0.0 -49.7053572,-26.8470500992384,0.0 -49.7053697,-26.8469959992384,0.0 -49.705384,-26.8469419992384,0.0 -49.7054004,-26.8468877992384,0.0 -49.7054192,-26.8468331992384,0.0 -49.7054406,-26.8467777992384,0.0 -49.7054649,-26.8467212992384,0.0 -49.7054923,-26.8466633992384,0.0 -49.7055231,-26.8466036992384,0.0 -49.7055576,-26.8465421992384,0.0 -49.705596,-26.8464787992384,0.0 -49.7056385,-26.8464135992384,0.0 -49.7056854,-26.8463463992384,0.0 -49.7057368,-26.8462771992384,0.0 -49.7057931,-26.8462059992384,0.0 -49.7058545,-26.8461326992384,0.0 -49.7059212,-26.8460572992384,0.0 -49.7059937,-26.8459795992384,0.0 -49.7060726,-26.8458995992384,0.0 -49.7061583,-26.8458171992384,0.0 -49.7062514,-26.8457322992384,0.0 -49.7063524,-26.8456446992384,0.0 -49.7064618,-26.8455543992384,0.0 -49.7065801,-26.8454611992384,0.0 -49.7067075,-26.8453651992384,0.0 -49.7068431,-26.8452663992384,0.0 -49.7069854,-26.8451649992384,0.0 -49.7075965,-26.8447379992384,0.0 -49.707753,-26.8446268992384,0.0 -49.7079088,-26.8445142992384,0.0 -49.7080643,-26.8443997992385,0.0 -49.7082201,-26.8442831992385,0.0 -49.7083771,-26.8441636992385,0.0 -49.708536,-26.8440410992385,0.0 -49.7086976,-26.8439148992385,0.0 -49.7088626,-26.8437844992385,0.0 -49.7090319,-26.8436495992385,0.0 -49.7092057,-26.8435098992385,0.0 -49.7093836,-26.8433656992385,0.0 -49.709496322931,-26.8432734657242,0.0</coordinates>
</LinearRing>
</outerBoundaryIs>
</Polygon>
<Polygon>
<extrude>0</extrude>
<tessellate>1</tessellate>
<outerBoundaryIs>
<LinearRing>
<coordinates>-49.6206708745836,-26.7798371525327,0.0 -49.6289188190199,-26.7819587240046,0.0 -49.6287926,-26.7818646992397,0.0 -49.6286897,-26.7816809992397,0.0 -49.6286529,-26.7814972992397,0.0 -49.628675,-26.7812326992397,0.0 -49.6287191,-26.7810047992397,0.0 -49.628697,-26.7807548992397,0.0 -49.6285905,-26.7805932992397,0.0 -49.6281936,-26.7802955992397,0.0 -49.6278408,-26.7801228992397,0.0 -49.627319,-26.7800456992397,0.0 -49.6269552,-26.7801485992397,0.0 -49.62666,-26.7802185992397,0.0 -49.6263251,-26.7802525992397,0.0 -49.6259641,-26.7801452992397,0.0 -49.6258086,-26.7799629992397,0.0 -49.6256432,-26.7796983992397,0.0 -49.6254301,-26.7794595992397,0.0 -49.6253198,-26.7792537992397,0.0 -49.6252169,-26.7790148992397,0.0 -49.6251251,-26.7787943992397,0.0 -49.6250479,-26.7785224992397,0.0 -49.6249854,-26.7781843992397,0.0 -49.6249744,-26.7778278992397,0.0 -49.6249156,-26.7775118992397,0.0 -49.6249156,-26.7772288992398,0.0 -49.6249009,-26.7770120992398,0.0 -49.6248756,-26.7768358992398,0.0 -49.624805,-26.7764545992398,0.0 -49.6246854,-26.7762013992398,0.0 -49.6245415,-26.7759964992398,0.0 -49.6241685,-26.7759482992398,0.0 -49.6236924,-26.7760565992398,0.0 -49.6236307,-26.7762361992398,0.0 -49.6236876,-26.7764260992398,0.0 -49.6237175,-26.7765589992398,0.0 -49.6236625,-26.7768797992398,0.0 -49.6236845,-26.7771811992398,0.0 -49.6237433,-26.7773721992398,0.0 -49.6238756,-26.7776588992397,0.0 -49.6240006,-26.7780410992397,0.0 -49.62403,-26.7780998992397,0.0 -49.6240825,-26.7784537992397,0.0 -49.624135,-26.7787171992397,0.0 -49.6241696,-26.7792537992397,0.0 -49.6241476,-26.7795624992397,0.0 -49.62403,-26.7797828992397,0.0 -49.6239344,-26.7798490992397,0.0 -49.6237522,-26.7798591992397,0.0 -49.6235522,-26.7798312992397,0.0 -49.6231984,-26.7797019992397,0.0 -49.6229759,-26.7796608992397,0.0 -49.622728,-26.7798362992397,0.0 -49.6224645,-26.7800989992397,0.0 -49.6222366,-26.7800989992397,0.0 -49.621928,-26.7799151992397,0.0 -49.621656,-26.7796579992397,0.0 -49.6213326,-26.7795918992397,0.0 -49.621068,-26.7796212992397,0.0 -49.6208108,-26.7797240992397,0.0 -49.6206708745836,-26.7798371525327,0.0</coordinates>
</LinearRing>
</outerBoundaryIs>
</Polygon>
<Polygon>
<extrude>0</extrude>
<tessellate>1</tessellate>
<outerBoundaryIs>
<LinearRing>
<coordinates>-49.6305833570426,-26.7823868835795,0.0 -49.6329161974725,-26.7829869467519,0.0 -49.6344877238937,-26.781329078858,0.0 -49.6344371,-26.7813153992397,0.0 -49.6341873,-26.7812344992397,0.0 -49.6338051,-26.7811536992397,0.0 -49.6336654,-26.7811536992397,0.0 -49.6335111,-26.7812124992397,0.0 -49.6333347,-26.7814108992397,0.0 -49.6330848,-26.7815872992397,0.0 -49.63271,-26.7817048992397,0.0 -49.6324013,-26.7818959992397,0.0 -49.6323391,-26.7819452992397,0.0 -49.6321881,-26.7820649992397,0.0 -49.6320926,-26.7822560992397,0.0 -49.631997,-26.7823736992397,0.0 -49.63185,-26.7824251992397,0.0 -49.6316369,-26.7824545992397,0.0 -49.6313172,-26.7824600992397,0.0 -49.631014,-26.7823203992397,0.0 -49.630799,-26.7822983992397,0.0 -49.6305833570426,-26.7823868835795,0.0</coordinates>
</LinearRing>
</outerBoundaryIs>
</Polygon>
<Polygon>
<extrude>0</extrude>
<tessellate>1</tessellate>
<outerBoundaryIs>
<LinearRing>
<coordinates>-49.6457427844177,-26.7694489219401,0.0 -49.6513278295045,-26.7635145367443,0.0 -49.6514292423848,-26.7630600490185,0.0 -49.6514094,-26.76305319924,0.0 -49.651233,-26.76305499924,0.0 -49.6510695,-26.76311379924,0.0 -49.6509978,-26.76315979924,0.0 -49.6504503,-26.76328469924,0.0 -49.6499395,-26.76339129924,0.0 -49.6496492,-26.76342439924,0.0 -49.6493037,-26.76325899924,0.0 -49.6489363,-26.76295769924,0.0 -49.6487415,-26.76274449924,0.0 -49.6485247,-26.76266369924,0.0 -49.6484181,-26.76267099924,0.0 -49.6481982,-26.76269109924,0.0 -49.6479347,-26.76298769924,0.0 -49.6478191,-26.76329209924,0.0 -49.6477787,-26.76343539924,0.0 -49.6476978,-26.76358239924,0.0 -49.6475325,-26.76372199924,0.0 -49.6474894,-26.76373389924,0.0 -49.6473597,-26.76376979924,0.0 -49.6471613,-26.76390579924,0.0 -49.6470584,-26.76408579924,0.0 -49.6470053,-26.76423659924,0.0 -49.6468306,-26.76473259924,0.0 -49.6466468,-26.76533529924,0.0 -49.646441,-26.76584979924,0.0 -49.6462867,-26.76619519924,0.0 -49.6460442,-26.76650389924,0.0 -49.6459413,-26.76681989924,0.0 -49.6459224,-26.76692479924,0.0 -49.6458751,-26.76718739924,0.0 -49.6458531,-26.7675621992399,0.0 -49.6459339,-26.7679002992399,0.0 -49.6460368,-26.7680509992399,0.0 -49.6462389,-26.7682383992399,0.0 -49.6462867,-26.7684368992399,0.0 -49.6462426,-26.7686462992399,0.0 -49.646114,-26.7688300992399,0.0 -49.6459817,-26.7690211992399,0.0 -49.6458494,-26.7691570992399,0.0 -49.6457869,-26.7692599992399,0.0 -49.6457391,-26.7694106992399,0.0 -49.6457427844177,-26.7694489219401,0.0</coordinates>
</LinearRing>
</outerBoundaryIs>
</Polygon>
<Polygon>
<extrude>0</extrude>
<tessellate>1</tessellate>
<outerBoundaryIs>
<LinearRing>
<coordinates>-49.6530579482746,-26.755760908773,0.0 -49.6533122185041,-26.7546213819397,0.0 -49.6528793,-26.7548405992402,0.0 -49.6527947,-26.7549864992402,0.0 -49.6529676,-26.7555968992402,0.0 -49.6530579482746,-26.755760908773,0.0</coordinates>
</LinearRing>
</outerBoundaryIs>
</Polygon>
</MultiGeometry>
</MultiGeometry>
</Placemark>
<Placemark id="13. Referência">
<name>TI - Barragem Norte [50769]</name>
<visibility>0</visibility>
<snippet> </snippet>
<description>&lt;center&gt;&lt;table&gt;&lt;tr&gt;&lt;th colspan='2' align='center'&gt;&lt;em&gt;Attributes&lt;/em&gt;&lt;/th&gt;&lt;/tr&gt;&lt;tr bgcolor="#E3E3F3"&gt;
&lt;th&gt;COD_TI&lt;/th&gt;
&lt;td&gt;50769&lt;/td&gt;
&lt;/tr&gt;&lt;tr bgcolor=""&gt;
&lt;th&gt;NOM_TI&lt;/th&gt;
&lt;td&gt;Barragem Norte&lt;/td&gt;
&lt;/tr&gt;&lt;/table&gt;&lt;/center&gt;</description>
<Style>
<IconStyle>
<scale>0.7</scale>
</IconStyle>
<LabelStyle>
<scale>0.7</scale>
</LabelStyle>
<LineStyle>
<color>ff00aaaa</color>
<width>3</width>
<gx:labelVisibility>1</gx:labelVisibility>
</LineStyle>
<PolyStyle>
<color>3300aaaa</color>
</PolyStyle>
</Style>
<ExtendedData>
<SchemaData schemaUrl="#kml_schema_ft_Terra_Indígena">
<SimpleData name="COD_TI">50769</SimpleData>
<SimpleData name="NOM_TI">Barragem Norte</SimpleData>
</SchemaData>
</ExtendedData>
<Polygon>
<extrude>0</extrude>
<tessellate>1</tessellate>
<outerBoundaryIs>
<LinearRing>
<coordinates>-49.7328906494521,-26.8707930009271,0.0 -49.7328694,-26.8707668992379,0.0 -49.7327858,-26.8706280992379,0.0 -49.7326788996198,-26.8704493917545,0.0 -49.732594486,-26.8703083072378,0.0 -49.7324861619999,-26.8701893732378,0.0 -49.732375431,-26.8700904432379,0.0 -49.732274187,-26.8699739472378,0.0 -49.732256278,-26.8699590382379,0.0 -49.7322425097978,-26.8699562971037,0.0 -49.7322415,-26.869956099238,0.0 -49.7322114,-26.8699532992379,0.0 -49.7321716,-26.869953199238,0.0 -49.7321516,-26.869959199238,0.0 -49.7314247,-26.869334199238,0.0 -49.7207139,-26.8601240992381,0.0 -49.7190539112998,-26.8586967089547,0.0 -49.7087337693839,-26.8672372318152,0.0 -49.70711,-26.868580999238,0.0 -49.705665,-26.868576999238,0.0 -49.7056649999743,-26.8685769984278,0.0 -49.705599760209,-26.8741460687224,0.0 -49.705588437,-26.8751126532378,0.0 -49.7056240949999,-26.8752051852378,0.0 -49.7055675599999,-26.8754510622378,0.0 -49.705496829,-26.8757068082378,0.0 -49.7054870099999,-26.8759519742378,0.0 -49.70550019,-26.8760807352377,0.0 -49.7055242159999,-26.8762125662378,0.0 -49.7056075519999,-26.8764402142377,0.0 -49.705729334,-26.8766092672378,0.0 -49.7058517179999,-26.8768105422378,0.0 -49.7059152199999,-26.8769385452378,0.0 -49.705964045,-26.8770506522377,0.0 -49.705966089,-26.8771602362376,0.0 -49.705956504,-26.8772248572378,0.0 -49.7059258359998,-26.8773155902378,0.0 -49.7058248479999,-26.8774911962378,0.0 -49.705710503,-26.8777218082377,0.0 -49.7056549169999,-26.8778258092376,0.0 -49.7056275419998,-26.8779003692378,0.0 -49.705624675,-26.8779391062378,0.0 -49.7056255109998,-26.8779842242378,0.0 -49.7056303030001,-26.8780486322377,0.0 -49.705721727,-26.8783245262378,0.0 -49.705825422,-26.8784873902377,0.0 -49.7058860489999,-26.8786541292378,0.0 -49.70595872,-26.8788883882376,0.0 -49.706062973,-26.8792737112376,0.0 -49.7061082709998,-26.8795825282377,0.0 -49.706162789,-26.8798073952376,0.0 -49.7061718399999,-26.8799071932376,0.0 -49.7061484769999,-26.8800042672376,0.0 -49.7061068519999,-26.8800854842376,0.0 -49.706060004289,-26.8801473538529,0.0 -49.706040182,-26.8801735322376,0.0 -49.705999264,-26.8802934302376,0.0 -49.70598999,-26.8803741662377,0.0 -49.705991605,-26.8804611962376,0.0 -49.706014734,-26.8805446672377,0.0 -49.706041095,-26.8806087502377,0.0 -49.7061258029999,-26.8807171042377,0.0 -49.70617834932,-26.8808258074354,0.0 -49.7062155399999,-26.8809027442377,0.0 -49.7062827569999,-26.8810371452377,0.0 -49.7062853488624,-26.8810441983244,0.0 -49.7063357779999,-26.8811814282377,0.0 -49.706364364,-26.8813647652376,0.0 -49.706396364,-26.8815383852376,0.0 -49.7064307489999,-26.8816474782377,0.0 -49.70646538,-26.8817694752375,0.0 -49.70653182,-26.8820554122376,0.0 -49.706550819,-26.8821099312375,0.0 -49.706624327,-26.8821958772376,0.0 -49.7066972890001,-26.8822528212376,0.0 -49.7068885741831,-26.8823417742546,0.0 -49.7070349759999,-26.8824098552377,0.0 -49.7070860489999,-26.8824493852377,0.0 -49.7071085159999,-26.8824974082375,0.0 -49.7071055749999,-26.8825329222375,0.0 -49.7070832091226,-26.8828841925879,0.0 -49.707077528,-26.8829734182376,0.0 -49.7071396210001,-26.8830256772376,0.0 -49.707196586,-26.8830925312377,0.0 -49.707239214,-26.8831612032376,0.0 -49.7073016579999,-26.8833605132375,0.0 -49.7073381339999,-26.8834531082376,0.0 -49.7073506859999,-26.8835480182375,0.0 -49.7073580319999,-26.8836526952376,0.0 -49.707366153,-26.8837025372377,0.0 -49.707386518,-26.8837344722376,0.0 -49.707406593,-26.8837502922375,0.0 -49.707443224,-26.8837868172376,0.0 -49.707479706,-26.8838152902377,0.0 -49.707518259,-26.8838582342376,0.0 -49.7075457279999,-26.8838852242377,0.0 -49.707577145,-26.8839315072375,0.0 -49.707608658,-26.8839826182376,0.0 -49.707638346,-26.8840321432375,0.0 -49.7076639909999,-26.8840575462375,0.0 -49.7076878,-26.8840813702376,0.0 -49.7077208159998,-26.8841163372376,0.0 -49.7077606779999,-26.8841334752375,0.0 -49.7077950369999,-26.8841442432376,0.0 -49.7078492240001,-26.8841579462375,0.0 -49.7079230589999,-26.8841648952376,0.0 -49.7081319449998,-26.8841843272376,0.0 -49.7081843409998,-26.8841980582376,0.0 -49.7082131203617,-26.8842078809653,0.0 -49.708238614,-26.8842165822376,0.0 -49.708314573,-26.8842412362376,0.0 -49.7083527619998,-26.8842648482376,0.0 -49.7083872699998,-26.8842836702375,0.0 -49.70842019,-26.8843138062376,0.0 -49.7084385809999,-26.8843361012376,0.0 -49.7084514990001,-26.8843536322375,0.0 -49.7084773159999,-26.8843887142375,0.0 -49.7085013399999,-26.8844238162376,0.0 -49.7085236849998,-26.8844498742376,0.0 -49.708532782,-26.8844555632375,0.0 -49.708554358,-26.8844713782375,0.0 -49.70858881,-26.8844869852376,0.0 -49.7086558109999,-26.8845133802376,0.0 -49.708672314,-26.8845308642375,0.0 -49.7087458519998,-26.8846507342376,0.0 -49.7087517919999,-26.8846763002377,0.0 -49.7087522159998,-26.8846919862375,0.0 -49.7087368570001,-26.8847156392376,0.0 -49.708724867,-26.8847600602377,0.0 -49.7087212459999,-26.8848130212375,0.0 -49.708713444,-26.8848621592376,0.0 -49.7086864509998,-26.8849003052376,0.0 -49.708639978,-26.8849349712375,0.0 -49.7085417959999,-26.8849512422375,0.0 -49.7084965619998,-26.8849596162375,0.0 -49.708413709,-26.8849768852375,0.0 -49.708376016,-26.8849858002376,0.0 -49.708340761,-26.8849949182376,0.0 -49.7083079069999,-26.8850042492376,0.0 -49.7082774159998,-26.8850138052376,0.0 -49.708249225,-26.8850236072376,0.0 -49.7082231749998,-26.8850337162375,0.0 -49.70819908,-26.8850442012376,0.0 -49.7081767559998,-26.8850551352376,0.0 -49.708156017,-26.8850665892376,0.0 -49.708136678,-26.8850786322376,0.0 -49.7081185530001,-26.8850913352376,0.0 -49.7081014610001,-26.8851047702375,0.0 -49.708085238,-26.8851190182375,0.0 -49.708069838,-26.8851341992376,0.0 -49.708055235,-26.8851504422375,0.0 -49.7080414050001,-26.8851678812376,0.0 -49.7080283250001,-26.8851866442376,0.0 -49.7080159709999,-26.8852068622376,0.0 -49.7080043199999,-26.8852286672376,0.0 -49.7079933479999,-26.8852521872376,0.0 -49.7079830329999,-26.8852775622375,0.0 -49.707973365,-26.8853049402376,0.0 -49.7079643379999,-26.8853344772375,0.0 -49.7079559439998,-26.8853663302375,0.0 -49.7079481759998,-26.8854006562375,0.0 -49.7079410269999,-26.8854376112376,0.0 -49.7079344889999,-26.8854773502376,0.0 -49.7079163779999,-26.8856276342375,0.0 -49.7079064349999,-26.8857154892375,0.0 -49.70789933,-26.8857677902376,0.0 -49.707890779,-26.8858203182375,0.0 -49.7078803709998,-26.8858724972376,0.0 -49.707867698,-26.8859237542376,0.0 -49.7078524619998,-26.8859735942375,0.0 -49.7078348049999,-26.8860218312376,0.0 -49.7078149779999,-26.8860683652376,0.0 -49.707793235,-26.8861130882375,0.0 -49.707769829,-26.8861558972376,0.0 -49.707745012,-26.8861966892376,0.0 -49.707719039,-26.8862353562376,0.0 -49.707692157,-26.8862717972375,0.0 -49.707664554,-26.8863059872375,0.0 -49.707636118,-26.8863382172375,0.0 -49.707606673,-26.8863688622376,0.0 -49.7075760439999,-26.8863982952376,0.0 -49.707544051,-26.8864268882375,0.0 -49.7075105169999,-26.8864550152376,0.0 -49.7074752640001,-26.8864830492376,0.0 -49.707438114,-26.8865113632375,0.0 -49.7073989319999,-26.8865402382375,0.0 -49.707357749,-26.8865695852376,0.0 -49.7073146380001,-26.8865992202376,0.0 -49.707269673,-26.8866289622376,0.0 -49.707222927,-26.8866586272376,0.0 -49.7071744729999,-26.8866880352375,0.0 -49.707124386,-26.8867170032375,0.0 -49.7070727349999,-26.8867453492376,0.0 -49.707019632,-26.8867728712375,0.0 -49.706965316,-26.8867993012375,0.0 -49.7069100649999,-26.8868243492376,0.0 -49.706854154,-26.8868477252375,0.0 -49.706797862,-26.8868691432375,0.0 -49.706741462,-26.8868883112375,0.0 -49.706685231,-26.8869049432375,0.0 -49.7066294479999,-26.8869187512374,0.0 -49.7065742639999,-26.8869295672375,0.0 -49.7065193469999,-26.8869377172376,0.0 -49.706464241,-26.8869436512375,0.0 -49.706408492,-26.8869478192374,0.0 -49.7063516429999,-26.8869506682375,0.0 -49.7062339889998,-26.8869540592375,0.0 -49.7061303650001,-26.8869570462376,0.0 -49.7059659939999,-26.8869634462376,0.0 -49.705821304,-26.8869716472375,0.0 -49.7057476679999,-26.8869768392374,0.0 -49.7056737569999,-26.8869828272375,0.0 -49.7056000150001,-26.8869896692374,0.0 -49.70552681,-26.8869974102376,0.0 -49.7054542129999,-26.8870060782375,0.0 -49.705382228,-26.8870156982375,0.0 -49.7053108529999,-26.8870262922375,0.0 -49.7052400909999,-26.8870378822374,0.0 -49.7051699419999,-26.8870504922375,0.0 -49.7051004059999,-26.8870641462375,0.0 -49.705031484,-26.8870788662375,0.0 -49.7049632049999,-26.8870946722376,0.0 -49.704895713,-26.8871115752375,0.0 -49.7048291789999,-26.8871295832376,0.0 -49.704763777,-26.8871487032375,0.0 -49.7046996779998,-26.8871689452375,0.0 -49.7046370539999,-26.8871903172376,0.0 -49.7045760770001,-26.8872128242374,0.0 -49.7045169199999,-26.8872364772376,0.0 -49.7044597269999,-26.8872612642374,0.0 -49.70440453,-26.8872870952375,0.0 -49.7043513319999,-26.8873138652374,0.0 -49.704300136,-26.8873414612375,0.0 -49.704250949,-26.8873697792375,0.0 -49.704203773,-26.8873987102374,0.0 -49.704158612,-26.8874281442375,0.0 -49.704115471,-26.8874579752375,0.0 -49.7040742579998,-26.8874881602376,0.0 -49.7040345069999,-26.8875189232374,0.0 -49.7039956589999,-26.8875505542376,0.0 -49.7039571509998,-26.8875833432374,0.0 -49.7039184229998,-26.8876175792376,0.0 -49.703782609,-26.8877445822375,0.0 -49.703674984,-26.8878474962374,0.0 -49.7036039909999,-26.8879169772376,0.0 -49.703552777,-26.8879683262376,0.0 -49.7035009479998,-26.8880213182375,0.0 -49.7034488749999,-26.8880757612376,0.0 -49.7033969259999,-26.8881314652375,0.0 -49.7033454379999,-26.8881882402376,0.0 -49.703294613,-26.8882459272374,0.0 -49.703244615,-26.8883043742376,0.0 -49.7031956119999,-26.8883634262375,0.0 -49.7031477699999,-26.8884229292374,0.0 -49.7031012550001,-26.8884827322374,0.0 -49.703056235,-26.8885426782376,0.0 -49.7030128749999,-26.8886026162375,0.0 -49.7029713040001,-26.8886623432375,0.0 -49.7029314890001,-26.8887214602374,0.0 -49.70289336,-26.8887795192375,0.0 -49.702788386,-26.8889428832375,0.0 -49.7027255409999,-26.8890383042374,0.0 -49.7026960429999,-26.8890807192376,0.0 -49.702667698,-26.8891195052374,0.0 -49.702640398,-26.8891547732376,0.0 -49.702614035,-26.8891866352375,0.0 -49.7025884979999,-26.8892152052375,0.0 -49.702563679,-26.8892405932374,0.0 -49.7025394679999,-26.8892629112375,0.0 -49.7025157579999,-26.8892822732376,0.0 -49.702492439,-26.8892987822375,0.0 -49.7024693969999,-26.8893125152376,0.0 -49.70244652,-26.8893235422374,0.0 -49.702423696,-26.8893319302375,0.0 -49.702400811,-26.8893377512375,0.0 -49.7023693099998,-26.8893413942375,0.0 -49.7023544119999,-26.8893419622374,0.0 -49.70233067,-26.8893404922376,0.0 -49.702306355,-26.8893367002374,0.0 -49.70228105,-26.8893305062375,0.0 -49.7022542719999,-26.8893218032375,0.0 -49.702225542,-26.8893104772375,0.0 -49.7021943799999,-26.8892964202376,0.0 -49.7021603049999,-26.8892795232375,0.0 -49.702122838,-26.8892596762375,0.0 -49.702036021,-26.8892107822375,0.0 -49.7019352689999,-26.8891510062375,0.0 -49.701826899,-26.8890836722376,0.0 -49.7017718989999,-26.8890482382376,0.0 -49.701717443,-26.8890121952375,0.0 -49.7016643479999,-26.8889759692374,0.0 -49.7016132589999,-26.8889399372376,0.0 -49.7015641409999,-26.8889042802376,0.0 -49.7015167919999,-26.8888691212376,0.0 -49.7013409689999,-26.8887360332376,0.0 -49.7012993829999,-26.8887052852374,0.0 -49.7012583849999,-26.8886758072376,0.0 -49.701218016,-26.8886477362375,0.0 -49.701178369,-26.8886212192374,0.0 -49.7011395349999,-26.8885964012376,0.0 -49.7011016059999,-26.8885734242374,0.0 -49.701064673,-26.8885524322376,0.0 -49.7010288279999,-26.8885335732375,0.0 -49.700994163,-26.8885169882376,0.0 -49.700960772,-26.8885027592375,0.0 -49.7009287649999,-26.8884907142375,0.0 -49.700898254,-26.8884806202374,0.0 -49.700869349,-26.8884722392374,0.0 -49.7008421639999,-26.8884653392376,0.0 -49.700793399,-26.8884550422375,0.0 -49.700752736,-26.8884478822375,0.0 -49.7007181939998,-26.8884427502376,0.0 -49.7006850399999,-26.8884392702375,0.0 -49.700648418,-26.8884371012375,0.0 -49.7006035579999,-26.8884359282375,0.0 -49.7005476739998,-26.8884360392375,0.0 -49.700515341,-26.8884368562374,0.0 -49.700441446,-26.8884405852375,0.0 -49.700399703,-26.8884437302375,0.0 -49.7003546449998,-26.8884478802375,0.0 -49.700306242,-26.8884531642374,0.0 -49.7002547169999,-26.8884597562376,0.0 -49.700200353,-26.8884678442375,0.0 -49.700143433,-26.8884776122375,0.0 -49.7000842399999,-26.8884892492376,0.0 -49.7000230609999,-26.8885029422375,0.0 -49.699960176,-26.8885188732375,0.0 -49.6998621149999,-26.8885480202376,0.0 -49.6998303820001,-26.8885581612375,0.0 -49.6997637800001,-26.8885816172374,0.0 -49.699696089,-26.8886075152375,0.0 -49.699627333,-26.8886357692375,0.0 -49.6995575360001,-26.8886662922376,0.0 -49.6994867229999,-26.8886990002375,0.0 -49.699414915,-26.8887338042376,0.0 -49.6993421409998,-26.8887706202374,0.0 -49.6992685199999,-26.8888093442375,0.0 -49.699194569,-26.8888498122376,0.0 -49.6991208969999,-26.8888918332374,0.0 -49.6990481149999,-26.8889352282375,0.0 -49.698976839,-26.8889798122374,0.0 -49.698907677,-26.8890253982374,0.0 -49.6988412419999,-26.8890718042376,0.0 -49.698778148,-26.8891188442375,0.0 -49.6987188149999,-26.8891663562376,0.0 -49.6986629079999,-26.8892142592375,0.0 -49.6986099030001,-26.8892624952375,0.0 -49.698559276,-26.8893110052375,0.0 -49.6985104969999,-26.8893597292376,0.0 -49.698463047,-26.8894086102375,0.0 -49.698232018,-26.8896521482375,0.0 -49.698145703,-26.8897448972374,0.0 -49.6981069979999,-26.8897914202374,0.0 -49.6980777889999,-26.8898265292375,0.0 -49.6980380099999,-26.8898743422375,0.0 -49.6980069549999,-26.8899116702374,0.0 -49.6979834539998,-26.8899399182375,0.0 -49.697952399,-26.8899772462374,0.0 -49.697891719,-26.8900669082375,0.0 -49.6978717049999,-26.8900940872376,0.0 -49.697851081,-26.8901203202375,0.0 -49.697829268,-26.8901457672375,0.0 -49.69780595,-26.8901703112376,0.0 -49.697780878,-26.8901937692375,0.0 -49.6977538019999,-26.8902159572374,0.0 -49.697724471,-26.8902366922375,0.0 -49.6976926379999,-26.8902557902375,0.0 -49.6976580519999,-26.8902730682374,0.0 -49.6976204629999,-26.8902883422376,0.0 -49.6975797209999,-26.8903014432374,0.0 -49.697536069,-26.8903122572374,0.0 -49.6974898469999,-26.8903206882375,0.0 -49.697441399,-26.8903266342375,0.0 -49.6973910639999,-26.8903299992374,0.0 -49.6973391879998,-26.8903306842375,0.0 -49.6972861080001,-26.8903285912374,0.0 -49.6972321679999,-26.8903236202374,0.0 -49.6971776729999,-26.8903157462374,0.0 -49.697122782,-26.8903052272374,0.0 -49.6970676159999,-26.8902923992375,0.0 -49.697012298,-26.8902775922376,0.0 -49.6969569489999,-26.8902611402374,0.0 -49.6969016909999,-26.8902433752374,0.0 -49.6968466469999,-26.8902246292375,0.0 -49.69679194,-26.8902052352374,0.0 -49.696683075,-26.8901652482374,0.0 -49.6964520829999,-26.8900780762374,0.0 -49.6963205779999,-26.8900291802374,0.0 -49.6961744649999,-26.8899765822375,0.0 -49.696097938,-26.8899500912375,0.0 -49.6960206269999,-26.8899243042376,0.0 -49.6959436879998,-26.8898998472375,0.0 -49.6958682690001,-26.8898773472375,0.0 -49.6957955199998,-26.8898574262375,0.0 -49.695726591,-26.8898407102376,0.0 -49.6956623629999,-26.8898276812375,0.0 -49.6956026399999,-26.8898182392375,0.0 -49.695546955,-26.8898121412375,0.0 -49.6954948410001,-26.8898091442375,0.0 -49.6954458349998,-26.8898090052375,0.0 -49.6953994679999,-26.8898114812375,0.0 -49.6953552749998,-26.8898163302375,0.0 -49.6953127909998,-26.8898233072375,0.0 -49.695271638,-26.8898322092375,0.0 -49.695231792,-26.8898429812374,0.0 -49.6951933239999,-26.8898556082375,0.0 -49.6951563019999,-26.8898700732374,0.0 -49.6951207899999,-26.8898863622375,0.0 -49.695086859,-26.8899044592375,0.0 -49.695054576,-26.8899243472376,0.0 -49.695024007,-26.8899460112374,0.0 -49.6949951759999,-26.8899694442376,0.0 -49.6949679269998,-26.8899946482375,0.0 -49.6949420579999,-26.8900216422375,0.0 -49.6949173689999,-26.8900504372374,0.0 -49.694893658,-26.8900810462376,0.0 -49.6948707239999,-26.8901134852375,0.0 -49.694848366,-26.8901477672376,0.0 -49.6948263839999,-26.8901839052374,0.0 -49.6948046009998,-26.8902218592374,0.0 -49.694761381,-26.8903021412375,0.0 -49.6946532709999,-26.8905139482375,0.0 -49.6946086949999,-26.8905970512375,0.0 -49.694585319,-26.8906377232374,0.0 -49.69456078,-26.8906778242375,0.0 -49.694534754,-26.8907173592374,0.0 -49.694506912,-26.8907563402374,0.0 -49.694476927,-26.8907947742375,0.0 -49.6944444729999,-26.8908326722375,0.0 -49.6944093779999,-26.8908699672374,0.0 -49.6943721019998,-26.8909062832375,0.0 -49.6943332559999,-26.8909411772374,0.0 -49.694293457,-26.8909741942375,0.0 -49.6942533189999,-26.8910048912375,0.0 -49.694213454,-26.8910328192375,0.0 -49.6941744769999,-26.8910575282375,0.0 -49.694137005,-26.8910785682374,0.0 -49.6941013859998,-26.8910956062375,0.0 -49.694066926,-26.8911087652374,0.0 -49.694032669,-26.8911182802374,0.0 -49.6939976539999,-26.8911243892375,0.0 -49.6939609249998,-26.8911273252374,0.0 -49.6939215199999,-26.8911273262374,0.0 -49.6938784879998,-26.8911246302375,0.0 -49.693830866,-26.8911194712375,0.0 -49.6937778229999,-26.8911120092375,0.0 -49.6937190319999,-26.8911020932374,0.0 -49.6936542879999,-26.8910894982375,0.0 -49.6935833879999,-26.8910739962375,0.0 -49.6935061299998,-26.8910553592374,0.0 -49.6934223119998,-26.8910333622375,0.0 -49.693331729,-26.8910077782374,0.0 -49.693234178,-26.8909783782374,0.0 -49.6931796079999,-26.8909466532374,0.0 -49.693124232,-26.8909157042374,0.0 -49.6930104909999,-26.8908548912374,0.0 -49.692951775,-26.8908244872375,0.0 -49.6928912829999,-26.8907940822374,0.0 -49.6928284739999,-26.8907638262374,0.0 -49.6927628060001,-26.8907338692375,0.0 -49.692693737,-26.8907043622374,0.0 -49.6926207269999,-26.8906754552374,0.0 -49.6925432319999,-26.8906472992375,0.0 -49.6924607139999,-26.8906200422376,0.0 -49.692372856,-26.8905938362375,0.0 -49.6922802539999,-26.8905688092374,0.0 -49.692183729,-26.8905450952375,0.0 -49.692084103,-26.8905228252374,0.0 -49.6919821979999,-26.8905021282375,0.0 -49.6918788359999,-26.8904831372375,0.0 -49.6917748389999,-26.8904659782374,0.0 -49.69167103,-26.8904507852375,0.0 -49.6915679919999,-26.8904376262375,0.0 -49.6914653629999,-26.8904263132375,0.0 -49.6913625459999,-26.8904165942375,0.0 -49.6912589409999,-26.8904082222375,0.0 -49.6911539499998,-26.8904009452375,0.0 -49.6910469739999,-26.8903945142376,0.0 -49.690824671,-26.8903831872374,0.0 -49.690353494,-26.8903608982375,0.0 -49.6902383439999,-26.8903545522375,0.0 -49.690127479,-26.8903476282375,0.0 -49.6900225109998,-26.8903399902375,0.0 -49.689925053,-26.8903315042374,0.0 -49.6898362319999,-26.8903220252375,0.0 -49.6897552339999,-26.8903113662375,0.0 -49.689680756,-26.8902993322375,0.0 -49.6896114959999,-26.8902857222375,0.0 -49.689546154,-26.8902703442375,0.0 -49.689483426,-26.8902529982375,0.0 -49.689422012,-26.8902334902374,0.0 -49.689360611,-26.8902116202374,0.0 -49.6892979699999,-26.8901871012375,0.0 -49.68923304,-26.8901592602375,0.0 -49.6891648229998,-26.8901273312376,0.0 -49.6890923170001,-26.8900905512374,0.0 -49.6890004710001,-26.8900400032375,0.0 -49.6889304439999,-26.8899993782375,0.0 -49.6888390770001,-26.8899434562375,0.0 -49.6887394239999,-26.8898796242374,0.0 -49.6886304419999,-26.8898071312375,0.0 -49.688510892,-26.8897252832375,0.0 -49.688379499,-26.8896334052376,0.0 -49.688234982,-26.8895308172375,0.0 -49.6879014549999,-26.8892908002376,0.0 -49.6875000769999,-26.8889998092375,0.0 -49.687022541,-26.8884808002375,0.0 -49.686745765,-26.8882833132375,0.0 -49.6863276889998,-26.8881140232375,0.0 -49.6859883449998,-26.8880425012376,0.0 -49.6856465069999,-26.8880061082374,0.0 -49.6855525869999,-26.8879963882376,0.0 -49.6852866069999,-26.8880203772375,0.0 -49.6849788329999,-26.8881457712375,0.0 -49.6847313560001,-26.8882713782374,0.0 -49.6845297259999,-26.8884746002374,0.0 -49.6843486009999,-26.8886464502374,0.0 -49.684516859,-26.8891003792374,0.0 -49.684883488,-26.8896081982375,0.0 -49.6851031049998,-26.8899440402375,0.0 -49.685128329,-26.8901637412376,0.0 -49.68506615,-26.8902723402375,0.0 -49.6848846210001,-26.8903616482374,0.0 -49.684610715,-26.8904427602375,0.0 -49.6840008019999,-26.8906261512375,0.0 -49.6835627039998,-26.8907181872374,0.0 -49.682940439,-26.8907797492375,0.0 -49.68173525,-26.8910729642375,0.0 -49.6804710849999,-26.8913805282374,0.0 -49.6801259339999,-26.8915600682375,0.0 -49.6796618289999,-26.8918199812375,0.0 -49.679308189,-26.8920687622374,0.0 -49.6788732859999,-26.8924832402375,0.0 -49.6786411099999,-26.8928117282375,0.0 -49.678121844,-26.8931273982375,0.0 -49.6777821379998,-26.8932161342374,0.0 -49.6772638159999,-26.8933515252374,0.0 -49.6767486259999,-26.8934601952375,0.0 -49.6766283699999,-26.8927244792375,0.0 -49.6763088399999,-26.8924459792373,0.0 -49.675922,-26.8923365492374,0.0 -49.6757163199999,-26.8923783092375,0.0 -49.6754306299999,-26.8923756392375,0.0 -49.67524503,-26.8923022192374,0.0 -49.6753490899999,-26.8920548492375,0.0 -49.67660417,-26.8917942592375,0.0 -49.6777747979999,-26.8914421892375,0.0 -49.6793616500001,-26.8906099592374,0.0 -49.6801707879999,-26.8903034192375,0.0 -49.68066921,-26.8898340092375,0.0 -49.6809101299999,-26.8890792292375,0.0 -49.6801991999999,-26.8888850892376,0.0 -49.68019865,-26.8885335592374,0.0 -49.67637983,-26.8886096792374,0.0 -49.67633176,-26.8885528992375,0.0 -49.6763406099999,-26.8868775992375,0.0 -49.6759337199998,-26.8874190392374,0.0 -49.6757468699999,-26.8874271292375,0.0 -49.67537995,-26.8870874192375,0.0 -49.67517319,-26.8866881892375,0.0 -49.6747375500001,-26.8865433692376,0.0 -49.67428519,-26.8865197092376,0.0 -49.6739221699999,-26.8865623492376,0.0 -49.6732629799998,-26.8865088492375,0.0 -49.6726885599999,-26.8866180092375,0.0 -49.67221355,-26.8865257092375,0.0 -49.6721033899999,-26.8865364092376,0.0 -49.67201632,-26.8865956292374,0.0 -49.6719824799998,-26.8867346892376,0.0 -49.67200565,-26.8872500092375,0.0 -49.6719155199999,-26.8873896192376,0.0 -49.6717655399999,-26.8874743292376,0.0 -49.6715142899998,-26.8874107692375,0.0 -49.6709754899998,-26.8870314292376,0.0 -49.6704949300001,-26.8869231792375,0.0 -49.66999555,-26.8866595792376,0.0 -49.6695014099999,-26.8866996712376,0.0 -49.6691340899998,-26.8866585992376,0.0 -49.6691273200001,-26.8821493992375,0.0 -49.6680990199999,-26.8821372692376,0.0 -49.6684690499999,-26.8925455952374,0.0 -49.6707103059998,-26.8933603502375,0.0 -49.670925482,-26.8934366192374,0.0 -49.671970938,-26.8936766242374,0.0 -49.672323276,-26.8970471352374,0.0 -49.67215901,-26.9076928292372,0.0 -49.6803089799998,-26.9076334692372,0.0 -49.680504421,-26.8981045972373,0.0 -49.6805686909999,-26.8974385672372,0.0 -49.6808050449999,-26.8973710572373,0.0 -49.6811147490001,-26.8972851632373,0.0 -49.6818219460001,-26.8970701042374,0.0 -49.6821365329999,-26.8969421112374,0.0 -49.682300937,-26.8967983952374,0.0 -49.682984436,-26.8969932712373,0.0 -49.6842435739999,-26.8969271962374,0.0 -49.6863750149999,-26.8957254042375,0.0 -49.6869705669998,-26.8952562952375,0.0 -49.6871417549999,-26.8946579482374,0.0 -49.6887374999998,-26.8950033392374,0.0 -49.6895428299998,-26.8943592902373,0.0 -49.690463,-26.8937538092374,0.0 -49.6910567199999,-26.8936836692375,0.0 -49.69177053,-26.8942524992373,0.0 -49.6923952699999,-26.8948372992373,0.0 -49.6929923800001,-26.8946828592374,0.0 -49.69386328,-26.8959957292374,0.0 -49.6941284099999,-26.8989520992374,0.0 -49.6947500399999,-26.9000988992372,0.0 -49.6965879099998,-26.8993773492373,0.0 -49.6977998899998,-26.9002355692372,0.0 -49.6990796599999,-26.9017514992372,0.0 -49.69913178,-26.9025891692371,0.0 -49.6998457399998,-26.9021344492372,0.0 -49.70042625,-26.9024569292373,0.0 -49.7020207199999,-26.9032520092373,0.0 -49.7021426489998,-26.9041376392372,0.0 -49.70267778,-26.9041718792372,0.0 -49.7034505399999,-26.9045811492373,0.0 -49.70414913,-26.9043433692371,0.0 -49.7027331999999,-26.9025651592372,0.0 -49.7018623,-26.9021197792373,0.0 -49.7011093599999,-26.9007639892373,0.0 -49.70110864,-26.9006505992372,0.0 -49.7009710599999,-26.9004604892372,0.0 -49.70089407,-26.8999825892374,0.0 -49.70094554,-26.8995585092374,0.0 -49.7007618700001,-26.8995601592373,0.0 -49.70070851,-26.8995160692372,0.0 -49.70070721,-26.8992862192373,0.0 -49.7007068899998,-26.8991207492374,0.0 -49.70068494,-26.8954961592373,0.0 -49.7045123199998,-26.8944968692374,0.0 -49.7045771600001,-26.8920607992374,0.0 -49.70459528,-26.8919285292375,0.0 -49.7045915599999,-26.8914334392375,0.0 -49.7060252599999,-26.8905831992375,0.0 -49.7071251099999,-26.8909425392375,0.0 -49.7070947599999,-26.8898677392374,0.0 -49.7086227999999,-26.8893314992375,0.0 -49.7108526499998,-26.8868792592375,0.0 -49.7131920099998,-26.8869978192376,0.0 -49.7135098399999,-26.8857536692375,0.0 -49.7150234499999,-26.8854804592375,0.0 -49.71645188,-26.8849666092375,0.0 -49.7177281099999,-26.8856808892375,0.0 -49.7182615299999,-26.8853286092375,0.0 -49.7195737599999,-26.8855482292376,0.0 -49.7201063699999,-26.8864287992376,0.0 -49.7200490999999,-26.8876515892376,0.0 -49.7195186599998,-26.8887567892374,0.0 -49.7210743599998,-26.8882712992374,0.0 -49.7226735899998,-26.8887475292375,0.0 -49.7240495899999,-26.8889405992375,0.0 -49.7263388799999,-26.8910514692375,0.0 -49.7265267809999,-26.8912418192374,0.0 -49.7269581999999,-26.8916051892375,0.0 -49.72883411,-26.8909267992374,0.0 -49.72899362,-26.8907525592375,0.0 -49.7308013599999,-26.8916135992375,0.0 -49.7313131999999,-26.8914436892375,0.0 -49.7312884099998,-26.8908866592375,0.0 -49.7267098789998,-26.8875446092376,0.0 -49.7253305999998,-26.8860259292376,0.0 -49.7235988699999,-26.8842182592376,0.0 -49.7238752989999,-26.8835694492377,0.0 -49.72250482,-26.8823318492377,0.0 -49.7229411599998,-26.8817206592376,0.0 -49.72535361,-26.8800089092378,0.0 -49.72681234,-26.8794672102377,0.0 -49.72622735,-26.8787134092376,0.0 -49.72643588,-26.8779733292378,0.0 -49.7278413299999,-26.8763517492378,0.0 -49.72831226,-26.8757875572378,0.0 -49.7296490399999,-26.8741592792378,0.0 -49.7302049300001,-26.8737699492378,0.0 -49.73101313,-26.8739355492377,0.0 -49.7310877199998,-26.8734851192378,0.0 -49.73212702,-26.8723709892379,0.0 -49.7318940499999,-26.8709937492379,0.0 -49.7329201859999,-26.8708293222379,0.0 -49.7328906494521,-26.8707930009271,0.0</coordinates>
</LinearRing>
</outerBoundaryIs>
</Polygon>
</Placemark>
<Placemark id="13. Referência">
<name>TI - Ibirama [9660]</name>
<visibility>0</visibility>
<snippet> </snippet>
<description>&lt;center&gt;&lt;table&gt;&lt;tr&gt;&lt;th colspan='2' align='center'&gt;&lt;em&gt;Attributes&lt;/em&gt;&lt;/th&gt;&lt;/tr&gt;&lt;tr bgcolor="#E3E3F3"&gt;
&lt;th&gt;COD_TI&lt;/th&gt;
&lt;td&gt;9660&lt;/td&gt;
&lt;/tr&gt;&lt;tr bgcolor=""&gt;
&lt;th&gt;NOM_TI&lt;/th&gt;
&lt;td&gt;Ibirama&lt;/td&gt;
&lt;/tr&gt;&lt;/table&gt;&lt;/center&gt;</description>
<Style>
<IconStyle>
<scale>0.7</scale>
</IconStyle>
<LabelStyle>
<scale>0.7</scale>
</LabelStyle>
<LineStyle>
<color>ff00aaaa</color>
<width>3</width>
<gx:labelVisibility>1</gx:labelVisibility>
</LineStyle>
<PolyStyle>
<color>3300aaaa</color>
</PolyStyle>
</Style>
<ExtendedData>
<SchemaData schemaUrl="#kml_schema_ft_Terra_Indígena">
<SimpleData name="COD_TI">9660</SimpleData>
<SimpleData name="NOM_TI">Ibirama</SimpleData>
</SchemaData>
</ExtendedData>
<MultiGeometry>
<Polygon>
<extrude>0</extrude>
<tessellate>1</tessellate>
<outerBoundaryIs>
<LinearRing>
<coordinates>-49.7204875881663,-26.8599294983276,0.0 -49.7190539,-26.8586966992382,0.0 -49.7078590851778,-26.8679610859246,0.0 -49.7079024383624,-26.8715912637584,0.0 -49.7201000297665,-26.8602832392695,0.0 -49.7204875881663,-26.8599294983276,0.0</coordinates>
</LinearRing>
</outerBoundaryIs>
</Polygon>
<Polygon>
<extrude>0</extrude>
<tessellate>1</tessellate>
<outerBoundaryIs>
<LinearRing>
<coordinates>-49.7503332,-26.7850786992396,0.0 -49.7501389,-26.7851630992396,0.0 -49.75,-26.7852207992396,0.0 -49.749864,-26.7852697992396,0.0 -49.7497354,-26.7853119992396,0.0 -49.7496137,-26.7853480992396,0.0 -49.7494986,-26.7853787992396,0.0 -49.7493895,-26.7854047992396,0.0 -49.7492859,-26.7854266992396,0.0 -49.7491873,-26.7854452992396,0.0 -49.7490934,-26.7854610992396,0.0 -49.7490035,-26.7854747992396,0.0 -49.7489176,-26.7854865992396,0.0 -49.7488353,-26.7854966992396,0.0 -49.7487564,-26.7855052992396,0.0 -49.7486808,-26.7855124992396,0.0 -49.7485982,-26.7855191992396,0.0 -49.7484708,-26.7855276992396,0.0 -49.7483419,-26.7855341992396,0.0 -49.74815,-26.7855405992396,0.0 -49.7477752,-26.7855487992396,0.0 -49.7476,-26.7855517992396,0.0 -49.7474194,-26.7855534992396,0.0 -49.7473294,-26.7855534992396,0.0 -49.7472409,-26.7855529992396,0.0 -49.7470703,-26.7855495992396,0.0 -49.7469071,-26.7855434992396,0.0 -49.7466805,-26.7855303992396,0.0 -49.7465949,-26.7855245992396,0.0 -49.746443,-26.7855126992396,0.0 -49.7462297,-26.7854936992396,0.0 -49.7460499,-26.7854758992396,0.0 -49.7459167,-26.7854611992396,0.0 -49.7458497,-26.7854521992396,0.0 -49.7458328,-26.7854494992396,0.0 -49.7457712,-26.7854379992396,0.0 -49.7457273,-26.7854266992396,0.0 -49.7457064,-26.7854200992396,0.0 -49.7456642,-26.7854039992396,0.0 -49.7456419,-26.7853942992396,0.0 -49.7455925,-26.7853705992396,0.0 -49.7454353,-26.7852891992396,0.0 -49.7453652,-26.7852539992396,0.0 -49.74533,-26.7852372992396,0.0 -49.7452952,-26.7852213992396,0.0 -49.7452268,-26.7851923992396,0.0 -49.7451935,-26.7851791992396,0.0 -49.745129,-26.7851552992396,0.0 -49.7450678,-26.7851343992396,0.0 -49.7449824,-26.7851078992396,0.0 -49.744901,-26.7850853992396,0.0 -49.744761,-26.7850495992396,0.0 -49.7446975,-26.7850325992396,0.0 -49.7446259,-26.7850119992396,0.0 -49.7445438,-26.7849862992396,0.0 -49.7444057,-26.7849397992396,0.0 -49.7442242,-26.7848755992396,0.0 -49.7440666,-26.7848163992396,0.0 -49.7440282,-26.7848010992396,0.0 -49.7439371,-26.7847621992396,0.0 -49.7439004,-26.7847451992396,0.0 -49.7438236,-26.7847080992396,0.0 -49.743704,-26.7846468992396,0.0 -49.7435858,-26.7845829992396,0.0 -49.7435096,-26.7845399992396,0.0 -49.7433965,-26.7844734992396,0.0 -49.7433199,-26.7844267992396,0.0 -49.7430898,-26.7842827992396,0.0 -49.7430228,-26.7842419992396,0.0 -49.7429927,-26.7842242992396,0.0 -49.7429384,-26.7841941992396,0.0 -49.7429063,-26.7841776992396,0.0 -49.7428653,-26.7841578992396,0.0 -49.7427923,-26.7841264992396,0.0 -49.7427403,-26.7841064992396,0.0 -49.7426863,-26.7840880992396,0.0 -49.742631,-26.7840721992396,0.0 -49.7426032,-26.7840654992396,0.0 -49.7425477,-26.7840546992396,0.0 -49.7424936,-26.7840464992396,0.0 -49.7424174,-26.7840362992396,0.0 -49.7423717,-26.7840288992396,0.0 -49.74233,-26.7840199992396,0.0 -49.7422906,-26.7840084992396,0.0 -49.7422518,-26.7839938992396,0.0 -49.7422117,-26.7839752992396,0.0 -49.7421912,-26.7839645992396,0.0 -49.7421501,-26.7839407992396,0.0 -49.7421107,-26.7839147992396,0.0 -49.7420746,-26.7838876992396,0.0 -49.7420427,-26.7838594992396,0.0 -49.7420106,-26.7838258992396,0.0 -49.7419731,-26.7837816992396,0.0 -49.7418623,-26.7836419992396,0.0 -49.741717,-26.7834552992396,0.0 -49.7416179,-26.7833258992396,0.0 -49.7415396,-26.7832204992396,0.0 -49.7414701,-26.7831218992396,0.0 -49.7414221,-26.7830504992396,0.0 -49.741371,-26.7829721992396,0.0 -49.7412674,-26.7828089992396,0.0 -49.7411301,-26.7825887992397,0.0 -49.7410856,-26.7825194992397,0.0 -49.7410259,-26.7824290992397,0.0 -49.7409848,-26.7823697992397,0.0 -49.7409446,-26.7823141992397,0.0 -49.7409061,-26.7822628992397,0.0 -49.7408691,-26.7822159992397,0.0 -49.7408118,-26.7821476992397,0.0 -49.7407768,-26.7821082992397,0.0 -49.7406286,-26.7819463992397,0.0 -49.7405657,-26.7818765992397,0.0 -49.7405037,-26.7818050992397,0.0 -49.7404739,-26.7817693992397,0.0 -49.740388,-26.7816617992397,0.0 -49.7402108,-26.7814334992397,0.0 -49.7399152,-26.7810596992397,0.0 -49.7398287,-26.7809478992397,0.0 -49.7397637,-26.7808609992397,0.0 -49.7397334,-26.7808181992397,0.0 -49.7397125,-26.7807866992397,0.0 -49.7395794,-26.7805799992397,0.0 -49.7395358,-26.7805101992397,0.0 -49.739512,-26.7804703992397,0.0 -49.739482,-26.7804172992397,0.0 -49.7394209,-26.7802987992397,0.0 -49.7394028,-26.7802651992397,0.0 -49.7393837,-26.7802322992397,0.0 -49.7393632,-26.7802003992397,0.0 -49.7393413,-26.7801692992397,0.0 -49.7393179,-26.7801391992397,0.0 -49.7392929,-26.7801097992397,0.0 -49.7392235,-26.7800327992397,0.0 -49.739193,-26.7799962992397,0.0 -49.7391771,-26.7799760992397,0.0 -49.7391452,-26.7799329992397,0.0 -49.739116,-26.7798907992397,0.0 -49.7390998,-26.7798673992397,0.0 -49.7390813,-26.7798387992397,0.0 -49.7390628,-26.7798100992397,0.0 -49.7390379,-26.7797693992397,0.0 -49.7390117,-26.7797284992397,0.0 -49.7389855,-26.7796876992397,0.0 -49.7389754,-26.7796740992397,0.0 -49.7389652,-26.7796603992397,0.0 -49.738954,-26.7796460992397,0.0 -49.7389428,-26.7796318992397,0.0 -49.7388638,-26.7795377992397,0.0 -49.7388347,-26.7795009992397,0.0 -49.73882,-26.7794809992397,0.0 -49.7388051,-26.7794595992397,0.0 -49.7387754,-26.7794127992397,0.0 -49.738683,-26.7792553992397,0.0 -49.7386612,-26.7792202992397,0.0 -49.7386503,-26.7792027992397,0.0 -49.7386166,-26.7791513992397,0.0 -49.7385909,-26.7791140992397,0.0 -49.7385821,-26.7791012992397,0.0 -49.7385646,-26.7790768992397,0.0 -49.7385471,-26.7790523992397,0.0 -49.7384292,-26.7788941992397,0.0 -49.7384006,-26.7788546992397,0.0 -49.7383633,-26.7787993992397,0.0 -49.7383334,-26.7787491992397,0.0 -49.7383086,-26.7787043992397,0.0 -49.7382942,-26.7786757992397,0.0 -49.738287,-26.7786613992397,0.0 -49.7382653,-26.7786145992397,0.0 -49.7382434,-26.7785635992397,0.0 -49.7382324,-26.7785357992397,0.0 -49.7382213,-26.7785079992397,0.0 -49.7381993,-26.7784488992397,0.0 -49.7381914,-26.7784263992397,0.0 -49.7381676,-26.7783587992397,0.0 -49.7380884,-26.7781195992397,0.0 -49.7380171,-26.7779021992397,0.0 -49.738,-26.7778476992397,0.0 -49.7379914,-26.7778204992398,0.0 -49.7379661,-26.7777361992397,0.0 -49.7379415,-26.7776498992397,0.0 -49.7379049,-26.7775146992397,0.0 -49.7378901,-26.7774575992398,0.0 -49.7378301,-26.7772224992398,0.0 -49.7377978,-26.7770885992398,0.0 -49.7377814,-26.7770161992398,0.0 -49.7377736,-26.7769769992398,0.0 -49.7377697,-26.7769573992398,0.0 -49.7377657,-26.7769313992398,0.0 -49.7377617,-26.7769052992398,0.0 -49.73776,-26.7768886992398,0.0 -49.7377583,-26.7768720992398,0.0 -49.7377511,-26.7767591992398,0.0 -49.7377436,-26.7764704992398,0.0 -49.737739,-26.7763784992398,0.0 -49.7377334,-26.7763247992398,0.0 -49.7377331,-26.7763224992398,0.0 -49.7377296,-26.7763003992398,0.0 -49.7377249,-26.7762775992398,0.0 -49.7377212,-26.7762631992398,0.0 -49.7377193,-26.7762560992398,0.0 -49.7377171,-26.7762492992398,0.0 -49.7377128,-26.7762355992398,0.0 -49.7377054,-26.7762159992398,0.0 -49.7376971,-26.7761967992398,0.0 -49.7376775,-26.7761586992398,0.0 -49.7376657,-26.7761387992398,0.0 -49.7376538,-26.7761189992398,0.0 -49.7376115,-26.7760547992398,0.0 -49.737587,-26.7760203992398,0.0 -49.7375625,-26.7759859992398,0.0 -49.7374901,-26.7758895992398,0.0 -49.7374327,-26.7758171992398,0.0 -49.737374,-26.7757482992398,0.0 -49.7373351,-26.7757056992398,0.0 -49.7373068,-26.7756765992398,0.0 -49.7372785,-26.7756474992398,0.0 -49.7372262,-26.7755973992398,0.0 -49.7371642,-26.7755426992398,0.0 -49.737102,-26.7754905992398,0.0 -49.7370203,-26.7754261992398,0.0 -49.7369806,-26.7753960992398,0.0 -49.7368822,-26.7753248992398,0.0 -49.7368032,-26.7752693992398,0.0 -49.7367613,-26.7752407992398,0.0 -49.7367194,-26.7752121992398,0.0 -49.7366361,-26.7751569992398,0.0 -49.7365576,-26.7751070992398,0.0 -49.7364499,-26.7750417992398,0.0 -49.7363529,-26.7749849992398,0.0 -49.7361625,-26.7748764992398,0.0 -49.7361214,-26.7748537992398,0.0 -49.73603,-26.7748053992398,0.0 -49.7358917,-26.7747357992398,0.0 -49.7358436,-26.7747126992398,0.0 -49.7357955,-26.7746896992398,0.0 -49.7357179,-26.7746554992398,0.0 -49.7356671,-26.7746350992398,0.0 -49.7356157,-26.7746161992398,0.0 -49.7353821,-26.7745361992398,0.0 -49.7352799,-26.7744992992398,0.0 -49.7352112,-26.7744735992398,0.0 -49.7351724,-26.7744584992398,0.0 -49.7351444,-26.7744476992398,0.0 -49.7350507,-26.7744096992398,0.0 -49.7349934,-26.7743853992398,0.0 -49.734917,-26.7743515992398,0.0 -49.734871,-26.7743301992398,0.0 -49.7348362,-26.7743131992398,0.0 -49.7348014,-26.7742961992398,0.0 -49.7344977,-26.7741408992398,0.0 -49.7343894,-26.7740867992398,0.0 -49.7343397,-26.7740632992398,0.0 -49.7343147,-26.7740519992398,0.0 -49.7342896,-26.7740406992398,0.0 -49.7341245,-26.7739698992398,0.0 -49.7340641,-26.7739422992398,0.0 -49.7340328,-26.7739272992398,0.0 -49.7340005,-26.7739108992398,0.0 -49.7339682,-26.7738944992398,0.0 -49.7339003,-26.7738579992398,0.0 -49.7338288,-26.7738174992398,0.0 -49.7337533,-26.7737728992398,0.0 -49.7336341,-26.7736991992398,0.0 -49.7335121,-26.7736198992398,0.0 -49.7334316,-26.7735654992398,0.0 -49.733315,-26.7734834992398,0.0 -49.7332418,-26.7734299992398,0.0 -49.7331409,-26.7733535992398,0.0 -49.7331015,-26.7733227992398,0.0 -49.7329037,-26.7731655992398,0.0 -49.73286,-26.7731316992398,0.0 -49.7327825,-26.7730715992398,0.0 -49.7327278,-26.7730309992398,0.0 -49.7326964,-26.7730075992398,0.0 -49.7326186,-26.7729533992398,0.0 -49.7325418,-26.7729046992398,0.0 -49.7324564,-26.7728552992398,0.0 -49.732361,-26.7728034992398,0.0 -49.7321867,-26.7727108992399,0.0 -49.7321207,-26.7726741992398,0.0 -49.7320636,-26.7726397992398,0.0 -49.7320106,-26.7726042992398,0.0 -49.7319775,-26.7725795992398,0.0 -49.7319454,-26.7725526992398,0.0 -49.7319317,-26.7725406992399,0.0 -49.731904,-26.7725136992399,0.0 -49.7318787,-26.7724863992398,0.0 -49.7318453,-26.7724464992399,0.0 -49.7318172,-26.7724093992398,0.0 -49.7317924,-26.7723707992399,0.0 -49.7317836,-26.7723557992398,0.0 -49.7317658,-26.7723216992398,0.0 -49.7317462,-26.7722799992399,0.0 -49.7317256,-26.7722327992399,0.0 -49.731705,-26.7721824992399,0.0 -49.7316857,-26.7721319992399,0.0 -49.7316684,-26.7720826992399,0.0 -49.7316526,-26.7720315992399,0.0 -49.7316375,-26.7719744992399,0.0 -49.7316299,-26.7719424992399,0.0 -49.7316142,-26.7718688992399,0.0 -49.731598,-26.7717851992399,0.0 -49.7315603,-26.7715816992399,0.0 -49.7315428,-26.7714952992399,0.0 -49.7315319,-26.7714506992399,0.0 -49.7315261,-26.7714304992399,0.0 -49.7315133,-26.7713910992399,0.0 -49.7314976,-26.7713496992399,0.0 -49.7314682,-26.7712795992399,0.0 -49.7312326,-26.7707476992399,0.0 -49.7311797,-26.7706343992399,0.0 -49.7311439,-26.7705628992399,0.0 -49.7311076,-26.7704954992399,0.0 -49.7310531,-26.7704014992399,0.0 -49.7310173,-26.7703433992399,0.0 -49.7309654,-26.7702634992399,0.0 -49.7309181,-26.7701936992399,0.0 -49.7308432,-26.7700862992399,0.0 -49.7307587,-26.7699627992399,0.0 -49.730701,-26.7698750992399,0.0 -49.7306407,-26.7697807992399,0.0 -49.7306023,-26.7697187992399,0.0 -49.7305663,-26.7696587992399,0.0 -49.730533,-26.7696011992399,0.0 -49.7304946,-26.7695301992399,0.0 -49.7304636,-26.7694694992399,0.0 -49.7304409,-26.7694213992399,0.0 -49.7304101,-26.7693526992399,0.0 -49.7303912,-26.7693080992399,0.0 -49.7303734,-26.7692625992399,0.0 -49.7303566,-26.7692141992399,0.0 -49.730341,-26.7691607992399,0.0 -49.7303266,-26.7691008992399,0.0 -49.730313,-26.7690352992399,0.0 -49.7302941,-26.7689284992399,0.0 -49.7302687,-26.7687662992399,0.0 -49.7302592,-26.7687025992399,0.0 -49.7302471,-26.7686157992399,0.0 -49.7301942,-26.7682018992399,0.0 -49.7301762,-26.7680877992399,0.0 -49.7301591,-26.7679941992399,0.0 -49.730138,-26.7678674992399,0.0 -49.7301362,-26.7678338992399,0.0 -49.7301363,-26.7678170992399,0.0 -49.7301387,-26.7677805992399,0.0 -49.7301476,-26.7677112992399,0.0 -49.7302097,-26.7673031992399,0.0 -49.7302644,-26.76692209924,0.0 -49.7302734,-26.76686819924,0.0 -49.7302843,-26.76681719924,0.0 -49.7302866,-26.76680329924,0.0 -49.7302878,-26.76678959924,0.0 -49.7302877,-26.76677579924,0.0 -49.7302846,-26.76675449924,0.0 -49.7302775,-26.76673199924,0.0 -49.7302662,-26.76670859924,0.0 -49.7302511,-26.76668499924,0.0 -49.7302319,-26.76666119924,0.0 -49.7302063,-26.76663519924,0.0 -49.7301714,-26.76660429924,0.0 -49.7301247,-26.76656669924,0.0 -49.7300861,-26.76653769924,0.0 -49.7300411,-26.76650559924,0.0 -49.7299626,-26.76645269924,0.0 -49.7299078,-26.76641729924,0.0 -49.7298553,-26.76638449924,0.0 -49.7298088,-26.76635659924,0.0 -49.7297682,-26.76633349924,0.0 -49.729726,-26.76631139924,0.0 -49.7295256,-26.76621179924,0.0 -49.7294577,-26.76617529924,0.0 -49.7294193,-26.76615249924,0.0 -49.7293859,-26.76613089924,0.0 -49.7293571,-26.76611079924,0.0 -49.7293321,-26.76609199924,0.0 -49.7293105,-26.76607419924,0.0 -49.7292914,-26.76605659924,0.0 -49.7292742,-26.76603819924,0.0 -49.7292581,-26.76601819924,0.0 -49.7292348,-26.76598419924,0.0 -49.7292240927551,-26.7659671016394,0.0 -49.7116213716123,-26.7628613082102,0.0 -49.6925646397979,-26.7594914448563,0.0 -49.6718801283847,-26.7558352760571,0.0 -49.6547240694165,-26.7527977475936,0.0 -49.6539378835347,-26.7528018574006,0.0 -49.6539213,-26.7529507992402,0.0 -49.6538519,-26.7534512992402,0.0 -49.6538238,-26.7534985992402,0.0 -49.6537871,-26.7537190992402,0.0 -49.6537795,-26.7539795992402,0.0 -49.6535897,-26.7543690992402,0.0 -49.6533345,-26.7546100992402,0.0 -49.6533122185041,-26.7546213819397,0.0 -49.6530579482746,-26.755760908773,0.0 -49.6531571,-26.7559408992402,0.0 -49.653376,-26.7562194992402,0.0 -49.6536401,-26.7566001992402,0.0 -49.6537099,-26.7567618992402,0.0 -49.6537466,-26.7569822992402,0.0 -49.653743,-26.7571439992401,0.0 -49.6537062,-26.7572468992401,0.0 -49.6536401,-26.7573497992401,0.0 -49.6535913,-26.7574059992401,0.0 -49.6535188,-26.7574894992401,0.0 -49.6534306,-26.7576768992401,0.0 -49.6533995,-26.7578227992401,0.0 -49.6533828,-26.7579010992401,0.0 -49.6532983,-26.7581986992401,0.0 -49.653144,-26.7584706992401,0.0 -49.6530342,-26.7585970992401,0.0 -49.6529014,-26.7587499992401,0.0 -49.6527177,-26.7588858992401,0.0 -49.6524604,-26.7590255992401,0.0 -49.6522987,-26.7592092992401,0.0 -49.6522326,-26.7594738992401,0.0 -49.6523061,-26.7599001992401,0.0 -49.6523649,-26.7604035992401,0.0 -49.6524053,-26.7606755992401,0.0 -49.6526001,-26.7609511992401,0.0 -49.652714,-26.7611569992401,0.0 -49.6527471,-26.7614545992401,0.0 -49.6526883,-26.7618771992401,0.0 -49.6526846,-26.7621417992401,0.0 -49.6527655,-26.76234029924,0.0 -49.6527912,-26.76261589924,0.0 -49.6527691,-26.76279959924,0.0 -49.6527067,-26.76292459924,0.0 -49.6524715,-26.76303479924,0.0 -49.6522951,-26.76307889924,0.0 -49.6520048,-26.76315979924,0.0 -49.651799,-26.76315789924,0.0 -49.6516171,-26.76312489924,0.0 -49.6514292423848,-26.7630600490185,0.0 -49.6513278295045,-26.7635145367443,0.0 -49.6457427844177,-26.7694489219401,0.0 -49.6457685,-26.7697156992399,0.0 -49.6457896,-26.7697697992399,0.0 -49.6458531,-26.7699324992399,0.0 -49.6458898,-26.7701639992399,0.0 -49.6459119,-26.7702558992399,0.0 -49.6458972,-26.7704101992399,0.0 -49.645842,-26.7705976992399,0.0 -49.6456767,-26.7708364992399,0.0 -49.6454452,-26.7710606992399,0.0 -49.6452761,-26.7712664992399,0.0 -49.6451585,-26.7714575992399,0.0 -49.6449013,-26.7716780992399,0.0 -49.6447396,-26.7717919992399,0.0 -49.6444823,-26.7719426992399,0.0 -49.6441183,-26.7720375992399,0.0 -49.6439752,-26.7720749992399,0.0 -49.6437731,-26.7721336992399,0.0 -49.6435967,-26.7722145992399,0.0 -49.6434387,-26.7723100992398,0.0 -49.6433615,-26.7724901992399,0.0 -49.6433542,-26.7726518992398,0.0 -49.6433946,-26.7727804992398,0.0 -49.6434555,-26.7728568992398,0.0 -49.6436923,-26.7730009992398,0.0 -49.6439017,-26.7731259992398,0.0 -49.6441443,-26.7732986992398,0.0 -49.6442672,-26.7734215992398,0.0 -49.6446771,-26.7738314992398,0.0 -49.6450225,-26.7741401992398,0.0 -49.6451732,-26.7743753992398,0.0 -49.6451401,-26.7745774992398,0.0 -49.6451107,-26.7747942992398,0.0 -49.6450189,-26.7751360992398,0.0 -49.644938,-26.7754337992398,0.0 -49.6448094,-26.7755660992398,0.0 -49.6445963,-26.7756689992398,0.0 -49.6444419,-26.7758011992398,0.0 -49.6443133,-26.7760327992398,0.0 -49.6442067,-26.7762862992398,0.0 -49.6441994,-26.7765030992398,0.0 -49.6442435,-26.7767419992398,0.0 -49.6444052,-26.7772013992398,0.0 -49.6446183,-26.7775173992398,0.0 -49.6448204,-26.7778076992397,0.0 -49.6449233,-26.7780685992397,0.0 -49.6449363,-26.7782125992397,0.0 -49.6449527,-26.7783956992397,0.0 -49.644938,-26.7785904992397,0.0 -49.6448217,-26.7789017992397,0.0 -49.644547,-26.7794997992397,0.0 -49.6444603,-26.7796230992397,0.0 -49.6442839,-26.7797737992397,0.0 -49.6439421,-26.7799354992397,0.0 -49.6434571,-26.7801558992397,0.0 -49.6431704,-26.7802477992397,0.0 -49.6427331,-26.7802367992397,0.0 -49.6426584,-26.7802270992397,0.0 -49.6423362,-26.7801852992397,0.0 -49.6418805,-26.7801485992397,0.0 -49.6413293,-26.7800676992397,0.0 -49.6409104,-26.7799721992397,0.0 -49.6405503,-26.7798619992397,0.0 -49.6404069,-26.7797663992397,0.0 -49.6402746,-26.7795899992397,0.0 -49.6400762,-26.7793143992397,0.0 -49.6399182,-26.7792482992397,0.0 -49.6396646,-26.7792665992397,0.0 -49.6392861,-26.7794245992397,0.0 -49.6390638,-26.7794980992397,0.0 -49.6388855,-26.7795348992397,0.0 -49.6387239,-26.7795348992397,0.0 -49.6383233,-26.7794723992397,0.0 -49.6380624,-26.7794613992397,0.0 -49.6378603,-26.7795164992397,0.0 -49.6376104,-26.7796818992397,0.0 -49.6375044,-26.7797950992397,0.0 -49.6373972,-26.7799096992397,0.0 -49.6371547,-26.7801264992397,0.0 -49.6368497,-26.7803249992397,0.0 -49.6364344,-26.7803763992397,0.0 -49.6361346,-26.7804384992397,0.0 -49.6360008,-26.7804903992397,0.0 -49.6358464,-26.7806262992397,0.0 -49.6357399,-26.7808577992397,0.0 -49.6357222,-26.7809373992397,0.0 -49.6356737,-26.7811554992397,0.0 -49.6355561,-26.7813722992397,0.0 -49.6354643,-26.7814347992397,0.0 -49.635196,-26.7814788992397,0.0 -49.6349152,-26.7814912992397,0.0 -49.6347091,-26.7813888992397,0.0 -49.6344877238937,-26.781329078858,0.0 -49.6329161974725,-26.7829869467519,0.0 -49.6305833570426,-26.7823868835795,0.0 -49.6305124,-26.7824159992397,0.0 -49.6301523,-26.7825188992397,0.0 -49.6297774,-26.7824820992397,0.0 -49.62941,-26.7823497992397,0.0 -49.629138,-26.7821219992397,0.0 -49.6289188190199,-26.7819587240046,0.0 -49.6206708745836,-26.7798371525327,0.0 -49.6206197,-26.7798784992397,0.0 -49.6205315,-26.7801136992397,0.0 -49.6204948,-26.7803267992397,0.0 -49.6204654,-26.7806428992397,0.0 -49.6204654,-26.7808339992397,0.0 -49.6205216,-26.7809699992397,0.0 -49.6205536,-26.7810470992397,0.0 -49.620583,-26.7812307992397,0.0 -49.6205462,-26.7814218992397,0.0 -49.6203845,-26.7815982992397,0.0 -49.6201567,-26.7817526992397,0.0 -49.6200317,-26.7818628992397,0.0 -49.6200023,-26.7819731992397,0.0 -49.6200391,-26.7821494992397,0.0 -49.6201861,-26.7823332992397,0.0 -49.6203919,-26.7826272992397,0.0 -49.6205242,-26.7828918992397,0.0 -49.6205609,-26.7831417992396,0.0 -49.6204801,-26.7832740992396,0.0 -49.6202596,-26.7833989992396,0.0 -49.6199803,-26.7834430992396,0.0 -49.6196055,-26.7834430992396,0.0 -49.6192894,-26.7836635992396,0.0 -49.6191424,-26.7839207992396,0.0 -49.6190542,-26.7843985992396,0.0 -49.6189734,-26.7847659992396,0.0 -49.6188484,-26.7849864992396,0.0 -49.6187513,-26.7850328992396,0.0 -49.618525,-26.7851408992396,0.0 -49.6181796,-26.7852584992396,0.0 -49.6179003,-26.7851849992396,0.0 -49.6178102,-26.7851308992396,0.0 -49.6174593,-26.7849203992396,0.0 -49.6173344,-26.7847218992396,0.0 -49.6172462,-26.7842956992396,0.0 -49.6170919,-26.7839575992396,0.0 -49.6168841169423,-26.783805963442,0.0 -49.6164070729074,-26.7844961965572,0.0 -49.6166054489122,-26.7847280415522,0.0 -49.6234461717134,-26.7927228962934,0.0 -49.6220086480728,-26.7987811050428,0.0 -49.6219690547529,-26.7989479646268,0.0 -49.6256207014661,-26.8068358334484,0.0 -49.6272870454681,-26.8085179378626,0.0 -49.6295756589854,-26.8139131261531,0.0 -49.629683341733,-26.8139097263615,0.0 -49.631742157871,-26.8138447248085,0.0 -49.6317459888397,-26.8138509000804,0.0 -49.6346140254031,-26.8184739881178,0.0 -49.6297716813005,-26.8232170434072,0.0 -49.6400561680661,-26.8324621951988,0.0 -49.6577037866589,-26.8482213419029,0.0 -49.658117397095,-26.8597845197512,0.0 -49.6589259416022,-26.8726031477772,0.0 -49.6590264169218,-26.8726041715371,0.0 -49.6740086362796,-26.8727568278928,0.0 -49.6792486414994,-26.8728102191882,0.0 -49.6797903994028,-26.8728627874846,0.0 -49.6797964067375,-26.8728150059518,0.0 -49.6798626196536,-26.8722883573226,0.0 -49.6798908382354,-26.8718116936074,0.0 -49.6799022666814,-26.8717760026526,0.0 -49.6799244382546,-26.8717226196276,0.0 -49.6799466098033,-26.8716692365963,0.0 -49.6799888969922,-26.8716164671918,0.0 -49.6800318694087,-26.8715456988764,0.0 -49.6801057004823,-26.8714578520673,0.0 -49.68020101753,-26.8713346210077,0.0 -49.680337935965,-26.8711766192084,0.0 -49.6804963399105,-26.8709832329662,0.0 -49.6806862868405,-26.8707547689341,0.0 -49.6808866332295,-26.8705176118339,0.0 -49.6810765784574,-26.8702891470811,0.0 -49.6812453799043,-26.8700870669464,0.0 -49.6813722374393,-26.8699287570654,0.0 -49.681477266767,-26.8698148309756,0.0 -49.6815514378881,-26.8697179836633,0.0 -49.6816044661014,-26.8696475213399,0.0 -49.6816571517653,-26.8695860584567,0.0 -49.6816997797144,-26.8695242888741,0.0 -49.6817528077277,-26.8694538264721,0.0 -49.6818058356686,-26.8693833640418,0.0 -49.6818696060851,-26.8692952092996,0.0 -49.6819441189159,-26.8691893622241,0.0 -49.6820293740893,-26.86906582279,0.0 -49.6821354291225,-26.8689248976045,0.0 -49.6822314262781,-26.8687836656789,0.0 -49.6823270807583,-26.8686514331356,0.0 -49.6824223925919,-26.8685281999782,0.0 -49.6824969042991,-26.8684223524823,0.0 -49.6825606735297,-26.8683341972922,0.0 -49.6826137003444,-26.8682637344295,0.0 -49.6826563271708,-26.8682019644296,0.0 -49.6827090114797,-26.8681405009986,0.0 -49.6827512958296,-26.8680877304411,0.0 -49.6828036376614,-26.8680352664455,0.0 -49.682855979441,-26.8679828024246,0.0 -49.6829183786844,-26.8679306449486,0.0 -49.6829811202145,-26.8678694879517,0.0 -49.6830442040134,-26.8677993314314,0.0 -49.6831173452265,-26.8677294814273,0.0 -49.6831904863435,-26.8676596313744,0.0 -49.683263627364,-26.8675897812724,0.0 -49.6833367682884,-26.8675199311214,0.0 -49.6833995093337,-26.8674587738829,0.0 -49.6834619080045,-26.8674066161006,0.0 -49.6835142491479,-26.8673541517623,0.0 -49.6835659056539,-26.8673196863869,0.0 -49.683627619588,-26.867285527502,0.0 -49.6836889912012,-26.8672603680814,0.0 -49.6843781840538,-26.8660830491204,0.0 -49.6843805795217,-26.8660200525836,0.0 -49.6843732598447,-26.8659477500946,0.0 -49.6843857126408,-26.8658850600021,0.0 -49.6843884502895,-26.8658130639572,0.0 -49.6844012452549,-26.8657413743538,0.0 -49.684413697996,-26.865678684253,0.0 -49.684415751202,-26.8656246872159,0.0 -49.6844181466014,-26.8655616906719,0.0 -49.6844198575965,-26.86551669314,0.0 -49.6844115112841,-26.8654713891694,0.0 -49.6844128800771,-26.8654353911438,0.0 -49.6844038493726,-26.8654080861863,0.0 -49.6844045337687,-26.8653900871734,0.0 -49.6843948186713,-26.8653807812286,0.0 -49.6843951608699,-26.8653717817222,0.0 -49.6843958452663,-26.8653537827096,0.0 -49.6843965296621,-26.8653357836969,0.0 -49.6843874989659,-26.8653084787394,0.0 -49.6843788104713,-26.8652721742757,0.0 -49.6843801792627,-26.8652361762506,0.0 -49.6843721751678,-26.8651818727744,0.0 -49.6843742283493,-26.8651278757363,0.0 -49.6843662242569,-26.8650735722607,0.0 -49.6843686196269,-26.8650105757158,0.0 -49.6843710149888,-26.8649475791702,0.0 -49.6843737525359,-26.8648755831172,0.0 -49.6843768322642,-26.8647945875563,0.0 -49.6843802541691,-26.8647045924873,0.0 -49.684383676058,-26.8646145974167,0.0 -49.6843870979309,-26.8645246023445,0.0 -49.6843908619726,-26.8644256077633,0.0 -49.6843939416288,-26.8643446121955,0.0 -49.6843970212717,-26.8642636166265,0.0 -49.6843997587214,-26.864191620564,0.0 -49.6844024961608,-26.8641196245006,0.0 -49.6844052335899,-26.8640476284361,0.0 -49.684407628832,-26.863984631879,0.0 -49.6844103662417,-26.8639126358126,0.0 -49.6844231608009,-26.8638409461663,0.0 -49.6844362975088,-26.8637602570076,0.0 -49.6844400613832,-26.8636612624094,0.0 -49.6844545667071,-26.8635445752065,0.0 -49.6844798134324,-26.8634101953902,0.0 -49.6844953451238,-26.8632665096411,0.0 -49.6845112189047,-26.8631138243731,0.0 -49.6845368075433,-26.8629704450105,0.0 -49.6845519968713,-26.8628357587443,0.0 -49.6845661597033,-26.8627280710056,0.0 -49.68457998035,-26.8626293827732,0.0 -49.6845934588193,-26.8625396940478,0.0 -49.6846062529799,-26.8624680043428,0.0 -49.6846190471174,-26.8623963146342,0.0 -49.6846318412321,-26.8623246249221,0.0 -49.6846550344761,-26.8622442420808,0.0 -49.6846789119354,-26.8621458602037,0.0 -49.6847138727149,-26.8620207861553,0.0 -49.6847602588575,-26.8618600204039,0.0 -49.684818070249,-26.861663562926,0.0 -49.6848765655949,-26.8614491063626,0.0 -49.6849458017786,-26.8612169570646,0.0 -49.6850042965286,-26.8610025003825,0.0 -49.6850621068417,-26.8608060426855,0.0 -49.685108491741,-26.8606452766826,0.0 -49.685143451341,-26.8605202023978,0.0 -49.6851669857297,-26.8604308198493,0.0 -49.6852002348642,-26.8603507431432,0.0 -49.6852230850386,-26.8602793596196,0.0 -49.6852556499658,-26.8602172819352,0.0 -49.6852882148525,-26.8601552042387,0.0 -49.6853211217453,-26.8600841270063,0.0 -49.6853536865474,-26.8600220492851,0.0 -49.6853969922072,-26.8599422788131,0.0 -49.6854503546101,-26.8598628146266,0.0 -49.685493660125,-26.8597830441084,0.0 -49.6855473643923,-26.8596945803399,0.0 -49.6856010685659,-26.8596061165405,0.0 -49.6856443738506,-26.8595263459498,0.0 -49.6856873370574,-26.8594555748673,0.0 -49.6857303002042,-26.8593848037649,0.0 -49.6857625225251,-26.8593317254251,0.0 -49.6858048015739,-26.8592789533494,0.0 -49.6858370238226,-26.8592258749842,0.0 -49.685878960801,-26.8591821024086,0.0 -49.6859205557588,-26.859147329349,0.0 -49.6859520939423,-26.8591122500114,0.0 -49.6859933468703,-26.8590864764576,0.0 -49.6860242010595,-26.8590693961661,0.0 -49.6860453404706,-26.8590430100776,0.0 -49.6860657959266,-26.8590346230532,0.0 -49.6860865933502,-26.859017236491,0.0 -49.6861073907668,-26.8589998499249,0.0 -49.6861281881769,-26.8589824633551,0.0 -49.6861590423152,-26.8589653830283,0.0 -49.6861902384052,-26.858939303158,0.0 -49.686231833168,-26.8589045299841,0.0 -49.6862831426783,-26.8588790625691,0.0 -49.6863344521647,-26.8588535951328,0.0 -49.6863958183508,-26.8588284339038,0.0 -49.6864571845092,-26.8588032726451,0.0 -49.686528607359,-26.8587784175754,0.0 -49.6866100868947,-26.8587538686789,0.0 -49.6867019650279,-26.8587206263955,0.0 -49.6867938431056,-26.8586873840458,0.0 -49.6868957778383,-26.858654447822,0.0 -49.6870077692174,-26.8586218177012,0.0 -49.6871097038263,-26.8585888813088,0.0 -49.6872012397974,-26.8585646382159,0.0 -49.6872931175966,-26.8585313955096,0.0 -49.6873745967823,-26.8585068461322,0.0 -49.687446019236,-26.8584819905533,0.0 -49.6875170998086,-26.8584661344867,0.0 -49.6875781236674,-26.8584499722414,0.0 -49.6876492042008,-26.858434116104,0.0 -49.6877102280229,-26.8584179537975,0.0 -49.6877712518274,-26.8584017914625,0.0 -49.687831933791,-26.8583946286552,0.0 -49.687882900877,-26.8583781601459,0.0 -49.6879335261331,-26.8583706911737,0.0 -49.6879841513826,-26.8583632221825,0.0 -49.6880351184319,-26.8583467536141,0.0 -49.6880857436637,-26.8583392845847,0.0 -49.688136368889,-26.8583318155363,0.0 -49.6881973925847,-26.858315653005,0.0 -49.6882580744748,-26.8583084900065,0.0 -49.6883190981404,-26.8582923274191,0.0 -49.68837978001,-26.8582851643661,0.0 -49.6884505185529,-26.8582783073641,0.0 -49.6885215988539,-26.8582624507614,0.0 -49.688602394053,-26.8582558997529,0.0 -49.6886935876746,-26.8582406551914,0.0 -49.6888045528821,-26.8582350222413,0.0 -49.6889460298445,-26.8582213077632,0.0 -49.689097563449,-26.8582078991714,0.0 -49.6892695520754,-26.8581861028792,0.0 -49.6894515973088,-26.8581646123764,0.0 -49.6896232441228,-26.858151815216,0.0 -49.6897848342258,-26.8581387118617,0.0 -49.6899162542774,-26.8581246904044,0.0 -49.6900275609556,-26.8581100568939,0.0 -49.6901284692984,-26.8581041169193,0.0 -49.6902092642911,-26.8580975649701,0.0 -49.6902900592746,-26.8580910129738,0.0 -49.6903705126308,-26.8580934605165,0.0 -49.6904613642713,-26.8580872143608,0.0 -49.6905619309684,-26.8580902736608,0.0 -49.6906930092751,-26.8580852510549,0.0 -49.6908438593295,-26.8580898397327,0.0 -49.6910252209768,-26.8580863463419,0.0 -49.6912263544051,-26.8580924640744,0.0 -49.6914378860617,-26.8580898877902,0.0 -49.6916494177085,-26.858087311189,0.0 -49.6918304378247,-26.8580928163675,0.0 -49.6919816294254,-26.8580884042358,0.0 -49.6921023095128,-26.8580920740988,0.0 -49.6922028762582,-26.8580951322402,0.0 -49.6922933863337,-26.858097884507,0.0 -49.6923738397379,-26.8581003309182,0.0 -49.6924542931454,-26.8581027772843,0.0 -49.6925347465565,-26.8581052236048,0.0 -49.692615199971,-26.8581076698804,0.0 -49.6927057100664,-26.8581104218862,0.0 -49.6928062768441,-26.8581134796032,0.0 -49.6929266155687,-26.8581261483869,0.0 -49.6930472957262,-26.8581298174535,0.0 -49.6931676344945,-26.8581424860379,0.0 -49.6932883146774,-26.8581461549023,0.0 -49.6934089948678,-26.8581498236648,0.0 -49.6935092203286,-26.8581618805127,0.0 -49.6935997304885,-26.8581646319551,0.0 -49.6936801839678,-26.8581670776337,0.0 -49.6937602960995,-26.8581785228935,0.0 -49.693840749592,-26.8581809684826,0.0 -49.6939108050616,-26.8581921079639,0.0 -49.6940013152551,-26.858194859154,0.0 -49.694091484128,-26.8582066099171,0.0 -49.6941917097103,-26.8582186662967,0.0 -49.6943217640836,-26.8582406392311,0.0 -49.6944622164986,-26.8582539180706,0.0 -49.6946224410553,-26.8582768076957,0.0 -49.6947927223753,-26.8583000027773,0.0 -49.6949532883204,-26.8583138924039,0.0 -49.695093399651,-26.858336170279,0.0 -49.6952137388619,-26.8583488371787,0.0 -49.6953240213927,-26.8583611983867,0.0 -49.6954141905315,-26.85837294834,0.0 -49.6954939617628,-26.8583933923039,0.0 -49.6955740742329,-26.8584048365788,0.0 -49.6956437888012,-26.8584249748881,0.0 -49.695713844594,-26.8584361135169,0.0 -49.6957835592053,-26.8584562517626,0.0 -49.6958529326511,-26.8584853896277,0.0 -49.6959327040369,-26.8585058333632,0.0 -49.6960121342732,-26.8585352767099,0.0 -49.696101962447,-26.8585560259036,0.0 -49.6961914494887,-26.8585857746988,0.0 -49.6962708798444,-26.8586152179148,0.0 -49.6963607081267,-26.8586359669575,0.0 -49.6964300818229,-26.8586651045702,0.0 -49.6965098534337,-26.8586855480078,0.0 -49.6965795683324,-26.8587056858965,0.0 -49.6966492832553,-26.8587258237537,0.0 -49.6967089414579,-26.8587456560807,0.0 -49.6967786564271,-26.8587657938799,0.0 -49.6968487125359,-26.8587769319855,0.0 -49.6969184275483,-26.858797069721,0.0 -49.69699854044,-26.8588085132411,0.0 -49.6970783122498,-26.8588289563826,0.0 -49.6971580840877,-26.8588493994824,0.0 -49.6972482537953,-26.8588611483368,0.0 -49.6973380824434,-26.8588818968037,0.0 -49.6974279111236,-26.8589026452177,0.0 -49.6975076830741,-26.8589230881342,0.0 -49.6975877961119,-26.8589345313387,0.0 -49.6976575113474,-26.8589546687374,0.0 -49.6977376244222,-26.8589661118615,0.0 -49.6978076807454,-26.8589772495186,0.0 -49.6978676803136,-26.8589880817234,0.0 -49.6979377366626,-26.8589992193194,0.0 -49.6980077930254,-26.8590103568822,0.0 -49.6980778494017,-26.8590214944122,0.0 -49.6981378490181,-26.8590323265083,0.0 -49.6982079054203,-26.8590434639771,0.0 -49.6982783028426,-26.8590456017341,0.0 -49.6983483592666,-26.8590567391361,0.0 -49.698418415704,-26.8590678765049,0.0 -49.698488472155,-26.8590790138408,0.0 -49.6985488128257,-26.8590808460894,0.0 -49.6986188692973,-26.8590919833631,0.0 -49.6986889257824,-26.8591031206041,0.0 -49.6987492664691,-26.8591049527692,0.0 -49.6988096071576,-26.8591067849089,0.0 -49.6988598910663,-26.8591083116725,0.0 -49.6989004591521,-26.8591005333847,0.0 -49.6989406862778,-26.859101754771,0.0 -49.6989812543556,-26.8590939764591,0.0 -49.6990218224279,-26.8590861981349,0.0 -49.6990724472743,-26.8590787251344,0.0 -49.699123072114,-26.859071252115,0.0 -49.6991837537259,-26.8590640844048,0.0 -49.6992541511792,-26.8590662216807,0.0 -49.6993346054145,-26.8590686642394,0.0 -49.6994150596532,-26.8590711067528,0.0 -49.699495854806,-26.8590645495278,0.0 -49.6995863658257,-26.8590672972493,0.0 -49.6996768768496,-26.8590700449134,0.0 -49.6997673878778,-26.8590727925203,0.0 -49.6998582397923,-26.8590665403725,0.0 -49.699938694041,-26.8590689825898,0.0 -49.700019148293,-26.8590714247618,0.0 -49.7000898866298,-26.8590645619251,0.0 -49.700150568177,-26.8590573937931,0.0 -49.7002216473494,-26.859041531187,0.0 -49.7007272128966,-26.858984795344,0.0 -49.7009786323134,-26.8589924255664,0.0 -49.7010490297561,-26.8589945619495,0.0 -49.7011294839797,-26.8589970034877,0.0 -49.7012102789801,-26.8589904452672,0.0 -49.7012810171939,-26.8589835818214,0.0 -49.701352096161,-26.8589677186239,0.0 -49.7014131183332,-26.8589515502199,0.0 -49.7014744812392,-26.8589263820709,0.0 -49.7015358441172,-26.8589012138921,0.0 -49.7015871501987,-26.8588757405279,0.0 -49.7016384562564,-26.8588502671422,0.0 -49.7016797055257,-26.8588244885869,0.0 -49.701710898013,-26.8587984048711,0.0 -49.7017420904855,-26.858772321147,0.0 -49.701772942217,-26.8587552371345,0.0 -49.701793737182,-26.8587378479747,0.0 -49.7018141914181,-26.858729458532,0.0 -49.7018349863714,-26.8587120693648,0.0 -49.7018557813178,-26.8586946801938,0.0 -49.7018869737251,-26.85866859643,0.0 -49.7019282228661,-26.8586428177873,0.0 -49.7019694719873,-26.8586170391303,0.0 -49.7020107210892,-26.8585912604589,0.0 -49.702062367614,-26.8585567871686,0.0 -49.7021136734106,-26.8585313135805,0.0 -49.7021649791835,-26.8585058399708,0.0 -49.7022162849324,-26.8584803663399,0.0 -49.7022675906577,-26.8584548926876,0.0 -49.7023188963591,-26.8584294190138,0.0 -49.7023702020367,-26.8584039453188,0.0 -49.7024211670217,-26.8583874713308,0.0 -49.7024624159303,-26.8583616925053,0.0 -49.7025137215428,-26.8583362187507,0.0 -49.7025546297528,-26.8583194396236,0.0 -49.7026059353243,-26.8582939658308,0.0 -49.7026672975901,-26.8582687970901,0.0 -49.7027186031118,-26.8582433232505,0.0 -49.7027796246857,-26.8582271541876,0.0 -49.702840646242,-26.8582109850963,0.0 -49.7029016677804,-26.8581948159767,0.0 -49.7029727460124,-26.8581789518797,0.0 -49.7030434836078,-26.8581720874809,0.0 -49.7031142211946,-26.8581652230456,0.0 -49.7031950154826,-26.8581586636092,0.0 -49.7032758097615,-26.8581521041256,0.0 -49.7033566040307,-26.8581455445948,0.0 -49.7034370577059,-26.8581479847577,0.0 -49.7035279086722,-26.8581417301449,0.0 -49.7036087029196,-26.8581351704678,0.0 -49.7036794404489,-26.8581283057437,0.0 -49.7037602346778,-26.8581217459779,0.0 -49.7038309721897,-26.8581148811761,0.0 -49.7038919935339,-26.858098711607,0.0 -49.7039627310231,-26.8580918467368,0.0 -49.704024092873,-26.8580666773593,0.0 -49.7040951708656,-26.8580508126711,0.0 -49.7041565326628,-26.8580256432302,0.0 -49.704217894432,-26.8580004737594,0.0 -49.7042893128698,-26.8579756092146,0.0 -49.7043610717844,-26.857941744878,0.0 -49.7044224334602,-26.8579165753077,0.0 -49.7044938517981,-26.8578917106481,0.0 -49.7045656105951,-26.8578578461941,0.0 -49.7046370288628,-26.857832981454,0.0 -49.7046987308954,-26.8577988119936,0.0 -49.7047600924147,-26.8577736422587,0.0 -49.7048214539061,-26.8577484724939,0.0 -49.7048828153695,-26.8577233026992,0.0 -49.7049344605906,-26.8576888282088,0.0 -49.7049861057788,-26.857654353696,0.0 -49.705027694267,-26.8576195742611,0.0 -49.7050692827279,-26.8575847948108,0.0 -49.705100474056,-26.857558710213,0.0 -49.7051320058104,-26.8575236258451,0.0 -49.7051531404483,-26.8574972363406,0.0 -49.705173934638,-26.8574798465938,0.0 -49.7051947288207,-26.8574624568432,0.0 -49.7052158634305,-26.857436067326,0.0 -49.7052470546792,-26.8574099826868,0.0 -49.7052782459126,-26.857383898039,0.0 -49.7053097775558,-26.8573488136185,0.0 -49.7053409687559,-26.857322728953,0.0 -49.7053825569991,-26.8572879493855,0.0 -49.7054241452153,-26.8572531698027,0.0 -49.7054653929938,-26.8572273899703,0.0 -49.7055069811599,-26.8571926103574,0.0 -49.7055582855244,-26.8571671353538,0.0 -49.7055998736372,-26.8571323557073,0.0 -49.7056418021182,-26.8570885762774,0.0 -49.705683730564,-26.8570447968309,0.0 -49.7057360559762,-26.8569923224422,0.0 -49.7057890620984,-26.8569218484877,0.0 -49.7058524651249,-26.856842679568,0.0 -49.7059168891593,-26.8567365112932,0.0 -49.7060021069439,-26.85661295307,0.0 -49.706097721444,-26.8564806998102,0.0 -49.7062037325972,-26.8563397514856,0.0 -49.7062993465861,-26.856207498031,0.0 -49.7063845634739,-26.8560839394748,0.0 -49.7064486461622,-26.8559867706189,0.0 -49.7065123884207,-26.8558986015002,0.0 -49.7065657337549,-26.8558191273493,0.0 -49.7066083419029,-26.8557573479635,0.0 -49.7066408934972,-26.8556952637939,0.0 -49.7066835015482,-26.8556334843743,0.0 -49.7067163933434,-26.8555624003948,0.0 -49.7067496253748,-26.8554823166189,0.0 -49.706792913828,-26.8554025375811,0.0 -49.7068372230344,-26.8552957591687,0.0 -49.7068922691371,-26.8551712859033,0.0 -49.7069573715453,-26.8550471173375,0.0 -49.7070127576103,-26.8549136442055,0.0 -49.707078199945,-26.8547804757599,0.0 -49.7071332454511,-26.8546560023335,0.0 -49.7071772137073,-26.8545582235236,0.0 -49.7072107852486,-26.8544691397681,0.0 -49.7072440164984,-26.8543890557881,0.0 -49.7072769074685,-26.8543179715852,0.0 -49.7072994017922,-26.8542555824571,0.0 -49.7073222363055,-26.8541841935303,0.0 -49.7073350144186,-26.8541124998965,0.0 -49.7073484729387,-26.8540228066747,0.0 -49.7073723279876,-26.8539244183514,0.0 -49.7073868070602,-26.8538077257394,0.0 -49.7074120228229,-26.8536733382247,0.0 -49.7074379189032,-26.8535209511088,0.0 -49.7074638148839,-26.8533685639776,0.0 -49.7074897107649,-26.8532161768311,0.0 -49.7075149261713,-26.85308178926,0.0 -49.7075294048623,-26.8529650965933,0.0 -49.7075532593976,-26.8528667081841,0.0 -49.7075663772732,-26.8527860146886,0.0 -49.7075690987023,-26.8527140163173,0.0 -49.7075815361813,-26.8526513224091,0.0 -49.70758391741,-26.8525883238316,0.0 -49.707596354857,-26.8525256299188,0.0 -49.7075980557203,-26.8524806309334,0.0 -49.7076000967511,-26.8524266321504,0.0 -49.7076017976057,-26.8523816331642,0.0 -49.7076031582865,-26.8523456339749,0.0 -49.7076045189648,-26.8523096347854,0.0 -49.7076055394719,-26.8522826353931,0.0 -49.7076069001456,-26.8522466362032,0.0 -49.7076086009842,-26.8522016372153,0.0 -49.7076099616523,-26.8521656380249,0.0 -49.7076116624837,-26.8521206390363,0.0 -49.7076234194977,-26.852075944706,0.0 -49.7076251203173,-26.8520309457162,0.0 -49.7076365371496,-26.8519952511808,0.0 -49.707647613812,-26.8519685564419,0.0 -49.7076583503088,-26.8519508614999,0.0 -49.707679142976,-26.85193347121,0.0 -49.7076895393071,-26.8519247760636,0.0 -49.7076898794639,-26.8519157762645,0.0 -49.7076902196205,-26.8519067764657,0.0 -49.707690559777,-26.8518977766666,0.0 -49.7076811839201,-26.851879472417,0.0 -49.7076822043899,-26.8518524730204,0.0 -49.7076731686937,-26.8518251689718,0.0 -49.7076748694751,-26.8517801699775,0.0 -49.7076769104077,-26.8517261711837,0.0 -49.707679631642,-26.8516541727912,0.0 -49.7076830331705,-26.8515641747991,0.0 -49.7076867748336,-26.8514651770059,0.0 -49.7076908566259,-26.8513571794114,0.0 -49.7076956186879,-26.851231182215,0.0 -49.7077003807186,-26.8511051850155,0.0 -49.7077048025763,-26.8509881876132,0.0 -49.7077092244071,-26.8508711902084,0.0 -49.7077129659353,-26.8507721924022,0.0 -49.7077163673077,-26.850682194395,0.0 -49.7077194285294,-26.8506011961872,0.0 -49.7077221496043,-26.8505291977792,0.0 -49.7077047585805,-26.8504565901006,0.0 -49.70769742361,-26.8503842870575,0.0 -49.7076800326105,-26.8503116793793,0.0 -49.7076626416264,-26.8502390717011,0.0 -49.707644910523,-26.8501754638235,0.0 -49.7076271794341,-26.8501118559454,0.0 -49.7076288801076,-26.8500668569428,0.0 -49.7076201846371,-26.8500305531039,0.0 -49.7076215451736,-26.8499945539018,0.0 -49.7076215261423,-26.8499944744454,0.0 -49.7076084,-26.8499824992383,0.0 -49.7075575,-26.8499384992383,0.0 -49.707504,-26.8498942992384,0.0 -49.7074479,-26.8498500992383,0.0 -49.7073898,-26.8498059992383,0.0 -49.7073297,-26.8497620992383,0.0 -49.7072681,-26.8497186992384,0.0 -49.7072051,-26.8496758992383,0.0 -49.7071411,-26.8496336992383,0.0 -49.7070762,-26.8495921992383,0.0 -49.7069445,-26.8495104992383,0.0 -49.7066781,-26.8493502992384,0.0 -49.706546,-26.8492699992384,0.0 -49.7064807,-26.8492293992384,0.0 -49.706416,-26.8491882992384,0.0 -49.706352,-26.8491465992384,0.0 -49.7062888,-26.8491039992384,0.0 -49.7062266,-26.8490605992384,0.0 -49.7061654,-26.8490160992384,0.0 -49.7061054,-26.8489704992384,0.0 -49.7060467,-26.8489238992384,0.0 -49.7059896,-26.8488763992384,0.0 -49.7059341,-26.8488283992384,0.0 -49.7058806,-26.8487798992384,0.0 -49.7058291,-26.8487310992384,0.0 -49.7057799,-26.8486822992384,0.0 -49.7057332,-26.8486335992384,0.0 -49.7056891,-26.8485850992384,0.0 -49.7056477,-26.8485369992384,0.0 -49.705609,-26.8484892992384,0.0 -49.7055729,-26.8484419992384,0.0 -49.7055395,-26.8483950992384,0.0 -49.7055087,-26.8483485992384,0.0 -49.7054806,-26.8483026992384,0.0 -49.7054552,-26.8482572992384,0.0 -49.7054324,-26.8482124992384,0.0 -49.7054121,-26.8481681992384,0.0 -49.7053941,-26.8481242992384,0.0 -49.7053782,-26.8480807992384,0.0 -49.7053643,-26.8480374992384,0.0 -49.7053521,-26.8479943992384,0.0 -49.7053416,-26.8479513992384,0.0 -49.7053325,-26.8479083992384,0.0 -49.7053246,-26.8478652992384,0.0 -49.705318,-26.8478219992384,0.0 -49.7053126,-26.8477781992384,0.0 -49.7053084,-26.8477335992384,0.0 -49.7053054,-26.8476879992384,0.0 -49.7053035,-26.8476411992384,0.0 -49.7053034859678,-26.8476403537972,0.0 -49.7052948832641,-26.847626478358,0.0 -49.7052664173228,-26.8475805651477,0.0 -49.7052480071823,-26.8475349567128,0.0 -49.7052198815642,-26.8474800437222,0.0 -49.7051914156811,-26.8474341305039,0.0 -49.7051629498179,-26.8473882172826,0.0 -49.7051348242666,-26.8473333042833,0.0 -49.7051164142041,-26.8472876958413,0.0 -49.7050980041537,-26.8472420873985,0.0 -49.7050792538215,-26.8472054787288,0.0 -49.7050705592476,-26.8471691748456,0.0 -49.7050615243833,-26.8471418707362,0.0 -49.7050521492278,-26.8471235664006,0.0 -49.7050528298169,-26.8471055668528,0.0 -49.7050431143699,-26.847096262291,0.0 -49.7050437949597,-26.8470782627433,0.0 -49.7050344198106,-26.8470599584075,0.0 -49.7050253849598,-26.8470326542976,0.0 -49.705016690408,-26.8469963504139,0.0 -49.705008336156,-26.8469510467567,0.0 -49.7049999819079,-26.8469057430996,0.0 -49.7049916276638,-26.8468604394426,0.0 -49.704993669435,-26.8468064408012,0.0 -49.7049957112005,-26.8467524421594,0.0 -49.7050078086667,-26.846698748304,0.0 -49.7050098504158,-26.8466447496604,0.0 -49.7050216075672,-26.8466000555751,0.0 -49.7050337049942,-26.8465463617133,0.0 -49.70504546212,-26.8465016676235,0.0 -49.705057219234,-26.8464569735312,0.0 -49.7050589206549,-26.8464119746572,0.0 -49.7050706777491,-26.8463672805617,0.0 -49.7050827751119,-26.8463135866887,0.0 -49.7050948724596,-26.8462598928131,0.0 -49.7051069697922,-26.8462061989348,0.0 -49.7051287824937,-26.8461618096024,0.0 -49.7051509354478,-26.8461084204882,0.0 -49.7051730883774,-26.8460550313678,0.0 -49.7052049566618,-26.846010946784,0.0 -49.7052368249191,-26.8459668621899,0.0 -49.7052787487882,-26.8459230823451,0.0 -49.7053102767309,-26.8458879975064,0.0 -49.7053418046528,-26.845852912658,0.0 -49.7053632769238,-26.8458175230483,0.0 -49.7053944645587,-26.8457914379632,0.0 -49.7054259924234,-26.8457563530896,0.0 -49.7054575202671,-26.8457212682064,0.0 -49.7054890480897,-26.8456861833139,0.0 -49.7055209161274,-26.8456420986305,0.0 -49.7055628397487,-26.8455983186733,0.0 -49.7056047633356,-26.8455545386995,0.0 -49.7056466868875,-26.8455107587093,0.0 -49.7056986660046,-26.845467283428,0.0 -49.7057506450796,-26.8454238081227,0.0 -49.7058130199138,-26.8453716377248,0.0 -49.7058753946873,-26.8453194672924,0.0 -49.7059381095974,-26.8452582970386,0.0 -49.7060209355893,-26.845197736149,0.0 -49.7061041016706,-26.8451281754113,0.0 -49.7061872676439,-26.8450586146121,0.0 -49.7062704335092,-26.8449890537517,0.0 -49.7063432035529,-26.8449281879484,0.0 -49.7064159735137,-26.8448673220982,0.0 -49.7064783477001,-26.844815151332,0.0 -49.7065403816834,-26.8447719803258,0.0 -49.7066024156173,-26.8447288092865,0.0 -49.7066540538357,-26.8446943333613,0.0 -49.7067157475528,-26.8446601620587,0.0 -49.7067771011097,-26.8446349905219,0.0 -49.7068488502818,-26.8446011237922,0.0 -49.7069102037755,-26.8445759521904,0.0 -49.706981612764,-26.8445510851839,0.0 -49.7070530217205,-26.8445262181377,0.0 -49.7071348262553,-26.8444926558638,0.0 -49.7072062351397,-26.8444677887319,0.0 -49.7072779840715,-26.8444339217567,0.0 -49.7073594483973,-26.8444093591415,0.0 -49.7074308571777,-26.8443844918842,0.0 -49.7074922104187,-26.8443593200008,0.0 -49.7075636191371,-26.8443344526694,0.0 -49.70762531237,-26.8443002809139,0.0 -49.70768666552,-26.8442751089356,0.0 -49.7077483586811,-26.8442409371181,0.0 -49.7078204473314,-26.8441980700214,0.0 -49.707892535925,-26.8441552028814,0.0 -49.7079750199679,-26.8441036404361,0.0 -49.7080678994256,-26.8440433826638,0.0 -49.7081815697341,-26.8439657342586,0.0 -49.7083052953479,-26.8438883902679,0.0 -49.7084290207856,-26.8438110461487,0.0 -49.7085426905923,-26.8437333973952,0.0 -49.7086560202772,-26.8436647483524,0.0 -49.7087492389322,-26.8435954902237,0.0 -49.7088317221437,-26.843543927183,0.0 -49.7089038099056,-26.8435010594313,0.0 -49.7089755576801,-26.8434671914612,0.0 -49.7090372499804,-26.843433018982,0.0 -49.7090885468943,-26.8434075418343,0.0 -49.70914989921,-26.8433823691248,0.0 -49.7092008561628,-26.843365891758,0.0 -49.7092518131006,-26.843349414371,0.0 -49.7093027700232,-26.843332936964,0.0 -49.7093433316107,-26.8433251549215,0.0 -49.7093741776687,-26.8433080685944,0.0 -49.7094147392421,-26.8433002865298,0.0 -49.7094452453913,-26.8432922000157,0.0 -49.7094861468417,-26.8432754180985,0.0 -49.709496322931,-26.8432734657242,0.0 -49.7095646,-26.8432175992385,0.0 -49.7097477,-26.8430660992385,0.0 -49.709932,-26.8429118992385,0.0 -49.7101165,-26.8427554992385,0.0 -49.7103004,-26.8425973992385,0.0 -49.7104536334559,-26.8424634985828,0.0 -49.7104649970308,-26.8424130473735,0.0 -49.7104871464915,-26.8423596570209,0.0 -49.7105099755119,-26.8422882669734,0.0 -49.7105431996124,-26.8422081814227,0.0 -49.7105868187608,-26.8421194003577,0.0 -49.7106210620788,-26.8420123152372,0.0 -49.7106754159174,-26.8419058387735,0.0 -49.7107200541167,-26.8417900580967,0.0 -49.7107643524449,-26.8416832772418,0.0 -49.7108086506754,-26.8415764963619,0.0 -49.7108422140378,-26.8414874108364,0.0 -49.7108754375874,-26.8414073251458,0.0 -49.7108982660847,-26.8413359349772,0.0 -49.7109308100474,-26.8412738489637,0.0 -49.7109429037481,-26.8412201541701,0.0 -49.7109650526695,-26.8411667636822,0.0 -49.7109771463352,-26.8411130688818,0.0 -49.7109889002496,-26.8410683739303,0.0 -49.7109902591933,-26.8410323745238,0.0 -49.711001333621,-26.841005679273,0.0 -49.7110023528234,-26.8409786797175,0.0 -49.7110030322909,-26.8409606800137,0.0 -49.7110137669739,-26.8409429846125,0.0 -49.7110144464384,-26.8409249849084,0.0 -49.7110154656341,-26.8408979853521,0.0 -49.7110265400383,-26.8408712900967,0.0 -49.7110278989585,-26.8408352906874,0.0 -49.7110396528081,-26.8407905957246,0.0 -49.7110514066458,-26.8407459007597,0.0 -49.7110631604717,-26.8407012057926,0.0 -49.7110853091997,-26.8406478152644,0.0 -49.7110967232754,-26.8406121201445,0.0 -49.7111185322455,-26.8405677294605,0.0 -49.7111299462992,-26.8405320343355,0.0 -49.7111514155216,-26.8404966434969,0.0 -49.7111621501269,-26.8404789480757,0.0 -49.7111728847288,-26.8404612526533,0.0 -49.711173564154,-26.8404432529442,0.0 -49.711184638461,-26.8404165576654,0.0 -49.7111953730519,-26.8403988622402,0.0 -49.7112067870568,-26.8403631671034,0.0 -49.7112282562154,-26.8403277762461,0.0 -49.7112400099044,-26.8402830812489,0.0 -49.7112618187365,-26.8402386905272,0.0 -49.7112735723979,-26.8401939955241,0.0 -49.7112856657467,-26.8401403006626,0.0 -49.7112977590804,-26.8400866057983,0.0 -49.7112997972619,-26.8400326066591,0.0 -49.7113118905699,-26.839978911791,0.0 -49.7113239838629,-26.8399252169201,0.0 -49.7113357374493,-26.8398805219037,0.0 -49.7113575461438,-26.8398361311519,0.0 -49.7113790151318,-26.8398007402524,0.0 -49.7114004841049,-26.8397653493479,0.0 -49.7114115582694,-26.8397386540354,0.0 -49.7114222927455,-26.8397209585799,0.0 -49.7114326875367,-26.8397122629816,0.0 -49.7114434220063,-26.8396945675238,0.0 -49.7114538167932,-26.8396858719236,0.0 -49.7114648909346,-26.8396591766044,0.0 -49.7114856804961,-26.8396417853986,0.0 -49.7114970942989,-26.839606090216,0.0 -49.711528957958,-26.8395620036762,0.0 -49.7115507664977,-26.839517612877,0.0 -49.711582969772,-26.8394645264588,0.0 -49.7116051179295,-26.8394111357851,0.0 -49.7116380004605,-26.8393400496245,0.0 -49.7116816173244,-26.8392512679649,0.0 -49.7117259134098,-26.8391444865575,0.0 -49.7117916780698,-26.8390023141272,0.0 -49.711858121809,-26.8388421419154,0.0 -49.7119460338689,-26.8386465786115,0.0 -49.7120339455772,-26.8384510152131,0.0 -49.7121114623444,-26.8382641473928,0.0 -49.7121882996166,-26.8380952792352,0.0 -49.7122537233083,-26.8379621063051,0.0 -49.7122983577617,-26.8378463247107,0.0 -49.7123416337851,-26.837766542577,0.0 -49.7123745152289,-26.8376954561227,0.0 -49.7124067174778,-26.8376423694006,0.0 -49.7124489746182,-26.8375895868337,0.0 -49.7124811767951,-26.8375365000864,0.0 -49.7125230942921,-26.8374927173623,0.0 -49.7125549568412,-26.8374486304651,0.0 -49.7125868193632,-26.8374045435575,0.0 -49.7126193609633,-26.8373424568886,0.0 -49.7126418476244,-26.8372800660591,0.0 -49.712664673803,-26.8372086753463,0.0 -49.7126978943757,-26.8371285888932,0.0 -49.7127217390951,-26.8370301985312,0.0 -49.7127559781645,-26.8369231124194,0.0 -49.7128006115433,-26.8368073305455,0.0 -49.7128355294923,-26.8366822446376,0.0 -49.712870107823,-26.8365661585899,0.0 -49.7129043465489,-26.8364590724041,0.0 -49.7129382456824,-26.8363609860816,0.0 -49.7129617504251,-26.8362715955086,0.0 -49.7129845761072,-26.8362002046893,0.0 -49.7130070622498,-26.836137813744,0.0 -49.7130295483628,-26.8360754227917,0.0 -49.7130620892343,-26.8360133359391,0.0 -49.7130845752824,-26.8359509449709,0.0 -49.713106721808,-26.8358975538788,0.0 -49.7131392625723,-26.8358354669963,0.0 -49.7131617485285,-26.8357730760055,0.0 -49.7131939497337,-26.8357199889862,0.0 -49.7132264903851,-26.8356579020708,0.0 -49.7132489762442,-26.8355955110553,0.0 -49.7132815168201,-26.8355334241187,0.0 -49.7133137178852,-26.8354803370562,0.0 -49.7133362036469,-26.8354179460158,0.0 -49.7133687441101,-26.8353558590465,0.0 -49.713400945072,-26.8353027719524,0.0 -49.7134334854578,-26.8352406849594,0.0 -49.713465686349,-26.8351875978425,0.0 -49.7135082813686,-26.8351258148915,0.0 -49.7135609310431,-26.8350643359833,0.0 -49.7136243142341,-26.8349851613238,0.0 -49.7137084855754,-26.8348885949414,0.0 -49.7138141238094,-26.8347566370019,0.0 -49.7139506045963,-26.8346075912535,0.0 -49.7140981578307,-26.8344318496562,0.0 -49.7142457105697,-26.8342561078484,0.0 -49.7143932628128,-26.8340803658297,0.0 -49.7145300812511,-26.833922319425,0.0 -49.7146353781296,-26.8337993605447,0.0 -49.7147195475878,-26.8337027933446,0.0 -49.7147829290751,-26.8336236179707,0.0 -49.7148459711451,-26.8335534424639,0.0 -49.7148885646731,-26.8334916589266,0.0 -49.7149412127162,-26.8334301793174,0.0 -49.7149938606973,-26.8333686996814,0.0 -49.7150471872193,-26.8332892202004,0.0 -49.7151209620474,-26.833201348644,0.0 -49.7152058091482,-26.8330867812256,0.0 -49.7153017284168,-26.8329455179135,0.0 -49.7154180957108,-26.8327958624061,0.0 -49.7155348019231,-26.8326372068486,0.0 -49.7156511685358,-26.8324875510714,0.0 -49.7157571411103,-26.8323465912019,0.0 -49.7158419868069,-26.8322320232414,0.0 -49.7159157602158,-26.8321441511078,0.0 -49.7159690853943,-26.8320646711257,0.0 -49.7160217320801,-26.8320031909588,0.0 -49.716074378704,-26.8319417107653,0.0 -49.7161273644612,-26.8318712306212,0.0 -49.7161907437616,-26.8317920543661,0.0 -49.7162853037621,-26.8316867897985,0.0 -49.7164217770399,-26.8315377408044,0.0 -49.7166005023973,-26.8313359072927,0.0 -49.716841927176,-26.8310728966882,0.0 -49.7171155483803,-26.8307567972129,0.0 -49.7174096156283,-26.8304323045619,0.0 -49.7176828944083,-26.8301252035454,0.0 -49.7179243137066,-26.8298621904644,0.0 -49.7181033723381,-26.8296513544468,0.0 -49.7182395014096,-26.829511303052,0.0 -49.7183343962948,-26.8293970366916,0.0 -49.7184074876658,-26.8293271626977,0.0 -49.7184601315507,-26.8292656813021,0.0 -49.718512775374,-26.8292041998798,0.0 -49.7185754733346,-26.8291430220764,0.0 -49.7186485643715,-26.8290731479197,0.0 -49.7187320484466,-26.8289945773891,0.0 -49.7188366575701,-26.8288896141669,0.0 -49.7189519985076,-26.828766954537,0.0 -49.719087786404,-26.8286359020287,0.0 -49.7192339670102,-26.8284961529792,0.0 -49.7193700931004,-26.8283561001541,0.0 -49.7194954869596,-26.8282337435226,0.0 -49.7195997557111,-26.8281377795322,0.0 -49.7196835772068,-26.8280502083045,0.0 -49.7197466126633,-26.8279800298551,0.0 -49.71980930919,-26.8279188513399,0.0 -49.7198616127139,-26.827866369221,0.0 -49.7199042009369,-26.8278045835663,0.0 -49.7199568431887,-26.8277431014262,0.0 -49.7200202171045,-26.827663922838,0.0 -49.7200939838089,-26.8275760477566,0.0 -49.7201788208781,-26.8274614762065,0.0 -49.720284443451,-26.8273295116403,0.0 -49.7204007973669,-26.8271798505011,0.0 -49.7205171509475,-26.8270301892278,0.0 -49.7206335041935,-26.8268805278205,0.0 -49.7207394643566,-26.8267395627969,0.0 -49.7208239612822,-26.8266339906858,0.0 -49.7208876726048,-26.82654581157,0.0 -49.7209510450843,-26.8264666324005,0.0 -49.7210033473162,-26.8264141497112,0.0 -49.7210455955352,-26.8263613635552,0.0 -49.7210875049897,-26.8263175773709,0.0 -49.7211294144097,-26.8262737911702,0.0 -49.7211706463675,-26.8262480049338,0.0 -49.7212122170159,-26.8262132186922,0.0 -49.7212433949845,-26.8261871290009,0.0 -49.7212742342335,-26.8261700392927,0.0 -49.7212950195293,-26.826152646155,0.0 -49.7213158048184,-26.8261352530133,0.0 -49.7213466440411,-26.8261181632864,0.0 -49.7213674293154,-26.8261007701355,0.0 -49.7213986072137,-26.8260746804019,0.0 -49.7214398390318,-26.8260488940708,0.0 -49.7214710168978,-26.8260228043177,0.0 -49.7215025334324,-26.8259877145612,0.0 -49.7215337112654,-26.8259616247905,0.0 -49.7215548351577,-26.8259352316099,0.0 -49.7215756203626,-26.8259178384205,0.0 -49.7215863516385,-26.8259001418287,0.0 -49.7216074755053,-26.8258737486373,0.0 -49.7216279220173,-26.825865355434,0.0 -49.721668815032,-26.8258485690171,0.0 -49.7216996541181,-26.8258314791974,0.0 -49.7217509396859,-26.8258059961463,0.0 -49.7218022252302,-26.8257805130738,0.0 -49.7218635646608,-26.825755333358,0.0 -49.7219255813564,-26.825712153613,0.0 -49.7220083830869,-26.825651580568,0.0 -49.7221223623002,-26.8255649175336,0.0 -49.7222986963313,-26.8254260744379,0.0 -49.7225373846814,-26.82523505099,0.0 -49.7228588729233,-26.824983453385,0.0 -49.7232323214248,-26.8246883711561,0.0 -49.7236161601671,-26.8243845909246,0.0 -49.7239795507448,-26.8240892030079,0.0 -49.7243010321933,-26.8238376013437,0.0 -49.7245397134631,-26.8236465737027,0.0 -49.7247160412326,-26.823507726873,0.0 -49.7248303543828,-26.8234120611086,0.0 -49.7249131527158,-26.8233514859724,0.0 -49.7249855588849,-26.8232996076845,0.0 -49.7250378575879,-26.8232471230979,0.0 -49.7250901562393,-26.8231946384861,0.0 -49.7251521701742,-26.8231514570086,0.0 -49.7252044687225,-26.8230989723425,0.0 -49.7252671592434,-26.8230377907184,0.0 -49.7253298496921,-26.8229766090581,0.0 -49.7254025937388,-26.8229157304608,0.0 -49.7254753377026,-26.8228548518163,0.0 -49.7255380279244,-26.8227936700378,0.0 -49.7256007180739,-26.8227324882233,0.0 -49.7256634081514,-26.8226713063726,0.0 -49.7257257598557,-26.8226191245343,0.0 -49.725777719563,-26.8225756396427,0.0 -49.7258300175194,-26.8225231546775,0.0 -49.7258920307709,-26.822479972797,0.0 -49.7259543822528,-26.8224277908324,0.0 -49.7260368409226,-26.8223762149308,0.0 -49.7261300296636,-26.8223069419064,0.0 -49.726264109241,-26.8222208808243,0.0 -49.7264397559717,-26.8221000314352,0.0 -49.7266666849174,-26.8219536966087,0.0 -49.7269247885646,-26.821781270099,0.0 -49.7271929449522,-26.8216091459828,0.0 -49.7274409933998,-26.8214364153837,0.0 -49.7276679196115,-26.8212900786365,0.0 -49.727843563272,-26.8211692271514,0.0 -49.7279776400892,-26.8210831641276,0.0 -49.7280808799862,-26.8210141924438,0.0 -49.7281636746595,-26.8209536149841,0.0 -49.7282360776628,-26.8209017346684,0.0 -49.7282984271007,-26.8208495514355,0.0 -49.7283916130803,-26.8207802766036,0.0 -49.7285055820162,-26.820693607244,0.0 -49.7286718463782,-26.820554451486,0.0 -49.7289001211549,-26.8203721120071,0.0 -49.729201135175,-26.820128891057,0.0 -49.7295440512874,-26.8198418799306,0.0 -49.7299074102644,-26.8195464731535,0.0 -49.7302603759897,-26.8192597626023,0.0 -49.7305613838167,-26.8190165380464,0.0 -49.7307896521247,-26.8188341947754,0.0 -49.7309559106482,-26.8186950356622,0.0 -49.7310698753133,-26.8186083637461,0.0 -49.7311530042728,-26.8185387840145,0.0 -49.7312250664121,-26.8184959019355,0.0 -49.7312870752011,-26.8184527171771,0.0 -49.7313591372309,-26.8184098350173,0.0 -49.7314208081286,-26.8183756503089,0.0 -49.7314921944896,-26.8183507683122,0.0 -49.7315639185953,-26.8183168861534,0.0 -49.7316353048862,-26.8182920040764,0.0 -49.7317167444236,-26.8182674245646,0.0 -49.7317981839251,-26.8182428450017,0.0 -49.7318997299399,-26.8182188705714,0.0 -49.7320116669237,-26.8181861985187,0.0 -49.7321336571114,-26.8181538289441,0.0 -49.7322757537629,-26.8181220643847,0.0 -49.7324282413035,-26.8180816020934,0.0 -49.7325706754728,-26.8180408370836,0.0 -49.7327027185984,-26.8180087695232,0.0 -49.7328143174636,-26.817985096922,0.0 -49.7329061474377,-26.8179518190556,0.0 -49.732997639699,-26.8179275412629,0.0 -49.7330686877686,-26.8179116585382,0.0 -49.7331400734639,-26.817886775634,0.0 -49.7332014058807,-26.8178615901949,0.0 -49.7332630759046,-26.8178274045834,0.0 -49.7333244082601,-26.8178022190841,0.0 -49.7333860782126,-26.8177680334106,0.0 -49.7334376948904,-26.8177335452286,0.0 -49.733479258302,-26.8176987545503,0.0 -49.7335208216868,-26.8176639638566,0.0 -49.7335519942077,-26.8176378708264,0.0 -49.7335835043201,-26.8176027776405,0.0 -49.7336046235852,-26.817576382129,0.0 -49.7336254052366,-26.8175589867605,0.0 -49.7336461868815,-26.8175415913883,0.0 -49.7336565777013,-26.8175328937008,0.0 -49.7336673061183,-26.8175151958642,0.0 -49.7336884253447,-26.8174888003356,0.0 -49.7337092069654,-26.8174714049514,0.0 -49.733740716976,-26.8174363117189,0.0 -49.7337718893766,-26.8174102186263,0.0 -49.733803061762,-26.8173841255252,0.0 -49.7338342341321,-26.8173580324155,0.0 -49.733855015704,-26.8173406370042,0.0 -49.7338855128913,-26.8173325441819,0.0 -49.7339062944502,-26.8173151487616,0.0 -49.7339267384268,-26.8173067534888,0.0 -49.7339478575474,-26.8172803579095,0.0 -49.7339790298524,-26.8172542647603,0.0 -49.7340001489492,-26.8172278691705,0.0 -49.7340216056014,-26.8171924734236,0.0 -49.7340430622389,-26.8171570776718,0.0 -49.7340645188612,-26.817121681915,0.0 -49.7340755847273,-26.8170949838813,0.0 -49.7340863130281,-26.8170772859997,0.0 -49.7341070945038,-26.8170598905403,0.0 -49.7341181603518,-26.8170331925013,0.0 -49.7341292261937,-26.8170064944606,0.0 -49.7341503452014,-26.8169800988382,0.0 -49.7341721392996,-26.8169357029019,0.0 -49.7341939333782,-26.8168913069601,0.0 -49.7342157274372,-26.8168469110127,0.0 -49.7342381965633,-26.8167845147483,0.0 -49.7342606656597,-26.8167221184771,0.0 -49.7342838098015,-26.8166417218862,0.0 -49.7343076289705,-26.8165433249733,0.0 -49.7343428513298,-26.8164092298217,0.0 -49.7343898143103,-26.8162304362544,0.0 -49.7344384646834,-26.8160066418559,0.0 -49.7345082334566,-26.8157564516973,0.0 -49.7345686237952,-26.8154879587652,0.0 -49.734628338777,-26.8152374660909,0.0 -49.7346870409705,-26.8150139738436,0.0 -49.7347239495281,-26.814834877649,0.0 -49.7347591705728,-26.8147007822502,0.0 -49.7347930416432,-26.814602687491,0.0 -49.7348161847582,-26.8145222907006,0.0 -49.7348389903709,-26.8144508940675,0.0 -49.7348611210308,-26.8143974977589,0.0 -49.734893642064,-26.8143354036174,0.0 -49.7349154352148,-26.814291007461,0.0 -49.7349372283462,-26.8142466112989,0.0 -49.734959021458,-26.8142022151311,0.0 -49.7349603712501,-26.8141662144613,0.0 -49.7349717739636,-26.8141305161232,0.0 -49.734963070827,-26.8140942131208,0.0 -49.7349644206118,-26.8140582124501,0.0 -49.7349657703938,-26.8140222117792,0.0 -49.7349775105283,-26.8139775132704,0.0 -49.7349895880929,-26.8139238145911,0.0 -49.7350016656424,-26.8138701159092,0.0 -49.7350137431768,-26.8138164172246,0.0 -49.7350258206962,-26.8137627185374,0.0 -49.7350378982003,-26.8137090198475,0.0 -49.735049638256,-26.8136643213241,0.0 -49.7350717686101,-26.8136109249486,0.0 -49.7350838460659,-26.8135572262495,0.0 -49.7350959235066,-26.8135035275476,0.0 -49.7351080009323,-26.8134498288431,0.0 -49.7351301312025,-26.8133964324493,0.0 -49.7351422085932,-26.8133427337382,0.0 -49.735164676238,-26.813280337163,0.0 -49.7351770910089,-26.8132176382734,0.0 -49.7351995585999,-26.8131552416869,0.0 -49.7352320789944,-26.8130931473963,0.0 -49.7352548839285,-26.8130217506213,0.0 -49.7352981318724,-26.8129419582599,0.0 -49.7353320017329,-26.8128438632379,0.0 -49.73537626172,-26.8127370703148,0.0 -49.7354309117907,-26.812621579476,0.0 -49.7354855617333,-26.8125060886018,0.0 -49.7355301587754,-26.8123902954181,0.0 -49.735574418338,-26.8122835023854,0.0 -49.7356183404361,-26.8121857095058,0.0 -49.7356515349742,-26.8121056146969,0.0 -49.7356843920982,-26.8120345200528,0.0 -49.735726964555,-26.8119727278313,0.0 -49.7357594842298,-26.8119106333383,0.0 -49.7358020565898,-26.8118488410832,0.0 -49.7358442915552,-26.8117960489902,0.0 -49.7358972538714,-26.8117255587588,0.0 -49.7359602688244,-26.8116553707359,0.0 -49.7360336737217,-26.8115764847226,0.0 -49.7361178058395,-26.8114799005137,0.0 -49.7362123277965,-26.8113746182674,0.0 -49.7363068495647,-26.8112693359363,0.0 -49.7363913184769,-26.8111637513201,0.0 -49.7364754499354,-26.8110671668232,0.0 -49.7365488540373,-26.8109882804517,0.0 -49.7366222580296,-26.8109093940295,0.0 -49.7366748821077,-26.8108479035873,0.0 -49.7367271688653,-26.8107954133112,0.0 -49.7367794555712,-26.8107429230096,0.0 -49.7368213523486,-26.8106991307115,0.0 -49.7368736389602,-26.8106466403644,0.0 -49.7369356408993,-26.8106034523441,0.0 -49.7369879274079,-26.8105509619429,0.0 -49.7370506037043,-26.8104897734675,0.0 -49.7371229953106,-26.8104378872955,0.0 -49.7371957240634,-26.8103770008801,0.0 -49.7372687899427,-26.8103071142183,0.0 -49.7373415185241,-26.8102462277081,0.0 -49.7374041944389,-26.8101850390324,0.0 -49.7374665330908,-26.8101328505227,0.0 -49.7375288716822,-26.8100806619786,0.0 -49.737580820462,-26.8100371714988,0.0 -49.7376431589421,-26.8099849828915,0.0 -49.7376951076293,-26.8099414923592,0.0 -49.737757108834,-26.8098983038945,0.0 -49.7378298368614,-26.8098374170698,0.0 -49.7379226699047,-26.8097771343563,0.0 -49.7380466718949,-26.8096907571523,0.0 -49.7382018426671,-26.8095782853569,0.0 -49.7383881820112,-26.8094397188434,0.0 -49.7386053525831,-26.8092840576759,0.0 -49.7388329120935,-26.8091196978917,0.0 -49.7390604709127,-26.8089553376623,0.0 -49.739246808083,-26.8088167697686,0.0 -49.7394019763543,-26.8087042963699,0.0 -49.7395259759366,-26.8086179175932,0.0 -49.7396188069946,-26.808557633539,0.0 -49.739691196075,-26.8085057457631,0.0 -49.7397531956621,-26.808462556238,0.0 -49.7398252476352,-26.8084196686106,0.0 -49.7398872471199,-26.8083764790152,0.0 -49.7399696883781,-26.8083248929925,0.0 -49.7400521295583,-26.8082733069129,0.0 -49.7401449600306,-26.8082130224463,0.0 -49.7402582321674,-26.8081443414646,0.0 -49.7403715041615,-26.8080756603757,0.0 -49.7405052177345,-26.8079985826966,0.0 -49.7406188263318,-26.8079209011332,0.0 -49.7407320978668,-26.8078522197029,0.0 -49.7408245907121,-26.80780093495,0.0 -49.7409070310916,-26.8077493482805,0.0 -49.740979419018,-26.8076974597133,0.0 -49.7410410807598,-26.8076632697592,0.0 -49.7410930269621,-26.8076197776941,0.0 -49.7411446362588,-26.8075852858535,0.0 -49.7411861931604,-26.8075504921658,0.0 -49.741227750035,-26.8075156984626,0.0 -49.7412592545261,-26.8074806029255,0.0 -49.741280369792,-26.8074542058122,0.0 -49.7413014850474,-26.8074278086946,0.0 -49.7413222634452,-26.8074104118231,0.0 -49.7413430418364,-26.8073930149477,0.0 -49.7413537678733,-26.8073753162577,0.0 -49.7413849354396,-26.8073492209344,0.0 -49.7414060506476,-26.8073228237957,0.0 -49.7414372181859,-26.8072967284575,0.0 -49.7414683857089,-26.8072706331108,0.0 -49.7414898377115,-26.8072352357028,0.0 -49.7415109528703,-26.8072088385428,0.0 -49.7415216788595,-26.8071911398346,0.0 -49.741522352515,-26.8071731393282,0.0 -49.7415230261695,-26.8071551388217,0.0 -49.7415337521507,-26.8071374401116,0.0 -49.7415344258025,-26.8071194396047,0.0 -49.7415454886023,-26.8070927406396,0.0 -49.7415669405393,-26.8070573432124,0.0 -49.7415883924615,-26.8070219457803,0.0 -49.7416101811862,-26.8069775480887,0.0 -49.7416312962607,-26.8069511509012,0.0 -49.7416524113243,-26.8069247537093,0.0 -49.7416634740708,-26.8068980547289,0.0 -49.7416845891155,-26.80687165753,0.0 -49.7416956518475,-26.8068449585455,0.0 -49.741716766873,-26.8068185613397,0.0 -49.7417382186927,-26.8067831638731,0.0 -49.7417596704975,-26.8067477664019,0.0 -49.7417814590874,-26.8067033686687,0.0 -49.7418032476579,-26.8066589709298,0.0 -49.7418253730044,-26.8066055729282,0.0 -49.741847835119,-26.8065431746623,0.0 -49.7418599081429,-26.8064894748818,0.0 -49.7418827069945,-26.8064180763464,0.0 -49.7418954535524,-26.8063463760415,0.0 -49.7419082000875,-26.8062746757329,0.0 -49.7419216201634,-26.8061849749025,0.0 -49.7419347034286,-26.806104274327,0.0 -49.7419581756735,-26.8060148752426,0.0 -49.7419715956494,-26.8059251743969,0.0 -49.7419846788221,-26.8058444738069,0.0 -49.741997761968,-26.8057637732127,0.0 -49.7420105083198,-26.8056920728755,0.0 -49.7420232546486,-26.8056203725347,0.0 -49.7420356641916,-26.8055576724515,0.0 -49.7420376847693,-26.8055036708836,0.0 -49.7420400421026,-26.8054406690535,0.0 -49.7420420626679,-26.8053866674843,0.0 -49.7420440832275,-26.8053326659145,0.0 -49.7420357148567,-26.8052873628648,0.0 -49.742037398652,-26.8052423615564,0.0 -49.7420390824435,-26.8051973602477,0.0 -49.7420303773187,-26.8051610574602,0.0 -49.7420317243496,-26.8051250564131,0.0 -49.7420230192294,-26.8050887536259,0.0 -49.7420247030152,-26.805043752317,0.0 -49.7420263867971,-26.8049987510078,0.0 -49.7420180184384,-26.8049534479591,0.0 -49.7420099868395,-26.8048991446489,0.0 -49.7420120073717,-26.8048451430776,0.0 -49.7420039757757,-26.8047908397676,0.0 -49.7419959441836,-26.8047365364577,0.0 -49.7419875758408,-26.8046912334098,0.0 -49.7419694921477,-26.8046366283612,0.0 -49.7419611238169,-26.8045913253133,0.0 -49.7419527554901,-26.8045460222656,0.0 -49.7419440504122,-26.8045097194796,0.0 -49.7419353453378,-26.8044734166934,0.0 -49.7419266402675,-26.8044371139073,0.0 -49.741917935201,-26.8044008111212,0.0 -49.7419092301382,-26.804364508335,0.0 -49.7419008618356,-26.8043192052876,0.0 -49.7418924935366,-26.8042739022403,0.0 -49.7418844619977,-26.8042195989318,0.0 -49.741886145775,-26.8041745976255,0.0 -49.7418982183655,-26.8041208977969,0.0 -49.7419099541894,-26.8040761982274,0.0 -49.7419320788063,-26.8040228001297,0.0 -49.7419535299053,-26.8039874025505,0.0 -49.7419853697818,-26.8039433064354,0.0 -49.7420068208455,-26.8039079088441,0.0 -49.7420282718942,-26.803872511248,0.0 -49.7420493861907,-26.8038461139105,0.0 -49.7420708372119,-26.8038107163047,0.0 -49.7420919514851,-26.8037843189581,0.0 -49.7421134024785,-26.8037489213427,0.0 -49.7421449054852,-26.8037138254403,0.0 -49.7421663564458,-26.803678427813,0.0 -49.7421978594135,-26.8036433318944,0.0 -49.7422293623602,-26.8036082359663,0.0 -49.7422504765521,-26.8035818385869,0.0 -49.7422715907336,-26.8035554412032,0.0 -49.7422920314769,-26.8035470443486,0.0 -49.7423027569167,-26.8035293455198,0.0 -49.7423134823529,-26.8035116466896,0.0 -49.7423248812059,-26.8034759473236,0.0 -49.7423366167589,-26.8034312476882,0.0 -49.7423389737153,-26.8033682458153,0.0 -49.7423420040767,-26.8032872434061,0.0 -49.7423363292618,-26.8031699382261,0.0 -49.7423413798168,-26.8030349342068,0.0 -49.7423380618813,-26.8028546271479,0.0 -49.7423350806121,-26.8026653198183,0.0 -49.7423324360013,-26.8024670122174,0.0 -49.7423395065593,-26.8022780065718,0.0 -49.7423361884725,-26.8020976995018,0.0 -49.7423311869181,-26.8019623937763,0.0 -49.7423355638441,-26.8018453902741,0.0 -49.7423392673761,-26.8017463873085,0.0 -49.7423422975243,-26.8016653848808,0.0 -49.7423449909786,-26.8015933827218,0.0 -49.742347684423,-26.8015213805619,0.0 -49.7423503778571,-26.8014493784009,0.0 -49.7423534079584,-26.8013683759686,0.0 -49.7423668265378,-26.8012786749416,0.0 -49.7423708666248,-26.8011706716934,0.0 -49.7423856318252,-26.8010449695741,0.0 -49.7424010703065,-26.8009012669049,0.0 -49.7424161720585,-26.8007665644993,0.0 -49.7424312737516,-26.8006318620859,0.0 -49.7424460387284,-26.8005061599373,0.0 -49.742450078605,-26.8003981566663,0.0 -49.7424638335347,-26.8002994553257,0.0 -49.7424665267528,-26.8002274531415,0.0 -49.7424792716779,-26.8001557526135,0.0 -49.7424916799326,-26.8000930523556,0.0 -49.7425037515225,-26.8000393523683,0.0 -49.7425158230976,-26.7999856523784,0.0 -49.7425278946574,-26.7999319523859,0.0 -49.7425392929203,-26.7998962529393,0.0 -49.7425506911744,-26.799860553491,0.0 -49.7425617527814,-26.7998338543154,0.0 -49.7425728143825,-26.7998071551383,0.0 -49.7425738242932,-26.7997801543136,0.0 -49.7425848858842,-26.7997534551344,0.0 -49.7425959474691,-26.7997267559538,0.0 -49.7426073456809,-26.7996910564961,0.0 -49.7426190805148,-26.799646356761,0.0 -49.7426308153371,-26.7996016570236,0.0 -49.7426526018125,-26.7995572589227,0.0 -49.7426743882682,-26.7995128608164,0.0 -49.7427062263616,-26.7994687643386,0.0 -49.7427280127743,-26.7994243662191,0.0 -49.7427598508172,-26.7993802697235,0.0 -49.742791688833,-26.7993361732178,0.0 -49.7428131385688,-26.799300775356,0.0 -49.7428345882899,-26.7992653774892,0.0 -49.7428557013896,-26.7992389798964,0.0 -49.7428768144785,-26.7992125822993,0.0 -49.7428979275569,-26.7991861846979,0.0 -49.7429294288546,-26.7991510884273,0.0 -49.7429508785044,-26.7991156905349,0.0 -49.7429827163574,-26.7990715939675,0.0 -49.7430145541831,-26.79902749739,0.0 -49.7430664952128,-26.7989840040103,0.0 -49.7431087211706,-26.7989312087249,0.0 -49.7431710502991,-26.7988790166132,0.0 -49.7432333793667,-26.7988268244671,0.0 -49.7432953718088,-26.7987836325713,0.0 -49.7433677523554,-26.798731741937,0.0 -49.7434297446895,-26.79868854997,0.0 -49.7435014520144,-26.7986546598267,0.0 -49.7435527195825,-26.798629166801,0.0 -49.7436140387106,-26.7986039753149,0.0 -49.7436549181139,-26.7985871809744,0.0 -49.7437058490857,-26.798570688175,0.0 -49.7437366768833,-26.7985535922536,0.0 -49.7437772197256,-26.7985457981639,0.0 -49.7438077109839,-26.798537702516,0.0 -49.7438385387565,-26.7985206065696,0.0 -49.74387908158,-26.7985128124486,0.0 -49.7439199609095,-26.798496018023,0.0 -49.7439708918003,-26.798479525119,0.0 -49.7440218226761,-26.7984630321949,0.0 -49.7440828051078,-26.7984468407774,0.0 -49.7441437875218,-26.7984306493314,0.0 -49.7442148214867,-26.7984147593741,0.0 -49.7442855189502,-26.7984078696755,0.0 -49.7443662679728,-26.7984012814467,0.0 -49.7444574050214,-26.7983859943717,0.0 -49.7445582571513,-26.7983800090273,0.0 -49.7446691608368,-26.7983743250943,0.0 -49.7447904525186,-26.7983599422465,0.0 -49.7449217957336,-26.7983458607578,0.0 -49.7450427509318,-26.7983404779923,0.0 -49.7451539909664,-26.7983257933664,0.0 -49.745254843006,-26.7983198075164,0.0 -49.7453456434724,-26.7983135201581,0.0 -49.745426728756,-26.7982979310007,0.0 -49.7454974260728,-26.7982910406813,0.0 -49.7455681233807,-26.7982841503254,0.0 -49.7456287691201,-26.7982769585184,0.0 -49.7456793632918,-26.7982694652731,0.0 -49.745730293822,-26.7982529716954,0.0 -49.7457708364183,-26.7982451770073,0.0 -49.7458013274516,-26.7982370809045,0.0 -49.7458318184805,-26.7982289847947,0.0 -49.7458519215939,-26.7982295875944,0.0 -49.7458723610611,-26.7982211900757,0.0 -49.7458924641733,-26.7982217928695,0.0 -49.745912903636,-26.7982133953445,0.0 -49.7459534462053,-26.7982056006011,0.0 -49.7459939887689,-26.7981978058454,0.0 -49.7460449192203,-26.7981813121453,0.0 -49.7460958496565,-26.7981648184254,0.0 -49.746157167958,-26.7981396257436,0.0 -49.7462285377792,-26.7981147344038,0.0 -49.7462901923415,-26.7980805413374,0.0 -49.7463618984075,-26.7980466496012,0.0 -49.7464336044291,-26.7980127578238,0.0 -49.7464949225693,-26.7979875649772,0.0 -49.7465662922168,-26.7979626734472,0.0 -49.7466276102991,-26.7979374805365,0.0 -49.746678540537,-26.7979209865841,0.0 -49.7467391860096,-26.7979137942713,0.0 -49.7467800646903,-26.7978969989458,0.0 -49.7468206070846,-26.7978892039341,0.0 -49.7468611494733,-26.7978814089102,0.0 -49.7469020281238,-26.7978646135461,0.0 -49.7469425704979,-26.7978568184972,0.0 -49.7469831128666,-26.7978490234361,0.0 -49.7470340430115,-26.7978325293453,0.0 -49.7470846368894,-26.7978250355646,0.0 -49.7471456185317,-26.7978088427382,0.0 -49.7472066001564,-26.7977926498835,0.0 -49.7472675817634,-26.7977764570006,0.0 -49.7473389511033,-26.7977515650459,0.0 -49.7474203719279,-26.7977269743355,0.0 -49.7475021289341,-26.7976933832388,0.0 -49.7476143766327,-26.7976516955628,0.0 -49.7477467272616,-26.7976106103077,0.0 -49.7479099046722,-26.7975524279825,0.0 -49.7480935210757,-26.7974858475755,0.0 -49.7482768011069,-26.7974282672499,0.0 -49.7484503655984,-26.7973613851121,0.0 -49.7486135422744,-26.797303201892,0.0 -49.7487458921207,-26.7972621156135,0.0 -49.7488581389168,-26.7972204268482,0.0 -49.7489499465879,-26.797187135999,0.0 -49.749031702733,-26.7971535439205,0.0 -49.7490930198095,-26.7971283498269,0.0 -49.7491643883245,-26.7971034568578,0.0 -49.7492159899513,-26.7970689611944,0.0 -49.7492776430065,-26.7970347666541,0.0 -49.7493389599609,-26.7970095724401,0.0 -49.7493905614882,-26.7969750767016,0.0 -49.7494421629829,-26.7969405809407,0.0 -49.7494934283961,-26.7969150855167,0.0 -49.7495550812781,-26.7968808908357,0.0 -49.7496167341216,-26.7968466961233,0.0 -49.7496787229592,-26.796803501018,0.0 -49.7497507631857,-26.7967606069893,0.0 -49.7498124159,-26.7967264121769,0.0 -49.7498740685759,-26.7966922173333,0.0 -49.7499152823425,-26.7966664206321,0.0 -49.7499357212134,-26.7966580224584,0.0 -49.7501100067713,-26.7965635245027,0.0 -49.7502842920289,-26.7964690262978,0.0 -49.7504081661765,-26.7964018609598,0.0 -49.7504578076141,-26.7963735489317,0.0 -49.7506196506278,-26.7962632514813,0.0 -49.7507720332076,-26.7961410523489,0.0 -49.7509224436888,-26.796016592593,0.0 -49.7510783704333,-26.7958995132422,0.0 -49.7510913780784,-26.7958907069528,0.0 -49.7512507041796,-26.7958028851818,0.0 -49.7514358422199,-26.7957217002948,0.0 -49.7516157452859,-26.7956342240321,0.0 -49.7517484355851,-26.7955409539805,0.0 -49.7517727066115,-26.7955192118982,0.0 -49.7519114918554,-26.7953855613427,0.0 -49.7520442258343,-26.7952472512346,0.0 -49.7520724525072,-26.7952172687786,0.0 -49.7521756232108,-26.7951076245248,0.0 -49.7523060619472,-26.7949675195987,0.0 -49.7524289718112,-26.7948314825412,0.0 -49.7524340818715,-26.7948256640007,0.0 -49.7525503421732,-26.7946757897204,0.0 -49.7526615159654,-26.794532088601,0.0 -49.7526667222223,-26.7945260996349,0.0 -49.7528006427388,-26.7943888687758,0.0 -49.7529372141021,-26.7942532110118,0.0 -49.7529543661323,-26.7942344992808,0.0 -49.7530628065099,-26.794109543578,0.0 -49.7531802675476,-26.7939607360034,0.0 -49.7532606229332,-26.7938472059275,0.0 -49.7532884161512,-26.7938050180356,0.0 -49.7533859131257,-26.7936440316686,0.0 -49.7534750239413,-26.793479838117,0.0 -49.7535589017109,-26.7933137181654,0.0 -49.7536406995346,-26.7931469525884,0.0 -49.7536714358917,-26.7930846015395,0.0 -49.7537139266826,-26.7929757727089,0.0 -49.7537560269547,-26.7927885625722,0.0 -49.7537899409505,-26.7925982154042,0.0 -49.7538426208882,-26.7924197548636,0.0 -49.7539410188656,-26.7922682045488,0.0 -49.7539850882791,-26.7922289834663,0.0 -49.7540913481941,-26.7921466887763,0.0 -49.7542454479094,-26.7920273433904,0.0 -49.754399547284,-26.7919079977978,0.0 -49.7543975337481,-26.791962000336,0.0 -49.7544055712408,-26.7920163036055,0.0 -49.7544032221073,-26.7920793065664,0.0 -49.754391157514,-26.7921330083699,0.0 -49.7543784217162,-26.7922047110159,0.0 -49.7543556348387,-26.7922761129207,0.0 -49.7543325123259,-26.7923565152398,0.0 -49.7542882808142,-26.7924633173268,0.0 -49.7542433779832,-26.7925881202302,0.0 -49.7541773659899,-26.7927393228561,0.0 -49.7541207336519,-26.7929088270264,0.0 -49.7540439988556,-26.7930777296167,0.0 -49.7539773149364,-26.7932469329105,0.0 -49.7539213532346,-26.7933984360965,0.0 -49.7538764494838,-26.793523238781,0.0 -49.753832216932,-26.7936300406094,0.0 -49.7537990424542,-26.7937101419647,0.0 -49.7537561524004,-26.7937809420973,0.0 -49.7537236491508,-26.7938430425966,0.0 -49.7536814303371,-26.7938958418697,0.0 -49.7536392114808,-26.7939486411253,0.0 -49.7535973282644,-26.7939924399526,0.0 -49.753545058117,-26.7940449383609,0.0 -49.7534927879179,-26.7940974367442,0.0 -49.7534408533643,-26.7941409346931,0.0 -49.7533882473648,-26.7942024334348,0.0 -49.753325925783,-26.7942546309117,0.0 -49.7532736553728,-26.79430712919,0.0 -49.753221384911,-26.7943596274428,0.0 -49.7531694501196,-26.7944031252651,0.0 -49.7531171795594,-26.7944556234683,0.0 -49.7530652446792,-26.7944991212419,0.0 -49.7530230252733,-26.7945519202512,0.0 -49.7529707545675,-26.7946044183837,0.0 -49.7529184838098,-26.794656916491,0.0 -49.7528658772497,-26.7947184149746,0.0 -49.7528025478425,-26.7947976133604,0.0 -49.7527184442481,-26.7948942107474,0.0 -49.7526132305944,-26.7950172074856,0.0 -49.7524869067272,-26.7951666035105,0.0 -49.7523398082618,-26.7953333983498,0.0 -49.752192373515,-26.7955091933757,0.0 -49.7520452741035,-26.7956759878008,0.0 -49.7519189486359,-26.7958253831363,0.0 -49.7518140689647,-26.7959393786794,0.0 -49.7517299635493,-26.7960359752713,0.0 -49.7516666324871,-26.7961151729602,0.0 -49.7516039730721,-26.7961763698399,0.0 -49.7515517008585,-26.7962288672762,0.0 -49.7514997644744,-26.7962723643035,0.0 -49.7514374407581,-26.7963245607049,0.0 -49.7513754528737,-26.7963677566898,0.0 -49.7513134649397,-26.7964109526418,0.0 -49.7512514769565,-26.7964541485611,0.0 -49.7511791015953,-26.796506043822,0.0 -49.751096674741,-26.7965576380264,0.0 -49.7510242992369,-26.7966095331918,0.0 -49.7509519236634,-26.7966614283123,0.0 -49.7508795480205,-26.7967133233877,0.0 -49.7508071723083,-26.7967652184183,0.0 -49.7507451839209,-26.7968084140694,0.0 -49.7506835314383,-26.7968426093144,0.0 -49.7506319303679,-26.7968771055765,0.0 -49.7505803292644,-26.7969116018162,0.0 -49.7505290640958,-26.7969370976617,0.0 -49.7504777989035,-26.7969625934859,0.0 -49.7504369211227,-26.7969793899817,0.0 -49.7503960433295,-26.7969961864645,0.0 -49.7503655529671,-26.797004283633,0.0 -49.7503451140619,-26.7970126818645,0.0 -49.7503347266162,-26.7970213811637,0.0 -49.7503142877057,-26.7970297793902,0.0 -49.750293848792,-26.7970381776132,0.0 -49.7502633584107,-26.7970462747576,0.0 -49.7502221445729,-26.7970720715522,0.0 -49.7501712152448,-26.7970885668827,0.0 -49.7501303373709,-26.7971053632793,0.0 -49.7500995109553,-26.7971224607514,0.0 -49.749946050768,-26.7971899472655,0.0 -49.7499256117966,-26.7971983454289,0.0 -49.7498843978225,-26.7972241421093,0.0 -49.7498130293851,-26.7972490354499,0.0 -49.7497312733975,-26.7972826279972,0.0 -49.7496491813178,-26.7973252208522,0.0 -49.7495573737338,-26.7973585121643,0.0 -49.7494756175877,-26.7973921045459,0.0 -49.7494039128875,-26.7974259980152,0.0 -49.7493221566448,-26.797459590297,0.0 -49.7492504518535,-26.7974934836782,0.0 -49.7491790831007,-26.797518376663,0.0 -49.7491174297332,-26.7975525711244,0.0 -49.7490460609124,-26.7975774640345,0.0 -49.7489746920597,-26.7976023569047,0.0 -49.748903323175,-26.7976272497354,0.0 -49.7488215666318,-26.7976608416938,0.0 -49.7487197070044,-26.797693831218,0.0 -49.7485769689715,-26.7977436165561,0.0 -49.7483732493597,-26.7978095951385,0.0 -49.7480881087329,-26.7979001645465,0.0 -49.7477014436181,-26.798014721713,0.0 -49.7472635112234,-26.7981547722448,0.0 -49.7468051383168,-26.798303218959,0.0 -49.7463672036614,-26.7984432664602,0.0 -49.7459902501328,-26.7985671202196,0.0 -49.7457051056307,-26.798657684386,0.0 -49.7455013826469,-26.798723658451,0.0 -49.7453489266536,-26.7987641384805,0.0 -49.7452470649892,-26.7987971252735,0.0 -49.7451656428979,-26.7988217145891,0.0 -49.7450946088034,-26.7988376050074,0.0 -49.745023574689,-26.7988534953877,0.0 -49.744942488944,-26.7988690842607,0.0 -49.7448714547881,-26.79888497456,0.0 -49.7448004206121,-26.7989008648215,0.0 -49.7447193348018,-26.7989164535593,0.0 -49.7446382489692,-26.798932042248,0.0 -49.744557163114,-26.7989476308879,0.0 -49.7444760772365,-26.7989632194788,0.0 -49.7443949913362,-26.7989788080207,0.0 -49.7443239570335,-26.7989946980287,0.0 -49.7442529227105,-26.7990105879989,0.0 -49.7441822248661,-26.7990174776365,0.0 -49.7441212421315,-26.7990336690615,0.0 -49.7440602593792,-26.7990498604582,0.0 -49.7439989400953,-26.7990750521192,0.0 -49.7439480089299,-26.7990915450013,0.0 -49.7439071293781,-26.7991083394091,0.0 -49.7438662498138,-26.7991251338037,0.0 -49.7438354218686,-26.7991422297363,0.0 -49.7438049304443,-26.7991503253709,0.0 -49.7437844906483,-26.7991587225533,0.0 -49.7437640508491,-26.7991671197323,0.0 -49.7437436110467,-26.7991755169082,0.0 -49.7437231712413,-26.7991839140807,0.0 -49.7436923432576,-26.7992010099776,0.0 -49.7436514636265,-26.7992178043026,0.0 -49.7436001957962,-26.7992432973339,0.0 -49.7435586430327,-26.7992780922029,0.0 -49.743496986951,-26.7993122839054,0.0 -49.7434450459176,-26.7993557774429,0.0 -49.7433927682755,-26.7994082712415,0.0 -49.7433404905817,-26.7994607650149,0.0 -49.7432878762599,-26.7995222590467,0.0 -49.7432456501259,-26.7995750543661,0.0 -49.7432134756215,-26.7996281512681,0.0 -49.7431913527607,-26.7996815497612,0.0 -49.7431692298752,-26.7997349482481,0.0 -49.743147443557,-26.7997793464472,0.0 -49.7431357089087,-26.7998240462483,0.0 -49.7431243108431,-26.7998597457658,0.0 -49.7431132493642,-26.7998864450004,0.0 -49.7431018512825,-26.7999221445144,0.0 -49.7430907897903,-26.7999488437458,0.0 -49.7430793916924,-26.7999845432562,0.0 -49.7430676569843,-26.800029243045,0.0 -49.7430458705534,-26.8000736412159,0.0 -49.7430337992127,-26.8001273412788,0.0 -49.7430217278568,-26.800181041339,0.0 -49.743009319877,-26.8002437416761,0.0 -49.7430066269996,-26.8003157439109,0.0 -49.7430039341119,-26.8003877461448,0.0 -49.7430015778272,-26.8004507480987,0.0 -49.7429992215344,-26.8005137500518,0.0 -49.7430072536033,-26.8005680533496,0.0 -49.7430162955175,-26.8005953558105,0.0 -49.7430253374351,-26.8006226582713,0.0 -49.743034715969,-26.8006409604525,0.0 -49.7430444311179,-26.8006502623545,0.0 -49.7430440945055,-26.8006592626336,0.0 -49.7430337061298,-26.8006679612902,0.0 -49.7430229811381,-26.8006856602248,0.0 -49.7430122561426,-26.800703359158,0.0 -49.7430015311434,-26.8007210580902,0.0 -49.7429901329047,-26.8007567575782,0.0 -49.7429787346573,-26.8007924570642,0.0 -49.742977051558,-26.8008374584559,0.0 -49.7429854202367,-26.8008827614763,0.0 -49.7429834005123,-26.8009367631461,0.0 -49.742991769195,-26.8009820661668,0.0 -49.7429904227089,-26.8010180672796,0.0 -49.7429991280174,-26.8010543700225,0.0 -49.743007496708,-26.8010996730436,0.0 -49.7430061502201,-26.8011356741567,0.0 -49.7430145189147,-26.8011809771779,0.0 -49.7430128358013,-26.8012259785692,0.0 -49.7430212045001,-26.8012712815907,0.0 -49.7430191847585,-26.80132528326,0.0 -49.743027216837,-26.80137958656,0.0 -49.7430248604639,-26.801442588507,0.0 -49.7430124522461,-26.8015052888202,0.0 -49.7430097592234,-26.8015772910426,0.0 -49.7429869624923,-26.8016486899921,0.0 -49.7429738809479,-26.8017293908498,0.0 -49.7429601261048,-26.8018280922572,0.0 -49.7429356460729,-26.8019444925695,0.0 -49.7429111659735,-26.8020608928703,0.0 -49.7428866858066,-26.8021772931596,0.0 -49.7428618689216,-26.8023026937125,0.0 -49.7428377252702,-26.8024100937036,0.0 -49.7428139182161,-26.8025084934098,0.0 -49.742800836361,-26.8025891942185,0.0 -49.7427877544789,-26.8026698950229,0.0 -49.7427750092339,-26.8027415955498,0.0 -49.7427622639663,-26.8028132960732,0.0 -49.7427595706331,-26.8028852982588,0.0 -49.7427562039523,-26.8029753009896,0.0 -49.7427521639147,-26.8030833042645,0.0 -49.7427471138356,-26.8032183083549,0.0 -49.7427403803415,-26.8033983138034,0.0 -49.7427319633852,-26.8036233206054,0.0 -49.742732251637,-26.803884630162,0.0 -49.7427221510455,-26.8041546383019,0.0 -49.7427127236986,-26.8044066458868,0.0 -49.7427043063202,-26.8046316526486,0.0 -49.7426975723462,-26.8048116580514,0.0 -49.7427022372604,-26.8049559640606,0.0 -49.7426881446768,-26.8050636656048,0.0 -49.742684777622,-26.8051536682995,0.0 -49.742671695096,-26.8052343690277,0.0 -49.7426686647133,-26.8053153714494,0.0 -49.7426455299633,-26.8053957704718,0.0 -49.7426321106414,-26.8054854714563,0.0 -49.7426290801976,-26.8055664738708,0.0 -49.7426159975419,-26.8056471745802,0.0 -49.7426129670655,-26.8057281769912,0.0 -49.7426199887895,-26.8058094811072,0.0 -49.7426172950168,-26.8058814832491,0.0 -49.7426246534602,-26.8059537870974,0.0 -49.7426222963975,-26.8060167889707,0.0 -49.7426299915642,-26.8060800925516,0.0 -49.7426182557008,-26.8061247921804,0.0 -49.7426165720703,-26.8061697935172,0.0 -49.7426152251632,-26.8062057945863,0.0 -49.7426041627304,-26.806232493677,0.0 -49.7426034892735,-26.8062504942113,0.0 -49.7426028158158,-26.8062684947452,0.0 -49.7426021423576,-26.8062864952793,0.0 -49.7425917533721,-26.8062951938338,0.0 -49.7425910799113,-26.8063131943676,0.0 -49.7425900697189,-26.8063401951679,0.0 -49.7425786705302,-26.8063758945209,0.0 -49.7425669345991,-26.8064205941381,0.0 -49.7425551986558,-26.8064652937531,0.0 -49.742543462701,-26.806509993366,0.0 -49.7425317267344,-26.8065546929766,0.0 -49.7425099384736,-26.8065990908636,0.0 -49.7424881501931,-26.806643488745,0.0 -49.7424764141832,-26.8066881883461,0.0 -49.742454962615,-26.8067235859537,0.0 -49.7424439000768,-26.8067502850203,0.0 -49.7424328375325,-26.8067769840852,0.0 -49.7424117226819,-26.8068033814182,0.0 -49.742400660123,-26.806830080479,0.0 -49.7423895975581,-26.8068567795382,0.0 -49.7423681459234,-26.8068921771252,0.0 -49.7423564098267,-26.8069368767066,0.0 -49.7423346214025,-26.8069812745483,0.0 -49.7423027806394,-26.807025370644,0.0 -49.7422809921724,-26.8070697684724,0.0 -49.7422491513588,-26.8071138645502,0.0 -49.7422173105183,-26.8071579606178,0.0 -49.7421858064258,-26.8071930564142,0.0 -49.7421643546493,-26.8072284539541,0.0 -49.7421432396375,-26.8072548512287,0.0 -49.742122124615,-26.8072812484989,0.0 -49.7421010095819,-26.8073076457648,0.0 -49.7420802313239,-26.8073250427668,0.0 -49.7420695054056,-26.8073427415258,0.0 -49.7420483903467,-26.8073691387808,0.0 -49.7420269384864,-26.8074045362904,0.0 -49.741995434256,-26.8074396320286,0.0 -49.7419639300049,-26.8074747277574,0.0 -49.7419223733718,-26.8075095217046,0.0 -49.741880479907,-26.8075533158935,0.0 -49.7418285340393,-26.807596808286,0.0 -49.7417869773149,-26.807631602183,0.0 -49.7417249789966,-26.8076747927448,0.0 -49.7416733698309,-26.8077092848122,0.0 -49.7416113714231,-26.8077524753138,0.0 -49.7415493729659,-26.8077956657828,0.0 -49.7414769852297,-26.8078475546636,0.0 -49.7414149866645,-26.8078907450612,0.0 -49.7413429356535,-26.8079336336085,0.0 -49.7412809369858,-26.8079768239356,0.0 -49.7412189382688,-26.8080200142299,0.0 -49.7411569395024,-26.8080632044913,0.0 -49.7411049930976,-26.8081066965569,0.0 -49.7410533835295,-26.8081411883519,0.0 -49.7410014370454,-26.8081846803702,0.0 -49.7409391012089,-26.8082368707607,0.0 -49.7408871546321,-26.8082803627265,0.0 -49.7408345342159,-26.8083418551557,0.0 -49.7407718613018,-26.8084030456957,0.0 -49.7406987989627,-26.8084729345732,0.0 -49.7406153471606,-26.8085515217677,0.0 -49.7405315583082,-26.8086391091387,0.0 -49.7404477693172,-26.8087266964442,0.0 -49.7403639801877,-26.8088142836841,0.0 -49.7402805278701,-26.8088928706221,0.0 -49.7402074648716,-26.8089627591704,0.0 -49.7401447912304,-26.8090239493494,0.0 -49.7400921700112,-26.8090854414108,0.0 -49.740029833205,-26.8091376312895,0.0 -49.7399678333179,-26.8091808209013,0.0 -49.7399054963961,-26.8092330107122,0.0 -49.7398331069024,-26.8092848985503,0.0 -49.7397302227926,-26.8093448807377,0.0 -49.7395861174465,-26.8094306556982,0.0 -49.7394108431971,-26.8095425252541,0.0 -49.7391739051392,-26.8096885835228,0.0 -49.7389165242603,-26.809843037525,0.0 -49.7386383633187,-26.8100148873485,0.0 -49.7383806437928,-26.8101783404137,0.0 -49.738144040113,-26.8103153964304,0.0 -49.7379687629598,-26.8104272638666,0.0 -49.7378347074133,-26.8105133388025,0.0 -49.7377318210477,-26.8105733192779,0.0 -49.7376698194286,-26.810616507684,0.0 -49.7376182075728,-26.8106509979634,0.0 -49.7375867009404,-26.8106860924446,0.0 -49.7375558686719,-26.8107031865118,0.0 -49.7375448044626,-26.8107298850041,0.0 -49.7375243620036,-26.810738280975,0.0 -49.7375136349787,-26.8107559792616,0.0 -49.7375035823446,-26.8107556771439,0.0 -49.7374831398777,-26.8107640731079,0.0 -49.7374526447722,-26.8107721669471,0.0 -49.7374322022984,-26.810780562903,0.0 -49.7373913173416,-26.8107973548045,0.0 -49.7373601478018,-26.8108234490219,0.0 -49.737318925605,-26.810849241099,0.0 -49.7372673135271,-26.810883731225,0.0 -49.7372260912855,-26.8109095232699,0.0 -49.7371744791496,-26.8109440133554,0.0 -49.7371329196338,-26.810978805565,0.0 -49.7370913600908,-26.8110135977595,0.0 -49.7370397478623,-26.811048087785,0.0 -49.7369981882625,-26.8110828799456,0.0 -49.736956628636,-26.8111176720908,0.0 -49.7369050163149,-26.8111521620567,0.0 -49.7368634566315,-26.8111869541681,0.0 -49.7368118442478,-26.8112214440928,0.0 -49.736769947245,-26.8112652363626,0.0 -49.7367280502076,-26.8113090286161,0.0 -49.7366861531356,-26.8113528208531,0.0 -49.7366439187545,-26.8114056132647,0.0 -49.7366117370242,-26.8114587078472,0.0 -49.736569502562,-26.8115115002272,0.0 -49.7365373207598,-26.8115645947847,0.0 -49.7364950862168,-26.8116173871332,0.0 -49.7364525143376,-26.8116791796525,0.0 -49.736420332422,-26.8117322741705,0.0 -49.7363777604503,-26.8117940666567,0.0 -49.7363455784593,-26.8118471611491,0.0 -49.7363030063949,-26.8119089536023,0.0 -49.736270824329,-26.8119620480693,0.0 -49.7362386422293,-26.812015142525,0.0 -49.7362061227775,-26.8120772371545,0.0 -49.7361736032851,-26.8121393317718,0.0 -49.7361410837525,-26.8122014263771,0.0 -49.7361078895204,-26.8122815213372,0.0 -49.7360740205662,-26.8123796166489,0.0 -49.7360287494041,-26.8125134104337,0.0 -49.735971738587,-26.8126919028509,0.0 -49.7358932724973,-26.8129057914353,0.0 -49.7358134565927,-26.8131556806521,0.0 -49.7357336402573,-26.8134055697761,0.0 -49.7356437706073,-26.8136551565285,0.0 -49.7355753558748,-26.813869347046,0.0 -49.7355186807577,-26.8140388389177,0.0 -49.7354734079974,-26.8141726323476,0.0 -49.7354395376949,-26.8142707273579,0.0 -49.7354163950971,-26.8143511243103,0.0 -49.7354039802421,-26.8144138232144,0.0 -49.735401618324,-26.8144768244207,0.0 -49.7353999312348,-26.8145218252818,0.0 -49.7353982441416,-26.8145668261427,0.0 -49.7353965570445,-26.8146118270031,0.0 -49.735405597754,-26.814639129826,0.0 -49.7354045854949,-26.8146661303423,0.0 -49.7354042480748,-26.8146751305143,0.0 -49.735403573234,-26.8146931308583,0.0 -49.7354129513689,-26.8147114335094,0.0 -49.7354119391082,-26.8147384340256,0.0 -49.7354109268461,-26.8147654345419,0.0 -49.7354196301452,-26.8148017375371,0.0 -49.7354179430393,-26.8148467383974,0.0 -49.7354159185071,-26.8149007394292,0.0 -49.7354239469666,-26.8149550427691,0.0 -49.735421585004,-26.8150180439723,0.0 -49.7354192230338,-26.8150810451747,0.0 -49.7354064706149,-26.8151527442366,0.0 -49.7354030963376,-26.8152427459506,0.0 -49.7353893315833,-26.8153414455197,0.0 -49.7353752293586,-26.8154491452544,0.0 -49.7353705052709,-26.8155751476432,0.0 -49.7353557280894,-26.8157008477084,0.0 -49.7353412882967,-26.8158175475967,0.0 -49.7353369015401,-26.8159345498038,0.0 -49.7353231365563,-26.8160332493427,0.0 -49.7353200995325,-26.8161142508666,0.0 -49.7353070093898,-26.8161949500601,0.0 -49.7352945941244,-26.8162576489119,0.0 -49.7352821788401,-26.8163203477606,0.0 -49.7352701009928,-26.8163740464378,0.0 -49.7352583605875,-26.8164187449444,0.0 -49.7352365670411,-26.8164631411117,0.0 -49.7352251640694,-26.8164988394447,0.0 -49.7352137610888,-26.8165345377757,0.0 -49.7352030330267,-26.8165522357703,0.0 -49.7351919674963,-26.816578933931,0.0 -49.7351912925665,-26.8165969342653,0.0 -49.7351805644937,-26.8166146322571,0.0 -49.7351698364171,-26.8166323302475,0.0 -49.7351584333995,-26.81666802857,0.0 -49.7351470303735,-26.8167037268908,0.0 -49.7351255741852,-26.8167391228619,0.0 -49.7351037805074,-26.8167835189939,0.0 -49.7350816493329,-26.816836915286,0.0 -49.735049802448,-26.8168810090521,0.0 -49.7350280087054,-26.8169254051652,0.0 -49.734995824284,-26.8169784990778,0.0 -49.7349639773184,-26.8170225928155,0.0 -49.7349321303255,-26.8170666865428,0.0 -49.7349106739855,-26.8171020824642,0.0 -49.7348788269453,-26.8171461761741,0.0 -49.7348573705701,-26.8171815720833,0.0 -49.7348258609855,-26.8172166656139,0.0 -49.7348040670721,-26.8172610616732,0.0 -49.7347722199371,-26.8173051553483,0.0 -49.7347403727749,-26.8173492490132,0.0 -49.7347085255856,-26.8173933426679,0.0 -49.734676678369,-26.8174374363122,0.0 -49.7346347779083,-26.8174812275564,0.0 -49.7346029306337,-26.8175253211775,0.0 -49.7345613676361,-26.8175601122338,0.0 -49.7345198046117,-26.8175949032747,0.0 -49.7344886323257,-26.8176209965454,0.0 -49.7344574600244,-26.8176470898073,0.0 -49.734426287708,-26.8176731830609,0.0 -49.7344055061554,-26.8176905785584,0.0 -49.7343847245959,-26.8177079740522,0.0 -49.7343639430299,-26.817725369542,0.0 -49.7343327706679,-26.8177514627696,0.0 -49.7343015982911,-26.8177775559887,0.0 -49.7342603726543,-26.8178033467792,0.0 -49.7342191469982,-26.8178291375556,0.0 -49.7341775837589,-26.8178639284714,0.0 -49.7341360204927,-26.8178987193718,0.0 -49.7340844039441,-26.8179332078235,0.0 -49.7340428406212,-26.81796799869,0.0 -49.7339915615901,-26.8179934869491,0.0 -49.733950335798,-26.8180192776315,0.0 -49.7339091099865,-26.8180450682996,0.0 -49.7338678841552,-26.8180708589536,0.0 -49.733826995899,-26.818087649444,0.0 -49.733795823303,-26.8181137425263,0.0 -49.7337649882918,-26.8181308354518,0.0 -49.7337237623941,-26.818156626056,0.0 -49.7336825364768,-26.8181824166459,0.0 -49.73364131054,-26.8182082072218,0.0 -49.7335900313032,-26.8182336953117,0.0 -49.7335384144227,-26.8182681835259,0.0 -49.7334871351339,-26.8182936715726,0.0 -49.7334258025337,-26.818318857114,0.0 -49.7333745231953,-26.818344345114,0.0 -49.7333232438331,-26.8183698330929,0.0 -49.733271964447,-26.8183953210504,0.0 -49.7332210226845,-26.8184118088449,0.0 -49.7331801342034,-26.8184285991225,0.0 -49.7331392457098,-26.8184453893869,0.0 -49.7330983572039,-26.8184621796381,0.0 -49.7330571310241,-26.8184879700155,0.0 -49.7330061891872,-26.8185044577243,0.0 -49.7329653006391,-26.8185212479321,0.0 -49.7329140210998,-26.8185467357423,0.0 -49.7328526882286,-26.8185719210041,0.0 -49.7328014086396,-26.8185974087677,0.0 -49.7327501290269,-26.8186228965101,0.0 -49.7326887960759,-26.8186480816917,0.0 -49.7326375164136,-26.8186735693875,0.0 -49.7325858990259,-26.8187080571959,0.0 -49.7325346193116,-26.8187335448485,0.0 -49.732493392897,-26.8187593350348,0.0 -49.7324421131372,-26.8187848226487,0.0 -49.7324008866816,-26.8188106128033,0.0 -49.7323599979279,-26.8188274028126,0.0 -49.7323187714367,-26.8188531929393,0.0 -49.7322775449262,-26.8188789830515,0.0 -49.7322363183961,-26.8189047731498,0.0 -49.7321850385085,-26.8189302606557,0.0 -49.732133758597,-26.8189557481404,0.0 -49.7320824786621,-26.8189812356036,0.0 -49.732031198703,-26.8190067230457,0.0 -49.7319802564745,-26.8190232103399,0.0 -49.7319393675778,-26.8190400002113,0.0 -49.7318988164297,-26.819047789944,0.0 -49.7318579275116,-26.8190645797893,0.0 -49.7318170385811,-26.8190813696214,0.0 -49.7317962563415,-26.8190987646566,0.0 -49.7317650829696,-26.8191248572023,0.0 -49.7317339095824,-26.8191509497394,0.0 -49.73170273618,-26.8191770422678,0.0 -49.7316715627627,-26.8192031347877,0.0 -49.7316303359672,-26.8192289246788,0.0 -49.7315787179983,-26.819263412053,0.0 -49.7315270999964,-26.8192978994044,0.0 -49.7314657663897,-26.8193230839804,0.0 -49.7314040949506,-26.8193572686459,0.0 -49.7313323700967,-26.8193911506372,0.0 -49.7312703607617,-26.8194343353529,0.0 -49.7311986358162,-26.8194682172658,0.0 -49.731136964212,-26.8195024017959,0.0 -49.7310652391811,-26.8195362836313,0.0 -49.7310035674968,-26.8195704680941,0.0 -49.7309418957743,-26.8196046525254,0.0 -49.7308802240131,-26.8196388369256,0.0 -49.7308289434676,-26.8196643238643,0.0 -49.7307773250393,-26.8196988108932,0.0 -49.7307257065782,-26.8197332978995,0.0 -49.7306844793592,-26.8197590874663,0.0 -49.7306529676593,-26.8197941798242,0.0 -49.7306120782736,-26.8198109692557,0.0 -49.7305909578249,-26.8198373641846,0.0 -49.7305701752432,-26.8198547590004,0.0 -49.7305597839497,-26.8198634564069,0.0 -49.7305393392383,-26.8198718511084,0.0 -49.7305286100596,-26.8198895486205,0.0 -49.7305078274576,-26.8199069434249,0.0 -49.7304769914282,-26.8199240355165,0.0 -49.7304458175003,-26.8199501277076,0.0 -49.7304246969827,-26.8199765226038,0.0 -49.7303935230266,-26.8200026147801,0.0 -49.7303724024851,-26.8200290096659,0.0 -49.7303509440351,-26.8200644046531,0.0 -49.7303402148042,-26.8200821021449,0.0 -49.730339201106,-26.8201091024623,0.0 -49.7303277960666,-26.8201448001636,0.0 -49.7303066754786,-26.8201711950342,0.0 -49.7302751635297,-26.8202062872794,0.0 -49.7302436515599,-26.8202413795152,0.0 -49.7302121395688,-26.8202764717417,0.0 -49.7301705741032,-26.8203112612242,0.0 -49.7301290086104,-26.8203460506914,0.0 -49.7300877810141,-26.8203718400409,0.0 -49.7300462154713,-26.820406629478,0.0 -49.7300147033664,-26.8204417216474,0.0 -49.7299734757063,-26.8204675109562,0.0 -49.7299419635593,-26.8205026031044,0.0 -49.7299003979184,-26.8205373924875,0.0 -49.7298588322505,-26.8205721818552,0.0 -49.7298072130766,-26.8206066684445,0.0 -49.7297552559163,-26.8206501551093,0.0 -49.7297036366723,-26.8206846416527,0.0 -49.7296516794326,-26.8207281282704,0.0 -49.7295896686579,-26.8207713120839,0.0 -49.7295172663626,-26.820823193174,0.0 -49.7294348104964,-26.8208747714269,0.0 -49.7293416250652,-26.8209440470094,0.0 -49.7292283324883,-26.8210127169009,0.0 -49.7291043102271,-26.8210990840478,0.0 -49.7289806257908,-26.8211764509747,0.0 -49.7288666566791,-26.8212631206973,0.0 -49.7287533634702,-26.8213317901359,0.0 -49.72866017721,-26.8214010651741,0.0 -49.7285777204987,-26.8214526428302,0.0 -49.7285053172637,-26.8215045232944,0.0 -49.7284332520306,-26.8215474036319,0.0 -49.728371578379,-26.8215815867209,0.0 -49.7283095666068,-26.8216247698586,0.0 -49.7282378393057,-26.8216586499992,0.0 -49.7281657738658,-26.8217015301767,0.0 -49.7280833166932,-26.8217531074915,0.0 -49.7279807522839,-26.821804078941,0.0 -49.7278778496598,-26.8218640503798,0.0 -49.727754501614,-26.8219324159611,0.0 -49.7276311534141,-26.8220007814171,0.0 -49.7275178586613,-26.8220694496887,0.0 -49.7274049019269,-26.8221291177841,0.0 -49.7273123904611,-26.8221803916215,0.0 -49.7272299325236,-26.8222319683508,0.0 -49.7271478126913,-26.8222745449576,0.0 -49.7270861382282,-26.8223087273929,0.0 -49.7270244637266,-26.8223429097968,0.0 -49.7269624509866,-26.8223860922326,0.0 -49.7269108300331,-26.8224205775602,0.0 -49.7268491554135,-26.8224547598741,0.0 -49.726797196177,-26.8224982452136,0.0 -49.7267355214777,-26.8225324274688,0.0 -49.7266835621581,-26.8225759127571,0.0 -49.7266218873791,-26.8226100949536,0.0 -49.7265598743263,-26.8226532771769,0.0 -49.726497861224,-26.8226964593673,0.0 -49.7264462399753,-26.8227309444915,0.0 -49.7263842267833,-26.8227741266218,0.0 -49.7263326054616,-26.822808611696,0.0 -49.7262705921798,-26.8228517937663,0.0 -49.7262189707849,-26.8228862787906,0.0 -49.7261670110868,-26.8229297638456,0.0 -49.7261150513466,-26.8229732488768,0.0 -49.7260530378836,-26.8230164308307,0.0 -49.7260007397698,-26.8230689158609,0.0 -49.7259383879148,-26.8231210978033,0.0 -49.7258656440072,-26.8231819766928,0.0 -49.7257929000171,-26.8232428555353,0.0 -49.7257097639272,-26.8233124312979,0.0 -49.7256266277295,-26.8233820069991,0.0 -49.7255434914241,-26.8234515826393,0.0 -49.7254704087342,-26.8235214613183,0.0 -49.7254077180179,-26.8235826430106,0.0 -49.7253453655753,-26.8236348246243,0.0 -49.725283013072,-26.8236870062034,0.0 -49.7252307142498,-26.8237394908676,0.0 -49.7251683616295,-26.8237916723828,0.0 -49.7251160626996,-26.8238441569921,0.0 -49.7250533715897,-26.8239053384822,0.0 -49.7249695577438,-26.8239929137715,0.0 -49.724864621046,-26.824106882809,0.0 -49.7247177769689,-26.8242646392801,0.0 -49.7245394173677,-26.8244574861556,0.0 -49.7243298803323,-26.8246764232466,0.0 -49.7241099501271,-26.8249040567444,0.0 -49.723900411318,-26.8251229929959,0.0 -49.7237220487742,-26.8253158385032,0.0 -49.723575539821,-26.8254645933803,0.0 -49.723470600155,-26.8255785610433,0.0 -49.7233767297648,-26.8256658318225,0.0 -49.7233136980364,-26.8257360123189,0.0 -49.72325134331,-26.8257881927471,0.0 -49.7231893270713,-26.8258313731262,0.0 -49.7231068643797,-26.8258829469052,0.0 -49.7230244016101,-26.8259345206268,0.0 -49.7229114383901,-26.8259941843871,0.0 -49.7227776900013,-26.8260712414307,0.0 -49.7226030484386,-26.8261650850279,0.0 -49.7224180140052,-26.8262676250363,0.0 -49.7222229252601,-26.8263698614044,0.0 -49.7220375514758,-26.826481400835,0.0 -49.7218733012699,-26.8265665467577,0.0 -49.7217395514494,-26.8266436026548,0.0 -49.7216265867982,-26.8267032652243,0.0 -49.7215340687124,-26.8267545345201,0.0 -49.7214720512423,-26.8267977140046,0.0 -49.7214100337227,-26.8268408934562,0.0 -49.7213483548628,-26.8268750728832,0.0 -49.7213067839845,-26.8269098591387,0.0 -49.7212648743624,-26.8269536453693,0.0 -49.721223642147,-26.8269794316036,0.0 -49.7211921252068,-26.8270145212517,0.0 -49.721160946972,-26.8270406109012,0.0 -49.7211297687218,-26.827066700542,0.0 -49.7210985904567,-26.8270927901744,0.0 -49.721077804938,-26.8271101832578,0.0 -49.7210462879107,-26.8271452728634,0.0 -49.7210050555699,-26.8271710590194,0.0 -49.7209735385007,-26.827206148604,0.0 -49.720931967372,-26.8272409347205,0.0 -49.7208900574654,-26.8272847208073,0.0 -49.7208481475238,-26.8273285068777,0.0 -49.7208058987884,-26.8273812929162,0.0 -49.7207535959555,-26.827433775464,0.0 -49.72071134713,-26.8274865614641,0.0 -49.720648312586,-26.8275567404488,0.0 -49.7205949932494,-26.8276362228647,0.0 -49.7205212268858,-26.8277240982473,0.0 -49.7204474603984,-26.8278119735774,0.0 -49.7203733549859,-26.8279088488337,0.0 -49.7202995882437,-26.8279967240575,0.0 -49.7202358754879,-26.8280849027458,0.0 -49.7201725014444,-26.828164081417,0.0 -49.720119859081,-26.8282255636252,0.0 -49.7200772707837,-26.8282873493372,0.0 -49.7200353601038,-26.8283311350823,0.0 -49.72001355766,-26.8283755278836,0.0 -49.7199920940354,-26.8284109207056,0.0 -49.7199806845375,-26.8284466170618,0.0 -49.7199696138724,-26.8284733134427,0.0 -49.7199484890548,-26.8284997062809,0.0 -49.7199377572199,-26.8285174026849,0.0 -49.7199166323852,-26.8285437955163,0.0 -49.7198854533876,-26.8285698847971,0.0 -49.719854274375,-26.8285959740692,0.0 -49.7198230953471,-26.8286220633327,0.0 -49.7197811844272,-26.8286658489748,0.0 -49.7197493276369,-26.8287099381587,0.0 -49.7197174708193,-26.8287540273324,0.0 -49.7196849362369,-26.8288161164348,0.0 -49.7196527404864,-26.8288692055561,0.0 -49.7196205447023,-26.8289222946662,0.0 -49.7195880100053,-26.8289843837333,0.0 -49.7195457599582,-26.8290371692454,0.0 -49.719503509868,-26.8290899547401,0.0 -49.7194612597352,-26.8291427402173,0.0 -49.7194190095596,-26.8291955256768,0.0 -49.7193764204416,-26.8292573110843,0.0 -49.7193338312721,-26.829319096473,0.0 -49.7192811878298,-26.8293805782457,0.0 -49.7192389374661,-26.82943336363,0.0 -49.7191963481424,-26.8294951489597,0.0 -49.7191440434529,-26.8295476306995,0.0 -49.7191017929523,-26.8296004160271,0.0 -49.7190595424089,-26.8296532013373,0.0 -49.7190172918228,-26.8297059866299,0.0 -49.7189750411937,-26.8297587719049,0.0 -49.7189223973193,-26.8298202534946,0.0 -49.7188596991185,-26.829881431425,0.0 -49.718786607619,-26.8299513056386,0.0 -49.71869272954,-26.8300385724255,0.0 -49.7185777258087,-26.8301522316879,0.0 -49.7184315419707,-26.8302919796897,0.0 -49.7182645711157,-26.830449120038,0.0 -49.7180972607469,-26.8306152600812,0.0 -49.7179302888905,-26.8307723999198,0.0 -49.7177841033493,-26.8309121470566,0.0 -49.7176690977001,-26.8310258053598,0.0 -49.7175748786877,-26.8311220711324,0.0 -49.7175017854908,-26.8311919444871,0.0 -49.7174390856625,-26.8312531216007,0.0 -49.7173864401486,-26.8313146024304,0.0 -49.7173441880567,-26.8313673870504,0.0 -49.7172912033332,-26.83143786777,0.0 -49.7172281641342,-26.8315080446968,0.0 -49.7171647857425,-26.8315872215221,0.0 -49.7170906746057,-26.831684094403,0.0 -49.7170058306554,-26.8317986633145,0.0 -49.7169102538117,-26.8319309282284,0.0 -49.716804622272,-26.8320628892495,0.0 -49.7167093840809,-26.8321861540399,0.0 -49.7166245392981,-26.8323007226275,0.0 -49.716540372668,-26.8323972912868,0.0 -49.7164766540352,-26.8324854676093,0.0 -49.7164236681521,-26.8325559478712,0.0 -49.7163810758821,-26.832617732016,0.0 -49.716328768248,-26.8326702123766,0.0 -49.7162865150696,-26.8327229965563,0.0 -49.7162342073364,-26.8327754768706,0.0 -49.7161818995513,-26.8328279571595,0.0 -49.7161292525049,-26.8328894373457,0.0 -49.7160665508695,-26.8329506136434,0.0 -49.7159934554074,-26.8330204859585,0.0 -49.7159304143882,-26.8330906620982,0.0 -49.7158569795045,-26.8331695342404,0.0 -49.7157838837535,-26.8332394064139,0.0 -49.7157208424638,-26.833309582429,0.0 -49.7156581403442,-26.8333707584902,0.0 -49.7155954381525,-26.8334319345152,0.0 -49.7155431297267,-26.8334844144943,0.0 -49.715501215095,-26.8335281984421,0.0 -49.7154492458486,-26.833571678462,0.0 -49.7154073311437,-26.8336154623736,0.0 -49.7153657556855,-26.8336502463563,0.0 -49.7153241802001,-26.8336850303236,0.0 -49.7152829439767,-26.8337108143641,0.0 -49.7152517623278,-26.8337369023185,0.0 -49.7152309745533,-26.8337542942832,0.0 -49.7152101867721,-26.8337716862442,0.0 -49.7151893989842,-26.8337890782014,0.0 -49.7151585565897,-26.83380616622,0.0 -49.7151374294849,-26.8338325580774,0.0 -49.715106247765,-26.8338586459915,0.0 -49.7150650114235,-26.8338844299549,0.0 -49.7150234357503,-26.8339192138122,0.0 -49.7149915753472,-26.8339633015107,0.0 -49.7149396056829,-26.8340067812951,0.0 -49.7148976905971,-26.8340505650118,0.0 -49.7148550968203,-26.8341123485243,0.0 -49.7148021090273,-26.8341828279595,0.0 -49.7147484424841,-26.8342713071758,0.0 -49.7146736485134,-26.8343861781229,0.0 -49.71458846036,-26.8345097449315,0.0 -49.7144925386015,-26.8346510074772,0.0 -49.7143862225191,-26.8348009658277,0.0 -49.7142903002108,-26.8349422281734,0.0 -49.7142051111359,-26.835065794646,0.0 -49.7141306553778,-26.8351716652741,0.0 -49.7140769877331,-26.8352601441101,0.0 -49.714023659407,-26.8353396230204,0.0 -49.7139911193068,-26.835401710183,0.0 -49.7139589185852,-26.83545479744,0.0 -49.7139367725762,-26.8355081887251,0.0 -49.7139250207165,-26.8355528841518,0.0 -49.7139132688451,-26.8355975795763,0.0 -49.713901856388,-26.8356332751056,0.0 -49.7138907833496,-26.8356599707403,0.0 -49.7138699949727,-26.835677362436,0.0 -49.7138592613514,-26.8356950581745,0.0 -49.7138485277263,-26.8357127539118,0.0 -49.7138277393321,-26.8357301455991,0.0 -49.713817005698,-26.835747841333,0.0 -49.7138055931889,-26.8357835368487,0.0 -49.713794520108,-26.8358102324711,0.0 -49.7137831075825,-26.8358459279832,0.0 -49.7137716950482,-26.8358816234933,0.0 -49.713760282505,-26.8359173190015,0.0 -49.7137596036219,-26.8359353187831,0.0 -49.7137488699531,-26.8359530145079,0.0 -49.7137481910671,-26.8359710142891,0.0 -49.7137475121803,-26.8359890140701,0.0 -49.7137364390587,-26.8360157096836,0.0 -49.713725365931,-26.8360424052953,0.0 -49.7137240081455,-26.8360784048561,0.0 -49.7137122561104,-26.8361231002457,0.0 -49.71369044926,-26.8361674915699,0.0 -49.7136786971972,-26.8362121869537,0.0 -49.7136568903113,-26.8362565782687,0.0 -49.7136350834061,-26.8363009695783,0.0 -49.7136136159406,-26.8363363609936,0.0 -49.713602203281,-26.8363720564763,0.0 -49.7135807357886,-26.8364074478837,0.0 -49.7135696625727,-26.8364341434733,0.0 -49.7135589288161,-26.8364518391739,0.0 -49.7135481950555,-26.8364695348731,0.0 -49.7135374612912,-26.836487230571,0.0 -49.7135263880546,-26.836513926155,0.0 -49.7135052599761,-26.8365403176574,0.0 -49.7134834529409,-26.8365847089289,0.0 -49.7134616458863,-26.8366291001948,0.0 -49.7134398388118,-26.8366734914551,0.0 -49.7134176922375,-26.8367268825955,0.0 -49.7133952061557,-26.8367892736152,0.0 -49.7133619862081,-26.8368693603044,0.0 -49.7133284267142,-26.8369584468641,0.0 -49.713283454294,-26.8370832288426,0.0 -49.7132274083531,-26.8372347063359,0.0 -49.7131596097701,-26.8374308790829,0.0 -49.7130810769325,-26.8376447474057,0.0 -49.7130018646802,-26.8378766154042,0.0 -49.7129233311147,-26.8380904835581,0.0 -49.7128555312796,-26.8382866560199,0.0 -49.7127994839396,-26.8384381331876,0.0 -49.7127545101148,-26.8385629148414,0.0 -49.7127209494502,-26.8386520011261,0.0 -49.712688067858,-26.8387230876468,0.0 -49.7126655808199,-26.8387854784437,0.0 -49.7126337178629,-26.8388295653206,0.0 -49.7126115703414,-26.8388829562287,0.0 -49.7125797073304,-26.8389270430871,0.0 -49.7125478442922,-26.8389711299353,0.0 -49.7125256966931,-26.8390245208212,0.0 -49.7124934940133,-26.8390776075229,0.0 -49.7124703275881,-26.8391579980088,0.0 -49.7124263717898,-26.8392557798599,0.0 -49.7123810574988,-26.8393895611684,0.0 -49.712323989942,-26.8395680375996,0.0 -49.7122451138472,-26.8397909049198,0.0 -49.7121652184953,-26.8400407717545,0.0 -49.7120745882715,-26.8403083340069,0.0 -49.7119846368288,-26.8405578964156,0.0 -49.7119057590967,-26.8407807633641,0.0 -49.7118486897739,-26.8409592394075,0.0 -49.7118033738294,-26.8410930203469,0.0 -49.7117917679714,-26.8411209971349,0.0 -49.7118295,-26.8410756992385,0.0 -49.7119803,-26.8408825992385,0.0 -49.7121278,-26.8406819992385,0.0 -49.7122729,-26.8404730992385,0.0 -49.7124167,-26.8402552992385,0.0 -49.7125605,-26.8400280992385,0.0 -49.7127052,-26.8397905992385,0.0 -49.712852,-26.8395423992385,0.0 -49.713002,-26.8392826992385,0.0 -49.7130319,-26.8392298992385,0.0 -49.713156,-26.8390110992386,0.0 -49.7133141,-26.8387281992386,0.0 -49.7134761,-26.8384344992386,0.0 -49.7136416,-26.8381307992386,0.0 -49.7138105,-26.8378177992386,0.0 -49.7139826,-26.8374960992386,0.0 -49.7141577,-26.8371664992386,0.0 -49.7147052,-26.8361273992386,0.0 -49.714906,-26.8357498992386,0.0 -49.7151238,-26.8353461992386,0.0 -49.7153635,-26.8349095992386,0.0 -49.71563,-26.8344334992386,0.0 -49.7159281,-26.8339114992387,0.0 -49.7162627,-26.8333367992387,0.0 -49.7164513,-26.8325968992387,0.0 -49.7170594,-26.8319563992387,0.0 -49.7176053,-26.8314592992387,0.0 -49.7180697,-26.8312168992387,0.0 -49.7189976,-26.8308201992387,0.0 -49.7199043,-26.8301720992387,0.0 -49.7203894,-26.8295711992387,0.0 -49.7206996,-26.8291867992387,0.0 -49.722328,-26.8272119992388,0.0 -49.7254855,-26.8243936992388,0.0 -49.726331,-26.8239339992388,0.0 -49.7279548,-26.8230510992389,0.0 -49.7286235,-26.8226838992389,0.0 -49.7287908,-26.8225920992389,0.0 -49.7291706,-26.8223834992389,0.0 -49.7297751,-26.8219045992389,0.0 -49.7306856,-26.8210418992389,0.0 -49.7308279,-26.8208721992389,0.0 -49.7316251,-26.8199214992389,0.0 -49.7327845,-26.8189906992389,0.0 -49.7328804,-26.8189313992389,0.0 -49.7336238,-26.8184716992389,0.0 -49.7340936,-26.818181199239,0.0 -49.734866,-26.817419599239,0.0 -49.7351977,-26.816821099239,0.0 -49.7355198,-26.815996499239,0.0 -49.7361701,-26.814006199239,0.0 -49.7362275,-26.813830599239,0.0 -49.7364426,-26.8131701992391,0.0 -49.736925,-26.8124171992391,0.0 -49.7374259,-26.8118448992391,0.0 -49.7379921,-26.8111978992391,0.0 -49.7383054,-26.8109185992391,0.0 -49.7391021,-26.8102085992391,0.0 -49.7403462,-26.8092687992391,0.0 -49.7416904,-26.8083802992392,0.0 -49.7422308,-26.8078183992392,0.0 -49.7425018,-26.8075365992392,0.0 -49.7426643,-26.8071786992392,0.0 -49.7428321,-26.8066196992392,0.0 -49.7428338,-26.8066141992392,0.0 -49.7429437,-26.8062280992392,0.0 -49.742961,-26.8058649992392,0.0 -49.7430008,-26.8051521992392,0.0 -49.7429525,-26.8030442992393,0.0 -49.7429812,-26.8023625992393,0.0 -49.7430085,-26.8017164992393,0.0 -49.7430383,-26.8014371992393,0.0 -49.7431039,-26.8011422992393,0.0 -49.7432889,-26.8005629992393,0.0 -49.7434888,-26.8002052992393,0.0 -49.7438226,-26.7997972992393,0.0 -49.7445107,-26.7993142992393,0.0 -49.745074,-26.7991155992393,0.0 -49.745937,-26.7989266992393,0.0 -49.7472536,-26.7986707992393,0.0 -49.747738,-26.7985137992393,0.0 -49.7479375,-26.7984491992393,0.0 -49.7485233,-26.7982306992393,0.0 -49.7492854,-26.7978888992394,0.0 -49.75,-26.7974354992394,0.0 -49.7512657,-26.7967308992394,0.0 -49.7524803,-26.7954569992394,0.0 -49.7531161,-26.7947214992394,0.0 -49.7539412,-26.7937671992394,0.0 -49.7545086,-26.7928567992395,0.0 -49.7546529,-26.7922041992395,0.0 -49.754677,-26.7920030992395,0.0 -49.7547173,-26.7916675992395,0.0 -49.7546535,-26.7914851992395,0.0 -49.7545831,-26.7913188992395,0.0 -49.7545076,-26.7911673992395,0.0 -49.7544284,-26.7910297992395,0.0 -49.7543469,-26.7909047992395,0.0 -49.7542645,-26.7907914992395,0.0 -49.7541826,-26.7906884992395,0.0 -49.7541026,-26.7905948992395,0.0 -49.7540257,-26.7905095992395,0.0 -49.7539526,-26.7904317992395,0.0 -49.7538837,-26.7903608992395,0.0 -49.7537059,-26.7901828992395,0.0 -49.7536576,-26.7901328992395,0.0 -49.7536157,-26.7900863992395,0.0 -49.75358,-26.7900428992395,0.0 -49.7535497,-26.7900018992395,0.0 -49.7535233,-26.7899627992395,0.0 -49.7534548,-26.7898525992395,0.0 -49.753431,-26.7898167992395,0.0 -49.7534046,-26.7897804992395,0.0 -49.7533746,-26.7897435992395,0.0 -49.7533412,-26.7897063992395,0.0 -49.7533053,-26.7896693992395,0.0 -49.7532675,-26.7896329992395,0.0 -49.7532285,-26.7895977992395,0.0 -49.7531891,-26.7895641992395,0.0 -49.7531499,-26.7895327992395,0.0 -49.7531117,-26.7895039992395,0.0 -49.753075,-26.7894781992395,0.0 -49.7530401,-26.7894549992395,0.0 -49.752946,-26.7893942992395,0.0 -49.7529184,-26.7893750992395,0.0 -49.7528928,-26.7893552992395,0.0 -49.7528692,-26.7893344992395,0.0 -49.7528475,-26.7893119992395,0.0 -49.752827,-26.7892876992395,0.0 -49.7527639,-26.7892042992395,0.0 -49.7527393,-26.7891729992395,0.0 -49.7527116,-26.7891397992395,0.0 -49.7526798,-26.7891047992395,0.0 -49.7526433,-26.7890679992395,0.0 -49.752602,-26.7890290992395,0.0 -49.7525563,-26.7889879992395,0.0 -49.7524244,-26.7888740992395,0.0 -49.7522702,-26.7887415992395,0.0 -49.7521344,-26.7886215992395,0.0 -49.7518484,-26.7883666992395,0.0 -49.7517776,-26.7883047992395,0.0 -49.7517084,-26.7882452992395,0.0 -49.7516413,-26.7881889992395,0.0 -49.7515765,-26.7881358992395,0.0 -49.7515141,-26.7880858992395,0.0 -49.7514541,-26.7880390992395,0.0 -49.7513968,-26.7879953992396,0.0 -49.7513421,-26.7879547992395,0.0 -49.7512413,-26.7878823992395,0.0 -49.7510702,-26.7877649992396,0.0 -49.7510313,-26.7877373992396,0.0 -49.7509931,-26.7877090992395,0.0 -49.750955,-26.7876792992395,0.0 -49.7509166,-26.7876472992395,0.0 -49.7508775,-26.7876124992396,0.0 -49.750838,-26.7875752992396,0.0 -49.7507983,-26.7875358992396,0.0 -49.7507589,-26.7874948992396,0.0 -49.7507199,-26.7874525992396,0.0 -49.7506819,-26.7874094992396,0.0 -49.7506451,-26.7873659992396,0.0 -49.7506098,-26.7873225992396,0.0 -49.7505677,-26.7872676992396,0.0 -49.7505447,-26.7872362992396,0.0 -49.7505149,-26.7871925992396,0.0 -49.7504871,-26.7871478992396,0.0 -49.7504612,-26.7871017992396,0.0 -49.7504371,-26.7870537992396,0.0 -49.750415,-26.7870032992396,0.0 -49.7503947,-26.7869498992396,0.0 -49.7503764,-26.7868932992396,0.0 -49.7503598,-26.7868336992396,0.0 -49.7503448,-26.7867713992396,0.0 -49.7503313,-26.7867069992396,0.0 -49.7503191,-26.7866405992396,0.0 -49.750308,-26.7865727992396,0.0 -49.750298,-26.7865038992396,0.0 -49.7502889,-26.7864341992396,0.0 -49.7502806,-26.7863640992396,0.0 -49.7502732,-26.7862934992396,0.0 -49.7502668,-26.7862221992396,0.0 -49.7502616,-26.7861500992396,0.0 -49.7502592,-26.7861046992396,0.0 -49.7502577,-26.7860770992396,0.0 -49.7502554,-26.7860028992396,0.0 -49.7502547,-26.7859273992396,0.0 -49.7502559,-26.7858505992396,0.0 -49.750259,-26.7857720992396,0.0 -49.7502648,-26.7856790992396,0.0 -49.7502702,-26.7856114992396,0.0 -49.7502778,-26.7855298992396,0.0 -49.7502866,-26.7854475992396,0.0 -49.7502962,-26.7853649992396,0.0 -49.7503279,-26.7851176992396,0.0 -49.7503332,-26.7850786992396,0.0</coordinates>
</LinearRing>
</outerBoundaryIs>
</Polygon>
<Polygon>
<extrude>0</extrude>
<tessellate>1</tessellate>
<outerBoundaryIs>
<LinearRing>
<coordinates>-49.7082679718453,-26.8510045029086,0.0 -49.7082648828708,-26.8510862446669,0.0 -49.7082587610628,-26.8512482411859,0.0 -49.7082533194125,-26.8513922380876,0.0 -49.7082488980415,-26.8515092355673,0.0 -49.7082451568603,-26.8516082334327,0.0 -49.7082420958796,-26.8516892316848,0.0 -49.7082296589483,-26.8517519257128,0.0 -49.708227618276,-26.8518059245455,0.0 -49.708215861543,-26.8518506189587,0.0 -49.7082041047983,-26.8518953133696,0.0 -49.7081826319836,-26.8519307033564,0.0 -49.7081812715105,-26.8519667025751,0.0 -49.7081695147334,-26.8520113969796,0.0 -49.7081678141304,-26.8520563960017,0.0 -49.7081654332798,-26.852119394632,0.0 -49.7081630524215,-26.8521823932615,0.0 -49.7081700475106,-26.8522636961203,0.0 -49.7081770426012,-26.8523449989791,0.0 -49.7081733012224,-26.8524439968236,0.0 -49.7081796160532,-26.8525432992903,0.0 -49.7081855907541,-26.8526516015608,0.0 -49.7081877343906,-26.8526853108647,0.0 -49.7081914,-26.8526582992383,0.0 -49.7082235,-26.8524082992383,0.0 -49.708239,-26.8522934992383,0.0 -49.7082567,-26.8521743992383,0.0 -49.7082866,-26.8519854992383,0.0 -49.7083051,-26.8518592992383,0.0 -49.7083131,-26.8517978992383,0.0 -49.7083199,-26.8517382992383,0.0 -49.7083251,-26.8516810992383,0.0 -49.7083288,-26.8516260992383,0.0 -49.7083312,-26.8515731992383,0.0 -49.7083322,-26.8515220992383,0.0 -49.7083319,-26.8514726992383,0.0 -49.7083305,-26.8514247992383,0.0 -49.708328,-26.8513779992383,0.0 -49.7083245,-26.8513322992383,0.0 -49.70832,-26.8512873992383,0.0 -49.7083147,-26.8512433992383,0.0 -49.7083085,-26.8512001992383,0.0 -49.7083014,-26.8511577992383,0.0 -49.7082936,-26.8511161992383,0.0 -49.7082851,-26.8510753992383,0.0 -49.7082758,-26.8510354992383,0.0 -49.7082679718453,-26.8510045029086,0.0</coordinates>
</LinearRing>
</outerBoundaryIs>
</Polygon>
<Polygon>
<extrude>0</extrude>
<tessellate>1</tessellate>
<outerBoundaryIs>
<LinearRing>
<coordinates>-49.7077885230622,-26.854781879158,0.0 -49.7077707324874,-26.8548374992893,0.0 -49.7077482382598,-26.8548998885056,0.0 -49.7077042703187,-26.8549976675319,0.0 -49.7077052032843,-26.8550757893834,0.0 -49.7077282,-26.8549983992382,0.0 -49.7077597,-26.8548874992382,0.0 -49.7077885230622,-26.854781879158,0.0</coordinates>
</LinearRing>
</outerBoundaryIs>
</Polygon>
</MultiGeometry>
</Placemark>
</Folder>
</Document></kml>
