<?xml version='1.0' encoding='UTF-8'?>
<kml xmlns:xsd="http://www.w3.org/2001/XMLSchema" xmlns:gx="http://www.google.com/kml/ext/2.2" xmlns:atom="http://www.w3.org/2005/Atom" xmlns="http://www.opengis.net/kml/2.2">
<Document>
<name>lacerdopolis_4209201_localidades_2022</name>
<visibility>1</visibility>
<Schema name="Vilas" id="kml_schema_ft_Vilas">
<SimpleField type="xsd:string" name="CD_UF">
<displayName>CD_UF</displayName>
</SimpleField>
<SimpleField type="xsd:string" name="NM_UF">
<displayName>NM_UF</displayName>
</SimpleField>
<SimpleField type="xsd:string" name="SIGLA_UF">
<displayName>SIGLA_UF</displayName>
</SimpleField>
<SimpleField type="xsd:string" name="CD_MUN">
<displayName>CD_MUN</displayName>
</SimpleField>
<SimpleField type="xsd:string" name="NM_MUN">
<displayName>NM_MUN</displayName>
</SimpleField>
<SimpleField type="xsd:string" name="CD_RGINT">
<displayName>CD_RGINT</displayName>
</SimpleField>
<SimpleField type="xsd:string" name="NM_RGINT">
<displayName>NM_RGINT</displayName>
</SimpleField>
<SimpleField type="xsd:string" name="CD_RGI">
<displayName>CD_RGI</displayName>
</SimpleField>
<SimpleField type="xsd:string" name="NM_RGI">
<displayName>NM_RGI</displayName>
</SimpleField>
<SimpleField type="xsd:string" name="CT_LOCALIDADE">
<displayName>CT_LOCALIDADE</displayName>
</SimpleField>
<SimpleField type="xsd:string" name="CD_LOCALIDADE">
<displayName>CD_LOCALIDADE</displayName>
</SimpleField>
<SimpleField type="xsd:string" name="NM_LOCALIDADE">
<displayName>NM_LOCALIDADE</displayName>
</SimpleField>
<SimpleField type="xsd:string" name="LAT_LOCALIDADE">
<displayName>LAT_LOCALIDADE</displayName>
</SimpleField>
<SimpleField type="xsd:string" name="LONG_LOCALIDADE">
<displayName>LONG_LOCALIDADE</displayName>
</SimpleField>
</Schema>
<Schema name="Núcleos Urbanos" id="kml_schema_ft_Núcleos_Urbanos">
<SimpleField type="xsd:string" name="CD_UF">
<displayName>CD_UF</displayName>
</SimpleField>
<SimpleField type="xsd:string" name="NM_UF">
<displayName>NM_UF</displayName>
</SimpleField>
<SimpleField type="xsd:string" name="SIGLA_UF">
<displayName>SIGLA_UF</displayName>
</SimpleField>
<SimpleField type="xsd:string" name="CD_MUN">
<displayName>CD_MUN</displayName>
</SimpleField>
<SimpleField type="xsd:string" name="NM_MUN">
<displayName>NM_MUN</displayName>
</SimpleField>
<SimpleField type="xsd:string" name="CD_RGINT">
<displayName>CD_RGINT</displayName>
</SimpleField>
<SimpleField type="xsd:string" name="NM_RGINT">
<displayName>NM_RGINT</displayName>
</SimpleField>
<SimpleField type="xsd:string" name="CD_RGI">
<displayName>CD_RGI</displayName>
</SimpleField>
<SimpleField type="xsd:string" name="NM_RGI">
<displayName>NM_RGI</displayName>
</SimpleField>
<SimpleField type="xsd:string" name="CT_LOCALIDADE">
<displayName>CT_LOCALIDADE</displayName>
</SimpleField>
<SimpleField type="xsd:string" name="CD_LOCALIDADE">
<displayName>CD_LOCALIDADE</displayName>
</SimpleField>
<SimpleField type="xsd:string" name="NM_LOCALIDADE">
<displayName>NM_LOCALIDADE</displayName>
</SimpleField>
<SimpleField type="xsd:string" name="LAT_LOCALIDADE">
<displayName>LAT_LOCALIDADE</displayName>
</SimpleField>
<SimpleField type="xsd:string" name="LONG_LOCALIDADE">
<displayName>LONG_LOCALIDADE</displayName>
</SimpleField>
</Schema>
<Schema name="01. Cidade" id="kml_schema_ft_01._Cidade">
<SimpleField type="xsd:string" name="CD_UF">
<displayName>CD_UF</displayName>
</SimpleField>
<SimpleField type="xsd:string" name="NM_UF">
<displayName>NM_UF</displayName>
</SimpleField>
<SimpleField type="xsd:string" name="SIGLA_UF">
<displayName>SIGLA_UF</displayName>
</SimpleField>
<SimpleField type="xsd:string" name="CD_MUN">
<displayName>CD_MUN</displayName>
</SimpleField>
<SimpleField type="xsd:string" name="NM_MUN">
<displayName>NM_MUN</displayName>
</SimpleField>
<SimpleField type="xsd:string" name="CD_RGINT">
<displayName>CD_RGINT</displayName>
</SimpleField>
<SimpleField type="xsd:string" name="NM_RGINT">
<displayName>NM_RGINT</displayName>
</SimpleField>
<SimpleField type="xsd:string" name="CD_RGI">
<displayName>CD_RGI</displayName>
</SimpleField>
<SimpleField type="xsd:string" name="NM_RGI">
<displayName>NM_RGI</displayName>
</SimpleField>
<SimpleField type="xsd:string" name="CT_LOCALIDADE">
<displayName>CT_LOCALIDADE</displayName>
</SimpleField>
<SimpleField type="xsd:string" name="SCT_LOCALIDADE">
<displayName>SCT_LOCALIDADE</displayName>
</SimpleField>
<SimpleField type="xsd:string" name="CD_LOCALIDADE">
<displayName>CD_LOCALIDADE</displayName>
</SimpleField>
<SimpleField type="xsd:string" name="NM_LOCALIDADE">
<displayName>NM_LOCALIDADE</displayName>
</SimpleField>
<SimpleField type="xsd:string" name="LAT_LOCALIDADE">
<displayName>LAT_LOCALIDADE</displayName>
</SimpleField>
<SimpleField type="xsd:string" name="LONG_LOCALIDADE">
<displayName>LONG_LOCALIDADE</displayName>
</SimpleField>
</Schema>
<Schema name="Município" id="kml_schema_ft_Município">
<SimpleField type="xsd:string" name="CD_UF">
<displayName>CD_UF</displayName>
</SimpleField>
<SimpleField type="xsd:string" name="NM_UF">
<displayName>NM_UF</displayName>
</SimpleField>
<SimpleField type="xsd:string" name="CD_MUN">
<displayName>CD_MUN</displayName>
</SimpleField>
<SimpleField type="xsd:string" name="NM_MUN">
<displayName>NM_MUN</displayName>
</SimpleField>
<SimpleField type="xsd:string" name="CD_RGINT">
<displayName>CD_RGINT</displayName>
</SimpleField>
<SimpleField type="xsd:string" name="NM_RGINT">
<displayName>NM_RGINT</displayName>
</SimpleField>
<SimpleField type="xsd:string" name="CD_RGI">
<displayName>CD_RGI</displayName>
</SimpleField>
<SimpleField type="xsd:string" name="NM_RGI">
<displayName>NM_RGI</displayName>
</SimpleField>
</Schema>
<Folder id="01. Cidade">
<name>01. Cidade</name>
<Folder id="01.03. Sede Municipal">
<name>01.03. Sede Municipal</name>
<Placemark id="01.03. Sede Municipal">
<name>Lacerdópolis [4209201]</name>
<visibility>1</visibility>
<snippet> </snippet>
<description>&lt;center&gt;&lt;table&gt;&lt;tr&gt;&lt;th colspan='2' align='center'&gt;&lt;em&gt;Atributos&lt;/em&gt;&lt;/th&gt;&lt;/tr&gt;&lt;tr bgcolor="#E3E3F3"&gt;
&lt;th&gt;CD_UF&lt;/th&gt;
&lt;td&gt;42&lt;/td&gt;
&lt;/tr&gt;&lt;tr bgcolor=""&gt;
&lt;th&gt;NM_UF&lt;/th&gt;
&lt;td&gt;Santa Catarina&lt;/td&gt;
&lt;/tr&gt;&lt;tr bgcolor="#E3E3F3"&gt;
&lt;th&gt;SIGLA_UF&lt;/th&gt;
&lt;td&gt;SC&lt;/td&gt;
&lt;/tr&gt;&lt;tr bgcolor=""&gt;
&lt;th&gt;CD_MUN&lt;/th&gt;
&lt;td&gt;4209201&lt;/td&gt;
&lt;/tr&gt;&lt;tr bgcolor="#E3E3F3"&gt;
&lt;th&gt;NM_MUN&lt;/th&gt;
&lt;td&gt;Lacerdópolis&lt;/td&gt;
&lt;/tr&gt;&lt;tr bgcolor=""&gt;
&lt;th&gt;CD_RGINT&lt;/th&gt;
&lt;td&gt;4204&lt;/td&gt;
&lt;/tr&gt;&lt;tr bgcolor="#E3E3F3"&gt;
&lt;th&gt;NM_RGINT&lt;/th&gt;
&lt;td&gt;Chapecó&lt;/td&gt;
&lt;/tr&gt;&lt;tr bgcolor=""&gt;
&lt;th&gt;CD_RGI&lt;/th&gt;
&lt;td&gt;420008&lt;/td&gt;
&lt;/tr&gt;&lt;tr bgcolor="#E3E3F3"&gt;
&lt;th&gt;NM_RGI&lt;/th&gt;
&lt;td&gt;Joaçaba - Herval d'Oeste&lt;/td&gt;
&lt;/tr&gt;&lt;tr bgcolor=""&gt;
&lt;th&gt;CT_LOCALIDADE&lt;/th&gt;
&lt;td&gt;Cidade&lt;/td&gt;
&lt;/tr&gt;&lt;tr bgcolor="#E3E3F3"&gt;
&lt;th&gt;SCT_LOCALIDADE&lt;/th&gt;
&lt;td&gt;Sede Municipal&lt;/td&gt;
&lt;/tr&gt;&lt;tr bgcolor=""&gt;
&lt;th&gt;CD_LOCALIDADE&lt;/th&gt;
&lt;td&gt;4209201&lt;/td&gt;
&lt;/tr&gt;&lt;tr bgcolor="#E3E3F3"&gt;
&lt;th&gt;NM_LOCALIDADE&lt;/th&gt;
&lt;td&gt;Lacerdópolis&lt;/td&gt;
&lt;/tr&gt;&lt;tr bgcolor=""&gt;
&lt;th&gt;LAT_LOCALIDADE&lt;/th&gt;
&lt;td&gt;-27.2608&lt;/td&gt;
&lt;/tr&gt;&lt;tr bgcolor="#E3E3F3"&gt;
&lt;th&gt;LONG_LOCALIDADE&lt;/th&gt;
&lt;td&gt;-51.5567&lt;/td&gt;
&lt;/tr&gt;&lt;/table&gt;&lt;/center&gt;</description>
<Style>
<IconStyle>
<color>ff00aaff</color>
<scale>1.0</scale>
<Icon>
<href>http://maps.google.com/mapfiles/kml/shapes/placemark_circle.png</href>
</Icon>
</IconStyle>
<LabelStyle>
<scale>1.0</scale>
</LabelStyle>
<LineStyle>
<color>ffffffff</color>
<width>3</width>
<gx:labelVisibility>1</gx:labelVisibility>
</LineStyle>
<PolyStyle>
<color>00ffffff</color>
</PolyStyle>
</Style>
<ExtendedData>
<SchemaData schemaUrl="#kml_schema_ft_01._Cidade">
<SimpleData name="CD_UF">42</SimpleData>
<SimpleData name="NM_UF">Santa Catarina</SimpleData>
<SimpleData name="SIGLA_UF">SC</SimpleData>
<SimpleData name="CD_MUN">4209201</SimpleData>
<SimpleData name="NM_MUN">Lacerdópolis</SimpleData>
<SimpleData name="CD_RGINT">4204</SimpleData>
<SimpleData name="NM_RGINT">Chapecó</SimpleData>
<SimpleData name="CD_RGI">420008</SimpleData>
<SimpleData name="NM_RGI">Joaçaba - Herval d'Oeste</SimpleData>
<SimpleData name="CT_LOCALIDADE">Cidade</SimpleData>
<SimpleData name="SCT_LOCALIDADE">Sede Municipal</SimpleData>
<SimpleData name="CD_LOCALIDADE">4209201</SimpleData>
<SimpleData name="NM_LOCALIDADE">Lacerdópolis</SimpleData>
<SimpleData name="LAT_LOCALIDADE">-27.2608</SimpleData>
<SimpleData name="LONG_LOCALIDADE">-51.5567</SimpleData>
</SchemaData>
</ExtendedData>
<Point>
<extrude>0</extrude>
<coordinates>-51.5567,-27.2607999992304,0.0</coordinates>
</Point>
</Placemark>
</Folder>
</Folder>
<Folder id="04. Vilas">
<name>04. Vilas</name>
<Placemark id="04. Vilas">
<name>São Roque [420920110]</name>
<visibility>1</visibility>
<snippet> </snippet>
<description>&lt;center&gt;&lt;table&gt;&lt;tr&gt;&lt;th colspan='2' align='center'&gt;&lt;em&gt;Atributos&lt;/em&gt;&lt;/th&gt;&lt;/tr&gt;&lt;tr bgcolor="#E3E3F3"&gt;
&lt;th&gt;CD_UF&lt;/th&gt;
&lt;td&gt;42&lt;/td&gt;
&lt;/tr&gt;&lt;tr bgcolor=""&gt;
&lt;th&gt;NM_UF&lt;/th&gt;
&lt;td&gt;Santa Catarina&lt;/td&gt;
&lt;/tr&gt;&lt;tr bgcolor="#E3E3F3"&gt;
&lt;th&gt;SIGLA_UF&lt;/th&gt;
&lt;td&gt;SC&lt;/td&gt;
&lt;/tr&gt;&lt;tr bgcolor=""&gt;
&lt;th&gt;CD_MUN&lt;/th&gt;
&lt;td&gt;4209201&lt;/td&gt;
&lt;/tr&gt;&lt;tr bgcolor="#E3E3F3"&gt;
&lt;th&gt;NM_MUN&lt;/th&gt;
&lt;td&gt;Lacerdópolis&lt;/td&gt;
&lt;/tr&gt;&lt;tr bgcolor=""&gt;
&lt;th&gt;CD_RGINT&lt;/th&gt;
&lt;td&gt;4204&lt;/td&gt;
&lt;/tr&gt;&lt;tr bgcolor="#E3E3F3"&gt;
&lt;th&gt;NM_RGINT&lt;/th&gt;
&lt;td&gt;Chapecó&lt;/td&gt;
&lt;/tr&gt;&lt;tr bgcolor=""&gt;
&lt;th&gt;CD_RGI&lt;/th&gt;
&lt;td&gt;420008&lt;/td&gt;
&lt;/tr&gt;&lt;tr bgcolor="#E3E3F3"&gt;
&lt;th&gt;NM_RGI&lt;/th&gt;
&lt;td&gt;Joaçaba - Herval d'Oeste&lt;/td&gt;
&lt;/tr&gt;&lt;tr bgcolor=""&gt;
&lt;th&gt;CT_LOCALIDADE&lt;/th&gt;
&lt;td&gt;Vila&lt;/td&gt;
&lt;/tr&gt;&lt;tr bgcolor="#E3E3F3"&gt;
&lt;th&gt;CD_LOCALIDADE&lt;/th&gt;
&lt;td&gt;420920110&lt;/td&gt;
&lt;/tr&gt;&lt;tr bgcolor=""&gt;
&lt;th&gt;NM_LOCALIDADE&lt;/th&gt;
&lt;td&gt;São Roque&lt;/td&gt;
&lt;/tr&gt;&lt;tr bgcolor="#E3E3F3"&gt;
&lt;th&gt;LAT_LOCALIDADE&lt;/th&gt;
&lt;td&gt;-27.2294&lt;/td&gt;
&lt;/tr&gt;&lt;tr bgcolor=""&gt;
&lt;th&gt;LONG_LOCALIDADE&lt;/th&gt;
&lt;td&gt;-51.5759&lt;/td&gt;
&lt;/tr&gt;&lt;/table&gt;&lt;/center&gt;</description>
<Style>
<IconStyle>
<color>ffff5400</color>
<scale>1.0</scale>
<Icon>
<href>http://maps.google.com/mapfiles/kml/shapes/placemark_circle.png</href>
</Icon>
</IconStyle>
<LabelStyle>
<scale>0.9</scale>
</LabelStyle>
<LineStyle>
<color>72ffffff</color>
<width>1.0</width>
<gx:labelVisibility>1</gx:labelVisibility>
</LineStyle>
<PolyStyle>
<color>660054ff</color>
</PolyStyle>
</Style>
<ExtendedData>
<SchemaData schemaUrl="#kml_schema_ft_Vilas">
<SimpleData name="CD_UF">42</SimpleData>
<SimpleData name="NM_UF">Santa Catarina</SimpleData>
<SimpleData name="SIGLA_UF">SC</SimpleData>
<SimpleData name="CD_MUN">4209201</SimpleData>
<SimpleData name="NM_MUN">Lacerdópolis</SimpleData>
<SimpleData name="CD_RGINT">4204</SimpleData>
<SimpleData name="NM_RGINT">Chapecó</SimpleData>
<SimpleData name="CD_RGI">420008</SimpleData>
<SimpleData name="NM_RGI">Joaçaba - Herval d'Oeste</SimpleData>
<SimpleData name="CT_LOCALIDADE">Vila</SimpleData>
<SimpleData name="CD_LOCALIDADE">420920110</SimpleData>
<SimpleData name="NM_LOCALIDADE">São Roque</SimpleData>
<SimpleData name="LAT_LOCALIDADE">-27.2294</SimpleData>
<SimpleData name="LONG_LOCALIDADE">-51.5759</SimpleData>
</SchemaData>
</ExtendedData>
<Point>
<extrude>0</extrude>
<coordinates>-51.575889,-27.229388999231,0.0</coordinates>
</Point>
</Placemark>
</Folder>
<Folder id="05. Núcleos Urbanos">
<name>05. Núcleos Urbanos</name>
<Placemark id="localidades">
<name>Distrito Industrial [4209201001]</name>
<visibility>1</visibility>
<snippet> </snippet>
<description>&lt;center&gt;&lt;table&gt;&lt;tr&gt;&lt;th colspan='2' align='center'&gt;&lt;em&gt;Attributes&lt;/em&gt;&lt;/th&gt;&lt;/tr&gt;&lt;tr bgcolor="#E3E3F3"&gt;
&lt;th&gt;CD_UF&lt;/th&gt;
&lt;td&gt;42&lt;/td&gt;
&lt;/tr&gt;&lt;tr bgcolor=""&gt;
&lt;th&gt;NM_UF&lt;/th&gt;
&lt;td&gt;Santa Catarina&lt;/td&gt;
&lt;/tr&gt;&lt;tr bgcolor="#E3E3F3"&gt;
&lt;th&gt;SIGLA_UF&lt;/th&gt;
&lt;td&gt;SC&lt;/td&gt;
&lt;/tr&gt;&lt;tr bgcolor=""&gt;
&lt;th&gt;CD_MUN&lt;/th&gt;
&lt;td&gt;4209201&lt;/td&gt;
&lt;/tr&gt;&lt;tr bgcolor="#E3E3F3"&gt;
&lt;th&gt;NM_MUN&lt;/th&gt;
&lt;td&gt;Lacerdópolis&lt;/td&gt;
&lt;/tr&gt;&lt;tr bgcolor=""&gt;
&lt;th&gt;CD_RGINT&lt;/th&gt;
&lt;td&gt;4204&lt;/td&gt;
&lt;/tr&gt;&lt;tr bgcolor="#E3E3F3"&gt;
&lt;th&gt;NM_RGINT&lt;/th&gt;
&lt;td&gt;Chapecó&lt;/td&gt;
&lt;/tr&gt;&lt;tr bgcolor=""&gt;
&lt;th&gt;CD_RGI&lt;/th&gt;
&lt;td&gt;420008&lt;/td&gt;
&lt;/tr&gt;&lt;tr bgcolor="#E3E3F3"&gt;
&lt;th&gt;NM_RGI&lt;/th&gt;
&lt;td&gt;Joaçaba - Herval d'Oeste&lt;/td&gt;
&lt;/tr&gt;&lt;tr bgcolor=""&gt;
&lt;th&gt;CT_LOCALIDADE&lt;/th&gt;
&lt;td&gt;Núcleo Urbano&lt;/td&gt;
&lt;/tr&gt;&lt;tr bgcolor="#E3E3F3"&gt;
&lt;th&gt;CD_LOCALIDADE&lt;/th&gt;
&lt;td&gt;4209201001&lt;/td&gt;
&lt;/tr&gt;&lt;tr bgcolor=""&gt;
&lt;th&gt;NM_LOCALIDADE&lt;/th&gt;
&lt;td&gt;Distrito Industrial&lt;/td&gt;
&lt;/tr&gt;&lt;tr bgcolor="#E3E3F3"&gt;
&lt;th&gt;LAT_LOCALIDADE&lt;/th&gt;
&lt;td&gt;-27.2702&lt;/td&gt;
&lt;/tr&gt;&lt;tr bgcolor=""&gt;
&lt;th&gt;LONG_LOCALIDADE&lt;/th&gt;
&lt;td&gt;-51.5822&lt;/td&gt;
&lt;/tr&gt;&lt;/table&gt;&lt;/center&gt;</description>
<Style>
<IconStyle>
<color>ff0000ff</color>
<scale>0.9</scale>
<Icon>
<href>http://maps.google.com/mapfiles/kml/shapes/placemark_circle.png</href>
</Icon>
</IconStyle>
<LabelStyle>
<scale>0.9</scale>
</LabelStyle>
<LineStyle>
<color>72ffffff</color>
<width>1.0</width>
<gx:labelVisibility>1</gx:labelVisibility>
</LineStyle>
<PolyStyle>
<color>66ff54ff</color>
</PolyStyle>
</Style>
<ExtendedData>
<SchemaData schemaUrl="#kml_schema_ft_Núcleos_Urbanos">
<SimpleData name="CD_UF">42</SimpleData>
<SimpleData name="NM_UF">Santa Catarina</SimpleData>
<SimpleData name="SIGLA_UF">SC</SimpleData>
<SimpleData name="CD_MUN">4209201</SimpleData>
<SimpleData name="NM_MUN">Lacerdópolis</SimpleData>
<SimpleData name="CD_RGINT">4204</SimpleData>
<SimpleData name="NM_RGINT">Chapecó</SimpleData>
<SimpleData name="CD_RGI">420008</SimpleData>
<SimpleData name="NM_RGI">Joaçaba - Herval d'Oeste</SimpleData>
<SimpleData name="CT_LOCALIDADE">Núcleo Urbano</SimpleData>
<SimpleData name="CD_LOCALIDADE">4209201001</SimpleData>
<SimpleData name="NM_LOCALIDADE">Distrito Industrial</SimpleData>
<SimpleData name="LAT_LOCALIDADE">-27.2702</SimpleData>
<SimpleData name="LONG_LOCALIDADE">-51.5822</SimpleData>
</SchemaData>
</ExtendedData>
<Point>
<extrude>0</extrude>
<coordinates>-51.5821761666666,-27.2702213325636,0.0</coordinates>
</Point>
</Placemark>
</Folder>
<Folder id="13. Referência">
<name>13. Referência</name>
<Placemark id="13. Referência">
<name>Lacerdópolis [4209201]</name>
<visibility>1</visibility>
<snippet> </snippet>
<description>&lt;center&gt;&lt;table&gt;&lt;tr&gt;&lt;th colspan='2' align='center'&gt;&lt;em&gt;Attributes&lt;/em&gt;&lt;/th&gt;&lt;/tr&gt;&lt;tr bgcolor="#E3E3F3"&gt;
&lt;th&gt;CD_UF&lt;/th&gt;
&lt;td&gt;42&lt;/td&gt;
&lt;/tr&gt;&lt;tr bgcolor=""&gt;
&lt;th&gt;NM_UF&lt;/th&gt;
&lt;td&gt;Santa Catarina&lt;/td&gt;
&lt;/tr&gt;&lt;tr bgcolor="#E3E3F3"&gt;
&lt;th&gt;CD_MUN&lt;/th&gt;
&lt;td&gt;4209201&lt;/td&gt;
&lt;/tr&gt;&lt;tr bgcolor=""&gt;
&lt;th&gt;NM_MUN&lt;/th&gt;
&lt;td&gt;Lacerdópolis&lt;/td&gt;
&lt;/tr&gt;&lt;tr bgcolor="#E3E3F3"&gt;
&lt;th&gt;CD_RGINT&lt;/th&gt;
&lt;td&gt;4204&lt;/td&gt;
&lt;/tr&gt;&lt;tr bgcolor=""&gt;
&lt;th&gt;NM_RGINT&lt;/th&gt;
&lt;td&gt;Chapecó&lt;/td&gt;
&lt;/tr&gt;&lt;tr bgcolor="#E3E3F3"&gt;
&lt;th&gt;CD_RGI&lt;/th&gt;
&lt;td&gt;420008&lt;/td&gt;
&lt;/tr&gt;&lt;tr bgcolor=""&gt;
&lt;th&gt;NM_RGI&lt;/th&gt;
&lt;td&gt;Joaçaba - Herval d'Oeste&lt;/td&gt;
&lt;/tr&gt;&lt;/table&gt;&lt;/center&gt;</description>
<Style>
<IconStyle>
<scale>0.7</scale>
</IconStyle>
<LabelStyle>
<scale>0.7</scale>
</LabelStyle>
<LineStyle>
<color>ffffffff</color>
<width>3</width>
<gx:labelVisibility>1</gx:labelVisibility>
</LineStyle>
<PolyStyle>
<color>00ffffff</color>
</PolyStyle>
</Style>
<ExtendedData>
<SchemaData schemaUrl="#kml_schema_ft_Município">
<SimpleData name="CD_UF">42</SimpleData>
<SimpleData name="NM_UF">Santa Catarina</SimpleData>
<SimpleData name="CD_MUN">4209201</SimpleData>
<SimpleData name="NM_MUN">Lacerdópolis</SimpleData>
<SimpleData name="CD_RGINT">4204</SimpleData>
<SimpleData name="NM_RGINT">Chapecó</SimpleData>
<SimpleData name="CD_RGI">420008</SimpleData>
<SimpleData name="NM_RGI">Joaçaba - Herval d'Oeste</SimpleData>
</SchemaData>
</ExtendedData>
<MultiGeometry>
<Polygon>
<extrude>0</extrude>
<tessellate>1</tessellate>
<outerBoundaryIs>
<LinearRing>
<coordinates>-51.5459604,-27.2651090992304,0.0 -51.5461453,-27.2650262992304,0.0 -51.5463326,-27.2649402992304,0.0 -51.5465217,-27.2648521992304,0.0 -51.5466492,-27.2647920992304,0.0 -51.546736,-27.2647511992304,0.0 -51.5467884,-27.2647264992304,0.0 -51.5468721,-27.2646870992304,0.0 -51.5470929,-27.2645830992304,0.0 -51.5472822,-27.2644946992304,0.0 -51.54747,-27.2644081992304,0.0 -51.5476053,-27.2643467992304,0.0 -51.5478403,-27.2642413992304,0.0 -51.5480229,-27.2641608992304,0.0 -51.5482036,-27.2640822992304,0.0 -51.5483826,-27.2640054992304,0.0 -51.5485598,-27.2639304992304,0.0 -51.5487351,-27.2638571992304,0.0 -51.5489085,-27.2637855992304,0.0 -51.5490802,-27.2637156992304,0.0 -51.5492502,-27.2636475992304,0.0 -51.5494186,-27.2635812992304,0.0 -51.5495855,-27.2635167992304,0.0 -51.549751,-27.2634541992304,0.0 -51.5499152,-27.2633934992304,0.0 -51.5500782,-27.2633348992304,0.0 -51.5502399,-27.2632781992304,0.0 -51.5504402,-27.2632106992304,0.0 -51.5505589,-27.2631718992304,0.0 -51.5507154,-27.2631225992304,0.0 -51.5508697,-27.2630761992304,0.0 -51.5510214,-27.2630329992304,0.0 -51.5511701,-27.2629931992304,0.0 -51.5513156,-27.2629568992304,0.0 -51.5514576,-27.2629242992304,0.0 -51.5515958,-27.2628952992304,0.0 -51.5517299,-27.2628695992304,0.0 -51.5518595,-27.2628468992304,0.0 -51.5519843,-27.2628269992304,0.0 -51.552104,-27.2628095992304,0.0 -51.5522182,-27.2627944992304,0.0 -51.5523267,-27.2627813992304,0.0 -51.5524293,-27.2627700992304,0.0 -51.5525263,-27.2627604992304,0.0 -51.5526183,-27.2627525992304,0.0 -51.5527059,-27.2627464992304,0.0 -51.5527895,-27.2627420992304,0.0 -51.5528698,-27.2627394992304,0.0 -51.5529472,-27.2627385992304,0.0 -51.5530223,-27.2627393992304,0.0 -51.5530956,-27.2627419992304,0.0 -51.5531673,-27.2627468992304,0.0 -51.5532377,-27.2627545992304,0.0 -51.5533071,-27.2627656992304,0.0 -51.5533757,-27.2627806992304,0.0 -51.5534437,-27.2628001992304,0.0 -51.5535115,-27.2628246992304,0.0 -51.5535791,-27.2628547992304,0.0 -51.5536468,-27.2628908992304,0.0 -51.5537144,-27.2629326992304,0.0 -51.5537816,-27.2629798992304,0.0 -51.5538482,-27.2630322992304,0.0 -51.5539138,-27.2630892992304,0.0 -51.5539782,-27.2631507992304,0.0 -51.5540412,-27.2632161992304,0.0 -51.5541023,-27.2632852992304,0.0 -51.5541614,-27.2633576992304,0.0 -51.5542181,-27.2634327992304,0.0 -51.5542719,-27.2635098992304,0.0 -51.5543225,-27.2635884992304,0.0 -51.554346,-27.2636282992304,0.0 -51.5543695,-27.2636679992304,0.0 -51.5544125,-27.2637476992304,0.0 -51.5544511,-27.2638269992304,0.0 -51.5544849,-27.2639052992304,0.0 -51.5545135,-27.2639821992304,0.0 -51.5545368,-27.2640585992304,0.0 -51.5545545,-27.2641352992304,0.0 -51.5545665,-27.2642134992304,0.0 -51.5545727,-27.2642941992304,0.0 -51.5545727,-27.2643783992304,0.0 -51.5545666,-27.2644670992304,0.0 -51.554554,-27.2645612992304,0.0 -51.5545349,-27.2646617992304,0.0 -51.55451,-27.2647679992304,0.0 -51.5544796,-27.2648788992304,0.0 -51.5544446,-27.2649936992304,0.0 -51.5544056,-27.2651114992303,0.0 -51.5543631,-27.2652311992303,0.0 -51.5543179,-27.2653520992303,0.0 -51.5542705,-27.2654731992303,0.0 -51.5542216,-27.2655936992303,0.0 -51.5541718,-27.2657128992303,0.0 -51.5541218,-27.2658301992303,0.0 -51.553977,-27.2661643992303,0.0 -51.5539327,-27.2662679992303,0.0 -51.5538913,-27.2663664992303,0.0 -51.5538535,-27.2664597992303,0.0 -51.5538192,-27.2665487992303,0.0 -51.553788,-27.2666343992303,0.0 -51.5537598,-27.2667179992303,0.0 -51.5537344,-27.2668007992303,0.0 -51.5537115,-27.2668837992303,0.0 -51.5536908,-27.2669681992303,0.0 -51.5536744,-27.2670449992303,0.0 -51.5536554,-27.2671458992303,0.0 -51.5536405,-27.2672395992303,0.0 -51.5536275,-27.2673359992303,0.0 -51.5536165,-27.2674342992303,0.0 -51.5536074,-27.2675339992303,0.0 -51.5536004,-27.2676344992303,0.0 -51.5535954,-27.2677350992303,0.0 -51.5535926,-27.2678352992303,0.0 -51.5535919,-27.2679345992303,0.0 -51.5535929,-27.2680326992303,0.0 -51.553597,-27.2682154992303,0.0 -51.5536009,-27.2684114992303,0.0 -51.5536011,-27.2685022992303,0.0 -51.5536001,-27.2685513992303,0.0 -51.5535952,-27.2686783992303,0.0 -51.5535828,-27.2688165992303,0.0 -51.5535677,-27.2689276992303,0.0 -51.5535533,-27.2690065992303,0.0 -51.5535237,-27.2691311992303,0.0 -51.5535166,-27.2691579992303,0.0 -51.5534942,-27.2692302992303,0.0 -51.5534689,-27.2693003992303,0.0 -51.5534401,-27.2693688992303,0.0 -51.5534071,-27.2694366992303,0.0 -51.5533691,-27.2695042992303,0.0 -51.5533254,-27.2695725992303,0.0 -51.5532752,-27.2696422992303,0.0 -51.5532179,-27.2697140992303,0.0 -51.5531527,-27.2697888992303,0.0 -51.5530791,-27.2698668992303,0.0 -51.5529983,-27.2699471992303,0.0 -51.5529116,-27.2700283992303,0.0 -51.5528203,-27.2701091992303,0.0 -51.552789,-27.2701353992303,0.0 -51.5527258,-27.2701882992303,0.0 -51.5526296,-27.2702641992303,0.0 -51.5525329,-27.2703356992303,0.0 -51.5524372,-27.2704012992302,0.0 -51.5523435,-27.2704601992303,0.0 -51.5522513,-27.2705123992302,0.0 -51.552164,-27.2705564992302,0.0 -51.5520779,-27.2705950992302,0.0 -51.5519878,-27.2706307992302,0.0 -51.5519438,-27.2706455992302,0.0 -51.5518848,-27.2706640992302,0.0 -51.5517837,-27.2706957992302,0.0 -51.5516832,-27.2707210992302,0.0 -51.5515785,-27.2707437992303,0.0 -51.5514696,-27.2707642992302,0.0 -51.5513565,-27.2707828992302,0.0 -51.5512393,-27.2707995992302,0.0 -51.5511179,-27.2708147992302,0.0 -51.5509925,-27.2708285992302,0.0 -51.5508629,-27.2708411992302,0.0 -51.5507294,-27.2708528992302,0.0 -51.5505919,-27.2708638992302,0.0 -51.550451,-27.2708740992302,0.0 -51.5503069,-27.2708835992302,0.0 -51.5501601,-27.2708923992302,0.0 -51.5500112,-27.2709004992302,0.0 -51.5498605,-27.2709077992302,0.0 -51.5497086,-27.2709143992302,0.0 -51.5495557,-27.2709202992302,0.0 -51.548938,-27.2709406992302,0.0 -51.5487812,-27.2709469992302,0.0 -51.5486231,-27.2709544992302,0.0 -51.5484635,-27.2709637992302,0.0 -51.5483022,-27.2709750992302,0.0 -51.5481392,-27.2709886992302,0.0 -51.5479746,-27.2710044992302,0.0 -51.5478087,-27.2710219992302,0.0 -51.5476419,-27.2710407992302,0.0 -51.5474742,-27.2710606992302,0.0 -51.5469695,-27.2711222992302,0.0 -51.5468012,-27.2711423992302,0.0 -51.5466314,-27.2711620992302,0.0 -51.5464583,-27.2711812992302,0.0 -51.5462801,-27.2712001992302,0.0 -51.5460948,-27.2712187992302,0.0 -51.5459007,-27.2712371992302,0.0 -51.5456959,-27.2712553992302,0.0 -51.5454787,-27.2712734992302,0.0 -51.5452476,-27.2712914992302,0.0 -51.545004,-27.2713094992302,0.0 -51.5447495,-27.2713273992302,0.0 -51.5444859,-27.2713453992302,0.0 -51.5439382,-27.2713813992302,0.0 -51.5432091,-27.2714286992302,0.0 -51.5422381,-27.2714930992302,0.0 -51.5419535,-27.2715130992302,0.0 -51.541669,-27.2715339992302,0.0 -51.5413846,-27.2715556992302,0.0 -51.5411003,-27.2715783992302,0.0 -51.5404145,-27.2716361992302,0.0 -51.5399777,-27.2716721992302,0.0 -51.5397056,-27.2716927992302,0.0 -51.5395024,-27.2717063992302,0.0 -51.5391788,-27.2717252992302,0.0 -51.5389261,-27.2717355992302,0.0 -51.5386817,-27.2717413992302,0.0 -51.5384443,-27.2717428992302,0.0 -51.5382126,-27.2717410992302,0.0 -51.537985,-27.2717366992302,0.0 -51.5378927,-27.2717340992302,0.0 -51.5377602,-27.2717302992302,0.0 -51.5370565,-27.2717067992302,0.0 -51.5368588,-27.2717010992302,0.0 -51.5363855,-27.2716889992302,0.0 -51.5361375,-27.2716821992302,0.0 -51.5358795,-27.2716738992302,0.0 -51.5356101,-27.2716636992302,0.0 -51.5353274,-27.2716506992302,0.0 -51.5350298,-27.2716344992302,0.0 -51.5345482,-27.2716020992302,0.0 -51.5343676,-27.2715887992302,0.0 -51.5340611,-27.2715638992302,0.0 -51.5337287,-27.2715339992302,0.0 -51.5333465,-27.2714956992302,0.0 -51.5330799,-27.2714666992302,0.0 -51.5327738,-27.2714298992302,0.0 -51.5324865,-27.2713914992302,0.0 -51.5322218,-27.2713516992302,0.0 -51.5319774,-27.2713102992302,0.0 -51.5317499,-27.2712672992302,0.0 -51.5315357,-27.2712222992302,0.0 -51.5313312,-27.2711751992302,0.0 -51.5311328,-27.2711256992302,0.0 -51.5309371,-27.2710737992302,0.0 -51.5307403,-27.2710190992302,0.0 -51.5305398,-27.2709616992302,0.0 -51.5303357,-27.2709021992302,0.0 -51.5299333,-27.2707837992302,0.0 -51.5295901,-27.2706842992302,0.0 -51.5293069,-27.2706045992302,0.0 -51.5289675,-27.2705150992302,0.0 -51.5287733,-27.2704669992302,0.0 -51.5285001,-27.2704033992302,0.0 -51.5282366,-27.2703474992303,0.0 -51.5281288,-27.2703256992303,0.0 -51.5279516,-27.2702920992303,0.0 -51.5277807,-27.2702619992303,0.0 -51.5276165,-27.2702352992303,0.0 -51.5274593,-27.2702120992303,0.0 -51.5273084,-27.2701923992303,0.0 -51.527163,-27.2701763992303,0.0 -51.5270223,-27.2701641992303,0.0 -51.5268853,-27.2701558992303,0.0 -51.5267512,-27.2701515992303,0.0 -51.5266191,-27.2701514992303,0.0 -51.5264882,-27.2701556992303,0.0 -51.5263578,-27.2701642992303,0.0 -51.5262278,-27.2701776992303,0.0 -51.5260985,-27.2701961992303,0.0 -51.5259699,-27.2702200992303,0.0 -51.5258424,-27.2702496992303,0.0 -51.5257159,-27.2702853992302,0.0 -51.5255908,-27.2703275992303,0.0 -51.5254672,-27.2703765992303,0.0 -51.5253452,-27.2704324992302,0.0 -51.5252253,-27.2704947992303,0.0 -51.5251076,-27.2705629992302,0.0 -51.5249926,-27.2706362992303,0.0 -51.5248805,-27.2707141992302,0.0 -51.5247718,-27.2707958992302,0.0 -51.5246666,-27.2708808992302,0.0 -51.5245329,-27.2709985992302,0.0 -51.5244686,-27.2710580992302,0.0 -51.5243759,-27.2711500992302,0.0 -51.5242875,-27.2712447992302,0.0 -51.5242034,-27.2713426992302,0.0 -51.5241234,-27.2714440992302,0.0 -51.5240477,-27.2715493992302,0.0 -51.5239761,-27.2716589992302,0.0 -51.5239087,-27.2717733992302,0.0 -51.5238455,-27.2718926992302,0.0 -51.5237863,-27.2720159992302,0.0 -51.5237311,-27.2721422992302,0.0 -51.5236939,-27.2722352992302,0.0 -51.5236323,-27.2723994992302,0.0 -51.5235886,-27.2725281992302,0.0 -51.5235486,-27.2726555992302,0.0 -51.5235122,-27.2727805992302,0.0 -51.5234793,-27.2729021992302,0.0 -51.5234498,-27.2730205992302,0.0 -51.5234233,-27.2731358992302,0.0 -51.5233997,-27.2732483992302,0.0 -51.5233788,-27.2733583992302,0.0 -51.5233604,-27.2734658992302,0.0 -51.5233441,-27.2735713992302,0.0 -51.5233299,-27.2736749992302,0.0 -51.5233175,-27.2737769992302,0.0 -51.5233067,-27.2738781992302,0.0 -51.5232974,-27.2739792992302,0.0 -51.5232896,-27.2740811992302,0.0 -51.5232829,-27.2741847992302,0.0 -51.5232774,-27.2742906992302,0.0 -51.5232728,-27.2743998992302,0.0 -51.5232691,-27.2745130992302,0.0 -51.5232661,-27.2746308992302,0.0 -51.5232639,-27.2747526992302,0.0 -51.5232627,-27.2748776992302,0.0 -51.5232628,-27.2750049992302,0.0 -51.5232634,-27.2750693992302,0.0 -51.5232641,-27.2751337992302,0.0 -51.5232668,-27.2752630992302,0.0 -51.5232712,-27.2753922992302,0.0 -51.5232774,-27.2755202992302,0.0 -51.5232855,-27.2756466992302,0.0 -51.5232957,-27.2757713992302,0.0 -51.5233082,-27.2758947992301,0.0 -51.5233231,-27.2760170992301,0.0 -51.5233406,-27.2761387992301,0.0 -51.523361,-27.2762601992301,0.0 -51.5233734,-27.2763249992301,0.0 -51.5234106,-27.2765027992301,0.0 -51.5234403,-27.2766246992301,0.0 -51.5234734,-27.2767466992301,0.0 -51.5235099,-27.2768683992301,0.0 -51.5235501,-27.2769892992301,0.0 -51.523594,-27.2771089992301,0.0 -51.5236416,-27.2772270992301,0.0 -51.5236932,-27.2773431992301,0.0 -51.5237488,-27.2774568992301,0.0 -51.5238085,-27.2775678992301,0.0 -51.5238725,-27.2776775992301,0.0 -51.5239408,-27.2777873992301,0.0 -51.5240138,-27.2778988992301,0.0 -51.5240916,-27.2780135992301,0.0 -51.5241742,-27.2781329992301,0.0 -51.5244714,-27.2785604992301,0.0 -51.5246598,-27.2788333992301,0.0 -51.5247658,-27.2789853992301,0.0 -51.5248715,-27.2791349992301,0.0 -51.5249757,-27.2792792992301,0.0 -51.5250769,-27.2794152992301,0.0 -51.5251737,-27.2795400992301,0.0 -51.5252651,-27.2796515992301,0.0 -51.525371,-27.2797709992301,0.0 -51.5254353,-27.2798392992301,0.0 -51.5255161,-27.2799190992301,0.0 -51.5255957,-27.2799917992301,0.0 -51.5256751,-27.2800592992301,0.0 -51.5257555,-27.2801233992301,0.0 -51.5258379,-27.2801856992301,0.0 -51.5259231,-27.2802477992301,0.0 -51.5260108,-27.2803097992301,0.0 -51.5261001,-27.2803717992301,0.0 -51.5264585,-27.2806166992301,0.0 -51.5265446,-27.2806767992301,0.0 -51.526628,-27.2807362992301,0.0 -51.5267089,-27.2807951992301,0.0 -51.526788,-27.28085359923,0.0 -51.527095,-27.28108279923,0.0 -51.527172,-27.28113929923,0.0 -51.52725,-27.28119549923,0.0 -51.5273287,-27.28125119923,0.0 -51.5274077,-27.28130589923,0.0 -51.5274867,-27.28135929923,0.0 -51.5275652,-27.28141109923,0.0 -51.5276429,-27.28146079923,0.0 -51.5277193,-27.28150809923,0.0 -51.5277941,-27.28155259923,0.0 -51.5278671,-27.28159399923,0.0 -51.5279389,-27.28163249923,0.0 -51.5280103,-27.28166809923,0.0 -51.5280821,-27.28170109923,0.0 -51.5281552,-27.28173149923,0.0 -51.5282303,-27.28175959923,0.0 -51.5283082,-27.28178549923,0.0 -51.5283898,-27.28180929923,0.0 -51.5284757,-27.28183119923,0.0 -51.528566,-27.28185129923,0.0 -51.5286605,-27.28186979923,0.0 -51.5287591,-27.28188669923,0.0 -51.5288618,-27.28190209923,0.0 -51.5289683,-27.28191619923,0.0 -51.5290785,-27.28192899923,0.0 -51.5291925,-27.28194069923,0.0 -51.52931,-27.28195129923,0.0 -51.5294315,-27.28196079923,0.0 -51.5295083,-27.28196569923,0.0 -51.5296877,-27.28197559923,0.0 -51.5298233,-27.28198069923,0.0 -51.5299644,-27.28198419923,0.0 -51.5301114,-27.28198569923,0.0 -51.5302647,-27.28198539923,0.0 -51.5304246,-27.28198289923,0.0 -51.5305914,-27.28197879923,0.0 -51.5307651,-27.28197319923,0.0 -51.5315646,-27.28194319923,0.0 -51.5317423,-27.28193719923,0.0 -51.5319601,-27.28193079923,0.0 -51.5321837,-27.28192519923,0.0 -51.5324111,-27.28192049923,0.0 -51.5326403,-27.28191659923,0.0 -51.5328695,-27.28191379923,0.0 -51.5330966,-27.28191189923,0.0 -51.5333198,-27.28191119923,0.0 -51.533537,-27.28191149923,0.0 -51.533747,-27.28191299923,0.0 -51.5340497,-27.28191709923,0.0 -51.5341522,-27.28191869923,0.0 -51.5343517,-27.28192259923,0.0 -51.5349645,-27.28193629923,0.0 -51.5354659,-27.28194679923,0.0 -51.53573,-27.28195239923,0.0 -51.5358764,-27.28195589923,0.0 -51.5361166,-27.28196299923,0.0 -51.5363329,-27.28197119923,0.0 -51.5365954,-27.28198389923,0.0 -51.5368291,-27.28199889923,0.0 -51.537056,-27.28201759923,0.0 -51.5372742,-27.28204049923,0.0 -51.537484,-27.28206719923,0.0 -51.5376092,-27.28208579923,0.0 -51.5376863,-27.28209719923,0.0 -51.5378821,-27.28212979923,0.0 -51.5380722,-27.28216469923,0.0 -51.5382575,-27.28220119923,0.0 -51.538439,-27.28223869923,0.0 -51.5386174,-27.28227679923,0.0 -51.5387937,-27.28231499923,0.0 -51.5391418,-27.28239159923,0.0 -51.5395819,-27.28249029923,0.0 -51.5397774,-27.28253449923,0.0 -51.5400684,-27.28260059923,0.0 -51.5403594,-27.28266679923,0.0 -51.5405343,-27.28270769923,0.0 -51.5407068,-27.28274919923,0.0 -51.5408755,-27.28279129923,0.0 -51.5410391,-27.28283419923,0.0 -51.5411963,-27.28287779923,0.0 -51.5413457,-27.28292219923,0.0 -51.5414672,-27.28296119923,0.0 -51.5416188,-27.28301269923,0.0 -51.5417435,-27.28305729923,0.0 -51.5419734,-27.28314169923,0.0 -51.5421134,-27.28319109923,0.0 -51.542182,-27.28321419923,0.0 -51.5422802,-27.28324419923,0.0 -51.5423755,-27.28326899923,0.0 -51.5424689,-27.28328869923,0.0 -51.5425614,-27.28330319923,0.0 -51.5426543,-27.28331269923,0.0 -51.5427486,-27.28331719923,0.0 -51.5428454,-27.28331679923,0.0 -51.5429458,-27.28331149923,0.0 -51.5430913,-27.28329599923,0.0 -51.5431618,-27.28328669923,0.0 -51.5432784,-27.28326769923,0.0 -51.5434009,-27.28324519923,0.0 -51.5435291,-27.28321949923,0.0 -51.5438451,-27.28315169923,0.0 -51.5440993,-27.28309649923,0.0 -51.5442559,-27.28306329923,0.0 -51.544417,-27.28302969923,0.0 -51.5450845,-27.28289299923,0.0 -51.5452938,-27.28284959923,0.0 -51.5454164,-27.28282379923,0.0 -51.5455782,-27.28278919923,0.0 -51.5457367,-27.28275449923,0.0 -51.5458774,-27.28272289923,0.0 -51.5460441,-27.28268459923,0.0 -51.546193,-27.28264929923,0.0 -51.5463388,-27.28261369923,0.0 -51.5464815,-27.28257759923,0.0 -51.5466212,-27.28254119923,0.0 -51.5466961,-27.28252089923,0.0 -51.5468909,-27.28246689923,0.0 -51.5470202,-27.28242909923,0.0 -51.5471451,-27.28239109923,0.0 -51.5472652,-27.28235289923,0.0 -51.5473801,-27.28231459923,0.0 -51.5474894,-27.28227619923,0.0 -51.5475926,-27.28223789923,0.0 -51.5476895,-27.28219969923,0.0 -51.5477807,-27.28216119923,0.0 -51.5478671,-27.28212209923,0.0 -51.5479496,-27.28208219923,0.0 -51.5480291,-27.28204099923,0.0 -51.5481064,-27.28199809923,0.0 -51.5482172,-27.28193169923,0.0 -51.5482581,-27.28190629923,0.0 -51.5483341,-27.28185659923,0.0 -51.5484107,-27.28180399923,0.0 -51.548488,-27.28174839923,0.0 -51.5485663,-27.28168959923,0.0 -51.5486714,-27.28160599923,0.0 -51.548726,-27.28156119923,0.0 -51.5488078,-27.28149129923,0.0 -51.5488911,-27.28141729923,0.0 -51.5489759,-27.28133919923,0.0 -51.5490618,-27.28125789923,0.0 -51.5491483,-27.28117429923,0.0 -51.5492347,-27.28108949923,0.0 -51.5494888,-27.2808382992301,0.0 -51.5495699,-27.2807589992301,0.0 -51.5496486,-27.2806832992301,0.0 -51.5497257,-27.2806105992301,0.0 -51.5498022,-27.2805397992301,0.0 -51.5498791,-27.2804697992301,0.0 -51.5499575,-27.2803996992301,0.0 -51.5500384,-27.2803282992301,0.0 -51.550212,-27.2801777992301,0.0 -51.5504057,-27.2800120992301,0.0 -51.5509458,-27.2795520992301,0.0 -51.5511673,-27.2793614992301,0.0 -51.5514966,-27.2790764992301,0.0 -51.5516069,-27.2789814992301,0.0 -51.5517182,-27.2788864992301,0.0 -51.5518995,-27.2787337992301,0.0 -51.5519449,-27.2786958992301,0.0 -51.55204,-27.2786173992301,0.0 -51.5521788,-27.2785039992301,0.0 -51.5527904,-27.2780106992301,0.0 -51.5531707,-27.2776997992301,0.0 -51.5533007,-27.2775953992301,0.0 -51.5534331,-27.2774919992301,0.0 -51.5535686,-27.2773905992301,0.0 -51.5537076,-27.2772921992301,0.0 -51.5538509,-27.2771974992301,0.0 -51.553999,-27.2771075992301,0.0 -51.554152,-27.2770228992301,0.0 -51.5543094,-27.2769424992301,0.0 -51.5543793,-27.2769086992301,0.0 -51.5546327,-27.2767889992301,0.0 -51.5547966,-27.2767130992301,0.0 -51.5549607,-27.2766359992301,0.0 -51.5551238,-27.2765562992301,0.0 -51.5552849,-27.2764726992301,0.0 -51.555471,-27.2763677992301,0.0 -51.5556011,-27.2762911992301,0.0 -51.5559216,-27.2760967992301,0.0 -51.5560885,-27.2759973992301,0.0 -51.5562626,-27.2758978992301,0.0 -51.5564371,-27.2758041992302,0.0 -51.5566405,-27.2757030992302,0.0 -51.5568473,-27.2756096992301,0.0 -51.5570639,-27.2755199992302,0.0 -51.5572864,-27.2754343992302,0.0 -51.5575112,-27.2753534992302,0.0 -51.5577348,-27.2752778992302,0.0 -51.5579534,-27.2752079992302,0.0 -51.5581634,-27.2751442992302,0.0 -51.5583612,-27.2750874992302,0.0 -51.5585443,-27.2750375992302,0.0 -51.5587158,-27.2749932992302,0.0 -51.5588798,-27.2749525992302,0.0 -51.5593683,-27.2748346992302,0.0 -51.5595439,-27.2747906992302,0.0 -51.5597329,-27.2747413992302,0.0 -51.55994,-27.2746856992302,0.0 -51.560172,-27.2746251992302,0.0 -51.5604363,-27.2745623992302,0.0 -51.5607402,-27.2744996992302,0.0 -51.5610912,-27.2744395992302,0.0 -51.5615891,-27.2743750992302,0.0 -51.5620988,-27.2743136992302,0.0 -51.5625014,-27.2742445992302,0.0 -51.5628859,-27.2742016992302,0.0 -51.563213,-27.2741712992302,0.0 -51.5634904,-27.2741518992302,0.0 -51.5637256,-27.2741423992302,0.0 -51.5639261,-27.2741414992302,0.0 -51.5640995,-27.2741476992302,0.0 -51.5642534,-27.2741598992302,0.0 -51.5643953,-27.2741766992302,0.0 -51.5645314,-27.2741969992302,0.0 -51.564663,-27.2742204992302,0.0 -51.5647898,-27.2742473992302,0.0 -51.5649118,-27.2742775992302,0.0 -51.5650288,-27.2743110992302,0.0 -51.5651407,-27.2743477992302,0.0 -51.5652473,-27.2743878992302,0.0 -51.5653486,-27.2744311992302,0.0 -51.5654444,-27.2744777992302,0.0 -51.5655349,-27.2745273992302,0.0 -51.5656205,-27.2745795992302,0.0 -51.5657014,-27.2746341992302,0.0 -51.5657778,-27.2746909992302,0.0 -51.56585,-27.2747494992302,0.0 -51.5659182,-27.2748094992302,0.0 -51.5659828,-27.2748706992302,0.0 -51.566044,-27.2749328992302,0.0 -51.5661021,-27.2749964992302,0.0 -51.5661572,-27.2750619992302,0.0 -51.5662097,-27.2751298992302,0.0 -51.5662599,-27.2752006992302,0.0 -51.566308,-27.2752748992302,0.0 -51.5663542,-27.2753529992302,0.0 -51.5663988,-27.2754353992302,0.0 -51.566442,-27.2755224992301,0.0 -51.5664834,-27.2756128992302,0.0 -51.5665227,-27.2757053992302,0.0 -51.5665595,-27.2757983992302,0.0 -51.5665933,-27.2758904992301,0.0 -51.5666238,-27.2759802992301,0.0 -51.5666505,-27.2760662992301,0.0 -51.566673,-27.2761469992301,0.0 -51.5666911,-27.2762213992301,0.0 -51.5667046,-27.2762899992301,0.0 -51.5667138,-27.2763534992301,0.0 -51.5667186,-27.2764234992301,0.0 -51.5667189,-27.2764682992301,0.0 -51.566715,-27.2765213992301,0.0 -51.566707,-27.2765724992301,0.0 -51.5666948,-27.2766224992301,0.0 -51.5666786,-27.2766721992301,0.0 -51.5666584,-27.2767217992301,0.0 -51.5666345,-27.2767714992301,0.0 -51.5666071,-27.2768216992301,0.0 -51.5665762,-27.2768723992301,0.0 -51.5665421,-27.2769238992301,0.0 -51.566505,-27.2769764992301,0.0 -51.5664649,-27.2770302992301,0.0 -51.5664222,-27.2770857992301,0.0 -51.5663767,-27.2771436992301,0.0 -51.5663284,-27.2772050992301,0.0 -51.5662775,-27.2772709992301,0.0 -51.5662239,-27.2773422992301,0.0 -51.5661677,-27.2774200992301,0.0 -51.5661087,-27.2775053992301,0.0 -51.5660471,-27.2775990992301,0.0 -51.565983,-27.2777017992301,0.0 -51.5659171,-27.2778122992301,0.0 -51.5658504,-27.2779287992301,0.0 -51.5657837,-27.2780495992301,0.0 -51.5657179,-27.2781729992301,0.0 -51.5656539,-27.2782973992301,0.0 -51.5655926,-27.2784208992301,0.0 -51.565535,-27.2785418992301,0.0 -51.5654815,-27.2786592992301,0.0 -51.5654311,-27.2787744992301,0.0 -51.5653825,-27.2788894992301,0.0 -51.5653343,-27.2790062992301,0.0 -51.5652851,-27.2791268992301,0.0 -51.5652336,-27.2792533992301,0.0 -51.5651785,-27.2793876992301,0.0 -51.5651183,-27.2795317992301,0.0 -51.5650522,-27.2796869992301,0.0 -51.5649809,-27.2798515992301,0.0 -51.5649057,-27.2800230992301,0.0 -51.5648278,-27.2801989992301,0.0 -51.5647484,-27.2803768992301,0.0 -51.5646688,-27.2805540992301,0.0 -51.5645902,-27.2807283992301,0.0 -51.5645138,-27.28089709923,0.0 -51.5644408,-27.28105819923,0.0 -51.5643716,-27.28121179923,0.0 -51.5643065,-27.28135799923,0.0 -51.5642459,-27.28149729923,0.0 -51.5641902,-27.28162999923,0.0 -51.5641396,-27.28175659923,0.0 -51.5640946,-27.28187729923,0.0 -51.5640554,-27.28199259923,0.0 -51.5640222,-27.28210269923,0.0 -51.5639944,-27.28220779923,0.0 -51.5639708,-27.28230819923,0.0 -51.5639507,-27.28240409923,0.0 -51.5639332,-27.28249549923,0.0 -51.5639172,-27.28258269923,0.0 -51.5639019,-27.28266589923,0.0 -51.5638864,-27.28274519923,0.0 -51.5638698,-27.28282099923,0.0 -51.5638515,-27.28289429923,0.0 -51.5638311,-27.28296639923,0.0 -51.563808,-27.28303849923,0.0 -51.5637818,-27.28311199923,0.0 -51.5637518,-27.28318789923,0.0 -51.5637177,-27.28326759923,0.0 -51.563679,-27.28335229923,0.0 -51.5636354,-27.28344289923,0.0 -51.5635879,-27.28353879923,0.0 -51.5635377,-27.28363899923,0.0 -51.5634862,-27.28374249923,0.0 -51.5634346,-27.28384849923,0.0 -51.5633842,-27.28395589923,0.0 -51.5633362,-27.28406379923,0.0 -51.563292,-27.28417119923,0.0 -51.5632523,-27.28427769923,0.0 -51.5632163,-27.28438519923,0.0 -51.5631828,-27.28449619923,0.0 -51.5631506,-27.28461299923,0.0 -51.5631184,-27.28473809923,0.0 -51.5630849,-27.28487399923,0.0 -51.563049,-27.28502289923,0.0 -51.5630093,-27.28518749923,0.0 -51.5629648,-27.28537029923,0.0 -51.5629151,-27.28557459923,0.0 -51.5628602,-27.28580379923,0.0 -51.5627998,-27.28606139923,0.0 -51.5627337,-27.2863508992299,0.0 -51.5626618,-27.2866756992299,0.0 -51.562584,-27.2870392992299,0.0 -51.5625,-27.2874450992299,0.0 -51.5623475,-27.2884583992299,0.0 -51.5619623,-27.2895476992299,0.0 -51.5619394,-27.2896123992299,0.0 -51.561734,-27.2913500992299,0.0 -51.5617126,-27.2916667992298,0.0 -51.5617075,-27.2918505992298,0.0 -51.5616915,-27.2924305992298,0.0 -51.5618179,-27.2934059992298,0.0 -51.5620664,-27.2945163992298,0.0 -51.5621913,-27.2951935992298,0.0 -51.5624156,-27.2957423992298,0.0 -51.5625,-27.2959486992298,0.0 -51.5625281,-27.2961196992298,0.0 -51.5625559,-27.2962703992298,0.0 -51.5625837,-27.2964030992298,0.0 -51.5626115,-27.2965204992298,0.0 -51.5626394,-27.2966248992298,0.0 -51.5626676,-27.2967189992297,0.0 -51.5626962,-27.2968050992298,0.0 -51.5627254,-27.2968858992297,0.0 -51.5627553,-27.2969632992297,0.0 -51.562786,-27.2970376992297,0.0 -51.5628179,-27.2971090992298,0.0 -51.5628512,-27.2971773992297,0.0 -51.562886,-27.2972425992297,0.0 -51.5629226,-27.2973044992297,0.0 -51.5629805,-27.2973892992297,0.0 -51.5630185,-27.2974380992297,0.0 -51.563067,-27.2974932992297,0.0 -51.5630917,-27.2975194992297,0.0 -51.5631409,-27.2975658992297,0.0 -51.5631934,-27.2976098992297,0.0 -51.5632495,-27.2976518992297,0.0 -51.5633095,-27.2976923992297,0.0 -51.5633736,-27.2977316992297,0.0 -51.5634421,-27.2977701992297,0.0 -51.5635152,-27.2978079992297,0.0 -51.5635922,-27.2978449992297,0.0 -51.5636723,-27.2978809992297,0.0 -51.5637549,-27.2979154992297,0.0 -51.5638392,-27.2979482992297,0.0 -51.5639244,-27.2979789992297,0.0 -51.5640097,-27.2980073992297,0.0 -51.5640944,-27.2980330992297,0.0 -51.5641779,-27.2980558992297,0.0 -51.5642608,-27.2980757992297,0.0 -51.5643435,-27.2980927992297,0.0 -51.5644268,-27.2981069992297,0.0 -51.5645113,-27.2981183992297,0.0 -51.5645976,-27.2981271992297,0.0 -51.5646864,-27.2981332992297,0.0 -51.5647784,-27.2981367992297,0.0 -51.5648737,-27.2981378992297,0.0 -51.5649715,-27.2981366992297,0.0 -51.5650705,-27.2981336992297,0.0 -51.5651691,-27.2981291992297,0.0 -51.5652662,-27.2981235992297,0.0 -51.5653604,-27.2981170992297,0.0 -51.5654503,-27.2981101992297,0.0 -51.5655347,-27.2981030992297,0.0 -51.5656125,-27.2980961992297,0.0 -51.5656839,-27.2980893992297,0.0 -51.5657497,-27.2980825992297,0.0 -51.5658103,-27.2980756992297,0.0 -51.5658665,-27.2980685992297,0.0 -51.5659187,-27.2980612992297,0.0 -51.5659677,-27.2980536992297,0.0 -51.5660139,-27.2980454992297,0.0 -51.566058,-27.2980368992297,0.0 -51.5661001,-27.2980278992297,0.0 -51.5661403,-27.2980185992297,0.0 -51.5661788,-27.2980091992297,0.0 -51.5663178,-27.2979736992297,0.0 -51.5663496,-27.2979659992297,0.0 -51.5663814,-27.2979589992297,0.0 -51.5664145,-27.2979524992297,0.0 -51.5664501,-27.2979463992297,0.0 -51.5664894,-27.2979407992297,0.0 -51.5665335,-27.2979354992297,0.0 -51.5665838,-27.2979303992297,0.0 -51.5666413,-27.2979255992297,0.0 -51.566707,-27.2979209992297,0.0 -51.56678,-27.2979164992297,0.0 -51.5668591,-27.2979121992297,0.0 -51.5669431,-27.2979079992297,0.0 -51.5670608,-27.2979027992297,0.0 -51.567121,-27.2979001992297,0.0 -51.5673042,-27.2978930992297,0.0 -51.5674844,-27.2978869992297,0.0 -51.5675724,-27.2978844992297,0.0 -51.567659,-27.2978825992297,0.0 -51.5677438,-27.2978813992297,0.0 -51.5678269,-27.2978810992297,0.0 -51.5679079,-27.2978816992297,0.0 -51.5679868,-27.2978833992297,0.0 -51.5680634,-27.2978862992297,0.0 -51.5681379,-27.2978906992297,0.0 -51.5682105,-27.2978965992297,0.0 -51.5682813,-27.2979042992297,0.0 -51.5683504,-27.2979139992297,0.0 -51.5684182,-27.2979257992297,0.0 -51.5684846,-27.2979399992297,0.0 -51.56855,-27.2979566992297,0.0 -51.5686144,-27.2979759992297,0.0 -51.568678,-27.2979978992297,0.0 -51.5687409,-27.2980220992297,0.0 -51.5688031,-27.2980484992297,0.0 -51.5688647,-27.2980768992297,0.0 -51.5689259,-27.2981071992297,0.0 -51.5689866,-27.2981390992297,0.0 -51.5690471,-27.2981724992297,0.0 -51.5691074,-27.2982071992297,0.0 -51.5691677,-27.2982429992297,0.0 -51.5692282,-27.2982798992297,0.0 -51.5692892,-27.2983176992297,0.0 -51.5694765,-27.2984345992297,0.0 -51.5695412,-27.2984743992297,0.0 -51.5696073,-27.2985142992297,0.0 -51.569882,-27.2986781992297,0.0 -51.5699523,-27.2987208992297,0.0 -51.5700228,-27.2987644992297,0.0 -51.5700934,-27.2988091992297,0.0 -51.5701639,-27.2988549992297,0.0 -51.5702343,-27.2989018992297,0.0 -51.5703047,-27.2989496992297,0.0 -51.5703753,-27.2989981992297,0.0 -51.5705888,-27.2991463992297,0.0 -51.5706609,-27.2991960992297,0.0 -51.5708072,-27.2992960992297,0.0 -51.5708815,-27.2993474992297,0.0 -51.5709566,-27.2994004992297,0.0 -51.5710328,-27.2994558992297,0.0 -51.5711099,-27.2995142992297,0.0 -51.5711882,-27.2995761992297,0.0 -51.5712677,-27.2996421992297,0.0 -51.5713483,-27.2997127992297,0.0 -51.5714296,-27.2997872992297,0.0 -51.5715106,-27.2998648992297,0.0 -51.5715909,-27.2999446992297,0.0 -51.5716697,-27.3000259992297,0.0 -51.5717462,-27.3001077992297,0.0 -51.5718198,-27.3001892992297,0.0 -51.5718898,-27.3002697992297,0.0 -51.5719557,-27.3003484992297,0.0 -51.5720179,-27.3004255992297,0.0 -51.5720771,-27.3005014992297,0.0 -51.572134,-27.3005766992297,0.0 -51.5721893,-27.3006513992297,0.0 -51.5722435,-27.3007261992297,0.0 -51.5724624,-27.3010315992297,0.0 -51.5725178,-27.3011097992297,0.0 -51.5725726,-27.3011879992297,0.0 -51.5726262,-27.3012660992297,0.0 -51.5726781,-27.3013435992297,0.0 -51.5727276,-27.3014201992297,0.0 -51.5727743,-27.3014954992297,0.0 -51.5728177,-27.3015694992297,0.0 -51.5728582,-27.3016423992297,0.0 -51.5728959,-27.3017150992297,0.0 -51.5729315,-27.3017878992297,0.0 -51.5729651,-27.3018615992297,0.0 -51.5729973,-27.3019367992297,0.0 -51.5730285,-27.3020140992296,0.0 -51.5730589,-27.3020939992296,0.0 -51.5730889,-27.3021770992296,0.0 -51.5731186,-27.3022630992296,0.0 -51.5731478,-27.3023517992296,0.0 -51.5731764,-27.3024427992296,0.0 -51.5732043,-27.3025357992296,0.0 -51.5732315,-27.3026303992296,0.0 -51.5732579,-27.3027263992296,0.0 -51.5732834,-27.3028234992296,0.0 -51.5733079,-27.3029212992296,0.0 -51.5733316,-27.3030198992296,0.0 -51.5733545,-27.3031195992296,0.0 -51.5733767,-27.3032204992296,0.0 -51.5733984,-27.3033226992296,0.0 -51.5734197,-27.3034263992296,0.0 -51.5734406,-27.3035316992296,0.0 -51.5734614,-27.3036388992296,0.0 -51.5735028,-27.3038585992296,0.0 -51.5735233,-27.3039707992296,0.0 -51.5735639,-27.3041982992296,0.0 -51.5736037,-27.3044283992296,0.0 -51.5736427,-27.3046590992296,0.0 -51.5736807,-27.3048896992296,0.0 -51.5736993,-27.3050053992296,0.0 -51.5737358,-27.3052381992296,0.0 -51.5737537,-27.3053555992296,0.0 -51.5737887,-27.3055931992296,0.0 -51.5738058,-27.3057132992296,0.0 -51.5738225,-27.3058339992296,0.0 -51.5738387,-27.3059550992296,0.0 -51.5738544,-27.3060762992296,0.0 -51.5738694,-27.3061974992296,0.0 -51.5738838,-27.3063183992296,0.0 -51.5738974,-27.3064386992296,0.0 -51.5739103,-27.3065583992296,0.0 -51.5739466,-27.3069093992296,0.0 -51.5739587,-27.3070225992295,0.0 -51.5739714,-27.3071331992296,0.0 -51.5739849,-27.3072409992296,0.0 -51.5739994,-27.3073454992295,0.0 -51.5740151,-27.3074466992295,0.0 -51.5740319,-27.3075449992295,0.0 -51.5740495,-27.3076411992295,0.0 -51.5740677,-27.3077359992295,0.0 -51.5741236,-27.3080196992295,0.0 -51.5741419,-27.3081164992295,0.0 -51.5741596,-27.3082155992295,0.0 -51.5741769,-27.3083170992295,0.0 -51.5741936,-27.3084210992295,0.0 -51.5742098,-27.3085276992295,0.0 -51.5742256,-27.3086370992295,0.0 -51.574241,-27.3087491992295,0.0 -51.5742561,-27.3088641992295,0.0 -51.5742707,-27.3089821992295,0.0 -51.5742851,-27.3091031992295,0.0 -51.5742993,-27.3092270992295,0.0 -51.5743426,-27.3096148992295,0.0 -51.5743735,-27.3098851992295,0.0 -51.57439,-27.3100234992295,0.0 -51.5744074,-27.3101634992295,0.0 -51.5744256,-27.3103044992295,0.0 -51.5744447,-27.3104455992295,0.0 -51.5744644,-27.3105857992295,0.0 -51.5744847,-27.3107243992295,0.0 -51.5745055,-27.3108602992295,0.0 -51.5745268,-27.3109927992295,0.0 -51.5745485,-27.3111207992295,0.0 -51.5745705,-27.3112437992295,0.0 -51.5745931,-27.3113623992295,0.0 -51.5746166,-27.3114771992295,0.0 -51.5746412,-27.3115890992295,0.0 -51.5746671,-27.3116988992295,0.0 -51.5746948,-27.3118073992295,0.0 -51.5747244,-27.3119153992295,0.0 -51.5747562,-27.3120235992295,0.0 -51.5747904,-27.3121326992295,0.0 -51.5748272,-27.3122425992295,0.0 -51.5748665,-27.3123527992295,0.0 -51.5749084,-27.3124631992295,0.0 -51.5749528,-27.3125732992295,0.0 -51.5749998,-27.3126828992294,0.0 -51.5750493,-27.3127915992295,0.0 -51.5751015,-27.3128990992294,0.0 -51.5751563,-27.3130050992294,0.0 -51.5752133,-27.3131090992294,0.0 -51.5752723,-27.3132107992294,0.0 -51.5753327,-27.3133097992294,0.0 -51.5753944,-27.3134056992294,0.0 -51.5754569,-27.3134979992294,0.0 -51.5755199,-27.3135864992294,0.0 -51.5755829,-27.3136706992294,0.0 -51.5756459,-27.3137502992294,0.0 -51.575709,-27.3138255992294,0.0 -51.5757726,-27.3138968992294,0.0 -51.5758372,-27.3139645992294,0.0 -51.5759032,-27.3140288992294,0.0 -51.5759709,-27.3140903992294,0.0 -51.5760407,-27.3141492992294,0.0 -51.5761132,-27.3142058992294,0.0 -51.5761884,-27.3142605992294,0.0 -51.5762658,-27.3143133992294,0.0 -51.5763448,-27.3143641992294,0.0 -51.5764246,-27.3144128992294,0.0 -51.5765044,-27.3144594992294,0.0 -51.5765835,-27.3145039992294,0.0 -51.5766613,-27.3145460992294,0.0 -51.576737,-27.3145859992294,0.0 -51.57681,-27.3146234992294,0.0 -51.5768805,-27.3146583992294,0.0 -51.5769488,-27.3146902992294,0.0 -51.5770154,-27.3147191992294,0.0 -51.5770806,-27.3147445992294,0.0 -51.5771446,-27.3147663992294,0.0 -51.577208,-27.3147842992294,0.0 -51.5772709,-27.3147979992294,0.0 -51.5773339,-27.3148073992294,0.0 -51.5773972,-27.3148124992294,0.0 -51.5774611,-27.3148136992294,0.0 -51.577526,-27.3148110992294,0.0 -51.5775923,-27.3148049992294,0.0 -51.5776602,-27.3147954992294,0.0 -51.5777302,-27.3147829992294,0.0 -51.5778026,-27.3147674992294,0.0 -51.5778776,-27.3147492992294,0.0 -51.5779549,-27.3147285992294,0.0 -51.5780344,-27.3147053992294,0.0 -51.5781156,-27.3146798992294,0.0 -51.5781983,-27.3146519992294,0.0 -51.5782821,-27.3146219992294,0.0 -51.5783667,-27.3145898992294,0.0 -51.5784517,-27.3145557992294,0.0 -51.578537,-27.3145197992294,0.0 -51.5786223,-27.3144817992294,0.0 -51.5787072,-27.3144417992294,0.0 -51.5787915,-27.3143995992294,0.0 -51.5788751,-27.3143550992294,0.0 -51.5789576,-27.3143082992294,0.0 -51.5790388,-27.3142590992294,0.0 -51.5791185,-27.3142073992294,0.0 -51.5791965,-27.3141531992294,0.0 -51.5792725,-27.3140969992294,0.0 -51.5793463,-27.3140394992294,0.0 -51.5794179,-27.3139812992294,0.0 -51.5794869,-27.3139230992294,0.0 -51.5795533,-27.3138653992294,0.0 -51.5796169,-27.3138089992294,0.0 -51.5796774,-27.3137544992294,0.0 -51.5797347,-27.3137022992294,0.0 -51.5797889,-27.3136521992294,0.0 -51.5798401,-27.3136037992294,0.0 -51.5798884,-27.3135565992294,0.0 -51.579934,-27.3135100992294,0.0 -51.5799768,-27.3134639992294,0.0 -51.580017,-27.3134177992294,0.0 -51.5800547,-27.3133709992294,0.0 -51.58009,-27.3133233992294,0.0 -51.580123,-27.3132747992294,0.0 -51.5801538,-27.3132252992294,0.0 -51.5801825,-27.3131749992294,0.0 -51.580209,-27.3131238992294,0.0 -51.5802336,-27.3130719992294,0.0 -51.5802562,-27.3130193992294,0.0 -51.5802771,-27.3129660992294,0.0 -51.5802961,-27.3129121992294,0.0 -51.5803134,-27.3128580992295,0.0 -51.5803289,-27.3128039992294,0.0 -51.5803425,-27.3127503992295,0.0 -51.5803543,-27.3126975992294,0.0 -51.5803642,-27.3126457992294,0.0 -51.5803722,-27.3125955992294,0.0 -51.5803782,-27.3125471992294,0.0 -51.5803823,-27.3125007992294,0.0 -51.5803844,-27.3124559992295,0.0 -51.5803846,-27.3124121992295,0.0 -51.5803828,-27.3123687992295,0.0 -51.580379,-27.3123250992295,0.0 -51.5803733,-27.3122804992295,0.0 -51.5803657,-27.3122343992295,0.0 -51.5803505,-27.3121609992295,0.0 -51.5803447,-27.3121356992295,0.0 -51.5803313,-27.3120828992295,0.0 -51.580316,-27.3120282992295,0.0 -51.5802988,-27.3119724992295,0.0 -51.5802795,-27.3119158992295,0.0 -51.5802584,-27.3118589992295,0.0 -51.5802352,-27.3118023992295,0.0 -51.5802101,-27.3117463992295,0.0 -51.5801831,-27.3116913992295,0.0 -51.5801546,-27.3116371992295,0.0 -51.5801251,-27.3115834992295,0.0 -51.5800655,-27.3114760992295,0.0 -51.5800363,-27.3114216992295,0.0 -51.5800082,-27.3113664992295,0.0 -51.5799818,-27.3113098992295,0.0 -51.5799574,-27.3112518992295,0.0 -51.579935,-27.3111927992295,0.0 -51.5799051,-27.3111018992295,0.0 -51.5798962,-27.3110728992295,0.0 -51.5798796,-27.3110129992295,0.0 -51.5798647,-27.3109538992295,0.0 -51.5798515,-27.3108957992295,0.0 -51.5798398,-27.3108393992295,0.0 -51.5798296,-27.3107847992295,0.0 -51.579821,-27.3107321992295,0.0 -51.5798139,-27.3106811992295,0.0 -51.5798084,-27.3106316992295,0.0 -51.5798046,-27.3105834992295,0.0 -51.5798023,-27.3105364992295,0.0 -51.5798018,-27.3104904992295,0.0 -51.579803,-27.3104451992295,0.0 -51.5798059,-27.3104004992295,0.0 -51.5798107,-27.3103563992295,0.0 -51.5798172,-27.3103127992295,0.0 -51.5798257,-27.3102694992295,0.0 -51.5798361,-27.3102265992295,0.0 -51.5798485,-27.3101839992295,0.0 -51.579863,-27.3101414992295,0.0 -51.5798796,-27.3100991992295,0.0 -51.5798983,-27.3100568992295,0.0 -51.5799189,-27.3100146992295,0.0 -51.5799411,-27.3099724992295,0.0 -51.5799648,-27.3099302992295,0.0 -51.5799898,-27.3098879992295,0.0 -51.5800156,-27.3098455992295,0.0 -51.5800423,-27.3098030992295,0.0 -51.580097,-27.3097173992295,0.0 -51.5801257,-27.3096732992295,0.0 -51.5801566,-27.3096272992295,0.0 -51.5801905,-27.3095785992295,0.0 -51.5802284,-27.3095261992295,0.0 -51.5802711,-27.3094693992295,0.0 -51.5803196,-27.3094071992295,0.0 -51.5803748,-27.3093386992295,0.0 -51.5804373,-27.3092635992295,0.0 -51.5805058,-27.3091828992295,0.0 -51.5805788,-27.3090978992295,0.0 -51.5808095,-27.3088323992295,0.0 -51.580885,-27.3087451992295,0.0 -51.5809572,-27.3086608992295,0.0 -51.5810249,-27.3085807992295,0.0 -51.5810879,-27.3085044992295,0.0 -51.5811464,-27.3084312992295,0.0 -51.5812006,-27.3083604992295,0.0 -51.5812506,-27.3082913992295,0.0 -51.5812966,-27.3082233992295,0.0 -51.5813388,-27.3081558992295,0.0 -51.5813773,-27.3080879992295,0.0 -51.5814234,-27.3079951992295,0.0 -51.5814445,-27.3079491992295,0.0 -51.5814741,-27.3078776992295,0.0 -51.5815017,-27.3078042992295,0.0 -51.5815279,-27.3077286992295,0.0 -51.5815531,-27.3076507992295,0.0 -51.5815779,-27.3075701992295,0.0 -51.5816027,-27.3074864992296,0.0 -51.581628,-27.3073997992295,0.0 -51.5816534,-27.3073102992296,0.0 -51.5816787,-27.3072186992296,0.0 -51.5817034,-27.3071254992296,0.0 -51.5817271,-27.3070312992296,0.0 -51.5817494,-27.3069365992296,0.0 -51.5817701,-27.3068420992296,0.0 -51.5817887,-27.3067481992296,0.0 -51.5818049,-27.3066555992296,0.0 -51.5818189,-27.3065640992296,0.0 -51.5818309,-27.3064738992296,0.0 -51.5818413,-27.3063847992296,0.0 -51.5818503,-27.3062969992296,0.0 -51.5818581,-27.3062101992296,0.0 -51.5818648,-27.3061289992296,0.0 -51.5818715,-27.3060400992296,0.0 -51.5818775,-27.3059565992296,0.0 -51.5818829,-27.3058743992296,0.0 -51.5818874,-27.3057932992296,0.0 -51.5818907,-27.3057135992296,0.0 -51.5818926,-27.3056352992296,0.0 -51.5818927,-27.3055584992296,0.0 -51.5818909,-27.3054832992296,0.0 -51.5818868,-27.3054096992296,0.0 -51.5818802,-27.3053377992296,0.0 -51.5818699,-27.3052572992296,0.0 -51.5818604,-27.3051962992296,0.0 -51.5818478,-27.3051253992296,0.0 -51.5818337,-27.3050532992296,0.0 -51.5818183,-27.3049793992296,0.0 -51.5817849,-27.3048233992296,0.0 -51.5817674,-27.3047398992296,0.0 -51.581731,-27.3045625992296,0.0 -51.5816726,-27.3042751992296,0.0 -51.581631,-27.3040732992296,0.0 -51.5815873,-27.3038666992296,0.0 -51.5815426,-27.3036607992296,0.0 -51.5814507,-27.3032499992296,0.0 -51.5814176,-27.3031036992296,0.0 -51.5813999,-27.3030239992296,0.0 -51.5813835,-27.3029473992296,0.0 -51.5813685,-27.3028734992296,0.0 -51.5813552,-27.3028015992296,0.0 -51.5813436,-27.3027314992296,0.0 -51.581334,-27.3026624992296,0.0 -51.5813263,-27.3025941992296,0.0 -51.5813206,-27.3025262992296,0.0 -51.5813167,-27.3024584992296,0.0 -51.5813144,-27.3023904992296,0.0 -51.5813136,-27.3023217992296,0.0 -51.5813141,-27.3022522992296,0.0 -51.5813158,-27.3021816992296,0.0 -51.5813186,-27.3021094992296,0.0 -51.5813223,-27.3020354992297,0.0 -51.5813269,-27.3019598992296,0.0 -51.5813326,-27.3018824992297,0.0 -51.5813393,-27.3018035992297,0.0 -51.5813472,-27.3017230992297,0.0 -51.5813562,-27.3016411992297,0.0 -51.5813664,-27.3015578992297,0.0 -51.5813782,-27.3014563992297,0.0 -51.5813907,-27.3013874992297,0.0 -51.5814046,-27.3013007992297,0.0 -51.5814194,-27.3012136992297,0.0 -51.5814349,-27.3011265992297,0.0 -51.5814991,-27.3007861992297,0.0 -51.58153,-27.3006247992297,0.0 -51.5815592,-27.3004695992297,0.0 -51.581587,-27.3003180992297,0.0 -51.5816134,-27.3001682992297,0.0 -51.581626,-27.3000933992297,0.0 -51.5816381,-27.3000182992297,0.0 -51.5816493,-27.2999429992297,0.0 -51.5816593,-27.2998673992297,0.0 -51.581668,-27.2997913992297,0.0 -51.5816749,-27.2997149992297,0.0 -51.5816799,-27.2996381992297,0.0 -51.5816827,-27.2995606992297,0.0 -51.5816831,-27.2994825992297,0.0 -51.5816812,-27.2994036992297,0.0 -51.5816771,-27.2993238992297,0.0 -51.581671,-27.2992429992297,0.0 -51.5816631,-27.2991606992297,0.0 -51.5816535,-27.2990770992297,0.0 -51.5816424,-27.2989917992297,0.0 -51.58163,-27.2989046992297,0.0 -51.5816164,-27.2988157992297,0.0 -51.581602,-27.2987252992297,0.0 -51.5815569,-27.2984488992297,0.0 -51.5815423,-27.2983563992297,0.0 -51.5815285,-27.2982644992297,0.0 -51.5815158,-27.2981735992297,0.0 -51.5815045,-27.2980838992297,0.0 -51.5814947,-27.2979950992297,0.0 -51.5814866,-27.2979067992297,0.0 -51.5814802,-27.2978182992297,0.0 -51.5814756,-27.2977293992297,0.0 -51.5814731,-27.2976393992297,0.0 -51.5814726,-27.2975478992297,0.0 -51.5814743,-27.2974543992297,0.0 -51.5814782,-27.2973585992297,0.0 -51.5814842,-27.2972609992297,0.0 -51.5814921,-27.2971622992297,0.0 -51.5815017,-27.2970630992297,0.0 -51.5815127,-27.2969640992297,0.0 -51.5815249,-27.2968659992298,0.0 -51.5815382,-27.2967693992297,0.0 -51.5815523,-27.2966748992297,0.0 -51.581567,-27.2965831992298,0.0 -51.5815824,-27.2964940992298,0.0 -51.5815986,-27.2964076992298,0.0 -51.5816156,-27.2963236992298,0.0 -51.5816335,-27.2962418992298,0.0 -51.5816525,-27.2961623992298,0.0 -51.5816725,-27.2960848992298,0.0 -51.5816938,-27.2960091992298,0.0 -51.5817163,-27.2959352992298,0.0 -51.5817404,-27.2958628992298,0.0 -51.5817663,-27.2957914992298,0.0 -51.5817942,-27.2957209992298,0.0 -51.5818245,-27.2956508992298,0.0 -51.5818575,-27.2955809992298,0.0 -51.5818933,-27.2955109992298,0.0 -51.5819323,-27.2954404992298,0.0 -51.5819747,-27.2953691992298,0.0 -51.5820203,-27.2952970992298,0.0 -51.5820689,-27.2952238992298,0.0 -51.5821201,-27.2951496992298,0.0 -51.5821739,-27.2950743992298,0.0 -51.5822298,-27.2949976992298,0.0 -51.5822877,-27.2949196992298,0.0 -51.5823474,-27.2948402992298,0.0 -51.5824708,-27.2946770992298,0.0 -51.5829756,-27.2940139992298,0.0 -51.5830367,-27.2939341992298,0.0 -51.5830978,-27.2938553992298,0.0 -51.5831592,-27.2937773992298,0.0 -51.5832212,-27.2937002992298,0.0 -51.5832841,-27.2936239992298,0.0 -51.5833482,-27.2935483992298,0.0 -51.5834139,-27.2934735992298,0.0 -51.5834811,-27.2933995992298,0.0 -51.5835499,-27.2933263992298,0.0 -51.5836204,-27.2932540992298,0.0 -51.5836926,-27.2931826992298,0.0 -51.5837665,-27.2931122992298,0.0 -51.5838421,-27.2930429992298,0.0 -51.5839196,-27.2929748992298,0.0 -51.583999,-27.2929077992298,0.0 -51.5840812,-27.2928412992298,0.0 -51.5841672,-27.2927749992298,0.0 -51.5842579,-27.2927083992298,0.0 -51.5843544,-27.2926408992298,0.0 -51.5844575,-27.2925720992298,0.0 -51.5845683,-27.2925013992298,0.0 -51.5846878,-27.2924282992298,0.0 -51.5848172,-27.2923522992298,0.0 -51.5849594,-27.2922725992298,0.0 -51.5851176,-27.2921882992298,0.0 -51.585295,-27.2920986992298,0.0 -51.5854947,-27.2920028992298,0.0 -51.58572,-27.2918999992298,0.0 -51.585974,-27.2917892992298,0.0 -51.5862599,-27.2916699992299,0.0 -51.5863844,-27.2916287992299,0.0 -51.5866369,-27.2915620992299,0.0 -51.586861,-27.2914992992299,0.0 -51.5869832,-27.2914695992298,0.0 -51.5871869,-27.2914174992298,0.0 -51.5872977,-27.2913823992299,0.0 -51.5874075,-27.2913501992299,0.0 -51.5875173,-27.2913198992299,0.0 -51.5876276,-27.2912906992299,0.0 -51.5877379,-27.2912624992299,0.0 -51.5878474,-27.2912353992299,0.0 -51.5879554,-27.2912094992299,0.0 -51.5880612,-27.2911847992298,0.0 -51.588164,-27.2911613992299,0.0 -51.588263,-27.2911393992299,0.0 -51.5883576,-27.2911187992299,0.0 -51.5884471,-27.2910996992299,0.0 -51.5885321,-27.2910821992299,0.0 -51.5886134,-27.2910664992299,0.0 -51.5886917,-27.2910525992299,0.0 -51.5887677,-27.2910405992299,0.0 -51.5888423,-27.2910306992299,0.0 -51.5889161,-27.2910229992299,0.0 -51.5889899,-27.2910174992299,0.0 -51.5890644,-27.2910144992299,0.0 -51.5891393,-27.2910136992299,0.0 -51.5892144,-27.2910150992299,0.0 -51.5892895,-27.2910186992299,0.0 -51.5893643,-27.2910242992299,0.0 -51.5894385,-27.2910318992299,0.0 -51.5895118,-27.2910413992299,0.0 -51.589584,-27.2910526992299,0.0 -51.5896548,-27.2910655992299,0.0 -51.5897244,-27.2910803992299,0.0 -51.5897927,-27.2910968992299,0.0 -51.5898601,-27.2911152992299,0.0 -51.5899266,-27.2911356992299,0.0 -51.5899923,-27.2911579992298,0.0 -51.5900573,-27.2911822992299,0.0 -51.5901218,-27.2912087992299,0.0 -51.5901865,-27.2912376992299,0.0 -51.5902538,-27.2912707992299,0.0 -51.590327,-27.2913100992299,0.0 -51.5904089,-27.2913576992299,0.0 -51.5905029,-27.2914153992299,0.0 -51.5906118,-27.2914853992299,0.0 -51.5907389,-27.2915695992299,0.0 -51.5908872,-27.2916700992299,0.0 -51.5910184,-27.2917455992298,0.0 -51.591107,-27.2918246992298,0.0 -51.5911967,-27.2919065992298,0.0 -51.5912869,-27.2919905992298,0.0 -51.5913768,-27.2920757992298,0.0 -51.5914658,-27.2921614992298,0.0 -51.5915533,-27.2922468992298,0.0 -51.5916385,-27.2923310992298,0.0 -51.5917211,-27.2924136992298,0.0 -51.5918014,-27.2924948992298,0.0 -51.5918797,-27.2925750992298,0.0 -51.5919567,-27.2926547992298,0.0 -51.5920329,-27.2927345992298,0.0 -51.5921087,-27.2928147992298,0.0 -51.5921847,-27.2928960992298,0.0 -51.5922613,-27.2929787992298,0.0 -51.592339,-27.2930633992298,0.0 -51.5924176,-27.2931497992298,0.0 -51.5924971,-27.2932379992298,0.0 -51.5925773,-27.2933278992298,0.0 -51.5926579,-27.2934192992298,0.0 -51.5927389,-27.2935121992298,0.0 -51.5928201,-27.2936063992298,0.0 -51.5929012,-27.2937018992298,0.0 -51.5929822,-27.2937983992298,0.0 -51.5930626,-27.2938953992298,0.0 -51.5931421,-27.2939920992298,0.0 -51.5932202,-27.2940877992298,0.0 -51.5934858,-27.2944141992298,0.0 -51.5935776,-27.2945262992298,0.0 -51.5936407,-27.2946024992298,0.0 -51.5937017,-27.2946753992298,0.0 -51.5937612,-27.2947455992298,0.0 -51.5938198,-27.2948138992298,0.0 -51.5938779,-27.2948807992298,0.0 -51.5939362,-27.2949468992298,0.0 -51.5939954,-27.2950129992298,0.0 -51.5940557,-27.2950794992298,0.0 -51.594297,-27.2953427992298,0.0 -51.5943541,-27.2954058992298,0.0 -51.5944085,-27.2954668992298,0.0 -51.5944596,-27.2955255992298,0.0 -51.5945069,-27.2955815992298,0.0 -51.5945505,-27.2956351992298,0.0 -51.5945906,-27.2956866992298,0.0 -51.5946274,-27.2957365992298,0.0 -51.5946613,-27.2957851992298,0.0 -51.5946925,-27.2958329992298,0.0 -51.5947212,-27.2958802992298,0.0 -51.5947477,-27.2959273992298,0.0 -51.5947722,-27.2959749992298,0.0 -51.5947949,-27.2960238992298,0.0 -51.594816,-27.2960750992298,0.0 -51.5948358,-27.2961295992298,0.0 -51.5948544,-27.2961883992298,0.0 -51.594872,-27.2962523992298,0.0 -51.5948887,-27.2963227992298,0.0 -51.5949049,-27.2964004992298,0.0 -51.5949207,-27.2964859992298,0.0 -51.5949362,-27.2965783992298,0.0 -51.5949518,-27.2966761992298,0.0 -51.5949839,-27.2968818992297,0.0 -51.5950009,-27.2969869992297,0.0 -51.5950188,-27.2970915992297,0.0 -51.5950378,-27.2971941992297,0.0 -51.595058,-27.2972935992297,0.0 -51.5950948,-27.2974540992297,0.0 -51.5951242,-27.2975705992297,0.0 -51.5951599,-27.2977004992297,0.0 -51.5952153,-27.2978878992297,0.0 -51.595268,-27.2980603992297,0.0 -51.5952969,-27.2981621992297,0.0 -51.5953381,-27.2983412992297,0.0 -51.5958685,-27.2981911992297,0.0 -51.5958866,-27.2981799992297,0.0 -51.595888,-27.2981785992297,0.0 -51.5958999,-27.2980940992297,0.0 -51.595906,-27.2979923992297,0.0 -51.5959162,-27.2978923992297,0.0 -51.5959267,-27.2977777992297,0.0 -51.5959342,-27.2976604992297,0.0 -51.595937,-27.2975367992297,0.0 -51.5959347,-27.2974252992297,0.0 -51.5959208,-27.2973051992297,0.0 -51.5959174,-27.2972088992297,0.0 -51.5959274,-27.2970863992297,0.0 -51.5959359,-27.2969730992297,0.0 -51.5959411,-27.2968774992298,0.0 -51.5959609,-27.2967838992297,0.0 -51.5959905,-27.2966449992297,0.0 -51.5960303,-27.2965270992298,0.0 -51.5960658,-27.2964378992298,0.0 -51.5961203,-27.2963316992298,0.0 -51.5961682,-27.2962868992298,0.0 -51.5962698,-27.2962544992298,0.0 -51.5963683,-27.2962273992298,0.0 -51.5964203,-27.2962171992298,0.0 -51.5964722,-27.2962069992298,0.0 -51.5965816,-27.2961923992298,0.0 -51.5966986,-27.2961806992298,0.0 -51.5968419,-27.2961560992298,0.0 -51.5969676,-27.2961235992298,0.0 -51.5970739,-27.2960784992298,0.0 -51.5971232,-27.2960514992298,0.0 -51.597223,-27.2959834992298,0.0 -51.5972477,-27.2959548992298,0.0 -51.5973184,-27.2958567992298,0.0 -51.5973761,-27.2957433992298,0.0 -51.5974092,-27.2956581992298,0.0 -51.5974862,-27.2953803992298,0.0 -51.5975024,-27.2952758992298,0.0 -51.5975198,-27.2951814992298,0.0 -51.5975415,-27.2950765992298,0.0 -51.5975638,-27.2949516992298,0.0 -51.5975822,-27.2948599992298,0.0 -51.5976145,-27.2947700992298,0.0 -51.5976542,-27.2946819992298,0.0 -51.5976994,-27.2946010992298,0.0 -51.5977475,-27.2945201992298,0.0 -51.5978162,-27.2944305992298,0.0 -51.5978916,-27.2943520992298,0.0 -51.5979684,-27.2942770992298,0.0 -51.5980391,-27.2942076992298,0.0 -51.5980757,-27.2941830992298,0.0 -51.5981816,-27.2941415992298,0.0 -51.5982828,-27.2941163992298,0.0 -51.5983909,-27.2940917992298,0.0 -51.5985044,-27.2940499992298,0.0 -51.5986345,-27.2940157992298,0.0 -51.5987855,-27.2939895992298,0.0 -51.5989124,-27.2939662992298,0.0 -51.5990282,-27.2939422992298,0.0 -51.5991566,-27.2939095992298,0.0 -51.599302,-27.2938685992298,0.0 -51.599451,-27.2938240992298,0.0 -51.599591,-27.2937700992298,0.0 -51.5997161,-27.2936967992298,0.0 -51.599813,-27.2936233992298,0.0 -51.5999049,-27.2935346992298,0.0 -51.6000035,-27.2934139992298,0.0 -51.6000803,-27.2933246992298,0.0 -51.6001564,-27.2932480992298,0.0 -51.6002353,-27.2931739992298,0.0 -51.600322,-27.2930837992298,0.0 -51.6004097,-27.2930061992298,0.0 -51.600452,-27.2929727992298,0.0 -51.6005321,-27.2929164992298,0.0 -51.6006481,-27.2928652992298,0.0 -51.6006725,-27.2928531992298,0.0 -51.600709,-27.2928348992298,0.0 -51.6008277,-27.2927952992298,0.0 -51.6009316,-27.2927590992298,0.0 -51.6011355,-27.2926112992298,0.0 -51.6011817,-27.2925473992298,0.0 -51.6012281,-27.2924617992298,0.0 -51.6012695,-27.2923577992298,0.0 -51.6013137,-27.2922360992298,0.0 -51.6013501,-27.2921383992298,0.0 -51.6013767,-27.2920378992298,0.0 -51.6013902,-27.2919327992298,0.0 -51.6013945,-27.2918389992298,0.0 -51.6013899,-27.2917362992299,0.0 -51.6013788,-27.2916699992298,0.0 -51.6013854,-27.2914679992299,0.0 -51.6013877,-27.2913720992299,0.0 -51.6013956,-27.2912662992299,0.0 -51.6014015,-27.2911719992299,0.0 -51.6014123,-27.2910734992299,0.0 -51.6014146,-27.2910562992299,0.0 -51.6014275,-27.2909596992299,0.0 -51.6014384,-27.2908547992299,0.0 -51.601436,-27.2907457992299,0.0 -51.601424,-27.2906477992299,0.0 -51.6014,-27.2905443992299,0.0 -51.6013812,-27.2904487992299,0.0 -51.6013679,-27.2903398992299,0.0 -51.6013716,-27.2902257992299,0.0 -51.6013753,-27.2900831992299,0.0 -51.6013847,-27.2899131992299,0.0 -51.6013887,-27.2897808992299,0.0 -51.6013928,-27.2896662992299,0.0 -51.6014031,-27.2895465992299,0.0 -51.6014171,-27.2894178992299,0.0 -51.6014567,-27.2893137992299,0.0 -51.6015111,-27.2892232992299,0.0 -51.6015775,-27.2891236992299,0.0 -51.6016378,-27.2890452992299,0.0 -51.6017335,-27.2889514992299,0.0 -51.6018307,-27.2888725992299,0.0 -51.6019167,-27.2888064992299,0.0 -51.602017,-27.2887360992299,0.0 -51.6021042,-27.2886813992299,0.0 -51.6021954,-27.2886316992299,0.0 -51.6022925,-27.2885749992299,0.0 -51.602385,-27.2885165992299,0.0 -51.6025127,-27.2884559992299,0.0 -51.6025579,-27.2884384992299,0.0 -51.6026769,-27.2883962992299,0.0 -51.602791,-27.2883677992299,0.0 -51.6029054,-27.2883438992299,0.0 -51.6030146,-27.2883235992299,0.0 -51.6031058,-27.2883027992299,0.0 -51.6031757,-27.2882785992299,0.0 -51.603265,-27.2882297992299,0.0 -51.6033426,-27.2881507992299,0.0 -51.6034276,-27.2880371992299,0.0 -51.603479,-27.2879282992299,0.0 -51.603493,-27.2878729992299,0.0 -51.6035371,-27.2877327992299,0.0 -51.6035531,-27.2876629992299,0.0 -51.6035624,-27.2875520992299,0.0 -51.603561,-27.2874411992299,0.0 -51.603533,-27.2873306992299,0.0 -51.6034886,-27.2872340992299,0.0 -51.6034537,-27.2871182992299,0.0 -51.603395,-27.2870207992299,0.0 -51.6033548,-27.2869818992299,0.0 -51.6032775,-27.2869167992299,0.0 -51.6031872,-27.2868629992299,0.0 -51.6031223,-27.2868308992299,0.0 -51.6030899,-27.2868147992299,0.0 -51.602981,-27.2867702992299,0.0 -51.6028854,-27.2867348992299,0.0 -51.6027697,-27.2867021992299,0.0 -51.6026607,-27.2866714992299,0.0 -51.6025199,-27.2866334992299,0.0 -51.6023987,-27.2866007992299,0.0 -51.6022925,-27.2865591992299,0.0 -51.6021953,-27.2865114992299,0.0 -51.6020965,-27.2864611992299,0.0 -51.6019845,-27.2864221992299,0.0 -51.6018773,-27.28638429923,0.0 -51.6017857,-27.28634419923,0.0 -51.6016854,-27.28629669923,0.0 -51.6016117,-27.2862352992299,0.0 -51.6015656,-27.2861946992299,0.0 -51.6014981,-27.28612399923,0.0 -51.6014351,-27.28605179923,0.0 -51.6013731,-27.28595639923,0.0 -51.6013398,-27.28586039923,0.0 -51.6013438,-27.28574929923,0.0 -51.6013807,-27.28562799923,0.0 -51.6014424,-27.28549869923,0.0 -51.6014717,-27.28545189923,0.0 -51.6015354,-27.28536609923,0.0 -51.6016087,-27.28524489923,0.0 -51.6016465,-27.28516569923,0.0 -51.6016707,-27.28509119923,0.0 -51.6017028,-27.28498559923,0.0 -51.6017342,-27.28488269923,0.0 -51.6017441,-27.28482619923,0.0 -51.6017519,-27.28472979923,0.0 -51.6017514,-27.28462129923,0.0 -51.6017451,-27.28449009923,0.0 -51.60174,-27.28439959923,0.0 -51.6017305,-27.28426119923,0.0 -51.601727,-27.28420289923,0.0 -51.6017255,-27.28409729923,0.0 -51.6017281,-27.28405299923,0.0 -51.6017374,-27.28395459923,0.0 -51.6017493,-27.28381819923,0.0 -51.6017519,-27.28371949923,0.0 -51.6017571,-27.28361499923,0.0 -51.6017698,-27.28349679923,0.0 -51.6017768,-27.28336299923,0.0 -51.6017883,-27.28326669923,0.0 -51.6018116,-27.28319229923,0.0 -51.6018333,-27.28308519923,0.0 -51.6018473,-27.28299109923,0.0 -51.6018673,-27.28290189923,0.0 -51.6018817,-27.28284949923,0.0 -51.6018871,-27.28277399923,0.0 -51.6018774,-27.28268299923,0.0 -51.6018738,-27.28258919923,0.0 -51.6018788,-27.28247399923,0.0 -51.6018733,-27.28234139923,0.0 -51.6018603,-27.28222119923,0.0 -51.6018387,-27.28211109923,0.0 -51.6018043,-27.28194209923,0.0 -51.6017494,-27.28177239923,0.0 -51.6016778,-27.28160149923,0.0 -51.6016165,-27.28150129923,0.0 -51.6015336,-27.28141659923,0.0 -51.601498,-27.28138219923,0.0 -51.6014377,-27.28129539923,0.0 -51.601428,-27.2812098992301,0.0 -51.6014649,-27.2811323992301,0.0 -51.6015246,-27.28103549923,0.0 -51.6015719,-27.2809240992301,0.0 -51.6015765,-27.2808989992301,0.0 -51.6015807,-27.2807555992301,0.0 -51.6015791,-27.2806360992301,0.0 -51.6015653,-27.2805176992301,0.0 -51.6015576,-27.2803913992301,0.0 -51.6015587,-27.2802838992301,0.0 -51.6015621,-27.2801876992301,0.0 -51.6015627,-27.2800914992301,0.0 -51.6015535,-27.2798971992301,0.0 -51.6015545,-27.2797937992301,0.0 -51.6015562,-27.2797010992301,0.0 -51.6015511,-27.2795804992301,0.0 -51.6015443,-27.2794657992301,0.0 -51.6015394,-27.2793658992301,0.0 -51.6015264,-27.2792343992301,0.0 -51.6015014,-27.2791249992301,0.0 -51.601448,-27.2790272992301,0.0 -51.6013797,-27.2789432992301,0.0 -51.6012616,-27.2788645992301,0.0 -51.6011664,-27.2787811992301,0.0 -51.601106,-27.2786939992301,0.0 -51.601052,-27.2786024992301,0.0 -51.6009939,-27.2784964992301,0.0 -51.6009445,-27.2783773992301,0.0 -51.6009104,-27.2782872992301,0.0 -51.6008652,-27.2781770992301,0.0 -51.6008134,-27.2780816992301,0.0 -51.6007535,-27.2779835992301,0.0 -51.6006764,-27.2778418992301,0.0 -51.6006121,-27.2777319992301,0.0 -51.600547,-27.2776319992301,0.0 -51.6004846,-27.2775604992301,0.0 -51.6004153,-27.2774876992301,0.0 -51.6003274,-27.2774212992301,0.0 -51.600204,-27.2773415992301,0.0 -51.6001079,-27.2772476992301,0.0 -51.6000627,-27.2771574992301,0.0 -51.6000995,-27.2770690992301,0.0 -51.6001702,-27.2769684992301,0.0 -51.6001953,-27.2769081992301,0.0 -51.6002211,-27.2767955992301,0.0 -51.6002255,-27.2766928992301,0.0 -51.6002136,-27.2765585992301,0.0 -51.6001912,-27.2764239992301,0.0 -51.6001715,-27.2763234992301,0.0 -51.6001545,-27.2761874992301,0.0 -51.6001397,-27.2760744992301,0.0 -51.6001308,-27.2759795992302,0.0 -51.6001196,-27.2758709992301,0.0 -51.6001222,-27.2757646992301,0.0 -51.6001142,-27.2756718992301,0.0 -51.6000931,-27.2755486992302,0.0 -51.6000481,-27.2754362992302,0.0 -51.6000004,-27.2753334992302,0.0 -51.5999334,-27.2752418992302,0.0 -51.5996802,-27.2749800992302,0.0 -51.5996332,-27.2748956992302,0.0 -51.599598,-27.2748098992302,0.0 -51.5995659,-27.2747207992302,0.0 -51.5995132,-27.2746322992302,0.0 -51.5994347,-27.2745595992302,0.0 -51.5993503,-27.2745038992302,0.0 -51.599264,-27.2744563992302,0.0 -51.5991694,-27.2744225992302,0.0 -51.5990614,-27.2743910992302,0.0 -51.598975,-27.2743696992302,0.0 -51.5989302,-27.2743627992302,0.0 -51.5988232,-27.2743688992302,0.0 -51.5987143,-27.2743780992302,0.0 -51.5986332,-27.2743765992302,0.0 -51.5985334,-27.2743501992302,0.0 -51.598454,-27.2743128992302,0.0 -51.5983784,-27.2742849992302,0.0 -51.5982907,-27.2742608992302,0.0 -51.5982722,-27.2742562992302,0.0 -51.5981657,-27.2742137992302,0.0 -51.5981299,-27.2741969992302,0.0 -51.5980364,-27.2741554992302,0.0 -51.5980097,-27.2741413992302,0.0 -51.5979019,-27.2741075992302,0.0 -51.5977917,-27.2740987992302,0.0 -51.5976741,-27.2740993992302,0.0 -51.5975581,-27.2740891992302,0.0 -51.5974032,-27.2740682992302,0.0 -51.5972809,-27.2740341992302,0.0 -51.597181,-27.2739740992302,0.0 -51.5970983,-27.2738895992302,0.0 -51.5970269,-27.2737975992302,0.0 -51.5969654,-27.2737077992302,0.0 -51.5969082,-27.2736030992302,0.0 -51.5968582,-27.2735154992302,0.0 -51.5967979,-27.2734157992302,0.0 -51.5967458,-27.2733184992302,0.0 -51.5967179,-27.2732007992302,0.0 -51.5967421,-27.2731057992302,0.0 -51.5967959,-27.2730338992302,0.0 -51.596811,-27.2730118992302,0.0 -51.5968753,-27.2729144992302,0.0 -51.5969032,-27.2728179992302,0.0 -51.5969336,-27.2727049992302,0.0 -51.5969606,-27.2726017992302,0.0 -51.5969855,-27.2724977992302,0.0 -51.5970181,-27.2723666992302,0.0 -51.5970368,-27.2722772992302,0.0 -51.5970559,-27.2721768992302,0.0 -51.5970722,-27.2720843992302,0.0 -51.5970978,-27.2719673992302,0.0 -51.5971312,-27.2718442992302,0.0 -51.5971606,-27.2717404992302,0.0 -51.5972127,-27.2716380992302,0.0 -51.5972671,-27.2715483992302,0.0 -51.5973084,-27.2714603992302,0.0 -51.5973187,-27.2714348992302,0.0 -51.5973441,-27.2713718992302,0.0 -51.5973484,-27.2713064992302,0.0 -51.597342,-27.2712663992302,0.0 -51.5972927,-27.2711815992302,0.0 -51.5972338,-27.2711399992302,0.0 -51.5971757,-27.2711073992302,0.0 -51.6240281,-27.2576592992305,0.0 -51.6281368,-27.2556014992305,0.0 -51.6347141,-27.2615081992304,0.0 -51.6425234,-27.2468959992307,0.0 -51.6438084,-27.2444915992307,0.0 -51.6485387,-27.2356404992309,0.0 -51.6484641,-27.2355776992309,0.0 -51.6483676,-27.2355251992309,0.0 -51.6482409,-27.2354918992309,0.0 -51.6481228,-27.2354614992309,0.0 -51.6479828,-27.2354163992309,0.0 -51.6478795,-27.2353915992309,0.0 -51.6477608,-27.2353886992309,0.0 -51.6476587,-27.2354136992309,0.0 -51.6475424,-27.2354597992309,0.0 -51.6474206,-27.2354908992309,0.0 -51.6473583,-27.2354926992309,0.0 -51.6472991,-27.2354921992309,0.0 -51.6472401,-27.2354799992309,0.0 -51.6471815,-27.2354581992309,0.0 -51.6471649,-27.2354513992309,0.0 -51.6470694,-27.2354014992309,0.0 -51.6469979,-27.2353501992309,0.0 -51.6469658,-27.2353201992309,0.0 -51.6469243,-27.2352768992309,0.0 -51.646853,-27.2352013992309,0.0 -51.6467815,-27.2351194992309,0.0 -51.6467161,-27.2350513992309,0.0 -51.6466402,-27.2349889992309,0.0 -51.6465636,-27.2349448992309,0.0 -51.6464625,-27.2349037992309,0.0 -51.6463555,-27.2348708992309,0.0 -51.6462522,-27.2348383992309,0.0 -51.646175,-27.2347964992309,0.0 -51.646115,-27.2347279992309,0.0 -51.6460918,-27.2346830992309,0.0 -51.6460655,-27.2346195992309,0.0 -51.6460544,-27.2345677992309,0.0 -51.6460294,-27.2344845992309,0.0 -51.6460166,-27.2343904992309,0.0 -51.6460041,-27.2343007992309,0.0 -51.6460018,-27.2342307992309,0.0 -51.6460122,-27.2341734992309,0.0 -51.6460134,-27.2341651992309,0.0 -51.6460447,-27.2340788992309,0.0 -51.6460632,-27.2340352992309,0.0 -51.6460811,-27.2339947992309,0.0 -51.6460824,-27.2339469992309,0.0 -51.6460746,-27.233855099231,0.0 -51.6460546,-27.2337606992309,0.0 -51.6460375,-27.2337171992309,0.0 -51.6460086,-27.233677999231,0.0 -51.6459598,-27.233649699231,0.0 -51.6458606,-27.233591299231,0.0 -51.6458305,-27.233563299231,0.0 -51.6458014,-27.233532199231,0.0 -51.6457733,-27.2335057992309,0.0 -51.6457382,-27.233483699231,0.0 -51.6456907,-27.233463799231,0.0 -51.6456321,-27.2334451992309,0.0 -51.6455919,-27.233438099231,0.0 -51.645477,-27.233413699231,0.0 -51.6453756,-27.233381699231,0.0 -51.6452787,-27.233351699231,0.0 -51.6451815,-27.233306399231,0.0 -51.6450874,-27.233259599231,0.0 -51.6449887,-27.233195499231,0.0 -51.644919,-27.233123899231,0.0 -51.6448525,-27.233041299231,0.0 -51.6447916,-27.232962099231,0.0 -51.6447312,-27.232881199231,0.0 -51.6446696,-27.232804099231,0.0 -51.6446056,-27.232712199231,0.0 -51.6445492,-27.232622199231,0.0 -51.6445148,-27.232536799231,0.0 -51.6444689,-27.232452299231,0.0 -51.6444025,-27.232361899231,0.0 -51.6443243,-27.232282399231,0.0 -51.6442423,-27.232198199231,0.0 -51.6441843,-27.232124299231,0.0 -51.6441538,-27.232082299231,0.0 -51.644132,-27.232037799231,0.0 -51.6441153,-27.231985399231,0.0 -51.6441036,-27.231942899231,0.0 -51.6440941,-27.231909999231,0.0 -51.6440795,-27.231839299231,0.0 -51.6440744,-27.231796299231,0.0 -51.6440721,-27.231735199231,0.0 -51.6440676,-27.231692599231,0.0 -51.6440575,-27.231575999231,0.0 -51.6440551,-27.231479999231,0.0 -51.644061,-27.231374599231,0.0 -51.6440674,-27.231283899231,0.0 -51.6440626,-27.231224299231,0.0 -51.6440441,-27.231177399231,0.0 -51.6440102,-27.231113499231,0.0 -51.6439537,-27.231036099231,0.0 -51.643902,-27.230951999231,0.0 -51.6438538,-27.230868999231,0.0 -51.6438133,-27.230778699231,0.0 -51.6437806,-27.230699499231,0.0 -51.6437303,-27.230598599231,0.0 -51.6436883,-27.230542099231,0.0 -51.6436699,-27.230517299231,0.0 -51.6436066,-27.230462799231,0.0 -51.6435851,-27.230444999231,0.0 -51.6435839,-27.230443999231,0.0 -51.6357532,-27.230695799231,0.0 -51.6333975,-27.2253111992311,0.0 -51.641079,-27.2193743992312,0.0 -51.6423221,-27.2202677992312,0.0 -51.6475589,-27.2142095992313,0.0 -51.6474754,-27.2168110992313,0.0 -51.6513878,-27.2202825992312,0.0 -51.6512835,-27.2167296992313,0.0 -51.6503777,-27.2161727992313,0.0 -51.6561607,-27.2096600992314,0.0 -51.6523899,-27.2077131992315,0.0 -51.6554176,-27.2031639992315,0.0 -51.6564678,-27.2015860992316,0.0 -51.656433,-27.2015921992316,0.0 -51.6563472,-27.2016012992316,0.0 -51.6562253,-27.2015845992316,0.0 -51.6561505,-27.2015516992316,0.0 -51.656112,-27.2014795992316,0.0 -51.6560942,-27.2014068992316,0.0 -51.6560647,-27.2013014992316,0.0 -51.6560579,-27.2012856992316,0.0 -51.6560368,-27.2012356992316,0.0 -51.6559953,-27.2011948992316,0.0 -51.6559237,-27.2011731992316,0.0 -51.6558102,-27.2011838992316,0.0 -51.655709,-27.2012081992316,0.0 -51.6556486,-27.2012210992316,0.0 -51.65555,-27.2012361992316,0.0 -51.6555197,-27.2012407992316,0.0 -51.6553878,-27.2012335992316,0.0 -51.6552802,-27.2012154992316,0.0 -51.6551803,-27.2011873992316,0.0 -51.6550733,-27.2011647992316,0.0 -51.6548136,-27.2011304992316,0.0 -51.6547187,-27.2010950992316,0.0 -51.6546098,-27.2010652992316,0.0 -51.654524,-27.2010492992316,0.0 -51.6544585,-27.2010458992316,0.0 -51.6544008,-27.2010556992316,0.0 -51.654354,-27.2010899992316,0.0 -51.6543075,-27.2011464992316,0.0 -51.6542615,-27.2012393992316,0.0 -51.6542348,-27.2012811992316,0.0 -51.6541972,-27.2013402992316,0.0 -51.6541733,-27.2013644992316,0.0 -51.6540818,-27.2014407992316,0.0 -51.6540043,-27.2014998992316,0.0 -51.6539569,-27.2015262992316,0.0 -51.6538616,-27.2015679992316,0.0 -51.6537609,-27.2016220992316,0.0 -51.6536698,-27.2016647992316,0.0 -51.6536353,-27.2016818992316,0.0 -51.6535287,-27.2017420992316,0.0 -51.6534238,-27.2018099992316,0.0 -51.6533364,-27.2018646992316,0.0 -51.6533055,-27.2018813992316,0.0 -51.6531959,-27.2019479992316,0.0 -51.6531044,-27.2019961992315,0.0 -51.653005,-27.2020314992316,0.0 -51.6528754,-27.2020697992316,0.0 -51.652839,-27.2020776992316,0.0 -51.652762,-27.2021003992316,0.0 -51.6526625,-27.2021219992316,0.0 -51.6525627,-27.2021502992316,0.0 -51.6524313,-27.2021824992316,0.0 -51.6523904,-27.2021918992316,0.0 -51.6523249,-27.2022067992316,0.0 -51.6522094,-27.2022256992316,0.0 -51.6520808,-27.2022443992316,0.0 -51.6519708,-27.2022497992316,0.0 -51.6518507,-27.2022408992316,0.0 -51.6517083,-27.2022153992316,0.0 -51.6515773,-27.2021805992316,0.0 -51.6514553,-27.2021434992316,0.0 -51.6513329,-27.2020978992316,0.0 -51.6512378,-27.2020597992316,0.0 -51.6511363,-27.2020154992316,0.0 -51.6510268,-27.2019679992316,0.0 -51.650949,-27.2019348992316,0.0 -51.6508045,-27.2018807992316,0.0 -51.6506852,-27.2018368992316,0.0 -51.6505627,-27.2017835992316,0.0 -51.6504534,-27.2017425992316,0.0 -51.6503387,-27.2017088992316,0.0 -51.650216,-27.2016843992316,0.0 -51.6501059,-27.2016855992316,0.0 -51.6500003,-27.2016945992316,0.0 -51.6498927,-27.2017194992316,0.0 -51.6497982,-27.2017513992316,0.0 -51.649721,-27.2017915992316,0.0 -51.649673,-27.2018340992316,0.0 -51.6496682,-27.2018843992316,0.0 -51.6496775,-27.2019388992316,0.0 -51.6497301,-27.2019979992316,0.0 -51.6498135,-27.2020854992316,0.0 -51.6498658,-27.2021703992316,0.0 -51.6499089,-27.2022615992316,0.0 -51.6499233,-27.2022901992316,0.0 -51.6499504,-27.2023864992316,0.0 -51.6499621,-27.2024829992315,0.0 -51.6499665,-27.2025688992315,0.0 -51.6499583,-27.2026545992315,0.0 -51.6499083,-27.2027305992315,0.0 -51.6498355,-27.2028173992315,0.0 -51.6497552,-27.2028777992315,0.0 -51.6496597,-27.2029439992315,0.0 -51.6495611,-27.2030134992315,0.0 -51.6494733,-27.2030665992315,0.0 -51.6493782,-27.2031107992315,0.0 -51.6492669,-27.2031422992315,0.0 -51.6491608,-27.2031772992315,0.0 -51.6491012,-27.2031932992315,0.0 -51.6489768,-27.2032330992315,0.0 -51.6488788,-27.2032589992315,0.0 -51.6488447,-27.2032654992315,0.0 -51.64878,-27.2032779992315,0.0 -51.6486675,-27.2032919992315,0.0 -51.6485373,-27.2032896992315,0.0 -51.6484365,-27.2032639992315,0.0 -51.6483448,-27.2032244992315,0.0 -51.6482468,-27.2031605992315,0.0 -51.6481689,-27.2030977992315,0.0 -51.6481013,-27.2030270992315,0.0 -51.648074,-27.2029863992315,0.0 -51.6480439,-27.2029414992315,0.0 -51.6479807,-27.2028514992315,0.0 -51.6479199,-27.2027672992315,0.0 -51.6478643,-27.2026824992315,0.0 -51.6478009,-27.2025919992315,0.0 -51.6477201,-27.2024836992315,0.0 -51.6476422,-27.2023711992315,0.0 -51.6475651,-27.2022789992316,0.0 -51.6474675,-27.2021788992315,0.0 -51.6473999,-27.2021093992316,0.0 -51.6473717,-27.2020806992316,0.0 -51.6472819,-27.2019818992316,0.0 -51.6471927,-27.2018888992316,0.0 -51.6471017,-27.2018187992316,0.0 -51.6470193,-27.2017812992316,0.0 -51.646906,-27.2017695992316,0.0 -51.6468017,-27.2017520992316,0.0 -51.6466853,-27.2017367992316,0.0 -51.6465492,-27.2017270992316,0.0 -51.6464402,-27.2017208992316,0.0 -51.6463019,-27.2017059992316,0.0 -51.6461301,-27.2016784992316,0.0 -51.6459432,-27.2016564992316,0.0 -51.645792,-27.2016395992316,0.0 -51.6457321,-27.2016372992316,0.0 -51.6456142,-27.2016374992316,0.0 -51.6454827,-27.2016479992316,0.0 -51.645371,-27.2016742992316,0.0 -51.6452765,-27.2017089992316,0.0 -51.6451979,-27.2017503992316,0.0 -51.6451301,-27.2018255992316,0.0 -51.6450698,-27.2019107992316,0.0 -51.6450198,-27.2020109992316,0.0 -51.644988,-27.2020997992316,0.0 -51.6449565,-27.2021905992316,0.0 -51.6449348,-27.2022865992316,0.0 -51.6449185,-27.2023975992316,0.0 -51.6449189,-27.2024965992315,0.0 -51.6449129,-27.2026196992315,0.0 -51.6449073,-27.2027140992315,0.0 -51.64492,-27.2028138992315,0.0 -51.6449111,-27.2029273992315,0.0 -51.6449019,-27.2030291992315,0.0 -51.6448933,-27.2030829992315,0.0 -51.6448658,-27.2031537992315,0.0 -51.6447755,-27.2032039992315,0.0 -51.6446718,-27.2032209992315,0.0 -51.6446433,-27.2032222992315,0.0 -51.6445626,-27.2032112992315,0.0 -51.644479,-27.2031955992315,0.0 -51.6443915,-27.2031828992315,0.0 -51.6443039,-27.2031934992315,0.0 -51.6442098,-27.2032115992315,0.0 -51.6440847,-27.2032040992315,0.0 -51.64396,-27.2031490992315,0.0 -51.6438885,-27.2030992992315,0.0 -51.64382,-27.2030273992315,0.0 -51.6437888,-27.2029946992315,0.0 -51.6436571,-27.2028717992315,0.0 -51.6435832,-27.2027997992315,0.0 -51.6435145,-27.2027316992315,0.0 -51.6434315,-27.2026438992315,0.0 -51.6433657,-27.2025731992315,0.0 -51.6432933,-27.2024943992315,0.0 -51.6432223,-27.2024230992315,0.0 -51.643138,-27.2023339992316,0.0 -51.6430222,-27.2022253992316,0.0 -51.6428256,-27.2020616992316,0.0 -51.6427346,-27.2019685992316,0.0 -51.6426661,-27.2019002992316,0.0 -51.6425894,-27.2018293992316,0.0 -51.642509,-27.2017466992316,0.0 -51.6424301,-27.2016576992316,0.0 -51.6423796,-27.2015898992316,0.0 -51.6423089,-27.2014766992316,0.0 -51.6422598,-27.2013911992316,0.0 -51.6422022,-27.2012930992316,0.0 -51.6421361,-27.2011974992316,0.0 -51.6420971,-27.2011525992316,0.0 -51.6420181,-27.2010856992316,0.0 -51.6419238,-27.2010045992316,0.0 -51.6418462,-27.2009263992316,0.0 -51.6417762,-27.2008466992316,0.0 -51.6417089,-27.2007624992316,0.0 -51.6416771,-27.2007127992316,0.0 -51.6416425,-27.2006463992316,0.0 -51.6415995,-27.2005509992316,0.0 -51.64155,-27.2004689992316,0.0 -51.6414991,-27.2003798992316,0.0 -51.6414273,-27.2002652992316,0.0 -51.641369,-27.2001730992316,0.0 -51.6413008,-27.2000985992316,0.0 -51.6412285,-27.2000312992316,0.0 -51.6411424,-27.1999793992316,0.0 -51.6410951,-27.1999625992316,0.0 -51.641036,-27.1999431992316,0.0 -51.6409986,-27.1999367992316,0.0 -51.6409434,-27.1999334992316,0.0 -51.640845,-27.1999492992316,0.0 -51.6407699,-27.1999744992316,0.0 -51.6406764,-27.2000127992316,0.0 -51.6405746,-27.2000627992316,0.0 -51.6404915,-27.2001142992316,0.0 -51.6404726,-27.2001274992316,0.0 -51.6404071,-27.2001724992316,0.0 -51.6403391,-27.2002157992316,0.0 -51.6402695,-27.2002591992316,0.0 -51.640184,-27.2003375992316,0.0 -51.6401708,-27.2003588992316,0.0 -51.6401269,-27.2004282992316,0.0 -51.6400813,-27.2005199992316,0.0 -51.6400711,-27.2005414992316,0.0 -51.6400176,-27.2006265992316,0.0 -51.6399731,-27.2006869992316,0.0 -51.6399317,-27.2007380992316,0.0 -51.6398931,-27.2007727992316,0.0 -51.6398446,-27.2007919992316,0.0 -51.6397803,-27.2008074992316,0.0 -51.639703,-27.2008181992316,0.0 -51.6396528,-27.2008213992316,0.0 -51.6395962,-27.2008250992316,0.0 -51.6394782,-27.2008163992316,0.0 -51.6393757,-27.2007811992316,0.0 -51.6392839,-27.2007338992316,0.0 -51.6390161,-27.2005643992316,0.0 -51.6389009,-27.2005047992316,0.0 -51.6387871,-27.2004391992316,0.0 -51.6387025,-27.2003834992316,0.0 -51.6385872,-27.2003128992316,0.0 -51.6384771,-27.2002562992316,0.0 -51.6383766,-27.2002071992316,0.0 -51.6382802,-27.2001677992316,0.0 -51.6381772,-27.2001159992316,0.0 -51.6380848,-27.2000418992316,0.0 -51.6380467,-27.1999576992316,0.0 -51.6379895,-27.1997621992316,0.0 -51.6379424,-27.1996687992316,0.0 -51.6378672,-27.1996000992316,0.0 -51.6377771,-27.1995385992316,0.0 -51.6377677,-27.1995304992316,0.0 -51.6376914,-27.1994651992316,0.0 -51.6376751,-27.1994492992316,0.0 -51.6376172,-27.1994070992316,0.0 -51.6375489,-27.1993854992316,0.0 -51.6374789,-27.1993852992316,0.0 -51.6374038,-27.1994175992316,0.0 -51.6373381,-27.1994795992316,0.0 -51.6372793,-27.1995638992316,0.0 -51.6372059,-27.1996834992316,0.0 -51.6371386,-27.1997692992316,0.0 -51.6370753,-27.1998462992316,0.0 -51.6370052,-27.1999277992316,0.0 -51.6369355,-27.2000041992316,0.0 -51.6368585,-27.2000885992316,0.0 -51.6367693,-27.2001857992316,0.0 -51.6366874,-27.2002613992316,0.0 -51.6366098,-27.2003343992316,0.0 -51.6365382,-27.2004103992316,0.0 -51.6364573,-27.2004794992316,0.0 -51.6363855,-27.2005462992316,0.0 -51.6362859,-27.2006342992316,0.0 -51.6362157,-27.2007056992316,0.0 -51.6361509,-27.2007908992316,0.0 -51.6360906,-27.2008862992316,0.0 -51.6360433,-27.2009927992316,0.0 -51.6359899,-27.2011082992316,0.0 -51.6359449,-27.2012378992316,0.0 -51.6359206,-27.2013497992316,0.0 -51.6358941,-27.2014604992316,0.0 -51.6358505,-27.2015483992316,0.0 -51.6358006,-27.2016650992316,0.0 -51.6357595,-27.2017880992316,0.0 -51.6357418,-27.2018407992316,0.0 -51.6357266,-27.2018856992316,0.0 -51.6356939,-27.2019886992316,0.0 -51.6356736,-27.2020477992316,0.0 -51.6356315,-27.2021902992316,0.0 -51.6356023,-27.2022838992316,0.0 -51.6355715,-27.2023476992315,0.0 -51.6355526,-27.2023718992315,0.0 -51.6355166,-27.2024013992316,0.0 -51.6354384,-27.2024451992316,0.0 -51.6353882,-27.2024652992315,0.0 -51.6353062,-27.2024734992315,0.0 -51.6351991,-27.2024796992315,0.0 -51.6350911,-27.2024812992315,0.0 -51.63496,-27.2024790992315,0.0 -51.634815,-27.2024676992316,0.0 -51.6347055,-27.2024680992315,0.0 -51.6345914,-27.2024661992316,0.0 -51.6343739,-27.2024506992315,0.0 -51.6342721,-27.2024474992315,0.0 -51.6341628,-27.2024406992316,0.0 -51.6340913,-27.2024356992315,0.0 -51.6339895,-27.2024388992316,0.0 -51.6339566,-27.2024414992316,0.0 -51.6338696,-27.2024464992316,0.0 -51.6337765,-27.2024742992315,0.0 -51.6337109,-27.2025030992315,0.0 -51.6336573,-27.2025395992315,0.0 -51.6335905,-27.2026112992315,0.0 -51.6335642,-27.2026594992315,0.0 -51.6335179,-27.2027446992315,0.0 -51.6334996,-27.2028083992315,0.0 -51.6334891,-27.2029173992315,0.0 -51.6335004,-27.2030072992315,0.0 -51.6335543,-27.2031261992315,0.0 -51.6336146,-27.2032240992315,0.0 -51.6336601,-27.2033161992315,0.0 -51.6337175,-27.2034090992315,0.0 -51.6337735,-27.2034884992315,0.0 -51.6338085,-27.2035324992315,0.0 -51.6338426,-27.2035845992315,0.0 -51.6338658,-27.2036429992315,0.0 -51.6338696,-27.2037000992315,0.0 -51.6338554,-27.2037379992315,0.0 -51.6338264,-27.2037680992315,0.0 -51.6337175,-27.2038363992315,0.0 -51.6336272,-27.2038776992315,0.0 -51.6335247,-27.2039208992315,0.0 -51.6333999,-27.2039592992315,0.0 -51.6333647,-27.2039661992315,0.0 -51.6332262,-27.2039749992315,0.0 -51.6331437,-27.2039632992315,0.0 -51.633029,-27.2039430992315,0.0 -51.6329283,-27.2039204992315,0.0 -51.6328167,-27.2038941992315,0.0 -51.6326998,-27.2038787992315,0.0 -51.6326589,-27.2038740992315,0.0 -51.6325265,-27.2038754992315,0.0 -51.632399,-27.2038967992315,0.0 -51.6323622,-27.2039039992315,0.0 -51.6323005,-27.2039237992315,0.0 -51.6321816,-27.2039792992315,0.0 -51.6320937,-27.2040243992315,0.0 -51.6319837,-27.2040777992315,0.0 -51.6318777,-27.2041275992315,0.0 -51.6317861,-27.2041767992315,0.0 -51.6316892,-27.2042257992315,0.0 -51.631513,-27.2043128992315,0.0 -51.6314275,-27.2043431992315,0.0 -51.6313604,-27.2043572992315,0.0 -51.6313166,-27.2043519992315,0.0 -51.6312691,-27.2043338992315,0.0 -51.6312071,-27.2042851992315,0.0 -51.6311798,-27.2042510992315,0.0 -51.6311382,-27.2042067992315,0.0 -51.6310733,-27.2041824992315,0.0 -51.6310277,-27.2041654992315,0.0 -51.630962,-27.2042023992315,0.0 -51.6309036,-27.2042499992315,0.0 -51.6307963,-27.2043489992315,0.0 -51.6306815,-27.2044557992315,0.0 -51.6305831,-27.2045339992315,0.0 -51.6305,-27.2045955992315,0.0 -51.6303991,-27.2046512992315,0.0 -51.6302849,-27.2047098992315,0.0 -51.6301654,-27.2047619992315,0.0 -51.6300454,-27.2048144992315,0.0 -51.6299528,-27.2048609992315,0.0 -51.6297632,-27.2050085992315,0.0 -51.6296949,-27.2050921992315,0.0 -51.6296606,-27.2051873992315,0.0 -51.6296615,-27.2053002992315,0.0 -51.6296731,-27.2054049992315,0.0 -51.629679,-27.2055289992315,0.0 -51.6296787,-27.2057605992315,0.0 -51.6296766,-27.2058597992315,0.0 -51.6296671,-27.2059348992315,0.0 -51.6296468,-27.2060134992315,0.0 -51.629622,-27.2060745992315,0.0 -51.6295722,-27.2061741992315,0.0 -51.6295172,-27.2062544992315,0.0 -51.629444,-27.2063292992315,0.0 -51.6293577,-27.2063848992315,0.0 -51.6293016,-27.2064125992315,0.0 -51.629237,-27.2064398992315,0.0 -51.6290949,-27.2064836992315,0.0 -51.6289859,-27.2065055992315,0.0 -51.6288681,-27.2065120992315,0.0 -51.6287519,-27.2065103992315,0.0 -51.628644,-27.2064974992315,0.0 -51.6285315,-27.2064768992315,0.0 -51.628406,-27.2064404992315,0.0 -51.628293,-27.2063954992315,0.0 -51.628194,-27.2063566992315,0.0 -51.6280903,-27.2062963992315,0.0 -51.6280096,-27.2062289992315,0.0 -51.6279112,-27.2061573992315,0.0 -51.6278253,-27.2061020992315,0.0 -51.6277189,-27.2060505992315,0.0 -51.6275886,-27.2060081992315,0.0 -51.6274288,-27.2059805992315,0.0 -51.6273058,-27.2059610992315,0.0 -51.6271546,-27.2059336992315,0.0 -51.6270445,-27.2059202992315,0.0 -51.6269991,-27.2059212992315,0.0 -51.6268711,-27.2059326992315,0.0 -51.6267875,-27.2059496992315,0.0 -51.6267154,-27.2059750992315,0.0 -51.6266634,-27.2060073992315,0.0 -51.6266507,-27.2060254992315,0.0 -51.6266346,-27.2060594992315,0.0 -51.6265998,-27.2061330992315,0.0 -51.6265609,-27.2062217992315,0.0 -51.6265074,-27.2063318992315,0.0 -51.6264582,-27.2063806992315,0.0 -51.6263695,-27.2064206992315,0.0 -51.6262362,-27.2064401992315,0.0 -51.6260156,-27.2064312992315,0.0 -51.6259032,-27.2064205992315,0.0 -51.6254907,-27.2063645992315,0.0 -51.6252229,-27.2063440992315,0.0 -51.6251088,-27.2063418992315,0.0 -51.625,-27.2063449992315,0.0 -51.6248983,-27.2063363992315,0.0 -51.6248191,-27.2063366992315,0.0 -51.6247367,-27.2063483992315,0.0 -51.6246672,-27.2063694992315,0.0 -51.6245373,-27.2064133992315,0.0 -51.6243412,-27.2064771992315,0.0 -51.6242221,-27.2065118992315,0.0 -51.6241089,-27.2065372992315,0.0 -51.6239724,-27.2065709992315,0.0 -51.6238365,-27.2066035992315,0.0 -51.6236937,-27.2066443992315,0.0 -51.6235897,-27.2066767992315,0.0 -51.6234695,-27.2067136992315,0.0 -51.6233665,-27.2067438992315,0.0 -51.6232587,-27.2067613992315,0.0 -51.6231551,-27.2067598992315,0.0 -51.6230237,-27.2067573992315,0.0 -51.6229241,-27.2067558992315,0.0 -51.6228143,-27.2067534992315,0.0 -51.622759,-27.2067523992315,0.0 -51.6226555,-27.2067587992315,0.0 -51.6225531,-27.2067837992315,0.0 -51.6225147,-27.2068068992315,0.0 -51.622438,-27.2068729992315,0.0 -51.6223998,-27.2069264992315,0.0 -51.6223672,-27.2069722992315,0.0 -51.6222913,-27.2070651992315,0.0 -51.6222142,-27.2071437992315,0.0 -51.6221247,-27.2072285992315,0.0 -51.6220078,-27.2073239992315,0.0 -51.6219071,-27.2074014992315,0.0 -51.6218278,-27.2074624992315,0.0 -51.6217439,-27.2075331992315,0.0 -51.6214855,-27.2076928992314,0.0 -51.6213972,-27.2077445992314,0.0 -51.6212984,-27.2077818992314,0.0 -51.621192,-27.2078134992314,0.0 -51.6210588,-27.2078624992314,0.0 -51.620956,-27.2078975992314,0.0 -51.6208498,-27.2079273992314,0.0 -51.6207375,-27.2079573992314,0.0 -51.620625,-27.2079833992314,0.0 -51.6205193,-27.2080102992314,0.0 -51.6204439,-27.2080400992314,0.0 -51.6203236,-27.2080776992314,0.0 -51.6202275,-27.2081158992314,0.0 -51.6201327,-27.2081707992314,0.0 -51.6200549,-27.2082380992314,0.0 -51.6199668,-27.2083123992314,0.0 -51.6199352,-27.2083343992314,0.0 -51.6198802,-27.2083725992314,0.0 -51.6197956,-27.2084525992314,0.0 -51.6197264,-27.2085422992314,0.0 -51.6196694,-27.2086215992314,0.0 -51.6196125,-27.2087134992314,0.0 -51.6195607,-27.2087988992314,0.0 -51.6194963,-27.2089013992314,0.0 -51.6194326,-27.2089899992314,0.0 -51.6193613,-27.2090913992314,0.0 -51.6192958,-27.2092025992314,0.0 -51.6192534,-27.2093066992314,0.0 -51.6192137,-27.2094116992314,0.0 -51.6191798,-27.2095376992314,0.0 -51.6191604,-27.2096185992314,0.0 -51.6191154,-27.2097881992314,0.0 -51.6191056,-27.2098281992314,0.0 -51.6190907,-27.2098895992314,0.0 -51.619065,-27.2100063992314,0.0 -51.619027,-27.2101205992314,0.0 -51.6189749,-27.2102325992314,0.0 -51.6188902,-27.2103346992314,0.0 -51.618811,-27.2104059992314,0.0 -51.6187106,-27.2104609992314,0.0 -51.6185841,-27.2104970992314,0.0 -51.6184883,-27.2105269992314,0.0 -51.6183752,-27.2105619992314,0.0 -51.6182406,-27.2105967992314,0.0 -51.6181405,-27.2106302992314,0.0 -51.6180156,-27.2106801992314,0.0 -51.6179041,-27.2107344992314,0.0 -51.6177813,-27.2108138992314,0.0 -51.6176694,-27.2108689992314,0.0 -51.6175634,-27.2109062992314,0.0 -51.6174386,-27.2109224992314,0.0 -51.6173357,-27.2109410992314,0.0 -51.6172192,-27.2109688992314,0.0 -51.6171074,-27.2110006992314,0.0 -51.6169844,-27.2110436992314,0.0 -51.6168434,-27.2110928992314,0.0 -51.6167418,-27.2111179992314,0.0 -51.6166457,-27.2111541992314,0.0 -51.6164616,-27.2112235992314,0.0 -51.6163409,-27.2112732992314,0.0 -51.6162616,-27.2113078992314,0.0 -51.6161871,-27.2113291992314,0.0 -51.616106,-27.2113473992314,0.0 -51.6160497,-27.2113525992314,0.0 -51.6160324,-27.2113473992314,0.0 -51.6159749,-27.2113300992314,0.0 -51.6159308,-27.2112875992314,0.0 -51.6159007,-27.2111983992314,0.0 -51.615838,-27.2111073992314,0.0 -51.615772,-27.2110469992314,0.0 -51.615703,-27.2110111992314,0.0 -51.6156129,-27.2109954992314,0.0 -51.6154791,-27.2110216992314,0.0 -51.6153513,-27.2110678992314,0.0 -51.6152327,-27.2111119992314,0.0 -51.6151267,-27.2111524992314,0.0 -51.6150285,-27.2111980992314,0.0 -51.6149151,-27.2112577992314,0.0 -51.6148092,-27.2113157992314,0.0 -51.6146828,-27.2113763992314,0.0 -51.6145896,-27.2114206992314,0.0 -51.61449,-27.2114747992314,0.0 -51.6144041,-27.2115254992314,0.0 -51.6143038,-27.2115862992314,0.0 -51.6142642,-27.2116163992314,0.0 -51.6142167,-27.2116525992314,0.0 -51.6141654,-27.2117633992314,0.0 -51.6141548,-27.2118742992314,0.0 -51.6141792,-27.2119730992314,0.0 -51.6142134,-27.2120620992314,0.0 -51.6142491,-27.2121604992314,0.0 -51.6142603,-27.2122105992314,0.0 -51.6142834,-27.2123471992314,0.0 -51.6142993,-27.2124445992314,0.0 -51.6142695,-27.2125439992314,0.0 -51.6142211,-27.2126442992314,0.0 -51.6141769,-27.2127474992314,0.0 -51.6141386,-27.2128616992314,0.0 -51.6141131,-27.2129510992313,0.0 -51.6140897,-27.2130546992313,0.0 -51.6140711,-27.2131425992313,0.0 -51.6140559,-27.2132580992313,0.0 -51.6140517,-27.2133988992313,0.0 -51.6140599,-27.2135250992313,0.0 -51.6140745,-27.2136319992313,0.0 -51.6140988,-27.2137497992313,0.0 -51.6141225,-27.2138420992313,0.0 -51.6141607,-27.2139727992313,0.0 -51.6142073,-27.2141236992313,0.0 -51.6142313,-27.2142190992313,0.0 -51.6142588,-27.2143158992313,0.0 -51.6142904,-27.2144310992313,0.0 -51.6143208,-27.2145623992313,0.0 -51.6143335,-27.2146658992313,0.0 -51.614356,-27.2147733992313,0.0 -51.6143814,-27.2148752992313,0.0 -51.6144106,-27.2149726992313,0.0 -51.6144362,-27.2150605992313,0.0 -51.6144615,-27.2151509992313,0.0 -51.6144727,-27.2151947992313,0.0 -51.6144504,-27.2152432992313,0.0 -51.6144415,-27.2152911992313,0.0 -51.6144286,-27.2153676992313,0.0 -51.6144062,-27.2154396992313,0.0 -51.6143247,-27.2155168992313,0.0 -51.6142074,-27.2155389992313,0.0 -51.6141083,-27.2155261992313,0.0 -51.6139979,-27.2155113992313,0.0 -51.6139011,-27.2155149992313,0.0 -51.6138025,-27.2155531992313,0.0 -51.6136979,-27.2156120992313,0.0 -51.6135891,-27.2156778992313,0.0 -51.6134751,-27.2157528992313,0.0 -51.6133669,-27.2158311992313,0.0 -51.6132657,-27.2159155992313,0.0 -51.6131693,-27.2159975992313,0.0 -51.6130637,-27.2160784992313,0.0 -51.6129559,-27.2161631992313,0.0 -51.6128681,-27.2162345992313,0.0 -51.6127788,-27.2163017992313,0.0 -51.6126897,-27.2163953992313,0.0 -51.6126169,-27.2164879992313,0.0 -51.6125579,-27.2165868992313,0.0 -51.6125158,-27.2166715992313,0.0 -51.6124568,-27.2167628992313,0.0 -51.6123848,-27.2168337992313,0.0 -51.6122899,-27.2169082992313,0.0 -51.6121885,-27.2169747992313,0.0 -51.6120813,-27.2170235992313,0.0 -51.6119512,-27.2170723992313,0.0 -51.6118107,-27.2171137992313,0.0 -51.6116814,-27.2171391992313,0.0 -51.6115513,-27.2171539992313,0.0 -51.6114166,-27.2171595992313,0.0 -51.6112735,-27.2171451992313,0.0 -51.6111427,-27.2171244992313,0.0 -51.6110307,-27.2171006992313,0.0 -51.6109207,-27.2170657992313,0.0 -51.6108248,-27.2170119992313,0.0 -51.6107118,-27.2169434992313,0.0 -51.6106096,-27.2168940992313,0.0 -51.6105203,-27.2168457992313,0.0 -51.6104106,-27.2167647992313,0.0 -51.6103396,-27.2167000992313,0.0 -51.6102683,-27.2166308992313,0.0 -51.6101927,-27.2165596992313,0.0 -51.6101015,-27.2164762992313,0.0 -51.6099898,-27.2163649992313,0.0 -51.6099041,-27.2163024992313,0.0 -51.609817,-27.2162395992313,0.0 -51.6097257,-27.2161737992313,0.0 -51.6096323,-27.2161151992313,0.0 -51.6095459,-27.2160682992313,0.0 -51.6094444,-27.2160064992313,0.0 -51.6093349,-27.2159472992313,0.0 -51.6092127,-27.2158944992313,0.0 -51.6090959,-27.2158618992313,0.0 -51.6089749,-27.2158478992313,0.0 -51.608863,-27.2158494992313,0.0 -51.6087296,-27.2158625992313,0.0 -51.6085001,-27.2159379992313,0.0 -51.6083894,-27.2160030992313,0.0 -51.608299,-27.2160611992313,0.0 -51.6081949,-27.2161330992313,0.0 -51.6081275,-27.2161905992313,0.0 -51.6080051,-27.2162905992313,0.0 -51.6079342,-27.2163554992313,0.0 -51.6078629,-27.2164249992313,0.0 -51.6077876,-27.2164886992313,0.0 -51.6077126,-27.2165414992313,0.0 -51.6076373,-27.2165733992313,0.0 -51.6075349,-27.2165940992313,0.0 -51.6074341,-27.2165833992313,0.0 -51.6073577,-27.2165498992313,0.0 -51.607276,-27.2164983992313,0.0 -51.6071766,-27.2164468992313,0.0 -51.6070635,-27.2164405992313,0.0 -51.6069567,-27.2164395992313,0.0 -51.606816,-27.2164424992313,0.0 -51.6066947,-27.2164516992313,0.0 -51.6065625,-27.2164721992313,0.0 -51.6064631,-27.2164991992313,0.0 -51.6064104,-27.2165482992313,0.0 -51.6063481,-27.2166333992313,0.0 -51.6062521,-27.2166771992313,0.0 -51.6061438,-27.2167035992313,0.0 -51.6060169,-27.2167287992313,0.0 -51.6059086,-27.2167629992313,0.0 -51.605802,-27.2168191992313,0.0 -51.6057195,-27.2168701992313,0.0 -51.6056403,-27.2169413992313,0.0 -51.6055836,-27.2170192992313,0.0 -51.6055422,-27.2171099992313,0.0 -51.6055076,-27.2171950992313,0.0 -51.605474,-27.2172930992313,0.0 -51.6054426,-27.2173930992313,0.0 -51.6054028,-27.2174900992313,0.0 -51.6053531,-27.2176175992313,0.0 -51.6052919,-27.2177125992313,0.0 -51.6052111,-27.2177941992313,0.0 -51.6051373,-27.2178649992313,0.0 -51.6050769,-27.2179917992313,0.0 -51.605035,-27.2180837992313,0.0 -51.6049904,-27.2181711992312,0.0 -51.6049494,-27.2182217992312,0.0 -51.6049005,-27.2182434992312,0.0 -51.6048651,-27.2182616992312,0.0 -51.604833,-27.2182781992312,0.0 -51.6047859,-27.2183593992312,0.0 -51.6047518,-27.2184780992312,0.0 -51.6047219,-27.2185723992312,0.0 -51.6046815,-27.2187158992312,0.0 -51.604654,-27.2188088992312,0.0 -51.6046301,-27.2188977992312,0.0 -51.6045864,-27.2189941992312,0.0 -51.6045074,-27.2190509992312,0.0 -51.6043996,-27.2190883992312,0.0 -51.6042788,-27.2191193992312,0.0 -51.60416,-27.2191494992312,0.0 -51.604062,-27.2191854992312,0.0 -51.6039592,-27.2192170992312,0.0 -51.6038605,-27.2192426992312,0.0 -51.603749,-27.2192609992312,0.0 -51.603627,-27.2192723992312,0.0 -51.60352,-27.2192857992312,0.0 -51.6034038,-27.2193148992312,0.0 -51.6033081,-27.2193410992312,0.0 -51.6032909,-27.2193457992312,0.0 -51.6031617,-27.2193855992312,0.0 -51.6030138,-27.2194184992312,0.0 -51.6028868,-27.2194269992312,0.0 -51.6027391,-27.2194345992312,0.0 -51.6026212,-27.2194406992312,0.0 -51.6024983,-27.2194487992312,0.0 -51.6023654,-27.2194601992312,0.0 -51.6022231,-27.2194807992312,0.0 -51.6021215,-27.2195109992312,0.0 -51.6019989,-27.2195534992312,0.0 -51.6018781,-27.2195893992312,0.0 -51.601738,-27.2196307992312,0.0 -51.6016063,-27.2196740992312,0.0 -51.6015174,-27.2197193992312,0.0 -51.6014269,-27.2197603992312,0.0 -51.6013168,-27.2197976992312,0.0 -51.6012163,-27.2198200992312,0.0 -51.6010918,-27.2198438992312,0.0 -51.6009862,-27.2198560992312,0.0 -51.6008765,-27.2198706992312,0.0 -51.600762,-27.2198871992312,0.0 -51.6006537,-27.2199049992312,0.0 -51.600526,-27.2199218992312,0.0 -51.6004011,-27.2199379992312,0.0 -51.6002857,-27.2199596992312,0.0 -51.6001604,-27.2199838992312,0.0 -51.6000181,-27.2200051992312,0.0 -51.5999139,-27.2200129992312,0.0 -51.5998014,-27.2200157992312,0.0 -51.5996853,-27.2200048992312,0.0 -51.5995636,-27.2199703992312,0.0 -51.599433,-27.2199198992312,0.0 -51.5993432,-27.2198659992312,0.0 -51.5992818,-27.2198184992312,0.0 -51.5992309,-27.2197641992312,0.0 -51.5991383,-27.2196799992312,0.0 -51.5990619,-27.2196129992312,0.0 -51.5989766,-27.2195474992312,0.0 -51.5989606,-27.2195390992312,0.0 -51.5989039,-27.2195132992312,0.0 -51.5988336,-27.2194995992312,0.0 -51.5987536,-27.2194956992312,0.0 -51.5986481,-27.2194957992312,0.0 -51.5985368,-27.2194971992312,0.0 -51.598426,-27.2195033992312,0.0 -51.598325,-27.2195123992312,0.0 -51.5982613,-27.2195183992312,0.0 -51.5981386,-27.2195303992312,0.0 -51.5980922,-27.2195350992312,0.0 -51.5980246,-27.2195447992312,0.0 -51.5979816,-27.2195586992312,0.0 -51.5979333,-27.2195837992312,0.0 -51.5979,-27.2196117992312,0.0 -51.5978289,-27.2197078992312,0.0 -51.5977569,-27.2198080992312,0.0 -51.5976986,-27.2198822992312,0.0 -51.597626,-27.2199656992312,0.0 -51.5975514,-27.2200456992312,0.0 -51.5974759,-27.2201092992312,0.0 -51.5973857,-27.2201597992312,0.0 -51.5972815,-27.2202019992312,0.0 -51.5971727,-27.2202426992312,0.0 -51.5971208,-27.2202621992312,0.0 -51.5970584,-27.2202856992312,0.0 -51.596956,-27.2203229992312,0.0 -51.5968627,-27.2203659992312,0.0 -51.5967627,-27.2204176992312,0.0 -51.5966619,-27.2204772992312,0.0 -51.5965708,-27.2205385992312,0.0 -51.5964944,-27.2205982992312,0.0 -51.5964113,-27.2206683992312,0.0 -51.5963196,-27.2207353992312,0.0 -51.5962225,-27.2208038992312,0.0 -51.5961417,-27.2208632992312,0.0 -51.5960529,-27.2209316992312,0.0 -51.5959571,-27.2209907992312,0.0 -51.595862,-27.2210364992312,0.0 -51.5957714,-27.2210788992312,0.0 -51.5956661,-27.2211339992312,0.0 -51.5955825,-27.2211884992312,0.0 -51.595519,-27.2212321992312,0.0 -51.5954476,-27.2212641992312,0.0 -51.5953964,-27.2212724992312,0.0 -51.5953006,-27.2213040992312,0.0 -51.5952271,-27.2213794992312,0.0 -51.5951499,-27.2214594992312,0.0 -51.5950655,-27.2215469992312,0.0 -51.5950046,-27.2216221992312,0.0 -51.594934,-27.2217035992312,0.0 -51.5948563,-27.2217980992312,0.0 -51.5947678,-27.2218607992312,0.0 -51.5946798,-27.2219246992312,0.0 -51.5946222,-27.2220034992312,0.0 -51.5945669,-27.2220818992312,0.0 -51.5945023,-27.2221547992312,0.0 -51.5944291,-27.2222039992312,0.0 -51.594311,-27.2222336992312,0.0 -51.5942106,-27.2222819992312,0.0 -51.5941179,-27.2223330992312,0.0 -51.5940247,-27.2223918992312,0.0 -51.5939375,-27.2224454992312,0.0 -51.5938333,-27.2225078992312,0.0 -51.5937438,-27.2225598992312,0.0 -51.5936611,-27.2226116992312,0.0 -51.5935543,-27.2226734992312,0.0 -51.5934575,-27.2227295992312,0.0 -51.5933582,-27.2227943992312,0.0 -51.5932726,-27.2228570992312,0.0 -51.5931963,-27.2229193992312,0.0 -51.5930932,-27.2229819992312,0.0 -51.5930053,-27.2230294992312,0.0 -51.5929016,-27.2230866992312,0.0 -51.5928101,-27.2231338992312,0.0 -51.5927599,-27.2231644992311,0.0 -51.5926051,-27.2232667992312,0.0 -51.5925244,-27.2233292992311,0.0 -51.592421,-27.2234077992312,0.0 -51.5923313,-27.2234748992311,0.0 -51.592246,-27.2235277992311,0.0 -51.5921402,-27.2235813992311,0.0 -51.5920177,-27.2236282992311,0.0 -51.5919215,-27.2236592992311,0.0 -51.5918005,-27.2236861992311,0.0 -51.5916783,-27.2237025992311,0.0 -51.5915816,-27.2237369992311,0.0 -51.5914707,-27.2237838992311,0.0 -51.5913513,-27.2238454992311,0.0 -51.5912174,-27.2238999992311,0.0 -51.5911075,-27.2239252992311,0.0 -51.5909804,-27.2239480992311,0.0 -51.5908814,-27.2239724992311,0.0 -51.5908278,-27.2239830992311,0.0 -51.5907792,-27.2239926992311,0.0 -51.590643,-27.2240163992311,0.0 -51.5905313,-27.2240354992311,0.0 -51.5904125,-27.2240491992311,0.0 -51.5902834,-27.2240601992311,0.0 -51.5901784,-27.2240504992311,0.0 -51.5900657,-27.2240583992311,0.0 -51.5899133,-27.2240758992311,0.0 -51.5898382,-27.2240876992311,0.0 -51.5897155,-27.2240969992311,0.0 -51.5895949,-27.2241271992311,0.0 -51.5895408,-27.2241748992311,0.0 -51.589507,-27.2242263992311,0.0 -51.5894515,-27.2242710992311,0.0 -51.5893513,-27.2242989992311,0.0 -51.5892421,-27.2243091992311,0.0 -51.5891227,-27.2242935992311,0.0 -51.5890047,-27.2242472992311,0.0 -51.5889165,-27.2242015992311,0.0 -51.5888064,-27.2241570992311,0.0 -51.5886942,-27.2241499992311,0.0 -51.5885792,-27.2241753992311,0.0 -51.5884611,-27.2242194992311,0.0 -51.5883479,-27.2242726992311,0.0 -51.588219,-27.2243397992311,0.0 -51.5881211,-27.2243859992311,0.0 -51.5880193,-27.2244289992311,0.0 -51.5879154,-27.2244659992311,0.0 -51.5877965,-27.2244769992311,0.0 -51.5876924,-27.2244660992311,0.0 -51.5876277,-27.2244475992311,0.0 -51.5875237,-27.2244214992311,0.0 -51.587403,-27.2243904992311,0.0 -51.5873129,-27.2243343992311,0.0 -51.5872344,-27.2242528992311,0.0 -51.5871527,-27.2241723992311,0.0 -51.587067,-27.2241092992311,0.0 -51.5869886,-27.2240738992311,0.0 -51.5868783,-27.2240498992311,0.0 -51.5868136,-27.2240515992311,0.0 -51.5866925,-27.2240598992311,0.0 -51.5865839,-27.2240568992311,0.0 -51.5865489,-27.2240518992311,0.0 -51.5864811,-27.2240420992311,0.0 -51.5864626,-27.2240394992311,0.0 -51.5863882,-27.2240392992311,0.0 -51.5863283,-27.2240459992311,0.0 -51.586264,-27.2240510992311,0.0 -51.5861608,-27.2240518992311,0.0 -51.5860491,-27.2240433992311,0.0 -51.5859477,-27.2240336992311,0.0 -51.5858243,-27.2240142992311,0.0 -51.5857194,-27.2239997992311,0.0 -51.5856167,-27.2239853992311,0.0 -51.5855135,-27.2239725992311,0.0 -51.5853792,-27.2239603992311,0.0 -51.5852739,-27.2239514992311,0.0 -51.5851563,-27.2239411992311,0.0 -51.5850347,-27.2239275992311,0.0 -51.5849151,-27.2239256992311,0.0 -51.5847988,-27.2239305992311,0.0 -51.5846786,-27.2239420992311,0.0 -51.5845774,-27.2239653992311,0.0 -51.5845146,-27.2239921992311,0.0 -51.5844102,-27.2240573992311,0.0 -51.5843212,-27.2241213992311,0.0 -51.5842435,-27.2242088992311,0.0 -51.5841772,-27.2243124992311,0.0 -51.5841151,-27.2244093992311,0.0 -51.584051,-27.2245223992311,0.0 -51.5840061,-27.2246083992311,0.0 -51.5839631,-27.2246942992311,0.0 -51.5839259,-27.2247591992311,0.0 -51.5838728,-27.2248117992311,0.0 -51.5837611,-27.2248458992311,0.0 -51.5836753,-27.2248424992311,0.0 -51.583562,-27.2248203992311,0.0 -51.5834587,-27.2247898992311,0.0 -51.5833354,-27.2247494992311,0.0 -51.5832263,-27.2247073992311,0.0 -51.5831514,-27.2246676992311,0.0 -51.5830382,-27.2246065992311,0.0 -51.5829301,-27.2245503992311,0.0 -51.5827988,-27.2244917992311,0.0 -51.5827561,-27.2244871992311,0.0 -51.5827083,-27.2244957992311,0.0 -51.5826406,-27.2245080992311,0.0 -51.5826106,-27.2245260992311,0.0 -51.5825893,-27.2245389992311,0.0 -51.5825081,-27.2246290992311,0.0 -51.5824452,-27.2246998992311,0.0 -51.5823827,-27.2247858992311,0.0 -51.5823279,-27.2248631992311,0.0 -51.5822646,-27.2249433992311,0.0 -51.5822037,-27.2250186992311,0.0 -51.5821252,-27.2250882992311,0.0 -51.5820341,-27.2251417992311,0.0 -51.5819152,-27.2251946992311,0.0 -51.5818563,-27.2252194992311,0.0 -51.581795,-27.2252434992311,0.0 -51.5817396,-27.2252632992311,0.0 -51.5817076,-27.2252738992311,0.0 -51.581682,-27.2252801992311,0.0 -51.5816085,-27.2252983992311,0.0 -51.5814834,-27.2253125992311,0.0 -51.5813809,-27.2253099992311,0.0 -51.5812791,-27.2253136992311,0.0 -51.581164,-27.2253082992311,0.0 -51.5810414,-27.2253036992311,0.0 -51.5809358,-27.2252979992311,0.0 -51.5808344,-27.2252881992311,0.0 -51.5807185,-27.2252864992311,0.0 -51.5806942,-27.2252855992311,0.0 -51.580611,-27.2252852992311,0.0 -51.5804999,-27.2252804992311,0.0 -51.5803791,-27.2252847992311,0.0 -51.5802743,-27.2252954992311,0.0 -51.580244,-27.2252992992311,0.0 -51.5801452,-27.2253235992311,0.0 -51.580029,-27.2253636992311,0.0 -51.5799186,-27.2253942992311,0.0 -51.5798066,-27.2254182992311,0.0 -51.5796987,-27.2254335992311,0.0 -51.5795727,-27.2254504992311,0.0 -51.5794531,-27.2254617992311,0.0 -51.5793275,-27.2254656992311,0.0 -51.5792458,-27.2254632992311,0.0 -51.5791639,-27.2254649992311,0.0 -51.5790471,-27.2254513992311,0.0 -51.5789252,-27.2254270992311,0.0 -51.5788187,-27.2253893992311,0.0 -51.5787264,-27.2253390992311,0.0 -51.5787071,-27.2253211992311,0.0 -51.578657,-27.2252309992311,0.0 -51.5786196,-27.2251428992311,0.0 -51.5785726,-27.2250355992311,0.0 -51.578532,-27.2249277992311,0.0 -51.5784923,-27.2248133992311,0.0 -51.5784603,-27.2247200992311,0.0 -51.5784259,-27.2245920992311,0.0 -51.5783978,-27.2245049992311,0.0 -51.5783531,-27.2244192992311,0.0 -51.5782999,-27.2243391992311,0.0 -51.5782424,-27.2242516992311,0.0 -51.578182,-27.2241551992311,0.0 -51.5781338,-27.2240709992311,0.0 -51.5780919,-27.2239605992311,0.0 -51.5780609,-27.2238741992311,0.0 -51.5780214,-27.2237674992311,0.0 -51.5779557,-27.2236488992311,0.0 -51.5778849,-27.2235403992311,0.0 -51.5778303,-27.2234388992311,0.0 -51.5777811,-27.2233589992311,0.0 -51.5776949,-27.2232488992312,0.0 -51.5776137,-27.2231714992311,0.0 -51.5775868,-27.2231468992312,0.0 -51.5774978,-27.2230848992312,0.0 -51.5773912,-27.2230362992312,0.0 -51.577349,-27.2230211992312,0.0 -51.5772588,-27.2229888992312,0.0 -51.5771125,-27.2229714992312,0.0 -51.5769848,-27.2229736992312,0.0 -51.5768481,-27.2229868992312,0.0 -51.5767481,-27.2230011992312,0.0 -51.5766388,-27.2230159992312,0.0 -51.5765232,-27.2230439992312,0.0 -51.5763918,-27.2230782992311,0.0 -51.5762879,-27.2231035992312,0.0 -51.576152,-27.2231428992312,0.0 -51.5760167,-27.2231827992311,0.0 -51.5758904,-27.2232313992311,0.0 -51.5758009,-27.2232750992311,0.0 -51.5756956,-27.2233266992312,0.0 -51.5756613,-27.2233455992311,0.0 -51.5755807,-27.2234057992311,0.0 -51.5754915,-27.2235010992311,0.0 -51.5754092,-27.2236208992311,0.0 -51.5753548,-27.2237309992311,0.0 -51.575324,-27.2238469992311,0.0 -51.5752878,-27.2239848992311,0.0 -51.5752654,-27.2240841992311,0.0 -51.5752361,-27.2242294992311,0.0 -51.5752126,-27.2243596992311,0.0 -51.5751906,-27.2244994992311,0.0 -51.5751776,-27.2245913992311,0.0 -51.5751723,-27.2247130992311,0.0 -51.5751811,-27.2248324992311,0.0 -51.5751967,-27.2249799992311,0.0 -51.575223,-27.2250873992311,0.0 -51.5752653,-27.2252145992311,0.0 -51.5753067,-27.2252969992311,0.0 -51.575334,-27.2253378992311,0.0 -51.5754315,-27.2254423992311,0.0 -51.5755104,-27.2255209992311,0.0 -51.575583,-27.2255965992311,0.0 -51.575666,-27.2256685992311,0.0 -51.5757759,-27.2257572992311,0.0 -51.575852,-27.2258388992311,0.0 -51.5759007,-27.2259326992311,0.0 -51.5759228,-27.2259866992311,0.0 -51.5759362,-27.2260463992311,0.0 -51.575939,-27.2261753992311,0.0 -51.5759345,-27.2262792992311,0.0 -51.5759256,-27.2263403992311,0.0 -51.5758978,-27.2264351992311,0.0 -51.575845,-27.2265187992311,0.0 -51.5757689,-27.2265837992311,0.0 -51.5756744,-27.2266377992311,0.0 -51.5755641,-27.2266980992311,0.0 -51.5754492,-27.2267714992311,0.0 -51.5753687,-27.2268366992311,0.0 -51.5752826,-27.2269010992311,0.0 -51.5751726,-27.2269708992311,0.0 -51.5750845,-27.2270160992311,0.0 -51.5750554,-27.2270247992311,0.0 -51.5749468,-27.2270586992311,0.0 -51.5748215,-27.2270757992311,0.0 -51.574708,-27.2270851992311,0.0 -51.5745883,-27.2270800992311,0.0 -51.5744846,-27.2270784992311,0.0 -51.5743647,-27.2270723992311,0.0 -51.5742503,-27.2270633992311,0.0 -51.5741107,-27.2270378992311,0.0 -51.5739627,-27.2270148992311,0.0 -51.573844,-27.2269897992311,0.0 -51.573705,-27.2269598992311,0.0 -51.5735589,-27.2269277992311,0.0 -51.5734492,-27.2269081992311,0.0 -51.5733357,-27.2268904992311,0.0 -51.5732215,-27.2268754992311,0.0 -51.57309,-27.2268551992311,0.0 -51.5729621,-27.2268374992311,0.0 -51.5728511,-27.2268183992311,0.0 -51.5727476,-27.2268082992311,0.0 -51.5726446,-27.2268051992311,0.0 -51.5726207,-27.2268062992311,0.0 -51.5724866,-27.2268217992311,0.0 -51.572374,-27.2268495992311,0.0 -51.5722685,-27.2268972992311,0.0 -51.5721597,-27.2269658992311,0.0 -51.5720489,-27.2270404992311,0.0 -51.5719951,-27.2270840992311,0.0 -51.5719412,-27.2271276992311,0.0 -51.5718582,-27.2272013992311,0.0 -51.5717504,-27.2272883992311,0.0 -51.5716506,-27.2273788992311,0.0 -51.5715557,-27.2274682992311,0.0 -51.5714457,-27.2275776992311,0.0 -51.5713304,-27.2277110992311,0.0 -51.5712621,-27.2277960992311,0.0 -51.5711891,-27.2278950992311,0.0 -51.5711272,-27.2279822992311,0.0 -51.5710491,-27.2280849992311,0.0 -51.5709758,-27.2281582992311,0.0 -51.5708762,-27.2282389992311,0.0 -51.5707851,-27.2283079992311,0.0 -51.5707029,-27.2283663992311,0.0 -51.5706251,-27.2284215992311,0.0 -51.5704941,-27.228497699231,0.0 -51.5704313,-27.228522699231,0.0 -51.5702943,-27.228578699231,0.0 -51.5701954,-27.2286075992311,0.0 -51.5701266,-27.228624099231,0.0 -51.5699988,-27.2286343992311,0.0 -51.5698758,-27.228624299231,0.0 -51.5697371,-27.228620999231,0.0 -51.5696187,-27.228611799231,0.0 -51.5695421,-27.228598299231,0.0 -51.5693911,-27.228569299231,0.0 -51.5692725,-27.228533599231,0.0 -51.569209,-27.228518699231,0.0 -51.5690827,-27.2284794992311,0.0 -51.5689626,-27.228447699231,0.0 -51.5688358,-27.2284142992311,0.0 -51.5687345,-27.2283830992311,0.0 -51.56862,-27.228343699231,0.0 -51.5684873,-27.2282938992311,0.0 -51.5683474,-27.2282331992311,0.0 -51.568277,-27.2281919992311,0.0 -51.568194,-27.2281224992311,0.0 -51.5681604,-27.2280830992311,0.0 -51.5680953,-27.2280370992311,0.0 -51.5679885,-27.2280019992311,0.0 -51.5678759,-27.2279829992311,0.0 -51.5677551,-27.2279872992311,0.0 -51.5676124,-27.2280041992311,0.0 -51.5674998,-27.2280143992311,0.0 -51.5673702,-27.2280370992311,0.0 -51.5672586,-27.2280701992311,0.0 -51.5671414,-27.2281082992311,0.0 -51.5670111,-27.2281479992311,0.0 -51.5668999,-27.2281792992311,0.0 -51.5668004,-27.2282181992311,0.0 -51.566675,-27.2282452992311,0.0 -51.5665431,-27.2282633992311,0.0 -51.5664379,-27.2282737992311,0.0 -51.5663268,-27.2282777992311,0.0 -51.566213,-27.2282798992311,0.0 -51.5660854,-27.228277999231,0.0 -51.5659697,-27.2282780992311,0.0 -51.5658199,-27.2282730992311,0.0 -51.5656996,-27.2282663992311,0.0 -51.5655795,-27.228259099231,0.0 -51.5654699,-27.2282492992311,0.0 -51.5653674,-27.2282409992311,0.0 -51.5652427,-27.2282362992311,0.0 -51.5651293,-27.2282321992311,0.0 -51.5649988,-27.2282396992311,0.0 -51.5648781,-27.2282592992311,0.0 -51.5647806,-27.2282847992311,0.0 -51.5646772,-27.2283186992311,0.0 -51.5645727,-27.228368199231,0.0 -51.5644596,-27.228429399231,0.0 -51.5643698,-27.228482799231,0.0 -51.5642849,-27.228545199231,0.0 -51.5641967,-27.228608199231,0.0 -51.5641052,-27.228682699231,0.0 -51.5640284,-27.228754599231,0.0 -51.5639492,-27.228828499231,0.0 -51.5638528,-27.228912999231,0.0 -51.5637408,-27.229025299231,0.0 -51.5636242,-27.229149099231,0.0 -51.5635584,-27.229218099231,0.0 -51.5635106,-27.229273499231,0.0 -51.5634629,-27.229328799231,0.0 -51.5633907,-27.229426799231,0.0 -51.5633296,-27.229527699231,0.0 -51.563298,-27.229613699231,0.0 -51.5632794,-27.229702999231,0.0 -51.5632664,-27.229832299231,0.0 -51.5632035,-27.229965899231,0.0 -51.5631481,-27.230029199231,0.0 -51.5630391,-27.230093999231,0.0 -51.5629174,-27.230159799231,0.0 -51.5628004,-27.230214499231,0.0 -51.5626621,-27.230272999231,0.0 -51.5625519,-27.230317099231,0.0 -51.5625,-27.230335199231,0.0 -51.5624899,-27.230340999231,0.0 -51.5624404,-27.230369199231,0.0 -51.5623296,-27.230386799231,0.0 -51.5621763,-27.230445399231,0.0 -51.5620879,-27.230511599231,0.0 -51.5619776,-27.230573099231,0.0 -51.5618786,-27.230655799231,0.0 -51.5618233,-27.230692999231,0.0 -51.5617277,-27.230732899231,0.0 -51.5616199,-27.230757299231,0.0 -51.5615636,-27.230789999231,0.0 -51.5614568,-27.230835399231,0.0 -51.5613611,-27.230894199231,0.0 -51.5612448,-27.230976299231,0.0 -51.5612001,-27.231030299231,0.0 -51.5610836,-27.231255099231,0.0 -51.5610474,-27.231306599231,0.0 -51.5610025,-27.231350499231,0.0 -51.5608134,-27.231496199231,0.0 -51.5607562,-27.231558999231,0.0 -51.5607101,-27.231632099231,0.0 -51.5606833,-27.231691499231,0.0 -51.5606371,-27.231763599231,0.0 -51.5605441,-27.231936699231,0.0 -51.5603362,-27.232220699231,0.0 -51.5602458,-27.232326199231,0.0 -51.5600844,-27.232449899231,0.0 -51.5599262,-27.232607099231,0.0 -51.5598272,-27.232716699231,0.0 -51.559727,-27.232801899231,0.0 -51.5597037,-27.232831999231,0.0 -51.5596916,-27.232873199231,0.0 -51.5596886,-27.232913399231,0.0 -51.5596919,-27.232945499231,0.0 -51.5597063,-27.233006099231,0.0 -51.5597242,-27.233050899231,0.0 -51.559784,-27.233167899231,0.0 -51.5599598,-27.233464999231,0.0 -51.5600508,-27.233599899231,0.0 -51.5600855,-27.233636999231,0.0 -51.5601522,-27.2336965992309,0.0 -51.560196,-27.233744599231,0.0 -51.5602431,-27.233822899231,0.0 -51.5603143,-27.233919199231,0.0 -51.5604352,-27.2340983992309,0.0 -51.5605901,-27.2342619992309,0.0 -51.5606338,-27.2342971992309,0.0 -51.5606853,-27.2343293992309,0.0 -51.5608769,-27.2344216992309,0.0 -51.5612192,-27.2345466992309,0.0 -51.5612932,-27.2345941992309,0.0 -51.5613626,-27.2346247992309,0.0 -51.5614768,-27.2346946992309,0.0 -51.5616525,-27.2347810992309,0.0 -51.5616976,-27.2348101992309,0.0 -51.5617217,-27.2348357992309,0.0 -51.5617397,-27.2348650992309,0.0 -51.5617561,-27.2349028992309,0.0 -51.5617624,-27.2349343992309,0.0 -51.5617603,-27.2349569992309,0.0 -51.5617358,-27.2350411992309,0.0 -51.5617189,-27.2351735992309,0.0 -51.561699,-27.2351897992309,0.0 -51.5616494,-27.2352007992309,0.0 -51.5616298,-27.2352106992309,0.0 -51.5615647,-27.2352906992309,0.0 -51.5615375,-27.2353147992309,0.0 -51.5615063,-27.2353339992309,0.0 -51.5613895,-27.2353865992309,0.0 -51.5611966,-27.2354361992309,0.0 -51.561154,-27.2354717992309,0.0 -51.5610993,-27.2354960992309,0.0 -51.5610518,-27.2355414992309,0.0 -51.5610099,-27.2355678992309,0.0 -51.5609915,-27.2355745992309,0.0 -51.5609093,-27.2355838992309,0.0 -51.5608623,-27.2356066992309,0.0 -51.560643,-27.2357666992309,0.0 -51.56062,-27.2357694992309,0.0 -51.560568,-27.2357654992309,0.0 -51.5605223,-27.2357703992309,0.0 -51.5603912,-27.2358140992309,0.0 -51.5603553,-27.2358329992309,0.0 -51.5603047,-27.2358792992309,0.0 -51.5602801,-27.2358955992309,0.0 -51.5601235,-27.2359553992309,0.0 -51.5600215,-27.2360123992309,0.0 -51.5598656,-27.2360903992309,0.0 -51.5597156,-27.2361501992309,0.0 -51.559529,-27.2362356992309,0.0 -51.5592037,-27.2363581992309,0.0 -51.5591886,-27.2363588992309,0.0 -51.5591705,-27.2363492992309,0.0 -51.5591409,-27.2363086992309,0.0 -51.5591131,-27.2362803992309,0.0 -51.5589019,-27.2361028992309,0.0 -51.5588096,-27.2360107992309,0.0 -51.5587318,-27.2359081992309,0.0 -51.5584204,-27.2354494992309,0.0 -51.5583783,-27.2353973992309,0.0 -51.5582979,-27.2353241992309,0.0 -51.5582141,-27.2352591992309,0.0 -51.5581524,-27.2352195992309,0.0 -51.5580743,-27.2351797992309,0.0 -51.5579626,-27.2351342992309,0.0 -51.5578803,-27.2351150992309,0.0 -51.5578337,-27.2351118992309,0.0 -51.557789,-27.2351145992309,0.0 -51.5577692,-27.2351209992309,0.0 -51.5577534,-27.2351389992309,0.0 -51.5577276,-27.2351373992309,0.0 -51.5576555,-27.2351132992309,0.0 -51.5574707,-27.2350404992309,0.0 -51.5573377,-27.2349981992309,0.0 -51.5572784,-27.2349854992309,0.0 -51.5571542,-27.2349786992309,0.0 -51.5570869,-27.2349680992309,0.0 -51.5568688,-27.2348906992309,0.0 -51.556787,-27.2348658992309,0.0 -51.5563806,-27.2347572992309,0.0 -51.5561282,-27.2347028992309,0.0 -51.5559597,-27.2346411992309,0.0 -51.5558619,-27.2346156992309,0.0 -51.5557268,-27.2345885992309,0.0 -51.555325,-27.2344610992309,0.0 -51.5552481,-27.2344312992309,0.0 -51.5550256,-27.2343553992309,0.0 -51.5548347,-27.2342810992309,0.0 -51.5546251,-27.2342076992309,0.0 -51.5545227,-27.2341767992309,0.0 -51.5544857,-27.2341577992309,0.0 -51.5543944,-27.2340991992309,0.0 -51.5543655,-27.2340754992309,0.0 -51.5543466,-27.2340474992309,0.0 -51.5543199,-27.233980599231,0.0 -51.5543003,-27.2339519992309,0.0 -51.5541338,-27.2337955992309,0.0 -51.5540468,-27.233693399231,0.0 -51.5540169,-27.2336453992309,0.0 -51.5539979,-27.233547499231,0.0 -51.5539772,-27.233500499231,0.0 -51.5539541,-27.233471499231,0.0 -51.5539083,-27.233429199231,0.0 -51.5538822,-27.233379799231,0.0 -51.5538335,-27.233321899231,0.0 -51.5537939,-27.233257299231,0.0 -51.5537096,-27.233148399231,0.0 -51.5536597,-27.233059799231,0.0 -51.5536298,-27.233018999231,0.0 -51.5535634,-27.232952099231,0.0 -51.5534911,-27.232897999231,0.0 -51.5533564,-27.232811899231,0.0 -51.5532729,-27.232779999231,0.0 -51.5532091,-27.232779299231,0.0 -51.5531219,-27.232789099231,0.0 -51.5529735,-27.232826899231,0.0 -51.5529142,-27.232851399231,0.0 -51.5528616,-27.232885499231,0.0 -51.5527921,-27.232940499231,0.0 -51.5526324,-27.233097299231,0.0 -51.5525112,-27.233198299231,0.0 -51.5524561,-27.233230999231,0.0 -51.5523133,-27.233292599231,0.0 -51.5522099,-27.233357899231,0.0 -51.5521752,-27.233369399231,0.0 -51.5521419,-27.233373999231,0.0 -51.5518975,-27.233375599231,0.0 -51.5518412,-27.2333799992309,0.0 -51.5518062,-27.233388699231,0.0 -51.551731,-27.233425599231,0.0 -51.5516374,-27.2334895992309,0.0 -51.551506,-27.233564499231,0.0 -51.5513896,-27.233639599231,0.0 -51.5513206,-27.2336702992309,0.0 -51.5511927,-27.2337175992309,0.0 -51.5511431,-27.2337302992309,0.0 -51.5510926,-27.2337374992309,0.0 -51.5508907,-27.233740899231,0.0 -51.5507816,-27.233753599231,0.0 -51.5506757,-27.2337827992309,0.0 -51.5503729,-27.2338856992309,0.0 -51.5499588,-27.2339387992309,0.0 -51.5496894,-27.2340157992309,0.0 -51.5494055,-27.2340801992309,0.0 -51.5492806,-27.2341252992309,0.0 -51.54922,-27.2341426992309,0.0 -51.5490313,-27.2341741992309,0.0 -51.5486802,-27.2342128992309,0.0 -51.5486081,-27.2342242992309,0.0 -51.5484867,-27.2342566992309,0.0 -51.5483771,-27.2343126992309,0.0 -51.5482842,-27.2343091992309,0.0 -51.5482513,-27.2343164992309,0.0 -51.5482287,-27.2343287992309,0.0 -51.5482106,-27.2343468992309,0.0 -51.5481931,-27.2343737992309,0.0 -51.5481688,-27.2344362992309,0.0 -51.5481542,-27.2345156992309,0.0 -51.5481411,-27.2346580992309,0.0 -51.5481464,-27.2346769992309,0.0 -51.5481621,-27.2347019992309,0.0 -51.5482424,-27.2347975992309,0.0 -51.5482708,-27.2348399992309,0.0 -51.5483024,-27.2349084992309,0.0 -51.5483093,-27.2349646992309,0.0 -51.5482537,-27.2350831992309,0.0 -51.5482435,-27.2351732992309,0.0 -51.5482347,-27.2351974992309,0.0 -51.5482045,-27.2352425992309,0.0 -51.5481376,-27.2353144992309,0.0 -51.5481154,-27.2353527992309,0.0 -51.5480549,-27.2355830992309,0.0 -51.5480174,-27.2357012992309,0.0 -51.5480087,-27.2357543992309,0.0 -51.5480105,-27.2357918992309,0.0 -51.548017,-27.2358131992309,0.0 -51.548033,-27.2358403992309,0.0 -51.5480874,-27.2358964992309,0.0 -51.5481125,-27.2359100992309,0.0 -51.5481773,-27.2359272992309,0.0 -51.5482034,-27.2359388992309,0.0 -51.5482293,-27.2359586992309,0.0 -51.5483074,-27.2360407992309,0.0 -51.5483481,-27.2360763992309,0.0 -51.5484014,-27.2361070992309,0.0 -51.5486037,-27.2362084992309,0.0 -51.548682,-27.2362575992309,0.0 -51.5487603,-27.2363065992309,0.0 -51.5487872,-27.2363282992309,0.0 -51.5487992,-27.2363461992309,0.0 -51.5488006,-27.2363884992309,0.0 -51.5487527,-27.2367459992309,0.0 -51.548748,-27.2368141992309,0.0 -51.5487575,-27.2368504992309,0.0 -51.5488176,-27.2369899992309,0.0 -51.5488482,-27.2370903992309,0.0 -51.5488867,-27.2372783992309,0.0 -51.5488932,-27.2373348992309,0.0 -51.5488924,-27.2373724992309,0.0 -51.5488744,-27.2374210992309,0.0 -51.5488206,-27.2374956992309,0.0 -51.5487512,-27.2375724992309,0.0 -51.5486148,-27.2377029992309,0.0 -51.5485689,-27.2377630992309,0.0 -51.5485532,-27.2378027992309,0.0 -51.5485463,-27.2378435992309,0.0 -51.5485413,-27.2379231992309,0.0 -51.5485442,-27.2379968992309,0.0 -51.5485534,-27.2380615992309,0.0 -51.5485697,-27.2381220992309,0.0 -51.5486667,-27.2383493992309,0.0 -51.5486919,-27.2383949992309,0.0 -51.5487203,-27.2384342992309,0.0 -51.5487846,-27.2384901992309,0.0 -51.5488085,-27.2385174992309,0.0 -51.548897,-27.2386535992309,0.0 -51.548971,-27.2388135992309,0.0 -51.5490594,-27.2389783992308,0.0 -51.5490685,-27.2390088992309,0.0 -51.5490682,-27.2390352992308,0.0 -51.5490515,-27.2390849992308,0.0 -51.5490256,-27.2391276992308,0.0 -51.5489947,-27.2391645992308,0.0 -51.5489535,-27.2392028992308,0.0 -51.5487765,-27.2393075992308,0.0 -51.5486222,-27.2393992992308,0.0 -51.5485792,-27.2394325992308,0.0 -51.5484752,-27.2395284992308,0.0 -51.5482614,-27.2396773992308,0.0 -51.5482286,-27.2397102992308,0.0 -51.5481928,-27.2397570992308,0.0 -51.5481584,-27.2398153992308,0.0 -51.5481347,-27.2398667992308,0.0 -51.5481271,-27.2399042992308,0.0 -51.5481324,-27.2399305992308,0.0 -51.5481931,-27.2399960992308,0.0 -51.5482328,-27.2400487992308,0.0 -51.5483537,-27.2402515992308,0.0 -51.5483818,-27.2403075992308,0.0 -51.5484045,-27.2404345992308,0.0 -51.548478,-27.2405999992308,0.0 -51.548491,-27.2406411992308,0.0 -51.5484935,-27.2406891992308,0.0 -51.548488,-27.2407382992308,0.0 -51.5484761,-27.2407716992308,0.0 -51.5484563,-27.2408001992308,0.0 -51.5483304,-27.2409393992308,0.0 -51.5482463,-27.2410138992308,0.0 -51.5480778,-27.2411209992308,0.0 -51.5478484,-27.2412825992308,0.0 -51.5475343,-27.2414773992308,0.0 -51.5474484,-27.2415375992308,0.0 -51.5473971,-27.2415824992308,0.0 -51.547237,-27.2416376992308,0.0 -51.5472022,-27.2416607992308,0.0 -51.5470864,-27.2417551992308,0.0 -51.5470426,-27.2417741992308,0.0 -51.5469445,-27.2418033992308,0.0 -51.5469267,-27.2418099992308,0.0 -51.5468458,-27.2418525992308,0.0 -51.5467678,-27.2419106992308,0.0 -51.5467494,-27.2419199992308,0.0 -51.5466577,-27.2419201992308,0.0 -51.5464491,-27.2419479992308,0.0 -51.5463905,-27.2419642992308,0.0 -51.5462437,-27.2420324992308,0.0 -51.5461769,-27.2420550992308,0.0 -51.5460332,-27.2420811992308,0.0 -51.5459049,-27.2420836992308,0.0 -51.5458435,-27.2420763992308,0.0 -51.5458018,-27.2420600992308,0.0 -51.5454818,-27.2418596992308,0.0 -51.5454513,-27.2418226992308,0.0 -51.5454016,-27.2417036992308,0.0 -51.5453873,-27.2416514992308,0.0 -51.5453799,-27.2415863992308,0.0 -51.5453808,-27.2414806992308,0.0 -51.5453988,-27.2412703992308,0.0 -51.5454083,-27.2412100992308,0.0 -51.5454335,-27.2411175992308,0.0 -51.5454393,-27.2410772992308,0.0 -51.5454366,-27.2410090992308,0.0 -51.5454239,-27.2409346992308,0.0 -51.5454106,-27.2408973992308,0.0 -51.5453865,-27.2408531992308,0.0 -51.5452716,-27.2407014992308,0.0 -51.5452062,-27.2406241992308,0.0 -51.5451827,-27.2406047992308,0.0 -51.5451532,-27.2405889992308,0.0 -51.5451255,-27.2405810992308,0.0 -51.5451003,-27.2405814992308,0.0 -51.5449845,-27.2406130992308,0.0 -51.5448103,-27.2406367992308,0.0 -51.5447039,-27.2406450992308,0.0 -51.5443637,-27.2406204992308,0.0 -51.5442235,-27.2406173992308,0.0 -51.544066,-27.2406206992308,0.0 -51.544016,-27.2406148992308,0.0 -51.5439794,-27.2406007992308,0.0 -51.5438689,-27.2405448992308,0.0 -51.5437839,-27.2404944992308,0.0 -51.543745,-27.2404647992308,0.0 -51.5437343,-27.2404450992308,0.0 -51.5437355,-27.2403909992308,0.0 -51.543727,-27.2403470992308,0.0 -51.5437093,-27.2403072992308,0.0 -51.543682,-27.2402743992308,0.0 -51.5436476,-27.2402518992308,0.0 -51.5435625,-27.2402086992308,0.0 -51.5434611,-27.2401466992308,0.0 -51.5434008,-27.2401191992308,0.0 -51.5433309,-27.2401018992308,0.0 -51.5431512,-27.2400858992308,0.0 -51.5429339,-27.2400554992308,0.0 -51.5428729,-27.2400551992308,0.0 -51.542806,-27.2400765992308,0.0 -51.5427753,-27.2400804992308,0.0 -51.5426352,-27.2400468992308,0.0 -51.5424637,-27.2400481992308,0.0 -51.5424104,-27.2400411992308,0.0 -51.5423351,-27.2400144992308,0.0 -51.5421572,-27.2399348992308,0.0 -51.5420284,-27.2399032992308,0.0 -51.5419743,-27.2398851992308,0.0 -51.5417275,-27.2397559992308,0.0 -51.5416395,-27.2397180992308,0.0 -51.5415075,-27.2396782992308,0.0 -51.5414772,-27.2396644992308,0.0 -51.5414545,-27.2396411992308,0.0 -51.5413686,-27.2395135992308,0.0 -51.5411985,-27.2392983992308,0.0 -51.5411286,-27.2392013992308,0.0 -51.5410588,-27.2391043992308,0.0 -51.5409589,-27.2389421992309,0.0 -51.540849,-27.2387398992308,0.0 -51.5407672,-27.2385843992309,0.0 -51.5406997,-27.2384660992309,0.0 -51.5405966,-27.2383030992309,0.0 -51.5405267,-27.2382126992309,0.0 -51.5404347,-27.2380893992309,0.0 -51.5403932,-27.2380310992309,0.0 -51.5403227,-27.2379513992309,0.0 -51.5402841,-27.2379182992309,0.0 -51.540256,-27.2379050992309,0.0 -51.5402279,-27.2378919992309,0.0 -51.5401647,-27.2378683992309,0.0 -51.5401253,-27.2378550992309,0.0 -51.5400762,-27.2378477992309,0.0 -51.5400032,-27.2378368992309,0.0 -51.539943,-27.2378974992309,0.0 -51.539637,-27.2381929992309,0.0 -51.5393592,-27.2384446992309,0.0 -51.5391939,-27.2385852992309,0.0 -51.5389233,-27.2388007992309,0.0 -51.5388352,-27.2388653992309,0.0 -51.5387368,-27.2389374992308,0.0 -51.5385524,-27.2390607992308,0.0 -51.5382881,-27.2392140992308,0.0 -51.5381228,-27.2392948992308,0.0 -51.5379687,-27.2393585992309,0.0 -51.5378268,-27.2394058992309,0.0 -51.5376951,-27.2394403992308,0.0 -51.537333,-27.2395092992308,0.0 -51.537133,-27.2395549992308,0.0 -51.5368712,-27.2396348992308,0.0 -51.5365192,-27.2397629992308,0.0 -51.5357831,-27.2400450992308,0.0 -51.5345775,-27.2404952992308,0.0 -51.5339547,-27.2407375992308,0.0 -51.5335862,-27.2408878992308,0.0 -51.5331973,-27.2410563992308,0.0 -51.5330136,-27.2411408992308,0.0 -51.5326793,-27.2413075992308,0.0 -51.5325303,-27.2413897992308,0.0 -51.5323928,-27.2414720992308,0.0 -51.5322663,-27.2415550992308,0.0 -51.5322082,-27.2415971992308,0.0 -51.5321501,-27.2416392992308,0.0 -51.5320437,-27.2417253992308,0.0 -51.5319466,-27.2418138992308,0.0 -51.5318581,-27.2419054992308,0.0 -51.5317776,-27.2420005992308,0.0 -51.5317039,-27.2420991992308,0.0 -51.5315717,-27.2423061992308,0.0 -51.5314303,-27.2425704992308,0.0 -51.5312733,-27.2428636992308,0.0 -51.5310875,-27.2432052992308,0.0 -51.5309863,-27.2433826992308,0.0 -51.5308135,-27.2436701992308,0.0 -51.5305041,-27.2441535992308,0.0 -51.5296758,-27.2453938992307,0.0 -51.5294622,-27.2457402992307,0.0 -51.5292031,-27.2462028992307,0.0 -51.5291737,-27.2462586992307,0.0 -51.5289788,-27.2466279992307,0.0 -51.5287579,-27.2470711992307,0.0 -51.5286256,-27.2473572992307,0.0 -51.5285101,-27.2476403992307,0.0 -51.5284137,-27.2479307992307,0.0 -51.5283735,-27.2480819992307,0.0 -51.528339,-27.2482386992307,0.0 -51.5283104,-27.2484026992307,0.0 -51.5282874,-27.2485766992307,0.0 -51.5282696,-27.2487636992307,0.0 -51.5282512,-27.2491498992307,0.0 -51.5282434,-27.2494342992306,0.0 -51.5282099,-27.2500034992306,0.0 -51.5282215,-27.2502207992306,0.0 -51.5282337,-27.2504138992306,0.0 -51.5282466,-27.2505854992306,0.0 -51.5282604,-27.2507386992306,0.0 -51.528275,-27.2508760992306,0.0 -51.5282908,-27.2510007992306,0.0 -51.5283077,-27.2511154992306,0.0 -51.5283259,-27.2512230992306,0.0 -51.5283455,-27.2513260992306,0.0 -51.528359,-27.2513902992306,0.0 -51.5283888,-27.2515216992306,0.0 -51.5284124,-27.2516153992306,0.0 -51.5284372,-27.2517069992306,0.0 -51.5284633,-27.2517972992306,0.0 -51.5284906,-27.2518866992306,0.0 -51.528519,-27.2519756992306,0.0 -51.5285485,-27.2520648992306,0.0 -51.5285793,-27.2521537992306,0.0 -51.5286114,-27.2522418992306,0.0 -51.5286451,-27.2523288992306,0.0 -51.5286804,-27.2524142992306,0.0 -51.5287174,-27.2524974992306,0.0 -51.5287564,-27.2525780992306,0.0 -51.5287974,-27.2526555992306,0.0 -51.5288406,-27.2527297992306,0.0 -51.5288864,-27.2528011992306,0.0 -51.5289352,-27.2528706992306,0.0 -51.5289874,-27.2529390992306,0.0 -51.5290281,-27.2529885992306,0.0 -51.5291035,-27.2530757992306,0.0 -51.5291682,-27.2531456992306,0.0 -51.5292379,-27.2532178992306,0.0 -51.5293127,-27.2532926992306,0.0 -51.5293919,-27.2533695992306,0.0 -51.5294742,-27.2534475992306,0.0 -51.5295586,-27.2535258992306,0.0 -51.5296441,-27.2536034992306,0.0 -51.5297296,-27.2536794992306,0.0 -51.5298138,-27.2537529992306,0.0 -51.5298958,-27.2538230992306,0.0 -51.5299749,-27.2538890992306,0.0 -51.5300519,-27.2539509992306,0.0 -51.530128,-27.2540093992306,0.0 -51.5302045,-27.2540644992306,0.0 -51.5302827,-27.2541165992306,0.0 -51.5303637,-27.2541661992306,0.0 -51.5304488,-27.2542135992306,0.0 -51.5305392,-27.2542591992306,0.0 -51.5306358,-27.2543030992306,0.0 -51.5307382,-27.2543453992306,0.0 -51.5308452,-27.2543857992306,0.0 -51.530956,-27.2544239992306,0.0 -51.5310697,-27.2544600992306,0.0 -51.5311854,-27.2544935992306,0.0 -51.531302,-27.2545244992306,0.0 -51.5314188,-27.2545524992306,0.0 -51.5315349,-27.2545775992306,0.0 -51.5316503,-27.2546003992306,0.0 -51.5317653,-27.2546214992305,0.0 -51.5319945,-27.2546619992306,0.0 -51.5321092,-27.2546826992306,0.0 -51.5322477,-27.2547095992306,0.0 -51.5323394,-27.2547286992305,0.0 -51.5324554,-27.2547553992306,0.0 -51.5325727,-27.2547849992305,0.0 -51.5326918,-27.2548173992305,0.0 -51.5328135,-27.2548528992305,0.0 -51.5329384,-27.2548915992306,0.0 -51.5330671,-27.2549333992305,0.0 -51.5332002,-27.2549784992305,0.0 -51.5333384,-27.2550269992305,0.0 -51.5334821,-27.2550787992305,0.0 -51.5336308,-27.2551338992305,0.0 -51.5337836,-27.2551916992305,0.0 -51.5339398,-27.2552520992305,0.0 -51.5340986,-27.2553145992305,0.0 -51.5342593,-27.2553789992305,0.0 -51.534421,-27.2554448992305,0.0 -51.5345829,-27.2555119992305,0.0 -51.5347446,-27.2555800992305,0.0 -51.5352326,-27.2557870992305,0.0 -51.5353981,-27.2558562992305,0.0 -51.5355661,-27.2559251992305,0.0 -51.5357372,-27.2559935992305,0.0 -51.5359118,-27.2560611992305,0.0 -51.5360903,-27.2561276992305,0.0 -51.5362708,-27.2561928992305,0.0 -51.5364515,-27.2562564992305,0.0 -51.5367158,-27.2563473992305,0.0 -51.5369596,-27.2564302992305,0.0 -51.5372846,-27.2565410992305,0.0 -51.5374233,-27.2565894992305,0.0 -51.5375516,-27.2566352992305,0.0 -51.5376711,-27.2566790992305,0.0 -51.5377836,-27.2567216992305,0.0 -51.5378908,-27.2567634992305,0.0 -51.5379945,-27.2568053992305,0.0 -51.5380963,-27.2568478992305,0.0 -51.5381981,-27.2568917992305,0.0 -51.5383011,-27.2569373992305,0.0 -51.5384045,-27.2569845992305,0.0 -51.5385072,-27.2570329992305,0.0 -51.5386082,-27.2570823992305,0.0 -51.5387061,-27.2571321992305,0.0 -51.5387999,-27.2571822992305,0.0 -51.5388883,-27.2572320992305,0.0 -51.5389703,-27.2572813992305,0.0 -51.5390449,-27.2573298992305,0.0 -51.5391126,-27.2573780992305,0.0 -51.5391739,-27.2574264992305,0.0 -51.5392297,-27.2574757992305,0.0 -51.5392805,-27.2575263992305,0.0 -51.539327,-27.2575788992305,0.0 -51.53937,-27.2576338992305,0.0 -51.5394101,-27.2576919992305,0.0 -51.5394479,-27.2577536992305,0.0 -51.5394834,-27.2578191992305,0.0 -51.5395166,-27.2578886992305,0.0 -51.5395475,-27.2579622992305,0.0 -51.5395761,-27.2580402992305,0.0 -51.5396024,-27.2581227992305,0.0 -51.5396262,-27.2582098992305,0.0 -51.5396477,-27.2583018992305,0.0 -51.5396667,-27.2583989992305,0.0 -51.5396833,-27.2585011992305,0.0 -51.5396978,-27.2586085992305,0.0 -51.5397101,-27.2587214992305,0.0 -51.5397203,-27.2588397992305,0.0 -51.5397287,-27.2589636992305,0.0 -51.5397352,-27.2590933992305,0.0 -51.53974,-27.2592287992305,0.0 -51.5397433,-27.2593699992305,0.0 -51.5397453,-27.2595157992304,0.0 -51.5397485,-27.2599662992305,0.0 -51.53975,-27.2601162992305,0.0 -51.5397524,-27.2602638992304,0.0 -51.5397562,-27.2604075992304,0.0 -51.5397615,-27.2605465992304,0.0 -51.5397632,-27.2605803992304,0.0 -51.5397649,-27.2606142992304,0.0 -51.5397762,-27.2608134992304,0.0 -51.539785,-27.2609437992304,0.0 -51.5398127,-27.2613360992304,0.0 -51.5398214,-27.2614710992304,0.0 -51.5398323,-27.2616663992304,0.0 -51.5398518,-27.2620386992304,0.0 -51.5398598,-27.2621817992304,0.0 -51.5398685,-27.2623228992304,0.0 -51.5398785,-27.2624608992304,0.0 -51.5398898,-27.2625944992304,0.0 -51.5399029,-27.2627227992304,0.0 -51.539918,-27.2628459992304,0.0 -51.5399353,-27.2629645992304,0.0 -51.5399551,-27.2630790992304,0.0 -51.5399777,-27.2631897992304,0.0 -51.5400032,-27.2632973992304,0.0 -51.540032,-27.2634021992304,0.0 -51.5400642,-27.2635046992304,0.0 -51.5401,-27.2636053992304,0.0 -51.5401392,-27.2637041992304,0.0 -51.5401814,-27.2638012992304,0.0 -51.5402263,-27.2638964992304,0.0 -51.5402735,-27.2639898992304,0.0 -51.5403227,-27.2640813992304,0.0 -51.5403736,-27.2641709992304,0.0 -51.5404257,-27.2642587992304,0.0 -51.5404789,-27.2643446992304,0.0 -51.5405335,-27.2644288992304,0.0 -51.5405903,-27.2645117992304,0.0 -51.5406496,-27.2645934992304,0.0 -51.5407121,-27.2646743992304,0.0 -51.5407783,-27.2647546992304,0.0 -51.5408488,-27.2648345992304,0.0 -51.5409242,-27.2649144992304,0.0 -51.5410046,-27.2649943992304,0.0 -51.5410893,-27.2650738992304,0.0 -51.5411769,-27.2651521992304,0.0 -51.5412664,-27.2652287992303,0.0 -51.5413566,-27.2653028992303,0.0 -51.5414462,-27.2653738992303,0.0 -51.5415342,-27.2654411992304,0.0 -51.5416192,-27.2655040992303,0.0 -51.5417004,-27.2655620992303,0.0 -51.5417783,-27.2656154992303,0.0 -51.5418534,-27.2656646992303,0.0 -51.5419266,-27.2657101992303,0.0 -51.5419984,-27.2657522992303,0.0 -51.5420696,-27.2657913992303,0.0 -51.5421409,-27.2658280992303,0.0 -51.542213,-27.2658625992303,0.0 -51.5422864,-27.2658953992303,0.0 -51.5423613,-27.2659260992303,0.0 -51.5424379,-27.2659541992303,0.0 -51.5425163,-27.2659793992303,0.0 -51.5425965,-27.2660009992303,0.0 -51.5426787,-27.2660187992303,0.0 -51.542763,-27.2660321992303,0.0 -51.5428494,-27.2660407992303,0.0 -51.542938,-27.2660442992303,0.0 -51.5430288,-27.2660427992303,0.0 -51.5431214,-27.2660367992303,0.0 -51.5432157,-27.2660265992303,0.0 -51.5433116,-27.2660124992303,0.0 -51.5434088,-27.2659948992303,0.0 -51.5435072,-27.2659740992303,0.0 -51.5436066,-27.2659504992303,0.0 -51.543707,-27.2659243992303,0.0 -51.543809,-27.2658957992303,0.0 -51.5439135,-27.2658646992303,0.0 -51.5440214,-27.2658308992303,0.0 -51.5441336,-27.2657944992303,0.0 -51.5442509,-27.2657552992303,0.0 -51.5443741,-27.2657133992303,0.0 -51.5446416,-27.2656211992303,0.0 -51.5447862,-27.2655704992303,0.0 -51.5449376,-27.2655165992303,0.0 -51.5450952,-27.2654589992304,0.0 -51.5452586,-27.2653975992303,0.0 -51.5454273,-27.2653320992303,0.0 -51.5456008,-27.2652623992304,0.0 -51.5457787,-27.2651880992304,0.0 -51.5459604,-27.2651090992304,0.0</coordinates>
</LinearRing>
</outerBoundaryIs>
</Polygon>
</MultiGeometry>
</Placemark>
</Folder>
</Document></kml>
