<?xml version='1.0' encoding='UTF-8'?>
<kml xmlns:xsd="http://www.w3.org/2001/XMLSchema" xmlns:gx="http://www.google.com/kml/ext/2.2" xmlns:atom="http://www.w3.org/2005/Atom" xmlns="http://www.opengis.net/kml/2.2">
<Document>
<name>luiz_alves_4210001_localidades_2022</name>
<visibility>1</visibility>
<Schema name="Lugarejos" id="kml_schema_ft_Lugarejos">
<SimpleField type="xsd:string" name="CD_UF">
<displayName>CD_UF</displayName>
</SimpleField>
<SimpleField type="xsd:string" name="NM_UF">
<displayName>NM_UF</displayName>
</SimpleField>
<SimpleField type="xsd:string" name="SIGLA_UF">
<displayName>SIGLA_UF</displayName>
</SimpleField>
<SimpleField type="xsd:string" name="CD_MUN">
<displayName>CD_MUN</displayName>
</SimpleField>
<SimpleField type="xsd:string" name="NM_MUN">
<displayName>NM_MUN</displayName>
</SimpleField>
<SimpleField type="xsd:string" name="CD_RGINT">
<displayName>CD_RGINT</displayName>
</SimpleField>
<SimpleField type="xsd:string" name="NM_RGINT">
<displayName>NM_RGINT</displayName>
</SimpleField>
<SimpleField type="xsd:string" name="CD_RGI">
<displayName>CD_RGI</displayName>
</SimpleField>
<SimpleField type="xsd:string" name="NM_RGI">
<displayName>NM_RGI</displayName>
</SimpleField>
<SimpleField type="xsd:string" name="CT_LOCALIDADE">
<displayName>CT_LOCALIDADE</displayName>
</SimpleField>
<SimpleField type="xsd:string" name="CD_LOCALIDADE">
<displayName>CD_LOCALIDADE</displayName>
</SimpleField>
<SimpleField type="xsd:string" name="NM_LOCALIDADE">
<displayName>NM_LOCALIDADE</displayName>
</SimpleField>
<SimpleField type="xsd:string" name="LAT_LOCALIDADE">
<displayName>LAT_LOCALIDADE</displayName>
</SimpleField>
<SimpleField type="xsd:string" name="LONG_LOCALIDADE">
<displayName>LONG_LOCALIDADE</displayName>
</SimpleField>
</Schema>
<Schema name="01. Cidade" id="kml_schema_ft_01._Cidade">
<SimpleField type="xsd:string" name="CD_UF">
<displayName>CD_UF</displayName>
</SimpleField>
<SimpleField type="xsd:string" name="NM_UF">
<displayName>NM_UF</displayName>
</SimpleField>
<SimpleField type="xsd:string" name="SIGLA_UF">
<displayName>SIGLA_UF</displayName>
</SimpleField>
<SimpleField type="xsd:string" name="CD_MUN">
<displayName>CD_MUN</displayName>
</SimpleField>
<SimpleField type="xsd:string" name="NM_MUN">
<displayName>NM_MUN</displayName>
</SimpleField>
<SimpleField type="xsd:string" name="CD_RGINT">
<displayName>CD_RGINT</displayName>
</SimpleField>
<SimpleField type="xsd:string" name="NM_RGINT">
<displayName>NM_RGINT</displayName>
</SimpleField>
<SimpleField type="xsd:string" name="CD_RGI">
<displayName>CD_RGI</displayName>
</SimpleField>
<SimpleField type="xsd:string" name="NM_RGI">
<displayName>NM_RGI</displayName>
</SimpleField>
<SimpleField type="xsd:string" name="CT_LOCALIDADE">
<displayName>CT_LOCALIDADE</displayName>
</SimpleField>
<SimpleField type="xsd:string" name="SCT_LOCALIDADE">
<displayName>SCT_LOCALIDADE</displayName>
</SimpleField>
<SimpleField type="xsd:string" name="CD_LOCALIDADE">
<displayName>CD_LOCALIDADE</displayName>
</SimpleField>
<SimpleField type="xsd:string" name="NM_LOCALIDADE">
<displayName>NM_LOCALIDADE</displayName>
</SimpleField>
<SimpleField type="xsd:string" name="LAT_LOCALIDADE">
<displayName>LAT_LOCALIDADE</displayName>
</SimpleField>
<SimpleField type="xsd:string" name="LONG_LOCALIDADE">
<displayName>LONG_LOCALIDADE</displayName>
</SimpleField>
</Schema>
<Schema name="Município" id="kml_schema_ft_Município">
<SimpleField type="xsd:string" name="CD_UF">
<displayName>CD_UF</displayName>
</SimpleField>
<SimpleField type="xsd:string" name="NM_UF">
<displayName>NM_UF</displayName>
</SimpleField>
<SimpleField type="xsd:string" name="CD_MUN">
<displayName>CD_MUN</displayName>
</SimpleField>
<SimpleField type="xsd:string" name="NM_MUN">
<displayName>NM_MUN</displayName>
</SimpleField>
<SimpleField type="xsd:string" name="CD_RGINT">
<displayName>CD_RGINT</displayName>
</SimpleField>
<SimpleField type="xsd:string" name="NM_RGINT">
<displayName>NM_RGINT</displayName>
</SimpleField>
<SimpleField type="xsd:string" name="CD_RGI">
<displayName>CD_RGI</displayName>
</SimpleField>
<SimpleField type="xsd:string" name="NM_RGI">
<displayName>NM_RGI</displayName>
</SimpleField>
</Schema>
<Folder id="01. Cidade">
<name>01. Cidade</name>
<Folder id="01.03. Sede Municipal">
<name>01.03. Sede Municipal</name>
<Placemark id="01.03. Sede Municipal">
<name>Luiz Alves [4210001]</name>
<visibility>1</visibility>
<snippet> </snippet>
<description>&lt;center&gt;&lt;table&gt;&lt;tr&gt;&lt;th colspan='2' align='center'&gt;&lt;em&gt;Atributos&lt;/em&gt;&lt;/th&gt;&lt;/tr&gt;&lt;tr bgcolor="#E3E3F3"&gt;
&lt;th&gt;CD_UF&lt;/th&gt;
&lt;td&gt;42&lt;/td&gt;
&lt;/tr&gt;&lt;tr bgcolor=""&gt;
&lt;th&gt;NM_UF&lt;/th&gt;
&lt;td&gt;Santa Catarina&lt;/td&gt;
&lt;/tr&gt;&lt;tr bgcolor="#E3E3F3"&gt;
&lt;th&gt;SIGLA_UF&lt;/th&gt;
&lt;td&gt;SC&lt;/td&gt;
&lt;/tr&gt;&lt;tr bgcolor=""&gt;
&lt;th&gt;CD_MUN&lt;/th&gt;
&lt;td&gt;4210001&lt;/td&gt;
&lt;/tr&gt;&lt;tr bgcolor="#E3E3F3"&gt;
&lt;th&gt;NM_MUN&lt;/th&gt;
&lt;td&gt;Luiz Alves&lt;/td&gt;
&lt;/tr&gt;&lt;tr bgcolor=""&gt;
&lt;th&gt;CD_RGINT&lt;/th&gt;
&lt;td&gt;4207&lt;/td&gt;
&lt;/tr&gt;&lt;tr bgcolor="#E3E3F3"&gt;
&lt;th&gt;NM_RGINT&lt;/th&gt;
&lt;td&gt;Blumenau&lt;/td&gt;
&lt;/tr&gt;&lt;tr bgcolor=""&gt;
&lt;th&gt;CD_RGI&lt;/th&gt;
&lt;td&gt;420020&lt;/td&gt;
&lt;/tr&gt;&lt;tr bgcolor="#E3E3F3"&gt;
&lt;th&gt;NM_RGI&lt;/th&gt;
&lt;td&gt;Itajaí&lt;/td&gt;
&lt;/tr&gt;&lt;tr bgcolor=""&gt;
&lt;th&gt;CT_LOCALIDADE&lt;/th&gt;
&lt;td&gt;Cidade&lt;/td&gt;
&lt;/tr&gt;&lt;tr bgcolor="#E3E3F3"&gt;
&lt;th&gt;SCT_LOCALIDADE&lt;/th&gt;
&lt;td&gt;Sede Municipal&lt;/td&gt;
&lt;/tr&gt;&lt;tr bgcolor=""&gt;
&lt;th&gt;CD_LOCALIDADE&lt;/th&gt;
&lt;td&gt;4210001&lt;/td&gt;
&lt;/tr&gt;&lt;tr bgcolor="#E3E3F3"&gt;
&lt;th&gt;NM_LOCALIDADE&lt;/th&gt;
&lt;td&gt;Luiz Alves&lt;/td&gt;
&lt;/tr&gt;&lt;tr bgcolor=""&gt;
&lt;th&gt;LAT_LOCALIDADE&lt;/th&gt;
&lt;td&gt;-26.7214&lt;/td&gt;
&lt;/tr&gt;&lt;tr bgcolor="#E3E3F3"&gt;
&lt;th&gt;LONG_LOCALIDADE&lt;/th&gt;
&lt;td&gt;-48.9338&lt;/td&gt;
&lt;/tr&gt;&lt;/table&gt;&lt;/center&gt;</description>
<Style>
<IconStyle>
<color>ff00aaff</color>
<scale>1.0</scale>
<Icon>
<href>http://maps.google.com/mapfiles/kml/shapes/placemark_circle.png</href>
</Icon>
</IconStyle>
<LabelStyle>
<scale>1.0</scale>
</LabelStyle>
<LineStyle>
<color>ffffffff</color>
<width>3</width>
<gx:labelVisibility>1</gx:labelVisibility>
</LineStyle>
<PolyStyle>
<color>00ffffff</color>
</PolyStyle>
</Style>
<ExtendedData>
<SchemaData schemaUrl="#kml_schema_ft_01._Cidade">
<SimpleData name="CD_UF">42</SimpleData>
<SimpleData name="NM_UF">Santa Catarina</SimpleData>
<SimpleData name="SIGLA_UF">SC</SimpleData>
<SimpleData name="CD_MUN">4210001</SimpleData>
<SimpleData name="NM_MUN">Luiz Alves</SimpleData>
<SimpleData name="CD_RGINT">4207</SimpleData>
<SimpleData name="NM_RGINT">Blumenau</SimpleData>
<SimpleData name="CD_RGI">420020</SimpleData>
<SimpleData name="NM_RGI">Itajaí</SimpleData>
<SimpleData name="CT_LOCALIDADE">Cidade</SimpleData>
<SimpleData name="SCT_LOCALIDADE">Sede Municipal</SimpleData>
<SimpleData name="CD_LOCALIDADE">4210001</SimpleData>
<SimpleData name="NM_LOCALIDADE">Luiz Alves</SimpleData>
<SimpleData name="LAT_LOCALIDADE">-26.7214</SimpleData>
<SimpleData name="LONG_LOCALIDADE">-48.9338</SimpleData>
</SchemaData>
</ExtendedData>
<Point>
<extrude>0</extrude>
<coordinates>-48.9338,-26.7213999992408,0.0</coordinates>
</Point>
</Placemark>
</Folder>
</Folder>
<Folder id="08. Lugarejos">
<name>08. Lugarejos</name>
<Placemark id="localidades">
<name>Serafim [421000100001]</name>
<visibility>1</visibility>
<snippet> </snippet>
<description>&lt;center&gt;&lt;table&gt;&lt;tr&gt;&lt;th colspan='2' align='center'&gt;&lt;em&gt;Attributes&lt;/em&gt;&lt;/th&gt;&lt;/tr&gt;&lt;tr bgcolor="#E3E3F3"&gt;
&lt;th&gt;CD_UF&lt;/th&gt;
&lt;td&gt;42&lt;/td&gt;
&lt;/tr&gt;&lt;tr bgcolor=""&gt;
&lt;th&gt;NM_UF&lt;/th&gt;
&lt;td&gt;Santa Catarina&lt;/td&gt;
&lt;/tr&gt;&lt;tr bgcolor="#E3E3F3"&gt;
&lt;th&gt;SIGLA_UF&lt;/th&gt;
&lt;td&gt;SC&lt;/td&gt;
&lt;/tr&gt;&lt;tr bgcolor=""&gt;
&lt;th&gt;CD_MUN&lt;/th&gt;
&lt;td&gt;4210001&lt;/td&gt;
&lt;/tr&gt;&lt;tr bgcolor="#E3E3F3"&gt;
&lt;th&gt;NM_MUN&lt;/th&gt;
&lt;td&gt;Luiz Alves&lt;/td&gt;
&lt;/tr&gt;&lt;tr bgcolor=""&gt;
&lt;th&gt;CD_RGINT&lt;/th&gt;
&lt;td&gt;4207&lt;/td&gt;
&lt;/tr&gt;&lt;tr bgcolor="#E3E3F3"&gt;
&lt;th&gt;NM_RGINT&lt;/th&gt;
&lt;td&gt;Blumenau&lt;/td&gt;
&lt;/tr&gt;&lt;tr bgcolor=""&gt;
&lt;th&gt;CD_RGI&lt;/th&gt;
&lt;td&gt;420020&lt;/td&gt;
&lt;/tr&gt;&lt;tr bgcolor="#E3E3F3"&gt;
&lt;th&gt;NM_RGI&lt;/th&gt;
&lt;td&gt;Itajaí&lt;/td&gt;
&lt;/tr&gt;&lt;tr bgcolor=""&gt;
&lt;th&gt;CT_LOCALIDADE&lt;/th&gt;
&lt;td&gt;Lugarejo&lt;/td&gt;
&lt;/tr&gt;&lt;tr bgcolor="#E3E3F3"&gt;
&lt;th&gt;CD_LOCALIDADE&lt;/th&gt;
&lt;td&gt;421000100001&lt;/td&gt;
&lt;/tr&gt;&lt;tr bgcolor=""&gt;
&lt;th&gt;NM_LOCALIDADE&lt;/th&gt;
&lt;td&gt;Serafim&lt;/td&gt;
&lt;/tr&gt;&lt;tr bgcolor="#E3E3F3"&gt;
&lt;th&gt;LAT_LOCALIDADE&lt;/th&gt;
&lt;td&gt;-26.7328&lt;/td&gt;
&lt;/tr&gt;&lt;tr bgcolor=""&gt;
&lt;th&gt;LONG_LOCALIDADE&lt;/th&gt;
&lt;td&gt;-48.9423&lt;/td&gt;
&lt;/tr&gt;&lt;/table&gt;&lt;/center&gt;</description>
<Style>
<IconStyle>
<color>ffffff00</color>
<scale>0.8</scale>
<Icon>
<href>http://maps.google.com/mapfiles/kml/shapes/placemark_circle.png</href>
</Icon>
</IconStyle>
<LabelStyle>
<scale>0.8</scale>
</LabelStyle>
<LineStyle>
<color>72ff54ff</color>
<width>1.0</width>
<gx:labelVisibility>1</gx:labelVisibility>
</LineStyle>
<PolyStyle>
<color>66ff54ff</color>
</PolyStyle>
</Style>
<ExtendedData>
<SchemaData schemaUrl="#kml_schema_ft_Lugarejos">
<SimpleData name="CD_UF">42</SimpleData>
<SimpleData name="NM_UF">Santa Catarina</SimpleData>
<SimpleData name="SIGLA_UF">SC</SimpleData>
<SimpleData name="CD_MUN">4210001</SimpleData>
<SimpleData name="NM_MUN">Luiz Alves</SimpleData>
<SimpleData name="CD_RGINT">4207</SimpleData>
<SimpleData name="NM_RGINT">Blumenau</SimpleData>
<SimpleData name="CD_RGI">420020</SimpleData>
<SimpleData name="NM_RGI">Itajaí</SimpleData>
<SimpleData name="CT_LOCALIDADE">Lugarejo</SimpleData>
<SimpleData name="CD_LOCALIDADE">421000100001</SimpleData>
<SimpleData name="NM_LOCALIDADE">Serafim</SimpleData>
<SimpleData name="LAT_LOCALIDADE">-26.7328</SimpleData>
<SimpleData name="LONG_LOCALIDADE">-48.9423</SimpleData>
</SchemaData>
</ExtendedData>
<Point>
<extrude>0</extrude>
<coordinates>-48.9423074432989,-26.7327796899622,0.0</coordinates>
</Point>
</Placemark>
</Folder>
<Folder id="13. Referência">
<name>13. Referência</name>
<Placemark id="13. Referência">
<name>Luiz Alves [4210001]</name>
<visibility>1</visibility>
<snippet> </snippet>
<description>&lt;center&gt;&lt;table&gt;&lt;tr&gt;&lt;th colspan='2' align='center'&gt;&lt;em&gt;Attributes&lt;/em&gt;&lt;/th&gt;&lt;/tr&gt;&lt;tr bgcolor="#E3E3F3"&gt;
&lt;th&gt;CD_UF&lt;/th&gt;
&lt;td&gt;42&lt;/td&gt;
&lt;/tr&gt;&lt;tr bgcolor=""&gt;
&lt;th&gt;NM_UF&lt;/th&gt;
&lt;td&gt;Santa Catarina&lt;/td&gt;
&lt;/tr&gt;&lt;tr bgcolor="#E3E3F3"&gt;
&lt;th&gt;CD_MUN&lt;/th&gt;
&lt;td&gt;4210001&lt;/td&gt;
&lt;/tr&gt;&lt;tr bgcolor=""&gt;
&lt;th&gt;NM_MUN&lt;/th&gt;
&lt;td&gt;Luiz Alves&lt;/td&gt;
&lt;/tr&gt;&lt;tr bgcolor="#E3E3F3"&gt;
&lt;th&gt;CD_RGINT&lt;/th&gt;
&lt;td&gt;4207&lt;/td&gt;
&lt;/tr&gt;&lt;tr bgcolor=""&gt;
&lt;th&gt;NM_RGINT&lt;/th&gt;
&lt;td&gt;Blumenau&lt;/td&gt;
&lt;/tr&gt;&lt;tr bgcolor="#E3E3F3"&gt;
&lt;th&gt;CD_RGI&lt;/th&gt;
&lt;td&gt;420020&lt;/td&gt;
&lt;/tr&gt;&lt;tr bgcolor=""&gt;
&lt;th&gt;NM_RGI&lt;/th&gt;
&lt;td&gt;Itajaí&lt;/td&gt;
&lt;/tr&gt;&lt;/table&gt;&lt;/center&gt;</description>
<Style>
<IconStyle>
<scale>0.7</scale>
</IconStyle>
<LabelStyle>
<scale>0.7</scale>
</LabelStyle>
<LineStyle>
<color>ffffffff</color>
<width>3</width>
<gx:labelVisibility>1</gx:labelVisibility>
</LineStyle>
<PolyStyle>
<color>00ffffff</color>
</PolyStyle>
</Style>
<ExtendedData>
<SchemaData schemaUrl="#kml_schema_ft_Município">
<SimpleData name="CD_UF">42</SimpleData>
<SimpleData name="NM_UF">Santa Catarina</SimpleData>
<SimpleData name="CD_MUN">4210001</SimpleData>
<SimpleData name="NM_MUN">Luiz Alves</SimpleData>
<SimpleData name="CD_RGINT">4207</SimpleData>
<SimpleData name="NM_RGINT">Blumenau</SimpleData>
<SimpleData name="CD_RGI">420020</SimpleData>
<SimpleData name="NM_RGI">Itajaí</SimpleData>
</SchemaData>
</ExtendedData>
<MultiGeometry>
<Polygon>
<extrude>0</extrude>
<tessellate>1</tessellate>
<outerBoundaryIs>
<LinearRing>
<coordinates>-48.9399486,-26.7832643992396,0.0 -48.9400587,-26.7833276992396,0.0 -48.9401988,-26.7833888992396,0.0 -48.9403536,-26.7834329992396,0.0 -48.9406465,-26.7835249992396,0.0 -48.9409393,-26.7836169992396,0.0 -48.9411876,-26.7836992992396,0.0 -48.9414371,-26.7838172992396,0.0 -48.9417026,-26.7839832992396,0.0 -48.9420791,-26.7839759992396,0.0 -48.942311,-26.7839646992396,0.0 -48.9424827,-26.7839480992396,0.0 -48.9426467,-26.7839076992396,0.0 -48.9429574,-26.7838197992396,0.0 -48.9432614,-26.7837225992396,0.0 -48.9435735,-26.7835722992396,0.0 -48.9436268,-26.7835486992396,0.0 -48.94368,-26.7835250992396,0.0 -48.9438832,-26.7834065992396,0.0 -48.9439998,-26.7832990992396,0.0 -48.9441287,-26.7832235992396,0.0 -48.9442569,-26.7831784992396,0.0 -48.9444393,-26.7831903992396,0.0 -48.9446387,-26.7832393992396,0.0 -48.9447999,-26.7833064992396,0.0 -48.9448591,-26.7833220992396,0.0 -48.9449153,-26.7833282992396,0.0 -48.9449706,-26.7833298992396,0.0 -48.9450232,-26.7833227992396,0.0 -48.9451053,-26.7832950992396,0.0 -48.9452588,-26.7832041992396,0.0 -48.9453995,-26.7830920992396,0.0 -48.9455133,-26.7829732992396,0.0 -48.9456628,-26.7828178992396,0.0 -48.9458186,-26.7826743992396,0.0 -48.9459663,-26.7825316992397,0.0 -48.9461189,-26.7824173992397,0.0 -48.946211,-26.7823444992397,0.0 -48.946268,-26.7823191992397,0.0 -48.9463286,-26.7823034992397,0.0 -48.9464465,-26.7823148992397,0.0 -48.9465548,-26.7823486992397,0.0 -48.9466673,-26.7824034992397,0.0 -48.946875,-26.7825537992397,0.0 -48.9472091,-26.7828005992396,0.0 -48.9472842,-26.7828636992396,0.0 -48.9473634,-26.7829056992396,0.0 -48.9475479,-26.7829610992396,0.0 -48.9477739,-26.7829993992396,0.0 -48.9479909,-26.7830450992396,0.0 -48.9481883,-26.7830793992396,0.0 -48.9483692,-26.7831418992396,0.0 -48.948614,-26.7832888992396,0.0 -48.9488229,-26.7834742992396,0.0 -48.9490414,-26.7837270992396,0.0 -48.949271,-26.7839515992396,0.0 -48.9495387,-26.7841725992396,0.0 -48.9497557,-26.7843367992396,0.0 -48.9499614,-26.7844919992396,0.0 -48.9500751,-26.7845638992396,0.0 -48.9501785,-26.7846285992396,0.0 -48.950238,-26.7846658992396,0.0 -48.9502831,-26.7847151992396,0.0 -48.950454,-26.7849327992396,0.0 -48.9505182,-26.7850335992396,0.0 -48.9506174,-26.7852499992396,0.0 -48.9506759,-26.7853799992396,0.0 -48.9507532,-26.7854867992396,0.0 -48.9508792,-26.7855743992396,0.0 -48.9510671,-26.7856998992396,0.0 -48.9512798,-26.7858324992396,0.0 -48.9514,-26.7859183992396,0.0 -48.951508,-26.7860196992396,0.0 -48.9515952,-26.7861640992396,0.0 -48.9516207,-26.7863437992396,0.0 -48.9516365,-26.7864538992396,0.0 -48.9516676,-26.7865256992396,0.0 -48.9517829,-26.7866496992396,0.0 -48.9519417,-26.7867623992396,0.0 -48.9521049,-26.7869109992396,0.0 -48.952253,-26.7870489992396,0.0 -48.9529774,-26.7876619992396,0.0 -48.9530746,-26.7877596992396,0.0 -48.9532191,-26.7879172992395,0.0 -48.953381,-26.7881568992395,0.0 -48.9534345,-26.7882087992395,0.0 -48.9535034,-26.7882400992395,0.0 -48.953577,-26.7882663992395,0.0 -48.9536401,-26.7882635992395,0.0 -48.953969,-26.7880835992395,0.0 -48.9542671,-26.7879307992395,0.0 -48.9545125,-26.7877539992396,0.0 -48.9546409,-26.7876794992396,0.0 -48.9547366,-26.7875832992396,0.0 -48.9547983,-26.7874651992396,0.0 -48.954864,-26.7872460992396,0.0 -48.9548956,-26.7871856992396,0.0 -48.9549248,-26.7871642992396,0.0 -48.9549628,-26.7871650992396,0.0 -48.9549942,-26.7871926992396,0.0 -48.9551038,-26.7873034992396,0.0 -48.9552741,-26.7873922992396,0.0 -48.9554971,-26.7875006992396,0.0 -48.9557183,-26.7875600992396,0.0 -48.9560446,-26.7876830992396,0.0 -48.9563093,-26.7878531992395,0.0 -48.9564379,-26.7878930992396,0.0 -48.9565789,-26.7879677992395,0.0 -48.9566915,-26.7880167992395,0.0 -48.9568124,-26.7880759992395,0.0 -48.9569395,-26.7881269992395,0.0 -48.9570833,-26.7881985992395,0.0 -48.9572274,-26.7882814992395,0.0 -48.9573865,-26.7883747992395,0.0 -48.9575514,-26.7884608992395,0.0 -48.9577185,-26.7885451992395,0.0 -48.9582837,-26.7888428992395,0.0 -48.958369,-26.7888767992395,0.0 -48.9584557,-26.7888957992395,0.0 -48.9586144,-26.7889047992395,0.0 -48.9589718,-26.7888883992395,0.0 -48.9591822,-26.7888504992395,0.0 -48.959358,-26.7888189992395,0.0 -48.9595905,-26.7888098992395,0.0 -48.9598221,-26.7888275992395,0.0 -48.9601256,-26.7888766992395,0.0 -48.9602129,-26.7889022992395,0.0 -48.9602992,-26.7889151992395,0.0 -48.9603985,-26.7889205992395,0.0 -48.9605066,-26.7889091992395,0.0 -48.9606195,-26.7889039992395,0.0 -48.9607257,-26.7888817992395,0.0 -48.9608298,-26.7888551992395,0.0 -48.9608803,-26.7888434992395,0.0 -48.9609222,-26.7888227992395,0.0 -48.9609693,-26.7887930992395,0.0 -48.9610132,-26.7887517992395,0.0 -48.9610699,-26.7887260992395,0.0 -48.9611236,-26.7887226992395,0.0 -48.9612631,-26.7887314992395,0.0 -48.9614077,-26.7887104992395,0.0 -48.961563,-26.7887078992395,0.0 -48.9617897,-26.7886626992395,0.0 -48.9619232,-26.7886296992395,0.0 -48.9620738,-26.7886002992395,0.0 -48.9622141,-26.7885700992395,0.0 -48.9623362,-26.7885184992395,0.0 -48.9624492,-26.7884516992395,0.0 -48.96261,-26.7883748992395,0.0 -48.9627041,-26.7883314992395,0.0 -48.9627946,-26.7882905992395,0.0 -48.9628701,-26.7882585992395,0.0 -48.9629469,-26.7882452992395,0.0 -48.962993,-26.7882431992395,0.0 -48.9630352,-26.7882505992395,0.0 -48.9631036,-26.7882738992395,0.0 -48.9631816,-26.7882965992395,0.0 -48.9633232,-26.7883366992395,0.0 -48.9634746,-26.7883785992395,0.0 -48.9636127,-26.7884024992395,0.0 -48.963806,-26.7884458992395,0.0 -48.963918,-26.7884704992395,0.0 -48.9640095,-26.7884773992395,0.0 -48.9641103,-26.7884771992395,0.0 -48.9642011,-26.7884884992395,0.0 -48.9653576,-26.7888337992395,0.0 -48.9658734,-26.7889579992395,0.0 -48.9660547,-26.7889792992395,0.0 -48.9663547,-26.7889656992395,0.0 -48.9666992,-26.7889828992395,0.0 -48.9669159,-26.7889811992395,0.0 -48.9670715,-26.7889982992395,0.0 -48.9672274,-26.7890240992395,0.0 -48.9673815,-26.7890339992395,0.0 -48.9676764,-26.7890191992395,0.0 -48.9678839,-26.7890024992395,0.0 -48.9680834,-26.7890046992395,0.0 -48.9682045,-26.7890001992395,0.0 -48.9684059,-26.7890114992395,0.0 -48.9685919,-26.7890445992395,0.0 -48.9687293,-26.7890927992395,0.0 -48.9689797,-26.7891983992395,0.0 -48.9692174,-26.7893053992395,0.0 -48.969431,-26.7893417992395,0.0 -48.9696547,-26.7893822992395,0.0 -48.9698869,-26.7894462992395,0.0 -48.9701393,-26.7896033992395,0.0 -48.9703605,-26.7897136992395,0.0 -48.9706141,-26.7898308992395,0.0 -48.9707551,-26.7899428992395,0.0 -48.9708651,-26.7900495992395,0.0 -48.9710115,-26.7901793992395,0.0 -48.9711666,-26.7903747992395,0.0 -48.9713178,-26.7905674992395,0.0 -48.9714483,-26.7907510992395,0.0 -48.9715901,-26.7909557992395,0.0 -48.9716997,-26.7911176992395,0.0 -48.9717779,-26.7912073992395,0.0 -48.9718254,-26.7912985992395,0.0 -48.9719255,-26.7915899992395,0.0 -48.972073,-26.7918234992395,0.0 -48.9722042,-26.7919394992395,0.0 -48.9723957,-26.7920460992395,0.0 -48.972633,-26.7921618992395,0.0 -48.9728091,-26.7922859992395,0.0 -48.972948,-26.7924486992395,0.0 -48.973177,-26.7927962992395,0.0 -48.9733523,-26.7931512992395,0.0 -48.9735735,-26.7935465992394,0.0 -48.9736767,-26.7936359992394,0.0 -48.9737897,-26.7937095992394,0.0 -48.9738718,-26.7937515992394,0.0 -48.9739731,-26.7937809992394,0.0 -48.974301,-26.7938436992394,0.0 -48.9746609,-26.7939487992394,0.0 -48.9748056,-26.7940231992394,0.0 -48.9749171,-26.7940816992394,0.0 -48.9750052,-26.7941597992394,0.0 -48.975165,-26.7944073992394,0.0 -48.9752429,-26.7945049992394,0.0 -48.9753474,-26.7945870992394,0.0 -48.9755185,-26.7946694992394,0.0 -48.975672,-26.7947090992394,0.0 -48.9759012,-26.7947827992394,0.0 -48.976158,-26.7948742992394,0.0 -48.9764023,-26.7950350992394,0.0 -48.976694,-26.7954375992394,0.0 -48.9769216,-26.7958052992394,0.0 -48.9771347,-26.7961429992394,0.0 -48.9772767,-26.7966462992394,0.0 -48.9773374,-26.7969145992394,0.0 -48.9773751,-26.7969819992394,0.0 -48.9774261,-26.7970440992394,0.0 -48.9774749,-26.7970819992394,0.0 -48.9775262,-26.7971099992394,0.0 -48.9776586,-26.7971608992394,0.0 -48.9777237,-26.7971960992394,0.0 -48.9777837,-26.7972414992394,0.0 -48.9778883,-26.7973466992394,0.0 -48.9780301,-26.7975121992394,0.0 -48.9781204,-26.7975915992394,0.0 -48.9782363,-26.7976535992394,0.0 -48.978541,-26.7977596992394,0.0 -48.978722,-26.7978028992394,0.0 -48.9789732,-26.7978827992394,0.0 -48.9791891,-26.7979520992394,0.0 -48.9793062,-26.7980148992394,0.0 -48.9795171,-26.7981350992394,0.0 -48.9797253,-26.7982389992393,0.0 -48.9797849,-26.7982719992394,0.0 -48.9798454,-26.7983143992393,0.0 -48.9798845,-26.7983790992393,0.0 -48.9799109,-26.7984626992393,0.0 -48.9799296,-26.7988269992393,0.0 -48.9799296,-26.7991667992393,0.0 -48.9799491,-26.7993742992393,0.0 -48.9799936,-26.7996170992393,0.0 -48.979994,-26.7996914992393,0.0 -48.9799785,-26.7997574992393,0.0 -48.97993,-26.7998876992393,0.0 -48.9798204,-26.8001749992393,0.0 -48.9797723,-26.8002806992393,0.0 -48.9797579,-26.8003336992393,0.0 -48.9797709,-26.8003748992393,0.0 -48.9798285,-26.8004271992393,0.0 -48.9799076,-26.8004550992393,0.0 -48.9799873,-26.8004903992393,0.0 -48.9800553,-26.8005397992393,0.0 -48.9802251,-26.8006389992393,0.0 -48.9804066,-26.8007774992393,0.0 -48.9804956,-26.8008630992393,0.0 -48.9805849,-26.8009362992393,0.0 -48.980695,-26.8010021992393,0.0 -48.9807839,-26.8010809992393,0.0 -48.980872,-26.8011733992393,0.0 -48.9809603,-26.8012532992393,0.0 -48.981056,-26.8013321992393,0.0 -48.9811493,-26.8014187992393,0.0 -48.9812519,-26.8015039992393,0.0 -48.9813416,-26.8015791992393,0.0 -48.9814301,-26.8016571992393,0.0 -48.9815105,-26.8017468992393,0.0 -48.9815324,-26.8017885992393,0.0 -48.9815482,-26.8018436992393,0.0 -48.9815798,-26.8019897992393,0.0 -48.9815911,-26.8021271992393,0.0 -48.9816038,-26.8022773992393,0.0 -48.9815994,-26.8024227992393,0.0 -48.9815768,-26.8025504992393,0.0 -48.9815383,-26.8026925992393,0.0 -48.9814631,-26.8029132992393,0.0 -48.981345,-26.8031252992392,0.0 -48.9810408,-26.8035185992392,0.0 -48.9808622,-26.8037136992392,0.0 -48.9807515,-26.8038392992392,0.0 -48.9806327,-26.8039569992392,0.0 -48.9805274,-26.8040508992392,0.0 -48.9804172,-26.8041296992392,0.0 -48.9803018,-26.8042132992392,0.0 -48.9801429,-26.8043130992392,0.0 -48.9799535,-26.8044138992392,0.0 -48.9797722,-26.8045237992392,0.0 -48.9796213,-26.8046243992392,0.0 -48.9795511,-26.8046856992392,0.0 -48.9795414,-26.8047011992392,0.0 -48.979534,-26.8047195992392,0.0 -48.9795284,-26.8047444992392,0.0 -48.9795286,-26.8047577992392,0.0 -48.9795333,-26.8047705992392,0.0 -48.9795463,-26.8047765992392,0.0 -48.9795625,-26.8047758992392,0.0 -48.9795878,-26.8047663992392,0.0 -48.9796122,-26.8047537992392,0.0 -48.9796337,-26.8047360992392,0.0 -48.979702,-26.8046668992392,0.0 -48.9798085,-26.8045812992392,0.0 -48.9799493,-26.8045054992392,0.0 -48.9801159,-26.8044323992392,0.0 -48.9802547,-26.8043869992392,0.0 -48.9803702,-26.8043405992392,0.0 -48.980484,-26.8043060992392,0.0 -48.9806253,-26.8042536992392,0.0 -48.9806957,-26.8042318992392,0.0 -48.9807849,-26.8042242992392,0.0 -48.9808737,-26.8042157992392,0.0 -48.9809547,-26.8042290992392,0.0 -48.9810268,-26.8042593992392,0.0 -48.9810857,-26.8043099992392,0.0 -48.9811713,-26.8044164992392,0.0 -48.9812664,-26.8045462992392,0.0 -48.9814471,-26.8047170992392,0.0 -48.9816585,-26.8048842992392,0.0 -48.9817454,-26.8049685992392,0.0 -48.9818335,-26.8050138992392,0.0 -48.9819093,-26.8050454992392,0.0 -48.9820011,-26.8050599992392,0.0 -48.9821186,-26.8050787992392,0.0 -48.9822311,-26.8051377992392,0.0 -48.9823802,-26.8053053992392,0.0 -48.9824947,-26.8055091992392,0.0 -48.9827683,-26.8059799992392,0.0 -48.9828776,-26.8062387992392,0.0 -48.9830706,-26.8065621992392,0.0 -48.9831599,-26.8066742992392,0.0 -48.9832787,-26.8067698992392,0.0 -48.9833465,-26.8068151992392,0.0 -48.983418,-26.8068548992392,0.0 -48.9835631,-26.8069152992392,0.0 -48.9837692,-26.8069864992392,0.0 -48.9839677,-26.8070354992392,0.0 -48.9840935,-26.8070624992392,0.0 -48.9842006,-26.8070789992392,0.0 -48.9843596,-26.8071014992392,0.0 -48.984424,-26.8071129992392,0.0 -48.9844778,-26.8071298992392,0.0 -48.9845817,-26.8071794992392,0.0 -48.9846866,-26.8072438992392,0.0 -48.9850781,-26.8075469992392,0.0 -48.9856215,-26.8078400992392,0.0 -48.9857566,-26.8079510992392,0.0 -48.9859085,-26.8080252992392,0.0 -48.9860627,-26.8080616992392,0.0 -48.9861607,-26.8080895992392,0.0 -48.9862767,-26.8081028992392,0.0 -48.9863838,-26.8081084992392,0.0 -48.9864875,-26.8081292992392,0.0 -48.986582,-26.8081735992392,0.0 -48.9866605,-26.8082393992392,0.0 -48.9872235,-26.8087878992391,0.0 -48.9874234,-26.8085597992391,0.0 -48.9875209,-26.8084620992392,0.0 -48.9876314,-26.8083860992392,0.0 -48.9879558,-26.8082658992391,0.0 -48.9882201,-26.8081866992392,0.0 -48.9883568,-26.8081781992392,0.0 -48.9885036,-26.8081856992392,0.0 -48.9886879,-26.8082375992392,0.0 -48.9887892,-26.8082427992391,0.0 -48.9888445,-26.8082406992392,0.0 -48.9888902,-26.8082316992392,0.0 -48.9889817,-26.8081877992392,0.0 -48.9890594,-26.8081193992391,0.0 -48.9892447,-26.8079214992391,0.0 -48.9893623,-26.8078351992392,0.0 -48.9894734,-26.8077806992392,0.0 -48.9895885,-26.8077503992392,0.0 -48.9896935,-26.8077370992392,0.0 -48.9897972,-26.8077487992392,0.0 -48.9899009,-26.8077604992392,0.0 -48.9900936,-26.8077463992392,0.0 -48.9903357,-26.8076829992392,0.0 -48.9907278,-26.8074732992392,0.0 -48.9910265,-26.8073651992392,0.0 -48.9914392,-26.8072618992392,0.0 -48.9917831,-26.8071949992392,0.0 -48.9921442,-26.8071046992392,0.0 -48.9924919,-26.8070471992392,0.0 -48.9927542,-26.8070070992392,0.0 -48.9930906,-26.8069520992392,0.0 -48.993408,-26.8068999992392,0.0 -48.9936281,-26.8068572992392,0.0 -48.9936736,-26.8068481992392,0.0 -48.9937225,-26.8068273992392,0.0 -48.9937618,-26.8067972992392,0.0 -48.9937864,-26.8067679992392,0.0 -48.9938959,-26.8065399992392,0.0 -48.9939703,-26.8064574992392,0.0 -48.9940668,-26.8063983992392,0.0 -48.9942278,-26.8063165992392,0.0 -48.9944084,-26.8062630992392,0.0 -48.9948162,-26.8061860992392,0.0 -48.9955669,-26.8059986992392,0.0 -48.9957754,-26.8059631992392,0.0 -48.9958784,-26.8059553992392,0.0 -48.9959842,-26.8059166992392,0.0 -48.9960847,-26.8058675992392,0.0 -48.9962082,-26.8057785992392,0.0 -48.9963277,-26.8056755992392,0.0 -48.9964197,-26.8056253992392,0.0 -48.9965435,-26.8055844992392,0.0 -48.9967861,-26.8055528992392,0.0 -48.9969618,-26.8055344992392,0.0 -48.9971402,-26.8055453992392,0.0 -48.9975293,-26.8055873992392,0.0 -48.9977928,-26.8056143992392,0.0 -48.9979045,-26.8055965992392,0.0 -48.9979838,-26.8055613992392,0.0 -48.9980954,-26.8054598992392,0.0 -48.9983936,-26.8049154992392,0.0 -48.9985574,-26.8044526992392,0.0 -48.9986687,-26.8042284992392,0.0 -48.998737,-26.8040749992392,0.0 -48.9989321,-26.8038577992392,0.0 -48.9994795,-26.8035054992392,0.0 -48.9998764,-26.8032326992392,0.0 -49.0001958,-26.8029561992393,0.0 -49.0003938,-26.8027901992393,0.0 -49.0004846,-26.8027061992393,0.0 -49.0005596,-26.8025779992393,0.0 -49.0007298,-26.8022325992393,0.0 -49.000801,-26.8019495992393,0.0 -49.000839,-26.8015972992393,0.0 -49.0008623,-26.8013495992393,0.0 -49.0008754,-26.8011740992393,0.0 -49.0008996,-26.8010125992393,0.0 -49.0008363,-26.8007273992393,0.0 -49.00082,-26.8004127992393,0.0 -49.0008361,-26.8000933992393,0.0 -49.0008449,-26.7997763992393,0.0 -49.0008303,-26.7996944992393,0.0 -49.0007934,-26.7995565992393,0.0 -49.0007717,-26.7994997992393,0.0 -49.0007257,-26.7994485992393,0.0 -49.000054,-26.7989482992393,0.0 -48.9992419,-26.7982075992394,0.0 -48.9989777,-26.7979409992394,0.0 -48.9989403,-26.7978690992394,0.0 -48.9989161,-26.7977902992394,0.0 -48.9988961,-26.7977069992394,0.0 -48.9988972,-26.7976252992394,0.0 -48.9989601,-26.7973429992394,0.0 -48.9991078,-26.7970097992394,0.0 -48.9993837,-26.7966322992394,0.0 -48.9994915,-26.7965021992394,0.0 -48.9995377,-26.7963642992394,0.0 -48.9995565,-26.7961580992394,0.0 -48.9995614,-26.7959676992394,0.0 -48.9995932,-26.7958247992394,0.0 -48.9996242,-26.7954889992394,0.0 -48.9995437,-26.7950554992394,0.0 -48.9995768,-26.7946622992394,0.0 -48.9996402,-26.7944925992394,0.0 -48.999786,-26.7942634992394,0.0 -48.9999444,-26.7939589992394,0.0 -49.000269,-26.7935656992394,0.0 -49.0004253,-26.7933646992394,0.0 -49.0005919,-26.7931613992394,0.0 -49.000797,-26.7929927992394,0.0 -49.0008544,-26.7928971992394,0.0 -49.0009298,-26.7928378992395,0.0 -49.0010089,-26.7927931992395,0.0 -49.0010841,-26.7927890992395,0.0 -49.0013757,-26.7928825992394,0.0 -49.0015788,-26.7929115992394,0.0 -49.0017005,-26.7928675992394,0.0 -49.0018582,-26.7928213992395,0.0 -49.0019673,-26.7927183992395,0.0 -49.0020434,-26.7925798992395,0.0 -49.0021169,-26.7924380992395,0.0 -49.0021649,-26.7923120992395,0.0 -49.0021921,-26.7921762992395,0.0 -49.0021987,-26.7920593992395,0.0 -49.0022077,-26.7917037992395,0.0 -49.0022332,-26.7914808992395,0.0 -49.0021725,-26.7912979992395,0.0 -49.002105,-26.7911570992395,0.0 -49.001934,-26.7909596992395,0.0 -49.0017389,-26.7908008992395,0.0 -49.0015833,-26.7906974992395,0.0 -49.0014185,-26.7906144992395,0.0 -49.0010531,-26.7903847992395,0.0 -49.0008674,-26.7899994992395,0.0 -49.0008695,-26.7898921992395,0.0 -49.00078,-26.7896815992395,0.0 -49.0006843,-26.7895527992395,0.0 -49.0005105,-26.7892131992395,0.0 -49.0003337,-26.7888530992395,0.0 -49.000207,-26.7885027992395,0.0 -49.0001598,-26.7882942992395,0.0 -49.0001429,-26.7881144992395,0.0 -49.0001185,-26.7880308992395,0.0 -49.0000665,-26.7879717992395,0.0 -48.9999778,-26.7879099992396,0.0 -48.9997719,-26.7878440992396,0.0 -48.9997061,-26.7878161992396,0.0 -48.9996444,-26.7877746992395,0.0 -48.9996133,-26.7877393992396,0.0 -48.9995984,-26.7877164992395,0.0 -48.9995966,-26.7876864992396,0.0 -48.9996029,-26.7876621992396,0.0 -48.9996175,-26.7876443992396,0.0 -48.9996729,-26.7876012992396,0.0 -48.9998183,-26.7875233992396,0.0 -48.9999584,-26.7874150992396,0.0 -49.0002819,-26.7871336992396,0.0 -49.0004146,-26.7869530992396,0.0 -49.0005113,-26.7868175992396,0.0 -49.0006499,-26.7865051992396,0.0 -49.0008157,-26.7862771992396,0.0 -49.0010868,-26.7860480992396,0.0 -49.0013568,-26.7858731992396,0.0 -49.0015504,-26.7858213992396,0.0 -49.0017792,-26.7857886992396,0.0 -49.0019342,-26.7857856992396,0.0 -49.0022599,-26.7858133992396,0.0 -49.0026381,-26.7858247992396,0.0 -49.0028294,-26.7858428992396,0.0 -49.0032545,-26.7857907992396,0.0 -49.0037053,-26.7856533992396,0.0 -49.0039739,-26.7856000992396,0.0 -49.0041174,-26.7855678992396,0.0 -49.004271,-26.7854827992396,0.0 -49.0044225,-26.7853400992396,0.0 -49.0045356,-26.7851887992396,0.0 -49.0048161,-26.7847935992396,0.0 -49.0052006,-26.7843716992396,0.0 -49.0055524,-26.7840597992396,0.0 -49.0057566,-26.7838987992396,0.0 -49.0058454,-26.7838365992396,0.0 -49.0058992,-26.7837977992396,0.0 -49.0059635,-26.7837861992396,0.0 -49.0060276,-26.7837999992396,0.0 -49.0060844,-26.7838335992396,0.0 -49.0062921,-26.7839957992396,0.0 -49.0064743,-26.7841324992396,0.0 -49.0067475,-26.7843032992396,0.0 -49.0070005,-26.7844558992396,0.0 -49.0072987,-26.7846479992396,0.0 -49.0074334,-26.7847437992396,0.0 -49.007543,-26.7848497992396,0.0 -49.0076908,-26.7849466992396,0.0 -49.0078253,-26.7850533992396,0.0 -49.0079104,-26.7852045992396,0.0 -49.0079506,-26.7853027992396,0.0 -49.0080262,-26.7853933992396,0.0 -49.0081239,-26.7854882992396,0.0 -49.0082767,-26.7855493992396,0.0 -49.0084987,-26.7856426992396,0.0 -49.0086368,-26.7857105992396,0.0 -49.0087721,-26.7858073992396,0.0 -49.0090196,-26.7860835992396,0.0 -49.0100504,-26.7872667992396,0.0 -49.0101488,-26.7874084992396,0.0 -49.0102403,-26.7875258992396,0.0 -49.0103533,-26.7876592992396,0.0 -49.0104789,-26.7878220992396,0.0 -49.0106112,-26.7880434992395,0.0 -49.0111392,-26.7886267992395,0.0 -49.0113858,-26.7888627992395,0.0 -49.0115683,-26.7890633992395,0.0 -49.011732,-26.7892684992395,0.0 -49.0117732,-26.7893026992395,0.0 -49.0118249,-26.7893126992395,0.0 -49.0120467,-26.7893094992395,0.0 -49.0121536,-26.7893176992395,0.0 -49.0123784,-26.7893778992395,0.0 -49.0126268,-26.7894613992395,0.0 -49.012815,-26.7895171992395,0.0 -49.013323,-26.7895761992395,0.0 -49.0136903,-26.7896275992395,0.0 -49.0140281,-26.7897108992395,0.0 -49.0142645,-26.7897646992395,0.0 -49.0144678,-26.7897742992395,0.0 -49.0146283,-26.7897030992395,0.0 -49.014758,-26.7895244992395,0.0 -49.0148665,-26.7893001992395,0.0 -49.0152026,-26.7888334992395,0.0 -49.0153155,-26.7886981992395,0.0 -49.0154682,-26.7885982992395,0.0 -49.0155815,-26.7885305992395,0.0 -49.0157113,-26.7884734992395,0.0 -49.0158768,-26.7884198992395,0.0 -49.0160734,-26.7883868992395,0.0 -49.0162007,-26.7883762992395,0.0 -49.0165192,-26.7884030992395,0.0 -49.0166602,-26.7884034992395,0.0 -49.0167861,-26.7883999992395,0.0 -49.0169818,-26.7884241992395,0.0 -49.0173158,-26.7884299992395,0.0 -49.0176615,-26.7884653992395,0.0 -49.0179617,-26.7885402992395,0.0 -49.0182067,-26.7886141992395,0.0 -49.0184028,-26.7887102992395,0.0 -49.0186304,-26.7888672992395,0.0 -49.0188621,-26.7889669992395,0.0 -49.0191015,-26.7890131992395,0.0 -49.0193435,-26.7889715992395,0.0 -49.0195699,-26.7888769992395,0.0 -49.0198404,-26.7887742992395,0.0 -49.0201198,-26.7887149992395,0.0 -49.0205973,-26.7887490992395,0.0 -49.0208282,-26.7887753992395,0.0 -49.0210009,-26.7887978992395,0.0 -49.0211185,-26.7888316992395,0.0 -49.0211868,-26.7888727992395,0.0 -49.021269,-26.7889633992395,0.0 -49.0213695,-26.7890272992395,0.0 -49.0214792,-26.7890301992395,0.0 -49.021653,-26.7889646992395,0.0 -49.0218324,-26.7888298992395,0.0 -49.022136,-26.7886893992395,0.0 -49.0222382,-26.7885311992395,0.0 -49.0223153,-26.7883725992395,0.0 -49.022341,-26.7881837992395,0.0 -49.0223709,-26.7881135992395,0.0 -49.0224333,-26.7880600992395,0.0 -49.0226174,-26.7880090992396,0.0 -49.0227661,-26.7879817992395,0.0 -49.0228852,-26.7879420992395,0.0 -49.0229863,-26.7878788992395,0.0 -49.0232476,-26.7876307992396,0.0 -49.0233618,-26.7875079992396,0.0 -49.023523,-26.7873397992396,0.0 -49.0238185,-26.7870549992396,0.0 -49.0239753,-26.7868999992396,0.0 -49.024093,-26.7867099992396,0.0 -49.0241733,-26.7864958992396,0.0 -49.024262,-26.7863648992396,0.0 -49.0243878,-26.7862699992396,0.0 -49.0245312,-26.7862198992396,0.0 -49.0247105,-26.7862008992396,0.0 -49.0248904,-26.7862019992396,0.0 -49.0250595,-26.7861762992396,0.0 -49.0252387,-26.7861324992396,0.0 -49.0253981,-26.7860617992396,0.0 -49.0254949,-26.7860066992396,0.0 -49.0255808,-26.7859241992396,0.0 -49.0256612,-26.7858087992396,0.0 -49.0256915,-26.7856765992396,0.0 -49.0256902,-26.7853522992396,0.0 -49.0256906,-26.7848903992396,0.0 -49.0256755,-26.7846440992396,0.0 -49.0256779,-26.7845675992396,0.0 -49.0257063,-26.7844861992396,0.0 -49.0257385,-26.7844210992396,0.0 -49.0258127,-26.7843612992396,0.0 -49.0259811,-26.7842433992396,0.0 -49.0261277,-26.7841465992396,0.0 -49.0262389,-26.7840241992396,0.0 -49.026588,-26.7833997992396,0.0 -49.0268992,-26.7828798992396,0.0 -49.0272809,-26.7822908992397,0.0 -49.0277133,-26.7816846992397,0.0 -49.0280833,-26.7811641992397,0.0 -49.0283878,-26.7808576992397,0.0 -49.0293293,-26.7800780992397,0.0 -49.029453,-26.7799481992397,0.0 -49.0295233,-26.7798593992397,0.0 -49.0295472,-26.7797758992397,0.0 -49.0295494,-26.7796128992397,0.0 -49.0295678,-26.7793657992397,0.0 -49.0295878,-26.7792029992397,0.0 -49.0296128,-26.7790947992397,0.0 -49.0296377,-26.7790197992397,0.0 -49.0296858,-26.7789068992397,0.0 -49.0297421,-26.7787959992397,0.0 -49.0297931,-26.7787086992397,0.0 -49.0298543,-26.7786142992397,0.0 -49.0298899,-26.7785765992397,0.0 -49.0299419,-26.7785458992397,0.0 -49.0300378,-26.7785002992397,0.0 -49.0302088,-26.7784504992397,0.0 -49.0303385,-26.7783980992397,0.0 -49.0304584,-26.7783334992397,0.0 -49.0305443,-26.7782998992397,0.0 -49.0306522,-26.7782600992397,0.0 -49.0306967,-26.7782433992397,0.0 -49.0307448,-26.7782361992397,0.0 -49.0308472,-26.7782338992397,0.0 -49.0309202,-26.7782162992397,0.0 -49.0309911,-26.7781950992397,0.0 -49.0310451,-26.7781636992397,0.0 -49.0311592,-26.7780328992397,0.0 -49.0312589,-26.7779163992397,0.0 -49.0313733,-26.7777561992398,0.0 -49.0315487,-26.7775603992398,0.0 -49.0316679,-26.7774298992398,0.0 -49.0317183,-26.7773548992398,0.0 -49.0317542,-26.7772712992398,0.0 -49.0317707,-26.7772189992398,0.0 -49.0317829,-26.7771689992398,0.0 -49.0318155,-26.7770280992398,0.0 -49.0318337,-26.7769588992398,0.0 -49.0318694,-26.7768815992398,0.0 -49.0319192,-26.7767942992398,0.0 -49.0319676,-26.7767144992398,0.0 -49.0320282,-26.7766413992398,0.0 -49.0320741,-26.7765961992398,0.0 -49.0321314,-26.7765622992398,0.0 -49.0324848,-26.7763903992398,0.0 -49.0328341,-26.7762322992398,0.0 -49.0329104,-26.7761925992398,0.0 -49.0329637,-26.7761496992398,0.0 -49.033014,-26.7761026992398,0.0 -49.0330559,-26.7760460992398,0.0 -49.0331387,-26.7759318992398,0.0 -49.0332246,-26.7757843992398,0.0 -49.0332738,-26.7757170992398,0.0 -49.0333036,-26.7756493992398,0.0 -49.0333552,-26.7755123992398,0.0 -49.0334132,-26.7753929992398,0.0 -49.0335321,-26.7751682992398,0.0 -49.0336543,-26.7749017992398,0.0 -49.0337236,-26.7746541992398,0.0 -49.0337593,-26.7745188992398,0.0 -49.0337777,-26.7744676992398,0.0 -49.033801,-26.7744231992398,0.0 -49.0338315,-26.7743929992398,0.0 -49.0338694,-26.7743770992398,0.0 -49.0339418,-26.7743714992398,0.0 -49.0339844,-26.7743610992398,0.0 -49.034015,-26.7743458992398,0.0 -49.0340499,-26.7743047992398,0.0 -49.0341872,-26.7741781992398,0.0 -49.0344726,-26.7739815992398,0.0 -49.0346257,-26.7738325992398,0.0 -49.034739,-26.7736533992398,0.0 -49.0348794,-26.7734753992398,0.0 -49.0350276,-26.7733627992398,0.0 -49.0351681,-26.7732233992398,0.0 -49.0352685,-26.7731436992398,0.0 -49.0353921,-26.7730340992398,0.0 -49.0357005,-26.7727550992398,0.0 -49.03579,-26.7726879992398,0.0 -49.0358813,-26.7726417992398,0.0 -49.0360609,-26.7725689992398,0.0 -49.0361963,-26.7725282992399,0.0 -49.0354383,-26.7723312992399,0.0 -49.0351887,-26.7722424992399,0.0 -49.0350596,-26.7721668992399,0.0 -49.0349307,-26.7720719992399,0.0 -49.0348178,-26.7719928992399,0.0 -49.0347536,-26.7719296992399,0.0 -49.0347014,-26.7718566992399,0.0 -49.0345386,-26.7716076992399,0.0 -49.0345067,-26.7715484992399,0.0 -49.0344826,-26.7714828992399,0.0 -49.0344382,-26.7712544992399,0.0 -49.034416,-26.7711773992399,0.0 -49.0343749,-26.7711093992399,0.0 -49.0343337,-26.7710591992399,0.0 -49.0342418,-26.7709961992399,0.0 -49.0341455,-26.7709102992399,0.0 -49.0340363,-26.7707855992399,0.0 -49.0336766,-26.7703982992399,0.0 -49.0334363,-26.7702148992399,0.0 -49.032526,-26.7693996992399,0.0 -49.0324387,-26.7693220992399,0.0 -49.0321904,-26.7690006992399,0.0 -49.0319337,-26.7685196992399,0.0 -49.0317371,-26.7680891992399,0.0 -49.0315628,-26.7677785992399,0.0 -49.0314995,-26.7677092992399,0.0 -49.0312987,-26.7675394992399,0.0 -49.0311969,-26.76744579924,0.0 -49.0311007,-26.7673282992399,0.0 -49.0309311,-26.7672044992399,0.0 -49.0307592,-26.76711649924,0.0 -49.0305311,-26.76702799924,0.0 -49.030433,-26.76699189924,0.0 -49.030319,-26.76697249924,0.0 -49.0302081,-26.76695969924,0.0 -49.0300974,-26.76692309924,0.0 -49.0300335,-26.76688059924,0.0 -49.0299676,-26.76680849924,0.0 -49.0298991,-26.76675399924,0.0 -49.0298143,-26.76671569924,0.0 -49.0296694,-26.76670659924,0.0 -49.0295391,-26.76675359924,0.0 -49.0293948,-26.76690259924,0.0 -49.0293136,-26.76697149924,0.0 -49.02921,-26.76704049924,0.0 -49.0291331,-26.76706349924,0.0 -49.0288334,-26.76711209924,0.0 -49.0284762,-26.76721829924,0.0 -49.0283944,-26.76721519924,0.0 -49.0283235,-26.76718909924,0.0 -49.0281803,-26.7671245992399,0.0 -49.0276729,-26.76685869924,0.0 -49.0273512,-26.76665939924,0.0 -49.0271181,-26.76647989924,0.0 -49.026863,-26.76620529924,0.0 -49.026556,-26.76598719924,0.0 -49.0262981,-26.76587009924,0.0 -49.0259935,-26.76579299924,0.0 -49.025722,-26.76572449924,0.0 -49.0254318,-26.76561719924,0.0 -49.025248,-26.76556419924,0.0 -49.0250303,-26.76552449924,0.0 -49.0249015,-26.76548279924,0.0 -49.024737,-26.76539459924,0.0 -49.0245969,-26.76532689924,0.0 -49.0243884,-26.76524249924,0.0 -49.0239941,-26.76510119924,0.0 -49.0237651,-26.76503429924,0.0 -49.0236353,-26.76499929924,0.0 -49.0234888,-26.76498049924,0.0 -49.0233519,-26.76499859924,0.0 -49.0232306,-26.76502799924,0.0 -49.0231128,-26.76505209924,0.0 -49.0229852,-26.76509799924,0.0 -49.0228671,-26.76512699924,0.0 -49.0223825,-26.76525939924,0.0 -49.0222678,-26.76527769924,0.0 -49.0221597,-26.76527079924,0.0 -49.0215677,-26.76526129924,0.0 -49.0214115,-26.76524089924,0.0 -49.0212593,-26.76520159924,0.0 -49.0211121,-26.76512499924,0.0 -49.0209563,-26.76502439924,0.0 -49.020334,-26.76462609924,0.0 -49.019978,-26.76439429924,0.0 -49.0196091,-26.76415019924,0.0 -49.0194285,-26.76399949924,0.0 -49.019263,-26.76390669924,0.0 -49.0192076,-26.76388929924,0.0 -49.0191378,-26.76388459924,0.0 -49.0188982,-26.76392019924,0.0 -49.0187337,-26.76392919924,0.0 -49.0185669,-26.76390879924,0.0 -49.0182118,-26.76383579924,0.0 -49.0174647,-26.76378129924,0.0 -49.0167183,-26.76378999924,0.0 -49.0162988,-26.76374239924,0.0 -49.016052,-26.76371149924,0.0 -49.0157945,-26.76364679924,0.0 -49.0155111,-26.76356379924,0.0 -49.0152178,-26.76343639924,0.0 -49.0150997,-26.76340899924,0.0 -49.0149843,-26.76339279924,0.0 -49.0149541,-26.76339459924,0.0 -49.0149227,-26.76340239924,0.0 -49.0148277,-26.76343579924,0.0 -49.0147351,-26.76347939924,0.0 -49.0146723,-26.76350049924,0.0 -49.0146264,-26.76350929924,0.0 -49.0146036,-26.76350299924,0.0 -49.0145843,-26.76348829924,0.0 -49.0145221,-26.76339099924,0.0 -49.0142866,-26.76310589924,0.0 -49.0141507,-26.76286729924,0.0 -49.014096,-26.76273079924,0.0 -49.0140605,-26.76258499924,0.0 -49.0139698,-26.7618791992401,0.0 -49.0139756,-26.7615358992401,0.0 -49.0140334,-26.7611993992401,0.0 -49.014096,-26.7608944992401,0.0 -49.0141557,-26.7606989992401,0.0 -49.0142459,-26.7601278992401,0.0 -49.0142922,-26.7598020992401,0.0 -49.0144097,-26.7591720992401,0.0 -49.0144307,-26.7590896992401,0.0 -49.014474,-26.7590094992401,0.0 -49.0145676,-26.7588253992401,0.0 -49.0147937,-26.7585804992401,0.0 -49.0150899,-26.7581944992401,0.0 -49.0151867,-26.7580464992401,0.0 -49.0152225,-26.7579681992401,0.0 -49.0152356,-26.7578811992401,0.0 -49.0152549,-26.7574856992401,0.0 -49.015343,-26.7567552992402,0.0 -49.0153487,-26.7565365992402,0.0 -49.0153373,-26.7562980992402,0.0 -49.0153152,-26.7561087992402,0.0 -49.0152651,-26.7558965992402,0.0 -49.0149932,-26.7552714992402,0.0 -49.0147554,-26.7547925992402,0.0 -49.0145364,-26.7544926992402,0.0 -49.0143263,-26.7542582992402,0.0 -49.0142846,-26.7542224992402,0.0 -49.01415,-26.7541545992402,0.0 -49.0141274,-26.7541124992402,0.0 -49.0141265,-26.7540780992402,0.0 -49.0141425,-26.7540452992402,0.0 -49.0142567,-26.7539422992402,0.0 -49.0143294,-26.7538628992402,0.0 -49.0143574,-26.7537740992402,0.0 -49.0143564,-26.7536782992402,0.0 -49.014299,-26.7533507992402,0.0 -49.01423,-26.7531542992402,0.0 -49.0142073,-26.7530243992402,0.0 -49.0142266,-26.7528884992402,0.0 -49.0142651,-26.7527454992402,0.0 -49.0143309,-26.7526451992402,0.0 -49.0143989,-26.7525165992402,0.0 -49.0144525,-26.7523355992402,0.0 -49.0144775,-26.7521343992402,0.0 -49.0143764,-26.7505927992403,0.0 -49.0143502,-26.7502036992403,0.0 -49.0143104,-26.7499694992403,0.0 -49.014035,-26.7492567992403,0.0 -49.0139193,-26.7488056992403,0.0 -49.0138286,-26.7483022992403,0.0 -49.0137872,-26.7480599992403,0.0 -49.0137367,-26.7477230992403,0.0 -49.013618,-26.7474261992403,0.0 -49.0134796,-26.7471963992403,0.0 -49.0132072,-26.7465276992404,0.0 -49.0130095,-26.7457161992404,0.0 -49.0129707,-26.7456489992404,0.0 -49.0129161,-26.7455976992404,0.0 -49.0127726,-26.7455248992404,0.0 -49.0125746,-26.7454835992404,0.0 -49.0123353,-26.7454093992404,0.0 -49.01216,-26.7453590992404,0.0 -49.0119773,-26.7453165992404,0.0 -49.0118829,-26.7453165992404,0.0 -49.011851,-26.7453270992404,0.0 -49.0118113,-26.7453667992404,0.0 -49.0117697,-26.7453791992404,0.0 -49.0117101,-26.7453930992404,0.0 -49.011657,-26.7453925992404,0.0 -49.011576,-26.7453857992404,0.0 -49.0114589,-26.7453976992404,0.0 -49.011198,-26.7454342992404,0.0 -49.0108627,-26.7454504992404,0.0 -49.0105034,-26.7454042992404,0.0 -49.0104066,-26.7453913992404,0.0 -49.0103045,-26.7453701992404,0.0 -49.010191,-26.7453311992404,0.0 -49.0100644,-26.7452654992404,0.0 -49.009843,-26.7451458992404,0.0 -49.0095524,-26.7449179992404,0.0 -49.0092745,-26.7447375992404,0.0 -49.0091326,-26.7446513992404,0.0 -49.0090577,-26.7446288992404,0.0 -49.0089819,-26.7446181992404,0.0 -49.0089334,-26.7446177992404,0.0 -49.0088794,-26.7446258992404,0.0 -49.0087584,-26.7446700992404,0.0 -49.0086119,-26.7448001992404,0.0 -49.0081216,-26.7453426992404,0.0 -49.0079562,-26.7455088992404,0.0 -49.0078208,-26.7455970992404,0.0 -49.0076624,-26.7456445992404,0.0 -49.0074056,-26.7457131992404,0.0 -49.0071278,-26.7457629992404,0.0 -49.0068332,-26.7458244992404,0.0 -49.0067271,-26.7458561992404,0.0 -49.0065979,-26.7459127992404,0.0 -49.006451,-26.7460314992404,0.0 -49.0063793,-26.7460822992404,0.0 -49.0062887,-26.7461058992404,0.0 -49.0059213,-26.7461086992404,0.0 -49.0058316,-26.7461212992404,0.0 -49.0057422,-26.7461484992404,0.0 -49.0056055,-26.7461925992404,0.0 -49.0047963,-26.7463295992404,0.0 -49.0045025,-26.7464116992404,0.0 -49.0039842,-26.7466630992404,0.0 -49.0036566,-26.7467507992403,0.0 -49.003514,-26.7467743992404,0.0 -49.0030936,-26.7468019992404,0.0 -49.0028485,-26.7468582992403,0.0 -49.0022436,-26.7470472992403,0.0 -49.0017398,-26.7471618992403,0.0 -49.0013472,-26.7472222992403,0.0 -49.0006769,-26.7473364992403,0.0 -49.0004005,-26.7474349992403,0.0 -48.9999508,-26.7476349992403,0.0 -48.9998724,-26.7476589992403,0.0 -48.9997421,-26.7476818992403,0.0 -48.9995636,-26.7476939992403,0.0 -48.9988342,-26.7479398992403,0.0 -48.9986095,-26.7479798992403,0.0 -48.9983944,-26.7479561992403,0.0 -48.9981691,-26.7478904992403,0.0 -48.997926,-26.7477968992403,0.0 -48.9976698,-26.7477207992403,0.0 -48.9961944,-26.7474378992403,0.0 -48.995527,-26.7473845992403,0.0 -48.9954101,-26.7473750992403,0.0 -48.9953128,-26.7473346992403,0.0 -48.9951949,-26.7472189992403,0.0 -48.9949337,-26.7468430992404,0.0 -48.9945736,-26.7464217992404,0.0 -48.9944149,-26.7462177992404,0.0 -48.9943614,-26.7461184992404,0.0 -48.994334,-26.7460323992404,0.0 -48.9942878,-26.7458380992404,0.0 -48.9942001,-26.7452044992404,0.0 -48.994181,-26.7451151992404,0.0 -48.9941494,-26.7450514992404,0.0 -48.9941078,-26.7449841992404,0.0 -48.9940476,-26.7449288992404,0.0 -48.9938338,-26.7446629992404,0.0 -48.9936439,-26.7444254992404,0.0 -48.9934315,-26.7441455992404,0.0 -48.993207,-26.7437902992404,0.0 -48.9928834,-26.7433994992404,0.0 -48.9926333,-26.7431502992404,0.0 -48.9924498,-26.7429772992404,0.0 -48.9921694,-26.7426184992404,0.0 -48.9920097,-26.7422762992404,0.0 -48.991714,-26.7415014992404,0.0 -48.9915763,-26.7412465992405,0.0 -48.9914138,-26.7409207992405,0.0 -48.9912347,-26.7404804992405,0.0 -48.9910294,-26.7400852992405,0.0 -48.9908127,-26.7397773992405,0.0 -48.9905736,-26.7394757992405,0.0 -48.9902816,-26.7390146992405,0.0 -48.990066,-26.7385412992405,0.0 -48.9900135,-26.7382911992405,0.0 -48.9899467,-26.7377956992405,0.0 -48.9899215,-26.7376929992405,0.0 -48.9898665,-26.7375643992405,0.0 -48.9898357,-26.7374072992405,0.0 -48.9898329,-26.7373528992405,0.0 -48.9898477,-26.7372911992405,0.0 -48.9899046,-26.7371645992405,0.0 -48.9899319,-26.7370685992405,0.0 -48.9899289,-26.7369462992405,0.0 -48.9898897,-26.7368550992405,0.0 -48.9898015,-26.7368047992405,0.0 -48.9896301,-26.7367730992405,0.0 -48.9894837,-26.7367660992405,0.0 -48.9893068,-26.7368052992405,0.0 -48.9890801,-26.7369516992405,0.0 -48.9889074,-26.7370580992405,0.0 -48.9886907,-26.7371272992405,0.0 -48.9883239,-26.7372537992405,0.0 -48.988028,-26.7372876992405,0.0 -48.9877047,-26.7372791992405,0.0 -48.9875215,-26.7372367992405,0.0 -48.9873242,-26.7371431992405,0.0 -48.9871859,-26.7371045992405,0.0 -48.9864959,-26.7369688992405,0.0 -48.9856818,-26.7368063992405,0.0 -48.9849848,-26.7367897992405,0.0 -48.9848308,-26.7367969992405,0.0 -48.984598,-26.7368075992405,0.0 -48.9845271,-26.7367988992405,0.0 -48.9844632,-26.7367819992405,0.0 -48.9843476,-26.7367262992406,0.0 -48.984189,-26.7366973992406,0.0 -48.9840305,-26.7366684992405,0.0 -48.9837028,-26.7366595992405,0.0 -48.9831562,-26.7366597992406,0.0 -48.9825894,-26.7366904992406,0.0 -48.9824048,-26.7367528992406,0.0 -48.9823197,-26.7367709992405,0.0 -48.9821449,-26.7367809992405,0.0 -48.981971,-26.7368093992405,0.0 -48.9817749,-26.7368563992405,0.0 -48.9816658,-26.7368634992405,0.0 -48.9814688,-26.7368489992405,0.0 -48.9812917,-26.7368014992405,0.0 -48.981036,-26.7367497992405,0.0 -48.9807758,-26.7367325992405,0.0 -48.9803683,-26.7367231992405,0.0 -48.9802992,-26.7367071992405,0.0 -48.9802306,-26.7366668992406,0.0 -48.9800652,-26.7365474992405,0.0 -48.9798849,-26.7363902992406,0.0 -48.9797179,-26.7361749992406,0.0 -48.9796184,-26.7360166992406,0.0 -48.979494,-26.7356400992406,0.0 -48.9793857,-26.7354133992406,0.0 -48.9792632,-26.7352310992406,0.0 -48.9791051,-26.7350398992406,0.0 -48.9789733,-26.7348953992406,0.0 -48.9788708,-26.7348030992406,0.0 -48.9787195,-26.7347261992406,0.0 -48.978415,-26.7346057992406,0.0 -48.9783096,-26.7345458992406,0.0 -48.9780784,-26.7343695992406,0.0 -48.9779185,-26.7342006992406,0.0 -48.977713,-26.7340246992406,0.0 -48.9772782,-26.7336381992406,0.0 -48.9767792,-26.7332410992406,0.0 -48.9766061,-26.7331052992406,0.0 -48.976472,-26.7329517992406,0.0 -48.9763365,-26.7327617992406,0.0 -48.9761615,-26.7324120992406,0.0 -48.9760001,-26.7321628992406,0.0 -48.975917,-26.7320448992406,0.0 -48.9757895,-26.7319215992406,0.0 -48.9754555,-26.7316217992406,0.0 -48.9750389,-26.7312599992406,0.0 -48.9746327,-26.7308878992407,0.0 -48.9745054,-26.7307593992407,0.0 -48.9744054,-26.7306288992407,0.0 -48.9743682,-26.7305176992407,0.0 -48.9743459,-26.7303838992407,0.0 -48.9743535,-26.7302917992407,0.0 -48.9743401,-26.7302033992407,0.0 -48.9742999,-26.7298694992407,0.0 -48.9742377,-26.7295048992407,0.0 -48.974194,-26.7291260992407,0.0 -48.9741852,-26.7284448992407,0.0 -48.9741952,-26.7283598992407,0.0 -48.9742272,-26.7282842992407,0.0 -48.9743033,-26.7281594992407,0.0 -48.9744577,-26.7279336992407,0.0 -48.9747165,-26.7275410992407,0.0 -48.9749616,-26.7272631992407,0.0 -48.9750142,-26.7271809992407,0.0 -48.9750419,-26.7270856992407,0.0 -48.9750525,-26.7269826992407,0.0 -48.9750206,-26.7268854992407,0.0 -48.9749287,-26.7268027992407,0.0 -48.9748019,-26.7267277992407,0.0 -48.9745056,-26.7265074992407,0.0 -48.974119,-26.7262596992407,0.0 -48.9732377,-26.7260232992408,0.0 -48.9727555,-26.7259931992408,0.0 -48.9716876,-26.7257542992408,0.0 -48.970941,-26.7256670992408,0.0 -48.9702753,-26.7255233992408,0.0 -48.9701087,-26.7254636992408,0.0 -48.9697826,-26.7253000992408,0.0 -48.9692845,-26.7250999992408,0.0 -48.9689811,-26.7249144992408,0.0 -48.9687178,-26.7247520992408,0.0 -48.9685789,-26.7246966992408,0.0 -48.9684991,-26.7246772992408,0.0 -48.9684238,-26.7246737992408,0.0 -48.9682411,-26.7247008992408,0.0 -48.9682007,-26.7247039992408,0.0 -48.9681595,-26.7246919992408,0.0 -48.968133,-26.7246650992408,0.0 -48.9681218,-26.7246378992408,0.0 -48.9681057,-26.7245441992408,0.0 -48.9681182,-26.7244166992408,0.0 -48.9681514,-26.7242911992408,0.0 -48.9681508,-26.7242326992408,0.0 -48.9681113,-26.7240157992408,0.0 -48.9678685,-26.7233080992408,0.0 -48.9677691,-26.7229413992408,0.0 -48.9677005,-26.7227516992408,0.0 -48.9676141,-26.7226178992408,0.0 -48.9674945,-26.7225064992408,0.0 -48.9671515,-26.7221446992408,0.0 -48.967057,-26.7220616992408,0.0 -48.9670059,-26.7219975992408,0.0 -48.9669707,-26.7219371992408,0.0 -48.9664239,-26.7209144992409,0.0 -48.9661018,-26.7202186992409,0.0 -48.9660088,-26.7199361992409,0.0 -48.9659521,-26.7197936992409,0.0 -48.9658695,-26.7196874992409,0.0 -48.9657635,-26.7195963992409,0.0 -48.965672,-26.7195315992409,0.0 -48.9655168,-26.7194198992409,0.0 -48.9653617,-26.7193081992409,0.0 -48.965074,-26.7191565992409,0.0 -48.9638516,-26.7188054992409,0.0 -48.963481,-26.7187153992409,0.0 -48.9623643,-26.7185082992409,0.0 -48.9622189,-26.7184478992409,0.0 -48.9620786,-26.7183331992409,0.0 -48.9618509,-26.7180692992409,0.0 -48.9616229,-26.7177841992409,0.0 -48.961218,-26.7172128992409,0.0 -48.9608629,-26.7165728992409,0.0 -48.9605668,-26.7160590992409,0.0 -48.9603127,-26.715714799241,0.0 -48.9598904,-26.715232799241,0.0 -48.9593492,-26.714679999241,0.0 -48.9589666,-26.714302899241,0.0 -48.9585105,-26.713845699241,0.0 -48.9581123,-26.713508099241,0.0 -48.9577596,-26.713277799241,0.0 -48.956915,-26.712643399241,0.0 -48.9567981,-26.712544299241,0.0 -48.9566894,-26.712453599241,0.0 -48.9564477,-26.712281599241,0.0 -48.9562395,-26.712169699241,0.0 -48.9558248,-26.712029199241,0.0 -48.9553208,-26.711962999241,0.0 -48.9530489,-26.7096292992411,0.0 -48.952809,-26.7093827992411,0.0 -48.9527521,-26.7093243992411,0.0 -48.9489685,-26.7054376992412,0.0 -48.9492149,-26.7049582992412,0.0 -48.949321,-26.7045662992412,0.0 -48.9493763,-26.7042344992412,0.0 -48.9493946,-26.7041500992412,0.0 -48.9493814,-26.7040620992412,0.0 -48.9492928,-26.7038180992412,0.0 -48.9492291,-26.7034880992412,0.0 -48.9491844,-26.7031931992412,0.0 -48.9491603,-26.7031134992412,0.0 -48.9491196,-26.7030465992412,0.0 -48.9489161,-26.7027832992412,0.0 -48.9486979,-26.7024382992412,0.0 -48.9485002,-26.7022650992412,0.0 -48.9481936,-26.7019995992412,0.0 -48.9479298,-26.7018104992412,0.0 -48.9477807,-26.7017357992412,0.0 -48.9476572,-26.7016378992412,0.0 -48.9475741,-26.7015375992412,0.0 -48.9475088,-26.7014089992412,0.0 -48.947534,-26.7012932992412,0.0 -48.9475864,-26.7011930992412,0.0 -48.94762,-26.7010906992412,0.0 -48.9476075,-26.7009927992412,0.0 -48.947561,-26.7009034992412,0.0 -48.9474913,-26.7008412992412,0.0 -48.9473934,-26.7007941992413,0.0 -48.9472922,-26.7007786992412,0.0 -48.9466986,-26.7008077992413,0.0 -48.94662,-26.7008086992413,0.0 -48.9465404,-26.7008048992413,0.0 -48.9464756,-26.7007748992413,0.0 -48.9463988,-26.7007337992412,0.0 -48.9461757,-26.7005549992413,0.0 -48.9455952,-26.6999830992413,0.0 -48.9454888,-26.6998796992413,0.0 -48.9454169,-26.6997524992413,0.0 -48.9452659,-26.6995829992413,0.0 -48.9450158,-26.6993914992413,0.0 -48.9447592,-26.6992561992413,0.0 -48.9445136,-26.6990847992413,0.0 -48.944246,-26.6988020992413,0.0 -48.9438678,-26.6983065992413,0.0 -48.9433224,-26.6975867992413,0.0 -48.943051,-26.6972012992413,0.0 -48.9428434,-26.6969460992413,0.0 -48.9425584,-26.6965575992413,0.0 -48.9422372,-26.6962416992413,0.0 -48.9421005,-26.6960384992413,0.0 -48.9419008,-26.6957949992414,0.0 -48.94168,-26.6956470992413,0.0 -48.9414334,-26.6954666992414,0.0 -48.941015,-26.6952586992414,0.0 -48.9405804,-26.6951477992414,0.0 -48.9400382,-26.6951651992414,0.0 -48.9399206,-26.6951815992414,0.0 -48.9397864,-26.6951825992414,0.0 -48.9396637,-26.6951608992414,0.0 -48.9395335,-26.6951065992414,0.0 -48.9392766,-26.6950073992414,0.0 -48.9387479,-26.6947949992414,0.0 -48.9383829,-26.6946503992414,0.0 -48.9378491,-26.6943690992414,0.0 -48.9377614,-26.6943107992414,0.0 -48.9376924,-26.6942455992414,0.0 -48.9375432,-26.6940098992414,0.0 -48.9374187,-26.6938935992414,0.0 -48.9370849,-26.6936944992414,0.0 -48.9370151,-26.6936378992414,0.0 -48.9369679,-26.6935652992414,0.0 -48.9369207,-26.6934308992414,0.0 -48.9369111,-26.6933064992414,0.0 -48.9368764,-26.6930492992414,0.0 -48.9368847,-26.6927413992414,0.0 -48.9369278,-26.6923649992414,0.0 -48.9369934,-26.6920325992414,0.0 -48.9373371,-26.6908071992414,0.0 -48.9374421,-26.6902209992415,0.0 -48.9374566,-26.6900099992415,0.0 -48.9374374,-26.6898022992415,0.0 -48.9373369,-26.6891437992415,0.0 -48.9372255,-26.6885959992415,0.0 -48.937163,-26.6882502992415,0.0 -48.9371184,-26.6880932992415,0.0 -48.9370555,-26.6879824992415,0.0 -48.9368583,-26.6878009992415,0.0 -48.9368256,-26.6877650992415,0.0 -48.9368104,-26.6877139992415,0.0 -48.9368084,-26.6876715992415,0.0 -48.9368187,-26.6876280992415,0.0 -48.9368579,-26.6875747992415,0.0 -48.936905,-26.6875384992415,0.0 -48.9369806,-26.6875190992415,0.0 -48.9370635,-26.6874833992415,0.0 -48.937149,-26.6874182992415,0.0 -48.9372639,-26.6873521992415,0.0 -48.9374909,-26.6871736992415,0.0 -48.9376792,-26.6869895992415,0.0 -48.9377268,-26.6869404992415,0.0 -48.9377549,-26.6868789992415,0.0 -48.9377714,-26.6868314992415,0.0 -48.9377791,-26.6867683992415,0.0 -48.9378303,-26.6860784992415,0.0 -48.9378136,-26.6858038992415,0.0 -48.9377969,-26.6855293992415,0.0 -48.9378136,-26.6852569992415,0.0 -48.9378782,-26.6847473992416,0.0 -48.9378543,-26.6845192992416,0.0 -48.9377952,-26.6843565992416,0.0 -48.937419,-26.6840339992416,0.0 -48.9369458,-26.6837551992416,0.0 -48.9366489,-26.6835545992416,0.0 -48.9362769,-26.6834171992416,0.0 -48.935923,-26.6833365992416,0.0 -48.9358088,-26.6832942992416,0.0 -48.9357459,-26.6831917992416,0.0 -48.9356601,-26.6830419992416,0.0 -48.9356215,-26.6828805992416,0.0 -48.9356151,-26.6825332992416,0.0 -48.935561,-26.6823760992416,0.0 -48.9353762,-26.6821629992416,0.0 -48.935334,-26.6820385992416,0.0 -48.9353202,-26.6818809992416,0.0 -48.9352611,-26.6817656992416,0.0 -48.9351703,-26.6816603992416,0.0 -48.9348794,-26.6812487992416,0.0 -48.9345982,-26.6808862992416,0.0 -48.9345275,-26.6807950992416,0.0 -48.9343157,-26.6805096992417,0.0 -48.9341918,-26.6802258992417,0.0 -48.9340207,-26.6796104992417,0.0 -48.9340003,-26.6792551992417,0.0 -48.9340301,-26.6789112992417,0.0 -48.934056,-26.6785512992417,0.0 -48.9339973,-26.6781422992417,0.0 -48.9339208,-26.6779463992417,0.0 -48.9337664,-26.6776348992417,0.0 -48.9337151,-26.6774237992417,0.0 -48.9337103,-26.6772369992417,0.0 -48.9337158,-26.6770647992417,0.0 -48.9337547,-26.6769022992417,0.0 -48.933838,-26.6766759992417,0.0 -48.9338598,-26.6765498992417,0.0 -48.9338593,-26.6764407992417,0.0 -48.9338277,-26.6763400992417,0.0 -48.9337564,-26.6762352992417,0.0 -48.9336193,-26.6760671992417,0.0 -48.933227,-26.6753935992417,0.0 -48.9330986,-26.6750170992418,0.0 -48.9325573,-26.6741279992418,0.0 -48.9321887,-26.6740206992418,0.0 -48.9319514,-26.6739581992418,0.0 -48.9317717,-26.6739077992418,0.0 -48.9315822,-26.6738378992418,0.0 -48.93139,-26.6737516992418,0.0 -48.9312787,-26.6736795992418,0.0 -48.9311838,-26.6735962992418,0.0 -48.9311559,-26.6735869992418,0.0 -48.9311248,-26.6735920992418,0.0 -48.9310197,-26.6736116992418,0.0 -48.930918,-26.6736201992418,0.0 -48.9305707,-26.6735570992418,0.0 -48.9302778,-26.6735167992418,0.0 -48.9299889,-26.6734147992418,0.0 -48.929856,-26.6733291992418,0.0 -48.9297451,-26.6731826992418,0.0 -48.9296567,-26.6730356992418,0.0 -48.929611,-26.6728738992418,0.0 -48.9295581,-26.6724699992418,0.0 -48.9296391,-26.6720318992418,0.0 -48.9296209,-26.6717888992418,0.0 -48.9295197,-26.6715395992418,0.0 -48.9292742,-26.6712089992418,0.0 -48.9289698,-26.6709375992418,0.0 -48.9288761,-26.6708526992418,0.0 -48.9287662,-26.6708386992418,0.0 -48.9285366,-26.6708517992418,0.0 -48.9281053,-26.6709231992418,0.0 -48.9277156,-26.6709505992418,0.0 -48.927486,-26.6709367992418,0.0 -48.9272901,-26.6708861992418,0.0 -48.9269667,-26.6708334992418,0.0 -48.9268183,-26.6707775992418,0.0 -48.9266523,-26.6707250992418,0.0 -48.926515,-26.6706393992418,0.0 -48.9263664,-26.6705080992418,0.0 -48.9261231,-26.6702899992419,0.0 -48.9258987,-26.6700127992419,0.0 -48.9251885,-26.6690506992419,0.0 -48.9245802,-26.6684290992419,0.0 -48.9241033,-26.6679831992419,0.0 -48.9239566,-26.6678452992419,0.0 -48.9239048,-26.6677715992419,0.0 -48.9238753,-26.6676893992419,0.0 -48.9238388,-26.6673630992419,0.0 -48.9238438,-26.6670177992419,0.0 -48.9238032,-26.6665060992419,0.0 -48.9237671,-26.6662013992419,0.0 -48.9237504,-26.6659559992419,0.0 -48.9237736,-26.6655864992419,0.0 -48.923805,-26.6654568992419,0.0 -48.9238709,-26.665157999242,0.0 -48.9239369,-26.664882799242,0.0 -48.9239672,-26.664752799242,0.0 -48.9239674,-26.664633599242,0.0 -48.923923,-26.664518499242,0.0 -48.9238625,-26.664419099242,0.0 -48.9237835,-26.664331399242,0.0 -48.9237322,-26.664256099242,0.0 -48.9237079,-26.664180399242,0.0 -48.9235848,-26.663747099242,0.0 -48.9235214,-26.663535699242,0.0 -48.9233728,-26.663256799242,0.0 -48.9232458,-26.663124199242,0.0 -48.9231261,-26.663024499242,0.0 -48.9229844,-26.662943599242,0.0 -48.9228675,-26.662888299242,0.0 -48.9227,-26.662855999242,0.0 -48.9222851,-26.662735799242,0.0 -48.9220032,-26.662597599242,0.0 -48.9217544,-26.662495899242,0.0 -48.9216721,-26.662456599242,0.0 -48.9215898,-26.662417399242,0.0 -48.9214568,-26.662330399242,0.0 -48.9210827,-26.662006999242,0.0 -48.9208794,-26.661782599242,0.0 -48.9207344,-26.661543499242,0.0 -48.9206838,-26.661439399242,0.0 -48.9206471,-26.661316599242,0.0 -48.9206155,-26.661069599242,0.0 -48.920552,-26.660911299242,0.0 -48.9204388,-26.660758699242,0.0 -48.9203239,-26.660641799242,0.0 -48.9202468,-26.660524699242,0.0 -48.9202197,-26.660400199242,0.0 -48.9202175,-26.660269599242,0.0 -48.9202439,-26.660140999242,0.0 -48.9205901,-26.6594668992421,0.0 -48.9212053,-26.6584264992421,0.0 -48.9212493,-26.6580446992421,0.0 -48.9212611,-26.6572265992421,0.0 -48.9212114,-26.6568772992421,0.0 -48.9211627,-26.6566128992421,0.0 -48.9211613,-26.6564408992421,0.0 -48.9211829,-26.6562336992421,0.0 -48.9212108,-26.6561076992421,0.0 -48.9212591,-26.6559757992421,0.0 -48.9213388,-26.6558374992421,0.0 -48.9214184,-26.6557326992421,0.0 -48.9215795,-26.6555602992421,0.0 -48.9216622,-26.6554966992421,0.0 -48.9217621,-26.6554099992421,0.0 -48.9219064,-26.6553310992421,0.0 -48.9220889,-26.6552311992421,0.0 -48.9221443,-26.6551932992421,0.0 -48.9221791,-26.6551291992421,0.0 -48.922239,-26.6549599992421,0.0 -48.9222538,-26.6548917992421,0.0 -48.9222581,-26.6548080992422,0.0 -48.9222486,-26.6547220992422,0.0 -48.9222123,-26.6546357992422,0.0 -48.9220305,-26.6544269992422,0.0 -48.9219319,-26.6541734992422,0.0 -48.9216521,-26.6536521992422,0.0 -48.9215723,-26.6533055992422,0.0 -48.921521,-26.6530657992422,0.0 -48.9215277,-26.6528089992422,0.0 -48.9215676,-26.6526011992422,0.0 -48.9215954,-26.6524708992422,0.0 -48.9215865,-26.6523184992422,0.0 -48.9215682,-26.6522066992422,0.0 -48.9215279,-26.6520715992422,0.0 -48.9215183,-26.6519668992422,0.0 -48.9215299,-26.6518187992422,0.0 -48.921503,-26.6516389992422,0.0 -48.921167,-26.6507264992422,0.0 -48.9207256,-26.6499102992422,0.0 -48.9205701,-26.6495736992423,0.0 -48.9202816,-26.6483755992423,0.0 -48.920197,-26.6482636992423,0.0 -48.9200807,-26.6481875992423,0.0 -48.9199491,-26.6481415992423,0.0 -48.9197747,-26.6481185992423,0.0 -48.9196521,-26.6480816992423,0.0 -48.9195638,-26.6480236992423,0.0 -48.9194982,-26.6479390992423,0.0 -48.9194579,-26.6478461992423,0.0 -48.9194165,-26.6476853992423,0.0 -48.919426,-26.6474636992423,0.0 -48.9194795,-26.6472052992423,0.0 -48.9194976,-26.6469333992423,0.0 -48.9194548,-26.6466909992423,0.0 -48.9193468,-26.6465211992423,0.0 -48.9191442,-26.6463664992423,0.0 -48.9190148,-26.6462371992423,0.0 -48.9188827,-26.6460766992423,0.0 -48.9185853,-26.6456607992423,0.0 -48.9183639,-26.6454291992423,0.0 -48.9178769,-26.6450250992423,0.0 -48.9178228,-26.6449852992423,0.0 -48.9177516,-26.6449329992424,0.0 -48.917608,-26.6448904992423,0.0 -48.9174807,-26.6448639992423,0.0 -48.9173295,-26.6448783992423,0.0 -48.9171143,-26.6449144992423,0.0 -48.9165749,-26.6450566992423,0.0 -48.916367,-26.6451248992423,0.0 -48.9161871,-26.6451701992423,0.0 -48.9160009,-26.6451598992423,0.0 -48.9158394,-26.6450998992423,0.0 -48.9156931,-26.6449885992423,0.0 -48.9155383,-26.6447543992423,0.0 -48.9153536,-26.6446239992424,0.0 -48.9151702,-26.6445506992423,0.0 -48.9150655,-26.6445273992423,0.0 -48.9149736,-26.6445198992424,0.0 -48.9148776,-26.6445318992424,0.0 -48.914788,-26.6445775992424,0.0 -48.9147645,-26.6446126992423,0.0 -48.9147511,-26.6446572992424,0.0 -48.9147246,-26.6447591992423,0.0 -48.9147009,-26.6448134992423,0.0 -48.9146611,-26.6448689992424,0.0 -48.9145177,-26.6450562992423,0.0 -48.9143273,-26.6452307992423,0.0 -48.9140869,-26.6454180992423,0.0 -48.9138823,-26.6455649992423,0.0 -48.9136711,-26.6456587992423,0.0 -48.9135459,-26.6457192992423,0.0 -48.9134576,-26.6457997992423,0.0 -48.9133253,-26.6459183992423,0.0 -48.9132431,-26.6460411992423,0.0 -48.912895,-26.6464359992423,0.0 -48.9127358,-26.6466411992423,0.0 -48.9124137,-26.6469301992423,0.0 -48.9122299,-26.6470427992423,0.0 -48.9116708,-26.6472778992423,0.0 -48.9114967,-26.6474088992423,0.0 -48.9114296,-26.6474801992423,0.0 -48.911389,-26.6475697992423,0.0 -48.9113331,-26.6477049992423,0.0 -48.9112979,-26.6478389992423,0.0 -48.9112169,-26.6481379992423,0.0 -48.9111844,-26.6483686992423,0.0 -48.9110969,-26.6488702992423,0.0 -48.9110422,-26.6491588992423,0.0 -48.9109658,-26.6494089992423,0.0 -48.9109392,-26.6494687992422,0.0 -48.9109126,-26.6495286992423,0.0 -48.9108222,-26.6496244992423,0.0 -48.9106238,-26.6497573992422,0.0 -48.9104437,-26.6499087992422,0.0 -48.9102734,-26.6501386992422,0.0 -48.9102102,-26.6503797992422,0.0 -48.9101731,-26.6506553992422,0.0 -48.9101237,-26.6508271992422,0.0 -48.9100356,-26.6509944992422,0.0 -48.910008,-26.6510808992422,0.0 -48.909997,-26.6511998992422,0.0 -48.9100106,-26.6512898992422,0.0 -48.9100264,-26.6514470992422,0.0 -48.9100047,-26.6515965992422,0.0 -48.9099606,-26.6516965992422,0.0 -48.9098873,-26.6517780992422,0.0 -48.9098181,-26.6518536992422,0.0 -48.9097251,-26.6519115992422,0.0 -48.9095687,-26.6519207992422,0.0 -48.9093885,-26.6519144992422,0.0 -48.9091997,-26.6518944992422,0.0 -48.9090427,-26.6518977992422,0.0 -48.9089251,-26.6519236992422,0.0 -48.9088375,-26.6519301992422,0.0 -48.9086895,-26.6519081992422,0.0 -48.9085962,-26.6518896992422,0.0 -48.9084943,-26.6518706992422,0.0 -48.9084229,-26.6518573992422,0.0 -48.9083731,-26.6518400992422,0.0 -48.9083271,-26.6518119992422,0.0 -48.9082118,-26.6517227992422,0.0 -48.9081498,-26.6516528992422,0.0 -48.9081167,-26.6516139992422,0.0 -48.9080368,-26.6515519992422,0.0 -48.9079384,-26.6514919992422,0.0 -48.9077617,-26.6513917992422,0.0 -48.9074804,-26.6512536992422,0.0 -48.9071312,-26.6509593992422,0.0 -48.9070115,-26.6508239992422,0.0 -48.9069394,-26.6506477992422,0.0 -48.9069181,-26.6504514992422,0.0 -48.9068301,-26.6502600992422,0.0 -48.9066529,-26.6500670992422,0.0 -48.9064575,-26.6498700992422,0.0 -48.9062415,-26.6496811992422,0.0 -48.9059782,-26.6495470992423,0.0 -48.9057555,-26.6494645992423,0.0 -48.9053351,-26.6492600992423,0.0 -48.9051165,-26.6491608992423,0.0 -48.9048176,-26.6489854992423,0.0 -48.9047791,-26.6489648992423,0.0 -48.9047386,-26.6489554992423,0.0 -48.9045785,-26.6489415992423,0.0 -48.9041348,-26.6489182992423,0.0 -48.9037254,-26.6488746992423,0.0 -48.9031676,-26.6487480992423,0.0 -48.9028877,-26.6486543992423,0.0 -48.9026341,-26.6486135992423,0.0 -48.9020888,-26.6484534992423,0.0 -48.9016645,-26.6482426992423,0.0 -48.9015245,-26.6481940992423,0.0 -48.9013657,-26.6481748992423,0.0 -48.901203,-26.6481869992423,0.0 -48.9010318,-26.6482313992423,0.0 -48.9007838,-26.6483827992423,0.0 -48.9005522,-26.6486345992423,0.0 -48.9004081,-26.6488051992423,0.0 -48.9002607,-26.6490253992423,0.0 -48.9001466,-26.6492572992423,0.0 -48.9000867,-26.6494072992423,0.0 -48.9000463,-26.6495693992423,0.0 -48.9000301,-26.6497224992423,0.0 -48.9000474,-26.6498610992422,0.0 -48.9001085,-26.6500124992422,0.0 -48.9002329,-26.6502428992422,0.0 -48.9002774,-26.6503946992422,0.0 -48.9002932,-26.6505103992422,0.0 -48.9002755,-26.6506409992422,0.0 -48.9002049,-26.6509150992422,0.0 -48.9000954,-26.6513238992422,0.0 -48.9000125,-26.6516412992422,0.0 -48.8999693,-26.6519737992422,0.0 -48.8998999,-26.6522659992422,0.0 -48.8998607,-26.6525787992422,0.0 -48.8998091,-26.6528246992422,0.0 -48.8997575,-26.6530083992422,0.0 -48.8996776,-26.6532805992422,0.0 -48.8995978,-26.6535527992422,0.0 -48.8995407,-26.6537499992422,0.0 -48.8994625,-26.6539765992422,0.0 -48.8994111,-26.6542646992422,0.0 -48.8993959,-26.6544592992422,0.0 -48.8994146,-26.6546394992422,0.0 -48.899425,-26.6547898992422,0.0 -48.8993998,-26.6549380992421,0.0 -48.8993399,-26.6551952992421,0.0 -48.8992318,-26.6557228992421,0.0 -48.8990847,-26.6563338992421,0.0 -48.8990272,-26.6567872992421,0.0 -48.8989966,-26.6569464992421,0.0 -48.8989207,-26.6572113992421,0.0 -48.89888,-26.6573635992421,0.0 -48.8988248,-26.6581270992421,0.0 -48.8987985,-26.6582802992421,0.0 -48.8987617,-26.6583541992421,0.0 -48.8987116,-26.6584110992421,0.0 -48.8986536,-26.6584486992421,0.0 -48.8985907,-26.6584758992421,0.0 -48.898436,-26.6584943992421,0.0 -48.8974246,-26.6584257992421,0.0 -48.8969067,-26.6584487992421,0.0 -48.8967293,-26.6584186992421,0.0 -48.8965292,-26.6583648992421,0.0 -48.8961909,-26.6582524992421,0.0 -48.8959714,-26.6581351992421,0.0 -48.8957784,-26.6580492992421,0.0 -48.895596,-26.6579412992421,0.0 -48.8951515,-26.6577823992421,0.0 -48.8949108,-26.6576732992421,0.0 -48.8946584,-26.6576161992421,0.0 -48.894562,-26.6576126992421,0.0 -48.8944613,-26.6576239992421,0.0 -48.8942275,-26.6577077992421,0.0 -48.8940509,-26.6577518992421,0.0 -48.8938029,-26.6577722992421,0.0 -48.8936321,-26.6577576992421,0.0 -48.893462,-26.6577233992421,0.0 -48.8930154,-26.6575463992421,0.0 -48.8926807,-26.6574491992421,0.0 -48.8925681,-26.6574198992421,0.0 -48.8924387,-26.6574086992421,0.0 -48.8920752,-26.6574485992421,0.0 -48.8913931,-26.6574601992421,0.0 -48.8909411,-26.6574499992421,0.0 -48.8906295,-26.6574104992421,0.0 -48.8903858,-26.6574268992421,0.0 -48.8902685,-26.6574300992421,0.0 -48.8901613,-26.6574215992421,0.0 -48.8900212,-26.6574243992421,0.0 -48.8898788,-26.6574240992421,0.0 -48.8894663,-26.6574322992421,0.0 -48.8894054,-26.6574319992421,0.0 -48.8893324,-26.6574324992421,0.0 -48.8892609,-26.6574515992421,0.0 -48.8892353,-26.6574600992421,0.0 -48.8892143,-26.6574793992421,0.0 -48.8891677,-26.6575297992421,0.0 -48.8891328,-26.6575566992421,0.0 -48.8891098,-26.6575700992421,0.0 -48.8890792,-26.6575756992421,0.0 -48.8890189,-26.6575684992421,0.0 -48.8886148,-26.6575387992421,0.0 -48.8884671,-26.6575399992421,0.0 -48.8882674,-26.6575616992421,0.0 -48.8880643,-26.6576130992421,0.0 -48.8879154,-26.6576858992421,0.0 -48.8878568,-26.6577147992421,0.0 -48.8877728,-26.6577787992421,0.0 -48.8877029,-26.6578091992421,0.0 -48.8876487,-26.6578257992421,0.0 -48.8875934,-26.6578319992421,0.0 -48.8873201,-26.6578367992421,0.0 -48.8872007,-26.6578566992421,0.0 -48.887114,-26.6578833992421,0.0 -48.8870507,-26.6579250992421,0.0 -48.8869999,-26.6579760992421,0.0 -48.8869037,-26.6580347992421,0.0 -48.8867976,-26.6580753992421,0.0 -48.8866531,-26.6581041992421,0.0 -48.8864984,-26.6581211992421,0.0 -48.8863717,-26.6581211992421,0.0 -48.8862623,-26.6581345992421,0.0 -48.8859421,-26.6582133992421,0.0 -48.8856515,-26.6582500992421,0.0 -48.88554,-26.6582522992421,0.0 -48.8854495,-26.6582425992421,0.0 -48.8853595,-26.6582234992421,0.0 -48.8852577,-26.6581891992421,0.0 -48.8851702,-26.6581248992421,0.0 -48.8851054,-26.6580499992421,0.0 -48.8848858,-26.6576418992421,0.0 -48.8845081,-26.6570484992421,0.0 -48.8844557,-26.6568821992421,0.0 -48.8844502,-26.6567055992421,0.0 -48.8844826,-26.6565477992421,0.0 -48.8845425,-26.6563537992421,0.0 -48.884576,-26.6562014992421,0.0 -48.8845874,-26.6560219992421,0.0 -48.8845739,-26.6559243992421,0.0 -48.8845481,-26.6558577992421,0.0 -48.8843492,-26.6555717992421,0.0 -48.8843051,-26.6554935992421,0.0 -48.8842841,-26.6554517992421,0.0 -48.8842749,-26.6554053992421,0.0 -48.8842683,-26.6552339992421,0.0 -48.8842635,-26.6551894992421,0.0 -48.8842502,-26.6551459992421,0.0 -48.8841503,-26.6549311992422,0.0 -48.8840981,-26.6547704992422,0.0 -48.8840669,-26.6545261992421,0.0 -48.8840552,-26.6540899992422,0.0 -48.8840003,-26.6534622992422,0.0 -48.8839924,-26.6526243992422,0.0 -48.8840034,-26.6521223992422,0.0 -48.884012,-26.6518653992422,0.0 -48.883993,-26.6515810992422,0.0 -48.8839412,-26.6513693992422,0.0 -48.8836325,-26.6507812992422,0.0 -48.8832723,-26.6499351992423,0.0 -48.8830618,-26.6494698992423,0.0 -48.8829647,-26.6493371992423,0.0 -48.8828414,-26.6492327992423,0.0 -48.8827148,-26.6491732992423,0.0 -48.8825513,-26.6490764992423,0.0 -48.882451,-26.6489945992423,0.0 -48.8823754,-26.6488992992423,0.0 -48.8823233,-26.6488634992423,0.0 -48.882258,-26.6488460992423,0.0 -48.881667,-26.6487118992423,0.0 -48.881527,-26.6487057992423,0.0 -48.8814523,-26.6486909992423,0.0 -48.8814119,-26.6486411992423,0.0 -48.8813903,-26.6485777992423,0.0 -48.8814062,-26.6485058992423,0.0 -48.8814651,-26.6484059992423,0.0 -48.8816344,-26.6480338992423,0.0 -48.8817581,-26.6476994992423,0.0 -48.8819837,-26.6467821992423,0.0 -48.8821864,-26.6459987992423,0.0 -48.8807428,-26.6442836992424,0.0 -48.8807212,-26.6436103992424,0.0 -48.8804363,-26.6429302992424,0.0 -48.8802165,-26.6424965992424,0.0 -48.8799843,-26.6421334992424,0.0 -48.8798544,-26.6419568992424,0.0 -48.8797697,-26.6418124992424,0.0 -48.8797136,-26.6417360992424,0.0 -48.8796257,-26.6416862992424,0.0 -48.8795249,-26.6416530992424,0.0 -48.8794332,-26.6416378992424,0.0 -48.879332,-26.6416443992424,0.0 -48.8792424,-26.6416653992424,0.0 -48.8788711,-26.6417567992424,0.0 -48.8786861,-26.6417962992424,0.0 -48.8784858,-26.6418130992424,0.0 -48.8782836,-26.6417609992424,0.0 -48.8781683,-26.6416998992424,0.0 -48.8780341,-26.6416501992424,0.0 -48.8779212,-26.6415870992424,0.0 -48.8777358,-26.6415259992424,0.0 -48.8775679,-26.6414796992424,0.0 -48.8774329,-26.6414625992424,0.0 -48.8772832,-26.6414364992424,0.0 -48.8769236,-26.6414277992424,0.0 -48.8766346,-26.6413183992424,0.0 -48.8765385,-26.6412950992424,0.0 -48.8764457,-26.6412901992424,0.0 -48.8762278,-26.6413069992424,0.0 -48.8760333,-26.6413518992424,0.0 -48.8756772,-26.6414725992424,0.0 -48.8755631,-26.6414908992424,0.0 -48.8754402,-26.6414813992424,0.0 -48.87504,-26.6414003992424,0.0 -48.8748776,-26.6413382992424,0.0 -48.8745022,-26.6411948992424,0.0 -48.8740573,-26.6413151992424,0.0 -48.8737561,-26.6420938992424,0.0 -48.8730749,-26.6421972992424,0.0 -48.8724241,-26.6422580992424,0.0 -48.8717489,-26.6422762992424,0.0 -48.8713536,-26.6423006992424,0.0 -48.8711103,-26.6422336992424,0.0 -48.870867,-26.6418809992424,0.0 -48.8706662,-26.6413821992424,0.0 -48.8703909,-26.6407140992424,0.0 -48.8703071,-26.6404537992424,0.0 -48.8702584,-26.6402215992424,0.0 -48.8701727,-26.6399434992425,0.0 -48.8700936,-26.6395436992424,0.0 -48.8699938,-26.6389207992425,0.0 -48.8699756,-26.6385866992425,0.0 -48.8699905,-26.6383091992425,0.0 -48.8700702,-26.6380192992425,0.0 -48.8701166,-26.6378066992425,0.0 -48.8701302,-26.6375795992425,0.0 -48.8701246,-26.6373837992425,0.0 -48.8700953,-26.6372080992425,0.0 -48.8700565,-26.6370974992425,0.0 -48.8699874,-26.6370101992425,0.0 -48.8699864,-26.6370088992425,0.0 -48.8698393,-26.6369323992425,0.0 -48.8696613,-26.6368921992425,0.0 -48.8694904,-26.6368781992425,0.0 -48.8692796,-26.6369053992425,0.0 -48.8691249,-26.6368921992425,0.0 -48.8689916,-26.6368861992425,0.0 -48.8688462,-26.6369220992425,0.0 -48.8686588,-26.6369957992425,0.0 -48.8684852,-26.6371004992425,0.0 -48.868363,-26.6371608992425,0.0 -48.8682387,-26.6371926992425,0.0 -48.8680863,-26.6372120992425,0.0 -48.8678683,-26.6372014992425,0.0 -48.8672812,-26.6372036992425,0.0 -48.8671271,-26.6372239992425,0.0 -48.8668749,-26.6372989992425,0.0 -48.8665023,-26.6374423992425,0.0 -48.8662941,-26.6375439992425,0.0 -48.8662392,-26.6375606992425,0.0 -48.8661765,-26.6375676992425,0.0 -48.8659288,-26.6375657992425,0.0 -48.8656236,-26.6374809992425,0.0 -48.8655418,-26.6374648992425,0.0 -48.8654574,-26.6374636992425,0.0 -48.865029,-26.6375129992425,0.0 -48.8646475,-26.6375687992425,0.0 -48.8644939,-26.6375547992425,0.0 -48.8643646,-26.6375046992425,0.0 -48.8642682,-26.6374362992425,0.0 -48.864199,-26.6373339992425,0.0 -48.864106,-26.6372624992425,0.0 -48.8639725,-26.6372129992425,0.0 -48.8635929,-26.6371588992425,0.0 -48.8629514,-26.6371155992425,0.0 -48.8621621,-26.6370278992425,0.0 -48.8619713,-26.6369618992425,0.0 -48.8618233,-26.6368868992425,0.0 -48.8616978,-26.6367794992425,0.0 -48.8615888,-26.6366523992425,0.0 -48.8614441,-26.6364097992425,0.0 -48.8613376,-26.6360797992425,0.0 -48.861296,-26.6358143992425,0.0 -48.8612527,-26.6355577992425,0.0 -48.861181,-26.6354107992425,0.0 -48.8611186,-26.6353532992425,0.0 -48.8610481,-26.6353317992425,0.0 -48.8608872,-26.6353008992425,0.0 -48.86069,-26.6352926992425,0.0 -48.8602207,-26.6351893992425,0.0 -48.8595634,-26.6350209992425,0.0 -48.8592317,-26.6349433992425,0.0 -48.8589927,-26.6348874992425,0.0 -48.8585291,-26.6348364992425,0.0 -48.8581642,-26.6348050992426,0.0 -48.8572359,-26.6346860992425,0.0 -48.8562658,-26.6344933992426,0.0 -48.8558212,-26.6347370992425,0.0 -48.8556273,-26.6347279992425,0.0 -48.8554574,-26.6346885992426,0.0 -48.855362,-26.6346699992425,0.0 -48.855224,-26.6346625992425,0.0 -48.854981,-26.6346942992426,0.0 -48.8549284,-26.6346925992425,0.0 -48.8548668,-26.6346828992425,0.0 -48.8547452,-26.6346455992425,0.0 -48.8545441,-26.6345736992426,0.0 -48.8544056,-26.6345047992425,0.0 -48.8543486,-26.6344764992425,0.0 -48.8541655,-26.6343604992426,0.0 -48.8540588,-26.6342893992426,0.0 -48.8539221,-26.6342228992426,0.0 -48.8537412,-26.6341540992426,0.0 -48.8535083,-26.6340698992426,0.0 -48.8534737,-26.6340572992426,0.0 -48.853211,-26.6339968992426,0.0 -48.8531314,-26.6339713992426,0.0 -48.8530506,-26.6339351992426,0.0 -48.852883,-26.6338430992426,0.0 -48.8527598,-26.6337917992426,0.0 -48.8526503,-26.6337324992426,0.0 -48.852346,-26.6334218992426,0.0 -48.8522448,-26.6332760992426,0.0 -48.8520821,-26.6329288992426,0.0 -48.8520507,-26.6326885992426,0.0 -48.8520007,-26.6325058992426,0.0 -48.8519289,-26.6323957992426,0.0 -48.8518437,-26.6323013992426,0.0 -48.8517597,-26.6322415992426,0.0 -48.8515061,-26.6321062992426,0.0 -48.8513016,-26.6319864992426,0.0 -48.8510368,-26.6319133992426,0.0 -48.8503142,-26.6319630992426,0.0 -48.8501971,-26.6319762992426,0.0 -48.8496427,-26.6320173992426,0.0 -48.8495044,-26.6320038992426,0.0 -48.8493745,-26.6319634992426,0.0 -48.8489542,-26.6318430992426,0.0 -48.8483734,-26.6316242992426,0.0 -48.8477968,-26.6313762992426,0.0 -48.8476463,-26.6313227992426,0.0 -48.8475004,-26.6313040992426,0.0 -48.8471582,-26.6313517992426,0.0 -48.8469702,-26.6313640992426,0.0 -48.8467751,-26.6313510992426,0.0 -48.8465892,-26.6313076992426,0.0 -48.8463707,-26.6312388992426,0.0 -48.8461839,-26.6311808992426,0.0 -48.8459634,-26.6311388992426,0.0 -48.8454149,-26.6311307992426,0.0 -48.8451093,-26.6311457992426,0.0 -48.8450372,-26.6311178992426,0.0 -48.8449683,-26.6310768992426,0.0 -48.8448592,-26.6309736992426,0.0 -48.8447874,-26.6308689992426,0.0 -48.8447424,-26.6307180992426,0.0 -48.8447355,-26.6305529992426,0.0 -48.8447666,-26.6302949992426,0.0 -48.8447677,-26.6302236992426,0.0 -48.8447468,-26.6301493992426,0.0 -48.8446582,-26.6299748992426,0.0 -48.8446023,-26.6298345992426,0.0 -48.8445658,-26.6296666992426,0.0 -48.844552,-26.6294399992426,0.0 -48.8445387,-26.6291176992427,0.0 -48.8444987,-26.6289780992427,0.0 -48.8444333,-26.6288528992427,0.0 -48.8443465,-26.6287596992427,0.0 -48.844231,-26.6286521992427,0.0 -48.8441615,-26.6285420992427,0.0 -48.844073,-26.6283156992427,0.0 -48.8439493,-26.6279949992427,0.0 -48.8438607,-26.6277958992427,0.0 -48.8437456,-26.6276651992427,0.0 -48.8435974,-26.6275977992427,0.0 -48.8434324,-26.6275560992427,0.0 -48.8432362,-26.6275504992427,0.0 -48.8430263,-26.6275220992427,0.0 -48.8427466,-26.6275047992427,0.0 -48.8426228,-26.6274542992427,0.0 -48.8425145,-26.6273677992427,0.0 -48.8419968,-26.6269389992427,0.0 -48.8418511,-26.6268246992427,0.0 -48.8417683,-26.6267938992427,0.0 -48.8416756,-26.6267891992427,0.0 -48.8415922,-26.6267997992427,0.0 -48.8415079,-26.6268381992427,0.0 -48.8414418,-26.6268874992427,0.0 -48.8413889,-26.6269676992427,0.0 -48.8412925,-26.6271205992427,0.0 -48.8411821,-26.6273507992427,0.0 -48.8411741,-26.6274942992427,0.0 -48.8411922,-26.6276543992427,0.0 -48.8412125,-26.6277414992427,0.0 -48.8412518,-26.6278138992427,0.0 -48.8413524,-26.6279939992427,0.0 -48.8413938,-26.6281490992427,0.0 -48.8414083,-26.6282888992427,0.0 -48.841397,-26.6283747992427,0.0 -48.8413435,-26.6284533992427,0.0 -48.8412706,-26.6285054992427,0.0 -48.8411851,-26.6285432992427,0.0 -48.8410241,-26.6285820992427,0.0 -48.8401492,-26.6288692992427,0.0 -48.8389929,-26.6293733992427,0.0 -48.8387721,-26.6294367992426,0.0 -48.8386546,-26.6294579992426,0.0 -48.8385251,-26.6294563992426,0.0 -48.8384533,-26.6294442992426,0.0 -48.8383786,-26.6294139992426,0.0 -48.8383079,-26.6293623992426,0.0 -48.8382786,-26.6293487992426,0.0 -48.8382537,-26.6293433992427,0.0 -48.8382288,-26.6293424992427,0.0 -48.8382005,-26.6293457992426,0.0 -48.8381638,-26.6293563992426,0.0 -48.8381434,-26.6293686992427,0.0 -48.8381332,-26.6293807992427,0.0 -48.8381219,-26.6293982992427,0.0 -48.838114,-26.6294043992426,0.0 -48.8379161,-26.6295763992426,0.0 -48.8376074,-26.6297134992426,0.0 -48.837335,-26.6298091992426,0.0 -48.8370019,-26.6298538992426,0.0 -48.8365035,-26.6297378992426,0.0 -48.8363392,-26.6296946992426,0.0 -48.8361915,-26.6296552992426,0.0 -48.8360855,-26.6296232992426,0.0 -48.835958,-26.6295595992426,0.0 -48.8358734,-26.6294814992426,0.0 -48.8345606,-26.6293870992426,0.0 -48.8344024,-26.6293566992426,0.0 -48.8342457,-26.6293828992426,0.0 -48.8341468,-26.6294152992427,0.0 -48.834075,-26.6295103992427,0.0 -48.8340182,-26.6296404992426,0.0 -48.833973,-26.6297831992426,0.0 -48.8339218,-26.6299719992426,0.0 -48.8339052,-26.6300382992426,0.0 -48.8339056,-26.6301030992426,0.0 -48.8339088,-26.6302132992426,0.0 -48.8339379,-26.6303273992426,0.0 -48.8340498,-26.6306898992426,0.0 -48.8340825,-26.6308988992426,0.0 -48.8339689,-26.6311693992426,0.0 -48.8339353,-26.6312542992426,0.0 -48.833893,-26.6313345992426,0.0 -48.8338501,-26.6314111992426,0.0 -48.8337857,-26.6314787992426,0.0 -48.8336655,-26.6315778992426,0.0 -48.833524,-26.6317565992426,0.0 -48.8334745,-26.6317933992426,0.0 -48.833426,-26.6318138992426,0.0 -48.8334123,-26.6318244992426,0.0 -48.8334012,-26.6318400992426,0.0 -48.8333929,-26.6318543992426,0.0 -48.8333871,-26.6318713992426,0.0 -48.833384,-26.6319033992426,0.0 -48.8333836,-26.6319366992426,0.0 -48.833385,-26.6319834992426,0.0 -48.8333901,-26.6320402992426,0.0 -48.8333931,-26.6320899992426,0.0 -48.8333882,-26.6321312992426,0.0 -48.8333777,-26.6321710992426,0.0 -48.8333618,-26.6322006992426,0.0 -48.8333339,-26.6322232992426,0.0 -48.8331462,-26.6323248992426,0.0 -48.8330555,-26.6324136992426,0.0 -48.8330128,-26.6324813992426,0.0 -48.8329795,-26.6325556992426,0.0 -48.8329179,-26.6327347992426,0.0 -48.8328977,-26.6330144992426,0.0 -48.8328869,-26.6333406992426,0.0 -48.8328631,-26.6335687992426,0.0 -48.8328158,-26.6337548992426,0.0 -48.8327545,-26.6339968992426,0.0 -48.8326108,-26.6341845992426,0.0 -48.8322291,-26.6348037992425,0.0 -48.8321815,-26.6348960992425,0.0 -48.8321795,-26.6349558992425,0.0 -48.8321968,-26.6350262992425,0.0 -48.8322909,-26.6353733992425,0.0 -48.832409,-26.6358063992425,0.0 -48.8325254,-26.6363984992425,0.0 -48.8325469,-26.6366729992425,0.0 -48.8325623,-26.6369128992425,0.0 -48.8325901,-26.6375159992425,0.0 -48.832621,-26.6377924992425,0.0 -48.8326954,-26.6381097992425,0.0 -48.8327495,-26.6385344992425,0.0 -48.8326726,-26.6388847992425,0.0 -48.8326246,-26.6390408992425,0.0 -48.8325483,-26.6391334992425,0.0 -48.8324555,-26.6392009992425,0.0 -48.832342,-26.6392529992425,0.0 -48.8322158,-26.6392946992425,0.0 -48.8321062,-26.6393661992425,0.0 -48.8320035,-26.6394604992424,0.0 -48.8319145,-26.6395942992425,0.0 -48.8318715,-26.6396550992425,0.0 -48.8318164,-26.6397071992425,0.0 -48.8316616,-26.6398189992424,0.0 -48.8314472,-26.6399349992424,0.0 -48.8311012,-26.6399815992424,0.0 -48.8308755,-26.6400487992424,0.0 -48.830642,-26.6401677992424,0.0 -48.8305549,-26.6402106992424,0.0 -48.8304863,-26.6402626992424,0.0 -48.8303162,-26.6403858992424,0.0 -48.830265,-26.6404120992424,0.0 -48.8302398,-26.6404172992424,0.0 -48.830211,-26.6404168992424,0.0 -48.8300958,-26.6404137992424,0.0 -48.8299461,-26.6403971992424,0.0 -48.8295264,-26.6403594992424,0.0 -48.8290696,-26.6402711992424,0.0 -48.8287227,-26.6401491992424,0.0 -48.8285793,-26.6400820992424,0.0 -48.8280361,-26.6397313992424,0.0 -48.8277231,-26.6395374992425,0.0 -48.8274412,-26.6393479992425,0.0 -48.8271652,-26.6392577992425,0.0 -48.8271003,-26.6392510992425,0.0 -48.8270383,-26.6392652992425,0.0 -48.8269034,-26.6393482992425,0.0 -48.8267321,-26.6395008992424,0.0 -48.8265914,-26.6395739992425,0.0 -48.8263344,-26.6396258992424,0.0 -48.826087,-26.6396608992424,0.0 -48.8258173,-26.6396194992424,0.0 -48.8255543,-26.6395320992425,0.0 -48.8251917,-26.6393452992425,0.0 -48.8247656,-26.6390316992425,0.0 -48.8238916,-26.6380652992425,0.0 -48.8236764,-26.6378541992425,0.0 -48.8235746,-26.6377857992425,0.0 -48.8234737,-26.6377362992425,0.0 -48.8233498,-26.6377022992425,0.0 -48.8232384,-26.6376860992425,0.0 -48.8231257,-26.6376964992425,0.0 -48.8230337,-26.6377278992425,0.0 -48.8228639,-26.6378362992425,0.0 -48.8226802,-26.6379266992425,0.0 -48.8224965,-26.6379919992425,0.0 -48.8220985,-26.6382267992425,0.0 -48.8214297,-26.6384993992425,0.0 -48.8211801,-26.6386666992425,0.0 -48.8210958,-26.6387575992425,0.0 -48.8210283,-26.6388678992425,0.0 -48.8209349,-26.6390889992425,0.0 -48.8208835,-26.6391598992425,0.0 -48.8208271,-26.6391863992425,0.0 -48.8207499,-26.6391752992425,0.0 -48.8206872,-26.6391376992425,0.0 -48.8206481,-26.6390688992425,0.0 -48.8204161,-26.6386834992425,0.0 -48.8203063,-26.6385832992425,0.0 -48.8201343,-26.6384903992425,0.0 -48.8197483,-26.6383907992425,0.0 -48.8195183,-26.6383236992425,0.0 -48.8193234,-26.6382270992425,0.0 -48.819154,-26.6381107992425,0.0 -48.8189558,-26.6379601992425,0.0 -48.8187563,-26.6378632992425,0.0 -48.8186278,-26.6378455992425,0.0 -48.818486,-26.6378562992425,0.0 -48.8181747,-26.6379552992425,0.0 -48.8178617,-26.6380274992425,0.0 -48.8175005,-26.6382046992425,0.0 -48.8172493,-26.6383808992425,0.0 -48.8171804,-26.6384499992425,0.0 -48.8171267,-26.6385433992425,0.0 -48.8170551,-26.6387484992425,0.0 -48.8169899,-26.6390801992425,0.0 -48.8170278,-26.6394516992424,0.0 -48.8170517,-26.6396925992424,0.0 -48.8171427,-26.6408228992424,0.0 -48.8171956,-26.6412841992424,0.0 -48.8172686,-26.6416492992424,0.0 -48.8173302,-26.6418957992424,0.0 -48.817327,-26.6421595992424,0.0 -48.8173095,-26.6423968992424,0.0 -48.8172412,-26.6426126992424,0.0 -48.8171389,-26.6428564992424,0.0 -48.8169489,-26.6433439992424,0.0 -48.816827,-26.6436028992424,0.0 -48.8168023,-26.6436679992424,0.0 -48.8167988,-26.6437523992424,0.0 -48.8168125,-26.6439295992424,0.0 -48.8168665,-26.6441877992424,0.0 -48.8169355,-26.6446614992423,0.0 -48.8169357,-26.6448051992424,0.0 -48.8169359,-26.6449487992423,0.0 -48.8169234,-26.6450695992423,0.0 -48.8168876,-26.6451647992423,0.0 -48.8166839,-26.6455687992423,0.0 -48.8162721,-26.6460462992423,0.0 -48.8158993,-26.6464963992423,0.0 -48.8158086,-26.6466632992423,0.0 -48.8157815,-26.6467554992423,0.0 -48.8157694,-26.6468749992423,0.0 -48.8157461,-26.6470252992423,0.0 -48.8157549,-26.6471915992423,0.0 -48.8157615,-26.6473500992423,0.0 -48.81582,-26.6474907992423,0.0 -48.8160617,-26.6478898992423,0.0 -48.8162238,-26.6481958992423,0.0 -48.8162719,-26.6483300992423,0.0 -48.816275,-26.6484211992423,0.0 -48.8162742,-26.6485499992423,0.0 -48.8162429,-26.6486893992423,0.0 -48.8160384,-26.6491842992423,0.0 -48.8159031,-26.6494358992423,0.0 -48.8157817,-26.6495788992423,0.0 -48.8153496,-26.6502430992422,0.0 -48.8152915,-26.6503279992422,0.0 -48.8152063,-26.6504302992422,0.0 -48.8151704,-26.6505140992422,0.0 -48.8149893,-26.6511780992422,0.0 -48.8149457,-26.6515316992422,0.0 -48.8149408,-26.6515912992422,0.0 -48.8149526,-26.6516508992422,0.0 -48.8150085,-26.6517654992422,0.0 -48.8150207,-26.6517999992422,0.0 -48.8150531,-26.6518912992422,0.0 -48.8151169,-26.6523538992422,0.0 -48.8151239,-26.6527386992422,0.0 -48.8151585,-26.6531517992422,0.0 -48.8152739,-26.6535526992422,0.0 -48.8153465,-26.6537449992422,0.0 -48.8154804,-26.6539348992422,0.0 -48.815538,-26.6541830992422,0.0 -48.8155446,-26.6545736992422,0.0 -48.8154716,-26.6551297992421,0.0 -48.8154459,-26.6555629992421,0.0 -48.8153965,-26.6562421992421,0.0 -48.8154574,-26.6566002992421,0.0 -48.8155324,-26.6570992992421,0.0 -48.8147892,-26.6569772992421,0.0 -48.8143697,-26.6570870992421,0.0 -48.8140528,-26.6573025992421,0.0 -48.8138345,-26.6573350992421,0.0 -48.8135343,-26.6573797992421,0.0 -48.8130413,-26.6576626992421,0.0 -48.8125217,-26.6576380992421,0.0 -48.8122222,-26.6574676992421,0.0 -48.8119735,-26.6573277992421,0.0 -48.8116223,-26.6572532992421,0.0 -48.811297,-26.6572123992421,0.0 -48.8109985,-26.6572295992421,0.0 -48.810631,-26.6572776992421,0.0 -48.8103322,-26.6573559992421,0.0 -48.8099285,-26.6574592992421,0.0 -48.8095927,-26.6575273992421,0.0 -48.8093013,-26.6576176992421,0.0 -48.8090275,-26.6576575992421,0.0 -48.808754,-26.6576637992421,0.0 -48.8084156,-26.6576188992421,0.0 -48.8081287,-26.6576074992421,0.0 -48.8080645,-26.6576315992421,0.0 -48.8080627,-26.6576489992421,0.0 -48.8080617,-26.6576678992421,0.0 -48.8080619,-26.6576888992421,0.0 -48.8080629,-26.6577003992421,0.0 -48.8080649,-26.6577124992421,0.0 -48.808068,-26.6577253992421,0.0 -48.8080725,-26.6577389992421,0.0 -48.8080784,-26.6577535992421,0.0 -48.8080918,-26.6577803992421,0.0 -48.8080988,-26.6577923992421,0.0 -48.8081067,-26.6578040992421,0.0 -48.8081263,-26.6578293992421,0.0 -48.8081538,-26.6578607992421,0.0 -48.808269,-26.6579866992421,0.0 -48.8082967,-26.6580179992421,0.0 -48.8083064,-26.6580298992421,0.0 -48.8083232,-26.6580529992421,0.0 -48.8083302,-26.6580641992421,0.0 -48.8083419,-26.6580857992421,0.0 -48.8083503,-26.6581063992421,0.0 -48.8083533,-26.6581163992421,0.0 -48.8083555,-26.6581270992421,0.0 -48.8083567,-26.6581390992421,0.0 -48.8083568,-26.6581533992421,0.0 -48.8083558,-26.6581708992421,0.0 -48.8083535,-26.6581923992421,0.0 -48.8083499,-26.6582186992421,0.0 -48.8083448,-26.6582506992421,0.0 -48.8083306,-26.6583310992421,0.0 -48.8083054,-26.6584609992421,0.0 -48.8082908,-26.6585272992421,0.0 -48.8082855,-26.6585475992421,0.0 -48.8082611,-26.6586245992421,0.0 -48.8082372,-26.6586907992421,0.0 -48.8082139,-26.6587475992421,0.0 -48.8081917,-26.6587960992421,0.0 -48.8081706,-26.6588375992421,0.0 -48.808151,-26.6588733992421,0.0 -48.8081172,-26.6589325992421,0.0 -48.8081142,-26.6589719992421,0.0 -48.8081053,-26.6590522992421,0.0 -48.8080943,-26.6591303992421,0.0 -48.8080636,-26.6593227992421,0.0 -48.8080584,-26.6593649992421,0.0 -48.808057,-26.6593957992421,0.0 -48.8080585,-26.6594131992421,0.0 -48.8080624,-26.659429299242,0.0 -48.8080655,-26.6594371992421,0.0 -48.8080742,-26.6594532992421,0.0 -48.8080797,-26.6594616992421,0.0 -48.8080925,-26.6594781992421,0.0 -48.808107,-26.6594937992421,0.0 -48.8081221,-26.6595076992421,0.0 -48.8081446,-26.6595244992421,0.0 -48.8082546,-26.6596003992421,0.0 -48.8082878,-26.6596242992421,0.0 -48.8083271,-26.6596553992421,0.0 -48.8083469,-26.6596734992421,0.0 -48.808355,-26.6596818992421,0.0 -48.8083679,-26.6596976992421,0.0 -48.808373,-26.6597052992421,0.0 -48.8083805,-26.6597199992421,0.0 -48.8083832,-26.6597272992421,0.0 -48.8083871,-26.6597420992421,0.0 -48.8083892,-26.659757599242,0.0 -48.8083897,-26.6597734992421,0.0 -48.8083883,-26.6597895992421,0.0 -48.808387,-26.6597975992421,0.0 -48.8083828,-26.6598131992421,0.0 -48.80838,-26.659820999242,0.0 -48.8083726,-26.6598364992421,0.0 -48.808368,-26.659844499242,0.0 -48.8083568,-26.6598611992421,0.0 -48.8083429,-26.6598793992421,0.0 -48.8083261,-26.6598993992421,0.0 -48.8082079,-26.660032499242,0.0 -48.8081708,-26.660075499242,0.0 -48.8081495,-26.660101199242,0.0 -48.8081229,-26.660135499242,0.0 -48.8081087,-26.660156499242,0.0 -48.8080969,-26.660176499242,0.0 -48.8080874,-26.660195899242,0.0 -48.8080766,-26.660224699242,0.0 -48.8080712,-26.660243999242,0.0 -48.8080668,-26.660263599242,0.0 -48.8080633,-26.660283299242,0.0 -48.8080595,-26.660312699242,0.0 -48.808057,-26.660341299242,0.0 -48.8080562,-26.660360799242,0.0 -48.8080561,-26.660393699242,0.0 -48.8080569,-26.660419599242,0.0 -48.808059,-26.660448399242,0.0 -48.8080609,-26.660463099242,0.0 -48.8080635,-26.660477699242,0.0 -48.8080669,-26.660491899242,0.0 -48.8080714,-26.660505299242,0.0 -48.808077,-26.660517799242,0.0 -48.808097,-26.660553299242,0.0 -48.8081209,-26.660591199242,0.0 -48.8082098,-26.660721999242,0.0 -48.8082429,-26.660771999242,0.0 -48.8082769,-26.660825599242,0.0 -48.8083109,-26.660882999242,0.0 -48.8083629,-26.661032899242,0.0 -48.8083741,-26.661063099242,0.0 -48.8083906,-26.661103999242,0.0 -48.8084029,-26.661129999242,0.0 -48.8084209,-26.661162999242,0.0 -48.8084384,-26.661192799242,0.0 -48.8084688,-26.661241999242,0.0 -48.8084888,-26.661271699242,0.0 -48.8085188,-26.661310999242,0.0 -48.8085548,-26.661354799242,0.0 -48.8085848,-26.661388099242,0.0 -48.8086429,-26.661445899242,0.0 -48.8086878,-26.661491999242,0.0 -48.8087053,-26.661508799242,0.0 -48.808725,-26.661526799242,0.0 -48.8087564,-26.661554099242,0.0 -48.8088185,-26.661605399242,0.0 -48.8088321,-26.661617299242,0.0 -48.8088507,-26.661635899242,0.0 -48.8088624,-26.661650199242,0.0 -48.8088732,-26.661666899242,0.0 -48.808883,-26.661686599242,0.0 -48.8088915,-26.661709999242,0.0 -48.8088951,-26.661722999242,0.0 -48.8089006,-26.661750299242,0.0 -48.8089023,-26.661764199242,0.0 -48.8089032,-26.661777899242,0.0 -48.8089032,-26.661791199242,0.0 -48.8089023,-26.661803899242,0.0 -48.8089007,-26.661815499242,0.0 -48.8088965,-26.661836099242,0.0 -48.8088911,-26.661853899242,0.0 -48.8088847,-26.661870099242,0.0 -48.8088731,-26.661893499242,0.0 -48.8088643,-26.661908799242,0.0 -48.80885,-26.661929999242,0.0 -48.8088399,-26.661942399242,0.0 -48.8088231,-26.661959099242,0.0 -48.8088096,-26.661970099242,0.0 -48.8087934,-26.661982099242,0.0 -48.8087412,-26.662017599242,0.0 -48.8086697,-26.662063899242,0.0 -48.8086467,-26.662081099242,0.0 -48.8086403,-26.662086999242,0.0 -48.8086291,-26.662098999242,0.0 -48.80862,-26.662111099242,0.0 -48.8086019,-26.662137999242,0.0 -48.8085951,-26.662146299242,0.0 -48.8085878,-26.662153099242,0.0 -48.8085795,-26.662158299242,0.0 -48.8085748,-26.662160299242,0.0 -48.8085643,-26.662163299242,0.0 -48.8085528,-26.662164899242,0.0 -48.8085412,-26.662165399242,0.0 -48.8085302,-26.662164999242,0.0 -48.8085205,-26.662163699242,0.0 -48.8085001,-26.662159999242,0.0 -48.8084926,-26.662159399242,0.0 -48.8084849,-26.662159699242,0.0 -48.808477,-26.662161099242,0.0 -48.8084641,-26.662165699242,0.0 -48.8084499,-26.662173599242,0.0 -48.8084404,-26.662180899242,0.0 -48.8084317,-26.662190199242,0.0 -48.8084278,-26.662195599242,0.0 -48.808421,-26.662207899242,0.0 -48.8083999,-26.662257899242,0.0 -48.8083662,-26.662323499242,0.0 -48.8083558,-26.662345199242,0.0 -48.8083443,-26.662374899242,0.0 -48.8083277,-26.662426199242,0.0 -48.808321,-26.662441999242,0.0 -48.8083123,-26.662457499242,0.0 -48.8083007,-26.662472899242,0.0 -48.8082853,-26.662488399242,0.0 -48.8082666,-26.662504099242,0.0 -48.8082181,-26.662541199242,0.0 -48.8082029,-26.662554499242,0.0 -48.8081906,-26.662567599242,0.0 -48.8081808,-26.662581199242,0.0 -48.8081767,-26.662588499242,0.0 -48.8081695,-26.662604699242,0.0 -48.8081574,-26.662636099242,0.0 -48.8081513,-26.662649499242,0.0 -48.8081436,-26.662664899242,0.0 -48.8081338,-26.662682399242,0.0 -48.8081215,-26.662702399242,0.0 -48.8081021,-26.662732599242,0.0 -48.808077,-26.662786699242,0.0 -48.8080638,-26.662820399242,0.0 -48.8080577,-26.662843999242,0.0 -48.8080563,-26.662858699242,0.0 -48.8080565,-26.662866299242,0.0 -48.8080594,-26.662883299242,0.0 -48.8080659,-26.662903999242,0.0 -48.8080763,-26.662929599242,0.0 -48.8081099,-26.663006399242,0.0 -48.8081217,-26.663037999242,0.0 -48.8081266,-26.663053699242,0.0 -48.8081307,-26.663069399242,0.0 -48.8081341,-26.663085499242,0.0 -48.8081367,-26.663102199242,0.0 -48.8081385,-26.663119599242,0.0 -48.8081395,-26.663137999242,0.0 -48.8081397,-26.663157599242,0.0 -48.8081214,-26.663198599242,0.0 -48.8080542,-26.663333299242,0.0 -48.8080283,-26.663387699242,0.0 -48.8080065,-26.663437699242,0.0 -48.807997,-26.663460999242,0.0 -48.8079809,-26.663503999242,0.0 -48.8079683,-26.663542299242,0.0 -48.8079586,-26.663575999242,0.0 -48.8079344,-26.663677199242,0.0 -48.8079104,-26.663765499242,0.0 -48.8078889,-26.663851999242,0.0 -48.8078763,-26.663897499242,0.0 -48.8078658,-26.663930099242,0.0 -48.8078541,-26.663963399242,0.0 -48.8078252,-26.664040199242,0.0 -48.8078042,-26.664093599242,0.0 -48.8077762,-26.664159299242,0.0 -48.8077467,-26.664224899242,0.0 -48.8077106,-26.664302399242,0.0 -48.8076131,-26.664504299242,0.0 -48.8075884,-26.664556599242,0.0 -48.8075233,-26.664702599242,0.0 -48.8075054,-26.664736799242,0.0 -48.8074947,-26.664754699242,0.0 -48.8074812,-26.6647745992419,0.0 -48.8074708,-26.664787299242,0.0 -48.8074647,-26.664792999242,0.0 -48.8074546,-26.664799799242,0.0 -48.8074412,-26.6648062992419,0.0 -48.8074222,-26.664812599242,0.0 -48.8074057,-26.664815299242,0.0 -48.8073945,-26.6648134992419,0.0 -48.8073852,-26.664810099242,0.0 -48.8073775,-26.664806199242,0.0 -48.8073712,-26.664801899242,0.0 -48.8073661,-26.664797299242,0.0 -48.8073621,-26.664792499242,0.0 -48.8073564,-26.664782299242,0.0 -48.8073529,-26.664771899242,0.0 -48.8073505,-26.6647555992419,0.0 -48.8073495,-26.664694399242,0.0 -48.8073486,-26.664681399242,0.0 -48.807347,-26.664670199242,0.0 -48.8073427,-26.664656099242,0.0 -48.8073381,-26.664647699242,0.0 -48.8073317,-26.664639499242,0.0 -48.8073233,-26.664631199242,0.0 -48.8073122,-26.664622899242,0.0 -48.8072981,-26.664614799242,0.0 -48.8072803,-26.664606899242,0.0 -48.8072689,-26.664602699242,0.0 -48.8072361,-26.664592899242,0.0 -48.8072127,-26.664586799242,0.0 -48.8071021,-26.664560599242,0.0 -48.8070817,-26.664562999242,0.0 -48.8070652,-26.664565799242,0.0 -48.8070522,-26.664568999242,0.0 -48.8070421,-26.664572499242,0.0 -48.8070345,-26.664576199242,0.0 -48.8070288,-26.664580099242,0.0 -48.8070246,-26.664584099242,0.0 -48.8070184,-26.664592199242,0.0 -48.8070123,-26.664604399242,0.0 -48.8070096,-26.664617099242,0.0 -48.80701,-26.664630899242,0.0 -48.8070146,-26.664648599242,0.0 -48.8070253,-26.664674099242,0.0 -48.8070431,-26.664710199242,0.0 -48.8070665,-26.664753599242,0.0 -48.8070842,-26.664784399242,0.0 -48.8071123,-26.6648305992419,0.0 -48.807141,-26.664875399242,0.0 -48.8071864,-26.664943899242,0.0 -48.807202,-26.664968799242,0.0 -48.8072154,-26.664992399242,0.0 -48.807221,-26.665003599242,0.0 -48.8072298,-26.6650254992419,0.0 -48.8072358,-26.6650482992419,0.0 -48.8072396,-26.665074399242,0.0 -48.8072416,-26.665105899242,0.0 -48.8072423,-26.665143999242,0.0 -48.8072413,-26.6651851992419,0.0 -48.8072382,-26.6652249992419,0.0 -48.8072357,-26.6652428992419,0.0 -48.8072325,-26.6652587992419,0.0 -48.8072285,-26.6652720992419,0.0 -48.8072238,-26.6652829992419,0.0 -48.8072183,-26.6652918992419,0.0 -48.8072122,-26.6652991992419,0.0 -48.8072053,-26.6653049992419,0.0 -48.8071978,-26.6653097992419,0.0 -48.8071896,-26.6653137992419,0.0 -48.8071714,-26.6653208992419,0.0 -48.8071161,-26.6653388992419,0.0 -48.8070907,-26.6653477992419,0.0 -48.8070639,-26.6653583992419,0.0 -48.8070367,-26.6653701992419,0.0 -48.8069979,-26.6653893992419,0.0 -48.8069749,-26.6654024992419,0.0 -48.8069541,-26.6654163992419,0.0 -48.8069334,-26.6654324992419,0.0 -48.8069108,-26.6654523992419,0.0 -48.8068843,-26.6654775992419,0.0 -48.8068691,-26.6654931992419,0.0 -48.8068522,-26.6655116992419,0.0 -48.8068335,-26.6655336992419,0.0 -48.8068128,-26.6655599992419,0.0 -48.80679,-26.6655910992419,0.0 -48.8067648,-26.6656277992419,0.0 -48.8067371,-26.6656706992419,0.0 -48.8067394,-26.6656797992419,0.0 -48.8067526,-26.6657117992419,0.0 -48.8067559,-26.6657250992419,0.0 -48.8067571,-26.6657400992419,0.0 -48.8067553,-26.6657572992419,0.0 -48.8067496,-26.6657769992419,0.0 -48.8067393,-26.6657990992419,0.0 -48.8067255,-26.6658229992419,0.0 -48.8067095,-26.6658473992419,0.0 -48.8066501,-26.6659303992419,0.0 -48.8066431,-26.6659421992419,0.0 -48.8066295,-26.6659753992419,0.0 -48.8065928,-26.6660754992419,0.0 -48.8065707,-26.6661303992419,0.0 -48.806546,-26.6661887992419,0.0 -48.8065264,-26.6662382992419,0.0 -48.8065113,-26.6662801992419,0.0 -48.8065002,-26.6663154992419,0.0 -48.8064925,-26.6663453992419,0.0 -48.8064877,-26.6663709992419,0.0 -48.8064852,-26.6663934992419,0.0 -48.8064845,-26.6664139992419,0.0 -48.806485,-26.6664335992419,0.0 -48.8064866,-26.6664522992419,0.0 -48.8064891,-26.6664704992419,0.0 -48.8064924,-26.6664879992419,0.0 -48.8065004,-26.6665217992419,0.0 -48.8065269,-26.6666171992419,0.0 -48.806534,-26.6666468992419,0.0 -48.806538,-26.6666678992419,0.0 -48.8065394,-26.6666750992419,0.0 -48.8065425,-26.6667012992419,0.0 -48.8065437,-26.6667250992419,0.0 -48.8065429,-26.6667456992419,0.0 -48.8065418,-26.6667545992419,0.0 -48.8065386,-26.6667693992419,0.0 -48.8065364,-26.6667752992419,0.0 -48.8065307,-26.6667847992419,0.0 -48.8065271,-26.6667885992419,0.0 -48.8065185,-26.6667948992419,0.0 -48.8065077,-26.6668002992419,0.0 -48.8065011,-26.6668026992419,0.0 -48.8064936,-26.6668047992419,0.0 -48.8064849,-26.6668062992419,0.0 -48.8064747,-26.6668071992419,0.0 -48.8064629,-26.6668073992419,0.0 -48.8064492,-26.6668065992419,0.0 -48.8064334,-26.6668047992419,0.0 -48.8064155,-26.6668017992419,0.0 -48.8063752,-26.6667933992419,0.0 -48.8062756,-26.6667696992419,0.0 -48.8062476,-26.6667642992419,0.0 -48.8062274,-26.6667619992419,0.0 -48.8062196,-26.6667620992419,0.0 -48.806213,-26.6667627992419,0.0 -48.8062074,-26.6667641992419,0.0 -48.8062025,-26.6667662992419,0.0 -48.806198,-26.6667689992419,0.0 -48.8061939,-26.6667724992419,0.0 -48.80619,-26.6667768992419,0.0 -48.8061861,-26.6667824992419,0.0 -48.8061779,-26.6667975992419,0.0 -48.8061559,-26.6668481992419,0.0 -48.8061362,-26.6669000992419,0.0 -48.8061246,-26.6669361992419,0.0 -48.8061199,-26.6669536992419,0.0 -48.8061134,-26.6669859992419,0.0 -48.8061101,-26.6670152992419,0.0 -48.8061094,-26.6670420992419,0.0 -48.8061114,-26.6670783992419,0.0 -48.8061188,-26.6671449992419,0.0 -48.806119,-26.6671577992419,0.0 -48.8061173,-26.6671686992419,0.0 -48.806113,-26.6671791992419,0.0 -48.8061097,-26.6671846992419,0.0 -48.8061003,-26.6671972992419,0.0 -48.8060881,-26.6672116992419,0.0 -48.8060512,-26.6672518992419,0.0 -48.8060426,-26.6672627992419,0.0 -48.8060282,-26.6672871992419,0.0 -48.8060048,-26.6673339992419,0.0 -48.8059711,-26.6674070992419,0.0 -48.8059474,-26.6674644992419,0.0 -48.8059362,-26.6674942992419,0.0 -48.8059261,-26.6675239992419,0.0 -48.8059172,-26.6675532992419,0.0 -48.8059096,-26.6675820992419,0.0 -48.8059032,-26.6676101992419,0.0 -48.8058979,-26.6676375992419,0.0 -48.8058937,-26.6676642992419,0.0 -48.8058905,-26.6676900992419,0.0 -48.8058882,-26.6677149992419,0.0 -48.8058861,-26.6677618992419,0.0 -48.8058861,-26.6677840992419,0.0 -48.8058878,-26.6678267992419,0.0 -48.805897,-26.6679343992419,0.0 -48.8059001,-26.6679803992419,0.0 -48.8059007,-26.6680035992419,0.0 -48.8059005,-26.6680264992419,0.0 -48.805899,-26.6680490992419,0.0 -48.8058963,-26.6680710992419,0.0 -48.8058919,-26.6680921992419,0.0 -48.8058858,-26.6681123992419,0.0 -48.8058779,-26.6681317992419,0.0 -48.8058682,-26.6681506992419,0.0 -48.8058569,-26.6681692992419,0.0 -48.8058438,-26.6681879992419,0.0 -48.8058291,-26.6682068992419,0.0 -48.8058128,-26.6682264992419,0.0 -48.8057755,-26.6682681992419,0.0 -48.8057324,-26.6683137992419,0.0 -48.8057089,-26.6683376992419,0.0 -48.8056585,-26.6683869992419,0.0 -48.8056043,-26.6684372992419,0.0 -48.8055472,-26.6684877992419,0.0 -48.8054315,-26.6685880992419,0.0 -48.8053768,-26.6686375992419,0.0 -48.805351,-26.6686620992419,0.0 -48.8053264,-26.6686864992419,0.0 -48.8053033,-26.6687106992419,0.0 -48.8052817,-26.6687346992419,0.0 -48.8052617,-26.6687585992419,0.0 -48.8052435,-26.6687822992419,0.0 -48.8052271,-26.6688058992419,0.0 -48.8052128,-26.6688292992419,0.0 -48.8052005,-26.6688524992419,0.0 -48.8051901,-26.6688755992419,0.0 -48.8051815,-26.6688984992419,0.0 -48.8051743,-26.6689209992419,0.0 -48.8051686,-26.6689432992419,0.0 -48.805164,-26.6689652992419,0.0 -48.8051575,-26.6690081992419,0.0 -48.8051536,-26.6690499992419,0.0 -48.8051525,-26.6690714992419,0.0 -48.8051521,-26.6691182992419,0.0 -48.8051543,-26.6691731992419,0.0 -48.805162,-26.6692779992419,0.0 -48.8051741,-26.6694002992419,0.0 -48.8051885,-26.6695189992419,0.0 -48.8051986,-26.6695870992419,0.0 -48.8052039,-26.6696177992419,0.0 -48.8052156,-26.6696738992419,0.0 -48.8052221,-26.6696998992419,0.0 -48.8052292,-26.6697249992419,0.0 -48.805237,-26.6697494992419,0.0 -48.8052455,-26.6697734992419,0.0 -48.8052638,-26.6698198992419,0.0 -48.8052901,-26.6698831992419,0.0 -48.8053037,-26.6699193992419,0.0 -48.8053086,-26.6699351992419,0.0 -48.8053122,-26.6699498992419,0.0 -48.8053165,-26.6699769992419,0.0 -48.8053178,-26.6700032992419,0.0 -48.805317,-26.6700816992418,0.0 -48.8053147,-26.6701362992418,0.0 -48.8053118,-26.6701721992418,0.0 -48.8053075,-26.6702058992419,0.0 -48.8052993,-26.6702501992418,0.0 -48.8052887,-26.6702941992418,0.0 -48.8052824,-26.6703125992418,0.0 -48.8052703,-26.6703374992418,0.0 -48.8052482,-26.6703765992418,0.0 -48.8052117,-26.6704374992418,0.0 -48.8051614,-26.6705183992418,0.0 -48.8051025,-26.6706085992418,0.0 -48.8050714,-26.6706536992418,0.0 -48.8050402,-26.6706969992418,0.0 -48.8050095,-26.6707369992418,0.0 -48.8049799,-26.6707727992418,0.0 -48.8049517,-26.6708042992418,0.0 -48.8049248,-26.6708320992418,0.0 -48.8048994,-26.6708565992418,0.0 -48.8048757,-26.6708780992418,0.0 -48.804799,-26.6709441992418,0.0 -48.8047844,-26.6709577992418,0.0 -48.804759,-26.6709835992418,0.0 -48.8047474,-26.6709964992418,0.0 -48.8047247,-26.6710239992418,0.0 -48.8047004,-26.6710558992418,0.0 -48.8046734,-26.6710932992418,0.0 -48.8046441,-26.6711364992418,0.0 -48.8046133,-26.6711853992418,0.0 -48.8045814,-26.6712399992418,0.0 -48.8045507,-26.6712982992418,0.0 -48.8045367,-26.6713274992418,0.0 -48.8045243,-26.6713559992418,0.0 -48.8045139,-26.6713832992418,0.0 -48.8045059,-26.6714087992418,0.0 -48.8045007,-26.6714319992418,0.0 -48.8044988,-26.6714548992418,0.0 -48.8044997,-26.6714824992418,0.0 -48.8045025,-26.6715138992418,0.0 -48.8045068,-26.6715481992418,0.0 -48.8045226,-26.6716593992418,0.0 -48.8045268,-26.6716959992418,0.0 -48.8045297,-26.6717311992418,0.0 -48.8045312,-26.6717643992418,0.0 -48.8045313,-26.6717800992418,0.0 -48.8045315,-26.6717956992418,0.0 -48.8045309,-26.6718248992418,0.0 -48.8045275,-26.6718762992418,0.0 -48.8045251,-26.6718982992418,0.0 -48.8045198,-26.6719342992418,0.0 -48.804508,-26.6719895992418,0.0 -48.8045054,-26.6720063992418,0.0 -48.8045048,-26.6720151992418,0.0 -48.8045052,-26.6720431992418,0.0 -48.8045097,-26.6720881992418,0.0 -48.8045142,-26.6721197992418,0.0 -48.8045178,-26.6721365992418,0.0 -48.8045227,-26.6721555992418,0.0 -48.8045364,-26.6721996992418,0.0 -48.8045687,-26.6722982992418,0.0 -48.8045833,-26.6723382992418,0.0 -48.8045956,-26.6723673992418,0.0 -48.8046094,-26.6723949992418,0.0 -48.8046197,-26.6724123992418,0.0 -48.8046364,-26.6724363992418,0.0 -48.804648,-26.6724505992418,0.0 -48.8046658,-26.6724686992418,0.0 -48.8046842,-26.6724836992418,0.0 -48.8047246,-26.6725118992418,0.0 -48.8047624,-26.6725356992418,0.0 -48.8047862,-26.6725491992418,0.0 -48.8048022,-26.6725573992418,0.0 -48.8048331,-26.6725713992418,0.0 -48.8048553,-26.6725796992418,0.0 -48.8048861,-26.6725892992418,0.0 -48.8049204,-26.6725987992418,0.0 -48.8049542,-26.6726065992418,0.0 -48.8049766,-26.6726104992418,0.0 -48.8050554,-26.6726207992418,0.0 -48.8051435,-26.6726304992418,0.0 -48.8051736,-26.6726360992418,0.0 -48.8051888,-26.6726400992418,0.0 -48.805204,-26.6726449992418,0.0 -48.8052191,-26.6726508992418,0.0 -48.8052338,-26.6726577992418,0.0 -48.8052482,-26.6726653992418,0.0 -48.8052753,-26.6726822992418,0.0 -48.8052997,-26.6727002992418,0.0 -48.8053204,-26.6727181992418,0.0 -48.8053378,-26.6727355992418,0.0 -48.8053456,-26.6727443992418,0.0 -48.8053601,-26.6727625992418,0.0 -48.8053813,-26.6727931992418,0.0 -48.8054081,-26.6728362992418,0.0 -48.805421,-26.6728604992418,0.0 -48.8054461,-26.6729195992418,0.0 -48.8054533,-26.6729383992418,0.0 -48.8054605,-26.6729603992418,0.0 -48.8054654,-26.6729798992418,0.0 -48.8054685,-26.6729986992418,0.0 -48.8054703,-26.6730183992418,0.0 -48.8054695,-26.6730335992418,0.0 -48.8054658,-26.6730518992418,0.0 -48.8054623,-26.6730625992418,0.0 -48.8054516,-26.6730879992418,0.0 -48.805444,-26.6731029992418,0.0 -48.8054239,-26.6731385992418,0.0 -48.8054111,-26.6731594992418,0.0 -48.8053414,-26.6732662992418,0.0 -48.8053223,-26.6732977992418,0.0 -48.8053032,-26.6733307992418,0.0 -48.8052662,-26.6733989992418,0.0 -48.8052158,-26.6734983992418,0.0 -48.8051287,-26.6736775992418,0.0 -48.8051074,-26.6737186992418,0.0 -48.8050864,-26.6737559992418,0.0 -48.805066,-26.6737883992418,0.0 -48.8050562,-26.6738021992418,0.0 -48.8050466,-26.6738142992418,0.0 -48.8050374,-26.6738243992418,0.0 -48.8050285,-26.6738323992418,0.0 -48.8050198,-26.6738384992418,0.0 -48.805011,-26.6738428992418,0.0 -48.805002,-26.6738458992418,0.0 -48.8049925,-26.6738475992418,0.0 -48.8049823,-26.6738483992418,0.0 -48.8049592,-26.6738480992418,0.0 -48.8049314,-26.6738464992418,0.0 -48.8049002,-26.6738433992418,0.0 -48.8048672,-26.6738387992418,0.0 -48.8048505,-26.6738356992418,0.0 -48.804834,-26.6738321992418,0.0 -48.804802,-26.6738233992418,0.0 -48.8047711,-26.6738131992418,0.0 -48.8046962,-26.6737868992418,0.0 -48.804667,-26.6737779992418,0.0 -48.80464,-26.6737705992418,0.0 -48.8046168,-26.6737649992418,0.0 -48.804592,-26.6737603992418,0.0 -48.8045811,-26.6737596992418,0.0 -48.8045682,-26.6737609992418,0.0 -48.8045484,-26.6737654992418,0.0 -48.804528,-26.6737715992418,0.0 -48.8045112,-26.6737777992418,0.0 -48.8044915,-26.6737858992418,0.0 -48.8044446,-26.6738075992418,0.0 -48.804331,-26.6738649992418,0.0 -48.8042834,-26.6738871992418,0.0 -48.8042509,-26.6739012992418,0.0 -48.8040981,-26.6739649992418,0.0 -48.8040778,-26.6739725992418,0.0 -48.8040631,-26.6739765992418,0.0 -48.8040464,-26.6739784992418,0.0 -48.8040312,-26.6739781992418,0.0 -48.8040084,-26.6739751992418,0.0 -48.8039867,-26.6739711992418,0.0 -48.803946,-26.6739623992418,0.0 -48.8039041,-26.6739522992418,0.0 -48.8038699,-26.6739426992418,0.0 -48.8038331,-26.6739308992418,0.0 -48.8038189,-26.6739274992418,0.0 -48.8038113,-26.6739267992418,0.0 -48.8038047,-26.6739269992418,0.0 -48.8037985,-26.6739279992418,0.0 -48.8037891,-26.6739304992418,0.0 -48.8037695,-26.6739384992418,0.0 -48.8037512,-26.6739481992418,0.0 -48.8037333,-26.6739594992418,0.0 -48.8037101,-26.6739760992418,0.0 -48.8036596,-26.6740145992418,0.0 -48.803611,-26.6740532992418,0.0 -48.803584,-26.6740759992418,0.0 -48.8035603,-26.6740988992418,0.0 -48.8035466,-26.6741145992418,0.0 -48.8035348,-26.6741304992418,0.0 -48.8035252,-26.6741461992418,0.0 -48.8035147,-26.6741678992418,0.0 -48.8035105,-26.6741806992418,0.0 -48.803508,-26.6741923992418,0.0 -48.8035034,-26.6742370992418,0.0 -48.8034992,-26.6742606992418,0.0 -48.8034945,-26.6742776992418,0.0 -48.8034914,-26.6742865992418,0.0 -48.8034831,-26.6743062992418,0.0 -48.8034776,-26.6743174992418,0.0 -48.8034633,-26.6743443992418,0.0 -48.8034315,-26.6743993992418,0.0 -48.8033889,-26.6744698992418,0.0 -48.8033318,-26.6745623992418,0.0 -48.8032992,-26.6746134992418,0.0 -48.8032821,-26.6746391992418,0.0 -48.8032673,-26.6746601992418,0.0 -48.8032535,-26.6746783992418,0.0 -48.803227,-26.6747100992418,0.0 -48.8031771,-26.6747654992418,0.0 -48.8031521,-26.6747908992418,0.0 -48.8031115,-26.6748290992418,0.0 -48.8030954,-26.6748464992418,0.0 -48.803075,-26.6748722992418,0.0 -48.8030602,-26.6748931992418,0.0 -48.8030489,-26.6749119992418,0.0 -48.8030381,-26.6749334992418,0.0 -48.8030283,-26.6749572992418,0.0 -48.8030204,-26.6749828992418,0.0 -48.8029941,-26.6750958992418,0.0 -48.8029645,-26.6752068992418,0.0 -48.8029513,-26.6752655992417,0.0 -48.8029323,-26.6753632992417,0.0 -48.8029254,-26.6753907992418,0.0 -48.8029202,-26.6754065992417,0.0 -48.8029138,-26.6754224992418,0.0 -48.8028862,-26.6754820992417,0.0 -48.8028758,-26.6755061992417,0.0 -48.8028607,-26.6755457992417,0.0 -48.8028513,-26.6755737992417,0.0 -48.8028428,-26.6756024992417,0.0 -48.8028353,-26.6756312992417,0.0 -48.8028151,-26.6757239992417,0.0 -48.8028072,-26.6757567992417,0.0 -48.8027953,-26.6757992992417,0.0 -48.8027793,-26.6758494992417,0.0 -48.8027625,-26.6758959992417,0.0 -48.8027479,-26.6759318992417,0.0 -48.8027295,-26.6759730992417,0.0 -48.8027179,-26.6759969992417,0.0 -48.802688,-26.6760541992417,0.0 -48.8026687,-26.6760887992417,0.0 -48.802618,-26.6761751992417,0.0 -48.8025785,-26.6762522992417,0.0 -48.8025575,-26.6762959992417,0.0 -48.8025394,-26.6763358992417,0.0 -48.8025324,-26.6763528992417,0.0 -48.8025218,-26.6763811992417,0.0 -48.8025047,-26.6764363992417,0.0 -48.8024969,-26.6764589992417,0.0 -48.8024828,-26.6764943992417,0.0 -48.8024724,-26.6765169992417,0.0 -48.8024614,-26.6765374992417,0.0 -48.8024442,-26.6765638992417,0.0 -48.8024201,-26.6765949992417,0.0 -48.8023879,-26.6766333992417,0.0 -48.8023676,-26.6766544992417,0.0 -48.8023538,-26.6766670992417,0.0 -48.8023329,-26.6766833992417,0.0 -48.8023117,-26.6766971992417,0.0 -48.8022901,-26.6767089992417,0.0 -48.8022129,-26.6767468992417,0.0 -48.8021586,-26.6767748992417,0.0 -48.8021129,-26.6767998992417,0.0 -48.8020465,-26.6768378992417,0.0 -48.8017557,-26.6770126992417,0.0 -48.8017194,-26.6770359992417,0.0 -48.801698,-26.6770504992417,0.0 -48.8016798,-26.6770636992417,0.0 -48.8016656,-26.6770748992417,0.0 -48.8016547,-26.6770851992417,0.0 -48.80165,-26.6770906992417,0.0 -48.8016406,-26.6771038992417,0.0 -48.8016231,-26.6771333992417,0.0 -48.8015994,-26.6771760992417,0.0 -48.80152,-26.6773215992417,0.0 -48.8014908,-26.6773765992417,0.0 -48.8014785,-26.6774011992417,0.0 -48.8014675,-26.6774249992417,0.0 -48.8014532,-26.6774616992417,0.0 -48.8014449,-26.6774879992417,0.0 -48.8014377,-26.6775148992417,0.0 -48.8014239,-26.6775755992417,0.0 -48.8014188,-26.6776030992417,0.0 -48.8014166,-26.6776183992417,0.0 -48.8014132,-26.6776688992417,0.0 -48.8014106,-26.6776833992417,0.0 -48.8014059,-26.6777006992417,0.0 -48.8013893,-26.6777481992417,0.0 -48.8013018,-26.6779809992417,0.0 -48.8012943,-26.6780036992417,0.0 -48.8012884,-26.6780272992417,0.0 -48.8012834,-26.6780558992417,0.0 -48.801279,-26.6780901992417,0.0 -48.8012753,-26.6781281992417,0.0 -48.8012713,-26.6781869992417,0.0 -48.8012699,-26.6782244992417,0.0 -48.8012693,-26.6782750992417,0.0 -48.8012699,-26.6783161992417,0.0 -48.8012718,-26.6783543992417,0.0 -48.8012742,-26.6783762992417,0.0 -48.8012793,-26.6784055992417,0.0 -48.8012902,-26.6784463992417,0.0 -48.801311,-26.6784970992417,0.0 -48.8013315,-26.6785299992417,0.0 -48.8013507,-26.6785483992417,0.0 -48.801383,-26.6785721992417,0.0 -48.8014282,-26.6786023992417,0.0 -48.8015128,-26.6786570992417,0.0 -48.8015315,-26.6786696992417,0.0 -48.8015591,-26.6786914992417,0.0 -48.8015753,-26.6787084992417,0.0 -48.8015882,-26.6787261992417,0.0 -48.801599,-26.6787499992417,0.0 -48.8016028,-26.6787908992417,0.0 -48.8015923,-26.6789178992417,0.0 -48.8015873,-26.6790158992417,0.0 -48.801586,-26.6790868992417,0.0 -48.8015822,-26.6791080992417,0.0 -48.801581,-26.6791734992417,0.0 -48.80159,-26.6794425992417,0.0 -48.8015891,-26.6794942992417,0.0 -48.8015922,-26.6796396992417,0.0 -48.8015943,-26.6798188992417,0.0 -48.8015964,-26.6799980992417,0.0 -48.8016141,-26.6810101992416,0.0 -48.8016282,-26.6811909992416,0.0 -48.8018421,-26.6811888992416,0.0 -48.8018882,-26.6811902992416,0.0 -48.8019142,-26.6811932992416,0.0 -48.8019299,-26.6811964992416,0.0 -48.8019547,-26.6812033992416,0.0 -48.8019816,-26.6812126992416,0.0 -48.8020187,-26.6812273992416,0.0 -48.8020465,-26.6812393992416,0.0 -48.8024627,-26.6812651992416,0.0 -48.8027317,-26.6814400992416,0.0 -48.803068,-26.6816686992416,0.0 -48.8034715,-26.6819780992416,0.0 -48.8037396,-26.6822421992416,0.0 -48.8043384,-26.6827832992416,0.0 -48.8043788,-26.6828789992416,0.0 -48.8044178,-26.6829680992416,0.0 -48.8044505,-26.6837335992416,0.0 -48.8043951,-26.6839501992416,0.0 -48.8044938,-26.6842243992416,0.0 -48.8046039,-26.6847031992416,0.0 -48.8045342,-26.6850045992416,0.0 -48.8043997,-26.6853139992416,0.0 -48.8040096,-26.6859461992415,0.0 -48.8038523,-26.6864096992415,0.0 -48.803793,-26.6864850992415,0.0 -48.8036733,-26.6866422992415,0.0 -48.803616,-26.6867161992415,0.0 -48.8035344,-26.6868198992415,0.0 -48.8034815,-26.6868856992415,0.0 -48.8034334,-26.6869452992415,0.0 -48.8034125,-26.6869726992415,0.0 -48.8033933,-26.6869989992415,0.0 -48.8033758,-26.6870243992415,0.0 -48.8033596,-26.6870491992415,0.0 -48.8033445,-26.6870736992415,0.0 -48.8033167,-26.6871230992415,0.0 -48.8033037,-26.6871482992415,0.0 -48.8032796,-26.6871998992415,0.0 -48.8032684,-26.6872263992415,0.0 -48.8032475,-26.6872806992415,0.0 -48.8032378,-26.6873085992415,0.0 -48.8032197,-26.6873658992415,0.0 -48.8031954,-26.6874522992415,0.0 -48.803142,-26.6876530992415,0.0 -48.8031271,-26.6877175992415,0.0 -48.8031195,-26.6877594992415,0.0 -48.8031134,-26.6878006992415,0.0 -48.803107,-26.6878607992415,0.0 -48.8030984,-26.6879750992415,0.0 -48.803094,-26.6880144992415,0.0 -48.8030911,-26.6880350992415,0.0 -48.8030788,-26.6881011992415,0.0 -48.8030521,-26.6882233992415,0.0 -48.8030365,-26.6883018992415,0.0 -48.8030227,-26.6883819992415,0.0 -48.8029975,-26.6886042992415,0.0 -48.8030083,-26.6888083992415,0.0 -48.803012,-26.6888292992415,0.0 -48.8030221,-26.6888728992415,0.0 -48.8030369,-26.6889223992415,0.0 -48.8030466,-26.6889505992415,0.0 -48.8030715,-26.6890165992415,0.0 -48.803087,-26.6890550992415,0.0 -48.8031225,-26.6891390992415,0.0 -48.8031601,-26.6892244992415,0.0 -48.8031957,-26.6893013992415,0.0 -48.8032114,-26.6893336992415,0.0 -48.803237,-26.6893821992415,0.0 -48.8032474,-26.6893995992415,0.0 -48.8032567,-26.6894133992415,0.0 -48.8032652,-26.6894243992415,0.0 -48.8032732,-26.6894331992415,0.0 -48.8032894,-26.6894473992415,0.0 -48.8033073,-26.6894606992415,0.0 -48.8033265,-26.6894739992415,0.0 -48.8034736,-26.6895704992415,0.0 -48.8035004,-26.6895867992415,0.0 -48.8035275,-26.6896011992415,0.0 -48.8035471,-26.6896095992415,0.0 -48.8035583,-26.6896136992415,0.0 -48.8035847,-26.6896223992415,0.0 -48.8036185,-26.6896321992415,0.0 -48.8036611,-26.6896430992415,0.0 -48.803713,-26.6896540992415,0.0 -48.8037426,-26.6896592992415,0.0 -48.8037747,-26.6896641992415,0.0 -48.8038093,-26.6896686992415,0.0 -48.8040276,-26.6896954992415,0.0 -48.8041141,-26.6897070992415,0.0 -48.8041884,-26.6897179992415,0.0 -48.8042528,-26.6897283992415,0.0 -48.8043096,-26.6897385992415,0.0 -48.804361,-26.6897488992415,0.0 -48.8043852,-26.6897542992415,0.0 -48.8044094,-26.6897596992415,0.0 -48.8044565,-26.6897711992415,0.0 -48.8045029,-26.6897836992415,0.0 -48.8045485,-26.6897975992415,0.0 -48.8045936,-26.6898131992415,0.0 -48.804638,-26.6898307992415,0.0 -48.804682,-26.6898508992415,0.0 -48.8047256,-26.6898736992415,0.0 -48.8047688,-26.6898994992415,0.0 -48.8047791,-26.6899065992415,0.0 -48.8048027,-26.6899253992415,0.0 -48.8048276,-26.6899482992415,0.0 -48.8048507,-26.6899726992415,0.0 -48.8048606,-26.6899845992415,0.0 -48.804869,-26.6899960992415,0.0 -48.8048759,-26.6900070992415,0.0 -48.8048816,-26.6900177992415,0.0 -48.8048862,-26.6900281992415,0.0 -48.8048931,-26.6900485992415,0.0 -48.8049103,-26.6901230992415,0.0 -48.8049166,-26.6901433992415,0.0 -48.8049202,-26.6901527992415,0.0 -48.8049291,-26.6901698992415,0.0 -48.8049344,-26.6901775992415,0.0 -48.8049406,-26.6901846992415,0.0 -48.8049477,-26.6901911992415,0.0 -48.8049558,-26.6901971992415,0.0 -48.8049651,-26.6902025992415,0.0 -48.8049756,-26.6902075992415,0.0 -48.8049874,-26.6902120992415,0.0 -48.8050144,-26.6902198992415,0.0 -48.8051105,-26.6902414992415,0.0 -48.8052613,-26.6902804992415,0.0 -48.8053138,-26.6902917992415,0.0 -48.8053511,-26.6902983992415,0.0 -48.8053911,-26.6903038992415,0.0 -48.8054336,-26.6903083992415,0.0 -48.8054773,-26.6903119992415,0.0 -48.8055209,-26.6903147992414,0.0 -48.8056214,-26.6903193992415,0.0 -48.8056798,-26.6903207992414,0.0 -48.8057191,-26.6903202992415,0.0 -48.8057252,-26.6903211992415,0.0 -48.805729,-26.6903231992415,0.0 -48.8057328,-26.6903272992415,0.0 -48.8057368,-26.6903341992415,0.0 -48.805742,-26.6903467992415,0.0 -48.8057599,-26.6904025992415,0.0 -48.805803,-26.6905438992415,0.0 -48.8061269,-26.6914649992414,0.0 -48.8062145,-26.6917151992414,0.0 -48.8062677,-26.6918707992414,0.0 -48.8062927,-26.6919413992414,0.0 -48.8063117,-26.6919916992414,0.0 -48.8063361,-26.6920514992414,0.0 -48.8063586,-26.6921025992414,0.0 -48.8064155,-26.6922247992414,0.0 -48.8064348,-26.6922712992414,0.0 -48.8064477,-26.6923064992414,0.0 -48.806493,-26.6924431992414,0.0 -48.806536,-26.6925695992414,0.0 -48.8065589,-26.6926389992414,0.0 -48.8065796,-26.6927074992414,0.0 -48.8065883,-26.6927401992414,0.0 -48.8065956,-26.6927713992414,0.0 -48.8066015,-26.6928013992414,0.0 -48.8066063,-26.6928306992414,0.0 -48.8066101,-26.6928597992414,0.0 -48.8066129,-26.6928891992414,0.0 -48.8066164,-26.6929507992414,0.0 -48.8066179,-26.6930193992414,0.0 -48.8066182,-26.6930942992414,0.0 -48.8066177,-26.6931704992414,0.0 -48.8066154,-26.6933065992414,0.0 -48.8066113,-26.6934794992414,0.0 -48.806611,-26.6935122992414,0.0 -48.8066116,-26.6935427992414,0.0 -48.8066136,-26.6935714992414,0.0 -48.8066152,-26.6935851992414,0.0 -48.8066285,-26.6936561992414,0.0 -48.8066336,-26.6936922992414,0.0 -48.806637,-26.6937369992414,0.0 -48.8066379,-26.6937626992414,0.0 -48.806638,-26.6938191992414,0.0 -48.8066373,-26.6938492992414,0.0 -48.8066344,-26.6939114992414,0.0 -48.8066323,-26.6939427992414,0.0 -48.8066266,-26.6940043992414,0.0 -48.8066195,-26.6940636992414,0.0 -48.806611,-26.6941194992414,0.0 -48.8066015,-26.6941707992414,0.0 -48.8065873,-26.6942397992414,0.0 -48.8065836,-26.6942623992414,0.0 -48.8065812,-26.6942856992414,0.0 -48.8065801,-26.6943102992414,0.0 -48.8065809,-26.6943365992414,0.0 -48.8065837,-26.6943652992414,0.0 -48.8066144,-26.6945006992414,0.0 -48.8066453,-26.6946067992414,0.0 -48.8066628,-26.6946700992414,0.0 -48.8066761,-26.6947280992414,0.0 -48.8066866,-26.6947883992414,0.0 -48.8066912,-26.6948217992414,0.0 -48.8067002,-26.6949003992414,0.0 -48.8067143,-26.6950524992414,0.0 -48.8067226,-26.6951660992414,0.0 -48.8067396,-26.6957318992414,0.0 -48.8067415,-26.6958598992413,0.0 -48.8067452,-26.6959765992413,0.0 -48.8067481,-26.6961472992413,0.0 -48.8067557,-26.6964782992413,0.0 -48.8067604,-26.6966745992413,0.0 -48.8067595,-26.6967722992413,0.0 -48.8067614,-26.6967835992413,0.0 -48.8067604,-26.6968518992413,0.0 -48.8067633,-26.6968632992413,0.0 -48.8067614,-26.6969315992413,0.0 -48.8067623,-26.6969523992413,0.0 -48.8067652,-26.6971325992413,0.0 -48.8067652,-26.6972852992413,0.0 -48.8067661,-26.6973924992413,0.0 -48.8067657,-26.6974260992413,0.0 -48.8067642,-26.6977670992413,0.0 -48.8067547,-26.6980818992413,0.0 -48.8067128,-26.6991302992413,0.0 -48.8067092,-26.6993355992413,0.0 -48.8067073,-26.6994740992413,0.0 -48.8067088,-26.6996367992413,0.0 -48.8066993,-26.6996476992413,0.0 -48.8066724,-26.6996718992413,0.0 -48.8066303,-26.6997076992413,0.0 -48.806275,-26.7000020992413,0.0 -48.8062396,-26.7000243992413,0.0 -48.8062047,-26.7000474992413,0.0 -48.8061666,-26.7000743992413,0.0 -48.8061481,-26.7000883992413,0.0 -48.8061302,-26.7001025992413,0.0 -48.8060956,-26.7001318992413,0.0 -48.8060613,-26.7001629992413,0.0 -48.8060263,-26.7001963992413,0.0 -48.8059712,-26.7002507992413,0.0 -48.8059353,-26.7002871992413,0.0 -48.8058883,-26.7003368992413,0.0 -48.8058641,-26.7003641992413,0.0 -48.805845,-26.7003871992413,0.0 -48.8058231,-26.7004161992413,0.0 -48.8057998,-26.7004500992413,0.0 -48.8057792,-26.7004826992413,0.0 -48.8057196,-26.7005822992413,0.0 -48.8056291,-26.7007280992412,0.0 -48.8056051,-26.7007679992413,0.0 -48.805568,-26.7008337992413,0.0 -48.8055556,-26.7008574992412,0.0 -48.8055311,-26.7009072992412,0.0 -48.8055074,-26.7009589992412,0.0 -48.8054741,-26.7010364992412,0.0 -48.8053895,-26.7012472992412,0.0 -48.8053692,-26.7012935992412,0.0 -48.80532,-26.7014015992412,0.0 -48.8052837,-26.7014844992412,0.0 -48.805257,-26.7015475992412,0.0 -48.8052159,-26.7016507992412,0.0 -48.8052016,-26.7016849992412,0.0 -48.80519,-26.7017105992412,0.0 -48.805165,-26.7017607992412,0.0 -48.8051481,-26.7017966992412,0.0 -48.805128,-26.7018429992412,0.0 -48.8051032,-26.7019042992412,0.0 -48.8050825,-26.7019605992412,0.0 -48.8050664,-26.7020129992412,0.0 -48.8050319,-26.7021514992412,0.0 -48.8049928,-26.7023000992412,0.0 -48.8049819,-26.7023441992412,0.0 -48.804975,-26.7023770992412,0.0 -48.8049649,-26.7024351992412,0.0 -48.8049482,-26.7025430992412,0.0 -48.8049354,-26.7026319992412,0.0 -48.8049202,-26.7027548992412,0.0 -48.8049152,-26.7028073992412,0.0 -48.8049132,-26.7028465992412,0.0 -48.8049094,-26.7029970992412,0.0 -48.8049046,-26.7031361992412,0.0 -48.8048999,-26.7032018992412,0.0 -48.8048865,-26.7033481992412,0.0 -48.8048787,-26.7034436992412,0.0 -48.8048726,-26.7035483992412,0.0 -48.8048707,-26.7036026992412,0.0 -48.8048677,-26.7036917992412,0.0 -48.8048624,-26.7037826992412,0.0 -48.8048589,-26.7038220992412,0.0 -48.8048489,-26.7039132992412,0.0 -48.8048409,-26.7040279992412,0.0 -48.8048373,-26.7040711992412,0.0 -48.8048329,-26.7041110992412,0.0 -48.8048295,-26.7041338992412,0.0 -48.8048238,-26.7041618992412,0.0 -48.8048158,-26.7041908992412,0.0 -48.8048079,-26.7042148992412,0.0 -48.8048014,-26.7042319992412,0.0 -48.8047909,-26.7042561992412,0.0 -48.8047819,-26.7042751992412,0.0 -48.8047724,-26.7042938992412,0.0 -48.8047622,-26.7043117992412,0.0 -48.8047505,-26.7043297992412,0.0 -48.8047415,-26.7043421992412,0.0 -48.804726,-26.7043614992412,0.0 -48.8047092,-26.7043807992412,0.0 -48.8046978,-26.7043934992412,0.0 -48.804684,-26.7044071992412,0.0 -48.8046634,-26.7044244992412,0.0 -48.8046491,-26.7044353992412,0.0 -48.8046096,-26.7044632992412,0.0 -48.8044821,-26.7045485992412,0.0 -48.8044355,-26.7045786992412,0.0 -48.8043928,-26.7046052992412,0.0 -48.8042845,-26.7046701992412,0.0 -48.8040183,-26.7048258992412,0.0 -48.8039654,-26.7048586992412,0.0 -48.8039315,-26.7048811992412,0.0 -48.8038993,-26.7049044992412,0.0 -48.8038691,-26.7049283992412,0.0 -48.8038416,-26.7049529992412,0.0 -48.8038289,-26.7049655992412,0.0 -48.8038172,-26.7049783992412,0.0 -48.8038063,-26.7049913992412,0.0 -48.8037962,-26.7050046992412,0.0 -48.8037867,-26.7050182992412,0.0 -48.8037691,-26.7050472992412,0.0 -48.8037607,-26.7050627992412,0.0 -48.8037439,-26.7050962992412,0.0 -48.8036813,-26.7052338992412,0.0 -48.8036629,-26.7052727992412,0.0 -48.8036447,-26.7053093992412,0.0 -48.8035939,-26.7054080992412,0.0 -48.8035716,-26.7054536992412,0.0 -48.8035578,-26.7054845992412,0.0 -48.8035445,-26.7055168992412,0.0 -48.8035319,-26.7055511992412,0.0 -48.8035201,-26.7055860992412,0.0 -48.8035099,-26.7056200992412,0.0 -48.8035017,-26.7056512992412,0.0 -48.8034936,-26.7056919992411,0.0 -48.80349,-26.7057184992412,0.0 -48.803478,-26.7058256992411,0.0 -48.8034651,-26.7059302992411,0.0 -48.8034154,-26.7062953992411,0.0 -48.8034052,-26.7063621992411,0.0 -48.8033988,-26.7063964992411,0.0 -48.8033913,-26.7064318992411,0.0 -48.8033823,-26.7064686992411,0.0 -48.8033716,-26.7065072992411,0.0 -48.8033589,-26.7065477992411,0.0 -48.8033445,-26.7065900992411,0.0 -48.8033287,-26.7066334992411,0.0 -48.8032946,-26.7067220992411,0.0 -48.8031935,-26.7069718992411,0.0 -48.8031496,-26.7070825992411,0.0 -48.8031084,-26.7071900992411,0.0 -48.8030206,-26.7074246992411,0.0 -48.8030011,-26.7074710992411,0.0 -48.8029949,-26.7074837992411,0.0 -48.8029811,-26.7075090992411,0.0 -48.8029637,-26.7075380992411,0.0 -48.8029403,-26.7075744992411,0.0 -48.8029091,-26.7076200992411,0.0 -48.8028899,-26.7076469992411,0.0 -48.8028432,-26.7077099992411,0.0 -48.8028153,-26.7077463992411,0.0 -48.8027532,-26.7078250992411,0.0 -48.8027204,-26.7078651992411,0.0 -48.8026876,-26.7079042992411,0.0 -48.8026554,-26.7079412992411,0.0 -48.8026247,-26.7079750992411,0.0 -48.8025962,-26.7080044992411,0.0 -48.8025196,-26.7080805992411,0.0 -48.8024612,-26.7081403992411,0.0 -48.8023913,-26.7082149992411,0.0 -48.8022803,-26.7083351992411,0.0 -48.8021191,-26.7085304992411,0.0 -48.8020192,-26.7086610992411,0.0 -48.8019194,-26.7087917992411,0.0 -48.8018633,-26.7088606992411,0.0 -48.8018487,-26.7088851992411,0.0 -48.801834,-26.7089097992411,0.0 -48.8018005,-26.7089715992411,0.0 -48.8017478,-26.7090844992411,0.0 -48.8017139,-26.7091683992411,0.0 -48.8016818,-26.7092686992411,0.0 -48.8016551,-26.7094184992411,0.0 -48.8016428,-26.7095426992411,0.0 -48.8016238,-26.7097367992411,0.0 -48.8016084,-26.7098116992411,0.0 -48.8015622,-26.7100353992411,0.0 -48.8014869,-26.7102936992411,0.0 -48.8014279,-26.7105566992411,0.0 -48.8013354,-26.7108771992411,0.0 -48.8012536,-26.7111606992411,0.0 -48.8012004,-26.711447599241,0.0 -48.8010241,-26.712046099241,0.0 -48.8009286,-26.712431399241,0.0 -48.8008053,-26.712768699241,0.0 -48.8007523,-26.712898099241,0.0 -48.800731,-26.712961899241,0.0 -48.8007128,-26.713084399241,0.0 -48.8007076,-26.713157599241,0.0 -48.8007069,-26.713205199241,0.0 -48.8007246,-26.713247499241,0.0 -48.8010656,-26.713487899241,0.0 -48.8013773,-26.713704199241,0.0 -48.8015863,-26.713851299241,0.0 -48.8017704,-26.713984799241,0.0 -48.8019898,-26.714170599241,0.0 -48.8026529,-26.714691399241,0.0 -48.8032804,-26.715134899241,0.0 -48.8033608,-26.715210799241,0.0 -48.8034009,-26.715248699241,0.0 -48.8034802,-26.715316799241,0.0 -48.8037343,-26.715525399241,0.0 -48.8040969,-26.715799099241,0.0 -48.8044546,-26.7160971992409,0.0 -48.8047928,-26.7163483992409,0.0 -48.8052456,-26.7167136992409,0.0 -48.8056463,-26.7170249992409,0.0 -48.805804,-26.7171476992409,0.0 -48.8060372,-26.7173289992409,0.0 -48.8063331,-26.7175528992409,0.0 -48.8066614,-26.7178159992409,0.0 -48.8068999,-26.7180306992409,0.0 -48.8070812,-26.7181964992409,0.0 -48.807162,-26.7182909992409,0.0 -48.8072825,-26.7184312992409,0.0 -48.8073179,-26.7184724992409,0.0 -48.807504,-26.7186727992409,0.0 -48.8077095,-26.7189165992409,0.0 -48.8079556,-26.7192380992409,0.0 -48.8081792,-26.7195767992409,0.0 -48.8083638,-26.7198818992409,0.0 -48.8084504,-26.7200249992409,0.0 -48.8086326,-26.7204092992409,0.0 -48.8088032,-26.7208198992409,0.0 -48.8089588,-26.7212249992408,0.0 -48.8090667,-26.7215313992408,0.0 -48.8091703,-26.7218543992408,0.0 -48.8092726,-26.7221641992408,0.0 -48.8094177,-26.7226088992408,0.0 -48.8095102,-26.7228801992408,0.0 -48.8095922,-26.7231807992408,0.0 -48.8097231,-26.7235332992408,0.0 -48.8098681,-26.7239583992408,0.0 -48.8100127,-26.7243291992408,0.0 -48.8101175,-26.7246247992408,0.0 -48.8101979,-26.7249224992408,0.0 -48.8103831,-26.7254368992408,0.0 -48.8104495,-26.7256303992408,0.0 -48.8105367,-26.7258996992408,0.0 -48.810825,-26.7267521992407,0.0 -48.8109512,-26.7271239992407,0.0 -48.8110346,-26.7273724992407,0.0 -48.8110687,-26.7274681992407,0.0 -48.8111731,-26.7277536992407,0.0 -48.8112195,-26.7278797992407,0.0 -48.8112546,-26.7279897992407,0.0 -48.8112992,-26.7281396992407,0.0 -48.8113276,-26.7282325992407,0.0 -48.8113542,-26.7283236992407,0.0 -48.8114206,-26.7285085992407,0.0 -48.8114832,-26.7286858992407,0.0 -48.8115809,-26.7289808992407,0.0 -48.8116624,-26.7292245992407,0.0 -48.8117165,-26.7293844992407,0.0 -48.8118274,-26.7296854992407,0.0 -48.811945,-26.7300154992407,0.0 -48.8120351,-26.7302667992407,0.0 -48.81211,-26.7304744992407,0.0 -48.8121849,-26.7306906992407,0.0 -48.8123215,-26.7310804992407,0.0 -48.812441,-26.7314303992407,0.0 -48.8125197,-26.7316636992406,0.0 -48.812587,-26.7318590992406,0.0 -48.8128033,-26.7324896992406,0.0 -48.8129796,-26.7330064992406,0.0 -48.8131949,-26.7336182992406,0.0 -48.8133837,-26.7341445992406,0.0 -48.8135496,-26.7346130992406,0.0 -48.8137014,-26.7350378992406,0.0 -48.8144832,-26.7373411992405,0.0 -48.8146323,-26.7377664992405,0.0 -48.8147817,-26.7381147992405,0.0 -48.8150573,-26.7386296992405,0.0 -48.8153518,-26.7390244992405,0.0 -48.8155107,-26.7392374992405,0.0 -48.8156981,-26.7394441992405,0.0 -48.8159612,-26.7397345992405,0.0 -48.8161292,-26.7398673992405,0.0 -48.8165046,-26.7401641992405,0.0 -48.8170311,-26.7404952992405,0.0 -48.8178132,-26.7408578992405,0.0 -48.8179449,-26.7409194992405,0.0 -48.8182439,-26.7410680992405,0.0 -48.8183867,-26.7411307992405,0.0 -48.8186006,-26.7412254992405,0.0 -48.8188952,-26.7413644992405,0.0 -48.8190634,-26.7414401992405,0.0 -48.8192667,-26.7415309992404,0.0 -48.8193912,-26.7415881992404,0.0 -48.8195652,-26.7416654992405,0.0 -48.8197379,-26.7417437992404,0.0 -48.8198772,-26.7418077992405,0.0 -48.8199815,-26.7418513992404,0.0 -48.8201735,-26.7419423992404,0.0 -48.8203594,-26.7420289992404,0.0 -48.8204822,-26.7420890992404,0.0 -48.8206283,-26.7421572992404,0.0 -48.820784,-26.7422357992404,0.0 -48.8209262,-26.7423009992404,0.0 -48.8210943,-26.7423818992404,0.0 -48.8212223,-26.7424453992404,0.0 -48.8213097,-26.7424832992404,0.0 -48.8214194,-26.7425341992404,0.0 -48.8215649,-26.7425962992404,0.0 -48.8217051,-26.7426509992404,0.0 -48.8217833,-26.7426796992404,0.0 -48.8218884,-26.7427308992404,0.0 -48.8219768,-26.7427813992404,0.0 -48.8220655,-26.7428379992404,0.0 -48.8221386,-26.7428914992404,0.0 -48.8222386,-26.7429705992404,0.0 -48.8223231,-26.7430469992404,0.0 -48.8223868,-26.7431068992404,0.0 -48.8224929,-26.7432137992404,0.0 -48.8225901,-26.7433170992404,0.0 -48.8227161,-26.7434682992404,0.0 -48.8228039,-26.7435747992404,0.0 -48.8228837,-26.7436823992404,0.0 -48.8229389,-26.7437704992404,0.0 -48.8229883,-26.7438600992404,0.0 -48.8230272,-26.7439393992404,0.0 -48.8230693,-26.7440304992404,0.0 -48.8231177,-26.7441662992404,0.0 -48.8231484,-26.7442430992404,0.0 -48.8231585,-26.7442750992404,0.0 -48.8231759,-26.7443551992404,0.0 -48.8232075,-26.7445024992404,0.0 -48.8232244,-26.7445922992404,0.0 -48.8232343,-26.7446535992404,0.0 -48.8232438,-26.7447791992404,0.0 -48.8232492,-26.7449287992404,0.0 -48.8232516,-26.7450533992404,0.0 -48.823248,-26.7451788992404,0.0 -48.82324,-26.7452890992404,0.0 -48.8232291,-26.7453612992404,0.0 -48.8232119,-26.7454535992404,0.0 -48.8231799,-26.7455785992404,0.0 -48.8231402,-26.7457284992404,0.0 -48.8230979,-26.7458948992404,0.0 -48.823024,-26.7461552992404,0.0 -48.8229522,-26.7463733992404,0.0 -48.8229091,-26.7465150992404,0.0 -48.822877,-26.7466422992403,0.0 -48.8228463,-26.7468194992404,0.0 -48.8228207,-26.7470418992403,0.0 -48.8228007,-26.7472231992403,0.0 -48.8227894,-26.7474577992403,0.0 -48.8227884,-26.7476152992403,0.0 -48.8227873,-26.7477376992403,0.0 -48.8227934,-26.7478526992403,0.0 -48.8228102,-26.7480343992403,0.0 -48.8228279,-26.7482232992403,0.0 -48.8228345,-26.7483147992403,0.0 -48.8228403,-26.7484436992403,0.0 -48.822843,-26.7486146992403,0.0 -48.8228466,-26.7486732992403,0.0 -48.8228529,-26.7487158992403,0.0 -48.8228617,-26.7487532992403,0.0 -48.8228843,-26.7488110992403,0.0 -48.8229045,-26.7488688992403,0.0 -48.8229179,-26.7489217992403,0.0 -48.8229331,-26.7489954992403,0.0 -48.8229556,-26.7490585992403,0.0 -48.8229727,-26.7490939992403,0.0 -48.8230028,-26.7491337992403,0.0 -48.8230259,-26.7491628992403,0.0 -48.8230631,-26.7492017992403,0.0 -48.823129,-26.7492606992403,0.0 -48.8231884,-26.7493203992403,0.0 -48.8233005,-26.7494258992403,0.0 -48.8233675,-26.7494893992403,0.0 -48.8234054,-26.7495265992403,0.0 -48.8234826,-26.7495598992403,0.0 -48.8235465,-26.7496340992403,0.0 -48.8236113,-26.7497091992403,0.0 -48.8236759,-26.7497569992403,0.0 -48.8237351,-26.7498006992403,0.0 -48.8237617,-26.7498269992403,0.0 -48.8237842,-26.7498565992403,0.0 -48.8237979,-26.7498768992403,0.0 -48.8238093,-26.7499013992403,0.0 -48.8238176,-26.7499279992403,0.0 -48.8238239,-26.7499660992403,0.0 -48.8238282,-26.7500019992403,0.0 -48.8238294,-26.7500544992403,0.0 -48.8238196,-26.7501205992403,0.0 -48.8237961,-26.7501813992403,0.0 -48.8237779,-26.7502373992403,0.0 -48.8237716,-26.7502950992403,0.0 -48.8237621,-26.7503858992403,0.0 -48.8237568,-26.7504763992403,0.0 -48.8237575,-26.7505732992403,0.0 -48.8237672,-26.7506897992403,0.0 -48.823778,-26.7507630992403,0.0 -48.8237965,-26.7508530992403,0.0 -48.8238145,-26.7509019992403,0.0 -48.8238477,-26.7509529992403,0.0 -48.8239027,-26.7510374992403,0.0 -48.8240482,-26.7512081992403,0.0 -48.8240579,-26.7513485992403,0.0 -48.8240895,-26.7515284992403,0.0 -48.8241034,-26.7516597992403,0.0 -48.82414,-26.7518352992403,0.0 -48.8242186,-26.7520982992403,0.0 -48.8242692,-26.7523500992402,0.0 -48.8242676,-26.7525534992402,0.0 -48.8242389,-26.7526570992402,0.0 -48.8240984,-26.7528314992402,0.0 -48.8239033,-26.7529324992402,0.0 -48.8236109,-26.7529919992402,0.0 -48.8233762,-26.7529910992402,0.0 -48.823185,-26.7530070992402,0.0 -48.8230652,-26.7530532992402,0.0 -48.8229269,-26.7531364992402,0.0 -48.82283,-26.7532309992402,0.0 -48.8227487,-26.7534198992402,0.0 -48.822727,-26.7536248992402,0.0 -48.8227183,-26.7539267992402,0.0 -48.8227175,-26.7541241992402,0.0 -48.8226666,-26.7546119992402,0.0 -48.8226547,-26.7548315992402,0.0 -48.8226958,-26.7552704992402,0.0 -48.8227274,-26.7555974992402,0.0 -48.8227421,-26.7558939992402,0.0 -48.8227203,-26.7561525992402,0.0 -48.822642,-26.7564977992402,0.0 -48.8225458,-26.7567880992402,0.0 -48.8224402,-26.7569989992402,0.0 -48.8223223,-26.7571490992401,0.0 -48.8222625,-26.7572585992401,0.0 -48.8221059,-26.7576661992401,0.0 -48.8220076,-26.7580240992401,0.0 -48.8219585,-26.7582935992401,0.0 -48.8219455,-26.7585029992401,0.0 -48.8219469,-26.7585729992401,0.0 -48.8219519,-26.7586377992401,0.0 -48.821971,-26.7587139992401,0.0 -48.8220104,-26.7588125992401,0.0 -48.8220926,-26.7589379992401,0.0 -48.8223728,-26.7593221992401,0.0 -48.8227376,-26.7597218992401,0.0 -48.8228616,-26.7598687992401,0.0 -48.8229255,-26.7599528992401,0.0 -48.8230038,-26.7600782992401,0.0 -48.823071,-26.7602178992401,0.0 -48.8233462,-26.7607446992401,0.0 -48.8233791,-26.7608267992401,0.0 -48.8233876,-26.7609092992401,0.0 -48.8233875,-26.7609878992401,0.0 -48.823341,-26.7612473992401,0.0 -48.8233023,-26.7613191992401,0.0 -48.8232567,-26.7613725992401,0.0 -48.8232109,-26.7614201992401,0.0 -48.8231642,-26.7614656992401,0.0 -48.8231358,-26.7615134992401,0.0 -48.8231191,-26.7615412992401,0.0 -48.8230935,-26.7615620992401,0.0 -48.8230536,-26.7615840992401,0.0 -48.8230059,-26.7616002992401,0.0 -48.8229265,-26.7616225992401,0.0 -48.8228933,-26.7616362992401,0.0 -48.8228602,-26.7616500992401,0.0 -48.8227591,-26.7617064992401,0.0 -48.8226472,-26.7617668992401,0.0 -48.8225676,-26.7618087992401,0.0 -48.8225205,-26.7618545992401,0.0 -48.8224827,-26.7618970992401,0.0 -48.822375,-26.7620134992401,0.0 -48.8222962,-26.7620702992401,0.0 -48.8222028,-26.7621219992401,0.0 -48.821882,-26.7622696992401,0.0 -48.8217982,-26.7622800992401,0.0 -48.8216611,-26.76229629924,0.0 -48.8216149,-26.76229389924,0.0 -48.8214879,-26.7622653992401,0.0 -48.8210589,-26.7621391992401,0.0 -48.8208587,-26.76206979924,0.0 -48.8206466,-26.7620249992401,0.0 -48.8204877,-26.76201929924,0.0 -48.8203409,-26.7620385992401,0.0 -48.8201922,-26.7620777992401,0.0 -48.8199711,-26.76212759924,0.0 -48.8198001,-26.7621746992401,0.0 -48.8196437,-26.76223039924,0.0 -48.8195553,-26.7622656992401,0.0 -48.819488,-26.76231859924,0.0 -48.8194411,-26.76237809924,0.0 -48.8192603,-26.76265779924,0.0 -48.8191909,-26.76273069924,0.0 -48.8191111,-26.76281079924,0.0 -48.8189745,-26.76293469924,0.0 -48.8188661,-26.76300139924,0.0 -48.8187129,-26.76308759924,0.0 -48.8186764,-26.76310219924,0.0 -48.8186398,-26.76311679924,0.0 -48.8185934,-26.76313529924,0.0 -48.8184386,-26.76321399924,0.0 -48.8182444,-26.76331199924,0.0 -48.8181519,-26.76337019924,0.0 -48.8180863,-26.76342699924,0.0 -48.8180275,-26.76348889924,0.0 -48.8179712,-26.76356469924,0.0 -48.8179018,-26.76365189924,0.0 -48.8178015,-26.76375739924,0.0 -48.8176636,-26.76388689924,0.0 -48.8175728,-26.76397849924,0.0 -48.817538,-26.76403149924,0.0 -48.8174997,-26.76409449924,0.0 -48.8174354,-26.76422659924,0.0 -48.8173824,-26.76431679924,0.0 -48.8173231,-26.76440269924,0.0 -48.8170681,-26.76469229924,0.0 -48.8169247,-26.76484779924,0.0 -48.816864,-26.76494229924,0.0 -48.8168024,-26.76501999924,0.0 -48.8166904,-26.76516929924,0.0 -48.8165855,-26.76528339924,0.0 -48.8164609,-26.76537489924,0.0 -48.8163084,-26.76548939924,0.0 -48.8161183,-26.76563839924,0.0 -48.8159345,-26.76581439924,0.0 -48.8158051,-26.76595839924,0.0 -48.815679,-26.76613169924,0.0 -48.8155338,-26.76635389924,0.0 -48.8153827,-26.76661499924,0.0 -48.8152786,-26.76679049924,0.0 -48.8151703,-26.76691549924,0.0 -48.8149991,-26.76714539924,0.0 -48.8148617,-26.7673284992399,0.0 -48.8147949,-26.76742839924,0.0 -48.8147106,-26.7674911992399,0.0 -48.8145964,-26.7675544992399,0.0 -48.8144102,-26.7676383992399,0.0 -48.8142705,-26.7676673992399,0.0 -48.8141874,-26.7676721992399,0.0 -48.813882,-26.7676501992399,0.0 -48.8136931,-26.7676246992399,0.0 -48.813561,-26.7676122992399,0.0 -48.8132982,-26.7676020992399,0.0 -48.8128945,-26.7675880992399,0.0 -48.8127457,-26.7675892992399,0.0 -48.81262,-26.7675985992399,0.0 -48.8125001,-26.7676095992399,0.0 -48.8124476,-26.7676259992399,0.0 -48.812403,-26.7676419992399,0.0 -48.8123652,-26.7676574992399,0.0 -48.8123334,-26.7676725992399,0.0 -48.8123064,-26.7676869992399,0.0 -48.8122834,-26.7677007992399,0.0 -48.8122115,-26.7677482992399,0.0 -48.8121799,-26.7677678992399,0.0 -48.8121484,-26.7677860992399,0.0 -48.8121151,-26.7678038992399,0.0 -48.8120972,-26.7678128992399,0.0 -48.8120592,-26.7678313992399,0.0 -48.8119782,-26.7678689992399,0.0 -48.8118957,-26.7679061992399,0.0 -48.8118654,-26.7679192992399,0.0 -48.8118282,-26.7679349992399,0.0 -48.8117767,-26.7679554992399,0.0 -48.8117185,-26.7679772992399,0.0 -48.8116565,-26.7679993992399,0.0 -48.8115943,-26.7680204992399,0.0 -48.8115357,-26.7680392992399,0.0 -48.8115088,-26.7680473992399,0.0 -48.8114596,-26.7680616992399,0.0 -48.8113945,-26.7680796992399,0.0 -48.8113546,-26.7680910992399,0.0 -48.8113351,-26.7680970992399,0.0 -48.8112962,-26.7681096992399,0.0 -48.8112569,-26.7681234992399,0.0 -48.8112368,-26.7681308992399,0.0 -48.811195,-26.7681468992399,0.0 -48.8111507,-26.7681645992399,0.0 -48.8111049,-26.7681840992399,0.0 -48.8110818,-26.7681945992399,0.0 -48.8110588,-26.7682054992399,0.0 -48.8110359,-26.7682168992399,0.0 -48.8110134,-26.7682287992399,0.0 -48.8109915,-26.7682410992399,0.0 -48.81097,-26.7682538992399,0.0 -48.810949,-26.7682670992399,0.0 -48.8109285,-26.7682807992399,0.0 -48.8109085,-26.7682947992399,0.0 -48.8108889,-26.7683091992399,0.0 -48.8108698,-26.7683237992399,0.0 -48.8108511,-26.7683387992399,0.0 -48.8108328,-26.7683540992399,0.0 -48.8108148,-26.7683695992399,0.0 -48.8107972,-26.7683853992399,0.0 -48.8107799,-26.7684014992399,0.0 -48.8107628,-26.7684178992399,0.0 -48.8107292,-26.7684515992399,0.0 -48.810696,-26.7684864992399,0.0 -48.8106634,-26.7685222992399,0.0 -48.8106475,-26.7685402992399,0.0 -48.8106169,-26.7685760992399,0.0 -48.8106024,-26.7685936992399,0.0 -48.8105753,-26.7686279992399,0.0 -48.8105627,-26.7686448992399,0.0 -48.8105505,-26.7686618992399,0.0 -48.8105384,-26.7686793992399,0.0 -48.8105265,-26.7686976992399,0.0 -48.8105145,-26.7687170992399,0.0 -48.8105023,-26.7687377992399,0.0 -48.8104897,-26.7687600992399,0.0 -48.8104765,-26.7687842992399,0.0 -48.8104056,-26.7689204992399,0.0 -48.8103763,-26.7689746992399,0.0 -48.8103618,-26.7690002992399,0.0 -48.8103475,-26.7690246992399,0.0 -48.8103198,-26.7690700992399,0.0 -48.8102592,-26.7691656992399,0.0 -48.8102391,-26.7691985992399,0.0 -48.8102202,-26.7692311992399,0.0 -48.810171,-26.7693250992399,0.0 -48.8101029,-26.7694629992399,0.0 -48.8100237,-26.7696180992399,0.0 -48.8100035,-26.7696592992399,0.0 -48.8099941,-26.7696793992399,0.0 -48.8099769,-26.7697183992399,0.0 -48.8099692,-26.7697372992399,0.0 -48.8099622,-26.7697557992399,0.0 -48.8099559,-26.7697737992399,0.0 -48.8099504,-26.7697913992399,0.0 -48.8099456,-26.7698084992399,0.0 -48.8099416,-26.7698251992399,0.0 -48.8099383,-26.7698416992399,0.0 -48.8099356,-26.7698577992399,0.0 -48.8099334,-26.7698737992399,0.0 -48.8099317,-26.7698895992399,0.0 -48.8099292,-26.7699211992399,0.0 -48.8099278,-26.7699529992399,0.0 -48.8099272,-26.7699846992399,0.0 -48.8099272,-26.7700003992399,0.0 -48.8099279,-26.7700310992399,0.0 -48.8099294,-26.7700605992399,0.0 -48.8099332,-26.7701183992399,0.0 -48.8099341,-26.7701489992399,0.0 -48.809934,-26.7701652992399,0.0 -48.8099335,-26.7701823992399,0.0 -48.8099325,-26.7702001992399,0.0 -48.8099294,-26.7702367992399,0.0 -48.8099274,-26.7702552992399,0.0 -48.8099226,-26.7702914992399,0.0 -48.8099171,-26.7703253992399,0.0 -48.8099109,-26.7703563992399,0.0 -48.8099043,-26.7703849992399,0.0 -48.809897,-26.7704113992399,0.0 -48.8098894,-26.7704359992399,0.0 -48.8098778,-26.7704708992399,0.0 -48.8098712,-26.7704934992399,0.0 -48.8098685,-26.7705046992399,0.0 -48.8098663,-26.7705160992399,0.0 -48.8098647,-26.7705275992399,0.0 -48.8098637,-26.7705393992399,0.0 -48.8098632,-26.7705513992399,0.0 -48.8098632,-26.7705636992399,0.0 -48.8098645,-26.7705895992399,0.0 -48.8098672,-26.7706173992399,0.0 -48.8098725,-26.7706582992399,0.0 -48.8098811,-26.7707283992399,0.0 -48.8098838,-26.7707610992399,0.0 -48.8098847,-26.7707773992399,0.0 -48.8098856,-26.7708113992399,0.0 -48.8098855,-26.7708486992399,0.0 -48.8098841,-26.7709148992399,0.0 -48.8098815,-26.7709925992399,0.0 -48.8098793,-26.7710456992399,0.0 -48.8098767,-26.7710959992399,0.0 -48.8098738,-26.7711407992399,0.0 -48.8098703,-26.7711805992399,0.0 -48.8098683,-26.7711991992399,0.0 -48.8098635,-26.7712342992399,0.0 -48.8098574,-26.7712679992399,0.0 -48.8098498,-26.7713010992399,0.0 -48.8098406,-26.7713342992399,0.0 -48.8098353,-26.7713510992399,0.0 -48.8098234,-26.7713853992399,0.0 -48.8098098,-26.7714209992399,0.0 -48.8097801,-26.7714953992399,0.0 -48.8097658,-26.7715337992399,0.0 -48.8097592,-26.7715532992399,0.0 -48.8097529,-26.7715728992399,0.0 -48.8097471,-26.7715927992399,0.0 -48.8097417,-26.7716130992399,0.0 -48.8097368,-26.7716338992399,0.0 -48.8097323,-26.7716552992399,0.0 -48.8097283,-26.7716771992399,0.0 -48.8097247,-26.7716999992399,0.0 -48.8097217,-26.7717233992399,0.0 -48.8097191,-26.7717474992399,0.0 -48.8097169,-26.7717718992399,0.0 -48.8097136,-26.7718207992399,0.0 -48.8097107,-26.7718907992399,0.0 -48.8097093,-26.7719532992399,0.0 -48.8097091,-26.7720123992399,0.0 -48.80971,-26.7720746992399,0.0 -48.8097133,-26.7722209992399,0.0 -48.8097137,-26.7722513992399,0.0 -48.8097143,-26.7723651992399,0.0 -48.8097134,-26.7724570992398,0.0 -48.8097122,-26.7725186992398,0.0 -48.8097095,-26.7726094992398,0.0 -48.8096947,-26.7729104992398,0.0 -48.809699,-26.7732182992398,0.0 -48.809701,-26.7732619992398,0.0 -48.8097026,-26.7733279992398,0.0 -48.8097031,-26.7733756992398,0.0 -48.809703,-26.7734480992398,0.0 -48.8097024,-26.7735165992398,0.0 -48.8097014,-26.7735602992398,0.0 -48.8096997,-26.7736043992398,0.0 -48.8096985,-26.7736270992398,0.0 -48.809697,-26.7736504992398,0.0 -48.8096932,-26.7736997992398,0.0 -48.8096885,-26.7737510992398,0.0 -48.8096831,-26.7738029992398,0.0 -48.8096773,-26.7738536992398,0.0 -48.8096631,-26.7739710992398,0.0 -48.8096562,-26.7740370992398,0.0 -48.8096528,-26.7740806992398,0.0 -48.8096516,-26.7741030992398,0.0 -48.80965,-26.7741504992398,0.0 -48.8096499,-26.7742036992398,0.0 -48.8096504,-26.7742330992398,0.0 -48.8096525,-26.7742980992398,0.0 -48.8096557,-26.7743674992398,0.0 -48.809667,-26.7745826992398,0.0 -48.8096686,-26.7746250992398,0.0 -48.8096701,-26.7746777992398,0.0 -48.8096704,-26.7747013992398,0.0 -48.8096703,-26.7747410992398,0.0 -48.809561,-26.7748061992398,0.0 -48.8094627,-26.7748415992398,0.0 -48.8093709,-26.7748493992398,0.0 -48.80919,-26.7748401992398,0.0 -48.8089908,-26.7748270992398,0.0 -48.8087758,-26.7748270992398,0.0 -48.8085713,-26.7748375992398,0.0 -48.8084245,-26.7748611992398,0.0 -48.8083249,-26.7749083992398,0.0 -48.8082383,-26.7750184992398,0.0 -48.8081833,-26.7751338992398,0.0 -48.8081807,-26.7752098992398,0.0 -48.8082043,-26.7753094992398,0.0 -48.8082882,-26.7753855992398,0.0 -48.8083878,-26.7754195992398,0.0 -48.8085713,-26.7754222992398,0.0 -48.8086604,-26.7754261992398,0.0 -48.8087574,-26.7754340992398,0.0 -48.8088728,-26.7754654992398,0.0 -48.8089567,-26.7755126992398,0.0 -48.8090091,-26.7755834992398,0.0 -48.8090616,-26.7757014992398,0.0 -48.8091087,-26.7758220992398,0.0 -48.8091428,-26.7759426992398,0.0 -48.8091795,-26.7760986992398,0.0 -48.8092582,-26.7762821992398,0.0 -48.8093159,-26.7764053992398,0.0 -48.8093578,-26.7765390992398,0.0 -48.8094102,-26.7766281992398,0.0 -48.8094653,-26.7767474992398,0.0 -48.8095361,-26.7768628992398,0.0 -48.8096265,-26.7769222992398,0.0 -48.8096567,-26.7769703992398,0.0 -48.8096698,-26.7770214992398,0.0 -48.8096672,-26.7770555992398,0.0 -48.8096501,-26.7770909992398,0.0 -48.8096095,-26.7771381992398,0.0 -48.8095322,-26.7771590992397,0.0 -48.8094181,-26.7771577992398,0.0 -48.8092792,-26.7771472992398,0.0 -48.8091881,-26.7771295992398,0.0 -48.8091304,-26.7771282992398,0.0 -48.8090753,-26.7771440992398,0.0 -48.8090072,-26.7771833992398,0.0 -48.8089731,-26.7772239992398,0.0 -48.808956,-26.7772737992398,0.0 -48.808956,-26.7773065992398,0.0 -48.8089718,-26.7773747992398,0.0 -48.8090085,-26.7774127992398,0.0 -48.8090911,-26.7774638992398,0.0 -48.8091907,-26.7775267992397,0.0 -48.8093552,-26.7775746992398,0.0 -48.8094863,-26.7776480992398,0.0 -48.8095885,-26.7777188992398,0.0 -48.8096855,-26.7777974992397,0.0 -48.8097851,-26.7778944992397,0.0 -48.80989,-26.7780255992397,0.0 -48.8099189,-26.7781015992397,0.0 -48.8099215,-26.7781645992397,0.0 -48.8098926,-26.7782615992397,0.0 -48.8098376,-26.7783126992397,0.0 -48.8097353,-26.7783493992397,0.0 -48.8096226,-26.7783336992397,0.0 -48.809523,-26.7783152992397,0.0 -48.8093945,-26.7782942992397,0.0 -48.8092713,-26.7782811992397,0.0 -48.8091795,-26.7782969992397,0.0 -48.8090668,-26.7783703992397,0.0 -48.8089986,-26.7784515992397,0.0 -48.8089829,-26.7785695992397,0.0 -48.8089514,-26.7788251992397,0.0 -48.808941,-26.7790794992397,0.0 -48.8089252,-26.7792866992397,0.0 -48.8089514,-26.7794622992397,0.0 -48.8090065,-26.7795278992397,0.0 -48.8091323,-26.7795776992397,0.0 -48.8092608,-26.7796143992397,0.0 -48.8094102,-26.7796379992397,0.0 -48.8095885,-26.7796274992397,0.0 -48.8097458,-26.7795880992397,0.0 -48.8098848,-26.7795330992397,0.0 -48.8100027,-26.7794937992397,0.0 -48.8101286,-26.7794884992397,0.0 -48.8102361,-26.7795199992397,0.0 -48.8103488,-26.7795828992397,0.0 -48.8104065,-26.7796798992397,0.0 -48.8104511,-26.7797899992397,0.0 -48.8104589,-26.7799000992397,0.0 -48.8104406,-26.7799970992397,0.0 -48.8103462,-26.7801688992397,0.0 -48.8102335,-26.7803313992397,0.0 -48.8101286,-26.7804152992397,0.0 -48.8099975,-26.7804624992397,0.0 -48.8098638,-26.7805410992397,0.0 -48.809738,-26.7806302992397,0.0 -48.8096252,-26.7807613992397,0.0 -48.8094601,-26.7810169992397,0.0 -48.8094286,-26.7811401992397,0.0 -48.8094286,-26.7812555992397,0.0 -48.8094286,-26.7814495992397,0.0 -48.8094102,-26.7817195992397,0.0 -48.8094234,-26.7818768992397,0.0 -48.8094653,-26.7819738992397,0.0 -48.8095597,-26.7820420992397,0.0 -48.8096698,-26.7820603992397,0.0 -48.8098061,-26.7820551992397,0.0 -48.8099634,-26.7819948992397,0.0 -48.8100998,-26.7818558992397,0.0 -48.8102125,-26.7816985992397,0.0 -48.8103252,-26.7815491992397,0.0 -48.8104393,-26.7814980992397,0.0 -48.810573,-26.7814980992397,0.0 -48.8106438,-26.7815137992397,0.0 -48.8106962,-26.7815819992397,0.0 -48.8107093,-26.7816762992397,0.0 -48.8106988,-26.7817759992397,0.0 -48.8106857,-26.7818702992397,0.0 -48.8106595,-26.7819319992397,0.0 -48.8106175,-26.7820289992397,0.0 -48.8105992,-26.7821521992397,0.0 -48.810607,-26.7823277992397,0.0 -48.810628,-26.7824483992397,0.0 -48.8106621,-26.7825689992397,0.0 -48.8107027,-26.7826803992397,0.0 -48.8108233,-26.7828036992397,0.0 -48.8109911,-26.7829792992396,0.0 -48.811096,-26.7830972992396,0.0 -48.8111733,-26.7831837992396,0.0 -48.811231,-26.7832912992396,0.0 -48.8112389,-26.7834092992396,0.0 -48.81121,-26.7835429992396,0.0 -48.8111812,-26.7836845992396,0.0 -48.8111812,-26.7837972992396,0.0 -48.8111969,-26.7839204992396,0.0 -48.8112284,-26.7840672992396,0.0 -48.8113542,-26.7842455992396,0.0 -48.811446,-26.7843635992396,0.0 -48.8114696,-26.7844500992396,0.0 -48.8114591,-26.7845444992396,0.0 -48.8114276,-26.7846519992396,0.0 -48.8113595,-26.7847358992396,0.0 -48.8112782,-26.7848065992396,0.0 -48.8111183,-26.7848564992396,0.0 -48.8109712,-26.7848797992396,0.0 -48.8108273,-26.7848852992396,0.0 -48.8106805,-26.7849455992396,0.0 -48.8105703,-26.7850320992396,0.0 -48.8105389,-26.7851264992396,0.0 -48.8105572,-26.7852483992396,0.0 -48.8105992,-26.7853243992396,0.0 -48.8107303,-26.7853663992396,0.0 -48.8109453,-26.7853715992396,0.0 -48.8110501,-26.7853846992396,0.0 -48.8111419,-26.7854213992396,0.0 -48.8112441,-26.7854947992396,0.0 -48.8113044,-26.7855655992396,0.0 -48.8113254,-26.7856363992396,0.0 -48.8113202,-26.7857307992396,0.0 -48.8112153,-26.7858828992396,0.0 -48.8111235,-26.7859614992396,0.0 -48.8110698,-26.7859811992396,0.0 -48.8109308,-26.7860597992396,0.0 -48.8108155,-26.7861305992396,0.0 -48.8107709,-26.7862039992396,0.0 -48.8107526,-26.7862904992396,0.0 -48.8107526,-26.7863691992396,0.0 -48.8107762,-26.7864871992396,0.0 -48.8108076,-26.7865513992396,0.0 -48.8109072,-26.7866640992396,0.0 -48.8110032,-26.7867460992396,0.0 -48.8110748,-26.7867610992396,0.0 -48.8111347,-26.7867575992396,0.0 -48.811179,-26.7867766992396,0.0 -48.811329,-26.7869379992396,0.0 -48.8114757,-26.7870619992396,0.0 -48.8115213,-26.7870935992396,0.0 -48.8116006,-26.7871499992396,0.0 -48.8116345,-26.7871749992396,0.0 -48.8116917,-26.7872191992396,0.0 -48.8117154,-26.7872385992396,0.0 -48.8117537,-26.7872723992396,0.0 -48.8117687,-26.7872869992396,0.0 -48.8117849,-26.7873062992396,0.0 -48.8117944,-26.7873217992396,0.0 -48.8118064,-26.7873528992396,0.0 -48.8118178,-26.7873986992396,0.0 -48.8118228,-26.7874368992396,0.0 -48.8118247,-26.7874668992396,0.0 -48.8118258,-26.7874989992396,0.0 -48.8118203,-26.7875274992396,0.0 -48.8118102,-26.7875435992396,0.0 -48.8117992,-26.7875582992396,0.0 -48.8117872,-26.7875713992396,0.0 -48.8117808,-26.7875773992396,0.0 -48.811767,-26.7875880992396,0.0 -48.8117597,-26.7875928992396,0.0 -48.8117434,-26.7876011992396,0.0 -48.8117239,-26.7876083992396,0.0 -48.8116998,-26.7876146992396,0.0 -48.81167,-26.7876203992396,0.0 -48.8116338,-26.7876258992396,0.0 -48.8115916,-26.7876313992396,0.0 -48.8114337,-26.7876493992395,0.0 -48.8113489,-26.7876604992396,0.0 -48.8112973,-26.7876690992396,0.0 -48.8112742,-26.7876737992395,0.0 -48.8112529,-26.7876788992396,0.0 -48.8112332,-26.7876843992396,0.0 -48.8112149,-26.7876902992396,0.0 -48.811198,-26.7876966992396,0.0 -48.8111823,-26.7877036992396,0.0 -48.8111581,-26.7877180992395,0.0 -48.81114,-26.7877327992396,0.0 -48.811127,-26.7877441992395,0.0 -48.8111145,-26.7877535992396,0.0 -48.8111028,-26.7877632992396,0.0 -48.811082,-26.7877835992396,0.0 -48.8110652,-26.7878037992396,0.0 -48.8110527,-26.7878229992395,0.0 -48.8110481,-26.7878321992395,0.0 -48.8110444,-26.7878411992396,0.0 -48.8110416,-26.7878500992396,0.0 -48.8110383,-26.7878682992396,0.0 -48.8110376,-26.7878778992396,0.0 -48.8110374,-26.7878982992395,0.0 -48.8110398,-26.7879322992395,0.0 -48.8110442,-26.7879685992395,0.0 -48.8110518,-26.7880171992395,0.0 -48.8110592,-26.7880535992395,0.0 -48.8110693,-26.7880904992395,0.0 -48.8110778,-26.7881157992395,0.0 -48.8110939,-26.7881553992395,0.0 -48.811107,-26.7881832992396,0.0 -48.8111223,-26.7882128992395,0.0 -48.8111401,-26.7882448992395,0.0 -48.8111846,-26.7883193992395,0.0 -48.811285,-26.7884806992395,0.0 -48.8113257,-26.7885481992395,0.0 -48.8113495,-26.7885893992395,0.0 -48.8113706,-26.7886272992395,0.0 -48.8113886,-26.7886615992395,0.0 -48.8114034,-26.7886919992395,0.0 -48.8114151,-26.7887190992395,0.0 -48.811424,-26.7887430992395,0.0 -48.8114301,-26.7887646992395,0.0 -48.8114337,-26.7887842992395,0.0 -48.8114355,-26.7888107992395,0.0 -48.8114345,-26.7888348992395,0.0 -48.811432,-26.7888574992395,0.0 -48.8114273,-26.7888785992395,0.0 -48.8114222,-26.7888915992395,0.0 -48.8114152,-26.7889036992395,0.0 -48.8114062,-26.7889147992395,0.0 -48.8114009,-26.7889199992395,0.0 -48.8113887,-26.7889294992395,0.0 -48.8113744,-26.7889377992395,0.0 -48.811358,-26.7889448992395,0.0 -48.8113491,-26.7889478992395,0.0 -48.8113298,-26.7889528992395,0.0 -48.8113086,-26.7889564992395,0.0 -48.8112859,-26.7889583992395,0.0 -48.8112739,-26.7889585992395,0.0 -48.8112492,-26.7889571992395,0.0 -48.8112365,-26.7889555992395,0.0 -48.8112236,-26.7889531992395,0.0 -48.8112106,-26.7889499992395,0.0 -48.8111844,-26.7889411992395,0.0 -48.8111583,-26.7889297992395,0.0 -48.8111455,-26.7889232992395,0.0 -48.8111208,-26.7889095992395,0.0 -48.8110865,-26.7888881992395,0.0 -48.8110648,-26.7888729992395,0.0 -48.8110314,-26.7888470992395,0.0 -48.8109674,-26.7887928992395,0.0 -48.8109405,-26.7887707992395,0.0 -48.8109145,-26.7887512992395,0.0 -48.8108902,-26.7887357992395,0.0 -48.8108669,-26.7887241992395,0.0 -48.8108553,-26.7887195992395,0.0 -48.8108319,-26.7887124992395,0.0 -48.8108073,-26.7887074992395,0.0 -48.8107945,-26.7887056992395,0.0 -48.8107687,-26.7887032992395,0.0 -48.8107319,-26.7887025992395,0.0 -48.8107103,-26.7887037992395,0.0 -48.8107006,-26.7887049992395,0.0 -48.8106824,-26.7887086992395,0.0 -48.8106737,-26.7887112992395,0.0 -48.8106563,-26.7887184992395,0.0 -48.8106472,-26.7887230992395,0.0 -48.810628,-26.7887345992395,0.0 -48.8106082,-26.7887482992395,0.0 -48.8105889,-26.7887633992395,0.0 -48.810571,-26.7887790992395,0.0 -48.8105556,-26.7887945992395,0.0 -48.8105487,-26.7888022992395,0.0 -48.8105366,-26.7888178992395,0.0 -48.8105265,-26.7888338992395,0.0 -48.810518,-26.7888507992395,0.0 -48.8105111,-26.7888684992395,0.0 -48.8105082,-26.7888777992395,0.0 -48.8105037,-26.7888972992395,0.0 -48.8105021,-26.7889073992395,0.0 -48.8105001,-26.7889286992395,0.0 -48.8104999,-26.7889508992395,0.0 -48.8105012,-26.7889733992395,0.0 -48.810504,-26.7889954992395,0.0 -48.8105083,-26.7890165992395,0.0 -48.810511,-26.7890268992395,0.0 -48.8105188,-26.7890481992395,0.0 -48.8105242,-26.7890595992395,0.0 -48.8105387,-26.7890850992395,0.0 -48.8105483,-26.7890995992395,0.0 -48.8105724,-26.7891329992395,0.0 -48.810587,-26.7891515992395,0.0 -48.8106209,-26.7891920992395,0.0 -48.8106401,-26.7892137992395,0.0 -48.8106829,-26.7892592992395,0.0 -48.8107063,-26.7892827992395,0.0 -48.8107557,-26.7893302992395,0.0 -48.8108313,-26.7893987992395,0.0 -48.8108999,-26.7894576992395,0.0 -48.8109391,-26.7894898992395,0.0 -48.8109739,-26.7895173992395,0.0 -48.8110732,-26.7895926992395,0.0 -48.8110948,-26.7896103992395,0.0 -48.811112,-26.7896263992395,0.0 -48.8111188,-26.7896337992395,0.0 -48.8111288,-26.7896476992395,0.0 -48.8111352,-26.7896604992395,0.0 -48.8111388,-26.7896725992395,0.0 -48.8111414,-26.7896901992395,0.0 -48.8111417,-26.7897016992395,0.0 -48.8111399,-26.7897183992395,0.0 -48.8111372,-26.7897292992395,0.0 -48.8111328,-26.7897397992395,0.0 -48.8111263,-26.7897501992395,0.0 -48.811117,-26.7897603992395,0.0 -48.8111043,-26.7897704992395,0.0 -48.8110886,-26.7897802992395,0.0 -48.8110708,-26.7897894992395,0.0 -48.8110423,-26.7898009992395,0.0 -48.8110232,-26.7898067992395,0.0 -48.811002,-26.7898113992395,0.0 -48.810976,-26.7898150992395,0.0 -48.8109427,-26.7898184992395,0.0 -48.8107982,-26.7898310992395,0.0 -48.8107442,-26.7898373992395,0.0 -48.8106919,-26.7898452992395,0.0 -48.8106416,-26.7898551992395,0.0 -48.810593,-26.7898672992395,0.0 -48.810546,-26.7898818992395,0.0 -48.810523,-26.7898900992395,0.0 -48.8104784,-26.7899080992395,0.0 -48.8104363,-26.7899277992395,0.0 -48.8103972,-26.7899483992395,0.0 -48.8103621,-26.7899690992395,0.0 -48.8103312,-26.7899894992395,0.0 -48.8103176,-26.7899992992395,0.0 -48.810294,-26.7900177992395,0.0 -48.8102841,-26.7900263992395,0.0 -48.8102686,-26.7900417992395,0.0 -48.8102627,-26.7900486992395,0.0 -48.8102541,-26.7900611992395,0.0 -48.8102511,-26.7900669992395,0.0 -48.8102468,-26.7900782992395,0.0 -48.8102424,-26.7900954992395,0.0 -48.8102404,-26.7901078992395,0.0 -48.810239,-26.7901215992395,0.0 -48.8102384,-26.7901449992395,0.0 -48.8102404,-26.7901818992395,0.0 -48.8102442,-26.7902119992395,0.0 -48.8102504,-26.7902439992395,0.0 -48.8102572,-26.7902687992395,0.0 -48.8102738,-26.7903160992395,0.0 -48.8102902,-26.7903563992395,0.0 -48.8103102,-26.7904012992395,0.0 -48.8103212,-26.7904244992395,0.0 -48.8103448,-26.7904702992395,0.0 -48.8103694,-26.7905127992395,0.0 -48.8103941,-26.7905503992395,0.0 -48.8104176,-26.7905832992395,0.0 -48.8104566,-26.7906358992395,0.0 -48.8104769,-26.7906661992395,0.0 -48.8104876,-26.7906841992395,0.0 -48.8104971,-26.7907019992395,0.0 -48.8105063,-26.7907205992395,0.0 -48.8105147,-26.7907399992395,0.0 -48.8105218,-26.7907599992395,0.0 -48.8105269,-26.7907802992395,0.0 -48.8105297,-26.7908006992395,0.0 -48.8105298,-26.7908204992395,0.0 -48.8105272,-26.7908386992395,0.0 -48.8105248,-26.7908470992395,0.0 -48.8105216,-26.7908546992395,0.0 -48.8105177,-26.7908615992395,0.0 -48.8105131,-26.7908677992395,0.0 -48.8105077,-26.7908732992395,0.0 -48.8105016,-26.7908781992395,0.0 -48.8104948,-26.7908823992395,0.0 -48.8104874,-26.7908860992395,0.0 -48.8104705,-26.7908920992395,0.0 -48.810451,-26.7908960992395,0.0 -48.81044,-26.7908972992395,0.0 -48.8104282,-26.7908976992395,0.0 -48.8104154,-26.7908973992395,0.0 -48.8104016,-26.7908960992395,0.0 -48.8103866,-26.7908938992395,0.0 -48.8103704,-26.7908904992395,0.0 -48.8103529,-26.7908859992395,0.0 -48.8103149,-26.7908737992395,0.0 -48.810274,-26.7908581992395,0.0 -48.8102531,-26.7908492992395,0.0 -48.8102113,-26.7908299992395,0.0 -48.8101506,-26.7907984992395,0.0 -48.8100326,-26.7907325992395,0.0 -48.809957,-26.7906927992395,0.0 -48.8099241,-26.7906766992395,0.0 -48.8098968,-26.7906642992395,0.0 -48.8098751,-26.7906557992395,0.0 -48.8098578,-26.7906504992395,0.0 -48.8098434,-26.7906475992395,0.0 -48.8098242,-26.7906462992395,0.0 -48.8098057,-26.7906480992395,0.0 -48.8097867,-26.7906527992395,0.0 -48.8097663,-26.7906602992395,0.0 -48.8097461,-26.7906700992395,0.0 -48.8097339,-26.7906778992395,0.0 -48.8097284,-26.7906819992395,0.0 -48.8097232,-26.7906863992395,0.0 -48.809714,-26.7906957992395,0.0 -48.8097058,-26.7907064992395,0.0 -48.8096984,-26.7907184992395,0.0 -48.8096914,-26.7907319992395,0.0 -48.809685,-26.7907470992395,0.0 -48.8096792,-26.7907636992395,0.0 -48.8096743,-26.7907818992395,0.0 -48.8096689,-26.7908132992395,0.0 -48.8096655,-26.7908543992395,0.0 -48.8096645,-26.7908902992395,0.0 -48.8096641,-26.7910689992395,0.0 -48.8096631,-26.7911263992395,0.0 -48.8096611,-26.7911830992395,0.0 -48.8096577,-26.7912378992395,0.0 -48.8096529,-26.7912898992395,0.0 -48.8096465,-26.7913379992395,0.0 -48.8096385,-26.7913822992395,0.0 -48.8096285,-26.7914241992395,0.0 -48.8096266,-26.7914307992395,0.0 -48.8096166,-26.7914647992395,0.0 -48.8096025,-26.7915053992395,0.0 -48.8095943,-26.7915260992395,0.0 -48.8095847,-26.7915472992395,0.0 -48.8095734,-26.7915691992395,0.0 -48.8095601,-26.7915919992395,0.0 -48.8095443,-26.7916157992395,0.0 -48.8095257,-26.7916408992395,0.0 -48.8095038,-26.7916672992395,0.0 -48.8094242,-26.7917104992395,0.0 -48.8093233,-26.7917383992395,0.0 -48.8090916,-26.7918010992395,0.0 -48.8088755,-26.7918750992395,0.0 -48.8087471,-26.7919309992395,0.0 -48.8087083,-26.7919469992395,0.0 -48.8086675,-26.7919627992395,0.0 -48.8086252,-26.7919781992395,0.0 -48.8085603,-26.7920002992395,0.0 -48.8085167,-26.7920140992395,0.0 -48.8084725,-26.7920268992395,0.0 -48.80845,-26.7920328992395,0.0 -48.8084037,-26.7920436992395,0.0 -48.8083797,-26.7920484992395,0.0 -48.80833,-26.7920570992395,0.0 -48.808178,-26.7920791992395,0.0 -48.8081304,-26.7920876992395,0.0 -48.8081077,-26.7920922992395,0.0 -48.8080644,-26.7921024992395,0.0 -48.808044,-26.7921080992395,0.0 -48.8080058,-26.7921201992395,0.0 -48.8079881,-26.7921267992395,0.0 -48.8079555,-26.7921408992395,0.0 -48.8079263,-26.7921559992395,0.0 -48.8079,-26.7921717992395,0.0 -48.8078762,-26.7921881992395,0.0 -48.8078543,-26.7922048992395,0.0 -48.8077731,-26.7922711992395,0.0 -48.8077068,-26.7923242992395,0.0 -48.8076092,-26.7924085992395,0.0 -48.8075823,-26.7924295992395,0.0 -48.8075692,-26.7924388992395,0.0 -48.8075435,-26.7924547992395,0.0 -48.8075189,-26.7924673992395,0.0 -48.8074954,-26.7924765992395,0.0 -48.807473,-26.7924826992395,0.0 -48.807452,-26.7924859992395,0.0 -48.807442,-26.7924866992395,0.0 -48.8074231,-26.7924866992395,0.0 -48.8074141,-26.7924859992395,0.0 -48.8073974,-26.7924836992395,0.0 -48.8073747,-26.7924780992395,0.0 -48.8073544,-26.7924698992395,0.0 -48.8073357,-26.7924592992395,0.0 -48.8073238,-26.7924502992395,0.0 -48.807318,-26.7924451992395,0.0 -48.8073065,-26.7924332992395,0.0 -48.8073008,-26.7924263992395,0.0 -48.8072836,-26.7924019992395,0.0 -48.8072722,-26.7923827992395,0.0 -48.8072606,-26.7923615992395,0.0 -48.807243,-26.7923261992395,0.0 -48.807225,-26.7922841992395,0.0 -48.8072126,-26.7922501992395,0.0 -48.8071997,-26.7922099992395,0.0 -48.8071598,-26.7920700992395,0.0 -48.8071406,-26.7920082992395,0.0 -48.8071283,-26.7919740992395,0.0 -48.8071222,-26.7919589992395,0.0 -48.8071101,-26.7919326992395,0.0 -48.8071041,-26.7919213992395,0.0 -48.807092,-26.7919022992395,0.0 -48.8070796,-26.7918870992395,0.0 -48.8070668,-26.7918749992395,0.0 -48.8070602,-26.7918697992395,0.0 -48.8070462,-26.7918605992395,0.0 -48.8070313,-26.7918526992395,0.0 -48.8070235,-26.7918492992395,0.0 -48.8070072,-26.7918435992395,0.0 -48.8069987,-26.7918412992395,0.0 -48.8069809,-26.7918378992395,0.0 -48.8069717,-26.7918367992395,0.0 -48.8069529,-26.7918358992395,0.0 -48.8069434,-26.7918359992395,0.0 -48.8069244,-26.7918374992395,0.0 -48.806915,-26.7918387992395,0.0 -48.8068966,-26.7918425992395,0.0 -48.8068875,-26.7918450992395,0.0 -48.8068697,-26.7918512992395,0.0 -48.8068435,-26.7918632992395,0.0 -48.8068259,-26.7918732992395,0.0 -48.8067971,-26.7918923992395,0.0 -48.8066788,-26.7919787992395,0.0 -48.8066365,-26.7920087992395,0.0 -48.8065889,-26.7920414992395,0.0 -48.8065367,-26.7920762992395,0.0 -48.8064819,-26.7921114992395,0.0 -48.8063987,-26.7921621992395,0.0 -48.806345,-26.7921927992395,0.0 -48.8062925,-26.7922210992395,0.0 -48.8062405,-26.7922475992395,0.0 -48.8061879,-26.7922731992395,0.0 -48.8061342,-26.7922983992395,0.0 -48.8060794,-26.7923226992395,0.0 -48.8060234,-26.7923456992395,0.0 -48.8059951,-26.7923563992395,0.0 -48.8059378,-26.7923761992395,0.0 -48.805909,-26.7923850992395,0.0 -48.8058518,-26.7924010992395,0.0 -48.8058237,-26.7924080992395,0.0 -48.805769,-26.7924203992395,0.0 -48.8057428,-26.7924255992395,0.0 -48.8056929,-26.7924342992395,0.0 -48.8056464,-26.7924411992395,0.0 -48.8056029,-26.7924465992395,0.0 -48.8055229,-26.7924553992395,0.0 -48.8054653,-26.7924605992395,0.0 -48.8054043,-26.7924641992395,0.0 -48.8052675,-26.7924685992395,0.0 -48.8052238,-26.7924714992395,0.0 -48.8052035,-26.7924736992395,0.0 -48.8051663,-26.7924792992395,0.0 -48.8051342,-26.7924863992395,0.0 -48.8051076,-26.7924944992395,0.0 -48.8050964,-26.7924988992395,0.0 -48.8050868,-26.7925034992395,0.0 -48.8050786,-26.7925081992395,0.0 -48.8050716,-26.7925132992395,0.0 -48.8050658,-26.7925186992395,0.0 -48.805061,-26.7925245992395,0.0 -48.805057,-26.7925309992395,0.0 -48.8050538,-26.7925380992395,0.0 -48.8050511,-26.7925457992395,0.0 -48.8050472,-26.7925632992395,0.0 -48.8050451,-26.7925826992395,0.0 -48.8050446,-26.7926027992395,0.0 -48.8050459,-26.7926224992395,0.0 -48.8050488,-26.7926406992395,0.0 -48.8050511,-26.7926493992395,0.0 -48.8050572,-26.7926657992395,0.0 -48.8050613,-26.7926736992395,0.0 -48.8050716,-26.7926891992395,0.0 -48.805078,-26.7926967992395,0.0 -48.8050933,-26.7927118992395,0.0 -48.8051023,-26.7927193992395,0.0 -48.8051232,-26.7927343992395,0.0 -48.8051351,-26.7927419992395,0.0 -48.805162,-26.7927572992395,0.0 -48.8051931,-26.7927727992395,0.0 -48.8052475,-26.7927964992395,0.0 -48.8052888,-26.7928125992395,0.0 -48.8053573,-26.7928371992395,0.0 -48.8055237,-26.7928926992395,0.0 -48.8055668,-26.7929076992395,0.0 -48.8056061,-26.7929228992395,0.0 -48.805624,-26.7929305992395,0.0 -48.8056406,-26.7929384992395,0.0 -48.8056558,-26.7929465992394,0.0 -48.8056696,-26.7929548992395,0.0 -48.8056821,-26.7929634992394,0.0 -48.8056933,-26.7929723992394,0.0 -48.8057032,-26.7929816992394,0.0 -48.8057118,-26.7929913992394,0.0 -48.8057193,-26.7930014992394,0.0 -48.8057256,-26.7930120992394,0.0 -48.8057309,-26.7930231992395,0.0 -48.805735,-26.7930346992394,0.0 -48.8057382,-26.7930465992394,0.0 -48.8057406,-26.7930586992394,0.0 -48.8057421,-26.7930709992395,0.0 -48.8057429,-26.7930833992394,0.0 -48.8057426,-26.7931079992394,0.0 -48.8057403,-26.7931320992394,0.0 -48.8057383,-26.7931439992394,0.0 -48.8057328,-26.7931678992394,0.0 -48.8057252,-26.7931920992394,0.0 -48.8057154,-26.7932170992394,0.0 -48.8056852,-26.7932838992394,0.0 -48.8056735,-26.7933121992394,0.0 -48.8056634,-26.7933414992394,0.0 -48.8056548,-26.7933722992394,0.0 -48.805651,-26.7933883992394,0.0 -48.8056443,-26.7934223992394,0.0 -48.8056361,-26.7934785992394,0.0 -48.8056304,-26.7935372992394,0.0 -48.8056278,-26.7935915992394,0.0 -48.805628,-26.7936222992394,0.0 -48.8056287,-26.7936360992394,0.0 -48.8056313,-26.7936608992394,0.0 -48.8056354,-26.7936827992394,0.0 -48.8056412,-26.7937025992394,0.0 -48.8056446,-26.7937117992394,0.0 -48.8056528,-26.7937292992394,0.0 -48.8056576,-26.7937373992394,0.0 -48.8056685,-26.7937526992394,0.0 -48.8056746,-26.7937597992394,0.0 -48.8056884,-26.7937731992394,0.0 -48.805696,-26.7937793992394,0.0 -48.8057126,-26.7937907992394,0.0 -48.8057313,-26.7938008992394,0.0 -48.8057413,-26.7938054992394,0.0 -48.8057628,-26.7938133992394,0.0 -48.8057852,-26.7938196992394,0.0 -48.8057965,-26.7938221992394,0.0 -48.8058187,-26.7938254992394,0.0 -48.8058293,-26.7938262992394,0.0 -48.8058492,-26.7938261992394,0.0 -48.8058585,-26.7938251992394,0.0 -48.8058754,-26.7938217992394,0.0 -48.8058831,-26.7938192992394,0.0 -48.8058969,-26.7938128992394,0.0 -48.805903,-26.7938090992394,0.0 -48.8059137,-26.7938002992394,0.0 -48.8059185,-26.7937953992394,0.0 -48.805927,-26.7937848992394,0.0 -48.8059348,-26.7937736992394,0.0 -48.8059459,-26.7937556992394,0.0 -48.8060127,-26.7936322992394,0.0 -48.8060672,-26.7935408992394,0.0 -48.8060818,-26.7935135992394,0.0 -48.8060887,-26.7934993992394,0.0 -48.8061147,-26.7934415992394,0.0 -48.8061284,-26.7934135992394,0.0 -48.8061437,-26.7933873992394,0.0 -48.8061521,-26.7933750992394,0.0 -48.8061611,-26.7933634992394,0.0 -48.8061706,-26.7933523992394,0.0 -48.8061807,-26.7933418992394,0.0 -48.8061915,-26.7933319992394,0.0 -48.8062029,-26.7933226992394,0.0 -48.8062149,-26.7933139992394,0.0 -48.8062276,-26.7933059992394,0.0 -48.806241,-26.7932984992394,0.0 -48.8062549,-26.7932915992394,0.0 -48.8062694,-26.7932853992394,0.0 -48.8062843,-26.7932797992394,0.0 -48.8062998,-26.7932748992394,0.0 -48.8063156,-26.7932706992394,0.0 -48.8063482,-26.7932640992394,0.0 -48.8063813,-26.7932601992394,0.0 -48.8063977,-26.7932591992394,0.0 -48.8064291,-26.7932589992394,0.0 -48.8064579,-26.7932609992394,0.0 -48.8064708,-26.7932627992394,0.0 -48.8064941,-26.7932679992394,0.0 -48.8065143,-26.7932748992394,0.0 -48.8065235,-26.7932790992394,0.0 -48.8065407,-26.7932884992394,0.0 -48.8065564,-26.7932994992394,0.0 -48.8065637,-26.7933056992394,0.0 -48.8065705,-26.7933123992394,0.0 -48.8065767,-26.7933196992394,0.0 -48.8065824,-26.7933277992394,0.0 -48.8065875,-26.7933365992394,0.0 -48.8065918,-26.7933460992394,0.0 -48.8065954,-26.7933565992394,0.0 -48.8065981,-26.7933677992394,0.0 -48.8066001,-26.7933795992394,0.0 -48.8066012,-26.7933919992394,0.0 -48.8066014,-26.7934046992394,0.0 -48.8066007,-26.7934177992394,0.0 -48.806599,-26.7934310992394,0.0 -48.8065964,-26.7934443992394,0.0 -48.8065927,-26.7934576992394,0.0 -48.8065882,-26.7934707992394,0.0 -48.8065829,-26.7934836992394,0.0 -48.8065701,-26.7935082992394,0.0 -48.8065554,-26.7935307992394,0.0 -48.8065393,-26.7935503992394,0.0 -48.8065308,-26.7935591992394,0.0 -48.8065124,-26.7935758992394,0.0 -48.8064228,-26.7936460992394,0.0 -48.8063748,-26.7936857992394,0.0 -48.8063437,-26.7937136992394,0.0 -48.8063147,-26.7937420992394,0.0 -48.8062863,-26.7937720992394,0.0 -48.8062563,-26.7938054992394,0.0 -48.8060624,-26.7940266992394,0.0 -48.8060002,-26.7940967992394,0.0 -48.8059633,-26.7941362992394,0.0 -48.8059305,-26.7941679992394,0.0 -48.8058987,-26.7941954992394,0.0 -48.8058293,-26.7942512992394,0.0 -48.8057927,-26.7942820992394,0.0 -48.8057592,-26.7943137992394,0.0 -48.805709,-26.7943653992394,0.0 -48.8056871,-26.7943845992394,0.0 -48.8056626,-26.7944025992394,0.0 -48.8056495,-26.7944108992394,0.0 -48.8056224,-26.7944259992394,0.0 -48.8056086,-26.7944326992394,0.0 -48.8055815,-26.7944438992394,0.0 -48.8055683,-26.7944483992394,0.0 -48.8055428,-26.7944550992394,0.0 -48.8055305,-26.7944573992394,0.0 -48.8055067,-26.7944600992394,0.0 -48.8054837,-26.7944605992394,0.0 -48.8054615,-26.7944589992394,0.0 -48.8054506,-26.7944574992394,0.0 -48.8054294,-26.7944527992394,0.0 -48.8054087,-26.7944458992394,0.0 -48.8053886,-26.7944366992394,0.0 -48.8053687,-26.7944247992394,0.0 -48.8053486,-26.7944097992394,0.0 -48.8053276,-26.7943910992394,0.0 -48.8053167,-26.7943801992394,0.0 -48.8052938,-26.7943551992394,0.0 -48.805258,-26.7943117992394,0.0 -48.8052226,-26.7942649992394,0.0 -48.8051537,-26.7941682992394,0.0 -48.8051134,-26.7941139992394,0.0 -48.8050652,-26.7940537992394,0.0 -48.8050286,-26.7940108992394,0.0 -48.805009,-26.7939887992394,0.0 -48.8049884,-26.7939662992394,0.0 -48.8049448,-26.7939204992394,0.0 -48.8048996,-26.7938748992394,0.0 -48.8048549,-26.7938311992394,0.0 -48.8047421,-26.7937238992394,0.0 -48.8046751,-26.7936619992394,0.0 -48.8046532,-26.7936427992394,0.0 -48.8046325,-26.7936267992394,0.0 -48.8046221,-26.7936199992394,0.0 -48.8046115,-26.7936140992394,0.0 -48.8046005,-26.7936091992394,0.0 -48.8045891,-26.7936050992394,0.0 -48.8045773,-26.7936018992394,0.0 -48.8045653,-26.7935994992394,0.0 -48.8045417,-26.7935969992394,0.0 -48.8045304,-26.7935966992394,0.0 -48.8045097,-26.7935977992394,0.0 -48.8045007,-26.7935991992394,0.0 -48.8044851,-26.7936031992394,0.0 -48.8044783,-26.7936057992394,0.0 -48.8044658,-26.7936122992394,0.0 -48.8044543,-26.7936200992394,0.0 -48.8044428,-26.7936292992394,0.0 -48.8044254,-26.7936455992394,0.0 -48.8044082,-26.7936653992394,0.0 -48.804397,-26.7936806992394,0.0 -48.8043863,-26.7936970992394,0.0 -48.8043764,-26.7937140992394,0.0 -48.8043676,-26.7937309992394,0.0 -48.804357,-26.7937554992394,0.0 -48.8043517,-26.7937721992394,0.0 -48.8043496,-26.7937808992394,0.0 -48.8043466,-26.7937995992394,0.0 -48.8043457,-26.7938095992394,0.0 -48.8043451,-26.7938314992394,0.0 -48.8043463,-26.7938555992394,0.0 -48.8043493,-26.7938820992394,0.0 -48.8043515,-26.7938962992394,0.0 -48.8043611,-26.7939424992394,0.0 -48.8043933,-26.7940755992394,0.0 -48.8044076,-26.7941412992394,0.0 -48.8044157,-26.7941850992394,0.0 -48.804422,-26.7942273992394,0.0 -48.8044262,-26.7942683992394,0.0 -48.8044274,-26.7942889992394,0.0 -48.8044283,-26.7943313992394,0.0 -48.8044279,-26.7943536992394,0.0 -48.8044253,-26.7944016992394,0.0 -48.8044206,-26.7944535992394,0.0 -48.804414,-26.7945069992394,0.0 -48.8044056,-26.7945595992394,0.0 -48.8043959,-26.7946088992394,0.0 -48.8043905,-26.7946319992394,0.0 -48.8043782,-26.7946753992394,0.0 -48.8043712,-26.7946958992394,0.0 -48.8043635,-26.7947155992394,0.0 -48.8043552,-26.7947347992394,0.0 -48.804346,-26.7947533992394,0.0 -48.804336,-26.7947714992394,0.0 -48.8043252,-26.7947891992394,0.0 -48.8043136,-26.7948062992394,0.0 -48.8043015,-26.7948226992394,0.0 -48.8042887,-26.7948383992394,0.0 -48.8042755,-26.7948533992394,0.0 -48.8042618,-26.7948674992394,0.0 -48.8042477,-26.7948806992394,0.0 -48.8042334,-26.7948928992394,0.0 -48.8042188,-26.7949041992394,0.0 -48.804204,-26.7949144992394,0.0 -48.8041892,-26.7949238992394,0.0 -48.8041742,-26.7949322992394,0.0 -48.8041593,-26.7949396992394,0.0 -48.8041445,-26.7949461992394,0.0 -48.8041298,-26.7949516992394,0.0 -48.8041153,-26.7949562992394,0.0 -48.804101,-26.7949598992394,0.0 -48.8040869,-26.7949626992394,0.0 -48.8040731,-26.7949645992394,0.0 -48.8040596,-26.7949655992394,0.0 -48.8040465,-26.7949658992394,0.0 -48.8040337,-26.7949652992394,0.0 -48.8040213,-26.7949640992394,0.0 -48.8040093,-26.7949620992394,0.0 -48.8039977,-26.7949592992394,0.0 -48.8039863,-26.7949557992394,0.0 -48.803975,-26.7949513992394,0.0 -48.8039638,-26.7949460992394,0.0 -48.8039526,-26.7949398992394,0.0 -48.8039413,-26.7949327992394,0.0 -48.8039182,-26.7949154992394,0.0 -48.8039062,-26.7949052992394,0.0 -48.8038821,-26.7948824992394,0.0 -48.8038699,-26.7948698992394,0.0 -48.803846,-26.7948427992394,0.0 -48.8038343,-26.7948284992394,0.0 -48.8038115,-26.7947983992394,0.0 -48.8038005,-26.7947826992394,0.0 -48.8037791,-26.7947497992394,0.0 -48.8037582,-26.7947150992394,0.0 -48.8037376,-26.7946782992394,0.0 -48.8037076,-26.7946196992394,0.0 -48.8036789,-26.7945578992394,0.0 -48.8036608,-26.7945153992394,0.0 -48.8036119,-26.7943938992394,0.0 -48.8035973,-26.7943605992394,0.0 -48.8035903,-26.7943458992394,0.0 -48.8035768,-26.7943202992394,0.0 -48.8035704,-26.7943092992394,0.0 -48.8035581,-26.7942906992394,0.0 -48.8035463,-26.7942763992394,0.0 -48.8035349,-26.7942657992394,0.0 -48.8035234,-26.7942579992394,0.0 -48.8035111,-26.7942518992394,0.0 -48.8034903,-26.7942442992394,0.0 -48.8034675,-26.7942383992394,0.0 -48.8034519,-26.7942359992394,0.0 -48.8034442,-26.7942353992394,0.0 -48.8034293,-26.7942353992394,0.0 -48.8034148,-26.7942372992394,0.0 -48.8034076,-26.7942388992394,0.0 -48.8033932,-26.7942436992394,0.0 -48.8033785,-26.7942504992394,0.0 -48.8033711,-26.7942547992394,0.0 -48.8033561,-26.7942657992394,0.0 -48.8033486,-26.7942727992394,0.0 -48.8033411,-26.7942807992394,0.0 -48.8033337,-26.7942899992394,0.0 -48.8033263,-26.7943005992394,0.0 -48.8033191,-26.7943125992394,0.0 -48.8033119,-26.7943261992394,0.0 -48.8033049,-26.7943413992394,0.0 -48.803291,-26.7943767992394,0.0 -48.8032842,-26.7943971992394,0.0 -48.8032707,-26.7944436992394,0.0 -48.8032575,-26.7944978992394,0.0 -48.8032232,-26.7946539992394,0.0 -48.8032081,-26.7947186992394,0.0 -48.803192,-26.7947811992394,0.0 -48.8031754,-26.7948393992394,0.0 -48.8031588,-26.7948910992394,0.0 -48.8031506,-26.7949137992394,0.0 -48.8031425,-26.7949340992394,0.0 -48.8031344,-26.7949521992394,0.0 -48.8031263,-26.7949681992394,0.0 -48.803118,-26.7949824992394,0.0 -48.8031094,-26.7949950992394,0.0 -48.8031006,-26.7950062992394,0.0 -48.8030912,-26.7950163992394,0.0 -48.8030813,-26.7950255992394,0.0 -48.8030708,-26.7950338992394,0.0 -48.8030596,-26.7950415992394,0.0 -48.8030477,-26.7950484992394,0.0 -48.8030352,-26.7950547992394,0.0 -48.8030218,-26.7950602992394,0.0 -48.8030078,-26.7950651992394,0.0 -48.802993,-26.7950693992394,0.0 -48.8029774,-26.7950729992394,0.0 -48.8029611,-26.7950759992394,0.0 -48.8029441,-26.7950782992394,0.0 -48.8029085,-26.7950809992394,0.0 -48.8028718,-26.7950811992394,0.0 -48.8028534,-26.7950802992394,0.0 -48.8028168,-26.7950766992394,0.0 -48.8027815,-26.7950707992394,0.0 -48.8027483,-26.7950631992394,0.0 -48.8027179,-26.7950546992394,0.0 -48.8026911,-26.7950457992394,0.0 -48.802668,-26.7950365992394,0.0 -48.8026577,-26.7950315992394,0.0 -48.8026392,-26.7950206992394,0.0 -48.802623,-26.7950079992394,0.0 -48.8026156,-26.7950006992394,0.0 -48.8026023,-26.7949845992394,0.0 -48.8025907,-26.7949667992394,0.0 -48.8025857,-26.7949572992394,0.0 -48.802577,-26.7949374992394,0.0 -48.8025734,-26.7949273992394,0.0 -48.8025676,-26.7949065992394,0.0 -48.8025619,-26.7948749992394,0.0 -48.8025593,-26.7948435992394,0.0 -48.8025589,-26.7948229992394,0.0 -48.8025596,-26.7948023992394,0.0 -48.8025633,-26.7947612992394,0.0 -48.8025681,-26.7947298992394,0.0 -48.802575,-26.7946980992394,0.0 -48.802581,-26.7946764992394,0.0 -48.8026108,-26.7945853992394,0.0 -48.8026218,-26.7945501992394,0.0 -48.8026328,-26.7945114992394,0.0 -48.8026429,-26.7944713992394,0.0 -48.802651,-26.7944317992394,0.0 -48.8026563,-26.7943941992394,0.0 -48.8026589,-26.7943591992394,0.0 -48.8026594,-26.7943267992394,0.0 -48.802659,-26.7943115992394,0.0 -48.8026569,-26.7942831992394,0.0 -48.8026516,-26.7942449992394,0.0 -48.8026439,-26.7942104992394,0.0 -48.8026378,-26.7941886992394,0.0 -48.802631,-26.7941672992394,0.0 -48.802623,-26.7941462992394,0.0 -48.8026139,-26.7941254992394,0.0 -48.8025973,-26.7940946992394,0.0 -48.8025845,-26.7940749992394,0.0 -48.8025777,-26.7940655992394,0.0 -48.8025635,-26.7940480992394,0.0 -48.8025561,-26.7940401992394,0.0 -48.8025485,-26.7940329992394,0.0 -48.802533,-26.7940203992394,0.0 -48.802525,-26.7940148992394,0.0 -48.8025084,-26.7940052992394,0.0 -48.8024997,-26.7940010992394,0.0 -48.8024816,-26.7939937992394,0.0 -48.8024626,-26.7939875992394,0.0 -48.8024426,-26.7939824992394,0.0 -48.8024219,-26.7939780992394,0.0 -48.8023897,-26.7939728992394,0.0 -48.8023679,-26.7939701992394,0.0 -48.8023358,-26.7939670992394,0.0 -48.8023053,-26.7939652992394,0.0 -48.8022858,-26.7939650992394,0.0 -48.8022664,-26.7939657992394,0.0 -48.8022467,-26.7939678992394,0.0 -48.802226,-26.7939714992394,0.0 -48.8022037,-26.7939766992394,0.0 -48.8021792,-26.7939834992394,0.0 -48.8021515,-26.7939920992394,0.0 -48.8020679,-26.7940204992394,0.0 -48.8019535,-26.7940612992394,0.0 -48.8019199,-26.7940744992394,0.0 -48.8018987,-26.7940833992394,0.0 -48.8018663,-26.7940990992394,0.0 -48.8018517,-26.7941071992394,0.0 -48.8018383,-26.7941155992394,0.0 -48.801826,-26.7941242992394,0.0 -48.8018146,-26.7941331992394,0.0 -48.8018041,-26.7941423992394,0.0 -48.8017945,-26.7941518992394,0.0 -48.8017857,-26.7941616992394,0.0 -48.8017701,-26.7941823992394,0.0 -48.8017569,-26.7942044992394,0.0 -48.8017461,-26.7942284992394,0.0 -48.8017416,-26.7942412992394,0.0 -48.8017376,-26.7942545992394,0.0 -48.8017313,-26.7942831992394,0.0 -48.8017269,-26.7943143992394,0.0 -48.8017233,-26.7943668992394,0.0 -48.8017223,-26.7944060992394,0.0 -48.8017212,-26.7945370992394,0.0 -48.8017196,-26.7945789992394,0.0 -48.8017182,-26.7945986992394,0.0 -48.8017143,-26.7946355992394,0.0 -48.8017092,-26.7946704992394,0.0 -48.8016862,-26.7947929992394,0.0 -48.801677,-26.7948489992394,0.0 -48.8016723,-26.7948872992394,0.0 -48.8016706,-26.7949066992394,0.0 -48.8016686,-26.7949453992394,0.0 -48.8016685,-26.7949647992394,0.0 -48.8016701,-26.7950029992394,0.0 -48.8016721,-26.7950217992394,0.0 -48.8016747,-26.7950402992394,0.0 -48.801682,-26.7950765992394,0.0 -48.8016912,-26.7951122992394,0.0 -48.801733,-26.7952560992394,0.0 -48.8017692,-26.7953853992394,0.0 -48.8017791,-26.7954244992394,0.0 -48.8017886,-26.7954656992394,0.0 -48.8018107,-26.7955758992394,0.0 -48.8018203,-26.7956176992394,0.0 -48.8018312,-26.7956550992394,0.0 -48.8018372,-26.7956717992394,0.0 -48.8018436,-26.7956872992394,0.0 -48.8018505,-26.7957015992394,0.0 -48.8018578,-26.7957149992394,0.0 -48.8018657,-26.7957272992394,0.0 -48.8018741,-26.7957388992394,0.0 -48.801883,-26.7957495992394,0.0 -48.8018926,-26.7957595992394,0.0 -48.8019027,-26.7957689992394,0.0 -48.8019134,-26.7957778992394,0.0 -48.8019364,-26.7957941992394,0.0 -48.8019616,-26.7958089992394,0.0 -48.8019888,-26.7958228992394,0.0 -48.8020033,-26.7958294992394,0.0 -48.8020348,-26.7958419992394,0.0 -48.8020706,-26.7958530992394,0.0 -48.8020906,-26.7958580992394,0.0 -48.802112,-26.7958625992394,0.0 -48.8021351,-26.7958665992394,0.0 -48.8021855,-26.7958736992394,0.0 -48.8022685,-26.7958837992394,0.0 -48.8023264,-26.7958914992394,0.0 -48.8023843,-26.7959009992394,0.0 -48.8024407,-26.7959123992394,0.0 -48.8024939,-26.7959257992394,0.0 -48.8025188,-26.7959331992394,0.0 -48.8025424,-26.7959409992394,0.0 -48.8025643,-26.7959492992394,0.0 -48.8025847,-26.7959580992394,0.0 -48.8026036,-26.7959672992394,0.0 -48.8026211,-26.7959767992394,0.0 -48.802637,-26.7959866992394,0.0 -48.8026516,-26.7959969992394,0.0 -48.8026648,-26.7960074992394,0.0 -48.8026767,-26.7960182992394,0.0 -48.8026874,-26.7960293992394,0.0 -48.8026968,-26.7960408992394,0.0 -48.802705,-26.7960526992394,0.0 -48.8027123,-26.7960648992394,0.0 -48.8027185,-26.7960776992394,0.0 -48.8027238,-26.7960910992394,0.0 -48.8027283,-26.7961050992394,0.0 -48.802732,-26.7961197992394,0.0 -48.8027351,-26.7961352992394,0.0 -48.8027392,-26.7961682992394,0.0 -48.8027404,-26.7961856992394,0.0 -48.8027409,-26.7962217992394,0.0 -48.8027403,-26.7962403992394,0.0 -48.8027375,-26.7962782992394,0.0 -48.8027325,-26.7963164992394,0.0 -48.8027291,-26.7963354992394,0.0 -48.8027203,-26.7963726992394,0.0 -48.8027148,-26.7963907992394,0.0 -48.8027085,-26.7964084992394,0.0 -48.8027014,-26.7964254992394,0.0 -48.8026935,-26.7964420992394,0.0 -48.8026756,-26.7964738992394,0.0 -48.8026656,-26.7964893992394,0.0 -48.802644,-26.7965197992394,0.0 -48.8026323,-26.7965347992394,0.0 -48.8026076,-26.7965646992394,0.0 -48.8025818,-26.7965934992394,0.0 -48.8025686,-26.7966071992394,0.0 -48.8025422,-26.7966323992394,0.0 -48.8025291,-26.7966436992394,0.0 -48.8025162,-26.7966539992394,0.0 -48.8024912,-26.7966715992394,0.0 -48.8024671,-26.7966857992394,0.0 -48.8024439,-26.7966971992394,0.0 -48.8024216,-26.7967062992394,0.0 -48.8023997,-26.7967134992394,0.0 -48.8023768,-26.7967191992394,0.0 -48.8023646,-26.7967215992394,0.0 -48.802338,-26.7967254992394,0.0 -48.8023076,-26.7967284992394,0.0 -48.8022578,-26.7967313992394,0.0 -48.8022238,-26.7967320992394,0.0 -48.8021911,-26.7967318992394,0.0 -48.8021606,-26.7967307992394,0.0 -48.8021206,-26.7967280992394,0.0 -48.8020893,-26.7967248992394,0.0 -48.8020664,-26.7967214992394,0.0 -48.802054,-26.7967187992394,0.0 -48.8020427,-26.7967153992394,0.0 -48.8020259,-26.7967086992394,0.0 -48.8020149,-26.7967030992394,0.0 -48.8019988,-26.7966929992394,0.0 -48.8019887,-26.7966851992394,0.0 -48.8019792,-26.7966765992394,0.0 -48.8019706,-26.7966670992394,0.0 -48.8019593,-26.7966516992394,0.0 -48.8019529,-26.7966404992394,0.0 -48.8019472,-26.7966284992394,0.0 -48.8019373,-26.7966012992394,0.0 -48.8019275,-26.7965660992394,0.0 -48.8019157,-26.7965131992394,0.0 -48.8019014,-26.7964399992394,0.0 -48.8018908,-26.7963790992394,0.0 -48.8018784,-26.7962999992394,0.0 -48.8018718,-26.7962634992394,0.0 -48.8018642,-26.7962300992394,0.0 -48.801855,-26.7962006992394,0.0 -48.8018446,-26.7961749992394,0.0 -48.8018334,-26.7961527992394,0.0 -48.801822,-26.7961338992394,0.0 -48.8018108,-26.7961177992394,0.0 -48.8017999,-26.7961043992394,0.0 -48.8017839,-26.7960883992394,0.0 -48.8017685,-26.7960762992394,0.0 -48.8017582,-26.7960699992394,0.0 -48.8017415,-26.7960626992394,0.0 -48.8017291,-26.7960589992394,0.0 -48.8017153,-26.7960561992394,0.0 -48.8016918,-26.7960536992394,0.0 -48.8016647,-26.7960536992394,0.0 -48.8016354,-26.7960562992394,0.0 -48.8016161,-26.7960595992394,0.0 -48.801607,-26.7960616992394,0.0 -48.8015905,-26.7960668992394,0.0 -48.801583,-26.7960700992394,0.0 -48.8015694,-26.7960777992394,0.0 -48.8015567,-26.7960876992394,0.0 -48.8015504,-26.7960936992394,0.0 -48.8015375,-26.7961078992394,0.0 -48.8015243,-26.7961253992394,0.0 -48.8015176,-26.7961354992394,0.0 -48.8015048,-26.7961582992394,0.0 -48.8014929,-26.7961848992394,0.0 -48.8014826,-26.7962153992394,0.0 -48.8014742,-26.7962497992394,0.0 -48.8014707,-26.7962684992394,0.0 -48.8014654,-26.7963086992394,0.0 -48.8014625,-26.7963527992394,0.0 -48.801462,-26.7964009992394,0.0 -48.8014638,-26.7964536992394,0.0 -48.8014655,-26.7964818992394,0.0 -48.8014706,-26.7965422992394,0.0 -48.8014776,-26.7966082992394,0.0 -48.8014873,-26.7966800992394,0.0 -48.8015002,-26.7967576992394,0.0 -48.801517,-26.7968408992394,0.0 -48.801527,-26.7968844992394,0.0 -48.8015497,-26.7969745992394,0.0 -48.8015746,-26.7970656992394,0.0 -48.8016134,-26.7971976992394,0.0 -48.8016501,-26.7973156992394,0.0 -48.8016733,-26.7973834992394,0.0 -48.8016845,-26.7974135992394,0.0 -48.8016954,-26.7974409992394,0.0 -48.8017062,-26.7974652992394,0.0 -48.8017168,-26.7974864992394,0.0 -48.8017273,-26.7975048992394,0.0 -48.8017378,-26.7975208992394,0.0 -48.8017485,-26.7975347992394,0.0 -48.8017593,-26.7975468992394,0.0 -48.8017705,-26.7975576992394,0.0 -48.8017821,-26.7975674992394,0.0 -48.8017942,-26.7975765992394,0.0 -48.8018202,-26.7975940992394,0.0 -48.8018616,-26.7976200992394,0.0 -48.8018893,-26.7976385992394,0.0 -48.8019159,-26.7976589992394,0.0 -48.8019288,-26.7976701992394,0.0 -48.8019414,-26.7976821992394,0.0 -48.8019666,-26.7977090992394,0.0 -48.8019924,-26.7977405992393,0.0 -48.8020197,-26.7977773992394,0.0 -48.8020636,-26.7978417992394,0.0 -48.8021254,-26.7979381992393,0.0 -48.8021875,-26.7980382992394,0.0 -48.802247,-26.7981377992394,0.0 -48.8022878,-26.7982099992394,0.0 -48.8023118,-26.7982555992394,0.0 -48.8023323,-26.7982980992393,0.0 -48.802341,-26.7983179992393,0.0 -48.8023551,-26.7983545992393,0.0 -48.8023605,-26.7983715992393,0.0 -48.8023685,-26.7984033992393,0.0 -48.8023712,-26.7984184992393,0.0 -48.8023745,-26.7984475992393,0.0 -48.8023751,-26.7984617992393,0.0 -48.8023747,-26.7984895992393,0.0 -48.8023724,-26.7985165992393,0.0 -48.8023685,-26.7985425992393,0.0 -48.8023634,-26.7985677992393,0.0 -48.802354,-26.7986040992393,0.0 -48.8023464,-26.7986279992393,0.0 -48.8023421,-26.7986398992393,0.0 -48.8023179,-26.7987009992393,0.0 -48.8023066,-26.7987239992393,0.0 -48.8022947,-26.7987448992393,0.0 -48.8022821,-26.7987627992393,0.0 -48.8022756,-26.7987706992393,0.0 -48.8022622,-26.7987843992393,0.0 -48.8022553,-26.7987903992393,0.0 -48.8022437,-26.7987987992393,0.0 -48.8022335,-26.7988052992393,0.0 -48.8022181,-26.7988128992393,0.0 -48.80221,-26.7988161992393,0.0 -48.8021926,-26.7988216992393,0.0 -48.8021735,-26.7988260992393,0.0 -48.8021525,-26.7988295992393,0.0 -48.8021304,-26.7988320992393,0.0 -48.8021083,-26.7988334992393,0.0 -48.8020871,-26.7988337992393,0.0 -48.8020678,-26.7988328992393,0.0 -48.8020504,-26.7988306992393,0.0 -48.8020348,-26.7988272992393,0.0 -48.8020208,-26.7988226992393,0.0 -48.8020083,-26.7988169992393,0.0 -48.8019971,-26.7988102992393,0.0 -48.8019869,-26.7988029992393,0.0 -48.8019688,-26.7987877992393,0.0 -48.8019135,-26.7987380992393,0.0 -48.801891,-26.7987194992393,0.0 -48.8018671,-26.7987016992393,0.0 -48.8018491,-26.7986899992393,0.0 -48.8018275,-26.7986775992393,0.0 -48.8017851,-26.7986565992393,0.0 -48.8017303,-26.7986325992393,0.0 -48.8016701,-26.7986084992393,0.0 -48.8016304,-26.7985936992393,0.0 -48.8014854,-26.7985424992393,0.0 -48.8012681,-26.7984591992393,0.0 -48.801114,-26.7984020992394,0.0 -48.8010084,-26.7983579992393,0.0 -48.8009371,-26.7983265992393,0.0 -48.800895,-26.7983100992393,0.0 -48.8008525,-26.7982960992394,0.0 -48.8008098,-26.7982846992393,0.0 -48.800767,-26.7982755992393,0.0 -48.8007457,-26.7982719992394,0.0 -48.8007033,-26.7982662992393,0.0 -48.8006615,-26.7982625992393,0.0 -48.8006409,-26.7982613992393,0.0 -48.8006005,-26.7982601992393,0.0 -48.8005422,-26.7982605992393,0.0 -48.8005048,-26.7982623992393,0.0 -48.8004862,-26.7982637992394,0.0 -48.800449,-26.7982679992393,0.0 -48.8004109,-26.7982744992393,0.0 -48.8003716,-26.7982832992393,0.0 -48.8003518,-26.7982885992393,0.0 -48.800313,-26.7983007992393,0.0 -48.8002765,-26.7983148992393,0.0 -48.8002596,-26.7983225992393,0.0 -48.8002438,-26.7983307992393,0.0 -48.8002292,-26.7983392992393,0.0 -48.8002157,-26.7983481992393,0.0 -48.8002032,-26.7983574992393,0.0 -48.8001917,-26.7983671992394,0.0 -48.8001811,-26.7983772992394,0.0 -48.8001715,-26.7983877992393,0.0 -48.8001628,-26.7983987992393,0.0 -48.8001549,-26.7984100992394,0.0 -48.8001478,-26.7984217992393,0.0 -48.8001416,-26.7984337992393,0.0 -48.8001361,-26.7984461992393,0.0 -48.8001315,-26.7984588992393,0.0 -48.8001277,-26.7984717992393,0.0 -48.8001247,-26.7984849992393,0.0 -48.8001225,-26.7984983992393,0.0 -48.800121,-26.7985119992393,0.0 -48.8001203,-26.7985393992393,0.0 -48.800122,-26.7985663992393,0.0 -48.800126,-26.7985922992393,0.0 -48.8001317,-26.7986163992393,0.0 -48.800139,-26.7986385992393,0.0 -48.8001434,-26.7986491992393,0.0 -48.8001539,-26.7986697992393,0.0 -48.8001667,-26.7986901992393,0.0 -48.8001906,-26.7987217992393,0.0 -48.8002893,-26.7988375992393,0.0 -48.8003456,-26.7989075992393,0.0 -48.8003724,-26.7989436992393,0.0 -48.8003866,-26.7989647992393,0.0 -48.8003977,-26.7989833992393,0.0 -48.8004057,-26.7989995992393,0.0 -48.8004105,-26.7990139992393,0.0 -48.8004125,-26.7990273992393,0.0 -48.8004125,-26.7990339992393,0.0 -48.8004107,-26.7990472992393,0.0 -48.8004063,-26.7990608992393,0.0 -48.800399,-26.7990738992393,0.0 -48.8003941,-26.7990798992393,0.0 -48.8003884,-26.7990855992393,0.0 -48.8003819,-26.7990907992393,0.0 -48.8003744,-26.7990953992393,0.0 -48.8003662,-26.7990994992393,0.0 -48.8003574,-26.7991030992393,0.0 -48.8003392,-26.7991091992393,0.0 -48.8002915,-26.7991217992393,0.0 -48.8002618,-26.7991306992393,0.0 -48.8002199,-26.7991448992393,0.0 -48.8001696,-26.7991633992393,0.0 -48.8001333,-26.7991782992393,0.0 -48.8000063,-26.7992341992393,0.0 -48.799914,-26.7992734992393,0.0 -48.7998498,-26.7992998992393,0.0 -48.7997976,-26.7993198992393,0.0 -48.7997683,-26.7993296992393,0.0 -48.7997616,-26.7993315992393,0.0 -48.7997301,-26.7993394992393,0.0 -48.7997075,-26.7993429992393,0.0 -48.7996969,-26.7993438992393,0.0 -48.7996767,-26.7993441992393,0.0 -48.7996576,-26.7993424992393,0.0 -48.7996394,-26.7993391992393,0.0 -48.7996307,-26.7993367992393,0.0 -48.7996138,-26.7993306992393,0.0 -48.799598,-26.7993226992393,0.0 -48.7995905,-26.7993179992393,0.0 -48.7995762,-26.7993070992393,0.0 -48.7995243,-26.7992595992393,0.0 -48.7995059,-26.7992446992393,0.0 -48.7994849,-26.7992287992393,0.0 -48.7994474,-26.7992019992393,0.0 -48.7994023,-26.7991708992393,0.0 -48.7993007,-26.7991038992393,0.0 -48.7992498,-26.7990724992393,0.0 -48.7992159,-26.7990534992393,0.0 -48.7991987,-26.7990446992393,0.0 -48.7991641,-26.7990289992393,0.0 -48.7991465,-26.7990219992393,0.0 -48.7991113,-26.7990097992393,0.0 -48.7990938,-26.7990045992393,0.0 -48.7990591,-26.7989956992393,0.0 -48.7990254,-26.7989887992393,0.0 -48.7990089,-26.7989860992393,0.0 -48.7989764,-26.7989823992393,0.0 -48.7989603,-26.7989814992393,0.0 -48.7989442,-26.7989812992393,0.0 -48.7989279,-26.7989817992393,0.0 -48.7989116,-26.7989829992393,0.0 -48.7988951,-26.7989850992393,0.0 -48.7988785,-26.7989878992393,0.0 -48.798862,-26.7989913992393,0.0 -48.7988293,-26.7990002992393,0.0 -48.7988134,-26.7990055992393,0.0 -48.7987829,-26.7990174992393,0.0 -48.7987685,-26.7990239992393,0.0 -48.7987417,-26.7990380992393,0.0 -48.7987175,-26.7990531992393,0.0 -48.7986961,-26.7990690992393,0.0 -48.7986777,-26.7990856992393,0.0 -48.7986618,-26.7991028992393,0.0 -48.7986473,-26.7991213992393,0.0 -48.7986331,-26.7991414992393,0.0 -48.7985609,-26.7992517992393,0.0 -48.7985278,-26.7993003992393,0.0 -48.7984613,-26.7993953992393,0.0 -48.7984301,-26.7994381992393,0.0 -48.7984015,-26.7994738992393,0.0 -48.7983843,-26.7994922992393,0.0 -48.7983666,-26.7995079992393,0.0 -48.7983571,-26.7995153992393,0.0 -48.7983356,-26.7995303992393,0.0 -48.7983097,-26.7995466992393,0.0 -48.7982794,-26.7995640992393,0.0 -48.7982453,-26.7995824992393,0.0 -48.7982078,-26.7996013992393,0.0 -48.798145,-26.7996304992393,0.0 -48.7980972,-26.7996510992393,0.0 -48.7980432,-26.7996733992393,0.0 -48.7979135,-26.7997242992393,0.0 -48.7978418,-26.7997511992393,0.0 -48.7977696,-26.7997773992393,0.0 -48.7976665,-26.7998125992393,0.0 -48.797516,-26.7998615992393,0.0 -48.7974393,-26.7998886992393,0.0 -48.7973936,-26.7999065992393,0.0 -48.7973522,-26.7999241992393,0.0 -48.7973146,-26.7999416992393,0.0 -48.7972808,-26.7999589992393,0.0 -48.7972504,-26.7999766992393,0.0 -48.7972231,-26.7999955992393,0.0 -48.7972105,-26.8000055992393,0.0 -48.7971985,-26.8000161992393,0.0 -48.7971872,-26.8000272992393,0.0 -48.7971764,-26.8000387992393,0.0 -48.7971563,-26.8000628992393,0.0 -48.7971038,-26.8001334992393,0.0 -48.7970877,-26.8001539992393,0.0 -48.797072,-26.8001725992393,0.0 -48.7970564,-26.8001892992393,0.0 -48.7970407,-26.8002039992393,0.0 -48.7970327,-26.8002107992393,0.0 -48.7970157,-26.8002234992393,0.0 -48.7969972,-26.8002354992393,0.0 -48.7969763,-26.8002472992393,0.0 -48.7969527,-26.8002593992393,0.0 -48.7969261,-26.8002716992393,0.0 -48.7968799,-26.8002904992393,0.0 -48.7967908,-26.8003225992393,0.0 -48.796757,-26.8003353992393,0.0 -48.7967279,-26.8003479992393,0.0 -48.7967152,-26.8003542992393,0.0 -48.7966928,-26.8003667992393,0.0 -48.7966726,-26.8003795992393,0.0 -48.7965866,-26.8004376992393,0.0 -48.7964829,-26.8005057992393,0.0 -48.796457,-26.8005235992393,0.0 -48.796432,-26.8005415992393,0.0 -48.7963954,-26.8005708992393,0.0 -48.7963704,-26.8005934992393,0.0 -48.7963441,-26.8006196992393,0.0 -48.7963167,-26.8006492992393,0.0 -48.7962755,-26.8006966992393,0.0 -48.7962372,-26.8007431992393,0.0 -48.7962037,-26.8007861992393,0.0 -48.7961744,-26.8008267992393,0.0 -48.7961486,-26.8008664992393,0.0 -48.7961332,-26.8008929992393,0.0 -48.7961194,-26.8009197992393,0.0 -48.7961131,-26.8009334992393,0.0 -48.7961016,-26.8009613992393,0.0 -48.7960916,-26.8009899992393,0.0 -48.7960828,-26.8010189992393,0.0 -48.7960596,-26.8011041992393,0.0 -48.7960475,-26.8011540992393,0.0 -48.7960434,-26.8011751992393,0.0 -48.7960409,-26.8011935992393,0.0 -48.7960397,-26.8012107992393,0.0 -48.7960399,-26.8012279992393,0.0 -48.7960411,-26.8012463992393,0.0 -48.7960435,-26.8012662992393,0.0 -48.7960468,-26.8012866992393,0.0 -48.7960511,-26.8013066992393,0.0 -48.7960564,-26.8013253992393,0.0 -48.7960628,-26.8013423992393,0.0 -48.7960704,-26.8013577992393,0.0 -48.7960747,-26.8013649992393,0.0 -48.7960844,-26.8013781992393,0.0 -48.7960958,-26.8013900992393,0.0 -48.7961021,-26.8013955992393,0.0 -48.7961159,-26.8014054992393,0.0 -48.7961311,-26.8014140992393,0.0 -48.7961392,-26.8014177992393,0.0 -48.7961565,-26.8014242992393,0.0 -48.7961842,-26.8014317992393,0.0 -48.7962133,-26.8014370992393,0.0 -48.7962331,-26.8014395992393,0.0 -48.7962536,-26.8014408992393,0.0 -48.7962754,-26.8014405992393,0.0 -48.7962869,-26.8014396992393,0.0 -48.796299,-26.8014381992393,0.0 -48.7963248,-26.8014334992393,0.0 -48.7963966,-26.8014174992393,0.0 -48.7964271,-26.8014118992393,0.0 -48.7964726,-26.8014064992393,0.0 -48.7965146,-26.8014042992393,0.0 -48.796539,-26.8014044992393,0.0 -48.7965499,-26.8014050992393,0.0 -48.7965696,-26.8014074992393,0.0 -48.7965786,-26.8014092992393,0.0 -48.7965872,-26.8014115992393,0.0 -48.7966035,-26.8014176992393,0.0 -48.7966193,-26.8014261992393,0.0 -48.7966273,-26.8014316992393,0.0 -48.7966442,-26.8014461992393,0.0 -48.7966533,-26.8014554992393,0.0 -48.796663,-26.8014663992393,0.0 -48.7966847,-26.8014936992393,0.0 -48.7967092,-26.8015271992393,0.0 -48.7967856,-26.8016359992393,0.0 -48.7968817,-26.8017645992393,0.0 -48.7969021,-26.8017944992393,0.0 -48.7969176,-26.8018204992393,0.0 -48.796928,-26.8018432992393,0.0 -48.7969325,-26.8018576992393,0.0 -48.7969353,-26.8018722992393,0.0 -48.7969368,-26.8018953992393,0.0 -48.7969354,-26.8019190992393,0.0 -48.7969319,-26.8019421992393,0.0 -48.7969263,-26.8019637992393,0.0 -48.7969184,-26.8019841992393,0.0 -48.7969078,-26.8020032992393,0.0 -48.7968949,-26.8020213992393,0.0 -48.7968803,-26.8020382992393,0.0 -48.7968588,-26.8020592992393,0.0 -48.7968326,-26.8020806992393,0.0 -48.7968082,-26.8020980992393,0.0 -48.7967781,-26.8021163992393,0.0 -48.7967543,-26.8021287992393,0.0 -48.7967269,-26.8021410992393,0.0 -48.7966952,-26.8021535992393,0.0 -48.7966382,-26.8021729992393,0.0 -48.7965682,-26.8021939992393,0.0 -48.7963893,-26.8022436992393,0.0 -48.7963253,-26.8022631992393,0.0 -48.7962893,-26.8022762992393,0.0 -48.7962735,-26.8022830992393,0.0 -48.7962592,-26.8022900992393,0.0 -48.7962465,-26.8022974992393,0.0 -48.7962352,-26.8023050992393,0.0 -48.7962252,-26.8023130992393,0.0 -48.7962165,-26.8023212992393,0.0 -48.7962088,-26.8023297992393,0.0 -48.7962021,-26.8023385992393,0.0 -48.7961962,-26.8023476992393,0.0 -48.7961864,-26.8023664992393,0.0 -48.7961824,-26.8023761992393,0.0 -48.7961755,-26.8023960992393,0.0 -48.7961566,-26.8024649992393,0.0 -48.796148,-26.8024923992393,0.0 -48.7961382,-26.8025176992393,0.0 -48.7961269,-26.8025404992393,0.0 -48.7961141,-26.8025602992393,0.0 -48.7961048,-26.8025715992393,0.0 -48.7960943,-26.8025814992393,0.0 -48.7960885,-26.8025860992393,0.0 -48.7960751,-26.8025947992393,0.0 -48.7960587,-26.8026031992393,0.0 -48.7960386,-26.8026118992393,0.0 -48.7960012,-26.8026250992393,0.0 -48.7959547,-26.8026386992393,0.0 -48.7959187,-26.8026476992393,0.0 -48.7958793,-26.8026567992393,0.0 -48.7957943,-26.8026742992393,0.0 -48.7957057,-26.8026906992393,0.0 -48.7956375,-26.8027019992393,0.0 -48.7955005,-26.8027228992393,0.0 -48.7954602,-26.8027297992393,0.0 -48.7954258,-26.8027371992393,0.0 -48.7953974,-26.8027454992393,0.0 -48.795385,-26.8027502992393,0.0 -48.7953735,-26.8027556992393,0.0 -48.7953627,-26.8027616992393,0.0 -48.7953524,-26.8027685992393,0.0 -48.7953425,-26.8027763992393,0.0 -48.7953327,-26.8027852992393,0.0 -48.7953231,-26.8027950992393,0.0 -48.7953137,-26.8028058992393,0.0 -48.7953045,-26.8028176992392,0.0 -48.7952871,-26.8028438992393,0.0 -48.7952711,-26.8028732992393,0.0 -48.7952567,-26.8029057992393,0.0 -48.7952436,-26.8029405992393,0.0 -48.7952312,-26.8029774992393,0.0 -48.7951824,-26.8031323992393,0.0 -48.795154,-26.8032199992393,0.0 -48.7951443,-26.8032519992392,0.0 -48.7951361,-26.8032833992392,0.0 -48.7951328,-26.8032990992393,0.0 -48.7951276,-26.8033308992392,0.0 -48.7951163,-26.8034157992392,0.0 -48.7951093,-26.8034531992393,0.0 -48.7950999,-26.8034923992392,0.0 -48.7950888,-26.8035316992392,0.0 -48.7950767,-26.8035695992392,0.0 -48.7950643,-26.8036045992392,0.0 -48.7950313,-26.8036911992392,0.0 -48.7950238,-26.8037156992392,0.0 -48.7950184,-26.8037388992392,0.0 -48.7950148,-26.8037613992392,0.0 -48.7950124,-26.8037839992392,0.0 -48.7950097,-26.8038312992392,0.0 -48.795009,-26.8038830992392,0.0 -48.7950104,-26.8040005992392,0.0 -48.7950099,-26.8040307992392,0.0 -48.7950084,-26.8040604992392,0.0 -48.7950059,-26.8040890992392,0.0 -48.7950022,-26.8041161992392,0.0 -48.7949971,-26.8041413992392,0.0 -48.7949905,-26.8041651992392,0.0 -48.7949821,-26.8041891992392,0.0 -48.7949719,-26.8042149992392,0.0 -48.7949528,-26.8042601992392,0.0 -48.7949377,-26.8042939992392,0.0 -48.794912,-26.8043467992392,0.0 -48.7948932,-26.8043812992392,0.0 -48.7948833,-26.8043981992392,0.0 -48.7948622,-26.8044314992392,0.0 -48.7948267,-26.8044820992392,0.0 -48.7947998,-26.8045176992392,0.0 -48.7947157,-26.8046245992392,0.0 -48.7946927,-26.8046548992392,0.0 -48.7946664,-26.8046931992392,0.0 -48.7946534,-26.8047154992392,0.0 -48.7946481,-26.8047260992392,0.0 -48.7946394,-26.8047468992392,0.0 -48.794636,-26.8047570992392,0.0 -48.7946305,-26.8047769992392,0.0 -48.7946267,-26.8047955992392,0.0 -48.7946241,-26.8048122992392,0.0 -48.7946225,-26.8048269992392,0.0 -48.7946219,-26.8048399992392,0.0 -48.7946226,-26.8048520992392,0.0 -48.7946246,-26.8048640992392,0.0 -48.7946305,-26.8048827992392,0.0 -48.7946398,-26.8049020992392,0.0 -48.7946524,-26.8049212992392,0.0 -48.794668,-26.8049396992392,0.0 -48.7946859,-26.8049564992392,0.0 -48.7947055,-26.8049708992392,0.0 -48.7947193,-26.8049791992392,0.0 -48.7947336,-26.8049865992392,0.0 -48.7947485,-26.8049933992392,0.0 -48.7947639,-26.8049994992392,0.0 -48.7947883,-26.8050074992392,0.0 -48.7948145,-26.8050137992392,0.0 -48.7948431,-26.8050183992392,0.0 -48.7948632,-26.8050205992392,0.0 -48.7948947,-26.8050226992392,0.0 -48.7949977,-26.8050254992392,0.0 -48.7950464,-26.8050281992392,0.0 -48.7950786,-26.8050314992392,0.0 -48.7950963,-26.8050344992392,0.0 -48.795111,-26.8050379992392,0.0 -48.795129,-26.8050438992392,0.0 -48.7951438,-26.8050502992392,0.0 -48.795157,-26.8050578992392,0.0 -48.7951697,-26.8050678992392,0.0 -48.7951827,-26.8050815992392,0.0 -48.7951912,-26.8050929992392,0.0 -48.7951992,-26.8051062992392,0.0 -48.7952063,-26.8051215992392,0.0 -48.7952126,-26.8051392992392,0.0 -48.7952154,-26.8051490992392,0.0 -48.7952228,-26.8051835992392,0.0 -48.7952289,-26.8052262992392,0.0 -48.7952322,-26.8052589992392,0.0 -48.7952349,-26.8052938992392,0.0 -48.7952375,-26.8053486992392,0.0 -48.7952379,-26.8054035992392,0.0 -48.7952354,-26.8054547992392,0.0 -48.7952317,-26.8054852992392,0.0 -48.7952292,-26.8054993992392,0.0 -48.7952226,-26.8055263992392,0.0 -48.7952137,-26.8055529992392,0.0 -48.7952024,-26.8055809992392,0.0 -48.7951884,-26.8056116992392,0.0 -48.7951725,-26.8056443992392,0.0 -48.7950942,-26.8057970992392,0.0 -48.7950832,-26.8058205992392,0.0 -48.7950748,-26.8058409992392,0.0 -48.7950665,-26.8058679992392,0.0 -48.7950618,-26.8058938992392,0.0 -48.7950602,-26.8059120992392,0.0 -48.7950596,-26.8059308992392,0.0 -48.7950606,-26.8059580992392,0.0 -48.7950642,-26.8059819992392,0.0 -48.7950681,-26.8059964992392,0.0 -48.7950735,-26.8060108992392,0.0 -48.7950847,-26.8060343992392,0.0 -48.7951183,-26.8060966992392,0.0 -48.795132,-26.8061235992392,0.0 -48.7951467,-26.8061541992392,0.0 -48.7951622,-26.8061888992392,0.0 -48.7951863,-26.8062499992392,0.0 -48.7952371,-26.8063946992392,0.0 -48.795255,-26.8064402992392,0.0 -48.7952642,-26.8064610992392,0.0 -48.7952827,-26.8064980992392,0.0 -48.7953007,-26.8065293992392,0.0 -48.7953174,-26.8065550992392,0.0 -48.7953387,-26.8065834992392,0.0 -48.7953449,-26.8065906992392,0.0 -48.7953567,-26.8066023992392,0.0 -48.7953683,-26.8066115992392,0.0 -48.7953807,-26.8066192992392,0.0 -48.7953942,-26.8066260992392,0.0 -48.7954085,-26.8066316992392,0.0 -48.7954234,-26.8066361992392,0.0 -48.7954386,-26.8066392992392,0.0 -48.7954547,-26.8066409992392,0.0 -48.7954634,-26.8066412992392,0.0 -48.7954829,-26.8066404992392,0.0 -48.795494,-26.8066394992392,0.0 -48.795534,-26.8066336992392,0.0 -48.7955804,-26.8066249992392,0.0 -48.7956396,-26.8066117992392,0.0 -48.795676,-26.8066020992392,0.0 -48.7956966,-26.8065951992392,0.0 -48.795706,-26.8065913992392,0.0 -48.7957149,-26.8065873992392,0.0 -48.7957313,-26.8065785992392,0.0 -48.7957464,-26.8065683992392,0.0 -48.795761,-26.8065566992392,0.0 -48.7957758,-26.8065432992392,0.0 -48.7958168,-26.8065029992392,0.0 -48.7958356,-26.8064851992392,0.0 -48.7958561,-26.8064673992392,0.0 -48.795878,-26.8064498992392,0.0 -48.7959123,-26.8064254992392,0.0 -48.7959349,-26.8064110992392,0.0 -48.7959567,-26.8063988992392,0.0 -48.7959674,-26.8063935992392,0.0 -48.7959885,-26.8063847992392,0.0 -48.7960096,-26.8063781992392,0.0 -48.796031,-26.8063740992392,0.0 -48.7960531,-26.8063722992392,0.0 -48.7960758,-26.8063731992392,0.0 -48.7960991,-26.8063765992392,0.0 -48.7961231,-26.8063826992392,0.0 -48.7961474,-26.8063912992392,0.0 -48.7961595,-26.8063963992392,0.0 -48.796183,-26.8064079992392,0.0 -48.796205,-26.8064207992392,0.0 -48.7962153,-26.8064275992392,0.0 -48.7962343,-26.8064421992392,0.0 -48.7962432,-26.8064500992392,0.0 -48.7962597,-26.8064676992392,0.0 -48.7962675,-26.8064774992392,0.0 -48.796275,-26.8064880992392,0.0 -48.7962895,-26.8065120992392,0.0 -48.7963039,-26.8065400992392,0.0 -48.7963191,-26.8065729992392,0.0 -48.7963658,-26.8066790992392,0.0 -48.7963977,-26.8067534992392,0.0 -48.7964374,-26.8068506992392,0.0 -48.796505,-26.8070244992392,0.0 -48.7965219,-26.8070646992392,0.0 -48.7965393,-26.8071029992392,0.0 -48.7965575,-26.8071388992392,0.0 -48.7965671,-26.8071557992392,0.0 -48.7965876,-26.8071878992392,0.0 -48.7965988,-26.8072032992392,0.0 -48.7966108,-26.8072182992392,0.0 -48.7966238,-26.8072331992392,0.0 -48.7966379,-26.8072478992392,0.0 -48.7966532,-26.8072626992392,0.0 -48.7966699,-26.8072775992392,0.0 -48.7967071,-26.8073074992392,0.0 -48.7967491,-26.8073375992392,0.0 -48.7967953,-26.8073677992392,0.0 -48.7968199,-26.8073827992392,0.0 -48.7968716,-26.8074127992392,0.0 -48.7970446,-26.8075072992392,0.0 -48.7971379,-26.8075599992392,0.0 -48.7971992,-26.8075964992392,0.0 -48.7972288,-26.8076147992392,0.0 -48.7972844,-26.8076512992392,0.0 -48.7973099,-26.8076691992392,0.0 -48.7973568,-26.8077042992392,0.0 -48.7973784,-26.8077214992392,0.0 -48.7974188,-26.8077551992392,0.0 -48.7974565,-26.8077881992392,0.0 -48.7975817,-26.8078998992392,0.0 -48.7976189,-26.8079320992392,0.0 -48.797658,-26.8079647992392,0.0 -48.7976991,-26.8079975992392,0.0 -48.7977422,-26.8080302992391,0.0 -48.7977876,-26.8080625992392,0.0 -48.7978112,-26.8080785992392,0.0 -48.7978599,-26.8081100992392,0.0 -48.7979104,-26.8081408992392,0.0 -48.7979626,-26.8081708992392,0.0 -48.7980432,-26.8082140992392,0.0 -48.7980973,-26.8082410992392,0.0 -48.7981769,-26.8082781992392,0.0 -48.7982276,-26.8083000992391,0.0 -48.7983183,-26.8083381992391,0.0 -48.798356,-26.8083549992392,0.0 -48.7983875,-26.8083708992391,0.0 -48.7984139,-26.8083864992392,0.0 -48.7984258,-26.8083945992391,0.0 -48.7984476,-26.8084116992391,0.0 -48.7984581,-26.8084208992391,0.0 -48.7984787,-26.8084410992392,0.0 -48.7985089,-26.8084741992391,0.0 -48.7985827,-26.8085605992392,0.0 -48.7986089,-26.8085879992391,0.0 -48.7986269,-26.8086040992392,0.0 -48.7986465,-26.8086190992391,0.0 -48.7986575,-26.8086262992391,0.0 -48.7986825,-26.8086407992391,0.0 -48.7987129,-26.8086557992391,0.0 -48.7987487,-26.8086713992391,0.0 -48.7987887,-26.8086871992391,0.0 -48.7988316,-26.8087028992391,0.0 -48.7988761,-26.8087178992391,0.0 -48.7989458,-26.8087394992391,0.0 -48.7989955,-26.8087535992391,0.0 -48.7990772,-26.8087751992391,0.0 -48.7991662,-26.8087971992391,0.0 -48.7992262,-26.8088110992391,0.0 -48.7993114,-26.8088295992391,0.0 -48.7993643,-26.8088399992391,0.0 -48.7994166,-26.8088494992391,0.0 -48.7994997,-26.8088630992391,0.0 -48.7996892,-26.8088923992391,0.0 -48.7997786,-26.8089074992391,0.0 -48.7998566,-26.8089229992391,0.0 -48.7999264,-26.8089395992391,0.0 -48.7999704,-26.8089517992391,0.0 -48.8000127,-26.8089647992391,0.0 -48.8000522,-26.8089783992391,0.0 -48.8000877,-26.8089918992391,0.0 -48.800118,-26.8090048992391,0.0 -48.8001433,-26.8090176992391,0.0 -48.8001644,-26.8090308992391,0.0 -48.8001737,-26.8090378992391,0.0 -48.8001905,-26.8090529992391,0.0 -48.8002056,-26.8090700992391,0.0 -48.800219,-26.8090889992391,0.0 -48.8002251,-26.8090990992391,0.0 -48.8002359,-26.8091199992391,0.0 -48.8002449,-26.8091418992391,0.0 -48.8002521,-26.8091641992391,0.0 -48.8002575,-26.8091865992391,0.0 -48.8002625,-26.8092195992391,0.0 -48.8002636,-26.8092406992391,0.0 -48.800263,-26.8092618992391,0.0 -48.8002604,-26.8092839992391,0.0 -48.8002556,-26.8093079992391,0.0 -48.8002445,-26.8093485992391,0.0 -48.8002104,-26.8094560992391,0.0 -48.8001888,-26.8095308992391,0.0 -48.8001821,-26.8095571992391,0.0 -48.800177,-26.8095807992391,0.0 -48.8001739,-26.8096020992391,0.0 -48.8001732,-26.8096117992391,0.0 -48.8001738,-26.8096299992391,0.0 -48.8001752,-26.8096383992391,0.0 -48.80018,-26.8096541992391,0.0 -48.8001871,-26.8096686992391,0.0 -48.8001963,-26.8096823992391,0.0 -48.8002129,-26.8097019992391,0.0 -48.8002258,-26.8097140992391,0.0 -48.8002399,-26.8097249992391,0.0 -48.8002553,-26.8097342992391,0.0 -48.8002635,-26.8097381992391,0.0 -48.800272,-26.8097414992391,0.0 -48.8002905,-26.8097468992391,0.0 -48.8003007,-26.8097489992391,0.0 -48.800323,-26.8097519992391,0.0 -48.8003485,-26.8097536992391,0.0 -48.8003777,-26.8097542992391,0.0 -48.8004106,-26.8097539992391,0.0 -48.8004475,-26.8097528992391,0.0 -48.8005102,-26.8097499992391,0.0 -48.8005569,-26.8097470992391,0.0 -48.8006333,-26.8097408992391,0.0 -48.8008032,-26.8097232992391,0.0 -48.8008609,-26.8097189992391,0.0 -48.8008893,-26.8097176992391,0.0 -48.8009445,-26.8097174992391,0.0 -48.8009966,-26.8097197992391,0.0 -48.8010448,-26.8097238992391,0.0 -48.801108,-26.8097319992391,0.0 -48.8011434,-26.8097380992391,0.0 -48.8011739,-26.8097448992391,0.0 -48.8012001,-26.8097523992391,0.0 -48.8012223,-26.8097607992391,0.0 -48.8012323,-26.8097653992391,0.0 -48.8012504,-26.8097750992391,0.0 -48.8013104,-26.8098128992391,0.0 -48.8013435,-26.8098313992391,0.0 -48.8013714,-26.8098450992391,0.0 -48.8014799,-26.8098947992391,0.0 -48.801517,-26.8099138992391,0.0 -48.8015509,-26.8099340992391,0.0 -48.801581,-26.8099549992391,0.0 -48.8016072,-26.8099764992391,0.0 -48.8016294,-26.8099980992391,0.0 -48.8016389,-26.8100087992391,0.0 -48.8016549,-26.8100303992391,0.0 -48.8016675,-26.8100521992391,0.0 -48.8016726,-26.8100631992391,0.0 -48.8016809,-26.8100857992391,0.0 -48.8016869,-26.8101090992391,0.0 -48.8016891,-26.8101207992391,0.0 -48.8016919,-26.8101442992391,0.0 -48.8016926,-26.8101557992391,0.0 -48.8016924,-26.8101780992391,0.0 -48.8016904,-26.8101990992391,0.0 -48.8016867,-26.8102188992391,0.0 -48.8016785,-26.8102474992391,0.0 -48.8016736,-26.8102592992391,0.0 -48.8016742,-26.8102650992391,0.0 -48.8016902,-26.8102972992391,0.0 -48.8017277,-26.8103466992391,0.0 -48.8019066,-26.8105340992391,0.0 -48.8020298,-26.8106205992391,0.0 -48.8021268,-26.8106546992391,0.0 -48.8022946,-26.8106572992391,0.0 -48.8024414,-26.8106336992391,0.0 -48.8025778,-26.8105864992391,0.0 -48.8026472,-26.8105300992391,0.0 -48.8027416,-26.8104933992391,0.0 -48.8028203,-26.8104986992391,0.0 -48.8029382,-26.8105379992391,0.0 -48.8030536,-26.8106270992391,0.0 -48.8034914,-26.8108669992391,0.0 -48.8038034,-26.8110111992391,0.0 -48.8039948,-26.8111239992391,0.0 -48.8041442,-26.8112209992391,0.0 -48.8043068,-26.8112916992391,0.0 -48.804586,-26.8113821992391,0.0 -48.8049661,-26.8114607992391,0.0 -48.8053148,-26.8115263992391,0.0 -48.8055508,-26.8115551992391,0.0 -48.8058051,-26.8115682992391,0.0 -48.8060515,-26.8115237992391,0.0 -48.806201,-26.8114922992391,0.0 -48.8063517,-26.8115145992391,0.0 -48.8064487,-26.8116194992391,0.0 -48.8064802,-26.8117740992391,0.0 -48.8064539,-26.8119628992391,0.0 -48.8064251,-26.8120913992391,0.0 -48.8064172,-26.8122459992391,0.0 -48.8064146,-26.8124032992391,0.0 -48.8063851,-26.8125076992391,0.0 -48.806401,-26.8126702992391,0.0 -48.8066203,-26.8127773992391,0.0 -48.8067464,-26.8128400992391,0.0 -48.8068807,-26.8129076992391,0.0 -48.8070202,-26.8129789992391,0.0 -48.8071584,-26.8130507992391,0.0 -48.8073472,-26.8131510992391,0.0 -48.8074503,-26.8132076992391,0.0 -48.8075287,-26.813252899239,0.0 -48.8075262,-26.8133261992391,0.0 -48.8074738,-26.813404799239,0.0 -48.8073375,-26.813507099239,0.0 -48.8072142,-26.813554299239,0.0 -48.8070202,-26.8135909992391,0.0 -48.8067921,-26.813625099239,0.0 -48.806703,-26.813653899239,0.0 -48.8066348,-26.813687999239,0.0 -48.8066086,-26.813769199239,0.0 -48.8066139,-26.813834799239,0.0 -48.806648,-26.813913399239,0.0 -48.8067817,-26.813999999239,0.0 -48.8070255,-26.814083899239,0.0 -48.807285,-26.814186099239,0.0 -48.8079268,-26.814279299239,0.0 -48.8083442,-26.814239799239,0.0 -48.8086551,-26.814289199239,0.0 -48.8089257,-26.814282299239,0.0 -48.8090215,-26.814256099239,0.0 -48.8092056,-26.814205299239,0.0 -48.8094017,-26.814098199239,0.0 -48.8095745,-26.813972999239,0.0 -48.8097007,-26.813814399239,0.0 -48.8097944,-26.813680899239,0.0 -48.8098277,-26.8135996992391,0.0 -48.8098432,-26.8135092992391,0.0 -48.8098427,-26.8133328992391,0.0 -48.8098471,-26.8132050992391,0.0 -48.8098689,-26.8131023992391,0.0 -48.8099035,-26.8130548992391,0.0 -48.8100092,-26.8130210992391,0.0 -48.8100745,-26.8130237992391,0.0 -48.8101336,-26.8130748992391,0.0 -48.810178,-26.8132371992391,0.0 -48.8101897,-26.8133492992391,0.0 -48.8102015,-26.8134578992391,0.0 -48.8102243,-26.813506999239,0.0 -48.8102816,-26.813535899239,0.0 -48.8103549,-26.813539599239,0.0 -48.8104766,-26.8135065992391,0.0 -48.8105092,-26.8134763992391,0.0 -48.8105412,-26.813421499239,0.0 -48.8105687,-26.8132510992391,0.0 -48.8105661,-26.8131030992391,0.0 -48.8105546,-26.8129524992391,0.0 -48.810538,-26.8127804992391,0.0 -48.8105131,-26.8126404992391,0.0 -48.8104901,-26.8125158992391,0.0 -48.8104993,-26.8124387992391,0.0 -48.8105456,-26.8123860992391,0.0 -48.8106874,-26.8123575992391,0.0 -48.8108553,-26.8123552992391,0.0 -48.8110376,-26.8123890992391,0.0 -48.8111156,-26.8124090992391,0.0 -48.8114784,-26.8125453992391,0.0 -48.8115962,-26.8125929992391,0.0 -48.8118008,-26.8126277992391,0.0 -48.811978,-26.8126542992391,0.0 -48.8121136,-26.8126843992391,0.0 -48.8122516,-26.8127449992391,0.0 -48.8123015,-26.8127882992391,0.0 -48.8123333,-26.8128580992391,0.0 -48.8123571,-26.8129415992391,0.0 -48.8123725,-26.8130514992391,0.0 -48.8123762,-26.8131504992391,0.0 -48.8123507,-26.8132718992391,0.0 -48.8123089,-26.8133780992391,0.0 -48.8122493,-26.813465899239,0.0 -48.8121901,-26.8135045992391,0.0 -48.8120923,-26.8135366992391,0.0 -48.8119504,-26.813570199239,0.0 -48.8117717,-26.813620799239,0.0 -48.8116825,-26.813665999239,0.0 -48.8115837,-26.813750599239,0.0 -48.8115035,-26.813842699239,0.0 -48.8113907,-26.813959199239,0.0 -48.8112838,-26.814064499239,0.0 -48.8112348,-26.814142999239,0.0 -48.8112118,-26.814248099239,0.0 -48.8112175,-26.814297699239,0.0 -48.8112575,-26.814339899239,0.0 -48.8113397,-26.814369899239,0.0 -48.8114609,-26.814382599239,0.0 -48.8115879,-26.814378699239,0.0 -48.8117423,-26.814363199239,0.0 -48.8119292,-26.814340299239,0.0 -48.8120959,-26.814340899239,0.0 -48.8121943,-26.814350399239,0.0 -48.8123837,-26.814377999239,0.0 -48.8125001,-26.814396499239,0.0 -48.8126126,-26.814409199239,0.0 -48.8127232,-26.814410599239,0.0 -48.8128423,-26.814391499239,0.0 -48.8129449,-26.814358599239,0.0 -48.8130378,-26.814307599239,0.0 -48.813121,-26.814254399239,0.0 -48.8132036,-26.814176999239,0.0 -48.8132908,-26.814056599239,0.0 -48.8134031,-26.813863599239,0.0 -48.8135164,-26.8136036992391,0.0 -48.8135926,-26.8134361992391,0.0 -48.8136593,-26.813316899239,0.0 -48.8136951,-26.813252799239,0.0 -48.8137828,-26.8131880992391,0.0 -48.8139206,-26.8132265992391,0.0 -48.8139599,-26.8133077992391,0.0 -48.8139651,-26.8134178992391,0.0 -48.8139232,-26.8135909992391,0.0 -48.8138576,-26.813750899239,0.0 -48.8138314,-26.813902999239,0.0 -48.8138262,-26.814041899239,0.0 -48.8138104,-26.814227999239,0.0 -48.8138471,-26.814374899239,0.0 -48.8139927,-26.814642299239,0.0 -48.814226,-26.814817899239,0.0 -48.8145013,-26.814927999239,0.0 -48.8147411,-26.815007999239,0.0 -48.8148617,-26.815076199239,0.0 -48.8149823,-26.815207299239,0.0 -48.8150584,-26.815364599239,0.0 -48.8150662,-26.815534999239,0.0 -48.8150138,-26.815707999239,0.0 -48.8150322,-26.815849599239,0.0 -48.8150597,-26.815955699239,0.0 -48.8151567,-26.816102599239,0.0 -48.8152799,-26.816220499239,0.0 -48.8153507,-26.816356899239,0.0 -48.8153454,-26.816498399239,0.0 -48.8153061,-26.816548299239,0.0 -48.8151488,-26.816618999239,0.0 -48.8149522,-26.816663599239,0.0 -48.8147556,-26.816710799239,0.0 -48.8146166,-26.816757999239,0.0 -48.8144934,-26.816812999239,0.0 -48.81442,-26.816883799239,0.0 -48.8143938,-26.816967699239,0.0 -48.8143964,-26.817062099239,0.0 -48.8144252,-26.817156499239,0.0 -48.8145616,-26.817266599239,0.0 -48.8147136,-26.817318999239,0.0 -48.8148867,-26.817409499239,0.0 -48.8149758,-26.817472399239,0.0 -48.8150308,-26.817558899239,0.0 -48.815002,-26.817661199239,0.0 -48.8149129,-26.817739799239,0.0 -48.8147765,-26.817792299239,0.0 -48.8145406,-26.817789599239,0.0 -48.8143859,-26.817755499239,0.0 -48.8141368,-26.817689999239,0.0 -48.8138904,-26.817667699239,0.0 -48.813741,-26.817659899239,0.0 -48.8135653,-26.817704399239,0.0 -48.81345,-26.817814499239,0.0 -48.8134369,-26.817932499239,0.0 -48.8134762,-26.818016399239,0.0 -48.8135679,-26.818115999239,0.0 -48.8136466,-26.818197299239,0.0 -48.8136754,-26.818257599239,0.0 -48.8136859,-26.818333599239,0.0 -48.8136702,-26.8184332992389,0.0 -48.8135837,-26.8185223992389,0.0 -48.8134185,-26.818559099239,0.0 -48.8132166,-26.818566999239,0.0 -48.8129007,-26.8186193992389,0.0 -48.8127119,-26.818645599239,0.0 -48.8126018,-26.818692799239,0.0 -48.8125127,-26.8187609992389,0.0 -48.8124629,-26.8188736992389,0.0 -48.8123842,-26.8189916992389,0.0 -48.8122741,-26.8190938992389,0.0 -48.8120827,-26.8191777992389,0.0 -48.8118179,-26.8192669992389,0.0 -48.8115715,-26.8193875992389,0.0 -48.8113447,-26.8194727992389,0.0 -48.8112084,-26.8195618992389,0.0 -48.8111219,-26.8196667992389,0.0 -48.8110983,-26.8197715992389,0.0 -48.8111193,-26.8199052992389,0.0 -48.8111822,-26.8200206992389,0.0 -48.8112975,-26.8201543992389,0.0 -48.8114181,-26.8202461992389,0.0 -48.8115597,-26.8203509992389,0.0 -48.8117144,-26.8203981992389,0.0 -48.8118586,-26.8204060992389,0.0 -48.8120591,-26.8203994992389,0.0 -48.8121929,-26.8203811992389,0.0 -48.8122951,-26.8203051992389,0.0 -48.8123764,-26.8202448992389,0.0 -48.8124996,-26.8202028992389,0.0 -48.8126543,-26.8201792992389,0.0 -48.812864,-26.8202133992389,0.0 -48.813003,-26.8202474992389,0.0 -48.8131472,-26.8203077992389,0.0 -48.8132363,-26.8203273992389,0.0 -48.813467,-26.8203273992389,0.0 -48.8136767,-26.8203037992389,0.0 -48.8138262,-26.8202959992389,0.0 -48.8139389,-26.8202933992389,0.0 -48.8141093,-26.8203404992389,0.0 -48.8141958,-26.8204191992389,0.0 -48.8142588,-26.8205371992389,0.0 -48.8142981,-26.8206393992389,0.0 -48.8143217,-26.8207835992389,0.0 -48.8144436,-26.8209434992389,0.0 -48.8145747,-26.8210247992389,0.0 -48.8147031,-26.8210404992389,0.0 -48.8148591,-26.8210234992389,0.0 -48.8149955,-26.8209631992389,0.0 -48.8150689,-26.8209343992389,0.0 -48.8151534,-26.8209198992389,0.0 -48.8152609,-26.8209290992389,0.0 -48.8153605,-26.8209421992389,0.0 -48.8154706,-26.8209906992389,0.0 -48.8156201,-26.8210418992389,0.0 -48.8157512,-26.8210680992389,0.0 -48.8158704,-26.8210653992389,0.0 -48.8159557,-26.8210483992389,0.0 -48.8160468,-26.8210044992389,0.0 -48.8161202,-26.8209638992389,0.0 -48.8161687,-26.8208982992389,0.0 -48.816166,-26.8208510992389,0.0 -48.8161123,-26.8207960992389,0.0 -48.8159707,-26.8207527992389,0.0 -48.8158226,-26.8207226992389,0.0 -48.8156797,-26.8207095992389,0.0 -48.8155788,-26.8207042992389,0.0 -48.8154182,-26.8206590992389,0.0 -48.8153133,-26.8205961992389,0.0 -48.8152163,-26.8205318992389,0.0 -48.8151665,-26.8204414992389,0.0 -48.8151573,-26.8203522992389,0.0 -48.815198,-26.8202592992389,0.0 -48.8152543,-26.8201779992389,0.0 -48.8153304,-26.8201137992389,0.0 -48.8154366,-26.8200835992389,0.0 -48.8155375,-26.8200796992389,0.0 -48.8157302,-26.8200914992389,0.0 -48.8159163,-26.8201294992389,0.0 -48.8161929,-26.8201897992389,0.0 -48.8163292,-26.8202684992389,0.0 -48.8164525,-26.8203601992389,0.0 -48.8165206,-26.8204466992389,0.0 -48.8165495,-26.8205279992389,0.0 -48.8165757,-26.8206354992389,0.0 -48.8165835,-26.8208530992389,0.0 -48.8165704,-26.8210653992389,0.0 -48.8165678,-26.8212856992389,0.0 -48.8165652,-26.8215648992389,0.0 -48.8165783,-26.8217588992389,0.0 -48.8165901,-26.8218230992389,0.0 -48.8166019,-26.8218873992389,0.0 -48.8166779,-26.8220236992389,0.0 -48.8167435,-26.8221075992389,0.0 -48.8169938,-26.8222582992389,0.0 -48.8171643,-26.8223526992389,0.0 -48.8173137,-26.8223946992389,0.0 -48.8176113,-26.8224024992389,0.0 -48.8177817,-26.8223919992389,0.0 -48.8178629,-26.8223657992389,0.0 -48.8179809,-26.8222949992389,0.0 -48.8181107,-26.8222215992389,0.0 -48.8182496,-26.8221665992389,0.0 -48.8183545,-26.8221324992389,0.0 -48.8185066,-26.8221140992389,0.0 -48.8186193,-26.8221193992389,0.0 -48.8186966,-26.8221560992389,0.0 -48.8187674,-26.8222844992389,0.0 -48.8187674,-26.8223946992389,0.0 -48.8187097,-26.8225047992389,0.0 -48.818597,-26.8226043992389,0.0 -48.8184633,-26.8227013992389,0.0 -48.8183925,-26.8227537992389,0.0 -48.8183453,-26.8228271992389,0.0 -48.8183453,-26.8229451992389,0.0 -48.8183925,-26.8230290992389,0.0 -48.8185026,-26.8230788992389,0.0 -48.8186678,-26.8230919992389,0.0 -48.8189418,-26.8231824992389,0.0 -48.8191436,-26.8232846992389,0.0 -48.8192859,-26.8233213992389,0.0 -48.8194104,-26.8233764992389,0.0 -48.8195847,-26.8234314992389,0.0 -48.8196844,-26.8234708992389,0.0 -48.8199878,-26.8235399992389,0.0 -48.8200425,-26.8233951992389,0.0 -48.8201355,-26.8233010992389,0.0 -48.8203548,-26.8231776992389,0.0 -48.8206009,-26.8230925992389,0.0 -48.8209759,-26.8231146992389,0.0 -48.8212558,-26.8231405992389,0.0 -48.8214818,-26.8231520992389,0.0 -48.8215635,-26.8230667992389,0.0 -48.8215937,-26.8230179992389,0.0 -48.8216278,-26.8230234992389,0.0 -48.8216314,-26.8229894992389,0.0 -48.821581,-26.8227388992389,0.0 -48.8215053,-26.8223900992389,0.0 -48.8216405,-26.8223533992389,0.0 -48.8216701,-26.8223093992389,0.0 -48.821795,-26.8221120992389,0.0 -48.8218391,-26.8220154992389,0.0 -48.8218575,-26.8219875992389,0.0 -48.8218661,-26.8219468992389,0.0 -48.8218762,-26.8218820992389,0.0 -48.8219003,-26.8218175992389,0.0 -48.8219905,-26.8216827992389,0.0 -48.8220164,-26.8216550992389,0.0 -48.8220686,-26.8216161992389,0.0 -48.8221659,-26.8215566992389,0.0 -48.8222388,-26.8215090992389,0.0 -48.8223218,-26.8214316992389,0.0 -48.8223997,-26.8213400992389,0.0 -48.8224455,-26.8212618992389,0.0 -48.8224867,-26.8210437992389,0.0 -48.8225347,-26.8208668992389,0.0 -48.8225443,-26.8206996992389,0.0 -48.822541,-26.8206231992389,0.0 -48.8226541,-26.8205331992389,0.0 -48.8227384,-26.8204604992389,0.0 -48.8228483,-26.8203914992389,0.0 -48.8229227,-26.8203549992389,0.0 -48.8229979,-26.8203257992389,0.0 -48.8230648,-26.8203041992389,0.0 -48.8232006,-26.8202897992389,0.0 -48.8232707,-26.8202849992389,0.0 -48.8233224,-26.8202710992389,0.0 -48.823378,-26.8202452992389,0.0 -48.8234098,-26.8202134992389,0.0 -48.8234284,-26.8201836992389,0.0 -48.8234567,-26.8201324992389,0.0 -48.8234628,-26.8201224992389,0.0 -48.8234792,-26.8200966992389,0.0 -48.8235109,-26.8200473992389,0.0 -48.8235586,-26.8200190992389,0.0 -48.8236331,-26.8199801992389,0.0 -48.8236871,-26.8199472992389,0.0 -48.8237453,-26.8199223992389,0.0 -48.823839,-26.8198966992389,0.0 -48.8238844,-26.8198849992389,0.0 -48.8239694,-26.8198836992389,0.0 -48.8240561,-26.8198890992389,0.0 -48.8241356,-26.8198905992389,0.0 -48.8242106,-26.8198970992389,0.0 -48.8243042,-26.8199046992389,0.0 -48.824447,-26.8198935992389,0.0 -48.8245519,-26.8198776992389,0.0 -48.8246818,-26.8198503992389,0.0 -48.824738,-26.8198365992389,0.0 -48.8247984,-26.8198153992389,0.0 -48.8249108,-26.8197794992389,0.0 -48.8250252,-26.8197436992389,0.0 -48.8250848,-26.8197103992389,0.0 -48.8251285,-26.8196658992389,0.0 -48.8251436,-26.8196315992389,0.0 -48.8251335,-26.8195495992389,0.0 -48.8251008,-26.8194816992389,0.0 -48.8250343,-26.8193911992389,0.0 -48.824945,-26.8193165992389,0.0 -48.8248415,-26.8192435992389,0.0 -48.8247539,-26.8191817992389,0.0 -48.8246585,-26.8191124992389,0.0 -48.8245867,-26.8190655992389,0.0 -48.8245359,-26.8189953992389,0.0 -48.8245251,-26.8189424992389,0.0 -48.8245285,-26.8188861992389,0.0 -48.824556,-26.8188430992389,0.0 -48.8246285,-26.8187827992389,0.0 -48.8247018,-26.8187661992389,0.0 -48.8247766,-26.8187731992389,0.0 -48.8248818,-26.8187789992389,0.0 -48.8249478,-26.8187596992389,0.0 -48.8249681,-26.8187334992389,0.0 -48.8249751,-26.818697299239,0.0 -48.8249764,-26.818646399239,0.0 -48.8249428,-26.8185383992389,0.0 -48.8248973,-26.818415699239,0.0 -48.8248936,-26.818393799239,0.0 -48.8248867,-26.818353699239,0.0 -48.8248853,-26.818344999239,0.0 -48.8248745,-26.818278899239,0.0 -48.8248784,-26.818204399239,0.0 -48.8248928,-26.818117399239,0.0 -48.8249127,-26.818054199239,0.0 -48.8249386,-26.817992899239,0.0 -48.8249809,-26.817924699239,0.0 -48.825019,-26.817860099239,0.0 -48.8250669,-26.817808299239,0.0 -48.8251525,-26.817710099239,0.0 -48.8252367,-26.817588199239,0.0 -48.8253811,-26.817333099239,0.0 -48.8253883,-26.817318199239,0.0 -48.8254722,-26.817129099239,0.0 -48.8256229,-26.816864899239,0.0 -48.8257161,-26.816779399239,0.0 -48.8260304,-26.816576199239,0.0 -48.8262255,-26.816472999239,0.0 -48.8262966,-26.816422999239,0.0 -48.8265649,-26.816239799239,0.0 -48.8267934,-26.816130399239,0.0 -48.8269043,-26.816070899239,0.0 -48.826948,-26.816024499239,0.0 -48.8270356,-26.815924599239,0.0 -48.8270992,-26.815869699239,0.0 -48.8271775,-26.815831299239,0.0 -48.8272609,-26.815818199239,0.0 -48.8273239,-26.815807699239,0.0 -48.8274449,-26.815773999239,0.0 -48.8275306,-26.815740199239,0.0 -48.8276183,-26.815698099239,0.0 -48.8276487,-26.815683499239,0.0 -48.8277393,-26.815630899239,0.0 -48.8278513,-26.815572399239,0.0 -48.8279254,-26.815543899239,0.0 -48.8280578,-26.815513599239,0.0 -48.8281142,-26.815496999239,0.0 -48.8282082,-26.815469499239,0.0 -48.8283536,-26.815372999239,0.0 -48.8285048,-26.815278799239,0.0 -48.8286323,-26.815204899239,0.0 -48.8289285,-26.815061799239,0.0 -48.8291986,-26.814935599239,0.0 -48.8292757,-26.814892199239,0.0 -48.8293569,-26.814828999239,0.0 -48.8294197,-26.814763899239,0.0 -48.829479,-26.814662199239,0.0 -48.8295924,-26.814552299239,0.0 -48.8297597,-26.814474499239,0.0 -48.8300241,-26.814425699239,0.0 -48.8306061,-26.814419699239,0.0 -48.8308169,-26.814423699239,0.0 -48.8309052,-26.814423299239,0.0 -48.831034,-26.814395299239,0.0 -48.831136,-26.814349199239,0.0 -48.8311949,-26.814308999239,0.0 -48.8312538,-26.814268699239,0.0 -48.8313727,-26.814152499239,0.0 -48.8315076,-26.814034299239,0.0 -48.8316385,-26.813928799239,0.0 -48.8317173,-26.813825999239,0.0 -48.8317743,-26.813713999239,0.0 -48.8318055,-26.813667899239,0.0 -48.831821,-26.813653599239,0.0 -48.8318364,-26.813639299239,0.0 -48.8319066,-26.813621099239,0.0 -48.831958,-26.8136142992391,0.0 -48.8320188,-26.8136179992391,0.0 -48.8321417,-26.813642999239,0.0 -48.8322346,-26.813666399239,0.0 -48.8323223,-26.813688199239,0.0 -48.8324021,-26.813708199239,0.0 -48.8324962,-26.813720599239,0.0 -48.8325899,-26.813715599239,0.0 -48.8326686,-26.813714199239,0.0 -48.8328078,-26.813689599239,0.0 -48.8328579,-26.813683699239,0.0 -48.8330018,-26.813666999239,0.0 -48.8331761,-26.813653399239,0.0 -48.833365,-26.813654499239,0.0 -48.8335289,-26.813666899239,0.0 -48.8336501,-26.813687799239,0.0 -48.8339432,-26.813751399239,0.0 -48.8340511,-26.813775999239,0.0 -48.834201,-26.813781699239,0.0 -48.8342745,-26.813773899239,0.0 -48.8344041,-26.813748999239,0.0 -48.8345747,-26.813711699239,0.0 -48.8346629,-26.813681599239,0.0 -48.8347493,-26.813642199239,0.0 -48.8348061,-26.813594499239,0.0 -48.834849,-26.8135136992391,0.0 -48.8349084,-26.813355599239,0.0 -48.8349512,-26.8132530992391,0.0 -48.8350328,-26.8130795992391,0.0 -48.8351066,-26.8128839992391,0.0 -48.8351371,-26.8127691992391,0.0 -48.8351635,-26.8127043992391,0.0 -48.8351899,-26.8126395992391,0.0 -48.8352381,-26.8124541992391,0.0 -48.8352889,-26.8123396992391,0.0 -48.8353728,-26.8122077992391,0.0 -48.835433,-26.8121198992391,0.0 -48.8354713,-26.8120677992391,0.0 -48.8355075,-26.8120314992391,0.0 -48.8355847,-26.8119665992391,0.0 -48.8357318,-26.8118683992391,0.0 -48.8359252,-26.8116978992391,0.0 -48.8361602,-26.8115099992391,0.0 -48.8362896,-26.8114136992391,0.0 -48.8363745,-26.8113458992391,0.0 -48.8364412,-26.8113011992391,0.0 -48.8364746,-26.8112781992391,0.0 -48.836501,-26.8112600992391,0.0 -48.8365907,-26.8112368992391,0.0 -48.8366448,-26.8112281992391,0.0 -48.8367034,-26.8112236992391,0.0 -48.8445268,-26.8027469992393,0.0 -48.8649022,-26.7876181992396,0.0 -48.8682755,-26.7851134992396,0.0 -48.8914772,-26.7678862992399,0.0 -48.8984494,-26.76270939924,0.0 -48.8987424,-26.76282239924,0.0 -48.8989365,-26.76291409924,0.0 -48.8990895,-26.76300949924,0.0 -48.8992742,-26.76312299924,0.0 -48.899457,-26.76326939924,0.0 -48.8995836,-26.76339499924,0.0 -48.8997146,-26.76355629924,0.0 -48.8998635,-26.76368729924,0.0 -48.9000924,-26.76378959924,0.0 -48.9002732,-26.76381659924,0.0 -48.9005506,-26.76387019924,0.0 -48.900763,-26.76388089924,0.0 -48.901131,-26.76390789924,0.0 -48.9014892,-26.76387759924,0.0 -48.9018565,-26.76383619924,0.0 -48.9020879,-26.76382309924,0.0 -48.9022937,-26.76380999924,0.0 -48.9024099,-26.76381249924,0.0 -48.902453,-26.76381629924,0.0 -48.9024813,-26.76380789924,0.0 -48.9025106,-26.76379529924,0.0 -48.9025295,-26.76378089924,0.0 -48.9025691,-26.76373379924,0.0 -48.9026007,-26.76368839924,0.0 -48.9026382,-26.76365379924,0.0 -48.9026956,-26.76362279924,0.0 -48.9027819,-26.76361449924,0.0 -48.9028784,-26.76363179924,0.0 -48.9030243,-26.76367579924,0.0 -48.9031341,-26.76368599924,0.0 -48.9032496,-26.76368159924,0.0 -48.9034145,-26.76368979924,0.0 -48.903556,-26.76371069924,0.0 -48.9037062,-26.76376989924,0.0 -48.9037746,-26.76380789924,0.0 -48.9038267,-26.76385589924,0.0 -48.9040471,-26.76415549924,0.0 -48.9042432,-26.76437199924,0.0 -48.9044751,-26.76455919924,0.0 -48.9047363,-26.76476569924,0.0 -48.9048707,-26.76488459924,0.0 -48.9050113,-26.76501809924,0.0 -48.9051845,-26.76518849924,0.0 -48.9053389,-26.76536349924,0.0 -48.9054082,-26.76547189924,0.0 -48.9054728,-26.76558079924,0.0 -48.9055514,-26.76568449924,0.0 -48.9056346,-26.76576539924,0.0 -48.9057086,-26.76582499924,0.0 -48.9058089,-26.76589849924,0.0 -48.9059073,-26.76598939924,0.0 -48.9059572,-26.76606919924,0.0 -48.9059914,-26.76612949924,0.0 -48.9059977,-26.76615919924,0.0 -48.9060046,-26.76618449924,0.0 -48.9060182,-26.76620249924,0.0 -48.9060433,-26.76621969924,0.0 -48.9060867,-26.76623669924,0.0 -48.9061137,-26.76624199924,0.0 -48.9061378,-26.76624139924,0.0 -48.9061554,-26.76623149924,0.0 -48.9061655,-26.76621689924,0.0 -48.9062191,-26.76609319924,0.0 -48.9062433,-26.76603419924,0.0 -48.9062774,-26.76595559924,0.0 -48.9063386,-26.76579189924,0.0 -48.9064029,-26.76564819924,0.0 -48.9064935,-26.76548799924,0.0 -48.9066097,-26.76532449924,0.0 -48.9067437,-26.76521559924,0.0 -48.9069444,-26.76514429924,0.0 -48.9070783,-26.76512539924,0.0 -48.9072461,-26.76508449924,0.0 -48.9074932,-26.76503119924,0.0 -48.9077549,-26.76497079924,0.0 -48.9081414,-26.76493089924,0.0 -48.9084248,-26.76491619924,0.0 -48.9087666,-26.76494689924,0.0 -48.9089069,-26.76496759924,0.0 -48.9090781,-26.76500759924,0.0 -48.9092901,-26.76512999924,0.0 -48.909482,-26.76531359924,0.0 -48.9097643,-26.76552819924,0.0 -48.9099886,-26.76563369924,0.0 -48.9101476,-26.76569089924,0.0 -48.9102419,-26.76577879924,0.0 -48.9102905,-26.76582399924,0.0 -48.9103329,-26.76588569924,0.0 -48.9103941,-26.76604609924,0.0 -48.9104379,-26.76617729924,0.0 -48.9104798,-26.76624839924,0.0 -48.91055,-26.76633209924,0.0 -48.9106833,-26.76644579924,0.0 -48.9108266,-26.76653749924,0.0 -48.9109269,-26.76657979924,0.0 -48.9111737,-26.76662379924,0.0 -48.9113988,-26.76666649924,0.0 -48.9115731,-26.76667579924,0.0 -48.9117729,-26.76670059924,0.0 -48.9119376,-26.76673029924,0.0 -48.9120714,-26.76678469924,0.0 -48.9121322,-26.76683079924,0.0 -48.9122131,-26.76685799924,0.0 -48.9123306,-26.76687919924,0.0 -48.9124423,-26.76688949924,0.0 -48.9125833,-26.76692199924,0.0 -48.9127044,-26.76698429924,0.0 -48.9128517,-26.76714099924,0.0 -48.9129794,-26.76730899924,0.0 -48.9130712,-26.7674826992399,0.0 -48.913111,-26.7676212992399,0.0 -48.9131383,-26.7678184992399,0.0 -48.9131733,-26.7679466992399,0.0 -48.913239,-26.7680802992399,0.0 -48.9133584,-26.7681851992399,0.0 -48.913496,-26.7682520992399,0.0 -48.9142698,-26.7685289992399,0.0 -48.9148592,-26.7686855992399,0.0 -48.9154542,-26.7689030992399,0.0 -48.9157597,-26.7690558992399,0.0 -48.9159741,-26.7691924992399,0.0 -48.9161763,-26.7693492992399,0.0 -48.9163924,-26.7695239992399,0.0 -48.9165464,-26.7696286992399,0.0 -48.9166993,-26.7697275992399,0.0 -48.9168578,-26.7698296992399,0.0 -48.9170331,-26.7699299992399,0.0 -48.9172486,-26.7700495992399,0.0 -48.9174665,-26.7701841992399,0.0 -48.9176578,-26.7702854992399,0.0 -48.9178256,-26.7703587992399,0.0 -48.9180041,-26.7704687992399,0.0 -48.9181583,-26.7705330992399,0.0 -48.9183136,-26.7705993992399,0.0 -48.9186398,-26.7707746992399,0.0 -48.9189113,-26.7709020992399,0.0 -48.919194,-26.7710400992399,0.0 -48.9194804,-26.7711438992399,0.0 -48.9196888,-26.7712136992399,0.0 -48.9198999,-26.7712647992399,0.0 -48.9201596,-26.7713487992399,0.0 -48.9204029,-26.7714256992399,0.0 -48.9205982,-26.7714910992399,0.0 -48.9207839,-26.7715485992399,0.0 -48.9213326,-26.7717168992399,0.0 -48.9219683,-26.7719509992399,0.0 -48.9224668,-26.7724011992398,0.0 -48.9227151,-26.7726409992398,0.0 -48.9228293,-26.7727854992398,0.0 -48.9229468,-26.7731186992398,0.0 -48.9230714,-26.7735367992398,0.0 -48.9231216,-26.7736578992398,0.0 -48.9232027,-26.7737611992398,0.0 -48.9232722,-26.7738288992398,0.0 -48.9233532,-26.7738903992398,0.0 -48.9234769,-26.7739433992398,0.0 -48.923607,-26.7739668992398,0.0 -48.9237524,-26.7739863992398,0.0 -48.9239453,-26.7739735992398,0.0 -48.9240781,-26.7739951992398,0.0 -48.9242285,-26.7740810992398,0.0 -48.9243239,-26.7741964992398,0.0 -48.9244437,-26.7744103992398,0.0 -48.9245291,-26.7746622992398,0.0 -48.9245703,-26.7748006992398,0.0 -48.9245886,-26.7749892992398,0.0 -48.9245914,-26.7751316992398,0.0 -48.9246251,-26.7752552992398,0.0 -48.9246804,-26.7753431992398,0.0 -48.9247934,-26.7753972992398,0.0 -48.9249448,-26.7754364992398,0.0 -48.9250412,-26.7754406992398,0.0 -48.9251168,-26.7754604992398,0.0 -48.9252801,-26.7755349992398,0.0 -48.9254671,-26.7756483992398,0.0 -48.9256494,-26.7757941992398,0.0 -48.9259051,-26.7760658992398,0.0 -48.9260134,-26.7762326992398,0.0 -48.926118,-26.7764996992398,0.0 -48.9263138,-26.7768107992398,0.0 -48.9266122,-26.7771684992398,0.0 -48.926911,-26.7774654992398,0.0 -48.9270844,-26.7776124992397,0.0 -48.9271968,-26.7776860992397,0.0 -48.9272703,-26.7777260992397,0.0 -48.9273399,-26.7777461992397,0.0 -48.9274063,-26.7777495992397,0.0 -48.9275236,-26.7777455992397,0.0 -48.9276941,-26.7777478992398,0.0 -48.9278197,-26.7777607992397,0.0 -48.9279475,-26.7777926992397,0.0 -48.9280506,-26.7778403992397,0.0 -48.9281116,-26.7778788992397,0.0 -48.9281919,-26.7779081992397,0.0 -48.9283335,-26.7779397992397,0.0 -48.9284399,-26.7779491992397,0.0 -48.9285545,-26.7779302992397,0.0 -48.9286727,-26.7778879992397,0.0 -48.9288033,-26.7778412992397,0.0 -48.9290009,-26.7777825992397,0.0 -48.9291521,-26.7777540992397,0.0 -48.929391,-26.7777421992397,0.0 -48.9295965,-26.7777530992397,0.0 -48.9298394,-26.7777819992397,0.0 -48.9300325,-26.7778320992397,0.0 -48.930385,-26.7779541992397,0.0 -48.9307027,-26.7781078992397,0.0 -48.9308432,-26.7781949992397,0.0 -48.9311998,-26.7784551992397,0.0 -48.9312878,-26.7785291992397,0.0 -48.9313651,-26.7785936992397,0.0 -48.9314534,-26.7786577992397,0.0 -48.9315512,-26.7787111992397,0.0 -48.931808,-26.7788180992397,0.0 -48.9319195,-26.7788533992397,0.0 -48.9320145,-26.7788955992397,0.0 -48.9325731,-26.7791794992397,0.0 -48.9326105,-26.7792067992397,0.0 -48.9326383,-26.7792412992397,0.0 -48.9327233,-26.7793552992397,0.0 -48.9328715,-26.7795132992397,0.0 -48.9330662,-26.7796345992397,0.0 -48.9332398,-26.7797094992397,0.0 -48.933371,-26.7797432992397,0.0 -48.93353,-26.7797505992397,0.0 -48.933698,-26.7797735992397,0.0 -48.9338859,-26.7798284992397,0.0 -48.9341267,-26.7798773992397,0.0 -48.9343643,-26.7799032992397,0.0 -48.9349747,-26.7799059992397,0.0 -48.9356084,-26.7799266992397,0.0 -48.9358341,-26.7799079992397,0.0 -48.9359831,-26.7798790992397,0.0 -48.9360688,-26.7798868992397,0.0 -48.936168,-26.7799140992397,0.0 -48.9363385,-26.7799814992397,0.0 -48.9363639,-26.7799932992397,0.0 -48.936388,-26.7800073992397,0.0 -48.9364066,-26.7800265992397,0.0 -48.9364208,-26.7800514992397,0.0 -48.9364534,-26.7801598992397,0.0 -48.9364728,-26.7803326992397,0.0 -48.9365283,-26.7805026992397,0.0 -48.9366802,-26.7807974992397,0.0 -48.9375686,-26.7809551992397,0.0 -48.937663,-26.7809921992397,0.0 -48.9377327,-26.7810461992397,0.0 -48.9377872,-26.7811206992397,0.0 -48.9378369,-26.7812601992397,0.0 -48.9379054,-26.7814135992397,0.0 -48.9380797,-26.7816607992397,0.0 -48.9382913,-26.7818583992397,0.0 -48.9390136,-26.7825075992397,0.0 -48.9392524,-26.7827562992396,0.0 -48.9392726,-26.7827756992396,0.0 -48.9392876,-26.7827997992396,0.0 -48.9393215,-26.7828915992396,0.0 -48.9393423,-26.7829326992396,0.0 -48.9393726,-26.7829692992396,0.0 -48.9394106,-26.7830071992396,0.0 -48.9394573,-26.7830354992396,0.0 -48.9395405,-26.7830753992396,0.0 -48.9396461,-26.7831246992396,0.0 -48.939742,-26.7831624992396,0.0 -48.9399486,-26.7832643992396,0.0</coordinates>
</LinearRing>
</outerBoundaryIs>
</Polygon>
</MultiGeometry>
</Placemark>
</Folder>
</Document></kml>
