<?xml version='1.0' encoding='UTF-8'?>
<kml xmlns:xsd="http://www.w3.org/2001/XMLSchema" xmlns:gx="http://www.google.com/kml/ext/2.2" xmlns:atom="http://www.w3.org/2005/Atom" xmlns="http://www.opengis.net/kml/2.2">
<Document>
<name>paulo_lopes_4212304_localidades_2022</name>
<visibility>1</visibility>
<Schema name="Agrupamentos Quilombolas" id="kml_schema_ft_Agrupamentos_Quilombolas">
<SimpleField type="xsd:string" name="CD_UF">
<displayName>CD_UF</displayName>
</SimpleField>
<SimpleField type="xsd:string" name="NM_UF">
<displayName>NM_UF</displayName>
</SimpleField>
<SimpleField type="xsd:string" name="SIGLA_UF">
<displayName>SIGLA_UF</displayName>
</SimpleField>
<SimpleField type="xsd:string" name="CD_MUN">
<displayName>CD_MUN</displayName>
</SimpleField>
<SimpleField type="xsd:string" name="NM_MUN">
<displayName>NM_MUN</displayName>
</SimpleField>
<SimpleField type="xsd:string" name="CD_RGINT">
<displayName>CD_RGINT</displayName>
</SimpleField>
<SimpleField type="xsd:string" name="NM_RGINT">
<displayName>NM_RGINT</displayName>
</SimpleField>
<SimpleField type="xsd:string" name="CD_RGI">
<displayName>CD_RGI</displayName>
</SimpleField>
<SimpleField type="xsd:string" name="NM_RGI">
<displayName>NM_RGI</displayName>
</SimpleField>
<SimpleField type="xsd:string" name="CT_LOCALIDADE">
<displayName>CT_LOCALIDADE</displayName>
</SimpleField>
<SimpleField type="xsd:string" name="SCT_LOCALIDADE">
<displayName>SCT_LOCALIDADE</displayName>
</SimpleField>
<SimpleField type="xsd:string" name="CD_LOCALIDADE">
<displayName>CD_LOCALIDADE</displayName>
</SimpleField>
<SimpleField type="xsd:string" name="NM_LOCALIDADE">
<displayName>NM_LOCALIDADE</displayName>
</SimpleField>
<SimpleField type="xsd:string" name="LAT_LOCALIDADE">
<displayName>LAT_LOCALIDADE</displayName>
</SimpleField>
<SimpleField type="xsd:string" name="LONG_LOCALIDADE">
<displayName>LONG_LOCALIDADE</displayName>
</SimpleField>
</Schema>
<Schema name="Povoados" id="kml_schema_ft_Povoados">
<SimpleField type="xsd:string" name="CD_UF">
<displayName>CD_UF</displayName>
</SimpleField>
<SimpleField type="xsd:string" name="NM_UF">
<displayName>NM_UF</displayName>
</SimpleField>
<SimpleField type="xsd:string" name="SIGLA_UF">
<displayName>SIGLA_UF</displayName>
</SimpleField>
<SimpleField type="xsd:string" name="CD_MUN">
<displayName>CD_MUN</displayName>
</SimpleField>
<SimpleField type="xsd:string" name="NM_MUN">
<displayName>NM_MUN</displayName>
</SimpleField>
<SimpleField type="xsd:string" name="CD_RGINT">
<displayName>CD_RGINT</displayName>
</SimpleField>
<SimpleField type="xsd:string" name="NM_RGINT">
<displayName>NM_RGINT</displayName>
</SimpleField>
<SimpleField type="xsd:string" name="CD_RGI">
<displayName>CD_RGI</displayName>
</SimpleField>
<SimpleField type="xsd:string" name="NM_RGI">
<displayName>NM_RGI</displayName>
</SimpleField>
<SimpleField type="xsd:string" name="CT_LOCALIDADE">
<displayName>CT_LOCALIDADE</displayName>
</SimpleField>
<SimpleField type="xsd:string" name="CD_LOCALIDADE">
<displayName>CD_LOCALIDADE</displayName>
</SimpleField>
<SimpleField type="xsd:string" name="NM_LOCALIDADE">
<displayName>NM_LOCALIDADE</displayName>
</SimpleField>
<SimpleField type="xsd:string" name="LAT_LOCALIDADE">
<displayName>LAT_LOCALIDADE</displayName>
</SimpleField>
<SimpleField type="xsd:string" name="LONG_LOCALIDADE">
<displayName>LONG_LOCALIDADE</displayName>
</SimpleField>
</Schema>
<Schema name="Lugarejos" id="kml_schema_ft_Lugarejos">
<SimpleField type="xsd:string" name="CD_UF">
<displayName>CD_UF</displayName>
</SimpleField>
<SimpleField type="xsd:string" name="NM_UF">
<displayName>NM_UF</displayName>
</SimpleField>
<SimpleField type="xsd:string" name="SIGLA_UF">
<displayName>SIGLA_UF</displayName>
</SimpleField>
<SimpleField type="xsd:string" name="CD_MUN">
<displayName>CD_MUN</displayName>
</SimpleField>
<SimpleField type="xsd:string" name="NM_MUN">
<displayName>NM_MUN</displayName>
</SimpleField>
<SimpleField type="xsd:string" name="CD_RGINT">
<displayName>CD_RGINT</displayName>
</SimpleField>
<SimpleField type="xsd:string" name="NM_RGINT">
<displayName>NM_RGINT</displayName>
</SimpleField>
<SimpleField type="xsd:string" name="CD_RGI">
<displayName>CD_RGI</displayName>
</SimpleField>
<SimpleField type="xsd:string" name="NM_RGI">
<displayName>NM_RGI</displayName>
</SimpleField>
<SimpleField type="xsd:string" name="CT_LOCALIDADE">
<displayName>CT_LOCALIDADE</displayName>
</SimpleField>
<SimpleField type="xsd:string" name="CD_LOCALIDADE">
<displayName>CD_LOCALIDADE</displayName>
</SimpleField>
<SimpleField type="xsd:string" name="NM_LOCALIDADE">
<displayName>NM_LOCALIDADE</displayName>
</SimpleField>
<SimpleField type="xsd:string" name="LAT_LOCALIDADE">
<displayName>LAT_LOCALIDADE</displayName>
</SimpleField>
<SimpleField type="xsd:string" name="LONG_LOCALIDADE">
<displayName>LONG_LOCALIDADE</displayName>
</SimpleField>
</Schema>
<Schema name="Núcleos Urbanos" id="kml_schema_ft_Núcleos_Urbanos">
<SimpleField type="xsd:string" name="CD_UF">
<displayName>CD_UF</displayName>
</SimpleField>
<SimpleField type="xsd:string" name="NM_UF">
<displayName>NM_UF</displayName>
</SimpleField>
<SimpleField type="xsd:string" name="SIGLA_UF">
<displayName>SIGLA_UF</displayName>
</SimpleField>
<SimpleField type="xsd:string" name="CD_MUN">
<displayName>CD_MUN</displayName>
</SimpleField>
<SimpleField type="xsd:string" name="NM_MUN">
<displayName>NM_MUN</displayName>
</SimpleField>
<SimpleField type="xsd:string" name="CD_RGINT">
<displayName>CD_RGINT</displayName>
</SimpleField>
<SimpleField type="xsd:string" name="NM_RGINT">
<displayName>NM_RGINT</displayName>
</SimpleField>
<SimpleField type="xsd:string" name="CD_RGI">
<displayName>CD_RGI</displayName>
</SimpleField>
<SimpleField type="xsd:string" name="NM_RGI">
<displayName>NM_RGI</displayName>
</SimpleField>
<SimpleField type="xsd:string" name="CT_LOCALIDADE">
<displayName>CT_LOCALIDADE</displayName>
</SimpleField>
<SimpleField type="xsd:string" name="CD_LOCALIDADE">
<displayName>CD_LOCALIDADE</displayName>
</SimpleField>
<SimpleField type="xsd:string" name="NM_LOCALIDADE">
<displayName>NM_LOCALIDADE</displayName>
</SimpleField>
<SimpleField type="xsd:string" name="LAT_LOCALIDADE">
<displayName>LAT_LOCALIDADE</displayName>
</SimpleField>
<SimpleField type="xsd:string" name="LONG_LOCALIDADE">
<displayName>LONG_LOCALIDADE</displayName>
</SimpleField>
</Schema>
<Schema name="01. Cidade" id="kml_schema_ft_01._Cidade">
<SimpleField type="xsd:string" name="CD_UF">
<displayName>CD_UF</displayName>
</SimpleField>
<SimpleField type="xsd:string" name="NM_UF">
<displayName>NM_UF</displayName>
</SimpleField>
<SimpleField type="xsd:string" name="SIGLA_UF">
<displayName>SIGLA_UF</displayName>
</SimpleField>
<SimpleField type="xsd:string" name="CD_MUN">
<displayName>CD_MUN</displayName>
</SimpleField>
<SimpleField type="xsd:string" name="NM_MUN">
<displayName>NM_MUN</displayName>
</SimpleField>
<SimpleField type="xsd:string" name="CD_RGINT">
<displayName>CD_RGINT</displayName>
</SimpleField>
<SimpleField type="xsd:string" name="NM_RGINT">
<displayName>NM_RGINT</displayName>
</SimpleField>
<SimpleField type="xsd:string" name="CD_RGI">
<displayName>CD_RGI</displayName>
</SimpleField>
<SimpleField type="xsd:string" name="NM_RGI">
<displayName>NM_RGI</displayName>
</SimpleField>
<SimpleField type="xsd:string" name="CT_LOCALIDADE">
<displayName>CT_LOCALIDADE</displayName>
</SimpleField>
<SimpleField type="xsd:string" name="SCT_LOCALIDADE">
<displayName>SCT_LOCALIDADE</displayName>
</SimpleField>
<SimpleField type="xsd:string" name="CD_LOCALIDADE">
<displayName>CD_LOCALIDADE</displayName>
</SimpleField>
<SimpleField type="xsd:string" name="NM_LOCALIDADE">
<displayName>NM_LOCALIDADE</displayName>
</SimpleField>
<SimpleField type="xsd:string" name="LAT_LOCALIDADE">
<displayName>LAT_LOCALIDADE</displayName>
</SimpleField>
<SimpleField type="xsd:string" name="LONG_LOCALIDADE">
<displayName>LONG_LOCALIDADE</displayName>
</SimpleField>
</Schema>
<Schema name="Município" id="kml_schema_ft_Município">
<SimpleField type="xsd:string" name="CD_UF">
<displayName>CD_UF</displayName>
</SimpleField>
<SimpleField type="xsd:string" name="NM_UF">
<displayName>NM_UF</displayName>
</SimpleField>
<SimpleField type="xsd:string" name="CD_MUN">
<displayName>CD_MUN</displayName>
</SimpleField>
<SimpleField type="xsd:string" name="NM_MUN">
<displayName>NM_MUN</displayName>
</SimpleField>
<SimpleField type="xsd:string" name="CD_RGINT">
<displayName>CD_RGINT</displayName>
</SimpleField>
<SimpleField type="xsd:string" name="NM_RGINT">
<displayName>NM_RGINT</displayName>
</SimpleField>
<SimpleField type="xsd:string" name="CD_RGI">
<displayName>CD_RGI</displayName>
</SimpleField>
<SimpleField type="xsd:string" name="NM_RGI">
<displayName>NM_RGI</displayName>
</SimpleField>
</Schema>
<Folder id="01. Cidade">
<name>01. Cidade</name>
<Folder id="01.03. Sede Municipal">
<name>01.03. Sede Municipal</name>
<Placemark id="01.03. Sede Municipal">
<name>Paulo Lopes [4212304]</name>
<visibility>1</visibility>
<snippet> </snippet>
<description>&lt;center&gt;&lt;table&gt;&lt;tr&gt;&lt;th colspan='2' align='center'&gt;&lt;em&gt;Atributos&lt;/em&gt;&lt;/th&gt;&lt;/tr&gt;&lt;tr bgcolor="#E3E3F3"&gt;
&lt;th&gt;CD_UF&lt;/th&gt;
&lt;td&gt;42&lt;/td&gt;
&lt;/tr&gt;&lt;tr bgcolor=""&gt;
&lt;th&gt;NM_UF&lt;/th&gt;
&lt;td&gt;Santa Catarina&lt;/td&gt;
&lt;/tr&gt;&lt;tr bgcolor="#E3E3F3"&gt;
&lt;th&gt;SIGLA_UF&lt;/th&gt;
&lt;td&gt;SC&lt;/td&gt;
&lt;/tr&gt;&lt;tr bgcolor=""&gt;
&lt;th&gt;CD_MUN&lt;/th&gt;
&lt;td&gt;4212304&lt;/td&gt;
&lt;/tr&gt;&lt;tr bgcolor="#E3E3F3"&gt;
&lt;th&gt;NM_MUN&lt;/th&gt;
&lt;td&gt;Paulo Lopes&lt;/td&gt;
&lt;/tr&gt;&lt;tr bgcolor=""&gt;
&lt;th&gt;CD_RGINT&lt;/th&gt;
&lt;td&gt;4201&lt;/td&gt;
&lt;/tr&gt;&lt;tr bgcolor="#E3E3F3"&gt;
&lt;th&gt;NM_RGINT&lt;/th&gt;
&lt;td&gt;Florianópolis&lt;/td&gt;
&lt;/tr&gt;&lt;tr bgcolor=""&gt;
&lt;th&gt;CD_RGI&lt;/th&gt;
&lt;td&gt;420001&lt;/td&gt;
&lt;/tr&gt;&lt;tr bgcolor="#E3E3F3"&gt;
&lt;th&gt;NM_RGI&lt;/th&gt;
&lt;td&gt;Florianópolis&lt;/td&gt;
&lt;/tr&gt;&lt;tr bgcolor=""&gt;
&lt;th&gt;CT_LOCALIDADE&lt;/th&gt;
&lt;td&gt;Cidade&lt;/td&gt;
&lt;/tr&gt;&lt;tr bgcolor="#E3E3F3"&gt;
&lt;th&gt;SCT_LOCALIDADE&lt;/th&gt;
&lt;td&gt;Sede Municipal&lt;/td&gt;
&lt;/tr&gt;&lt;tr bgcolor=""&gt;
&lt;th&gt;CD_LOCALIDADE&lt;/th&gt;
&lt;td&gt;4212304&lt;/td&gt;
&lt;/tr&gt;&lt;tr bgcolor="#E3E3F3"&gt;
&lt;th&gt;NM_LOCALIDADE&lt;/th&gt;
&lt;td&gt;Paulo Lopes&lt;/td&gt;
&lt;/tr&gt;&lt;tr bgcolor=""&gt;
&lt;th&gt;LAT_LOCALIDADE&lt;/th&gt;
&lt;td&gt;-27.9652&lt;/td&gt;
&lt;/tr&gt;&lt;tr bgcolor="#E3E3F3"&gt;
&lt;th&gt;LONG_LOCALIDADE&lt;/th&gt;
&lt;td&gt;-48.6816&lt;/td&gt;
&lt;/tr&gt;&lt;/table&gt;&lt;/center&gt;</description>
<Style>
<IconStyle>
<color>ff00aaff</color>
<scale>1.0</scale>
<Icon>
<href>http://maps.google.com/mapfiles/kml/shapes/placemark_circle.png</href>
</Icon>
</IconStyle>
<LabelStyle>
<scale>1.0</scale>
</LabelStyle>
<LineStyle>
<color>ffffffff</color>
<width>3</width>
<gx:labelVisibility>1</gx:labelVisibility>
</LineStyle>
<PolyStyle>
<color>00ffffff</color>
</PolyStyle>
</Style>
<ExtendedData>
<SchemaData schemaUrl="#kml_schema_ft_01._Cidade">
<SimpleData name="CD_UF">42</SimpleData>
<SimpleData name="NM_UF">Santa Catarina</SimpleData>
<SimpleData name="SIGLA_UF">SC</SimpleData>
<SimpleData name="CD_MUN">4212304</SimpleData>
<SimpleData name="NM_MUN">Paulo Lopes</SimpleData>
<SimpleData name="CD_RGINT">4201</SimpleData>
<SimpleData name="NM_RGINT">Florianópolis</SimpleData>
<SimpleData name="CD_RGI">420001</SimpleData>
<SimpleData name="NM_RGI">Florianópolis</SimpleData>
<SimpleData name="CT_LOCALIDADE">Cidade</SimpleData>
<SimpleData name="SCT_LOCALIDADE">Sede Municipal</SimpleData>
<SimpleData name="CD_LOCALIDADE">4212304</SimpleData>
<SimpleData name="NM_LOCALIDADE">Paulo Lopes</SimpleData>
<SimpleData name="LAT_LOCALIDADE">-27.9652</SimpleData>
<SimpleData name="LONG_LOCALIDADE">-48.6816</SimpleData>
</SchemaData>
</ExtendedData>
<Point>
<extrude>0</extrude>
<coordinates>-48.6816,-27.9651999992172,0.0</coordinates>
</Point>
</Placemark>
</Folder>
</Folder>
<Folder id="05. Núcleos Urbanos">
<name>05. Núcleos Urbanos</name>
<Placemark id="localidades">
<name>Penha [4212304001]</name>
<visibility>1</visibility>
<snippet> </snippet>
<description>&lt;center&gt;&lt;table&gt;&lt;tr&gt;&lt;th colspan='2' align='center'&gt;&lt;em&gt;Attributes&lt;/em&gt;&lt;/th&gt;&lt;/tr&gt;&lt;tr bgcolor="#E3E3F3"&gt;
&lt;th&gt;CD_UF&lt;/th&gt;
&lt;td&gt;42&lt;/td&gt;
&lt;/tr&gt;&lt;tr bgcolor=""&gt;
&lt;th&gt;NM_UF&lt;/th&gt;
&lt;td&gt;Santa Catarina&lt;/td&gt;
&lt;/tr&gt;&lt;tr bgcolor="#E3E3F3"&gt;
&lt;th&gt;SIGLA_UF&lt;/th&gt;
&lt;td&gt;SC&lt;/td&gt;
&lt;/tr&gt;&lt;tr bgcolor=""&gt;
&lt;th&gt;CD_MUN&lt;/th&gt;
&lt;td&gt;4212304&lt;/td&gt;
&lt;/tr&gt;&lt;tr bgcolor="#E3E3F3"&gt;
&lt;th&gt;NM_MUN&lt;/th&gt;
&lt;td&gt;Paulo Lopes&lt;/td&gt;
&lt;/tr&gt;&lt;tr bgcolor=""&gt;
&lt;th&gt;CD_RGINT&lt;/th&gt;
&lt;td&gt;4201&lt;/td&gt;
&lt;/tr&gt;&lt;tr bgcolor="#E3E3F3"&gt;
&lt;th&gt;NM_RGINT&lt;/th&gt;
&lt;td&gt;Florianópolis&lt;/td&gt;
&lt;/tr&gt;&lt;tr bgcolor=""&gt;
&lt;th&gt;CD_RGI&lt;/th&gt;
&lt;td&gt;420001&lt;/td&gt;
&lt;/tr&gt;&lt;tr bgcolor="#E3E3F3"&gt;
&lt;th&gt;NM_RGI&lt;/th&gt;
&lt;td&gt;Florianópolis&lt;/td&gt;
&lt;/tr&gt;&lt;tr bgcolor=""&gt;
&lt;th&gt;CT_LOCALIDADE&lt;/th&gt;
&lt;td&gt;Núcleo Urbano&lt;/td&gt;
&lt;/tr&gt;&lt;tr bgcolor="#E3E3F3"&gt;
&lt;th&gt;CD_LOCALIDADE&lt;/th&gt;
&lt;td&gt;4212304001&lt;/td&gt;
&lt;/tr&gt;&lt;tr bgcolor=""&gt;
&lt;th&gt;NM_LOCALIDADE&lt;/th&gt;
&lt;td&gt;Penha&lt;/td&gt;
&lt;/tr&gt;&lt;tr bgcolor="#E3E3F3"&gt;
&lt;th&gt;LAT_LOCALIDADE&lt;/th&gt;
&lt;td&gt;-28.0675&lt;/td&gt;
&lt;/tr&gt;&lt;tr bgcolor=""&gt;
&lt;th&gt;LONG_LOCALIDADE&lt;/th&gt;
&lt;td&gt;-48.7142&lt;/td&gt;
&lt;/tr&gt;&lt;/table&gt;&lt;/center&gt;</description>
<Style>
<IconStyle>
<color>ff0000ff</color>
<scale>0.9</scale>
<Icon>
<href>http://maps.google.com/mapfiles/kml/shapes/placemark_circle.png</href>
</Icon>
</IconStyle>
<LabelStyle>
<scale>0.9</scale>
</LabelStyle>
<LineStyle>
<color>72ffffff</color>
<width>1.0</width>
<gx:labelVisibility>1</gx:labelVisibility>
</LineStyle>
<PolyStyle>
<color>66ff54ff</color>
</PolyStyle>
</Style>
<ExtendedData>
<SchemaData schemaUrl="#kml_schema_ft_Núcleos_Urbanos">
<SimpleData name="CD_UF">42</SimpleData>
<SimpleData name="NM_UF">Santa Catarina</SimpleData>
<SimpleData name="SIGLA_UF">SC</SimpleData>
<SimpleData name="CD_MUN">4212304</SimpleData>
<SimpleData name="NM_MUN">Paulo Lopes</SimpleData>
<SimpleData name="CD_RGINT">4201</SimpleData>
<SimpleData name="NM_RGINT">Florianópolis</SimpleData>
<SimpleData name="CD_RGI">420001</SimpleData>
<SimpleData name="NM_RGI">Florianópolis</SimpleData>
<SimpleData name="CT_LOCALIDADE">Núcleo Urbano</SimpleData>
<SimpleData name="CD_LOCALIDADE">4212304001</SimpleData>
<SimpleData name="NM_LOCALIDADE">Penha</SimpleData>
<SimpleData name="LAT_LOCALIDADE">-28.0675</SimpleData>
<SimpleData name="LONG_LOCALIDADE">-48.7142</SimpleData>
</SchemaData>
</ExtendedData>
<Point>
<extrude>0</extrude>
<coordinates>-48.7141738153846,-28.0675056679333,0.0</coordinates>
</Point>
</Placemark>
</Folder>
<Folder id="06. Povoados">
<name>06. Povoados</name>
<Placemark id="06. Povoados">
<name>Espraiado [421230400002]</name>
<visibility>1</visibility>
<snippet> </snippet>
<description>&lt;center&gt;&lt;table&gt;&lt;tr&gt;&lt;th colspan='2' align='center'&gt;&lt;em&gt;Atributos&lt;/em&gt;&lt;/th&gt;&lt;/tr&gt;&lt;tr bgcolor="#E3E3F3"&gt;
&lt;th&gt;CD_UF&lt;/th&gt;
&lt;td&gt;42&lt;/td&gt;
&lt;/tr&gt;&lt;tr bgcolor=""&gt;
&lt;th&gt;NM_UF&lt;/th&gt;
&lt;td&gt;Santa Catarina&lt;/td&gt;
&lt;/tr&gt;&lt;tr bgcolor="#E3E3F3"&gt;
&lt;th&gt;SIGLA_UF&lt;/th&gt;
&lt;td&gt;SC&lt;/td&gt;
&lt;/tr&gt;&lt;tr bgcolor=""&gt;
&lt;th&gt;CD_MUN&lt;/th&gt;
&lt;td&gt;4212304&lt;/td&gt;
&lt;/tr&gt;&lt;tr bgcolor="#E3E3F3"&gt;
&lt;th&gt;NM_MUN&lt;/th&gt;
&lt;td&gt;Paulo Lopes&lt;/td&gt;
&lt;/tr&gt;&lt;tr bgcolor=""&gt;
&lt;th&gt;CD_RGINT&lt;/th&gt;
&lt;td&gt;4201&lt;/td&gt;
&lt;/tr&gt;&lt;tr bgcolor="#E3E3F3"&gt;
&lt;th&gt;NM_RGINT&lt;/th&gt;
&lt;td&gt;Florianópolis&lt;/td&gt;
&lt;/tr&gt;&lt;tr bgcolor=""&gt;
&lt;th&gt;CD_RGI&lt;/th&gt;
&lt;td&gt;420001&lt;/td&gt;
&lt;/tr&gt;&lt;tr bgcolor="#E3E3F3"&gt;
&lt;th&gt;NM_RGI&lt;/th&gt;
&lt;td&gt;Florianópolis&lt;/td&gt;
&lt;/tr&gt;&lt;tr bgcolor=""&gt;
&lt;th&gt;CT_LOCALIDADE&lt;/th&gt;
&lt;td&gt;Povoado&lt;/td&gt;
&lt;/tr&gt;&lt;tr bgcolor="#E3E3F3"&gt;
&lt;th&gt;CD_LOCALIDADE&lt;/th&gt;
&lt;td&gt;421230400002&lt;/td&gt;
&lt;/tr&gt;&lt;tr bgcolor=""&gt;
&lt;th&gt;NM_LOCALIDADE&lt;/th&gt;
&lt;td&gt;Espraiado&lt;/td&gt;
&lt;/tr&gt;&lt;tr bgcolor="#E3E3F3"&gt;
&lt;th&gt;LAT_LOCALIDADE&lt;/th&gt;
&lt;td&gt;-28.0038&lt;/td&gt;
&lt;/tr&gt;&lt;tr bgcolor=""&gt;
&lt;th&gt;LONG_LOCALIDADE&lt;/th&gt;
&lt;td&gt;-48.7752&lt;/td&gt;
&lt;/tr&gt;&lt;/table&gt;&lt;/center&gt;</description>
<Style>
<IconStyle>
<color>ff00ff54</color>
<scale>0.8</scale>
<Icon>
<href>http://maps.google.com/mapfiles/kml/shapes/placemark_circle.png</href>
</Icon>
</IconStyle>
<LabelStyle>
<scale>0.8</scale>
</LabelStyle>
<LineStyle>
<color>72ff54ff</color>
<width>1.0</width>
<gx:labelVisibility>1</gx:labelVisibility>
</LineStyle>
<PolyStyle>
<color>66ff54ff</color>
</PolyStyle>
</Style>
<ExtendedData>
<SchemaData schemaUrl="#kml_schema_ft_Povoados">
<SimpleData name="CD_UF">42</SimpleData>
<SimpleData name="NM_UF">Santa Catarina</SimpleData>
<SimpleData name="SIGLA_UF">SC</SimpleData>
<SimpleData name="CD_MUN">4212304</SimpleData>
<SimpleData name="NM_MUN">Paulo Lopes</SimpleData>
<SimpleData name="CD_RGINT">4201</SimpleData>
<SimpleData name="NM_RGINT">Florianópolis</SimpleData>
<SimpleData name="CD_RGI">420001</SimpleData>
<SimpleData name="NM_RGI">Florianópolis</SimpleData>
<SimpleData name="CT_LOCALIDADE">Povoado</SimpleData>
<SimpleData name="CD_LOCALIDADE">421230400002</SimpleData>
<SimpleData name="NM_LOCALIDADE">Espraiado</SimpleData>
<SimpleData name="LAT_LOCALIDADE">-28.0038</SimpleData>
<SimpleData name="LONG_LOCALIDADE">-48.7752</SimpleData>
</SchemaData>
</ExtendedData>
<Point>
<extrude>0</extrude>
<coordinates>-48.775186,-28.0037529992165,0.0</coordinates>
</Point>
</Placemark>
<Placemark id="06. Povoados">
<name>Bom Retiro [421230400003]</name>
<visibility>1</visibility>
<snippet> </snippet>
<description>&lt;center&gt;&lt;table&gt;&lt;tr&gt;&lt;th colspan='2' align='center'&gt;&lt;em&gt;Atributos&lt;/em&gt;&lt;/th&gt;&lt;/tr&gt;&lt;tr bgcolor="#E3E3F3"&gt;
&lt;th&gt;CD_UF&lt;/th&gt;
&lt;td&gt;42&lt;/td&gt;
&lt;/tr&gt;&lt;tr bgcolor=""&gt;
&lt;th&gt;NM_UF&lt;/th&gt;
&lt;td&gt;Santa Catarina&lt;/td&gt;
&lt;/tr&gt;&lt;tr bgcolor="#E3E3F3"&gt;
&lt;th&gt;SIGLA_UF&lt;/th&gt;
&lt;td&gt;SC&lt;/td&gt;
&lt;/tr&gt;&lt;tr bgcolor=""&gt;
&lt;th&gt;CD_MUN&lt;/th&gt;
&lt;td&gt;4212304&lt;/td&gt;
&lt;/tr&gt;&lt;tr bgcolor="#E3E3F3"&gt;
&lt;th&gt;NM_MUN&lt;/th&gt;
&lt;td&gt;Paulo Lopes&lt;/td&gt;
&lt;/tr&gt;&lt;tr bgcolor=""&gt;
&lt;th&gt;CD_RGINT&lt;/th&gt;
&lt;td&gt;4201&lt;/td&gt;
&lt;/tr&gt;&lt;tr bgcolor="#E3E3F3"&gt;
&lt;th&gt;NM_RGINT&lt;/th&gt;
&lt;td&gt;Florianópolis&lt;/td&gt;
&lt;/tr&gt;&lt;tr bgcolor=""&gt;
&lt;th&gt;CD_RGI&lt;/th&gt;
&lt;td&gt;420001&lt;/td&gt;
&lt;/tr&gt;&lt;tr bgcolor="#E3E3F3"&gt;
&lt;th&gt;NM_RGI&lt;/th&gt;
&lt;td&gt;Florianópolis&lt;/td&gt;
&lt;/tr&gt;&lt;tr bgcolor=""&gt;
&lt;th&gt;CT_LOCALIDADE&lt;/th&gt;
&lt;td&gt;Povoado&lt;/td&gt;
&lt;/tr&gt;&lt;tr bgcolor="#E3E3F3"&gt;
&lt;th&gt;CD_LOCALIDADE&lt;/th&gt;
&lt;td&gt;421230400003&lt;/td&gt;
&lt;/tr&gt;&lt;tr bgcolor=""&gt;
&lt;th&gt;NM_LOCALIDADE&lt;/th&gt;
&lt;td&gt;Bom Retiro&lt;/td&gt;
&lt;/tr&gt;&lt;tr bgcolor="#E3E3F3"&gt;
&lt;th&gt;LAT_LOCALIDADE&lt;/th&gt;
&lt;td&gt;-27.9569&lt;/td&gt;
&lt;/tr&gt;&lt;tr bgcolor=""&gt;
&lt;th&gt;LONG_LOCALIDADE&lt;/th&gt;
&lt;td&gt;-48.7232&lt;/td&gt;
&lt;/tr&gt;&lt;/table&gt;&lt;/center&gt;</description>
<Style>
<IconStyle>
<color>ff00ff54</color>
<scale>0.8</scale>
<Icon>
<href>http://maps.google.com/mapfiles/kml/shapes/placemark_circle.png</href>
</Icon>
</IconStyle>
<LabelStyle>
<scale>0.8</scale>
</LabelStyle>
<LineStyle>
<color>72ff54ff</color>
<width>1.0</width>
<gx:labelVisibility>1</gx:labelVisibility>
</LineStyle>
<PolyStyle>
<color>66ff54ff</color>
</PolyStyle>
</Style>
<ExtendedData>
<SchemaData schemaUrl="#kml_schema_ft_Povoados">
<SimpleData name="CD_UF">42</SimpleData>
<SimpleData name="NM_UF">Santa Catarina</SimpleData>
<SimpleData name="SIGLA_UF">SC</SimpleData>
<SimpleData name="CD_MUN">4212304</SimpleData>
<SimpleData name="NM_MUN">Paulo Lopes</SimpleData>
<SimpleData name="CD_RGINT">4201</SimpleData>
<SimpleData name="NM_RGINT">Florianópolis</SimpleData>
<SimpleData name="CD_RGI">420001</SimpleData>
<SimpleData name="NM_RGI">Florianópolis</SimpleData>
<SimpleData name="CT_LOCALIDADE">Povoado</SimpleData>
<SimpleData name="CD_LOCALIDADE">421230400003</SimpleData>
<SimpleData name="NM_LOCALIDADE">Bom Retiro</SimpleData>
<SimpleData name="LAT_LOCALIDADE">-27.9569</SimpleData>
<SimpleData name="LONG_LOCALIDADE">-48.7232</SimpleData>
</SchemaData>
</ExtendedData>
<Point>
<extrude>0</extrude>
<coordinates>-48.7232218272727,-27.9568826810355,0.0</coordinates>
</Point>
</Placemark>
</Folder>
<Folder id="08. Lugarejos">
<name>08. Lugarejos</name>
<Placemark id="localidades">
<name>Santa Rita [421230400004]</name>
<visibility>1</visibility>
<snippet> </snippet>
<description>&lt;center&gt;&lt;table&gt;&lt;tr&gt;&lt;th colspan='2' align='center'&gt;&lt;em&gt;Attributes&lt;/em&gt;&lt;/th&gt;&lt;/tr&gt;&lt;tr bgcolor="#E3E3F3"&gt;
&lt;th&gt;CD_UF&lt;/th&gt;
&lt;td&gt;42&lt;/td&gt;
&lt;/tr&gt;&lt;tr bgcolor=""&gt;
&lt;th&gt;NM_UF&lt;/th&gt;
&lt;td&gt;Santa Catarina&lt;/td&gt;
&lt;/tr&gt;&lt;tr bgcolor="#E3E3F3"&gt;
&lt;th&gt;SIGLA_UF&lt;/th&gt;
&lt;td&gt;SC&lt;/td&gt;
&lt;/tr&gt;&lt;tr bgcolor=""&gt;
&lt;th&gt;CD_MUN&lt;/th&gt;
&lt;td&gt;4212304&lt;/td&gt;
&lt;/tr&gt;&lt;tr bgcolor="#E3E3F3"&gt;
&lt;th&gt;NM_MUN&lt;/th&gt;
&lt;td&gt;Paulo Lopes&lt;/td&gt;
&lt;/tr&gt;&lt;tr bgcolor=""&gt;
&lt;th&gt;CD_RGINT&lt;/th&gt;
&lt;td&gt;4201&lt;/td&gt;
&lt;/tr&gt;&lt;tr bgcolor="#E3E3F3"&gt;
&lt;th&gt;NM_RGINT&lt;/th&gt;
&lt;td&gt;Florianópolis&lt;/td&gt;
&lt;/tr&gt;&lt;tr bgcolor=""&gt;
&lt;th&gt;CD_RGI&lt;/th&gt;
&lt;td&gt;420001&lt;/td&gt;
&lt;/tr&gt;&lt;tr bgcolor="#E3E3F3"&gt;
&lt;th&gt;NM_RGI&lt;/th&gt;
&lt;td&gt;Florianópolis&lt;/td&gt;
&lt;/tr&gt;&lt;tr bgcolor=""&gt;
&lt;th&gt;CT_LOCALIDADE&lt;/th&gt;
&lt;td&gt;Lugarejo&lt;/td&gt;
&lt;/tr&gt;&lt;tr bgcolor="#E3E3F3"&gt;
&lt;th&gt;CD_LOCALIDADE&lt;/th&gt;
&lt;td&gt;421230400004&lt;/td&gt;
&lt;/tr&gt;&lt;tr bgcolor=""&gt;
&lt;th&gt;NM_LOCALIDADE&lt;/th&gt;
&lt;td&gt;Santa Rita&lt;/td&gt;
&lt;/tr&gt;&lt;tr bgcolor="#E3E3F3"&gt;
&lt;th&gt;LAT_LOCALIDADE&lt;/th&gt;
&lt;td&gt;-27.9532&lt;/td&gt;
&lt;/tr&gt;&lt;tr bgcolor=""&gt;
&lt;th&gt;LONG_LOCALIDADE&lt;/th&gt;
&lt;td&gt;-48.6874&lt;/td&gt;
&lt;/tr&gt;&lt;/table&gt;&lt;/center&gt;</description>
<Style>
<IconStyle>
<color>ffffff00</color>
<scale>0.8</scale>
<Icon>
<href>http://maps.google.com/mapfiles/kml/shapes/placemark_circle.png</href>
</Icon>
</IconStyle>
<LabelStyle>
<scale>0.8</scale>
</LabelStyle>
<LineStyle>
<color>72ff54ff</color>
<width>1.0</width>
<gx:labelVisibility>1</gx:labelVisibility>
</LineStyle>
<PolyStyle>
<color>66ff54ff</color>
</PolyStyle>
</Style>
<ExtendedData>
<SchemaData schemaUrl="#kml_schema_ft_Lugarejos">
<SimpleData name="CD_UF">42</SimpleData>
<SimpleData name="NM_UF">Santa Catarina</SimpleData>
<SimpleData name="SIGLA_UF">SC</SimpleData>
<SimpleData name="CD_MUN">4212304</SimpleData>
<SimpleData name="NM_MUN">Paulo Lopes</SimpleData>
<SimpleData name="CD_RGINT">4201</SimpleData>
<SimpleData name="NM_RGINT">Florianópolis</SimpleData>
<SimpleData name="CD_RGI">420001</SimpleData>
<SimpleData name="NM_RGI">Florianópolis</SimpleData>
<SimpleData name="CT_LOCALIDADE">Lugarejo</SimpleData>
<SimpleData name="CD_LOCALIDADE">421230400004</SimpleData>
<SimpleData name="NM_LOCALIDADE">Santa Rita</SimpleData>
<SimpleData name="LAT_LOCALIDADE">-27.9532</SimpleData>
<SimpleData name="LONG_LOCALIDADE">-48.6874</SimpleData>
</SchemaData>
</ExtendedData>
<Point>
<extrude>0</extrude>
<coordinates>-48.6873980757575,-27.9531967416417,0.0</coordinates>
</Point>
</Placemark>
</Folder>
<Folder id="10. Localidades Quilombolas">
<name>10. Localidades Quilombolas</name>
<visibility>1</visibility>
<Style>
<IconStyle>
<color>ffff54ff</color>
<scale>0.8</scale>
<Icon>
<href>http://maps.google.com/mapfiles/kml/shapes/placemark_circle.png</href>
</Icon>
</IconStyle>
<LabelStyle>
<scale>0.8</scale>
</LabelStyle>
<LineStyle>
<color>7200ffff</color>
<width>1.0</width>
<gx:labelVisibility>1</gx:labelVisibility>
</LineStyle>
<PolyStyle>
<color>6600ffff</color>
</PolyStyle>
</Style>
<Folder id="10.01. Agrupamentos Quilombolas">
<name>10.01. Agrupamentos Quilombolas</name>
<visibility>1</visibility>
<Style>
<IconStyle>
<color>ffff54ff</color>
<scale>0.8</scale>
<Icon>
<href>http://maps.google.com/mapfiles/kml/shapes/placemark_circle.png</href>
</Icon>
</IconStyle>
<LabelStyle>
<scale>0.8</scale>
</LabelStyle>
<LineStyle>
<color>7200ffff</color>
<width>1.0</width>
<gx:labelVisibility>1</gx:labelVisibility>
</LineStyle>
<PolyStyle>
<color>6600ffff</color>
</PolyStyle>
</Style>
<Placemark id="10.01. Agrupamentos Quilombolas">
<name>Comunidade Quilombola Santa Cruz [421230400001]</name>
<visibility>1</visibility>
<snippet> </snippet>
<description>&lt;center&gt;&lt;table&gt;&lt;tr&gt;&lt;th colspan='2' align='center'&gt;&lt;em&gt;Attributes&lt;/em&gt;&lt;/th&gt;&lt;/tr&gt;&lt;tr bgcolor="#E3E3F3"&gt;
&lt;th&gt;CD_UF&lt;/th&gt;
&lt;td&gt;42&lt;/td&gt;
&lt;/tr&gt;&lt;tr bgcolor=""&gt;
&lt;th&gt;NM_UF&lt;/th&gt;
&lt;td&gt;Santa Catarina&lt;/td&gt;
&lt;/tr&gt;&lt;tr bgcolor="#E3E3F3"&gt;
&lt;th&gt;SIGLA_UF&lt;/th&gt;
&lt;td&gt;SC&lt;/td&gt;
&lt;/tr&gt;&lt;tr bgcolor=""&gt;
&lt;th&gt;CD_MUN&lt;/th&gt;
&lt;td&gt;4212304&lt;/td&gt;
&lt;/tr&gt;&lt;tr bgcolor="#E3E3F3"&gt;
&lt;th&gt;NM_MUN&lt;/th&gt;
&lt;td&gt;Paulo Lopes&lt;/td&gt;
&lt;/tr&gt;&lt;tr bgcolor=""&gt;
&lt;th&gt;CD_RGINT&lt;/th&gt;
&lt;td&gt;4201&lt;/td&gt;
&lt;/tr&gt;&lt;tr bgcolor="#E3E3F3"&gt;
&lt;th&gt;NM_RGINT&lt;/th&gt;
&lt;td&gt;Florianópolis&lt;/td&gt;
&lt;/tr&gt;&lt;tr bgcolor=""&gt;
&lt;th&gt;CD_RGI&lt;/th&gt;
&lt;td&gt;420001&lt;/td&gt;
&lt;/tr&gt;&lt;tr bgcolor="#E3E3F3"&gt;
&lt;th&gt;NM_RGI&lt;/th&gt;
&lt;td&gt;Florianópolis&lt;/td&gt;
&lt;/tr&gt;&lt;tr bgcolor=""&gt;
&lt;th&gt;CT_LOCALIDADE&lt;/th&gt;
&lt;td&gt;Localidade Quilombola&lt;/td&gt;
&lt;/tr&gt;&lt;tr bgcolor="#E3E3F3"&gt;
&lt;th&gt;SCT_LOCALIDADE&lt;/th&gt;
&lt;td&gt;Agrupamento Quilombola&lt;/td&gt;
&lt;/tr&gt;&lt;tr bgcolor=""&gt;
&lt;th&gt;CD_LOCALIDADE&lt;/th&gt;
&lt;td&gt;421230400001&lt;/td&gt;
&lt;/tr&gt;&lt;tr bgcolor="#E3E3F3"&gt;
&lt;th&gt;NM_LOCALIDADE&lt;/th&gt;
&lt;td&gt;Comunidade Quilombola Santa Cruz&lt;/td&gt;
&lt;/tr&gt;&lt;tr bgcolor=""&gt;
&lt;th&gt;LAT_LOCALIDADE&lt;/th&gt;
&lt;td&gt;-27.9732&lt;/td&gt;
&lt;/tr&gt;&lt;tr bgcolor="#E3E3F3"&gt;
&lt;th&gt;LONG_LOCALIDADE&lt;/th&gt;
&lt;td&gt;-48.6881&lt;/td&gt;
&lt;/tr&gt;&lt;/table&gt;&lt;/center&gt;</description>
<Style>
<IconStyle>
<color>ffff54ff</color>
<scale>0.8</scale>
<Icon>
<href>http://maps.google.com/mapfiles/kml/shapes/placemark_circle.png</href>
</Icon>
</IconStyle>
<LabelStyle>
<scale>0.8</scale>
</LabelStyle>
<LineStyle>
<color>7200ffff</color>
<width>1.0</width>
<gx:labelVisibility>1</gx:labelVisibility>
</LineStyle>
<PolyStyle>
<color>6600ffff</color>
</PolyStyle>
</Style>
<ExtendedData>
<SchemaData schemaUrl="#kml_schema_ft_Agrupamentos_Quilombolas">
<SimpleData name="CD_UF">42</SimpleData>
<SimpleData name="NM_UF">Santa Catarina</SimpleData>
<SimpleData name="SIGLA_UF">SC</SimpleData>
<SimpleData name="CD_MUN">4212304</SimpleData>
<SimpleData name="NM_MUN">Paulo Lopes</SimpleData>
<SimpleData name="CD_RGINT">4201</SimpleData>
<SimpleData name="NM_RGINT">Florianópolis</SimpleData>
<SimpleData name="CD_RGI">420001</SimpleData>
<SimpleData name="NM_RGI">Florianópolis</SimpleData>
<SimpleData name="CT_LOCALIDADE">Localidade Quilombola</SimpleData>
<SimpleData name="SCT_LOCALIDADE">Agrupamento Quilombola</SimpleData>
<SimpleData name="CD_LOCALIDADE">421230400001</SimpleData>
<SimpleData name="NM_LOCALIDADE">Comunidade Quilombola Santa Cruz</SimpleData>
<SimpleData name="LAT_LOCALIDADE">-27.9732</SimpleData>
<SimpleData name="LONG_LOCALIDADE">-48.6881</SimpleData>
</SchemaData>
</ExtendedData>
<Point>
<extrude>0</extrude>
<coordinates>-48.6880503076923,-27.9732155633196,0.0</coordinates>
</Point>
</Placemark>
</Folder>
</Folder>
<Folder id="13. Referência">
<name>13. Referência</name>
<Placemark id="13. Referência">
<name>Paulo Lopes [4212304]</name>
<visibility>1</visibility>
<snippet> </snippet>
<description>&lt;center&gt;&lt;table&gt;&lt;tr&gt;&lt;th colspan='2' align='center'&gt;&lt;em&gt;Attributes&lt;/em&gt;&lt;/th&gt;&lt;/tr&gt;&lt;tr bgcolor="#E3E3F3"&gt;
&lt;th&gt;CD_UF&lt;/th&gt;
&lt;td&gt;42&lt;/td&gt;
&lt;/tr&gt;&lt;tr bgcolor=""&gt;
&lt;th&gt;NM_UF&lt;/th&gt;
&lt;td&gt;Santa Catarina&lt;/td&gt;
&lt;/tr&gt;&lt;tr bgcolor="#E3E3F3"&gt;
&lt;th&gt;CD_MUN&lt;/th&gt;
&lt;td&gt;4212304&lt;/td&gt;
&lt;/tr&gt;&lt;tr bgcolor=""&gt;
&lt;th&gt;NM_MUN&lt;/th&gt;
&lt;td&gt;Paulo Lopes&lt;/td&gt;
&lt;/tr&gt;&lt;tr bgcolor="#E3E3F3"&gt;
&lt;th&gt;CD_RGINT&lt;/th&gt;
&lt;td&gt;4201&lt;/td&gt;
&lt;/tr&gt;&lt;tr bgcolor=""&gt;
&lt;th&gt;NM_RGINT&lt;/th&gt;
&lt;td&gt;Florianópolis&lt;/td&gt;
&lt;/tr&gt;&lt;tr bgcolor="#E3E3F3"&gt;
&lt;th&gt;CD_RGI&lt;/th&gt;
&lt;td&gt;420001&lt;/td&gt;
&lt;/tr&gt;&lt;tr bgcolor=""&gt;
&lt;th&gt;NM_RGI&lt;/th&gt;
&lt;td&gt;Florianópolis&lt;/td&gt;
&lt;/tr&gt;&lt;/table&gt;&lt;/center&gt;</description>
<Style>
<IconStyle>
<scale>0.7</scale>
</IconStyle>
<LabelStyle>
<scale>0.7</scale>
</LabelStyle>
<LineStyle>
<color>ffffffff</color>
<width>3</width>
<gx:labelVisibility>1</gx:labelVisibility>
</LineStyle>
<PolyStyle>
<color>00ffffff</color>
</PolyStyle>
</Style>
<ExtendedData>
<SchemaData schemaUrl="#kml_schema_ft_Município">
<SimpleData name="CD_UF">42</SimpleData>
<SimpleData name="NM_UF">Santa Catarina</SimpleData>
<SimpleData name="CD_MUN">4212304</SimpleData>
<SimpleData name="NM_MUN">Paulo Lopes</SimpleData>
<SimpleData name="CD_RGINT">4201</SimpleData>
<SimpleData name="NM_RGINT">Florianópolis</SimpleData>
<SimpleData name="CD_RGI">420001</SimpleData>
<SimpleData name="NM_RGI">Florianópolis</SimpleData>
</SchemaData>
</ExtendedData>
<MultiGeometry>
<Polygon>
<extrude>0</extrude>
<tessellate>1</tessellate>
<outerBoundaryIs>
<LinearRing>
<coordinates>-48.5409192,-27.9367726992178,0.0 -48.5407894,-27.9371835992178,0.0 -48.5404506,-27.9370065992178,0.0 -48.5404149,-27.9369903992178,0.0 -48.5400592,-27.9367023992178,0.0 -48.5399877,-27.9366859992178,0.0 -48.5396473,-27.9366514992178,0.0 -48.5397339,-27.9369531992178,0.0 -48.5397335,-27.9369848992178,0.0 -48.5400156,-27.9374465992178,0.0 -48.5403681,-27.9380355992178,0.0 -48.5404646,-27.9390976992177,0.0 -48.5404725,-27.9400640992177,0.0 -48.5406463,-27.9405882992177,0.0 -48.5406462,-27.9406040992177,0.0 -48.5406812,-27.9406835992177,0.0 -48.5408547,-27.9412394992177,0.0 -48.5408725,-27.9412554992177,0.0 -48.5411552,-27.9416538992177,0.0 -48.5411906,-27.9417016992177,0.0 -48.541226,-27.9417494992177,0.0 -48.5417086,-27.9418958992177,0.0 -48.5422483,-27.9417260992177,0.0 -48.5425916,-27.9414753992177,0.0 -48.542628,-27.9414281992177,0.0 -48.5428124,-27.9409385992177,0.0 -48.5428683,-27.9407330992177,0.0 -48.5428871,-27.9406539992177,0.0 -48.5429782,-27.9405121992177,0.0 -48.5433557,-27.9404201992177,0.0 -48.5435956,-27.9397726992177,0.0 -48.5436558,-27.9391552992177,0.0 -48.5438085,-27.9382694992177,0.0 -48.5438872,-27.9375888992178,0.0 -48.5440361,-27.9370673992178,0.0 -48.5443124,-27.9363567992178,0.0 -48.544728,-27.9360154992178,0.0 -48.5452654,-27.9354097992178,0.0 -48.5456435,-27.9348027992178,0.0 -48.5457044,-27.9340525992178,0.0 -48.5455023,-27.9330654992178,0.0 -48.5448761,-27.9319811992179,0.0 -48.5439472,-27.9318231992179,0.0 -48.5429598,-27.9319418992179,0.0 -48.5424369,-27.9322227992179,0.0 -48.5418545,-27.9330576992178,0.0 -48.5418543,-27.9330734992178,0.0 -48.5418533,-27.9331684992178,0.0 -48.5418786,-27.9341825992178,0.0 -48.541742,-27.9352427992178,0.0 -48.5416878,-27.9352898992178,0.0 -48.5416331,-27.9353686992178,0.0 -48.5415422,-27.9354946992178,0.0 -48.5415236,-27.9355578992178,0.0 -48.5412152,-27.9359038992178,0.0 -48.541179,-27.9359352992178,0.0 -48.5409192,-27.9367726992178,0.0</coordinates>
</LinearRing>
</outerBoundaryIs>
</Polygon>
<Polygon>
<extrude>0</extrude>
<tessellate>1</tessellate>
<outerBoundaryIs>
<LinearRing>
<coordinates>-48.6513337,-27.9020750992184,0.0 -48.6513161,-27.9020890992184,0.0 -48.6512977,-27.9021026992184,0.0 -48.6512785,-27.9021159992184,0.0 -48.6512585,-27.9021287992184,0.0 -48.6512376,-27.9021411992184,0.0 -48.6512159,-27.9021530992184,0.0 -48.6511932,-27.9021644992184,0.0 -48.6511694,-27.9021753992184,0.0 -48.6511446,-27.9021856992184,0.0 -48.6511185,-27.9021953992184,0.0 -48.6510912,-27.9022045992184,0.0 -48.6510625,-27.9022129992184,0.0 -48.6510325,-27.9022207992184,0.0 -48.6510009,-27.9022278992184,0.0 -48.6509677,-27.9022341992184,0.0 -48.6509329,-27.9022398992184,0.0 -48.6508963,-27.9022449992184,0.0 -48.6508578,-27.9022494992184,0.0 -48.650775,-27.9022566992184,0.0 -48.6506836,-27.9022619992184,0.0 -48.6505829,-27.9022654992184,0.0 -48.6504128,-27.9022685992184,0.0 -48.6501481,-27.9022712992184,0.0 -48.6499348,-27.9022723992184,0.0 -48.6497348,-27.9022717992184,0.0 -48.6496192,-27.9022698992184,0.0 -48.6494746,-27.9022655992184,0.0 -48.6493617,-27.9022607992184,0.0 -48.6491789,-27.9022519992184,0.0 -48.6490857,-27.9022484992184,0.0 -48.6490755,-27.9022480992184,0.0 -48.6489891,-27.9022460992184,0.0 -48.648899,-27.9022454992184,0.0 -48.6488383,-27.9022460992184,0.0 -48.6487779,-27.9022475992184,0.0 -48.6486893,-27.9022519992184,0.0 -48.6486036,-27.9022590992184,0.0 -48.6485153,-27.9022695992184,0.0 -48.6484171,-27.9022837992184,0.0 -48.6483103,-27.9023012992184,0.0 -48.6481777,-27.9023252992184,0.0 -48.6481001,-27.9023413992184,0.0 -48.6480344,-27.9023577992184,0.0 -48.6479684,-27.9023773992184,0.0 -48.6479212,-27.9023930992184,0.0 -48.6478971,-27.9024015992184,0.0 -48.6478497,-27.9024199992184,0.0 -48.6478268,-27.9024296992184,0.0 -48.6477838,-27.9024499992184,0.0 -48.647764,-27.9024605992184,0.0 -48.647745,-27.9024716992184,0.0 -48.6477268,-27.9024831992184,0.0 -48.6477092,-27.9024952992184,0.0 -48.6476921,-27.9025079992184,0.0 -48.6476588,-27.9025354992184,0.0 -48.647626,-27.9025660992184,0.0 -48.647594,-27.9025995992184,0.0 -48.6475784,-27.9026172992184,0.0 -48.6475481,-27.9026542992184,0.0 -48.6475194,-27.9026928992184,0.0 -48.6474927,-27.9027332992184,0.0 -48.6474801,-27.9027542992184,0.0 -48.6474682,-27.9027757992184,0.0 -48.6474568,-27.9027978992184,0.0 -48.6474461,-27.9028206992184,0.0 -48.6474361,-27.9028441992184,0.0 -48.6474267,-27.9028683992184,0.0 -48.647418,-27.9028934992184,0.0 -48.64741,-27.9029193992184,0.0 -48.6473957,-27.9029740992184,0.0 -48.6473836,-27.9030328992184,0.0 -48.6473782,-27.9030639992184,0.0 -48.6473687,-27.9031292992184,0.0 -48.6473605,-27.9031964992184,0.0 -48.6473351,-27.9034338992184,0.0 -48.6473213,-27.9035481992184,0.0 -48.6473128,-27.9036121992184,0.0 -48.6473064,-27.9036540992184,0.0 -48.6472989,-27.9036958992184,0.0 -48.6472901,-27.9037381992184,0.0 -48.6472793,-27.9037814992184,0.0 -48.647266,-27.9038266992184,0.0 -48.6472583,-27.9038500992184,0.0 -48.6472402,-27.9038992992184,0.0 -48.6472072,-27.9039789992184,0.0 -48.6471289,-27.9041590992184,0.0 -48.6471025,-27.9042229992184,0.0 -48.6470781,-27.9042858992184,0.0 -48.6470569,-27.9043457992184,0.0 -48.6470478,-27.9043739992184,0.0 -48.6470399,-27.9044008992184,0.0 -48.6470267,-27.9044513992184,0.0 -48.6470123,-27.9045191992184,0.0 -48.6470021,-27.9045785992184,0.0 -48.646995,-27.9046324992184,0.0 -48.6469911,-27.9046845992184,0.0 -48.6469902,-27.9047199992184,0.0 -48.6469904,-27.9047379992184,0.0 -48.6469924,-27.9047751992184,0.0 -48.646997,-27.9048137992184,0.0 -48.6470046,-27.9048540992184,0.0 -48.6470096,-27.9048748992184,0.0 -48.6470214,-27.9049165992184,0.0 -48.647028,-27.9049371992184,0.0 -48.6470422,-27.9049772992184,0.0 -48.647057,-27.9050145992184,0.0 -48.6470724,-27.9050485992184,0.0 -48.6470885,-27.9050795992184,0.0 -48.647097,-27.9050940992184,0.0 -48.6471149,-27.9051209992184,0.0 -48.6471245,-27.9051335992184,0.0 -48.647145,-27.9051572992183,0.0 -48.647156,-27.9051684992184,0.0 -48.6471799,-27.9051900992183,0.0 -48.6471929,-27.9052005992184,0.0 -48.6472211,-27.9052213992184,0.0 -48.6472363,-27.9052316992184,0.0 -48.6472687,-27.9052520992183,0.0 -48.6473213,-27.9052818992184,0.0 -48.6473778,-27.9053106992184,0.0 -48.6474184,-27.9053294992184,0.0 -48.6474402,-27.9053387992183,0.0 -48.6474872,-27.9053575992184,0.0 -48.64754,-27.9053767992184,0.0 -48.6475973,-27.9053960992183,0.0 -48.6477605,-27.9054489992183,0.0 -48.6478242,-27.9054714992184,0.0 -48.6478653,-27.9054877992183,0.0 -48.6479098,-27.9055070992183,0.0 -48.6479603,-27.9055303992183,0.0 -48.648015,-27.9055572992184,0.0 -48.6480706,-27.9055866992183,0.0 -48.648124,-27.9056173992183,0.0 -48.6481489,-27.9056329992183,0.0 -48.6481951,-27.9056641992183,0.0 -48.6482366,-27.9056955992183,0.0 -48.648274,-27.9057269992183,0.0 -48.6483078,-27.9057580992183,0.0 -48.6483234,-27.9057736992183,0.0 -48.6483524,-27.9058054992183,0.0 -48.6483658,-27.9058218992183,0.0 -48.6483785,-27.9058386992183,0.0 -48.6483905,-27.9058560992183,0.0 -48.6484018,-27.9058741992183,0.0 -48.6484125,-27.9058929992183,0.0 -48.6484225,-27.9059124992183,0.0 -48.6484319,-27.9059323992183,0.0 -48.6484484,-27.9059729992183,0.0 -48.648462,-27.9060136992183,0.0 -48.6484675,-27.9060335992183,0.0 -48.6484763,-27.9060721992183,0.0 -48.6484796,-27.9060907992183,0.0 -48.6484843,-27.9061265992183,0.0 -48.6484877,-27.9061768992183,0.0 -48.6484877,-27.9062232992183,0.0 -48.6484858,-27.9062524992183,0.0 -48.6484841,-27.9062666992183,0.0 -48.6484792,-27.9062942992183,0.0 -48.648476,-27.9063078992183,0.0 -48.648468,-27.9063345992183,0.0 -48.6484587,-27.9063604992183,0.0 -48.6484483,-27.9063856992183,0.0 -48.648432,-27.9064218992183,0.0 -48.6484208,-27.9064440992183,0.0 -48.6484091,-27.9064636992183,0.0 -48.648397,-27.9064798992183,0.0 -48.6483907,-27.9064863992183,0.0 -48.648384,-27.9064918992183,0.0 -48.6483767,-27.9064965992183,0.0 -48.6483685,-27.9065005992183,0.0 -48.6483593,-27.9065039992183,0.0 -48.6483486,-27.9065069992183,0.0 -48.6483364,-27.9065095992183,0.0 -48.6483063,-27.9065141992183,0.0 -48.6482484,-27.9065200992183,0.0 -48.6482043,-27.9065226992183,0.0 -48.6481813,-27.9065234992183,0.0 -48.6481348,-27.9065238992183,0.0 -48.6481116,-27.9065234992183,0.0 -48.6480659,-27.9065213992183,0.0 -48.6480214,-27.9065177992183,0.0 -48.6479787,-27.9065129992183,0.0 -48.6479582,-27.9065100992183,0.0 -48.6479183,-27.9065029992183,0.0 -48.647878,-27.9064936992183,0.0 -48.6478357,-27.9064811992183,0.0 -48.6477894,-27.9064648992183,0.0 -48.6477387,-27.9064444992183,0.0 -48.647684,-27.9064199992183,0.0 -48.6476259,-27.9063916992183,0.0 -48.6475957,-27.9063761992183,0.0 -48.6475335,-27.9063423992183,0.0 -48.6475017,-27.9063243992183,0.0 -48.6474371,-27.9062863992183,0.0 -48.647372,-27.9062462992183,0.0 -48.6472748,-27.9061833992183,0.0 -48.6472104,-27.9061396992183,0.0 -48.6471127,-27.9060708992183,0.0 -48.6470127,-27.9059976992183,0.0 -48.6469134,-27.9059222992183,0.0 -48.6468505,-27.9058727992183,0.0 -48.6467925,-27.9058253992183,0.0 -48.6467397,-27.9057801992183,0.0 -48.6466909,-27.9057367992183,0.0 -48.6466451,-27.9056942992183,0.0 -48.6466013,-27.9056522992183,0.0 -48.6464773,-27.9055301992184,0.0 -48.6464383,-27.9054925992183,0.0 -48.6463998,-27.9054566992183,0.0 -48.6463606,-27.9054216992184,0.0 -48.6462982,-27.9053689992184,0.0 -48.6462525,-27.9053325992184,0.0 -48.6462018,-27.9052947992184,0.0 -48.6461447,-27.9052555992183,0.0 -48.6461133,-27.9052353992184,0.0 -48.6460796,-27.9052148992184,0.0 -48.6460437,-27.9051940992184,0.0 -48.6460059,-27.9051730992184,0.0 -48.6459666,-27.9051522992184,0.0 -48.6459262,-27.9051317992184,0.0 -48.6458852,-27.9051118992184,0.0 -48.645844,-27.9050928992184,0.0 -48.6458031,-27.9050749992184,0.0 -48.6457629,-27.9050584992184,0.0 -48.6457238,-27.9050434992184,0.0 -48.6456858,-27.9050299992184,0.0 -48.6456488,-27.9050177992184,0.0 -48.6456128,-27.9050068992184,0.0 -48.6455438,-27.9049880992184,0.0 -48.6455107,-27.9049799992184,0.0 -48.645447,-27.9049657992184,0.0 -48.6453865,-27.9049538992184,0.0 -48.6453286,-27.9049441992184,0.0 -48.6452731,-27.9049369992184,0.0 -48.6452194,-27.9049320992184,0.0 -48.6451669,-27.9049291992184,0.0 -48.6451142,-27.9049277992184,0.0 -48.6449139,-27.9049253992184,0.0 -48.6448095,-27.9049256992184,0.0 -48.6447666,-27.9049270992184,0.0 -48.6447471,-27.9049283992184,0.0 -48.6447097,-27.9049328992184,0.0 -48.6446909,-27.9049362992184,0.0 -48.6446713,-27.9049404992184,0.0 -48.644628,-27.9049520992184,0.0 -48.6445789,-27.9049677992184,0.0 -48.6445253,-27.9049869992184,0.0 -48.6444688,-27.9050090992184,0.0 -48.6444111,-27.9050334992184,0.0 -48.6443531,-27.9050601992184,0.0 -48.6443243,-27.9050744992184,0.0 -48.6442957,-27.9050895992184,0.0 -48.6442674,-27.9051054992184,0.0 -48.6442394,-27.9051222992184,0.0 -48.6442119,-27.9051399992184,0.0 -48.644185,-27.9051586992184,0.0 -48.6441586,-27.9051782992184,0.0 -48.644133,-27.9051988992183,0.0 -48.6441081,-27.9052202992184,0.0 -48.6440841,-27.9052424992183,0.0 -48.644061,-27.9052654992184,0.0 -48.6440389,-27.9052891992184,0.0 -48.6440179,-27.9053134992184,0.0 -48.643998,-27.9053384992184,0.0 -48.6439793,-27.9053639992183,0.0 -48.6439617,-27.9053898992184,0.0 -48.6439452,-27.9054160992184,0.0 -48.6439299,-27.9054425992184,0.0 -48.6439157,-27.9054692992183,0.0 -48.6439025,-27.9054959992183,0.0 -48.6438904,-27.9055225992183,0.0 -48.6438794,-27.9055491992184,0.0 -48.6438693,-27.9055757992183,0.0 -48.64386,-27.9056026992183,0.0 -48.6438432,-27.9056576992183,0.0 -48.643828,-27.9057157992183,0.0 -48.643806,-27.9058112992183,0.0 -48.6437928,-27.9058799992183,0.0 -48.6437873,-27.9059152992183,0.0 -48.6437827,-27.9059510992183,0.0 -48.6437792,-27.9059871992183,0.0 -48.643777,-27.9060233992183,0.0 -48.6437763,-27.9060594992183,0.0 -48.6437769,-27.9060954992183,0.0 -48.6437788,-27.9061309992183,0.0 -48.6437817,-27.9061660992183,0.0 -48.6437854,-27.9062003992183,0.0 -48.6437899,-27.9062338992183,0.0 -48.6438004,-27.9062978992183,0.0 -48.6438123,-27.9063572992183,0.0 -48.643826,-27.9064143992183,0.0 -48.6438426,-27.9064723992183,0.0 -48.6438627,-27.9065341992183,0.0 -48.6438873,-27.9066019992183,0.0 -48.6439161,-27.9066745992183,0.0 -48.6439321,-27.9067120992183,0.0 -48.643967,-27.9067881992183,0.0 -48.6439859,-27.9068262992183,0.0 -48.6440057,-27.9068640992183,0.0 -48.6440265,-27.9069020992183,0.0 -48.6440486,-27.9069403992183,0.0 -48.6440967,-27.9070195992183,0.0 -48.6441513,-27.9071044992183,0.0 -48.6442132,-27.9071978992183,0.0 -48.6442823,-27.9072989992183,0.0 -48.6443567,-27.9074036992183,0.0 -48.6443953,-27.9074561992183,0.0 -48.6444346,-27.9075078992183,0.0 -48.6444744,-27.9075584992183,0.0 -48.6445144,-27.9076074992183,0.0 -48.6445547,-27.9076550992183,0.0 -48.6445954,-27.9077012992183,0.0 -48.6446366,-27.9077465992183,0.0 -48.6446784,-27.9077910992183,0.0 -48.6447208,-27.9078349992183,0.0 -48.644764,-27.9078785992183,0.0 -48.644853,-27.9079655992183,0.0 -48.6448984,-27.9080090992183,0.0 -48.6449896,-27.9080942992183,0.0 -48.6450786,-27.9081754992183,0.0 -48.6451625,-27.9082502992183,0.0 -48.6452395,-27.9083172992183,0.0 -48.645312,-27.9083782992183,0.0 -48.645384,-27.9084359992183,0.0 -48.6454209,-27.9084644992183,0.0 -48.645499,-27.9085221992183,0.0 -48.6455833,-27.9085815992183,0.0 -48.6456733,-27.9086416992183,0.0 -48.6457679,-27.9087017992183,0.0 -48.6458167,-27.9087314992183,0.0 -48.645917,-27.9087900992183,0.0 -48.6461849,-27.9089412992183,0.0 -48.6462998,-27.9090077992183,0.0 -48.6464171,-27.9090782992183,0.0 -48.6464754,-27.9091143992183,0.0 -48.6465327,-27.9091506992183,0.0 -48.6465885,-27.9091869992183,0.0 -48.6466422,-27.9092229992183,0.0 -48.6466933,-27.9092583992183,0.0 -48.6467414,-27.9092929992183,0.0 -48.6467867,-27.9093269992183,0.0 -48.6468298,-27.9093607992183,0.0 -48.646871,-27.9093944992183,0.0 -48.6469109,-27.9094283992183,0.0 -48.6469499,-27.9094627992183,0.0 -48.6469884,-27.9094980992183,0.0 -48.6470656,-27.9095717992183,0.0 -48.6471435,-27.9096498992183,0.0 -48.6471822,-27.9096900992183,0.0 -48.6472579,-27.9097714992183,0.0 -48.6472945,-27.9098122992183,0.0 -48.6473299,-27.9098527992183,0.0 -48.6473968,-27.9099328992183,0.0 -48.64746,-27.9100122992183,0.0 -48.6475211,-27.9100920992183,0.0 -48.6476127,-27.9102149992183,0.0 -48.6476743,-27.9102990992183,0.0 -48.6477342,-27.9103832992183,0.0 -48.6477627,-27.9104248992183,0.0 -48.64779,-27.9104658992183,0.0 -48.6478158,-27.9105059992183,0.0 -48.6478397,-27.9105451992183,0.0 -48.6478619,-27.9105833992183,0.0 -48.6478823,-27.9106208992183,0.0 -48.647901,-27.9106575992183,0.0 -48.6479179,-27.9106938992182,0.0 -48.6479332,-27.9107297992183,0.0 -48.6479467,-27.9107653992182,0.0 -48.6479586,-27.9108007992183,0.0 -48.647969,-27.9108362992183,0.0 -48.6479778,-27.9108716992183,0.0 -48.6479853,-27.9109069992183,0.0 -48.6479915,-27.9109423992182,0.0 -48.6479968,-27.9109775992182,0.0 -48.6480046,-27.9110476992182,0.0 -48.6480098,-27.9111172992182,0.0 -48.6480128,-27.9111856992182,0.0 -48.6480131,-27.9112520992182,0.0 -48.6480122,-27.9112841992182,0.0 -48.6480104,-27.9113154992182,0.0 -48.6480077,-27.9113456992182,0.0 -48.6480042,-27.9113748992182,0.0 -48.6479998,-27.9114030992182,0.0 -48.6479946,-27.9114301992182,0.0 -48.6479889,-27.9114562992182,0.0 -48.6479757,-27.9115057992182,0.0 -48.6479609,-27.9115519992182,0.0 -48.6479451,-27.9115950992182,0.0 -48.647928,-27.9116352992182,0.0 -48.647909,-27.9116727992182,0.0 -48.6478987,-27.9116904992182,0.0 -48.6478877,-27.9117074992182,0.0 -48.6478761,-27.9117237992182,0.0 -48.6478637,-27.9117394992182,0.0 -48.6478505,-27.9117545992182,0.0 -48.6478367,-27.9117689992182,0.0 -48.6478221,-27.9117827992182,0.0 -48.6478067,-27.9117959992182,0.0 -48.6477906,-27.9118084992182,0.0 -48.6477737,-27.9118203992182,0.0 -48.6477561,-27.9118316992182,0.0 -48.6477379,-27.9118423992182,0.0 -48.6477,-27.9118618992182,0.0 -48.6476611,-27.9118787992182,0.0 -48.6476224,-27.9118929992182,0.0 -48.6475846,-27.9119044992182,0.0 -48.6475661,-27.9119092992182,0.0 -48.6475294,-27.9119169992182,0.0 -48.6474931,-27.9119224992182,0.0 -48.647475,-27.9119243992182,0.0 -48.6474385,-27.9119267992182,0.0 -48.64742,-27.9119272992182,0.0 -48.6473822,-27.9119268992182,0.0 -48.6473223,-27.9119233992182,0.0 -48.6472573,-27.9119163992182,0.0 -48.647187,-27.9119057992182,0.0 -48.6471373,-27.9118963992182,0.0 -48.6471116,-27.9118908992182,0.0 -48.6470586,-27.9118783992182,0.0 -48.6470034,-27.9118635992182,0.0 -48.6469749,-27.9118551992182,0.0 -48.6469161,-27.9118364992182,0.0 -48.6468549,-27.9118149992182,0.0 -48.6467913,-27.9117906992182,0.0 -48.6467254,-27.9117637992182,0.0 -48.6466219,-27.9117182992182,0.0 -48.6465507,-27.9116849992182,0.0 -48.6464791,-27.9116500992182,0.0 -48.6464086,-27.9116140992182,0.0 -48.6463742,-27.9115957992182,0.0 -48.6462758,-27.9115413992182,0.0 -48.6461314,-27.9114581992182,0.0 -48.6460073,-27.9113875992182,0.0 -48.6459252,-27.9113387992182,0.0 -48.6458612,-27.9112988992182,0.0 -48.6455696,-27.9111119992182,0.0 -48.6454542,-27.9110390992182,0.0 -48.6453206,-27.9109563992182,0.0 -48.645161,-27.9108596992182,0.0 -48.6450475,-27.9107927992183,0.0 -48.6449355,-27.9107290992183,0.0 -48.6448821,-27.9106998992183,0.0 -48.6448312,-27.9106729992182,0.0 -48.6447827,-27.9106481992183,0.0 -48.644736,-27.9106252992183,0.0 -48.6446466,-27.9105835992183,0.0 -48.644603,-27.9105642992183,0.0 -48.644516,-27.9105267992183,0.0 -48.6439852,-27.9103045992183,0.0 -48.6438999,-27.9102701992183,0.0 -48.643857,-27.9102535992183,0.0 -48.6438136,-27.9102374992183,0.0 -48.6437256,-27.9102065992183,0.0 -48.6436365,-27.9101771992183,0.0 -48.6434604,-27.9101210992183,0.0 -48.6433756,-27.9100934992183,0.0 -48.643255,-27.9100530992183,0.0 -48.6431097,-27.9100030992183,0.0 -48.6430436,-27.9099794992183,0.0 -48.6429797,-27.9099545992183,0.0 -48.6429479,-27.9099409992183,0.0 -48.6429158,-27.9099262992183,0.0 -48.6428831,-27.9099103992183,0.0 -48.6428496,-27.9098928992183,0.0 -48.6428156,-27.9098741992183,0.0 -48.6427466,-27.9098339992183,0.0 -48.6425468,-27.9097111992183,0.0 -48.6424858,-27.9096743992183,0.0 -48.6424268,-27.9096396992183,0.0 -48.642369,-27.9096068992183,0.0 -48.6422292,-27.9095303992183,0.0 -48.6421776,-27.9095003992183,0.0 -48.6421533,-27.9094851992183,0.0 -48.64213,-27.9094696992183,0.0 -48.6421076,-27.9094539992183,0.0 -48.6420859,-27.9094377992183,0.0 -48.6420441,-27.9094037992183,0.0 -48.6420235,-27.9093857992183,0.0 -48.641982,-27.9093471992183,0.0 -48.6419393,-27.9093048992183,0.0 -48.6419178,-27.9092825992183,0.0 -48.6418751,-27.9092360992183,0.0 -48.6418341,-27.9091878992183,0.0 -48.6418147,-27.9091634992183,0.0 -48.6417962,-27.9091388992183,0.0 -48.6417787,-27.9091139992183,0.0 -48.6417621,-27.9090883992183,0.0 -48.6417464,-27.9090617992183,0.0 -48.6417317,-27.9090338992183,0.0 -48.641718,-27.9090042992183,0.0 -48.6417052,-27.9089726992183,0.0 -48.6416933,-27.9089388992183,0.0 -48.6416825,-27.9089026992183,0.0 -48.6416726,-27.9088644992183,0.0 -48.6416637,-27.9088249992183,0.0 -48.6416558,-27.9087847992183,0.0 -48.641649,-27.9087445992183,0.0 -48.6416432,-27.9087048992183,0.0 -48.6416385,-27.9086664992183,0.0 -48.6416349,-27.9086299992183,0.0 -48.6416324,-27.9085957992183,0.0 -48.6416303,-27.9085340992183,0.0 -48.6416304,-27.9085060992183,0.0 -48.6416325,-27.9084547992183,0.0 -48.6416362,-27.9084081992183,0.0 -48.6416408,-27.9083645992183,0.0 -48.6416473,-27.9083228992183,0.0 -48.6416516,-27.9083023992183,0.0 -48.6416569,-27.9082817992183,0.0 -48.6416633,-27.9082610992183,0.0 -48.6416709,-27.9082400992183,0.0 -48.6416799,-27.9082185992183,0.0 -48.6416903,-27.9081968992183,0.0 -48.6417019,-27.9081747992183,0.0 -48.6417147,-27.9081526992183,0.0 -48.6417285,-27.9081303992183,0.0 -48.6417434,-27.9081081992183,0.0 -48.6417592,-27.9080861992183,0.0 -48.6417759,-27.9080642992183,0.0 -48.6418114,-27.9080216992183,0.0 -48.6418301,-27.9080009992183,0.0 -48.6418688,-27.9079606992183,0.0 -48.6418886,-27.9079411992183,0.0 -48.6419286,-27.9079035992183,0.0 -48.6419889,-27.9078503992183,0.0 -48.6421109,-27.9077467992183,0.0 -48.642193,-27.9076744992183,0.0 -48.6422908,-27.9075854992183,0.0 -48.6423623,-27.9075170992183,0.0 -48.6423959,-27.9074831992183,0.0 -48.6424281,-27.9074490992183,0.0 -48.6424584,-27.9074149992183,0.0 -48.6424726,-27.9073978992183,0.0 -48.642499,-27.9073638992183,0.0 -48.642511,-27.9073469992183,0.0 -48.6425324,-27.9073130992183,0.0 -48.6425419,-27.9072958992183,0.0 -48.6425507,-27.9072781992183,0.0 -48.6425588,-27.9072597992183,0.0 -48.6425663,-27.9072404992183,0.0 -48.6425733,-27.9072202992183,0.0 -48.6425859,-27.9071759992183,0.0 -48.6425916,-27.9071520992183,0.0 -48.6426016,-27.9071013992183,0.0 -48.6426099,-27.9070484992183,0.0 -48.6426163,-27.9069950992183,0.0 -48.6426209,-27.9069423992183,0.0 -48.6426235,-27.9068899992183,0.0 -48.642624,-27.9068367992183,0.0 -48.6426234,-27.9068095992183,0.0 -48.6426205,-27.9067535992183,0.0 -48.6426152,-27.9066954992183,0.0 -48.6426077,-27.9066363992183,0.0 -48.642603,-27.9066067992183,0.0 -48.642592,-27.9065481992183,0.0 -48.6425787,-27.9064908992183,0.0 -48.6425632,-27.9064336992183,0.0 -48.6425358,-27.9063453992183,0.0 -48.6425036,-27.9062500992183,0.0 -48.6424668,-27.9061490992183,0.0 -48.64244,-27.9060808992183,0.0 -48.6424115,-27.9060136992183,0.0 -48.6423812,-27.9059484992183,0.0 -48.6423653,-27.9059168992183,0.0 -48.6423489,-27.9058860992183,0.0 -48.6423319,-27.9058561992183,0.0 -48.6423143,-27.9058272992183,0.0 -48.6422961,-27.9057994992183,0.0 -48.6422772,-27.9057728992183,0.0 -48.6422576,-27.9057471992183,0.0 -48.6422372,-27.9057222992183,0.0 -48.6422159,-27.9056978992183,0.0 -48.6421937,-27.9056738992183,0.0 -48.6421705,-27.9056499992183,0.0 -48.6421209,-27.9056016992184,0.0 -48.6420669,-27.9055518992183,0.0 -48.6420384,-27.9055265992184,0.0 -48.6419794,-27.9054758992184,0.0 -48.6419492,-27.9054508992184,0.0 -48.6418879,-27.9054021992184,0.0 -48.6418265,-27.9053561992184,0.0 -48.641796,-27.9053342992184,0.0 -48.6417358,-27.9052928992184,0.0 -48.6417063,-27.9052734992183,0.0 -48.641649,-27.9052372992184,0.0 -48.641594,-27.9052046992184,0.0 -48.6415406,-27.9051758992184,0.0 -48.6415141,-27.9051629992184,0.0 -48.6414876,-27.9051509992184,0.0 -48.6414609,-27.9051399992184,0.0 -48.6414338,-27.9051298992184,0.0 -48.6414063,-27.9051208992184,0.0 -48.641378,-27.9051127992184,0.0 -48.6413486,-27.9051056992184,0.0 -48.641318,-27.9050995992184,0.0 -48.6412859,-27.9050944992184,0.0 -48.641252,-27.9050902992184,0.0 -48.6412161,-27.9050869992184,0.0 -48.6411778,-27.9050846992184,0.0 -48.6411371,-27.9050833992184,0.0 -48.6410945,-27.9050830992184,0.0 -48.6410508,-27.9050836992184,0.0 -48.6410065,-27.9050853992184,0.0 -48.6409624,-27.9050881992184,0.0 -48.6409192,-27.9050919992184,0.0 -48.6408775,-27.9050969992184,0.0 -48.640838,-27.9051030992184,0.0 -48.6408013,-27.9051103992184,0.0 -48.6407674,-27.9051187992184,0.0 -48.6407359,-27.9051281992184,0.0 -48.6407067,-27.9051385992184,0.0 -48.6406795,-27.9051498992184,0.0 -48.6406542,-27.9051618992184,0.0 -48.6406305,-27.9051747992184,0.0 -48.6406082,-27.9051881992184,0.0 -48.6405871,-27.9052022992183,0.0 -48.6405672,-27.9052167992184,0.0 -48.6405484,-27.9052317992184,0.0 -48.6405306,-27.9052469992184,0.0 -48.6405139,-27.9052623992184,0.0 -48.6404981,-27.9052779992183,0.0 -48.6404695,-27.9053088992184,0.0 -48.6404444,-27.9053392992184,0.0 -48.6404331,-27.9053543992184,0.0 -48.6404128,-27.9053845992183,0.0 -48.6404038,-27.9053998992184,0.0 -48.6403877,-27.9054312992183,0.0 -48.6403807,-27.9054474992184,0.0 -48.6403684,-27.9054814992184,0.0 -48.6403631,-27.9054994992183,0.0 -48.6403541,-27.9055380992183,0.0 -48.6403503,-27.9055588992183,0.0 -48.6403443,-27.9056040992183,0.0 -48.640342,-27.9056285992183,0.0 -48.6403391,-27.9056811992183,0.0 -48.6403386,-27.9057092992183,0.0 -48.6403397,-27.9057689992183,0.0 -48.6403415,-27.9058004992183,0.0 -48.640344,-27.9058330992183,0.0 -48.6403514,-27.9059026992183,0.0 -48.6403721,-27.9060674992183,0.0 -48.640384,-27.9061670992183,0.0 -48.640396,-27.9062774992183,0.0 -48.6404078,-27.9063939992183,0.0 -48.6404243,-27.9065691992183,0.0 -48.640434,-27.9066801992183,0.0 -48.6404419,-27.9067875992183,0.0 -48.6404477,-27.9068941992183,0.0 -48.6404507,-27.9070026992183,0.0 -48.640451,-27.9070584992183,0.0 -48.6404493,-27.9071727992183,0.0 -48.6404447,-27.9072894992183,0.0 -48.6404414,-27.9073482992183,0.0 -48.6404329,-27.9074654992183,0.0 -48.6404223,-27.9075815992183,0.0 -48.6404035,-27.9077545992183,0.0 -48.6403613,-27.9081063992183,0.0 -48.6403383,-27.9082861992183,0.0 -48.6403212,-27.9084063992183,0.0 -48.6403024,-27.9085257992183,0.0 -48.6402822,-27.9086421992183,0.0 -48.6402718,-27.9086985992183,0.0 -48.6402505,-27.9088060992183,0.0 -48.6402292,-27.9089044992183,0.0 -48.6402076,-27.9089933992183,0.0 -48.6401964,-27.9090347992183,0.0 -48.6401848,-27.9090742992183,0.0 -48.6401726,-27.9091121992183,0.0 -48.6401597,-27.9091485992183,0.0 -48.640146,-27.9091836992183,0.0 -48.6401314,-27.9092177992183,0.0 -48.6401158,-27.9092510992183,0.0 -48.6400993,-27.9092838992183,0.0 -48.6400818,-27.9093164992183,0.0 -48.6400441,-27.9093822992183,0.0 -48.6399801,-27.9094866992183,0.0 -48.639908,-27.9096003992183,0.0 -48.6398297,-27.9097200992183,0.0 -48.639775,-27.9098012992183,0.0 -48.6396886,-27.9099259992183,0.0 -48.6395603,-27.9101075992183,0.0 -48.6394885,-27.9102080992183,0.0 -48.6394121,-27.9103118992183,0.0 -48.6393724,-27.9103635992183,0.0 -48.6393318,-27.9104144992183,0.0 -48.6392906,-27.9104639992183,0.0 -48.6392487,-27.9105113992183,0.0 -48.6392062,-27.9105564992183,0.0 -48.6391631,-27.9105992992183,0.0 -48.639119,-27.9106401992183,0.0 -48.6390737,-27.9106794992183,0.0 -48.639027,-27.9107175992182,0.0 -48.6389788,-27.9107547992183,0.0 -48.6389287,-27.9107913992183,0.0 -48.6388766,-27.9108276992182,0.0 -48.6388223,-27.9108638992182,0.0 -48.6387662,-27.9108998992183,0.0 -48.6387087,-27.9109353992182,0.0 -48.6386502,-27.9109700992182,0.0 -48.6385912,-27.9110036992182,0.0 -48.6385321,-27.9110357992183,0.0 -48.6384733,-27.9110662992182,0.0 -48.6384153,-27.9110947992182,0.0 -48.6383584,-27.9111210992182,0.0 -48.6383026,-27.9111454992183,0.0 -48.6382478,-27.9111679992182,0.0 -48.638194,-27.9111889992182,0.0 -48.6379808,-27.9112657992182,0.0 -48.6377485,-27.9113446992182,0.0 -48.6376663,-27.9113741992182,0.0 -48.6376294,-27.9113880992182,0.0 -48.6375647,-27.9114139992182,0.0 -48.6375366,-27.9114262992182,0.0 -48.6375109,-27.9114381992182,0.0 -48.6374875,-27.9114497992182,0.0 -48.6374661,-27.9114612992182,0.0 -48.6374464,-27.9114727992182,0.0 -48.6374283,-27.9114842992182,0.0 -48.6374114,-27.9114959992182,0.0 -48.6373958,-27.9115077992182,0.0 -48.6373813,-27.9115198992182,0.0 -48.637368,-27.9115321992182,0.0 -48.6373557,-27.9115446992182,0.0 -48.6373445,-27.9115573992182,0.0 -48.6373342,-27.9115703992182,0.0 -48.6373249,-27.9115836992182,0.0 -48.6373164,-27.9115972992182,0.0 -48.6373088,-27.9116111992182,0.0 -48.637302,-27.9116252992182,0.0 -48.6372959,-27.9116397992182,0.0 -48.6372906,-27.9116545992182,0.0 -48.6372861,-27.9116696992182,0.0 -48.637279,-27.9117006992182,0.0 -48.6372764,-27.9117165992182,0.0 -48.6372731,-27.9117490992182,0.0 -48.6372723,-27.9117653992182,0.0 -48.6372727,-27.9117978992182,0.0 -48.6372753,-27.9118296992182,0.0 -48.6372775,-27.9118451992182,0.0 -48.6372807,-27.9118603992182,0.0 -48.6372851,-27.9118755992182,0.0 -48.637291,-27.9118907992182,0.0 -48.6372989,-27.9119062992182,0.0 -48.6373091,-27.9119219992182,0.0 -48.6373219,-27.9119382992182,0.0 -48.6373376,-27.9119550992182,0.0 -48.6373566,-27.9119725992182,0.0 -48.6373784,-27.9119907992182,0.0 -48.6374027,-27.9120093992182,0.0 -48.6374292,-27.9120282992182,0.0 -48.637487,-27.9120665992182,0.0 -48.6375486,-27.9121044992182,0.0 -48.6376113,-27.9121410992182,0.0 -48.6376733,-27.9121758992182,0.0 -48.6378152,-27.9122534992182,0.0 -48.6378658,-27.9122824992182,0.0 -48.6378912,-27.9122979992182,0.0 -48.6379174,-27.9123149992182,0.0 -48.6379448,-27.9123337992182,0.0 -48.6379741,-27.9123550992182,0.0 -48.6380056,-27.9123793992182,0.0 -48.6380398,-27.9124068992182,0.0 -48.6380761,-27.9124372992182,0.0 -48.6381135,-27.9124701992182,0.0 -48.6381513,-27.9125047992182,0.0 -48.6381887,-27.9125407992182,0.0 -48.6382248,-27.9125775992182,0.0 -48.6382589,-27.9126145992182,0.0 -48.63829,-27.9126512992182,0.0 -48.6383176,-27.9126872992182,0.0 -48.6383417,-27.9127226992182,0.0 -48.6383628,-27.9127574992182,0.0 -48.6383811,-27.9127919992182,0.0 -48.6383969,-27.9128261992182,0.0 -48.6384106,-27.9128604992182,0.0 -48.6384224,-27.9128947992182,0.0 -48.6384327,-27.9129293992182,0.0 -48.6384417,-27.9129643992182,0.0 -48.6384496,-27.9129996992182,0.0 -48.6384562,-27.9130351992182,0.0 -48.6384617,-27.9130707992182,0.0 -48.6384661,-27.9131063992182,0.0 -48.6384693,-27.9131418992182,0.0 -48.6384714,-27.9131770992182,0.0 -48.6384725,-27.9132119992182,0.0 -48.6384725,-27.9132463992182,0.0 -48.6384714,-27.9132803992182,0.0 -48.6384692,-27.9133138992182,0.0 -48.6384659,-27.9133470992182,0.0 -48.6384616,-27.9133798992182,0.0 -48.6384561,-27.9134123992182,0.0 -48.6384495,-27.9134445992182,0.0 -48.6384417,-27.9134764992182,0.0 -48.6384329,-27.9135081992182,0.0 -48.638423,-27.9135395992182,0.0 -48.6384121,-27.9135707992182,0.0 -48.6384003,-27.9136016992182,0.0 -48.6383743,-27.9136626992182,0.0 -48.6383603,-27.9136926992182,0.0 -48.6383305,-27.9137519992182,0.0 -48.6383144,-27.9137813992182,0.0 -48.6382972,-27.9138110992182,0.0 -48.6382785,-27.9138410992182,0.0 -48.6382581,-27.9138716992182,0.0 -48.6382355,-27.9139031992182,0.0 -48.6382105,-27.9139357992182,0.0 -48.6381828,-27.9139696992182,0.0 -48.6381521,-27.9140050992182,0.0 -48.6381185,-27.9140417992182,0.0 -48.6380823,-27.9140793992182,0.0 -48.6380436,-27.9141175992182,0.0 -48.6380026,-27.9141561992182,0.0 -48.6379596,-27.9141948992182,0.0 -48.6379146,-27.9142332992182,0.0 -48.637868,-27.9142710992182,0.0 -48.6378199,-27.9143079992182,0.0 -48.6377707,-27.9143440992182,0.0 -48.6377205,-27.9143791992182,0.0 -48.6376697,-27.9144131992182,0.0 -48.6376186,-27.9144461992182,0.0 -48.6375675,-27.9144779992182,0.0 -48.6375167,-27.9145084992182,0.0 -48.6374664,-27.9145378992182,0.0 -48.6374169,-27.9145658992182,0.0 -48.6373678,-27.9145926992182,0.0 -48.6373187,-27.9146185992182,0.0 -48.6372692,-27.9146434992182,0.0 -48.6372188,-27.9146675992182,0.0 -48.6371672,-27.9146910992182,0.0 -48.6371138,-27.9147141992182,0.0 -48.6370584,-27.9147367992182,0.0 -48.6370005,-27.9147592992182,0.0 -48.6369404,-27.9147814992182,0.0 -48.6368786,-27.9148033992182,0.0 -48.6368153,-27.9148249992182,0.0 -48.6366862,-27.9148668992182,0.0 -48.636556,-27.9149068992182,0.0 -48.6364278,-27.9149445992182,0.0 -48.6363048,-27.9149790992182,0.0 -48.6361898,-27.9150094992182,0.0 -48.6360861,-27.9150350992182,0.0 -48.6359951,-27.9150551992182,0.0 -48.6359532,-27.9150632992182,0.0 -48.6359127,-27.9150704992182,0.0 -48.6358729,-27.9150765992182,0.0 -48.6358331,-27.9150819992182,0.0 -48.6357507,-27.9150907992182,0.0 -48.6356614,-27.9150977992182,0.0 -48.6355674,-27.9151029992182,0.0 -48.6354726,-27.9151062992182,0.0 -48.6353807,-27.9151076992182,0.0 -48.6352946,-27.9151070992182,0.0 -48.635253,-27.9151057992182,0.0 -48.635212,-27.9151037992182,0.0 -48.635171,-27.9151009992182,0.0 -48.6351297,-27.9150972992182,0.0 -48.6350876,-27.9150925992182,0.0 -48.6350443,-27.9150868992182,0.0 -48.6349996,-27.9150800992182,0.0 -48.6349538,-27.9150722992182,0.0 -48.6349071,-27.9150633992182,0.0 -48.6348599,-27.9150535992182,0.0 -48.6348128,-27.9150429992182,0.0 -48.634766,-27.9150315992182,0.0 -48.6347199,-27.9150193992182,0.0 -48.6346749,-27.9150065992182,0.0 -48.6346313,-27.9149931992182,0.0 -48.6345892,-27.9149790992182,0.0 -48.6345483,-27.9149644992182,0.0 -48.6345087,-27.9149492992182,0.0 -48.6344701,-27.9149334992182,0.0 -48.6344326,-27.9149170992182,0.0 -48.634396,-27.9149001992182,0.0 -48.6343602,-27.9148826992182,0.0 -48.6343251,-27.9148645992182,0.0 -48.6342908,-27.9148459992182,0.0 -48.6342572,-27.9148267992182,0.0 -48.6342242,-27.9148068992182,0.0 -48.634192,-27.9147862992182,0.0 -48.6341604,-27.9147649992182,0.0 -48.6341295,-27.9147428992182,0.0 -48.6340993,-27.9147199992182,0.0 -48.6340697,-27.9146962992182,0.0 -48.6340408,-27.9146716992182,0.0 -48.6340125,-27.9146460992182,0.0 -48.6339849,-27.9146194992182,0.0 -48.6339579,-27.9145918992182,0.0 -48.6339316,-27.9145630992182,0.0 -48.6339059,-27.9145330992182,0.0 -48.6338809,-27.9145018992182,0.0 -48.6338565,-27.9144693992182,0.0 -48.6338329,-27.9144357992182,0.0 -48.6338099,-27.9144011992182,0.0 -48.6337877,-27.9143658992182,0.0 -48.6337663,-27.9143298992182,0.0 -48.6337457,-27.9142935992182,0.0 -48.633726,-27.9142570992182,0.0 -48.6336892,-27.9141839992182,0.0 -48.6336722,-27.9141477992182,0.0 -48.6336411,-27.9140763992182,0.0 -48.6336142,-27.9140068992182,0.0 -48.6336023,-27.9139730992182,0.0 -48.6335915,-27.9139400992182,0.0 -48.6335818,-27.9139077992182,0.0 -48.6335655,-27.9138451992182,0.0 -48.6335586,-27.9138145992182,0.0 -48.6335469,-27.9137538992182,0.0 -48.6335373,-27.9136931992182,0.0 -48.6335292,-27.9136313992182,0.0 -48.6335225,-27.9135681992182,0.0 -48.6335176,-27.9135036992182,0.0 -48.6335146,-27.9134375992182,0.0 -48.6335138,-27.9134038992182,0.0 -48.6335136,-27.9133350992182,0.0 -48.6335147,-27.9132633992182,0.0 -48.633521,-27.9130258992182,0.0 -48.6335217,-27.9129416992182,0.0 -48.6335202,-27.9128583992182,0.0 -48.6335183,-27.9128177992182,0.0 -48.6335156,-27.9127781992182,0.0 -48.6335121,-27.9127398992182,0.0 -48.633503,-27.9126677992182,0.0 -48.6334976,-27.9126342992182,0.0 -48.6334858,-27.9125731992182,0.0 -48.633473,-27.9125211992182,0.0 -48.6334662,-27.9124983992182,0.0 -48.6334589,-27.9124773992182,0.0 -48.633451,-27.9124576992182,0.0 -48.6334422,-27.9124389992182,0.0 -48.6334323,-27.9124208992182,0.0 -48.6334212,-27.9124029992182,0.0 -48.6334088,-27.9123848992182,0.0 -48.6333948,-27.9123663992182,0.0 -48.6333791,-27.9123474992182,0.0 -48.6333616,-27.9123283992182,0.0 -48.6333423,-27.9123091992182,0.0 -48.633321,-27.9122899992182,0.0 -48.6332977,-27.9122709992182,0.0 -48.6332721,-27.9122523992182,0.0 -48.6332444,-27.9122341992182,0.0 -48.6332143,-27.9122164992182,0.0 -48.6331821,-27.9121994992182,0.0 -48.6331478,-27.9121829992182,0.0 -48.6331116,-27.9121669992182,0.0 -48.6330736,-27.9121514992182,0.0 -48.6330341,-27.9121364992182,0.0 -48.6329931,-27.9121219992182,0.0 -48.6329509,-27.9121078992182,0.0 -48.6329075,-27.9120941992182,0.0 -48.6328171,-27.9120678992182,0.0 -48.6327218,-27.9120426992182,0.0 -48.6326214,-27.9120181992182,0.0 -48.6325157,-27.9119940992182,0.0 -48.632406,-27.9119703992182,0.0 -48.6322949,-27.9119474992182,0.0 -48.6321315,-27.9119154992182,0.0 -48.6316936,-27.9118339992182,0.0 -48.6311186,-27.9117211992182,0.0 -48.6309789,-27.9116947992182,0.0 -48.6309112,-27.9116825992182,0.0 -48.6308444,-27.9116712992182,0.0 -48.6307781,-27.9116606992182,0.0 -48.6307118,-27.9116510992182,0.0 -48.6306451,-27.9116422992182,0.0 -48.6305777,-27.9116345992182,0.0 -48.6305092,-27.9116278992182,0.0 -48.6304399,-27.9116221992182,0.0 -48.6303703,-27.9116172992182,0.0 -48.6303007,-27.9116131992182,0.0 -48.6301633,-27.9116068992182,0.0 -48.6300309,-27.9116022992182,0.0 -48.6299052,-27.9115989992182,0.0 -48.6297805,-27.9115975992182,0.0 -48.6297163,-27.9115978992182,0.0 -48.6296496,-27.9115988992182,0.0 -48.6295796,-27.9116008992182,0.0 -48.6295053,-27.9116038992182,0.0 -48.6294262,-27.9116079992182,0.0 -48.6292566,-27.9116185992182,0.0 -48.6289897,-27.9116370992182,0.0 -48.6288157,-27.9116483992182,0.0 -48.6287327,-27.9116531992182,0.0 -48.6285744,-27.9116605992182,0.0 -48.6284228,-27.9116654992182,0.0 -48.6282736,-27.9116678992182,0.0 -48.6281229,-27.9116681992182,0.0 -48.6279704,-27.9116663992182,0.0 -48.6278198,-27.9116624992182,0.0 -48.6276748,-27.9116564992182,0.0 -48.6275391,-27.9116484992182,0.0 -48.6274749,-27.9116435992182,0.0 -48.6274124,-27.9116380992182,0.0 -48.6273512,-27.9116319992182,0.0 -48.6272908,-27.9116251992182,0.0 -48.6272306,-27.9116175992182,0.0 -48.6271701,-27.9116091992182,0.0 -48.6270462,-27.9115898992182,0.0 -48.6269832,-27.9115791992182,0.0 -48.6268587,-27.9115561992182,0.0 -48.6267415,-27.9115324992182,0.0 -48.6267362,-27.9115312992182,0.0 -48.6266382,-27.9115094992182,0.0 -48.626553,-27.9114880992182,0.0 -48.6265163,-27.9114779992182,0.0 -48.6264507,-27.9114585992182,0.0 -48.6263321,-27.9114208992182,0.0 -48.6262687,-27.9113992992182,0.0 -48.6262342,-27.9113860992182,0.0 -48.6261974,-27.9113704992182,0.0 -48.6261578,-27.9113519992182,0.0 -48.6261148,-27.9113298992182,0.0 -48.6260681,-27.9113037992182,0.0 -48.6260173,-27.9112730992182,0.0 -48.6259625,-27.9112380992182,0.0 -48.6259038,-27.9111990992182,0.0 -48.6257752,-27.9111103992182,0.0 -48.6253977,-27.9108430992183,0.0 -48.6252417,-27.9107346992183,0.0 -48.6251697,-27.9106857992183,0.0 -48.6251572,-27.9106774992183,0.0 -48.6251041,-27.9106423992183,0.0 -48.6250469,-27.9106060992183,0.0 -48.6250001,-27.9105782992183,0.0 -48.6247514,-27.9104968992183,0.0 -48.6245696,-27.9104937992183,0.0 -48.6243071,-27.9105129992183,0.0 -48.6238497,-27.9106333992183,0.0 -48.6236146,-27.9108667992183,0.0 -48.6234969,-27.9111116992182,0.0 -48.623459,-27.9113770992182,0.0 -48.6233804,-27.9117889992182,0.0 -48.6233269,-27.9120349992182,0.0 -48.623096,-27.9123207992182,0.0 -48.6225405,-27.9129264992182,0.0 -48.6219233,-27.9132625992182,0.0 -48.6215978,-27.9134706992182,0.0 -48.6212579,-27.9136025992182,0.0 -48.6208615,-27.9136241992182,0.0 -48.6198419,-27.9136680992182,0.0 -48.619388,-27.9136317992182,0.0 -48.6188248,-27.9134557992182,0.0 -48.6184229,-27.9132445992182,0.0 -48.6175337,-27.9129962992182,0.0 -48.6169606,-27.9130290992182,0.0 -48.6167239,-27.9130914992182,0.0 -48.6164756,-27.9131916992182,0.0 -48.6162468,-27.9133777992182,0.0 -48.6161098,-27.9137103992182,0.0 -48.6161697,-27.9141483992182,0.0 -48.6162072,-27.9146335992182,0.0 -48.6162519,-27.9150332992182,0.0 -48.6162555,-27.9153563992182,0.0 -48.6162219,-27.9156692992182,0.0 -48.6161048,-27.9158857992182,0.0 -48.61592,-27.9160202992182,0.0 -48.6157471,-27.9160980992182,0.0 -48.615468,-27.9161406992182,0.0 -48.6152236,-27.9160604992182,0.0 -48.6151456,-27.9159593992182,0.0 -48.6150751,-27.9157586992182,0.0 -48.615015,-27.9155723992182,0.0 -48.615011,-27.9152682992182,0.0 -48.614998,-27.9148349992182,0.0 -48.614959,-27.9146632992182,0.0 -48.6148982,-27.9145102992182,0.0 -48.6148104,-27.9143662992182,0.0 -48.6147367,-27.9143127992182,0.0 -48.6145876,-27.9142816992182,0.0 -48.6144322,-27.9142931992182,0.0 -48.614281,-27.9143570992182,0.0 -48.6141489,-27.9145257992182,0.0 -48.6140432,-27.9147091992182,0.0 -48.6138734,-27.9148914992182,0.0 -48.6136983,-27.9150689992182,0.0 -48.613528,-27.9151902992182,0.0 -48.6131336,-27.9153686992182,0.0 -48.6127355,-27.9154710992182,0.0 -48.6122456,-27.9156097992182,0.0 -48.6117132,-27.9157382992182,0.0 -48.6113,-27.9157928992182,0.0 -48.6107723,-27.9159499992182,0.0 -48.6104149,-27.9161479992182,0.0 -48.6100559,-27.9164172992181,0.0 -48.6097992,-27.9166692992181,0.0 -48.6096466,-27.9167795992181,0.0 -48.6094417,-27.9169404992181,0.0 -48.6091176,-27.9170320992181,0.0 -48.6087263,-27.9170588992181,0.0 -48.6081618,-27.9170538992181,0.0 -48.6074623,-27.9170346992181,0.0 -48.6069317,-27.9169557992181,0.0 -48.6062898,-27.9166695992181,0.0 -48.605376,-27.9161930992181,0.0 -48.6041668,-27.9155677992182,0.0 -48.6029077,-27.9147904992182,0.0 -48.6020589,-27.9142185992182,0.0 -48.6008109,-27.9129409992182,0.0 -48.5991941,-27.9115152992182,0.0 -48.5985584,-27.9107155992182,0.0 -48.5982361,-27.9103062992183,0.0 -48.5977515,-27.9096910992183,0.0 -48.5966302,-27.9084628992183,0.0 -48.5957706,-27.9079002992183,0.0 -48.5945689,-27.9073192992183,0.0 -48.5933,-27.9065133992183,0.0 -48.5913692,-27.9053464992184,0.0 -48.589716,-27.9048320992184,0.0 -48.5888298,-27.9045143992184,0.0 -48.5883654,-27.9043551992184,0.0 -48.5879413,-27.9043005992184,0.0 -48.587612,-27.9042865992184,0.0 -48.587346,-27.9042901992184,0.0 -48.5870776,-27.9043735992184,0.0 -48.5870471,-27.9043830992184,0.0 -48.5870615,-27.9043905992184,0.0 -48.5870778,-27.9044010992184,0.0 -48.5870886,-27.9044081992184,0.0 -48.5871099,-27.9044226992184,0.0 -48.5871413,-27.9044449992184,0.0 -48.5871619,-27.9044601992184,0.0 -48.587203,-27.9044907992184,0.0 -48.587252,-27.9045279992184,0.0 -48.5872763,-27.9045466992184,0.0 -48.5873126,-27.9045749992184,0.0 -48.5873486,-27.9046034992184,0.0 -48.5873665,-27.9046178992184,0.0 -48.5874016,-27.9046461992184,0.0 -48.5874188,-27.9046605992184,0.0 -48.5874356,-27.9046753992184,0.0 -48.5874437,-27.9046829992184,0.0 -48.5874542,-27.9046933992184,0.0 -48.5874593,-27.9046986992184,0.0 -48.5874668,-27.9047066992184,0.0 -48.5874773,-27.9047192992184,0.0 -48.5876689,-27.9049592992184,0.0 -48.5876968,-27.9050309992184,0.0 -48.5878235,-27.9052394992184,0.0 -48.5879572,-27.9054159992184,0.0 -48.5880731,-27.9055374992183,0.0 -48.5882693,-27.9056995992183,0.0 -48.5884763,-27.9058651992183,0.0 -48.5888676,-27.9061605992183,0.0 -48.588996,-27.9062372992183,0.0 -48.5891344,-27.9063157992183,0.0 -48.5892351,-27.9063776992183,0.0 -48.5893747,-27.9064858992183,0.0 -48.5894587,-27.9065731992183,0.0 -48.5895205,-27.9066432992183,0.0 -48.5896082,-27.9067699992183,0.0 -48.5896777,-27.9068641992183,0.0 -48.5897719,-27.9069387992183,0.0 -48.5898925,-27.9070001992183,0.0 -48.5900086,-27.9070606992183,0.0 -48.5901413,-27.9071494992183,0.0 -48.5902436,-27.9072241992183,0.0 -48.5905355,-27.9075244992183,0.0 -48.5907129,-27.9077272992183,0.0 -48.5908684,-27.9079000992183,0.0 -48.5911159,-27.9082092992183,0.0 -48.5912049,-27.9083608992183,0.0 -48.5912728,-27.9084896992183,0.0 -48.5913446,-27.9085992992183,0.0 -48.5914458,-27.9086843992183,0.0 -48.5915805,-27.9087692992183,0.0 -48.5921019,-27.9091004992183,0.0 -48.5923233,-27.9093127992183,0.0 -48.5924932,-27.9094841992183,0.0 -48.5926361,-27.9096543992183,0.0 -48.5927862,-27.9097787992183,0.0 -48.592932,-27.9098871992183,0.0 -48.5931211,-27.9100957992183,0.0 -48.5932274,-27.9102862992183,0.0 -48.5934663,-27.9104852992183,0.0 -48.5936563,-27.9105982992183,0.0 -48.5940102,-27.9108239992183,0.0 -48.5942659,-27.9110826992183,0.0 -48.5944554,-27.9112647992182,0.0 -48.5945962,-27.9114067992182,0.0 -48.5948061,-27.9116053992182,0.0 -48.5950024,-27.9117690992182,0.0 -48.5951676,-27.9119018992182,0.0 -48.5953343,-27.9120530992182,0.0 -48.5955294,-27.9122328992182,0.0 -48.5959145,-27.9126108992182,0.0 -48.5960978,-27.9127889992182,0.0 -48.5962982,-27.9130169992182,0.0 -48.5964658,-27.9131690992182,0.0 -48.5966328,-27.9133042992182,0.0 -48.596758,-27.9134114992182,0.0 -48.5969838,-27.9136319992182,0.0 -48.5970949,-27.9137678992182,0.0 -48.5972152,-27.9139335992182,0.0 -48.5973047,-27.9140675992182,0.0 -48.5973698,-27.9141537992182,0.0 -48.5974528,-27.9142426992182,0.0 -48.5975559,-27.9143253992182,0.0 -48.5976645,-27.9144009992182,0.0 -48.59777,-27.9144974992182,0.0 -48.5978992,-27.9146320992182,0.0 -48.5980724,-27.9148203992182,0.0 -48.5985502,-27.9153524992182,0.0 -48.5987727,-27.9156065992182,0.0 -48.5990001,-27.9157925992182,0.0 -48.5991518,-27.9159226992182,0.0 -48.5992641,-27.9160448992182,0.0 -48.5994143,-27.9162071992182,0.0 -48.5995569,-27.9163459992182,0.0 -48.5996565,-27.9164696992182,0.0 -48.5998094,-27.9166700992181,0.0 -48.6001502,-27.9170630992181,0.0 -48.6003495,-27.9172557992181,0.0 -48.6005799,-27.9174738992181,0.0 -48.6007554,-27.9176372992181,0.0 -48.6009027,-27.9177665992181,0.0 -48.601214,-27.9180011992181,0.0 -48.6012813,-27.9180689992181,0.0 -48.601423,-27.9182044992181,0.0 -48.6015889,-27.9184015992181,0.0 -48.6016934,-27.9185453992181,0.0 -48.6017886,-27.9187107992181,0.0 -48.6018526,-27.9188507992181,0.0 -48.6018915,-27.9189862992181,0.0 -48.6019239,-27.9190840992181,0.0 -48.6019798,-27.9191756992181,0.0 -48.6020673,-27.9192718992181,0.0 -48.6021685,-27.9193569992181,0.0 -48.6022886,-27.9194464992181,0.0 -48.6024326,-27.9195587992181,0.0 -48.6026449,-27.9197086992181,0.0 -48.6027858,-27.9198156992181,0.0 -48.6029271,-27.9199836992181,0.0 -48.6030751,-27.9201823992181,0.0 -48.6031646,-27.9203189992181,0.0 -48.603219,-27.9204327992181,0.0 -48.6032372,-27.9204706992181,0.0 -48.6032462,-27.9204896992181,0.0 -48.6032501,-27.9204972992181,0.0 -48.6032528,-27.9205022992181,0.0 -48.6032586,-27.9205121992181,0.0 -48.6032617,-27.9205169992181,0.0 -48.6032682,-27.9205264992181,0.0 -48.6032751,-27.9205356992181,0.0 -48.6032799,-27.9205417992181,0.0 -48.6032899,-27.9205536992181,0.0 -48.6032978,-27.9205623992181,0.0 -48.6033032,-27.9205681992181,0.0 -48.6033143,-27.9205794992181,0.0 -48.6033316,-27.9205961992181,0.0 -48.6033671,-27.9206289992181,0.0 -48.6033847,-27.9206453992181,0.0 -48.6033934,-27.9206536992181,0.0 -48.6034061,-27.9206661992181,0.0 -48.6034635,-27.9207235992181,0.0 -48.6034923,-27.9207520992181,0.0 -48.6035358,-27.9207945992181,0.0 -48.6035798,-27.9208368992181,0.0 -48.6036019,-27.9208578992181,0.0 -48.6036253,-27.9208796992181,0.0 -48.6036373,-27.9208903992181,0.0 -48.6036555,-27.9209059992181,0.0 -48.6036741,-27.9209213992181,0.0 -48.6036836,-27.9209287992181,0.0 -48.6037029,-27.9209434992181,0.0 -48.6037128,-27.9209505992181,0.0 -48.6037279,-27.9209610992181,0.0 -48.6037322,-27.9209638992181,0.0 -48.6037411,-27.9209692992181,0.0 -48.6037501,-27.9209742992181,0.0 -48.6037563,-27.9209774992181,0.0 -48.6037689,-27.9209833992181,0.0 -48.6037785,-27.9209875992181,0.0 -48.6037982,-27.9209952992181,0.0 -48.6038115,-27.9210000992181,0.0 -48.6038383,-27.9210094992181,0.0 -48.6038584,-27.9210165992181,0.0 -48.6038782,-27.9210240992181,0.0 -48.6038879,-27.9210280992181,0.0 -48.6039022,-27.9210344992181,0.0 -48.6039162,-27.9210415992181,0.0 -48.6039229,-27.9210453992181,0.0 -48.603957,-27.9210654992181,0.0 -48.6039738,-27.9210757992181,0.0 -48.6039988,-27.9210915992181,0.0 -48.6040235,-27.9211076992181,0.0 -48.6040357,-27.9211159992181,0.0 -48.6040598,-27.9211328992181,0.0 -48.6040718,-27.9211414992181,0.0 -48.6040895,-27.9211547992181,0.0 -48.6041133,-27.9211732992181,0.0 -48.604129,-27.9211857992181,0.0 -48.6041598,-27.9212109992181,0.0 -48.604175,-27.9212237992181,0.0 -48.6042051,-27.9212495992181,0.0 -48.6042347,-27.9212758992181,0.0 -48.6042543,-27.9212936992181,0.0 -48.6042931,-27.9213298992181,0.0 -48.6043236,-27.9213590992181,0.0 -48.6043387,-27.9213736992181,0.0 -48.604361,-27.9213958992181,0.0 -48.6043828,-27.9214183992181,0.0 -48.6043935,-27.9214296992181,0.0 -48.6044144,-27.921452799218,0.0 -48.6044245,-27.9214644992181,0.0 -48.6044394,-27.921482399218,0.0 -48.6044521,-27.921498499218,0.0 -48.6044583,-27.9215066992181,0.0 -48.6044674,-27.9215190992181,0.0 -48.6044805,-27.921537999218,0.0 -48.604493,-27.9215573992181,0.0 -48.6044989,-27.9215671992181,0.0 -48.6045032,-27.9215745992181,0.0 -48.6045115,-27.9215895992181,0.0 -48.6045194,-27.9216045992181,0.0 -48.6045245,-27.9216146992181,0.0 -48.6045341,-27.9216350992181,0.0 -48.6045411,-27.921650499218,0.0 -48.6045542,-27.9216813992181,0.0 -48.6045626,-27.921702199218,0.0 -48.604579,-27.921743799218,0.0 -48.6045912,-27.9217750992181,0.0 -48.6046038,-27.9218061992181,0.0 -48.6046102,-27.921821599218,0.0 -48.6046204,-27.921844699218,0.0 -48.6046311,-27.9218675992181,0.0 -48.6046367,-27.921878999218,0.0 -48.604657,-27.921918899218,0.0 -48.6046675,-27.921938799218,0.0 -48.6046782,-27.921958499218,0.0 -48.6046838,-27.921968199218,0.0 -48.6046953,-27.921987699218,0.0 -48.6047014,-27.921997299218,0.0 -48.6047108,-27.922011699218,0.0 -48.6047202,-27.922025199218,0.0 -48.604725,-27.922031799218,0.0 -48.6047324,-27.922041699218,0.0 -48.6047438,-27.922056199218,0.0 -48.6047558,-27.922070499218,0.0 -48.6047619,-27.922077499218,0.0 -48.6047745,-27.922091199218,0.0 -48.604781,-27.922097899218,0.0 -48.6047909,-27.922107799218,0.0 -48.6048045,-27.9221206992181,0.0 -48.6048114,-27.922126999218,0.0 -48.6048221,-27.922136299218,0.0 -48.6048385,-27.922149799218,0.0 -48.6048749,-27.922178299218,0.0 -48.6049482,-27.922234799218,0.0 -48.605003,-27.922277299218,0.0 -48.6050893,-27.922344899218,0.0 -48.6051321,-27.922378999218,0.0 -48.6051746,-27.922413699218,0.0 -48.6051957,-27.922431399218,0.0 -48.6052024,-27.922437199218,0.0 -48.6052068,-27.922441199218,0.0 -48.6052152,-27.922449399218,0.0 -48.6052194,-27.922453599218,0.0 -48.6052274,-27.922462099218,0.0 -48.605235,-27.922470899218,0.0 -48.60524,-27.922476799218,0.0 -48.6052496,-27.922488999218,0.0 -48.6052599,-27.922502999218,0.0 -48.6052665,-27.922512499218,0.0 -48.6052792,-27.922531799218,0.0 -48.6052853,-27.922541699218,0.0 -48.6052972,-27.922561499218,0.0 -48.6053318,-27.922621499218,0.0 -48.6053376,-27.922631399218,0.0 -48.6053488,-27.922651499218,0.0 -48.6053596,-27.922671699218,0.0 -48.6053666,-27.922685299218,0.0 -48.6053802,-27.922712499218,0.0 -48.6053869,-27.922726199218,0.0 -48.6053998,-27.922753699218,0.0 -48.6054125,-27.922781299218,0.0 -48.6054374,-27.922836699218,0.0 -48.6054562,-27.922878199218,0.0 -48.6054657,-27.922898899218,0.0 -48.6054788,-27.922926399218,0.0 -48.6054855,-27.922940099218,0.0 -48.6054957,-27.922960499218,0.0 -48.6055117,-27.922990899218,0.0 -48.6055228,-27.923011099218,0.0 -48.6055286,-27.923021099218,0.0 -48.6055374,-27.923035999218,0.0 -48.6055491,-27.923054699218,0.0 -48.6055551,-27.923063899218,0.0 -48.6055644,-27.923077499218,0.0 -48.6055741,-27.923090999218,0.0 -48.605579,-27.923097599218,0.0 -48.6055892,-27.923110699218,0.0 -48.6055945,-27.923117199218,0.0 -48.6056026,-27.923126699218,0.0 -48.6056137,-27.923139299218,0.0 -48.6056195,-27.923145499218,0.0 -48.6056283,-27.923154699218,0.0 -48.6056421,-27.923168299218,0.0 -48.6056567,-27.923181899218,0.0 -48.6056641,-27.923188499218,0.0 -48.6056754,-27.923198299218,0.0 -48.6056927,-27.923212499218,0.0 -48.6057105,-27.923225999218,0.0 -48.6057197,-27.923232499218,0.0 -48.605732,-27.923240899218,0.0 -48.6057383,-27.923244999218,0.0 -48.6057479,-27.923250999218,0.0 -48.6057626,-27.923259599218,0.0 -48.605811,-27.923286399218,0.0 -48.6058433,-27.923303999218,0.0 -48.605865,-27.923315599218,0.0 -48.6059084,-27.923338699218,0.0 -48.6059392,-27.923354599218,0.0 -48.606001,-27.923385899218,0.0 -48.6060318,-27.923401699218,0.0 -48.6060471,-27.923409799218,0.0 -48.6060663,-27.923420199218,0.0 -48.6060789,-27.923427399218,0.0 -48.6061036,-27.923442199218,0.0 -48.6061158,-27.923449899218,0.0 -48.6061398,-27.923465699218,0.0 -48.6061634,-27.923482099218,0.0 -48.6061789,-27.923493299218,0.0 -48.6061892,-27.923500999218,0.0 -48.6062094,-27.923516499218,0.0 -48.6062301,-27.923532999218,0.0 -48.6062402,-27.923541299218,0.0 -48.6062552,-27.923553999218,0.0 -48.6062772,-27.923573399218,0.0 -48.6062985,-27.923593299218,0.0 -48.6063089,-27.923603499218,0.0 -48.6063224,-27.923617299218,0.0 -48.6063291,-27.923624299218,0.0 -48.6063389,-27.923634899218,0.0 -48.6063533,-27.923651199218,0.0 -48.6063942,-27.923698999218,0.0 -48.6064144,-27.923723099218,0.0 -48.6064445,-27.923759299218,0.0 -48.6064742,-27.923795699218,0.0 -48.6064889,-27.923814099218,0.0 -48.6065536,-27.923895599218,0.0 -48.6065859,-27.923936499218,0.0 -48.606634,-27.923997899218,0.0 -48.6066549,-27.924024499218,0.0 -48.606697,-27.924077699218,0.0 -48.6067284,-27.924117699218,0.0 -48.6067489,-27.924144599218,0.0 -48.6067591,-27.924158099218,0.0 -48.6067741,-27.924178499218,0.0 -48.6067936,-27.924205899218,0.0 -48.6068031,-27.924219799218,0.0 -48.606817,-27.924240699218,0.0 -48.6068305,-27.924261899218,0.0 -48.6068371,-27.924272599218,0.0 -48.6068668,-27.924322499218,0.0 -48.6068862,-27.924355899218,0.0 -48.606899,-27.924378199218,0.0 -48.6069242,-27.924422999218,0.0 -48.6069614,-27.924490399218,0.0 -48.6069859,-27.924535499218,0.0 -48.6070346,-27.924625699218,0.0 -48.6070894,-27.924727299218,0.0 -48.6071131,-27.924771399218,0.0 -48.6071601,-27.924859699218,0.0 -48.607184,-27.924903699218,0.0 -48.6071962,-27.924925599218,0.0 -48.6072073,-27.924945099218,0.0 -48.607215,-27.924958099218,0.0 -48.6072306,-27.924983799218,0.0 -48.6072467,-27.925009299218,0.0 -48.6072793,-27.925059999218,0.0 -48.6073038,-27.925098099218,0.0 -48.6073329,-27.925143399218,0.0 -48.6073476,-27.925165899218,0.0 -48.6073698,-27.925199699218,0.0 -48.6074037,-27.925249999218,0.0 -48.6074268,-27.925283299218,0.0 -48.6074384,-27.925299999218,0.0 -48.6074562,-27.925324799218,0.0 -48.6074698,-27.925343599218,0.0 -48.607479,-27.925355999218,0.0 -48.6074977,-27.925380799218,0.0 -48.6075263,-27.925417499218,0.0 -48.6075458,-27.925441699218,0.0 -48.6075589,-27.925457699218,0.0 -48.6075857,-27.925489499218,0.0 -48.6076165,-27.925524799218,0.0 -48.6076374,-27.925547999218,0.0 -48.6076515,-27.925563399218,0.0 -48.6076801,-27.925593899218,0.0 -48.6077018,-27.925616499218,0.0 -48.6077165,-27.925631399218,0.0 -48.6077462,-27.925661099218,0.0 -48.6077612,-27.925675699218,0.0 -48.6077917,-27.925704799218,0.0 -48.6078226,-27.925733399218,0.0 -48.6078434,-27.925752299218,0.0 -48.6078574,-27.925764799218,0.0 -48.6078857,-27.925789599218,0.0 -48.6078981,-27.925800199218,0.0 -48.6079232,-27.925821399218,0.0 -48.6079991,-27.925883999218,0.0 -48.6080368,-27.925915399218,0.0 -48.6080555,-27.925931399218,0.0 -48.6081393,-27.926004199218,0.0 -48.608181,-27.926040699218,0.0 -48.6082434,-27.926095699218,0.0 -48.6083098,-27.926154199218,0.0 -48.6083426,-27.926183799218,0.0 -48.6083641,-27.926203699218,0.0 -48.6083748,-27.926213799218,0.0 -48.6083905,-27.926229099218,0.0 -48.6084112,-27.926249799218,0.0 -48.6084213,-27.926260299218,0.0 -48.6084361,-27.926276299218,0.0 -48.6084506,-27.926292599218,0.0 -48.6084577,-27.926300899218,0.0 -48.6084807,-27.926328499218,0.0 -48.6084957,-27.926347099218,0.0 -48.6085252,-27.926384599218,0.0 -48.6085397,-27.926403399218,0.0 -48.6085684,-27.926441299218,0.0 -48.6085967,-27.926479499218,0.0 -48.6086527,-27.926555999218,0.0 -48.6087179,-27.926645299218,0.0 -48.608848,-27.926823899218,0.0 -48.6089133,-27.926912999218,0.0 -48.6089462,-27.926957499218,0.0 -48.6090008,-27.9270308992179,0.0 -48.6091104,-27.927177699218,0.0 -48.6091925,-27.9272876992179,0.0 -48.6092317,-27.9273406992179,0.0 -48.6093093,-27.9274470992179,0.0 -48.6093678,-27.9275267992179,0.0 -48.60938,-27.9275426992179,0.0 -48.6093885,-27.9275531992179,0.0 -48.609406,-27.9275737992179,0.0 -48.609415,-27.9275839992179,0.0 -48.6094333,-27.9276039992179,0.0 -48.6094895,-27.9276634992179,0.0 -48.609508,-27.9276833992179,0.0 -48.6095171,-27.9276934992179,0.0 -48.6095305,-27.9277088992179,0.0 -48.6095436,-27.9277243992179,0.0 -48.60955,-27.9277322992179,0.0 -48.6095642,-27.9277506992179,0.0 -48.6095735,-27.9277630992179,0.0 -48.6095917,-27.9277881992179,0.0 -48.6096005,-27.9278007992179,0.0 -48.6096178,-27.9278262992179,0.0 -48.6096347,-27.9278519992179,0.0 -48.6096678,-27.9279037992179,0.0 -48.6096723,-27.9279109992179,0.0 -48.6096807,-27.9279254992179,0.0 -48.6096886,-27.9279402992179,0.0 -48.6096937,-27.9279502992179,0.0 -48.6097033,-27.9279705992179,0.0 -48.6097078,-27.9279807992179,0.0 -48.6097167,-27.9280013992179,0.0 -48.6097425,-27.9280635992179,0.0 -48.6097514,-27.9280841992179,0.0 -48.609756,-27.9280942992179,0.0 -48.6097632,-27.9281094992179,0.0 -48.6097734,-27.9281292992179,0.0 -48.6097787,-27.9281390992179,0.0 -48.6097872,-27.9281534992179,0.0 -48.6097963,-27.9281675992179,0.0 -48.6098011,-27.9281744992179,0.0 -48.6098112,-27.9281880992179,0.0 -48.6098166,-27.9281946992179,0.0 -48.609825,-27.9282043992179,0.0 -48.6098785,-27.9282633992179,0.0 -48.6099145,-27.9283025992179,0.0 -48.6099867,-27.9283805992179,0.0 -48.6100677,-27.9284685992179,0.0 -48.6101605,-27.9285700992179,0.0 -48.6102066,-27.9286211992179,0.0 -48.6102105,-27.9286256992179,0.0 -48.6102179,-27.9286347992179,0.0 -48.6102249,-27.9286440992179,0.0 -48.6102293,-27.9286504992179,0.0 -48.6102376,-27.9286634992179,0.0 -48.6102435,-27.9286734992179,0.0 -48.6102472,-27.9286801992179,0.0 -48.6102544,-27.9286937992179,0.0 -48.6102645,-27.9287145992179,0.0 -48.6102835,-27.9287565992179,0.0 -48.6102912,-27.9287740992179,0.0 -48.6102961,-27.9287856992179,0.0 -48.6103055,-27.9288091992179,0.0 -48.6103128,-27.9288282992179,0.0 -48.6103145,-27.9288327992179,0.0 -48.6103319,-27.9288801992179,0.0 -48.610345,-27.9289156992179,0.0 -48.6103586,-27.9289509992179,0.0 -48.6103658,-27.9289685992179,0.0 -48.6103773,-27.9289946992179,0.0 -48.610405,-27.9290555992179,0.0 -48.6104194,-27.9290858992179,0.0 -48.6104295,-27.9291058992179,0.0 -48.6104347,-27.9291157992179,0.0 -48.6104427,-27.9291304992179,0.0 -48.610454,-27.9291498992179,0.0 -48.6104599,-27.9291594992179,0.0 -48.6104692,-27.9291735992179,0.0 -48.6104789,-27.9291874992179,0.0 -48.610484,-27.9291942992179,0.0 -48.6105195,-27.9292407992179,0.0 -48.6105908,-27.9293335992179,0.0 -48.6106443,-27.9294030992179,0.0 -48.6108101,-27.9296211992179,0.0 -48.6108228,-27.9296370992179,0.0 -48.6108316,-27.9296473992179,0.0 -48.6108377,-27.9296541992179,0.0 -48.6108502,-27.9296673992179,0.0 -48.6108599,-27.9296770992179,0.0 -48.6108665,-27.9296834992179,0.0 -48.61088,-27.9296959992179,0.0 -48.6108869,-27.9297021992179,0.0 -48.610901,-27.9297142992179,0.0 -48.6109155,-27.9297260992179,0.0 -48.6109253,-27.9297338992179,0.0 -48.6109454,-27.9297491992179,0.0 -48.6109628,-27.9297615992179,0.0 -48.6109747,-27.9297694992179,0.0 -48.6109826,-27.9297746992179,0.0 -48.6109988,-27.9297845992179,0.0 -48.611011,-27.9297918992179,0.0 -48.6110359,-27.9298056992179,0.0 -48.6110611,-27.9298189992179,0.0 -48.6110781,-27.9298275992179,0.0 -48.6111125,-27.9298443992179,0.0 -48.6111222,-27.9298487992179,0.0 -48.6111288,-27.9298515992179,0.0 -48.6111423,-27.9298567992179,0.0 -48.6111559,-27.9298614992179,0.0 -48.6111834,-27.9298704992179,0.0 -48.611204,-27.9298773992179,0.0 -48.6112176,-27.9298822992179,0.0 -48.6112243,-27.9298848992179,0.0 -48.6112343,-27.9298889992179,0.0 -48.6112441,-27.9298935992179,0.0 -48.611249,-27.9298959992179,0.0 -48.611265,-27.9299045992179,0.0 -48.6112728,-27.9299091992179,0.0 -48.6112843,-27.9299162992179,0.0 -48.6112955,-27.9299237992179,0.0 -48.611301,-27.9299275992179,0.0 -48.6113116,-27.9299355992179,0.0 -48.6113168,-27.9299397992179,0.0 -48.6113244,-27.9299461992179,0.0 -48.6113341,-27.9299550992179,0.0 -48.6113388,-27.9299596992179,0.0 -48.6113457,-27.9299667992179,0.0 -48.6113553,-27.9299778992179,0.0 -48.6113804,-27.9300088992179,0.0 -48.6113926,-27.9300245992179,0.0 -48.6114104,-27.9300480992179,0.0 -48.6114276,-27.9300718992179,0.0 -48.611436,-27.9300838992179,0.0 -48.6114524,-27.9301081992179,0.0 -48.6114604,-27.9301203992179,0.0 -48.6114721,-27.9301388992179,0.0 -48.6115977,-27.9303417992179,0.0 -48.6118488,-27.9307474992179,0.0 -48.6120371,-27.9310516992179,0.0 -48.6121078,-27.9311449992179,0.0 -48.6121158,-27.9311564992179,0.0 -48.6121209,-27.9311641992179,0.0 -48.612131,-27.9311797992179,0.0 -48.6121382,-27.9311916992179,0.0 -48.6121523,-27.9312155992179,0.0 -48.6121615,-27.9312315992179,0.0 -48.6121796,-27.9312638992179,0.0 -48.6121931,-27.9312880992179,0.0 -48.612207,-27.9313121992179,0.0 -48.6122141,-27.9313240992179,0.0 -48.612225,-27.9313418992179,0.0 -48.6122364,-27.9313593992179,0.0 -48.6122423,-27.9313679992179,0.0 -48.6122672,-27.9314033992179,0.0 -48.6122841,-27.9314267992179,0.0 -48.6123185,-27.9314733992179,0.0 -48.6123359,-27.9314965992179,0.0 -48.6123711,-27.9315426992179,0.0 -48.6123947,-27.9315732992179,0.0 -48.6124424,-27.9316344992179,0.0 -48.6124781,-27.9316802992179,0.0 -48.6125312,-27.9317491992179,0.0 -48.6125574,-27.9317838992179,0.0 -48.6125833,-27.9318186992179,0.0 -48.6125961,-27.9318360992179,0.0 -48.6126102,-27.9318561992179,0.0 -48.6126193,-27.9318697992179,0.0 -48.6126251,-27.9318789992179,0.0 -48.6126365,-27.9318973992179,0.0 -48.6126531,-27.9319253992179,0.0 -48.6126856,-27.9319817992179,0.0 -48.6127021,-27.9320098992179,0.0 -48.6127106,-27.9320237992179,0.0 -48.6127223,-27.9320421992179,0.0 -48.6127283,-27.9320512992179,0.0 -48.6127375,-27.9320648992179,0.0 -48.6127471,-27.9320782992179,0.0 -48.612752,-27.9320848992179,0.0 -48.6127622,-27.9320979992179,0.0 -48.6127675,-27.9321044992179,0.0 -48.6127756,-27.9321140992179,0.0 -48.6127802,-27.9321192992179,0.0 -48.6127898,-27.9321295992179,0.0 -48.6127998,-27.9321394992179,0.0 -48.6128066,-27.9321459992179,0.0 -48.6128207,-27.9321584992179,0.0 -48.6128315,-27.9321676992179,0.0 -48.6128388,-27.9321735992179,0.0 -48.6128538,-27.9321852992179,0.0 -48.6128767,-27.9322024992179,0.0 -48.6129231,-27.9322360992179,0.0 -48.6129365,-27.9322456992179,0.0 -48.6129635,-27.9322643992179,0.0 -48.6130457,-27.9323191992179,0.0 -48.6130728,-27.9323378992178,0.0 -48.6130861,-27.9323473992179,0.0 -48.6131059,-27.9323620992178,0.0 -48.6131263,-27.9323778992179,0.0 -48.6131397,-27.9323885992179,0.0 -48.613166,-27.9324103992179,0.0 -48.613179,-27.9324213992179,0.0 -48.6132046,-27.9324438992179,0.0 -48.6132297,-27.9324668992179,0.0 -48.6132462,-27.9324824992178,0.0 -48.613257,-27.9324929992179,0.0 -48.6132786,-27.9325141992178,0.0 -48.613301,-27.9325369992178,0.0 -48.613312,-27.9325484992179,0.0 -48.6133283,-27.9325657992178,0.0 -48.6133522,-27.9325920992179,0.0 -48.6133755,-27.9326187992178,0.0 -48.6133868,-27.9326323992179,0.0 -48.6134016,-27.9326506992178,0.0 -48.6134089,-27.9326598992178,0.0 -48.6134196,-27.9326738992178,0.0 -48.6134353,-27.9326951992179,0.0 -48.6134595,-27.9327291992178,0.0 -48.6134713,-27.9327462992178,0.0 -48.6134887,-27.9327720992178,0.0 -48.6135057,-27.9327980992178,0.0 -48.613514,-27.9328110992178,0.0 -48.6135302,-27.9328374992178,0.0 -48.613538,-27.9328507992178,0.0 -48.6135495,-27.9328708992178,0.0 -48.6136072,-27.9329747992178,0.0 -48.6136357,-27.9330268992178,0.0 -48.6136545,-27.9330617992178,0.0 -48.613692,-27.9331317992178,0.0 -48.6137204,-27.9331841992178,0.0 -48.6137337,-27.9332079992178,0.0 -48.6137426,-27.9332237992178,0.0 -48.6137609,-27.9332551992178,0.0 -48.613789,-27.9333020992178,0.0 -48.6138081,-27.9333331992178,0.0 -48.6138465,-27.9333951992178,0.0 -48.613858,-27.9334134992178,0.0 -48.6138814,-27.9334497992178,0.0 -48.6139052,-27.9334858992178,0.0 -48.6139533,-27.9335577992178,0.0 -48.6139624,-27.9335710992178,0.0 -48.6139687,-27.9335798992178,0.0 -48.6139815,-27.9335972992178,0.0 -48.6139947,-27.9336144992178,0.0 -48.6140214,-27.9336485992178,0.0 -48.6140414,-27.9336742992178,0.0 -48.6140544,-27.9336914992178,0.0 -48.6140608,-27.9337001992178,0.0 -48.6140702,-27.9337133992178,0.0 -48.6140836,-27.9337334992178,0.0 -48.61409,-27.9337436992178,0.0 -48.6141022,-27.9337643992178,0.0 -48.6141137,-27.9337853992178,0.0 -48.6141209,-27.9337995992178,0.0 -48.6141256,-27.9338090992178,0.0 -48.6141346,-27.9338282992178,0.0 -48.6141411,-27.9338426992178,0.0 -48.6141535,-27.9338719992178,0.0 -48.6141653,-27.9339013992178,0.0 -48.614173,-27.9339211992178,0.0 -48.614188,-27.9339607992178,0.0 -48.6142049,-27.9340052992178,0.0 -48.6142135,-27.9340274992178,0.0 -48.6142255,-27.9340568992178,0.0 -48.6142318,-27.9340714992178,0.0 -48.6142415,-27.9340932992178,0.0 -48.6142517,-27.9341147992178,0.0 -48.6142571,-27.9341254992178,0.0 -48.6142682,-27.9341465992178,0.0 -48.6142741,-27.9341570992178,0.0 -48.6142832,-27.9341725992178,0.0 -48.6143315,-27.9342517992178,0.0 -48.6144287,-27.9344098992178,0.0 -48.6145055,-27.9345340992178,0.0 -48.6145444,-27.9345959992178,0.0 -48.6145567,-27.9346147992178,0.0 -48.6145652,-27.9346269992178,0.0 -48.6145711,-27.9346350992178,0.0 -48.6145833,-27.9346510992178,0.0 -48.6145928,-27.9346628992178,0.0 -48.6145992,-27.9346706992178,0.0 -48.6146125,-27.9346859992178,0.0 -48.6146193,-27.9346934992178,0.0 -48.6146332,-27.9347082992178,0.0 -48.6146476,-27.9347227992178,0.0 -48.6146574,-27.9347322992178,0.0 -48.614664,-27.9347384992178,0.0 -48.6146775,-27.9347507992178,0.0 -48.6147192,-27.9347876992178,0.0 -48.6148029,-27.9348609992178,0.0 -48.6149136,-27.9349567992178,0.0 -48.614924,-27.9349653992178,0.0 -48.6149311,-27.9349710992178,0.0 -48.6149455,-27.9349819992178,0.0 -48.6149603,-27.9349926992178,0.0 -48.6149902,-27.9350135992178,0.0 -48.6150126,-27.9350292992178,0.0 -48.6150274,-27.9350399992178,0.0 -48.6150346,-27.9350454992178,0.0 -48.6150454,-27.9350538992178,0.0 -48.6150559,-27.9350624992178,0.0 -48.6150611,-27.9350669992178,0.0 -48.6150761,-27.9350805992178,0.0 -48.6150857,-27.9350899992178,0.0 -48.615092,-27.9350962992178,0.0 -48.6151042,-27.9351092992178,0.0 -48.615113,-27.9351191992178,0.0 -48.6151188,-27.9351258992178,0.0 -48.61513,-27.9351394992178,0.0 -48.6151355,-27.9351463992178,0.0 -48.6151461,-27.9351602992178,0.0 -48.6151565,-27.9351744992178,0.0 -48.6151633,-27.9351840992178,0.0 -48.6151765,-27.9352033992178,0.0 -48.6152057,-27.9352477992178,0.0 -48.61522,-27.9352700992178,0.0 -48.615241,-27.9353036992178,0.0 -48.6152616,-27.9353374992178,0.0 -48.6152717,-27.9353543992178,0.0 -48.6152917,-27.9353884992178,0.0 -48.6153015,-27.9354056992178,0.0 -48.615316,-27.9354314992178,0.0 -48.6153274,-27.9354525992178,0.0 -48.6153349,-27.9354666992178,0.0 -48.6153494,-27.9354951992178,0.0 -48.6153635,-27.9355237992178,0.0 -48.6153911,-27.9355812992178,0.0 -48.6154118,-27.9356243992178,0.0 -48.615426,-27.9356528992178,0.0 -48.6154333,-27.9356670992178,0.0 -48.6154444,-27.9356882992178,0.0 -48.6154559,-27.9357093992178,0.0 -48.6154617,-27.9357197992178,0.0 -48.6154687,-27.9357315992178,0.0 -48.6154736,-27.9357391992178,0.0 -48.6154838,-27.9357543992178,0.0 -48.6154945,-27.9357692992178,0.0 -48.6155168,-27.9357986992178,0.0 -48.6155336,-27.9358207992178,0.0 -48.6155445,-27.9358355992178,0.0 -48.6155498,-27.9358430992178,0.0 -48.6155575,-27.9358544992178,0.0 -48.6155649,-27.9358660992178,0.0 -48.6155684,-27.9358718992178,0.0 -48.6155796,-27.9358912992178,0.0 -48.615585,-27.9359009992178,0.0 -48.615593,-27.9359155992178,0.0 -48.6156045,-27.9359377992178,0.0 -48.6156155,-27.9359600992178,0.0 -48.6156208,-27.9359713992178,0.0 -48.6156309,-27.9359939992178,0.0 -48.6156358,-27.9360054992178,0.0 -48.6156428,-27.9360226992178,0.0 -48.6156468,-27.9360330992178,0.0 -48.6156542,-27.9360540992178,0.0 -48.6156609,-27.9360752992178,0.0 -48.6156736,-27.9361178992178,0.0 -48.6156802,-27.9361391992178,0.0 -48.6156837,-27.9361496992178,0.0 -48.6156893,-27.9361654992178,0.0 -48.6157016,-27.9361975992178,0.0 -48.6157081,-27.9362135992178,0.0 -48.6157182,-27.9362373992178,0.0 -48.615729,-27.9362608992178,0.0 -48.6157347,-27.9362724992178,0.0 -48.6157427,-27.9362879992178,0.0 -48.6157469,-27.9362956992178,0.0 -48.6157534,-27.9363070992178,0.0 -48.6157638,-27.9363240992178,0.0 -48.615774,-27.9363395992178,0.0 -48.6157812,-27.9363496992178,0.0 -48.6157861,-27.9363562992178,0.0 -48.6157962,-27.9363693992178,0.0 -48.6158041,-27.9363788992178,0.0 -48.6158094,-27.9363851992178,0.0 -48.6158204,-27.9363976992178,0.0 -48.6158374,-27.9364158992178,0.0 -48.6158491,-27.9364277992178,0.0 -48.615857,-27.9364356992178,0.0 -48.6158732,-27.9364512992178,0.0 -48.615902,-27.9364783992178,0.0 -48.6159165,-27.9364916992178,0.0 -48.6159313,-27.9365047992178,0.0 -48.6159387,-27.9365112992178,0.0 -48.615954,-27.9365238992178,0.0 -48.6159617,-27.9365300992178,0.0 -48.6159736,-27.9365391992178,0.0 -48.6160051,-27.9365622992178,0.0 -48.6160262,-27.9365774992178,0.0 -48.6160689,-27.9366074992178,0.0 -48.6161007,-27.9366300992178,0.0 -48.6161166,-27.9366415992178,0.0 -48.6161319,-27.9366525992178,0.0 -48.6161625,-27.9366745992178,0.0 -48.6161852,-27.9366910992178,0.0 -48.6162077,-27.9367079992178,0.0 -48.6162188,-27.9367166992178,0.0 -48.6162334,-27.9367284992178,0.0 -48.6162406,-27.9367345992178,0.0 -48.6162513,-27.9367438992178,0.0 -48.616267,-27.9367582992178,0.0 -48.6162713,-27.9367625992178,0.0 -48.6162793,-27.9367712992178,0.0 -48.6162865,-27.9367803992178,0.0 -48.616291,-27.9367866992178,0.0 -48.6162938,-27.9367909992178,0.0 -48.6162992,-27.9367995992178,0.0 -48.6163048,-27.9368095992178,0.0 -48.6163082,-27.9368163992178,0.0 -48.6163148,-27.9368301992178,0.0 -48.6163209,-27.9368441992178,0.0 -48.6163324,-27.9368723992178,0.0 -48.6163413,-27.9368933992178,0.0 -48.6163468,-27.9369063992178,0.0 -48.6163502,-27.9369151992178,0.0 -48.6163565,-27.9369329992178,0.0 -48.6163624,-27.9369508992178,0.0 -48.6163736,-27.9369868992178,0.0 -48.6163794,-27.9370046992178,0.0 -48.6163825,-27.9370135992178,0.0 -48.6163891,-27.9370311992178,0.0 -48.6163928,-27.9370398992178,0.0 -48.6163986,-27.9370526992178,0.0 -48.6164051,-27.9370653992178,0.0 -48.6164086,-27.9370715992178,0.0 -48.6164216,-27.9370931992178,0.0 -48.6164306,-27.9371073992178,0.0 -48.6164368,-27.9371167992178,0.0 -48.6164495,-27.9371353992178,0.0 -48.6164592,-27.9371491992178,0.0 -48.6164792,-27.9371766992178,0.0 -48.6164928,-27.9371947992178,0.0 -48.6165202,-27.9372308992178,0.0 -48.6165409,-27.9372579992178,0.0 -48.6165612,-27.9372851992178,0.0 -48.6165712,-27.9372987992178,0.0 -48.6165859,-27.9373194992178,0.0 -48.6166002,-27.9373402992178,0.0 -48.6166071,-27.9373508992178,0.0 -48.6166189,-27.9373696992178,0.0 -48.6166265,-27.9373824992178,0.0 -48.616641,-27.9374083992178,0.0 -48.6166549,-27.9374345992178,0.0 -48.6166826,-27.9374871992178,0.0 -48.6166968,-27.9375132992178,0.0 -48.6167042,-27.9375261992178,0.0 -48.6167143,-27.9375431992178,0.0 -48.6167196,-27.9375515992178,0.0 -48.6167277,-27.9375640992178,0.0 -48.6167362,-27.9375763992178,0.0 -48.6167405,-27.9375824992178,0.0 -48.6167496,-27.9375944992178,0.0 -48.6167543,-27.9376003992178,0.0 -48.6167615,-27.9376090992178,0.0 -48.616778,-27.9376281992178,0.0 -48.6167892,-27.9376407992178,0.0 -48.6168119,-27.9376656992178,0.0 -48.6168349,-27.9376902992178,0.0 -48.6168817,-27.9377390992178,0.0 -48.6169167,-27.9377756992177,0.0 -48.6169396,-27.9377992992178,0.0 -48.616986,-27.9378459992178,0.0 -48.6170089,-27.9378697992178,0.0 -48.6170201,-27.9378818992178,0.0 -48.6170235,-27.9378857992177,0.0 -48.6170299,-27.9378936992178,0.0 -48.6170358,-27.9379019992178,0.0 -48.6170395,-27.9379075992177,0.0 -48.6170463,-27.9379190992178,0.0 -48.6170509,-27.9379279992177,0.0 -48.6170538,-27.9379339992177,0.0 -48.6170593,-27.9379461992178,0.0 -48.6170666,-27.9379647992177,0.0 -48.6170711,-27.9379773992178,0.0 -48.6170796,-27.9380024992177,0.0 -48.6170825,-27.9380115992177,0.0 -48.6170842,-27.9380176992178,0.0 -48.6170874,-27.9380299992178,0.0 -48.6170901,-27.9380423992177,0.0 -48.617095,-27.9380671992177,0.0 -48.6170987,-27.9380856992178,0.0 -48.617103,-27.9381041992177,0.0 -48.6171055,-27.9381133992177,0.0 -48.6171099,-27.9381269992178,0.0 -48.6171226,-27.9381629992177,0.0 -48.6171293,-27.9381809992177,0.0 -48.6171362,-27.9381988992178,0.0 -48.6171398,-27.9382077992177,0.0 -48.6171474,-27.9382253992177,0.0 -48.6171514,-27.9382340992177,0.0 -48.6171577,-27.9382470992177,0.0 -48.6171667,-27.9382639992177,0.0 -48.6171716,-27.9382723992177,0.0 -48.6171792,-27.9382846992177,0.0 -48.6171874,-27.9382966992177,0.0 -48.6171918,-27.9383025992177,0.0 -48.6172267,-27.9383489992177,0.0 -48.6172969,-27.9384415992177,0.0 -48.6173346,-27.9384905992177,0.0 -48.6173853,-27.9385556992177,0.0 -48.6174104,-27.9385883992177,0.0 -48.6174353,-27.9386213992177,0.0 -48.6174475,-27.9386379992177,0.0 -48.6174657,-27.9386631992177,0.0 -48.6174715,-27.9386716992177,0.0 -48.6174751,-27.9386774992177,0.0 -48.6174819,-27.9386892992177,0.0 -48.6174851,-27.9386951992177,0.0 -48.617491,-27.9387072992177,0.0 -48.6174963,-27.9387195992177,0.0 -48.6174995,-27.9387278992177,0.0 -48.6175055,-27.9387447992177,0.0 -48.6175095,-27.9387574992177,0.0 -48.6175119,-27.9387660992177,0.0 -48.6175165,-27.9387834992177,0.0 -48.6175226,-27.9388096992177,0.0 -48.6175338,-27.9388625992177,0.0 -48.6175397,-27.9388888992177,0.0 -48.6175429,-27.9389019992177,0.0 -48.6175482,-27.9389213992177,0.0 -48.6175596,-27.9389617992177,0.0 -48.6175817,-27.9390428992177,0.0 -48.6175932,-27.9390832992177,0.0 -48.6175993,-27.9391034992177,0.0 -48.6176062,-27.9391242992177,0.0 -48.6176112,-27.9391379992177,0.0 -48.6176148,-27.9391470992177,0.0 -48.6176222,-27.9391650992177,0.0 -48.6176282,-27.9391784992177,0.0 -48.6176406,-27.9392051992177,0.0 -48.6176538,-27.9392315992177,0.0 -48.6176813,-27.9392843992177,0.0 -48.6176976,-27.9393146992177,0.0 -48.617706,-27.9393296992177,0.0 -48.6177148,-27.9393444992177,0.0 -48.6177193,-27.9393517992177,0.0 -48.6177287,-27.9393662992177,0.0 -48.6177336,-27.9393733992177,0.0 -48.6177413,-27.9393838992177,0.0 -48.617752,-27.9393975992177,0.0 -48.6177576,-27.9394042992177,0.0 -48.6177665,-27.9394141992177,0.0 -48.6177758,-27.9394238992177,0.0 -48.6177806,-27.9394285992177,0.0 -48.6177848,-27.9394324992177,0.0 -48.6177936,-27.9394399992177,0.0 -48.6178028,-27.9394468992177,0.0 -48.6178091,-27.9394513992177,0.0 -48.6178219,-27.9394600992177,0.0 -48.6178366,-27.9394694992177,0.0 -48.6178665,-27.9394875992177,0.0 -48.6178811,-27.9394970992177,0.0 -48.6178882,-27.9395020992177,0.0 -48.6178986,-27.9395097992177,0.0 -48.6179192,-27.9395255992177,0.0 -48.6179396,-27.9395415992177,0.0 -48.617953,-27.9395523992177,0.0 -48.6179796,-27.9395742992177,0.0 -48.6180161,-27.9396047992177,0.0 -48.6180341,-27.9396202992177,0.0 -48.6180608,-27.9396437992177,0.0 -48.6180724,-27.9396542992177,0.0 -48.61808,-27.9396612992177,0.0 -48.6180949,-27.9396756992177,0.0 -48.6181168,-27.9396974992177,0.0 -48.6181312,-27.9397122992177,0.0 -48.6181598,-27.9397420992177,0.0 -48.6181807,-27.9397639992177,0.0 -48.6181909,-27.9397751992177,0.0 -48.6182005,-27.9397866992177,0.0 -48.618205,-27.9397925992177,0.0 -48.6182106,-27.9398005992177,0.0 -48.6182133,-27.9398047992177,0.0 -48.618217,-27.9398110992177,0.0 -48.618222,-27.9398207992177,0.0 -48.618228,-27.9398344992177,0.0 -48.6182318,-27.9398435992177,0.0 -48.6182391,-27.9398619992177,0.0 -48.6182492,-27.9398895992177,0.0 -48.6182683,-27.9399452992177,0.0 -48.6182781,-27.9399743992177,0.0 -48.6182969,-27.9400327992177,0.0 -48.6183067,-27.9400618992177,0.0 -48.6183118,-27.9400763992177,0.0 -48.6183176,-27.9400915992177,0.0 -48.6183207,-27.9400991992177,0.0 -48.6183256,-27.9401104992177,0.0 -48.6183337,-27.9401271992177,0.0 -48.6183425,-27.9401434992177,0.0 -48.6183473,-27.9401515992177,0.0 -48.6183539,-27.9401620992177,0.0 -48.6183574,-27.9401673992177,0.0 -48.6183627,-27.9401750992177,0.0 -48.6183712,-27.9401864992177,0.0 -48.6183764,-27.9401929992177,0.0 -48.6183871,-27.9402058992177,0.0 -48.6183981,-27.9402184992177,0.0 -48.6184205,-27.9402433992177,0.0 -48.6184371,-27.9402621992177,0.0 -48.6184452,-27.9402716992177,0.0 -48.6184502,-27.9402775992177,0.0 -48.6184608,-27.9402892992177,0.0 -48.6184938,-27.9403238992177,0.0 -48.6185044,-27.9403355992177,0.0 -48.6185094,-27.9403415992177,0.0 -48.6185167,-27.9403506992177,0.0 -48.6185227,-27.9403588992177,0.0 -48.6185256,-27.9403631992177,0.0 -48.6185296,-27.9403695992177,0.0 -48.6185349,-27.9403794992177,0.0 -48.6185381,-27.9403862992177,0.0 -48.6185516,-27.9404083992177,0.0 -48.618583,-27.9404637992177,0.0 -48.6186451,-27.9405748992177,0.0 -48.6186919,-27.9406581992177,0.0 -48.6187156,-27.9406995992177,0.0 -48.6187397,-27.9407408992177,0.0 -48.6187519,-27.9407613992177,0.0 -48.618774,-27.9407975992177,0.0 -48.6187892,-27.9408214992177,0.0 -48.6187994,-27.9408372992177,0.0 -48.6188203,-27.9408688992177,0.0 -48.6188521,-27.9409158992177,0.0 -48.6189169,-27.9410094992177,0.0 -48.6189492,-27.9410563992177,0.0 -48.6189651,-27.9410799992177,0.0 -48.6189861,-27.9411114992177,0.0 -48.6189964,-27.9411272992177,0.0 -48.6190117,-27.9411511992177,0.0 -48.6190341,-27.9411871992177,0.0 -48.6190485,-27.9412114992177,0.0 -48.6190556,-27.9412236992177,0.0 -48.619066,-27.9412420992177,0.0 -48.6190723,-27.9412535992177,0.0 -48.6190841,-27.9412766992177,0.0 -48.6190953,-27.9413000992177,0.0 -48.6191023,-27.9413157992177,0.0 -48.6191068,-27.9413262992177,0.0 -48.6191156,-27.9413474992177,0.0 -48.6191249,-27.9413714992177,0.0 -48.6191308,-27.9413875992177,0.0 -48.6191422,-27.9414198992177,0.0 -48.6191531,-27.9414524992177,0.0 -48.619174,-27.9415178992177,0.0 -48.6191896,-27.9415669992177,0.0 -48.6192004,-27.9415995992177,0.0 -48.6192059,-27.9416158992177,0.0 -48.6192145,-27.9416401992177,0.0 -48.6192234,-27.9416643992177,0.0 -48.6192281,-27.9416763992177,0.0 -48.6192377,-27.9417002992177,0.0 -48.6192428,-27.9417121992177,0.0 -48.6192507,-27.9417299992177,0.0 -48.6193056,-27.9418505992177,0.0 -48.6193334,-27.9419108992177,0.0 -48.6193617,-27.9419708992177,0.0 -48.619376,-27.9420008992177,0.0 -48.6194052,-27.9420605992177,0.0 -48.6194201,-27.9420902992177,0.0 -48.619443,-27.9421346992177,0.0 -48.6194638,-27.9421738992177,0.0 -48.6194745,-27.9421933992177,0.0 -48.6194907,-27.9422225992177,0.0 -48.6195156,-27.9422661992177,0.0 -48.6195328,-27.9422949992177,0.0 -48.6195415,-27.9423092992177,0.0 -48.6195547,-27.9423307992177,0.0 -48.6195629,-27.9423437992177,0.0 -48.6195795,-27.9423695992177,0.0 -48.6195965,-27.9423952992177,0.0 -48.619608,-27.9424122992177,0.0 -48.6196312,-27.9424460992177,0.0 -48.6196668,-27.9424964992177,0.0 -48.6196908,-27.9425298992177,0.0 -48.6197391,-27.9425964992177,0.0 -48.6197933,-27.9426714992177,0.0 -48.6198287,-27.9427217992177,0.0 -48.6198462,-27.9427470992177,0.0 -48.6198718,-27.9427853992177,0.0 -48.6198967,-27.9428239992177,0.0 -48.6199089,-27.9428434992177,0.0 -48.6201764,-27.9432775992177,0.0 -48.6203685,-27.9435881992177,0.0 -48.620378,-27.9436036992176,0.0 -48.6203966,-27.9436346992176,0.0 -48.6204148,-27.9436658992176,0.0 -48.6204268,-27.9436867992176,0.0 -48.6204501,-27.9437288992176,0.0 -48.6204671,-27.9437606992176,0.0 -48.6204783,-27.9437818992176,0.0 -48.6205,-27.9438246992176,0.0 -48.6205106,-27.9438460992176,0.0 -48.6205314,-27.9438892992176,0.0 -48.6205514,-27.9439326992176,0.0 -48.6205644,-27.9439617992176,0.0 -48.6205728,-27.9439812992176,0.0 -48.6205894,-27.9440202992176,0.0 -48.6206092,-27.9440685992176,0.0 -48.6206221,-27.9441007992176,0.0 -48.6206473,-27.9441653992176,0.0 -48.6206721,-27.9442299992176,0.0 -48.6207207,-27.9443597992176,0.0 -48.6207573,-27.9444573992176,0.0 -48.6207954,-27.9445592992176,0.0 -48.6208141,-27.9446102992176,0.0 -48.6208418,-27.9446867992176,0.0 -48.6208688,-27.9447633992176,0.0 -48.620882,-27.9448016992176,0.0 -48.6209079,-27.9448781992176,0.0 -48.6209112,-27.9448882992176,0.0 -48.6209123,-27.9448917992176,0.0 -48.6209292,-27.9449141992176,0.0 -48.6210756,-27.9451237992176,0.0 -48.6211327,-27.9452056992176,0.0 -48.6214925,-27.9454595992176,0.0 -48.6220812,-27.9457365992176,0.0 -48.6226006,-27.9459789992176,0.0 -48.6229642,-27.9461867992176,0.0 -48.6233105,-27.9462386992176,0.0 -48.6236221,-27.9462733992176,0.0 -48.6237953,-27.9464464992176,0.0 -48.6239338,-27.9468273992176,0.0 -48.6241415,-27.9473467992176,0.0 -48.6242973,-27.9477796992176,0.0 -48.6243493,-27.9480566992176,0.0 -48.6244185,-27.9482643992176,0.0 -48.6245397,-27.9484202992176,0.0 -48.6247475,-27.9485067992176,0.0 -48.6253189,-27.9486799992176,0.0 -48.6257517,-27.9487491992176,0.0 -48.6262192,-27.9487664992176,0.0 -48.6262969,-27.9487653992175,0.0 -48.6266825,-27.9487596992176,0.0 -48.6269637,-27.9487838992176,0.0 -48.6272407,-27.9488876992176,0.0 -48.6274831,-27.9491473992175,0.0 -48.6276797,-27.9494970992175,0.0 -48.6277947,-27.9497014992175,0.0 -48.6281064,-27.9499957992175,0.0 -48.6285565,-27.9502381992175,0.0 -48.6292491,-27.9507402992175,0.0 -48.6294222,-27.9509307992175,0.0 -48.6296473,-27.9512942992175,0.0 -48.6297858,-27.9515540992175,0.0 -48.6299589,-27.9517271992175,0.0 -48.630236,-27.9517444992175,0.0 -48.6304783,-27.9517444992175,0.0 -48.6306643,-27.9517663992175,0.0 -48.6307727,-27.9517790992175,0.0 -48.6310151,-27.9519002992175,0.0 -48.6313317,-27.9521408992175,0.0 -48.6314479,-27.9522292992175,0.0 -48.6318169,-27.9525724992175,0.0 -48.6319264,-27.9526743992175,0.0 -48.6321924,-27.9529217992175,0.0 -48.632885,-27.9534585992175,0.0 -48.6332139,-27.9537528992175,0.0 -48.6335775,-27.9541510992175,0.0 -48.6338718,-27.9543761992174,0.0 -48.6341489,-27.9545146992174,0.0 -48.6346946,-27.9548189992174,0.0 -48.6350492,-27.9550167992174,0.0 -48.6355166,-27.9553803992174,0.0 -48.6359668,-27.9557612992174,0.0 -48.6365208,-27.9562287992174,0.0 -48.6368671,-27.9568000992174,0.0 -48.6369017,-27.9571463992174,0.0 -48.636971,-27.9573887992174,0.0 -48.6371961,-27.9575791992174,0.0 -48.6373865,-27.9577003992174,0.0 -48.6374904,-27.9578908992174,0.0 -48.637525,-27.9582370992174,0.0 -48.6374904,-27.9585833992174,0.0 -48.6373173,-27.9587738992174,0.0 -48.6372261,-27.9589140992174,0.0 -48.6370922,-27.9591200992174,0.0 -48.6370576,-27.9594490992174,0.0 -48.6371961,-27.9597433992173,0.0 -48.6374038,-27.9602628992173,0.0 -48.6375311,-27.9604655992173,0.0 -48.6376462,-27.9608446992173,0.0 -48.6378894,-27.9611282992173,0.0 -48.6380939,-27.9615791992173,0.0 -48.6382164,-27.9623012992173,0.0 -48.638183,-27.9626694992173,0.0 -48.6380964,-27.9629810992173,0.0 -48.6380791,-27.9632580992173,0.0 -48.6381483,-27.9634312992173,0.0 -48.6383598,-27.9637903992173,0.0 -48.638618,-27.9639494992173,0.0 -48.6388755,-27.9641064992173,0.0 -48.6391698,-27.9641583992173,0.0 -48.6392386,-27.9641626992173,0.0 -48.6394469,-27.9641757992173,0.0 -48.6397239,-27.9642276992173,0.0 -48.6399316,-27.9643661992173,0.0 -48.6400355,-27.9645392992173,0.0 -48.6400655,-27.9646192992173,0.0 -48.6401394,-27.9648163992173,0.0 -48.6402433,-27.9650067992172,0.0 -48.6405896,-27.9651798992172,0.0 -48.6409531,-27.9653184992172,0.0 -48.641386,-27.9655088992172,0.0 -48.6417669,-27.9658724992172,0.0 -48.6421305,-27.9662360992172,0.0 -48.6424594,-27.9664611992172,0.0 -48.6427711,-27.9666861992172,0.0 -48.642875,-27.9668766992172,0.0 -48.6430308,-27.9669285992172,0.0 -48.643152,-27.9668420992172,0.0 -48.6431693,-27.9666515992172,0.0 -48.6433251,-27.9663399992172,0.0 -48.6435156,-27.9660802992172,0.0 -48.6436887,-27.9659417992172,0.0 -48.6439484,-27.9657858992172,0.0 -48.6442254,-27.9657339992172,0.0 -48.6443968,-27.9656482992172,0.0 -48.6446756,-27.9655088992172,0.0 -48.6450219,-27.9653010992173,0.0 -48.6452989,-27.9651798992172,0.0 -48.6455413,-27.9651798992172,0.0 -48.6459395,-27.9653876992172,0.0 -48.6460088,-27.9655261992172,0.0 -48.6461819,-27.9655954992172,0.0 -48.6464243,-27.9656819992172,0.0 -48.6466667,-27.9657339992172,0.0 -48.6469956,-27.9657685992172,0.0 -48.6473765,-27.9658724992172,0.0 -48.6479998,-27.9659763992172,0.0 -48.6486231,-27.9659590992172,0.0 -48.6488322,-27.9659009992172,0.0 -48.6489348,-27.9658724992172,0.0 -48.6492118,-27.9658205992172,0.0 -48.6494022,-27.9658031992172,0.0 -48.6495754,-27.9658378992172,0.0 -48.6497485,-27.9659243992172,0.0 -48.6498178,-27.9660455992172,0.0 -48.6498178,-27.9662879992172,0.0 -48.6498178,-27.9668073992172,0.0 -48.6497658,-27.9670844992172,0.0 -48.6498005,-27.9672921992172,0.0 -48.6499909,-27.9675691992172,0.0 -48.6502852,-27.9678808992172,0.0 -48.650545,-27.9682963992172,0.0 -48.6506913,-27.9685402992172,0.0 -48.6507527,-27.9686426992172,0.0 -48.6509778,-27.9687638992172,0.0 -48.6511636,-27.9688261992172,0.0 -48.6523616,-27.9692275992172,0.0 -48.6527621,-27.9694293992172,0.0 -48.6530557,-27.9695772992172,0.0 -48.653593,-27.9699852992172,0.0 -48.6541635,-27.9705471992171,0.0 -48.6545444,-27.9708068992171,0.0 -48.6548041,-27.9710838992171,0.0 -48.6550119,-27.9713262992171,0.0 -48.6551158,-27.9716898992171,0.0 -48.6551504,-27.9721919992171,0.0 -48.6553582,-27.9730230992171,0.0 -48.6556871,-27.9742522992171,0.0 -48.6558351,-27.9748113992171,0.0 -48.6558429,-27.9748409992171,0.0 -48.6559641,-27.9751352992171,0.0 -48.6559641,-27.9753949992171,0.0 -48.6558949,-27.9756893992171,0.0 -48.6557802,-27.976133499217,0.0 -48.6556698,-27.976520399217,0.0 -48.6555832,-27.976849399217,0.0 -48.6556525,-27.977039799217,0.0 -48.6558373,-27.977137899217,0.0 -48.6561308,-27.977356799217,0.0 -48.656345,-27.977524599217,0.0 -48.6567433,-27.977645799217,0.0 -48.6570203,-27.977732399217,0.0 -48.6572627,-27.977697799217,0.0 -48.6575051,-27.977836299217,0.0 -48.6578167,-27.978043999217,0.0 -48.6580591,-27.978303799217,0.0 -48.6582842,-27.978667299217,0.0 -48.6584573,-27.979013599217,0.0 -48.6586131,-27.979654199217,0.0 -48.6585958,-27.980052399217,0.0 -48.6586651,-27.980433299217,0.0 -48.6588382,-27.980692999217,0.0 -48.659046,-27.980952699217,0.0 -48.6594442,-27.981195099217,0.0 -48.6598078,-27.981454799217,0.0 -48.6601368,-27.9818183992169,0.0 -48.6603445,-27.9821646992169,0.0 -48.6604657,-27.9825455992169,0.0 -48.6605523,-27.9828572992169,0.0 -48.6606388,-27.9831342992169,0.0 -48.6606388,-27.9834458992169,0.0 -48.660583,-27.9837527992169,0.0 -48.660535,-27.9840172992169,0.0 -48.6604311,-27.9843461992169,0.0 -48.6602233,-27.9846405992169,0.0 -48.659929,-27.9848482992169,0.0 -48.6597732,-27.9848482992169,0.0 -48.6595308,-27.9849002992169,0.0 -48.6593057,-27.9850041992169,0.0 -48.6591672,-27.9852465992169,0.0 -48.6590893,-27.9854645992169,0.0 -48.6590806,-27.9854888992169,0.0 -48.6588382,-27.9857832992169,0.0 -48.6584342,-27.9861562992169,0.0 -48.658163,-27.9864065992169,0.0 -48.6576263,-27.9868220992168,0.0 -48.6572454,-27.9870298992169,0.0 -48.656951,-27.9872375992168,0.0 -48.6567779,-27.9874453992168,0.0 -48.656674,-27.9875838992168,0.0 -48.6566394,-27.9877569992168,0.0 -48.6565874,-27.9879993992168,0.0 -48.6566048,-27.9881898992168,0.0 -48.6567779,-27.9883975992168,0.0 -48.6572409,-27.9887532992168,0.0 -48.6577475,-27.9891594992168,0.0 -48.6580072,-27.9893844992168,0.0 -48.6583015,-27.9895922992168,0.0 -48.6586478,-27.9896961992168,0.0 -48.658994,-27.9897826992168,0.0 -48.6594615,-27.9900250992168,0.0 -48.6596245,-27.9901104992168,0.0 -48.6598251,-27.9902155992168,0.0 -48.6606215,-27.9907695992168,0.0 -48.6609505,-27.9909946992168,0.0 -48.6611409,-27.9911504992168,0.0 -48.6612968,-27.9913755992168,0.0 -48.661366,-27.9917910992168,0.0 -48.6613833,-27.9921893992168,0.0 -48.6614797,-27.9924494992167,0.0 -48.6615565,-27.9926567992167,0.0 -48.6617816,-27.9929337992167,0.0 -48.6620586,-27.9931761992167,0.0 -48.6623183,-27.9932800992167,0.0 -48.6626819,-27.9934012992167,0.0 -48.6632359,-27.9936609992167,0.0 -48.6635649,-27.9938860992167,0.0 -48.6637207,-27.9939726992167,0.0 -48.6639359,-27.9942595992167,0.0 -48.6639804,-27.9943188992167,0.0 -48.6642055,-27.9947863992167,0.0 -48.6642108,-27.9947950992167,0.0 -48.664344,-27.9950114992167,0.0 -48.6643959,-27.9952884992167,0.0 -48.6644306,-27.9955135992167,0.0 -48.6644998,-27.9958078992167,0.0 -48.6646383,-27.9961368992167,0.0 -48.6647768,-27.9964657992167,0.0 -48.6648288,-27.9967601992167,0.0 -48.6648634,-27.9971929992167,0.0 -48.6648634,-27.9974699992167,0.0 -48.6648672,-27.9975157992167,0.0 -48.664898,-27.9978855992166,0.0 -48.6649153,-27.9981105992167,0.0 -48.6650019,-27.9983010992166,0.0 -48.6650949,-27.9983874992166,0.0 -48.6652443,-27.9985261992166,0.0 -48.6656252,-27.9987858992166,0.0 -48.6660754,-27.9991147992166,0.0 -48.6666467,-27.9994783992166,0.0 -48.667175,-27.9999405992166,0.0 -48.6672008,-27.9999631992166,0.0 -48.6672467,-27.9999914992166,0.0 -48.6673323,-28.0000441992166,0.0 -48.6674258,-28.0001016992166,0.0 -48.6679106,-28.0002228992166,0.0 -48.6680532,-28.0002678992166,0.0 -48.6682396,-28.0003267992166,0.0 -48.6688614,-28.0005550992166,0.0 -48.6691226,-28.0008288992166,0.0 -48.669313,-28.0010712992166,0.0 -48.6695655,-28.0014430992166,0.0 -48.6698324,-28.0019369992166,0.0 -48.6700921,-28.0021620992166,0.0 -48.6703189,-28.0023894992166,0.0 -48.6707328,-28.0028891992166,0.0 -48.6709821,-28.0031059992166,0.0 -48.671131,-28.0032354992166,0.0 -48.671408,-28.0035471992165,0.0 -48.6715984,-28.0038241992165,0.0 -48.6715811,-28.0042223992165,0.0 -48.6715292,-28.0047244992165,0.0 -48.6715292,-28.0051053992165,0.0 -48.6714727,-28.0057892992165,0.0 -48.6715855,-28.0067897992165,0.0 -48.6717874,-28.0075433992165,0.0 -48.6722354,-28.0077020992165,0.0 -48.6728061,-28.0077838992165,0.0 -48.6732313,-28.0079928992165,0.0 -48.6734815,-28.0081322992165,0.0 -48.6737049,-28.0081021992165,0.0 -48.6739441,-28.0076227992165,0.0 -48.6740306,-28.0075224992165,0.0 -48.6741773,-28.0074212992165,0.0 -48.6742894,-28.0073739992165,0.0 -48.6752136,-28.0071262992165,0.0 -48.6759543,-28.0069705992165,0.0 -48.676695,-28.0068147992165,0.0 -48.677117,-28.0067427992165,0.0 -48.677289,-28.0067204992165,0.0 -48.6774259,-28.0067253992165,0.0 -48.6777746,-28.0067934992165,0.0 -48.6779775,-28.0068461992165,0.0 -48.6782262,-28.0068823992165,0.0 -48.6784134,-28.0068845992165,0.0 -48.6788191,-28.0068682992165,0.0 -48.6794173,-28.0067613992165,0.0 -48.6795576,-28.0067177992165,0.0 -48.6797146,-28.0066289992165,0.0 -48.6800039,-28.0064041992165,0.0 -48.6803315,-28.0061564992165,0.0 -48.6804456,-28.0061191992165,0.0 -48.6805931,-28.0061058992165,0.0 -48.6807075,-28.0061347992165,0.0 -48.6808788,-28.0063636992165,0.0 -48.6814876,-28.0071599992165,0.0 -48.6816422,-28.0073762992165,0.0 -48.6817256,-28.0075836992165,0.0 -48.6819213,-28.0081504992165,0.0 -48.6820381,-28.0084304992165,0.0 -48.6821728,-28.0086591992164,0.0 -48.6823523,-28.0088717992165,0.0 -48.683294,-28.0097436992164,0.0 -48.6838128,-28.0101810992164,0.0 -48.6839284,-28.0103058992164,0.0 -48.6839957,-28.0104022992164,0.0 -48.6840628,-28.0105066992164,0.0 -48.6840964,-28.0105768992164,0.0 -48.6841991,-28.0109268992164,0.0 -48.6842226,-28.0110627992164,0.0 -48.6842255,-28.0111320992164,0.0 -48.6842387,-28.0111831992164,0.0 -48.6842729,-28.0112513992164,0.0 -48.6843224,-28.0113115992164,0.0 -48.6844034,-28.0113803992164,0.0 -48.6844824,-28.0114273992164,0.0 -48.6845586,-28.0114623992164,0.0 -48.6846079,-28.0114883992164,0.0 -48.684691,-28.0115524992164,0.0 -48.6847229,-28.0116034992164,0.0 -48.6847784,-28.0116971992164,0.0 -48.6848285,-28.0117693992164,0.0 -48.6848741,-28.0118036992164,0.0 -48.6849232,-28.0118391992164,0.0 -48.6849802,-28.0118756992164,0.0 -48.6850514,-28.0119276992164,0.0 -48.6851123,-28.0119720992164,0.0 -48.6851697,-28.0120145992164,0.0 -48.6852179,-28.0120484992164,0.0 -48.6852783,-28.0120919992164,0.0 -48.6853439,-28.0121392992164,0.0 -48.6853869,-28.0121739992164,0.0 -48.685432,-28.0122235992164,0.0 -48.6854659,-28.0122650992164,0.0 -48.6854828,-28.0123176992164,0.0 -48.6854797,-28.0123768992164,0.0 -48.6854459,-28.0124496992164,0.0 -48.6853978,-28.0125133992164,0.0 -48.6853368,-28.0125707992164,0.0 -48.6853339,-28.0125737992164,0.0 -48.6852772,-28.0126333992164,0.0 -48.6852247,-28.0127052992164,0.0 -48.6851915,-28.0127748992164,0.0 -48.6851469,-28.0128650992164,0.0 -48.6849923,-28.0131258992164,0.0 -48.6849462,-28.0132289992164,0.0 -48.6849155,-28.0133045992164,0.0 -48.6849056,-28.0133424992164,0.0 -48.684901,-28.0133597992164,0.0 -48.6848881,-28.0134145992164,0.0 -48.6848753,-28.0134665992164,0.0 -48.6848581,-28.0135231992164,0.0 -48.6848491,-28.0135495992164,0.0 -48.6848383,-28.0135814992164,0.0 -48.6848231,-28.0136421992164,0.0 -48.6848135,-28.0136910992164,0.0 -48.6848038,-28.0137444992164,0.0 -48.6847897,-28.0138010992164,0.0 -48.6847692,-28.0138482992164,0.0 -48.6847473,-28.0138866992164,0.0 -48.6846946,-28.0140826992163,0.0 -48.684693,-28.0141469992164,0.0 -48.6846966,-28.0142089992164,0.0 -48.6847029,-28.0142302992164,0.0 -48.6847134,-28.0142653992163,0.0 -48.6847367,-28.0143089992164,0.0 -48.6847669,-28.0143521992163,0.0 -48.6848114,-28.0144068992163,0.0 -48.6848861,-28.0144853992163,0.0 -48.6849639,-28.0145250992163,0.0 -48.6850063,-28.0145625992163,0.0 -48.6850135,-28.0146251992163,0.0 -48.6849924,-28.0146936992163,0.0 -48.6849179,-28.0148062992163,0.0 -48.6849026,-28.0148315992163,0.0 -48.6847482,-28.0150861992163,0.0 -48.6847391,-28.0151336992163,0.0 -48.684743,-28.0151869992163,0.0 -48.6847652,-28.0152336992163,0.0 -48.6848048,-28.0152762992163,0.0 -48.6848444,-28.0153011992163,0.0 -48.6849097,-28.0153377992163,0.0 -48.6849737,-28.0153721992163,0.0 -48.685006,-28.0153894992163,0.0 -48.6850882,-28.0154398992163,0.0 -48.6851666,-28.0154966992163,0.0 -48.6852313,-28.0155564992163,0.0 -48.6852616,-28.0155983992163,0.0 -48.6852834,-28.0156418992163,0.0 -48.6853043,-28.0157006992163,0.0 -48.685307,-28.0157580992163,0.0 -48.6852964,-28.0158244992163,0.0 -48.6852718,-28.0158859992163,0.0 -48.6851155,-28.0161295992163,0.0 -48.6850661,-28.0161825992163,0.0 -48.6850181,-28.0162629992163,0.0 -48.6849176,-28.0164815992163,0.0 -48.6848458,-28.0166820992163,0.0 -48.6848144,-28.0167907992163,0.0 -48.6848067,-28.0168832992163,0.0 -48.684806,-28.0169869992163,0.0 -48.6848288,-28.0170837992163,0.0 -48.6848761,-28.0172091992163,0.0 -48.6849372,-28.0173740992163,0.0 -48.6849833,-28.0174657992163,0.0 -48.6851493,-28.0176918992163,0.0 -48.6852246,-28.0177603992163,0.0 -48.6853036,-28.0178237992163,0.0 -48.6853689,-28.0178714992163,0.0 -48.6854851,-28.0179477992163,0.0 -48.6855885,-28.0180304992163,0.0 -48.685652,-28.0180850992163,0.0 -48.6856976,-28.0181374992163,0.0 -48.6857709,-28.0182377992163,0.0 -48.6858154,-28.0182915992163,0.0 -48.6858567,-28.0183265992163,0.0 -48.6859759,-28.0183519992163,0.0 -48.6860614,-28.0183532992163,0.0 -48.6861318,-28.0183664992163,0.0 -48.6861601,-28.0183789992163,0.0 -48.6863922,-28.0185344992163,0.0 -48.6864728,-28.0185901992163,0.0 -48.6868566,-28.0188409992163,0.0 -48.6872111,-28.0190583992163,0.0 -48.6872569,-28.0190743992163,0.0 -48.687335,-28.0190850992163,0.0 -48.6873828,-28.0191033992163,0.0 -48.6874277,-28.0191246992163,0.0 -48.6874668,-28.0191411992163,0.0 -48.6875002,-28.0191507992163,0.0 -48.6875446,-28.0191535992162,0.0 -48.6875864,-28.0191518992163,0.0 -48.6876315,-28.0191426992163,0.0 -48.6876904,-28.0191113992163,0.0 -48.6877417,-28.0190680992163,0.0 -48.6877769,-28.0190270992163,0.0 -48.6879133,-28.0188799992163,0.0 -48.6879554,-28.0188493992163,0.0 -48.6879677,-28.0188403992163,0.0 -48.6880174,-28.0188091992163,0.0 -48.688041,-28.0187976992163,0.0 -48.6880778,-28.0187797992163,0.0 -48.6881506,-28.0187444992163,0.0 -48.6882474,-28.0186753992163,0.0 -48.6884265,-28.0185330992163,0.0 -48.6885056,-28.0184685992163,0.0 -48.6886721,-28.0183494992163,0.0 -48.6886843,-28.0182908992163,0.0 -48.6887007,-28.0182355992163,0.0 -48.6887236,-28.0181726992163,0.0 -48.6887508,-28.0181070992163,0.0 -48.6887732,-28.0180511992163,0.0 -48.6887983,-28.0180005992163,0.0 -48.6888248,-28.0179487992163,0.0 -48.6888501,-28.0179006992163,0.0 -48.6888778,-28.0178461992163,0.0 -48.6889076,-28.0177750992163,0.0 -48.6889354,-28.0177269992163,0.0 -48.6889738,-28.0176494992163,0.0 -48.6890196,-28.0175770992163,0.0 -48.6890638,-28.0175112992163,0.0 -48.68909,-28.0174698992163,0.0 -48.6891357,-28.0174028992163,0.0 -48.6891705,-28.0173493992163,0.0 -48.6892144,-28.0172797992163,0.0 -48.6892819,-28.0171840992163,0.0 -48.6893289,-28.0171254992163,0.0 -48.6893695,-28.0170868992163,0.0 -48.6894137,-28.0170670992163,0.0 -48.6894474,-28.0170653992163,0.0 -48.6894827,-28.0170659992163,0.0 -48.6895167,-28.0170763992163,0.0 -48.689551,-28.0170934992163,0.0 -48.6896004,-28.0171254992163,0.0 -48.6896714,-28.0171708992163,0.0 -48.6897603,-28.0172123992163,0.0 -48.6898805,-28.0172652992163,0.0 -48.6899812,-28.0173071992163,0.0 -48.6900984,-28.0173568992163,0.0 -48.6901711,-28.0173885992163,0.0 -48.6902638,-28.0174298992163,0.0 -48.690371,-28.0174771992163,0.0 -48.690426,-28.0175033992163,0.0 -48.6905229,-28.0175598992163,0.0 -48.6906298,-28.0176232992163,0.0 -48.6907148,-28.0176711992163,0.0 -48.6907822,-28.0177109992163,0.0 -48.6908743,-28.0177606992163,0.0 -48.6909958,-28.0178180992163,0.0 -48.6910586,-28.0178490992163,0.0 -48.6911569,-28.0178872992163,0.0 -48.6912252,-28.0179086992163,0.0 -48.6913732,-28.0179302992163,0.0 -48.6914513,-28.0179365992163,0.0 -48.6915672,-28.0179505992163,0.0 -48.691681,-28.0179600992163,0.0 -48.6917796,-28.0179617992163,0.0 -48.6919157,-28.0179510992163,0.0 -48.6920214,-28.0179385992163,0.0 -48.69215,-28.0179219992163,0.0 -48.6922444,-28.0179123992163,0.0 -48.6923372,-28.0179018992163,0.0 -48.6924287,-28.0178953992163,0.0 -48.6932163,-28.0178455992163,0.0 -48.6933263,-28.0178380992163,0.0 -48.6934424,-28.0178207992163,0.0 -48.6935063,-28.0178096992163,0.0 -48.6936063,-28.0177957992163,0.0 -48.6936952,-28.0177780992163,0.0 -48.6937629,-28.0177680992163,0.0 -48.6938427,-28.0177541992163,0.0 -48.6939287,-28.0177306992163,0.0 -48.6939894,-28.0177073992163,0.0 -48.6940762,-28.0176722992163,0.0 -48.6941503,-28.0176399992163,0.0 -48.6942164,-28.0176085992163,0.0 -48.6942868,-28.0175782992163,0.0 -48.6943867,-28.0175393992163,0.0 -48.6944735,-28.0175059992163,0.0 -48.6945559,-28.0174768992163,0.0 -48.6945864,-28.0174664992163,0.0 -48.6946482,-28.0174453992163,0.0 -48.6947197,-28.0174193992163,0.0 -48.6947786,-28.0173970992163,0.0 -48.6948221,-28.0173616992163,0.0 -48.6948444,-28.0173331992163,0.0 -48.6948709,-28.0172952992163,0.0 -48.6948869,-28.0172544992163,0.0 -48.6948939,-28.0172085992163,0.0 -48.6948972,-28.0171470992163,0.0 -48.6948971,-28.0171050992163,0.0 -48.6948964,-28.0170662992163,0.0 -48.6948952,-28.0170293992163,0.0 -48.6948932,-28.0169763992163,0.0 -48.6948904,-28.0169165992163,0.0 -48.6948881,-28.0168572992163,0.0 -48.6948842,-28.0168063992163,0.0 -48.6948801,-28.0167437992163,0.0 -48.6948791,-28.0166884992163,0.0 -48.6948765,-28.0166387992163,0.0 -48.6948739,-28.0165921992163,0.0 -48.6948727,-28.0165216992163,0.0 -48.6948714,-28.0164567992163,0.0 -48.6948721,-28.0164035992163,0.0 -48.6948719,-28.0163307992163,0.0 -48.6948747,-28.0162626992163,0.0 -48.694875,-28.0162087992163,0.0 -48.6948929,-28.0161680992163,0.0 -48.6949144,-28.0161277992163,0.0 -48.6949423,-28.0160836992163,0.0 -48.6949678,-28.0160454992163,0.0 -48.6949945,-28.0160157992163,0.0 -48.6950295,-28.0159725992163,0.0 -48.6950677,-28.0159302992163,0.0 -48.6950999,-28.0158933992163,0.0 -48.695132,-28.0158604992163,0.0 -48.6951675,-28.0158226992163,0.0 -48.695212,-28.0157732992163,0.0 -48.6952543,-28.0157257992163,0.0 -48.6953015,-28.0156739992163,0.0 -48.6953462,-28.0156192992163,0.0 -48.6953885,-28.0155756992163,0.0 -48.6954253,-28.0155433992163,0.0 -48.695454,-28.0155099992163,0.0 -48.6954699,-28.0154808992163,0.0 -48.695484,-28.0154382992163,0.0 -48.6954925,-28.0153968992163,0.0 -48.6954873,-28.0153535992163,0.0 -48.6954799,-28.0152721992163,0.0 -48.6954712,-28.0152002992163,0.0 -48.6954709,-28.0151453992163,0.0 -48.6954663,-28.0150504992163,0.0 -48.6954647,-28.0149764992163,0.0 -48.6954622,-28.0148926992163,0.0 -48.6954661,-28.0147742992163,0.0 -48.6954733,-28.0146767992163,0.0 -48.6954733,-28.0145762992164,0.0 -48.6954754,-28.0145097992163,0.0 -48.6954865,-28.0144010992164,0.0 -48.6954908,-28.0142984992164,0.0 -48.6955006,-28.0142097992163,0.0 -48.6955071,-28.0141427992164,0.0 -48.69552,-28.0140508992164,0.0 -48.6955287,-28.0139476992164,0.0 -48.6955482,-28.0138539992164,0.0 -48.6955643,-28.0137792992164,0.0 -48.6955839,-28.0137100992164,0.0 -48.6956105,-28.0136222992164,0.0 -48.6956429,-28.0135661992164,0.0 -48.6956713,-28.0135005992164,0.0 -48.6957054,-28.0134296992164,0.0 -48.6957286,-28.0133314992164,0.0 -48.6957439,-28.0132582992164,0.0 -48.6957572,-28.0131820992164,0.0 -48.6957655,-28.0130991992164,0.0 -48.6957747,-28.0130110992164,0.0 -48.6957839,-28.0129448992164,0.0 -48.6957883,-28.0128948992164,0.0 -48.6957931,-28.0128590992164,0.0 -48.6957945,-28.0128190992164,0.0 -48.6957947,-28.0127799992164,0.0 -48.6957945,-28.0127524992164,0.0 -48.695794,-28.0127216992164,0.0 -48.695796,-28.0126680992164,0.0 -48.6957994,-28.0126293992164,0.0 -48.6958162,-28.0125962992164,0.0 -48.6958424,-28.0125640992164,0.0 -48.695878,-28.0125261992164,0.0 -48.695927,-28.0124864992164,0.0 -48.695973,-28.0124545992164,0.0 -48.6960021,-28.0124307992164,0.0 -48.6960405,-28.0123929992164,0.0 -48.6960602,-28.0123631992164,0.0 -48.6960826,-28.0123365992164,0.0 -48.6960934,-28.0123252992164,0.0 -48.6961122,-28.0123162992164,0.0 -48.6961264,-28.0123121992164,0.0 -48.696141,-28.0123109992164,0.0 -48.6961681,-28.0123128992164,0.0 -48.696195,-28.0123233992164,0.0 -48.6962168,-28.0123452992164,0.0 -48.6962547,-28.0123819992164,0.0 -48.6962978,-28.0124272992164,0.0 -48.6963394,-28.0124717992164,0.0 -48.6963703,-28.0125083992164,0.0 -48.6964075,-28.0125513992164,0.0 -48.6964525,-28.0125862992164,0.0 -48.6965017,-28.0126143992164,0.0 -48.6965497,-28.0126406992164,0.0 -48.696579,-28.0126592992164,0.0 -48.6966092,-28.0126815992164,0.0 -48.6966427,-28.0127110992164,0.0 -48.696651,-28.0127190992164,0.0 -48.6966698,-28.0127371992164,0.0 -48.6966843,-28.0127529992164,0.0 -48.6967079,-28.0127907992164,0.0 -48.6967356,-28.0128273992164,0.0 -48.6967597,-28.0128751992164,0.0 -48.6967857,-28.0129227992164,0.0 -48.696805,-28.0129723992164,0.0 -48.6968228,-28.0130272992164,0.0 -48.6968412,-28.0130846992164,0.0 -48.6968527,-28.0131236992164,0.0 -48.6968664,-28.0131601992164,0.0 -48.6968882,-28.0132110992164,0.0 -48.6969085,-28.0132571992164,0.0 -48.6969306,-28.0133049992164,0.0 -48.6969548,-28.0133500992164,0.0 -48.6969875,-28.0134020992164,0.0 -48.6970207,-28.0134507992164,0.0 -48.6970473,-28.0134883992164,0.0 -48.6970855,-28.0135363992164,0.0 -48.6971155,-28.0135802992164,0.0 -48.6971337,-28.0136120992164,0.0 -48.6971451,-28.0136435992164,0.0 -48.6971516,-28.0136775992164,0.0 -48.6971549,-28.0137234992164,0.0 -48.6971577,-28.0137693992164,0.0 -48.6971555,-28.0138158992164,0.0 -48.6971571,-28.0138627992164,0.0 -48.6971577,-28.0139024992164,0.0 -48.6971595,-28.0139528992164,0.0 -48.6971595,-28.0140099992164,0.0 -48.6971605,-28.0140417992164,0.0 -48.6971585,-28.0140967992164,0.0 -48.6971602,-28.0141480992163,0.0 -48.6971586,-28.0141966992163,0.0 -48.6971611,-28.0142425992163,0.0 -48.697163,-28.0142891992163,0.0 -48.6971644,-28.0143472992164,0.0 -48.6971657,-28.0143901992163,0.0 -48.697166,-28.0144452992164,0.0 -48.6971656,-28.0145171992163,0.0 -48.6971664,-28.0145625992163,0.0 -48.6971673,-28.0146387992163,0.0 -48.6971636,-28.0146941992163,0.0 -48.6971623,-28.0147269992163,0.0 -48.6971607,-28.0147893992163,0.0 -48.6971635,-28.0148466992163,0.0 -48.6971666,-28.0148912992163,0.0 -48.6971716,-28.0149350992163,0.0 -48.6971804,-28.0149687992163,0.0 -48.6971959,-28.0150097992163,0.0 -48.6972105,-28.0150417992163,0.0 -48.6972197,-28.0150676992163,0.0 -48.6972245,-28.0150970992163,0.0 -48.6972322,-28.0151386992163,0.0 -48.697236,-28.0151676992163,0.0 -48.6972379,-28.0152013992163,0.0 -48.697235,-28.0152410992163,0.0 -48.6972286,-28.0152834992163,0.0 -48.6972193,-28.0153145992163,0.0 -48.6972139,-28.0153514992163,0.0 -48.6972093,-28.0153948992163,0.0 -48.6972066,-28.0154229992163,0.0 -48.6972052,-28.0154746992163,0.0 -48.6972047,-28.0155139992163,0.0 -48.6972036,-28.0155493992163,0.0 -48.6971986,-28.0155857992163,0.0 -48.6971935,-28.0156200992163,0.0 -48.6971847,-28.0156431992163,0.0 -48.6971734,-28.0156621992163,0.0 -48.6971554,-28.0156837992163,0.0 -48.6971347,-28.0156989992163,0.0 -48.6971114,-28.0157115992163,0.0 -48.6971,-28.0157243992163,0.0 -48.6970938,-28.0157448992163,0.0 -48.69709,-28.0157725992163,0.0 -48.6970898,-28.0157960992163,0.0 -48.6970968,-28.0158280992163,0.0 -48.6971062,-28.0158497992163,0.0 -48.6971225,-28.0158823992163,0.0 -48.6971376,-28.0159114992163,0.0 -48.6971649,-28.0159513992163,0.0 -48.6971823,-28.0159857992163,0.0 -48.6972,-28.0160183992163,0.0 -48.6972095,-28.0160559992163,0.0 -48.6972179,-28.0160942992163,0.0 -48.6972261,-28.0161422992163,0.0 -48.69724,-28.0161770992163,0.0 -48.6972573,-28.0162043992163,0.0 -48.6972751,-28.0162313992163,0.0 -48.6972926,-28.0162591992163,0.0 -48.6973136,-28.0162874992163,0.0 -48.697339,-28.0163182992163,0.0 -48.6973665,-28.0163494992163,0.0 -48.6973899,-28.0163734992163,0.0 -48.6974229,-28.0164053992163,0.0 -48.6974553,-28.0164331992163,0.0 -48.6974799,-28.0164560992163,0.0 -48.6975216,-28.0164942992163,0.0 -48.6975605,-28.0165282992163,0.0 -48.697599,-28.0165642992163,0.0 -48.6976232,-28.0165836992163,0.0 -48.6976526,-28.0166052992163,0.0 -48.6976938,-28.0166320992163,0.0 -48.6977315,-28.0166523992163,0.0 -48.6977821,-28.0166771992163,0.0 -48.697821,-28.0166981992163,0.0 -48.6978786,-28.0167256992163,0.0 -48.6979209,-28.0167471992163,0.0 -48.6979622,-28.0167689992163,0.0 -48.6979994,-28.0167906992163,0.0 -48.6980354,-28.0168115992163,0.0 -48.6980661,-28.0168331992163,0.0 -48.6980991,-28.0168591992163,0.0 -48.6981263,-28.0168801992163,0.0 -48.6981668,-28.0169015992163,0.0 -48.698207,-28.0169141992163,0.0 -48.6982581,-28.0169197992163,0.0 -48.6982967,-28.0169204992163,0.0 -48.6983015,-28.0169205992163,0.0 -48.6983314,-28.0169206992163,0.0 -48.6983568,-28.0169232992163,0.0 -48.6983706,-28.0169263992163,0.0 -48.698384,-28.0169338992163,0.0 -48.6983923,-28.0169470992163,0.0 -48.6983961,-28.0169595992163,0.0 -48.6984006,-28.0169817992163,0.0 -48.6984056,-28.0170150992163,0.0 -48.6984117,-28.0170565992163,0.0 -48.6984102,-28.0170915992163,0.0 -48.698409,-28.0171271992163,0.0 -48.6984032,-28.0171673992163,0.0 -48.6983973,-28.0171970992163,0.0 -48.6983871,-28.0172313992163,0.0 -48.6983718,-28.0172567992163,0.0 -48.6983552,-28.0172822992163,0.0 -48.6983393,-28.0173023992163,0.0 -48.6983109,-28.0173254992163,0.0 -48.6982822,-28.0173471992163,0.0 -48.6982473,-28.0173712992163,0.0 -48.698214,-28.0173968992163,0.0 -48.6981877,-28.0174204992163,0.0 -48.6981777,-28.0174390992163,0.0 -48.698172,-28.0174552992163,0.0 -48.6981652,-28.0174686992163,0.0 -48.6981559,-28.0174826992163,0.0 -48.6981396,-28.0174947992163,0.0 -48.6981143,-28.0175102992163,0.0 -48.6980862,-28.0175250992163,0.0 -48.6980534,-28.0175433992163,0.0 -48.6980276,-28.0175633992163,0.0 -48.6980046,-28.0175876992163,0.0 -48.6979817,-28.0176187992163,0.0 -48.6979612,-28.0176539992163,0.0 -48.6979241,-28.0177056992163,0.0 -48.6978917,-28.0177443992163,0.0 -48.6978613,-28.0177907992163,0.0 -48.6978363,-28.0178246992163,0.0 -48.6977979,-28.0178763992163,0.0 -48.6977716,-28.0179205992163,0.0 -48.6977424,-28.0179618992163,0.0 -48.6977158,-28.0179965992163,0.0 -48.6976811,-28.0180482992163,0.0 -48.6976583,-28.0180835992163,0.0 -48.6976412,-28.0181333992163,0.0 -48.697628,-28.0181769992163,0.0 -48.6976122,-28.0182224992163,0.0 -48.6975934,-28.0182803992163,0.0 -48.6975795,-28.0183349992163,0.0 -48.6975655,-28.0183763992163,0.0 -48.6975445,-28.0184221992163,0.0 -48.6975234,-28.0184704992163,0.0 -48.6975029,-28.0185115992163,0.0 -48.6974867,-28.0185599992163,0.0 -48.6974795,-28.0185854992163,0.0 -48.6974749,-28.0186315992163,0.0 -48.6974718,-28.0186786992163,0.0 -48.6974809,-28.0187297992163,0.0 -48.6974917,-28.0187586992163,0.0 -48.6975012,-28.0187815992163,0.0 -48.6975151,-28.0188177992163,0.0 -48.6975321,-28.0188682992163,0.0 -48.6975467,-28.0189113992163,0.0 -48.6975539,-28.0189603992163,0.0 -48.6975533,-28.0190086992163,0.0 -48.6975474,-28.0190728992163,0.0 -48.6975403,-28.0191187992163,0.0 -48.6975284,-28.0191566992163,0.0 -48.6975176,-28.0192022992163,0.0 -48.6975022,-28.0192532992163,0.0 -48.6974898,-28.0192921992162,0.0 -48.6974793,-28.0193260992163,0.0 -48.6974666,-28.0193647992163,0.0 -48.6974544,-28.0193986992163,0.0 -48.6974356,-28.0194361992163,0.0 -48.6974249,-28.0194604992163,0.0 -48.6974041,-28.0194960992163,0.0 -48.6973822,-28.0195247992163,0.0 -48.6973657,-28.0195484992163,0.0 -48.6973574,-28.0195730992163,0.0 -48.6973575,-28.0196050992162,0.0 -48.6973656,-28.0196298992163,0.0 -48.697376,-28.0196563992162,0.0 -48.6973918,-28.0196827992162,0.0 -48.6974101,-28.0197119992162,0.0 -48.697435,-28.0197538992163,0.0 -48.6974596,-28.0197927992163,0.0 -48.6974779,-28.0198373992163,0.0 -48.6974866,-28.0198894992162,0.0 -48.6974907,-28.0199315992162,0.0 -48.6975007,-28.0199796992162,0.0 -48.6975268,-28.0200222992162,0.0 -48.6975647,-28.0200530992162,0.0 -48.6975883,-28.0200799992162,0.0 -48.6976055,-28.0201000992162,0.0 -48.6976381,-28.0201463992162,0.0 -48.697659,-28.0202059992162,0.0 -48.6976721,-28.0202506992162,0.0 -48.6976889,-28.0203472992162,0.0 -48.6977031,-28.0204080992162,0.0 -48.6977178,-28.0204675992162,0.0 -48.6977345,-28.0205317992162,0.0 -48.69776,-28.0205841992162,0.0 -48.6977945,-28.0206237992162,0.0 -48.6978447,-28.0206706992162,0.0 -48.6978949,-28.0207029992162,0.0 -48.6979573,-28.0207548992162,0.0 -48.6980076,-28.0207956992162,0.0 -48.6980647,-28.0208356992162,0.0 -48.6981309,-28.0208825992162,0.0 -48.6981955,-28.0209264992162,0.0 -48.6982378,-28.0209562992162,0.0 -48.6982653,-28.0209733992162,0.0 -48.6983099,-28.0209997992162,0.0 -48.6983569,-28.0210252992162,0.0 -48.6984066,-28.0210558992162,0.0 -48.6984604,-28.0210861992162,0.0 -48.6985063,-28.0211121992162,0.0 -48.6985736,-28.0211463992162,0.0 -48.6986351,-28.0211786992162,0.0 -48.6986954,-28.0212069992162,0.0 -48.6987639,-28.0212422992162,0.0 -48.6988405,-28.0212780992162,0.0 -48.6989081,-28.0212998992162,0.0 -48.6989461,-28.0213118992162,0.0 -48.6990039,-28.0213266992162,0.0 -48.6990336,-28.0213343992162,0.0 -48.6990639,-28.0213422992162,0.0 -48.6991213,-28.0213584992162,0.0 -48.6991752,-28.0213658992162,0.0 -48.6992402,-28.0213713992162,0.0 -48.6992832,-28.0213768992162,0.0 -48.6993392,-28.0213810992162,0.0 -48.6993805,-28.0213879992162,0.0 -48.6994212,-28.0213984992162,0.0 -48.6994585,-28.0214161992162,0.0 -48.6994803,-28.0214299992162,0.0 -48.6995051,-28.0214487992162,0.0 -48.6995464,-28.0214886992162,0.0 -48.6995787,-28.0215302992162,0.0 -48.6996037,-28.0215695992162,0.0 -48.6996234,-28.0216060992162,0.0 -48.6996547,-28.0216581992162,0.0 -48.6996827,-28.0217098992162,0.0 -48.6997205,-28.0217613992162,0.0 -48.6997599,-28.0218017992162,0.0 -48.6998118,-28.0218473992162,0.0 -48.6998728,-28.0218879992162,0.0 -48.6999167,-28.0219195992162,0.0 -48.6999504,-28.0219435992162,0.0 -48.7000127,-28.0219809992162,0.0 -48.7000621,-28.0220075992162,0.0 -48.7001139,-28.0220352992162,0.0 -48.7001606,-28.0220578992162,0.0 -48.700189,-28.0220674992162,0.0 -48.700228,-28.0220765992162,0.0 -48.7002959,-28.0220820992162,0.0 -48.7003542,-28.0220939992162,0.0 -48.7004137,-28.0221065992162,0.0 -48.7004716,-28.0221213992162,0.0 -48.7005022,-28.0221314992162,0.0 -48.70055,-28.0221569992162,0.0 -48.7005939,-28.0221907992162,0.0 -48.7006119,-28.0222149992162,0.0 -48.7006287,-28.0222528992162,0.0 -48.7006486,-28.0222996992162,0.0 -48.7006721,-28.0223502992162,0.0 -48.700702,-28.0223978992162,0.0 -48.7007362,-28.0224434992162,0.0 -48.7007752,-28.0224800992162,0.0 -48.7008186,-28.0225171992162,0.0 -48.7008696,-28.0225633992162,0.0 -48.7009123,-28.0226053992162,0.0 -48.7009673,-28.0226589992162,0.0 -48.7010167,-28.0227055992162,0.0 -48.7010673,-28.0227521992162,0.0 -48.7011021,-28.0227927992162,0.0 -48.7011291,-28.0228166992162,0.0 -48.7011692,-28.0228555992162,0.0 -48.7012003,-28.0228981992162,0.0 -48.7012259,-28.0229443992162,0.0 -48.7012445,-28.0229790992162,0.0 -48.7012775,-28.0230486992162,0.0 -48.7013093,-28.0231116992162,0.0 -48.7013311,-28.0231667992162,0.0 -48.7013571,-28.0232158992162,0.0 -48.7013879,-28.0232690992162,0.0 -48.7014169,-28.0233005992162,0.0 -48.7014625,-28.0233489992162,0.0 -48.7015152,-28.0233944992162,0.0 -48.7015761,-28.0234394992162,0.0 -48.7016427,-28.0234811992162,0.0 -48.7016915,-28.0235157992162,0.0 -48.7017473,-28.0235490992162,0.0 -48.7017926,-28.0235766992162,0.0 -48.7018404,-28.0236036992162,0.0 -48.7018903,-28.0236237992162,0.0 -48.7019328,-28.0236368992162,0.0 -48.7019732,-28.0236444992162,0.0 -48.7020265,-28.0236584992162,0.0 -48.7020771,-28.0236897992162,0.0 -48.7021091,-28.0237119992162,0.0 -48.7021535,-28.0237446992162,0.0 -48.7021887,-28.0237833992162,0.0 -48.7022151,-28.0238135992162,0.0 -48.702251,-28.0238417992162,0.0 -48.7022884,-28.0238714992162,0.0 -48.7023229,-28.0238969992162,0.0 -48.7023815,-28.0239357992162,0.0 -48.7024473,-28.0239600992162,0.0 -48.7024982,-28.0239772992162,0.0 -48.7025476,-28.0239850992162,0.0 -48.7026114,-28.0239893992162,0.0 -48.7026648,-28.0239909992162,0.0 -48.7027409,-28.0239958992162,0.0 -48.7028022,-28.0239994992162,0.0 -48.702848,-28.0240024992162,0.0 -48.7029006,-28.0240076992162,0.0 -48.7029646,-28.0240185992162,0.0 -48.7030198,-28.0240267992162,0.0 -48.7030578,-28.0240354992162,0.0 -48.7031263,-28.0240489992162,0.0 -48.7031957,-28.0240617992162,0.0 -48.703277,-28.0240703992162,0.0 -48.7033509,-28.0240632992162,0.0 -48.7034026,-28.0240574992162,0.0 -48.7034407,-28.0240564992162,0.0 -48.7034653,-28.0240619992162,0.0 -48.7034897,-28.0240755992162,0.0 -48.7035051,-28.0240997992162,0.0 -48.7035242,-28.0241281992162,0.0 -48.7035465,-28.0241456992162,0.0 -48.7035707,-28.0241588992162,0.0 -48.7035945,-28.0241654992162,0.0 -48.7036247,-28.0241712992162,0.0 -48.7036594,-28.0241775992162,0.0 -48.7036842,-28.0241846992162,0.0 -48.7037176,-28.0241947992162,0.0 -48.703747,-28.0242055992162,0.0 -48.7037654,-28.0242166992162,0.0 -48.7037834,-28.0242316992162,0.0 -48.7038003,-28.0242483992162,0.0 -48.7038115,-28.0242625992162,0.0 -48.7038321,-28.0242840992162,0.0 -48.7038533,-28.0243100992162,0.0 -48.7038733,-28.0243292992162,0.0 -48.7038959,-28.0243390992162,0.0 -48.7039195,-28.0243448992162,0.0 -48.7039585,-28.0243462992162,0.0 -48.7039919,-28.0243480992162,0.0 -48.70403,-28.0243499992162,0.0 -48.7040636,-28.0243530992162,0.0 -48.7041104,-28.0243554992162,0.0 -48.7041301,-28.0243579992162,0.0 -48.7041485,-28.0243607992162,0.0 -48.7041674,-28.0243678992162,0.0 -48.7041881,-28.0243795992162,0.0 -48.7042041,-28.0243958992162,0.0 -48.70422,-28.0244226992162,0.0 -48.7042388,-28.0244567992162,0.0 -48.7042531,-28.0244799992162,0.0 -48.7042859,-28.0245197992162,0.0 -48.7043149,-28.0245572992162,0.0 -48.7043389,-28.0245784992162,0.0 -48.7043657,-28.0246083992162,0.0 -48.7043954,-28.0246488992162,0.0 -48.7044206,-28.0246865992162,0.0 -48.7044541,-28.0247328992162,0.0 -48.704477,-28.0247663992162,0.0 -48.7045003,-28.0247955992162,0.0 -48.7045367,-28.0248345992162,0.0 -48.7045749,-28.0248692992162,0.0 -48.7046074,-28.0248917992162,0.0 -48.7046393,-28.0249149992162,0.0 -48.7046773,-28.0249395992162,0.0 -48.7047064,-28.0249597992162,0.0 -48.7047328,-28.0249758992162,0.0 -48.7047527,-28.0249903992161,0.0 -48.7047643,-28.0250072992162,0.0 -48.7047735,-28.0250249992162,0.0 -48.7047774,-28.0250439992162,0.0 -48.7047784,-28.0250488992162,0.0 -48.7047824,-28.0250822992162,0.0 -48.7047852,-28.0251103992161,0.0 -48.7047884,-28.0251349992161,0.0 -48.7047909,-28.0251645992162,0.0 -48.70479,-28.0251901992161,0.0 -48.7047879,-28.0252116992162,0.0 -48.7047852,-28.0252384992161,0.0 -48.7047852,-28.0252618992161,0.0 -48.7047863,-28.0252893992161,0.0 -48.7047896,-28.0253091992161,0.0 -48.7047968,-28.0253379992161,0.0 -48.7048064,-28.0253586992161,0.0 -48.7048266,-28.0253816992161,0.0 -48.7048403,-28.0253895992161,0.0 -48.704862,-28.0254034992161,0.0 -48.7048799,-28.0254163992161,0.0 -48.7049008,-28.0254319992161,0.0 -48.7049231,-28.0254494992161,0.0 -48.7049345,-28.0254615992161,0.0 -48.7049483,-28.0254818992161,0.0 -48.7049622,-28.0254999992161,0.0 -48.7049715,-28.0255191992161,0.0 -48.7049774,-28.0255334992161,0.0 -48.7049839,-28.0255562992161,0.0 -48.7049924,-28.0255829992161,0.0 -48.7049985,-28.0255968992161,0.0 -48.7050162,-28.0256331992161,0.0 -48.7050283,-28.0256529992161,0.0 -48.7050479,-28.0256766992161,0.0 -48.7050663,-28.0256930992161,0.0 -48.7050946,-28.0257113992161,0.0 -48.7051306,-28.0257259992161,0.0 -48.7051612,-28.0257359992161,0.0 -48.7052113,-28.0257528992161,0.0 -48.7052515,-28.0257663992161,0.0 -48.7052874,-28.0257833992161,0.0 -48.7053334,-28.0258048992161,0.0 -48.7053736,-28.0258222992161,0.0 -48.7054186,-28.0258434992161,0.0 -48.7054504,-28.0258566992161,0.0 -48.7055067,-28.0258766992161,0.0 -48.7055456,-28.0258921992161,0.0 -48.7055694,-28.0259042992161,0.0 -48.705591,-28.0259247992161,0.0 -48.7056072,-28.0259569992161,0.0 -48.7056152,-28.0259834992161,0.0 -48.7056189,-28.0260113992161,0.0 -48.7056199,-28.0260408992161,0.0 -48.7056102,-28.0260652992161,0.0 -48.7056017,-28.0260782992161,0.0 -48.705591,-28.0260904992161,0.0 -48.7055758,-28.0261074992161,0.0 -48.7055595,-28.0261286992161,0.0 -48.7055461,-28.0261544992161,0.0 -48.705542,-28.0261897992161,0.0 -48.7055471,-28.0262144992161,0.0 -48.70556,-28.0262423992161,0.0 -48.7055803,-28.0262649992161,0.0 -48.7056055,-28.0262869992161,0.0 -48.7056394,-28.0263036992161,0.0 -48.7056689,-28.0263149992161,0.0 -48.7056936,-28.0263263992161,0.0 -48.7057232,-28.0263370992161,0.0 -48.705759,-28.0263504992161,0.0 -48.7057914,-28.0263633992161,0.0 -48.7058195,-28.0263758992161,0.0 -48.7058391,-28.0263871992161,0.0 -48.7058592,-28.0264000992161,0.0 -48.7058756,-28.0264155992161,0.0 -48.7058913,-28.0264348992161,0.0 -48.7059034,-28.0264480992161,0.0 -48.7059141,-28.0264674992161,0.0 -48.7059243,-28.0264908992161,0.0 -48.7059326,-28.0265106992161,0.0 -48.7059419,-28.0265352992161,0.0 -48.7059523,-28.0265619992161,0.0 -48.7059608,-28.0265786992161,0.0 -48.7059714,-28.0266049992161,0.0 -48.7059832,-28.0266279992161,0.0 -48.7059967,-28.0266476992161,0.0 -48.706009,-28.0266697992161,0.0 -48.7060227,-28.0266932992161,0.0 -48.7060293,-28.0267125992161,0.0 -48.706036,-28.0267353992161,0.0 -48.706041,-28.0267552992161,0.0 -48.706047,-28.0267822992161,0.0 -48.706053,-28.0268108992161,0.0 -48.706059,-28.0268386992161,0.0 -48.7060672,-28.0268725992161,0.0 -48.7060745,-28.0268981992161,0.0 -48.7060853,-28.0269301992161,0.0 -48.7060929,-28.0269522992161,0.0 -48.7061027,-28.0269781992161,0.0 -48.7061144,-28.0270091992161,0.0 -48.7061207,-28.0270234992161,0.0 -48.7061282,-28.0270401992161,0.0 -48.7061434,-28.0270712992161,0.0 -48.7061565,-28.0270978992161,0.0 -48.7061708,-28.0271290992161,0.0 -48.7061855,-28.0271568992161,0.0 -48.7061938,-28.0271739992161,0.0 -48.7062087,-28.0272006992161,0.0 -48.7062272,-28.0272278992161,0.0 -48.7062456,-28.0272577992161,0.0 -48.7062604,-28.0272815992161,0.0 -48.706264,-28.0272869992161,0.0 -48.7062766,-28.0273057992161,0.0 -48.706297,-28.0273325992161,0.0 -48.7063179,-28.0273581992161,0.0 -48.7063389,-28.0273802992161,0.0 -48.706362,-28.0273993992161,0.0 -48.7063909,-28.0274257992161,0.0 -48.7064192,-28.0274518992161,0.0 -48.7064477,-28.0274747992161,0.0 -48.7064768,-28.0274987992161,0.0 -48.7065009,-28.0275172992161,0.0 -48.706529,-28.0275373992161,0.0 -48.7065625,-28.0275611992161,0.0 -48.7066008,-28.0275851992161,0.0 -48.7066248,-28.0276017992161,0.0 -48.7066655,-28.0276256992161,0.0 -48.7066955,-28.0276467992161,0.0 -48.706732,-28.0276686992161,0.0 -48.7067605,-28.0276868992161,0.0 -48.7067912,-28.0277076992161,0.0 -48.7068209,-28.0277294992161,0.0 -48.7068442,-28.0277468992161,0.0 -48.7068705,-28.0277684992161,0.0 -48.7068889,-28.0277859992161,0.0 -48.7069083,-28.0278072992161,0.0 -48.7069302,-28.0278331992161,0.0 -48.7069506,-28.0278605992161,0.0 -48.7069635,-28.0278787992161,0.0 -48.7069837,-28.0279067992161,0.0 -48.707007,-28.0279328992161,0.0 -48.7070251,-28.0279530992161,0.0 -48.7070436,-28.0279695992161,0.0 -48.7070645,-28.0279872992161,0.0 -48.707085,-28.0280024992161,0.0 -48.7071074,-28.0280161992161,0.0 -48.7071349,-28.0280327992161,0.0 -48.7071616,-28.0280482992161,0.0 -48.7071901,-28.0280654992161,0.0 -48.7072216,-28.0280846992161,0.0 -48.7072544,-28.0281022992161,0.0 -48.7072852,-28.0281160992161,0.0 -48.707311,-28.0281283992161,0.0 -48.7073389,-28.0281421992161,0.0 -48.7073628,-28.0281537992161,0.0 -48.7073833,-28.0281676992161,0.0 -48.7074062,-28.0281857992161,0.0 -48.7074263,-28.0282058992161,0.0 -48.7074484,-28.0282321992161,0.0 -48.7074734,-28.0282612992161,0.0 -48.7074951,-28.0282915992161,0.0 -48.7075162,-28.0283224992161,0.0 -48.7075279,-28.0283511992161,0.0 -48.7075345,-28.0283867992161,0.0 -48.7075311,-28.0284114992161,0.0 -48.7075211,-28.0284360992161,0.0 -48.7075059,-28.0284614992161,0.0 -48.7074975,-28.0284821992161,0.0 -48.7074954,-28.0285264992161,0.0 -48.7074941,-28.0285607992161,0.0 -48.7074917,-28.0285937992161,0.0 -48.7074836,-28.0286401992161,0.0 -48.7074726,-28.0286879992161,0.0 -48.7074658,-28.0287329992161,0.0 -48.7074635,-28.0287719992161,0.0 -48.7074613,-28.0288062992161,0.0 -48.707461,-28.0288339992161,0.0 -48.7074663,-28.0288592992161,0.0 -48.7074822,-28.0288858992161,0.0 -48.7075081,-28.0289115992161,0.0 -48.7075241,-28.0289357992161,0.0 -48.7075471,-28.0289744992161,0.0 -48.707567,-28.0290083992161,0.0 -48.7075856,-28.0290423992161,0.0 -48.7076007,-28.0290709992161,0.0 -48.7076199,-28.0291061992161,0.0 -48.7076392,-28.0291388992161,0.0 -48.7076551,-28.0291685992161,0.0 -48.7076732,-28.0291975992161,0.0 -48.7076958,-28.0292321992161,0.0 -48.7077138,-28.0292588992161,0.0 -48.707734,-28.0292880992161,0.0 -48.7077574,-28.0293197992161,0.0 -48.7077739,-28.0293415992161,0.0 -48.7077934,-28.0293661992161,0.0 -48.7078188,-28.0293978992161,0.0 -48.7078447,-28.0294254992161,0.0 -48.7078637,-28.0294430992161,0.0 -48.7078954,-28.0294697992161,0.0 -48.7079234,-28.0294927992161,0.0 -48.7079452,-28.0295106992161,0.0 -48.707969,-28.0295297992161,0.0 -48.7079932,-28.0295477992161,0.0 -48.7080141,-28.0295613992161,0.0 -48.7080203,-28.0295662992161,0.0 -48.7080343,-28.0295773992161,0.0 -48.7080467,-28.0295871992161,0.0 -48.7080627,-28.0296027992161,0.0 -48.7080849,-28.0296241992161,0.0 -48.7081004,-28.0296394992161,0.0 -48.7081197,-28.0296556992161,0.0 -48.7081439,-28.0296752992161,0.0 -48.708168,-28.0296922992161,0.0 -48.7081905,-28.0297082992161,0.0 -48.7082241,-28.0297276992161,0.0 -48.708249,-28.0297409992161,0.0 -48.7082749,-28.0297511992161,0.0 -48.7083016,-28.0297606992161,0.0 -48.7083754,-28.0297564992161,0.0 -48.7085501,-28.0297734992161,0.0 -48.7087287,-28.0297974992161,0.0 -48.7088817,-28.0298206992161,0.0 -48.7089513,-28.0298407992161,0.0 -48.7090177,-28.0298639992161,0.0 -48.709061,-28.0299087992161,0.0 -48.7091445,-28.0300293992161,0.0 -48.7091646,-28.0301406992161,0.0 -48.7092063,-28.0303330992161,0.0 -48.7092651,-28.030472299216,0.0 -48.7093671,-28.030614499216,0.0 -48.7094969,-28.0307566992161,0.0 -48.7096608,-28.030988599216,0.0 -48.709735,-28.031235899216,0.0 -48.7097226,-28.031452299216,0.0 -48.709667,-28.031563599216,0.0 -48.7095557,-28.031742899216,0.0 -48.7093949,-28.032027399216,0.0 -48.7092218,-28.032274699216,0.0 -48.7090796,-28.032503499216,0.0 -48.7090487,-28.032645699216,0.0 -48.7090672,-28.032806399216,0.0 -48.7091414,-28.032945599216,0.0 -48.7092929,-28.033118699216,0.0 -48.7094258,-28.033226899216,0.0 -48.709565,-28.033260899216,0.0 -48.709667,-28.033257799216,0.0 -48.7097505,-28.033254699216,0.0 -48.709837,-28.033229999216,0.0 -48.7099313,-28.033161999216,0.0 -48.7101972,-28.033137299216,0.0 -48.7104569,-28.033186699216,0.0 -48.7106177,-28.033236199216,0.0 -48.7107228,-28.033297999216,0.0 -48.7108032,-28.033434099216,0.0 -48.7108217,-28.033545399216,0.0 -48.710797,-28.033780299216,0.0 -48.710797,-28.033959599216,0.0 -48.7107908,-28.034120399216,0.0 -48.7106919,-28.034312099216,0.0 -48.7106177,-28.034485199216,0.0 -48.7105775,-28.034627399216,0.0 -48.7105589,-28.034747999216,0.0 -48.7105744,-28.034859299216,0.0 -48.7106208,-28.034933499216,0.0 -48.7107104,-28.034976799216,0.0 -48.7107939,-28.034995299216,0.0 -48.7109392,-28.035029299216,0.0 -48.7110258,-28.035057199216,0.0 -48.7112669,-28.035125199216,0.0 -48.7114555,-28.035202499216,0.0 -48.7116626,-28.035298299216,0.0 -48.7118265,-28.035455999216,0.0 -48.7119965,-28.035678599216,0.0 -48.7121511,-28.035864099216,0.0 -48.7122655,-28.0360402992159,0.0 -48.7123212,-28.0361732992159,0.0 -48.7123459,-28.0362752992159,0.0 -48.7123706,-28.0364205992159,0.0 -48.7123706,-28.0366276992159,0.0 -48.7123706,-28.0369584992159,0.0 -48.7123861,-28.0371594992159,0.0 -48.712451,-28.0373078992159,0.0 -48.7125283,-28.0374840992159,0.0 -48.7126241,-28.0376231992159,0.0 -48.7127571,-28.0377190992159,0.0 -48.7128993,-28.0378303992159,0.0 -48.7130199,-28.0379632992159,0.0 -48.7131126,-28.0380467992159,0.0 -48.7131528,-28.0381580992159,0.0 -48.7131559,-28.0382693992159,0.0 -48.7131064,-28.0384393992159,0.0 -48.7130879,-28.0385754992159,0.0 -48.7130879,-28.0386898992159,0.0 -48.7131312,-28.0387980992159,0.0 -48.7132425,-28.0388876992159,0.0 -48.7133816,-28.0389680992159,0.0 -48.7136212,-28.0390932992159,0.0 -48.7137325,-28.0391674992159,0.0 -48.713816,-28.0392354992159,0.0 -48.7138469,-28.0393035992159,0.0 -48.7138624,-28.0394086992159,0.0 -48.7138747,-28.0395353992159,0.0 -48.7138809,-28.0396064992159,0.0 -48.7139025,-28.0396652992159,0.0 -48.7139767,-28.0397456992159,0.0 -48.7140448,-28.0398074992159,0.0 -48.7141561,-28.0398754992159,0.0 -48.714199,-28.0398926992159,0.0 -48.7142333,-28.0399063992159,0.0 -48.7143524,-28.0399666992159,0.0 -48.7144606,-28.0400563992159,0.0 -48.7145348,-28.0401645992159,0.0 -48.7145935,-28.0402850992159,0.0 -48.7146059,-28.0403933992159,0.0 -48.7146214,-28.0404644992159,0.0 -48.7146708,-28.0405262992159,0.0 -48.7148007,-28.0406251992159,0.0 -48.7148934,-28.0406931992159,0.0 -48.7151794,-28.0409018992159,0.0 -48.7154762,-28.0410997992159,0.0 -48.7158379,-28.0412821992159,0.0 -48.7161455,-28.0414429992159,0.0 -48.7163867,-28.0415449992158,0.0 -48.7167376,-28.0416639992158,0.0 -48.7169571,-28.0417505992158,0.0 -48.7171581,-28.0418463992158,0.0 -48.7173714,-28.0419515992158,0.0 -48.7175414,-28.0420566992158,0.0 -48.7176558,-28.0421648992158,0.0 -48.7177424,-28.0422606992158,0.0 -48.7177826,-28.0423503992158,0.0 -48.717832,-28.0425018992158,0.0 -48.7178382,-28.0427244992158,0.0 -48.7178444,-28.0428666992158,0.0 -48.7178166,-28.0430181992158,0.0 -48.7177176,-28.0431788992158,0.0 -48.7176373,-28.0432963992158,0.0 -48.7175414,-28.0434045992158,0.0 -48.7175012,-28.0435251992158,0.0 -48.7175043,-28.0436797992158,0.0 -48.7175661,-28.0438003992158,0.0 -48.717662,-28.0438992992158,0.0 -48.717832,-28.0439641992158,0.0 -48.7179248,-28.0439765992158,0.0 -48.7181072,-28.0439827992158,0.0 -48.718268,-28.0439950992158,0.0 -48.7184596,-28.0440661992158,0.0 -48.7185709,-28.0441403992158,0.0 -48.7186791,-28.0442485992158,0.0 -48.7188028,-28.0444340992158,0.0 -48.7189017,-28.0446814992158,0.0 -48.7189543,-28.0449194992158,0.0 -48.7190038,-28.0450493992158,0.0 -48.7190965,-28.0451946992158,0.0 -48.7192356,-28.0453554992158,0.0 -48.7193779,-28.0455038992158,0.0 -48.7194953,-28.0456243992158,0.0 -48.7196592,-28.0457665992158,0.0 -48.7197597,-28.0458701992158,0.0 -48.7198493,-28.0460340992158,0.0 -48.7198833,-28.0461916992158,0.0 -48.7198988,-28.0462999992158,0.0 -48.7198988,-28.0464452992158,0.0 -48.719871,-28.0466461992158,0.0 -48.7198215,-28.0468162992157,0.0 -48.7196669,-28.0470635992157,0.0 -48.7194783,-28.0473077992157,0.0 -48.7193207,-28.0474778992157,0.0 -48.7192186,-28.0475983992157,0.0 -48.7191506,-28.0477282992157,0.0 -48.7191413,-28.0478240992157,0.0 -48.7191506,-28.0479245992157,0.0 -48.7191815,-28.0480358992157,0.0 -48.7192588,-28.0481286992157,0.0 -48.7193485,-28.0482708992157,0.0 -48.7194258,-28.0484223992157,0.0 -48.7194598,-28.0485181992157,0.0 -48.7194752,-28.0486449992157,0.0 -48.7194567,-28.0488242992157,0.0 -48.7193639,-28.0490561992157,0.0 -48.7192403,-28.0492199992157,0.0 -48.7191383,-28.0493405992157,0.0 -48.7191042,-28.0494425992157,0.0 -48.7191042,-28.0495507992157,0.0 -48.7191073,-28.0496466992157,0.0 -48.7191365,-28.0497011992157,0.0 -48.7192619,-28.0498352992157,0.0 -48.7193748,-28.0499789992157,0.0 -48.7195757,-28.0501490992157,0.0 -48.7196685,-28.0502634992157,0.0 -48.7197581,-28.0503963992157,0.0 -48.7198416,-28.0505880992157,0.0 -48.7200549,-28.0510548992157,0.0 -48.7201168,-28.0513052992157,0.0 -48.7201322,-28.0514629992157,0.0 -48.7201477,-28.0516206992157,0.0 -48.7201446,-28.0517473992157,0.0 -48.7201106,-28.0519437992157,0.0 -48.7200518,-28.0521137992157,0.0 -48.7199715,-28.0522312992156,0.0 -48.7198231,-28.0524043992156,0.0 -48.7196747,-28.0525744992156,0.0 -48.7194057,-28.0528279992156,0.0 -48.7192418,-28.0530412992156,0.0 -48.7191583,-28.0532452992156,0.0 -48.7191212,-28.0533627992156,0.0 -48.719112,-28.0535049992156,0.0 -48.7191305,-28.0535668992156,0.0 -48.7191583,-28.0536039992156,0.0 -48.7192264,-28.0536379992156,0.0 -48.7193253,-28.0536410992156,0.0 -48.7195108,-28.0536193992156,0.0 -48.7196499,-28.0536039992156,0.0 -48.7197272,-28.0535977992156,0.0 -48.7198076,-28.0535853992156,0.0 -48.7198894,-28.0536009992156,0.0 -48.7200178,-28.0536657992156,0.0 -48.7202002,-28.0537909992156,0.0 -48.7203394,-28.0538744992156,0.0 -48.7205094,-28.0538929992156,0.0 -48.720664,-28.0538960992156,0.0 -48.7207876,-28.0539022992156,0.0 -48.7209391,-28.0539146992156,0.0 -48.7210597,-28.0539270992156,0.0 -48.7211834,-28.0539764992156,0.0 -48.7213704,-28.0540831992156,0.0 -48.7215188,-28.0542469992156,0.0 -48.7216579,-28.0543706992156,0.0 -48.7218187,-28.0544912992156,0.0 -48.7220011,-28.0545901992156,0.0 -48.7221526,-28.0546458992156,0.0 -48.7223227,-28.0546798992156,0.0 -48.722468,-28.0546736992156,0.0 -48.7225762,-28.0546736992156,0.0 -48.7227292,-28.0546643992156,0.0 -48.7227818,-28.0546860992156,0.0 -48.722856,-28.0547385992156,0.0 -48.722958,-28.0548529992156,0.0 -48.7230817,-28.0550137992156,0.0 -48.7231729,-28.0551296992156,0.0 -48.7232811,-28.0552193992156,0.0 -48.7233769,-28.0552687992156,0.0 -48.7234882,-28.0553027992156,0.0 -48.7236057,-28.0553306992156,0.0 -48.7236923,-28.0553306992156,0.0 -48.7238298,-28.0553275992156,0.0 -48.7239349,-28.0552873992156,0.0 -48.7240179,-28.0552183992156,0.0 -48.7241328,-28.0551945992156,0.0 -48.724275,-28.0552007992156,0.0 -48.7243678,-28.0552193992156,0.0 -48.7244482,-28.0552564992156,0.0 -48.7244976,-28.0552935992156,0.0 -48.7245378,-28.0553553992156,0.0 -48.7245626,-28.0554388992156,0.0 -48.7245811,-28.0555563992156,0.0 -48.7245842,-28.0557016992156,0.0 -48.7245672,-28.0559427992156,0.0 -48.7245734,-28.0561715992156,0.0 -48.7245888,-28.0562704992156,0.0 -48.7246167,-28.0564250992156,0.0 -48.7246599,-28.0565301992156,0.0 -48.7247341,-28.0566631992156,0.0 -48.7248052,-28.0567682992156,0.0 -48.7249011,-28.0569104992156,0.0 -48.7250062,-28.0570851992156,0.0 -48.7250773,-28.0572613992156,0.0 -48.7251051,-28.0573942992156,0.0 -48.7251206,-28.0575303992156,0.0 -48.7251206,-28.0576988992156,0.0 -48.7251268,-28.0579090992155,0.0 -48.7250742,-28.0581130992155,0.0 -48.7249979,-28.0582099992156,0.0 -48.7249258,-28.0583542992155,0.0 -48.7247434,-28.0584810992155,0.0 -48.7244497,-28.0586355992155,0.0 -48.7241467,-28.0587407992155,0.0 -48.7239411,-28.0588133992155,0.0 -48.7237865,-28.0589030992155,0.0 -48.7236567,-28.0590081992155,0.0 -48.723533,-28.0591256992155,0.0 -48.723465,-28.0592554992155,0.0 -48.723431,-28.0593884992155,0.0 -48.7233707,-28.0595831992155,0.0 -48.7233182,-28.0597501992155,0.0 -48.723278,-28.0598490992155,0.0 -48.7231945,-28.0600562992155,0.0 -48.7230399,-28.0602107992155,0.0 -48.7228482,-28.0603344992155,0.0 -48.7224598,-28.0605137992155,0.0 -48.7223365,-28.0604839992155,0.0 -48.7222051,-28.0604645992155,0.0 -48.7221097,-28.0604588992155,0.0 -48.722048,-28.0604598992155,0.0 -48.7219636,-28.0604713992155,0.0 -48.7218826,-28.0605457992155,0.0 -48.7217311,-28.0606832992155,0.0 -48.72167,-28.0607357992155,0.0 -48.7216324,-28.0607651992155,0.0 -48.7215957,-28.0607907992155,0.0 -48.7215774,-28.0608021992155,0.0 -48.7215588,-28.0608128992155,0.0 -48.7215399,-28.0608228992155,0.0 -48.7215204,-28.0608322992155,0.0 -48.7215003,-28.0608411992155,0.0 -48.7214794,-28.0608495992155,0.0 -48.7214349,-28.0608649992155,0.0 -48.7213886,-28.0608784992155,0.0 -48.7213654,-28.0608842992155,0.0 -48.7213201,-28.0608938992155,0.0 -48.7212779,-28.0609003992155,0.0 -48.7212582,-28.0609023992155,0.0 -48.7212217,-28.0609041992155,0.0 -48.7212046,-28.0609039992155,0.0 -48.7211727,-28.0609014992155,0.0 -48.7211577,-28.0608992992155,0.0 -48.7211292,-28.0608930992155,0.0 -48.7211022,-28.0608845992155,0.0 -48.7210891,-28.0608795992155,0.0 -48.7210631,-28.0608679992155,0.0 -48.7210368,-28.0608544992155,0.0 -48.7209648,-28.0608154992155,0.0 -48.7209313,-28.0607992992155,0.0 -48.7209132,-28.0607914992155,0.0 -48.7208943,-28.0607837992155,0.0 -48.7208546,-28.0607692992155,0.0 -48.7208342,-28.0607624992155,0.0 -48.720793,-28.0607500992155,0.0 -48.7207525,-28.0607395992155,0.0 -48.720712,-28.0607305992155,0.0 -48.7205669,-28.0607019992155,0.0 -48.720407,-28.0606683992155,0.0 -48.7202802,-28.0606401992155,0.0 -48.720193,-28.0606197992155,0.0 -48.7201092,-28.0605991992155,0.0 -48.7200001,-28.0605704992155,0.0 -48.7199018,-28.0605427992155,0.0 -48.7197636,-28.0605020992155,0.0 -48.7196826,-28.0604803992155,0.0 -48.7193866,-28.0604059992155,0.0 -48.7192994,-28.0603866992155,0.0 -48.719231,-28.0603699992155,0.0 -48.719189,-28.0603618992155,0.0 -48.7191489,-28.0603551992155,0.0 -48.7191105,-28.0603495992155,0.0 -48.7190736,-28.0603450992155,0.0 -48.719038,-28.0603415992155,0.0 -48.7190017,-28.0603389992155,0.0 -48.7189627,-28.0603373992155,0.0 -48.7189189,-28.0603365992155,0.0 -48.7188687,-28.0603367992155,0.0 -48.718812,-28.0603383992155,0.0 -48.7187493,-28.0603415992155,0.0 -48.7187157,-28.0603438992155,0.0 -48.7186446,-28.0603503992155,0.0 -48.7184089,-28.0603776992155,0.0 -48.7182868,-28.0603898992155,0.0 -48.7182061,-28.0603961992155,0.0 -48.7180877,-28.0604035992155,0.0 -48.7179376,-28.0604099992155,0.0 -48.7178012,-28.0604135992155,0.0 -48.7175551,-28.0604167992155,0.0 -48.7174138,-28.0604195992155,0.0 -48.7173534,-28.0604196992155,0.0 -48.717317,-28.0604177992155,0.0 -48.7172883,-28.0604139992155,0.0 -48.7172714,-28.0604103992155,0.0 -48.7172556,-28.0604059992155,0.0 -48.7172329,-28.0603979992155,0.0 -48.7171934,-28.0603821992155,0.0 -48.717166,-28.0603719992155,0.0 -48.7171451,-28.0603651992155,0.0 -48.7170698,-28.0603426992155,0.0 -48.7170599,-28.0603392992155,0.0 -48.7170412,-28.0603329992155,0.0 -48.7170112,-28.0603217992155,0.0 -48.7169637,-28.0603022992155,0.0 -48.7169134,-28.0602795992155,0.0 -48.7168621,-28.0602550992155,0.0 -48.7167743,-28.0602115992155,0.0 -48.7167406,-28.0601954992155,0.0 -48.7167088,-28.0601820992155,0.0 -48.7166752,-28.0601703992155,0.0 -48.716641,-28.0601602992155,0.0 -48.7166082,-28.0601517992155,0.0 -48.7164753,-28.0601202992155,0.0 -48.7164259,-28.0601094992155,0.0 -48.7163845,-28.0601021992155,0.0 -48.7163574,-28.0600986992155,0.0 -48.7163317,-28.0600967992155,0.0 -48.7162933,-28.0600965992155,0.0 -48.716251,-28.0600982992155,0.0 -48.7162016,-28.0601010992155,0.0 -48.7161494,-28.0601055992155,0.0 -48.7161161,-28.0601100992155,0.0 -48.7161006,-28.0601128992155,0.0 -48.7160716,-28.0601196992155,0.0 -48.7160449,-28.0601279992155,0.0 -48.7160195,-28.0601376992155,0.0 -48.7159947,-28.0601486992155,0.0 -48.715944,-28.0601724992155,0.0 -48.7159167,-28.0601836992155,0.0 -48.7159023,-28.0601886992155,0.0 -48.7158719,-28.0601972992155,0.0 -48.7157964,-28.0602141992155,0.0 -48.7157708,-28.0602207992155,0.0 -48.7157596,-28.0602242992155,0.0 -48.7157396,-28.0602319992155,0.0 -48.7157307,-28.0602361992155,0.0 -48.7157142,-28.0602453992155,0.0 -48.7156991,-28.0602560992155,0.0 -48.7156847,-28.0602684992155,0.0 -48.7156709,-28.0602831992155,0.0 -48.7156578,-28.0603007992155,0.0 -48.7156515,-28.0603108992155,0.0 -48.7156393,-28.0603334992155,0.0 -48.7156099,-28.0603949992155,0.0 -48.7155923,-28.0604271992155,0.0 -48.7155801,-28.0604458992155,0.0 -48.7155673,-28.0604632992155,0.0 -48.7155235,-28.0605174992155,0.0 -48.7155011,-28.0605478992155,0.0 -48.7154874,-28.0605695992155,0.0 -48.7154498,-28.0606387992155,0.0 -48.7154359,-28.0606616992155,0.0 -48.7154204,-28.0606837992155,0.0 -48.715403,-28.0607044992155,0.0 -48.7153835,-28.0607232992155,0.0 -48.7153729,-28.0607318992155,0.0 -48.7153617,-28.0607397992155,0.0 -48.71535,-28.0607470992155,0.0 -48.7153256,-28.0607598992155,0.0 -48.7153002,-28.0607704992155,0.0 -48.7152749,-28.0607788992155,0.0 -48.7152501,-28.0607852992155,0.0 -48.715226,-28.0607897992155,0.0 -48.7152023,-28.0607924992155,0.0 -48.7151789,-28.0607934992155,0.0 -48.7151557,-28.0607929992155,0.0 -48.7151324,-28.0607910992155,0.0 -48.7151088,-28.0607878992155,0.0 -48.7150847,-28.0607835992155,0.0 -48.7149961,-28.0607640992155,0.0 -48.7149703,-28.0607589992155,0.0 -48.7149306,-28.0607529992155,0.0 -48.7149022,-28.0607500992155,0.0 -48.7148713,-28.0607481992155,0.0 -48.7148373,-28.0607471992155,0.0 -48.7147831,-28.0607469992155,0.0 -48.7146969,-28.0607476992155,0.0 -48.7146529,-28.0607469992155,0.0 -48.7146159,-28.0607441992155,0.0 -48.7145953,-28.0607407992155,0.0 -48.714586,-28.0607385992155,0.0 -48.7145693,-28.0607331992155,0.0 -48.7145617,-28.0607300992155,0.0 -48.7145477,-28.0607230992155,0.0 -48.7145286,-28.0607107992155,0.0 -48.7144906,-28.0606823992155,0.0 -48.7144681,-28.0606676992155,0.0 -48.714441,-28.0606531992155,0.0 -48.7144197,-28.0606438992155,0.0 -48.7143956,-28.0606349992155,0.0 -48.7143557,-28.0606218992155,0.0 -48.714284,-28.0606002992155,0.0 -48.7142178,-28.0605810992155,0.0 -48.7141687,-28.0605680992155,0.0 -48.7141441,-28.0605630992155,0.0 -48.7141282,-28.0605608992155,0.0 -48.714112,-28.0605594992155,0.0 -48.7140955,-28.0605589992155,0.0 -48.7140696,-28.0605600992155,0.0 -48.7140325,-28.0605645992155,0.0 -48.7139631,-28.0605766992155,0.0 -48.7139342,-28.0605808992155,0.0 -48.7139078,-28.0605824992155,0.0 -48.7138899,-28.0605816992155,0.0 -48.7138694,-28.0605790992155,0.0 -48.7138443,-28.0605744992155,0.0 -48.7137062,-28.0605440992155,0.0 -48.7136303,-28.0605294992155,0.0 -48.7135388,-28.0605133992155,0.0 -48.7135053,-28.0605080992155,0.0 -48.7134714,-28.0605038992155,0.0 -48.7134379,-28.0605012992155,0.0 -48.7134047,-28.0605005992155,0.0 -48.7133716,-28.0605014992155,0.0 -48.7133377,-28.0605036992155,0.0 -48.7132474,-28.0605117992155,0.0 -48.7132084,-28.0605136992155,0.0 -48.7131881,-28.0605138992155,0.0 -48.7131674,-28.0605132992155,0.0 -48.713124,-28.0605098992155,0.0 -48.7130246,-28.0604981992155,0.0 -48.7129654,-28.0604926992155,0.0 -48.7129327,-28.0604905992155,0.0 -48.7128621,-28.0604876992155,0.0 -48.7127468,-28.0604856992155,0.0 -48.712547,-28.0604849992155,0.0 -48.7124341,-28.0604862992155,0.0 -48.712366,-28.0604884992155,0.0 -48.7123348,-28.0604901992155,0.0 -48.7123053,-28.0604921992155,0.0 -48.7122492,-28.0604973992155,0.0 -48.7121662,-28.0605076992155,0.0 -48.7120744,-28.0605209992155,0.0 -48.7119718,-28.0605368992155,0.0 -48.7117482,-28.0605739992155,0.0 -48.7116718,-28.0605860992155,0.0 -48.7115956,-28.0605965992155,0.0 -48.7115205,-28.0606044992155,0.0 -48.7114467,-28.0606096992155,0.0 -48.7114102,-28.0606112992155,0.0 -48.7113381,-28.0606131992155,0.0 -48.7112313,-28.0606130992155,0.0 -48.7110582,-28.0606102992155,0.0 -48.7109916,-28.0606101992155,0.0 -48.710959,-28.0606107992155,0.0 -48.7109269,-28.0606117992155,0.0 -48.7108637,-28.0606148992155,0.0 -48.7108015,-28.0606196992155,0.0 -48.7107397,-28.0606259992155,0.0 -48.7107089,-28.0606296992155,0.0 -48.7106868,-28.0607251992155,0.0 -48.7107054,-28.0608828992155,0.0 -48.7107301,-28.0609477992155,0.0 -48.7107703,-28.0610652992155,0.0 -48.7108291,-28.0612012992155,0.0 -48.7108507,-28.0613187992155,0.0 -48.7108383,-28.0614176992155,0.0 -48.7108198,-28.0615228992155,0.0 -48.7107549,-28.0616433992155,0.0 -48.7106451,-28.0618149992155,0.0 -48.7105245,-28.0619695992155,0.0 -48.7104009,-28.0621303992155,0.0 -48.7103019,-28.0623127992155,0.0 -48.7101721,-28.0624796992155,0.0 -48.7100237,-28.0626589992155,0.0 -48.7099495,-28.0627702992155,0.0 -48.7098505,-28.0628383992155,0.0 -48.7097516,-28.0628815992155,0.0 -48.7096465,-28.0629310992155,0.0 -48.7095105,-28.0630052992155,0.0 -48.7093497,-28.0630485992155,0.0 -48.7091889,-28.0630794992155,0.0 -48.709022,-28.0631474992155,0.0 -48.7088334,-28.0632031992155,0.0 -48.7086664,-28.0633020992155,0.0 -48.7085057,-28.0634628992154,0.0 -48.7084438,-28.0635988992154,0.0 -48.7084438,-28.0638090992154,0.0 -48.7084399,-28.0640304992154,0.0 -48.70845,-28.0643222992154,0.0 -48.7084129,-28.0645139992154,0.0 -48.7083696,-28.0646252992154,0.0 -48.7082954,-28.0647922992154,0.0 -48.7081718,-28.0649839992154,0.0 -48.7079987,-28.0651694992154,0.0 -48.7078441,-28.0653054992154,0.0 -48.7077637,-28.0654291992154,0.0 -48.7076277,-28.0656393992154,0.0 -48.7076058,-28.0657002992154,0.0 -48.7075411,-28.0658804992154,0.0 -48.7074483,-28.0662081992154,0.0 -48.7073989,-28.0665359992154,0.0 -48.7073865,-28.0668945992154,0.0 -48.7073516,-28.0671141992154,0.0 -48.7074854,-28.0673953992154,0.0 -48.7075844,-28.0676705992154,0.0 -48.7076586,-28.0678065992154,0.0 -48.7077037,-28.0679012992154,0.0 -48.7077204,-28.0679364992154,0.0 -48.7077699,-28.0680786992154,0.0 -48.707807,-28.0682146992154,0.0 -48.7078008,-28.0683445992154,0.0 -48.7078027,-28.0684619992154,0.0 -48.7077513,-28.0686227992154,0.0 -48.707807,-28.0688886992153,0.0 -48.7078935,-28.0691329992153,0.0 -48.707943,-28.0692689992153,0.0 -48.7080296,-28.0693925992153,0.0 -48.7082336,-28.0696770992153,0.0 -48.7083758,-28.0698192992153,0.0 -48.70845,-28.0699738992153,0.0 -48.7084438,-28.0701593992153,0.0 -48.7084296,-28.0702720992153,0.0 -48.7082954,-28.0704190992153,0.0 -48.7081409,-28.0705983992153,0.0 -48.7080327,-28.0707343992153,0.0 -48.7078472,-28.0708827992153,0.0 -48.7076555,-28.0710744992153,0.0 -48.7074885,-28.0711672992153,0.0 -48.7073834,-28.0712599992153,0.0 -48.7073154,-28.0713959992153,0.0 -48.7072474,-28.0715629992153,0.0 -48.7071917,-28.0717855992153,0.0 -48.7071608,-28.0720081992153,0.0 -48.707099,-28.0723111992153,0.0 -48.7070371,-28.0726264992153,0.0 -48.7069135,-28.0729479992153,0.0 -48.7068393,-28.0731025992153,0.0 -48.7065858,-28.0732509992153,0.0 -48.7064095,-28.0734287992153,0.0 -48.7060509,-28.0736915992153,0.0 -48.7057665,-28.0738399992153,0.0 -48.7054743,-28.0740254992153,0.0 -48.7053816,-28.0741305992153,0.0 -48.7053105,-28.0742047992153,0.0 -48.7052672,-28.0742882992153,0.0 -48.7052301,-28.0743871992152,0.0 -48.7052023,-28.0744891992152,0.0 -48.7051775,-28.0746283992152,0.0 -48.705159,-28.0747457992152,0.0 -48.7051528,-28.0749034992152,0.0 -48.7051451,-28.0752775992152,0.0 -48.7051404,-28.0754166992152,0.0 -48.705108,-28.0754893992152,0.0 -48.7050399,-28.0755929992152,0.0 -48.7049472,-28.0757150992152,0.0 -48.7048606,-28.0758665992152,0.0 -48.7047972,-28.0760025992152,0.0 -48.7047594,-28.0760867992152,0.0 -48.7047037,-28.0761656992152,0.0 -48.7046697,-28.0762290992152,0.0 -48.7046465,-28.0763001992152,0.0 -48.7046388,-28.0763890992152,0.0 -48.7046342,-28.0765064992152,0.0 -48.7046403,-28.0766517992152,0.0 -48.7046543,-28.0768048992152,0.0 -48.7046697,-28.0769887992152,0.0 -48.7046635,-28.0770629992152,0.0 -48.7045955,-28.0771495992152,0.0 -48.7044966,-28.0772979992152,0.0 -48.7044595,-28.0774030992152,0.0 -48.7044471,-28.0774896992152,0.0 -48.7044842,-28.0776689992152,0.0 -48.7045522,-28.0777678992152,0.0 -48.7046141,-28.0778544992152,0.0 -48.7046573,-28.0779842992152,0.0 -48.7046202,-28.0781574992152,0.0 -48.7045275,-28.0782687992152,0.0 -48.7044718,-28.0783676992152,0.0 -48.7044348,-28.0785284992152,0.0 -48.7044286,-28.0787262992152,0.0 -48.7044255,-28.0788901992152,0.0 -48.7045059,-28.0790694992152,0.0 -48.7045739,-28.0791869992152,0.0 -48.7047408,-28.0793229992152,0.0 -48.704883,-28.0794528992152,0.0 -48.7050685,-28.0795950992152,0.0 -48.7051922,-28.0796877992151,0.0 -48.7052664,-28.0798114992152,0.0 -48.7053097,-28.0799413992151,0.0 -48.705285,-28.0801824992151,0.0 -48.7052386,-28.0804328992151,0.0 -48.70522,-28.0806245992151,0.0 -48.7052262,-28.0808162992151,0.0 -48.7052695,-28.0809955992151,0.0 -48.7053251,-28.0811254992151,0.0 -48.7054303,-28.0812490992151,0.0 -48.705591,-28.0813974992151,0.0 -48.705826,-28.0815891992151,0.0 -48.7059991,-28.0816911992151,0.0 -48.7061599,-28.0817715992151,0.0 -48.706432,-28.0818952992151,0.0 -48.7066855,-28.0819941992151,0.0 -48.7068091,-28.0821054992151,0.0 -48.7069452,-28.0822538992151,0.0 -48.7070121,-28.0824310992151,0.0 -48.7070124,-28.0826492992151,0.0 -48.707779,-28.0827580992151,0.0 -48.7111023,-28.0832298992151,0.0 -48.7112074,-28.0832447992151,0.0 -48.7167852,-28.0840366992151,0.0 -48.7330693,-28.086348399215,0.0 -48.7617236,-28.090416199215,0.0 -48.7619427,-28.090425899215,0.0 -48.7622305,-28.090366699215,0.0 -48.7625087,-28.090248699215,0.0 -48.7627928,-28.090142399215,0.0 -48.7629959,-28.090100399215,0.0 -48.7631958,-28.090084699215,0.0 -48.7634315,-28.090105999215,0.0 -48.7637012,-28.090168699215,0.0 -48.7639656,-28.090270799215,0.0 -48.7641268,-28.0903814992149,0.0 -48.7642971,-28.090438899215,0.0 -48.7644303,-28.090439499215,0.0 -48.7646425,-28.090334799215,0.0 -48.7647784,-28.090238399215,0.0 -48.764922,-28.090172699215,0.0 -48.7650827,-28.090165099215,0.0 -48.7653111,-28.090175399215,0.0 -48.7655181,-28.090105899215,0.0 -48.7656857,-28.090018799215,0.0 -48.7658402,-28.089872199215,0.0 -48.7659839,-28.089735899215,0.0 -48.7660881,-28.089672899215,0.0 -48.7662112,-28.089607199215,0.0 -48.7663758,-28.089505099215,0.0 -48.7665597,-28.089448599215,0.0 -48.7667273,-28.089422699215,0.0 -48.7669459,-28.089315599215,0.0 -48.7671597,-28.089184799215,0.0 -48.7673758,-28.089024099215,0.0 -48.7676253,-28.088892099215,0.0 -48.7678447,-28.088671099215,0.0 -48.7680255,-28.088513399215,0.0 -48.7682165,-28.088395699215,0.0 -48.7683861,-28.088222199215,0.0 -48.7685227,-28.088108799215,0.0 -48.7687068,-28.088042499215,0.0 -48.768894,-28.087975999215,0.0 -48.7690414,-28.087959799215,0.0 -48.7691659,-28.087887299215,0.0 -48.7693191,-28.087678699215,0.0 -48.769448,-28.087525599215,0.0 -48.7695566,-28.087439399215,0.0 -48.7697043,-28.087431999215,0.0 -48.7699767,-28.087405699215,0.0 -48.7701758,-28.087468699215,0.0 -48.7703659,-28.087547899215,0.0 -48.7705019,-28.087636399215,0.0 -48.7707205,-28.087732199215,0.0 -48.7709908,-28.087828799215,0.0 -48.7712542,-28.087877199215,0.0 -48.7714799,-28.087859499215,0.0 -48.7716689,-28.087797499215,0.0 -48.7718753,-28.087804699215,0.0 -48.7720222,-28.087863699215,0.0 -48.772245,-28.087905699215,0.0 -48.7724536,-28.087919899215,0.0 -48.7726922,-28.087828399215,0.0 -48.7728803,-28.087756299215,0.0 -48.7731264,-28.087735899215,0.0 -48.773406,-28.087786099215,0.0 -48.7735457,-28.087871999215,0.0 -48.7736486,-28.087996199215,0.0 -48.7737747,-28.088138299215,0.0 -48.7739261,-28.088199099215,0.0 -48.7740629,-28.088291299215,0.0 -48.774216,-28.088365299215,0.0 -48.7743501,-28.088487499215,0.0 -48.774492,-28.088634699215,0.0 -48.7746338,-28.088845699215,0.0 -48.7747975,-28.089000799215,0.0 -48.7750032,-28.089109599215,0.0 -48.7752409,-28.089145499215,0.0 -48.7754758,-28.089123299215,0.0 -48.7756905,-28.089102699215,0.0 -48.7758055,-28.089125499215,0.0 -48.7759,-28.089215799215,0.0 -48.7761242,-28.089322199215,0.0 -48.7763786,-28.089367999215,0.0 -48.7767321,-28.089345399215,0.0 -48.7771056,-28.089309199215,0.0 -48.7775363,-28.089352599215,0.0 -48.7778712,-28.089418499215,0.0 -48.7781544,-28.089416099215,0.0 -48.7783978,-28.089314699215,0.0 -48.778745,-28.089044499215,0.0 -48.7789855,-28.088973799215,0.0 -48.7793211,-28.088973799215,0.0 -48.7795403,-28.089095099215,0.0 -48.7797372,-28.089321099215,0.0 -48.7799464,-28.089625999215,0.0 -48.7800842,-28.089942599215,0.0 -48.780286,-28.090266499215,0.0 -48.7805445,-28.090523399215,0.0 -48.7808647,-28.0906358992149,0.0 -48.7811339,-28.090495799215,0.0 -48.7812859,-28.090452899215,0.0 -48.781401,-28.090444999215,0.0 -48.7815557,-28.090450799215,0.0 -48.7816727,-28.090501399215,0.0 -48.7817657,-28.0905564992149,0.0 -48.781816,-28.090766599215,0.0 -48.781834,-28.0908970992149,0.0 -48.7817727,-28.0911069992149,0.0 -48.7816766,-28.0913275992149,0.0 -48.7816084,-28.0914638992149,0.0 -48.7816133,-28.0916771992149,0.0 -48.7816438,-28.0917624992149,0.0 -48.781748,-28.0918258992149,0.0 -48.7820538,-28.0917801992149,0.0 -48.7824503,-28.0917229992149,0.0 -48.7826961,-28.0917167992149,0.0 -48.7828109,-28.0917724992149,0.0 -48.7829316,-28.0918180992149,0.0 -48.7831126,-28.0918354992149,0.0 -48.7833369,-28.0918321992149,0.0 -48.7836116,-28.0917744992149,0.0 -48.7837074,-28.0917900992149,0.0 -48.7837946,-28.0918297992149,0.0 -48.7838632,-28.0918755992149,0.0 -48.7839455,-28.0918954992149,0.0 -48.7840596,-28.0919037992149,0.0 -48.7841864,-28.0919139992149,0.0 -48.7843821,-28.0918169992149,0.0 -48.7845415,-28.0917654992149,0.0 -48.7846885,-28.0917227992149,0.0 -48.7847892,-28.0916894992149,0.0 -48.7849281,-28.0916680992149,0.0 -48.7850769,-28.0916755992149,0.0 -48.7854061,-28.0916746992149,0.0 -48.7858111,-28.0916679992149,0.0 -48.7859973,-28.0916098992149,0.0 -48.7861773,-28.0915364992149,0.0 -48.7863303,-28.0914755992149,0.0 -48.7865412,-28.0913822992149,0.0 -48.7865777,-28.0913660992149,0.0 -48.7866969,-28.0913288992149,0.0 -48.78677,-28.0913300992149,0.0 -48.7868624,-28.0913180992149,0.0 -48.7869451,-28.0913080992149,0.0 -48.7871443,-28.0912645992149,0.0 -48.7873216,-28.0912428992149,0.0 -48.7874745,-28.0912332992149,0.0 -48.787587,-28.0912474992149,0.0 -48.787702,-28.0913015992149,0.0 -48.7877965,-28.0913783992149,0.0 -48.7878386,-28.0914878992149,0.0 -48.7878959,-28.0915822992149,0.0 -48.7878992,-28.0917140992149,0.0 -48.7878928,-28.0918922992149,0.0 -48.7878789,-28.0919773992149,0.0 -48.7878638,-28.0919944992149,0.0 -48.7878341,-28.0920162992149,0.0 -48.7877855,-28.0920753992149,0.0 -48.7877263,-28.0921957992149,0.0 -48.7877051,-28.0922489992149,0.0 -48.787696,-28.0922728992149,0.0 -48.7876887,-28.0922965992149,0.0 -48.7876833,-28.0923254992149,0.0 -48.7876821,-28.0923536992149,0.0 -48.7876811,-28.0923820992149,0.0 -48.7876801,-28.0924120992149,0.0 -48.7876808,-28.0924385992149,0.0 -48.7876832,-28.0924611992149,0.0 -48.787687,-28.0924844992149,0.0 -48.7876923,-28.0925137992149,0.0 -48.7877331,-28.0927279992149,0.0 -48.7877752,-28.0930193992149,0.0 -48.7877913,-28.0930626992149,0.0 -48.7878066,-28.0930937992149,0.0 -48.7878324,-28.0931253992149,0.0 -48.7878663,-28.0931445992149,0.0 -48.7879028,-28.0931553992149,0.0 -48.787934,-28.0931574992149,0.0 -48.787967,-28.0931566992149,0.0 -48.7880052,-28.0931508992149,0.0 -48.7880454,-28.0931433992149,0.0 -48.7880786,-28.0931369992149,0.0 -48.7881107,-28.0931332992149,0.0 -48.7881353,-28.0931336992149,0.0 -48.7881572,-28.0931362992149,0.0 -48.7881682,-28.0931390992149,0.0 -48.7881742,-28.0931419992149,0.0 -48.7881884,-28.0931505992149,0.0 -48.7882071,-28.0931640992149,0.0 -48.7882253,-28.0931781992149,0.0 -48.7882494,-28.0931964992149,0.0 -48.7882722,-28.0932122992149,0.0 -48.7883022,-28.0932327992149,0.0 -48.7884936,-28.0933653992149,0.0 -48.7885429,-28.0933902992149,0.0 -48.7885796,-28.0934038992149,0.0 -48.7886232,-28.0934086992149,0.0 -48.7886621,-28.0934096992149,0.0 -48.7886978,-28.0934109992149,0.0 -48.7887292,-28.0934128992149,0.0 -48.7887635,-28.0934199992149,0.0 -48.7888006,-28.0934293992149,0.0 -48.7888322,-28.0934399992149,0.0 -48.7888545,-28.0934501992149,0.0 -48.7888707,-28.0934607992149,0.0 -48.7888784,-28.0934686992149,0.0 -48.7888833,-28.0934765992149,0.0 -48.7888856,-28.0934872992149,0.0 -48.7888857,-28.0935018992149,0.0 -48.7888824,-28.0935185992149,0.0 -48.7888736,-28.0935462992149,0.0 -48.7888418,-28.0936304992149,0.0 -48.7888362,-28.0936642992149,0.0 -48.788834,-28.0936961992149,0.0 -48.7888337,-28.0937296992149,0.0 -48.7888404,-28.0937666992149,0.0 -48.788852,-28.0938019992149,0.0 -48.788872,-28.0938373992149,0.0 -48.7888955,-28.0938636992149,0.0 -48.788925,-28.0938877992149,0.0 -48.7889617,-28.0939089992149,0.0 -48.7890051,-28.0939277992149,0.0 -48.7890474,-28.0939399992149,0.0 -48.7890738,-28.0939437992149,0.0 -48.789095,-28.0939467992149,0.0 -48.7891482,-28.0939421992149,0.0 -48.7891973,-28.0939195992149,0.0 -48.7892256,-28.0938902992149,0.0 -48.789246,-28.0938567992149,0.0 -48.7892614,-28.0938264992149,0.0 -48.7892787,-28.0937865992149,0.0 -48.7892927,-28.0937578992149,0.0 -48.7893082,-28.0937344992149,0.0 -48.7893249,-28.0937145992149,0.0 -48.7893417,-28.0936991992149,0.0 -48.7893787,-28.0936825992149,0.0 -48.7894232,-28.0936655992149,0.0 -48.7894768,-28.0936388992149,0.0 -48.789518,-28.0936098992149,0.0 -48.7895507,-28.0935856992149,0.0 -48.7895795,-28.0935667992149,0.0 -48.7896019,-28.0935564992149,0.0 -48.7896315,-28.0935497992149,0.0 -48.7896551,-28.0935474992149,0.0 -48.7896762,-28.0935482992149,0.0 -48.7897057,-28.0935576992149,0.0 -48.7897138,-28.0935639992149,0.0 -48.7897301,-28.0935849992149,0.0 -48.7897542,-28.0936194992149,0.0 -48.7897782,-28.0936532992149,0.0 -48.7897992,-28.0936781992149,0.0 -48.7898332,-28.0937059992149,0.0 -48.7898802,-28.0937136992149,0.0 -48.7899264,-28.0937036992149,0.0 -48.7899618,-28.0936833992149,0.0 -48.7900666,-28.0935910992149,0.0 -48.7900898,-28.0935454992149,0.0 -48.7900938,-28.0934996992149,0.0 -48.7900858,-28.0934694992149,0.0 -48.7900713,-28.0934324992149,0.0 -48.7900579,-28.0934020992149,0.0 -48.7900432,-28.0933639992149,0.0 -48.790035,-28.0933237992149,0.0 -48.7900335,-28.0932913992149,0.0 -48.790036,-28.0932686992149,0.0 -48.7900409,-28.0932563992149,0.0 -48.7900501,-28.0932448992149,0.0 -48.7900642,-28.0932365992149,0.0 -48.7900866,-28.0932308992149,0.0 -48.7901091,-28.0932311992149,0.0 -48.7901343,-28.0932352992149,0.0 -48.7901592,-28.0932428992149,0.0 -48.7901704,-28.0932484992149,0.0 -48.7901762,-28.0932534992149,0.0 -48.7901826,-28.0932621992149,0.0 -48.7901908,-28.0932768992149,0.0 -48.7901982,-28.0932950992149,0.0 -48.790209,-28.0933216992149,0.0 -48.7902233,-28.0933485992149,0.0 -48.7902445,-28.0933778992149,0.0 -48.7902668,-28.0933975992149,0.0 -48.7902922,-28.0934123992149,0.0 -48.7903139,-28.0934208992149,0.0 -48.7903365,-28.0934278992149,0.0 -48.7903691,-28.0934319992149,0.0 -48.7903899,-28.0934343992149,0.0 -48.7904161,-28.0934309992149,0.0 -48.7904946,-28.0934081992149,0.0 -48.7905295,-28.0933899992149,0.0 -48.7905415,-28.0933683992149,0.0 -48.7905447,-28.0933625992149,0.0 -48.7905521,-28.0933354992149,0.0 -48.790552,-28.0933086992149,0.0 -48.7905484,-28.0932719992149,0.0 -48.7905446,-28.0932388992149,0.0 -48.7905397,-28.0932000992149,0.0 -48.7905392,-28.0931716992149,0.0 -48.79054,-28.0931456992149,0.0 -48.7905443,-28.0931323992149,0.0 -48.7905504,-28.0931204992149,0.0 -48.7905535,-28.0931168992149,0.0 -48.7905629,-28.0931098992149,0.0 -48.7905801,-28.0931010992149,0.0 -48.7906054,-28.0930914992149,0.0 -48.7906263,-28.0930856992149,0.0 -48.7906493,-28.0930819992149,0.0 -48.7906752,-28.0930819992149,0.0 -48.7907046,-28.0930825992149,0.0 -48.7907761,-28.0930845992149,0.0 -48.7908007,-28.0930903992149,0.0 -48.7908298,-28.0931049992149,0.0 -48.7909082,-28.0931535992149,0.0 -48.7910336,-28.0932193992149,0.0 -48.7910596,-28.0932358992149,0.0 -48.7910699,-28.0932447992149,0.0 -48.7910783,-28.0932558992149,0.0 -48.7910803,-28.0932585992149,0.0 -48.7910919,-28.0932815992149,0.0 -48.7911118,-28.0933227992149,0.0 -48.7911325,-28.0933556992149,0.0 -48.791162,-28.0933955992149,0.0 -48.7911939,-28.0934297992149,0.0 -48.7912268,-28.0934551992149,0.0 -48.7912618,-28.0934796992149,0.0 -48.7912961,-28.0935044992149,0.0 -48.7913213,-28.0935244992149,0.0 -48.7913405,-28.0935431992149,0.0 -48.7913587,-28.0935646992149,0.0 -48.7913759,-28.0935901992149,0.0 -48.7913967,-28.0936247992149,0.0 -48.7914197,-28.0936723992149,0.0 -48.7914832,-28.0937905992149,0.0 -48.7915056,-28.0938272992149,0.0 -48.7915331,-28.0938632992149,0.0 -48.7915667,-28.0938970992149,0.0 -48.7916013,-28.0939233992149,0.0 -48.7916488,-28.0939545992149,0.0 -48.7916809,-28.0939709992149,0.0 -48.7917177,-28.0939826992149,0.0 -48.7917534,-28.0939841992149,0.0 -48.7917886,-28.0939817992149,0.0 -48.7918249,-28.0939759992149,0.0 -48.7918672,-28.0939684992149,0.0 -48.7919136,-28.0939610992149,0.0 -48.7919666,-28.0939560992149,0.0 -48.7920157,-28.0939545992149,0.0 -48.7920561,-28.0939576992149,0.0 -48.7920877,-28.0939649992149,0.0 -48.7920997,-28.0939688992149,0.0 -48.7921128,-28.0939756992149,0.0 -48.7921181,-28.0939808992149,0.0 -48.7921229,-28.0939900992149,0.0 -48.7921245,-28.0940003992149,0.0 -48.792124,-28.0940072992149,0.0 -48.7921224,-28.0940128992149,0.0 -48.7921203,-28.0940200992149,0.0 -48.7921145,-28.0940411992149,0.0 -48.7921119,-28.0940797992149,0.0 -48.7921158,-28.0941363992149,0.0 -48.7921413,-28.0942817992149,0.0 -48.792164,-28.0943272992149,0.0 -48.7921877,-28.0943636992149,0.0 -48.792219,-28.0943943992149,0.0 -48.7922646,-28.0944269992149,0.0 -48.7923041,-28.0944482992149,0.0 -48.7923323,-28.0944607992149,0.0 -48.7923687,-28.0944739992149,0.0 -48.7924138,-28.0944877992149,0.0 -48.792474,-28.0945115992149,0.0 -48.7924955,-28.0945218992149,0.0 -48.7925254,-28.0945337992149,0.0 -48.7925535,-28.0945422992149,0.0 -48.792586,-28.0945471992149,0.0 -48.7926166,-28.0945482992149,0.0 -48.7926488,-28.0945442992149,0.0 -48.7926846,-28.0945346992149,0.0 -48.7929167,-28.0944484992149,0.0 -48.7930281,-28.0944160992149,0.0 -48.7930895,-28.0943907992149,0.0 -48.7931665,-28.0943278992149,0.0 -48.7931921,-28.0943047992149,0.0 -48.7932071,-28.0942912992149,0.0 -48.7932282,-28.0942791992149,0.0 -48.7932665,-28.0942696992149,0.0 -48.7933075,-28.0942686992149,0.0 -48.7933513,-28.0942699992149,0.0 -48.7933828,-28.0942713992149,0.0 -48.7934017,-28.0942753992149,0.0 -48.7934325,-28.0942851992149,0.0 -48.7934752,-28.0942967992149,0.0 -48.7935238,-28.0943000992149,0.0 -48.793566,-28.0943010992149,0.0 -48.7936111,-28.0943024992149,0.0 -48.7936433,-28.0943038992149,0.0 -48.793676,-28.0943100992149,0.0 -48.7937053,-28.0943184992149,0.0 -48.7937349,-28.0943311992149,0.0 -48.7937574,-28.0943432992149,0.0 -48.7937843,-28.0943595992149,0.0 -48.7938203,-28.0943839992149,0.0 -48.7938669,-28.0944179992149,0.0 -48.7940165,-28.0945548992149,0.0 -48.7940998,-28.0946342992149,0.0 -48.7941442,-28.0946871992149,0.0 -48.7941817,-28.0947284992149,0.0 -48.794217,-28.0947619992149,0.0 -48.7942604,-28.0947804992149,0.0 -48.7943223,-28.0947827992149,0.0 -48.7943714,-28.0947728992149,0.0 -48.7944157,-28.0947581992149,0.0 -48.7944674,-28.0947360992149,0.0 -48.794526,-28.0947024992149,0.0 -48.7945811,-28.0946644992149,0.0 -48.7946275,-28.0946280992149,0.0 -48.7947539,-28.0945500992149,0.0 -48.794816,-28.0945216992149,0.0 -48.7948619,-28.0945014992149,0.0 -48.7949049,-28.0944849992149,0.0 -48.7949662,-28.0944647992149,0.0 -48.7950341,-28.0944415992149,0.0 -48.7951001,-28.0944199992149,0.0 -48.7951676,-28.0944001992149,0.0 -48.7952297,-28.0943813992149,0.0 -48.7953168,-28.0943723992149,0.0 -48.7953299,-28.0943761992149,0.0 -48.7953391,-28.0943829992149,0.0 -48.7953436,-28.0943912992149,0.0 -48.7953471,-28.0944012992149,0.0 -48.7953524,-28.0944229992149,0.0 -48.7953557,-28.0944623992149,0.0 -48.7954106,-28.0948264992149,0.0 -48.7954296,-28.0948856992149,0.0 -48.7954543,-28.0949297992149,0.0 -48.7954855,-28.0949579992149,0.0 -48.795531,-28.0949754992149,0.0 -48.7955743,-28.0949800992149,0.0 -48.7956138,-28.0949769992149,0.0 -48.7956599,-28.0949672992149,0.0 -48.7957025,-28.0949564992149,0.0 -48.7957378,-28.0949535992149,0.0 -48.7957683,-28.0949547992149,0.0 -48.7958224,-28.0949672992149,0.0 -48.7960841,-28.0950231992149,0.0 -48.7961712,-28.0950281992149,0.0 -48.7962326,-28.0950263992149,0.0 -48.7962342,-28.0950259992149,0.0 -48.7962855,-28.0950105992149,0.0 -48.7963272,-28.0949843992149,0.0 -48.7963491,-28.0949514992149,0.0 -48.7963645,-28.0949142992149,0.0 -48.7963741,-28.0948844992149,0.0 -48.7963882,-28.0948570992149,0.0 -48.7964106,-28.0948289992149,0.0 -48.7964275,-28.0948151992149,0.0 -48.7964511,-28.0948027992149,0.0 -48.7964775,-28.0947919992149,0.0 -48.7965153,-28.0947757992149,0.0 -48.7965991,-28.0947076992149,0.0 -48.7966261,-28.0946736992149,0.0 -48.7966473,-28.0946318992149,0.0 -48.7966518,-28.0945874992149,0.0 -48.7966426,-28.0945406992149,0.0 -48.796618,-28.0944930992149,0.0 -48.7965965,-28.0944613992149,0.0 -48.7965856,-28.0944448992149,0.0 -48.7965806,-28.0944339992149,0.0 -48.7965776,-28.0944218992149,0.0 -48.7965778,-28.0944122992149,0.0 -48.7965811,-28.0944043992149,0.0 -48.7965852,-28.0944013992149,0.0 -48.7965965,-28.0943974992149,0.0 -48.7966091,-28.0943924992149,0.0 -48.7966226,-28.0943838992149,0.0 -48.7966455,-28.0943685992149,0.0 -48.7966741,-28.0943312992149,0.0 -48.7966985,-28.0942894992149,0.0 -48.7967125,-28.0942525992149,0.0 -48.7967182,-28.0942173992149,0.0 -48.7967124,-28.0941833992149,0.0 -48.7967043,-28.0941573992149,0.0 -48.7967009,-28.0941391992149,0.0 -48.7967022,-28.0941264992149,0.0 -48.7967121,-28.0941131992149,0.0 -48.7967293,-28.0941036992149,0.0 -48.796773,-28.0940895992149,0.0 -48.796834,-28.0940778992149,0.0 -48.7968892,-28.0940711992149,0.0 -48.7969397,-28.0940721992149,0.0 -48.7969887,-28.0940796992149,0.0 -48.79704,-28.0940924992149,0.0 -48.7970906,-28.0941101992149,0.0 -48.7971474,-28.0941292992149,0.0 -48.7972055,-28.0941412992149,0.0 -48.7972608,-28.0941415992149,0.0 -48.7972989,-28.0941293992149,0.0 -48.7973279,-28.0941094992149,0.0 -48.7973491,-28.0940723992149,0.0 -48.7973535,-28.0940440992149,0.0 -48.7973567,-28.0940146992149,0.0 -48.797355,-28.0939813992149,0.0 -48.7973452,-28.0939420992149,0.0 -48.7973289,-28.0939081992149,0.0 -48.7972618,-28.0938107992149,0.0 -48.7972126,-28.0937800992149,0.0 -48.7971723,-28.0937623992149,0.0 -48.7971562,-28.0937547992149,0.0 -48.7971462,-28.0937456992149,0.0 -48.7971422,-28.0937367992149,0.0 -48.7971415,-28.0937259992149,0.0 -48.797143,-28.0937167992149,0.0 -48.7971499,-28.0937048992149,0.0 -48.7971587,-28.0936967992149,0.0 -48.7971738,-28.0936884992149,0.0 -48.7971986,-28.0936796992149,0.0 -48.7972256,-28.0936754992149,0.0 -48.7972533,-28.0936728992149,0.0 -48.7973776,-28.0936834992149,0.0 -48.7974341,-28.0936830992149,0.0 -48.7974702,-28.0936840992149,0.0 -48.797495,-28.0936875992149,0.0 -48.7975143,-28.0936939992149,0.0 -48.7975472,-28.0937113992149,0.0 -48.7976359,-28.0937644992149,0.0 -48.7976725,-28.0937798992149,0.0 -48.7977186,-28.0937819992149,0.0 -48.7977235,-28.0937798992149,0.0 -48.7977612,-28.0937563992149,0.0 -48.7977747,-28.0937198992149,0.0 -48.7977667,-28.0936848992149,0.0 -48.7977616,-28.0936754992149,0.0 -48.7977557,-28.0936643992149,0.0 -48.7977539,-28.0936512992149,0.0 -48.7977567,-28.0936372992149,0.0 -48.7977652,-28.0936190992149,0.0 -48.7977826,-28.0935861992149,0.0 -48.7977878,-28.0935650992149,0.0 -48.7977911,-28.0935434992149,0.0 -48.7977963,-28.0935289992149,0.0 -48.7978026,-28.0935199992149,0.0 -48.7978109,-28.0935165992149,0.0 -48.7978266,-28.0935164992149,0.0 -48.7978406,-28.0935207992149,0.0 -48.7978542,-28.0935299992149,0.0 -48.7978627,-28.0935398992149,0.0 -48.7978705,-28.0935552992149,0.0 -48.7978756,-28.0935745992149,0.0 -48.7978757,-28.0935975992149,0.0 -48.7978791,-28.0936485992149,0.0 -48.7978998,-28.0936926992149,0.0 -48.7979236,-28.0937240992149,0.0 -48.7979433,-28.0937439992149,0.0 -48.7979558,-28.0937596992149,0.0 -48.7979619,-28.0937718992149,0.0 -48.7979649,-28.0937825992149,0.0 -48.797963,-28.0937961992149,0.0 -48.7979599,-28.0938003992149,0.0 -48.7979491,-28.0938062992149,0.0 -48.7979385,-28.0938079992149,0.0 -48.797913,-28.0938100992149,0.0 -48.797857,-28.0938266992149,0.0 -48.7978146,-28.0938568992149,0.0 -48.7977943,-28.0938892992149,0.0 -48.7977865,-28.0939215992149,0.0 -48.7977853,-28.0939928992149,0.0 -48.7977837,-28.0940512992149,0.0 -48.7977819,-28.0941006992149,0.0 -48.7977796,-28.0941588992149,0.0 -48.7977878,-28.0942084992149,0.0 -48.7978103,-28.0942546992149,0.0 -48.7978503,-28.0942998992149,0.0 -48.7979033,-28.0943235992149,0.0 -48.7979621,-28.0943303992149,0.0 -48.7980646,-28.0944200992149,0.0 -48.7981871,-28.0944841992149,0.0 -48.7983148,-28.0945068992149,0.0 -48.7984242,-28.0945141992149,0.0 -48.7984499,-28.0944640992149,0.0 -48.7984577,-28.0944108992149,0.0 -48.7984503,-28.0943648992149,0.0 -48.798431,-28.0943175992149,0.0 -48.7983643,-28.0942564992149,0.0 -48.7982844,-28.0941719992149,0.0 -48.7982306,-28.0940817992149,0.0 -48.7982206,-28.0939918992149,0.0 -48.7982536,-28.0939133992149,0.0 -48.7982927,-28.0938419992149,0.0 -48.798347,-28.0937989992149,0.0 -48.7983903,-28.0937603992149,0.0 -48.7984304,-28.0937282992149,0.0 -48.798479,-28.0937229992149,0.0 -48.7985405,-28.0937092992149,0.0 -48.7985973,-28.0937159992149,0.0 -48.798656,-28.0937282992149,0.0 -48.7987115,-28.0937553992149,0.0 -48.7987546,-28.0937802992149,0.0 -48.7987908,-28.0938305992149,0.0 -48.798806,-28.0938844992149,0.0 -48.7988149,-28.0939483992149,0.0 -48.798826,-28.0940162992149,0.0 -48.7988357,-28.0940827992149,0.0 -48.7988555,-28.0941502992149,0.0 -48.7988909,-28.0942010992149,0.0 -48.7989343,-28.0942394992149,0.0 -48.7989765,-28.0942591992149,0.0 -48.7990101,-28.0942816992149,0.0 -48.7990781,-28.0943264992149,0.0 -48.7991584,-28.0943473992149,0.0 -48.7992232,-28.0943324992149,0.0 -48.7992767,-28.0942731992149,0.0 -48.7992984,-28.0942143992149,0.0 -48.7993244,-28.0941290992149,0.0 -48.7993379,-28.0940636992149,0.0 -48.7993781,-28.0940192992149,0.0 -48.7994168,-28.0939822992149,0.0 -48.7994429,-28.0939562992149,0.0 -48.7994857,-28.0939411992149,0.0 -48.7995094,-28.0939488992149,0.0 -48.7995349,-28.0939548992149,0.0 -48.7995631,-28.0939578992149,0.0 -48.7995948,-28.0939588992149,0.0 -48.7996278,-28.0939571992149,0.0 -48.7996642,-28.0939491992149,0.0 -48.7996919,-28.0939360992149,0.0 -48.7997103,-28.0939147992149,0.0 -48.7997127,-28.0939036992149,0.0 -48.7997137,-28.0938989992149,0.0 -48.7997124,-28.0938937992149,0.0 -48.7997103,-28.0938899992149,0.0 -48.7997087,-28.0938858992149,0.0 -48.7997083,-28.0938822992149,0.0 -48.7997092,-28.0938785992149,0.0 -48.7997106,-28.0938760992149,0.0 -48.7997127,-28.0938749992149,0.0 -48.7997179,-28.0938738992149,0.0 -48.7997268,-28.0938740992149,0.0 -48.7997383,-28.0938723992149,0.0 -48.7997562,-28.0938656992149,0.0 -48.7997761,-28.0938596992149,0.0 -48.799804,-28.0938510992149,0.0 -48.7998307,-28.0938404992149,0.0 -48.7998528,-28.0938288992149,0.0 -48.7998648,-28.0938242992149,0.0 -48.7998776,-28.0938212992149,0.0 -48.7998905,-28.0938206992149,0.0 -48.7999451,-28.0938304992149,0.0 -48.7999868,-28.0937965992149,0.0 -48.8000038,-28.0936790992149,0.0 -48.7999606,-28.0935863992149,0.0 -48.7998523,-28.0935028992149,0.0 -48.7996792,-28.0934657992149,0.0 -48.7995061,-28.0933977992149,0.0 -48.7993546,-28.0933018992149,0.0 -48.799234,-28.0932184992149,0.0 -48.7991413,-28.0930947992149,0.0 -48.7991165,-28.0929958992149,0.0 -48.7991289,-28.0928412992149,0.0 -48.7991722,-28.0927237992149,0.0 -48.7992309,-28.0926433992149,0.0 -48.7992866,-28.0925707992149,0.0 -48.7994412,-28.0925243992149,0.0 -48.799772,-28.0925243992149,0.0 -48.7999791,-28.0925521992149,0.0 -48.8002543,-28.0926897992149,0.0 -48.8004552,-28.0929061992149,0.0 -48.800616,-28.0931565992149,0.0 -48.8006624,-28.0932307992149,0.0 -48.8007149,-28.0935878992149,0.0 -48.8009437,-28.0941258992149,0.0 -48.8011725,-28.0945153992149,0.0 -48.8014074,-28.0947626992149,0.0 -48.8016089,-28.0948924992149,0.0 -48.8016857,-28.0949419992149,0.0 -48.8018155,-28.0949976992149,0.0 -48.8019887,-28.0950161992149,0.0 -48.8021071,-28.0949474992149,0.0 -48.8021486,-28.0949259992149,0.0 -48.802182,-28.0948975992149,0.0 -48.802211,-28.0948586992149,0.0 -48.8022315,-28.0948177992149,0.0 -48.8022505,-28.0947650992149,0.0 -48.8022732,-28.0947059992149,0.0 -48.8022823,-28.0946891992149,0.0 -48.8022962,-28.0946759992149,0.0 -48.8023386,-28.0946522992149,0.0 -48.8023943,-28.0946317992149,0.0 -48.8024576,-28.0946158992149,0.0 -48.8024933,-28.0946126992149,0.0 -48.8025273,-28.0946166992149,0.0 -48.8025462,-28.0946209992149,0.0 -48.802563,-28.0946296992149,0.0 -48.8025682,-28.0946365992149,0.0 -48.8025699,-28.0946458992149,0.0 -48.8025696,-28.0946564992149,0.0 -48.8025688,-28.0946792992149,0.0 -48.8025787,-28.0947202992149,0.0 -48.8026151,-28.0947500992149,0.0 -48.8026614,-28.0947688992149,0.0 -48.8027082,-28.0947753992149,0.0 -48.8027642,-28.0947717992149,0.0 -48.8028131,-28.0947610992149,0.0 -48.8028673,-28.0947426992149,0.0 -48.8033803,-28.0945101992149,0.0 -48.8040116,-28.0942265992149,0.0 -48.8040735,-28.0941851992149,0.0 -48.8041267,-28.0941537992149,0.0 -48.8041817,-28.0941273992149,0.0 -48.8046999,-28.0938983992149,0.0 -48.8048041,-28.0938585992149,0.0 -48.8052947,-28.0936691992149,0.0 -48.8053355,-28.0936532992149,0.0 -48.8053879,-28.0936377992149,0.0 -48.8054213,-28.0936321992149,0.0 -48.8054495,-28.0936313992149,0.0 -48.8054868,-28.0936322992149,0.0 -48.8055265,-28.0936333992149,0.0 -48.8058078,-28.0936521992149,0.0 -48.8059352,-28.0936518992149,0.0 -48.8060104,-28.0936458992149,0.0 -48.8060721,-28.0936362992149,0.0 -48.8065394,-28.0935565992149,0.0 -48.8066596,-28.0935326992149,0.0 -48.8067407,-28.0935223992149,0.0 -48.8068095,-28.0935233992149,0.0 -48.8068809,-28.0935324992149,0.0 -48.8072332,-28.0935439992149,0.0 -48.8073297,-28.0935225992149,0.0 -48.8073877,-28.0934998992149,0.0 -48.807429,-28.0934770992149,0.0 -48.8074606,-28.0934556992149,0.0 -48.8078114,-28.0932078992149,0.0 -48.8079852,-28.0930402992149,0.0 -48.8080245,-28.0929802992149,0.0 -48.8080581,-28.0929123992149,0.0 -48.8080851,-28.0928350992149,0.0 -48.8081542,-28.0925309992149,0.0 -48.8081939,-28.0922099992149,0.0 -48.8081961,-28.0921442992149,0.0 -48.8081977,-28.0920817992149,0.0 -48.8081987,-28.0920534992149,0.0 -48.80821,-28.0920119992149,0.0 -48.8082501,-28.0918863992149,0.0 -48.8082654,-28.0918599992149,0.0 -48.8082951,-28.0918219992149,0.0 -48.808314,-28.0918025992149,0.0 -48.8083354,-28.0917869992149,0.0 -48.808358,-28.0917753992149,0.0 -48.8083915,-28.0917624992149,0.0 -48.8084352,-28.0917488992149,0.0 -48.8084756,-28.0917404992149,0.0 -48.8085159,-28.0917321992149,0.0 -48.8085603,-28.0917266992149,0.0 -48.8086249,-28.0917209992149,0.0 -48.8088527,-28.0916891992149,0.0 -48.8089225,-28.0916764992149,0.0 -48.8090255,-28.0916255992149,0.0 -48.809045,-28.0916061992149,0.0 -48.809045,-28.0915957992149,0.0 -48.8090499,-28.0915869992149,0.0 -48.8090715,-28.0915625992149,0.0 -48.8091114,-28.0915295992149,0.0 -48.8091429,-28.0915061992149,0.0 -48.8091875,-28.0914732992149,0.0 -48.8092311,-28.0914392992149,0.0 -48.809248,-28.0914255992149,0.0 -48.8092481,-28.0914230992149,0.0 -48.8092519,-28.0913217992149,0.0 -48.8091887,-28.0912200992149,0.0 -48.8091508,-28.0911847992149,0.0 -48.8091081,-28.0911596992149,0.0 -48.8090607,-28.0911425992149,0.0 -48.8089952,-28.0911282992149,0.0 -48.8086853,-28.0911021992149,0.0 -48.808466,-28.0911075992149,0.0 -48.8077445,-28.0910774992149,0.0 -48.8076698,-28.0910598992149,0.0 -48.807617,-28.0910430992149,0.0 -48.8075892,-28.0910310992149,0.0 -48.8075532,-28.0910128992149,0.0 -48.807511,-28.0909873992149,0.0 -48.8072726,-28.0908274992149,0.0 -48.8072237,-28.0907799992149,0.0 -48.8072058,-28.0907565992149,0.0 -48.8071984,-28.0907441992149,0.0 -48.8071876,-28.090720399215,0.0 -48.8071602,-28.0906024992149,0.0 -48.8071567,-28.090579399215,0.0 -48.8071575,-28.0905503992149,0.0 -48.8071584,-28.090522499215,0.0 -48.8071654,-28.090490199215,0.0 -48.8072277,-28.090245699215,0.0 -48.8073302,-28.089876299215,0.0 -48.8074636,-28.089507499215,0.0 -48.8074752,-28.089458799215,0.0 -48.8074846,-28.089348499215,0.0 -48.807496,-28.088807099215,0.0 -48.8075093,-28.088376799215,0.0 -48.807544,-28.087900399215,0.0 -48.8075687,-28.087301299215,0.0 -48.8075706,-28.087246599215,0.0 -48.8075727,-28.087191799215,0.0 -48.8075743,-28.087152199215,0.0 -48.807625,-28.086789799215,0.0 -48.8076286,-28.086747399215,0.0 -48.8077265,-28.086458399215,0.0 -48.8078264,-28.086130799215,0.0 -48.8078388,-28.086082399215,0.0 -48.8078504,-28.086034699215,0.0 -48.8078681,-28.085697499215,0.0 -48.807869,-28.085662399215,0.0 -48.8078744,-28.085615399215,0.0 -48.8078808,-28.085592399215,0.0 -48.8078897,-28.085574299215,0.0 -48.8079034,-28.085550199215,0.0 -48.8079086,-28.085540999215,0.0 -48.807923,-28.085505299215,0.0 -48.8079341,-28.085466999215,0.0 -48.8079676,-28.0852799992151,0.0 -48.8079764,-28.0852003992151,0.0 -48.807987,-28.0851485992151,0.0 -48.808001,-28.0851068992151,0.0 -48.8080881,-28.0848614992151,0.0 -48.808122,-28.0847825992151,0.0 -48.8081479,-28.0847263992151,0.0 -48.8081681,-28.0846932992151,0.0 -48.8081947,-28.0846585992151,0.0 -48.8082317,-28.0846136992151,0.0 -48.8082569,-28.0845864992151,0.0 -48.8082793,-28.0845657992151,0.0 -48.8084094,-28.0845069992151,0.0 -48.808443,-28.0844699992151,0.0 -48.808515,-28.0843909992151,0.0 -48.8085617,-28.0843504992151,0.0 -48.8086051,-28.0842731992151,0.0 -48.808608,-28.0842680992151,0.0 -48.8086257,-28.0841274992151,0.0 -48.8086067,-28.0839041992151,0.0 -48.8085944,-28.0837167992151,0.0 -48.808617,-28.0833341992151,0.0 -48.8086188,-28.0833038992151,0.0 -48.8087263,-28.0828165992151,0.0 -48.8089006,-28.0822360992151,0.0 -48.8090376,-28.0817496992151,0.0 -48.8090871,-28.0816091992151,0.0 -48.8091474,-28.0814379992151,0.0 -48.8092502,-28.0811842992151,0.0 -48.8093606,-28.0809105992151,0.0 -48.8095188,-28.0805029992151,0.0 -48.8095464,-28.0802736992151,0.0 -48.8095638,-28.0800608992151,0.0 -48.8095726,-28.0798964992152,0.0 -48.8095875,-28.0796647992151,0.0 -48.8095955,-28.0795230992152,0.0 -48.809642,-28.0792801992152,0.0 -48.8097426,-28.0788351992152,0.0 -48.8097999,-28.0787599992152,0.0 -48.8098446,-28.0787010992152,0.0 -48.8099145,-28.0785844992152,0.0 -48.810019,-28.0784328992152,0.0 -48.8100894,-28.0783708992152,0.0 -48.8101599,-28.0783220992152,0.0 -48.8103011,-28.0782875992152,0.0 -48.810572,-28.0782608992152,0.0 -48.8106476,-28.0782719992152,0.0 -48.8108262,-28.0783391992152,0.0 -48.8110284,-28.0784390992152,0.0 -48.8112923,-28.0785785992152,0.0 -48.8114486,-28.0786793992152,0.0 -48.8115005,-28.0787076992152,0.0 -48.8115937,-28.0787468992152,0.0 -48.8117027,-28.0787815992152,0.0 -48.8117373,-28.0787907992152,0.0 -48.8119049,-28.0788351992152,0.0 -48.8120391,-28.0788699992152,0.0 -48.8121152,-28.0788796992152,0.0 -48.8122193,-28.0788803992152,0.0 -48.8122757,-28.0788806992152,0.0 -48.8125001,-28.0788555992152,0.0 -48.8125741,-28.0788472992152,0.0 -48.8126458,-28.0788251992152,0.0 -48.8127621,-28.0787564992152,0.0 -48.8128127,-28.0787264992152,0.0 -48.8129285,-28.0786293992152,0.0 -48.812967,-28.0786039992152,0.0 -48.8129878,-28.0785840992152,0.0 -48.8130016,-28.0785686992152,0.0 -48.8130706,-28.0784620992152,0.0 -48.8131048,-28.0784061992152,0.0 -48.8132108,-28.0782857992152,0.0 -48.8133526,-28.0781626992152,0.0 -48.8135861,-28.0779737992152,0.0 -48.8137938,-28.0778326992152,0.0 -48.8138852,-28.0777675992152,0.0 -48.8140614,-28.0776419992152,0.0 -48.8143523,-28.0774441992152,0.0 -48.814668,-28.0771739992152,0.0 -48.8148817,-28.0769823992152,0.0 -48.8149581,-28.0769047992152,0.0 -48.8151804,-28.0766065992152,0.0 -48.8152135,-28.0765437992152,0.0 -48.8152208,-28.0765299992152,0.0 -48.8152504,-28.0764392992152,0.0 -48.8152602,-28.0763728992152,0.0 -48.8153096,-28.0761486992152,0.0 -48.8153386,-28.0759997992152,0.0 -48.8153919,-28.0757422992152,0.0 -48.8154468,-28.0755752992152,0.0 -48.815514,-28.0754161992152,0.0 -48.8156393,-28.0753000992152,0.0 -48.8157365,-28.0752353992152,0.0 -48.8157694,-28.0752196992152,0.0 -48.815818,-28.0751965992152,0.0 -48.8159031,-28.0751559992152,0.0 -48.8161156,-28.0750499992152,0.0 -48.8164245,-28.0749547992152,0.0 -48.8165619,-28.0749097992152,0.0 -48.816705,-28.0748643992152,0.0 -48.8167486,-28.0748289992152,0.0 -48.8167842,-28.0748000992152,0.0 -48.8170919,-28.0745727992152,0.0 -48.8171465,-28.0745434992152,0.0 -48.8171985,-28.0745086992152,0.0 -48.8172357,-28.0744822992152,0.0 -48.8174336,-28.0743215992153,0.0 -48.8175114,-28.0742582992153,0.0 -48.8177953,-28.0740642992153,0.0 -48.817905,-28.0740086992153,0.0 -48.8179208,-28.0740061992153,0.0 -48.8180151,-28.0739913992153,0.0 -48.8180612,-28.0739888992153,0.0 -48.818191,-28.0739818992153,0.0 -48.8185122,-28.0739810992153,0.0 -48.8188124,-28.0739742992153,0.0 -48.8190454,-28.0739975992153,0.0 -48.8192577,-28.0740615992153,0.0 -48.8193831,-28.0740809992153,0.0 -48.8194987,-28.0740880992153,0.0 -48.8195965,-28.0740931992152,0.0 -48.8196494,-28.0740865992153,0.0 -48.8197855,-28.0740673992152,0.0 -48.8198707,-28.0740429992153,0.0 -48.8198773,-28.0740404992153,0.0 -48.8199155,-28.0740262992153,0.0 -48.8199506,-28.0740131992153,0.0 -48.8201177,-28.0739787992153,0.0 -48.8202736,-28.0739243992153,0.0 -48.8204472,-28.0738445992153,0.0 -48.8205346,-28.0738178992153,0.0 -48.8207946,-28.0737383992153,0.0 -48.8211637,-28.0736467992153,0.0 -48.8213692,-28.0736098992153,0.0 -48.8214765,-28.0736002992153,0.0 -48.8215975,-28.0736042992153,0.0 -48.8216954,-28.0736372992153,0.0 -48.8218176,-28.0737321992153,0.0 -48.821932,-28.0738479992153,0.0 -48.8220203,-28.0739528992153,0.0 -48.8221341,-28.0741239992153,0.0 -48.8221744,-28.0741971992153,0.0 -48.8222072,-28.0743347992152,0.0 -48.8222158,-28.0744066992153,0.0 -48.8222251,-28.0744295992152,0.0 -48.8222859,-28.0744939992153,0.0 -48.8223356,-28.0745444992152,0.0 -48.8225251,-28.0747305992152,0.0 -48.8227828,-28.0749646992152,0.0 -48.8230624,-28.0751844992152,0.0 -48.8232983,-28.0753225992152,0.0 -48.8235983,-28.0754436992152,0.0 -48.8236977,-28.0754788992152,0.0 -48.8237611,-28.0754930992152,0.0 -48.8237885,-28.0754859992152,0.0 -48.8238281,-28.0754862992152,0.0 -48.823857,-28.0754920992152,0.0 -48.8239067,-28.0755220992152,0.0 -48.8241466,-28.0754789992152,0.0 -48.8242041,-28.0754536992152,0.0 -48.8243003,-28.0754434992152,0.0 -48.8243578,-28.0754623992152,0.0 -48.824444,-28.0754854992152,0.0 -48.8245068,-28.0755047992152,0.0 -48.8245607,-28.0755213992152,0.0 -48.8246051,-28.0755426992152,0.0 -48.8246686,-28.0755758992152,0.0 -48.8247213,-28.0756025992152,0.0 -48.8247694,-28.0756265992152,0.0 -48.824841,-28.0756790992152,0.0 -48.8248644,-28.0757086992152,0.0 -48.8248888,-28.0757550992152,0.0 -48.8249085,-28.0757827992152,0.0 -48.8249375,-28.0758142992152,0.0 -48.8249655,-28.0758322992152,0.0 -48.8250363,-28.0758739992152,0.0 -48.825194,-28.0759546992152,0.0 -48.8252386,-28.0759834992152,0.0 -48.8252825,-28.0760077992152,0.0 -48.8253641,-28.0760439992152,0.0 -48.8254835,-28.0761136992152,0.0 -48.8255036,-28.0761229992152,0.0 -48.825543,-28.0761362992152,0.0 -48.8255824,-28.0761515992152,0.0 -48.825619,-28.0761629992152,0.0 -48.8256543,-28.0761721992152,0.0 -48.8257982,-28.0761789992152,0.0 -48.8258663,-28.0761803992152,0.0 -48.8259074,-28.0761746992152,0.0 -48.8259493,-28.0761685992152,0.0 -48.8260118,-28.0761508992152,0.0 -48.826051,-28.0761372992152,0.0 -48.8261009,-28.0761174992152,0.0 -48.826152,-28.0760961992152,0.0 -48.8262408,-28.0760541992152,0.0 -48.8263621,-28.0759916992152,0.0 -48.8263948,-28.0759651992152,0.0 -48.826429,-28.0759256992152,0.0 -48.8264638,-28.0758812992152,0.0 -48.8265005,-28.0758226992152,0.0 -48.8265536,-28.0757279992152,0.0 -48.826577,-28.0757013992152,0.0 -48.8266248,-28.0756586992152,0.0 -48.8266832,-28.0756142992152,0.0 -48.8267097,-28.0755951992152,0.0 -48.826757,-28.0755607992152,0.0 -48.8268163,-28.0755156992152,0.0 -48.826866,-28.0754815992152,0.0 -48.8269304,-28.0754335992152,0.0 -48.8269929,-28.0753963992152,0.0 -48.827143,-28.0752927992152,0.0 -48.8271752,-28.0752732992152,0.0 -48.8272365,-28.0752290992152,0.0 -48.827298,-28.0751756992152,0.0 -48.8273355,-28.0751395992152,0.0 -48.8273723,-28.0751019992152,0.0 -48.82742,-28.0750439992152,0.0 -48.8274616,-28.0749947992152,0.0 -48.8275773,-28.0748179992152,0.0 -48.8275985,-28.0747954992152,0.0 -48.8276441,-28.0747556992152,0.0 -48.8276809,-28.0747143992152,0.0 -48.8277093,-28.0746705992152,0.0 -48.8277424,-28.0746208992152,0.0 -48.8277809,-28.0745578992152,0.0 -48.8278235,-28.0745008992152,0.0 -48.8279414,-28.0743416992153,0.0 -48.8279823,-28.0742849992153,0.0 -48.8279965,-28.0742361992153,0.0 -48.8280212,-28.0741840992153,0.0 -48.8280338,-28.0741486992153,0.0 -48.8280627,-28.0740783992153,0.0 -48.8280883,-28.0740053992153,0.0 -48.828104,-28.0739464992153,0.0 -48.8281244,-28.0738796992153,0.0 -48.8281585,-28.0737221992153,0.0 -48.8281615,-28.0736828992153,0.0 -48.8281647,-28.0736106992153,0.0 -48.8281637,-28.0735372992153,0.0 -48.8281623,-28.0734409992153,0.0 -48.8281611,-28.0733596992153,0.0 -48.8281603,-28.0731730992153,0.0 -48.8281638,-28.0731296992153,0.0 -48.8281806,-28.0730733992153,0.0 -48.8281993,-28.0730287992153,0.0 -48.828217,-28.0729885992153,0.0 -48.8282372,-28.0729536992153,0.0 -48.8282693,-28.0729159992153,0.0 -48.8283197,-28.0728680992153,0.0 -48.8283649,-28.0728283992153,0.0 -48.8283984,-28.0728022992153,0.0 -48.8284496,-28.0727611992153,0.0 -48.8284613,-28.0727448992153,0.0 -48.8284825,-28.0727227992153,0.0 -48.8285025,-28.0726979992153,0.0 -48.8285264,-28.0726638992153,0.0 -48.8285638,-28.0726337992153,0.0 -48.8286238,-28.0725953992153,0.0 -48.8286764,-28.0725662992153,0.0 -48.8287367,-28.0725334992153,0.0 -48.8287949,-28.0725171992153,0.0 -48.8288661,-28.0725096992153,0.0 -48.829015,-28.0724996992153,0.0 -48.8290649,-28.0724982992153,0.0 -48.8291491,-28.0724950992153,0.0 -48.8292499,-28.0724828992153,0.0 -48.8293331,-28.0724650992153,0.0 -48.8294015,-28.0724473992153,0.0 -48.8294837,-28.0724179992153,0.0 -48.8295416,-28.0723979992153,0.0 -48.8296112,-28.0723829992153,0.0 -48.8296918,-28.0723669992153,0.0 -48.8297457,-28.0723562992153,0.0 -48.8297757,-28.0723489992153,0.0 -48.8298056,-28.0723417992153,0.0 -48.8298642,-28.0723314992153,0.0 -48.8299664,-28.0723346992153,0.0 -48.8300494,-28.0723460992153,0.0 -48.8301394,-28.0723474992153,0.0 -48.8303125,-28.0723520992153,0.0 -48.8303621,-28.0723476992153,0.0 -48.8304269,-28.0723366992153,0.0 -48.8304936,-28.0723219992153,0.0 -48.8305475,-28.0723108992153,0.0 -48.8306268,-28.0722986992153,0.0 -48.8306972,-28.0722862992153,0.0 -48.8307787,-28.0722695992153,0.0 -48.8308411,-28.0722552992153,0.0 -48.8309032,-28.0722367992153,0.0 -48.8309657,-28.0722189992153,0.0 -48.8312185,-28.0721315992153,0.0 -48.8312952,-28.0721013992153,0.0 -48.8313813,-28.0720693992153,0.0 -48.8314487,-28.0720397992153,0.0 -48.8315429,-28.0720000992153,0.0 -48.8317184,-28.0719074992153,0.0 -48.8318514,-28.0718363992153,0.0 -48.8319265,-28.0718038992153,0.0 -48.8320507,-28.0717469992153,0.0 -48.832081,-28.0717325992153,0.0 -48.832168,-28.0716911992153,0.0 -48.832179,-28.0716797992153,0.0 -48.8322013,-28.0716626992153,0.0 -48.8322214,-28.0716474992153,0.0 -48.8322628,-28.0716340992153,0.0 -48.8323387,-28.0716267992153,0.0 -48.8323996,-28.0716228992153,0.0 -48.8324787,-28.0716186992153,0.0 -48.8325111,-28.0716150992153,0.0 -48.8327099,-28.0715929992153,0.0 -48.8328412,-28.0715893992153,0.0 -48.8329307,-28.0715922992153,0.0 -48.8330136,-28.0715960992153,0.0 -48.833074,-28.0715994992153,0.0 -48.8332012,-28.0716383992153,0.0 -48.8332388,-28.0716482992153,0.0 -48.8333199,-28.0716768992153,0.0 -48.8333891,-28.0717011992153,0.0 -48.8334771,-28.0717327992153,0.0 -48.8336817,-28.0718017992153,0.0 -48.8337414,-28.0718276992153,0.0 -48.8338236,-28.0718599992153,0.0 -48.8339147,-28.0718954992153,0.0 -48.8340185,-28.0719359992153,0.0 -48.8340655,-28.0719485992153,0.0 -48.8341415,-28.0719649992153,0.0 -48.8342144,-28.0719758992153,0.0 -48.8343395,-28.0719863992153,0.0 -48.8344905,-28.0719839992153,0.0 -48.8345094,-28.0719831992153,0.0 -48.8345719,-28.0719811992153,0.0 -48.8346255,-28.0719756992153,0.0 -48.8347097,-28.0719623992153,0.0 -48.8347797,-28.0719429992153,0.0 -48.8349521,-28.0718888992153,0.0 -48.8350063,-28.0718778992153,0.0 -48.8350839,-28.0718637992153,0.0 -48.8351498,-28.0718606992153,0.0 -48.8352138,-28.0718633992153,0.0 -48.8352306,-28.0718676992153,0.0 -48.8352984,-28.0718847992153,0.0 -48.8353604,-28.0719038992153,0.0 -48.8354125,-28.0719212992153,0.0 -48.8354648,-28.0719485992153,0.0 -48.8355108,-28.0719822992153,0.0 -48.8355327,-28.0720107992153,0.0 -48.8355518,-28.0720519992153,0.0 -48.8355839,-28.0721925992153,0.0 -48.8356031,-28.0722432992153,0.0 -48.8356279,-28.0722867992153,0.0 -48.8356529,-28.0723217992153,0.0 -48.8357006,-28.0723679992153,0.0 -48.8357476,-28.0723947992153,0.0 -48.8358795,-28.0724615992153,0.0 -48.8359182,-28.0724721992153,0.0 -48.8360224,-28.0724829992153,0.0 -48.8361276,-28.0724839992153,0.0 -48.8362707,-28.0724670992153,0.0 -48.8364638,-28.0724220992153,0.0 -48.8365565,-28.0723994992153,0.0 -48.8366553,-28.0723770992153,0.0 -48.8367879,-28.0723687992153,0.0 -48.8370835,-28.0723042992153,0.0 -48.8371537,-28.0722921992153,0.0 -48.8371881,-28.0722815992153,0.0 -48.8373197,-28.0722472992153,0.0 -48.8375616,-28.0722079992153,0.0 -48.8376061,-28.0722055992153,0.0 -48.8376743,-28.0722058992153,0.0 -48.8376801,-28.0722068992153,0.0 -48.8377505,-28.0722186992153,0.0 -48.8378124,-28.0722388992153,0.0 -48.8378839,-28.0722741992153,0.0 -48.8380267,-28.0723793992153,0.0 -48.8380624,-28.0724121992153,0.0 -48.8381248,-28.0724487992153,0.0 -48.8381854,-28.0724881992153,0.0 -48.8382591,-28.0725300992153,0.0 -48.838461,-28.0726882992153,0.0 -48.8385257,-28.0727449992153,0.0 -48.838596,-28.0727933992153,0.0 -48.8387386,-28.0729043992153,0.0 -48.8387935,-28.0729455992153,0.0 -48.8388507,-28.0729878992153,0.0 -48.8389793,-28.0730706992153,0.0 -48.8391888,-28.0732055992153,0.0 -48.8392277,-28.0732271992153,0.0 -48.8392696,-28.0732425992153,0.0 -48.8393332,-28.0732481992153,0.0 -48.8393957,-28.0732464992153,0.0 -48.8394865,-28.0732311992153,0.0 -48.839529,-28.0732254992153,0.0 -48.8395886,-28.0732116992153,0.0 -48.8396404,-28.0731966992153,0.0 -48.8397853,-28.0731572992153,0.0 -48.8398262,-28.0731500992153,0.0 -48.8398732,-28.0731429992153,0.0 -48.8399311,-28.0731284992153,0.0 -48.8399702,-28.0731273992153,0.0 -48.8399928,-28.0731314992153,0.0 -48.8400402,-28.0731400992153,0.0 -48.8400488,-28.0731405992153,0.0 -48.840084,-28.0731482992153,0.0 -48.8401275,-28.0731647992153,0.0 -48.8401913,-28.0731944992153,0.0 -48.8402444,-28.0732242992153,0.0 -48.8403162,-28.0732756992153,0.0 -48.8403426,-28.0733038992153,0.0 -48.8403713,-28.0733390992153,0.0 -48.8403913,-28.0733591992153,0.0 -48.8404168,-28.0733913992153,0.0 -48.8404409,-28.0734431992153,0.0 -48.8404679,-28.0734965992153,0.0 -48.8404895,-28.0735381992153,0.0 -48.8405353,-28.0736083992153,0.0 -48.8406091,-28.0736943992153,0.0 -48.8406303,-28.0737173992153,0.0 -48.8406575,-28.0737466992153,0.0 -48.8406941,-28.0737794992153,0.0 -48.8407359,-28.0738014992153,0.0 -48.8407987,-28.0738183992153,0.0 -48.8409379,-28.0738426992153,0.0 -48.8409936,-28.0738495992153,0.0 -48.8411152,-28.0738487992153,0.0 -48.8411912,-28.0738463992153,0.0 -48.8412958,-28.0738480992153,0.0 -48.841315,-28.0738501992153,0.0 -48.8416,-28.0738803992153,0.0 -48.8416664,-28.0738952992153,0.0 -48.841762,-28.0739107992153,0.0 -48.8419933,-28.0739557992153,0.0 -48.8420454,-28.0739662992153,0.0 -48.8421167,-28.0739756992153,0.0 -48.8421349,-28.0739780992153,0.0 -48.842204,-28.0739706992153,0.0 -48.842294,-28.0739641992153,0.0 -48.8423903,-28.0739573992153,0.0 -48.8425069,-28.0739575992153,0.0 -48.8427571,-28.0739429992153,0.0 -48.842826,-28.0739396992153,0.0 -48.8429337,-28.0739367992153,0.0 -48.8430009,-28.0739355992153,0.0 -48.8431159,-28.0739390992152,0.0 -48.8431331,-28.0739430992153,0.0 -48.8433174,-28.0739855992153,0.0 -48.8434032,-28.0740173992153,0.0 -48.8434669,-28.0740383992153,0.0 -48.8435563,-28.0740702992153,0.0 -48.8436857,-28.0741193992153,0.0 -48.8439558,-28.0742250992153,0.0 -48.8440654,-28.0742733992153,0.0 -48.844347,-28.0744100992152,0.0 -48.8444178,-28.0744283992153,0.0 -48.844495,-28.0744416992152,0.0 -48.844573,-28.0744512992152,0.0 -48.8446569,-28.0744599992152,0.0 -48.8448002,-28.0744662992152,0.0 -48.8448365,-28.0744662992152,0.0 -48.8449023,-28.0744554992152,0.0 -48.8449197,-28.0744525992152,0.0 -48.8449936,-28.0744328992152,0.0 -48.8450968,-28.0744119992152,0.0 -48.8451683,-28.0744050992153,0.0 -48.8452341,-28.0744116992152,0.0 -48.8452513,-28.0744133992152,0.0 -48.845329,-28.0744529992152,0.0 -48.8453414,-28.0744678992152,0.0 -48.8453695,-28.0745119992152,0.0 -48.845387,-28.0745514992152,0.0 -48.8454107,-28.0746071992152,0.0 -48.8454417,-28.0746651992152,0.0 -48.8454856,-28.0747322992152,0.0 -48.8455163,-28.0748195992152,0.0 -48.8455836,-28.0749371992152,0.0 -48.8455962,-28.0749608992152,0.0 -48.845625,-28.0749954992152,0.0 -48.8456603,-28.0750169992152,0.0 -48.8457307,-28.0750334992152,0.0 -48.8457891,-28.0750379992152,0.0 -48.8458702,-28.0750428992152,0.0 -48.8459515,-28.0750397992152,0.0 -48.8460824,-28.0750329992152,0.0 -48.8461504,-28.0750172992152,0.0 -48.8462281,-28.0750100992152,0.0 -48.8463163,-28.0749953992152,0.0 -48.8464423,-28.0749601992152,0.0 -48.8464588,-28.0749555992152,0.0 -48.8467215,-28.0748717992152,0.0 -48.8467672,-28.0748580992152,0.0 -48.8468619,-28.0748150992152,0.0 -48.8469495,-28.0747327992152,0.0 -48.8471902,-28.0744165992152,0.0 -48.8472699,-28.0743119992153,0.0 -48.8473128,-28.0742477992153,0.0 -48.847405,-28.0741290992153,0.0 -48.8474598,-28.0740526992153,0.0 -48.8476186,-28.0738231992153,0.0 -48.8477908,-28.0734639992153,0.0 -48.8478128,-28.0734023992153,0.0 -48.8478369,-28.0733516992153,0.0 -48.8478811,-28.0732804992153,0.0 -48.8479529,-28.0731795992153,0.0 -48.8480091,-28.0731121992153,0.0 -48.8481055,-28.0730347992153,0.0 -48.8481583,-28.0729955992153,0.0 -48.8482292,-28.0730146992153,0.0 -48.8482728,-28.0730274992153,0.0 -48.8483299,-28.0730484992153,0.0 -48.8483845,-28.0730777992153,0.0 -48.848458,-28.0731257992153,0.0 -48.8485259,-28.0731758992153,0.0 -48.8485858,-28.0732170992153,0.0 -48.8486489,-28.0732609992153,0.0 -48.8487269,-28.0733094992153,0.0 -48.8488145,-28.0733497992153,0.0 -48.8490689,-28.0734805992153,0.0 -48.8491279,-28.0735091992153,0.0 -48.8491967,-28.0735365992153,0.0 -48.8492762,-28.0735594992153,0.0 -48.8493876,-28.0735736992153,0.0 -48.8494729,-28.0735775992153,0.0 -48.8496694,-28.0735905992153,0.0 -48.8497504,-28.0736027992153,0.0 -48.8498583,-28.0736143992153,0.0 -48.84995,-28.0736345992153,0.0 -48.8500567,-28.0736468992153,0.0 -48.8502147,-28.0736367992153,0.0 -48.8502502,-28.0736321992153,0.0 -48.8503062,-28.0736228992153,0.0 -48.8503571,-28.0736169992153,0.0 -48.8504086,-28.0736249992153,0.0 -48.8504512,-28.0736423992153,0.0 -48.8504858,-28.0736733992153,0.0 -48.8505455,-28.0737701992153,0.0 -48.8505635,-28.0738249992153,0.0 -48.8505761,-28.0738717992153,0.0 -48.8505805,-28.0739068992153,0.0 -48.850579,-28.0739497992153,0.0 -48.850582,-28.0740035992152,0.0 -48.8505961,-28.0740557992153,0.0 -48.8506766,-28.0742003992152,0.0 -48.8507132,-28.0742581992153,0.0 -48.8507489,-28.0743159992153,0.0 -48.8508055,-28.0745307992152,0.0 -48.8508144,-28.0745665992152,0.0 -48.850829,-28.0745968992152,0.0 -48.8508526,-28.0746222992152,0.0 -48.8508829,-28.0746383992152,0.0 -48.8509277,-28.0746628992152,0.0 -48.8509386,-28.0746688992152,0.0 -48.8510028,-28.0747038992152,0.0 -48.8510573,-28.0747264992152,0.0 -48.8512267,-28.0748248992152,0.0 -48.8512468,-28.0748392992152,0.0 -48.8513045,-28.0748804992152,0.0 -48.8513513,-28.0749182992152,0.0 -48.851387,-28.0749536992152,0.0 -48.8514269,-28.0749833992152,0.0 -48.8514626,-28.0750052992152,0.0 -48.8515181,-28.0750357992152,0.0 -48.8515724,-28.0750623992152,0.0 -48.8516272,-28.0750889992152,0.0 -48.8516906,-28.0751213992152,0.0 -48.8518254,-28.0751862992152,0.0 -48.851869,-28.0752132992152,0.0 -48.8519574,-28.0752754992152,0.0 -48.8519894,-28.0753008992152,0.0 -48.8520145,-28.0753184992152,0.0 -48.8520433,-28.0753312992152,0.0 -48.8520683,-28.0753368992152,0.0 -48.8521006,-28.0753408992152,0.0 -48.8521405,-28.0753471992152,0.0 -48.8522042,-28.0753572992152,0.0 -48.8522621,-28.0753746992152,0.0 -48.8523073,-28.0753892992152,0.0 -48.8523793,-28.0754258992152,0.0 -48.8524249,-28.0754532992152,0.0 -48.8525007,-28.0754967992152,0.0 -48.8525621,-28.0755408992152,0.0 -48.8526903,-28.0756115992152,0.0 -48.8527512,-28.0756486992152,0.0 -48.8528049,-28.0756833992152,0.0 -48.8528784,-28.0757370992152,0.0 -48.8529706,-28.0758072992152,0.0 -48.8530342,-28.0758593992152,0.0 -48.8530866,-28.0759093992152,0.0 -48.8531599,-28.0759683992152,0.0 -48.8532053,-28.0760063992152,0.0 -48.8533029,-28.0760878992152,0.0 -48.8533513,-28.0761277992152,0.0 -48.8534103,-28.0761583992152,0.0 -48.8534849,-28.0762053992152,0.0 -48.8535671,-28.0762493992152,0.0 -48.8537185,-28.0763219992152,0.0 -48.8537822,-28.0763455992152,0.0 -48.8538527,-28.0763672992152,0.0 -48.8539198,-28.0763866992152,0.0 -48.8540026,-28.0764113992152,0.0 -48.8540676,-28.0764342992152,0.0 -48.8541388,-28.0764598992152,0.0 -48.8542083,-28.0764892992152,0.0 -48.8542974,-28.0765198992152,0.0 -48.8544585,-28.0765771992152,0.0 -48.8545358,-28.0765989992152,0.0 -48.8546375,-28.0766376992152,0.0 -48.8547394,-28.0766792992152,0.0 -48.8549167,-28.0767425992152,0.0 -48.8549696,-28.0767538992152,0.0 -48.8550416,-28.0767690992152,0.0 -48.8551118,-28.0767771992152,0.0 -48.8551712,-28.0767857992152,0.0 -48.8552352,-28.0767997992152,0.0 -48.8552914,-28.0768177992152,0.0 -48.8554093,-28.0768501992152,0.0 -48.8555021,-28.0768644992152,0.0 -48.8556069,-28.0768960992152,0.0 -48.8557258,-28.0769193992152,0.0 -48.8557797,-28.0769238992152,0.0 -48.8558298,-28.0769342992152,0.0 -48.8559235,-28.0769585992152,0.0 -48.8560013,-28.0769800992152,0.0 -48.8560815,-28.0770008992152,0.0 -48.856159,-28.0770283992152,0.0 -48.8562214,-28.0770575992152,0.0 -48.8562902,-28.0770962992152,0.0 -48.8563634,-28.0771346992152,0.0 -48.8565146,-28.0771873992152,0.0 -48.8565897,-28.0772041992152,0.0 -48.8566385,-28.0772188992152,0.0 -48.8567163,-28.0772381992152,0.0 -48.8567769,-28.0772609992152,0.0 -48.8568706,-28.0772969992152,0.0 -48.8569424,-28.0773175992152,0.0 -48.857031,-28.0773492992152,0.0 -48.8570929,-28.0773663992152,0.0 -48.857122,-28.0773727992152,0.0 -48.8571634,-28.0773798992152,0.0 -48.8572142,-28.0773817992152,0.0 -48.8572534,-28.0773816992152,0.0 -48.8573043,-28.0773789992152,0.0 -48.8573749,-28.0773774992152,0.0 -48.8574186,-28.0773756992152,0.0 -48.8574658,-28.0773767992152,0.0 -48.8575454,-28.0773776992152,0.0 -48.8576853,-28.0773821992152,0.0 -48.8577673,-28.0773816992152,0.0 -48.8578183,-28.0773812992152,0.0 -48.8578539,-28.0773821992152,0.0 -48.8580775,-28.0774130992152,0.0 -48.8582233,-28.0774623992152,0.0 -48.8583181,-28.0774888992152,0.0 -48.858414,-28.0775190992152,0.0 -48.8584989,-28.0775361992152,0.0 -48.8586231,-28.0775488992152,0.0 -48.8587758,-28.0775607992152,0.0 -48.858873,-28.0775790992152,0.0 -48.8589733,-28.0775952992152,0.0 -48.859057,-28.0776134992152,0.0 -48.8591631,-28.0776297992152,0.0 -48.8592888,-28.0776512992152,0.0 -48.85932,-28.0776516992152,0.0 -48.8594397,-28.0776524992152,0.0 -48.8596446,-28.0776693992152,0.0 -48.8597688,-28.0776965992152,0.0 -48.8598409,-28.0777123992152,0.0 -48.8599265,-28.0777302992152,0.0 -48.8600102,-28.0777538992152,0.0 -48.860097,-28.0777744992152,0.0 -48.8602104,-28.0777666992152,0.0 -48.8604509,-28.0777213992152,0.0 -48.8605005,-28.0777050992152,0.0 -48.8605208,-28.0776983992152,0.0 -48.8606254,-28.0776697992152,0.0 -48.8607192,-28.0776418992152,0.0 -48.8608265,-28.0776184992152,0.0 -48.8609561,-28.0775891992152,0.0 -48.8611403,-28.0774932992152,0.0 -48.8612133,-28.0774640992152,0.0 -48.8612846,-28.0774240992152,0.0 -48.8613459,-28.0774064992152,0.0 -48.8613587,-28.0774027992152,0.0 -48.861445,-28.0773904992152,0.0 -48.8616468,-28.0773798992152,0.0 -48.8617368,-28.0773926992152,0.0 -48.8618052,-28.0774061992152,0.0 -48.8618423,-28.0774229992152,0.0 -48.8618436,-28.0774243992152,0.0 -48.8618732,-28.0774563992152,0.0 -48.8618935,-28.0774989992152,0.0 -48.861915,-28.0775459992152,0.0 -48.8619356,-28.0775981992152,0.0 -48.8619548,-28.0776458992152,0.0 -48.8619758,-28.0777328992152,0.0 -48.8620702,-28.0780219992152,0.0 -48.8620943,-28.0780744992152,0.0 -48.8621255,-28.0781144992152,0.0 -48.8621732,-28.0781514992152,0.0 -48.8622072,-28.0781773992152,0.0 -48.8622462,-28.0782091992152,0.0 -48.8623233,-28.0782354992152,0.0 -48.8624307,-28.0782654992152,0.0 -48.8624663,-28.0782704992152,0.0 -48.8626521,-28.0782970992152,0.0 -48.8628507,-28.0783377992152,0.0 -48.862931,-28.0783496992152,0.0 -48.8630245,-28.0783573992152,0.0 -48.86314,-28.0783517992152,0.0 -48.863251,-28.0783421992152,0.0 -48.8633436,-28.0783148992152,0.0 -48.8633991,-28.0782763992152,0.0 -48.8636255,-28.0781510992152,0.0 -48.863748,-28.0781076992152,0.0 -48.8638676,-28.0780395992152,0.0 -48.8639309,-28.0779901992152,0.0 -48.8640011,-28.0779407992152,0.0 -48.8641391,-28.0778735992152,0.0 -48.864227,-28.0778609992152,0.0 -48.8643039,-28.0778698992152,0.0 -48.864319,-28.0778774992152,0.0 -48.8644043,-28.0779206992152,0.0 -48.86451,-28.0780110992152,0.0 -48.8645845,-28.0780968992152,0.0 -48.8646521,-28.0781921992152,0.0 -48.8646537,-28.0781946992152,0.0 -48.8647173,-28.0782905992152,0.0 -48.8647796,-28.0784853992152,0.0 -48.8647857,-28.0785640992152,0.0 -48.8648109,-28.0786647992152,0.0 -48.8648405,-28.0787460992152,0.0 -48.8648684,-28.0788342992152,0.0 -48.8649192,-28.0790692992152,0.0 -48.8649257,-28.0791442992152,0.0 -48.8649429,-28.0792186992152,0.0 -48.8649702,-28.0792721992151,0.0 -48.8649968,-28.0793476992152,0.0 -48.8650228,-28.0793984992152,0.0 -48.8650666,-28.0794412992152,0.0 -48.8651319,-28.0794939992152,0.0 -48.8651411,-28.0795013992152,0.0 -48.8651968,-28.0795500992152,0.0 -48.8652479,-28.0795969992151,0.0 -48.8653078,-28.0796484992152,0.0 -48.8653836,-28.0796908992151,0.0 -48.8654064,-28.0796954992151,0.0 -48.865462,-28.0797068992152,0.0 -48.8655427,-28.0797143992152,0.0 -48.8657463,-28.0797540992151,0.0 -48.8658362,-28.0797763992152,0.0 -48.8659624,-28.0798129992151,0.0 -48.8660966,-28.0798654992152,0.0 -48.8661516,-28.0798926992151,0.0 -48.8662123,-28.0799228992151,0.0 -48.8663616,-28.0800251992151,0.0 -48.8665991,-28.0801855992151,0.0 -48.8669575,-28.0803260992151,0.0 -48.8674871,-28.0805128992151,0.0 -48.8675746,-28.0805404992151,0.0 -48.8683749,-28.0807227992151,0.0 -48.8684737,-28.0807340992151,0.0 -48.868557,-28.0807347992151,0.0 -48.868576,-28.0807331992151,0.0 -48.8686691,-28.0807151992151,0.0 -48.8688001,-28.0806372992151,0.0 -48.8688596,-28.0805759992151,0.0 -48.8689281,-28.0805053992151,0.0 -48.8690218,-28.0803607992151,0.0 -48.8691851,-28.0801298992151,0.0 -48.8692308,-28.0800665992151,0.0 -48.8693342,-28.0798469992151,0.0 -48.8694049,-28.0797164992152,0.0 -48.8694953,-28.0794624992152,0.0 -48.8694632,-28.0793497992152,0.0 -48.8694625,-28.0793471992152,0.0 -48.8693671,-28.0792915992152,0.0 -48.869252,-28.0792258992152,0.0 -48.8692242,-28.0791807992152,0.0 -48.869216,-28.0791456992152,0.0 -48.8692051,-28.0791055992152,0.0 -48.8692435,-28.0789030992152,0.0 -48.8693157,-28.0786932992152,0.0 -48.8694028,-28.0784034992152,0.0 -48.8694317,-28.0780070992152,0.0 -48.8694114,-28.0779045992152,0.0 -48.8693238,-28.0777730992152,0.0 -48.8692189,-28.0777026992152,0.0 -48.8691251,-28.0776461992152,0.0 -48.8686464,-28.0773576992152,0.0 -48.868398,-28.0771154992152,0.0 -48.8683232,-28.0769789992152,0.0 -48.8682781,-28.0768127992152,0.0 -48.8683048,-28.0766469992152,0.0 -48.8684013,-28.0765314992152,0.0 -48.8685427,-28.0764510992152,0.0 -48.8686798,-28.0764250992152,0.0 -48.868754,-28.0764110992152,0.0 -48.8689368,-28.0764170992152,0.0 -48.8691923,-28.0764683992152,0.0 -48.8696798,-28.0766820992152,0.0 -48.8701133,-28.0768613992152,0.0 -48.8701924,-28.0768845992152,0.0 -48.8703869,-28.0769414992152,0.0 -48.8707184,-28.0769944992152,0.0 -48.8712996,-28.0770474992152,0.0 -48.871442,-28.0770819992152,0.0 -48.8715444,-28.0771236992152,0.0 -48.8715973,-28.0771882992152,0.0 -48.8716278,-28.0772463992152,0.0 -48.8716252,-28.0773087992152,0.0 -48.8716037,-28.0774533992152,0.0 -48.8715947,-28.0776161992152,0.0 -48.8716108,-28.0777135992152,0.0 -48.8717118,-28.0778395992152,0.0 -48.8717748,-28.0778958992152,0.0 -48.8718319,-28.0779468992152,0.0 -48.8718823,-28.0779751992152,0.0 -48.8719279,-28.0779798992152,0.0 -48.8719576,-28.0779656992152,0.0 -48.8719824,-28.0779401992152,0.0 -48.8720068,-28.0778766992152,0.0 -48.8721844,-28.0776355992152,0.0 -48.8723071,-28.0774776992152,0.0 -48.8724195,-28.0773330992152,0.0 -48.8725663,-28.0770597992152,0.0 -48.8725872,-28.0769016992152,0.0 -48.8725628,-28.0767782992152,0.0 -48.8725256,-28.0766908992152,0.0 -48.8724827,-28.0766071992152,0.0 -48.8724828,-28.0764184992152,0.0 -48.8725454,-28.0762126992152,0.0 -48.8725715,-28.0761165992152,0.0 -48.8725852,-28.0760659992152,0.0 -48.8726803,-28.0759319992152,0.0 -48.8728114,-28.0757657992152,0.0 -48.8730859,-28.0753892992152,0.0 -48.8732615,-28.0750994992152,0.0 -48.8734536,-28.0747698992152,0.0 -48.8735787,-28.0745817992152,0.0 -48.873741,-28.0743459992153,0.0 -48.8737978,-28.0742443992153,0.0 -48.8738741,-28.0739732992153,0.0 -48.8738966,-28.0738659992153,0.0 -48.8738946,-28.0737627992153,0.0 -48.8738788,-28.0736253992153,0.0 -48.8738573,-28.0733972992153,0.0 -48.8738199,-28.0732470992153,0.0 -48.8737897,-28.0731717992153,0.0 -48.8737304,-28.0730528992153,0.0 -48.8737084,-28.0730297992153,0.0 -48.8737209,-28.0730114992153,0.0 -48.8737229,-28.0729869992153,0.0 -48.873705,-28.0729428992153,0.0 -48.8737102,-28.0729037992153,0.0 -48.8737417,-28.0728555992153,0.0 -48.8737939,-28.0727941992153,0.0 -48.8738564,-28.0727572992153,0.0 -48.8739065,-28.0727522992153,0.0 -48.8739296,-28.0727446992153,0.0 -48.8739427,-28.0727192992153,0.0 -48.8739609,-28.0726809992153,0.0 -48.8739605,-28.0726353992153,0.0 -48.8739332,-28.0725964992153,0.0 -48.8738656,-28.0725102992153,0.0 -48.8738508,-28.0724701992153,0.0 -48.8738548,-28.0724589992153,0.0 -48.8738776,-28.0724442992153,0.0 -48.8739212,-28.0724147992153,0.0 -48.873965,-28.0723972992153,0.0 -48.8740155,-28.0723863992153,0.0 -48.8740364,-28.0723917992153,0.0 -48.8740462,-28.0724038992153,0.0 -48.8740677,-28.0724164992153,0.0 -48.874103,-28.0724234992153,0.0 -48.8741561,-28.0724401992153,0.0 -48.8741975,-28.0724695992153,0.0 -48.8743538,-28.0725885992153,0.0 -48.8744967,-28.0727062992153,0.0 -48.8745995,-28.0727649992153,0.0 -48.8746863,-28.0728273992153,0.0 -48.8747842,-28.0729027992153,0.0 -48.8749239,-28.0729857992153,0.0 -48.8750001,-28.0730603992153,0.0 -48.8750687,-28.0731274992153,0.0 -48.8750777,-28.0731363992153,0.0 -48.8752603,-28.0732690992153,0.0 -48.8753512,-28.0733524992153,0.0 -48.875488,-28.0735344992153,0.0 -48.8755426,-28.0736321992153,0.0 -48.8756282,-28.0737875992153,0.0 -48.8757106,-28.0738359992153,0.0 -48.8759332,-28.0738986992153,0.0 -48.8759628,-28.0739015992153,0.0 -48.8761337,-28.0739131992153,0.0 -48.876163,-28.0739156992153,0.0 -48.876185,-28.0739204992153,0.0 -48.8762082,-28.0739304992153,0.0 -48.8762305,-28.0739470992153,0.0 -48.8762491,-28.0739662992153,0.0 -48.8762612,-28.0739832992153,0.0 -48.876271,-28.0740035992153,0.0 -48.8762713,-28.0740257992153,0.0 -48.8762707,-28.0740356992153,0.0 -48.876267,-28.0740480992152,0.0 -48.876256,-28.0740764992153,0.0 -48.8762596,-28.0740893992152,0.0 -48.8762712,-28.0741001992152,0.0 -48.8762951,-28.0741132992153,0.0 -48.8763214,-28.0741271992153,0.0 -48.8763477,-28.0741433992153,0.0 -48.8763726,-28.0741631992153,0.0 -48.8765198,-28.0742902992152,0.0 -48.8766031,-28.0743432992153,0.0 -48.8766834,-28.0743897992152,0.0 -48.8767796,-28.0744406992152,0.0 -48.8769091,-28.0745563992152,0.0 -48.8769294,-28.0745831992153,0.0 -48.8770093,-28.0746319992152,0.0 -48.8771447,-28.0746599992152,0.0 -48.8772506,-28.0746518992152,0.0 -48.8773802,-28.0746001992152,0.0 -48.8775099,-28.0745422992152,0.0 -48.8777683,-28.0744939992153,0.0 -48.8781128,-28.0744598992153,0.0 -48.878328,-28.0744570992152,0.0 -48.8784138,-28.0744805992152,0.0 -48.8788081,-28.0744226992152,0.0 -48.8788906,-28.0744189992152,0.0 -48.8789173,-28.0744177992152,0.0 -48.8790225,-28.0744544992152,0.0 -48.8792048,-28.0745604992152,0.0 -48.879399,-28.0746970992152,0.0 -48.8796755,-28.0748384992152,0.0 -48.8798664,-28.0748841992152,0.0 -48.8802075,-28.0748700992152,0.0 -48.8807426,-28.0748324992152,0.0 -48.8810966,-28.0749090992152,0.0 -48.8811757,-28.0749261992152,0.0 -48.8814169,-28.0750494992152,0.0 -48.8816216,-28.0752257992152,0.0 -48.8818412,-28.0754594992152,0.0 -48.8819743,-28.0756626992152,0.0 -48.8820048,-28.0757301992152,0.0 -48.8820759,-28.0758872992152,0.0 -48.8821109,-28.0760972992152,0.0 -48.8822032,-28.0763553992152,0.0 -48.882356,-28.0765784992152,0.0 -48.8825616,-28.0767544992152,0.0 -48.8827282,-28.0768969992152,0.0 -48.8831155,-28.0772394992152,0.0 -48.8832473,-28.0773924992152,0.0 -48.8832822,-28.0774330992152,0.0 -48.8834957,-28.0774888992152,0.0 -48.883698,-28.0776378992152,0.0 -48.8841019,-28.0779116992152,0.0 -48.8842151,-28.0779816992152,0.0 -48.884413,-28.0781195992152,0.0 -48.8846024,-28.0782886992152,0.0 -48.885476,-28.0788972992152,0.0 -48.8861145,-28.0793533992152,0.0 -48.8862386,-28.0794869992151,0.0 -48.8866296,-28.0799076992152,0.0 -48.887079,-28.0805982992151,0.0 -48.8875256,-28.0812294992151,0.0 -48.8878209,-28.0815630992151,0.0 -48.8879625,-28.0817230992151,0.0 -48.888438,-28.0821764992151,0.0 -48.8886627,-28.0823709992151,0.0 -48.8887268,-28.0823811992151,0.0 -48.8887733,-28.0823782992151,0.0 -48.8888273,-28.0823669992151,0.0 -48.8888831,-28.0823478992151,0.0 -48.8889459,-28.0823254992151,0.0 -48.8900734,-28.0818940992151,0.0 -48.890651,-28.0817499992151,0.0 -48.8910218,-28.0816395992151,0.0 -48.8912334,-28.0811092992151,0.0 -48.8915124,-28.0808132992151,0.0 -48.8919218,-28.0805411992151,0.0 -48.8923253,-28.0804199992151,0.0 -48.8925883,-28.0802965992151,0.0 -48.8929875,-28.0801543992152,0.0 -48.8936953,-28.0800360992151,0.0 -48.8934392,-28.0795502992152,0.0 -48.8933287,-28.0793406992152,0.0 -48.8927719,-28.0789085992152,0.0 -48.892215,-28.0784764992152,0.0 -48.8916402,-28.0782074992152,0.0 -48.890598,-28.0781945992152,0.0 -48.8903167,-28.0780942992152,0.0 -48.8902551,-28.0780463992152,0.0 -48.8900044,-28.0778514992152,0.0 -48.8896575,-28.0775218992152,0.0 -48.88938,-28.0771055992152,0.0 -48.8892759,-28.0767065992152,0.0 -48.8892412,-28.0762208992152,0.0 -48.8892238,-28.0757698992152,0.0 -48.8892289,-28.0756641992152,0.0 -48.8892412,-28.0754055992152,0.0 -48.8893279,-28.0751453992152,0.0 -48.8895534,-28.0744861992152,0.0 -48.8896922,-28.0737402992153,0.0 -48.8897396,-28.0732821992153,0.0 -48.8897442,-28.0732371992153,0.0 -48.8896402,-28.0724739992153,0.0 -48.8896103,-28.0723619992153,0.0 -48.8895708,-28.0722137992153,0.0 -48.8893973,-28.0719361992153,0.0 -48.8892932,-28.0717800992153,0.0 -48.8890677,-28.0715718992153,0.0 -48.8889116,-28.0713984992153,0.0 -48.8887555,-28.0711729992153,0.0 -48.8883738,-28.0706004992153,0.0 -48.8882004,-28.0701841992153,0.0 -48.888131,-28.0697331992153,0.0 -48.8880442,-28.0693341992153,0.0 -48.8878881,-28.0689178992154,0.0 -48.8876973,-28.0685882992153,0.0 -48.8872116,-28.0682239992154,0.0 -48.8868376,-28.0679859992154,0.0 -48.8866392,-28.0678596992154,0.0 -48.8859003,-28.0675285992154,0.0 -48.8856786,-28.0671968992154,0.0 -48.8856129,-28.0664578992154,0.0 -48.8853567,-28.0658561992154,0.0 -48.8850632,-28.0655398992154,0.0 -48.8846611,-28.0652802992154,0.0 -48.8843242,-28.0648767992154,0.0 -48.8840371,-28.0645117992154,0.0 -48.8838463,-28.0642168992154,0.0 -48.8837596,-28.0638525992154,0.0 -48.8837249,-28.0634015992154,0.0 -48.8838463,-28.0630025992155,0.0 -48.8840198,-28.0626729992155,0.0 -48.88428,-28.0622219992155,0.0 -48.8845575,-28.0617015992155,0.0 -48.8846894,-28.0615102992155,0.0 -48.8849045,-28.0611984992155,0.0 -48.8852167,-28.0608342992155,0.0 -48.8854249,-28.0604699992155,0.0 -48.885517,-28.0600793992155,0.0 -48.8856415,-28.0595001992155,0.0 -48.8856302,-28.0589658992155,0.0 -48.8854485,-28.0584395992155,0.0 -48.8849928,-28.0581136992155,0.0 -48.8846061,-28.0579948992156,0.0 -48.8843417,-28.0577929992156,0.0 -48.8839504,-28.0574342992156,0.0 -48.8837422,-28.0571740992156,0.0 -48.8836208,-28.0566709992156,0.0 -48.8836626,-28.0561272992156,0.0 -48.8837075,-28.0555434992156,0.0 -48.8838285,-28.0551267992156,0.0 -48.8838637,-28.0550056992156,0.0 -48.8837943,-28.0544332992156,0.0 -48.8836902,-28.0541903992156,0.0 -48.8835514,-28.0540169992156,0.0 -48.8834152,-28.0538682992156,0.0 -48.8833606,-28.0538087992156,0.0 -48.8827535,-28.0533750992156,0.0 -48.8820769,-28.0528546992156,0.0 -48.8819208,-28.0525424992157,0.0 -48.8817647,-28.0520046992157,0.0 -48.8816086,-28.0513628992157,0.0 -48.881512,-28.0511616992157,0.0 -48.8814004,-28.0509291992157,0.0 -48.8811749,-28.0506516992157,0.0 -48.880828,-28.0504434992157,0.0 -48.8804463,-28.0503220992157,0.0 -48.8801815,-28.0502234992157,0.0 -48.8797004,-28.0500444992157,0.0 -48.879128,-28.0498710992157,0.0 -48.8786423,-28.0499057992157,0.0 -48.8780178,-28.0499924992157,0.0 -48.8775841,-28.0500444992157,0.0 -48.8773413,-28.0500791992157,0.0 -48.8771158,-28.0501485992157,0.0 -48.877029,-28.0503567992157,0.0 -48.8769423,-28.0505822992157,0.0 -48.8769076,-28.0508597992157,0.0 -48.8768902,-28.0510852992157,0.0 -48.8768382,-28.0513975992157,0.0 -48.8767688,-28.0515189992157,0.0 -48.8764913,-28.0517271992157,0.0 -48.8757107,-28.0520393992157,0.0 -48.8753984,-28.0521607992157,0.0 -48.8748954,-28.0522301992157,0.0 -48.8744753,-28.0521843992157,0.0 -48.873629,-28.0518832992157,0.0 -48.8732648,-28.0517618992157,0.0 -48.8728869,-28.0517182992157,0.0 -48.8728137,-28.0517097992157,0.0 -48.8725188,-28.0517097992157,0.0 -48.8721025,-28.0516750992157,0.0 -48.8715474,-28.0515016992157,0.0 -48.8711138,-28.0513628992157,0.0 -48.8707668,-28.0512414992157,0.0 -48.8705413,-28.0510852992157,0.0 -48.8704025,-28.0509465992157,0.0 -48.8702985,-28.0507036992157,0.0 -48.8702985,-28.0504781992157,0.0 -48.8703686,-28.0502676992157,0.0 -48.8704025,-28.0501659992157,0.0 -48.870524,-28.0498189992157,0.0 -48.8705587,-28.0494720992157,0.0 -48.8705413,-28.0490210992157,0.0 -48.8705413,-28.0486220992157,0.0 -48.8705066,-28.0485006992157,0.0 -48.8703852,-28.0483618992157,0.0 -48.8702017,-28.0482395992157,0.0 -48.870125,-28.0481883992157,0.0 -48.8698301,-28.0480842992157,0.0 -48.8693791,-28.0479628992157,0.0 -48.8685638,-28.0478067992157,0.0 -48.8676097,-28.0476332992157,0.0 -48.8664475,-28.0473904992157,0.0 -48.866357,-28.0473788992157,0.0 -48.8656322,-28.0472863992157,0.0 -48.8648342,-28.0470955992157,0.0 -48.8642965,-28.0469394992158,0.0 -48.8638281,-28.0468353992158,0.0 -48.8635158,-28.0466965992158,0.0 -48.863273,-28.0465230992158,0.0 -48.8630822,-28.0463843992158,0.0 -48.8629781,-28.0461067992158,0.0 -48.8627873,-28.0457945992158,0.0 -48.8626429,-28.0456500992158,0.0 -48.8625097,-28.0455169992158,0.0 -48.8620934,-28.0452914992158,0.0 -48.8617985,-28.0451353992158,0.0 -48.8616077,-28.0450485992158,0.0 -48.8614342,-28.0448751992158,0.0 -48.8611201,-28.0444708992158,0.0 -48.8608618,-28.0440771992158,0.0 -48.8604975,-28.0436435992158,0.0 -48.8602893,-28.0434526992158,0.0 -48.8601853,-28.0433659992158,0.0 -48.8600985,-28.0432445992158,0.0 -48.8599622,-28.0429492992158,0.0 -48.8598904,-28.0427935992158,0.0 -48.8596822,-28.0423424992158,0.0 -48.85937,-28.0418567992158,0.0 -48.8591444,-28.0414404992159,0.0 -48.859023,-28.0410414992159,0.0 -48.8589363,-28.0406425992159,0.0 -48.8588149,-28.0403476992159,0.0 -48.8585547,-28.0401567992159,0.0 -48.8582424,-28.0398792992159,0.0 -48.8580169,-28.0396884992159,0.0 -48.8576353,-28.0395323992159,0.0 -48.8573404,-28.0394802992159,0.0 -48.8570802,-28.0394629992159,0.0 -48.856872,-28.0394976992159,0.0 -48.8566465,-28.0395496992159,0.0 -48.8563746,-28.0396927992159,0.0 -48.8563169,-28.0397231992159,0.0 -48.8561608,-28.0398098992159,0.0 -48.856022,-28.0399486992159,0.0 -48.8559353,-28.0401047992159,0.0 -48.8558659,-28.0402088992159,0.0 -48.8557271,-28.0402261992159,0.0 -48.8555363,-28.0401741992159,0.0 -48.8553281,-28.0400527992159,0.0 -48.8552067,-28.0398965992159,0.0 -48.855172,-28.0397057992159,0.0 -48.8552067,-28.0394976992159,0.0 -48.8553281,-28.0393414992159,0.0 -48.8554322,-28.0391680992159,0.0 -48.8554707,-28.0389754992159,0.0 -48.8555363,-28.0386476992159,0.0 -48.8556404,-28.0381619992159,0.0 -48.8557292,-28.0373269992159,0.0 -48.855665,-28.0364294992159,0.0 -48.8556404,-28.036062999216,0.0 -48.855519,-28.035716099216,0.0 -48.8552067,-28.035230399216,0.0 -48.8547904,-28.034935499216,0.0 -48.8546736,-28.034879599216,0.0 -48.8543914,-28.034744599216,0.0 -48.854244,-28.034631899216,0.0 -48.8540965,-28.034519099216,0.0 -48.8540271,-28.034172199216,0.0 -48.8540618,-28.033807899216,0.0 -48.8541312,-28.033495699216,0.0 -48.8542353,-28.033252799216,0.0 -48.8544782,-28.032853799216,0.0 -48.8546865,-28.032601599216,0.0 -48.854721,-28.032298699216,0.0 -48.8546863,-28.031986499216,0.0 -48.8545649,-28.031448699216,0.0 -48.8544261,-28.030928299216,0.0 -48.854322,-28.0303038992161,0.0 -48.8541833,-28.0298007992161,0.0 -48.8541312,-28.0295058992161,0.0 -48.8541486,-28.0290548992161,0.0 -48.8540965,-28.0286211992161,0.0 -48.8541472,-28.0280972992161,0.0 -48.8541486,-28.0280834992161,0.0 -48.8542853,-28.0276730992161,0.0 -48.854322,-28.0275630992161,0.0 -48.8544088,-28.0272854992161,0.0 -48.8545128,-28.0268170992161,0.0 -48.8545475,-28.0264701992161,0.0 -48.8544782,-28.0261752992161,0.0 -48.8544208,-28.0260669992161,0.0 -48.854322,-28.0258803992161,0.0 -48.8541139,-28.0250997992162,0.0 -48.8540618,-28.0242844992162,0.0 -48.8540618,-28.0234518992162,0.0 -48.8540713,-28.0229800992162,0.0 -48.8540792,-28.0225844992162,0.0 -48.8539404,-28.0217518992162,0.0 -48.8537843,-28.0213181992162,0.0 -48.8535935,-28.0210752992162,0.0 -48.8532986,-28.0209538992162,0.0 -48.8531078,-28.0209365992162,0.0 -48.8527261,-28.0208671992162,0.0 -48.8527074,-28.0208584992162,0.0 -48.8525006,-28.0207630992162,0.0 -48.8523445,-28.0204855992162,0.0 -48.8522578,-28.0201385992162,0.0 -48.8522251,-28.0198807992162,0.0 -48.8521652,-28.0191544992163,0.0 -48.8521016,-28.0187334992163,0.0 -48.8519629,-28.0183865992163,0.0 -48.8518241,-28.0181610992163,0.0 -48.8515465,-28.0179355992163,0.0 -48.8512516,-28.0177620992163,0.0 -48.8509568,-28.0176753992163,0.0 -48.8506272,-28.0176579992163,0.0 -48.8503336,-28.0176106992163,0.0 -48.8500894,-28.0175712992163,0.0 -48.8496731,-28.0174324992163,0.0 -48.8494129,-28.0173110992163,0.0 -48.8490192,-28.0170819992163,0.0 -48.8487884,-28.0166692992163,0.0 -48.848667,-28.0164523992163,0.0 -48.8485455,-28.0162355992163,0.0 -48.8483374,-28.0159059992163,0.0 -48.8482853,-28.0156804992163,0.0 -48.8482764,-28.0155017992163,0.0 -48.848268,-28.0153335992163,0.0 -48.84832,-28.0148304992163,0.0 -48.848268,-28.0142579992163,0.0 -48.8481292,-28.0137375992164,0.0 -48.8478517,-28.0133039992164,0.0 -48.8478182,-28.0132704992164,0.0 -48.8475568,-28.0130090992164,0.0 -48.8473486,-28.0125927992164,0.0 -48.8470537,-28.0117774992164,0.0 -48.8468951,-28.0115567992164,0.0 -48.8466547,-28.0112223992164,0.0 -48.8463252,-28.0108753992164,0.0 -48.8460823,-28.0105284992164,0.0 -48.8458394,-28.0100080992164,0.0 -48.8455099,-28.0094876992164,0.0 -48.8452496,-28.0091753992164,0.0 -48.8450762,-28.0089498992164,0.0 -48.8446252,-28.0087417992164,0.0 -48.8443628,-28.0086642992165,0.0 -48.8441013,-28.0084887992165,0.0 -48.8439529,-28.0082179992165,0.0 -48.843966,-28.0077182992165,0.0 -48.8440007,-28.0073886992165,0.0 -48.8440354,-28.0069202992165,0.0 -48.8440354,-28.0066774992165,0.0 -48.8439833,-28.0064866992165,0.0 -48.8438099,-28.0062784992165,0.0 -48.8436489,-28.0061818992165,0.0 -48.8436364,-28.0061743992165,0.0 -48.8434282,-28.0061049992165,0.0 -48.8432374,-28.0059835992165,0.0 -48.8430119,-28.0058274992165,0.0 -48.8428731,-28.0056539992165,0.0 -48.8427691,-28.0053590992165,0.0 -48.8426476,-28.0048907992165,0.0 -48.8426476,-28.0044743992165,0.0 -48.8426548,-28.0043377992165,0.0 -48.8426823,-28.0038152992165,0.0 -48.842665,-28.0036417992165,0.0 -48.842594,-28.0034013992165,0.0 -48.8424221,-28.0032601992165,0.0 -48.8423441,-28.0031386992166,0.0 -48.842266,-28.0030172992166,0.0 -48.8421272,-28.0028264992166,0.0 -48.8420578,-28.0025662992166,0.0 -48.8420405,-28.0021846992166,0.0 -48.8420925,-28.0018897992166,0.0 -48.8422358,-28.0017017992166,0.0 -48.8423701,-28.0015254992166,0.0 -48.8424915,-28.0013519992166,0.0 -48.8425609,-28.0012131992166,0.0 -48.8425782,-28.0009529992166,0.0 -48.8425262,-28.0008142992166,0.0 -48.8424221,-28.0006580992166,0.0 -48.8422313,-28.0005019992166,0.0 -48.8420925,-28.0003978992166,0.0 -48.8420729,-28.0003916992166,0.0 -48.8417629,-28.0002938992166,0.0 -48.8415721,-28.0002070992166,0.0 -48.8413813,-28.0000162992166,0.0 -48.8413119,-27.9998254992166,0.0 -48.8412946,-27.9995652992166,0.0 -48.8412517,-27.9992867992166,0.0 -48.8412252,-27.9991142992166,0.0 -48.8412082,-27.9990351992166,0.0 -48.8411731,-27.9988713992166,0.0 -48.8411038,-27.9986111992166,0.0 -48.8411211,-27.9983162992166,0.0 -48.8411645,-27.9982035992166,0.0 -48.8412078,-27.9980907992166,0.0 -48.8413799,-27.9978287992166,0.0 -48.8416094,-27.9973318992167,0.0 -48.8419515,-27.9966274992167,0.0 -48.8426476,-27.9959224992167,0.0 -48.8429078,-27.9956275992167,0.0 -48.8430813,-27.9951244992167,0.0 -48.8430639,-27.9946907992167,0.0 -48.8429599,-27.9943785992167,0.0 -48.8428037,-27.9941009992167,0.0 -48.8426476,-27.9938234992167,0.0 -48.8424915,-27.9934591992167,0.0 -48.8423874,-27.9930601992167,0.0 -48.8423007,-27.9925744992168,0.0 -48.8422925,-27.9922842992167,0.0 -48.8423527,-27.9919846992168,0.0 -48.8425262,-27.9915510992168,0.0 -48.8427864,-27.9913602992168,0.0 -48.8430627,-27.9912181992168,0.0 -48.8433935,-27.9910479992168,0.0 -48.843515,-27.9908918992168,0.0 -48.8435497,-27.9907357992168,0.0 -48.8434629,-27.9904928992168,0.0 -48.8433935,-27.9903887992168,0.0 -48.8426129,-27.9894173992168,0.0 -48.8422833,-27.9888622992168,0.0 -48.8417109,-27.9877867992168,0.0 -48.8410691,-27.9865724992169,0.0 -48.8408436,-27.9860000992169,0.0 -48.8404854,-27.9851887992169,0.0 -48.8400125,-27.9845900992169,0.0 -48.8396813,-27.9842653992169,0.0 -48.8395686,-27.9840832992169,0.0 -48.8394558,-27.9839010992169,0.0 -48.839213,-27.9834327992169,0.0 -48.8391089,-27.9830857992169,0.0 -48.8390221,-27.9826867992169,0.0 -48.8389978,-27.9825798992169,0.0 -48.8389354,-27.9823051992169,0.0 -48.838866,-27.9820623992169,0.0 -48.8386579,-27.9817153992169,0.0 -48.8383007,-27.981268899217,0.0 -48.8380334,-27.980934799217,0.0 -48.8376517,-27.980414399217,0.0 -48.8374089,-27.980136899217,0.0 -48.8372354,-27.979911399217,0.0 -48.8371313,-27.979581799217,0.0 -48.8369865,-27.979261699217,0.0 -48.8368711,-27.979009299217,0.0 -48.8368512,-27.978909799217,0.0 -48.8368364,-27.978835799217,0.0 -48.8368711,-27.978644999217,0.0 -48.8369752,-27.978402199217,0.0 -48.8370793,-27.978263399217,0.0 -48.8372354,-27.978037899217,0.0 -48.837513,-27.977829699217,0.0 -48.8376864,-27.977656299217,0.0 -48.8378252,-27.977378699217,0.0 -48.8378946,-27.977101199217,0.0 -48.8378426,-27.976667499217,0.0 -48.8377385,-27.976199099217,0.0 -48.8376517,-27.9758001992171,0.0 -48.8376384,-27.9754014992171,0.0 -48.8378268,-27.9745723992171,0.0 -48.8377905,-27.9743429992171,0.0 -48.8376344,-27.9741868992171,0.0 -48.8374783,-27.9740827992171,0.0 -48.8373395,-27.9740480992171,0.0 -48.8371313,-27.9740307992171,0.0 -48.8368711,-27.9739960992171,0.0 -48.8368017,-27.9739093992171,0.0 -48.8367671,-27.9737011992171,0.0 -48.8367671,-27.9734235992171,0.0 -48.8368364,-27.9731633992171,0.0 -48.8370273,-27.9727123992171,0.0 -48.8372007,-27.9718276992171,0.0 -48.8374262,-27.9707348992171,0.0 -48.8374956,-27.9703879992172,0.0 -48.8374262,-27.9701276992172,0.0 -48.8372528,-27.9698848992172,0.0 -48.8369232,-27.9696766992172,0.0 -48.8365069,-27.9695205992172,0.0 -48.8363854,-27.9693470992172,0.0 -48.8364028,-27.9691736992172,0.0 -48.8365762,-27.9689481992172,0.0 -48.8368364,-27.9687399992172,0.0 -48.8373283,-27.9685010992172,0.0 -48.8375639,-27.9683471992172,0.0 -48.8377692,-27.9681993992172,0.0 -48.8381504,-27.9679739992172,0.0 -48.8382242,-27.9676471992172,0.0 -48.8381721,-27.9674215992172,0.0 -48.8381201,-27.9671960992172,0.0 -48.837964,-27.9666930992172,0.0 -48.8378599,-27.9660338992172,0.0 -48.8378599,-27.9655654992172,0.0 -48.8378946,-27.9651491992173,0.0 -48.8380116,-27.9648160992173,0.0 -48.8381201,-27.9645073992173,0.0 -48.8382242,-27.9639869992173,0.0 -48.838319,-27.9637023992173,0.0 -48.8383283,-27.9636746992173,0.0 -48.8384323,-27.9634318992173,0.0 -48.8386405,-27.9632410992173,0.0 -48.838814,-27.9631542992173,0.0 -48.8389874,-27.9631195992173,0.0 -48.8391956,-27.9631889992173,0.0 -48.8393596,-27.9633827992173,0.0 -48.8393864,-27.9634144992173,0.0 -48.8394905,-27.9637440992173,0.0 -48.839664,-27.9639348992173,0.0 -48.8399242,-27.9641256992173,0.0 -48.8401844,-27.9641256992173,0.0 -48.8405694,-27.9640294992173,0.0 -48.8406007,-27.9640216992173,0.0 -48.8407742,-27.9639522992173,0.0 -48.8411126,-27.9638817992173,0.0 -48.8411905,-27.9638654992173,0.0 -48.8413293,-27.9637787992173,0.0 -48.8413987,-27.9635359992173,0.0 -48.8413466,-27.9632583992173,0.0 -48.8412559,-27.9629342992173,0.0 -48.8412252,-27.9628246992173,0.0 -48.8412425,-27.9626512992173,0.0 -48.8413293,-27.9625124992173,0.0 -48.8415374,-27.9623563992173,0.0 -48.8419711,-27.9619920992173,0.0 -48.842318,-27.9617318992173,0.0 -48.84259,-27.9616109992173,0.0 -48.8426303,-27.9615930992173,0.0 -48.8429078,-27.9614369992173,0.0 -48.8430518,-27.9612274992173,0.0 -48.8430986,-27.9611593992173,0.0 -48.8431041,-27.9611442992173,0.0 -48.8432721,-27.9606736992173,0.0 -48.8434976,-27.9601879992173,0.0 -48.8435497,-27.9597022992173,0.0 -48.8436711,-27.9588869992174,0.0 -48.8437405,-27.9584532992174,0.0 -48.8438619,-27.9580543992174,0.0 -48.8440542,-27.9578507992174,0.0 -48.8441568,-27.9577420992174,0.0 -48.8445384,-27.9575339992174,0.0 -48.8447119,-27.9573084992174,0.0 -48.8449548,-27.9569267992174,0.0 -48.8451803,-27.9565451992174,0.0 -48.8455792,-27.9559553992174,0.0 -48.8456003,-27.9559255992174,0.0 -48.8458741,-27.9555390992174,0.0 -48.846169,-27.9551747992174,0.0 -48.8464466,-27.9548278992174,0.0 -48.8466547,-27.9547237992174,0.0 -48.8467235,-27.9546950992174,0.0 -48.8468629,-27.9546369992174,0.0 -48.8471231,-27.9543594992174,0.0 -48.8476088,-27.9538563992175,0.0 -48.8478864,-27.9534747992175,0.0 -48.8481466,-27.9531798992175,0.0 -48.8482982,-27.9528259992175,0.0 -48.8483027,-27.9528155992175,0.0 -48.8484588,-27.9523819992175,0.0 -48.8485976,-27.9520523992175,0.0 -48.8486392,-27.9519879992175,0.0 -48.8487636,-27.9517957992175,0.0 -48.8487884,-27.9517574992175,0.0 -48.8490486,-27.9514451992175,0.0 -48.84917,-27.9511676992175,0.0 -48.8491874,-27.9509247992175,0.0 -48.84917,-27.9506125992175,0.0 -48.8490486,-27.9502135992175,0.0 -48.8488751,-27.9499706992175,0.0 -48.8486323,-27.9497972992175,0.0 -48.8479904,-27.9495023992175,0.0 -48.8476448,-27.9493427992175,0.0 -48.8475394,-27.9492941992175,0.0 -48.8472927,-27.9490341992176,0.0 -48.8471058,-27.9485309992176,0.0 -48.8469324,-27.9480455992176,0.0 -48.8467241,-27.9475768992176,0.0 -48.846568,-27.9470390992176,0.0 -48.8464639,-27.9466574992176,0.0 -48.8462871,-27.9460449992176,0.0 -48.8461413,-27.9457765992176,0.0 -48.8460894,-27.9453957992176,0.0 -48.8459509,-27.9450321992176,0.0 -48.8458124,-27.9447205992176,0.0 -48.84557,-27.9443916992176,0.0 -48.8451719,-27.9441838992176,0.0 -48.8446006,-27.9440626992176,0.0 -48.8442024,-27.9440799992176,0.0 -48.8438042,-27.9440280992176,0.0 -48.8434753,-27.9438722992176,0.0 -48.8432502,-27.9437683992176,0.0 -48.843129,-27.9437164992176,0.0 -48.8429905,-27.9437164992176,0.0 -48.8428001,-27.9438029992176,0.0 -48.8425751,-27.9439241992177,0.0 -48.8422981,-27.9439414992176,0.0 -48.841796,-27.9438203992176,0.0 -48.8413113,-27.9437510992176,0.0 -48.8408785,-27.9435779992176,0.0 -48.8404803,-27.9434048992176,0.0 -48.8402379,-27.9431624992177,0.0 -48.839909,-27.9427123992177,0.0 -48.8396839,-27.9421929992177,0.0 -48.8395281,-27.9417948992177,0.0 -48.8391646,-27.9414312992177,0.0 -48.8389395,-27.9412235992177,0.0 -48.8388357,-27.9408080992177,0.0 -48.838801,-27.9403752992177,0.0 -48.838853,-27.9400635992177,0.0 -48.8391819,-27.9395442992177,0.0 -48.8391992,-27.9391633992177,0.0 -48.839078,-27.9387998992177,0.0 -48.8389568,-27.9384882992177,0.0 -48.8389568,-27.9381765992177,0.0 -48.8389568,-27.9377437992178,0.0 -48.8389049,-27.9372590992178,0.0 -48.8387664,-27.9369128992178,0.0 -48.8386768,-27.9368043992178,0.0 -48.8384375,-27.9365146992178,0.0 -48.8381778,-27.9362030992178,0.0 -48.8380393,-27.9359606992178,0.0 -48.8379354,-27.9356144992178,0.0 -48.8378489,-27.9349911992178,0.0 -48.8378782,-27.9344049992178,0.0 -48.8378835,-27.9342986992178,0.0 -48.8377277,-27.9338658992178,0.0 -48.8375026,-27.9334677992178,0.0 -48.8371564,-27.9328791992178,0.0 -48.8369926,-27.9324112992179,0.0 -48.836914,-27.9321866992179,0.0 -48.8368448,-27.9317884992179,0.0 -48.836914,-27.9313383992179,0.0 -48.8369486,-27.9309401992179,0.0 -48.8369486,-27.9305419992179,0.0 -48.8369486,-27.9302130992179,0.0 -48.8369486,-27.9299706992179,0.0 -48.8369833,-27.9292781992179,0.0 -48.8371569,-27.9287488992179,0.0 -48.8373468,-27.9283260992179,0.0 -48.8374334,-27.9281182992179,0.0 -48.837483,-27.9279073992179,0.0 -48.8375719,-27.9275296992179,0.0 -48.8376238,-27.9273046992179,0.0 -48.8377623,-27.9270276992179,0.0 -48.8379527,-27.926785299218,0.0 -48.8383336,-27.926508299218,0.0 -48.8385174,-27.926359599218,0.0 -48.8386972,-27.926213999218,0.0 -48.8391992,-27.925763899218,0.0 -48.8393896,-27.925521499218,0.0 -48.8395801,-27.925296499218,0.0 -48.8399783,-27.925088699218,0.0 -48.8401259,-27.924967599218,0.0 -48.8403591,-27.924759799218,0.0 -48.8404803,-27.924465499218,0.0 -48.8405842,-27.924136599218,0.0 -48.8407573,-27.923807599218,0.0 -48.840965,-27.923634499218,0.0 -48.8412593,-27.923547999218,0.0 -48.8413919,-27.923525899218,0.0 -48.8416748,-27.923478699218,0.0 -48.8421423,-27.923270999218,0.0 -48.8423347,-27.923191199218,0.0 -48.8428521,-27.922976699218,0.0 -48.8431117,-27.922838199218,0.0 -48.8434233,-27.922768899218,0.0 -48.8437177,-27.922768899218,0.0 -48.844186,-27.922961199218,0.0 -48.8444564,-27.923104999218,0.0 -48.8448581,-27.923223599218,0.0 -48.8452785,-27.923174799218,0.0 -48.8454885,-27.923074799218,0.0 -48.8457046,-27.922839899218,0.0 -48.8457778,-27.922509199218,0.0 -48.8458643,-27.921972599218,0.0 -48.8458817,-27.9215570992181,0.0 -48.8458297,-27.9211242992181,0.0 -48.8456912,-27.9207087992181,0.0 -48.8455181,-27.9201201992181,0.0 -48.8454662,-27.9193930992181,0.0 -48.8455204,-27.9189105992181,0.0 -48.8456393,-27.9178522992181,0.0 -48.8455527,-27.9170732992181,0.0 -48.84557,-27.9166230992181,0.0 -48.8456393,-27.9162249992182,0.0 -48.8457085,-27.9157921992182,0.0 -48.8457778,-27.9153073992182,0.0 -48.8458181,-27.9150858992182,0.0 -48.8458817,-27.9147360992182,0.0 -48.8459163,-27.9141820992182,0.0 -48.845847,-27.9138704992182,0.0 -48.8456751,-27.9134788992182,0.0 -48.8452455,-27.9128730992182,0.0 -48.8452065,-27.9126586992182,0.0 -48.8450853,-27.9123297992182,0.0 -48.8448776,-27.9120007992182,0.0 -48.8445833,-27.9117064992182,0.0 -48.8443582,-27.9112736992182,0.0 -48.8442543,-27.9109966992182,0.0 -48.8440985,-27.9104080992183,0.0 -48.8440496,-27.9102613992183,0.0 -48.8439946,-27.9100964992183,0.0 -48.8438908,-27.9095770992183,0.0 -48.8439254,-27.9093866992183,0.0 -48.8439946,-27.9091269992183,0.0 -48.8440812,-27.9089192992183,0.0 -48.8442024,-27.9086768992183,0.0 -48.8443928,-27.9083998992183,0.0 -48.8446201,-27.9083249992183,0.0 -48.8448602,-27.9082267992183,0.0 -48.845068,-27.9081228992183,0.0 -48.8452238,-27.9079843992183,0.0 -48.8454142,-27.9078805992183,0.0 -48.8455008,-27.9077247992183,0.0 -48.8455354,-27.9074996992183,0.0 -48.8455354,-27.9072919992183,0.0 -48.8454835,-27.9071187992183,0.0 -48.8453796,-27.9069456992183,0.0 -48.845068,-27.9062185992183,0.0 -48.8450166,-27.9061646992183,0.0 -48.8447218,-27.9058550992183,0.0 -48.8443236,-27.9055780992183,0.0 -48.8438562,-27.9053356992184,0.0 -48.8437083,-27.9052188992184,0.0 -48.8435272,-27.9050759992184,0.0 -48.8433714,-27.9048162992184,0.0 -48.8431637,-27.9045046992184,0.0 -48.8430771,-27.9040545992184,0.0 -48.8430079,-27.9034832992184,0.0 -48.8430425,-27.9030331992184,0.0 -48.8430079,-27.9027388992184,0.0 -48.8429213,-27.9025310992184,0.0 -48.8427482,-27.9023233992184,0.0 -48.8425058,-27.9019597992184,0.0 -48.8424539,-27.9017174992184,0.0 -48.8424127,-27.9014840992184,0.0 -48.8424019,-27.9014231992184,0.0 -48.8423154,-27.9012326992184,0.0 -48.8421769,-27.9011807992184,0.0 -48.8419518,-27.9012499992184,0.0 -48.8416575,-27.9013884992184,0.0 -48.8413459,-27.9015962992184,0.0 -48.8411382,-27.9017520992184,0.0 -48.8408958,-27.9019771992184,0.0 -48.8404976,-27.9023060992184,0.0 -48.8401687,-27.9025137992184,0.0 -48.8397013,-27.9026522992184,0.0 -48.8392994,-27.9027896992184,0.0 -48.8387716,-27.9030312992184,0.0 -48.8384918,-27.9032766992184,0.0 -48.8382279,-27.9037267992184,0.0 -48.8380469,-27.9042656992184,0.0 -48.8375911,-27.9048651992184,0.0 -48.8372776,-27.9050932992184,0.0 -48.8366543,-27.9055260992183,0.0 -48.8362562,-27.9056991992183,0.0 -48.8355464,-27.9059761992183,0.0 -48.8352174,-27.9062185992183,0.0 -48.8349404,-27.9066340992183,0.0 -48.8345596,-27.9070322992183,0.0 -48.8341441,-27.9073438992183,0.0 -48.8338844,-27.9074477992183,0.0 -48.8333304,-27.9075515992183,0.0 -48.8330697,-27.9075996992183,0.0 -48.8326726,-27.9076727992183,0.0 -48.8324475,-27.9077073992183,0.0 -48.8322225,-27.9076554992183,0.0 -48.8320147,-27.9072919992183,0.0 -48.8319974,-27.9068417992183,0.0 -48.8319933,-27.9067346992183,0.0 -48.8319876,-27.9065870992183,0.0 -48.8319801,-27.9063916992183,0.0 -48.8319108,-27.9061839992183,0.0 -48.8318416,-27.9060627992183,0.0 -48.8317031,-27.9058723992183,0.0 -48.8315998,-27.9058378992183,0.0 -48.8314954,-27.9058030992183,0.0 -48.8313395,-27.9058376992183,0.0 -48.8312351,-27.9059511992183,0.0 -48.8310452,-27.9062185992183,0.0 -48.830699,-27.9064436992183,0.0 -48.830422,-27.9064955992183,0.0 -48.8299892,-27.9065474992183,0.0 -48.8296603,-27.9065128992183,0.0 -48.8292769,-27.9064515992183,0.0 -48.8292275,-27.9064436992183,0.0 -48.8289159,-27.9064089992183,0.0 -48.8285696,-27.9063397992183,0.0 -48.8282753,-27.9063743992183,0.0 -48.8277733,-27.9063743992183,0.0 -48.8274963,-27.9065128992183,0.0 -48.8272539,-27.9068071992183,0.0 -48.8271673,-27.9071534992183,0.0 -48.8269942,-27.9075688992183,0.0 -48.8266653,-27.9080190992183,0.0 -48.8263537,-27.9086768992183,0.0 -48.8260074,-27.9088846992183,0.0 -48.8257651,-27.9090923992183,0.0 -48.8256266,-27.9090750992183,0.0 -48.8254881,-27.9089192992183,0.0 -48.8255227,-27.9085037992183,0.0 -48.8254361,-27.9080536992183,0.0 -48.8254534,-27.9077593992183,0.0 -48.8255227,-27.9074477992183,0.0 -48.82554,-27.9071534992183,0.0 -48.8254708,-27.9067379992183,0.0 -48.825315,-27.9065128992183,0.0 -48.825038,-27.9063916992183,0.0 -48.8248129,-27.9064436992183,0.0 -48.8245705,-27.9065301992183,0.0 -48.8245067,-27.9065301992183,0.0 -48.8243109,-27.9065301992183,0.0 -48.8240166,-27.9062704992183,0.0 -48.8238261,-27.9058550992183,0.0 -48.8238025,-27.9056251992183,0.0 -48.8237569,-27.9051798992184,0.0 -48.8236703,-27.9046950992184,0.0 -48.8234453,-27.9041930992184,0.0 -48.8233587,-27.9036563992184,0.0 -48.8234279,-27.9030504992184,0.0 -48.8236357,-27.9021848992184,0.0 -48.8238834,-27.9015014992184,0.0 -48.8240166,-27.9007825992184,0.0 -48.8239819,-27.9002978992184,0.0 -48.8239762,-27.9002547992184,0.0 -48.8239127,-27.8997784992185,0.0 -48.8240685,-27.8985320992185,0.0 -48.8241093,-27.8983161992185,0.0 -48.8241897,-27.8978914992185,0.0 -48.8242243,-27.8976144992185,0.0 -48.824207,-27.8974413992185,0.0 -48.8241377,-27.8971989992185,0.0 -48.8240166,-27.8966796992185,0.0 -48.823927,-27.8962697992185,0.0 -48.8239646,-27.8957967992185,0.0 -48.82393,-27.8951907992185,0.0 -48.8239127,-27.8945848992185,0.0 -48.8239646,-27.8939096992186,0.0 -48.8239473,-27.8934942992186,0.0 -48.8239992,-27.8931479992186,0.0 -48.8240339,-27.8925593992186,0.0 -48.8241204,-27.8923342992186,0.0 -48.8242416,-27.8920746992186,0.0 -48.824425,-27.8919899992186,0.0 -48.8244667,-27.8919707992186,0.0 -48.8248129,-27.8918668992186,0.0 -48.8249794,-27.8917568992186,0.0 -48.8251459,-27.8916468992186,0.0 -48.8257488,-27.8910627992186,0.0 -48.8258054,-27.8905728992186,0.0 -48.8255639,-27.8898309992186,0.0 -48.8254955,-27.8893153992186,0.0 -48.82554,-27.8890276992187,0.0 -48.825595,-27.8889727992186,0.0 -48.8256785,-27.8888892992187,0.0 -48.8259209,-27.8888545992186,0.0 -48.8262152,-27.8889411992187,0.0 -48.8266307,-27.8892181992186,0.0 -48.8272193,-27.8893566992186,0.0 -48.8280329,-27.8894085992186,0.0 -48.82876,-27.8897028992186,0.0 -48.8294352,-27.8900837992186,0.0 -48.82992,-27.8903780992186,0.0 -48.8305259,-27.8904992992186,0.0 -48.8308894,-27.8904126992186,0.0 -48.8312876,-27.8902914992186,0.0 -48.8315421,-27.8901429992186,0.0 -48.8315546,-27.8901357992186,0.0 -48.8317031,-27.8900491992186,0.0 -48.8328457,-27.8897201992186,0.0 -48.8331573,-27.8894431992186,0.0 -48.8335035,-27.8893046992186,0.0 -48.8337459,-27.8891142992187,0.0 -48.8341268,-27.8890103992187,0.0 -48.8344211,-27.8889238992187,0.0 -48.834525,-27.8887853992187,0.0 -48.8347154,-27.8883698992187,0.0 -48.8348193,-27.8881967992187,0.0 -48.8351482,-27.8879197992187,0.0 -48.8354085,-27.8877453992187,0.0 -48.8356329,-27.8877119992187,0.0 -48.8358926,-27.8877119992187,0.0 -48.8364578,-27.8877635992187,0.0 -48.8367055,-27.8876493992187,0.0 -48.8369742,-27.8873272992187,0.0 -48.8371218,-27.8867944992187,0.0 -48.8371391,-27.8863789992187,0.0 -48.8372083,-27.8859288992187,0.0 -48.8374161,-27.8854960992187,0.0 -48.8376238,-27.8851151992187,0.0 -48.8377796,-27.8848035992187,0.0 -48.8378239,-27.8845819992187,0.0 -48.8376758,-27.8842322992187,0.0 -48.8374507,-27.8838167992188,0.0 -48.837191,-27.8834359992188,0.0 -48.8369313,-27.8831762992188,0.0 -48.8368275,-27.8829165992188,0.0 -48.8368448,-27.8827261992188,0.0 -48.8369736,-27.8824646992188,0.0 -48.8373122,-27.8823279992188,0.0 -48.8375546,-27.8823279992188,0.0 -48.8378142,-27.8823452992188,0.0 -48.8381086,-27.8822933992188,0.0 -48.8384029,-27.8822586992188,0.0 -48.8388876,-27.8822067992188,0.0 -48.8395455,-27.8820509992188,0.0 -48.8400129,-27.8818432992188,0.0 -48.840463,-27.8816873992188,0.0 -48.8408092,-27.8814450992188,0.0 -48.8409997,-27.8811507992188,0.0 -48.8413632,-27.8804236992188,0.0 -48.8413805,-27.8800254992188,0.0 -48.8412767,-27.8796272992188,0.0 -48.841242,-27.8792810992188,0.0 -48.841242,-27.8788655992188,0.0 -48.841388,-27.8783818992188,0.0 -48.8416047,-27.8778919992189,0.0 -48.8418214,-27.8774020992189,0.0 -48.8421076,-27.8768053992189,0.0 -48.8422634,-27.8760782992189,0.0 -48.8423846,-27.8755243992189,0.0 -48.8425924,-27.8750741992189,0.0 -48.8426962,-27.8747798992189,0.0 -48.8428001,-27.8744163992189,0.0 -48.842904,-27.8738277992189,0.0 -48.8429386,-27.8733949992189,0.0 -48.8429397,-27.8730347992189,0.0 -48.8427309,-27.872598599219,0.0 -48.842674,-27.872369299219,0.0 -48.8425058,-27.871888799219,0.0 -48.8422981,-27.871559899219,0.0 -48.8421249,-27.871334799219,0.0 -48.8419345,-27.870901999219,0.0 -48.8419033,-27.870827899219,0.0 -48.841796,-27.870573099219,0.0 -48.8417835,-27.870158899219,0.0 -48.8417787,-27.870001799219,0.0 -48.8418252,-27.869867099219,0.0 -48.8419518,-27.869499799219,0.0 -48.8420717,-27.869258899219,0.0 -48.8423673,-27.868963099219,0.0 -48.8427136,-27.868478399219,0.0 -48.8431637,-27.867958999219,0.0 -48.8435792,-27.8676473992191,0.0 -48.8438908,-27.8671279992191,0.0 -48.8439254,-27.8667644992191,0.0 -48.8437696,-27.8664181992191,0.0 -48.843458,-27.8661065992191,0.0 -48.8434171,-27.8659021992191,0.0 -48.843406,-27.8658468992191,0.0 -48.8434753,-27.8655352992191,0.0 -48.8434407,-27.8653275992191,0.0 -48.8433022,-27.8651543992191,0.0 -48.8431464,-27.8650851992191,0.0 -48.8426962,-27.8649466992191,0.0 -48.84235,-27.8648427992191,0.0 -48.8420384,-27.8647908992191,0.0 -48.8417815,-27.8647404992191,0.0 -48.8414907,-27.8647865992191,0.0 -48.8413286,-27.8645138992191,0.0 -48.8412593,-27.8640637992191,0.0 -48.8411514,-27.8635897992191,0.0 -48.8411287,-27.8631354992191,0.0 -48.841212,-27.8627349992191,0.0 -48.8415008,-27.8620186992192,0.0 -48.8420287,-27.8614801992192,0.0 -48.8417377,-27.8610688992192,0.0 -48.8415108,-27.8605664992192,0.0 -48.8413001,-27.8603395992192,0.0 -48.840749,-27.8600802992192,0.0 -48.8400035,-27.8596912992192,0.0 -48.8396469,-27.8593994992192,0.0 -48.8390958,-27.8585404992192,0.0 -48.8388527,-27.8581839992192,0.0 -48.8385079,-27.8574629992192,0.0 -48.8384962,-27.8574383992192,0.0 -48.8381558,-27.8570655992192,0.0 -48.8379289,-27.8565955992193,0.0 -48.8377506,-27.8561093992193,0.0 -48.8376047,-27.8554610992193,0.0 -48.83745,-27.8551938992193,0.0 -48.8374264,-27.8551530992193,0.0 -48.8370375,-27.8544885992193,0.0 -48.8367781,-27.8540347992193,0.0 -48.8365512,-27.8535971992193,0.0 -48.8363567,-27.8532891992193,0.0 -48.8362433,-27.8531919992193,0.0 -48.8360974,-27.8530622992193,0.0 -48.8359191,-27.8529164992193,0.0 -48.8356274,-27.8525274992193,0.0 -48.8353843,-27.8519925992193,0.0 -48.8350439,-27.8513118992194,0.0 -48.8347684,-27.8510525992194,0.0 -48.8346225,-27.8508256992194,0.0 -48.8346119,-27.8507617992194,0.0 -48.8345901,-27.8506311992194,0.0 -48.834428,-27.8504366992194,0.0 -48.8342318,-27.8503499992194,0.0 -48.8339418,-27.8502907992194,0.0 -48.833819,-27.8502805992194,0.0 -48.8335528,-27.8502583992194,0.0 -48.8334848,-27.8502243992194,0.0 -48.8333583,-27.8501610992194,0.0 -48.8330017,-27.8499341992194,0.0 -48.832629,-27.8497396992194,0.0 -48.8323372,-27.8496262992194,0.0 -48.83177,-27.8496262992194,0.0 -48.8314944,-27.8496262992194,0.0 -48.8311703,-27.8495776992194,0.0 -48.8308623,-27.8494965992194,0.0 -48.830603,-27.8493831992194,0.0 -48.8302997,-27.8492162992194,0.0 -48.8299542,-27.8490089992194,0.0 -48.8297124,-27.8487326992194,0.0 -48.8296359,-27.8484263992194,0.0 -48.8296261,-27.8483871992194,0.0 -48.8296261,-27.8480935992194,0.0 -48.8296261,-27.8477826992194,0.0 -48.8294534,-27.8474372992194,0.0 -48.8292116,-27.8472127992194,0.0 -48.8288818,-27.8468441992194,0.0 -48.828538,-27.8465564992194,0.0 -48.8282962,-27.8463664992194,0.0 -48.8277439,-27.8455851992195,0.0 -48.8275881,-27.8453647992195,0.0 -48.8273636,-27.8450538992195,0.0 -48.8270652,-27.8449646992195,0.0 -48.8266382,-27.8448293992195,0.0 -48.8262237,-27.8446220992195,0.0 -48.82593,-27.8442939992195,0.0 -48.8255853,-27.8436907992195,0.0 -48.8253601,-27.8432749992195,0.0 -48.8252392,-27.8429122992195,0.0 -48.8252392,-27.8426953992195,0.0 -48.8252392,-27.8426531992195,0.0 -48.8252047,-27.8422041992195,0.0 -48.8249974,-27.8418414992195,0.0 -48.8247902,-27.8416168992195,0.0 -48.8245311,-27.8415477992195,0.0 -48.8243411,-27.8415477992195,0.0 -48.8241477,-27.8415191992195,0.0 -48.8238748,-27.8414787992195,0.0 -48.8235812,-27.8412714992195,0.0 -48.8235715,-27.8412639992195,0.0 -48.8232703,-27.8410296992195,0.0 -48.8229767,-27.8407878992195,0.0 -48.822873,-27.8406151992195,0.0 -48.8227694,-27.8401142992196,0.0 -48.8227694,-27.8398379992196,0.0 -48.8227694,-27.8395961992196,0.0 -48.8227349,-27.8393198992196,0.0 -48.8226313,-27.8389916992196,0.0 -48.822424,-27.8386289992196,0.0 -48.8222513,-27.8383180992196,0.0 -48.8220958,-27.8377135992196,0.0 -48.8216986,-27.8372990992196,0.0 -48.8214395,-27.8369191992196,0.0 -48.8213532,-27.8364355992196,0.0 -48.8213359,-27.8361937992196,0.0 -48.8213359,-27.8354510992196,0.0 -48.8211459,-27.8350365992196,0.0 -48.8208696,-27.8348638992197,0.0 -48.8208209,-27.8348492992197,0.0 -48.8205242,-27.8347602992197,0.0 -48.8201442,-27.8343629992197,0.0 -48.8199715,-27.8340521992197,0.0 -48.8197815,-27.8337412992197,0.0 -48.819747,-27.8334648992197,0.0 -48.819772,-27.8328398992197,0.0 -48.8198333,-27.8326013992197,0.0 -48.8199369,-27.8322386992197,0.0 -48.8200751,-27.8318586992197,0.0 -48.8199522,-27.8312711992197,0.0 -48.8199197,-27.8311160992197,0.0 -48.8198679,-27.8307705992197,0.0 -48.8199024,-27.8302006992197,0.0 -48.8200406,-27.8297515992198,0.0 -48.8202048,-27.8295052992198,0.0 -48.8202478,-27.8294406992198,0.0 -48.8203342,-27.8291989992198,0.0 -48.8203342,-27.8289225992198,0.0 -48.8202692,-27.8287420992198,0.0 -48.8201787,-27.8284907992198,0.0 -48.8201442,-27.8281108992198,0.0 -48.8200406,-27.8278172992198,0.0 -48.8199715,-27.8274717992198,0.0 -48.8199888,-27.8271781992198,0.0 -48.8200406,-27.8268845992198,0.0 -48.8199542,-27.8267291992198,0.0 -48.8197988,-27.8265909992198,0.0 -48.8193152,-27.8264527992198,0.0 -48.8184319,-27.8261919992198,0.0 -48.8180927,-27.8262130992198,0.0 -48.8169917,-27.8263701992198,0.0 -48.8166778,-27.8266244992198,0.0 -48.8164983,-27.8276079992198,0.0 -48.8167429,-27.8293117992198,0.0 -48.816813,-27.8299082992197,0.0 -48.8167689,-27.8305742992197,0.0 -48.8164185,-27.8308474992197,0.0 -48.8159844,-27.8308442992197,0.0 -48.8150283,-27.8303781992197,0.0 -48.8141426,-27.8298172992197,0.0 -48.8136044,-27.8294592992198,0.0 -48.8129685,-27.8290832992198,0.0 -48.8122438,-27.8288074992198,0.0 -48.8113394,-27.8286033992198,0.0 -48.8105686,-27.8287488992198,0.0 -48.8101269,-27.8294752992198,0.0 -48.8096951,-27.8295270992197,0.0 -48.8088488,-27.8295788992198,0.0 -48.8084171,-27.8296134992198,0.0 -48.807968,-27.8296824992197,0.0 -48.807519,-27.8295961992198,0.0 -48.8068799,-27.8295270992197,0.0 -48.8059473,-27.8293716992198,0.0 -48.8055328,-27.8293025992197,0.0 -48.804652,-27.8292161992198,0.0 -48.8038402,-27.8290952992198,0.0 -48.8034775,-27.8289571992198,0.0 -48.8032012,-27.8287153992198,0.0 -48.8029421,-27.8286289992198,0.0 -48.8027003,-27.8286116992198,0.0 -48.8023203,-27.8287498992198,0.0 -48.8019922,-27.8289571992198,0.0 -48.8006278,-27.8291816992198,0.0 -48.800006,-27.8291989992198,0.0 -48.7990906,-27.8292679992198,0.0 -48.7984171,-27.8295961992198,0.0 -48.7982271,-27.8299933992197,0.0 -48.7980883,-27.8305129992197,0.0 -48.798023,-27.8309539992197,0.0 -48.7977833,-27.8313960992197,0.0 -48.7973635,-27.8318241992197,0.0 -48.7963272,-27.8322559992197,0.0 -48.7950664,-27.8327740992197,0.0 -48.7946519,-27.8329294992197,0.0 -48.7941683,-27.8331367992197,0.0 -48.7936329,-27.8334303992197,0.0 -48.7932184,-27.8338793992197,0.0 -48.7929663,-27.8343882992197,0.0 -48.792793,-27.8347050992197,0.0 -48.7921066,-27.8353792992196,0.0 -48.7912731,-27.8359062992196,0.0 -48.7906725,-27.8360394992196,0.0 -48.7904723,-27.8360210992196,0.0 -48.7900923,-27.8357792992196,0.0 -48.7897987,-27.8355546992196,0.0 -48.7894533,-27.8352610992197,0.0 -48.7891424,-27.8349847992196,0.0 -48.7889524,-27.8348811992197,0.0 -48.7886761,-27.8348638992197,0.0 -48.7884638,-27.8348903992197,0.0 -48.7883685,-27.8349401992196,0.0 -48.7878277,-27.8349873992196,0.0 -48.7873262,-27.8350388992197,0.0 -48.7869485,-27.8350372992196,0.0 -48.786759,-27.8352092992197,0.0 -48.7864827,-27.8353819992196,0.0 -48.7861372,-27.8356237992196,0.0 -48.7857918,-27.8357964992196,0.0 -48.7853946,-27.8357101992196,0.0 -48.7851701,-27.8354856992196,0.0 -48.7846692,-27.8352783992196,0.0 -48.7833566,-27.8349847992197,0.0 -48.7825832,-27.8348042992197,0.0 -48.7823203,-27.8347429992197,0.0 -48.782044,-27.8346393992197,0.0 -48.7819403,-27.8344838992197,0.0 -48.7819628,-27.8342894992197,0.0 -48.7819922,-27.8340348992197,0.0 -48.7821256,-27.8337758992197,0.0 -48.7821907,-27.8330606992197,0.0 -48.7821576,-27.8328287992197,0.0 -48.7819941,-27.8326825992197,0.0 -48.781711,-27.8327899992197,0.0 -48.7813327,-27.8332108992197,0.0 -48.7807316,-27.8337621992197,0.0 -48.7800079,-27.8338954992197,0.0 -48.7791626,-27.8335405992197,0.0 -48.7786228,-27.8335270992197,0.0 -48.778103,-27.8336373992197,0.0 -48.7777422,-27.8336640992197,0.0 -48.777398,-27.8336894992197,0.0 -48.7773637,-27.8336907992197,0.0 -48.776949,-27.8337066992197,0.0 -48.7765517,-27.8338275992197,0.0 -48.7763498,-27.8339250992197,0.0 -48.7760509,-27.8340693992197,0.0 -48.7757573,-27.8344493992197,0.0 -48.7752219,-27.8349847992197,0.0 -48.7748419,-27.8353129992196,0.0 -48.774151,-27.8355892992196,0.0 -48.7731493,-27.8359173992196,0.0 -48.7725621,-27.8360382992196,0.0 -48.7721821,-27.8358828992196,0.0 -48.7719921,-27.8356410992196,0.0 -48.7718367,-27.8348638992197,0.0 -48.7718022,-27.8344666992197,0.0 -48.7717158,-27.8343111992197,0.0 -48.7715776,-27.8342939992197,0.0 -48.7713013,-27.8342939992197,0.0 -48.7709041,-27.8343457992197,0.0 -48.7705759,-27.8344493992197,0.0 -48.7701269,-27.8347084992197,0.0 -48.7698505,-27.8349502992197,0.0 -48.7696433,-27.8352783992196,0.0 -48.7693535,-27.8357134992196,0.0 -48.7690412,-27.8363969992196,0.0 -48.7688046,-27.8370105992196,0.0 -48.7684866,-27.8373734992196,0.0 -48.7678901,-27.8376693992196,0.0 -48.7675385,-27.8377659992196,0.0 -48.76681,-27.8379399992196,0.0 -48.7659971,-27.8380442992196,0.0 -48.7653785,-27.8384316992196,0.0 -48.7650517,-27.8388355992196,0.0 -48.76491,-27.8390101992196,0.0 -48.7648385,-27.8394305992196,0.0 -48.7652077,-27.8399695992196,0.0 -48.7653112,-27.8404935992196,0.0 -48.7652107,-27.8409844992195,0.0 -48.7648225,-27.8415348992195,0.0 -48.7644572,-27.8419590992195,0.0 -48.7636504,-27.8425789992195,0.0 -48.7627367,-27.8429725992195,0.0 -48.7617167,-27.8429553992195,0.0 -48.7609838,-27.8425702992195,0.0 -48.7603327,-27.8420415992195,0.0 -48.7599321,-27.8414994992195,0.0 -48.7592957,-27.8404978992195,0.0 -48.7585238,-27.8398236992196,0.0 -48.7582788,-27.8393198992196,0.0 -48.7579679,-27.8386980992196,0.0 -48.7576225,-27.8382662992196,0.0 -48.7574325,-27.8376963992196,0.0 -48.7576053,-27.8373336992196,0.0 -48.7577261,-27.8371609992196,0.0 -48.7579507,-27.8368154992196,0.0 -48.7581407,-27.8364873992196,0.0 -48.7583825,-27.8358310992196,0.0 -48.7586588,-27.8349156992197,0.0 -48.7595396,-27.8338448992197,0.0 -48.7600578,-27.8334994992197,0.0 -48.7606104,-27.8332921992197,0.0 -48.7611804,-27.8332058992197,0.0 -48.7618367,-27.8330849992197,0.0 -48.7619828,-27.8330849992197,0.0 -48.7623894,-27.8330849992197,0.0 -48.7627693,-27.8330331992197,0.0 -48.7630077,-27.8328853992197,0.0 -48.7635964,-27.8322136992197,0.0 -48.7639998,-27.8316512992197,0.0 -48.7642547,-27.8312196992197,0.0 -48.7642892,-27.8310469992197,0.0 -48.7642719,-27.8308742992197,0.0 -48.7642244,-27.8308266992197,0.0 -48.764151,-27.8307533992197,0.0 -48.7639783,-27.8306669992197,0.0 -48.7637193,-27.8305978992197,0.0 -48.7633738,-27.8305115992197,0.0 -48.763132,-27.8304078992197,0.0 -48.7629939,-27.8302697992197,0.0 -48.7629075,-27.8300279992197,0.0 -48.7629075,-27.8297515992198,0.0 -48.7629248,-27.8295788992198,0.0 -48.7629766,-27.8292334992198,0.0 -48.7630111,-27.8288362992198,0.0 -48.7630629,-27.8283526992198,0.0 -48.7631148,-27.8279035992198,0.0 -48.7631666,-27.8275754992198,0.0 -48.7632147,-27.8273348992198,0.0 -48.7633047,-27.8268845992198,0.0 -48.763322,-27.8266773992198,0.0 -48.7631838,-27.8263146992198,0.0 -48.7629766,-27.8260210992198,0.0 -48.7627003,-27.8257964992198,0.0 -48.7624585,-27.8256928992198,0.0 -48.7621994,-27.8256583992198,0.0 -48.7618367,-27.8256237992198,0.0 -48.7616467,-27.8256583992198,0.0 -48.761569,-27.8256971992198,0.0 -48.761474,-27.8257446992198,0.0 -48.7611804,-27.8259001992198,0.0 -48.7607486,-27.8259691992198,0.0 -48.7602823,-27.8259691992198,0.0 -48.7599196,-27.8258482992198,0.0 -48.7595914,-27.8255201992198,0.0 -48.7594878,-27.8252092992198,0.0 -48.7593952,-27.8248698992198,0.0 -48.7593842,-27.8248292992198,0.0 -48.7593669,-27.8245874992198,0.0 -48.7593842,-27.8242075992199,0.0 -48.7594878,-27.8235684992199,0.0 -48.7594187,-27.8232230992199,0.0 -48.75929,-27.8229141992199,0.0 -48.759246,-27.8228085992199,0.0 -48.7592633,-27.8225322992199,0.0 -48.7594015,-27.8218759992199,0.0 -48.7594533,-27.8215650992199,0.0 -48.7595914,-27.8213577992199,0.0 -48.7597005,-27.8212822992199,0.0 -48.759816,-27.8212023992199,0.0 -48.7599369,-27.8211159992199,0.0 -48.7600232,-27.8208914992199,0.0 -48.760075,-27.8204424992199,0.0 -48.7600923,-27.8198379992199,0.0 -48.759885,-27.8193716992199,0.0 -48.7596433,-27.8190779992199,0.0 -48.7592765,-27.8188726992199,0.0 -48.7592115,-27.81883619922,0.0 -48.7588488,-27.81855989922,0.0 -48.7586588,-27.81828359922,0.0 -48.7586243,-27.81800719922,0.0 -48.7586158,-27.81788009922,0.0 -48.7585897,-27.81748909922,0.0 -48.7585724,-27.81660829922,0.0 -48.7584688,-27.81576199922,0.0 -48.7585034,-27.81517479922,0.0 -48.758417,-27.81476019922,0.0 -48.7582961,-27.81448389922,0.0 -48.7582305,-27.81443579922,0.0 -48.758037,-27.81429389922,0.0 -48.7575189,-27.81384489922,0.0 -48.7569662,-27.8133439992201,0.0 -48.7568685,-27.8132060992201,0.0 -48.7566726,-27.8129294992201,0.0 -48.7564654,-27.8126531992201,0.0 -48.7560163,-27.8123076992201,0.0 -48.7551527,-27.8116168992201,0.0 -48.7547728,-27.8113405992201,0.0 -48.7543346,-27.8110611992201,0.0 -48.7537192,-27.8107705992201,0.0 -48.7533738,-27.8106323992201,0.0 -48.7531088,-27.8104590992201,0.0 -48.7529248,-27.8103387992201,0.0 -48.7525448,-27.8101833992201,0.0 -48.7521821,-27.8101660992201,0.0 -48.751733,-27.8101142992201,0.0 -48.7513876,-27.8101487992201,0.0 -48.7507313,-27.8101660992201,0.0 -48.7500059,-27.8101142992201,0.0 -48.7497641,-27.8100278992201,0.0 -48.7496105,-27.8098910992201,0.0 -48.749306,-27.8082850992201,0.0 -48.7493324,-27.8080935992201,0.0 -48.749436,-27.8075581992202,0.0 -48.7494705,-27.8072817992202,0.0 -48.7495742,-27.8070399992202,0.0 -48.7497296,-27.8068327992202,0.0 -48.749885,-27.8065909992202,0.0 -48.7499196,-27.8064009992202,0.0 -48.7499541,-27.8061936992202,0.0 -48.7499023,-27.8059173992202,0.0 -48.7497814,-27.8057273992202,0.0 -48.7495051,-27.8055546992202,0.0 -48.7493842,-27.8054164992202,0.0 -48.7492805,-27.8051574992202,0.0 -48.7492805,-27.8047947992202,0.0 -48.7492287,-27.8044665992202,0.0 -48.7491942,-27.8041729992202,0.0 -48.7491424,-27.8039138992202,0.0 -48.7490387,-27.8036375992202,0.0 -48.7489178,-27.8033094992202,0.0 -48.7488142,-27.8030157992202,0.0 -48.7486588,-27.8027221992203,0.0 -48.7484688,-27.8025667992203,0.0 -48.7482961,-27.8025321992203,0.0 -48.7480025,-27.8025494992203,0.0 -48.7478125,-27.8026358992202,0.0 -48.747657,-27.8027739992202,0.0 -48.7474671,-27.8030157992202,0.0 -48.7472944,-27.8032403992202,0.0 -48.7471389,-27.8034302992202,0.0 -48.7470034,-27.8036519992202,0.0 -48.7469489,-27.8037411992202,0.0 -48.7467071,-27.8039657992202,0.0 -48.7463272,-27.8040347992202,0.0 -48.7457918,-27.8040866992202,0.0 -48.7456132,-27.8040610992202,0.0 -48.7454291,-27.8040347992202,0.0 -48.7452391,-27.8038275992202,0.0 -48.7451873,-27.8035857992202,0.0 -48.7450146,-27.8032748992202,0.0 -48.7447728,-27.8031712992202,0.0 -48.7444964,-27.8030848992202,0.0 -48.7443064,-27.8031021992202,0.0 -48.7441337,-27.8032921992202,0.0 -48.743961,-27.8034821992202,0.0 -48.7438228,-27.8035857992202,0.0 -48.7435292,-27.8037239992202,0.0 -48.7433047,-27.8037584992202,0.0 -48.7430437,-27.8037019992202,0.0 -48.7429075,-27.8036720992202,0.0 -48.7427175,-27.8035511992202,0.0 -48.7427002,-27.8033612992202,0.0 -48.7427002,-27.8030330992202,0.0 -48.7427002,-27.8028258992202,0.0 -48.7428557,-27.8025840992203,0.0 -48.7428699,-27.8025583992202,0.0 -48.7430284,-27.8022731992203,0.0 -48.7430802,-27.8020313992203,0.0 -48.7430111,-27.8017895992203,0.0 -48.7429593,-27.8015822992203,0.0 -48.7427693,-27.8013923992203,0.0 -48.7426239,-27.8013024992203,0.0 -48.7421821,-27.8010296992203,0.0 -48.7418367,-27.8008914992203,0.0 -48.7415603,-27.8009087992203,0.0 -48.7413531,-27.8009605992203,0.0 -48.7411631,-27.8009950992203,0.0 -48.7409386,-27.8009432992203,0.0 -48.7408177,-27.8008396992203,0.0 -48.740714,-27.8006496992203,0.0 -48.7405931,-27.8004423992203,0.0 -48.7406104,-27.8001487992203,0.0 -48.7406277,-27.7996133992203,0.0 -48.7406795,-27.7993888992203,0.0 -48.7407831,-27.7991125992203,0.0 -48.7408512,-27.7988912992203,0.0 -48.7408522,-27.7988879992203,0.0 -48.7408695,-27.7987152992203,0.0 -48.7409386,-27.7984043992203,0.0 -48.7409904,-27.7981280992203,0.0 -48.7410249,-27.7978862992203,0.0 -48.7409904,-27.7976444992203,0.0 -48.7409246,-27.7974997992203,0.0 -48.740904,-27.7974544992203,0.0 -48.7408177,-27.7972644992204,0.0 -48.7408522,-27.7971263992203,0.0 -48.741027,-27.7968648992204,0.0 -48.7411037,-27.7967969992204,0.0 -48.7411804,-27.7967290992204,0.0 -48.7412149,-27.7965390992204,0.0 -48.7411804,-27.7964527992204,0.0 -48.7410595,-27.7964009992204,0.0 -48.7409731,-27.7963491992204,0.0 -48.7409563,-27.7963390992204,0.0 -48.7408867,-27.7962973992204,0.0 -48.7408004,-27.7961936992204,0.0 -48.7406968,-27.7960382992204,0.0 -48.7405759,-27.7958827992204,0.0 -48.740265,-27.7955546992204,0.0 -48.7400831,-27.7953616992204,0.0 -48.7399012,-27.7951687992204,0.0 -48.7396317,-27.7950782992204,0.0 -48.7396521,-27.7952192992204,0.0 -48.739688,-27.7953376992204,0.0 -48.7397267,-27.7954640992204,0.0 -48.739779,-27.7956449992204,0.0 -48.739834,-27.7958352992204,0.0 -48.739852,-27.7959572992204,0.0 -48.7398594,-27.7960222992204,0.0 -48.7398525,-27.7961266992204,0.0 -48.739813,-27.7962873992204,0.0 -48.7397343,-27.7964697992204,0.0 -48.7396622,-27.7966285992204,0.0 -48.7395877,-27.7967581992204,0.0 -48.7395361,-27.7968002992204,0.0 -48.7394051,-27.7969016992204,0.0 -48.7393255,-27.7969610992204,0.0 -48.7391715,-27.7970600992203,0.0 -48.7390428,-27.7971529992204,0.0 -48.7389847,-27.7971862992203,0.0 -48.7389267,-27.7972195992204,0.0 -48.7387634,-27.7973290992204,0.0 -48.7385903,-27.7974766992203,0.0 -48.7385038,-27.7975491992203,0.0 -48.7384571,-27.7975720992203,0.0 -48.7383908,-27.7976078992203,0.0 -48.7383226,-27.7976523992203,0.0 -48.7383063,-27.7976799992203,0.0 -48.738287,-27.7977412992203,0.0 -48.7382861,-27.7978189992203,0.0 -48.7383109,-27.7978582992203,0.0 -48.7383883,-27.7981860992203,0.0 -48.7384427,-27.7984417992203,0.0 -48.7384844,-27.7985718992203,0.0 -48.7385089,-27.7986738992203,0.0 -48.7385195,-27.7987914992203,0.0 -48.7385212,-27.7989175992203,0.0 -48.7385211,-27.7990618992203,0.0 -48.7385459,-27.7992739992203,0.0 -48.7385829,-27.7994731992203,0.0 -48.7386553,-27.7998092992203,0.0 -48.7386811,-27.7999154992203,0.0 -48.7386968,-27.8000425992203,0.0 -48.7386935,-27.8001692992203,0.0 -48.738682,-27.8004311992203,0.0 -48.7386559,-27.8006517992203,0.0 -48.7386456,-27.8007389992203,0.0 -48.7386353,-27.8009500992203,0.0 -48.7386638,-27.8011366992203,0.0 -48.7386652,-27.8011484992203,0.0 -48.7387067,-27.8015010992203,0.0 -48.7387427,-27.8017638992203,0.0 -48.7387418,-27.8019793992203,0.0 -48.7388003,-27.8022933992203,0.0 -48.7388073,-27.8023906992203,0.0 -48.7388143,-27.8024880992203,0.0 -48.7388549,-27.8027551992202,0.0 -48.7389373,-27.8030611992202,0.0 -48.7390304,-27.8033209992202,0.0 -48.739074,-27.8034739992202,0.0 -48.7391218,-27.8036482992202,0.0 -48.7392477,-27.8039255992202,0.0 -48.7393054,-27.8040831992202,0.0 -48.7393296,-27.8042527992202,0.0 -48.7393412,-27.8043543992202,0.0 -48.7393528,-27.8044560992202,0.0 -48.7393789,-27.8047355992202,0.0 -48.7394144,-27.8050194992202,0.0 -48.7394861,-27.8053717992202,0.0 -48.7395619,-27.8055635992202,0.0 -48.7396187,-27.8057591992202,0.0 -48.7397143,-27.8059216992202,0.0 -48.7397916,-27.8060585992202,0.0 -48.739843,-27.8061821992202,0.0 -48.7398945,-27.8063057992202,0.0 -48.7399221,-27.8064331992202,0.0 -48.7399497,-27.8065605992202,0.0 -48.7400424,-27.8068371992202,0.0 -48.7400985,-27.8070581992202,0.0 -48.7401307,-27.8072827992202,0.0 -48.7401965,-27.8076814992202,0.0 -48.7402432,-27.8078979992202,0.0 -48.7402815,-27.8082537992202,0.0 -48.740293,-27.8085456992201,0.0 -48.740289,-27.8087019992201,0.0 -48.7403005,-27.8088078992201,0.0 -48.740344,-27.8089651992201,0.0 -48.7403861,-27.8091731992201,0.0 -48.7404296,-27.8093304992201,0.0 -48.7404579,-27.8095212992201,0.0 -48.7405004,-27.8097165992201,0.0 -48.7405397,-27.8100385992201,0.0 -48.740538,-27.8102879992201,0.0 -48.7405796,-27.8105169992201,0.0 -48.7406705,-27.8106794992201,0.0 -48.7407851,-27.8108511992201,0.0 -48.7408307,-27.8109194992201,0.0 -48.741087,-27.8111191992201,0.0 -48.7413427,-27.8113398992201,0.0 -48.7416351,-27.8116163992201,0.0 -48.7416692,-27.8116475992201,0.0 -48.7418766,-27.8118368992201,0.0 -48.7421922,-27.8121307992201,0.0 -48.7423304,-27.8123129992201,0.0 -48.7424267,-27.8124398992201,0.0 -48.7427288,-27.8127080992201,0.0 -48.7430451,-27.8129766992201,0.0 -48.7432772,-27.8131926992201,0.0 -48.7434481,-27.8133863992201,0.0 -48.7437004,-27.81374239922,0.0 -48.7439026,-27.81401279922,0.0 -48.7439167,-27.81403879922,0.0 -48.7441521,-27.81438729922,0.0 -48.7441652,-27.81442349922,0.0 -48.7442724,-27.81471769922,0.0 -48.7443737,-27.81509909922,0.0 -48.7445268,-27.81570669922,0.0 -48.7446045,-27.81596899922,0.0 -48.7446725,-27.81608899922,0.0 -48.7447856,-27.81618209922,0.0 -48.7448272,-27.81620239922,0.0 -48.7449041,-27.81623989922,0.0 -48.7450407,-27.81628609922,0.0 -48.7452251,-27.81637279922,0.0 -48.7453233,-27.81646419922,0.0 -48.7453423,-27.81648189922,0.0 -48.7453458,-27.81648629922,0.0 -48.7454112,-27.81656629922,0.0 -48.7454699,-27.81670179922,0.0 -48.7454645,-27.81687199922,0.0 -48.7453883,-27.81712149922,0.0 -48.7453718,-27.81715729922,0.0 -48.7453051,-27.81730189922,0.0 -48.7452011,-27.81741689922,0.0 -48.7446972,-27.81777739922,0.0 -48.744424,-27.81805039922,0.0 -48.7441562,-27.81844519922,0.0 -48.7439467,-27.81886979922,0.0 -48.7438034,-27.8193649992199,0.0 -48.7437551,-27.8195859992199,0.0 -48.7431036,-27.8201383992199,0.0 -48.7427983,-27.8204411992199,0.0 -48.7424443,-27.8208130992199,0.0 -48.7421192,-27.8213113992199,0.0 -48.7419563,-27.8217213992199,0.0 -48.7419286,-27.8218924992199,0.0 -48.7418496,-27.8222127992199,0.0 -48.741828,-27.8226734992199,0.0 -48.7418222,-27.8229521992199,0.0 -48.7418527,-27.8232313992199,0.0 -48.7418458,-27.8235636992199,0.0 -48.7418163,-27.8238204992199,0.0 -48.7417389,-27.8240657992199,0.0 -48.7415313,-27.8245262992198,0.0 -48.7415031,-27.8246545992198,0.0 -48.7414655,-27.8248204992199,0.0 -48.7414194,-27.8249938992198,0.0 -48.7413916,-27.8250993992198,0.0 -48.7413894,-27.8252053992198,0.0 -48.7414134,-27.8252813992198,0.0 -48.7415907,-27.8253600992198,0.0 -48.7417695,-27.8253629992198,0.0 -48.7419909,-27.8253665992198,0.0 -48.7421608,-27.8253920992198,0.0 -48.7424033,-27.8254229992198,0.0 -48.7427603,-27.8254560992198,0.0 -48.7430248,-27.8254376992198,0.0 -48.7434083,-27.8254287992198,0.0 -48.7435698,-27.8254465992198,0.0 -48.7441236,-27.8254404992198,0.0 -48.7443791,-27.8254446992198,0.0 -48.7448379,-27.8255051992198,0.0 -48.744956,-27.8255600992198,0.0 -48.7450306,-27.8256597992198,0.0 -48.7450951,-27.8258348992198,0.0 -48.7451333,-27.8260474992198,0.0 -48.7452933,-27.8261945992198,0.0 -48.7454616,-27.8262957992198,0.0 -48.7456214,-27.8263967992198,0.0 -48.74579,-27.8264827992198,0.0 -48.745865,-27.8265597992198,0.0 -48.74588,-27.8266583992198,0.0 -48.7458771,-27.8268021992198,0.0 -48.7458487,-27.8269379992198,0.0 -48.7458361,-27.8271346992198,0.0 -48.745842,-27.8272633992198,0.0 -48.7459164,-27.8273705992198,0.0 -48.7460349,-27.8274103992198,0.0 -48.7462224,-27.8274058992198,0.0 -48.74641,-27.8273938992198,0.0 -48.7468547,-27.8273102992198,0.0 -48.7473245,-27.8272497992198,0.0 -48.7480086,-27.8271353992198,0.0 -48.7481676,-27.8272256992198,0.0 -48.7482642,-27.8272861992198,0.0 -48.7483246,-27.8274218992198,0.0 -48.7483629,-27.8275684992198,0.0 -48.7481598,-27.8278030992198,0.0 -48.7479183,-27.8279754992198,0.0 -48.7476818,-27.8281106992198,0.0 -48.7475061,-27.8283406992198,0.0 -48.747406,-27.8285063992198,0.0 -48.7473742,-27.8285756992198,0.0 -48.7473644,-27.8285969992198,0.0 -48.7472828,-27.8287073992198,0.0 -48.7471426,-27.8288575992198,0.0 -48.7469392,-27.8290364992198,0.0 -48.7466916,-27.8292048992198,0.0 -48.7466067,-27.8292872992198,0.0 -48.7465088,-27.8294630992198,0.0 -48.7464379,-27.8296737992197,0.0 -48.7463619,-27.8298597992197,0.0 -48.7461737,-27.8301128992197,0.0 -48.7460261,-27.8303278992197,0.0 -48.7458831,-27.8305006992197,0.0 -48.7457959,-27.8305538992197,0.0 -48.745483,-27.8307330992197,0.0 -48.7454204,-27.8307827992197,0.0 -48.7453034,-27.8309136992197,0.0 -48.7452008,-27.8309861992197,0.0 -48.7448225,-27.8312303992197,0.0 -48.7447451,-27.8312631992197,0.0 -48.7446817,-27.8313072992197,0.0 -48.7446508,-27.8313545992197,0.0 -48.7446379,-27.8314763992197,0.0 -48.7446157,-27.8316551992197,0.0 -48.7445883,-27.8317551992197,0.0 -48.7445828,-27.8318434992197,0.0 -48.7445218,-27.8320388992197,0.0 -48.7444455,-27.8322456992197,0.0 -48.7444201,-27.8323276992197,0.0 -48.7444094,-27.8323962992197,0.0 -48.7443298,-27.8326501992197,0.0 -48.7443221,-27.8327400992197,0.0 -48.7443161,-27.8329947992197,0.0 -48.7443227,-27.8330793992197,0.0 -48.7443599,-27.8332597992197,0.0 -48.7443701,-27.8333344992197,0.0 -48.7443402,-27.8335488992197,0.0 -48.7443298,-27.8337258992197,0.0 -48.7442482,-27.8338363992197,0.0 -48.7441476,-27.8339631992197,0.0 -48.7440759,-27.8340490992197,0.0 -48.7438635,-27.8343578992197,0.0 -48.7437632,-27.8344722992197,0.0 -48.7436385,-27.8346359992197,0.0 -48.7434583,-27.8347780992197,0.0 -48.7432419,-27.8348614992197,0.0 -48.7431146,-27.8349257992197,0.0 -48.7430167,-27.8349875992197,0.0 -48.7430059,-27.8349943992196,0.0 -48.7428463,-27.8350414992197,0.0 -48.7427609,-27.8351063992197,0.0 -48.7426946,-27.8351550992197,0.0 -48.74266,-27.8352497992196,0.0 -48.7426711,-27.8353908992196,0.0 -48.7427437,-27.8357376992196,0.0 -48.7427416,-27.8358361992196,0.0 -48.7427029,-27.8359209992196,0.0 -48.7425982,-27.8361525992196,0.0 -48.7425328,-27.8362762992196,0.0 -48.7424828,-27.8363641992196,0.0 -48.7424219,-27.8364485992196,0.0 -48.7423273,-27.8365521992196,0.0 -48.7421376,-27.8366677992196,0.0 -48.7420401,-27.8366917992196,0.0 -48.7418239,-27.8369578992196,0.0 -48.7417425,-27.8370421992196,0.0 -48.7416774,-27.8371096992196,0.0 -48.7414893,-27.8374418992196,0.0 -48.7409365,-27.8381173992196,0.0 -48.7405217,-27.8384687992196,0.0 -48.7400312,-27.8389239992196,0.0 -48.7398028,-27.8391043992196,0.0 -48.7393495,-27.8394282992196,0.0 -48.738905,-27.8397545992196,0.0 -48.7384707,-27.8400774992196,0.0 -48.7381933,-27.8403017992196,0.0 -48.7378982,-27.8404915992196,0.0 -48.7378878,-27.8404944992195,0.0 -48.7378132,-27.8405096992195,0.0 -48.7377299,-27.8406322992195,0.0 -48.737684,-27.8406999992195,0.0 -48.7376105,-27.8408082992195,0.0 -48.7375733,-27.8408629992195,0.0 -48.7375691,-27.8408694992195,0.0 -48.7375619,-27.8408817992195,0.0 -48.7375553,-27.8408947992195,0.0 -48.7375512,-27.8409040992195,0.0 -48.7375486,-27.8409105992195,0.0 -48.7375446,-27.8409217992195,0.0 -48.7375411,-27.8409330992195,0.0 -48.7375388,-27.8409415992195,0.0 -48.7375355,-27.8409561992195,0.0 -48.7375332,-27.8409694992195,0.0 -48.7375321,-27.8409768992195,0.0 -48.737531,-27.8409870992195,0.0 -48.7375297,-27.8410031992195,0.0 -48.7375291,-27.8410118992195,0.0 -48.7375287,-27.8410246992195,0.0 -48.7375286,-27.8410377992195,0.0 -48.7375289,-27.8410448992195,0.0 -48.7375308,-27.8410817992195,0.0 -48.7375321,-27.8411006992195,0.0 -48.7375345,-27.8411282992195,0.0 -48.7375401,-27.8411824992195,0.0 -48.7375431,-27.8412097992195,0.0 -48.7375474,-27.8412447992195,0.0 -48.7375501,-27.8412631992195,0.0 -48.7375521,-27.8412746992195,0.0 -48.7375562,-27.8412961992195,0.0 -48.7375608,-27.8413175992195,0.0 -48.7375704,-27.8413585992195,0.0 -48.7375743,-27.8413748992195,0.0 -48.7375824,-27.8414067992195,0.0 -48.7375986,-27.8414691992195,0.0 -48.7376061,-27.8414995992195,0.0 -48.7376114,-27.8415229992195,0.0 -48.7376145,-27.8415382992195,0.0 -48.7376205,-27.8415701992195,0.0 -48.7376217,-27.8415773992195,0.0 -48.7376239,-27.8415927992195,0.0 -48.7376258,-27.8416081992195,0.0 -48.7376268,-27.8416179992195,0.0 -48.7376285,-27.8416387992195,0.0 -48.7376294,-27.8416590992195,0.0 -48.7376297,-27.8416724992195,0.0 -48.7376297,-27.8416811992195,0.0 -48.7376295,-27.8416994992195,0.0 -48.7376286,-27.8417204992195,0.0 -48.737628,-27.8417304992195,0.0 -48.7376267,-27.8417458992195,0.0 -48.7376167,-27.8418150992195,0.0 -48.737612,-27.8418375992195,0.0 -48.7376084,-27.8418527992195,0.0 -48.7376058,-27.8418624992195,0.0 -48.7376,-27.8418827992195,0.0 -48.7375955,-27.8418970992195,0.0 -48.7375925,-27.8419058992195,0.0 -48.7375853,-27.8419248992195,0.0 -48.7375811,-27.8419350992195,0.0 -48.7375783,-27.8419413992195,0.0 -48.7375717,-27.8419550992195,0.0 -48.7375648,-27.8419684992195,0.0 -48.7375615,-27.8419746992195,0.0 -48.7375562,-27.8419839992195,0.0 -48.7375476,-27.8419980992195,0.0 -48.7375382,-27.8420123992195,0.0 -48.7375317,-27.8420215992195,0.0 -48.7375174,-27.8420411992195,0.0 -48.7375118,-27.8420484992195,0.0 -48.7374993,-27.8420636992195,0.0 -48.7374903,-27.8420738992195,0.0 -48.7374842,-27.8420800992195,0.0 -48.7374803,-27.8420839992195,0.0 -48.7374714,-27.8420921992195,0.0 -48.7374665,-27.8420963992195,0.0 -48.7374637,-27.8420984992195,0.0 -48.7374621,-27.8420995992195,0.0 -48.7374569,-27.8421029992195,0.0 -48.7374483,-27.8421081992195,0.0 -48.7374457,-27.8421095992195,0.0 -48.7374397,-27.8421124992195,0.0 -48.7374346,-27.8421148992195,0.0 -48.7374215,-27.8421205992195,0.0 -48.7374087,-27.8421260992195,0.0 -48.7373825,-27.8421371992195,0.0 -48.7373571,-27.8421476992195,0.0 -48.7373449,-27.8421526992195,0.0 -48.7373265,-27.8421599992195,0.0 -48.7372663,-27.8421827992195,0.0 -48.7372359,-27.8421943992195,0.0 -48.7371914,-27.8422113992195,0.0 -48.7371769,-27.8422171992195,0.0 -48.7371668,-27.8422213992195,0.0 -48.7371469,-27.8422300992195,0.0 -48.7371362,-27.8422353992195,0.0 -48.7371278,-27.8422400992195,0.0 -48.7371162,-27.8422476992195,0.0 -48.7371104,-27.8422517992195,0.0 -48.737102,-27.8422584992195,0.0 -48.7370956,-27.8422642992195,0.0 -48.7370845,-27.8422750992195,0.0 -48.7370782,-27.8422817992195,0.0 -48.7370698,-27.8422913992195,0.0 -48.7370554,-27.8423097992195,0.0 -48.7370483,-27.8423193992195,0.0 -48.7370068,-27.8423772992195,0.0 -48.7369863,-27.8424064992195,0.0 -48.7369455,-27.8424649992195,0.0 -48.7369251,-27.8424944992195,0.0 -48.7368803,-27.8425597992195,0.0 -48.736858,-27.8425924992195,0.0 -48.7368245,-27.8426415992195,0.0 -48.7367744,-27.8427151992195,0.0 -48.7367076,-27.8428132992195,0.0 -48.7366742,-27.8428623992195,0.0 -48.7366243,-27.8429358992195,0.0 -48.7365246,-27.8430833992195,0.0 -48.7365155,-27.8430971992195,0.0 -48.7365093,-27.8431067992195,0.0 -48.7364978,-27.8431252992195,0.0 -48.7364913,-27.8431360992195,0.0 -48.7364792,-27.8431567992195,0.0 -48.7364702,-27.8431727992195,0.0 -48.7364643,-27.8431832992195,0.0 -48.736453,-27.8432039992195,0.0 -48.7364502,-27.8432090992195,0.0 -48.7364447,-27.8432190992195,0.0 -48.7364393,-27.8432290992195,0.0 -48.7364358,-27.8432357992195,0.0 -48.7364285,-27.8432495992195,0.0 -48.7364251,-27.8432565992195,0.0 -48.7364231,-27.8432608992195,0.0 -48.736421,-27.8432659992195,0.0 -48.7364193,-27.8432705992195,0.0 -48.7364182,-27.8432734992195,0.0 -48.7364165,-27.8432787992195,0.0 -48.7364145,-27.8432867992195,0.0 -48.7364136,-27.8432933992195,0.0 -48.7364127,-27.8433052992195,0.0 -48.7364128,-27.8433149992195,0.0 -48.7364141,-27.8433263992195,0.0 -48.7364157,-27.8433336992195,0.0 -48.7364171,-27.8433390992195,0.0 -48.736418,-27.8433419992195,0.0 -48.7364197,-27.8433474992195,0.0 -48.7364233,-27.8433582992195,0.0 -48.7364275,-27.8433697992195,0.0 -48.7364336,-27.8433843992195,0.0 -48.7364373,-27.8433923992195,0.0 -48.7364485,-27.8434150992195,0.0 -48.7364551,-27.8434274992195,0.0 -48.7364607,-27.8434370992195,0.0 -48.7364714,-27.8434542992195,0.0 -48.7364808,-27.8434677992195,0.0 -48.7364875,-27.8434771992195,0.0 -48.7364966,-27.8434887992195,0.0 -48.7365018,-27.8434951992195,0.0 -48.7365116,-27.8435066992195,0.0 -48.736517,-27.8435128992195,0.0 -48.7365253,-27.8435217992195,0.0 -48.7365376,-27.8435342992195,0.0 -48.7365649,-27.8435607992195,0.0 -48.7365788,-27.8435739992195,0.0 -48.7365997,-27.8435934992195,0.0 -48.7366358,-27.8436263992195,0.0 -48.7366544,-27.8436429992195,0.0 -48.7366757,-27.8436615992195,0.0 -48.7367183,-27.8436983992195,0.0 -48.7367507,-27.8437259992195,0.0 -48.7367748,-27.8437460992195,0.0 -48.7367909,-27.8437595992195,0.0 -48.7368231,-27.8437862992195,0.0 -48.7368412,-27.8438011992195,0.0 -48.7368533,-27.8438112992195,0.0 -48.7368776,-27.8438313992195,0.0 -48.7369048,-27.8438538992195,0.0 -48.7369229,-27.8438689992195,0.0 -48.7369349,-27.8438791992195,0.0 -48.7369592,-27.8438995992195,0.0 -48.7369729,-27.8439111992195,0.0 -48.7369818,-27.8439188992195,0.0 -48.737,-27.8439344992195,0.0 -48.7370273,-27.8439582992195,0.0 -48.737041,-27.8439703992195,0.0 -48.7370838,-27.8440078992195,0.0 -48.7371052,-27.8440266992195,0.0 -48.7371373,-27.8440549992195,0.0 -48.7371699,-27.8440835992195,0.0 -48.7371861,-27.8440978992195,0.0 -48.7372102,-27.8441191992195,0.0 -48.7372468,-27.8441519992195,0.0 -48.7372709,-27.8441739992195,0.0 -48.7373032,-27.8442036992195,0.0 -48.737319,-27.8442184992195,0.0 -48.7373371,-27.8442355992195,0.0 -48.7373734,-27.8442707992195,0.0 -48.7373854,-27.8442826992195,0.0 -48.7374097,-27.8443072992195,0.0 -48.7374274,-27.8443254992195,0.0 -48.737433,-27.8443315992195,0.0 -48.7374362,-27.8443350992195,0.0 -48.7374435,-27.8443437992195,0.0 -48.7374457,-27.8443465992195,0.0 -48.7374508,-27.8443533992195,0.0 -48.7374557,-27.8443604992195,0.0 -48.7374587,-27.8443649992195,0.0 -48.7374652,-27.8443754992195,0.0 -48.7374703,-27.8443843992195,0.0 -48.737473,-27.8443894992195,0.0 -48.7374789,-27.8444018992195,0.0 -48.7374846,-27.8444154992195,0.0 -48.737488,-27.8444243992195,0.0 -48.73749,-27.8444300992195,0.0 -48.7374941,-27.8444426992195,0.0 -48.7374976,-27.8444551992195,0.0 -48.737499,-27.8444607992195,0.0 -48.7375009,-27.8444697992195,0.0 -48.7375034,-27.8444837992195,0.0 -48.7375058,-27.8445063992195,0.0 -48.7375064,-27.8445242992195,0.0 -48.7375062,-27.8445349992195,0.0 -48.7375058,-27.8445418992195,0.0 -48.7375055,-27.8445460992195,0.0 -48.7375044,-27.8445557992195,0.0 -48.7375023,-27.8445703992195,0.0 -48.7375011,-27.8445768992195,0.0 -48.7374991,-27.8445869992195,0.0 -48.7374966,-27.8445967992195,0.0 -48.7374954,-27.8446009992195,0.0 -48.7374909,-27.8446152992195,0.0 -48.7374888,-27.8446215992195,0.0 -48.7374851,-27.8446314992195,0.0 -48.7374812,-27.8446410992195,0.0 -48.7374792,-27.8446455992195,0.0 -48.7374564,-27.8446962992195,0.0 -48.7374449,-27.8447213992195,0.0 -48.7374272,-27.8447591992195,0.0 -48.7373963,-27.8448241992195,0.0 -48.7373808,-27.8448562992195,0.0 -48.7373531,-27.8449120992195,0.0 -48.7373343,-27.8449489992195,0.0 -48.7373217,-27.8449734992195,0.0 -48.7372959,-27.8450225992195,0.0 -48.7372738,-27.8450635992195,0.0 -48.7372588,-27.8450906992195,0.0 -48.737228,-27.8451450992195,0.0 -48.7372104,-27.8451755992195,0.0 -48.7371986,-27.8451955992195,0.0 -48.7371742,-27.8452359992195,0.0 -48.7371494,-27.8452761992195,0.0 -48.7371369,-27.8452959992195,0.0 -48.7371178,-27.8453256992195,0.0 -48.7370884,-27.8453701992195,0.0 -48.7370786,-27.8453847992195,0.0 -48.7370582,-27.8454142992195,0.0 -48.7370376,-27.8454437992195,0.0 -48.7370237,-27.8454631992195,0.0 -48.7369954,-27.8455022992195,0.0 -48.7369826,-27.8455195992195,0.0 -48.7369741,-27.8455308992195,0.0 -48.7369565,-27.8455536992195,0.0 -48.7369389,-27.8455758992195,0.0 -48.7369302,-27.8455866992195,0.0 -48.7369167,-27.8456029992195,0.0 -48.7368961,-27.8456272992195,0.0 -48.7368856,-27.8456391992195,0.0 -48.7368787,-27.8456467992195,0.0 -48.7368639,-27.8456625992195,0.0 -48.7368488,-27.8456782992195,0.0 -48.7368413,-27.8456857992195,0.0 -48.7368298,-27.8456970992195,0.0 -48.7368081,-27.8457175992195,0.0 -48.7367976,-27.8457272992195,0.0 -48.736781,-27.8457418992195,0.0 -48.7367546,-27.8457643992195,0.0 -48.7367414,-27.8457753992195,0.0 -48.7367214,-27.8457919992195,0.0 -48.7366908,-27.8458165992195,0.0 -48.7366448,-27.8458524992195,0.0 -48.7365823,-27.8459007992194,0.0 -48.7365507,-27.8459254992195,0.0 -48.7365201,-27.8459498992194,0.0 -48.7365048,-27.8459623992194,0.0 -48.736482,-27.8459812992194,0.0 -48.7364593,-27.8460004992195,0.0 -48.7364443,-27.8460137992195,0.0 -48.7364343,-27.8460227992194,0.0 -48.7364151,-27.8460405992194,0.0 -48.7363892,-27.8460651992195,0.0 -48.7363719,-27.8460818992194,0.0 -48.7363385,-27.8461151992194,0.0 -48.7363139,-27.8461403992194,0.0 -48.7363016,-27.8461532992194,0.0 -48.7362835,-27.8461723992194,0.0 -48.7362655,-27.8461918992194,0.0 -48.736242,-27.8462178992194,0.0 -48.73623,-27.8462312992194,0.0 -48.7362041,-27.8462611992194,0.0 -48.7361787,-27.8462914992194,0.0 -48.736162,-27.8463117992194,0.0 -48.736151,-27.8463254992194,0.0 -48.7361294,-27.8463526992194,0.0 -48.7361235,-27.8463601992194,0.0 -48.7361196,-27.8463654992194,0.0 -48.7361121,-27.8463754992194,0.0 -48.7361034,-27.8463874992194,0.0 -48.736099,-27.8463937992194,0.0 -48.7360928,-27.8464027992194,0.0 -48.7360836,-27.8464163992194,0.0 -48.736077,-27.8464266992194,0.0 -48.7360724,-27.8464340992194,0.0 -48.7360644,-27.8464478992194,0.0 -48.7360556,-27.8464638992194,0.0 -48.7360499,-27.8464749992194,0.0 -48.7360461,-27.8464826992194,0.0 -48.7360392,-27.8464974992194,0.0 -48.7360344,-27.8465083992194,0.0 -48.736032,-27.8465144992194,0.0 -48.7360287,-27.8465229992194,0.0 -48.7360248,-27.8465341992194,0.0 -48.7360227,-27.8465403992194,0.0 -48.7360199,-27.8465492992194,0.0 -48.7360032,-27.8466058992194,0.0 -48.7359952,-27.8466343992194,0.0 -48.7359836,-27.8466769992194,0.0 -48.735967,-27.8467407992194,0.0 -48.735959,-27.8467730992194,0.0 -48.7359437,-27.8468374992194,0.0 -48.7359363,-27.8468698992194,0.0 -48.7359254,-27.8469184992194,0.0 -48.7359115,-27.8469832992194,0.0 -48.7359047,-27.8470158992194,0.0 -48.7358948,-27.8470646992194,0.0 -48.7358819,-27.8471296992194,0.0 -48.7358756,-27.8471622992194,0.0 -48.7358664,-27.8472112992194,0.0 -48.7358531,-27.8472845992194,0.0 -48.7358274,-27.8474309992194,0.0 -48.7358191,-27.8474796992194,0.0 -48.7358083,-27.8475444992194,0.0 -48.7358031,-27.8475769992194,0.0 -48.7357914,-27.8476505992194,0.0 -48.7357892,-27.8476662992194,0.0 -48.7357881,-27.8476775992194,0.0 -48.7357865,-27.8476988992194,0.0 -48.7357862,-27.8477083992194,0.0 -48.7357869,-27.8477238992194,0.0 -48.735788,-27.8477343992194,0.0 -48.7357889,-27.8477405992194,0.0 -48.7357905,-27.8477490992194,0.0 -48.7357937,-27.8477622992194,0.0 -48.7357959,-27.8477696992194,0.0 -48.7357991,-27.8477793992194,0.0 -48.735803,-27.8477900992194,0.0 -48.7358057,-27.8477963992194,0.0 -48.7358095,-27.8478045992194,0.0 -48.7358159,-27.8478170992194,0.0 -48.7358195,-27.8478238992194,0.0 -48.735825,-27.8478333992194,0.0 -48.7358335,-27.8478469992194,0.0 -48.7358424,-27.8478600992194,0.0 -48.7358476,-27.8478672992194,0.0 -48.7358551,-27.8478770992194,0.0 -48.7358705,-27.8478959992194,0.0 -48.7358785,-27.8479055992194,0.0 -48.7358905,-27.8479194992194,0.0 -48.7359068,-27.8479376992194,0.0 -48.7359153,-27.8479469992194,0.0 -48.7359281,-27.8479606992194,0.0 -48.7359431,-27.8479759992194,0.0 -48.735951,-27.8479838992194,0.0 -48.7359628,-27.8479953992194,0.0 -48.7359808,-27.8480119992194,0.0 -48.7359951,-27.8480245992194,0.0 -48.7360027,-27.8480310992194,0.0 -48.7360141,-27.8480404992194,0.0 -48.7360312,-27.8480537992194,0.0 -48.7360711,-27.8480834992194,0.0 -48.7360913,-27.8480982992194,0.0 -48.7361215,-27.8481198992194,0.0 -48.7361905,-27.8481681992194,0.0 -48.7362074,-27.8481802992194,0.0 -48.7362414,-27.8482052992194,0.0 -48.7362538,-27.8482146992194,0.0 -48.7362618,-27.8482208992194,0.0 -48.7362781,-27.8482339992194,0.0 -48.736296,-27.8482489992194,0.0 -48.7363074,-27.8482589992194,0.0 -48.7363148,-27.8482655992194,0.0 -48.7363299,-27.8482795992194,0.0 -48.7363382,-27.8482876992194,0.0 -48.7363434,-27.8482928992194,0.0 -48.7363544,-27.8483042992194,0.0 -48.7363653,-27.8483160992194,0.0 -48.7363702,-27.8483216992194,0.0 -48.7363777,-27.8483303992194,0.0 -48.73639,-27.8483455992194,0.0 -48.7363977,-27.8483556992194,0.0 -48.7364027,-27.8483623992194,0.0 -48.7364129,-27.8483766992194,0.0 -48.7364202,-27.8483873992194,0.0 -48.7364234,-27.8483922992194,0.0 -48.7364283,-27.8484001992194,0.0 -48.7364356,-27.8484124992194,0.0 -48.7364447,-27.8484291992194,0.0 -48.7364489,-27.8484371992194,0.0 -48.7364552,-27.8484496992194,0.0 -48.7364611,-27.8484623992194,0.0 -48.7364638,-27.8484682992194,0.0 -48.7364681,-27.8484783992194,0.0 -48.7364707,-27.8484847992194,0.0 -48.7364759,-27.8484983992194,0.0 -48.7364833,-27.8485196992194,0.0 -48.7364865,-27.8485295992194,0.0 -48.7364894,-27.8485393992194,0.0 -48.7364909,-27.8485452992194,0.0 -48.736494,-27.8485590992194,0.0 -48.7364948,-27.8485629992194,0.0 -48.7364964,-27.8485723992194,0.0 -48.7364977,-27.8485819992194,0.0 -48.7364983,-27.8485878992194,0.0 -48.7364993,-27.8486006992194,0.0 -48.7364999,-27.8486154992194,0.0 -48.7364999,-27.8486249992194,0.0 -48.7364991,-27.8486443992194,0.0 -48.7364981,-27.8486565992194,0.0 -48.7364975,-27.8486618992194,0.0 -48.7364963,-27.8486704992194,0.0 -48.7364939,-27.8486834992194,0.0 -48.7364924,-27.8486897992194,0.0 -48.7364913,-27.8486935992194,0.0 -48.7364906,-27.8486956992194,0.0 -48.7364886,-27.8487011992194,0.0 -48.7364847,-27.8487103992194,0.0 -48.7364832,-27.8487133992194,0.0 -48.7364798,-27.8487195992194,0.0 -48.736475,-27.8487275992194,0.0 -48.7364639,-27.8487455992194,0.0 -48.7364556,-27.8487582992194,0.0 -48.7364422,-27.8487777992194,0.0 -48.7364263,-27.8487996992194,0.0 -48.7364186,-27.8488099992194,0.0 -48.7364065,-27.8488253992194,0.0 -48.7363771,-27.8488606992194,0.0 -48.7363623,-27.8488780992194,0.0 -48.7363394,-27.8489043992194,0.0 -48.7363285,-27.8489165992194,0.0 -48.736306,-27.8489414992194,0.0 -48.7362599,-27.8489919992194,0.0 -48.7362365,-27.8490181992194,0.0 -48.7362145,-27.8490437992194,0.0 -48.7362034,-27.8490571992194,0.0 -48.7361873,-27.8490771992194,0.0 -48.7361715,-27.8490976992194,0.0 -48.7361613,-27.8491116992194,0.0 -48.7361545,-27.8491212992194,0.0 -48.7361417,-27.8491396992194,0.0 -48.7361162,-27.8491776992194,0.0 -48.7361035,-27.8491969992194,0.0 -48.7360849,-27.8492257992194,0.0 -48.7360575,-27.8492692992194,0.0 -48.7360398,-27.8492983992194,0.0 -48.736031,-27.8493133992194,0.0 -48.7360181,-27.8493358992194,0.0 -48.7360016,-27.8493661992194,0.0 -48.7359934,-27.8493818992194,0.0 -48.7359818,-27.8494050992194,0.0 -48.7359665,-27.8494368992194,0.0 -48.7359564,-27.8494580992194,0.0 -48.735937,-27.8495003992194,0.0 -48.7359206,-27.8495372992194,0.0 -48.7359124,-27.8495559992194,0.0 -48.7359004,-27.8495839992194,0.0 -48.7358824,-27.8496274992194,0.0 -48.7358736,-27.8496494992194,0.0 -48.7358606,-27.8496823992194,0.0 -48.7358418,-27.8497317992194,0.0 -48.7358283,-27.8497687992194,0.0 -48.7358195,-27.8497937992194,0.0 -48.7358027,-27.8498431992194,0.0 -48.7357935,-27.8498710992194,0.0 -48.7357875,-27.8498898992194,0.0 -48.735776,-27.8499270992194,0.0 -48.735765,-27.8499645992194,0.0 -48.7357596,-27.8499834992194,0.0 -48.7357517,-27.8500117992194,0.0 -48.7357404,-27.8500541992194,0.0 -48.7357296,-27.8500968992194,0.0 -48.7357228,-27.8501253992194,0.0 -48.7357184,-27.8501444992194,0.0 -48.7357099,-27.8501823992194,0.0 -48.7357019,-27.8502204992194,0.0 -48.735698,-27.8502397992194,0.0 -48.7356925,-27.8502683992194,0.0 -48.7356844,-27.8503129992194,0.0 -48.7356805,-27.8503353992194,0.0 -48.7356748,-27.8503689992194,0.0 -48.7356668,-27.8504192992194,0.0 -48.7356593,-27.8504693992194,0.0 -48.7356557,-27.8504946992194,0.0 -48.7356507,-27.8505323992194,0.0 -48.7356435,-27.8505889992194,0.0 -48.7356389,-27.8506266992194,0.0 -48.7356298,-27.8507017992194,0.0 -48.7356254,-27.8507394992194,0.0 -48.735617,-27.8508144992194,0.0 -48.7356109,-27.8508711992194,0.0 -48.7356083,-27.8508976992194,0.0 -48.7356073,-27.8509115992194,0.0 -48.7356061,-27.8509321992194,0.0 -48.7356049,-27.8509678992194,0.0 -48.7356045,-27.8509917992194,0.0 -48.7356044,-27.8510383992194,0.0 -48.7356051,-27.8510920992194,0.0 -48.7356065,-27.8511625992193,0.0 -48.7356068,-27.8511968992194,0.0 -48.7356066,-27.8512231992194,0.0 -48.7356061,-27.8512406992194,0.0 -48.7356048,-27.8512765992193,0.0 -48.7356044,-27.8512851992194,0.0 -48.7356032,-27.8513026992194,0.0 -48.7356016,-27.8513203992193,0.0 -48.7356003,-27.8513318992193,0.0 -48.7355973,-27.8513558992193,0.0 -48.7355969,-27.8513578992193,0.0 -48.7355959,-27.8513633992193,0.0 -48.7355945,-27.8513688992194,0.0 -48.7355936,-27.8513722992194,0.0 -48.7355909,-27.8513803992193,0.0 -48.7355884,-27.8513870992193,0.0 -48.7355867,-27.8513909992193,0.0 -48.7355856,-27.8513931992194,0.0 -48.7355823,-27.8513992992193,0.0 -48.7355771,-27.8514081992194,0.0 -48.7355749,-27.8514116992193,0.0 -48.7355708,-27.8514174992193,0.0 -48.7355665,-27.8514231992193,0.0 -48.7355649,-27.8514251992193,0.0 -48.7355576,-27.8514333992193,0.0 -48.7355547,-27.8514365992193,0.0 -48.7355494,-27.8514417992194,0.0 -48.7355404,-27.8514501992193,0.0 -48.7355296,-27.8514593992193,0.0 -48.7355244,-27.8514635992193,0.0 -48.7355163,-27.8514699992193,0.0 -48.7355081,-27.8514760992193,0.0 -48.7355044,-27.8514786992193,0.0 -48.735487,-27.8514904992193,0.0 -48.7354787,-27.8514958992193,0.0 -48.7354659,-27.8515040992194,0.0 -48.735453,-27.8515118992193,0.0 -48.7354469,-27.8515154992193,0.0 -48.7354195,-27.8515308992193,0.0 -48.735406,-27.8515381992193,0.0 -48.7353852,-27.8515492992193,0.0 -48.7353646,-27.8515598992193,0.0 -48.735355,-27.8515646992193,0.0 -48.7353403,-27.8515716992193,0.0 -48.7353136,-27.8515834992193,0.0 -48.7352955,-27.8515911992193,0.0 -48.7352585,-27.8516066992193,0.0 -48.7352179,-27.8516230992193,0.0 -48.7351626,-27.8516450992193,0.0 -48.735134,-27.8516567992193,0.0 -48.7351132,-27.8516657992193,0.0 -48.7350992,-27.8516720992193,0.0 -48.7350723,-27.8516846992193,0.0 -48.7350521,-27.8516947992193,0.0 -48.7350383,-27.8517021992193,0.0 -48.7350129,-27.8517165992193,0.0 -48.7350078,-27.8517196992193,0.0 -48.7349998,-27.8517250992193,0.0 -48.734993,-27.8517301992193,0.0 -48.7349823,-27.8517392992193,0.0 -48.7349759,-27.8517453992193,0.0 -48.7349685,-27.8517531992193,0.0 -48.7349609,-27.8517619992193,0.0 -48.7349524,-27.8517725992193,0.0 -48.7349477,-27.8517787992193,0.0 -48.7349401,-27.8517893992193,0.0 -48.7349356,-27.8517963992193,0.0 -48.7349302,-27.8518056992193,0.0 -48.7349263,-27.8518131992193,0.0 -48.7349206,-27.8518255992193,0.0 -48.7349181,-27.8518322992193,0.0 -48.7349155,-27.8518417992193,0.0 -48.7349138,-27.8518514992193,0.0 -48.7349132,-27.8518577992193,0.0 -48.7349121,-27.8518813992193,0.0 -48.7349118,-27.8518937992193,0.0 -48.7349119,-27.8519114992193,0.0 -48.7349131,-27.8519422992193,0.0 -48.7349141,-27.8519582992193,0.0 -48.7349157,-27.8519765992193,0.0 -48.7349167,-27.8519860992193,0.0 -48.7349184,-27.8519999992193,0.0 -48.7349221,-27.8520244992193,0.0 -48.7349248,-27.8520408992193,0.0 -48.7349269,-27.8520519992193,0.0 -48.7349311,-27.8520734992193,0.0 -48.7349351,-27.8520917992193,0.0 -48.7349381,-27.8521043992193,0.0 -48.7349444,-27.8521282992193,0.0 -48.7349514,-27.8521524992193,0.0 -48.7349551,-27.8521648992193,0.0 -48.734961,-27.8521831992193,0.0 -48.7349703,-27.8522103992193,0.0 -48.7349793,-27.8522343992193,0.0 -48.734984,-27.8522464992193,0.0 -48.7349912,-27.8522643992193,0.0 -48.7350023,-27.8522907992193,0.0 -48.7350315,-27.8523565992193,0.0 -48.7350464,-27.8523894992193,0.0 -48.7350691,-27.8524384992193,0.0 -48.735092,-27.8524864992193,0.0 -48.7351036,-27.8525105992193,0.0 -48.7351212,-27.8525464992193,0.0 -48.7351347,-27.8525733992193,0.0 -48.735162,-27.8526262992193,0.0 -48.7351832,-27.8526659992193,0.0 -48.7351976,-27.8526924992193,0.0 -48.7352073,-27.8527100992193,0.0 -48.735227,-27.8527449992193,0.0 -48.7352499,-27.8527844992193,0.0 -48.7352656,-27.8528106992193,0.0 -48.7352762,-27.8528281992193,0.0 -48.7352975,-27.8528627992193,0.0 -48.735333,-27.8529186992193,0.0 -48.7353511,-27.8529466992193,0.0 -48.7353785,-27.8529883992193,0.0 -48.7354062,-27.8530292992193,0.0 -48.7354203,-27.8530497992193,0.0 -48.7354415,-27.8530802992193,0.0 -48.7354577,-27.8531031992193,0.0 -48.7354626,-27.8531098992193,0.0 -48.7354904,-27.8531480992193,0.0 -48.7355128,-27.8531780992193,0.0 -48.7355242,-27.8531930992193,0.0 -48.7355414,-27.8532154992193,0.0 -48.7355675,-27.8532485992193,0.0 -48.7355914,-27.8532781992193,0.0 -48.7356035,-27.8532929992193,0.0 -48.7356219,-27.8533148992193,0.0 -48.7356496,-27.8533473992193,0.0 -48.7356713,-27.8533723992193,0.0 -48.7357148,-27.8534212992193,0.0 -48.7357342,-27.8534427992193,0.0 -48.7357731,-27.8534848992193,0.0 -48.7358079,-27.8535213992193,0.0 -48.7358316,-27.8535455992193,0.0 -48.7358475,-27.8535616992193,0.0 -48.7358795,-27.8535932992193,0.0 -48.7359067,-27.8536194992193,0.0 -48.7359253,-27.8536368992193,0.0 -48.7359379,-27.8536484992193,0.0 -48.7359629,-27.8536710992193,0.0 -48.7359843,-27.8536898992193,0.0 -48.7359988,-27.8537023992193,0.0 -48.7360277,-27.8537267992193,0.0 -48.7360445,-27.8537404992193,0.0 -48.7360777,-27.8537669992193,0.0 -48.7361035,-27.8537866992193,0.0 -48.7361208,-27.8537995992193,0.0 -48.7361327,-27.8538082992193,0.0 -48.7361561,-27.8538250992193,0.0 -48.7361799,-27.8538415992193,0.0 -48.7361922,-27.8538498992193,0.0 -48.7362106,-27.8538620992193,0.0 -48.7362383,-27.8538796992193,0.0 -48.7362986,-27.8539168992193,0.0 -48.7363292,-27.8539353992193,0.0 -48.73636,-27.8539534992193,0.0 -48.7363757,-27.8539625992193,0.0 -48.7365833,-27.8540807992193,0.0 -48.7366757,-27.8541338992193,0.0 -48.7367217,-27.8541604992193,0.0 -48.7367906,-27.8542006992193,0.0 -48.7368177,-27.8542167992193,0.0 -48.7368721,-27.8542494992193,0.0 -48.7369262,-27.8542825992193,0.0 -48.7369622,-27.8543047992193,0.0 -48.7370343,-27.8543497992193,0.0 -48.7370747,-27.8543751992193,0.0 -48.7371554,-27.8544267992193,0.0 -48.7371958,-27.8544529992193,0.0 -48.7372224,-27.8544705992193,0.0 -48.7372759,-27.8545064992193,0.0 -48.737282,-27.8545105992193,0.0 -48.7372944,-27.8545193992193,0.0 -48.7373067,-27.8545285992193,0.0 -48.7373145,-27.8545345992193,0.0 -48.7373306,-27.8545472992193,0.0 -48.7373438,-27.8545583992193,0.0 -48.737352,-27.8545656992193,0.0 -48.7373572,-27.8545705992193,0.0 -48.7373684,-27.8545813992193,0.0 -48.7373775,-27.8545905992193,0.0 -48.7373831,-27.8545964992193,0.0 -48.7373948,-27.8546094992193,0.0 -48.737401,-27.8546166992193,0.0 -48.7374047,-27.8546212992193,0.0 -48.7374128,-27.8546316992193,0.0 -48.7374204,-27.8546418992193,0.0 -48.7374236,-27.8546464992193,0.0 -48.7374284,-27.8546536992193,0.0 -48.7374354,-27.8546650992193,0.0 -48.7374412,-27.8546753992193,0.0 -48.7374438,-27.8546802992193,0.0 -48.7374477,-27.8546880992193,0.0 -48.7374536,-27.8547006992193,0.0 -48.7374618,-27.8547194992193,0.0 -48.7374785,-27.8547589992193,0.0 -48.7375008,-27.8548124992193,0.0 -48.7375124,-27.8548396992193,0.0 -48.7375245,-27.8548669992193,0.0 -48.7375307,-27.8548806992193,0.0 -48.7376152,-27.8550639992193,0.0 -48.7376377,-27.8552274992193,0.0 -48.7376618,-27.8554021992193,0.0 -48.7376627,-27.8554093992193,0.0 -48.7376644,-27.8554242992193,0.0 -48.7376656,-27.8554392992193,0.0 -48.7376663,-27.8554490992193,0.0 -48.7376673,-27.8554694992193,0.0 -48.7376678,-27.8554893992193,0.0 -48.7376677,-27.8555025992193,0.0 -48.7376675,-27.8555111992193,0.0 -48.7376668,-27.8555293992193,0.0 -48.7376654,-27.8555534992193,0.0 -48.7376645,-27.8555649992193,0.0 -48.7376628,-27.8555828992193,0.0 -48.7376596,-27.8556106992193,0.0 -48.7376579,-27.8556241992193,0.0 -48.7376551,-27.8556443992193,0.0 -48.7376518,-27.8556641992193,0.0 -48.73765,-27.8556737992193,0.0 -48.7376314,-27.8557663992193,0.0 -48.7375932,-27.8559521992193,0.0 -48.7375838,-27.8559978992193,0.0 -48.737579,-27.8560202992193,0.0 -48.7375763,-27.8560326992193,0.0 -48.7375701,-27.8560579992193,0.0 -48.7375634,-27.8560833992193,0.0 -48.7375489,-27.8561354992193,0.0 -48.7375325,-27.8561929992193,0.0 -48.7375099,-27.8562702992193,0.0 -48.7374988,-27.8563095992193,0.0 -48.737491,-27.8563383992193,0.0 -48.7374859,-27.8563578992193,0.0 -48.7374763,-27.8563964992193,0.0 -48.7374697,-27.8564255992193,0.0 -48.7374656,-27.8564451992193,0.0 -48.737463,-27.8564584992193,0.0 -48.7374583,-27.8564844992193,0.0 -48.7374554,-27.8565023992193,0.0 -48.7374536,-27.8565145992193,0.0 -48.7374506,-27.8565381992193,0.0 -48.7374483,-27.8565588992192,0.0 -48.7374473,-27.8565695992193,0.0 -48.7374461,-27.8565853992193,0.0 -48.7374447,-27.8566100992192,0.0 -48.7374442,-27.8566228992193,0.0 -48.7374437,-27.8566416992193,0.0 -48.7374435,-27.8566696992192,0.0 -48.7374439,-27.8566907992193,0.0 -48.7374445,-27.8567051992192,0.0 -48.7374462,-27.8567327992192,0.0 -48.7374479,-27.8567533992192,0.0 -48.737449,-27.8567640992193,0.0 -48.7374508,-27.8567795992192,0.0 -48.7374537,-27.8568003992192,0.0 -48.7374553,-27.8568110992193,0.0 -48.7374579,-27.8568267992192,0.0 -48.7374623,-27.8568501992192,0.0 -48.7374667,-27.8568707992192,0.0 -48.7374692,-27.8568815992193,0.0 -48.7374731,-27.8568971992192,0.0 -48.7374795,-27.8569201992193,0.0 -48.7374879,-27.8569483992192,0.0 -48.7374923,-27.8569626992192,0.0 -48.7374992,-27.8569837992192,0.0 -48.7375099,-27.8570149992192,0.0 -48.7375229,-27.8570509992192,0.0 -48.7375299,-27.8570692992192,0.0 -48.7375406,-27.8570963992192,0.0 -48.7375667,-27.8571586992192,0.0 -48.73758,-27.8571897992192,0.0 -48.7376004,-27.8572361992192,0.0 -48.737632,-27.8573060992192,0.0 -48.7376743,-27.8573984992192,0.0 -48.737695,-27.8574443992192,0.0 -48.7377052,-27.8574675992192,0.0 -48.7377254,-27.8575145992192,0.0 -48.7377399,-27.8575496992192,0.0 -48.737754,-27.8575853992192,0.0 -48.737763,-27.8576091992192,0.0 -48.7377688,-27.8576248992192,0.0 -48.7377803,-27.8576570992192,0.0 -48.7377891,-27.8576823992192,0.0 -48.7377948,-27.8576991992192,0.0 -48.737806,-27.8577330992192,0.0 -48.7378181,-27.8577715992192,0.0 -48.7378238,-27.8577903992192,0.0 -48.7378318,-27.8578186992192,0.0 -48.7378366,-27.8578373992192,0.0 -48.7378397,-27.8578497992192,0.0 -48.7378457,-27.8578750992192,0.0 -48.7378486,-27.8578888992192,0.0 -48.737854,-27.8579180992192,0.0 -48.7378563,-27.8579325992192,0.0 -48.7378576,-27.8579417992192,0.0 -48.7378599,-27.8579609992192,0.0 -48.7378606,-27.8579698992192,0.0 -48.7378608,-27.8579749992192,0.0 -48.7378608,-27.8579875992192,0.0 -48.7378605,-27.8579955992192,0.0 -48.7378601,-27.8579998992192,0.0 -48.7378597,-27.8580030992192,0.0 -48.7378587,-27.8580109992192,0.0 -48.7378553,-27.8580287992192,0.0 -48.7378533,-27.8580375992192,0.0 -48.7378495,-27.8580511992192,0.0 -48.7378448,-27.8580654992192,0.0 -48.7378425,-27.8580716992192,0.0 -48.7378384,-27.8580818992192,0.0 -48.7378291,-27.8581028992192,0.0 -48.7378245,-27.8581127992192,0.0 -48.7378169,-27.8581279992192,0.0 -48.7378058,-27.8581488992192,0.0 -48.7378002,-27.8581587992192,0.0 -48.7377914,-27.8581739992192,0.0 -48.7377796,-27.8581929992192,0.0 -48.7377739,-27.8582017992192,0.0 -48.7377646,-27.8582154992192,0.0 -48.7377534,-27.8582308992192,0.0 -48.7377482,-27.8582376992192,0.0 -48.7377395,-27.8582485992192,0.0 -48.7377239,-27.8582669992192,0.0 -48.7377133,-27.8582791992192,0.0 -48.7376915,-27.8583037992192,0.0 -48.7376679,-27.8583295992192,0.0 -48.7376353,-27.8583647992192,0.0 -48.7376186,-27.8583831992192,0.0 -48.7376102,-27.8583926992192,0.0 -48.7375947,-27.8584111992192,0.0 -48.7375832,-27.8584258992192,0.0 -48.737572,-27.8584408992192,0.0 -48.7375644,-27.8584514992192,0.0 -48.7375509,-27.8584714992192,0.0 -48.7375424,-27.8584846992192,0.0 -48.7375267,-27.8585100992192,0.0 -48.7375208,-27.8585200992192,0.0 -48.7375098,-27.8585393992192,0.0 -48.7375057,-27.8585471992192,0.0 -48.7374989,-27.8585612992192,0.0 -48.7374942,-27.8585720992192,0.0 -48.737491,-27.8585803992192,0.0 -48.7374861,-27.8585952992192,0.0 -48.7374831,-27.8586069992192,0.0 -48.7374814,-27.8586153992192,0.0 -48.7374804,-27.8586215992192,0.0 -48.7374793,-27.8586318992192,0.0 -48.7374787,-27.8586458992192,0.0 -48.7374786,-27.8586536992192,0.0 -48.7374789,-27.8586642992192,0.0 -48.7374802,-27.8586822992192,0.0 -48.7374815,-27.8586926992192,0.0 -48.7374853,-27.8587152992192,0.0 -48.7374877,-27.8587272992192,0.0 -48.7374917,-27.8587441992192,0.0 -48.7374963,-27.8587610992192,0.0 -48.7374989,-27.8587700992192,0.0 -48.737503,-27.8587826992192,0.0 -48.7375097,-27.8588017992192,0.0 -48.7375143,-27.8588147992192,0.0 -48.7375239,-27.8588399992192,0.0 -48.737534,-27.8588651992192,0.0 -48.7375392,-27.8588779992192,0.0 -48.7375473,-27.8588968992192,0.0 -48.7375607,-27.8589271992192,0.0 -48.7375678,-27.8589426992192,0.0 -48.7375787,-27.8589655992192,0.0 -48.7375917,-27.8589914992192,0.0 -48.7375986,-27.8590047992192,0.0 -48.7376089,-27.8590238992192,0.0 -48.7376217,-27.8590468992192,0.0 -48.7376471,-27.8590916992192,0.0 -48.7376979,-27.8591796992192,0.0 -48.7377223,-27.8592231992192,0.0 -48.7377468,-27.8592684992192,0.0 -48.7377585,-27.8592908992192,0.0 -48.7377757,-27.8593248992192,0.0 -48.737784,-27.8593420992192,0.0 -48.7377892,-27.8593533992192,0.0 -48.7377995,-27.8593771992192,0.0 -48.737807,-27.8593951992192,0.0 -48.7378117,-27.8594069992192,0.0 -48.737821,-27.8594314992192,0.0 -48.7378262,-27.8594461992192,0.0 -48.7378295,-27.8594557992192,0.0 -48.7378359,-27.8594757992192,0.0 -48.7378435,-27.8595015992192,0.0 -48.7378482,-27.8595187992192,0.0 -48.7378512,-27.8595300992192,0.0 -48.737857,-27.8595532992192,0.0 -48.7378614,-27.8595727992192,0.0 -48.7378641,-27.8595854992192,0.0 -48.737869,-27.8596119992192,0.0 -48.7378733,-27.8596379992192,0.0 -48.7378752,-27.8596507992192,0.0 -48.7378778,-27.8596700992192,0.0 -48.7378811,-27.8596993992192,0.0 -48.7378836,-27.8597285992192,0.0 -48.7378849,-27.8597479992192,0.0 -48.7378856,-27.8597607992192,0.0 -48.7378867,-27.8597870992192,0.0 -48.7378874,-27.8598149992192,0.0 -48.7378876,-27.8598285992192,0.0 -48.7378877,-27.8598492992192,0.0 -48.7378872,-27.8598802992192,0.0 -48.7378864,-27.8599037992192,0.0 -48.7378855,-27.8599191992192,0.0 -48.7378848,-27.8599292992192,0.0 -48.737883,-27.8599500992192,0.0 -48.7378811,-27.8599676992192,0.0 -48.7378796,-27.8599788992192,0.0 -48.737876,-27.8600025992192,0.0 -48.7378736,-27.8600158992192,0.0 -48.737872,-27.8600242992192,0.0 -48.737868,-27.8600421992192,0.0 -48.7378636,-27.8600598992192,0.0 -48.7378614,-27.8600680992192,0.0 -48.7378576,-27.8600808992192,0.0 -48.7378535,-27.8600935992192,0.0 -48.7378515,-27.8600992992192,0.0 -48.737845,-27.8601167992192,0.0 -48.7378418,-27.8601248992192,0.0 -48.7378366,-27.8601372992192,0.0 -48.7378279,-27.8601562992192,0.0 -48.7378138,-27.8601849992192,0.0 -48.7378067,-27.8601990992192,0.0 -48.7377956,-27.8602206992192,0.0 -48.7377702,-27.8602690992192,0.0 -48.7377575,-27.8602927992192,0.0 -48.737738,-27.8603283992192,0.0 -48.7377085,-27.8603803992192,0.0 -48.7376683,-27.8604497992192,0.0 -48.7376481,-27.8604843992192,0.0 -48.7376071,-27.8605535992192,0.0 -48.7375866,-27.8605879992192,0.0 -48.7375556,-27.8606395992192,0.0 -48.7375377,-27.8606689992192,0.0 -48.7375134,-27.8607080992192,0.0 -48.7375013,-27.8607272992192,0.0 -48.7374735,-27.8607703992192,0.0 -48.7374359,-27.8608282992192,0.0 -48.7374169,-27.8608575992192,0.0 -48.7374029,-27.8608796992192,0.0 -48.7373755,-27.8609237992192,0.0 -48.7373619,-27.8609459992192,0.0 -48.737353,-27.8609611992192,0.0 -48.7373355,-27.8609915992192,0.0 -48.7373279,-27.8610059992192,0.0 -48.737323,-27.8610163992192,0.0 -48.7373199,-27.8610235992192,0.0 -48.7373145,-27.8610367992192,0.0 -48.7373104,-27.8610480992192,0.0 -48.7373078,-27.8610564992192,0.0 -48.7373037,-27.8610711992192,0.0 -48.7373002,-27.8610869992192,0.0 -48.7372986,-27.8610961992192,0.0 -48.7372965,-27.8611125992192,0.0 -48.7372956,-27.8611220992192,0.0 -48.7372949,-27.8611353992192,0.0 -48.7372949,-27.8611520992192,0.0 -48.7372953,-27.8611615992192,0.0 -48.7372963,-27.8611742992192,0.0 -48.7372992,-27.8611995992192,0.0 -48.737301,-27.8612124992192,0.0 -48.737304,-27.8612312992192,0.0 -48.7373079,-27.8612531992192,0.0 -48.7373101,-27.8612645992192,0.0 -48.7373137,-27.8612812992192,0.0 -48.7373199,-27.8613074992192,0.0 -48.7373232,-27.8613207992192,0.0 -48.7373284,-27.8613403992192,0.0 -48.7373366,-27.8613695992192,0.0 -48.7373455,-27.8613986992192,0.0 -48.7373503,-27.8614135992192,0.0 -48.7373577,-27.8614353992192,0.0 -48.7373695,-27.8614682992192,0.0 -48.7373776,-27.8614901992192,0.0 -48.7373941,-27.8615334992192,0.0 -48.7374071,-27.8615659992192,0.0 -48.737416,-27.8615877992192,0.0 -48.7374343,-27.8616307992192,0.0 -48.7374417,-27.8616470992192,0.0 -48.7374463,-27.8616564992192,0.0 -48.7374533,-27.8616694992192,0.0 -48.737466,-27.8616908992192,0.0 -48.7374747,-27.8617047992192,0.0 -48.7374915,-27.8617310992192,0.0 -48.7374988,-27.8617419992192,0.0 -48.737513,-27.8617629992192,0.0 -48.7375405,-27.8618033992192,0.0 -48.7375532,-27.8618227992192,0.0 -48.737556,-27.8618271992192,0.0 -48.7375618,-27.8618370992191,0.0 -48.7375675,-27.8618472992192,0.0 -48.737571,-27.8618539992192,0.0 -48.7375781,-27.8618683992192,0.0 -48.7375834,-27.8618797992192,0.0 -48.7375855,-27.8618847992192,0.0 -48.7375888,-27.8618932992192,0.0 -48.7375931,-27.8619051992192,0.0 -48.7375949,-27.8619103992191,0.0 -48.7375975,-27.8619189992192,0.0 -48.7376022,-27.8619359992192,0.0 -48.737605,-27.8619470992192,0.0 -48.7376104,-27.8619704992192,0.0 -48.7376146,-27.8619908992192,0.0 -48.7376164,-27.8620005992192,0.0 -48.737619,-27.8620156992192,0.0 -48.7376224,-27.8620389992192,0.0 -48.7376239,-27.8620503992192,0.0 -48.737626,-27.8620676992191,0.0 -48.7376286,-27.8620939992191,0.0 -48.7376306,-27.8621204992192,0.0 -48.7376313,-27.8621332992192,0.0 -48.7376322,-27.8621530992191,0.0 -48.7376331,-27.8621926992192,0.0 -48.7376333,-27.8622120992191,0.0 -48.7376333,-27.8622416992191,0.0 -48.7376328,-27.8622712992192,0.0 -48.7376324,-27.8622909992191,0.0 -48.737632,-27.8623040992191,0.0 -48.7376312,-27.8623304992191,0.0 -48.7376292,-27.8623804992192,0.0 -48.7376281,-27.8624051992191,0.0 -48.7376262,-27.8624423992191,0.0 -48.7376244,-27.8624702992191,0.0 -48.737623,-27.8624887992191,0.0 -48.7376199,-27.8625261992191,0.0 -48.7376179,-27.8625470992191,0.0 -48.7376132,-27.8625893992191,0.0 -48.7376091,-27.8626207992191,0.0 -48.7376061,-27.8626414992191,0.0 -48.7375993,-27.8626834992191,0.0 -48.7375935,-27.8627148992191,0.0 -48.7375892,-27.8627355992191,0.0 -48.7375862,-27.8627492992191,0.0 -48.7375797,-27.8627771992191,0.0 -48.7375716,-27.8628089992191,0.0 -48.7375658,-27.8628299992191,0.0 -48.7375618,-27.8628435992191,0.0 -48.7375532,-27.8628715992191,0.0 -48.7375463,-27.8628923992191,0.0 -48.7375429,-27.8629023992191,0.0 -48.7375373,-27.8629176992191,0.0 -48.7375285,-27.8629406992191,0.0 -48.7375215,-27.8629576992191,0.0 -48.7375167,-27.8629687992191,0.0 -48.7375064,-27.8629915992191,0.0 -48.7375004,-27.8630040992191,0.0 -48.7374964,-27.8630121992191,0.0 -48.7374877,-27.8630290992191,0.0 -48.7374787,-27.8630455992191,0.0 -48.7374742,-27.8630533992191,0.0 -48.7374673,-27.8630651992191,0.0 -48.7374562,-27.8630829992191,0.0 -48.7374458,-27.8630986992191,0.0 -48.7374407,-27.8631061992191,0.0 -48.737438,-27.8631099992191,0.0 -48.7374327,-27.8631174992191,0.0 -48.7374179,-27.8631371992191,0.0 -48.7373916,-27.8631709992191,0.0 -48.737379,-27.8631869992191,0.0 -48.7373534,-27.8632191992191,0.0 -48.737334,-27.8632430992191,0.0 -48.7373048,-27.8632785992191,0.0 -48.7372903,-27.8632960992191,0.0 -48.7372683,-27.8633222992191,0.0 -48.7372239,-27.8633740992191,0.0 -48.7372017,-27.8633994992191,0.0 -48.7371677,-27.8634375992191,0.0 -48.7371333,-27.8634751992191,0.0 -48.7370628,-27.8635508992191,0.0 -48.7370482,-27.8635665992191,0.0 -48.7370192,-27.8635979992191,0.0 -48.7369808,-27.8636396992191,0.0 -48.7369619,-27.8636600992191,0.0 -48.7369331,-27.8636904992191,0.0 -48.7369139,-27.8637102992191,0.0 -48.7369044,-27.8637198992191,0.0 -48.73689,-27.8637342992191,0.0 -48.7368677,-27.8637557992191,0.0 -48.7366927,-27.8639215992191,0.0 -48.736601,-27.8640324992191,0.0 -48.7365632,-27.8640781992191,0.0 -48.7365277,-27.8641387992191,0.0 -48.7364955,-27.8641864992191,0.0 -48.7364562,-27.8642372992191,0.0 -48.7364297,-27.8642634992191,0.0 -48.7363361,-27.8643257992191,0.0 -48.7360833,-27.8644688992191,0.0 -48.7359029,-27.8645828992191,0.0 -48.7357595,-27.8647024992191,0.0 -48.7356096,-27.8648873992191,0.0 -48.7353353,-27.8653524992191,0.0 -48.7348335,-27.8662353992191,0.0 -48.7345892,-27.8666891992191,0.0 -48.73451,-27.8668828992191,0.0 -48.7342214,-27.867873399219,0.0 -48.7341302,-27.868054199219,0.0 -48.7340101,-27.868185899219,0.0 -48.7337754,-27.868331599219,0.0 -48.7332896,-27.868550799219,0.0 -48.7330877,-27.868681899219,0.0 -48.7328231,-27.868966099219,0.0 -48.7325506,-27.869323199219,0.0 -48.7323311,-27.869744699219,0.0 -48.7319974,-27.870434899219,0.0 -48.731871,-27.870585099219,0.0 -48.7317216,-27.870711999219,0.0 -48.7314784,-27.870850799219,0.0 -48.7311144,-27.871041799219,0.0 -48.7310145,-27.871117099219,0.0 -48.7309062,-27.871252099219,0.0 -48.7306901,-27.871546099219,0.0 -48.7304557,-27.871814999219,0.0 -48.7302544,-27.872006399219,0.0 -48.7301791,-27.872099899219,0.0 -48.7300715,-27.872308299219,0.0 -48.7300218,-27.872447299219,0.0 -48.7298797,-27.872941399219,0.0 -48.7298032,-27.8732696992189,0.0 -48.7298014,-27.8735018992189,0.0 -48.7298305,-27.8736832992189,0.0 -48.7298711,-27.8738914992189,0.0 -48.7298901,-27.8742703992189,0.0 -48.73004,-27.8747020992189,0.0 -48.7302461,-27.8750030992189,0.0 -48.7303594,-27.8752465992189,0.0 -48.7303961,-27.8753669992189,0.0 -48.7304528,-27.8754938992189,0.0 -48.730471,-27.8755852992189,0.0 -48.7304729,-27.8756142992189,0.0 -48.7304763,-27.8756513992189,0.0 -48.7304651,-27.8757058992189,0.0 -48.7304014,-27.8759190992189,0.0 -48.7302655,-27.8761384992189,0.0 -48.7301709,-27.8762513992189,0.0 -48.7301371,-27.8762875992189,0.0 -48.730103,-27.8763311992189,0.0 -48.729937,-27.8765226992189,0.0 -48.7297005,-27.8767675992189,0.0 -48.7296058,-27.8768549992189,0.0 -48.7294669,-27.8770070992189,0.0 -48.7293359,-27.8771339992189,0.0 -48.7292857,-27.8772114992189,0.0 -48.7291839,-27.8774143992189,0.0 -48.7290973,-27.8776080992189,0.0 -48.7290228,-27.8778008992189,0.0 -48.7289789,-27.8779266992189,0.0 -48.7289444,-27.8781144992189,0.0 -48.7289225,-27.8782942992188,0.0 -48.728915,-27.8784972992188,0.0 -48.7289126,-27.8788997992188,0.0 -48.7289124,-27.8791482992188,0.0 -48.7288962,-27.8793082992188,0.0 -48.7288552,-27.8795394992188,0.0 -48.7288026,-27.8796951992188,0.0 -48.728761,-27.8798016992188,0.0 -48.7286979,-27.8799074992188,0.0 -48.728599,-27.8800421992188,0.0 -48.728468,-27.8801792992188,0.0 -48.7282695,-27.8803572992188,0.0 -48.7280337,-27.8805878992188,0.0 -48.7279813,-27.8806558992188,0.0 -48.7279685,-27.8807191992188,0.0 -48.7279592,-27.8807707992188,0.0 -48.7279544,-27.8808034992188,0.0 -48.7279059,-27.8810970992188,0.0 -48.7278641,-27.8812696992188,0.0 -48.7278165,-27.8813553992188,0.0 -48.7278113,-27.8813933992188,0.0 -48.727795,-27.8814754992188,0.0 -48.7277924,-27.8816019992188,0.0 -48.7278,-27.8818877992188,0.0 -48.7278243,-27.8821492992188,0.0 -48.727802,-27.8825024992188,0.0 -48.7277938,-27.8826401992188,0.0 -48.7277952,-27.8826806992188,0.0 -48.7277992,-27.8827275992188,0.0 -48.7278027,-27.8827674992188,0.0 -48.7278188,-27.8828306992188,0.0 -48.7278244,-27.8832432992188,0.0 -48.7278078,-27.8835067992188,0.0 -48.7276953,-27.8838450992187,0.0 -48.7275739,-27.8841722992187,0.0 -48.7274248,-27.8845274992187,0.0 -48.727238,-27.8849192992187,0.0 -48.7271211,-27.8852088992187,0.0 -48.7270022,-27.8854426992187,0.0 -48.7268326,-27.8856636992187,0.0 -48.7266181,-27.8858689992187,0.0 -48.7264106,-27.8860447992187,0.0 -48.7263029,-27.8861351992187,0.0 -48.7262333,-27.8861715992187,0.0 -48.7261871,-27.8861982992187,0.0 -48.7260774,-27.8862192992187,0.0 -48.7260235,-27.8862112992187,0.0 -48.7258538,-27.8861907992187,0.0 -48.7256897,-27.8861880992187,0.0 -48.7249919,-27.8862423992187,0.0 -48.7248249,-27.8862573992187,0.0 -48.7247724,-27.8862686992187,0.0 -48.7246671,-27.8863022992187,0.0 -48.7242624,-27.8864625992187,0.0 -48.7239477,-27.8868928992187,0.0 -48.7238428,-27.8871879992187,0.0 -48.7238592,-27.8876136992187,0.0 -48.7239281,-27.8879738992187,0.0 -48.7239995,-27.8885168992187,0.0 -48.7241901,-27.8891505992187,0.0 -48.7242431,-27.8894472992186,0.0 -48.7242403,-27.8896893992186,0.0 -48.7242071,-27.8898759992186,0.0 -48.724089,-27.8901796992186,0.0 -48.7237516,-27.8908673992186,0.0 -48.7236159,-27.8912709992186,0.0 -48.7235619,-27.8915273992186,0.0 -48.7235589,-27.8916694992186,0.0 -48.7235697,-27.8918986992186,0.0 -48.7236418,-27.8922768992186,0.0 -48.7238211,-27.8928366992186,0.0 -48.7240177,-27.8932131992186,0.0 -48.7240828,-27.8933015992186,0.0 -48.7241027,-27.8933858992186,0.0 -48.7241854,-27.8936668992186,0.0 -48.7241855,-27.8938468992186,0.0 -48.7241637,-27.8941393992186,0.0 -48.7240988,-27.8944049992186,0.0 -48.7240485,-27.8945623992186,0.0 -48.7240152,-27.8946608992186,0.0 -48.7239515,-27.8947101992185,0.0 -48.7238843,-27.8947368992186,0.0 -48.7238275,-27.8947394992185,0.0 -48.7236425,-27.8946946992185,0.0 -48.7234951,-27.8946279992185,0.0 -48.7233164,-27.8945588992186,0.0 -48.7231391,-27.8945159992185,0.0 -48.7229337,-27.8945071992186,0.0 -48.722784,-27.8945141992186,0.0 -48.7227567,-27.8945247992185,0.0 -48.7225792,-27.8945862992185,0.0 -48.7223594,-27.8947393992185,0.0 -48.7216581,-27.8953007992185,0.0 -48.7214427,-27.8955257992185,0.0 -48.7213043,-27.8957014992185,0.0 -48.7212321,-27.8957877992185,0.0 -48.721172,-27.8958269992185,0.0 -48.7211136,-27.8958383992185,0.0 -48.7210542,-27.8958412992185,0.0 -48.7209192,-27.8958064992185,0.0 -48.7207849,-27.8957870992185,0.0 -48.7205748,-27.8957816992185,0.0 -48.7201813,-27.8958076992185,0.0 -48.7196714,-27.8958896992185,0.0 -48.7194655,-27.8959930992185,0.0 -48.7193201,-27.8960801992185,0.0 -48.7192602,-27.8961229992185,0.0 -48.7192072,-27.8961496992185,0.0 -48.719151,-27.8961677992185,0.0 -48.7188468,-27.8962112992185,0.0 -48.7186964,-27.8962452992185,0.0 -48.7184633,-27.8963222992185,0.0 -48.7183222,-27.8963649992185,0.0 -48.7182454,-27.8963697992185,0.0 -48.7181567,-27.8963662992185,0.0 -48.718123,-27.8963645992185,0.0 -48.7180981,-27.8963618992185,0.0 -48.7180607,-27.8963575992185,0.0 -48.7180227,-27.8963487992185,0.0 -48.7179206,-27.8963187992185,0.0 -48.7178424,-27.8962714992185,0.0 -48.7177421,-27.8961688992185,0.0 -48.7176445,-27.8960396992185,0.0 -48.7175133,-27.8958271992185,0.0 -48.7173704,-27.8956380992185,0.0 -48.7171924,-27.8954398992185,0.0 -48.7169705,-27.8952966992185,0.0 -48.7167759,-27.8951710992185,0.0 -48.7165449,-27.8950940992185,0.0 -48.7162777,-27.8950543992185,0.0 -48.7160655,-27.8950159992185,0.0 -48.7159558,-27.8949961992185,0.0 -48.715753,-27.8949919992185,0.0 -48.7156547,-27.8950204992185,0.0 -48.7155703,-27.8950949992185,0.0 -48.7154967,-27.8951839992185,0.0 -48.7154343,-27.8952546992185,0.0 -48.7153816,-27.8953096992185,0.0 -48.7152557,-27.8953789992185,0.0 -48.7151272,-27.8954712992185,0.0 -48.715077,-27.8955333992185,0.0 -48.7150319,-27.8955939992185,0.0 -48.7149887,-27.8956426992185,0.0 -48.7149506,-27.8956944992185,0.0 -48.7149227,-27.8957373992185,0.0 -48.7148965,-27.8957773992185,0.0 -48.7148424,-27.8958127992185,0.0 -48.7147955,-27.8958239992185,0.0 -48.7147541,-27.8958240992185,0.0 -48.7147325,-27.8958203992185,0.0 -48.7147079,-27.8958196992185,0.0 -48.7146747,-27.8958194992185,0.0 -48.7146427,-27.8958243992185,0.0 -48.7145497,-27.8958538992185,0.0 -48.7144147,-27.8959414992185,0.0 -48.7142434,-27.8960030992185,0.0 -48.714013,-27.8960501992185,0.0 -48.7139016,-27.8960586992185,0.0 -48.7133592,-27.8961512992185,0.0 -48.7130062,-27.8962451992185,0.0 -48.7124095,-27.8964659992185,0.0 -48.7121202,-27.8965340992185,0.0 -48.7118988,-27.8965531992185,0.0 -48.7118216,-27.8965519992185,0.0 -48.7117598,-27.8965508992185,0.0 -48.7116624,-27.8965447992185,0.0 -48.7116239,-27.8965395992185,0.0 -48.7113559,-27.8964543992185,0.0 -48.711256,-27.8964201992185,0.0 -48.7111269,-27.8964029992185,0.0 -48.7110719,-27.8964055992185,0.0 -48.7107721,-27.8964609992185,0.0 -48.7103592,-27.8966047992185,0.0 -48.7102614,-27.8966760992185,0.0 -48.7101051,-27.8967538992185,0.0 -48.7100452,-27.8967824992185,0.0 -48.7099626,-27.8968020992185,0.0 -48.7099089,-27.8968054992185,0.0 -48.7097796,-27.8968097992185,0.0 -48.7095076,-27.8967773992185,0.0 -48.7091059,-27.8967150992185,0.0 -48.7087618,-27.8966129992185,0.0 -48.7084481,-27.8965285992185,0.0 -48.7081313,-27.8964693992185,0.0 -48.7078953,-27.8964378992185,0.0 -48.7076048,-27.8963845992185,0.0 -48.7073738,-27.8963634992185,0.0 -48.7070248,-27.8963564992185,0.0 -48.7065338,-27.8963483992185,0.0 -48.7059766,-27.8962850992185,0.0 -48.7056343,-27.8962059992185,0.0 -48.7052892,-27.8961666992185,0.0 -48.7048804,-27.8961748992185,0.0 -48.7043016,-27.8961835992185,0.0 -48.7039623,-27.8961779992185,0.0 -48.7037923,-27.8962072992185,0.0 -48.7034499,-27.8963174992185,0.0 -48.7032158,-27.8964447992185,0.0 -48.70309,-27.8965578992185,0.0 -48.7030021,-27.8967115992185,0.0 -48.7029474,-27.8968508992185,0.0 -48.7029309,-27.8969867992185,0.0 -48.7029471,-27.8971253992185,0.0 -48.7029783,-27.8971935992185,0.0 -48.7030422,-27.8972707992185,0.0 -48.7031101,-27.8973250992185,0.0 -48.7031929,-27.8973562992185,0.0 -48.7034491,-27.8974338992185,0.0 -48.7035628,-27.8974845992185,0.0 -48.7037721,-27.8975904992185,0.0 -48.7039171,-27.8976871992185,0.0 -48.7040148,-27.8977575992185,0.0 -48.7040782,-27.8978489992185,0.0 -48.7041156,-27.8979260992185,0.0 -48.7041532,-27.8980379992185,0.0 -48.7041544,-27.8981140992185,0.0 -48.7041474,-27.8981437992185,0.0 -48.7041352,-27.8981661992185,0.0 -48.7041184,-27.8981852992185,0.0 -48.7040898,-27.8982056992185,0.0 -48.7040439,-27.8982484992185,0.0 -48.7039841,-27.8982708992185,0.0 -48.703847,-27.8983027992185,0.0 -48.7037654,-27.8983416992185,0.0 -48.7037188,-27.8983981992185,0.0 -48.7036978,-27.8984493992185,0.0 -48.7036489,-27.8985633992185,0.0 -48.7036268,-27.8986194992185,0.0 -48.7034853,-27.8988542992185,0.0 -48.7033001,-27.8991662992185,0.0 -48.7031162,-27.8995730992185,0.0 -48.703028,-27.8998115992184,0.0 -48.7028082,-27.9001544992184,0.0 -48.7025621,-27.9004292992184,0.0 -48.7023059,-27.9008191992184,0.0 -48.7021735,-27.9009816992184,0.0 -48.7020373,-27.9011306992184,0.0 -48.7019145,-27.9012273992184,0.0 -48.7017478,-27.9013343992184,0.0 -48.701528,-27.9014768992184,0.0 -48.7014103,-27.9015357992184,0.0 -48.7013245,-27.9015649992184,0.0 -48.7010823,-27.9016862992184,0.0 -48.7009648,-27.9017517992184,0.0 -48.7009285,-27.9017686992184,0.0 -48.700801,-27.9017954992184,0.0 -48.7007577,-27.9018147992184,0.0 -48.7006732,-27.9018489992184,0.0 -48.7005914,-27.9019225992184,0.0 -48.7004469,-27.9020870992184,0.0 -48.7001178,-27.9023266992184,0.0 -48.6996508,-27.9026427992184,0.0 -48.6992168,-27.9030209992184,0.0 -48.6990639,-27.9032101992184,0.0 -48.6990156,-27.9032575992184,0.0 -48.6989734,-27.9032944992184,0.0 -48.6989195,-27.9033268992184,0.0 -48.6988477,-27.9033615992184,0.0 -48.6986107,-27.9034585992184,0.0 -48.6984331,-27.9035106992184,0.0 -48.6980875,-27.9035611992184,0.0 -48.6975641,-27.9036889992184,0.0 -48.6973219,-27.9037742992184,0.0 -48.6971042,-27.9038451992184,0.0 -48.6968909,-27.9038797992184,0.0 -48.6967461,-27.9038977992184,0.0 -48.696704,-27.9039028992184,0.0 -48.6966732,-27.9039115992184,0.0 -48.696647,-27.9039150992184,0.0 -48.6966255,-27.9039219992184,0.0 -48.6962545,-27.9039560992184,0.0 -48.6961336,-27.9039422992184,0.0 -48.6959534,-27.9038709992184,0.0 -48.6958769,-27.9038397992184,0.0 -48.695777,-27.9037941992184,0.0 -48.6957051,-27.9037297992184,0.0 -48.695651,-27.9036673992184,0.0 -48.6955949,-27.9036102992184,0.0 -48.6955252,-27.9035353992184,0.0 -48.6953754,-27.9034151992184,0.0 -48.695216,-27.9033609992184,0.0 -48.6949625,-27.9032777992184,0.0 -48.6948285,-27.9032526992184,0.0 -48.6947066,-27.9032172992184,0.0 -48.6946598,-27.9031865992184,0.0 -48.6944092,-27.9031026992184,0.0 -48.6941714,-27.9030284992184,0.0 -48.6939486,-27.9029895992184,0.0 -48.6934953,-27.9028186992184,0.0 -48.6930013,-27.9025845992184,0.0 -48.6924798,-27.9023450992184,0.0 -48.6921395,-27.9022168992184,0.0 -48.6918268,-27.9021366992184,0.0 -48.6916861,-27.9021109992184,0.0 -48.691532,-27.9020966992184,0.0 -48.6913985,-27.9020915992184,0.0 -48.6912001,-27.9020774992184,0.0 -48.6909285,-27.9021283992184,0.0 -48.6907666,-27.9022085992184,0.0 -48.6903456,-27.9024882992184,0.0 -48.6900893,-27.9027322992184,0.0 -48.6898873,-27.9030688992184,0.0 -48.6897873,-27.9032418992184,0.0 -48.6894351,-27.9035947992184,0.0 -48.6889968,-27.9040362992184,0.0 -48.6886022,-27.9044240992184,0.0 -48.688221,-27.9046761992184,0.0 -48.6878311,-27.9049446992184,0.0 -48.6876614,-27.9050656992184,0.0 -48.6875001,-27.9051399992184,0.0 -48.6874339,-27.9051562992184,0.0 -48.6873742,-27.9051678992184,0.0 -48.6873209,-27.9051774992183,0.0 -48.6872734,-27.9051851992184,0.0 -48.6872313,-27.9051912992184,0.0 -48.6871619,-27.9051998992183,0.0 -48.6870513,-27.9052116992183,0.0 -48.6868787,-27.9052262992184,0.0 -48.68682,-27.9052331992184,0.0 -48.6867897,-27.9052375992184,0.0 -48.6867593,-27.9052427992183,0.0 -48.6867289,-27.9052487992183,0.0 -48.6866987,-27.9052557992184,0.0 -48.6866684,-27.9052636992183,0.0 -48.686638,-27.9052725992184,0.0 -48.6866075,-27.9052825992184,0.0 -48.6865767,-27.9052935992184,0.0 -48.6865456,-27.9053057992184,0.0 -48.686514,-27.9053190992183,0.0 -48.686482,-27.9053334992184,0.0 -48.6864176,-27.9053648992183,0.0 -48.6863548,-27.9053976992184,0.0 -48.6862201,-27.9054719992183,0.0 -48.6860717,-27.9055559992183,0.0 -48.6859828,-27.9056076992183,0.0 -48.6858426,-27.9056913992183,0.0 -48.6857744,-27.9057305992183,0.0 -48.6857397,-27.9057495992183,0.0 -48.6857058,-27.9057671992184,0.0 -48.6856718,-27.9057836992184,0.0 -48.685637,-27.9057993992183,0.0 -48.6855811,-27.9058220992183,0.0 -48.6855201,-27.9058440992183,0.0 -48.6854777,-27.9058580992183,0.0 -48.6854348,-27.9058711992183,0.0 -48.6853698,-27.9058890992183,0.0 -48.6853,-27.9059059992183,0.0 -48.685248,-27.9059173992183,0.0 -48.6851907,-27.9059289992183,0.0 -48.6851003,-27.9059456992183,0.0 -48.6850417,-27.9059549992183,0.0 -48.6850142,-27.9059586992183,0.0 -48.6849883,-27.9059617992183,0.0 -48.6849406,-27.9059660992183,0.0 -48.6848753,-27.9059690992183,0.0 -48.6848116,-27.9059698992183,0.0 -48.6847456,-27.9059696992183,0.0 -48.6846788,-27.9059684992183,0.0 -48.6846348,-27.9059671992183,0.0 -48.6845476,-27.9059627992183,0.0 -48.6844359,-27.9059542992183,0.0 -48.6843182,-27.9059426992183,0.0 -48.6841962,-27.9059286992183,0.0 -48.6841227,-27.9059186992183,0.0 -48.6840502,-27.9059071992183,0.0 -48.6839809,-27.9058940992183,0.0 -48.6839172,-27.9058792992183,0.0 -48.6838788,-27.9058685992183,0.0 -48.6838258,-27.9058514992183,0.0 -48.6836515,-27.9057876992183,0.0 -48.6835788,-27.9057629992183,0.0 -48.6835252,-27.9057463992184,0.0 -48.6834909,-27.9057367992183,0.0 -48.6834581,-27.9057285992183,0.0 -48.6834261,-27.9057216992183,0.0 -48.6833771,-27.9057136992183,0.0 -48.6833423,-27.9057098992183,0.0 -48.6832878,-27.9057064992184,0.0 -48.6832525,-27.9057058992183,0.0 -48.6832202,-27.9057066992183,0.0 -48.6831919,-27.9057091992183,0.0 -48.6831666,-27.9057132992183,0.0 -48.6831545,-27.9057158992183,0.0 -48.6831304,-27.9057225992184,0.0 -48.683105,-27.9057308992183,0.0 -48.6830638,-27.9057461992183,0.0 -48.682993,-27.9057744992183,0.0 -48.6829514,-27.9057920992183,0.0 -48.682923,-27.9058055992183,0.0 -48.6828932,-27.9058214992183,0.0 -48.6828447,-27.9058508992183,0.0 -48.6827925,-27.9058855992183,0.0 -48.6827008,-27.9059495992183,0.0 -48.6826065,-27.9060162992183,0.0 -48.6825503,-27.9060589992183,0.0 -48.6824733,-27.9061174992183,0.0 -48.6823927,-27.9061805992183,0.0 -48.682333,-27.9062293992183,0.0 -48.6822957,-27.9062613992183,0.0 -48.6822455,-27.9063075992183,0.0 -48.6822155,-27.9063377992183,0.0 -48.6821879,-27.9063678992183,0.0 -48.6821748,-27.9063830992183,0.0 -48.6821502,-27.9064137992183,0.0 -48.6821274,-27.9064446992183,0.0 -48.6820972,-27.9064898992183,0.0 -48.6820718,-27.9065322992183,0.0 -48.6820266,-27.9066141992183,0.0 -48.6820009,-27.9066577992183,0.0 -48.681966,-27.9067135992183,0.0 -48.681936,-27.9067583992183,0.0 -48.6819227,-27.9067766992183,0.0 -48.6819097,-27.9067931992183,0.0 -48.6818962,-27.9068089992183,0.0 -48.681882,-27.9068241992183,0.0 -48.6818669,-27.9068388992183,0.0 -48.6818508,-27.9068529992183,0.0 -48.6818245,-27.9068728992183,0.0 -48.6818058,-27.9068853992183,0.0 -48.6817768,-27.9069026992183,0.0 -48.6817473,-27.9069183992183,0.0 -48.6817162,-27.9069330992183,0.0 -48.6816934,-27.9069427992183,0.0 -48.6816546,-27.9069577992183,0.0 -48.6816088,-27.9069739992183,0.0 -48.6815552,-27.9069916992183,0.0 -48.681494,-27.9070110992183,0.0 -48.6814301,-27.9070302992183,0.0 -48.6813696,-27.9070472992183,0.0 -48.6813323,-27.9070567992183,0.0 -48.6812772,-27.9070695992183,0.0 -48.6812183,-27.9070820992183,0.0 -48.6811744,-27.9070905992183,0.0 -48.6811256,-27.9070988992183,0.0 -48.6810708,-27.9071064992183,0.0 -48.681009,-27.9071131992183,0.0 -48.6809414,-27.9071186992183,0.0 -48.6808709,-27.9071233992183,0.0 -48.6804888,-27.9071447992183,0.0 -48.6801222,-27.9071631992183,0.0 -48.679964,-27.9071703992183,0.0 -48.6797292,-27.9071795992183,0.0 -48.6795331,-27.9071852992183,0.0 -48.6794271,-27.9071866992183,0.0 -48.6791965,-27.9071862992183,0.0 -48.6791213,-27.9071866992183,0.0 -48.6790007,-27.9071893992183,0.0 -48.6789193,-27.9071932992183,0.0 -48.6788402,-27.9071994992183,0.0 -48.678802,-27.9072034992183,0.0 -48.6787282,-27.9072128992183,0.0 -48.6786924,-27.9072181992183,0.0 -48.6786229,-27.9072295992183,0.0 -48.6784275,-27.9072658992183,0.0 -48.6783659,-27.9072765992183,0.0 -48.6783357,-27.9072812992183,0.0 -48.6782764,-27.9072891992183,0.0 -48.6782472,-27.9072923992183,0.0 -48.6781898,-27.9072974992183,0.0 -48.6781059,-27.9073023992183,0.0 -48.6780245,-27.9073045992183,0.0 -48.6779447,-27.9073050992183,0.0 -48.6777574,-27.9073040992183,0.0 -48.6776679,-27.9073058992183,0.0 -48.6776027,-27.9073086992183,0.0 -48.6774155,-27.9073191992183,0.0 -48.6772614,-27.9073251992183,0.0 -48.6772269,-27.9073276992183,0.0 -48.6771242,-27.9073369992183,0.0 -48.6770457,-27.9073433992183,0.0 -48.6769596,-27.9073492992183,0.0 -48.6769039,-27.9073522992183,0.0 -48.6768538,-27.9073542992183,0.0 -48.6768103,-27.9073550992183,0.0 -48.6767723,-27.9073551992183,0.0 -48.6766497,-27.9073537992183,0.0 -48.6766073,-27.9073543992183,0.0 -48.6765776,-27.9073554992183,0.0 -48.6765277,-27.9073588992183,0.0 -48.6764886,-27.9073625992183,0.0 -48.6762725,-27.9073880992183,0.0 -48.6761443,-27.9074011992183,0.0 -48.6760203,-27.9074116992183,0.0 -48.6759391,-27.9074173992183,0.0 -48.6758912,-27.9074200992183,0.0 -48.6758059,-27.9074234992183,0.0 -48.6757282,-27.9074245992183,0.0 -48.6755145,-27.9074235992183,0.0 -48.6752128,-27.9074205992183,0.0 -48.6751645,-27.9074208992183,0.0 -48.675112,-27.9074225992183,0.0 -48.6750539,-27.9074260992183,0.0 -48.6749942,-27.9074318992183,0.0 -48.6749551,-27.9074371992183,0.0 -48.6748274,-27.9074563992183,0.0 -48.6747761,-27.9074627992183,0.0 -48.6746933,-27.9074714992183,0.0 -48.6746108,-27.9074789992183,0.0 -48.674535,-27.9074849992183,0.0 -48.674465,-27.9074890992183,0.0 -48.6744204,-27.9074907992183,0.0 -48.6743545,-27.9074916992183,0.0 -48.6742146,-27.9074918992183,0.0 -48.6740139,-27.9074940992183,0.0 -48.6739095,-27.9074932992183,0.0 -48.67356,-27.9074875992183,0.0 -48.6734931,-27.9074880992183,0.0 -48.6734416,-27.9074904992183,0.0 -48.6733749,-27.9074957992183,0.0 -48.673304,-27.9075031992183,0.0 -48.6732528,-27.9075096992183,0.0 -48.6731952,-27.9075184992183,0.0 -48.6731173,-27.9075324992183,0.0 -48.6729592,-27.9075671992183,0.0 -48.6728188,-27.9075954992183,0.0 -48.6727571,-27.9076061992183,0.0 -48.6727267,-27.9076101992183,0.0 -48.6726955,-27.9076132992183,0.0 -48.6726625,-27.9076154992183,0.0 -48.6726069,-27.9076171992183,0.0 -48.6725642,-27.9076172992183,0.0 -48.6724151,-27.9076156992183,0.0 -48.6723384,-27.9076154992183,0.0 -48.672243,-27.9076168992183,0.0 -48.6721426,-27.9076200992183,0.0 -48.6720902,-27.9076227992183,0.0 -48.6720383,-27.9076262992183,0.0 -48.6717011,-27.9076533992183,0.0 -48.6716025,-27.9076602992183,0.0 -48.6715063,-27.9076661992183,0.0 -48.6712888,-27.9076776992183,0.0 -48.6711227,-27.9076853992183,0.0 -48.6710056,-27.9076898992183,0.0 -48.6708406,-27.9076947992183,0.0 -48.6707543,-27.9076979992183,0.0 -48.6707001,-27.9077007992183,0.0 -48.6706229,-27.9077059992183,0.0 -48.6705034,-27.9077163992183,0.0 -48.6703654,-27.9077312992183,0.0 -48.6702874,-27.9077412992183,0.0 -48.6701654,-27.9077592992183,0.0 -48.670097,-27.9077674992183,0.0 -48.6700181,-27.9077749992183,0.0 -48.6699375,-27.9077814992183,0.0 -48.6698169,-27.9077890992183,0.0 -48.6694417,-27.9078088992183,0.0 -48.669308,-27.9078137992183,0.0 -48.6691086,-27.9078175992183,0.0 -48.6690622,-27.9078198992183,0.0 -48.66904,-27.9078214992183,0.0 -48.6689763,-27.9078282992183,0.0 -48.6689143,-27.9078373992183,0.0 -48.6688508,-27.9078480992183,0.0 -48.6686825,-27.9078778992183,0.0 -48.6685837,-27.9078938992183,0.0 -48.6685005,-27.9079055992183,0.0 -48.668419,-27.9079151992183,0.0 -48.6683655,-27.9079200992183,0.0 -48.6683039,-27.9079238992183,0.0 -48.668202,-27.9079280992183,0.0 -48.668077,-27.9079315992183,0.0 -48.6680104,-27.9079348992183,0.0 -48.6677259,-27.9079520992183,0.0 -48.6676744,-27.9079556992183,0.0 -48.6675959,-27.9079629992183,0.0 -48.6674855,-27.9079754992183,0.0 -48.6673858,-27.9079883992183,0.0 -48.6672914,-27.9080021992183,0.0 -48.6672539,-27.9080069992183,0.0 -48.6672017,-27.9080119992183,0.0 -48.6671579,-27.9080151992183,0.0 -48.6670837,-27.9080185992183,0.0 -48.6670576,-27.9080190992183,0.0 -48.6670047,-27.9080189992183,0.0 -48.6669515,-27.9080177992183,0.0 -48.6667953,-27.9080120992183,0.0 -48.6666814,-27.9080089992183,0.0 -48.6665797,-27.9080069992183,0.0 -48.6664967,-27.9080070992183,0.0 -48.6664391,-27.9080080992183,0.0 -48.6663792,-27.9080102992183,0.0 -48.6662431,-27.9080186992183,0.0 -48.6661662,-27.9080218992183,0.0 -48.6660857,-27.9080227992183,0.0 -48.6659227,-27.9080211992183,0.0 -48.6658101,-27.9080218992183,0.0 -48.6656169,-27.9080261992183,0.0 -48.665437,-27.9080292992183,0.0 -48.6653835,-27.9080316992183,0.0 -48.6653251,-27.9080366992183,0.0 -48.6652632,-27.9080442992183,0.0 -48.6652043,-27.9080530992183,0.0 -48.6651546,-27.9080617992183,0.0 -48.6650989,-27.9080736992183,0.0 -48.6650252,-27.9080923992183,0.0 -48.6649636,-27.9081098992183,0.0 -48.6649233,-27.9081231992183,0.0 -48.6648986,-27.9081331992183,0.0 -48.6648863,-27.9081391992183,0.0 -48.6648602,-27.9081536992183,0.0 -48.6648307,-27.9081729992183,0.0 -48.6648145,-27.9081844992183,0.0 -48.6647804,-27.9082104992183,0.0 -48.6647454,-27.9082392992183,0.0 -48.6647113,-27.9082694992183,0.0 -48.6646796,-27.9082998992183,0.0 -48.6646005,-27.9083815992183,0.0 -48.6645694,-27.9084121992183,0.0 -48.6645506,-27.9084289992183,0.0 -48.6645239,-27.9084512992183,0.0 -48.6644969,-27.9084718992183,0.0 -48.6644782,-27.9084852992183,0.0 -48.6644488,-27.9085050992183,0.0 -48.6644064,-27.9085313992183,0.0 -48.6643432,-27.9085684992183,0.0 -48.6643033,-27.9085902992183,0.0 -48.664273,-27.9086050992183,0.0 -48.664231,-27.9086231992183,0.0 -48.664188,-27.9086395992183,0.0 -48.6641529,-27.9086512992183,0.0 -48.6641244,-27.9086590992183,0.0 -48.6640893,-27.9086672992183,0.0 -48.6640461,-27.9086757992183,0.0 -48.6639968,-27.9086840992183,0.0 -48.663944,-27.9086913992183,0.0 -48.6639172,-27.9086944992183,0.0 -48.6638906,-27.9086971992183,0.0 -48.6638386,-27.9087007992183,0.0 -48.6637644,-27.9087032992183,0.0 -48.6634882,-27.9087072992183,0.0 -48.6632204,-27.9087099992183,0.0 -48.6631268,-27.9087116992183,0.0 -48.6630539,-27.9087150992183,0.0 -48.663009,-27.9087190992183,0.0 -48.6629859,-27.9087217992183,0.0 -48.6629365,-27.9087287992183,0.0 -48.6628844,-27.9087379992183,0.0 -48.6628317,-27.9087491992183,0.0 -48.6627807,-27.9087624992183,0.0 -48.6627333,-27.9087775992183,0.0 -48.6626903,-27.9087934992183,0.0 -48.6626519,-27.9088090992183,0.0 -48.6625779,-27.9088406992183,0.0 -48.6625546,-27.9088516992183,0.0 -48.6625322,-27.9088639992183,0.0 -48.6625088,-27.9088790992183,0.0 -48.6624843,-27.9088973992183,0.0 -48.6624601,-27.9089178992183,0.0 -48.6624375,-27.9089399992183,0.0 -48.6624179,-27.9089625992183,0.0 -48.6624015,-27.9089854992183,0.0 -48.6623876,-27.9090085992183,0.0 -48.6623693,-27.9090437992183,0.0 -48.6623523,-27.9090797992183,0.0 -48.6623365,-27.9091174992183,0.0 -48.6623228,-27.9091578992183,0.0 -48.6623012,-27.9092392992183,0.0 -48.6622913,-27.9092721992183,0.0 -48.6622846,-27.9092902992183,0.0 -48.6622779,-27.9093060992183,0.0 -48.6622642,-27.9093340992183,0.0 -48.6622432,-27.9093711992183,0.0 -48.6622121,-27.9094223992183,0.0 -48.6621807,-27.9094714992183,0.0 -48.6621548,-27.9095091992183,0.0 -48.6621285,-27.9095441992183,0.0 -48.6621115,-27.9095643992183,0.0 -48.662095,-27.9095810992183,0.0 -48.6620779,-27.9095951992183,0.0 -48.6620584,-27.9096076992183,0.0 -48.6620473,-27.9096137992183,0.0 -48.6620214,-27.9096259992183,0.0 -48.6619905,-27.9096386992183,0.0 -48.6619378,-27.9096575992183,0.0 -48.6619002,-27.9096693992183,0.0 -48.661862,-27.9096802992183,0.0 -48.6617107,-27.9097186992183,0.0 -48.6616731,-27.9097289992183,0.0 -48.6616124,-27.9097478992183,0.0 -48.6615671,-27.9097639992183,0.0 -48.6615181,-27.9097829992183,0.0 -48.6614418,-27.9098144992183,0.0 -48.661392,-27.9098359992183,0.0 -48.6612553,-27.9098964992183,0.0 -48.6612105,-27.9099155992183,0.0 -48.661141,-27.9099434992183,0.0 -48.6610945,-27.9099605992183,0.0 -48.6610491,-27.9099757992183,0.0 -48.6610059,-27.9099883992183,0.0 -48.6609653,-27.9099983992183,0.0 -48.6609265,-27.9100064992183,0.0 -48.6608889,-27.9100131992183,0.0 -48.6608333,-27.9100220992183,0.0 -48.660795,-27.9100272992183,0.0 -48.660754,-27.9100315992183,0.0 -48.6607087,-27.9100346992183,0.0 -48.6606584,-27.9100363992183,0.0 -48.660605,-27.9100363992183,0.0 -48.6605779,-27.9100357992183,0.0 -48.6605246,-27.9100330992183,0.0 -48.660499,-27.9100309992183,0.0 -48.6604745,-27.9100283992183,0.0 -48.6604285,-27.9100218992183,0.0 -48.6603657,-27.9100101992183,0.0 -48.6602368,-27.9099832992183,0.0 -48.6601894,-27.9099749992183,0.0 -48.6601606,-27.9099710992183,0.0 -48.6601322,-27.9099684992183,0.0 -48.6600847,-27.9099664992183,0.0 -48.6600249,-27.9099665992183,0.0 -48.6599795,-27.9099678992183,0.0 -48.6599329,-27.9099707992183,0.0 -48.6599102,-27.9099729992183,0.0 -48.6598883,-27.9099756992183,0.0 -48.6598479,-27.9099826992183,0.0 -48.6598104,-27.9099914992183,0.0 -48.6596974,-27.9100233992183,0.0 -48.6596352,-27.9100394992183,0.0 -48.6595525,-27.9100587992183,0.0 -48.6594928,-27.9100703992183,0.0 -48.659453,-27.9100763992183,0.0 -48.6594327,-27.9100788992183,0.0 -48.6593909,-27.9100823992183,0.0 -48.6593477,-27.9100843992183,0.0 -48.659282,-27.9100846992183,0.0 -48.6592388,-27.9100833992183,0.0 -48.6591767,-27.9100795992183,0.0 -48.6591187,-27.9100739992183,0.0 -48.6590657,-27.9100665992183,0.0 -48.6590332,-27.9100608992183,0.0 -48.6589885,-27.9100515992183,0.0 -48.6588612,-27.9100198992183,0.0 -48.6588088,-27.9100081992183,0.0 -48.6587266,-27.9099923992183,0.0 -48.6586713,-27.9099834992183,0.0 -48.6586293,-27.9099785992183,0.0 -48.6585854,-27.9099758992183,0.0 -48.6585365,-27.9099759992183,0.0 -48.6584994,-27.9099779992183,0.0 -48.6584588,-27.9099814992183,0.0 -48.6584165,-27.9099864992183,0.0 -48.6583738,-27.9099926992183,0.0 -48.6583325,-27.9100001992183,0.0 -48.6582729,-27.9100131992183,0.0 -48.6581704,-27.9100379992183,0.0 -48.6581041,-27.9100531992183,0.0 -48.6580397,-27.9100665992183,0.0 -48.6579826,-27.9100766992183,0.0 -48.6579486,-27.9100813992183,0.0 -48.6579009,-27.9100866992183,0.0 -48.6577536,-27.9100978992183,0.0 -48.657721,-27.9101008992183,0.0 -48.657693,-27.9101042992183,0.0 -48.6576672,-27.9101085992183,0.0 -48.6576401,-27.9101147992183,0.0 -48.6576195,-27.9101205992183,0.0 -48.6575687,-27.9101372992183,0.0 -48.6574871,-27.9101670992183,0.0 -48.6573721,-27.9102118992183,0.0 -48.6573451,-27.9102212992183,0.0 -48.6573155,-27.9102300992183,0.0 -48.6572997,-27.9102340992183,0.0 -48.6572661,-27.9102413992183,0.0 -48.6572143,-27.9102496992183,0.0 -48.6571816,-27.9102536992183,0.0 -48.6571525,-27.9102561992183,0.0 -48.6571272,-27.9102572992183,0.0 -48.6571047,-27.9102570992183,0.0 -48.6570836,-27.9102555992183,0.0 -48.6570625,-27.9102528992183,0.0 -48.6570403,-27.9102488992183,0.0 -48.6570156,-27.9102436992183,0.0 -48.6569546,-27.9102292992183,0.0 -48.6568983,-27.9102151992183,0.0 -48.6568593,-27.9102044992183,0.0 -48.6568219,-27.9101930992183,0.0 -48.6567877,-27.9101809992183,0.0 -48.6567563,-27.9101685992183,0.0 -48.6566256,-27.9101131992183,0.0 -48.6565829,-27.9100943992183,0.0 -48.6565417,-27.9100738992183,0.0 -48.6565155,-27.9100582992183,0.0 -48.6565029,-27.9100496992183,0.0 -48.6564907,-27.9100403992183,0.0 -48.6564789,-27.9100303992183,0.0 -48.6564677,-27.9100195992183,0.0 -48.6564568,-27.9100081992183,0.0 -48.6564465,-27.9099961992183,0.0 -48.6564273,-27.9099714992183,0.0 -48.6564101,-27.9099466992183,0.0 -48.656379,-27.9098992992183,0.0 -48.6563586,-27.9098706992183,0.0 -48.6563287,-27.9098328992183,0.0 -48.6563089,-27.9098092992183,0.0 -48.6562375,-27.9095872992183,0.0 -48.6562123,-27.9095009992183,0.0 -48.6562007,-27.9094586992183,0.0 -48.6561797,-27.9093754992183,0.0 -48.6561291,-27.9091566992183,0.0 -48.6561173,-27.9091075992183,0.0 -48.6560905,-27.9090020992183,0.0 -48.6560447,-27.9088334992183,0.0 -48.6559966,-27.9086664992183,0.0 -48.6559654,-27.9085630992183,0.0 -48.6559354,-27.9084665992183,0.0 -48.6558528,-27.9082089992183,0.0 -48.6558001,-27.9080500992183,0.0 -48.6557721,-27.9079685992183,0.0 -48.6557419,-27.9078839992183,0.0 -48.6557099,-27.9077983992183,0.0 -48.6556934,-27.9077560992183,0.0 -48.6556597,-27.9076745992183,0.0 -48.6556426,-27.9076359992183,0.0 -48.6556256,-27.9075993992183,0.0 -48.6555918,-27.9075315992183,0.0 -48.6555154,-27.9073894992183,0.0 -48.6554904,-27.9073407992183,0.0 -48.6554679,-27.9072925992183,0.0 -48.6554572,-27.9072674992183,0.0 -48.6554361,-27.9072125992183,0.0 -48.6554141,-27.9071484992183,0.0 -48.6553906,-27.9070738992183,0.0 -48.6552957,-27.9067559992183,0.0 -48.6551588,-27.9063058992183,0.0 -48.6551286,-27.9062111992183,0.0 -48.6551133,-27.9061654992183,0.0 -48.6550818,-27.9060777992183,0.0 -48.6550656,-27.9060359992183,0.0 -48.6550321,-27.9059559992183,0.0 -48.6549454,-27.9057629992183,0.0 -48.6548935,-27.9056442992183,0.0 -48.6547702,-27.9053509992183,0.0 -48.6547339,-27.9052625992184,0.0 -48.6546091,-27.9049930992184,0.0 -48.6544454,-27.9046180992184,0.0 -48.654407,-27.9045324992184,0.0 -48.6543704,-27.9044533992184,0.0 -48.6543155,-27.9043401992184,0.0 -48.6542569,-27.9042261992184,0.0 -48.6541428,-27.9040115992184,0.0 -48.654049,-27.9038296992184,0.0 -48.6540235,-27.9037824992184,0.0 -48.653951,-27.9036518992184,0.0 -48.6539009,-27.9035571992184,0.0 -48.6538649,-27.9034852992184,0.0 -48.6537702,-27.9032903992184,0.0 -48.6536843,-27.9031045992184,0.0 -48.653639,-27.9030137992184,0.0 -48.653615,-27.9029682992184,0.0 -48.6535901,-27.9029229992184,0.0 -48.6535641,-27.9028777992184,0.0 -48.6535369,-27.9028326992184,0.0 -48.6535084,-27.9027873992184,0.0 -48.6534476,-27.9026949992184,0.0 -48.6534151,-27.9026475992184,0.0 -48.6533457,-27.9025488992184,0.0 -48.6532312,-27.9023908992184,0.0 -48.6531112,-27.9022303992184,0.0 -48.6530324,-27.9021281992184,0.0 -48.6529943,-27.9020797992184,0.0 -48.6529201,-27.9019876992184,0.0 -48.6528111,-27.9018562992184,0.0 -48.6526243,-27.9016367992184,0.0 -48.6525515,-27.9015526992184,0.0 -48.6524851,-27.9014773992184,0.0 -48.6524287,-27.9014152992184,0.0 -48.6524045,-27.9013895992184,0.0 -48.6523822,-27.9013670992184,0.0 -48.6523614,-27.9013472992184,0.0 -48.6523417,-27.9013298992184,0.0 -48.6523224,-27.9013142992184,0.0 -48.6523032,-27.9013002992184,0.0 -48.6522835,-27.9012873992184,0.0 -48.652263,-27.9012752992184,0.0 -48.6522416,-27.9012639992184,0.0 -48.6522194,-27.9012534992184,0.0 -48.6521967,-27.9012436992184,0.0 -48.6521735,-27.9012347992184,0.0 -48.6521499,-27.9012267992184,0.0 -48.652126,-27.9012195992184,0.0 -48.652102,-27.9012133992184,0.0 -48.652078,-27.9012080992184,0.0 -48.6520541,-27.9012035992184,0.0 -48.6520304,-27.9011998992184,0.0 -48.6519844,-27.9011944992184,0.0 -48.6519409,-27.9011911992184,0.0 -48.6519012,-27.9011893992184,0.0 -48.6518651,-27.9011886992184,0.0 -48.6518317,-27.9011892992184,0.0 -48.6518,-27.9011913992184,0.0 -48.6517845,-27.9011930992184,0.0 -48.6517538,-27.9011978992184,0.0 -48.6517388,-27.9012010992184,0.0 -48.6517243,-27.9012047992184,0.0 -48.6517103,-27.9012091992184,0.0 -48.6516969,-27.9012140992184,0.0 -48.6516844,-27.9012197992184,0.0 -48.6516728,-27.9012261992184,0.0 -48.6516622,-27.9012332992184,0.0 -48.6516526,-27.9012411992184,0.0 -48.6516438,-27.9012497992184,0.0 -48.6516359,-27.9012590992184,0.0 -48.6516287,-27.9012690992184,0.0 -48.6516222,-27.9012797992184,0.0 -48.6516109,-27.9013029992184,0.0 -48.6516013,-27.9013285992184,0.0 -48.6515891,-27.9013714992184,0.0 -48.6515704,-27.9014539992184,0.0 -48.6515524,-27.9015454992184,0.0 -48.6515408,-27.9016183992184,0.0 -48.651521,-27.9017624992184,0.0 -48.6515098,-27.9018269992184,0.0 -48.6515044,-27.9018504992184,0.0 -48.6514969,-27.9018740992184,0.0 -48.651486,-27.9018987992184,0.0 -48.6514789,-27.9019118992184,0.0 -48.6514705,-27.9019256992184,0.0 -48.6514502,-27.9019547992184,0.0 -48.6514257,-27.9019851992184,0.0 -48.6514121,-27.9020005992184,0.0 -48.6513827,-27.9020311992184,0.0 -48.651367,-27.9020461992184,0.0 -48.6513337,-27.9020750992184,0.0</coordinates>
</LinearRing>
</outerBoundaryIs>
</Polygon>
</MultiGeometry>
</Placemark>
</Folder>
</Document></kml>
