<?xml version='1.0' encoding='UTF-8'?>
<kml xmlns:xsd="http://www.w3.org/2001/XMLSchema" xmlns:gx="http://www.google.com/kml/ext/2.2" xmlns:atom="http://www.w3.org/2005/Atom" xmlns="http://www.opengis.net/kml/2.2">
<Document>
<name>santo_amaro_da_imperatriz_4215703_localidades_2022</name>
<visibility>1</visibility>
<Schema name="Povoados" id="kml_schema_ft_Povoados">
<SimpleField type="xsd:string" name="CD_UF">
<displayName>CD_UF</displayName>
</SimpleField>
<SimpleField type="xsd:string" name="NM_UF">
<displayName>NM_UF</displayName>
</SimpleField>
<SimpleField type="xsd:string" name="SIGLA_UF">
<displayName>SIGLA_UF</displayName>
</SimpleField>
<SimpleField type="xsd:string" name="CD_MUN">
<displayName>CD_MUN</displayName>
</SimpleField>
<SimpleField type="xsd:string" name="NM_MUN">
<displayName>NM_MUN</displayName>
</SimpleField>
<SimpleField type="xsd:string" name="CD_RGINT">
<displayName>CD_RGINT</displayName>
</SimpleField>
<SimpleField type="xsd:string" name="NM_RGINT">
<displayName>NM_RGINT</displayName>
</SimpleField>
<SimpleField type="xsd:string" name="CD_RGI">
<displayName>CD_RGI</displayName>
</SimpleField>
<SimpleField type="xsd:string" name="NM_RGI">
<displayName>NM_RGI</displayName>
</SimpleField>
<SimpleField type="xsd:string" name="CT_LOCALIDADE">
<displayName>CT_LOCALIDADE</displayName>
</SimpleField>
<SimpleField type="xsd:string" name="CD_LOCALIDADE">
<displayName>CD_LOCALIDADE</displayName>
</SimpleField>
<SimpleField type="xsd:string" name="NM_LOCALIDADE">
<displayName>NM_LOCALIDADE</displayName>
</SimpleField>
<SimpleField type="xsd:string" name="LAT_LOCALIDADE">
<displayName>LAT_LOCALIDADE</displayName>
</SimpleField>
<SimpleField type="xsd:string" name="LONG_LOCALIDADE">
<displayName>LONG_LOCALIDADE</displayName>
</SimpleField>
</Schema>
<Schema name="Agrupamentos Quilombolas" id="kml_schema_ft_Agrupamentos_Quilombolas">
<SimpleField type="xsd:string" name="CD_UF">
<displayName>CD_UF</displayName>
</SimpleField>
<SimpleField type="xsd:string" name="NM_UF">
<displayName>NM_UF</displayName>
</SimpleField>
<SimpleField type="xsd:string" name="SIGLA_UF">
<displayName>SIGLA_UF</displayName>
</SimpleField>
<SimpleField type="xsd:string" name="CD_MUN">
<displayName>CD_MUN</displayName>
</SimpleField>
<SimpleField type="xsd:string" name="NM_MUN">
<displayName>NM_MUN</displayName>
</SimpleField>
<SimpleField type="xsd:string" name="CD_RGINT">
<displayName>CD_RGINT</displayName>
</SimpleField>
<SimpleField type="xsd:string" name="NM_RGINT">
<displayName>NM_RGINT</displayName>
</SimpleField>
<SimpleField type="xsd:string" name="CD_RGI">
<displayName>CD_RGI</displayName>
</SimpleField>
<SimpleField type="xsd:string" name="NM_RGI">
<displayName>NM_RGI</displayName>
</SimpleField>
<SimpleField type="xsd:string" name="CT_LOCALIDADE">
<displayName>CT_LOCALIDADE</displayName>
</SimpleField>
<SimpleField type="xsd:string" name="SCT_LOCALIDADE">
<displayName>SCT_LOCALIDADE</displayName>
</SimpleField>
<SimpleField type="xsd:string" name="CD_LOCALIDADE">
<displayName>CD_LOCALIDADE</displayName>
</SimpleField>
<SimpleField type="xsd:string" name="NM_LOCALIDADE">
<displayName>NM_LOCALIDADE</displayName>
</SimpleField>
<SimpleField type="xsd:string" name="LAT_LOCALIDADE">
<displayName>LAT_LOCALIDADE</displayName>
</SimpleField>
<SimpleField type="xsd:string" name="LONG_LOCALIDADE">
<displayName>LONG_LOCALIDADE</displayName>
</SimpleField>
</Schema>
<Schema name="Localidades" id="kml_schema_ft_Localidades">
<SimpleField type="xsd:string" name="CD_UF">
<displayName>CD_UF</displayName>
</SimpleField>
<SimpleField type="xsd:string" name="NM_UF">
<displayName>NM_UF</displayName>
</SimpleField>
<SimpleField type="xsd:string" name="SIGLA_UF">
<displayName>SIGLA_UF</displayName>
</SimpleField>
<SimpleField type="xsd:string" name="CD_MUN">
<displayName>CD_MUN</displayName>
</SimpleField>
<SimpleField type="xsd:string" name="NM_MUN">
<displayName>NM_MUN</displayName>
</SimpleField>
<SimpleField type="xsd:string" name="CD_RGINT">
<displayName>CD_RGINT</displayName>
</SimpleField>
<SimpleField type="xsd:string" name="NM_RGINT">
<displayName>NM_RGINT</displayName>
</SimpleField>
<SimpleField type="xsd:string" name="CD_RGI">
<displayName>CD_RGI</displayName>
</SimpleField>
<SimpleField type="xsd:string" name="NM_RGI">
<displayName>NM_RGI</displayName>
</SimpleField>
<SimpleField type="xsd:string" name="CT_LOCALIDADE">
<displayName>CT_LOCALIDADE</displayName>
</SimpleField>
<SimpleField type="xsd:string" name="SCT_LOCALIDADE">
<displayName>SCT_LOCALIDADE</displayName>
</SimpleField>
<SimpleField type="xsd:string" name="CD_LOCALIDADE">
<displayName>CD_LOCALIDADE</displayName>
</SimpleField>
<SimpleField type="xsd:string" name="NM_LOCALIDADE">
<displayName>NM_LOCALIDADE</displayName>
</SimpleField>
</Schema>
<Schema name="Núcleos Urbanos" id="kml_schema_ft_Núcleos_Urbanos">
<SimpleField type="xsd:string" name="CD_UF">
<displayName>CD_UF</displayName>
</SimpleField>
<SimpleField type="xsd:string" name="NM_UF">
<displayName>NM_UF</displayName>
</SimpleField>
<SimpleField type="xsd:string" name="SIGLA_UF">
<displayName>SIGLA_UF</displayName>
</SimpleField>
<SimpleField type="xsd:string" name="CD_MUN">
<displayName>CD_MUN</displayName>
</SimpleField>
<SimpleField type="xsd:string" name="NM_MUN">
<displayName>NM_MUN</displayName>
</SimpleField>
<SimpleField type="xsd:string" name="CD_RGINT">
<displayName>CD_RGINT</displayName>
</SimpleField>
<SimpleField type="xsd:string" name="NM_RGINT">
<displayName>NM_RGINT</displayName>
</SimpleField>
<SimpleField type="xsd:string" name="CD_RGI">
<displayName>CD_RGI</displayName>
</SimpleField>
<SimpleField type="xsd:string" name="NM_RGI">
<displayName>NM_RGI</displayName>
</SimpleField>
<SimpleField type="xsd:string" name="CT_LOCALIDADE">
<displayName>CT_LOCALIDADE</displayName>
</SimpleField>
<SimpleField type="xsd:string" name="CD_LOCALIDADE">
<displayName>CD_LOCALIDADE</displayName>
</SimpleField>
<SimpleField type="xsd:string" name="NM_LOCALIDADE">
<displayName>NM_LOCALIDADE</displayName>
</SimpleField>
<SimpleField type="xsd:string" name="LAT_LOCALIDADE">
<displayName>LAT_LOCALIDADE</displayName>
</SimpleField>
<SimpleField type="xsd:string" name="LONG_LOCALIDADE">
<displayName>LONG_LOCALIDADE</displayName>
</SimpleField>
</Schema>
<Schema name="01. Cidade" id="kml_schema_ft_01._Cidade">
<SimpleField type="xsd:string" name="CD_UF">
<displayName>CD_UF</displayName>
</SimpleField>
<SimpleField type="xsd:string" name="NM_UF">
<displayName>NM_UF</displayName>
</SimpleField>
<SimpleField type="xsd:string" name="SIGLA_UF">
<displayName>SIGLA_UF</displayName>
</SimpleField>
<SimpleField type="xsd:string" name="CD_MUN">
<displayName>CD_MUN</displayName>
</SimpleField>
<SimpleField type="xsd:string" name="NM_MUN">
<displayName>NM_MUN</displayName>
</SimpleField>
<SimpleField type="xsd:string" name="CD_RGINT">
<displayName>CD_RGINT</displayName>
</SimpleField>
<SimpleField type="xsd:string" name="NM_RGINT">
<displayName>NM_RGINT</displayName>
</SimpleField>
<SimpleField type="xsd:string" name="CD_RGI">
<displayName>CD_RGI</displayName>
</SimpleField>
<SimpleField type="xsd:string" name="NM_RGI">
<displayName>NM_RGI</displayName>
</SimpleField>
<SimpleField type="xsd:string" name="CT_LOCALIDADE">
<displayName>CT_LOCALIDADE</displayName>
</SimpleField>
<SimpleField type="xsd:string" name="SCT_LOCALIDADE">
<displayName>SCT_LOCALIDADE</displayName>
</SimpleField>
<SimpleField type="xsd:string" name="CD_LOCALIDADE">
<displayName>CD_LOCALIDADE</displayName>
</SimpleField>
<SimpleField type="xsd:string" name="NM_LOCALIDADE">
<displayName>NM_LOCALIDADE</displayName>
</SimpleField>
<SimpleField type="xsd:string" name="LAT_LOCALIDADE">
<displayName>LAT_LOCALIDADE</displayName>
</SimpleField>
<SimpleField type="xsd:string" name="LONG_LOCALIDADE">
<displayName>LONG_LOCALIDADE</displayName>
</SimpleField>
</Schema>
<Schema name="Terra Indígena" id="kml_schema_ft_Terra_Indígena">
<SimpleField type="xsd:string" name="COD_TI">
<displayName>COD_TI</displayName>
</SimpleField>
<SimpleField type="xsd:string" name="NOM_TI">
<displayName>NOM_TI</displayName>
</SimpleField>
</Schema>
<Schema name="Município" id="kml_schema_ft_Município">
<SimpleField type="xsd:string" name="CD_UF">
<displayName>CD_UF</displayName>
</SimpleField>
<SimpleField type="xsd:string" name="NM_UF">
<displayName>NM_UF</displayName>
</SimpleField>
<SimpleField type="xsd:string" name="CD_MUN">
<displayName>CD_MUN</displayName>
</SimpleField>
<SimpleField type="xsd:string" name="NM_MUN">
<displayName>NM_MUN</displayName>
</SimpleField>
<SimpleField type="xsd:string" name="CD_RGINT">
<displayName>CD_RGINT</displayName>
</SimpleField>
<SimpleField type="xsd:string" name="NM_RGINT">
<displayName>NM_RGINT</displayName>
</SimpleField>
<SimpleField type="xsd:string" name="CD_RGI">
<displayName>CD_RGI</displayName>
</SimpleField>
<SimpleField type="xsd:string" name="NM_RGI">
<displayName>NM_RGI</displayName>
</SimpleField>
</Schema>
<Folder id="01. Cidade">
<name>01. Cidade</name>
<Folder id="01.03. Sede Municipal">
<name>01.03. Sede Municipal</name>
<Placemark id="01.03. Sede Municipal">
<name>Santo Amaro da Imperatriz [4215703]</name>
<visibility>1</visibility>
<snippet> </snippet>
<description>&lt;center&gt;&lt;table&gt;&lt;tr&gt;&lt;th colspan='2' align='center'&gt;&lt;em&gt;Atributos&lt;/em&gt;&lt;/th&gt;&lt;/tr&gt;&lt;tr bgcolor="#E3E3F3"&gt;
&lt;th&gt;CD_UF&lt;/th&gt;
&lt;td&gt;42&lt;/td&gt;
&lt;/tr&gt;&lt;tr bgcolor=""&gt;
&lt;th&gt;NM_UF&lt;/th&gt;
&lt;td&gt;Santa Catarina&lt;/td&gt;
&lt;/tr&gt;&lt;tr bgcolor="#E3E3F3"&gt;
&lt;th&gt;SIGLA_UF&lt;/th&gt;
&lt;td&gt;SC&lt;/td&gt;
&lt;/tr&gt;&lt;tr bgcolor=""&gt;
&lt;th&gt;CD_MUN&lt;/th&gt;
&lt;td&gt;4215703&lt;/td&gt;
&lt;/tr&gt;&lt;tr bgcolor="#E3E3F3"&gt;
&lt;th&gt;NM_MUN&lt;/th&gt;
&lt;td&gt;Santo Amaro da Imperatriz&lt;/td&gt;
&lt;/tr&gt;&lt;tr bgcolor=""&gt;
&lt;th&gt;CD_RGINT&lt;/th&gt;
&lt;td&gt;4201&lt;/td&gt;
&lt;/tr&gt;&lt;tr bgcolor="#E3E3F3"&gt;
&lt;th&gt;NM_RGINT&lt;/th&gt;
&lt;td&gt;Florianópolis&lt;/td&gt;
&lt;/tr&gt;&lt;tr bgcolor=""&gt;
&lt;th&gt;CD_RGI&lt;/th&gt;
&lt;td&gt;420001&lt;/td&gt;
&lt;/tr&gt;&lt;tr bgcolor="#E3E3F3"&gt;
&lt;th&gt;NM_RGI&lt;/th&gt;
&lt;td&gt;Florianópolis&lt;/td&gt;
&lt;/tr&gt;&lt;tr bgcolor=""&gt;
&lt;th&gt;CT_LOCALIDADE&lt;/th&gt;
&lt;td&gt;Cidade&lt;/td&gt;
&lt;/tr&gt;&lt;tr bgcolor="#E3E3F3"&gt;
&lt;th&gt;SCT_LOCALIDADE&lt;/th&gt;
&lt;td&gt;Sede Municipal&lt;/td&gt;
&lt;/tr&gt;&lt;tr bgcolor=""&gt;
&lt;th&gt;CD_LOCALIDADE&lt;/th&gt;
&lt;td&gt;4215703&lt;/td&gt;
&lt;/tr&gt;&lt;tr bgcolor="#E3E3F3"&gt;
&lt;th&gt;NM_LOCALIDADE&lt;/th&gt;
&lt;td&gt;Santo Amaro da Imperatriz&lt;/td&gt;
&lt;/tr&gt;&lt;tr bgcolor=""&gt;
&lt;th&gt;LAT_LOCALIDADE&lt;/th&gt;
&lt;td&gt;-27.6889&lt;/td&gt;
&lt;/tr&gt;&lt;tr bgcolor="#E3E3F3"&gt;
&lt;th&gt;LONG_LOCALIDADE&lt;/th&gt;
&lt;td&gt;-48.7783&lt;/td&gt;
&lt;/tr&gt;&lt;/table&gt;&lt;/center&gt;</description>
<Style>
<IconStyle>
<color>ff00aaff</color>
<scale>1.0</scale>
<Icon>
<href>http://maps.google.com/mapfiles/kml/shapes/placemark_circle.png</href>
</Icon>
</IconStyle>
<LabelStyle>
<scale>1.0</scale>
</LabelStyle>
<LineStyle>
<color>ffffffff</color>
<width>3</width>
<gx:labelVisibility>1</gx:labelVisibility>
</LineStyle>
<PolyStyle>
<color>00ffffff</color>
</PolyStyle>
</Style>
<ExtendedData>
<SchemaData schemaUrl="#kml_schema_ft_01._Cidade">
<SimpleData name="CD_UF">42</SimpleData>
<SimpleData name="NM_UF">Santa Catarina</SimpleData>
<SimpleData name="SIGLA_UF">SC</SimpleData>
<SimpleData name="CD_MUN">4215703</SimpleData>
<SimpleData name="NM_MUN">Santo Amaro da Imperatriz</SimpleData>
<SimpleData name="CD_RGINT">4201</SimpleData>
<SimpleData name="NM_RGINT">Florianópolis</SimpleData>
<SimpleData name="CD_RGI">420001</SimpleData>
<SimpleData name="NM_RGI">Florianópolis</SimpleData>
<SimpleData name="CT_LOCALIDADE">Cidade</SimpleData>
<SimpleData name="SCT_LOCALIDADE">Sede Municipal</SimpleData>
<SimpleData name="CD_LOCALIDADE">4215703</SimpleData>
<SimpleData name="NM_LOCALIDADE">Santo Amaro da Imperatriz</SimpleData>
<SimpleData name="LAT_LOCALIDADE">-27.6889</SimpleData>
<SimpleData name="LONG_LOCALIDADE">-48.7783</SimpleData>
</SchemaData>
</ExtendedData>
<Point>
<extrude>0</extrude>
<coordinates>-48.7783,-27.6888999992224,0.0</coordinates>
</Point>
</Placemark>
</Folder>
</Folder>
<Folder id="05. Núcleos Urbanos">
<name>05. Núcleos Urbanos</name>
<Placemark id="localidades">
<name>Braço São João [4215703001]</name>
<visibility>1</visibility>
<snippet> </snippet>
<description>&lt;center&gt;&lt;table&gt;&lt;tr&gt;&lt;th colspan='2' align='center'&gt;&lt;em&gt;Attributes&lt;/em&gt;&lt;/th&gt;&lt;/tr&gt;&lt;tr bgcolor="#E3E3F3"&gt;
&lt;th&gt;CD_UF&lt;/th&gt;
&lt;td&gt;42&lt;/td&gt;
&lt;/tr&gt;&lt;tr bgcolor=""&gt;
&lt;th&gt;NM_UF&lt;/th&gt;
&lt;td&gt;Santa Catarina&lt;/td&gt;
&lt;/tr&gt;&lt;tr bgcolor="#E3E3F3"&gt;
&lt;th&gt;SIGLA_UF&lt;/th&gt;
&lt;td&gt;SC&lt;/td&gt;
&lt;/tr&gt;&lt;tr bgcolor=""&gt;
&lt;th&gt;CD_MUN&lt;/th&gt;
&lt;td&gt;4215703&lt;/td&gt;
&lt;/tr&gt;&lt;tr bgcolor="#E3E3F3"&gt;
&lt;th&gt;NM_MUN&lt;/th&gt;
&lt;td&gt;Santo Amaro da Imperatriz&lt;/td&gt;
&lt;/tr&gt;&lt;tr bgcolor=""&gt;
&lt;th&gt;CD_RGINT&lt;/th&gt;
&lt;td&gt;4201&lt;/td&gt;
&lt;/tr&gt;&lt;tr bgcolor="#E3E3F3"&gt;
&lt;th&gt;NM_RGINT&lt;/th&gt;
&lt;td&gt;Florianópolis&lt;/td&gt;
&lt;/tr&gt;&lt;tr bgcolor=""&gt;
&lt;th&gt;CD_RGI&lt;/th&gt;
&lt;td&gt;420001&lt;/td&gt;
&lt;/tr&gt;&lt;tr bgcolor="#E3E3F3"&gt;
&lt;th&gt;NM_RGI&lt;/th&gt;
&lt;td&gt;Florianópolis&lt;/td&gt;
&lt;/tr&gt;&lt;tr bgcolor=""&gt;
&lt;th&gt;CT_LOCALIDADE&lt;/th&gt;
&lt;td&gt;Núcleo Urbano&lt;/td&gt;
&lt;/tr&gt;&lt;tr bgcolor="#E3E3F3"&gt;
&lt;th&gt;CD_LOCALIDADE&lt;/th&gt;
&lt;td&gt;4215703001&lt;/td&gt;
&lt;/tr&gt;&lt;tr bgcolor=""&gt;
&lt;th&gt;NM_LOCALIDADE&lt;/th&gt;
&lt;td&gt;Braço São João&lt;/td&gt;
&lt;/tr&gt;&lt;tr bgcolor="#E3E3F3"&gt;
&lt;th&gt;LAT_LOCALIDADE&lt;/th&gt;
&lt;td&gt;-27.7098&lt;/td&gt;
&lt;/tr&gt;&lt;tr bgcolor=""&gt;
&lt;th&gt;LONG_LOCALIDADE&lt;/th&gt;
&lt;td&gt;-48.7101&lt;/td&gt;
&lt;/tr&gt;&lt;/table&gt;&lt;/center&gt;</description>
<Style>
<IconStyle>
<color>ff0000ff</color>
<scale>0.9</scale>
<Icon>
<href>http://maps.google.com/mapfiles/kml/shapes/placemark_circle.png</href>
</Icon>
</IconStyle>
<LabelStyle>
<scale>0.9</scale>
</LabelStyle>
<LineStyle>
<color>72ffffff</color>
<width>1.0</width>
<gx:labelVisibility>1</gx:labelVisibility>
</LineStyle>
<PolyStyle>
<color>66ff54ff</color>
</PolyStyle>
</Style>
<ExtendedData>
<SchemaData schemaUrl="#kml_schema_ft_Núcleos_Urbanos">
<SimpleData name="CD_UF">42</SimpleData>
<SimpleData name="NM_UF">Santa Catarina</SimpleData>
<SimpleData name="SIGLA_UF">SC</SimpleData>
<SimpleData name="CD_MUN">4215703</SimpleData>
<SimpleData name="NM_MUN">Santo Amaro da Imperatriz</SimpleData>
<SimpleData name="CD_RGINT">4201</SimpleData>
<SimpleData name="NM_RGINT">Florianópolis</SimpleData>
<SimpleData name="CD_RGI">420001</SimpleData>
<SimpleData name="NM_RGI">Florianópolis</SimpleData>
<SimpleData name="CT_LOCALIDADE">Núcleo Urbano</SimpleData>
<SimpleData name="CD_LOCALIDADE">4215703001</SimpleData>
<SimpleData name="NM_LOCALIDADE">Braço São João</SimpleData>
<SimpleData name="LAT_LOCALIDADE">-27.7098</SimpleData>
<SimpleData name="LONG_LOCALIDADE">-48.7101</SimpleData>
</SchemaData>
</ExtendedData>
<Point>
<extrude>0</extrude>
<coordinates>-48.7100529147727,-27.7097695503583,0.0</coordinates>
</Point>
</Placemark>
<Placemark id="localidades">
<name>Canto da Amizade [4215703002]</name>
<visibility>1</visibility>
<snippet> </snippet>
<description>&lt;center&gt;&lt;table&gt;&lt;tr&gt;&lt;th colspan='2' align='center'&gt;&lt;em&gt;Attributes&lt;/em&gt;&lt;/th&gt;&lt;/tr&gt;&lt;tr bgcolor="#E3E3F3"&gt;
&lt;th&gt;CD_UF&lt;/th&gt;
&lt;td&gt;42&lt;/td&gt;
&lt;/tr&gt;&lt;tr bgcolor=""&gt;
&lt;th&gt;NM_UF&lt;/th&gt;
&lt;td&gt;Santa Catarina&lt;/td&gt;
&lt;/tr&gt;&lt;tr bgcolor="#E3E3F3"&gt;
&lt;th&gt;SIGLA_UF&lt;/th&gt;
&lt;td&gt;SC&lt;/td&gt;
&lt;/tr&gt;&lt;tr bgcolor=""&gt;
&lt;th&gt;CD_MUN&lt;/th&gt;
&lt;td&gt;4215703&lt;/td&gt;
&lt;/tr&gt;&lt;tr bgcolor="#E3E3F3"&gt;
&lt;th&gt;NM_MUN&lt;/th&gt;
&lt;td&gt;Santo Amaro da Imperatriz&lt;/td&gt;
&lt;/tr&gt;&lt;tr bgcolor=""&gt;
&lt;th&gt;CD_RGINT&lt;/th&gt;
&lt;td&gt;4201&lt;/td&gt;
&lt;/tr&gt;&lt;tr bgcolor="#E3E3F3"&gt;
&lt;th&gt;NM_RGINT&lt;/th&gt;
&lt;td&gt;Florianópolis&lt;/td&gt;
&lt;/tr&gt;&lt;tr bgcolor=""&gt;
&lt;th&gt;CD_RGI&lt;/th&gt;
&lt;td&gt;420001&lt;/td&gt;
&lt;/tr&gt;&lt;tr bgcolor="#E3E3F3"&gt;
&lt;th&gt;NM_RGI&lt;/th&gt;
&lt;td&gt;Florianópolis&lt;/td&gt;
&lt;/tr&gt;&lt;tr bgcolor=""&gt;
&lt;th&gt;CT_LOCALIDADE&lt;/th&gt;
&lt;td&gt;Núcleo Urbano&lt;/td&gt;
&lt;/tr&gt;&lt;tr bgcolor="#E3E3F3"&gt;
&lt;th&gt;CD_LOCALIDADE&lt;/th&gt;
&lt;td&gt;4215703002&lt;/td&gt;
&lt;/tr&gt;&lt;tr bgcolor=""&gt;
&lt;th&gt;NM_LOCALIDADE&lt;/th&gt;
&lt;td&gt;Canto da Amizade&lt;/td&gt;
&lt;/tr&gt;&lt;tr bgcolor="#E3E3F3"&gt;
&lt;th&gt;LAT_LOCALIDADE&lt;/th&gt;
&lt;td&gt;-27.6883&lt;/td&gt;
&lt;/tr&gt;&lt;tr bgcolor=""&gt;
&lt;th&gt;LONG_LOCALIDADE&lt;/th&gt;
&lt;td&gt;-48.8183&lt;/td&gt;
&lt;/tr&gt;&lt;/table&gt;&lt;/center&gt;</description>
<Style>
<IconStyle>
<color>ff0000ff</color>
<scale>0.9</scale>
<Icon>
<href>http://maps.google.com/mapfiles/kml/shapes/placemark_circle.png</href>
</Icon>
</IconStyle>
<LabelStyle>
<scale>0.9</scale>
</LabelStyle>
<LineStyle>
<color>72ffffff</color>
<width>1.0</width>
<gx:labelVisibility>1</gx:labelVisibility>
</LineStyle>
<PolyStyle>
<color>66ff54ff</color>
</PolyStyle>
</Style>
<ExtendedData>
<SchemaData schemaUrl="#kml_schema_ft_Núcleos_Urbanos">
<SimpleData name="CD_UF">42</SimpleData>
<SimpleData name="NM_UF">Santa Catarina</SimpleData>
<SimpleData name="SIGLA_UF">SC</SimpleData>
<SimpleData name="CD_MUN">4215703</SimpleData>
<SimpleData name="NM_MUN">Santo Amaro da Imperatriz</SimpleData>
<SimpleData name="CD_RGINT">4201</SimpleData>
<SimpleData name="NM_RGINT">Florianópolis</SimpleData>
<SimpleData name="CD_RGI">420001</SimpleData>
<SimpleData name="NM_RGI">Florianópolis</SimpleData>
<SimpleData name="CT_LOCALIDADE">Núcleo Urbano</SimpleData>
<SimpleData name="CD_LOCALIDADE">4215703002</SimpleData>
<SimpleData name="NM_LOCALIDADE">Canto da Amizade</SimpleData>
<SimpleData name="LAT_LOCALIDADE">-27.6883</SimpleData>
<SimpleData name="LONG_LOCALIDADE">-48.8183</SimpleData>
</SchemaData>
</ExtendedData>
<Point>
<extrude>0</extrude>
<coordinates>-48.8183469084967,-27.6883202606602,0.0</coordinates>
</Point>
</Placemark>
<Placemark id="localidades">
<name>Vargem Grande [4215703003]</name>
<visibility>1</visibility>
<snippet> </snippet>
<description>&lt;center&gt;&lt;table&gt;&lt;tr&gt;&lt;th colspan='2' align='center'&gt;&lt;em&gt;Attributes&lt;/em&gt;&lt;/th&gt;&lt;/tr&gt;&lt;tr bgcolor="#E3E3F3"&gt;
&lt;th&gt;CD_UF&lt;/th&gt;
&lt;td&gt;42&lt;/td&gt;
&lt;/tr&gt;&lt;tr bgcolor=""&gt;
&lt;th&gt;NM_UF&lt;/th&gt;
&lt;td&gt;Santa Catarina&lt;/td&gt;
&lt;/tr&gt;&lt;tr bgcolor="#E3E3F3"&gt;
&lt;th&gt;SIGLA_UF&lt;/th&gt;
&lt;td&gt;SC&lt;/td&gt;
&lt;/tr&gt;&lt;tr bgcolor=""&gt;
&lt;th&gt;CD_MUN&lt;/th&gt;
&lt;td&gt;4215703&lt;/td&gt;
&lt;/tr&gt;&lt;tr bgcolor="#E3E3F3"&gt;
&lt;th&gt;NM_MUN&lt;/th&gt;
&lt;td&gt;Santo Amaro da Imperatriz&lt;/td&gt;
&lt;/tr&gt;&lt;tr bgcolor=""&gt;
&lt;th&gt;CD_RGINT&lt;/th&gt;
&lt;td&gt;4201&lt;/td&gt;
&lt;/tr&gt;&lt;tr bgcolor="#E3E3F3"&gt;
&lt;th&gt;NM_RGINT&lt;/th&gt;
&lt;td&gt;Florianópolis&lt;/td&gt;
&lt;/tr&gt;&lt;tr bgcolor=""&gt;
&lt;th&gt;CD_RGI&lt;/th&gt;
&lt;td&gt;420001&lt;/td&gt;
&lt;/tr&gt;&lt;tr bgcolor="#E3E3F3"&gt;
&lt;th&gt;NM_RGI&lt;/th&gt;
&lt;td&gt;Florianópolis&lt;/td&gt;
&lt;/tr&gt;&lt;tr bgcolor=""&gt;
&lt;th&gt;CT_LOCALIDADE&lt;/th&gt;
&lt;td&gt;Núcleo Urbano&lt;/td&gt;
&lt;/tr&gt;&lt;tr bgcolor="#E3E3F3"&gt;
&lt;th&gt;CD_LOCALIDADE&lt;/th&gt;
&lt;td&gt;4215703003&lt;/td&gt;
&lt;/tr&gt;&lt;tr bgcolor=""&gt;
&lt;th&gt;NM_LOCALIDADE&lt;/th&gt;
&lt;td&gt;Vargem Grande&lt;/td&gt;
&lt;/tr&gt;&lt;tr bgcolor="#E3E3F3"&gt;
&lt;th&gt;LAT_LOCALIDADE&lt;/th&gt;
&lt;td&gt;-27.7149&lt;/td&gt;
&lt;/tr&gt;&lt;tr bgcolor=""&gt;
&lt;th&gt;LONG_LOCALIDADE&lt;/th&gt;
&lt;td&gt;-48.8579&lt;/td&gt;
&lt;/tr&gt;&lt;/table&gt;&lt;/center&gt;</description>
<Style>
<IconStyle>
<color>ff0000ff</color>
<scale>0.9</scale>
<Icon>
<href>http://maps.google.com/mapfiles/kml/shapes/placemark_circle.png</href>
</Icon>
</IconStyle>
<LabelStyle>
<scale>0.9</scale>
</LabelStyle>
<LineStyle>
<color>72ffffff</color>
<width>1.0</width>
<gx:labelVisibility>1</gx:labelVisibility>
</LineStyle>
<PolyStyle>
<color>66ff54ff</color>
</PolyStyle>
</Style>
<ExtendedData>
<SchemaData schemaUrl="#kml_schema_ft_Núcleos_Urbanos">
<SimpleData name="CD_UF">42</SimpleData>
<SimpleData name="NM_UF">Santa Catarina</SimpleData>
<SimpleData name="SIGLA_UF">SC</SimpleData>
<SimpleData name="CD_MUN">4215703</SimpleData>
<SimpleData name="NM_MUN">Santo Amaro da Imperatriz</SimpleData>
<SimpleData name="CD_RGINT">4201</SimpleData>
<SimpleData name="NM_RGINT">Florianópolis</SimpleData>
<SimpleData name="CD_RGI">420001</SimpleData>
<SimpleData name="NM_RGI">Florianópolis</SimpleData>
<SimpleData name="CT_LOCALIDADE">Núcleo Urbano</SimpleData>
<SimpleData name="CD_LOCALIDADE">4215703003</SimpleData>
<SimpleData name="NM_LOCALIDADE">Vargem Grande</SimpleData>
<SimpleData name="LAT_LOCALIDADE">-27.7149</SimpleData>
<SimpleData name="LONG_LOCALIDADE">-48.8579</SimpleData>
</SchemaData>
</ExtendedData>
<Point>
<extrude>0</extrude>
<coordinates>-48.8578725827338,-27.714932445265,0.0</coordinates>
</Point>
</Placemark>
</Folder>
<Folder id="06. Povoados">
<name>06. Povoados</name>
<Placemark id="06. Povoados">
<name>Sítio de Dentro [421570300005]</name>
<visibility>1</visibility>
<snippet> </snippet>
<description>&lt;center&gt;&lt;table&gt;&lt;tr&gt;&lt;th colspan='2' align='center'&gt;&lt;em&gt;Atributos&lt;/em&gt;&lt;/th&gt;&lt;/tr&gt;&lt;tr bgcolor="#E3E3F3"&gt;
&lt;th&gt;CD_UF&lt;/th&gt;
&lt;td&gt;42&lt;/td&gt;
&lt;/tr&gt;&lt;tr bgcolor=""&gt;
&lt;th&gt;NM_UF&lt;/th&gt;
&lt;td&gt;Santa Catarina&lt;/td&gt;
&lt;/tr&gt;&lt;tr bgcolor="#E3E3F3"&gt;
&lt;th&gt;SIGLA_UF&lt;/th&gt;
&lt;td&gt;SC&lt;/td&gt;
&lt;/tr&gt;&lt;tr bgcolor=""&gt;
&lt;th&gt;CD_MUN&lt;/th&gt;
&lt;td&gt;4215703&lt;/td&gt;
&lt;/tr&gt;&lt;tr bgcolor="#E3E3F3"&gt;
&lt;th&gt;NM_MUN&lt;/th&gt;
&lt;td&gt;Santo Amaro da Imperatriz&lt;/td&gt;
&lt;/tr&gt;&lt;tr bgcolor=""&gt;
&lt;th&gt;CD_RGINT&lt;/th&gt;
&lt;td&gt;4201&lt;/td&gt;
&lt;/tr&gt;&lt;tr bgcolor="#E3E3F3"&gt;
&lt;th&gt;NM_RGINT&lt;/th&gt;
&lt;td&gt;Florianópolis&lt;/td&gt;
&lt;/tr&gt;&lt;tr bgcolor=""&gt;
&lt;th&gt;CD_RGI&lt;/th&gt;
&lt;td&gt;420001&lt;/td&gt;
&lt;/tr&gt;&lt;tr bgcolor="#E3E3F3"&gt;
&lt;th&gt;NM_RGI&lt;/th&gt;
&lt;td&gt;Florianópolis&lt;/td&gt;
&lt;/tr&gt;&lt;tr bgcolor=""&gt;
&lt;th&gt;CT_LOCALIDADE&lt;/th&gt;
&lt;td&gt;Povoado&lt;/td&gt;
&lt;/tr&gt;&lt;tr bgcolor="#E3E3F3"&gt;
&lt;th&gt;CD_LOCALIDADE&lt;/th&gt;
&lt;td&gt;421570300005&lt;/td&gt;
&lt;/tr&gt;&lt;tr bgcolor=""&gt;
&lt;th&gt;NM_LOCALIDADE&lt;/th&gt;
&lt;td&gt;Sítio de Dentro&lt;/td&gt;
&lt;/tr&gt;&lt;tr bgcolor="#E3E3F3"&gt;
&lt;th&gt;LAT_LOCALIDADE&lt;/th&gt;
&lt;td&gt;-27.6598&lt;/td&gt;
&lt;/tr&gt;&lt;tr bgcolor=""&gt;
&lt;th&gt;LONG_LOCALIDADE&lt;/th&gt;
&lt;td&gt;-48.776&lt;/td&gt;
&lt;/tr&gt;&lt;/table&gt;&lt;/center&gt;</description>
<Style>
<IconStyle>
<color>ff00ff54</color>
<scale>0.8</scale>
<Icon>
<href>http://maps.google.com/mapfiles/kml/shapes/placemark_circle.png</href>
</Icon>
</IconStyle>
<LabelStyle>
<scale>0.8</scale>
</LabelStyle>
<LineStyle>
<color>72ff54ff</color>
<width>1.0</width>
<gx:labelVisibility>1</gx:labelVisibility>
</LineStyle>
<PolyStyle>
<color>66ff54ff</color>
</PolyStyle>
</Style>
<ExtendedData>
<SchemaData schemaUrl="#kml_schema_ft_Povoados">
<SimpleData name="CD_UF">42</SimpleData>
<SimpleData name="NM_UF">Santa Catarina</SimpleData>
<SimpleData name="SIGLA_UF">SC</SimpleData>
<SimpleData name="CD_MUN">4215703</SimpleData>
<SimpleData name="NM_MUN">Santo Amaro da Imperatriz</SimpleData>
<SimpleData name="CD_RGINT">4201</SimpleData>
<SimpleData name="NM_RGINT">Florianópolis</SimpleData>
<SimpleData name="CD_RGI">420001</SimpleData>
<SimpleData name="NM_RGI">Florianópolis</SimpleData>
<SimpleData name="CT_LOCALIDADE">Povoado</SimpleData>
<SimpleData name="CD_LOCALIDADE">421570300005</SimpleData>
<SimpleData name="NM_LOCALIDADE">Sítio de Dentro</SimpleData>
<SimpleData name="LAT_LOCALIDADE">-27.6598</SimpleData>
<SimpleData name="LONG_LOCALIDADE">-48.776</SimpleData>
</SchemaData>
</ExtendedData>
<Point>
<extrude>0</extrude>
<coordinates>-48.7760177021276,-27.659811254542,0.0</coordinates>
</Point>
</Placemark>
</Folder>
<Folder id="10. Localidades Quilombolas">
<name>10. Localidades Quilombolas</name>
<visibility>1</visibility>
<Style>
<IconStyle>
<color>ffff54ff</color>
<scale>0.8</scale>
<Icon>
<href>http://maps.google.com/mapfiles/kml/shapes/placemark_circle.png</href>
</Icon>
</IconStyle>
<LabelStyle>
<scale>0.8</scale>
</LabelStyle>
<LineStyle>
<color>7200ffff</color>
<width>1.0</width>
<gx:labelVisibility>1</gx:labelVisibility>
</LineStyle>
<PolyStyle>
<color>6600ffff</color>
</PolyStyle>
</Style>
<Folder id="10.01. Agrupamentos Quilombolas">
<name>10.01. Agrupamentos Quilombolas</name>
<visibility>1</visibility>
<Style>
<IconStyle>
<color>ffff54ff</color>
<scale>0.8</scale>
<Icon>
<href>http://maps.google.com/mapfiles/kml/shapes/placemark_circle.png</href>
</Icon>
</IconStyle>
<LabelStyle>
<scale>0.8</scale>
</LabelStyle>
<LineStyle>
<color>7200ffff</color>
<width>1.0</width>
<gx:labelVisibility>1</gx:labelVisibility>
</LineStyle>
<PolyStyle>
<color>6600ffff</color>
</PolyStyle>
</Style>
<Placemark id="10.01. Agrupamentos Quilombolas">
<name>Comunidade Quilombola da Rua Princesa Leopoldina [421570300006]</name>
<visibility>1</visibility>
<snippet> </snippet>
<description>&lt;center&gt;&lt;table&gt;&lt;tr&gt;&lt;th colspan='2' align='center'&gt;&lt;em&gt;Attributes&lt;/em&gt;&lt;/th&gt;&lt;/tr&gt;&lt;tr bgcolor="#E3E3F3"&gt;
&lt;th&gt;CD_UF&lt;/th&gt;
&lt;td&gt;42&lt;/td&gt;
&lt;/tr&gt;&lt;tr bgcolor=""&gt;
&lt;th&gt;NM_UF&lt;/th&gt;
&lt;td&gt;Santa Catarina&lt;/td&gt;
&lt;/tr&gt;&lt;tr bgcolor="#E3E3F3"&gt;
&lt;th&gt;SIGLA_UF&lt;/th&gt;
&lt;td&gt;SC&lt;/td&gt;
&lt;/tr&gt;&lt;tr bgcolor=""&gt;
&lt;th&gt;CD_MUN&lt;/th&gt;
&lt;td&gt;4215703&lt;/td&gt;
&lt;/tr&gt;&lt;tr bgcolor="#E3E3F3"&gt;
&lt;th&gt;NM_MUN&lt;/th&gt;
&lt;td&gt;Santo Amaro da Imperatriz&lt;/td&gt;
&lt;/tr&gt;&lt;tr bgcolor=""&gt;
&lt;th&gt;CD_RGINT&lt;/th&gt;
&lt;td&gt;4201&lt;/td&gt;
&lt;/tr&gt;&lt;tr bgcolor="#E3E3F3"&gt;
&lt;th&gt;NM_RGINT&lt;/th&gt;
&lt;td&gt;Florianópolis&lt;/td&gt;
&lt;/tr&gt;&lt;tr bgcolor=""&gt;
&lt;th&gt;CD_RGI&lt;/th&gt;
&lt;td&gt;420001&lt;/td&gt;
&lt;/tr&gt;&lt;tr bgcolor="#E3E3F3"&gt;
&lt;th&gt;NM_RGI&lt;/th&gt;
&lt;td&gt;Florianópolis&lt;/td&gt;
&lt;/tr&gt;&lt;tr bgcolor=""&gt;
&lt;th&gt;CT_LOCALIDADE&lt;/th&gt;
&lt;td&gt;Localidade Quilombola&lt;/td&gt;
&lt;/tr&gt;&lt;tr bgcolor="#E3E3F3"&gt;
&lt;th&gt;SCT_LOCALIDADE&lt;/th&gt;
&lt;td&gt;Agrupamento Quilombola&lt;/td&gt;
&lt;/tr&gt;&lt;tr bgcolor=""&gt;
&lt;th&gt;CD_LOCALIDADE&lt;/th&gt;
&lt;td&gt;421570300006&lt;/td&gt;
&lt;/tr&gt;&lt;tr bgcolor="#E3E3F3"&gt;
&lt;th&gt;NM_LOCALIDADE&lt;/th&gt;
&lt;td&gt;Comunidade Quilombola da Rua Princesa Leopoldina&lt;/td&gt;
&lt;/tr&gt;&lt;tr bgcolor=""&gt;
&lt;th&gt;LAT_LOCALIDADE&lt;/th&gt;
&lt;td&gt;-27.722&lt;/td&gt;
&lt;/tr&gt;&lt;tr bgcolor="#E3E3F3"&gt;
&lt;th&gt;LONG_LOCALIDADE&lt;/th&gt;
&lt;td&gt;-48.8106&lt;/td&gt;
&lt;/tr&gt;&lt;/table&gt;&lt;/center&gt;</description>
<Style>
<IconStyle>
<color>ffff54ff</color>
<scale>0.8</scale>
<Icon>
<href>http://maps.google.com/mapfiles/kml/shapes/placemark_circle.png</href>
</Icon>
</IconStyle>
<LabelStyle>
<scale>0.8</scale>
</LabelStyle>
<LineStyle>
<color>7200ffff</color>
<width>1.0</width>
<gx:labelVisibility>1</gx:labelVisibility>
</LineStyle>
<PolyStyle>
<color>6600ffff</color>
</PolyStyle>
</Style>
<ExtendedData>
<SchemaData schemaUrl="#kml_schema_ft_Agrupamentos_Quilombolas">
<SimpleData name="CD_UF">42</SimpleData>
<SimpleData name="NM_UF">Santa Catarina</SimpleData>
<SimpleData name="SIGLA_UF">SC</SimpleData>
<SimpleData name="CD_MUN">4215703</SimpleData>
<SimpleData name="NM_MUN">Santo Amaro da Imperatriz</SimpleData>
<SimpleData name="CD_RGINT">4201</SimpleData>
<SimpleData name="NM_RGINT">Florianópolis</SimpleData>
<SimpleData name="CD_RGI">420001</SimpleData>
<SimpleData name="NM_RGI">Florianópolis</SimpleData>
<SimpleData name="CT_LOCALIDADE">Localidade Quilombola</SimpleData>
<SimpleData name="SCT_LOCALIDADE">Agrupamento Quilombola</SimpleData>
<SimpleData name="CD_LOCALIDADE">421570300006</SimpleData>
<SimpleData name="NM_LOCALIDADE">Comunidade Quilombola da Rua Princesa Leopoldina</SimpleData>
<SimpleData name="LAT_LOCALIDADE">-27.722</SimpleData>
<SimpleData name="LONG_LOCALIDADE">-48.8106</SimpleData>
</SchemaData>
</ExtendedData>
<Point>
<extrude>0</extrude>
<coordinates>-48.8105517272727,-27.7220176810399,0.0</coordinates>
</Point>
</Placemark>
<Placemark id="10.01. Agrupamentos Quilombolas">
<name>Comunidade Quilombola da Rua 357 [421570300007]</name>
<visibility>1</visibility>
<snippet> </snippet>
<description>&lt;center&gt;&lt;table&gt;&lt;tr&gt;&lt;th colspan='2' align='center'&gt;&lt;em&gt;Attributes&lt;/em&gt;&lt;/th&gt;&lt;/tr&gt;&lt;tr bgcolor="#E3E3F3"&gt;
&lt;th&gt;CD_UF&lt;/th&gt;
&lt;td&gt;42&lt;/td&gt;
&lt;/tr&gt;&lt;tr bgcolor=""&gt;
&lt;th&gt;NM_UF&lt;/th&gt;
&lt;td&gt;Santa Catarina&lt;/td&gt;
&lt;/tr&gt;&lt;tr bgcolor="#E3E3F3"&gt;
&lt;th&gt;SIGLA_UF&lt;/th&gt;
&lt;td&gt;SC&lt;/td&gt;
&lt;/tr&gt;&lt;tr bgcolor=""&gt;
&lt;th&gt;CD_MUN&lt;/th&gt;
&lt;td&gt;4215703&lt;/td&gt;
&lt;/tr&gt;&lt;tr bgcolor="#E3E3F3"&gt;
&lt;th&gt;NM_MUN&lt;/th&gt;
&lt;td&gt;Santo Amaro da Imperatriz&lt;/td&gt;
&lt;/tr&gt;&lt;tr bgcolor=""&gt;
&lt;th&gt;CD_RGINT&lt;/th&gt;
&lt;td&gt;4201&lt;/td&gt;
&lt;/tr&gt;&lt;tr bgcolor="#E3E3F3"&gt;
&lt;th&gt;NM_RGINT&lt;/th&gt;
&lt;td&gt;Florianópolis&lt;/td&gt;
&lt;/tr&gt;&lt;tr bgcolor=""&gt;
&lt;th&gt;CD_RGI&lt;/th&gt;
&lt;td&gt;420001&lt;/td&gt;
&lt;/tr&gt;&lt;tr bgcolor="#E3E3F3"&gt;
&lt;th&gt;NM_RGI&lt;/th&gt;
&lt;td&gt;Florianópolis&lt;/td&gt;
&lt;/tr&gt;&lt;tr bgcolor=""&gt;
&lt;th&gt;CT_LOCALIDADE&lt;/th&gt;
&lt;td&gt;Localidade Quilombola&lt;/td&gt;
&lt;/tr&gt;&lt;tr bgcolor="#E3E3F3"&gt;
&lt;th&gt;SCT_LOCALIDADE&lt;/th&gt;
&lt;td&gt;Agrupamento Quilombola&lt;/td&gt;
&lt;/tr&gt;&lt;tr bgcolor=""&gt;
&lt;th&gt;CD_LOCALIDADE&lt;/th&gt;
&lt;td&gt;421570300007&lt;/td&gt;
&lt;/tr&gt;&lt;tr bgcolor="#E3E3F3"&gt;
&lt;th&gt;NM_LOCALIDADE&lt;/th&gt;
&lt;td&gt;Comunidade Quilombola da Rua 357&lt;/td&gt;
&lt;/tr&gt;&lt;tr bgcolor=""&gt;
&lt;th&gt;LAT_LOCALIDADE&lt;/th&gt;
&lt;td&gt;-27.696&lt;/td&gt;
&lt;/tr&gt;&lt;tr bgcolor="#E3E3F3"&gt;
&lt;th&gt;LONG_LOCALIDADE&lt;/th&gt;
&lt;td&gt;-48.7873&lt;/td&gt;
&lt;/tr&gt;&lt;/table&gt;&lt;/center&gt;</description>
<Style>
<IconStyle>
<color>ffff54ff</color>
<scale>0.8</scale>
<Icon>
<href>http://maps.google.com/mapfiles/kml/shapes/placemark_circle.png</href>
</Icon>
</IconStyle>
<LabelStyle>
<scale>0.8</scale>
</LabelStyle>
<LineStyle>
<color>7200ffff</color>
<width>1.0</width>
<gx:labelVisibility>1</gx:labelVisibility>
</LineStyle>
<PolyStyle>
<color>6600ffff</color>
</PolyStyle>
</Style>
<ExtendedData>
<SchemaData schemaUrl="#kml_schema_ft_Agrupamentos_Quilombolas">
<SimpleData name="CD_UF">42</SimpleData>
<SimpleData name="NM_UF">Santa Catarina</SimpleData>
<SimpleData name="SIGLA_UF">SC</SimpleData>
<SimpleData name="CD_MUN">4215703</SimpleData>
<SimpleData name="NM_MUN">Santo Amaro da Imperatriz</SimpleData>
<SimpleData name="CD_RGINT">4201</SimpleData>
<SimpleData name="NM_RGINT">Florianópolis</SimpleData>
<SimpleData name="CD_RGI">420001</SimpleData>
<SimpleData name="NM_RGI">Florianópolis</SimpleData>
<SimpleData name="CT_LOCALIDADE">Localidade Quilombola</SimpleData>
<SimpleData name="SCT_LOCALIDADE">Agrupamento Quilombola</SimpleData>
<SimpleData name="CD_LOCALIDADE">421570300007</SimpleData>
<SimpleData name="NM_LOCALIDADE">Comunidade Quilombola da Rua 357</SimpleData>
<SimpleData name="LAT_LOCALIDADE">-27.696</SimpleData>
<SimpleData name="LONG_LOCALIDADE">-48.7873</SimpleData>
</SchemaData>
</ExtendedData>
<Point>
<extrude>0</extrude>
<coordinates>-48.78727324,-27.6960322792222,0.0</coordinates>
</Point>
</Placemark>
<Placemark id="10.01. Agrupamentos Quilombolas">
<name>Comunidade Quilombola da Rua Jacob Knabben [421570300008]</name>
<visibility>1</visibility>
<snippet> </snippet>
<description>&lt;center&gt;&lt;table&gt;&lt;tr&gt;&lt;th colspan='2' align='center'&gt;&lt;em&gt;Attributes&lt;/em&gt;&lt;/th&gt;&lt;/tr&gt;&lt;tr bgcolor="#E3E3F3"&gt;
&lt;th&gt;CD_UF&lt;/th&gt;
&lt;td&gt;42&lt;/td&gt;
&lt;/tr&gt;&lt;tr bgcolor=""&gt;
&lt;th&gt;NM_UF&lt;/th&gt;
&lt;td&gt;Santa Catarina&lt;/td&gt;
&lt;/tr&gt;&lt;tr bgcolor="#E3E3F3"&gt;
&lt;th&gt;SIGLA_UF&lt;/th&gt;
&lt;td&gt;SC&lt;/td&gt;
&lt;/tr&gt;&lt;tr bgcolor=""&gt;
&lt;th&gt;CD_MUN&lt;/th&gt;
&lt;td&gt;4215703&lt;/td&gt;
&lt;/tr&gt;&lt;tr bgcolor="#E3E3F3"&gt;
&lt;th&gt;NM_MUN&lt;/th&gt;
&lt;td&gt;Santo Amaro da Imperatriz&lt;/td&gt;
&lt;/tr&gt;&lt;tr bgcolor=""&gt;
&lt;th&gt;CD_RGINT&lt;/th&gt;
&lt;td&gt;4201&lt;/td&gt;
&lt;/tr&gt;&lt;tr bgcolor="#E3E3F3"&gt;
&lt;th&gt;NM_RGINT&lt;/th&gt;
&lt;td&gt;Florianópolis&lt;/td&gt;
&lt;/tr&gt;&lt;tr bgcolor=""&gt;
&lt;th&gt;CD_RGI&lt;/th&gt;
&lt;td&gt;420001&lt;/td&gt;
&lt;/tr&gt;&lt;tr bgcolor="#E3E3F3"&gt;
&lt;th&gt;NM_RGI&lt;/th&gt;
&lt;td&gt;Florianópolis&lt;/td&gt;
&lt;/tr&gt;&lt;tr bgcolor=""&gt;
&lt;th&gt;CT_LOCALIDADE&lt;/th&gt;
&lt;td&gt;Localidade Quilombola&lt;/td&gt;
&lt;/tr&gt;&lt;tr bgcolor="#E3E3F3"&gt;
&lt;th&gt;SCT_LOCALIDADE&lt;/th&gt;
&lt;td&gt;Agrupamento Quilombola&lt;/td&gt;
&lt;/tr&gt;&lt;tr bgcolor=""&gt;
&lt;th&gt;CD_LOCALIDADE&lt;/th&gt;
&lt;td&gt;421570300008&lt;/td&gt;
&lt;/tr&gt;&lt;tr bgcolor="#E3E3F3"&gt;
&lt;th&gt;NM_LOCALIDADE&lt;/th&gt;
&lt;td&gt;Comunidade Quilombola da Rua Jacob Knabben&lt;/td&gt;
&lt;/tr&gt;&lt;tr bgcolor=""&gt;
&lt;th&gt;LAT_LOCALIDADE&lt;/th&gt;
&lt;td&gt;-27.6931&lt;/td&gt;
&lt;/tr&gt;&lt;tr bgcolor="#E3E3F3"&gt;
&lt;th&gt;LONG_LOCALIDADE&lt;/th&gt;
&lt;td&gt;-48.7811&lt;/td&gt;
&lt;/tr&gt;&lt;/table&gt;&lt;/center&gt;</description>
<Style>
<IconStyle>
<color>ffff54ff</color>
<scale>0.8</scale>
<Icon>
<href>http://maps.google.com/mapfiles/kml/shapes/placemark_circle.png</href>
</Icon>
</IconStyle>
<LabelStyle>
<scale>0.8</scale>
</LabelStyle>
<LineStyle>
<color>7200ffff</color>
<width>1.0</width>
<gx:labelVisibility>1</gx:labelVisibility>
</LineStyle>
<PolyStyle>
<color>6600ffff</color>
</PolyStyle>
</Style>
<ExtendedData>
<SchemaData schemaUrl="#kml_schema_ft_Agrupamentos_Quilombolas">
<SimpleData name="CD_UF">42</SimpleData>
<SimpleData name="NM_UF">Santa Catarina</SimpleData>
<SimpleData name="SIGLA_UF">SC</SimpleData>
<SimpleData name="CD_MUN">4215703</SimpleData>
<SimpleData name="NM_MUN">Santo Amaro da Imperatriz</SimpleData>
<SimpleData name="CD_RGINT">4201</SimpleData>
<SimpleData name="NM_RGINT">Florianópolis</SimpleData>
<SimpleData name="CD_RGI">420001</SimpleData>
<SimpleData name="NM_RGI">Florianópolis</SimpleData>
<SimpleData name="CT_LOCALIDADE">Localidade Quilombola</SimpleData>
<SimpleData name="SCT_LOCALIDADE">Agrupamento Quilombola</SimpleData>
<SimpleData name="CD_LOCALIDADE">421570300008</SimpleData>
<SimpleData name="NM_LOCALIDADE">Comunidade Quilombola da Rua Jacob Knabben</SimpleData>
<SimpleData name="LAT_LOCALIDADE">-27.6931</SimpleData>
<SimpleData name="LONG_LOCALIDADE">-48.7811</SimpleData>
</SchemaData>
</ExtendedData>
<Point>
<extrude>0</extrude>
<coordinates>-48.7811136153846,-27.6931146146069,0.0</coordinates>
</Point>
</Placemark>
<Placemark id="10.01. Agrupamentos Quilombolas">
<name>Comunidade Quilombola Sem Denominação [421570300010]</name>
<visibility>1</visibility>
<snippet> </snippet>
<description>&lt;center&gt;&lt;table&gt;&lt;tr&gt;&lt;th colspan='2' align='center'&gt;&lt;em&gt;Attributes&lt;/em&gt;&lt;/th&gt;&lt;/tr&gt;&lt;tr bgcolor="#E3E3F3"&gt;
&lt;th&gt;CD_UF&lt;/th&gt;
&lt;td&gt;42&lt;/td&gt;
&lt;/tr&gt;&lt;tr bgcolor=""&gt;
&lt;th&gt;NM_UF&lt;/th&gt;
&lt;td&gt;Santa Catarina&lt;/td&gt;
&lt;/tr&gt;&lt;tr bgcolor="#E3E3F3"&gt;
&lt;th&gt;SIGLA_UF&lt;/th&gt;
&lt;td&gt;SC&lt;/td&gt;
&lt;/tr&gt;&lt;tr bgcolor=""&gt;
&lt;th&gt;CD_MUN&lt;/th&gt;
&lt;td&gt;4215703&lt;/td&gt;
&lt;/tr&gt;&lt;tr bgcolor="#E3E3F3"&gt;
&lt;th&gt;NM_MUN&lt;/th&gt;
&lt;td&gt;Santo Amaro da Imperatriz&lt;/td&gt;
&lt;/tr&gt;&lt;tr bgcolor=""&gt;
&lt;th&gt;CD_RGINT&lt;/th&gt;
&lt;td&gt;4201&lt;/td&gt;
&lt;/tr&gt;&lt;tr bgcolor="#E3E3F3"&gt;
&lt;th&gt;NM_RGINT&lt;/th&gt;
&lt;td&gt;Florianópolis&lt;/td&gt;
&lt;/tr&gt;&lt;tr bgcolor=""&gt;
&lt;th&gt;CD_RGI&lt;/th&gt;
&lt;td&gt;420001&lt;/td&gt;
&lt;/tr&gt;&lt;tr bgcolor="#E3E3F3"&gt;
&lt;th&gt;NM_RGI&lt;/th&gt;
&lt;td&gt;Florianópolis&lt;/td&gt;
&lt;/tr&gt;&lt;tr bgcolor=""&gt;
&lt;th&gt;CT_LOCALIDADE&lt;/th&gt;
&lt;td&gt;Localidade Quilombola&lt;/td&gt;
&lt;/tr&gt;&lt;tr bgcolor="#E3E3F3"&gt;
&lt;th&gt;SCT_LOCALIDADE&lt;/th&gt;
&lt;td&gt;Agrupamento Quilombola&lt;/td&gt;
&lt;/tr&gt;&lt;tr bgcolor=""&gt;
&lt;th&gt;CD_LOCALIDADE&lt;/th&gt;
&lt;td&gt;421570300010&lt;/td&gt;
&lt;/tr&gt;&lt;tr bgcolor="#E3E3F3"&gt;
&lt;th&gt;NM_LOCALIDADE&lt;/th&gt;
&lt;td&gt;Comunidade Quilombola Sem Denominação&lt;/td&gt;
&lt;/tr&gt;&lt;tr bgcolor=""&gt;
&lt;th&gt;LAT_LOCALIDADE&lt;/th&gt;
&lt;td&gt;-27.6938&lt;/td&gt;
&lt;/tr&gt;&lt;tr bgcolor="#E3E3F3"&gt;
&lt;th&gt;LONG_LOCALIDADE&lt;/th&gt;
&lt;td&gt;-48.7842&lt;/td&gt;
&lt;/tr&gt;&lt;/table&gt;&lt;/center&gt;</description>
<Style>
<IconStyle>
<color>ffff54ff</color>
<scale>0.8</scale>
<Icon>
<href>http://maps.google.com/mapfiles/kml/shapes/placemark_circle.png</href>
</Icon>
</IconStyle>
<LabelStyle>
<scale>0.8</scale>
</LabelStyle>
<LineStyle>
<color>7200ffff</color>
<width>1.0</width>
<gx:labelVisibility>1</gx:labelVisibility>
</LineStyle>
<PolyStyle>
<color>6600ffff</color>
</PolyStyle>
</Style>
<ExtendedData>
<SchemaData schemaUrl="#kml_schema_ft_Agrupamentos_Quilombolas">
<SimpleData name="CD_UF">42</SimpleData>
<SimpleData name="NM_UF">Santa Catarina</SimpleData>
<SimpleData name="SIGLA_UF">SC</SimpleData>
<SimpleData name="CD_MUN">4215703</SimpleData>
<SimpleData name="NM_MUN">Santo Amaro da Imperatriz</SimpleData>
<SimpleData name="CD_RGINT">4201</SimpleData>
<SimpleData name="NM_RGINT">Florianópolis</SimpleData>
<SimpleData name="CD_RGI">420001</SimpleData>
<SimpleData name="NM_RGI">Florianópolis</SimpleData>
<SimpleData name="CT_LOCALIDADE">Localidade Quilombola</SimpleData>
<SimpleData name="SCT_LOCALIDADE">Agrupamento Quilombola</SimpleData>
<SimpleData name="CD_LOCALIDADE">421570300010</SimpleData>
<SimpleData name="NM_LOCALIDADE">Comunidade Quilombola Sem Denominação</SimpleData>
<SimpleData name="LAT_LOCALIDADE">-27.6938</SimpleData>
<SimpleData name="LONG_LOCALIDADE">-48.7842</SimpleData>
</SchemaData>
</ExtendedData>
<Point>
<extrude>0</extrude>
<coordinates>-48.78419185,-27.6937733697649,0.0</coordinates>
</Point>
</Placemark>
</Folder>
<Folder id="10.02. Outras Localidades Quilombolas">
<name>10.02. Outras Localidades Quilombolas</name>
<visibility>1</visibility>
<Style>
<IconStyle>
<color>ffffa0ef</color>
<scale>0.8</scale>
<Icon>
<href>http://maps.google.com/mapfiles/kml/shapes/placemark_circle.png</href>
</Icon>
</IconStyle>
<LabelStyle>
<scale>0.8</scale>
</LabelStyle>
<LineStyle>
<width>1.0</width>
<gx:labelVisibility>1</gx:labelVisibility>
</LineStyle>
</Style>
<Placemark id="10.02. Outras Localidades Quilombolas">
<name>Comunidade Quilombola Tabuleiro [421570300003]</name>
<visibility>1</visibility>
<snippet> </snippet>
<description>&lt;center&gt;&lt;table&gt;&lt;tr&gt;&lt;th colspan='2' align='center'&gt;&lt;em&gt;Attributes&lt;/em&gt;&lt;/th&gt;&lt;/tr&gt;&lt;tr bgcolor="#E3E3F3"&gt;
&lt;th&gt;CD_UF&lt;/th&gt;
&lt;td&gt;42&lt;/td&gt;
&lt;/tr&gt;&lt;tr bgcolor=""&gt;
&lt;th&gt;NM_UF&lt;/th&gt;
&lt;td&gt;Santa Catarina&lt;/td&gt;
&lt;/tr&gt;&lt;tr bgcolor="#E3E3F3"&gt;
&lt;th&gt;SIGLA_UF&lt;/th&gt;
&lt;td&gt;SC&lt;/td&gt;
&lt;/tr&gt;&lt;tr bgcolor=""&gt;
&lt;th&gt;CD_MUN&lt;/th&gt;
&lt;td&gt;4215703&lt;/td&gt;
&lt;/tr&gt;&lt;tr bgcolor="#E3E3F3"&gt;
&lt;th&gt;NM_MUN&lt;/th&gt;
&lt;td&gt;Santo Amaro da Imperatriz&lt;/td&gt;
&lt;/tr&gt;&lt;tr bgcolor=""&gt;
&lt;th&gt;CD_RGINT&lt;/th&gt;
&lt;td&gt;4201&lt;/td&gt;
&lt;/tr&gt;&lt;tr bgcolor="#E3E3F3"&gt;
&lt;th&gt;NM_RGINT&lt;/th&gt;
&lt;td&gt;Florianópolis&lt;/td&gt;
&lt;/tr&gt;&lt;tr bgcolor=""&gt;
&lt;th&gt;CD_RGI&lt;/th&gt;
&lt;td&gt;420001&lt;/td&gt;
&lt;/tr&gt;&lt;tr bgcolor="#E3E3F3"&gt;
&lt;th&gt;NM_RGI&lt;/th&gt;
&lt;td&gt;Florianópolis&lt;/td&gt;
&lt;/tr&gt;&lt;tr bgcolor=""&gt;
&lt;th&gt;CT_LOCALIDADE&lt;/th&gt;
&lt;td&gt;Localidade Quilombola&lt;/td&gt;
&lt;/tr&gt;&lt;tr bgcolor="#E3E3F3"&gt;
&lt;th&gt;SCT_LOCALIDADE&lt;/th&gt;
&lt;td&gt;Outras Localidades Quilombolas&lt;/td&gt;
&lt;/tr&gt;&lt;tr bgcolor=""&gt;
&lt;th&gt;CD_LOCALIDADE&lt;/th&gt;
&lt;td&gt;421570300003&lt;/td&gt;
&lt;/tr&gt;&lt;tr bgcolor="#E3E3F3"&gt;
&lt;th&gt;NM_LOCALIDADE&lt;/th&gt;
&lt;td&gt;Comunidade Quilombola Tabuleiro&lt;/td&gt;
&lt;/tr&gt;&lt;/table&gt;&lt;/center&gt;</description>
<Style>
<IconStyle>
<color>ffffa0ef</color>
<scale>0.8</scale>
<Icon>
<href>http://maps.google.com/mapfiles/kml/shapes/placemark_circle.png</href>
</Icon>
</IconStyle>
<LabelStyle>
<scale>0.8</scale>
</LabelStyle>
<LineStyle>
<width>1.0</width>
<gx:labelVisibility>1</gx:labelVisibility>
</LineStyle>
</Style>
<ExtendedData>
<SchemaData schemaUrl="#kml_schema_ft_Localidades">
<SimpleData name="CD_UF">42</SimpleData>
<SimpleData name="NM_UF">Santa Catarina</SimpleData>
<SimpleData name="SIGLA_UF">SC</SimpleData>
<SimpleData name="CD_MUN">4215703</SimpleData>
<SimpleData name="NM_MUN">Santo Amaro da Imperatriz</SimpleData>
<SimpleData name="CD_RGINT">4201</SimpleData>
<SimpleData name="NM_RGINT">Florianópolis</SimpleData>
<SimpleData name="CD_RGI">420001</SimpleData>
<SimpleData name="NM_RGI">Florianópolis</SimpleData>
<SimpleData name="CT_LOCALIDADE">Localidade Quilombola</SimpleData>
<SimpleData name="SCT_LOCALIDADE">Outras Localidades Quilombolas</SimpleData>
<SimpleData name="CD_LOCALIDADE">421570300003</SimpleData>
<SimpleData name="NM_LOCALIDADE">Comunidade Quilombola Tabuleiro</SimpleData>
</SchemaData>
</ExtendedData>
<Point>
<extrude>0</extrude>
<coordinates>-48.7842035729,-27.6928722347223,0.0</coordinates>
</Point>
</Placemark>
<Placemark id="10.02. Outras Localidades Quilombolas">
<name>Comunidade Quilombola Caldas do Cubatão [421570300004]</name>
<visibility>1</visibility>
<snippet> </snippet>
<description>&lt;center&gt;&lt;table&gt;&lt;tr&gt;&lt;th colspan='2' align='center'&gt;&lt;em&gt;Attributes&lt;/em&gt;&lt;/th&gt;&lt;/tr&gt;&lt;tr bgcolor="#E3E3F3"&gt;
&lt;th&gt;CD_UF&lt;/th&gt;
&lt;td&gt;42&lt;/td&gt;
&lt;/tr&gt;&lt;tr bgcolor=""&gt;
&lt;th&gt;NM_UF&lt;/th&gt;
&lt;td&gt;Santa Catarina&lt;/td&gt;
&lt;/tr&gt;&lt;tr bgcolor="#E3E3F3"&gt;
&lt;th&gt;SIGLA_UF&lt;/th&gt;
&lt;td&gt;SC&lt;/td&gt;
&lt;/tr&gt;&lt;tr bgcolor=""&gt;
&lt;th&gt;CD_MUN&lt;/th&gt;
&lt;td&gt;4215703&lt;/td&gt;
&lt;/tr&gt;&lt;tr bgcolor="#E3E3F3"&gt;
&lt;th&gt;NM_MUN&lt;/th&gt;
&lt;td&gt;Santo Amaro da Imperatriz&lt;/td&gt;
&lt;/tr&gt;&lt;tr bgcolor=""&gt;
&lt;th&gt;CD_RGINT&lt;/th&gt;
&lt;td&gt;4201&lt;/td&gt;
&lt;/tr&gt;&lt;tr bgcolor="#E3E3F3"&gt;
&lt;th&gt;NM_RGINT&lt;/th&gt;
&lt;td&gt;Florianópolis&lt;/td&gt;
&lt;/tr&gt;&lt;tr bgcolor=""&gt;
&lt;th&gt;CD_RGI&lt;/th&gt;
&lt;td&gt;420001&lt;/td&gt;
&lt;/tr&gt;&lt;tr bgcolor="#E3E3F3"&gt;
&lt;th&gt;NM_RGI&lt;/th&gt;
&lt;td&gt;Florianópolis&lt;/td&gt;
&lt;/tr&gt;&lt;tr bgcolor=""&gt;
&lt;th&gt;CT_LOCALIDADE&lt;/th&gt;
&lt;td&gt;Localidade Quilombola&lt;/td&gt;
&lt;/tr&gt;&lt;tr bgcolor="#E3E3F3"&gt;
&lt;th&gt;SCT_LOCALIDADE&lt;/th&gt;
&lt;td&gt;Outras Localidades Quilombolas&lt;/td&gt;
&lt;/tr&gt;&lt;tr bgcolor=""&gt;
&lt;th&gt;CD_LOCALIDADE&lt;/th&gt;
&lt;td&gt;421570300004&lt;/td&gt;
&lt;/tr&gt;&lt;tr bgcolor="#E3E3F3"&gt;
&lt;th&gt;NM_LOCALIDADE&lt;/th&gt;
&lt;td&gt;Comunidade Quilombola Caldas do Cubatão&lt;/td&gt;
&lt;/tr&gt;&lt;/table&gt;&lt;/center&gt;</description>
<Style>
<IconStyle>
<color>ffffa0ef</color>
<scale>0.8</scale>
<Icon>
<href>http://maps.google.com/mapfiles/kml/shapes/placemark_circle.png</href>
</Icon>
</IconStyle>
<LabelStyle>
<scale>0.8</scale>
</LabelStyle>
<LineStyle>
<width>1.0</width>
<gx:labelVisibility>1</gx:labelVisibility>
</LineStyle>
</Style>
<ExtendedData>
<SchemaData schemaUrl="#kml_schema_ft_Localidades">
<SimpleData name="CD_UF">42</SimpleData>
<SimpleData name="NM_UF">Santa Catarina</SimpleData>
<SimpleData name="SIGLA_UF">SC</SimpleData>
<SimpleData name="CD_MUN">4215703</SimpleData>
<SimpleData name="NM_MUN">Santo Amaro da Imperatriz</SimpleData>
<SimpleData name="CD_RGINT">4201</SimpleData>
<SimpleData name="NM_RGINT">Florianópolis</SimpleData>
<SimpleData name="CD_RGI">420001</SimpleData>
<SimpleData name="NM_RGI">Florianópolis</SimpleData>
<SimpleData name="CT_LOCALIDADE">Localidade Quilombola</SimpleData>
<SimpleData name="SCT_LOCALIDADE">Outras Localidades Quilombolas</SimpleData>
<SimpleData name="CD_LOCALIDADE">421570300004</SimpleData>
<SimpleData name="NM_LOCALIDADE">Comunidade Quilombola Caldas do Cubatão</SimpleData>
</SchemaData>
</ExtendedData>
<Point>
<extrude>0</extrude>
<coordinates>-48.8109706535,-27.7230606517217,0.0</coordinates>
</Point>
</Placemark>
</Folder>
</Folder>
<Folder id="13. Referência">
<name>13. Referência</name>
<Placemark id="13. Referência">
<name>Santo Amaro da Imperatriz [4215703]</name>
<visibility>1</visibility>
<snippet> </snippet>
<description>&lt;center&gt;&lt;table&gt;&lt;tr&gt;&lt;th colspan='2' align='center'&gt;&lt;em&gt;Attributes&lt;/em&gt;&lt;/th&gt;&lt;/tr&gt;&lt;tr bgcolor="#E3E3F3"&gt;
&lt;th&gt;CD_UF&lt;/th&gt;
&lt;td&gt;42&lt;/td&gt;
&lt;/tr&gt;&lt;tr bgcolor=""&gt;
&lt;th&gt;NM_UF&lt;/th&gt;
&lt;td&gt;Santa Catarina&lt;/td&gt;
&lt;/tr&gt;&lt;tr bgcolor="#E3E3F3"&gt;
&lt;th&gt;CD_MUN&lt;/th&gt;
&lt;td&gt;4215703&lt;/td&gt;
&lt;/tr&gt;&lt;tr bgcolor=""&gt;
&lt;th&gt;NM_MUN&lt;/th&gt;
&lt;td&gt;Santo Amaro da Imperatriz&lt;/td&gt;
&lt;/tr&gt;&lt;tr bgcolor="#E3E3F3"&gt;
&lt;th&gt;CD_RGINT&lt;/th&gt;
&lt;td&gt;4201&lt;/td&gt;
&lt;/tr&gt;&lt;tr bgcolor=""&gt;
&lt;th&gt;NM_RGINT&lt;/th&gt;
&lt;td&gt;Florianópolis&lt;/td&gt;
&lt;/tr&gt;&lt;tr bgcolor="#E3E3F3"&gt;
&lt;th&gt;CD_RGI&lt;/th&gt;
&lt;td&gt;420001&lt;/td&gt;
&lt;/tr&gt;&lt;tr bgcolor=""&gt;
&lt;th&gt;NM_RGI&lt;/th&gt;
&lt;td&gt;Florianópolis&lt;/td&gt;
&lt;/tr&gt;&lt;/table&gt;&lt;/center&gt;</description>
<Style>
<IconStyle>
<scale>0.7</scale>
</IconStyle>
<LabelStyle>
<scale>0.7</scale>
</LabelStyle>
<LineStyle>
<color>ffffffff</color>
<width>3</width>
<gx:labelVisibility>1</gx:labelVisibility>
</LineStyle>
<PolyStyle>
<color>00ffffff</color>
</PolyStyle>
</Style>
<ExtendedData>
<SchemaData schemaUrl="#kml_schema_ft_Município">
<SimpleData name="CD_UF">42</SimpleData>
<SimpleData name="NM_UF">Santa Catarina</SimpleData>
<SimpleData name="CD_MUN">4215703</SimpleData>
<SimpleData name="NM_MUN">Santo Amaro da Imperatriz</SimpleData>
<SimpleData name="CD_RGINT">4201</SimpleData>
<SimpleData name="NM_RGINT">Florianópolis</SimpleData>
<SimpleData name="CD_RGI">420001</SimpleData>
<SimpleData name="NM_RGI">Florianópolis</SimpleData>
</SchemaData>
</ExtendedData>
<MultiGeometry>
<Polygon>
<extrude>0</extrude>
<tessellate>1</tessellate>
<outerBoundaryIs>
<LinearRing>
<coordinates>-48.7481005,-27.6155837992237,0.0 -48.74602,-27.6153768992237,0.0 -48.7384414,-27.6146243992238,0.0 -48.7384242,-27.6146535992238,0.0 -48.7384155,-27.6146654992238,0.0 -48.7384094,-27.6146765992237,0.0 -48.7384052,-27.6146873992238,0.0 -48.7384038,-27.6146926992237,0.0 -48.7384023,-27.6147032992237,0.0 -48.7384026,-27.6147138992238,0.0 -48.7384044,-27.6147245992238,0.0 -48.7384102,-27.6147406992237,0.0 -48.7384157,-27.6147509992237,0.0 -48.7384225,-27.6147607992238,0.0 -48.7384303,-27.6147697992237,0.0 -48.7384569,-27.6147954992237,0.0 -48.7384655,-27.6148047992238,0.0 -48.7384771,-27.6148194992237,0.0 -48.7384833,-27.6148291992238,0.0 -48.7384894,-27.6148430992238,0.0 -48.7384923,-27.6148556992237,0.0 -48.7384929,-27.6148708992237,0.0 -48.738491,-27.6148840992237,0.0 -48.7384874,-27.6148928992238,0.0 -48.7384812,-27.6149006992237,0.0 -48.7384755,-27.6149049992238,0.0 -48.738472,-27.6149066992237,0.0 -48.7384638,-27.6149092992238,0.0 -48.7384537,-27.6149104992237,0.0 -48.7384423,-27.6149105992238,0.0 -48.7383981,-27.6149074992238,0.0 -48.7383862,-27.6149072992237,0.0 -48.7383755,-27.6149082992237,0.0 -48.7383664,-27.6149109992237,0.0 -48.7383592,-27.6149152992237,0.0 -48.7383562,-27.6149179992237,0.0 -48.7383513,-27.6149241992237,0.0 -48.7383467,-27.6149344992238,0.0 -48.7383457,-27.6149422992237,0.0 -48.7383459,-27.6149466992238,0.0 -48.7383486,-27.6149570992237,0.0 -48.7383511,-27.6149632992237,0.0 -48.738359,-27.6149782992238,0.0 -48.7383762,-27.6150053992237,0.0 -48.7384102,-27.6150550992237,0.0 -48.7384174,-27.6150668992237,0.0 -48.7384223,-27.6150776992237,0.0 -48.738425,-27.6150886992237,0.0 -48.7384257,-27.6150945992237,0.0 -48.7384258,-27.6151072992237,0.0 -48.7384238,-27.6151272992237,0.0 -48.7384181,-27.6151647992237,0.0 -48.738418,-27.6151763992237,0.0 -48.7384187,-27.6151820992237,0.0 -48.738422,-27.6151934992237,0.0 -48.7384278,-27.6152047992237,0.0 -48.7384356,-27.6152153992237,0.0 -48.7384365,-27.6152163992237,0.0 -48.73844,-27.6152202992237,0.0 -48.7384496,-27.6152288992237,0.0 -48.73846,-27.6152356992237,0.0 -48.7384656,-27.6152383992237,0.0 -48.7384781,-27.6152425992237,0.0 -48.7384852,-27.6152440992237,0.0 -48.7384929,-27.6152452992237,0.0 -48.7385106,-27.6152466992237,0.0 -48.7385818,-27.6152491992237,0.0 -48.7386104,-27.6152518992237,0.0 -48.7386256,-27.6152538992237,0.0 -48.7386575,-27.6152593992237,0.0 -48.7386917,-27.6152667992237,0.0 -48.7387474,-27.6152815992237,0.0 -48.7387861,-27.6152936992237,0.0 -48.7388231,-27.6153067992237,0.0 -48.7388559,-27.6153203992237,0.0 -48.7388699,-27.6153270992237,0.0 -48.7388818,-27.6153337992237,0.0 -48.7388919,-27.6153402992237,0.0 -48.7389002,-27.6153467992237,0.0 -48.738907,-27.6153533992237,0.0 -48.7389124,-27.6153600992237,0.0 -48.7389166,-27.6153668992237,0.0 -48.7389197,-27.6153739992237,0.0 -48.738922,-27.6153812992237,0.0 -48.7389236,-27.6153888992237,0.0 -48.7389249,-27.6154050992237,0.0 -48.7389242,-27.6154220992237,0.0 -48.738922,-27.6154397992237,0.0 -48.7389119,-27.6154934992237,0.0 -48.7389098,-27.6155104992237,0.0 -48.7389094,-27.6155185992237,0.0 -48.7389104,-27.6155338992237,0.0 -48.7389118,-27.6155410992237,0.0 -48.7389159,-27.6155544992237,0.0 -48.7389186,-27.6155606992237,0.0 -48.7389252,-27.6155720992237,0.0 -48.7389333,-27.6155821992237,0.0 -48.7389429,-27.6155913992237,0.0 -48.7389603,-27.6156047992237,0.0 -48.7389964,-27.6156291992237,0.0 -48.7390177,-27.6156446992237,0.0 -48.7390294,-27.6156547992237,0.0 -48.7390386,-27.6156648992237,0.0 -48.7390458,-27.6156751992237,0.0 -48.7390538,-27.6156917992237,0.0 -48.7390596,-27.6157104992237,0.0 -48.7390646,-27.6157365992237,0.0 -48.7390668,-27.6157609992237,0.0 -48.7390668,-27.6157837992237,0.0 -48.7390648,-27.6158070992237,0.0 -48.7390609,-27.6158256992237,0.0 -48.7390563,-27.6158388992237,0.0 -48.7390501,-27.6158527992237,0.0 -48.7390245,-27.6158996992237,0.0 -48.7390167,-27.6159162992237,0.0 -48.7390127,-27.6159264992237,0.0 -48.739008,-27.6159414992237,0.0 -48.7390033,-27.6159638992237,0.0 -48.739001,-27.6159855992237,0.0 -48.7390001,-27.6160035992237,0.0 -48.7390007,-27.6160350992237,0.0 -48.739003,-27.6160580992237,0.0 -48.7390048,-27.6160700992237,0.0 -48.7390104,-27.6160945992237,0.0 -48.7390193,-27.6161206992237,0.0 -48.7390254,-27.6161346992237,0.0 -48.7390327,-27.6161493992237,0.0 -48.7390414,-27.6161648992237,0.0 -48.7390516,-27.6161814992237,0.0 -48.7390766,-27.6162173992237,0.0 -48.7391054,-27.6162548992237,0.0 -48.7391496,-27.6163079992237,0.0 -48.739187,-27.6163496992237,0.0 -48.7392069,-27.6163700992237,0.0 -48.7392234,-27.6163859992237,0.0 -48.739249,-27.6164084992237,0.0 -48.7392595,-27.6164163992237,0.0 -48.7392697,-27.6164223992237,0.0 -48.7392804,-27.6164268992237,0.0 -48.7392924,-27.6164299992237,0.0 -48.7392994,-27.6164309992237,0.0 -48.7393161,-27.6164323992237,0.0 -48.739351,-27.6164325992237,0.0 -48.7394915,-27.6164281992237,0.0 -48.7396224,-27.6164262992237,0.0 -48.7396478,-27.6164250992237,0.0 -48.7396718,-27.6164229992237,0.0 -48.7396936,-27.6164193992237,0.0 -48.7397127,-27.6164140992237,0.0 -48.7397211,-27.6164106992237,0.0 -48.7397361,-27.6164032992237,0.0 -48.7397657,-27.6163851992237,0.0 -48.7397756,-27.6163799992237,0.0 -48.739789,-27.6163746992237,0.0 -48.7397971,-27.6163725992237,0.0 -48.7398047,-27.6163716992237,0.0 -48.739812,-27.6163718992237,0.0 -48.7398194,-27.6163731992237,0.0 -48.7398272,-27.6163754992237,0.0 -48.73984,-27.6163808992237,0.0 -48.739858,-27.6163908992237,0.0 -48.7398871,-27.6164107992237,0.0 -48.7398983,-27.6164162992237,0.0 -48.7399054,-27.6164178992237,0.0 -48.7399157,-27.6164177992237,0.0 -48.7399195,-27.6165038992237,0.0 -48.7399116,-27.6165331992237,0.0 -48.7398928,-27.6165512992237,0.0 -48.7398708,-27.6165833992237,0.0 -48.7398644,-27.6165986992237,0.0 -48.7398391,-27.6166809992237,0.0 -48.7398301,-27.6167137992237,0.0 -48.7398345,-27.6167353992237,0.0 -48.7398425,-27.6167602992237,0.0 -48.739864,-27.6167867992237,0.0 -48.7399402,-27.6168813992237,0.0 -48.7399689,-27.6169142992237,0.0 -48.7399921,-27.6169583992237,0.0 -48.7399956,-27.6169952992237,0.0 -48.7399901,-27.6170304992237,0.0 -48.7399946,-27.6170560992237,0.0 -48.7400107,-27.6170809992237,0.0 -48.7400268,-27.6171082992237,0.0 -48.740059,-27.6171491992237,0.0 -48.7401425,-27.6172229992237,0.0 -48.7402034,-27.6172976992237,0.0 -48.7402348,-27.6173353992237,0.0 -48.7402581,-27.6173649992237,0.0 -48.7402759,-27.6174034992237,0.0 -48.740292,-27.6174363992237,0.0 -48.7403045,-27.6174644992237,0.0 -48.7403296,-27.6174964992237,0.0 -48.7403493,-27.6175189992237,0.0 -48.7403924,-27.6175486992237,0.0 -48.7405424,-27.6176170992237,0.0 -48.740599,-27.6176404992237,0.0 -48.7406384,-27.6176797992237,0.0 -48.7406509,-27.6177046992237,0.0 -48.7406545,-27.6177238992237,0.0 -48.7406615,-27.6177687992237,0.0 -48.7406623,-27.6178047992237,0.0 -48.740656,-27.6178319992237,0.0 -48.7406226,-27.6178863992237,0.0 -48.7406045,-27.6179191992237,0.0 -48.7406017,-27.6179431992237,0.0 -48.7406071,-27.6179648992237,0.0 -48.7406588,-27.6180970992237,0.0 -48.740674,-27.6181323992237,0.0 -48.7406766,-27.6181667992237,0.0 -48.7406793,-27.6181860992237,0.0 -48.7406828,-27.6182092992237,0.0 -48.7406989,-27.6182525992237,0.0 -48.7407068,-27.6183093992237,0.0 -48.7407012,-27.6183926992237,0.0 -48.7406723,-27.6184494992237,0.0 -48.7406551,-27.6184838992237,0.0 -48.7406551,-27.6184950992237,0.0 -48.7406631,-27.6185119992237,0.0 -48.7406846,-27.6185343992237,0.0 -48.7407528,-27.6185938992237,0.0 -48.7408291,-27.6186412992237,0.0 -48.7408659,-27.6186653992237,0.0 -48.7408748,-27.6186845992237,0.0 -48.7408837,-27.6187118992237,0.0 -48.7408684,-27.6187374992237,0.0 -48.7407908,-27.6188453992237,0.0 -48.7407727,-27.6188701992237,0.0 -48.740734,-27.6188972992237,0.0 -48.7406907,-27.6189252992237,0.0 -48.7406781,-27.6189420992237,0.0 -48.7406745,-27.6189596992237,0.0 -48.7406897,-27.6189820992237,0.0 -48.7407085,-27.6190061992237,0.0 -48.7407237,-27.6190390992237,0.0 -48.7407271,-27.6191183992237,0.0 -48.7407135,-27.6191607992237,0.0 -48.7406901,-27.6191799992237,0.0 -48.7406657,-27.6191902992237,0.0 -48.7406253,-27.6191925992237,0.0 -48.7406037,-27.6191989992237,0.0 -48.7405794,-27.6192125992237,0.0 -48.740564,-27.6192276992237,0.0 -48.7405307,-27.6192684992237,0.0 -48.7405018,-27.6192900992237,0.0 -48.7404676,-27.6193131992237,0.0 -48.7404415,-27.6193315992237,0.0 -48.7404225,-27.6193539992237,0.0 -48.7404162,-27.6193707992237,0.0 -48.7404161,-27.6193899992237,0.0 -48.7403717,-27.6195372992237,0.0 -48.7403626,-27.6195796992237,0.0 -48.7403508,-27.6196108992237,0.0 -48.7403219,-27.6196540992237,0.0 -48.7402957,-27.6196916992237,0.0 -48.7402389,-27.6197475992237,0.0 -48.7402064,-27.6197963992236,0.0 -48.7401749,-27.6198371992237,0.0 -48.7401667,-27.6198731992237,0.0 -48.7401539,-27.6199227992237,0.0 -48.7401195,-27.6200091992236,0.0 -48.7400923,-27.6201188992236,0.0 -48.7400865,-27.6201424992237,0.0 -48.740075,-27.6201892992236,0.0 -48.7400722,-27.6202220992236,0.0 -48.7400811,-27.6202525992236,0.0 -48.7400981,-27.6202798992236,0.0 -48.7401178,-27.6203046992236,0.0 -48.7401241,-27.6203239992236,0.0 -48.7401249,-27.6203583992236,0.0 -48.7401023,-27.6203863992236,0.0 -48.7400726,-27.6203998992236,0.0 -48.7400501,-27.6204158992236,0.0 -48.7400438,-27.6204310992236,0.0 -48.740041,-27.6204510992236,0.0 -48.7400543,-27.6205287992236,0.0 -48.7400569,-27.6205640992236,0.0 -48.7400684,-27.6206241992236,0.0 -48.7400692,-27.6206545992236,0.0 -48.7400592,-27.6207001992236,0.0 -48.7400717,-27.6207450992236,0.0 -48.7400868,-27.6207835992236,0.0 -48.7400823,-27.6208123992236,0.0 -48.7400652,-27.6208275992236,0.0 -48.7400363,-27.6208402992236,0.0 -48.7400219,-27.6208506992236,0.0 -48.740021,-27.6208650992236,0.0 -48.7400245,-27.6208867992236,0.0 -48.7400772,-27.6210133992236,0.0 -48.7400771,-27.6210758992236,0.0 -48.7400697,-27.6211294992236,0.0 -48.7400568,-27.6211461992236,0.0 -48.7400481,-27.6211574992236,0.0 -48.7400444,-27.6211798992236,0.0 -48.7400488,-27.6211991992236,0.0 -48.7400668,-27.6212199992236,0.0 -48.7400856,-27.6212320992236,0.0 -48.7401179,-27.6212537992236,0.0 -48.7401547,-27.6212890992236,0.0 -48.740178,-27.6213227992236,0.0 -48.7401896,-27.6213499992236,0.0 -48.7401975,-27.6214068992236,0.0 -48.7402136,-27.6214477992236,0.0 -48.7402225,-27.6214693992236,0.0 -48.7402647,-27.6215127992236,0.0 -48.740349,-27.6215985992236,0.0 -48.7403658,-27.6216699992236,0.0 -48.7403639,-27.6217075992236,0.0 -48.7403477,-27.6217459992236,0.0 -48.7403116,-27.6217795992236,0.0 -48.7402747,-27.6218034992236,0.0 -48.7402674,-27.6218226992236,0.0 -48.7402493,-27.6218898992236,0.0 -48.7402301,-27.6219843992236,0.0 -48.7402111,-27.6220275992236,0.0 -48.7402056,-27.6220763992236,0.0 -48.7402144,-27.6221428992236,0.0 -48.740248,-27.6223495992236,0.0 -48.7402752,-27.6226019992236,0.0 -48.7402841,-27.6226259992236,0.0 -48.740302,-27.6226476992236,0.0 -48.7403298,-27.6226693992236,0.0 -48.740391,-27.6226734992236,0.0 -48.7404458,-27.6226727992236,0.0 -48.7404988,-27.6226808992236,0.0 -48.7405437,-27.6227034992236,0.0 -48.7405904,-27.6227355992236,0.0 -48.7406182,-27.6227724992236,0.0 -48.7406298,-27.6227932992236,0.0 -48.7406369,-27.6228341992236,0.0 -48.7406602,-27.6228630992236,0.0 -48.7406772,-27.6228822992236,0.0 -48.7407248,-27.6229088992236,0.0 -48.7407733,-27.6229305992236,0.0 -48.7408514,-27.6229611992236,0.0 -48.7408847,-27.6229828992236,0.0 -48.7409358,-27.6230214992236,0.0 -48.7409582,-27.6230470992236,0.0 -48.7409851,-27.6230879992236,0.0 -48.741011,-27.6231473992236,0.0 -48.7410583,-27.6232587992236,0.0 -48.7410842,-27.6233468992236,0.0 -48.7410914,-27.6233768992236,0.0 -48.7411742,-27.6237188992236,0.0 -48.741177,-27.6237318992236,0.0 -48.741181,-27.6237507992236,0.0 -48.7412745,-27.6241918992236,0.0 -48.7412755,-27.6242418992236,0.0 -48.7412764,-27.6242686992236,0.0 -48.7412764,-27.6242705992236,0.0 -48.7412844,-27.6243104992236,0.0 -48.7413297,-27.6244957992236,0.0 -48.7414043,-27.6248383992236,0.0 -48.7414429,-27.6250016992236,0.0 -48.7414533,-27.6250454992236,0.0 -48.741449,-27.6250790992236,0.0 -48.7414903,-27.6252033992236,0.0 -48.7415195,-27.6252477992236,0.0 -48.7415435,-27.6252638992236,0.0 -48.7415838,-27.6252747992236,0.0 -48.7416201,-27.6252749992236,0.0 -48.7416888,-27.6252687992236,0.0 -48.7418228,-27.6252437992236,0.0 -48.7419007,-27.6252418992236,0.0 -48.7419162,-27.6252572992236,0.0 -48.7419272,-27.6252994992236,0.0 -48.7419333,-27.6253185992236,0.0 -48.7419842,-27.6254774992235,0.0 -48.7420394,-27.6256168992235,0.0 -48.7420892,-27.6257120992235,0.0 -48.7421482,-27.6258248992235,0.0 -48.7422337,-27.6259748992235,0.0 -48.742316,-27.6262159992235,0.0 -48.7423484,-27.6264051992235,0.0 -48.7423619,-27.6265190992235,0.0 -48.7423678,-27.6265430992235,0.0 -48.7424113,-27.6266446992235,0.0 -48.7424216,-27.6268390992235,0.0 -48.74244,-27.6269984992235,0.0 -48.7424491,-27.6271502992235,0.0 -48.74246,-27.6271763992235,0.0 -48.7424904,-27.6272111992235,0.0 -48.742523,-27.6272375992235,0.0 -48.7425329,-27.6272599992235,0.0 -48.7425328,-27.6273135992235,0.0 -48.7425195,-27.6273993992235,0.0 -48.7425145,-27.6274464992235,0.0 -48.7425138,-27.6274529992235,0.0 -48.7425117,-27.6274723992235,0.0 -48.7424826,-27.6276151992235,0.0 -48.7423855,-27.6279430992235,0.0 -48.7423493,-27.6280651992235,0.0 -48.7422544,-27.6282244992235,0.0 -48.7421688,-27.6283395992235,0.0 -48.7421051,-27.6284059992235,0.0 -48.7419044,-27.6285588992235,0.0 -48.7418048,-27.6286505992235,0.0 -48.7417314,-27.6287306992235,0.0 -48.7416555,-27.6288310992235,0.0 -48.7422384,-27.6294269992235,0.0 -48.7423834,-27.6300344992235,0.0 -48.7424144,-27.6301237992235,0.0 -48.7424454,-27.6302130992235,0.0 -48.7425118,-27.6303377992235,0.0 -48.7426764,-27.6308127992235,0.0 -48.7426779,-27.6308333992235,0.0 -48.7426819,-27.6308883992234,0.0 -48.7426918,-27.6311103992234,0.0 -48.7426921,-27.6312158992234,0.0 -48.742688,-27.6312601992234,0.0 -48.7426782,-27.6312830992234,0.0 -48.7426746,-27.6313056992234,0.0 -48.7426862,-27.6313424992234,0.0 -48.7426841,-27.6313673992234,0.0 -48.7426785,-27.6313880992234,0.0 -48.7426665,-27.6314142992234,0.0 -48.7426642,-27.6314456992234,0.0 -48.7426746,-27.6314962992234,0.0 -48.7427162,-27.6315995992234,0.0 -48.7427555,-27.6317095992234,0.0 -48.7427772,-27.6317254992234,0.0 -48.742799,-27.6317413992234,0.0 -48.7428476,-27.6317516992234,0.0 -48.7429007,-27.6317666992234,0.0 -48.7429321,-27.6317830992234,0.0 -48.7429751,-27.6318066992234,0.0 -48.7430957,-27.6319415992234,0.0 -48.7431994,-27.6320847992234,0.0 -48.7432253,-27.6321668992234,0.0 -48.7432394,-27.6323069992234,0.0 -48.743247,-27.6323646992234,0.0 -48.743253,-27.6324002992234,0.0 -48.7433344,-27.6325100992234,0.0 -48.7434484,-27.6326847992234,0.0 -48.7435742,-27.6328076992234,0.0 -48.743422,-27.6329984992234,0.0 -48.7433908,-27.6329979992234,0.0 -48.7433752,-27.6330018992234,0.0 -48.7433421,-27.6330179992234,0.0 -48.7433168,-27.6330369992234,0.0 -48.7433103,-27.6330485992234,0.0 -48.7433038,-27.6330602992234,0.0 -48.7433001,-27.6330865992234,0.0 -48.7432993,-27.6331254992234,0.0 -48.7432898,-27.6332015992234,0.0 -48.743275,-27.6332401992234,0.0 -48.7432539,-27.6332758992234,0.0 -48.74323,-27.6333045992234,0.0 -48.7432028,-27.6333373992234,0.0 -48.7431849,-27.6333703992234,0.0 -48.7431758,-27.6334298992234,0.0 -48.7431774,-27.6335006992234,0.0 -48.743178,-27.6335450992234,0.0 -48.7431967,-27.6336147992234,0.0 -48.7432361,-27.6337389992234,0.0 -48.743276,-27.6338367992234,0.0 -48.7433088,-27.6339039992234,0.0 -48.7433385,-27.6341354992234,0.0 -48.743336,-27.6342519992234,0.0 -48.7433093,-27.6343319992234,0.0 -48.7433834,-27.6345011992234,0.0 -48.7434543,-27.6346134992234,0.0 -48.743473,-27.6346649992234,0.0 -48.7434865,-27.6347709992234,0.0 -48.743485,-27.6348449992234,0.0 -48.7434491,-27.6349466992234,0.0 -48.7434141,-27.6350130992234,0.0 -48.7433868,-27.6350848992234,0.0 -48.7433712,-27.6351674992234,0.0 -48.7433813,-27.6352505992234,0.0 -48.743411,-27.6353426992234,0.0 -48.7435491,-27.6355963992234,0.0 -48.7435806,-27.6356541992234,0.0 -48.7436355,-27.6357678992234,0.0 -48.7436348,-27.6358031992233,0.0 -48.7436244,-27.6358276992234,0.0 -48.7436123,-27.6358371992234,0.0 -48.7436002,-27.6358466992234,0.0 -48.7435644,-27.6358530992234,0.0 -48.7434643,-27.6358784992234,0.0 -48.7433649,-27.6358996992234,0.0 -48.743277,-27.6359286992234,0.0 -48.7432027,-27.6359773992233,0.0 -48.7431218,-27.6360425992234,0.0 -48.7429703,-27.6361342992234,0.0 -48.7428343,-27.6362262992234,0.0 -48.7427176,-27.6362908992234,0.0 -48.7426562,-27.6363280992233,0.0 -48.742615,-27.6363529992233,0.0 -48.7425537,-27.6363810992233,0.0 -48.7424748,-27.6364268992233,0.0 -48.7424518,-27.6364486992233,0.0 -48.7424302,-27.6364690992233,0.0 -48.7423985,-27.6364976992233,0.0 -48.7423763,-27.6365125992233,0.0 -48.742336,-27.6365062992233,0.0 -48.7423098,-27.6364919992233,0.0 -48.7422864,-27.6364915992233,0.0 -48.7422611,-27.6365091992233,0.0 -48.7422528,-27.6365339992233,0.0 -48.7422521,-27.6365672992233,0.0 -48.7422556,-27.6366214992233,0.0 -48.7422579,-27.6366547992233,0.0 -48.7422554,-27.6366991992233,0.0 -48.742241,-27.6367169992233,0.0 -48.7422124,-27.6367441992233,0.0 -48.7422071,-27.6367473992233,0.0 -48.7422022,-27.6368525992233,0.0 -48.7421858,-27.6369643992233,0.0 -48.742173,-27.6370515992233,0.0 -48.7421682,-27.6372706992233,0.0 -48.7421666,-27.6374898992233,0.0 -48.7421068,-27.6379711992233,0.0 -48.7420482,-27.6388005992233,0.0 -48.7421857,-27.6392698992233,0.0 -48.7420868,-27.6400393992233,0.0 -48.742082,-27.6407667992233,0.0 -48.7424152,-27.6411661992232,0.0 -48.7427483,-27.6415655992233,0.0 -48.7435958,-27.6421466992232,0.0 -48.7383987,-27.657173899223,0.0 -48.7308594,-27.6789729992225,0.0 -48.7302352,-27.6790573992226,0.0 -48.7298176,-27.6791269992226,0.0 -48.7291216,-27.6791443992226,0.0 -48.7288606,-27.6791095992225,0.0 -48.7284778,-27.6790747992225,0.0 -48.728106,-27.6791599992225,0.0 -48.7278687,-27.6792487992225,0.0 -48.7276251,-27.6793879992225,0.0 -48.7274888,-27.6794921992225,0.0 -48.7273293,-27.6796141992225,0.0 -48.7270335,-27.6797881992225,0.0 -48.7266447,-27.6799466992225,0.0 -48.7263375,-27.6801013992225,0.0 -48.7258676,-27.6801883992225,0.0 -48.7254674,-27.6802405992225,0.0 -48.7251716,-27.6802405992225,0.0 -48.724754,-27.6801361992225,0.0 -48.7242842,-27.6800491992225,0.0 -48.724058,-27.6799795992225,0.0 -48.7237796,-27.6797881992225,0.0 -48.7237545,-27.6797740992225,0.0 -48.7233793,-27.6795619992225,0.0 -48.7229269,-27.6793009992225,0.0 -48.7226311,-27.6791443992226,0.0 -48.7222135,-27.6790399992225,0.0 -48.7219525,-27.6789703992226,0.0 -48.7216915,-27.6789703992226,0.0 -48.7214185,-27.6790730992226,0.0 -48.7211694,-27.6792313992225,0.0 -48.7209084,-27.6793009992225,0.0 -48.7206822,-27.6793531992225,0.0 -48.7205256,-27.6795097992225,0.0 -48.7203168,-27.6797359992225,0.0 -48.7201776,-27.6798577992225,0.0 -48.7197882,-27.6801738992225,0.0 -48.7197346,-27.6809028992225,0.0 -48.7198632,-27.6813942992225,0.0 -48.719832,-27.6818520992225,0.0 -48.7198444,-27.6823004992225,0.0 -48.7200115,-27.6828051992225,0.0 -48.7201966,-27.6833682992225,0.0 -48.7206108,-27.6840812992225,0.0 -48.7210688,-27.6846565992224,0.0 -48.7214906,-27.6850388992224,0.0 -48.721655,-27.6852123992224,0.0 -48.7218195,-27.6853858992224,0.0 -48.7221096,-27.6855799992224,0.0 -48.7222834,-27.6857009992224,0.0 -48.7224257,-27.6857999992224,0.0 -48.7225953,-27.6859894992224,0.0 -48.7227809,-27.6859412992224,0.0 -48.7230392,-27.6858687992224,0.0 -48.7231332,-27.6858886992224,0.0 -48.7231811,-27.6859021992224,0.0 -48.7232133,-27.6859221992224,0.0 -48.7232342,-27.6859525992224,0.0 -48.7232399,-27.6859768992224,0.0 -48.7232405,-27.6860090992224,0.0 -48.7232472,-27.6860356992224,0.0 -48.7232602,-27.6860716992224,0.0 -48.723283,-27.6861091992224,0.0 -48.7233857,-27.6861729992224,0.0 -48.7234341,-27.6862123992224,0.0 -48.723454,-27.6862356992224,0.0 -48.723467,-27.6862716992224,0.0 -48.7234808,-27.6863021992224,0.0 -48.7234936,-27.6863215992224,0.0 -48.7235189,-27.6863526992224,0.0 -48.7236177,-27.6864440992224,0.0 -48.7236718,-27.6865015992224,0.0 -48.7236918,-27.6865334992224,0.0 -48.7237136,-27.6865654992224,0.0 -48.7237374,-27.6866114992224,0.0 -48.7237377,-27.6866303992224,0.0 -48.7237294,-27.6866611992224,0.0 -48.7236996,-27.6867189992224,0.0 -48.723672,-27.6867602992224,0.0 -48.7236267,-27.6867947992224,0.0 -48.7235777,-27.6868198992224,0.0 -48.7235339,-27.6868385992224,0.0 -48.7235075,-27.6868523992224,0.0 -48.7234332,-27.6868911992224,0.0 -48.7234175,-27.6869031992224,0.0 -48.7234089,-27.6869142992224,0.0 -48.7234038,-27.6869269992224,0.0 -48.7234123,-27.6869590992224,0.0 -48.723476,-27.6869589992224,0.0 -48.7234955,-27.6869641992224,0.0 -48.7235065,-27.6869868992224,0.0 -48.7234967,-27.6871277992224,0.0 -48.723505,-27.6871457992224,0.0 -48.7235264,-27.6871587992224,0.0 -48.7235653,-27.6871605992224,0.0 -48.7235946,-27.6871688992224,0.0 -48.72361,-27.6871898992224,0.0 -48.7236241,-27.6872360992224,0.0 -48.7236299,-27.6873106992224,0.0 -48.7236351,-27.6873522992224,0.0 -48.7236508,-27.6873937992224,0.0 -48.7236664,-27.6874265992224,0.0 -48.7236795,-27.6874649992224,0.0 -48.7236998,-27.6875102992224,0.0 -48.7236944,-27.6875543992224,0.0 -48.7236809,-27.6875907992224,0.0 -48.7236568,-27.6876248992224,0.0 -48.7236164,-27.6876876992224,0.0 -48.7236028,-27.6877192992224,0.0 -48.7236057,-27.6877333992224,0.0 -48.7236166,-27.6877465992224,0.0 -48.7236291,-27.6877566992224,0.0 -48.7236981,-27.6877595992224,0.0 -48.7237387,-27.6877590992224,0.0 -48.7237847,-27.6877622992224,0.0 -48.723815,-27.6877744992224,0.0 -48.7238365,-27.6877898992224,0.0 -48.7238405,-27.6878165992224,0.0 -48.7238519,-27.6879547992224,0.0 -48.7238616,-27.6880034992224,0.0 -48.7238853,-27.6880455992224,0.0 -48.723944,-27.6881147992224,0.0 -48.7239577,-27.6881373992224,0.0 -48.7239598,-27.6881577992224,0.0 -48.7239502,-27.6882548992224,0.0 -48.7239349,-27.6882613992224,0.0 -48.7238545,-27.6883616992224,0.0 -48.7237803,-27.6884122992224,0.0 -48.7237515,-27.6884291992224,0.0 -48.7237335,-27.6884600992224,0.0 -48.723728,-27.6884987992224,0.0 -48.7237253,-27.6885427992224,0.0 -48.7237139,-27.6885972992224,0.0 -48.7236943,-27.6886368992224,0.0 -48.7236876,-27.6886593992224,0.0 -48.7236809,-27.6886818992224,0.0 -48.7236798,-27.6887180992224,0.0 -48.7236845,-27.6887816992224,0.0 -48.7237041,-27.6888388992224,0.0 -48.7237358,-27.6888808992224,0.0 -48.7237988,-27.6889436992224,0.0 -48.7239497,-27.6890781992224,0.0 -48.7239501,-27.6890881992224,0.0 -48.7239506,-27.6890981992224,0.0 -48.7239509,-27.6891318992224,0.0 -48.7239395,-27.6891693992224,0.0 -48.7237768,-27.6891967992224,0.0 -48.7236052,-27.6892459992224,0.0 -48.7233606,-27.6892856992224,0.0 -48.7231229,-27.6893252992224,0.0 -48.722869,-27.6893885992224,0.0 -48.7226387,-27.6894214992224,0.0 -48.7224142,-27.6894374992224,0.0 -48.7222084,-27.6894621992224,0.0 -48.7220233,-27.6894815992224,0.0 -48.7218128,-27.6895486992224,0.0 -48.7217283,-27.6895742992224,0.0 -48.7215491,-27.6896285992224,0.0 -48.7213807,-27.6896763992224,0.0 -48.7211042,-27.6897631992224,0.0 -48.720875,-27.6898256992223,0.0 -48.7206053,-27.6898872992223,0.0 -48.7203423,-27.6899719992223,0.0 -48.720083,-27.6900688992223,0.0 -48.7197843,-27.6901552992223,0.0 -48.7195293,-27.6902704992223,0.0 -48.7192324,-27.6904022992223,0.0 -48.7190273,-27.6905477992223,0.0 -48.7188052,-27.6906493992223,0.0 -48.7185581,-27.6907301992223,0.0 -48.7183367,-27.6907711992223,0.0 -48.7181308,-27.6907900992223,0.0 -48.7179351,-27.6908046992223,0.0 -48.7177347,-27.6908013992223,0.0 -48.717607,-27.6907947992223,0.0 -48.7174647,-27.6907656992223,0.0 -48.7173346,-27.6907590992223,0.0 -48.7172439,-27.6907820992223,0.0 -48.7171127,-27.6908222992223,0.0 -48.7169821,-27.6908379992223,0.0 -48.7167913,-27.6908526992223,0.0 -48.7164973,-27.6908299992223,0.0 -48.7162974,-27.6908021992223,0.0 -48.7160831,-27.6907428992223,0.0 -48.7158042,-27.6906579992223,0.0 -48.7156056,-27.6905677992223,0.0 -48.7153947,-27.6904639992223,0.0 -48.7151809,-27.6903801992223,0.0 -48.7150462,-27.6903511992223,0.0 -48.7149184,-27.6903490992223,0.0 -48.714745,-27.6903729992223,0.0 -48.7146643,-27.6904005992223,0.0 -48.7144714,-27.6905133992223,0.0 -48.7143282,-27.6906118992223,0.0 -48.7142456,-27.6907241992223,0.0 -48.7138915,-27.6911241992223,0.0 -48.7137709,-27.6912559992223,0.0 -48.7135699,-27.6914020992223,0.0 -48.7134321,-27.6914648992223,0.0 -48.7132079,-27.6915191992223,0.0 -48.7129763,-27.6915710992223,0.0 -48.712782,-27.6916347992223,0.0 -48.7126098,-27.6917188992223,0.0 -48.7124172,-27.6918204992223,0.0 -48.7122766,-27.6919541992223,0.0 -48.7121152,-27.6921231992223,0.0 -48.7120287,-27.6922166992223,0.0 -48.7118876,-27.6923191992223,0.0 -48.7116845,-27.6924425992223,0.0 -48.7115016,-27.6925255992223,0.0 -48.7112986,-27.6926458992223,0.0 -48.7111383,-27.6927417992223,0.0 -48.7110308,-27.6927952992223,0.0 -48.7108821,-27.6928413992223,0.0 -48.7107852,-27.6928459992223,0.0 -48.7106898,-27.6928663992223,0.0 -48.710515,-27.6928994992223,0.0 -48.7104424,-27.6929248992223,0.0 -48.7102829,-27.6929847992223,0.0 -48.7101372,-27.6930543992223,0.0 -48.7099721,-27.6931282992223,0.0 -48.7097974,-27.6932211992223,0.0 -48.7096158,-27.6933277992223,0.0 -48.7094889,-27.6934226992223,0.0 -48.7093296,-27.6935577992223,0.0 -48.7092479,-27.6936361992223,0.0 -48.7091663,-27.6937146992223,0.0 -48.7089827,-27.6939028992223,0.0 -48.7089633,-27.6939209992223,0.0 -48.708956,-27.6939277992223,0.0 -48.7087854,-27.6940873992223,0.0 -48.7086541,-27.6942018992223,0.0 -48.7084788,-27.6943397992223,0.0 -48.7082741,-27.6944599992223,0.0 -48.708075,-27.6945615992223,0.0 -48.7079128,-27.6946313992223,0.0 -48.7077034,-27.6947202992223,0.0 -48.7074722,-27.6948415992223,0.0 -48.7073032,-27.6949358992223,0.0 -48.7071956,-27.6950158992223,0.0 -48.7071377,-27.6950738992223,0.0 -48.7070896,-27.6951220992222,0.0 -48.7070099,-27.6952318992223,0.0 -48.7069369,-27.6953251992222,0.0 -48.7068365,-27.6954158992222,0.0 -48.7067327,-27.6955001992222,0.0 -48.7066178,-27.6956140992222,0.0 -48.7064993,-27.6957263992222,0.0 -48.7063972,-27.6958863992222,0.0 -48.7063325,-27.6959533992222,0.0 -48.7062677,-27.6960203992222,0.0 -48.7061721,-27.6961361992222,0.0 -48.7061082,-27.6962477992222,0.0 -48.7060359,-27.6964115992222,0.0 -48.7059645,-27.6965496992222,0.0 -48.7059121,-27.6966989992222,0.0 -48.7058234,-27.6968937992222,0.0 -48.7057088,-27.6970749992222,0.0 -48.7055962,-27.6972451992222,0.0 -48.705514,-27.6973745992222,0.0 -48.7054691,-27.6975052992222,0.0 -48.7054742,-27.6975976992222,0.0 -48.7055037,-27.6976982992222,0.0 -48.7056008,-27.6978532992222,0.0 -48.7056965,-27.6979831992222,0.0 -48.705787,-27.6981325992222,0.0 -48.7059013,-27.6983002992222,0.0 -48.7060534,-27.6985124992222,0.0 -48.7061307,-27.6986066992222,0.0 -48.7062422,-27.6987399992222,0.0 -48.7063224,-27.6988585992222,0.0 -48.706353,-27.6989921992222,0.0 -48.7063681,-27.6991137992222,0.0 -48.7063495,-27.6992495992222,0.0 -48.7063202,-27.6993851992222,0.0 -48.706298,-27.6994380992222,0.0 -48.70621,-27.6995257992222,0.0 -48.7060978,-27.6995927992222,0.0 -48.7059686,-27.6996297992222,0.0 -48.7058435,-27.6996433992222,0.0 -48.7056568,-27.6996511992222,0.0 -48.7055247,-27.6996334992222,0.0 -48.7053002,-27.6996015992222,0.0 -48.7051338,-27.6995706992222,0.0 -48.7048246,-27.6995514992222,0.0 -48.7046729,-27.6995525992222,0.0 -48.7045759,-27.6995634992222,0.0 -48.7044802,-27.6995994992222,0.0 -48.7043844,-27.6996354992222,0.0 -48.7042844,-27.6997104992222,0.0 -48.7041874,-27.6998027992222,0.0 -48.7041319,-27.6999332992222,0.0 -48.7041028,-27.7000366992222,0.0 -48.704067,-27.7001502992222,0.0 -48.7040183,-27.7002934992221,0.0 -48.7039758,-27.7003897992222,0.0 -48.7039301,-27.7004597992222,0.0 -48.7038673,-27.7005228992221,0.0 -48.703765,-27.7006165992221,0.0 -48.7036405,-27.7007678992221,0.0 -48.7035283,-27.7009162992221,0.0 -48.7034807,-27.7010036992221,0.0 -48.7033512,-27.7012209992221,0.0 -48.7033002,-27.7013029992221,0.0 -48.703275,-27.7014168992221,0.0 -48.703275,-27.7014997992221,0.0 -48.7032517,-27.7016026992221,0.0 -48.7032311,-27.7017406992221,0.0 -48.7031802,-27.7019072992221,0.0 -48.7031125,-27.7021126992221,0.0 -48.7030495,-27.7023423992221,0.0 -48.702977,-27.7025304992221,0.0 -48.7029314,-27.7026899992221,0.0 -48.7028805,-27.7028534992221,0.0 -48.7028425,-27.7030718992221,0.0 -48.702809,-27.7032426992221,0.0 -48.7027723,-27.7034830992221,0.0 -48.7027581,-27.7037431992221,0.0 -48.7027587,-27.7039653992221,0.0 -48.7027554,-27.7042093992221,0.0 -48.7027596,-27.7043446992221,0.0 -48.7027726,-27.7046947992221,0.0 -48.702734,-27.7050607992221,0.0 -48.7026661,-27.7053395992221,0.0 -48.7025572,-27.7054599992221,0.0 -48.7022756,-27.7055734992221,0.0 -48.7020894,-27.7055782992221,0.0 -48.7019026,-27.7056106992221,0.0 -48.7017836,-27.7056451992221,0.0 -48.7016646,-27.705679699222,0.0 -48.701463,-27.7057827992221,0.0 -48.7014105,-27.705818699222,0.0 -48.7016198,-27.7058225992221,0.0 -48.7017072,-27.7058353992221,0.0 -48.7017844,-27.7058777992221,0.0 -48.7018048,-27.705968899222,0.0 -48.7017872,-27.706124499222,0.0 -48.7017838,-27.706260599222,0.0 -48.7017984,-27.706490899222,0.0 -48.701842,-27.706747999222,0.0 -48.7018975,-27.706984799222,0.0 -48.7019464,-27.707152699222,0.0 -48.7019621,-27.707206399222,0.0 -48.7020489,-27.707464199222,0.0 -48.7021218,-27.707698699222,0.0 -48.7022019,-27.708050399222,0.0 -48.702247,-27.708321699222,0.0 -48.7023606,-27.709102199222,0.0 -48.7024394,-27.709521499222,0.0 -48.7024736,-27.710085099222,0.0 -48.7024834,-27.710306599222,0.0 -48.7025029,-27.710474499222,0.0 -48.7025448,-27.710588699222,0.0 -48.702488,-27.710731699222,0.0 -48.7023843,-27.710833599222,0.0 -48.701989,-27.711068299222,0.0 -48.7018513,-27.711156399222,0.0 -48.7017929,-27.7112363992219,0.0 -48.7017621,-27.711351499222,0.0 -48.7017763,-27.7114582992219,0.0 -48.7018477,-27.7116162992219,0.0 -48.7020052,-27.7118037992219,0.0 -48.7021867,-27.7119103992219,0.0 -48.7023422,-27.7119944992219,0.0 -48.7025862,-27.7121087992219,0.0 -48.7027544,-27.7122045992219,0.0 -48.7028753,-27.7123073992219,0.0 -48.7029384,-27.7124388992219,0.0 -48.7029903,-27.7125985992219,0.0 -48.7030354,-27.7129205992219,0.0 -48.7030548,-27.7132819992219,0.0 -48.7030345,-27.7135279992219,0.0 -48.7030589,-27.7136497992219,0.0 -48.7031383,-27.7138721992219,0.0 -48.7033298,-27.7142271992219,0.0 -48.7034357,-27.7145604992219,0.0 -48.7034615,-27.7148145992219,0.0 -48.7034167,-27.7150078992219,0.0 -48.7033659,-27.7151456992219,0.0 -48.7032351,-27.7152918992219,0.0 -48.7029355,-27.7155193992219,0.0 -48.7027001,-27.7157365992219,0.0 -48.702413,-27.7159932992219,0.0 -48.7022292,-27.7161463992219,0.0 -48.7020672,-27.7163046992218,0.0 -48.7019655,-27.7164231992219,0.0 -48.7017402,-27.7165174992218,0.0 -48.7015683,-27.7165587992218,0.0 -48.7012498,-27.7165805992219,0.0 -48.7011035,-27.7165879992219,0.0 -48.7009375,-27.7166122992219,0.0 -48.7008038,-27.7166786992218,0.0 -48.7006997,-27.7167750992218,0.0 -48.7004486,-27.7172386992218,0.0 -48.7003884,-27.7174011992218,0.0 -48.7003828,-27.7175359992218,0.0 -48.7005084,-27.7184661992218,0.0 -48.700572,-27.7189074992218,0.0 -48.7006862,-27.7197304992218,0.0 -48.7008275,-27.7204615992218,0.0 -48.7008439,-27.7206364992218,0.0 -48.7008425,-27.7208502992218,0.0 -48.7008516,-27.7210074992218,0.0 -48.7008771,-27.7211134992218,0.0 -48.7009028,-27.7212112992218,0.0 -48.700983,-27.7213610992218,0.0 -48.7010153,-27.7214397992218,0.0 -48.7010209,-27.7215372992218,0.0 -48.7010062,-27.7216470992218,0.0 -48.7009433,-27.7217817992217,0.0 -48.7008717,-27.7218888992217,0.0 -48.7007805,-27.7219737992218,0.0 -48.7003909,-27.7221868992218,0.0 -48.699987,-27.7223552992217,0.0 -48.699611,-27.7225171992217,0.0 -48.6995038,-27.7225736992217,0.0 -48.6994078,-27.7226325992217,0.0 -48.6993086,-27.7227031992217,0.0 -48.6992365,-27.7227748992217,0.0 -48.699171,-27.7228541992217,0.0 -48.6991321,-27.7229294992217,0.0 -48.6989551,-27.7232920992217,0.0 -48.6989276,-27.7233527992217,0.0 -48.6988759,-27.7234218992217,0.0 -48.6988003,-27.7234885992217,0.0 -48.6986467,-27.7235677992217,0.0 -48.6984936,-27.7236312992217,0.0 -48.6983634,-27.7236951992217,0.0 -48.6982083,-27.7237861992217,0.0 -48.6981239,-27.7238546992217,0.0 -48.6980701,-27.7239207992217,0.0 -48.698033,-27.7240178992217,0.0 -48.6980184,-27.7241418992217,0.0 -48.6980217,-27.7244006992217,0.0 -48.6980351,-27.7245436992217,0.0 -48.698085,-27.7247137992217,0.0 -48.6980992,-27.7247732992217,0.0 -48.698134,-27.7249609992217,0.0 -48.6981318,-27.7250303992217,0.0 -48.698095,-27.7251206992217,0.0 -48.6980228,-27.7252326992217,0.0 -48.6976504,-27.7256086992217,0.0 -48.697506,-27.7257171992217,0.0 -48.697359,-27.7258300992217,0.0 -48.6971502,-27.7260024992217,0.0 -48.6970383,-27.7261092992217,0.0 -48.6969123,-27.7262376992217,0.0 -48.6967944,-27.7264379992217,0.0 -48.6966062,-27.7268478992217,0.0 -48.6963971,-27.7273451992216,0.0 -48.6963551,-27.7274260992217,0.0 -48.6963474,-27.7275259992216,0.0 -48.6963415,-27.7276745992216,0.0 -48.6963592,-27.7277588992216,0.0 -48.6964037,-27.7278213992216,0.0 -48.696534,-27.7279355992216,0.0 -48.6966343,-27.7280186992216,0.0 -48.6966717,-27.7280787992216,0.0 -48.6966817,-27.7281884992216,0.0 -48.6966688,-27.7284043992216,0.0 -48.6966171,-27.7287197992216,0.0 -48.696523,-27.7290600992216,0.0 -48.6964836,-27.7291662992216,0.0 -48.6964292,-27.7292344992216,0.0 -48.6960238,-27.7295093992216,0.0 -48.6957314,-27.7297213992216,0.0 -48.6956139,-27.7298407992216,0.0 -48.6955484,-27.7299292992216,0.0 -48.6955257,-27.7300011992216,0.0 -48.695518,-27.7301172992216,0.0 -48.6955222,-27.7302508992216,0.0 -48.6955539,-27.7303941992216,0.0 -48.6956197,-27.7304611992216,0.0 -48.6957669,-27.7305794992216,0.0 -48.6959098,-27.7307335992216,0.0 -48.6959328,-27.7308237992216,0.0 -48.695965,-27.7311162992216,0.0 -48.6959808,-27.7312635992216,0.0 -48.6959966,-27.7314108992216,0.0 -48.6960074,-27.7316798992216,0.0 -48.6960124,-27.7318054992216,0.0 -48.6960677,-27.7322127992216,0.0 -48.6960756,-27.7323085992216,0.0 -48.6960569,-27.7324428992215,0.0 -48.6959844,-27.7326691992216,0.0 -48.6959705,-27.7328549992215,0.0 -48.6959821,-27.7330588992215,0.0 -48.696001,-27.7332026992215,0.0 -48.6959969,-27.7333222992215,0.0 -48.695995,-27.7333480992215,0.0 -48.6959836,-27.7335092992215,0.0 -48.6959864,-27.7336933992215,0.0 -48.6959493,-27.7339359992215,0.0 -48.695933,-27.7340161992215,0.0 -48.6959111,-27.7340662992215,0.0 -48.6958131,-27.7342003992215,0.0 -48.6957572,-27.7342622992215,0.0 -48.695703,-27.7343803992215,0.0 -48.695629,-27.7346106992215,0.0 -48.6955458,-27.7347765992215,0.0 -48.695448,-27.7349064992215,0.0 -48.6953583,-27.7350056992215,0.0 -48.6953178,-27.7350722992215,0.0 -48.6952673,-27.7351772992215,0.0 -48.6952265,-27.7352464992215,0.0 -48.695187,-27.7353012992215,0.0 -48.695138,-27.7353448992215,0.0 -48.6950669,-27.7353982992215,0.0 -48.6950394,-27.7354336992215,0.0 -48.6950218,-27.7354817992215,0.0 -48.6950233,-27.7355388992215,0.0 -48.6950402,-27.7356422992215,0.0 -48.695067,-27.7357968992215,0.0 -48.695065,-27.7359626992215,0.0 -48.6950506,-27.7360374992215,0.0 -48.6950327,-27.7361032992215,0.0 -48.6950122,-27.7361490992215,0.0 -48.6949685,-27.7362233992215,0.0 -48.6948845,-27.7363632992215,0.0 -48.6948453,-27.7364725992215,0.0 -48.6948272,-27.7365645992215,0.0 -48.6947848,-27.7368286992215,0.0 -48.6947641,-27.7369388992215,0.0 -48.6947145,-27.7370809992215,0.0 -48.6946321,-27.7372477992215,0.0 -48.6945863,-27.7373536992215,0.0 -48.6945775,-27.7374625992215,0.0 -48.6945862,-27.7375658992215,0.0 -48.6946352,-27.7376908992215,0.0 -48.6946818,-27.7377616992215,0.0 -48.6948415,-27.7379315992215,0.0 -48.6949093,-27.7380092992214,0.0 -48.6950027,-27.7381441992215,0.0 -48.6950349,-27.7382217992214,0.0 -48.6950523,-27.7383130992214,0.0 -48.6950472,-27.7383863992214,0.0 -48.6950263,-27.7384640992214,0.0 -48.6949917,-27.7385212992214,0.0 -48.694771,-27.7387155992214,0.0 -48.6945174,-27.7389148992214,0.0 -48.6944518,-27.7389676992214,0.0 -48.6943807,-27.7390372992214,0.0 -48.6943297,-27.7390902992214,0.0 -48.6942983,-27.7391436992214,0.0 -48.6942822,-27.7392116992214,0.0 -48.6942787,-27.7392415992214,0.0 -48.6942691,-27.7393846992214,0.0 -48.6942585,-27.7395467992214,0.0 -48.6942429,-27.7396380992214,0.0 -48.6942231,-27.7396968992214,0.0 -48.6941974,-27.7397546992214,0.0 -48.6941192,-27.7398968992214,0.0 -48.6940896,-27.7399492992214,0.0 -48.6940601,-27.7400016992214,0.0 -48.6940449,-27.7400692992214,0.0 -48.6940248,-27.7402384992214,0.0 -48.6940214,-27.7403524992214,0.0 -48.6940268,-27.7404203992214,0.0 -48.6940451,-27.7404809992214,0.0 -48.69407,-27.7405544992214,0.0 -48.6940964,-27.7406479992214,0.0 -48.6940985,-27.7407298992214,0.0 -48.6940858,-27.7407857992214,0.0 -48.6940617,-27.7408378992214,0.0 -48.694031,-27.7408805992214,0.0 -48.6939888,-27.7409221992214,0.0 -48.6939068,-27.7409910992214,0.0 -48.6937471,-27.7410968992214,0.0 -48.6933736,-27.7413302992214,0.0 -48.6932774,-27.7413972992214,0.0 -48.6931951,-27.7414841992214,0.0 -48.6931189,-27.7415822992214,0.0 -48.6930424,-27.7417007992214,0.0 -48.6929926,-27.7418126992214,0.0 -48.6929435,-27.7419471992214,0.0 -48.6929021,-27.7421812992214,0.0 -48.6928962,-27.7422517992214,0.0 -48.6929111,-27.7423388992214,0.0 -48.6929432,-27.7424374992214,0.0 -48.6930386,-27.7426193992214,0.0 -48.6931377,-27.7427860992214,0.0 -48.6931456,-27.7428184992214,0.0 -48.6931456,-27.7428490992214,0.0 -48.6931354,-27.7428974992214,0.0 -48.6931088,-27.7429363992214,0.0 -48.6930694,-27.7429711992214,0.0 -48.6929929,-27.7430055992214,0.0 -48.6929146,-27.7430239992214,0.0 -48.692808,-27.7430390992214,0.0 -48.6926249,-27.7430491992214,0.0 -48.6924532,-27.7430506992214,0.0 -48.6921494,-27.7430479992214,0.0 -48.6920172,-27.7430645992214,0.0 -48.6918887,-27.7430823992214,0.0 -48.6918199,-27.7431032992214,0.0 -48.6917621,-27.7431321992214,0.0 -48.6917094,-27.7431919992214,0.0 -48.6916668,-27.7432824992214,0.0 -48.6916265,-27.7434297992213,0.0 -48.6915994,-27.7436426992213,0.0 -48.6915691,-27.7440825992213,0.0 -48.6915535,-27.7442389992213,0.0 -48.6915457,-27.7442902992213,0.0 -48.6915269,-27.7443373992213,0.0 -48.6912818,-27.7448971992213,0.0 -48.6911819,-27.7452400992213,0.0 -48.6911394,-27.7454386992213,0.0 -48.6910185,-27.7461165992213,0.0 -48.6909397,-27.7465338992213,0.0 -48.6909179,-27.7466683992213,0.0 -48.6908744,-27.7468417992213,0.0 -48.6906826,-27.7473853992213,0.0 -48.6906425,-27.7475277992213,0.0 -48.6906293,-27.7476196992213,0.0 -48.6906292,-27.7477547992213,0.0 -48.6906404,-27.7479636992213,0.0 -48.690694,-27.7487033992213,0.0 -48.6907025,-27.7490023992212,0.0 -48.6907024,-27.7490742992213,0.0 -48.6906774,-27.7491927992212,0.0 -48.6906525,-27.7492664992212,0.0 -48.6906044,-27.7493463992212,0.0 -48.6905383,-27.7494127992212,0.0 -48.6904167,-27.7494904992212,0.0 -48.6901706,-27.7495857992212,0.0 -48.6900036,-27.7496225992212,0.0 -48.6897681,-27.7496441992212,0.0 -48.6895385,-27.7496516992212,0.0 -48.6894166,-27.7496752992212,0.0 -48.689254,-27.7497523992212,0.0 -48.6890515,-27.7498959992212,0.0 -48.6889282,-27.7500002992212,0.0 -48.6888461,-27.7500753992212,0.0 -48.6887485,-27.7501553992212,0.0 -48.6885898,-27.7502972992212,0.0 -48.6884551,-27.7504235992212,0.0 -48.6883152,-27.7505751992212,0.0 -48.6881494,-27.7507243992212,0.0 -48.6879902,-27.7508280992212,0.0 -48.687774,-27.7509307992212,0.0 -48.6875875,-27.7510079992212,0.0 -48.6875,-27.7510522992212,0.0 -48.6874387,-27.7510749992212,0.0 -48.6873635,-27.7511185992212,0.0 -48.687291,-27.7511673992212,0.0 -48.6872017,-27.7512257992212,0.0 -48.6870577,-27.7513232992212,0.0 -48.6869208,-27.7513972992212,0.0 -48.6867709,-27.7514557992212,0.0 -48.6866225,-27.7515362992212,0.0 -48.6865056,-27.7516114992212,0.0 -48.6864396,-27.7516939992212,0.0 -48.6864389,-27.7517003992212,0.0 -48.6864268,-27.7518038992212,0.0 -48.686451,-27.7519237992212,0.0 -48.6864983,-27.7520312992212,0.0 -48.6865542,-27.7521395992212,0.0 -48.6866228,-27.7522778992212,0.0 -48.6866498,-27.7523969992212,0.0 -48.6866455,-27.7525112992212,0.0 -48.6866146,-27.7526256992212,0.0 -48.6865721,-27.7527409992212,0.0 -48.6864941,-27.7528701992212,0.0 -48.6864179,-27.7529931992212,0.0 -48.6863598,-27.7530836992212,0.0 -48.6862686,-27.7532499992212,0.0 -48.6861929,-27.7533957992212,0.0 -48.6861418,-27.7535142992212,0.0 -48.6860974,-27.7536321992212,0.0 -48.6860597,-27.7537484992212,0.0 -48.6860266,-27.7538705992212,0.0 -48.6860237,-27.7538815992212,0.0 -48.6860214,-27.7538900992212,0.0 -48.6859633,-27.7540286992212,0.0 -48.6859102,-27.7541289992211,0.0 -48.6858296,-27.7542344992211,0.0 -48.6857314,-27.7543452992211,0.0 -48.6856189,-27.7544467992211,0.0 -48.6855137,-27.7545212992211,0.0 -48.6854069,-27.7545840992211,0.0 -48.6852797,-27.7546551992211,0.0 -48.6851406,-27.7547320992211,0.0 -48.6850215,-27.7547858992211,0.0 -48.6848881,-27.7548311992211,0.0 -48.6847572,-27.7548602992211,0.0 -48.6846282,-27.7548966992211,0.0 -48.6844915,-27.7549411992211,0.0 -48.6843856,-27.7550059992211,0.0 -48.6842811,-27.7550887992211,0.0 -48.6841837,-27.7551915992211,0.0 -48.6840568,-27.7553321992211,0.0 -48.6839507,-27.7554446992211,0.0 -48.6838075,-27.7555932992211,0.0 -48.6836981,-27.7556959992211,0.0 -48.6836126,-27.7558031992211,0.0 -48.6835323,-27.7559082992211,0.0 -48.683452,-27.7560141992211,0.0 -48.6834058,-27.7560743992211,0.0 -48.6833445,-27.7561630992211,0.0 -48.6832982,-27.7562194992211,0.0 -48.6832406,-27.7563067992211,0.0 -48.6831804,-27.7563955992211,0.0 -48.6831182,-27.7564975992211,0.0 -48.6830896,-27.7565700992211,0.0 -48.6830712,-27.7566580992211,0.0 -48.6830638,-27.7567167992211,0.0 -48.6830503,-27.7567744992211,0.0 -48.6830244,-27.7568420992211,0.0 -48.682973,-27.7570164992211,0.0 -48.6829215,-27.7571908992211,0.0 -48.6827967,-27.7575381992211,0.0 -48.6827072,-27.7577242992211,0.0 -48.6826193,-27.7578577992211,0.0 -48.6824963,-27.7580150992211,0.0 -48.6823326,-27.7582201992211,0.0 -48.6821725,-27.7584005992211,0.0 -48.6820181,-27.7585639992211,0.0 -48.6814507,-27.7586809992211,0.0 -48.6813546,-27.7587268992211,0.0 -48.6808731,-27.7586934992211,0.0 -48.6803722,-27.7585461992211,0.0 -48.6798482,-27.7584385992211,0.0 -48.6795625,-27.7583658992211,0.0 -48.6793644,-27.7583141992211,0.0 -48.6791056,-27.7582201992211,0.0 -48.6787076,-27.7580554992211,0.0 -48.6783757,-27.7579586992211,0.0 -48.6780304,-27.7579067992211,0.0 -48.6775987,-27.7578030992211,0.0 -48.6772416,-27.7577335992211,0.0 -48.6771949,-27.7577244992211,0.0 -48.6768731,-27.7576486992211,0.0 -48.6765992,-27.7576153992211,0.0 -48.676416,-27.7575974992211,0.0 -48.6762328,-27.7575795992211,0.0 -48.6761257,-27.7575691992211,0.0 -48.6757925,-27.7575276992211,0.0 -48.6754622,-27.7574852992211,0.0 -48.6752507,-27.7574644992211,0.0 -48.6749527,-27.7574114992211,0.0 -48.6751625,-27.7577856992211,0.0 -48.67547,-27.7580280992211,0.0 -48.6761245,-27.7582891992211,0.0 -48.676885,-27.7586893992211,0.0 -48.6775962,-27.7589159992211,0.0 -48.6783911,-27.759410799221,0.0 -48.6790494,-27.759602499221,0.0 -48.6792393,-27.759803299221,0.0 -48.6793273,-27.759896399221,0.0 -48.6797536,-27.760269399221,0.0 -48.6802332,-27.760464799221,0.0 -48.6807127,-27.760606899221,0.0 -48.6808231,-27.760631799221,0.0 -48.6812634,-27.760731199221,0.0 -48.6815298,-27.760766699221,0.0 -48.6817962,-27.760926599221,0.0 -48.6822048,-27.761175299221,0.0 -48.6824268,-27.761228599221,0.0 -48.6826488,-27.761281799221,0.0 -48.6830751,-27.761370699221,0.0 -48.6835192,-27.761388399221,0.0 -48.6836883,-27.761387299221,0.0 -48.6841053,-27.761459499221,0.0 -48.6842652,-27.761619299221,0.0 -48.6844606,-27.761903499221,0.0 -48.6844961,-27.762116699221,0.0 -48.6845494,-27.762258799221,0.0 -48.6846204,-27.762383099221,0.0 -48.685029,-27.762649499221,0.0 -48.6852776,-27.762809399221,0.0 -48.6854822,-27.762955699221,0.0 -48.6856862,-27.762933699221,0.0 -48.6858993,-27.762969299221,0.0 -48.6860236,-27.763040299221,0.0 -48.686148,-27.763200199221,0.0 -48.686151,-27.763372299221,0.0 -48.6862368,-27.763555399221,0.0 -48.6863078,-27.763626499221,0.0 -48.6863627,-27.763690499221,0.0 -48.6864144,-27.763750799221,0.0 -48.6864677,-27.763804099221,0.0 -48.6865743,-27.763999499221,0.0 -48.6865751,-27.764009599221,0.0 -48.686592,-27.764212599221,0.0 -48.6867164,-27.764532299221,0.0 -48.6868762,-27.7649052992209,0.0 -48.6870716,-27.7651006992209,0.0 -48.6874269,-27.7653138992209,0.0 -48.6877288,-27.7654914992209,0.0 -48.6881018,-27.7656335992209,0.0 -48.6882617,-27.7657756992209,0.0 -48.6884571,-27.7660065992209,0.0 -48.6886169,-27.7662019992209,0.0 -48.6889011,-27.7663795992209,0.0 -48.6890965,-27.7664505992209,0.0 -48.689434,-27.7664328992209,0.0 -48.689733,-27.7663295992209,0.0 -48.6902155,-27.7661308992209,0.0 -48.6905708,-27.7660242992209,0.0 -48.6908727,-27.7659354992209,0.0 -48.691228,-27.7659177992209,0.0 -48.6921161,-27.7660598992209,0.0 -48.6924891,-27.7661663992209,0.0 -48.6930042,-27.7664150992209,0.0 -48.6933949,-27.7666459992209,0.0 -48.6936969,-27.7666992992209,0.0 -48.6940521,-27.7666814992209,0.0 -48.6944252,-27.7667703992209,0.0 -48.6946561,-27.7668946992209,0.0 -48.6950113,-27.7670012992209,0.0 -48.6952422,-27.7671610992209,0.0 -48.6954909,-27.7671966992209,0.0 -48.6957396,-27.7672143992209,0.0 -48.6959705,-27.7672676992209,0.0 -48.6961481,-27.7674097992209,0.0 -48.6965033,-27.7675163992209,0.0 -48.6968231,-27.7675518992209,0.0 -48.6971961,-27.7675340992209,0.0 -48.6976046,-27.7675518992209,0.0 -48.6980842,-27.7675163992209,0.0 -48.6983861,-27.7675163992209,0.0 -48.6985815,-27.7675340992209,0.0 -48.6987591,-27.7675340992209,0.0 -48.6989012,-27.7675518992209,0.0 -48.6990256,-27.7675696992209,0.0 -48.6991854,-27.7675696992209,0.0 -48.699292,-27.7676228992209,0.0 -48.6993453,-27.7678005992209,0.0 -48.6993986,-27.7679248992209,0.0 -48.6994163,-27.7680847992209,0.0 -48.6994519,-27.7682978992209,0.0 -48.6995229,-27.7685287992209,0.0 -48.6997361,-27.7687419992209,0.0 -48.6998984,-27.7688140992209,0.0 -48.7005353,-27.7690971992209,0.0 -48.7010682,-27.7691326992209,0.0 -48.7013702,-27.7692037992209,0.0 -48.7016366,-27.7694524992209,0.0 -48.7017432,-27.7696833992209,0.0 -48.701832,-27.7698786992209,0.0 -48.7020984,-27.7700385992209,0.0 -48.7023293,-27.7702339992209,0.0 -48.7026846,-27.7703405992208,0.0 -48.7030221,-27.7706069992208,0.0 -48.7031997,-27.7709266992208,0.0 -48.7033951,-27.7712108992208,0.0 -48.7036082,-27.7714772992208,0.0 -48.7036615,-27.7717792992208,0.0 -48.7036615,-27.7720279992208,0.0 -48.7036615,-27.7721470992208,0.0 -48.7036615,-27.7721700992208,0.0 -48.7037205,-27.7724974992208,0.0 -48.7037842,-27.7726195992208,0.0 -48.703901,-27.7727257992208,0.0 -48.70397,-27.7728000992208,0.0 -48.7041293,-27.7729752992208,0.0 -48.7041717,-27.7730654992208,0.0 -48.7042407,-27.7732194992208,0.0 -48.7043416,-27.7733998992208,0.0 -48.7044053,-27.7734158992208,0.0 -48.7045433,-27.7734264992208,0.0 -48.704745,-27.7734476992208,0.0 -48.704968,-27.7734529992208,0.0 -48.7051113,-27.7735060992208,0.0 -48.705313,-27.7735538992208,0.0 -48.7056421,-27.7735326992208,0.0 -48.7058173,-27.7735166992208,0.0 -48.7059394,-27.7734689992208,0.0 -48.7061145,-27.7733945992208,0.0 -48.7064861,-27.7733627992208,0.0 -48.7067144,-27.7733839992208,0.0 -48.7068144,-27.7734132992208,0.0 -48.706932,-27.7734476992208,0.0 -48.7071178,-27.7734954992208,0.0 -48.707293,-27.7735697992208,0.0 -48.7074257,-27.7737024992208,0.0 -48.7076168,-27.7739997992208,0.0 -48.7076911,-27.7742651992208,0.0 -48.7077813,-27.7743978992208,0.0 -48.7078397,-27.7744933992208,0.0 -48.7079286,-27.7745448992208,0.0 -48.7079406,-27.7745517992208,0.0 -48.7081582,-27.7746420992208,0.0 -48.7084449,-27.7747375992208,0.0 -48.70862,-27.7747375992208,0.0 -48.7088907,-27.7746738992208,0.0 -48.7094693,-27.7745464992208,0.0 -48.7096685,-27.7744685992208,0.0 -48.7097135,-27.7744509992208,0.0 -48.7099259,-27.7744296992208,0.0 -48.7103505,-27.7744084992208,0.0 -48.7105841,-27.7743766992208,0.0 -48.7108601,-27.7743553992208,0.0 -48.7110724,-27.7743766992208,0.0 -48.7113626,-27.7744420992208,0.0 -48.7115183,-27.7744721992208,0.0 -48.7116351,-27.7744615992208,0.0 -48.711638,-27.7744609992208,0.0 -48.7118793,-27.7744084992208,0.0 -48.7121129,-27.7743341992208,0.0 -48.7123252,-27.7742916992208,0.0 -48.7125694,-27.7742385992208,0.0 -48.7126968,-27.7742704992208,0.0 -48.7129223,-27.7743559992208,0.0 -48.7130046,-27.7743872992208,0.0 -48.7133231,-27.7744933992208,0.0 -48.7139283,-27.7746526992208,0.0 -48.7144166,-27.7748012992208,0.0 -48.7147351,-27.7749605992208,0.0 -48.7148838,-27.7750348992208,0.0 -48.7149793,-27.7750348992208,0.0 -48.715043,-27.7749923992208,0.0 -48.7151385,-27.7749074992208,0.0 -48.7152129,-27.7747588992208,0.0 -48.7152872,-27.7746526992208,0.0 -48.7153615,-27.7746101992208,0.0 -48.7154636,-27.7746292992208,0.0 -48.7156057,-27.7747269992208,0.0 -48.7157755,-27.7748649992208,0.0 -48.7158333,-27.7749898992208,0.0 -48.7159348,-27.7751516992208,0.0 -48.7161046,-27.7752683992208,0.0 -48.7163701,-27.7754807992208,0.0 -48.7165187,-27.7756930992208,0.0 -48.7166567,-27.7758629992207,0.0 -48.7167629,-27.7759160992207,0.0 -48.7169009,-27.7759160992207,0.0 -48.7170495,-27.7757992992208,0.0 -48.7171451,-27.7757249992208,0.0 -48.7173043,-27.7756081992207,0.0 -48.7174211,-27.7755550992208,0.0 -48.7175485,-27.7755338992208,0.0 -48.7176971,-27.7755656992208,0.0 -48.7179413,-27.7758310992207,0.0 -48.718143,-27.7760540992207,0.0 -48.7183766,-27.7763937992207,0.0 -48.7186526,-27.7766803992207,0.0 -48.7188331,-27.7767228992207,0.0 -48.7189923,-27.7767228992207,0.0 -48.7191834,-27.7767334992207,0.0 -48.7193427,-27.7767759992207,0.0 -48.7194595,-27.7768927992207,0.0 -48.7194913,-27.7770625992207,0.0 -48.7194773,-27.7771841992207,0.0 -48.7193851,-27.7774235992207,0.0 -48.7193851,-27.7776571992207,0.0 -48.7194701,-27.7777951992207,0.0 -48.7195975,-27.7779118992207,0.0 -48.7197886,-27.7779649992207,0.0 -48.7198674,-27.7779553992207,0.0 -48.7201495,-27.7778906992207,0.0 -48.7203088,-27.7778588992207,0.0 -48.7205211,-27.7778588992207,0.0 -48.7206379,-27.7778800992207,0.0 -48.7207547,-27.7779012992207,0.0 -48.7208502,-27.7779225992207,0.0 -48.7209245,-27.7779649992207,0.0 -48.720967,-27.7780074992207,0.0 -48.7210095,-27.7780817992207,0.0 -48.7211475,-27.7783790992207,0.0 -48.7212749,-27.7785170992207,0.0 -48.7214554,-27.7785701992207,0.0 -48.7217632,-27.7787081992207,0.0 -48.7219649,-27.7788779992207,0.0 -48.7221985,-27.7791327992207,0.0 -48.7223471,-27.7793982992207,0.0 -48.7224427,-27.7798440992207,0.0 -48.722517,-27.7802050992207,0.0 -48.7225592,-27.7804833992207,0.0 -48.7225701,-27.7805554992207,0.0 -48.7226125,-27.7807146992206,0.0 -48.7226975,-27.7809588992207,0.0 -48.722793,-27.7811180992206,0.0 -48.7229735,-27.7814047992207,0.0 -48.7232071,-27.7815639992206,0.0 -48.7235149,-27.7817232992206,0.0 -48.7236646,-27.7817592992206,0.0 -48.7238441,-27.7818506992206,0.0 -48.7241838,-27.7822009992206,0.0 -48.724481,-27.7824663992206,0.0 -48.7246721,-27.7825088992206,0.0 -48.724842,-27.7825300992206,0.0 -48.725118,-27.7825088992206,0.0 -48.7253941,-27.7825725992206,0.0 -48.7255533,-27.7826786992206,0.0 -48.7256913,-27.7829016992206,0.0 -48.7258187,-27.7832626992206,0.0 -48.7260735,-27.7836129992206,0.0 -48.7262038,-27.7837200992206,0.0 -48.7265513,-27.7840057992206,0.0 -48.7266468,-27.7841437992206,0.0 -48.7266999,-27.7842711992206,0.0 -48.7267636,-27.7843454992206,0.0 -48.7269228,-27.7844410992206,0.0 -48.7271033,-27.7844622992206,0.0 -48.7272944,-27.7844728992206,0.0 -48.7274324,-27.7844941992206,0.0 -48.7275917,-27.7845578992206,0.0 -48.7277828,-27.7846533992206,0.0 -48.7280694,-27.7847489992206,0.0 -48.7282074,-27.7848019992206,0.0 -48.7284091,-27.7849930992206,0.0 -48.7285578,-27.7851311992206,0.0 -48.7287064,-27.7851629992206,0.0 -48.7288184,-27.7851682992206,0.0 -48.7290495,-27.7851709992206,0.0 -48.7292394,-27.7852054992206,0.0 -48.7294984,-27.7852745992206,0.0 -48.7297575,-27.7853608992206,0.0 -48.7300165,-27.7854817992206,0.0 -48.7305,-27.7857407992206,0.0 -48.7307417,-27.7859134992206,0.0 -48.7308972,-27.7861551992206,0.0 -48.7311044,-27.7864314992206,0.0 -48.7313116,-27.7865696992206,0.0 -48.7315188,-27.7867077992205,0.0 -48.7318642,-27.7869495992205,0.0 -48.7321923,-27.7870703992205,0.0 -48.732434,-27.7870185992205,0.0 -48.7326758,-27.7868286992205,0.0 -48.7329175,-27.7866732992205,0.0 -48.7331938,-27.7864142992206,0.0 -48.7333206,-27.7863508992206,0.0 -48.7335046,-27.7862587992206,0.0 -48.73385,-27.7861551992206,0.0 -48.7342645,-27.7859997992206,0.0 -48.7345062,-27.7858961992206,0.0 -48.7347479,-27.7858616992206,0.0 -48.7349206,-27.7858961992206,0.0 -48.7350242,-27.7859825992206,0.0 -48.735076,-27.7861206992206,0.0 -48.7351278,-27.7863969992205,0.0 -48.7351596,-27.7865240992206,0.0 -48.7351796,-27.7866041992205,0.0 -48.7353005,-27.7866904992205,0.0 -48.735525,-27.7867077992205,0.0 -48.7359912,-27.7867768992205,0.0 -48.736233,-27.7867422992205,0.0 -48.7364057,-27.7867077992205,0.0 -48.7365783,-27.7866041992205,0.0 -48.7368201,-27.7865350992205,0.0 -48.7369928,-27.7866386992205,0.0 -48.7370791,-27.7868113992205,0.0 -48.7371654,-27.7873121992205,0.0 -48.7370964,-27.7875711992205,0.0 -48.7370446,-27.7878992992205,0.0 -48.7370618,-27.7882273992205,0.0 -48.7370964,-27.7889007992205,0.0 -48.7370618,-27.7893843992205,0.0 -48.7371482,-27.7897642992205,0.0 -48.7373381,-27.7899714992205,0.0 -48.7375799,-27.7900577992205,0.0 -48.7379425,-27.7902477992205,0.0 -48.7382533,-27.7905067992205,0.0 -48.7385469,-27.7906966992205,0.0 -48.7388577,-27.7909902992205,0.0 -48.7392203,-27.7912319992205,0.0 -48.7393669,-27.7912906992205,0.0 -48.7395657,-27.7913701992205,0.0 -48.7397557,-27.7915600992205,0.0 -48.7399801,-27.7919054992204,0.0 -48.7399801,-27.7920781992204,0.0 -48.7398938,-27.7922680992204,0.0 -48.7396348,-27.7924752992204,0.0 -48.7396068,-27.7925159992204,0.0 -48.7394448,-27.7927515992204,0.0 -48.7392203,-27.7932350992204,0.0 -48.7390649,-27.7935459992204,0.0 -48.7389441,-27.7938567992204,0.0 -48.7388577,-27.7941157992204,0.0 -48.7388404,-27.7943920992204,0.0 -48.7389095,-27.7946337992204,0.0 -48.7390131,-27.7949273992204,0.0 -48.7392031,-27.7950482992204,0.0 -48.7396317,-27.7950782992204,0.0 -48.7399012,-27.7951687992204,0.0 -48.7400831,-27.7953616992204,0.0 -48.740265,-27.7955546992204,0.0 -48.7405759,-27.7958827992204,0.0 -48.7406968,-27.7960382992204,0.0 -48.7408004,-27.7961936992204,0.0 -48.7408867,-27.7962973992204,0.0 -48.7409563,-27.7963390992204,0.0 -48.7409731,-27.7963491992204,0.0 -48.7410595,-27.7964009992204,0.0 -48.7411804,-27.7964527992204,0.0 -48.7412149,-27.7965390992204,0.0 -48.7411804,-27.7967290992204,0.0 -48.7411037,-27.7967969992204,0.0 -48.741027,-27.7968648992204,0.0 -48.7408522,-27.7971263992203,0.0 -48.7408177,-27.7972644992204,0.0 -48.740904,-27.7974544992203,0.0 -48.7409246,-27.7974997992203,0.0 -48.7409904,-27.7976444992203,0.0 -48.7410249,-27.7978862992203,0.0 -48.7409904,-27.7981280992203,0.0 -48.7409386,-27.7984043992203,0.0 -48.7408695,-27.7987152992203,0.0 -48.7408522,-27.7988879992203,0.0 -48.7408512,-27.7988912992203,0.0 -48.7407831,-27.7991125992203,0.0 -48.7406795,-27.7993888992203,0.0 -48.7406277,-27.7996133992203,0.0 -48.7406104,-27.8001487992203,0.0 -48.7405931,-27.8004423992203,0.0 -48.740714,-27.8006496992203,0.0 -48.7408177,-27.8008396992203,0.0 -48.7409386,-27.8009432992203,0.0 -48.7411631,-27.8009950992203,0.0 -48.7413531,-27.8009605992203,0.0 -48.7415603,-27.8009087992203,0.0 -48.7418367,-27.8008914992203,0.0 -48.7421821,-27.8010296992203,0.0 -48.7426239,-27.8013024992203,0.0 -48.7427693,-27.8013923992203,0.0 -48.7429593,-27.8015822992203,0.0 -48.7430111,-27.8017895992203,0.0 -48.7430802,-27.8020313992203,0.0 -48.7430284,-27.8022731992203,0.0 -48.7428699,-27.8025583992202,0.0 -48.7428557,-27.8025840992203,0.0 -48.7427002,-27.8028258992202,0.0 -48.7427002,-27.8030330992202,0.0 -48.7427002,-27.8033612992202,0.0 -48.7427175,-27.8035511992202,0.0 -48.7429075,-27.8036720992202,0.0 -48.7430437,-27.8037019992202,0.0 -48.7433047,-27.8037584992202,0.0 -48.7435292,-27.8037239992202,0.0 -48.7438228,-27.8035857992202,0.0 -48.743961,-27.8034821992202,0.0 -48.7441337,-27.8032921992202,0.0 -48.7443064,-27.8031021992202,0.0 -48.7444964,-27.8030848992202,0.0 -48.7447728,-27.8031712992202,0.0 -48.7450146,-27.8032748992202,0.0 -48.7451873,-27.8035857992202,0.0 -48.7452391,-27.8038275992202,0.0 -48.7454291,-27.8040347992202,0.0 -48.7456132,-27.8040610992202,0.0 -48.7457918,-27.8040866992202,0.0 -48.7463272,-27.8040347992202,0.0 -48.7467071,-27.8039657992202,0.0 -48.7469489,-27.8037411992202,0.0 -48.7470034,-27.8036519992202,0.0 -48.7471389,-27.8034302992202,0.0 -48.7472944,-27.8032403992202,0.0 -48.7474671,-27.8030157992202,0.0 -48.747657,-27.8027739992202,0.0 -48.7478125,-27.8026358992202,0.0 -48.7480025,-27.8025494992203,0.0 -48.7482961,-27.8025321992203,0.0 -48.7484688,-27.8025667992203,0.0 -48.7486588,-27.8027221992203,0.0 -48.7488142,-27.8030157992202,0.0 -48.7489178,-27.8033094992202,0.0 -48.7490387,-27.8036375992202,0.0 -48.7491424,-27.8039138992202,0.0 -48.7491942,-27.8041729992202,0.0 -48.7492287,-27.8044665992202,0.0 -48.7492805,-27.8047947992202,0.0 -48.7492805,-27.8051574992202,0.0 -48.7493842,-27.8054164992202,0.0 -48.7495051,-27.8055546992202,0.0 -48.7497814,-27.8057273992202,0.0 -48.7499023,-27.8059173992202,0.0 -48.7499541,-27.8061936992202,0.0 -48.7499196,-27.8064009992202,0.0 -48.749885,-27.8065909992202,0.0 -48.7497296,-27.8068327992202,0.0 -48.7495742,-27.8070399992202,0.0 -48.7494705,-27.8072817992202,0.0 -48.749436,-27.8075581992202,0.0 -48.7493324,-27.8080935992201,0.0 -48.749306,-27.8082850992201,0.0 -48.7496105,-27.8098910992201,0.0 -48.7497641,-27.8100278992201,0.0 -48.7500059,-27.8101142992201,0.0 -48.7507313,-27.8101660992201,0.0 -48.7513876,-27.8101487992201,0.0 -48.751733,-27.8101142992201,0.0 -48.7521821,-27.8101660992201,0.0 -48.7525448,-27.8101833992201,0.0 -48.7529248,-27.8103387992201,0.0 -48.7531088,-27.8104590992201,0.0 -48.7533738,-27.8106323992201,0.0 -48.7537192,-27.8107705992201,0.0 -48.7543346,-27.8110611992201,0.0 -48.7547728,-27.8113405992201,0.0 -48.7551527,-27.8116168992201,0.0 -48.7560163,-27.8123076992201,0.0 -48.7564654,-27.8126531992201,0.0 -48.7566726,-27.8129294992201,0.0 -48.7568685,-27.8132060992201,0.0 -48.7569662,-27.8133439992201,0.0 -48.7575189,-27.81384489922,0.0 -48.758037,-27.81429389922,0.0 -48.7582305,-27.81443579922,0.0 -48.7582961,-27.81448389922,0.0 -48.758417,-27.81476019922,0.0 -48.7585034,-27.81517479922,0.0 -48.7584688,-27.81576199922,0.0 -48.7585724,-27.81660829922,0.0 -48.7585897,-27.81748909922,0.0 -48.7586158,-27.81788009922,0.0 -48.7586243,-27.81800719922,0.0 -48.7586588,-27.81828359922,0.0 -48.7588488,-27.81855989922,0.0 -48.7592115,-27.81883619922,0.0 -48.7592765,-27.8188726992199,0.0 -48.7596433,-27.8190779992199,0.0 -48.759885,-27.8193716992199,0.0 -48.7600923,-27.8198379992199,0.0 -48.760075,-27.8204424992199,0.0 -48.7600232,-27.8208914992199,0.0 -48.7599369,-27.8211159992199,0.0 -48.759816,-27.8212023992199,0.0 -48.7597005,-27.8212822992199,0.0 -48.7595914,-27.8213577992199,0.0 -48.7594533,-27.8215650992199,0.0 -48.7594015,-27.8218759992199,0.0 -48.7592633,-27.8225322992199,0.0 -48.759246,-27.8228085992199,0.0 -48.75929,-27.8229141992199,0.0 -48.7594187,-27.8232230992199,0.0 -48.7594878,-27.8235684992199,0.0 -48.7593842,-27.8242075992199,0.0 -48.7593669,-27.8245874992198,0.0 -48.7593842,-27.8248292992198,0.0 -48.7593952,-27.8248698992198,0.0 -48.7594878,-27.8252092992198,0.0 -48.7595914,-27.8255201992198,0.0 -48.7599196,-27.8258482992198,0.0 -48.7602823,-27.8259691992198,0.0 -48.7607486,-27.8259691992198,0.0 -48.7611804,-27.8259001992198,0.0 -48.761474,-27.8257446992198,0.0 -48.761569,-27.8256971992198,0.0 -48.7616467,-27.8256583992198,0.0 -48.7618367,-27.8256237992198,0.0 -48.7621994,-27.8256583992198,0.0 -48.7624585,-27.8256928992198,0.0 -48.7627003,-27.8257964992198,0.0 -48.7629766,-27.8260210992198,0.0 -48.7631838,-27.8263146992198,0.0 -48.763322,-27.8266773992198,0.0 -48.7633047,-27.8268845992198,0.0 -48.7632147,-27.8273348992198,0.0 -48.7631666,-27.8275754992198,0.0 -48.7631148,-27.8279035992198,0.0 -48.7630629,-27.8283526992198,0.0 -48.7630111,-27.8288362992198,0.0 -48.7629766,-27.8292334992198,0.0 -48.7629248,-27.8295788992198,0.0 -48.7629075,-27.8297515992198,0.0 -48.7629075,-27.8300279992197,0.0 -48.7629939,-27.8302697992197,0.0 -48.763132,-27.8304078992197,0.0 -48.7633738,-27.8305115992197,0.0 -48.7637193,-27.8305978992197,0.0 -48.7639783,-27.8306669992197,0.0 -48.764151,-27.8307533992197,0.0 -48.7642244,-27.8308266992197,0.0 -48.7642719,-27.8308742992197,0.0 -48.7642892,-27.8310469992197,0.0 -48.7642547,-27.8312196992197,0.0 -48.7639998,-27.8316512992197,0.0 -48.7635964,-27.8322136992197,0.0 -48.7630077,-27.8328853992197,0.0 -48.7627693,-27.8330331992197,0.0 -48.7623894,-27.8330849992197,0.0 -48.7619828,-27.8330849992197,0.0 -48.7618367,-27.8330849992197,0.0 -48.7611804,-27.8332058992197,0.0 -48.7606104,-27.8332921992197,0.0 -48.7600578,-27.8334994992197,0.0 -48.7595396,-27.8338448992197,0.0 -48.7586588,-27.8349156992197,0.0 -48.7583825,-27.8358310992196,0.0 -48.7581407,-27.8364873992196,0.0 -48.7579507,-27.8368154992196,0.0 -48.7577261,-27.8371609992196,0.0 -48.7576053,-27.8373336992196,0.0 -48.7574325,-27.8376963992196,0.0 -48.7576225,-27.8382662992196,0.0 -48.7579679,-27.8386980992196,0.0 -48.7582788,-27.8393198992196,0.0 -48.7585238,-27.8398236992196,0.0 -48.7592957,-27.8404978992195,0.0 -48.7599321,-27.8414994992195,0.0 -48.7603327,-27.8420415992195,0.0 -48.7609838,-27.8425702992195,0.0 -48.7617167,-27.8429553992195,0.0 -48.7627367,-27.8429725992195,0.0 -48.7636504,-27.8425789992195,0.0 -48.7644572,-27.8419590992195,0.0 -48.7648225,-27.8415348992195,0.0 -48.7652107,-27.8409844992195,0.0 -48.7653112,-27.8404935992196,0.0 -48.7652077,-27.8399695992196,0.0 -48.7648385,-27.8394305992196,0.0 -48.76491,-27.8390101992196,0.0 -48.7650517,-27.8388355992196,0.0 -48.7653785,-27.8384316992196,0.0 -48.7659971,-27.8380442992196,0.0 -48.76681,-27.8379399992196,0.0 -48.7675385,-27.8377659992196,0.0 -48.7678901,-27.8376693992196,0.0 -48.7684866,-27.8373734992196,0.0 -48.7688046,-27.8370105992196,0.0 -48.7690412,-27.8363969992196,0.0 -48.7693535,-27.8357134992196,0.0 -48.7696433,-27.8352783992196,0.0 -48.7698505,-27.8349502992197,0.0 -48.7701269,-27.8347084992197,0.0 -48.7705759,-27.8344493992197,0.0 -48.7709041,-27.8343457992197,0.0 -48.7713013,-27.8342939992197,0.0 -48.7715776,-27.8342939992197,0.0 -48.7717158,-27.8343111992197,0.0 -48.7718022,-27.8344666992197,0.0 -48.7718367,-27.8348638992197,0.0 -48.7719921,-27.8356410992196,0.0 -48.7721821,-27.8358828992196,0.0 -48.7725621,-27.8360382992196,0.0 -48.7731493,-27.8359173992196,0.0 -48.774151,-27.8355892992196,0.0 -48.7748419,-27.8353129992196,0.0 -48.7752219,-27.8349847992197,0.0 -48.7757573,-27.8344493992197,0.0 -48.7760509,-27.8340693992197,0.0 -48.7763498,-27.8339250992197,0.0 -48.7765517,-27.8338275992197,0.0 -48.776949,-27.8337066992197,0.0 -48.7773637,-27.8336907992197,0.0 -48.777398,-27.8336894992197,0.0 -48.7777422,-27.8336640992197,0.0 -48.778103,-27.8336373992197,0.0 -48.7786228,-27.8335270992197,0.0 -48.7791626,-27.8335405992197,0.0 -48.7800079,-27.8338954992197,0.0 -48.7807316,-27.8337621992197,0.0 -48.7813327,-27.8332108992197,0.0 -48.781711,-27.8327899992197,0.0 -48.7819941,-27.8326825992197,0.0 -48.7821576,-27.8328287992197,0.0 -48.7821907,-27.8330606992197,0.0 -48.7821256,-27.8337758992197,0.0 -48.7819922,-27.8340348992197,0.0 -48.7819628,-27.8342894992197,0.0 -48.7819403,-27.8344838992197,0.0 -48.782044,-27.8346393992197,0.0 -48.7823203,-27.8347429992197,0.0 -48.7825832,-27.8348042992197,0.0 -48.7833566,-27.8349847992197,0.0 -48.7846692,-27.8352783992196,0.0 -48.7851701,-27.8354856992196,0.0 -48.7853946,-27.8357101992196,0.0 -48.7857918,-27.8357964992196,0.0 -48.7861372,-27.8356237992196,0.0 -48.7864827,-27.8353819992196,0.0 -48.786759,-27.8352092992197,0.0 -48.7869485,-27.8350372992196,0.0 -48.7873262,-27.8350388992197,0.0 -48.7878277,-27.8349873992196,0.0 -48.7883685,-27.8349401992196,0.0 -48.7884638,-27.8348903992197,0.0 -48.7886761,-27.8348638992197,0.0 -48.7889524,-27.8348811992197,0.0 -48.7891424,-27.8349847992196,0.0 -48.7894533,-27.8352610992197,0.0 -48.7897987,-27.8355546992196,0.0 -48.7900923,-27.8357792992196,0.0 -48.7904723,-27.8360210992196,0.0 -48.7906725,-27.8360394992196,0.0 -48.7912731,-27.8359062992196,0.0 -48.7921066,-27.8353792992196,0.0 -48.792793,-27.8347050992197,0.0 -48.7929663,-27.8343882992197,0.0 -48.7932184,-27.8338793992197,0.0 -48.7936329,-27.8334303992197,0.0 -48.7941683,-27.8331367992197,0.0 -48.7946519,-27.8329294992197,0.0 -48.7950664,-27.8327740992197,0.0 -48.7963272,-27.8322559992197,0.0 -48.7973635,-27.8318241992197,0.0 -48.7977833,-27.8313960992197,0.0 -48.798023,-27.8309539992197,0.0 -48.7980883,-27.8305129992197,0.0 -48.7982271,-27.8299933992197,0.0 -48.7984171,-27.8295961992198,0.0 -48.7990906,-27.8292679992198,0.0 -48.800006,-27.8291989992198,0.0 -48.8006278,-27.8291816992198,0.0 -48.8019922,-27.8289571992198,0.0 -48.8023203,-27.8287498992198,0.0 -48.8027003,-27.8286116992198,0.0 -48.8029421,-27.8286289992198,0.0 -48.8032012,-27.8287153992198,0.0 -48.8034775,-27.8289571992198,0.0 -48.8038402,-27.8290952992198,0.0 -48.804652,-27.8292161992198,0.0 -48.8055328,-27.8293025992197,0.0 -48.8059473,-27.8293716992198,0.0 -48.8068799,-27.8295270992197,0.0 -48.807519,-27.8295961992198,0.0 -48.807968,-27.8296824992197,0.0 -48.8084171,-27.8296134992198,0.0 -48.8088488,-27.8295788992198,0.0 -48.8096951,-27.8295270992197,0.0 -48.8101269,-27.8294752992198,0.0 -48.8105686,-27.8287488992198,0.0 -48.8113394,-27.8286033992198,0.0 -48.8122438,-27.8288074992198,0.0 -48.8129685,-27.8290832992198,0.0 -48.8136044,-27.8294592992198,0.0 -48.8141426,-27.8298172992197,0.0 -48.8150283,-27.8303781992197,0.0 -48.8159844,-27.8308442992197,0.0 -48.8164185,-27.8308474992197,0.0 -48.8167689,-27.8305742992197,0.0 -48.816813,-27.8299082992197,0.0 -48.8167429,-27.8293117992198,0.0 -48.8164983,-27.8276079992198,0.0 -48.8166778,-27.8266244992198,0.0 -48.8169917,-27.8263701992198,0.0 -48.8180927,-27.8262130992198,0.0 -48.8184319,-27.8261919992198,0.0 -48.8193152,-27.8264527992198,0.0 -48.8197988,-27.8265909992198,0.0 -48.8199542,-27.8267291992198,0.0 -48.8200406,-27.8268845992198,0.0 -48.8199888,-27.8271781992198,0.0 -48.8199715,-27.8274717992198,0.0 -48.8200406,-27.8278172992198,0.0 -48.8201442,-27.8281108992198,0.0 -48.8201787,-27.8284907992198,0.0 -48.8202692,-27.8287420992198,0.0 -48.8203342,-27.8289225992198,0.0 -48.8203342,-27.8291989992198,0.0 -48.8202478,-27.8294406992198,0.0 -48.8202048,-27.8295052992198,0.0 -48.8200406,-27.8297515992198,0.0 -48.8199024,-27.8302006992197,0.0 -48.8198679,-27.8307705992197,0.0 -48.8199197,-27.8311160992197,0.0 -48.8199522,-27.8312711992197,0.0 -48.8200751,-27.8318586992197,0.0 -48.8199369,-27.8322386992197,0.0 -48.8198333,-27.8326013992197,0.0 -48.819772,-27.8328398992197,0.0 -48.819747,-27.8334648992197,0.0 -48.8197815,-27.8337412992197,0.0 -48.8199715,-27.8340521992197,0.0 -48.8201442,-27.8343629992197,0.0 -48.8205242,-27.8347602992197,0.0 -48.8208209,-27.8348492992197,0.0 -48.8208696,-27.8348638992197,0.0 -48.8211459,-27.8350365992196,0.0 -48.8213359,-27.8354510992196,0.0 -48.8213359,-27.8361937992196,0.0 -48.8213532,-27.8364355992196,0.0 -48.8214395,-27.8369191992196,0.0 -48.8216986,-27.8372990992196,0.0 -48.8220958,-27.8377135992196,0.0 -48.8222513,-27.8383180992196,0.0 -48.822424,-27.8386289992196,0.0 -48.8226313,-27.8389916992196,0.0 -48.8227349,-27.8393198992196,0.0 -48.8227694,-27.8395961992196,0.0 -48.8227694,-27.8398379992196,0.0 -48.8227694,-27.8401142992196,0.0 -48.822873,-27.8406151992195,0.0 -48.8229767,-27.8407878992195,0.0 -48.8232703,-27.8410296992195,0.0 -48.8235715,-27.8412639992195,0.0 -48.8235812,-27.8412714992195,0.0 -48.8238748,-27.8414787992195,0.0 -48.8241477,-27.8415191992195,0.0 -48.8243411,-27.8415477992195,0.0 -48.8245311,-27.8415477992195,0.0 -48.8247902,-27.8416168992195,0.0 -48.8249974,-27.8418414992195,0.0 -48.8252047,-27.8422041992195,0.0 -48.8252392,-27.8426531992195,0.0 -48.8252392,-27.8426953992195,0.0 -48.8252392,-27.8429122992195,0.0 -48.8253601,-27.8432749992195,0.0 -48.8255853,-27.8436907992195,0.0 -48.82593,-27.8442939992195,0.0 -48.8262237,-27.8446220992195,0.0 -48.8266382,-27.8448293992195,0.0 -48.8270652,-27.8449646992195,0.0 -48.8273636,-27.8450538992195,0.0 -48.8275881,-27.8453647992195,0.0 -48.8277439,-27.8455851992195,0.0 -48.8282962,-27.8463664992194,0.0 -48.828538,-27.8465564992194,0.0 -48.8288818,-27.8468441992194,0.0 -48.8292116,-27.8472127992194,0.0 -48.8294534,-27.8474372992194,0.0 -48.8296261,-27.8477826992194,0.0 -48.8296261,-27.8480935992194,0.0 -48.8296261,-27.8483871992194,0.0 -48.8296359,-27.8484263992194,0.0 -48.8297124,-27.8487326992194,0.0 -48.8299542,-27.8490089992194,0.0 -48.8302997,-27.8492162992194,0.0 -48.830603,-27.8493831992194,0.0 -48.8308623,-27.8494965992194,0.0 -48.8311703,-27.8495776992194,0.0 -48.8314944,-27.8496262992194,0.0 -48.83177,-27.8496262992194,0.0 -48.8323372,-27.8496262992194,0.0 -48.832629,-27.8497396992194,0.0 -48.8330017,-27.8499341992194,0.0 -48.8333583,-27.8501610992194,0.0 -48.8334848,-27.8502243992194,0.0 -48.8335528,-27.8502583992194,0.0 -48.833819,-27.8502805992194,0.0 -48.8339418,-27.8502907992194,0.0 -48.8342318,-27.8503499992194,0.0 -48.834428,-27.8504366992194,0.0 -48.8345901,-27.8506311992194,0.0 -48.8346119,-27.8507617992194,0.0 -48.8346225,-27.8508256992194,0.0 -48.8347684,-27.8510525992194,0.0 -48.8350439,-27.8513118992194,0.0 -48.8353843,-27.8519925992193,0.0 -48.8356274,-27.8525274992193,0.0 -48.8359191,-27.8529164992193,0.0 -48.8360974,-27.8530622992193,0.0 -48.8362433,-27.8531919992193,0.0 -48.8363567,-27.8532891992193,0.0 -48.8365512,-27.8535971992193,0.0 -48.8367781,-27.8540347992193,0.0 -48.8370375,-27.8544885992193,0.0 -48.8374264,-27.8551530992193,0.0 -48.83745,-27.8551938992193,0.0 -48.8376047,-27.8554610992193,0.0 -48.8377506,-27.8561093992193,0.0 -48.8379289,-27.8565955992193,0.0 -48.8381558,-27.8570655992192,0.0 -48.8384962,-27.8574383992192,0.0 -48.8385079,-27.8574629992192,0.0 -48.8388527,-27.8581839992192,0.0 -48.8390958,-27.8585404992192,0.0 -48.8396469,-27.8593994992192,0.0 -48.8400035,-27.8596912992192,0.0 -48.840749,-27.8600802992192,0.0 -48.8413001,-27.8603395992192,0.0 -48.8415108,-27.8605664992192,0.0 -48.8417377,-27.8610688992192,0.0 -48.8420287,-27.8614801992192,0.0 -48.8422752,-27.8616837992192,0.0 -48.8426729,-27.8619430992192,0.0 -48.8428458,-27.8620295992192,0.0 -48.8430187,-27.8621159992192,0.0 -48.8434336,-27.8621332992192,0.0 -48.8439177,-27.8621159992191,0.0 -48.8441589,-27.8621008992192,0.0 -48.8441943,-27.8620986992192,0.0 -48.8443845,-27.8620467992192,0.0 -48.8445574,-27.8619084992192,0.0 -48.8446266,-27.8616837992192,0.0 -48.8446439,-27.8613725992192,0.0 -48.8446439,-27.8610785992192,0.0 -48.844592,-27.8608192992192,0.0 -48.8445806,-27.8607110992192,0.0 -48.8445574,-27.8604907992192,0.0 -48.8445401,-27.8604734992192,0.0 -48.844592,-27.8603178992192,0.0 -48.8446957,-27.8602314992192,0.0 -48.844834,-27.8601622992192,0.0 -48.8450069,-27.8601449992192,0.0 -48.8452317,-27.8601795992192,0.0 -48.8453235,-27.8602713992192,0.0 -48.8453527,-27.8603005992192,0.0 -48.8457504,-27.8605426992192,0.0 -48.8458887,-27.8606117992192,0.0 -48.8460097,-27.8606982992192,0.0 -48.8462864,-27.8609402992192,0.0 -48.8465457,-27.8610267992192,0.0 -48.846684,-27.8610785992192,0.0 -48.846805,-27.8610440992192,0.0 -48.8468915,-27.8609921992192,0.0 -48.8469779,-27.8609056992192,0.0 -48.8470125,-27.8607846992192,0.0 -48.8471335,-27.8606809992192,0.0 -48.8472718,-27.8606463992192,0.0 -48.8475312,-27.8606290992192,0.0 -48.8480672,-27.8606982992192,0.0 -48.8486723,-27.8608192992192,0.0 -48.8490354,-27.8609402992192,0.0 -48.8496059,-27.8610785992192,0.0 -48.849848,-27.8613206992192,0.0 -48.8500554,-27.8616145992192,0.0 -48.8501786,-27.8620006992191,0.0 -48.8501964,-27.8630390992191,0.0 -48.8505867,-27.8640614992191,0.0 -48.8510793,-27.8648139992191,0.0 -48.8511792,-27.8650551992191,0.0 -48.8513003,-27.8654873992191,0.0 -48.851283,-27.8659023992191,0.0 -48.8512311,-27.8663691992191,0.0 -48.8513867,-27.8667494992191,0.0 -48.8516979,-27.8671644992191,0.0 -48.8519918,-27.867631299219,0.0 -48.8522166,-27.868028999219,0.0 -48.8523895,-27.868651399219,0.0 -48.8524759,-27.868945299219,0.0 -48.8528217,-27.869671399219,0.0 -48.8530984,-27.869948099219,0.0 -48.8535479,-27.870086399219,0.0 -48.8541703,-27.870138299219,0.0 -48.8548964,-27.870138299219,0.0 -48.8560894,-27.870103699219,0.0 -48.8565389,-27.870311199219,0.0 -48.8569885,-27.870708799219,0.0 -48.8580085,-27.871019999219,0.0 -48.8588038,-27.871452299219,0.0 -48.8593225,-27.871659699219,0.0 -48.8598066,-27.871780699219,0.0 -48.8600141,-27.872022799219,0.0 -48.8602216,-27.872368599219,0.0 -48.8603772,-27.8729563992189,0.0 -48.8605155,-27.8731292992189,0.0 -48.860723,-27.8731638992189,0.0 -48.8609996,-27.8730255992189,0.0 -48.8612244,-27.872645199219,0.0 -48.8615874,-27.872178399219,0.0 -48.8618122,-27.871797999219,0.0 -48.8619851,-27.871521399219,0.0 -48.8621061,-27.871417699219,0.0 -48.862279,-27.871331199219,0.0 -48.8624692,-27.871400399219,0.0 -48.8628841,-27.871521399219,0.0 -48.8632991,-27.871780699219,0.0 -48.8639734,-27.872195699219,0.0 -48.8646822,-27.872610599219,0.0 -48.8655121,-27.8731984992189,0.0 -48.8659098,-27.8734750992189,0.0 -48.8662085,-27.8735830992189,0.0 -48.866584,-27.8735960992189,0.0 -48.8668261,-27.8735615992189,0.0 -48.8670854,-27.8736306992189,0.0 -48.8673794,-27.8738554992189,0.0 -48.867403,-27.8738829992189,0.0 -48.8676906,-27.8742184992189,0.0 -48.8678289,-27.8743913992189,0.0 -48.8685205,-27.8751175992189,0.0 -48.8686933,-27.8753423992189,0.0 -48.8688835,-27.8754979992189,0.0 -48.8690737,-27.8756362992189,0.0 -48.869627,-27.8758091992189,0.0 -48.869937,-27.8758866992189,0.0 -48.8702494,-27.8759647992189,0.0 -48.8712695,-27.8762067992189,0.0 -48.8719265,-27.8762932992189,0.0 -48.8721858,-27.8763277992189,0.0 -48.8723587,-27.8762586992189,0.0 -48.8724279,-27.8761203992189,0.0 -48.8724557,-27.8758360992189,0.0 -48.8724797,-27.8753250992189,0.0 -48.8725489,-27.8750656992189,0.0 -48.8726872,-27.8747198992189,0.0 -48.8728428,-27.8743913992189,0.0 -48.8729638,-27.8739072992189,0.0 -48.8733096,-27.8734577992189,0.0 -48.8736035,-27.8730428992189,0.0 -48.873811,-27.872818099219,0.0 -48.8740185,-27.8727489992189,0.0 -48.8742432,-27.872662499219,0.0 -48.8746755,-27.872489599219,0.0 -48.8750558,-27.872333999219,0.0 -48.8756184,-27.872130599219,0.0 -48.876024,-27.871936399219,0.0 -48.8763352,-27.871815299219,0.0 -48.876681,-27.871521399219,0.0 -48.8769577,-27.871279399219,0.0 -48.8771306,-27.870847099219,0.0 -48.8771651,-27.870449499219,0.0 -48.8770441,-27.870034499219,0.0 -48.8769577,-27.869775199219,0.0 -48.8768885,-27.869446699219,0.0 -48.8769577,-27.869170099219,0.0 -48.8770095,-27.868876099219,0.0 -48.877096,-27.868391999219,0.0 -48.8771478,-27.868046199219,0.0 -48.8773207,-27.867562099219,0.0 -48.8773899,-27.8671298992191,0.0 -48.8774102,-27.8665914992191,0.0 -48.8771449,-27.8654183992191,0.0 -48.8769922,-27.8650378992191,0.0 -48.8768366,-27.8646229992191,0.0 -48.8766465,-27.8639832992191,0.0 -48.876439,-27.8632224992191,0.0 -48.8762142,-27.8623580992191,0.0 -48.8761453,-27.8621448992191,0.0 -48.876024,-27.8617701992192,0.0 -48.8759549,-27.8613725992192,0.0 -48.8760067,-27.8610440992192,0.0 -48.8761451,-27.8607155992192,0.0 -48.8763698,-27.8603005992192,0.0 -48.8766465,-27.8599720992192,0.0 -48.8770787,-27.8598164992192,0.0 -48.8774936,-27.8598164992192,0.0 -48.8778913,-27.8598683992192,0.0 -48.8782025,-27.8598510992192,0.0 -48.8786759,-27.8596883992192,0.0 -48.8787558,-27.8596608992192,0.0 -48.8791534,-27.8594533992192,0.0 -48.8794473,-27.8593150992192,0.0 -48.8797067,-27.8592804992192,0.0 -48.8802253,-27.8592804992192,0.0 -48.8805538,-27.8593496992192,0.0 -48.881522,-27.8595744992192,0.0 -48.8818743,-27.8595975992192,0.0 -48.8825767,-27.8596435992192,0.0 -48.8833374,-27.8596089992192,0.0 -48.8837178,-27.8595398992192,0.0 -48.8841327,-27.8595744992192,0.0 -48.8843748,-27.8594706992192,0.0 -48.8845304,-27.8592632992192,0.0 -48.8849281,-27.8585370992192,0.0 -48.885063,-27.8583431992192,0.0 -48.8852047,-27.8581394992192,0.0 -48.8854986,-27.8576725992192,0.0 -48.8859827,-27.8569983992192,0.0 -48.8861037,-27.8566525992192,0.0 -48.8861729,-27.8563067992193,0.0 -48.8863285,-27.8559782992193,0.0 -48.8863861,-27.8558949992193,0.0 -48.8864841,-27.8557534992193,0.0 -48.8866899,-27.8556299992193,0.0 -48.8868299,-27.8555459992193,0.0 -48.8872102,-27.8554595992193,0.0 -48.8883317,-27.8553334992193,0.0 -48.8888354,-27.8553385992193,0.0 -48.8893195,-27.8553212992193,0.0 -48.8898209,-27.8554249992193,0.0 -48.8902359,-27.8556151992193,0.0 -48.8907027,-27.8557016992193,0.0 -48.8912041,-27.8556670992193,0.0 -48.8917228,-27.8555805992193,0.0 -48.8923055,-27.8554948992193,0.0 -48.8923106,-27.8554941992193,0.0 -48.8927774,-27.8555459992193,0.0 -48.8933998,-27.8555287992193,0.0 -48.8945928,-27.8554768992193,0.0 -48.8949905,-27.8553903992193,0.0 -48.8951115,-27.8552520992193,0.0 -48.895117,-27.8551802992193,0.0 -48.8951288,-27.8550273992193,0.0 -48.8950942,-27.8543703992193,0.0 -48.8950942,-27.8540936992193,0.0 -48.8951461,-27.8537824992193,0.0 -48.8952943,-27.8535803992193,0.0 -48.8957339,-27.8531773992193,0.0 -48.8958722,-27.8529698992193,0.0 -48.8958928,-27.8528564992193,0.0 -48.8959068,-27.8527797992193,0.0 -48.8958895,-27.8525030992193,0.0 -48.8959759,-27.8522783992193,0.0 -48.8960797,-27.8520708992193,0.0 -48.8963295,-27.8516268992193,0.0 -48.8965465,-27.8511890992193,0.0 -48.8966675,-27.8508432992194,0.0 -48.896754,-27.8505320992194,0.0 -48.8969787,-27.8501862992194,0.0 -48.8972381,-27.8499961992194,0.0 -48.8974628,-27.8497886992194,0.0 -48.8976511,-27.8494920992194,0.0 -48.8979642,-27.8489587992194,0.0 -48.89831,-27.8486475992194,0.0 -48.8985175,-27.8481980992194,0.0 -48.8986904,-27.8479559992194,0.0 -48.898846,-27.8478176992194,0.0 -48.8989391,-27.8477388992194,0.0 -48.8990707,-27.8476274992194,0.0 -48.8993647,-27.8472989992194,0.0 -48.8996067,-27.8469358992194,0.0 -48.8996413,-27.8465209992194,0.0 -48.8996035,-27.8461406992194,0.0 -48.8994857,-27.8457775992194,0.0 -48.8995548,-27.8454663992195,0.0 -48.899624,-27.8452415992195,0.0 -48.8999006,-27.8448265992195,0.0 -48.9001427,-27.8444289992195,0.0 -48.9004539,-27.8439967992195,0.0 -48.9007824,-27.8436336992195,0.0 -48.9008615,-27.8435984992195,0.0 -48.9010936,-27.8434953992195,0.0 -48.9016987,-27.8433397992195,0.0 -48.9025286,-27.8432014992195,0.0 -48.9032202,-27.8430630992195,0.0 -48.9038426,-27.8429593992195,0.0 -48.9045515,-27.8428901992195,0.0 -48.9052776,-27.8429074992195,0.0 -48.9059173,-27.8430976992195,0.0 -48.9068164,-27.8432014992195,0.0 -48.9076183,-27.8434210992195,0.0 -48.9084934,-27.8438411992195,0.0 -48.9093406,-27.8439794992195,0.0 -48.9101186,-27.8439102992195,0.0 -48.9110004,-27.8438238992195,0.0 -48.9116055,-27.8435471992195,0.0 -48.9121761,-27.8431841992195,0.0 -48.9129541,-27.8425616992195,0.0 -48.9130068,-27.8424939992195,0.0 -48.9133172,-27.8420948992195,0.0 -48.9137494,-27.8416626992195,0.0 -48.9141643,-27.8408154992195,0.0 -48.9142681,-27.8402276992196,0.0 -48.9143027,-27.8398472992196,0.0 -48.9142681,-27.8393458992196,0.0 -48.91402,-27.8387178992196,0.0 -48.9137667,-27.8381183992196,0.0 -48.9134036,-27.8375650992196,0.0 -48.9129541,-27.8369426992196,0.0 -48.9126992,-27.8366395992196,0.0 -48.9123144,-27.8361819992196,0.0 -48.9119513,-27.8356113992196,0.0 -48.9116758,-27.8350815992196,0.0 -48.9115018,-27.8347469992197,0.0 -48.9111906,-27.8344184992197,0.0 -48.9108967,-27.8342109992197,0.0 -48.9107766,-27.8341434992197,0.0 -48.9103434,-27.8338997992197,0.0 -48.9099803,-27.8335366992197,0.0 -48.9098827,-27.8333622992197,0.0 -48.9097383,-27.8331044992197,0.0 -48.9094616,-27.8328450992197,0.0 -48.9094142,-27.8328124992197,0.0 -48.909185,-27.8326548992197,0.0 -48.9090294,-27.8324474992197,0.0 -48.9089948,-27.8321535992197,0.0 -48.9089948,-27.8320574992197,0.0 -48.9089948,-27.8318077992197,0.0 -48.9088565,-27.8314965992197,0.0 -48.9087182,-27.8313236992197,0.0 -48.9085453,-27.8312025992197,0.0 -48.9083724,-27.8310815992197,0.0 -48.9079575,-27.8306493992197,0.0 -48.9075944,-27.8304418992197,0.0 -48.9074388,-27.8302343992197,0.0 -48.9073696,-27.8300269992197,0.0 -48.9073523,-27.8296465992197,0.0 -48.9072651,-27.8289851992198,0.0 -48.9072832,-27.8284708992198,0.0 -48.9072324,-27.8278005992198,0.0 -48.9071622,-27.8273643992198,0.0 -48.9070584,-27.8270704992198,0.0 -48.9067991,-27.8266900992198,0.0 -48.9064014,-27.8264307992198,0.0 -48.9058136,-27.8261022992198,0.0 -48.9055024,-27.8259293992198,0.0 -48.9053468,-27.8257391992198,0.0 -48.9051047,-27.8253242992198,0.0 -48.9047416,-27.8247882992198,0.0 -48.9045777,-27.8245446992198,0.0 -48.9039265,-27.8232089992199,0.0 -48.9037216,-27.8229037992199,0.0 -48.9035487,-27.8226616992199,0.0 -48.9032721,-27.8223677992199,0.0 -48.9030646,-27.8221602992199,0.0 -48.9027836,-27.8219595992199,0.0 -48.9027015,-27.8219009992199,0.0 -48.9023039,-27.8216588992199,0.0 -48.9020272,-27.8212785992199,0.0 -48.9019235,-27.8208981992199,0.0 -48.9016469,-27.8204140992199,0.0 -48.9012665,-27.8201374992199,0.0 -48.9006614,-27.8196878992199,0.0 -48.9001254,-27.8193593992199,0.0 -48.8996932,-27.8190654992199,0.0 -48.8996563,-27.8190422992199,0.0 -48.8992263,-27.81877159922,0.0 -48.8988633,-27.81865059922,0.0 -48.8985348,-27.81868509922,0.0 -48.8983446,-27.81885799922,0.0 -48.8983427,-27.8188713992199,0.0 -48.89831,-27.8191000992199,0.0 -48.8981544,-27.8194285992199,0.0 -48.8979296,-27.8196533992199,0.0 -48.8976357,-27.8197916992199,0.0 -48.8973418,-27.8199990992199,0.0 -48.8972208,-27.8201719992199,0.0 -48.8972208,-27.8205177992199,0.0 -48.8971516,-27.8210537992199,0.0 -48.897117,-27.8212266992199,0.0 -48.8971476,-27.8213222992199,0.0 -48.8972899,-27.8215897992199,0.0 -48.8973826,-27.8218015992199,0.0 -48.897411,-27.8218663992199,0.0 -48.8973687,-27.8219025992199,0.0 -48.8972899,-27.8219700992199,0.0 -48.8970998,-27.8220565992199,0.0 -48.8968231,-27.8221948992199,0.0 -48.8962007,-27.8224195992199,0.0 -48.8959287,-27.8224408992199,0.0 -48.894781,-27.8218685992199,0.0 -48.8941432,-27.8214629992199,0.0 -48.89397,-27.8213971992199,0.0 -48.8937968,-27.8213313992199,0.0 -48.8937629,-27.8210364992199,0.0 -48.8938148,-27.8206560992199,0.0 -48.8939012,-27.8204313992199,0.0 -48.8939704,-27.8202930992199,0.0 -48.894005,-27.8200163992199,0.0 -48.8938548,-27.8193757992199,0.0 -48.8936938,-27.8190135992199,0.0 -48.8936896,-27.8189782992199,0.0 -48.8936592,-27.81871969922,0.0 -48.8936419,-27.81840849922,0.0 -48.8934517,-27.81814919922,0.0 -48.8931751,-27.81804539922,0.0 -48.8926918,-27.81797069922,0.0 -48.8921204,-27.81801089922,0.0 -48.891619,-27.81806269922,0.0 -48.8913597,-27.81802819922,0.0 -48.8908756,-27.81785529922,0.0 -48.8905817,-27.81766509922,0.0 -48.890305,-27.81747489922,0.0 -48.8898901,-27.81721559922,0.0 -48.8894924,-27.81707719922,0.0 -48.8891639,-27.81695619922,0.0 -48.8889392,-27.81674869922,0.0 -48.8886798,-27.81647209922,0.0 -48.8883513,-27.81609169922,0.0 -48.8881093,-27.81586699922,0.0 -48.8878672,-27.81571139922,0.0 -48.8876943,-27.81572869922,0.0 -48.887556,-27.81586699922,0.0 -48.8873486,-27.81602259922,0.0 -48.8870201,-27.81614359922,0.0 -48.8866743,-27.81617819922,0.0 -48.8861383,-27.81638569922,0.0 -48.8858098,-27.81666229922,0.0 -48.8855332,-27.81678329922,0.0 -48.8852738,-27.81683519922,0.0 -48.8849453,-27.81680059922,0.0 -48.8843921,-27.81659309922,0.0 -48.8843118,-27.81647719922,0.0 -48.8842365,-27.81636839922,0.0 -48.8840982,-27.81609169922,0.0 -48.883787,-27.81565949922,0.0 -48.8835103,-27.81545199922,0.0 -48.8824255,-27.81514049922,0.0 -48.8823103,-27.81451379922,0.0 -48.8821608,-27.81436289922,0.0 -48.8820053,-27.81422469922,0.0 -48.8818325,-27.81406919922,0.0 -48.8816818,-27.81396709922,0.0 -48.8812969,-27.81370639922,0.0 -48.8808305,-27.8134990992201,0.0 -48.8803294,-27.8134471992201,0.0 -48.8796557,-27.81334359922,0.0 -48.87855,-27.81323989922,0.0 -48.8782042,-27.8132323992201,0.0 -48.8777552,-27.8132226992201,0.0 -48.877116,-27.8131362992201,0.0 -48.8768914,-27.8129807992201,0.0 -48.8768396,-27.8126870992201,0.0 -48.8768914,-27.8123415992201,0.0 -48.8770922,-27.8120900992201,0.0 -48.8772451,-27.8114544992201,0.0 -48.8772542,-27.8108902992201,0.0 -48.8772715,-27.8104238992201,0.0 -48.877237,-27.8100955992201,0.0 -48.8772186,-27.8100510992201,0.0 -48.877116,-27.8098018992201,0.0 -48.8770296,-27.8095081992201,0.0 -48.8770815,-27.8091799992201,0.0 -48.8774097,-27.8087998992201,0.0 -48.8780489,-27.8083160992201,0.0 -48.8782563,-27.8079014992202,0.0 -48.8784463,-27.8073313992202,0.0 -48.8784463,-27.8070030992202,0.0 -48.8783772,-27.8065884992202,0.0 -48.8784636,-27.8062947992202,0.0 -48.8786191,-27.8061392992202,0.0 -48.8788955,-27.8060701992202,0.0 -48.8792583,-27.8061392992202,0.0 -48.8797766,-27.8061910992202,0.0 -48.8800876,-27.8061392992202,0.0 -48.8802743,-27.8060977992202,0.0 -48.8803985,-27.8060701992202,0.0 -48.8806059,-27.8059146992202,0.0 -48.8807095,-27.8056900992202,0.0 -48.8808823,-27.8053272992202,0.0 -48.8808996,-27.8050853992202,0.0 -48.8807441,-27.8047052992202,0.0 -48.8804331,-27.8044634992202,0.0 -48.8799839,-27.8042388992202,0.0 -48.8795693,-27.8039796992202,0.0 -48.8790855,-27.8037378992202,0.0 -48.8783945,-27.8033750992202,0.0 -48.8782782,-27.8033351992202,0.0 -48.8777898,-27.8031676992202,0.0 -48.8773924,-27.8028912992202,0.0 -48.877116,-27.8026493992202,0.0 -48.8769605,-27.8022693992203,0.0 -48.8768223,-27.8018546992203,0.0 -48.8765804,-27.8014573992203,0.0 -48.8764595,-27.8011636992203,0.0 -48.876425,-27.8008871992203,0.0 -48.8764941,-27.8008008992203,0.0 -48.8766668,-27.8007144992203,0.0 -48.8769087,-27.8006625992203,0.0 -48.8773579,-27.8007662992203,0.0 -48.8778762,-27.8009390992203,0.0 -48.8784463,-27.8009390992203,0.0 -48.8788437,-27.8010426992203,0.0 -48.879241,-27.8012154992203,0.0 -48.8794656,-27.8012672992203,0.0 -48.8797075,-27.8011808992203,0.0 -48.8799148,-27.8010772992203,0.0 -48.880053,-27.8009390992203,0.0 -48.8802088,-27.8006634992203,0.0 -48.8801049,-27.8003516992203,0.0 -48.879863,-27.8000233992203,0.0 -48.879552,-27.7996087992203,0.0 -48.8794138,-27.7992632992203,0.0 -48.879362,-27.7988140992203,0.0 -48.8794656,-27.7985203992203,0.0 -48.8796729,-27.7982957992203,0.0 -48.8800012,-27.7982093992203,0.0 -48.8802949,-27.7981056992203,0.0 -48.8811242,-27.7976046992204,0.0 -48.8813315,-27.7973455992203,0.0 -48.8816425,-27.7971209992204,0.0 -48.8818152,-27.7968099992204,0.0 -48.8819534,-27.7964816992204,0.0 -48.8821608,-27.7959115992204,0.0 -48.8822299,-27.7956696992204,0.0 -48.8822986,-27.7955436992204,0.0 -48.8823335,-27.7954796992204,0.0 -48.8824903,-27.7952618992204,0.0 -48.8826445,-27.7950131992204,0.0 -48.8826963,-27.7948058992204,0.0 -48.882679,-27.7946158992204,0.0 -48.882596,-27.7944357992204,0.0 -48.8825754,-27.7943912992204,0.0 -48.8824717,-27.7941666992204,0.0 -48.8824026,-27.7938729992204,0.0 -48.8823853,-27.7936310992204,0.0 -48.8823863,-27.7933140992204,0.0 -48.8822817,-27.7931127992204,0.0 -48.8820571,-27.7928709992204,0.0 -48.8820308,-27.7928542992204,0.0 -48.8820045,-27.7928376992204,0.0 -48.8813505,-27.7924188992204,0.0 -48.8811414,-27.7922316992204,0.0 -48.8811242,-27.7920761992204,0.0 -48.8811933,-27.7919206992204,0.0 -48.8813315,-27.7917652992205,0.0 -48.8815388,-27.7916615992205,0.0 -48.882443,-27.7912786992205,0.0 -48.8827276,-27.7910234992205,0.0 -48.8829132,-27.7906107992205,0.0 -48.8829111,-27.7905459992205,0.0 -48.8829023,-27.7902766992205,0.0 -48.8828533,-27.7899128992205,0.0 -48.8827996,-27.7893532992205,0.0 -48.8827582,-27.7889436992205,0.0 -48.8827474,-27.7886036992205,0.0 -48.8827643,-27.7883789992205,0.0 -48.8827719,-27.7882788992205,0.0 -48.8828172,-27.7878968992205,0.0 -48.8828409,-27.7874769992205,0.0 -48.8828047,-27.7871192992205,0.0 -48.8827731,-27.7870024992205,0.0 -48.8826588,-27.7864440992205,0.0 -48.8826271,-27.7862087992205,0.0 -48.8826373,-27.7858087992206,0.0 -48.8826678,-27.7855013992206,0.0 -48.8826531,-27.7851900992206,0.0 -48.882637,-27.7849335992206,0.0 -48.8826359,-27.7847204992206,0.0 -48.8826291,-27.7844813992206,0.0 -48.882637,-27.7841677992206,0.0 -48.8826124,-27.7838649992206,0.0 -48.8826419,-27.7834682992206,0.0 -48.8826769,-27.7831623992206,0.0 -48.8826815,-27.7830983992206,0.0 -48.8826848,-27.7830243992206,0.0 -48.882687,-27.7829665992206,0.0 -48.882685,-27.7828997992206,0.0 -48.8826694,-27.7828300992206,0.0 -48.8826389,-27.7827546992206,0.0 -48.8826103,-27.7827074992206,0.0 -48.882565,-27.7826536992206,0.0 -48.8824828,-27.7825882992206,0.0 -48.8823264,-27.7824924992206,0.0 -48.8822059,-27.7824235992206,0.0 -48.8821191,-27.7823838992206,0.0 -48.8820396,-27.7823498992206,0.0 -48.8819718,-27.7823129992206,0.0 -48.8819188,-27.7822713992206,0.0 -48.8818712,-27.7822210992206,0.0 -48.8818283,-27.7821619992206,0.0 -48.8818039,-27.7821059992206,0.0 -48.881795,-27.7820487992206,0.0 -48.881798,-27.7819901992206,0.0 -48.8818129,-27.7819219992206,0.0 -48.8818194,-27.7818668992206,0.0 -48.8818168,-27.7818134992206,0.0 -48.8817325,-27.7816192992206,0.0 -48.8817075,-27.7815597992206,0.0 -48.8816698,-27.7814873992206,0.0 -48.8816255,-27.7814259992206,0.0 -48.8815765,-27.7813749992206,0.0 -48.8815264,-27.7813331992206,0.0 -48.8814537,-27.7812833992206,0.0 -48.8809965,-27.7809633992207,0.0 -48.8809195,-27.7809229992207,0.0 -48.8808322,-27.7808851992207,0.0 -48.8807466,-27.7808438992207,0.0 -48.8806717,-27.7807942992207,0.0 -48.880615,-27.7807392992207,0.0 -48.8805703,-27.7806787992207,0.0 -48.8805315,-27.7806047992207,0.0 -48.8804101,-27.7802110992207,0.0 -48.8803781,-27.7801216992207,0.0 -48.8803377,-27.7800341992207,0.0 -48.880297,-27.7799454992207,0.0 -48.8802513,-27.7798475992207,0.0 -48.8802083,-27.7797513992207,0.0 -48.8801773,-27.7796900992207,0.0 -48.8801294,-27.7796116992207,0.0 -48.880093,-27.7795686992207,0.0 -48.8800414,-27.7795207992207,0.0 -48.8799657,-27.7794740992207,0.0 -48.8797604,-27.7793968992207,0.0 -48.8796938,-27.7793663992207,0.0 -48.8796437,-27.7793335992207,0.0 -48.8795912,-27.7792891992207,0.0 -48.8795517,-27.7792435992207,0.0 -48.8795033,-27.7791778992207,0.0 -48.8793524,-27.7790144992207,0.0 -48.8793037,-27.7789733992207,0.0 -48.8792473,-27.7789387992207,0.0 -48.8791794,-27.7789114992207,0.0 -48.8790958,-27.7788810992207,0.0 -48.8790346,-27.7788590992207,0.0 -48.878959,-27.7788356992207,0.0 -48.8788977,-27.7788066992207,0.0 -48.8788289,-27.7787578992207,0.0 -48.8787605,-27.7786979992207,0.0 -48.8786345,-27.7785395992207,0.0 -48.8786103,-27.7784886992207,0.0 -48.878595,-27.7784383992207,0.0 -48.8785878,-27.7783934992207,0.0 -48.8785841,-27.7783422992207,0.0 -48.8785759,-27.7782851992207,0.0 -48.8785667,-27.7782343992207,0.0 -48.8785554,-27.7781839992207,0.0 -48.878536,-27.7781197992207,0.0 -48.8785058,-27.7780475992207,0.0 -48.878478,-27.7779892992207,0.0 -48.8784435,-27.7779255992207,0.0 -48.8784107,-27.7778824992207,0.0 -48.8783619,-27.7778339992207,0.0 -48.8783275,-27.7777977992207,0.0 -48.8782805,-27.7777503992207,0.0 -48.8781895,-27.7776610992207,0.0 -48.8781626,-27.7776432992207,0.0 -48.8781266,-27.7776277992207,0.0 -48.8780974,-27.7776112992207,0.0 -48.8780774,-27.7775937992207,0.0 -48.8780592,-27.7775778992207,0.0 -48.8780325,-27.7775361992207,0.0 -48.8779584,-27.7772189992207,0.0 -48.8779452,-27.7771610992207,0.0 -48.8779301,-27.7770970992207,0.0 -48.8779201,-27.7770408992207,0.0 -48.8779166,-27.7769934992207,0.0 -48.8779198,-27.7769577992207,0.0 -48.8779228,-27.7769355992207,0.0 -48.8779254,-27.7768966992207,0.0 -48.8779218,-27.7768419992207,0.0 -48.8779049,-27.7767765992207,0.0 -48.8778337,-27.7766150992207,0.0 -48.8778137,-27.7765767992207,0.0 -48.8777952,-27.7765445992207,0.0 -48.877787,-27.7765136992207,0.0 -48.8777883,-27.7764804992207,0.0 -48.8777988,-27.7764344992207,0.0 -48.877804,-27.7764010992207,0.0 -48.8778066,-27.7763523992207,0.0 -48.8778091,-27.7762892992207,0.0 -48.87781,-27.7762665992207,0.0 -48.877797,-27.7759335992207,0.0 -48.8777959,-27.7759323992207,0.0 -48.8777782,-27.7759128992207,0.0 -48.8777482,-27.7758792992208,0.0 -48.8777253,-27.7758577992208,0.0 -48.8777039,-27.7758486992207,0.0 -48.8776927,-27.7758457992207,0.0 -48.8776105,-27.7758325992207,0.0 -48.8773298,-27.7757457992208,0.0 -48.877194,-27.7757163992208,0.0 -48.8771442,-27.7756963992207,0.0 -48.8771103,-27.7756784992208,0.0 -48.876944,-27.7755747992208,0.0 -48.8765521,-27.7753304992208,0.0 -48.8763664,-27.7751595992208,0.0 -48.8763504,-27.7751448992208,0.0 -48.8763395,-27.7751371992208,0.0 -48.8763245,-27.7751164992208,0.0 -48.8762608,-27.7750595992208,0.0 -48.8761001,-27.7749380992208,0.0 -48.8759789,-27.7748577992208,0.0 -48.8758304,-27.7747527992208,0.0 -48.8757256,-27.7746954992208,0.0 -48.8756165,-27.7746612992208,0.0 -48.8755876,-27.7746419992208,0.0 -48.8754674,-27.7745378992208,0.0 -48.8753422,-27.7744413992208,0.0 -48.8752052,-27.7743356992208,0.0 -48.8751352,-27.7742685992208,0.0 -48.8750606,-27.7741743992208,0.0 -48.8750001,-27.7741182992208,0.0 -48.8748611,-27.7739777992208,0.0 -48.8747442,-27.7738385992208,0.0 -48.8747086,-27.7737888992208,0.0 -48.8747045,-27.7737693992208,0.0 -48.8747004,-27.7737499992208,0.0 -48.8747096,-27.7736897992208,0.0 -48.8747163,-27.7736795992208,0.0 -48.8747306,-27.7736623992208,0.0 -48.8747383,-27.7736528992208,0.0 -48.8747539,-27.7736386992208,0.0 -48.8747754,-27.7736231992208,0.0 -48.8748135,-27.7735870992208,0.0 -48.8748228,-27.7735794992208,0.0 -48.8748404,-27.7735701992208,0.0 -48.8748664,-27.7735565992208,0.0 -48.8748886,-27.7735479992208,0.0 -48.8749053,-27.7735401992208,0.0 -48.8749321,-27.7735287992208,0.0 -48.8749571,-27.7735217992208,0.0 -48.8749817,-27.7735151992208,0.0 -48.8750001,-27.7735139992208,0.0 -48.8750412,-27.7734878992208,0.0 -48.8750963,-27.7734578992208,0.0 -48.8751264,-27.7734281992208,0.0 -48.8751396,-27.7733942992208,0.0 -48.8751397,-27.7733516992208,0.0 -48.8750675,-27.7732335992208,0.0 -48.8750547,-27.7731648992208,0.0 -48.8750468,-27.7730781992208,0.0 -48.8750001,-27.7730037992208,0.0 -48.8749173,-27.7728570992208,0.0 -48.8748246,-27.7727701992208,0.0 -48.8746785,-27.7726840992208,0.0 -48.8744386,-27.7725602992208,0.0 -48.8742546,-27.7724540992208,0.0 -48.8742118,-27.7724297992208,0.0 -48.8741506,-27.7723717992208,0.0 -48.8741075,-27.7723219992208,0.0 -48.8740857,-27.7722772992208,0.0 -48.874074,-27.7722132992208,0.0 -48.8740767,-27.7720734992208,0.0 -48.874095,-27.7718927992208,0.0 -48.8740802,-27.7718272992208,0.0 -48.8740575,-27.7717512992208,0.0 -48.8739906,-27.7716343992208,0.0 -48.8739116,-27.7714460992208,0.0 -48.8738129,-27.7712163992208,0.0 -48.8737501,-27.7711041992208,0.0 -48.8736953,-27.7709370992208,0.0 -48.8736849,-27.7708781992208,0.0 -48.8736354,-27.7707684992208,0.0 -48.8735481,-27.7705625992208,0.0 -48.8734393,-27.7704428992209,0.0 -48.8733676,-27.7703130992209,0.0 -48.8733396,-27.7701995992208,0.0 -48.8733073,-27.7701135992209,0.0 -48.873197,-27.7699429992209,0.0 -48.8731381,-27.7698527992209,0.0 -48.873065,-27.7697715992209,0.0 -48.8730321,-27.7697120992209,0.0 -48.8730026,-27.7696430992209,0.0 -48.8729983,-27.7695157992209,0.0 -48.8730003,-27.7693802992209,0.0 -48.8729701,-27.7692793992209,0.0 -48.8728904,-27.7691822992209,0.0 -48.8727418,-27.7690461992209,0.0 -48.8725925,-27.7689052992209,0.0 -48.8725191,-27.7688300992209,0.0 -48.8724972,-27.7687867992209,0.0 -48.8724937,-27.7687137992209,0.0 -48.8725177,-27.7685957992209,0.0 -48.8725327,-27.7684277992209,0.0 -48.8725791,-27.7683582992209,0.0 -48.8726558,-27.7683182992209,0.0 -48.8727038,-27.7682071992209,0.0 -48.8727326,-27.7680605992209,0.0 -48.8727788,-27.7679407992209,0.0 -48.8727945,-27.7678329992209,0.0 -48.8727883,-27.7677363992209,0.0 -48.8727377,-27.7676099992209,0.0 -48.8727018,-27.7675496992209,0.0 -48.872643,-27.7674171992209,0.0 -48.8725878,-27.7672716992209,0.0 -48.8725787,-27.7671990992209,0.0 -48.872582,-27.7671228992209,0.0 -48.8726183,-27.7670122992209,0.0 -48.872656,-27.7669755992209,0.0 -48.87272,-27.7669545992209,0.0 -48.872772,-27.7669488992209,0.0 -48.8728491,-27.7669499992209,0.0 -48.8730377,-27.7669809992209,0.0 -48.8731693,-27.7670109992209,0.0 -48.8732966,-27.7670436992209,0.0 -48.8734309,-27.7670577992209,0.0 -48.8735744,-27.7670468992209,0.0 -48.8738429,-27.7670058992209,0.0 -48.8739503,-27.7670031992209,0.0 -48.8740291,-27.7670027992209,0.0 -48.8741053,-27.7670192992209,0.0 -48.8741654,-27.7670437992209,0.0 -48.874285,-27.7671220992209,0.0 -48.8744375,-27.7671820992209,0.0 -48.8745463,-27.7672189992209,0.0 -48.8746145,-27.7672358992209,0.0 -48.8746613,-27.7672393992209,0.0 -48.87479,-27.7672248992209,0.0 -48.8749065,-27.7671809992209,0.0 -48.8749505,-27.7671108992209,0.0 -48.8749758,-27.7670487992209,0.0 -48.8750001,-27.7669830992209,0.0 -48.8750187,-27.7668839992209,0.0 -48.8750301,-27.7668068992209,0.0 -48.8750311,-27.7667532992209,0.0 -48.8750316,-27.7667279992209,0.0 -48.8750377,-27.7666191992209,0.0 -48.8750334,-27.7665348992209,0.0 -48.8750248,-27.7664679992209,0.0 -48.8750042,-27.7663874992209,0.0 -48.8750001,-27.7663718992209,0.0 -48.8749544,-27.7662773992209,0.0 -48.8748823,-27.7661257992209,0.0 -48.8747725,-27.7658872992209,0.0 -48.8747554,-27.7658516992209,0.0 -48.8747427,-27.7658278992209,0.0 -48.874727,-27.7658026992209,0.0 -48.8747098,-27.7657779992209,0.0 -48.8746906,-27.7657532992209,0.0 -48.8746773,-27.7657379992209,0.0 -48.8746637,-27.7657243992209,0.0 -48.8746489,-27.7657120992209,0.0 -48.8746314,-27.7657001992209,0.0 -48.87461,-27.7656880992209,0.0 -48.8745832,-27.7656749992209,0.0 -48.8745672,-27.7656677992209,0.0 -48.8744617,-27.7656282992209,0.0 -48.8742769,-27.7655644992209,0.0 -48.8742269,-27.7655474992209,0.0 -48.8741463,-27.7655191992209,0.0 -48.8740315,-27.7654761992209,0.0 -48.8738949,-27.7654229992209,0.0 -48.8738055,-27.7653881992209,0.0 -48.8737252,-27.7653579992209,0.0 -48.873642,-27.7653275992209,0.0 -48.8735563,-27.7652970992209,0.0 -48.8734685,-27.7652667992209,0.0 -48.8731102,-27.7651465992209,0.0 -48.8729807,-27.7651019992209,0.0 -48.8728346,-27.765050099221,0.0 -48.8727863,-27.765031699221,0.0 -48.8727419,-27.7650128992209,0.0 -48.8726999,-27.7649922992209,0.0 -48.8726794,-27.7649809992209,0.0 -48.8726381,-27.7649556992209,0.0 -48.8725946,-27.764925799221,0.0 -48.8725203,-27.7648702992209,0.0 -48.872432,-27.7648012992209,0.0 -48.8723381,-27.764726399221,0.0 -48.8721537,-27.764577199221,0.0 -48.8720954,-27.764531799221,0.0 -48.8720626,-27.764508099221,0.0 -48.8720331,-27.764488499221,0.0 -48.8720056,-27.764472099221,0.0 -48.8719647,-27.764450699221,0.0 -48.8719362,-27.764437799221,0.0 -48.8719214,-27.764431799221,0.0 -48.8718905,-27.764420899221,0.0 -48.8718577,-27.764411699221,0.0 -48.8718226,-27.764404499221,0.0 -48.8717848,-27.764398799221,0.0 -48.8717438,-27.764394599221,0.0 -48.8716991,-27.764391299221,0.0 -48.8715707,-27.764384099221,0.0 -48.8715138,-27.764379399221,0.0 -48.8714844,-27.764376199221,0.0 -48.8714244,-27.764367899221,0.0 -48.8713944,-27.764362999221,0.0 -48.8713362,-27.764352299221,0.0 -48.8712827,-27.764341199221,0.0 -48.8712365,-27.764330599221,0.0 -48.8711971,-27.764320199221,0.0 -48.8711787,-27.764314599221,0.0 -48.8711423,-27.764301899221,0.0 -48.8711232,-27.764294399221,0.0 -48.8710811,-27.764276099221,0.0 -48.8710321,-27.764252999221,0.0 -48.8709759,-27.764224799221,0.0 -48.8708774,-27.764172999221,0.0 -48.8708028,-27.764132199221,0.0 -48.8706865,-27.764067099221,0.0 -48.8706128,-27.764024999221,0.0 -48.8704396,-27.763924299221,0.0 -48.8703886,-27.763896499221,0.0 -48.8703574,-27.763880499221,0.0 -48.8703049,-27.763855099221,0.0 -48.8702421,-27.763826399221,0.0 -48.8700201,-27.763728599221,0.0 -48.8699027,-27.763675799221,0.0 -48.8698037,-27.763629599221,0.0 -48.8697555,-27.763605399221,0.0 -48.8697357,-27.763594799221,0.0 -48.8697007,-27.763574899221,0.0 -48.8695836,-27.763503199221,0.0 -48.8694912,-27.763448799221,0.0 -48.8694513,-27.763426699221,0.0 -48.8693604,-27.763379799221,0.0 -48.8693324,-27.763363499221,0.0 -48.869318,-27.763354399221,0.0 -48.8692887,-27.763334199221,0.0 -48.8692594,-27.763311599221,0.0 -48.8692306,-27.763286799221,0.0 -48.8692032,-27.763259999221,0.0 -48.8691649,-27.763218799221,0.0 -48.8690818,-27.763125599221,0.0 -48.8690648,-27.763104199221,0.0 -48.8690568,-27.763092999221,0.0 -48.8690414,-27.763068899221,0.0 -48.8690201,-27.763029799221,0.0 -48.8690006,-27.762988999221,0.0 -48.8689772,-27.762934599221,0.0 -48.8689615,-27.762892999221,0.0 -48.8689495,-27.762855199221,0.0 -48.8689073,-27.762709199221,0.0 -48.8688894,-27.762649599221,0.0 -48.8688732,-27.762599899221,0.0 -48.8688565,-27.762554999221,0.0 -48.8688298,-27.762490799221,0.0 -48.8687855,-27.762390299221,0.0 -48.8687574,-27.762330599221,0.0 -48.8687362,-27.762289099221,0.0 -48.8687127,-27.762247199221,0.0 -48.8686741,-27.762184599221,0.0 -48.8685789,-27.762038499221,0.0 -48.8685249,-27.761953899221,0.0 -48.8684917,-27.761901799221,0.0 -48.8684274,-27.761805399221,0.0 -48.868415,-27.761788399221,0.0 -48.8683897,-27.761755999221,0.0 -48.8683641,-27.761725799221,0.0 -48.8683385,-27.761697899221,0.0 -48.8683132,-27.761672399221,0.0 -48.8682885,-27.761649499221,0.0 -48.8682642,-27.761629199221,0.0 -48.8682522,-27.761620099221,0.0 -48.8682283,-27.761604099221,0.0 -48.8682223,-27.761600599221,0.0 -48.8682164,-27.761597099221,0.0 -48.8681926,-27.761585299221,0.0 -48.8681807,-27.761580399221,0.0 -48.8681572,-27.761572299221,0.0 -48.8681226,-27.761563499221,0.0 -48.8680884,-27.761557599221,0.0 -48.8680641,-27.761555099221,0.0 -48.8680216,-27.761552799221,0.0 -48.8679503,-27.761550999221,0.0 -48.8679108,-27.761549199221,0.0 -48.8678706,-27.761545799221,0.0 -48.8678305,-27.761540199221,0.0 -48.8677887,-27.761532099221,0.0 -48.8677167,-27.761514799221,0.0 -48.8676265,-27.761490799221,0.0 -48.8675172,-27.761459599221,0.0 -48.8673926,-27.761421099221,0.0 -48.8673035,-27.761391799221,0.0 -48.8672135,-27.761360799221,0.0 -48.867086,-27.761314899221,0.0 -48.8670086,-27.761285699221,0.0 -48.8669199,-27.761250799221,0.0 -48.8668004,-27.761201299221,0.0 -48.8667182,-27.761165699221,0.0 -48.8666566,-27.761136699221,0.0 -48.8666134,-27.761114599221,0.0 -48.8665691,-27.761090699221,0.0 -48.8665029,-27.761052899221,0.0 -48.8664406,-27.761014699221,0.0 -48.8664019,-27.760989599221,0.0 -48.8663484,-27.760952199221,0.0 -48.8663157,-27.760927299221,0.0 -48.866285,-27.760902199221,0.0 -48.8662557,-27.760876499221,0.0 -48.8662271,-27.760849599221,0.0 -48.8661984,-27.760821099221,0.0 -48.8661697,-27.760791299221,0.0 -48.8661281,-27.760746299221,0.0 -48.8660373,-27.760644199221,0.0 -48.8660181,-27.760623799221,0.0 -48.8659885,-27.760595899221,0.0 -48.8659708,-27.760580199221,0.0 -48.8659416,-27.760557299221,0.0 -48.8659261,-27.760546399221,0.0 -48.8659105,-27.760535499221,0.0 -48.865888,-27.760521499221,0.0 -48.8658633,-27.760507999221,0.0 -48.86585,-27.760501399221,0.0 -48.865821,-27.760488499221,0.0 -48.8657878,-27.760475499221,0.0 -48.8657492,-27.760461999221,0.0 -48.8656784,-27.760439799221,0.0 -48.865468,-27.760378499221,0.0 -48.8653754,-27.760350399221,0.0 -48.865317,-27.760331299221,0.0 -48.8652894,-27.760321699221,0.0 -48.8652377,-27.760302199221,0.0 -48.8652141,-27.760292399221,0.0 -48.8651702,-27.760272399221,0.0 -48.8651495,-27.760262099221,0.0 -48.8651091,-27.760240699221,0.0 -48.8650037,-27.760180699221,0.0 -48.8649227,-27.760131899221,0.0 -48.8648897,-27.760110699221,0.0 -48.8648625,-27.760091999221,0.0 -48.8647944,-27.760043299221,0.0 -48.8647307,-27.759999399221,0.0 -48.8646708,-27.759956199221,0.0 -48.8646208,-27.759918199221,0.0 -48.8644632,-27.759794199221,0.0 -48.8643695,-27.759721399221,0.0 -48.8642944,-27.759664799221,0.0 -48.8642014,-27.759597399221,0.0 -48.8641755,-27.7595776992211,0.0 -48.8641503,-27.759557299221,0.0 -48.8641389,-27.7595469992211,0.0 -48.864107,-27.7595151992211,0.0 -48.8640897,-27.7594938992211,0.0 -48.8640548,-27.7594483992211,0.0 -48.8640327,-27.7594230992211,0.0 -48.8640197,-27.7594092992211,0.0 -48.8639887,-27.7593783992211,0.0 -48.8639272,-27.7593201992211,0.0 -48.8637755,-27.7591795992211,0.0 -48.8636978,-27.7591089992211,0.0 -48.8635799,-27.7590044992211,0.0 -48.8634696,-27.7589082992211,0.0 -48.8631536,-27.7586366992211,0.0 -48.8630825,-27.7585736992211,0.0 -48.8630052,-27.7585036992211,0.0 -48.8629214,-27.7584248992211,0.0 -48.8627837,-27.7582884992211,0.0 -48.8627502,-27.7582561992211,0.0 -48.8627044,-27.7582141992211,0.0 -48.8626094,-27.7581292992211,0.0 -48.8625321,-27.7580572992211,0.0 -48.8624659,-27.7579929992211,0.0 -48.8623232,-27.7578513992211,0.0 -48.8622782,-27.7578081992211,0.0 -48.8622361,-27.7577690992211,0.0 -48.8621964,-27.7577336992211,0.0 -48.8620681,-27.7576278992211,0.0 -48.8620477,-27.7576116992211,0.0 -48.8618125,-27.7574173992211,0.0 -48.8617735,-27.7573862992211,0.0 -48.8617551,-27.7573722992211,0.0 -48.8617194,-27.7573473992211,0.0 -48.8617017,-27.7573362992211,0.0 -48.8616839,-27.7573261992211,0.0 -48.8616658,-27.7573169992211,0.0 -48.8616471,-27.7573085992211,0.0 -48.8616275,-27.7573008992211,0.0 -48.8616069,-27.7572935992211,0.0 -48.8615612,-27.7572793992211,0.0 -48.8614091,-27.7572373992211,0.0 -48.8612993,-27.7572054992211,0.0 -48.8612301,-27.7571835992211,0.0 -48.8611989,-27.7571728992211,0.0 -48.861171,-27.7571624992211,0.0 -48.8611231,-27.7571427992211,0.0 -48.8610461,-27.7571067992211,0.0 -48.8610092,-27.7570900992211,0.0 -48.8609701,-27.7570738992211,0.0 -48.8608869,-27.7570406992211,0.0 -48.8608433,-27.7570224992211,0.0 -48.8607996,-27.7570032992211,0.0 -48.8607378,-27.7569749992211,0.0 -48.8606713,-27.7569432992211,0.0 -48.8606454,-27.7569297992211,0.0 -48.8606223,-27.7569160992211,0.0 -48.8606005,-27.7569006992211,0.0 -48.8605785,-27.7568822992211,0.0 -48.8605672,-27.7568719992211,0.0 -48.8605443,-27.7568492992211,0.0 -48.8605206,-27.7568238992211,0.0 -48.8604832,-27.7567812992211,0.0 -48.8604434,-27.7567332992211,0.0 -48.8604008,-27.7566795992211,0.0 -48.8602154,-27.7564353992211,0.0 -48.8601139,-27.7563037992211,0.0 -48.860036,-27.7562050992211,0.0 -48.8599155,-27.7560550992211,0.0 -48.8598726,-27.7560006992211,0.0 -48.8598156,-27.7559255992211,0.0 -48.8597063,-27.7557751992211,0.0 -48.8596742,-27.7557326992211,0.0 -48.8596376,-27.7556869992211,0.0 -48.85952,-27.7555470992211,0.0 -48.8594837,-27.7555017992211,0.0 -48.859474,-27.7554883992211,0.0 -48.8594627,-27.7554709992211,0.0 -48.859454,-27.7554555992211,0.0 -48.8594446,-27.7554358992211,0.0 -48.8594394,-27.7554214992211,0.0 -48.8594373,-27.7554121992211,0.0 -48.8594364,-27.7554030992211,0.0 -48.8594369,-27.7553942992211,0.0 -48.8594398,-27.7553812992211,0.0 -48.8594431,-27.7553726992211,0.0 -48.8594473,-27.7553639992211,0.0 -48.8594822,-27.7552993992211,0.0 -48.8594957,-27.7552767992211,0.0 -48.8595205,-27.7552353992211,0.0 -48.8595386,-27.7552017992211,0.0 -48.8595549,-27.7551664992211,0.0 -48.8595963,-27.7550682992211,0.0 -48.8596136,-27.7550321992211,0.0 -48.8596267,-27.7550076992211,0.0 -48.8596415,-27.7549829992211,0.0 -48.859658,-27.7549582992211,0.0 -48.8596762,-27.7549335992211,0.0 -48.8597223,-27.7548733992211,0.0 -48.8597468,-27.7548391992211,0.0 -48.859782,-27.7547795992211,0.0 -48.8597876,-27.7547675992211,0.0 -48.8598028,-27.7547346992211,0.0 -48.8598175,-27.7547006992211,0.0 -48.8598743,-27.7545604992211,0.0 -48.8599033,-27.7544851992211,0.0 -48.8599311,-27.7544058992211,0.0 -48.8599435,-27.7543664992212,0.0 -48.8599543,-27.7543280992211,0.0 -48.8599631,-27.7542912992211,0.0 -48.8599702,-27.7542559992212,0.0 -48.8599757,-27.7542217992211,0.0 -48.85998,-27.7541885992211,0.0 -48.859986,-27.7541238992212,0.0 -48.8600043,-27.7538583992212,0.0 -48.860011,-27.7537499992212,0.0 -48.8600148,-27.7536747992212,0.0 -48.8600176,-27.7535982992212,0.0 -48.8600192,-27.7535214992212,0.0 -48.8600192,-27.7534452992212,0.0 -48.8600164,-27.7533302992212,0.0 -48.860004,-27.7530184992212,0.0 -48.8599959,-27.7528657992212,0.0 -48.8599883,-27.7527641992212,0.0 -48.8599836,-27.7527145992212,0.0 -48.8599729,-27.7526187992212,0.0 -48.8599611,-27.7525280992212,0.0 -48.8599347,-27.7523414992212,0.0 -48.8599143,-27.7521841992212,0.0 -48.8599113,-27.7521456992212,0.0 -48.8599108,-27.7521305992212,0.0 -48.8599116,-27.7521065992212,0.0 -48.8599127,-27.7520967992212,0.0 -48.8599159,-27.7520791992212,0.0 -48.85993,-27.7520221992212,0.0 -48.8599356,-27.7520023992212,0.0 -48.8599447,-27.7519758992212,0.0 -48.8599546,-27.7519529992212,0.0 -48.8599617,-27.7519391992212,0.0 -48.8599694,-27.7519262992212,0.0 -48.8599777,-27.7519135992212,0.0 -48.8599927,-27.7518932992212,0.0 -48.8600503,-27.7518209992212,0.0 -48.860071,-27.7517964992212,0.0 -48.8600876,-27.7517786992212,0.0 -48.8600974,-27.7517696992212,0.0 -48.8601071,-27.7517623992212,0.0 -48.8601231,-27.7517534992212,0.0 -48.8601426,-27.7517464992212,0.0 -48.8601675,-27.7517408992212,0.0 -48.8601874,-27.7517380992212,0.0 -48.8602095,-27.7517364992212,0.0 -48.8602332,-27.7517366992212,0.0 -48.8602579,-27.7517391992212,0.0 -48.8602843,-27.7517438992212,0.0 -48.8603482,-27.7517578992212,0.0 -48.860389,-27.7517659992212,0.0 -48.8604354,-27.7517742992212,0.0 -48.8605091,-27.7517863992212,0.0 -48.8605997,-27.7518005992212,0.0 -48.8606581,-27.7518087992212,0.0 -48.8606947,-27.7518125992212,0.0 -48.860731,-27.7518146992212,0.0 -48.8607676,-27.7518150992212,0.0 -48.8607861,-27.7518144992212,0.0 -48.8608232,-27.7518114992212,0.0 -48.8608418,-27.7518089992212,0.0 -48.8608605,-27.7518058992212,0.0 -48.8608979,-27.7517976992212,0.0 -48.8609348,-27.7517873992212,0.0 -48.8609705,-27.7517754992212,0.0 -48.8610043,-27.7517626992212,0.0 -48.8610357,-27.7517494992212,0.0 -48.861065,-27.7517351992212,0.0 -48.861079,-27.7517272992212,0.0 -48.8610926,-27.7517188992212,0.0 -48.8611059,-27.7517096992212,0.0 -48.861119,-27.7516996992212,0.0 -48.8611445,-27.7516771992212,0.0 -48.8611687,-27.7516522992212,0.0 -48.8611908,-27.7516264992212,0.0 -48.8612102,-27.7516009992212,0.0 -48.8612266,-27.7515768992212,0.0 -48.8612403,-27.7515535992212,0.0 -48.861252,-27.7515301992212,0.0 -48.8612622,-27.7515055992212,0.0 -48.8612715,-27.7514789992212,0.0 -48.8612794,-27.7514499992212,0.0 -48.8612853,-27.7514183992212,0.0 -48.8612888,-27.7513837992212,0.0 -48.8612895,-27.7513458992212,0.0 -48.861288,-27.7513034992212,0.0 -48.8612811,-27.7511713992212,0.0 -48.8612726,-27.7509447992212,0.0 -48.861267,-27.7508603992212,0.0 -48.861262,-27.7508107992212,0.0 -48.8612557,-27.7507656992212,0.0 -48.8612479,-27.7507243992212,0.0 -48.8612435,-27.7507049992212,0.0 -48.861234,-27.7506688992212,0.0 -48.8612187,-27.7506215992212,0.0 -48.8612039,-27.7505831992212,0.0 -48.8611904,-27.7505525992212,0.0 -48.8611685,-27.7505084992212,0.0 -48.8611603,-27.7504899992212,0.0 -48.8611558,-27.7504767992212,0.0 -48.861152,-27.7504619992212,0.0 -48.8611476,-27.7504360992212,0.0 -48.861145,-27.7504051992212,0.0 -48.8611431,-27.7503321992212,0.0 -48.8611408,-27.7502971992212,0.0 -48.8611364,-27.7502661992212,0.0 -48.8611209,-27.7501834992212,0.0 -48.8611176,-27.7501601992212,0.0 -48.8611166,-27.7501407992212,0.0 -48.8611186,-27.7501206992212,0.0 -48.8611221,-27.7501039992212,0.0 -48.8611497,-27.7500023992212,0.0 -48.8611583,-27.7499666992212,0.0 -48.8611599,-27.7499312992212,0.0 -48.8611557,-27.7499045992212,0.0 -48.8611497,-27.7498793992212,0.0 -48.8610177,-27.7497483992212,0.0 -48.8609901,-27.7497181992212,0.0 -48.860965,-27.7496866992212,0.0 -48.860953,-27.7496696992212,0.0 -48.8609413,-27.7496514992212,0.0 -48.8609298,-27.7496321992212,0.0 -48.8609185,-27.7496117992212,0.0 -48.8608966,-27.7495681992212,0.0 -48.860886,-27.7495449992212,0.0 -48.8608652,-27.7494964992212,0.0 -48.8608452,-27.7494452992212,0.0 -48.8608354,-27.7494182992212,0.0 -48.8608164,-27.7493605992212,0.0 -48.8607982,-27.7492966992212,0.0 -48.8607893,-27.7492619992212,0.0 -48.8607722,-27.7491867992212,0.0 -48.860764,-27.7491468992212,0.0 -48.8607487,-27.7490644992212,0.0 -48.8607353,-27.7489808992212,0.0 -48.860724,-27.7488989992213,0.0 -48.8607151,-27.7488210992212,0.0 -48.8607084,-27.7487489992213,0.0 -48.8607035,-27.7486740992213,0.0 -48.8607016,-27.7486291992213,0.0 -48.8607013,-27.7485830992213,0.0 -48.8607027,-27.7485442992213,0.0 -48.8607059,-27.7485105992213,0.0 -48.8607107,-27.7484801992213,0.0 -48.8607139,-27.7484652992213,0.0 -48.8607228,-27.7484343992213,0.0 -48.8607363,-27.7483989992213,0.0 -48.8607454,-27.7483784992213,0.0 -48.8607689,-27.7483301992213,0.0 -48.8608157,-27.7482414992213,0.0 -48.8609379,-27.7480193992213,0.0 -48.8609967,-27.7479107992213,0.0 -48.8610329,-27.7478414992213,0.0 -48.861053,-27.7477984992213,0.0 -48.8610618,-27.7477768992213,0.0 -48.8610699,-27.7477546992213,0.0 -48.8610813,-27.7477167992213,0.0 -48.861084,-27.7477068992213,0.0 -48.8610899,-27.7476807992213,0.0 -48.8611047,-27.7475961992213,0.0 -48.8611168,-27.7475182992213,0.0 -48.8611252,-27.7474746992213,0.0 -48.8611298,-27.7474562992213,0.0 -48.8611348,-27.7474396992213,0.0 -48.8611402,-27.7474243992213,0.0 -48.8611463,-27.7474100992213,0.0 -48.8611607,-27.7473827992213,0.0 -48.8611787,-27.7473543992213,0.0 -48.8612132,-27.7473066992213,0.0 -48.861241,-27.7472711992213,0.0 -48.8612727,-27.7472325992213,0.0 -48.861328,-27.7471673992213,0.0 -48.8614853,-27.7469853992213,0.0 -48.8615922,-27.7468602992213,0.0 -48.8616693,-27.7467685992213,0.0 -48.8617476,-27.7466736992213,0.0 -48.8618247,-27.7465783992213,0.0 -48.8620067,-27.7463492992213,0.0 -48.8622382,-27.7460610992213,0.0 -48.8622916,-27.7459920992213,0.0 -48.8623374,-27.7459294992213,0.0 -48.8623776,-27.7458713992213,0.0 -48.8624707,-27.7457304992213,0.0 -48.8625287,-27.7456446992213,0.0 -48.8625659,-27.7455919992213,0.0 -48.8625833,-27.7455683992213,0.0 -48.8626147,-27.7455283992213,0.0 -48.8626288,-27.7455120992213,0.0 -48.8626421,-27.7454978992213,0.0 -48.8626549,-27.7454852992213,0.0 -48.8626676,-27.7454738992213,0.0 -48.8626804,-27.7454634992213,0.0 -48.8626936,-27.7454536992213,0.0 -48.8627223,-27.7454341992213,0.0 -48.862821,-27.7453727992213,0.0 -48.8628684,-27.7453416992213,0.0 -48.8628971,-27.7453199992213,0.0 -48.8629107,-27.7453083992213,0.0 -48.8629237,-27.7452960992213,0.0 -48.8629361,-27.7452830992213,0.0 -48.8629479,-27.7452690992213,0.0 -48.8629592,-27.7452539992213,0.0 -48.8629702,-27.7452375992213,0.0 -48.862981,-27.7452198992213,0.0 -48.862992,-27.7452006992213,0.0 -48.863015,-27.7451571992213,0.0 -48.8630872,-27.7450156992213,0.0 -48.8631341,-27.7449213992213,0.0 -48.863161,-27.7448638992213,0.0 -48.8631815,-27.7448152992213,0.0 -48.8631893,-27.7447941992213,0.0 -48.8631972,-27.7447698992213,0.0 -48.8632008,-27.7447572992213,0.0 -48.8632046,-27.7447410992213,0.0 -48.8632072,-27.7447261992213,0.0 -48.8632088,-27.7447123992213,0.0 -48.8632094,-27.7446994992213,0.0 -48.8632091,-27.7446872992213,0.0 -48.8632079,-27.7446758992213,0.0 -48.8632059,-27.7446651992213,0.0 -48.8632032,-27.7446550992213,0.0 -48.8631958,-27.7446364992213,0.0 -48.863186,-27.7446195992213,0.0 -48.8631737,-27.7446035992213,0.0 -48.8631583,-27.7445870992213,0.0 -48.8631276,-27.7445588992213,0.0 -48.8630871,-27.7445242992213,0.0 -48.8630409,-27.7444873992213,0.0 -48.8630096,-27.7444644992213,0.0 -48.8629509,-27.7444255992213,0.0 -48.8629243,-27.7444061992213,0.0 -48.8629117,-27.7443956992213,0.0 -48.8628996,-27.7443842992213,0.0 -48.8628882,-27.7443717992213,0.0 -48.8628772,-27.7443581992213,0.0 -48.8628667,-27.7443434992213,0.0 -48.8628567,-27.7443277992213,0.0 -48.8628472,-27.7443108992213,0.0 -48.8628292,-27.7442741992213,0.0 -48.8628126,-27.7442334992213,0.0 -48.8627973,-27.7441892992213,0.0 -48.8627837,-27.7441424992213,0.0 -48.862772,-27.7440938992213,0.0 -48.8627686,-27.7440759992213,0.0 -48.8627585,-27.7440189992213,0.0 -48.8627517,-27.7439671992213,0.0 -48.8627439,-27.7438838992213,0.0 -48.8627374,-27.7437912992213,0.0 -48.8627326,-27.7436933992214,0.0 -48.8627314,-27.7436294992213,0.0 -48.8627323,-27.7435695992213,0.0 -48.8627358,-27.7435145992213,0.0 -48.8627385,-27.7434885992213,0.0 -48.862742,-27.7434633992214,0.0 -48.8627462,-27.7434388992214,0.0 -48.8627512,-27.7434148992213,0.0 -48.862757,-27.7433912992214,0.0 -48.8627636,-27.7433678992214,0.0 -48.8627788,-27.7433216992214,0.0 -48.8627962,-27.7432751992214,0.0 -48.8628342,-27.7431780992214,0.0 -48.8628536,-27.7431266992214,0.0 -48.8628822,-27.7430476992214,0.0 -48.8629372,-27.7428916992214,0.0 -48.8629573,-27.7428403992214,0.0 -48.8629684,-27.7428146992214,0.0 -48.8629803,-27.7427887992214,0.0 -48.8629933,-27.7427627992214,0.0 -48.8630075,-27.7427363992214,0.0 -48.863023,-27.7427094992214,0.0 -48.8630401,-27.7426818992214,0.0 -48.8630588,-27.7426534992214,0.0 -48.8630793,-27.7426238992214,0.0 -48.8631048,-27.7425892992214,0.0 -48.8631139,-27.7425773992214,0.0 -48.8631822,-27.7424923992214,0.0 -48.8632124,-27.7424569992214,0.0 -48.8632755,-27.7423859992214,0.0 -48.8633393,-27.7423179992214,0.0 -48.8633704,-27.7422862992214,0.0 -48.8634005,-27.7422566992214,0.0 -48.8634296,-27.7422290992214,0.0 -48.863458,-27.7422033992214,0.0 -48.8634856,-27.7421794992214,0.0 -48.8635128,-27.7421571992214,0.0 -48.8635396,-27.7421363992214,0.0 -48.8635661,-27.7421168992214,0.0 -48.8635926,-27.7420986992214,0.0 -48.8636192,-27.7420814992214,0.0 -48.8636458,-27.7420653992214,0.0 -48.8636725,-27.7420502992214,0.0 -48.8636992,-27.7420360992214,0.0 -48.863726,-27.7420227992214,0.0 -48.8637794,-27.7419986992214,0.0 -48.863806,-27.7419877992214,0.0 -48.8638592,-27.7419678992214,0.0 -48.8639135,-27.7419494992214,0.0 -48.8640613,-27.7419011992214,0.0 -48.8641906,-27.7418559992214,0.0 -48.8643046,-27.7418136992214,0.0 -48.8643508,-27.7417947992214,0.0 -48.8643722,-27.7417851992214,0.0 -48.864393,-27.7417749992214,0.0 -48.8644136,-27.7417638992214,0.0 -48.8644344,-27.7417516992214,0.0 -48.8644559,-27.7417380992214,0.0 -48.8644783,-27.7417226992214,0.0 -48.8645014,-27.7417057992214,0.0 -48.8645248,-27.7416873992214,0.0 -48.8645481,-27.7416675992214,0.0 -48.8645709,-27.7416467992214,0.0 -48.8645928,-27.7416248992214,0.0 -48.8646135,-27.7416020992214,0.0 -48.8646326,-27.7415785992214,0.0 -48.8646498,-27.7415545992214,0.0 -48.8646653,-27.7415300992214,0.0 -48.8646793,-27.7415054992214,0.0 -48.8646923,-27.7414806992214,0.0 -48.8647388,-27.7413843992214,0.0 -48.8647506,-27.7413617992214,0.0 -48.8647632,-27.7413395992214,0.0 -48.8647768,-27.7413174992214,0.0 -48.8647918,-27.7412952992214,0.0 -48.8648087,-27.7412725992214,0.0 -48.8648276,-27.7412490992214,0.0 -48.864849,-27.7412244992214,0.0 -48.8648732,-27.7411984992214,0.0 -48.8649004,-27.7411709992214,0.0 -48.8649611,-27.7411125992214,0.0 -48.8650854,-27.7409965992214,0.0 -48.8651363,-27.7409465992214,0.0 -48.8651574,-27.7409243992214,0.0 -48.865176,-27.7409036992214,0.0 -48.8651924,-27.7408842992214,0.0 -48.865207,-27.7408657992214,0.0 -48.8652322,-27.7408302992214,0.0 -48.8652435,-27.7408127992214,0.0 -48.8652652,-27.7407762992214,0.0 -48.8652761,-27.7407565992214,0.0 -48.8652992,-27.7407121992214,0.0 -48.8653256,-27.7406583992214,0.0 -48.8654135,-27.7404732992214,0.0 -48.8654545,-27.7403886992214,0.0 -48.865496,-27.7403064992214,0.0 -48.8655364,-27.7402309992214,0.0 -48.8655755,-27.7401629992214,0.0 -48.8655946,-27.7401316992214,0.0 -48.8656321,-27.7400745992214,0.0 -48.8656505,-27.7400485992214,0.0 -48.8656687,-27.7400242992214,0.0 -48.8657493,-27.7399236992214,0.0 -48.865762,-27.7399067992214,0.0 -48.865773,-27.7398906992214,0.0 -48.8657823,-27.7398750992214,0.0 -48.8657898,-27.7398600992214,0.0 -48.8657959,-27.7398452992214,0.0 -48.8658005,-27.7398307992214,0.0 -48.8658038,-27.7398161992214,0.0 -48.8658061,-27.7398014992214,0.0 -48.8658073,-27.7397865992214,0.0 -48.8658074,-27.7397551992214,0.0 -48.8658062,-27.7397384992214,0.0 -48.8658039,-27.7397209992214,0.0 -48.8658003,-27.7397025992214,0.0 -48.8657953,-27.7396831992214,0.0 -48.8657886,-27.7396625992214,0.0 -48.8657801,-27.7396407992214,0.0 -48.8657696,-27.7396176992214,0.0 -48.8657568,-27.7395929992214,0.0 -48.8657419,-27.7395667992214,0.0 -48.8657248,-27.7395387992214,0.0 -48.8657056,-27.7395089992214,0.0 -48.8656606,-27.7394432992214,0.0 -48.8656071,-27.7393685992214,0.0 -48.8655456,-27.7392845992214,0.0 -48.8654782,-27.7391937992214,0.0 -48.865335,-27.7390048992214,0.0 -48.8651009,-27.7387021992214,0.0 -48.8650103,-27.7385797992214,0.0 -48.8649752,-27.7385298992214,0.0 -48.8649552,-27.7385002992214,0.0 -48.8649202,-27.7384457992214,0.0 -48.8648919,-27.7383970992214,0.0 -48.86488,-27.7383744992214,0.0 -48.8648694,-27.7383523992214,0.0 -48.8648599,-27.7383303992214,0.0 -48.8648515,-27.7383079992214,0.0 -48.8648438,-27.7382847992214,0.0 -48.8648368,-27.7382603992214,0.0 -48.864824,-27.7382059992214,0.0 -48.8648126,-27.7381432992214,0.0 -48.8648023,-27.7380728992215,0.0 -48.8647932,-27.7379954992214,0.0 -48.8647729,-27.7377729992215,0.0 -48.8647617,-27.7376707992215,0.0 -48.8647544,-27.7376163992215,0.0 -48.8647458,-27.7375596992215,0.0 -48.8647356,-27.7375005992215,0.0 -48.8647237,-27.7374394992215,0.0 -48.8647101,-27.7373767992215,0.0 -48.8646949,-27.7373129992215,0.0 -48.8646779,-27.7372485992215,0.0 -48.8646592,-27.7371839992215,0.0 -48.8646388,-27.7371195992215,0.0 -48.8646166,-27.7370559992215,0.0 -48.8645928,-27.7369934992215,0.0 -48.8645677,-27.7369326992215,0.0 -48.8645418,-27.7368738992215,0.0 -48.8645156,-27.7368174992215,0.0 -48.8644896,-27.7367639992215,0.0 -48.864471,-27.7367270992215,0.0 -48.8644177,-27.7366246992215,0.0 -48.8643785,-27.7365523992215,0.0 -48.8643451,-27.7364930992215,0.0 -48.8643143,-27.7364416992215,0.0 -48.8642833,-27.7363929992215,0.0 -48.8642495,-27.7363428992215,0.0 -48.8642127,-27.7362913992215,0.0 -48.8641728,-27.7362397992215,0.0 -48.86413,-27.7361889992215,0.0 -48.8641076,-27.7361641992215,0.0 -48.864061,-27.7361159992215,0.0 -48.8640114,-27.7360681992215,0.0 -48.8639883,-27.7360464992215,0.0 -48.8638552,-27.7359257992215,0.0 -48.86382,-27.7358932992215,0.0 -48.8637764,-27.7358508992215,0.0 -48.863756,-27.7358298992215,0.0 -48.8637366,-27.7358087992215,0.0 -48.8637182,-27.7357875992215,0.0 -48.8637006,-27.7357660992215,0.0 -48.8636839,-27.7357441992215,0.0 -48.8636678,-27.7357216992215,0.0 -48.8636522,-27.7356983992215,0.0 -48.8636372,-27.7356741992215,0.0 -48.8636224,-27.7356487992215,0.0 -48.8635937,-27.7355942992215,0.0 -48.863565,-27.7355343992215,0.0 -48.8635199,-27.7354331992215,0.0 -48.8634525,-27.7352766992215,0.0 -48.8634184,-27.7351930992215,0.0 -48.8633871,-27.7351094992215,0.0 -48.8633731,-27.7350684992215,0.0 -48.8633606,-27.7350284992215,0.0 -48.8633495,-27.7349895992215,0.0 -48.8633396,-27.7349518992215,0.0 -48.8633308,-27.7349153992215,0.0 -48.863316,-27.7348462992215,0.0 -48.8632984,-27.7347533992215,0.0 -48.8632885,-27.7346967992215,0.0 -48.8632756,-27.7346096992215,0.0 -48.8632679,-27.7345433992215,0.0 -48.8632643,-27.7345063992215,0.0 -48.8632548,-27.7343839992215,0.0 -48.8632503,-27.7342993992215,0.0 -48.8632488,-27.7342579992215,0.0 -48.8632479,-27.7341802992215,0.0 -48.8632484,-27.7341443992215,0.0 -48.8632514,-27.7340777992215,0.0 -48.863257,-27.7340169992215,0.0 -48.863265,-27.7339607992215,0.0 -48.8632699,-27.7339340992215,0.0 -48.8632811,-27.7338827992215,0.0 -48.863294,-27.7338342992215,0.0 -48.8633081,-27.7337881992215,0.0 -48.863323,-27.7337443992215,0.0 -48.8633676,-27.7336217992215,0.0 -48.8633809,-27.7335823992215,0.0 -48.8633924,-27.7335431992215,0.0 -48.8634014,-27.7335040992215,0.0 -48.8634047,-27.7334845992215,0.0 -48.863407,-27.7334651992215,0.0 -48.8634084,-27.7334458992215,0.0 -48.8634085,-27.7334321992215,0.0 -48.8634076,-27.7334071992215,0.0 -48.8634053,-27.7333877992215,0.0 -48.8634016,-27.7333682992215,0.0 -48.8633964,-27.7333485992215,0.0 -48.8633896,-27.7333285992215,0.0 -48.8633811,-27.7333083992215,0.0 -48.8633709,-27.7332877992215,0.0 -48.8633587,-27.7332667992215,0.0 -48.8633446,-27.7332451992215,0.0 -48.8633284,-27.7332227992215,0.0 -48.86331,-27.7331992992215,0.0 -48.8632893,-27.7331746992215,0.0 -48.8632662,-27.7331485992215,0.0 -48.8632406,-27.7331208992215,0.0 -48.8631816,-27.7330599992215,0.0 -48.863114,-27.7329927992215,0.0 -48.8629707,-27.7328522992216,0.0 -48.8628731,-27.7327539992216,0.0 -48.8628175,-27.7326949992216,0.0 -48.8627927,-27.7326674992216,0.0 -48.8627702,-27.7326413992215,0.0 -48.8627499,-27.7326165992216,0.0 -48.8627319,-27.7325931992216,0.0 -48.8627163,-27.7325711992215,0.0 -48.862703,-27.7325503992215,0.0 -48.8626918,-27.7325305992215,0.0 -48.8626826,-27.7325116992216,0.0 -48.8626751,-27.7324933992215,0.0 -48.8626693,-27.7324756992216,0.0 -48.8626649,-27.7324581992216,0.0 -48.8626618,-27.7324408992216,0.0 -48.8626598,-27.7324235992216,0.0 -48.8626589,-27.7324061992216,0.0 -48.8626591,-27.7323886992216,0.0 -48.8626603,-27.7323711992216,0.0 -48.8626624,-27.7323535992216,0.0 -48.8626656,-27.7323358992216,0.0 -48.8626696,-27.7323180992216,0.0 -48.8626745,-27.7323001992216,0.0 -48.8626803,-27.7322820992216,0.0 -48.8626872,-27.7322637992216,0.0 -48.8626954,-27.7322450992216,0.0 -48.8627051,-27.7322255992216,0.0 -48.8627165,-27.7322053992216,0.0 -48.8627298,-27.7321841992216,0.0 -48.8627453,-27.7321617992216,0.0 -48.8627632,-27.7321379992216,0.0 -48.8627835,-27.7321127992216,0.0 -48.8628061,-27.7320862992216,0.0 -48.8628565,-27.7320302992216,0.0 -48.8629112,-27.7319719992216,0.0 -48.8630985,-27.7317746992216,0.0 -48.8632212,-27.7316474992216,0.0 -48.8632511,-27.7316146992216,0.0 -48.8632639,-27.7315989992216,0.0 -48.8632753,-27.7315834992216,0.0 -48.8632854,-27.7315679992216,0.0 -48.863294,-27.7315520992216,0.0 -48.8633012,-27.7315356992216,0.0 -48.8633069,-27.7315184992216,0.0 -48.863311,-27.7315004992216,0.0 -48.8633136,-27.7314811992216,0.0 -48.8633146,-27.7314605992216,0.0 -48.863314,-27.7314384992216,0.0 -48.8633117,-27.7314145992216,0.0 -48.8633077,-27.7313886992216,0.0 -48.8633021,-27.7313607992216,0.0 -48.8632948,-27.7313306992216,0.0 -48.8632858,-27.7312981992216,0.0 -48.8632753,-27.7312632992216,0.0 -48.8632633,-27.7312257992216,0.0 -48.8632346,-27.7311425992216,0.0 -48.8631435,-27.7308914992216,0.0 -48.8631051,-27.7307810992216,0.0 -48.8630867,-27.7307252992216,0.0 -48.8630522,-27.7306139992216,0.0 -48.8630153,-27.7304866992216,0.0 -48.8629725,-27.7303391992216,0.0 -48.8629395,-27.7302313992216,0.0 -48.8629043,-27.7301246992216,0.0 -48.8628664,-27.7300188992216,0.0 -48.8628374,-27.7299443992216,0.0 -48.8628035,-27.7298605992216,0.0 -48.8627808,-27.7298077992216,0.0 -48.8627333,-27.7297030992216,0.0 -48.8626843,-27.7296012992216,0.0 -48.8626354,-27.7295047992216,0.0 -48.8625882,-27.7294156992216,0.0 -48.8625239,-27.7292975992216,0.0 -48.8624927,-27.7292377992216,0.0 -48.8624727,-27.7291973992216,0.0 -48.8624594,-27.7291677992216,0.0 -48.8624483,-27.7291399992216,0.0 -48.8624394,-27.7291136992216,0.0 -48.8624324,-27.7290884992216,0.0 -48.8624272,-27.7290640992216,0.0 -48.8624236,-27.7290400992216,0.0 -48.8624216,-27.7290161992216,0.0 -48.8624209,-27.7289918992216,0.0 -48.8624213,-27.7289670992216,0.0 -48.8624228,-27.7289411992216,0.0 -48.8624253,-27.7289143992216,0.0 -48.8624288,-27.7288864992216,0.0 -48.8624384,-27.7288276992216,0.0 -48.8624512,-27.7287645992216,0.0 -48.8624588,-27.7287314992216,0.0 -48.8624759,-27.7286619992216,0.0 -48.8624955,-27.7285888992216,0.0 -48.8625157,-27.7285178992216,0.0 -48.8625407,-27.7284340992216,0.0 -48.8625658,-27.7283539992216,0.0 -48.862596,-27.7282628992216,0.0 -48.862634,-27.7281547992216,0.0 -48.8626485,-27.7281163992216,0.0 -48.8626781,-27.7280424992216,0.0 -48.8627075,-27.7279728992216,0.0 -48.8627727,-27.7278232992216,0.0 -48.8627931,-27.7277739992216,0.0 -48.8628097,-27.7277283992217,0.0 -48.8628166,-27.7277063992216,0.0 -48.8628226,-27.7276846992216,0.0 -48.8628277,-27.7276627992216,0.0 -48.8628319,-27.7276406992216,0.0 -48.8628352,-27.7276183992217,0.0 -48.8628394,-27.7275727992216,0.0 -48.8628405,-27.7275181992216,0.0 -48.8628402,-27.7275026992216,0.0 -48.8628376,-27.7274549992216,0.0 -48.8628224,-27.7272977992217,0.0 -48.8628208,-27.7272608992217,0.0 -48.8628217,-27.7272269992216,0.0 -48.8628257,-27.7271939992217,0.0 -48.862833,-27.7271596992217,0.0 -48.862838,-27.7271414992217,0.0 -48.8628442,-27.7271224992217,0.0 -48.8628517,-27.7271026992217,0.0 -48.8628607,-27.7270820992217,0.0 -48.8628713,-27.7270605992217,0.0 -48.8628838,-27.7270382992217,0.0 -48.8628982,-27.7270150992216,0.0 -48.8629149,-27.7269910992217,0.0 -48.8629338,-27.7269661992217,0.0 -48.8629548,-27.7269406992217,0.0 -48.8630014,-27.7268879992217,0.0 -48.8630519,-27.7268341992217,0.0 -48.8631542,-27.7267269992217,0.0 -48.8632047,-27.7266724992217,0.0 -48.8632567,-27.7266143992217,0.0 -48.8633117,-27.7265502992217,0.0 -48.863371,-27.7264784992217,0.0 -48.863434,-27.7264001992217,0.0 -48.8637935,-27.7259479992217,0.0 -48.8638779,-27.7258398992217,0.0 -48.8639067,-27.7258004992217,0.0 -48.8639297,-27.7257655992217,0.0 -48.8639497,-27.7257309992217,0.0 -48.8639589,-27.7257130992217,0.0 -48.8639759,-27.7256757992217,0.0 -48.8639909,-27.7256360992217,0.0 -48.8640038,-27.7255935992217,0.0 -48.8640094,-27.7255712992217,0.0 -48.8640189,-27.7255242992217,0.0 -48.8640227,-27.7254996992217,0.0 -48.8640271,-27.7254598992217,0.0 -48.8640311,-27.7253935992217,0.0 -48.8640313,-27.7253651992217,0.0 -48.8640307,-27.7253363992217,0.0 -48.8640292,-27.7253072992217,0.0 -48.8640268,-27.7252782992217,0.0 -48.8640233,-27.7252495992217,0.0 -48.8640187,-27.7252214992217,0.0 -48.8640129,-27.7251941992217,0.0 -48.8640059,-27.7251679992217,0.0 -48.8639975,-27.7251430992217,0.0 -48.8639877,-27.7251193992217,0.0 -48.8639762,-27.7250965992217,0.0 -48.8639628,-27.7250744992217,0.0 -48.8639475,-27.7250528992217,0.0 -48.8639299,-27.7250316992217,0.0 -48.86391,-27.7250104992217,0.0 -48.8638875,-27.7249892992217,0.0 -48.8638624,-27.7249677992217,0.0 -48.8638352,-27.7249461992217,0.0 -48.8638066,-27.7249245992217,0.0 -48.8637476,-27.7248824992217,0.0 -48.8636645,-27.7248245992217,0.0 -48.8636191,-27.7247913992217,0.0 -48.8635818,-27.7247617992217,0.0 -48.8635657,-27.7247479992217,0.0 -48.8635374,-27.7247215992217,0.0 -48.8635131,-27.7246955992217,0.0 -48.8635022,-27.7246824992217,0.0 -48.8634827,-27.7246556992217,0.0 -48.8634741,-27.7246419992217,0.0 -48.8634663,-27.7246279992217,0.0 -48.8634594,-27.7246135992217,0.0 -48.8634532,-27.7245987992217,0.0 -48.8634479,-27.7245833992217,0.0 -48.8634435,-27.7245670992217,0.0 -48.8634403,-27.7245493992217,0.0 -48.8634384,-27.7245297992217,0.0 -48.8634379,-27.7245078992217,0.0 -48.8634392,-27.7244832992217,0.0 -48.8634422,-27.7244552992217,0.0 -48.8634472,-27.7244236992217,0.0 -48.8634542,-27.7243880992217,0.0 -48.8634631,-27.7243492992217,0.0 -48.8634846,-27.7242659992217,0.0 -48.863509,-27.7241817992217,0.0 -48.8635213,-27.7241416992217,0.0 -48.8635446,-27.7240702992217,0.0 -48.8635655,-27.7240115992217,0.0 -48.8635755,-27.7239861992217,0.0 -48.8635954,-27.7239409992217,0.0 -48.863616,-27.7239005992217,0.0 -48.863627,-27.7238812992217,0.0 -48.8636509,-27.7238431992217,0.0 -48.8636781,-27.7238046992217,0.0 -48.8637092,-27.7237644992217,0.0 -48.8637452,-27.7237212992217,0.0 -48.8637875,-27.7236730992217,0.0 -48.8638685,-27.7235858992217,0.0 -48.863978,-27.7234732992217,0.0 -48.864242,-27.7232068992217,0.0 -48.864315,-27.7231316992217,0.0 -48.8643725,-27.7230703992217,0.0 -48.8644173,-27.7230199992217,0.0 -48.8644359,-27.7229979992217,0.0 -48.864467,-27.7229585992217,0.0 -48.8644923,-27.7229226992217,0.0 -48.8645033,-27.7229052992217,0.0 -48.8645229,-27.7228702992217,0.0 -48.8645404,-27.7228328992217,0.0 -48.8645572,-27.7227908992217,0.0 -48.8645655,-27.7227677992217,0.0 -48.8645814,-27.7227180992217,0.0 -48.8645889,-27.7226915992217,0.0 -48.8646022,-27.7226359992217,0.0 -48.8646078,-27.7226071992217,0.0 -48.864617,-27.7225477992217,0.0 -48.864624,-27.7224875992217,0.0 -48.864639,-27.7223423992217,0.0 -48.8646468,-27.7222871992217,0.0 -48.8646516,-27.7222587992217,0.0 -48.864664,-27.7221978992217,0.0 -48.8646809,-27.7221277992217,0.0 -48.8647034,-27.7220458992217,0.0 -48.8647165,-27.7220011992218,0.0 -48.8647459,-27.7219069992218,0.0 -48.8647788,-27.7218095992218,0.0 -48.8647963,-27.7217609992218,0.0 -48.8648327,-27.7216661992218,0.0 -48.8648697,-27.7215770992218,0.0 -48.8649059,-27.7214961992218,0.0 -48.8649396,-27.7214263992218,0.0 -48.8649553,-27.7213962992218,0.0 -48.8649708,-27.7213683992218,0.0 -48.8649871,-27.7213415992218,0.0 -48.8650048,-27.7213146992218,0.0 -48.8650249,-27.7212864992218,0.0 -48.8650482,-27.7212558992218,0.0 -48.8650755,-27.7212215992218,0.0 -48.8651451,-27.7211378992218,0.0 -48.8652337,-27.7210343992218,0.0 -48.8655927,-27.7206219992218,0.0 -48.865687,-27.7205119992218,0.0 -48.8657316,-27.7204586992218,0.0 -48.8657745,-27.7204063992218,0.0 -48.8658156,-27.7203548992218,0.0 -48.8658547,-27.7203040992218,0.0 -48.865892,-27.7202537992218,0.0 -48.8659275,-27.7202040992218,0.0 -48.8659613,-27.7201548992218,0.0 -48.8659936,-27.7201059992218,0.0 -48.8660246,-27.7200575992218,0.0 -48.8660545,-27.7200094992218,0.0 -48.8661113,-27.7199141992218,0.0 -48.8661385,-27.7198669992218,0.0 -48.8661905,-27.7197743992218,0.0 -48.8662384,-27.7196859992218,0.0 -48.8663007,-27.7195658992218,0.0 -48.8663351,-27.7194963992218,0.0 -48.8664119,-27.7193378992218,0.0 -48.8664644,-27.7192341992218,0.0 -48.8665231,-27.7191243992218,0.0 -48.8665625,-27.7190544992218,0.0 -48.8665817,-27.7190219992218,0.0 -48.8666178,-27.7189635992218,0.0 -48.8666507,-27.7189136992218,0.0 -48.86668,-27.7188713992218,0.0 -48.8667166,-27.7188205992218,0.0 -48.8667453,-27.7187819992218,0.0 -48.8667621,-27.7187609992218,0.0 -48.866787,-27.7187335992218,0.0 -48.8668048,-27.7187167992218,0.0 -48.866824,-27.7187010992218,0.0 -48.8668452,-27.7186861992218,0.0 -48.8668565,-27.7186790992218,0.0 -48.8668809,-27.7186655992218,0.0 -48.8668937,-27.7186591992218,0.0 -48.8669199,-27.7186475992218,0.0 -48.866946,-27.7186376992218,0.0 -48.8669711,-27.7186298992218,0.0 -48.8669832,-27.7186267992218,0.0 -48.8670065,-27.7186220992218,0.0 -48.8670293,-27.7186188992218,0.0 -48.8670519,-27.7186168992218,0.0 -48.8670747,-27.7186157992218,0.0 -48.8670974,-27.7186153992218,0.0 -48.8671198,-27.7186156992218,0.0 -48.8671521,-27.7186173992218,0.0 -48.8671828,-27.7186209992218,0.0 -48.8672031,-27.7186249992218,0.0 -48.8672238,-27.7186307992218,0.0 -48.8672451,-27.7186384992218,0.0 -48.8672673,-27.7186477992218,0.0 -48.8673903,-27.7187031992218,0.0 -48.8675071,-27.7187571992218,0.0 -48.8675427,-27.7187712992218,0.0 -48.8675772,-27.7187821992218,0.0 -48.867613,-27.7187905992218,0.0 -48.8676388,-27.7187951992218,0.0 -48.8676667,-27.7187984992218,0.0 -48.8676968,-27.7188001992218,0.0 -48.8677292,-27.7187996992218,0.0 -48.8677464,-27.7187984992218,0.0 -48.8677823,-27.7187940992218,0.0 -48.8678008,-27.7187908992218,0.0 -48.8678384,-27.7187820992218,0.0 -48.8678573,-27.7187765992218,0.0 -48.867876,-27.7187702992218,0.0 -48.8678946,-27.7187631992218,0.0 -48.8679129,-27.7187553992218,0.0 -48.8679311,-27.7187468992218,0.0 -48.8679667,-27.7187280992218,0.0 -48.8680015,-27.7187075992218,0.0 -48.8680354,-27.7186858992218,0.0 -48.8680847,-27.7186515992218,0.0 -48.8681163,-27.7186276992218,0.0 -48.868147,-27.7186029992218,0.0 -48.8681944,-27.7185617992218,0.0 -48.8683222,-27.7184479992218,0.0 -48.8683316,-27.7184227992218,0.0 -48.8683438,-27.7183969992218,0.0 -48.8683588,-27.7183703992218,0.0 -48.8683768,-27.7183425992218,0.0 -48.8683979,-27.7183133992218,0.0 -48.8684223,-27.7182823992218,0.0 -48.8684502,-27.7182492992218,0.0 -48.8684815,-27.7182140992218,0.0 -48.8685156,-27.7181771992218,0.0 -48.8685518,-27.7181392992218,0.0 -48.8686272,-27.7180631992218,0.0 -48.8687019,-27.7179908992218,0.0 -48.868828,-27.7178742992218,0.0 -48.8688537,-27.7178499992218,0.0 -48.8688771,-27.7178265992218,0.0 -48.8688983,-27.7178035992218,0.0 -48.8689174,-27.7177805992218,0.0 -48.8689345,-27.7177568992218,0.0 -48.8689496,-27.7177320992218,0.0 -48.8689627,-27.7177061992218,0.0 -48.8689737,-27.7176790992218,0.0 -48.8689828,-27.7176507992218,0.0 -48.8689898,-27.7176210992218,0.0 -48.8689948,-27.7175901992218,0.0 -48.8689978,-27.7175578992218,0.0 -48.8689987,-27.7175241992218,0.0 -48.8689975,-27.7174890992218,0.0 -48.8689944,-27.7174523992218,0.0 -48.8689894,-27.7174140992218,0.0 -48.8689826,-27.7173739992218,0.0 -48.8689741,-27.7173321992218,0.0 -48.868964,-27.7172882992218,0.0 -48.8689523,-27.7172424992218,0.0 -48.8689392,-27.7171944992218,0.0 -48.868909,-27.7170924992218,0.0 -48.8688749,-27.7169861992218,0.0 -48.8688386,-27.7168801992218,0.0 -48.8688015,-27.7167791992219,0.0 -48.8687832,-27.7167318992218,0.0 -48.8687474,-27.7166448992218,0.0 -48.868713,-27.7165683992218,0.0 -48.8686965,-27.7165343992218,0.0 -48.8686804,-27.7165031992218,0.0 -48.8686649,-27.7164749992219,0.0 -48.8686498,-27.7164496992219,0.0 -48.868635,-27.7164269992219,0.0 -48.86862,-27.7164064992219,0.0 -48.8686046,-27.7163875992218,0.0 -48.8685882,-27.7163699992219,0.0 -48.8685707,-27.7163530992219,0.0 -48.8685516,-27.7163365992219,0.0 -48.8685306,-27.7163199992219,0.0 -48.8685073,-27.7163028992219,0.0 -48.8684821,-27.7162852992218,0.0 -48.8684265,-27.7162489992219,0.0 -48.8683659,-27.7162115992219,0.0 -48.8681743,-27.7160988992218,0.0 -48.8681141,-27.7160622992219,0.0 -48.8680593,-27.7160265992219,0.0 -48.8680345,-27.7160091992219,0.0 -48.8680114,-27.7159918992219,0.0 -48.867969,-27.7159577992219,0.0 -48.8679304,-27.7159237992219,0.0 -48.8678935,-27.7158894992219,0.0 -48.8678027,-27.7158027992219,0.0 -48.8677506,-27.7157549992219,0.0 -48.8677175,-27.7157268992219,0.0 -48.8676857,-27.7157023992219,0.0 -48.8676548,-27.7156816992219,0.0 -48.8676397,-27.7156728992219,0.0 -48.8676247,-27.7156650992219,0.0 -48.8676098,-27.7156582992219,0.0 -48.8675949,-27.7156525992219,0.0 -48.8675797,-27.7156479992219,0.0 -48.8675642,-27.7156443992219,0.0 -48.867548,-27.7156418992219,0.0 -48.8675312,-27.7156403992219,0.0 -48.8675134,-27.7156398992219,0.0 -48.8674945,-27.7156404992219,0.0 -48.8674744,-27.7156420992219,0.0 -48.8674528,-27.7156449992219,0.0 -48.8674294,-27.7156491992219,0.0 -48.867404,-27.7156548992219,0.0 -48.8673762,-27.7156622992219,0.0 -48.867346,-27.7156715992219,0.0 -48.8673129,-27.7156828992219,0.0 -48.8672768,-27.7156963992219,0.0 -48.8672375,-27.7157120992219,0.0 -48.8671958,-27.7157297992219,0.0 -48.8671086,-27.7157689992219,0.0 -48.8670648,-27.7157897992219,0.0 -48.8669814,-27.7158312992219,0.0 -48.8669091,-27.7158699992219,0.0 -48.866878,-27.7158878992219,0.0 -48.8668495,-27.7159053992219,0.0 -48.8668234,-27.7159224992219,0.0 -48.8667991,-27.7159397992219,0.0 -48.8667761,-27.7159574992219,0.0 -48.8667539,-27.7159757992219,0.0 -48.8667321,-27.7159951992219,0.0 -48.8667103,-27.7160157992219,0.0 -48.8666661,-27.7160601992219,0.0 -48.8665745,-27.7161543992219,0.0 -48.8665263,-27.7162004992219,0.0 -48.8665016,-27.7162226992219,0.0 -48.8664768,-27.7162440992219,0.0 -48.8664271,-27.7162841992219,0.0 -48.8664026,-27.7163026992219,0.0 -48.866355,-27.7163361992219,0.0 -48.8663321,-27.7163509992219,0.0 -48.8663097,-27.7163644992219,0.0 -48.8662874,-27.7163768992218,0.0 -48.8662649,-27.7163881992218,0.0 -48.8662421,-27.7163984992219,0.0 -48.8662185,-27.7164078992219,0.0 -48.866194,-27.7164164992219,0.0 -48.8661681,-27.7164244992218,0.0 -48.8661408,-27.7164317992219,0.0 -48.8661118,-27.7164385992219,0.0 -48.8660809,-27.7164449992219,0.0 -48.8660479,-27.7164508992219,0.0 -48.8659752,-27.7164618992219,0.0 -48.8658923,-27.7164720992218,0.0 -48.865585,-27.7165044992219,0.0 -48.8654697,-27.7165180992218,0.0 -48.8653515,-27.7165338992219,0.0 -48.8650496,-27.7165766992218,0.0 -48.8649288,-27.7165918992218,0.0 -48.8648082,-27.7166049992218,0.0 -48.8646862,-27.7166161992218,0.0 -48.8645614,-27.7166256992219,0.0 -48.8644324,-27.7166338992219,0.0 -48.8642347,-27.7166437992218,0.0 -48.8641055,-27.7166486992218,0.0 -48.8639831,-27.7166520992218,0.0 -48.8638187,-27.7166543992218,0.0 -48.8637232,-27.7166539992219,0.0 -48.8636397,-27.7166520992218,0.0 -48.8636026,-27.7166505992218,0.0 -48.8635375,-27.7166465992219,0.0 -48.8635091,-27.7166439992218,0.0 -48.8634592,-27.7166376992218,0.0 -48.8634169,-27.7166298992218,0.0 -48.86338,-27.7166204992219,0.0 -48.8633632,-27.7166151992218,0.0 -48.8633473,-27.7166093992218,0.0 -48.8633324,-27.7166029992218,0.0 -48.8633183,-27.7165958992219,0.0 -48.863305,-27.7165881992218,0.0 -48.8632924,-27.7165797992219,0.0 -48.8632806,-27.7165704992218,0.0 -48.8632694,-27.7165603992218,0.0 -48.8632587,-27.7165493992219,0.0 -48.8632487,-27.7165374992219,0.0 -48.8632393,-27.7165244992218,0.0 -48.8632304,-27.7165103992219,0.0 -48.8632222,-27.7164951992218,0.0 -48.8632144,-27.7164787992219,0.0 -48.8632072,-27.7164610992219,0.0 -48.8632006,-27.7164419992219,0.0 -48.8631944,-27.7164210992219,0.0 -48.8631885,-27.7163975992219,0.0 -48.8631829,-27.7163711992219,0.0 -48.8631775,-27.7163410992219,0.0 -48.8631669,-27.7162678992219,0.0 -48.8631561,-27.7161737992219,0.0 -48.8631312,-27.7159400992219,0.0 -48.863116,-27.7158200992219,0.0 -48.8631075,-27.7157636992219,0.0 -48.8630983,-27.7157109992219,0.0 -48.8630884,-27.7156620992219,0.0 -48.8630777,-27.7156166992219,0.0 -48.8630663,-27.7155745992219,0.0 -48.8630542,-27.7155353992219,0.0 -48.8630413,-27.7154990992219,0.0 -48.8630276,-27.7154651992219,0.0 -48.8630131,-27.7154335992219,0.0 -48.8629978,-27.7154039992219,0.0 -48.8629817,-27.7153761992219,0.0 -48.862965,-27.7153499992219,0.0 -48.8629477,-27.7153251992219,0.0 -48.8629299,-27.7153016992219,0.0 -48.8629116,-27.7152791992219,0.0 -48.8628929,-27.7152574992219,0.0 -48.8628739,-27.7152364992219,0.0 -48.8628048,-27.7151634992219,0.0 -48.8627566,-27.7151093992219,0.0 -48.862737,-27.7150851992219,0.0 -48.8627176,-27.7150591992219,0.0 -48.8626984,-27.7150312992219,0.0 -48.8626795,-27.7150012992219,0.0 -48.862661,-27.7149690992219,0.0 -48.862643,-27.7149347992219,0.0 -48.8626256,-27.7148981992219,0.0 -48.8626089,-27.7148592992219,0.0 -48.862593,-27.7148179992219,0.0 -48.8625781,-27.7147742992219,0.0 -48.8625641,-27.7147282992219,0.0 -48.8625512,-27.7146804992219,0.0 -48.8625393,-27.7146314992219,0.0 -48.8625285,-27.7145820992219,0.0 -48.8625188,-27.7145329992219,0.0 -48.8625103,-27.7144846992219,0.0 -48.8625059,-27.7144574992219,0.0 -48.8624914,-27.7143520992219,0.0 -48.8624872,-27.7143127992219,0.0 -48.8624734,-27.7141659992219,0.0 -48.8624644,-27.7140897992219,0.0 -48.8624584,-27.7140488992219,0.0 -48.8624513,-27.7140062992219,0.0 -48.8624431,-27.7139623992219,0.0 -48.8624337,-27.7139175992219,0.0 -48.8624232,-27.7138723992219,0.0 -48.8624169,-27.7138477992219,0.0 -48.8623988,-27.7137823992219,0.0 -48.8623849,-27.7137384992219,0.0 -48.8623698,-27.7136957992219,0.0 -48.8623536,-27.7136543992219,0.0 -48.8623361,-27.7136139992219,0.0 -48.8623173,-27.7135744992219,0.0 -48.8622973,-27.7135358992219,0.0 -48.8622759,-27.7134979992219,0.0 -48.8622531,-27.7134606992219,0.0 -48.862229,-27.7134237992219,0.0 -48.8622034,-27.7133873992219,0.0 -48.8621766,-27.7133513992219,0.0 -48.8621486,-27.7133158992219,0.0 -48.8621197,-27.7132811992219,0.0 -48.86209,-27.7132472992219,0.0 -48.8620597,-27.7132143992219,0.0 -48.862029,-27.7131825992219,0.0 -48.861998,-27.7131518992219,0.0 -48.8619669,-27.7131225992219,0.0 -48.8619358,-27.7130946992219,0.0 -48.8619046,-27.7130681992219,0.0 -48.8618734,-27.7130433992219,0.0 -48.8618421,-27.7130201992219,0.0 -48.861811,-27.7129987992219,0.0 -48.8617799,-27.7129792992219,0.0 -48.8617488,-27.7129616992219,0.0 -48.8617179,-27.7129460992219,0.0 -48.8616868,-27.7129323992219,0.0 -48.8616554,-27.7129205992219,0.0 -48.8616235,-27.7129104992219,0.0 -48.8615907,-27.7129019992219,0.0 -48.861557,-27.7128949992219,0.0 -48.861522,-27.7128894992219,0.0 -48.8614855,-27.7128852992219,0.0 -48.8614474,-27.7128822992219,0.0 -48.8614077,-27.7128804992219,0.0 -48.8613664,-27.7128800992219,0.0 -48.8613237,-27.7128808992219,0.0 -48.8612795,-27.7128831992219,0.0 -48.861234,-27.7128867992219,0.0 -48.8611873,-27.7128917992219,0.0 -48.8611393,-27.7128982992219,0.0 -48.8610902,-27.7129062992219,0.0 -48.86104,-27.7129156992219,0.0 -48.8609887,-27.7129264992219,0.0 -48.8609365,-27.7129385992219,0.0 -48.8608833,-27.7129518992219,0.0 -48.8608292,-27.7129663992219,0.0 -48.8607743,-27.7129818992219,0.0 -48.8607185,-27.7129984992219,0.0 -48.8606046,-27.7130343992219,0.0 -48.8604875,-27.7130734992219,0.0 -48.8603672,-27.7131152992219,0.0 -48.8601805,-27.7131816992219,0.0 -48.8601127,-27.7132062992219,0.0 -48.8599177,-27.7132783992219,0.0 -48.8598488,-27.7133047992219,0.0 -48.8597063,-27.7133613992219,0.0 -48.8595576,-27.7134233992219,0.0 -48.859405,-27.7134893992219,0.0 -48.8592514,-27.7135578992219,0.0 -48.8590999,-27.7136268992219,0.0 -48.8585919,-27.7138639992219,0.0 -48.858322,-27.7139871992219,0.0 -48.8582221,-27.7140319992219,0.0 -48.8580756,-27.7140968992219,0.0 -48.8579694,-27.7141432992219,0.0 -48.8577369,-27.7142438992219,0.0 -48.8576149,-27.7142950992219,0.0 -48.8575567,-27.7143188992219,0.0 -48.8574454,-27.7143629992219,0.0 -48.8573924,-27.7143831992219,0.0 -48.8573418,-27.7144014992219,0.0 -48.8572913,-27.7144198992219,0.0 -48.8572433,-27.7144363992219,0.0 -48.857198,-27.7144511992219,0.0 -48.8571527,-27.7144658992219,0.0 -48.8570692,-27.7144906992219,0.0 -48.8570301,-27.7145013992219,0.0 -48.8569925,-27.7145108992219,0.0 -48.856956,-27.7145190992219,0.0 -48.8569202,-27.7145258992219,0.0 -48.8568849,-27.7145314992219,0.0 -48.8568497,-27.7145354992219,0.0 -48.8568142,-27.7145380992219,0.0 -48.856778,-27.7145391992219,0.0 -48.856741,-27.7145385992219,0.0 -48.8567027,-27.7145363992219,0.0 -48.8566632,-27.7145323992219,0.0 -48.8566221,-27.7145264992219,0.0 -48.8565794,-27.7145185992219,0.0 -48.8565349,-27.7145087992219,0.0 -48.8564883,-27.7144966992219,0.0 -48.8564396,-27.7144824992219,0.0 -48.8563886,-27.7144659992219,0.0 -48.8563358,-27.7144471992219,0.0 -48.8562818,-27.7144260992219,0.0 -48.8562271,-27.7144027992219,0.0 -48.8561723,-27.7143771992219,0.0 -48.856118,-27.7143493992219,0.0 -48.8560646,-27.7143194992219,0.0 -48.8560129,-27.7142873992219,0.0 -48.855963,-27.7142530992219,0.0 -48.8559148,-27.7142167992219,0.0 -48.8558678,-27.7141783992219,0.0 -48.8558213,-27.7141381992219,0.0 -48.855775,-27.7140959992219,0.0 -48.8557282,-27.7140520992219,0.0 -48.8555806,-27.7139101992219,0.0 -48.855473,-27.7138083992219,0.0 -48.8554161,-27.7137558992219,0.0 -48.855357,-27.7137024992219,0.0 -48.8552959,-27.7136483992219,0.0 -48.8552325,-27.7135937992219,0.0 -48.8551668,-27.7135388992219,0.0 -48.8550989,-27.7134837992219,0.0 -48.8550295,-27.7134286992219,0.0 -48.8548199,-27.7132640992219,0.0 -48.8547521,-27.7132096992219,0.0 -48.8546866,-27.7131556992219,0.0 -48.8546243,-27.7131021992219,0.0 -48.8545657,-27.7130492992219,0.0 -48.8545046,-27.7129914992219,0.0 -48.8544668,-27.7129544992219,0.0 -48.854265,-27.7127514992219,0.0 -48.8542182,-27.7127063992219,0.0 -48.8541711,-27.7126628992219,0.0 -48.8541233,-27.7126208992219,0.0 -48.8540749,-27.7125801992219,0.0 -48.8540257,-27.7125408992219,0.0 -48.8539755,-27.7125026992219,0.0 -48.8539244,-27.7124654992219,0.0 -48.8538722,-27.7124291992219,0.0 -48.8538188,-27.7123936992219,0.0 -48.8537642,-27.7123587992219,0.0 -48.8537085,-27.7123246992219,0.0 -48.8536522,-27.7122912992219,0.0 -48.8535955,-27.7122588992219,0.0 -48.8535387,-27.7122274992219,0.0 -48.8534821,-27.7121970992219,0.0 -48.853426,-27.7121678992219,0.0 -48.8533597,-27.7121344992219,0.0 -48.8531578,-27.7120352992219,0.0 -48.8531055,-27.7120083992219,0.0 -48.8530531,-27.7119799992219,0.0 -48.8530003,-27.7119495992219,0.0 -48.8529469,-27.7119166992219,0.0 -48.8528928,-27.7118808992219,0.0 -48.8528382,-27.7118423992219,0.0 -48.8527833,-27.7118017992219,0.0 -48.8527285,-27.7117595992219,0.0 -48.8526741,-27.7117160992219,0.0 -48.8526204,-27.7116719992219,0.0 -48.8525677,-27.7116275992219,0.0 -48.8524664,-27.7115398992219,0.0 -48.8523706,-27.7114537992219,0.0 -48.8522786,-27.7113674992219,0.0 -48.8522335,-27.711323499222,0.0 -48.8521886,-27.7112786992219,0.0 -48.8521438,-27.7112326992219,0.0 -48.852099,-27.711185399222,0.0 -48.8520542,-27.711136799222,0.0 -48.8520098,-27.711087299222,0.0 -48.8519659,-27.711036999222,0.0 -48.851923,-27.710986199222,0.0 -48.8518667,-27.710916599222,0.0 -48.8518407,-27.7108835992219,0.0 -48.8518019,-27.710832299222,0.0 -48.8517649,-27.710781299222,0.0 -48.8517297,-27.710730799222,0.0 -48.8516962,-27.710680999222,0.0 -48.8516643,-27.710632099222,0.0 -48.8515994,-27.710529499222,0.0 -48.8515239,-27.710408999222,0.0 -48.8514987,-27.710369799222,0.0 -48.8514737,-27.710332499222,0.0 -48.8514487,-27.710296999222,0.0 -48.8514231,-27.710263099222,0.0 -48.8513968,-27.710230999222,0.0 -48.8513693,-27.710200399222,0.0 -48.8513402,-27.710171199222,0.0 -48.8513092,-27.710143499222,0.0 -48.851276,-27.710116899222,0.0 -48.8512403,-27.710090999222,0.0 -48.8512018,-27.710065399222,0.0 -48.8511603,-27.710039799222,0.0 -48.8511154,-27.710013899222,0.0 -48.8510669,-27.709987199222,0.0 -48.8509581,-27.709930299222,0.0 -48.8508363,-27.709869499222,0.0 -48.8507086,-27.709807999222,0.0 -48.8505822,-27.709749099222,0.0 -48.8504643,-27.709696299222,0.0 -48.8503582,-27.709650999222,0.0 -48.8503093,-27.709631199222,0.0 -48.8502193,-27.709596699222,0.0 -48.850178,-27.709582099222,0.0 -48.8501391,-27.709569099222,0.0 -48.8501024,-27.709557699222,0.0 -48.8500676,-27.709547799222,0.0 -48.8500345,-27.709539299222,0.0 -48.8500026,-27.709531999222,0.0 -48.8499719,-27.709525899222,0.0 -48.8499419,-27.709520699222,0.0 -48.8499123,-27.709516499222,0.0 -48.8498829,-27.709513099222,0.0 -48.8498238,-27.709508299222,0.0 -48.8497944,-27.709506899222,0.0 -48.8497651,-27.709506399222,0.0 -48.8497362,-27.709506599222,0.0 -48.8497077,-27.709507799222,0.0 -48.8496798,-27.709509799222,0.0 -48.8496526,-27.709512699222,0.0 -48.8496261,-27.709516599222,0.0 -48.8496005,-27.709521399222,0.0 -48.8495757,-27.709526699222,0.0 -48.8495519,-27.709532599222,0.0 -48.849507,-27.709545099222,0.0 -48.8494951,-27.709548799222,0.0 -48.8494297,-27.709569099222,0.0 -48.8493823,-27.709584599222,0.0 -48.8493358,-27.709601799222,0.0 -48.8492965,-27.709617299222,0.0 -48.8492705,-27.709624899222,0.0 -48.8492554,-27.709627899222,0.0 -48.8492384,-27.709630499222,0.0 -48.8492193,-27.709632299222,0.0 -48.8491978,-27.709633299222,0.0 -48.8491739,-27.709633299222,0.0 -48.8491474,-27.709631999222,0.0 -48.8491184,-27.709629299222,0.0 -48.8490866,-27.709624999222,0.0 -48.849052,-27.709618899222,0.0 -48.8490145,-27.709610799222,0.0 -48.8489741,-27.709600599222,0.0 -48.8489313,-27.709588599222,0.0 -48.8488867,-27.709574899222,0.0 -48.848841,-27.709559899222,0.0 -48.8487949,-27.709543899222,0.0 -48.8487489,-27.709527199222,0.0 -48.8486599,-27.709492899222,0.0 -48.8485776,-27.709458899222,0.0 -48.8484238,-27.709392799222,0.0 -48.8483454,-27.709360799222,0.0 -48.8483043,-27.709345099222,0.0 -48.8482183,-27.709314399222,0.0 -48.8481736,-27.709299599222,0.0 -48.8481277,-27.709285299222,0.0 -48.8480809,-27.709271499222,0.0 -48.8480333,-27.709258199222,0.0 -48.8479849,-27.709245599222,0.0 -48.8479568,-27.709238899222,0.0 -48.8479358,-27.709233799222,0.0 -48.8478863,-27.709222699222,0.0 -48.8478367,-27.709212399222,0.0 -48.8477874,-27.709203099222,0.0 -48.8477385,-27.709194599222,0.0 -48.8476905,-27.709187199222,0.0 -48.8476436,-27.709180799222,0.0 -48.8475981,-27.709175599222,0.0 -48.8475542,-27.709171499222,0.0 -48.8475119,-27.709168499222,0.0 -48.8474708,-27.709166699222,0.0 -48.8474308,-27.709166099222,0.0 -48.8473915,-27.709166499222,0.0 -48.8473529,-27.709168099222,0.0 -48.8473147,-27.709170799222,0.0 -48.8472766,-27.709174699222,0.0 -48.8472385,-27.709179599222,0.0 -48.8472001,-27.709185399222,0.0 -48.8470009,-27.709219999222,0.0 -48.8469587,-27.709226499222,0.0 -48.8468711,-27.709237799222,0.0 -48.8467797,-27.709247099222,0.0 -48.8466853,-27.709254799222,0.0 -48.846351,-27.709277299222,0.0 -48.8462695,-27.709283499222,0.0 -48.8462341,-27.709286699222,0.0 -48.8461752,-27.709293299222,0.0 -48.8460609,-27.709310199222,0.0 -48.8460304,-27.709313399222,0.0 -48.8459845,-27.709315399222,0.0 -48.845936,-27.709314899222,0.0 -48.8457837,-27.709306999222,0.0 -48.8457182,-27.709304799222,0.0 -48.8456712,-27.709305199222,0.0 -48.8456465,-27.709306199222,0.0 -48.8455945,-27.709310299222,0.0 -48.845567,-27.709313599222,0.0 -48.8455388,-27.709317799222,0.0 -48.8455102,-27.709322799222,0.0 -48.8454814,-27.709328599222,0.0 -48.8454529,-27.709335199222,0.0 -48.8454248,-27.709342499222,0.0 -48.8453975,-27.709350599222,0.0 -48.8453713,-27.709359299222,0.0 -48.8453463,-27.709368799222,0.0 -48.8453227,-27.709378799222,0.0 -48.8453003,-27.709389299222,0.0 -48.845279,-27.709400099222,0.0 -48.8452392,-27.709422499222,0.0 -48.8451854,-27.709456499222,0.0 -48.8451531,-27.709478699222,0.0 -48.8451381,-27.709489699222,0.0 -48.8451109,-27.709511699222,0.0 -48.8450988,-27.709522699222,0.0 -48.8450877,-27.709533799222,0.0 -48.8450779,-27.709544999222,0.0 -48.8450691,-27.709556399222,0.0 -48.8450612,-27.709568199222,0.0 -48.8450542,-27.709580499222,0.0 -48.845048,-27.709593499222,0.0 -48.8450425,-27.709607299222,0.0 -48.8450331,-27.709637799222,0.0 -48.8450205,-27.709691899222,0.0 -48.8450092,-27.709732899222,0.0 -48.8450017,-27.709754599222,0.0 -48.8449924,-27.709776899222,0.0 -48.844981,-27.709799799222,0.0 -48.8449671,-27.709823199222,0.0 -48.8449508,-27.709847299222,0.0 -48.844932,-27.709872599222,0.0 -48.844895,-27.709917499222,0.0 -48.8448602,-27.709957299222,0.0 -48.8447249,-27.710105199222,0.0 -48.8446916,-27.710141299222,0.0 -48.844615,-27.710222299222,0.0 -48.8445407,-27.710298299222,0.0 -48.8445061,-27.710332399222,0.0 -48.8444737,-27.710362899222,0.0 -48.8444434,-27.710390099222,0.0 -48.8444147,-27.710414199222,0.0 -48.8443873,-27.710435399222,0.0 -48.8443607,-27.710454199222,0.0 -48.8443345,-27.710470699222,0.0 -48.8443084,-27.710485299222,0.0 -48.8442818,-27.710498299222,0.0 -48.8442545,-27.710509999222,0.0 -48.8442268,-27.710520599222,0.0 -48.8441165,-27.710557699222,0.0 -48.8440907,-27.710567099222,0.0 -48.8440662,-27.710576899222,0.0 -48.8440433,-27.710587599222,0.0 -48.8440219,-27.710598999222,0.0 -48.844002,-27.710611099222,0.0 -48.8439836,-27.710623899222,0.0 -48.8439666,-27.710637399222,0.0 -48.843951,-27.710651499222,0.0 -48.8439367,-27.710666099222,0.0 -48.8439237,-27.710681199222,0.0 -48.8439119,-27.710696799222,0.0 -48.8439013,-27.710712899222,0.0 -48.8438919,-27.710729599222,0.0 -48.8438835,-27.710746699222,0.0 -48.8438762,-27.710764499222,0.0 -48.8438699,-27.710782799222,0.0 -48.8438646,-27.710801799222,0.0 -48.8438602,-27.710821399222,0.0 -48.8438566,-27.710841699222,0.0 -48.8438539,-27.710862599222,0.0 -48.8438504,-27.710906199222,0.0 -48.8438489,-27.710951799222,0.0 -48.8438488,-27.710999099222,0.0 -48.8438498,-27.711072999222,0.0 -48.8438524,-27.711190699222,0.0 -48.8438548,-27.7112945992219,0.0 -48.843855,-27.711359799222,0.0 -48.8438539,-27.7114321992219,0.0 -48.8438511,-27.7115131992219,0.0 -48.8438373,-27.7117915992219,0.0 -48.8438342,-27.7118854992219,0.0 -48.8438308,-27.7120173992219,0.0 -48.8438292,-27.7120577992219,0.0 -48.8438269,-27.7120958992219,0.0 -48.8438238,-27.7121313992219,0.0 -48.8438196,-27.7121640992219,0.0 -48.8438141,-27.7121936992219,0.0 -48.8438074,-27.7122206992219,0.0 -48.8437993,-27.7122455992219,0.0 -48.8437899,-27.7122688992219,0.0 -48.8437793,-27.7122911992219,0.0 -48.8437673,-27.7123130992219,0.0 -48.8437541,-27.7123349992219,0.0 -48.8437388,-27.7123580992219,0.0 -48.8437237,-27.7123808992219,0.0 -48.8437067,-27.7124050992219,0.0 -48.8436887,-27.7124296992219,0.0 -48.8436731,-27.7124496992219,0.0 -48.8436498,-27.7124781992219,0.0 -48.8436292,-27.7125013992219,0.0 -48.843608,-27.7125233992219,0.0 -48.8435863,-27.7125436992219,0.0 -48.8435642,-27.7125619992219,0.0 -48.8435418,-27.7125784992219,0.0 -48.8435193,-27.7125930992219,0.0 -48.8434967,-27.7126061992219,0.0 -48.8434742,-27.7126176992219,0.0 -48.8434518,-27.7126277992219,0.0 -48.8434297,-27.7126366992219,0.0 -48.8434079,-27.7126444992219,0.0 -48.8433866,-27.7126511992219,0.0 -48.8433656,-27.7126568992219,0.0 -48.8433446,-27.7126614992219,0.0 -48.8433235,-27.7126648992219,0.0 -48.8433021,-27.7126670992219,0.0 -48.8432802,-27.7126680992219,0.0 -48.8432576,-27.7126676992219,0.0 -48.843234,-27.7126659992219,0.0 -48.8432093,-27.7126628992219,0.0 -48.8431837,-27.7126585992219,0.0 -48.8431301,-27.7126473992219,0.0 -48.8430462,-27.7126277992219,0.0 -48.8429898,-27.7126156992219,0.0 -48.8429351,-27.7126061992219,0.0 -48.842909,-27.7126026992219,0.0 -48.8428842,-27.7126002992219,0.0 -48.842861,-27.7125990992219,0.0 -48.8428397,-27.7125991992219,0.0 -48.8428205,-27.7126007992219,0.0 -48.8428036,-27.7126037992219,0.0 -48.8427888,-27.7126080992219,0.0 -48.8427757,-27.7126131992219,0.0 -48.8427424,-27.7126291992219,0.0 -48.8427321,-27.7126334992219,0.0 -48.8427215,-27.7126366992219,0.0 -48.8427102,-27.7126383992219,0.0 -48.8426983,-27.7126383992219,0.0 -48.8426857,-27.7126366992219,0.0 -48.8426724,-27.7126331992219,0.0 -48.8426583,-27.7126278992219,0.0 -48.8426435,-27.7126206992219,0.0 -48.8426279,-27.7126113992219,0.0 -48.8426115,-27.7126000992219,0.0 -48.8425557,-27.7125557992219,0.0 -48.8425336,-27.7125393992219,0.0 -48.8425092,-27.7125229992219,0.0 -48.842482,-27.7125073992219,0.0 -48.8424517,-27.7124928992219,0.0 -48.8424178,-27.7124802992219,0.0 -48.8423802,-27.7124698992219,0.0 -48.8423394,-27.7124614992219,0.0 -48.8422963,-27.7124550992219,0.0 -48.8422515,-27.7124503992219,0.0 -48.842206,-27.7124470992219,0.0 -48.8421604,-27.7124450992219,0.0 -48.8421156,-27.7124439992219,0.0 -48.8420734,-27.7124439992219,0.0 -48.8420313,-27.7124439992219,0.0 -48.8418503,-27.7124474992219,0.0 -48.8417837,-27.7124465992219,0.0 -48.8417175,-27.7124426992219,0.0 -48.8416517,-27.7124366992219,0.0 -48.8415554,-27.7124269992219,0.0 -48.8414939,-27.7124218992219,0.0 -48.8414345,-27.7124191992219,0.0 -48.8414055,-27.7124188992219,0.0 -48.8413767,-27.7124192992219,0.0 -48.8413482,-27.7124204992219,0.0 -48.8413197,-27.7124225992219,0.0 -48.8413152,-27.7124230992219,0.0 -48.8412913,-27.7124256992219,0.0 -48.8412629,-27.7124297992219,0.0 -48.8412346,-27.7124348992219,0.0 -48.8412067,-27.7124410992219,0.0 -48.8411793,-27.7124483992219,0.0 -48.8411526,-27.7124569992219,0.0 -48.8411269,-27.7124667992219,0.0 -48.8411022,-27.7124778992219,0.0 -48.8410789,-27.7124902992219,0.0 -48.8410571,-27.7125042992219,0.0 -48.8410363,-27.7125205992219,0.0 -48.8410161,-27.7125398992219,0.0 -48.8409963,-27.7125630992219,0.0 -48.8409762,-27.7125910992219,0.0 -48.8409554,-27.7126246992219,0.0 -48.8409337,-27.7126646992219,0.0 -48.8409104,-27.7127119992219,0.0 -48.8408852,-27.7127672992219,0.0 -48.8408577,-27.7128305992219,0.0 -48.8407568,-27.7130672992219,0.0 -48.8407157,-27.7131614992219,0.0 -48.8406702,-27.7132631992219,0.0 -48.8406198,-27.7133720992219,0.0 -48.8405643,-27.7134880992219,0.0 -48.8405047,-27.7136094992219,0.0 -48.8403775,-27.7138618992219,0.0 -48.839866,-27.7148557992219,0.0 -48.839781,-27.7150173992219,0.0 -48.8397411,-27.7150911992219,0.0 -48.8397025,-27.7151607992219,0.0 -48.8396649,-27.7152268992219,0.0 -48.8396279,-27.7152901992219,0.0 -48.8395912,-27.7153512992219,0.0 -48.8395173,-27.7154702992219,0.0 -48.8394404,-27.7155894992219,0.0 -48.8393589,-27.7157126992219,0.0 -48.8392763,-27.7158347992219,0.0 -48.8392359,-27.7158932992219,0.0 -48.8391598,-27.7160005992219,0.0 -48.8391253,-27.7160475992219,0.0 -48.8390936,-27.7160892992219,0.0 -48.8390642,-27.7161260992219,0.0 -48.8390367,-27.7161586992219,0.0 -48.8390102,-27.7161877992219,0.0 -48.8389842,-27.7162141992219,0.0 -48.838958,-27.7162384992219,0.0 -48.8389309,-27.7162613992219,0.0 -48.8389023,-27.7162836992219,0.0 -48.8388717,-27.7163057992219,0.0 -48.838839,-27.7163280992219,0.0 -48.8388045,-27.7163502992219,0.0 -48.8387682,-27.7163724992218,0.0 -48.8387303,-27.7163946992218,0.0 -48.838691,-27.7164167992219,0.0 -48.8386086,-27.7164608992219,0.0 -48.838521,-27.7165048992218,0.0 -48.8384739,-27.7165272992218,0.0 -48.8384235,-27.7165501992218,0.0 -48.838369,-27.7165737992219,0.0 -48.8383098,-27.7165982992219,0.0 -48.838284,-27.7166085992218,0.0 -48.8382451,-27.7166238992218,0.0 -48.8381742,-27.7166508992218,0.0 -48.8380965,-27.7166791992219,0.0 -48.8380128,-27.7167087992218,0.0 -48.8379242,-27.7167391992218,0.0 -48.8378316,-27.7167699992218,0.0 -48.837736,-27.7168009992218,0.0 -48.8376385,-27.7168316992218,0.0 -48.8375401,-27.7168618992218,0.0 -48.8374418,-27.7168910992218,0.0 -48.8373444,-27.7169191992218,0.0 -48.8371521,-27.7169724992218,0.0 -48.8369615,-27.7170232992218,0.0 -48.8366747,-27.7170986992218,0.0 -48.8364818,-27.7171507992218,0.0 -48.8363862,-27.7171773992218,0.0 -48.8362924,-27.7172044992218,0.0 -48.8362012,-27.7172318992218,0.0 -48.8361133,-27.7172595992218,0.0 -48.8360296,-27.7172875992218,0.0 -48.8359509,-27.7173157992218,0.0 -48.8358778,-27.7173441992218,0.0 -48.83581,-27.7173728992218,0.0 -48.8357471,-27.7174016992218,0.0 -48.8356884,-27.7174305992218,0.0 -48.8356336,-27.7174596992218,0.0 -48.8355821,-27.7174887992218,0.0 -48.8355334,-27.7175179992218,0.0 -48.835487,-27.7175472992218,0.0 -48.8354425,-27.7175764992218,0.0 -48.8353996,-27.7176057992218,0.0 -48.8353581,-27.7176351992218,0.0 -48.835318,-27.7176645992218,0.0 -48.8352778,-27.7176955992218,0.0 -48.8352038,-27.7177536992218,0.0 -48.8351312,-27.7178138992218,0.0 -48.8350583,-27.7178776992218,0.0 -48.8350205,-27.7179123992218,0.0 -48.8349811,-27.7179498992218,0.0 -48.8349397,-27.7179906992218,0.0 -48.8348956,-27.7180355992218,0.0 -48.8348484,-27.7180852992218,0.0 -48.8347979,-27.7181398992218,0.0 -48.8347446,-27.7181988992218,0.0 -48.8346897,-27.7182611992218,0.0 -48.8346341,-27.7183258992218,0.0 -48.8345786,-27.7183919992218,0.0 -48.8345244,-27.7184584992218,0.0 -48.8344724,-27.7185243992218,0.0 -48.8344236,-27.7185886992218,0.0 -48.8343785,-27.7186505992218,0.0 -48.8343367,-27.7187100992218,0.0 -48.8342228,-27.7188747992218,0.0 -48.8341858,-27.7189254992218,0.0 -48.834148,-27.7189742992218,0.0 -48.8341085,-27.7190211992218,0.0 -48.8340666,-27.7190664992218,0.0 -48.8340224,-27.7191101992218,0.0 -48.833976,-27.7191523992218,0.0 -48.8339278,-27.7191932992218,0.0 -48.8338779,-27.7192329992218,0.0 -48.8338264,-27.7192714992218,0.0 -48.8337738,-27.7193090992218,0.0 -48.83372,-27.7193458992218,0.0 -48.8336654,-27.7193818992218,0.0 -48.8336103,-27.7194169992218,0.0 -48.833555,-27.7194510992218,0.0 -48.8334997,-27.7194841992218,0.0 -48.8334449,-27.7195159992218,0.0 -48.8333909,-27.7195463992218,0.0 -48.8333594,-27.7195635992218,0.0 -48.8332863,-27.7196026992218,0.0 -48.8332363,-27.7196282992218,0.0 -48.8331879,-27.7196520992218,0.0 -48.8331407,-27.7196739992218,0.0 -48.8330946,-27.7196938992218,0.0 -48.8330495,-27.7197115992218,0.0 -48.833005,-27.7197271992218,0.0 -48.8329611,-27.7197404992218,0.0 -48.8329175,-27.7197513992218,0.0 -48.832874,-27.7197597992218,0.0 -48.8328303,-27.7197656992218,0.0 -48.8327863,-27.7197690992218,0.0 -48.8327416,-27.7197699992218,0.0 -48.8326961,-27.7197683992218,0.0 -48.8326494,-27.7197641992218,0.0 -48.8326013,-27.7197573992218,0.0 -48.8325517,-27.7197479992218,0.0 -48.8325002,-27.7197359992218,0.0 -48.8324472,-27.7197215992218,0.0 -48.8323929,-27.7197048992218,0.0 -48.8323377,-27.7196861992218,0.0 -48.8322817,-27.7196655992218,0.0 -48.8322254,-27.7196431992218,0.0 -48.8321689,-27.7196193992218,0.0 -48.8321127,-27.7195940992218,0.0 -48.8320569,-27.7195676992218,0.0 -48.8320012,-27.7195397992218,0.0 -48.8319455,-27.7195099992218,0.0 -48.8318893,-27.7194781992218,0.0 -48.8318324,-27.7194439992218,0.0 -48.8317745,-27.7194070992218,0.0 -48.8316884,-27.7193480992218,0.0 -48.8316543,-27.7193237992218,0.0 -48.8315915,-27.7192768992218,0.0 -48.8315271,-27.7192262992218,0.0 -48.8314615,-27.7191719992218,0.0 -48.831395,-27.7191138992218,0.0 -48.8313279,-27.7190519992218,0.0 -48.8312605,-27.7189862992218,0.0 -48.8311853,-27.7189077992218,0.0 -48.8311266,-27.7188430992218,0.0 -48.8310607,-27.7187656992218,0.0 -48.8309961,-27.7186848992218,0.0 -48.8309335,-27.7186015992218,0.0 -48.8308734,-27.7185161992218,0.0 -48.8308164,-27.7184294992218,0.0 -48.830763,-27.7183421992218,0.0 -48.8307138,-27.7182548992218,0.0 -48.8306693,-27.7181682992218,0.0 -48.8306299,-27.7180828992218,0.0 -48.8305952,-27.7179981992218,0.0 -48.8305647,-27.7179137992218,0.0 -48.8305378,-27.7178290992218,0.0 -48.8305138,-27.7177434992218,0.0 -48.8304923,-27.7176564992218,0.0 -48.8304726,-27.7175674992218,0.0 -48.8304542,-27.7174759992218,0.0 -48.8304366,-27.7173817992218,0.0 -48.8304199,-27.7172856992218,0.0 -48.8304045,-27.7171889992218,0.0 -48.8303907,-27.7170930992218,0.0 -48.8303787,-27.7169990992218,0.0 -48.8303687,-27.7169083992218,0.0 -48.8303612,-27.7168220992218,0.0 -48.8303563,-27.7167415992218,0.0 -48.8303544,-27.7166677992218,0.0 -48.8303552,-27.7165999992218,0.0 -48.8303588,-27.7165372992219,0.0 -48.830365,-27.7164787992219,0.0 -48.8303736,-27.7164234992219,0.0 -48.8303846,-27.7163705992219,0.0 -48.8303979,-27.7163189992219,0.0 -48.8304132,-27.7162677992219,0.0 -48.8304306,-27.7162163992218,0.0 -48.8304498,-27.7161648992219,0.0 -48.8304708,-27.7161137992219,0.0 -48.8304935,-27.7160635992219,0.0 -48.8305177,-27.7160147992219,0.0 -48.8305434,-27.7159677992219,0.0 -48.8305704,-27.7159230992219,0.0 -48.8305986,-27.7158811992219,0.0 -48.8306281,-27.7158422992219,0.0 -48.830659,-27.7158061992219,0.0 -48.8306916,-27.7157722992219,0.0 -48.8307263,-27.7157401992219,0.0 -48.8307634,-27.7157093992219,0.0 -48.8308032,-27.7156793992219,0.0 -48.830846,-27.7156495992219,0.0 -48.8308921,-27.7156196992219,0.0 -48.8309417,-27.7155891992219,0.0 -48.830994,-27.7155581992219,0.0 -48.8311569,-27.7154635992219,0.0 -48.8312099,-27.7154321992219,0.0 -48.8312605,-27.7154010992219,0.0 -48.8313079,-27.7153704992219,0.0 -48.8313513,-27.7153403992219,0.0 -48.8313908,-27.7153106992219,0.0 -48.8314267,-27.7152810992219,0.0 -48.8314596,-27.7152512992219,0.0 -48.8314897,-27.7152208992219,0.0 -48.8315175,-27.7151897992219,0.0 -48.8315434,-27.7151576992219,0.0 -48.8315678,-27.7151240992219,0.0 -48.8315909,-27.7150889992219,0.0 -48.8316068,-27.7150620992219,0.0 -48.8316334,-27.7150130992219,0.0 -48.8316524,-27.7149719992219,0.0 -48.83167,-27.7149286992219,0.0 -48.8316858,-27.7148828992219,0.0 -48.8316999,-27.7148345992219,0.0 -48.8317121,-27.7147833992219,0.0 -48.8317223,-27.7147295992219,0.0 -48.8317304,-27.7146736992219,0.0 -48.8317364,-27.7146166992219,0.0 -48.8317402,-27.7145595992219,0.0 -48.8317417,-27.7145031992219,0.0 -48.8317409,-27.7144484992219,0.0 -48.8317377,-27.7143963992219,0.0 -48.8317319,-27.7143477992219,0.0 -48.8317237,-27.7143032992219,0.0 -48.8317131,-27.7142628992219,0.0 -48.8317004,-27.7142259992219,0.0 -48.8316859,-27.7141921992219,0.0 -48.8316697,-27.7141610992219,0.0 -48.8316521,-27.7141322992219,0.0 -48.8316333,-27.7141052992219,0.0 -48.8316136,-27.7140796992219,0.0 -48.8315932,-27.7140550992219,0.0 -48.8315725,-27.7140313992219,0.0 -48.8315128,-27.7139657992219,0.0 -48.831495,-27.7139456992219,0.0 -48.8314791,-27.7139263992219,0.0 -48.8314653,-27.7139078992219,0.0 -48.831454,-27.7138902992219,0.0 -48.8314452,-27.7138731992219,0.0 -48.8314386,-27.7138566992219,0.0 -48.8314342,-27.7138404992219,0.0 -48.8314317,-27.7138244992219,0.0 -48.831431,-27.7138085992219,0.0 -48.8314319,-27.7137926992219,0.0 -48.8314344,-27.7137764992219,0.0 -48.8314381,-27.7137599992219,0.0 -48.831443,-27.7137431992219,0.0 -48.8314555,-27.7137093992219,0.0 -48.8314707,-27.7136760992219,0.0 -48.8314871,-27.7136440992219,0.0 -48.8315113,-27.7135990992219,0.0 -48.8315254,-27.7135688992219,0.0 -48.8315314,-27.7135529992219,0.0 -48.8315365,-27.7135361992219,0.0 -48.8315406,-27.7135182992219,0.0 -48.8315435,-27.7134990992219,0.0 -48.8315451,-27.7134784992219,0.0 -48.8315452,-27.7134562992219,0.0 -48.8315438,-27.7134323992219,0.0 -48.8315408,-27.7134067992219,0.0 -48.8315359,-27.7133792992219,0.0 -48.8315292,-27.7133497992219,0.0 -48.8315204,-27.7133180992219,0.0 -48.8315096,-27.7132843992219,0.0 -48.831497,-27.7132487992219,0.0 -48.831446,-27.7131194992219,0.0 -48.8313966,-27.7129969992219,0.0 -48.8313765,-27.7129451992219,0.0 -48.83135,-27.7128736992219,0.0 -48.8312872,-27.7126970992219,0.0 -48.8312613,-27.7126261992219,0.0 -48.8312346,-27.7125583992219,0.0 -48.8312209,-27.7125265992219,0.0 -48.8312071,-27.7124966992219,0.0 -48.8311931,-27.7124691992219,0.0 -48.8311788,-27.7124441992219,0.0 -48.831164,-27.7124215992219,0.0 -48.8311484,-27.7124011992219,0.0 -48.8311317,-27.7123826992219,0.0 -48.8311136,-27.7123658992219,0.0 -48.8310939,-27.7123503992219,0.0 -48.8310721,-27.7123358992219,0.0 -48.831048,-27.7123223992219,0.0 -48.8310214,-27.7123093992219,0.0 -48.8309923,-27.7122969992219,0.0 -48.8309609,-27.7122850992219,0.0 -48.8309274,-27.7122735992219,0.0 -48.8308918,-27.7122626992219,0.0 -48.8308543,-27.7122521992219,0.0 -48.830815,-27.7122420992219,0.0 -48.8307742,-27.7122323992219,0.0 -48.8306885,-27.7122141992219,0.0 -48.8306444,-27.7122058992219,0.0 -48.8305554,-27.7121910992219,0.0 -48.8305113,-27.7121848992219,0.0 -48.8304679,-27.7121794992219,0.0 -48.8304257,-27.7121749992219,0.0 -48.8303849,-27.7121715992219,0.0 -48.8303456,-27.7121691992219,0.0 -48.8303077,-27.7121679992219,0.0 -48.8302713,-27.7121678992219,0.0 -48.8302362,-27.7121689992219,0.0 -48.8302025,-27.7121712992219,0.0 -48.8301863,-27.7121730992219,0.0 -48.8301701,-27.7121748992219,0.0 -48.8301391,-27.7121797992219,0.0 -48.8301093,-27.7121860992219,0.0 -48.830081,-27.7121936992219,0.0 -48.830054,-27.7122025992219,0.0 -48.8300284,-27.7122126992219,0.0 -48.8300044,-27.7122239992219,0.0 -48.829982,-27.7122364992219,0.0 -48.8299612,-27.7122500992219,0.0 -48.829942,-27.7122646992219,0.0 -48.8299245,-27.7122804992219,0.0 -48.8299083,-27.7122977992219,0.0 -48.8298927,-27.7123169992219,0.0 -48.8298773,-27.7123387992219,0.0 -48.8298616,-27.7123634992219,0.0 -48.8298271,-27.7124235992219,0.0 -48.8297853,-27.7125010992219,0.0 -48.8297361,-27.7125943992219,0.0 -48.8296838,-27.7126962992219,0.0 -48.8296325,-27.7127996992219,0.0 -48.8296086,-27.7128496992219,0.0 -48.8295864,-27.7128976992219,0.0 -48.829566,-27.7129435992219,0.0 -48.8295474,-27.7129878992219,0.0 -48.8295303,-27.7130309992219,0.0 -48.8295147,-27.7130731992219,0.0 -48.8295007,-27.7131148992219,0.0 -48.8294879,-27.7131563992219,0.0 -48.8294765,-27.7131980992219,0.0 -48.8294663,-27.7132402992219,0.0 -48.8294572,-27.7132824992219,0.0 -48.8294419,-27.7133653992219,0.0 -48.8294356,-27.7134050992219,0.0 -48.829425,-27.7134788992219,0.0 -48.8294046,-27.7136397992219,0.0 -48.8293985,-27.7137000992219,0.0 -48.8293954,-27.7137396992219,0.0 -48.8293941,-27.7137800992219,0.0 -48.8293944,-27.7138007992219,0.0 -48.8293955,-27.7138217992219,0.0 -48.8293977,-27.7138432992219,0.0 -48.8294009,-27.7138651992219,0.0 -48.8294054,-27.7138874992219,0.0 -48.8294109,-27.7139100992219,0.0 -48.8294172,-27.7139328992219,0.0 -48.8294315,-27.7139780992219,0.0 -48.8294669,-27.7140802992219,0.0 -48.8295101,-27.7142102992219,0.0 -48.8295194,-27.7142437992219,0.0 -48.8295234,-27.7142624992219,0.0 -48.8295268,-27.7142829992219,0.0 -48.8295294,-27.7143058992219,0.0 -48.8295313,-27.7143312992219,0.0 -48.8295322,-27.7143597992219,0.0 -48.829532,-27.7143911992219,0.0 -48.8295305,-27.7144253992219,0.0 -48.8295275,-27.7144621992219,0.0 -48.8295229,-27.7145015992219,0.0 -48.8295164,-27.7145433992219,0.0 -48.8295079,-27.7145873992219,0.0 -48.8294971,-27.7146335992219,0.0 -48.8294841,-27.7146816992219,0.0 -48.8294689,-27.7147312992219,0.0 -48.829452,-27.7147817992219,0.0 -48.8294335,-27.7148326992219,0.0 -48.8294138,-27.7148834992219,0.0 -48.8293932,-27.7149336992219,0.0 -48.829372,-27.7149826992219,0.0 -48.8293504,-27.7150300992219,0.0 -48.8293287,-27.7150752992219,0.0 -48.8293069,-27.7151183992219,0.0 -48.8292847,-27.7151593992219,0.0 -48.8292622,-27.7151984992219,0.0 -48.8292392,-27.7152354992219,0.0 -48.8292156,-27.7152706992219,0.0 -48.8291912,-27.7153040992219,0.0 -48.829166,-27.7153356992219,0.0 -48.8291399,-27.7153655992219,0.0 -48.8291126,-27.7153938992219,0.0 -48.8290841,-27.7154206992219,0.0 -48.8290542,-27.7154460992219,0.0 -48.8290227,-27.7154702992219,0.0 -48.8289895,-27.7154932992219,0.0 -48.8289544,-27.7155150992219,0.0 -48.8289174,-27.7155360992219,0.0 -48.8288781,-27.7155560992219,0.0 -48.8288368,-27.7155753992219,0.0 -48.8287935,-27.7155939992219,0.0 -48.8287482,-27.7156119992219,0.0 -48.8287245,-27.7156206992219,0.0 -48.8287009,-27.7156294992219,0.0 -48.8286519,-27.7156465992219,0.0 -48.8285487,-27.7156799992219,0.0 -48.8284393,-27.7157126992219,0.0 -48.8283261,-27.7157437992219,0.0 -48.8282687,-27.7157584992219,0.0 -48.8282114,-27.7157722992219,0.0 -48.8281543,-27.7157851992219,0.0 -48.8280978,-27.7157970992219,0.0 -48.8280421,-27.7158077992219,0.0 -48.8278267,-27.7158453992219,0.0 -48.8277742,-27.7158550992219,0.0 -48.8277221,-27.7158655992219,0.0 -48.8276702,-27.7158771992219,0.0 -48.8276186,-27.7158901992219,0.0 -48.8275676,-27.7159043992219,0.0 -48.8275173,-27.7159197992219,0.0 -48.8274683,-27.7159360992219,0.0 -48.8274208,-27.7159531992219,0.0 -48.8273752,-27.7159707992219,0.0 -48.8273317,-27.7159888992219,0.0 -48.8272908,-27.7160071992219,0.0 -48.8272527,-27.7160256992219,0.0 -48.8272172,-27.7160442992219,0.0 -48.8271844,-27.7160633992219,0.0 -48.827154,-27.7160830992219,0.0 -48.8271258,-27.7161033992219,0.0 -48.8270999,-27.7161246992219,0.0 -48.8270759,-27.7161468992219,0.0 -48.8270539,-27.7161703992219,0.0 -48.8270335,-27.7161952992219,0.0 -48.8270146,-27.7162215992219,0.0 -48.8269969,-27.7162493992219,0.0 -48.8269802,-27.7162788992219,0.0 -48.8269642,-27.7163099992219,0.0 -48.8269486,-27.7163427992218,0.0 -48.8269177,-27.7164139992219,0.0 -48.8268932,-27.7164735992219,0.0 -48.8268687,-27.7165331992218,0.0 -48.8268326,-27.7166159992219,0.0 -48.8268132,-27.7166568992218,0.0 -48.8267926,-27.7166968992218,0.0 -48.8267709,-27.7167353992218,0.0 -48.8267477,-27.7167719992218,0.0 -48.8267234,-27.7168066992218,0.0 -48.8266978,-27.7168395992218,0.0 -48.8266713,-27.7168706992219,0.0 -48.8266439,-27.7168999992218,0.0 -48.8266157,-27.7169276992218,0.0 -48.8265869,-27.7169536992218,0.0 -48.8265576,-27.7169781992218,0.0 -48.8265278,-27.7170010992218,0.0 -48.8264975,-27.7170223992218,0.0 -48.8264668,-27.7170420992218,0.0 -48.8264355,-27.7170599992218,0.0 -48.8264037,-27.7170760992218,0.0 -48.8263712,-27.7170903992218,0.0 -48.8263381,-27.7171027992218,0.0 -48.8263043,-27.7171131992218,0.0 -48.8262697,-27.7171214992218,0.0 -48.8262346,-27.7171279992218,0.0 -48.826199,-27.7171326992218,0.0 -48.826163,-27.7171358992218,0.0 -48.8261126,-27.7171377992218,0.0 -48.8260904,-27.7171380992218,0.0 -48.826054,-27.7171374992218,0.0 -48.8260178,-27.7171359992218,0.0 -48.8259818,-27.7171335992218,0.0 -48.8259463,-27.7171304992218,0.0 -48.8259112,-27.7171263992218,0.0 -48.8258769,-27.7171212992218,0.0 -48.8258433,-27.7171152992218,0.0 -48.8258107,-27.7171081992218,0.0 -48.8257791,-27.7170999992218,0.0 -48.8257488,-27.7170904992218,0.0 -48.8257198,-27.7170798992218,0.0 -48.8256921,-27.7170680992218,0.0 -48.8256657,-27.7170551992218,0.0 -48.8256407,-27.7170410992218,0.0 -48.825617,-27.7170260992218,0.0 -48.8255946,-27.7170100992218,0.0 -48.8255734,-27.7169931992218,0.0 -48.8255536,-27.7169753992218,0.0 -48.8255351,-27.7169567992218,0.0 -48.8255178,-27.7169373992218,0.0 -48.8255016,-27.7169171992218,0.0 -48.8254866,-27.7168961992218,0.0 -48.8254727,-27.7168744992218,0.0 -48.8254597,-27.7168518992218,0.0 -48.8254477,-27.7168285992218,0.0 -48.8254367,-27.7168044992218,0.0 -48.8254264,-27.7167795992218,0.0 -48.825417,-27.7167536992218,0.0 -48.8254083,-27.7167267992218,0.0 -48.8254004,-27.7166985992218,0.0 -48.8253932,-27.7166689992219,0.0 -48.8253866,-27.7166377992219,0.0 -48.8253806,-27.7166048992218,0.0 -48.8253702,-27.7165330992219,0.0 -48.8253657,-27.7164935992218,0.0 -48.8253572,-27.7164052992219,0.0 -48.8253129,-27.7158719992219,0.0 -48.8252992,-27.7156918992219,0.0 -48.8252925,-27.7155963992219,0.0 -48.8252804,-27.7153964992219,0.0 -48.8252751,-27.7152941992219,0.0 -48.8252663,-27.7150925992219,0.0 -48.8252629,-27.7149966992219,0.0 -48.8252582,-27.7148228992219,0.0 -48.8252566,-27.7146835992219,0.0 -48.8252572,-27.7146277992219,0.0 -48.8252588,-27.7145793992219,0.0 -48.8252615,-27.7145370992219,0.0 -48.8252655,-27.7144991992219,0.0 -48.8252708,-27.7144643992219,0.0 -48.8252775,-27.7144311992219,0.0 -48.8252858,-27.7143980992219,0.0 -48.8252956,-27.7143637992219,0.0 -48.8253067,-27.7143281992219,0.0 -48.825358,-27.7141729992219,0.0 -48.8253708,-27.7141310992219,0.0 -48.8253831,-27.7140879992219,0.0 -48.8253944,-27.7140437992219,0.0 -48.8254047,-27.7139983992219,0.0 -48.825414,-27.7139519992219,0.0 -48.8254221,-27.7139046992219,0.0 -48.8254292,-27.7138564992219,0.0 -48.825435,-27.7138073992219,0.0 -48.8254395,-27.7137575992219,0.0 -48.8254427,-27.7137070992219,0.0 -48.8254446,-27.7136560992219,0.0 -48.8254452,-27.7136043992219,0.0 -48.8254444,-27.7135520992219,0.0 -48.8254424,-27.7134992992219,0.0 -48.825439,-27.7134457992219,0.0 -48.8254344,-27.7133917992219,0.0 -48.8254286,-27.7133371992219,0.0 -48.8254215,-27.7132820992219,0.0 -48.8254132,-27.7132263992219,0.0 -48.8254037,-27.7131704992219,0.0 -48.8253931,-27.7131145992219,0.0 -48.8253815,-27.7130589992219,0.0 -48.8253688,-27.7130040992219,0.0 -48.8253552,-27.7129499992219,0.0 -48.8253407,-27.7128970992219,0.0 -48.8253253,-27.7128456992219,0.0 -48.8253091,-27.7127959992219,0.0 -48.8252728,-27.7126932992219,0.0 -48.8252236,-27.7125565992219,0.0 -48.825207,-27.7125070992219,0.0 -48.8251912,-27.7124559992219,0.0 -48.8251763,-27.7124028992219,0.0 -48.8251623,-27.7123483992219,0.0 -48.8251492,-27.7122929992219,0.0 -48.8251259,-27.7121826992219,0.0 -48.8251064,-27.7120772992219,0.0 -48.8250709,-27.7118626992219,0.0 -48.8250641,-27.7118285992219,0.0 -48.8250567,-27.7117970992219,0.0 -48.8250483,-27.7117681992219,0.0 -48.8250386,-27.7117416992219,0.0 -48.8250273,-27.7117173992219,0.0 -48.8250142,-27.7116952992219,0.0 -48.8249992,-27.7116749992219,0.0 -48.824982,-27.7116562992219,0.0 -48.8249624,-27.7116390992219,0.0 -48.8249403,-27.7116231992219,0.0 -48.8249155,-27.7116083992219,0.0 -48.8248878,-27.7115942992219,0.0 -48.8248571,-27.7115809992219,0.0 -48.8248233,-27.7115680992219,0.0 -48.8247707,-27.711550499222,0.0 -48.8247052,-27.7115303992219,0.0 -48.8244592,-27.7114603992219,0.0 -48.8243502,-27.7114270992219,0.0 -48.8242957,-27.7114092992219,0.0 -48.824242,-27.7113906992219,0.0 -48.8241897,-27.7113712992219,0.0 -48.8241394,-27.711351099222,0.0 -48.8240915,-27.711329999222,0.0 -48.8240459,-27.7113082992219,0.0 -48.824002,-27.7112859992219,0.0 -48.8239595,-27.711263199222,0.0 -48.823918,-27.711240099222,0.0 -48.8237947,-27.7111697992219,0.0 -48.8237105,-27.711123299222,0.0 -48.8236253,-27.711077999222,0.0 -48.8235411,-27.711034599222,0.0 -48.8234211,-27.7109745992219,0.0 -48.823311,-27.710921699222,0.0 -48.8232088,-27.710874299222,0.0 -48.8230501,-27.710803199222,0.0 -48.8229912,-27.710775699222,0.0 -48.8229355,-27.710747799222,0.0 -48.8228834,-27.710718799222,0.0 -48.8228582,-27.710703599222,0.0 -48.8228334,-27.710687999222,0.0 -48.8227762,-27.710648799222,0.0 -48.8227079,-27.710599099222,0.0 -48.822655,-27.710558099222,0.0 -48.8225755,-27.710493599222,0.0 -48.8225246,-27.710450299222,0.0 -48.8224535,-27.710388199222,0.0 -48.8224089,-27.710350399222,0.0 -48.822371,-27.710299399222,0.0 -48.8223377,-27.710256999222,0.0 -48.8223086,-27.710222299222,0.0 -48.8222832,-27.710194299222,0.0 -48.8222609,-27.710171999222,0.0 -48.8222415,-27.710154499222,0.0 -48.8222243,-27.710140799222,0.0 -48.8222089,-27.710129999222,0.0 -48.822195,-27.710121199222,0.0 -48.8221821,-27.710113999222,0.0 -48.82217,-27.710108399222,0.0 -48.8221584,-27.710104199222,0.0 -48.8221471,-27.710101199222,0.0 -48.8221358,-27.710099099222,0.0 -48.8221243,-27.710097999222,0.0 -48.8221121,-27.710097499222,0.0 -48.8220993,-27.710097599222,0.0 -48.8220857,-27.710098199222,0.0 -48.8220718,-27.710099199222,0.0 -48.8220575,-27.710100699222,0.0 -48.8220432,-27.710102499222,0.0 -48.8220289,-27.710104699222,0.0 -48.8220149,-27.710107099222,0.0 -48.8220013,-27.710109899222,0.0 -48.8219883,-27.710112899222,0.0 -48.8219759,-27.710116099222,0.0 -48.8219641,-27.710119599222,0.0 -48.8219529,-27.710123199222,0.0 -48.8219423,-27.710127099222,0.0 -48.8219323,-27.710131099222,0.0 -48.8219229,-27.710135399222,0.0 -48.821914,-27.710139699222,0.0 -48.8219057,-27.710144299222,0.0 -48.8218979,-27.710148999222,0.0 -48.8218905,-27.710154099222,0.0 -48.8218836,-27.710159399222,0.0 -48.8218771,-27.710165199222,0.0 -48.8218708,-27.710171399222,0.0 -48.8218649,-27.710178099222,0.0 -48.8218591,-27.710185299222,0.0 -48.8218536,-27.710193199222,0.0 -48.8218482,-27.710201599222,0.0 -48.8218428,-27.710210599222,0.0 -48.8218375,-27.710219899222,0.0 -48.8218323,-27.710229599222,0.0 -48.8218269,-27.710239699222,0.0 -48.8218215,-27.710249999222,0.0 -48.821816,-27.710260399222,0.0 -48.8218104,-27.710270999222,0.0 -48.8218046,-27.710281599222,0.0 -48.8217988,-27.710292199222,0.0 -48.8217931,-27.710302499222,0.0 -48.8217874,-27.710312699222,0.0 -48.8217819,-27.710322499222,0.0 -48.8217766,-27.710331799222,0.0 -48.8217717,-27.710340599222,0.0 -48.821767,-27.710348899222,0.0 -48.8217626,-27.710356799222,0.0 -48.8217582,-27.710364399222,0.0 -48.8217537,-27.710372099222,0.0 -48.8217489,-27.710379899222,0.0 -48.8217437,-27.710388199222,0.0 -48.8217379,-27.710397099222,0.0 -48.8217313,-27.710406899222,0.0 -48.8217239,-27.710417599222,0.0 -48.8217155,-27.710429399222,0.0 -48.8217061,-27.710442199222,0.0 -48.8216957,-27.710455999222,0.0 -48.8216843,-27.710470899222,0.0 -48.8216718,-27.710486699222,0.0 -48.8216582,-27.710503599222,0.0 -48.8216434,-27.710521499222,0.0 -48.8216272,-27.710540499222,0.0 -48.8216088,-27.710561399222,0.0 -48.8215872,-27.710585199222,0.0 -48.8215613,-27.710612699222,0.0 -48.82153,-27.710644899222,0.0 -48.8214924,-27.710682599222,0.0 -48.8214473,-27.710726799222,0.0 -48.8213938,-27.7107784992219,0.0 -48.8213821,-27.710786499222,0.0 -48.8213369,-27.710815399222,0.0 -48.8212914,-27.710842399222,0.0 -48.8212453,-27.710867199222,0.0 -48.8211985,-27.710889799222,0.0 -48.821151,-27.710910099222,0.0 -48.8211025,-27.710928099222,0.0 -48.821053,-27.710943699222,0.0 -48.8210023,-27.710956799222,0.0 -48.8209502,-27.710967399222,0.0 -48.8209304,-27.710970399222,0.0 -48.8208421,-27.710981099222,0.0 -48.8207866,-27.7109846992219,0.0 -48.8207304,-27.710986599222,0.0 -48.820674,-27.710986999222,0.0 -48.8206177,-27.710986199222,0.0 -48.8205616,-27.710984599222,0.0 -48.8204514,-27.710979799222,0.0 -48.8201384,-27.710963199222,0.0 -48.8200381,-27.710959199222,0.0 -48.8199403,-27.710957199222,0.0 -48.8198931,-27.710957099222,0.0 -48.8198474,-27.710957699222,0.0 -48.8198035,-27.710959199222,0.0 -48.8197617,-27.710961599222,0.0 -48.8197222,-27.710964999222,0.0 -48.8196854,-27.710969499222,0.0 -48.819651,-27.710975199222,0.0 -48.8196189,-27.710982299222,0.0 -48.8195888,-27.710990999222,0.0 -48.8195607,-27.7110013992219,0.0 -48.8195476,-27.711007499222,0.0 -48.8195344,-27.711013599222,0.0 -48.8195095,-27.711027899222,0.0 -48.819486,-27.711044399222,0.0 -48.8194638,-27.7110630992219,0.0 -48.8194427,-27.711083799222,0.0 -48.819423,-27.711106099222,0.0 -48.8194046,-27.7111295992219,0.0 -48.8193877,-27.7111538992219,0.0 -48.8193723,-27.711178799222,0.0 -48.8193584,-27.7112036992219,0.0 -48.8193463,-27.7112283992219,0.0 -48.8193358,-27.7112523992219,0.0 -48.819327,-27.7112757992219,0.0 -48.8193194,-27.7112985992219,0.0 -48.8193131,-27.711320599222,0.0 -48.8193034,-27.7113624992219,0.0 -48.8192868,-27.7114543992219,0.0 -48.8192808,-27.7114760992219,0.0 -48.8192772,-27.7114866992219,0.0 -48.8192704,-27.7115020992219,0.0 -48.8192618,-27.7115171992219,0.0 -48.819251,-27.7115318992219,0.0 -48.8192378,-27.7115462992219,0.0 -48.8192223,-27.7115604992219,0.0 -48.8192047,-27.7115745992219,0.0 -48.8191855,-27.7115883992219,0.0 -48.8191647,-27.7116021992219,0.0 -48.8191198,-27.7116293992219,0.0 -48.8190478,-27.7116700992219,0.0 -48.8189994,-27.7116980992219,0.0 -48.8189758,-27.7117127992219,0.0 -48.8189528,-27.7117278992219,0.0 -48.8189308,-27.7117437992219,0.0 -48.8189099,-27.7117603992219,0.0 -48.8188903,-27.7117778992219,0.0 -48.8188717,-27.7117959992219,0.0 -48.818854,-27.7118145992219,0.0 -48.8187859,-27.7118889992219,0.0 -48.8187683,-27.7119064992219,0.0 -48.81875,-27.7119231992219,0.0 -48.818731,-27.7119390992219,0.0 -48.8186913,-27.7119691992219,0.0 -48.8186501,-27.7119975992219,0.0 -48.818566,-27.7120526992219,0.0 -48.8185229,-27.7120793992219,0.0 -48.8185008,-27.7120921992219,0.0 -48.8184781,-27.7121044992219,0.0 -48.8184547,-27.7121161992219,0.0 -48.8184305,-27.7121271992219,0.0 -48.8184054,-27.7121373992219,0.0 -48.8183796,-27.7121469992219,0.0 -48.8182988,-27.7121755992219,0.0 -48.8182713,-27.7121858992219,0.0 -48.8182437,-27.7121971992219,0.0 -48.8182162,-27.7122096992219,0.0 -48.8181889,-27.7122235992219,0.0 -48.8181619,-27.7122387992219,0.0 -48.8181354,-27.7122551992219,0.0 -48.8181095,-27.7122724992219,0.0 -48.8180843,-27.7122905992219,0.0 -48.81806,-27.7123091992219,0.0 -48.8180367,-27.7123282992219,0.0 -48.8180146,-27.7123475992219,0.0 -48.8179972,-27.7123637992219,0.0 -48.8179741,-27.7123864992219,0.0 -48.8179555,-27.7124062992219,0.0 -48.8179381,-27.7124262992219,0.0 -48.8179218,-27.7124465992219,0.0 -48.8179064,-27.7124673992219,0.0 -48.817892,-27.7124886992219,0.0 -48.8178784,-27.7125105992219,0.0 -48.8178656,-27.7125330992219,0.0 -48.8178164,-27.7126256992219,0.0 -48.817803,-27.7126485992219,0.0 -48.8177885,-27.7126708992219,0.0 -48.8177726,-27.7126924992219,0.0 -48.8177551,-27.7127130992219,0.0 -48.8177359,-27.7127329992219,0.0 -48.8177149,-27.7127519992219,0.0 -48.8176921,-27.7127701992219,0.0 -48.8176675,-27.7127877992219,0.0 -48.817641,-27.7128046992219,0.0 -48.8176127,-27.7128209992219,0.0 -48.8175825,-27.7128367992219,0.0 -48.8175503,-27.7128520992219,0.0 -48.8175165,-27.7128668992219,0.0 -48.8174813,-27.7128813992219,0.0 -48.8174448,-27.7128953992219,0.0 -48.8174074,-27.7129090992219,0.0 -48.8173309,-27.7129356992219,0.0 -48.8172149,-27.7129733992219,0.0 -48.8171384,-27.7129961992219,0.0 -48.8171006,-27.7130064992219,0.0 -48.8170632,-27.7130157992219,0.0 -48.8170262,-27.7130240992219,0.0 -48.8169897,-27.7130310992219,0.0 -48.8169536,-27.7130366992219,0.0 -48.8169175,-27.7130409992219,0.0 -48.8168806,-27.7130436992219,0.0 -48.8168424,-27.7130447992219,0.0 -48.8168022,-27.7130442992219,0.0 -48.8167594,-27.7130420992219,0.0 -48.8167134,-27.7130381992219,0.0 -48.8166634,-27.7130323992219,0.0 -48.8166092,-27.7130246992219,0.0 -48.8165715,-27.7130184992219,0.0 -48.8164908,-27.7130050992219,0.0 -48.8163651,-27.7129816992219,0.0 -48.8159586,-27.7129020992219,0.0 -48.81586,-27.7128821992219,0.0 -48.815779,-27.7128646992219,0.0 -48.8157665,-27.7128619992219,0.0 -48.8156768,-27.7128406992219,0.0 -48.8156335,-27.7128293992219,0.0 -48.8155914,-27.7128173992219,0.0 -48.8155507,-27.7128047992219,0.0 -48.815516,-27.7127929992219,0.0 -48.8154738,-27.7127771992219,0.0 -48.815438,-27.7127620992219,0.0 -48.8154039,-27.7127457992219,0.0 -48.8153669,-27.7127255992219,0.0 -48.8153391,-27.7127087992219,0.0 -48.8153073,-27.7126873992219,0.0 -48.815275,-27.7126636992219,0.0 -48.8152418,-27.7126372992219,0.0 -48.815207,-27.7126079992219,0.0 -48.8151701,-27.7125751992219,0.0 -48.8151306,-27.7125389992219,0.0 -48.8150444,-27.7124573992219,0.0 -48.8149006,-27.7123185992219,0.0 -48.8147978,-27.7122202992219,0.0 -48.8145808,-27.7120159992219,0.0 -48.814524,-27.7119610992219,0.0 -48.814466,-27.7119035992219,0.0 -48.8144067,-27.7118429992219,0.0 -48.8143461,-27.7117790992219,0.0 -48.8142842,-27.7117112992219,0.0 -48.8142211,-27.711640499222,0.0 -48.813962,-27.711343799222,0.0 -48.8138967,-27.7112706992219,0.0 -48.8138316,-27.7111997992219,0.0 -48.813767,-27.711131699222,0.0 -48.8136838,-27.711047499222,0.0 -48.8136397,-27.711003899222,0.0 -48.8135773,-27.710943799222,0.0 -48.8134557,-27.710830299222,0.0 -48.813363,-27.710746199222,0.0 -48.813283,-27.710673599222,0.0 -48.8131752,-27.710577599222,0.0 -48.8131235,-27.710532599222,0.0 -48.813073,-27.710489699222,0.0 -48.8130238,-27.710449099222,0.0 -48.8129758,-27.710411099222,0.0 -48.812929,-27.710375699222,0.0 -48.8128832,-27.710343099222,0.0 -48.8128373,-27.710312799222,0.0 -48.8127904,-27.710284399222,0.0 -48.8127412,-27.710257399222,0.0 -48.8126887,-27.710231199222,0.0 -48.8126317,-27.710205299222,0.0 -48.8125548,-27.710173699222,0.0 -48.8125274,-27.710163099222,0.0 -48.8125,-27.710152599222,0.0 -48.8123295,-27.710097299222,0.0 -48.8121651,-27.710054899222,0.0 -48.8120079,-27.710017099222,0.0 -48.8118587,-27.709983499222,0.0 -48.8117185,-27.709953699222,0.0 -48.8115882,-27.709927199222,0.0 -48.811266,-27.709863899222,0.0 -48.8112236,-27.709855199222,0.0 -48.8111812,-27.709846499222,0.0 -48.8111235,-27.709834099222,0.0 -48.8110336,-27.709813599222,0.0 -48.8109663,-27.709796699222,0.0 -48.8109001,-27.709778699222,0.0 -48.8108328,-27.709758899222,0.0 -48.8107704,-27.709739299222,0.0 -48.8106862,-27.709711499222,0.0 -48.8106059,-27.709683999222,0.0 -48.8104379,-27.709624299222,0.0 -48.810164,-27.709525399222,0.0 -48.8101111,-27.709506299222,0.0 -48.8100758,-27.709493799222,0.0 -48.8100391,-27.709480899222,0.0 -48.8099074,-27.709435799222,0.0 -48.8098457,-27.709415299222,0.0 -48.8097253,-27.709376599222,0.0 -48.8094713,-27.709297599222,0.0 -48.8093361,-27.709254799222,0.0 -48.809269,-27.709232699222,0.0 -48.8092034,-27.709210199222,0.0 -48.8091399,-27.709187399222,0.0 -48.8090796,-27.709164399222,0.0 -48.8090229,-27.709141099222,0.0 -48.80897,-27.709117799222,0.0 -48.8089206,-27.709094599222,0.0 -48.8088747,-27.709071699222,0.0 -48.808832,-27.709049199222,0.0 -48.8087925,-27.709027199222,0.0 -48.8087559,-27.709005999222,0.0 -48.8086911,-27.708966199222,0.0 -48.808662,-27.708947099222,0.0 -48.8086342,-27.708927899222,0.0 -48.8086073,-27.708907899222,0.0 -48.8085804,-27.708886499222,0.0 -48.8085529,-27.708863099222,0.0 -48.8085242,-27.708837099222,0.0 -48.8084937,-27.708807999222,0.0 -48.8083779,-27.708692399222,0.0 -48.8083245,-27.708640599222,0.0 -48.8082601,-27.708580099222,0.0 -48.8081827,-27.708509699222,0.0 -48.8080901,-27.708428199222,0.0 -48.8079208,-27.708334299222,0.0 -48.8078434,-27.708255899222,0.0 -48.8077768,-27.708185899222,0.0 -48.8077196,-27.708123199222,0.0 -48.8076705,-27.708067099222,0.0 -48.8076284,-27.708016599222,0.0 -48.807592,-27.707970699222,0.0 -48.8075599,-27.707928699222,0.0 -48.8075041,-27.707852599222,0.0 -48.8074088,-27.707719599222,0.0 -48.8073644,-27.707658699222,0.0 -48.8073189,-27.707598899222,0.0 -48.8072955,-27.707569299222,0.0 -48.8072477,-27.707511199222,0.0 -48.8071996,-27.707455799222,0.0 -48.8071523,-27.707404299222,0.0 -48.8071059,-27.707357199222,0.0 -48.807058,-27.707312599222,0.0 -48.8070325,-27.707290299222,0.0 -48.8069762,-27.707244099222,0.0 -48.8069104,-27.707193599222,0.0 -48.8067569,-27.707080299222,0.0 -48.8066783,-27.707021399222,0.0 -48.8066046,-27.706963599222,0.0 -48.8065379,-27.706907999222,0.0 -48.8064777,-27.706855099222,0.0 -48.8064235,-27.706805099222,0.0 -48.8063524,-27.706736199222,0.0 -48.8062185,-27.706601899222,0.0 -48.8061839,-27.706569099222,0.0 -48.8061663,-27.706553299222,0.0 -48.8061297,-27.706522499222,0.0 -48.8060898,-27.706492099222,0.0 -48.8060681,-27.706476799222,0.0 -48.8060217,-27.706445999222,0.0 -48.8059455,-27.706399099222,0.0 -48.8057833,-27.706304099222,0.0 -48.8057347,-27.706274899222,0.0 -48.8056938,-27.706248999222,0.0 -48.8056771,-27.706237499222,0.0 -48.8056625,-27.706226599222,0.0 -48.8056493,-27.7062155992221,0.0 -48.8056369,-27.706203999222,0.0 -48.8056247,-27.706190999222,0.0 -48.805612,-27.706176299222,0.0 -48.8055982,-27.706158999222,0.0 -48.8055648,-27.7061148992221,0.0 -48.8054755,-27.705992099222,0.0 -48.8053194,-27.7057720992221,0.0 -48.8052672,-27.7057002992221,0.0 -48.8052413,-27.705665699222,0.0 -48.8052154,-27.7056323992221,0.0 -48.8051896,-27.7056003992221,0.0 -48.8051639,-27.7055698992221,0.0 -48.805138,-27.705540599222,0.0 -48.8051117,-27.7055121992221,0.0 -48.8050847,-27.7054840992221,0.0 -48.8050567,-27.7054559992221,0.0 -48.8049967,-27.7053979992221,0.0 -48.8049296,-27.7053350992221,0.0 -48.8048556,-27.7052668992221,0.0 -48.8048368,-27.7052497992221,0.0 -48.8047776,-27.7051960992221,0.0 -48.8046984,-27.7051252992221,0.0 -48.8046587,-27.7050905992221,0.0 -48.8047381,-27.7051082992221,0.0 -48.8047959,-27.7051202992221,0.0 -48.8048389,-27.7051278992221,0.0 -48.804872,-27.7051323992221,0.0 -48.8048998,-27.7051347992221,0.0 -48.8049356,-27.7051358992221,0.0 -48.8050263,-27.7051332992221,0.0 -48.8050598,-27.7051330992221,0.0 -48.8050909,-27.7051345992221,0.0 -48.8051109,-27.7051368992221,0.0 -48.8051415,-27.7051430992221,0.0 -48.8051634,-27.7051494992221,0.0 -48.8051875,-27.7051585992221,0.0 -48.8052147,-27.7051711992221,0.0 -48.8052459,-27.7051882992221,0.0 -48.805282,-27.7052104992221,0.0 -48.8053225,-27.7052376992221,0.0 -48.8053668,-27.7052697992221,0.0 -48.8054146,-27.7053064992221,0.0 -48.805465,-27.7053473992221,0.0 -48.805517,-27.7053919992221,0.0 -48.8055433,-27.7054152992221,0.0 -48.8055955,-27.7054638992221,0.0 -48.8056212,-27.7054888992221,0.0 -48.8056464,-27.7055141992221,0.0 -48.8056949,-27.7055649992221,0.0 -48.8057605,-27.7056379992221,0.0 -48.8057981,-27.7056819992221,0.0 -48.8058579,-27.7057541992221,0.0 -48.8058845,-27.7057835992221,0.0 -48.805898,-27.7057969992221,0.0 -48.805912,-27.7058096992221,0.0 -48.8059268,-27.705821799222,0.0 -48.8059426,-27.7058334992221,0.0 -48.8059593,-27.705844899222,0.0 -48.805996,-27.7058675992221,0.0 -48.8060602,-27.705903499222,0.0 -48.8061621,-27.705958499222,0.0 -48.8062695,-27.706014399222,0.0 -48.8063448,-27.706051799222,0.0 -48.8064357,-27.706095299222,0.0 -48.8065344,-27.706141899222,0.0 -48.8065997,-27.706170999222,0.0 -48.8066397,-27.706186499222,0.0 -48.8066725,-27.706197099222,0.0 -48.8066993,-27.706204099222,0.0 -48.8067282,-27.706209499222,0.0 -48.8067602,-27.706212999222,0.0 -48.8067734,-27.706213699222,0.0 -48.8067871,-27.7062135992221,0.0 -48.8068092,-27.706210999222,0.0 -48.8068254,-27.706207099222,0.0 -48.8068343,-27.706204299222,0.0 -48.8068542,-27.706196399222,0.0 -48.8068774,-27.706185099222,0.0 -48.8069046,-27.706169599222,0.0 -48.8069354,-27.7061491992221,0.0 -48.8069694,-27.706123299222,0.0 -48.8069873,-27.7061079992221,0.0 -48.8070059,-27.706091099222,0.0 -48.807025,-27.706072499222,0.0 -48.807064,-27.706031199222,0.0 -48.8070835,-27.706009099222,0.0 -48.8071219,-27.7059632992221,0.0 -48.807158,-27.7059174992221,0.0 -48.8072222,-27.7058323992221,0.0 -48.8072529,-27.705794099222,0.0 -48.8072685,-27.705776199222,0.0 -48.8072847,-27.705759199222,0.0 -48.8073015,-27.7057430992221,0.0 -48.8073103,-27.705735399222,0.0 -48.8073191,-27.705727699222,0.0 -48.8073374,-27.7057128992221,0.0 -48.8073765,-27.7056842992221,0.0 -48.8074191,-27.7056557992221,0.0 -48.8075609,-27.7055643992221,0.0 -48.8076035,-27.7055355992221,0.0 -48.8076381,-27.7055101992221,0.0 -48.8076641,-27.7054879992221,0.0 -48.8076745,-27.7054776992221,0.0 -48.8076836,-27.7054675992221,0.0 -48.8076916,-27.7054574992221,0.0 -48.8076951,-27.7054522992221,0.0 -48.8076987,-27.705447199222,0.0 -48.8077053,-27.7054364992221,0.0 -48.8077175,-27.7054131992221,0.0 -48.8077284,-27.7053876992221,0.0 -48.8077334,-27.7053741992221,0.0 -48.8077425,-27.7053455992221,0.0 -48.8077501,-27.7053151992221,0.0 -48.8077564,-27.7052831992221,0.0 -48.807761,-27.7052495992221,0.0 -48.8077627,-27.7052321992221,0.0 -48.8077648,-27.7051961992221,0.0 -48.807765,-27.7051584992221,0.0 -48.807763,-27.7051182992221,0.0 -48.8077587,-27.7050746992221,0.0 -48.8077536,-27.7050394992221,0.0 -48.8077517,-27.7050265992221,0.0 -48.807742,-27.7049737992221,0.0 -48.8077302,-27.7049185992221,0.0 -48.8077169,-27.7048640992221,0.0 -48.8077028,-27.7048130992221,0.0 -48.8076887,-27.7047679992221,0.0 -48.8076689,-27.7047088992221,0.0 -48.8076573,-27.7046723992221,0.0 -48.8076479,-27.7046361992221,0.0 -48.8076408,-27.7045990992221,0.0 -48.8076381,-27.7045799992221,0.0 -48.8076343,-27.7045405992221,0.0 -48.8076331,-27.7045200992221,0.0 -48.8076324,-27.7044771992221,0.0 -48.8076338,-27.7044322992221,0.0 -48.8076352,-27.7044095992221,0.0 -48.8076399,-27.7043643992221,0.0 -48.8076431,-27.7043422992221,0.0 -48.807647,-27.7043207992221,0.0 -48.8076566,-27.7042798992221,0.0 -48.8076685,-27.7042416992221,0.0 -48.8076826,-27.7042058992221,0.0 -48.8076988,-27.7041721992221,0.0 -48.8077168,-27.7041404992221,0.0 -48.8077359,-27.7041112992221,0.0 -48.8077456,-27.7040977992221,0.0 -48.8077649,-27.7040735992221,0.0 -48.8077834,-27.7040532992221,0.0 -48.8078012,-27.7040371992221,0.0 -48.80781,-27.7040305992221,0.0 -48.807819,-27.7040246992221,0.0 -48.8078283,-27.7040195992221,0.0 -48.8078379,-27.7040152992221,0.0 -48.8078586,-27.7040082992221,0.0 -48.8078814,-27.7040035992221,0.0 -48.8079057,-27.7040010992221,0.0 -48.807931,-27.7040006992221,0.0 -48.8079568,-27.7040022992221,0.0 -48.8079839,-27.7040064992221,0.0 -48.8080148,-27.7040141992221,0.0 -48.8080515,-27.7040264992221,0.0 -48.8080963,-27.7040442992221,0.0 -48.8081482,-27.7040667992221,0.0 -48.8082026,-27.7040918992221,0.0 -48.8082552,-27.7041169992221,0.0 -48.8083221,-27.7041502992221,0.0 -48.8083762,-27.7041788992221,0.0 -48.8084273,-27.7042075992221,0.0 -48.8085785,-27.7042955992221,0.0 -48.8086323,-27.7043248992221,0.0 -48.8086496,-27.7043336992221,0.0 -48.8086668,-27.7043424992221,0.0 -48.808701,-27.7043586992221,0.0 -48.8087356,-27.7043739992221,0.0 -48.8088612,-27.7044252992221,0.0 -48.8089166,-27.7044494992221,0.0 -48.8090076,-27.7044919992221,0.0 -48.8090751,-27.7045254992221,0.0 -48.8091186,-27.7045496992221,0.0 -48.8091312,-27.7045574992221,0.0 -48.8091532,-27.7045726992221,0.0 -48.8091626,-27.7045800992221,0.0 -48.8091789,-27.7045947992221,0.0 -48.8091859,-27.7046020992221,0.0 -48.8091979,-27.7046166992221,0.0 -48.8092076,-27.7046315992221,0.0 -48.8092116,-27.7046391992221,0.0 -48.809218,-27.7046550992221,0.0 -48.8092222,-27.7046724992221,0.0 -48.8092241,-27.7046916992221,0.0 -48.8092233,-27.7047131992221,0.0 -48.8092193,-27.7047370992221,0.0 -48.8092115,-27.7047636992221,0.0 -48.8092059,-27.7047781992221,0.0 -48.8091992,-27.7047933992221,0.0 -48.8091827,-27.7048254992221,0.0 -48.8091527,-27.7048763992221,0.0 -48.8091091,-27.7049437992221,0.0 -48.8090294,-27.7050625992221,0.0 -48.8090048,-27.7051010992221,0.0 -48.8089899,-27.7051261992221,0.0 -48.8089759,-27.7051513992221,0.0 -48.808963,-27.7051769992221,0.0 -48.8089517,-27.7052027992221,0.0 -48.8089425,-27.7052285992221,0.0 -48.8089357,-27.7052542992221,0.0 -48.8089334,-27.7052669992221,0.0 -48.8089305,-27.7052914992221,0.0 -48.8089298,-27.7053138992221,0.0 -48.8089302,-27.7053241992221,0.0 -48.8089323,-27.7053419992221,0.0 -48.8089361,-27.7053565992221,0.0 -48.8089419,-27.7053686992221,0.0 -48.8089501,-27.7053790992221,0.0 -48.8089609,-27.7053887992221,0.0 -48.8089674,-27.7053933992221,0.0 -48.8089832,-27.7054020992221,0.0 -48.8089926,-27.7054059992221,0.0 -48.8090031,-27.7054094992221,0.0 -48.8090148,-27.7054126992221,0.0 -48.8090278,-27.7054152992221,0.0 -48.8090423,-27.7054174992221,0.0 -48.8090584,-27.7054189992221,0.0 -48.8090766,-27.7054197992221,0.0 -48.8090971,-27.7054198992221,0.0 -48.8091203,-27.7054190992221,0.0 -48.8091466,-27.7054173992221,0.0 -48.8091761,-27.7054146992221,0.0 -48.8092093,-27.7054108992221,0.0 -48.8092865,-27.7053998992221,0.0 -48.8093733,-27.7053852992221,0.0 -48.8094636,-27.7053681992221,0.0 -48.8095511,-27.7053494992221,0.0 -48.8096308,-27.7053301992221,0.0 -48.8096677,-27.7053201992221,0.0 -48.8097027,-27.7053099992221,0.0 -48.8097361,-27.7052994992221,0.0 -48.809768,-27.7052886992221,0.0 -48.8097985,-27.7052773992221,0.0 -48.8098278,-27.7052656992221,0.0 -48.809856,-27.7052534992221,0.0 -48.8098832,-27.7052407992221,0.0 -48.8099095,-27.7052274992221,0.0 -48.8099351,-27.7052135992221,0.0 -48.8099599,-27.7051988992221,0.0 -48.8099841,-27.7051835992221,0.0 -48.8100078,-27.7051673992221,0.0 -48.810031,-27.7051503992221,0.0 -48.8100539,-27.7051325992221,0.0 -48.8100762,-27.7051141992221,0.0 -48.8101185,-27.7050767992221,0.0 -48.810138,-27.7050583992221,0.0 -48.8101727,-27.7050238992221,0.0 -48.8101875,-27.7050082992221,0.0 -48.8102118,-27.7049813992221,0.0 -48.8102301,-27.7049587992221,0.0 -48.8102445,-27.7049387992221,0.0 -48.8102569,-27.7049193992221,0.0 -48.8102653,-27.7049051992221,0.0 -48.8102689,-27.7048989992221,0.0 -48.8102808,-27.7048766992221,0.0 -48.8102925,-27.7048512992221,0.0 -48.810304,-27.7048219992221,0.0 -48.8103097,-27.7048056992221,0.0 -48.8103207,-27.7047697992221,0.0 -48.810326,-27.7047505992221,0.0 -48.8103356,-27.7047099992221,0.0 -48.8103399,-27.7046889992221,0.0 -48.8103438,-27.7046675992221,0.0 -48.8103503,-27.7046242992221,0.0 -48.8103528,-27.7046025992221,0.0 -48.8103566,-27.7045598992221,0.0 -48.8103578,-27.7045391992221,0.0 -48.8103588,-27.7044995992221,0.0 -48.8103586,-27.7044808992221,0.0 -48.810357,-27.7044458992221,0.0 -48.8103535,-27.7044132992221,0.0 -48.8103484,-27.7043825992221,0.0 -48.8103417,-27.7043530992221,0.0 -48.8103376,-27.7043383992221,0.0 -48.8103277,-27.7043074992221,0.0 -48.810315,-27.7042726992221,0.0 -48.810289,-27.7042077992221,0.0 -48.8102669,-27.7041551992221,0.0 -48.8102421,-27.7040977992221,0.0 -48.8102154,-27.7040382992221,0.0 -48.8101738,-27.7039508992221,0.0 -48.8101009,-27.7038042992221,0.0 -48.8100556,-27.7037062992221,0.0 -48.810046,-27.7036878992221,0.0 -48.8100359,-27.7036714992221,0.0 -48.8100246,-27.7036558992221,0.0 -48.8100113,-27.7036400992221,0.0 -48.8099775,-27.7036046992221,0.0 -48.8099004,-27.7035309992221,0.0 -48.8098834,-27.7035139992221,0.0 -48.8098714,-27.7034998992221,0.0 -48.8098633,-27.7034858992221,0.0 -48.8098573,-27.7034684992221,0.0 -48.8098505,-27.7034368992221,0.0 -48.8098463,-27.7034031992221,0.0 -48.8098457,-27.7033818992221,0.0 -48.8098472,-27.7033642992221,0.0 -48.8098491,-27.7033539992221,0.0 -48.8098518,-27.7033443992221,0.0 -48.8098581,-27.7033302992221,0.0 -48.8098646,-27.7033204992221,0.0 -48.8098735,-27.7033098992221,0.0 -48.8098848,-27.7032984992221,0.0 -48.8098977,-27.7032870992221,0.0 -48.8099116,-27.7032765992221,0.0 -48.8099187,-27.7032718992221,0.0 -48.8099329,-27.7032639992221,0.0 -48.8099402,-27.7032605992221,0.0 -48.8099551,-27.7032550992221,0.0 -48.8099711,-27.7032506992221,0.0 -48.8099883,-27.7032471992221,0.0 -48.8100068,-27.7032444992221,0.0 -48.8100256,-27.7032428992221,0.0 -48.8100442,-27.7032424992221,0.0 -48.8100531,-27.7032428992221,0.0 -48.8100699,-27.7032447992221,0.0 -48.8100854,-27.7032481992221,0.0 -48.8100998,-27.7032528992221,0.0 -48.8101133,-27.7032586992221,0.0 -48.8101261,-27.7032653992221,0.0 -48.8101444,-27.7032772992221,0.0 -48.8101621,-27.7032912992221,0.0 -48.8101796,-27.7033074992221,0.0 -48.8101907,-27.7033199992221,0.0 -48.8102009,-27.7033340992221,0.0 -48.8102056,-27.7033417992221,0.0 -48.8102139,-27.7033585992221,0.0 -48.8102206,-27.7033768992221,0.0 -48.8102258,-27.7033960992221,0.0 -48.8102292,-27.7034155992221,0.0 -48.8102309,-27.7034350992221,0.0 -48.8102324,-27.7034938992221,0.0 -48.8102333,-27.7034999992221,0.0 -48.8102342,-27.7035061992221,0.0 -48.8102373,-27.7035167992221,0.0 -48.8102422,-27.7035260992221,0.0 -48.8102454,-27.7035303992221,0.0 -48.8102535,-27.7035383992221,0.0 -48.8102652,-27.7035460992221,0.0 -48.8102727,-27.7035497992221,0.0 -48.8102921,-27.7035571992221,0.0 -48.8103183,-27.7035647992221,0.0 -48.8103517,-27.7035721992221,0.0 -48.8103919,-27.7035788992221,0.0 -48.8104383,-27.7035840992221,0.0 -48.8104636,-27.7035859992221,0.0 -48.8105181,-27.7035879992221,0.0 -48.8106954,-27.7035883992221,0.0 -48.810753,-27.7035893992221,0.0 -48.8107949,-27.7035910992221,0.0 -48.8108268,-27.7035927992221,0.0 -48.8108587,-27.7035945992221,0.0 -48.8109051,-27.7035985992221,0.0 -48.8109466,-27.7036034992221,0.0 -48.8109841,-27.7036092992221,0.0 -48.8110193,-27.7036165992221,0.0 -48.8110537,-27.7036253992221,0.0 -48.8110883,-27.7036358992221,0.0 -48.8111404,-27.7036546992221,0.0 -48.8111912,-27.7036759992221,0.0 -48.8112237,-27.7036912992221,0.0 -48.8113072,-27.7037321992221,0.0 -48.8113447,-27.7037493992221,0.0 -48.8113846,-27.7037666992221,0.0 -48.8115372,-27.7038305992221,0.0 -48.8115808,-27.7038463992221,0.0 -48.811616,-27.7038569992221,0.0 -48.8116569,-27.7038672992221,0.0 -48.8116785,-27.7038717992221,0.0 -48.8117004,-27.7038755992221,0.0 -48.8117223,-27.7038783992221,0.0 -48.8117436,-27.7038801992221,0.0 -48.8117641,-27.7038805992221,0.0 -48.8117834,-27.7038795992221,0.0 -48.8118015,-27.7038770992221,0.0 -48.8118183,-27.7038734992221,0.0 -48.8118338,-27.7038688992221,0.0 -48.811848,-27.7038632992221,0.0 -48.8118609,-27.7038570992221,0.0 -48.8118724,-27.7038503992221,0.0 -48.8118826,-27.7038432992221,0.0 -48.8118914,-27.7038359992221,0.0 -48.8118991,-27.7038284992221,0.0 -48.8119057,-27.7038205992221,0.0 -48.8119114,-27.7038124992221,0.0 -48.8119164,-27.7038038992221,0.0 -48.8119251,-27.7037853992221,0.0 -48.8119329,-27.7037647992221,0.0 -48.8119405,-27.7037416992221,0.0 -48.8119474,-27.7037160992221,0.0 -48.8119533,-27.7036877992221,0.0 -48.8119579,-27.7036566992221,0.0 -48.8119613,-27.7036231992221,0.0 -48.8119676,-27.7035447992221,0.0 -48.8119703,-27.7035174992221,0.0 -48.8119746,-27.7034825992221,0.0 -48.8119802,-27.7034473992221,0.0 -48.8119871,-27.7034110992221,0.0 -48.8119955,-27.7033727992221,0.0 -48.8120309,-27.7032281992221,0.0 -48.8120347,-27.7032115992221,0.0 -48.8120449,-27.7031661992221,0.0 -48.8120609,-27.7030873992221,0.0 -48.8120739,-27.7030151992221,0.0 -48.8120789,-27.7029815992221,0.0 -48.8120828,-27.7029493992221,0.0 -48.8120852,-27.7029183992221,0.0 -48.8120864,-27.7028885992221,0.0 -48.8120864,-27.7028598992221,0.0 -48.8120854,-27.7028324992221,0.0 -48.8120783,-27.7027419992221,0.0 -48.8120768,-27.7027132992221,0.0 -48.8120765,-27.7026649992221,0.0 -48.8120781,-27.7026154992221,0.0 -48.8120813,-27.7025712992221,0.0 -48.8120843,-27.7025458992221,0.0 -48.8120885,-27.7025218992221,0.0 -48.8120979,-27.7024840992221,0.0 -48.8121068,-27.7024550992221,0.0 -48.8121183,-27.7024222992221,0.0 -48.8121326,-27.7023856992221,0.0 -48.81215,-27.7023450992221,0.0 -48.8121707,-27.7023008992221,0.0 -48.8122049,-27.7022323992221,0.0 -48.8122384,-27.7021687992221,0.0 -48.8122936,-27.7020672992221,0.0 -48.8123109,-27.7020332992221,0.0 -48.8123289,-27.7019956992221,0.0 -48.8123471,-27.7019553992221,0.0 -48.8123734,-27.7018939992221,0.0 -48.8124307,-27.7017489992221,0.0 -48.8124446,-27.7017155992221,0.0 -48.812467,-27.7016653992221,0.0 -48.8124887,-27.7016280992221,0.0 -48.8124937,-27.7016182992221,0.0 -48.8124971,-27.7016037992221,0.0 -48.8124987,-27.7015850992221,0.0 -48.8124971,-27.7015136992221,0.0 -48.8124965,-27.7014335992221,0.0 -48.8124922,-27.7013956992221,0.0 -48.8124866,-27.7013745992221,0.0 -48.812476,-27.7013468992221,0.0 -48.812468,-27.7013229992221,0.0 -48.8124622,-27.7013022992221,0.0 -48.8124583,-27.7012843992221,0.0 -48.8124559,-27.7012685992221,0.0 -48.8124543,-27.7012416992221,0.0 -48.8124544,-27.7012295992221,0.0 -48.8124561,-27.7012067992221,0.0 -48.8124617,-27.7011734992221,0.0 -48.8124673,-27.7011499992221,0.0 -48.8124864,-27.7010773992221,0.0 -48.8125001,-27.7009619992221,0.0 -48.8125593,-27.7007916992221,0.0 -48.8125947,-27.7006820992221,0.0 -48.8126273,-27.7006356992222,0.0 -48.8126619,-27.7006069992221,0.0 -48.8127409,-27.7005914992221,0.0 -48.8128388,-27.7005637992222,0.0 -48.8129018,-27.7005240992221,0.0 -48.8129657,-27.7004096992222,0.0 -48.8130212,-27.7002479992222,0.0 -48.8130816,-27.7001045992222,0.0 -48.8131331,-27.6999934992222,0.0 -48.8131387,-27.6999466992222,0.0 -48.813128,-27.6998973992222,0.0 -48.813075,-27.6997836992222,0.0 -48.8128886,-27.6994607992222,0.0 -48.8128356,-27.6993555992222,0.0 -48.8127845,-27.6993039992222,0.0 -48.8127289,-27.6992684992222,0.0 -48.8125001,-27.6992153992222,0.0 -48.8124675,-27.6991838992222,0.0 -48.8124367,-27.6991648992222,0.0 -48.8124077,-27.6991452992222,0.0 -48.8123803,-27.6991251992222,0.0 -48.8123545,-27.6991050992222,0.0 -48.8123071,-27.6990654992222,0.0 -48.8122649,-27.6990285992222,0.0 -48.8122278,-27.6989950992222,0.0 -48.8121965,-27.6989645992222,0.0 -48.8121832,-27.6989502992222,0.0 -48.8121717,-27.6989365992222,0.0 -48.812162,-27.6989232992222,0.0 -48.8121541,-27.6989104992222,0.0 -48.8121479,-27.6988979992222,0.0 -48.8121432,-27.6988858992222,0.0 -48.8121398,-27.6988740992222,0.0 -48.8121375,-27.6988624992222,0.0 -48.812136,-27.6988510992222,0.0 -48.8121351,-27.6988286992222,0.0 -48.8121364,-27.6987955992222,0.0 -48.8121393,-27.6987733992222,0.0 -48.8121444,-27.6987505992222,0.0 -48.812152,-27.6987268992222,0.0 -48.8121622,-27.6987027992222,0.0 -48.8121748,-27.6986787992222,0.0 -48.8121898,-27.6986558992222,0.0 -48.8122068,-27.6986348992222,0.0 -48.812216,-27.6986250992222,0.0 -48.8122351,-27.6986069992222,0.0 -48.8122816,-27.6985666992222,0.0 -48.8123232,-27.6985288992222,0.0 -48.8123412,-27.6985136992222,0.0 -48.8123622,-27.6984980992222,0.0 -48.8123755,-27.6984897992222,0.0 -48.8123916,-27.6984809992222,0.0 -48.8124114,-27.6984714992222,0.0 -48.8124355,-27.6984612992222,0.0 -48.8124649,-27.6984500992222,0.0 -48.8125001,-27.6984390992222,0.0 -48.8125527,-27.6984307992222,0.0 -48.8125949,-27.6984205992222,0.0 -48.8126276,-27.6984160992222,0.0 -48.8126614,-27.6984120992222,0.0 -48.812705,-27.6984076992222,0.0 -48.8127674,-27.6984036992222,0.0 -48.8128334,-27.6983837992222,0.0 -48.812884,-27.6983563992222,0.0 -48.8129022,-27.6983425992222,0.0 -48.8129357,-27.6983271992222,0.0 -48.8129823,-27.6983219992222,0.0 -48.813035,-27.6983218992222,0.0 -48.813074,-27.6983344992222,0.0 -48.8131346,-27.6983575992222,0.0 -48.8131957,-27.6984100992222,0.0 -48.8133093,-27.6985384992222,0.0 -48.8134351,-27.6987190992222,0.0 -48.8135666,-27.6989333992222,0.0 -48.813774,-27.6992867992222,0.0 -48.8138142,-27.6993481992222,0.0 -48.8139428,-27.6994423992222,0.0 -48.8140452,-27.6994973992222,0.0 -48.8141614,-27.6995314992222,0.0 -48.8142607,-27.6995452992222,0.0 -48.8143849,-27.6995172992222,0.0 -48.8144776,-27.6994766992222,0.0 -48.8145369,-27.6994279992222,0.0 -48.8146006,-27.6993494992222,0.0 -48.8146419,-27.6992629992222,0.0 -48.8146533,-27.6992073992222,0.0 -48.8146534,-27.6991549992222,0.0 -48.8146437,-27.6990985992222,0.0 -48.8146392,-27.6990656992222,0.0 -48.8146393,-27.6990108992222,0.0 -48.8146352,-27.6989861992222,0.0 -48.8146148,-27.6989511992222,0.0 -48.8145438,-27.6988895992222,0.0 -48.8145113,-27.6988520992222,0.0 -48.8145098,-27.6988071992222,0.0 -48.8145151,-27.6987864992222,0.0 -48.8145213,-27.6987323992222,0.0 -48.8145274,-27.6986782992222,0.0 -48.8145193,-27.6986192992222,0.0 -48.8144796,-27.6985404992222,0.0 -48.8144337,-27.6984865992222,0.0 -48.8143356,-27.6983928992222,0.0 -48.8142931,-27.6983431992222,0.0 -48.8142732,-27.6982906992222,0.0 -48.8142725,-27.6982408992222,0.0 -48.8142893,-27.6981853992222,0.0 -48.814317,-27.6981351992222,0.0 -48.8143581,-27.6980892992222,0.0 -48.8144268,-27.6980481992222,0.0 -48.8145154,-27.6979492992222,0.0 -48.8145952,-27.6978261992222,0.0 -48.8146233,-27.6977687992222,0.0 -48.8146419,-27.6977195992222,0.0 -48.8146641,-27.6976714992222,0.0 -48.8146815,-27.6976337992222,0.0 -48.8147322,-27.6975616992222,0.0 -48.8148751,-27.6974002992222,0.0 -48.8149132,-27.6973378992222,0.0 -48.8149236,-27.6973156992222,0.0 -48.8149375,-27.6972626992222,0.0 -48.8149335,-27.6971860992222,0.0 -48.8149059,-27.6970789992222,0.0 -48.8148866,-27.6970387992222,0.0 -48.8148664,-27.6970198992222,0.0 -48.8147804,-27.6969626992222,0.0 -48.8145949,-27.6968609992222,0.0 -48.8145612,-27.6968359992222,0.0 -48.8145342,-27.6968123992222,0.0 -48.8145146,-27.6967869992222,0.0 -48.814506,-27.6967735992222,0.0 -48.8144975,-27.6967502992222,0.0 -48.8145049,-27.6967159992222,0.0 -48.8145477,-27.6966615992222,0.0 -48.8145795,-27.6966335992222,0.0 -48.8146822,-27.6965760992222,0.0 -48.8150633,-27.6964449992222,0.0 -48.8151443,-27.6964000992222,0.0 -48.815202,-27.6963339992222,0.0 -48.8152254,-27.6962948992222,0.0 -48.8152254,-27.6962537992222,0.0 -48.8152063,-27.6961990992222,0.0 -48.8151165,-27.6961063992222,0.0 -48.8150567,-27.6960373992222,0.0 -48.8150367,-27.6960063992222,0.0 -48.8150229,-27.6959664992222,0.0 -48.8150198,-27.6959215992222,0.0 -48.8150095,-27.6958711992222,0.0 -48.8149778,-27.6958256992222,0.0 -48.8149391,-27.6958001992222,0.0 -48.8149068,-27.6957878992222,0.0 -48.8148776,-27.6957868992222,0.0 -48.8148364,-27.6957879992222,0.0 -48.8147936,-27.6958002992222,0.0 -48.8147117,-27.6958358992222,0.0 -48.8146909,-27.6958448992222,0.0 -48.8145922,-27.6958994992222,0.0 -48.814329,-27.6960319992222,0.0 -48.8142413,-27.6960571992222,0.0 -48.8141028,-27.6960986992222,0.0 -48.8139102,-27.6961706992222,0.0 -48.8138081,-27.6962049992222,0.0 -48.8137494,-27.6962121992222,0.0 -48.8136816,-27.6962076992222,0.0 -48.8136518,-27.6962023992222,0.0 -48.8136176,-27.6961881992222,0.0 -48.8135923,-27.6961666992222,0.0 -48.8135739,-27.6961289992222,0.0 -48.8135728,-27.6961019992222,0.0 -48.8135736,-27.6960831992222,0.0 -48.8135793,-27.6960595992222,0.0 -48.8136156,-27.6960129992222,0.0 -48.8136668,-27.6959740992222,0.0 -48.8137394,-27.6959413992222,0.0 -48.8138157,-27.6958956992222,0.0 -48.8138574,-27.6958483992222,0.0 -48.8138804,-27.6957773992222,0.0 -48.8138814,-27.6957270992222,0.0 -48.8138528,-27.6956562992222,0.0 -48.8137705,-27.6955598992222,0.0 -48.8135822,-27.6953734992222,0.0 -48.8135141,-27.6952838992222,0.0 -48.8134717,-27.6952142992223,0.0 -48.8134511,-27.6951758992222,0.0 -48.8134272,-27.6951540992222,0.0 -48.8133866,-27.6951266992222,0.0 -48.8132964,-27.6950877992223,0.0 -48.8132225,-27.6950552992222,0.0 -48.8131864,-27.6950386992223,0.0 -48.813149,-27.6950038992223,0.0 -48.8131407,-27.6949873992222,0.0 -48.8131417,-27.6949539992223,0.0 -48.8131511,-27.6949324992223,0.0 -48.8131635,-27.6949144992223,0.0 -48.8131888,-27.6949020992222,0.0 -48.8132225,-27.6948886992223,0.0 -48.8132994,-27.6948672992223,0.0 -48.8133797,-27.6948496992223,0.0 -48.8134283,-27.6948314992223,0.0 -48.8134907,-27.6947896992223,0.0 -48.8135202,-27.6947601992223,0.0 -48.8135316,-27.6947217992223,0.0 -48.8135324,-27.6946797992223,0.0 -48.8135331,-27.6945938992223,0.0 -48.8135296,-27.6945269992223,0.0 -48.813548,-27.6943316992223,0.0 -48.8135527,-27.6942746992223,0.0 -48.8135402,-27.6942172992223,0.0 -48.8134619,-27.6940807992223,0.0 -48.813404,-27.6939990992223,0.0 -48.8133379,-27.6939420992223,0.0 -48.8133147,-27.6939165992223,0.0 -48.813307,-27.6938859992223,0.0 -48.8132979,-27.6937694992223,0.0 -48.8133018,-27.6937267992223,0.0 -48.8133249,-27.6936769992223,0.0 -48.8133595,-27.6936283992223,0.0 -48.8134309,-27.6935657992223,0.0 -48.8134731,-27.6935194992223,0.0 -48.8134823,-27.6934795992223,0.0 -48.8134787,-27.6934265992223,0.0 -48.8134412,-27.6933367992223,0.0 -48.8132177,-27.6930951992223,0.0 -48.8131368,-27.6930254992223,0.0 -48.8130758,-27.6929948992223,0.0 -48.8130097,-27.6929728992223,0.0 -48.8128553,-27.6929515992223,0.0 -48.8127558,-27.6929369992223,0.0 -48.8127228,-27.6929208992223,0.0 -48.8126883,-27.6928944992223,0.0 -48.812678,-27.6928641992223,0.0 -48.8126709,-27.6928291992223,0.0 -48.8126738,-27.6928022992223,0.0 -48.8126997,-27.6927338992223,0.0 -48.8127729,-27.6926228992223,0.0 -48.8128338,-27.6925180992223,0.0 -48.8128477,-27.6924365992223,0.0 -48.8128541,-27.6923592992223,0.0 -48.8128708,-27.6923192992223,0.0 -48.8129762,-27.6921987992223,0.0 -48.8130647,-27.6921292992223,0.0 -48.8131659,-27.6920915992223,0.0 -48.8132754,-27.6920628992223,0.0 -48.8133711,-27.6920523992223,0.0 -48.8135192,-27.6920514992223,0.0 -48.8135962,-27.6920569992223,0.0 -48.8136388,-27.6920718992223,0.0 -48.8137102,-27.6921121992223,0.0 -48.8137933,-27.6921799992223,0.0 -48.8138775,-27.6922731992223,0.0 -48.8139163,-27.6923543992223,0.0 -48.8139409,-27.6924081992223,0.0 -48.8139561,-27.6924432992223,0.0 -48.8139981,-27.6924874992223,0.0 -48.8142062,-27.6926249992223,0.0 -48.8142835,-27.6926774992223,0.0 -48.8143214,-27.6927411992223,0.0 -48.8143414,-27.6927785992223,0.0 -48.8143543,-27.6929172992223,0.0 -48.8143613,-27.6929585992223,0.0 -48.8143752,-27.6930076992223,0.0 -48.8144014,-27.6930508992223,0.0 -48.814481,-27.6931003992223,0.0 -48.8145749,-27.6931204992223,0.0 -48.8146725,-27.6931250992223,0.0 -48.8147744,-27.6931172992223,0.0 -48.8148104,-27.6931093992223,0.0 -48.8148639,-27.6930954992223,0.0 -48.8149112,-27.6930852992223,0.0 -48.8149883,-27.6930740992223,0.0 -48.8149903,-27.6930743992223,0.0 -48.8150677,-27.6930847992223,0.0 -48.815098,-27.6930992992223,0.0 -48.8151208,-27.6931368992223,0.0 -48.8151894,-27.6932538992223,0.0 -48.8152288,-27.6932894992223,0.0 -48.8152903,-27.6933129992223,0.0 -48.8153654,-27.6933157992223,0.0 -48.8155042,-27.6932898992223,0.0 -48.8156042,-27.6932719992223,0.0 -48.8156662,-27.6932713992223,0.0 -48.8159131,-27.6932876992223,0.0 -48.8160111,-27.6932799992223,0.0 -48.8162289,-27.6932334992223,0.0 -48.8164111,-27.6932021992223,0.0 -48.8166791,-27.6931899992223,0.0 -48.8168731,-27.6931813992223,0.0 -48.8172499,-27.6931344992223,0.0 -48.8174382,-27.6931000992223,0.0 -48.8177327,-27.6930252992223,0.0 -48.8178705,-27.6929847992223,0.0 -48.818081,-27.6929140992223,0.0 -48.8183489,-27.6928281992223,0.0 -48.8185695,-27.6927748992223,0.0 -48.818742,-27.6927511992223,0.0 -48.8189802,-27.6927330992223,0.0 -48.819157,-27.6927117992223,0.0 -48.8192932,-27.6926873992223,0.0 -48.8195314,-27.6926484992223,0.0 -48.8196477,-27.6926135992223,0.0 -48.8197367,-27.6925737992223,0.0 -48.8197801,-27.6925426992223,0.0 -48.8199415,-27.6923794992223,0.0 -48.8200735,-27.6922469992223,0.0 -48.8202057,-27.6921455992223,0.0 -48.8202886,-27.6921017992223,0.0 -48.8203669,-27.6920257992223,0.0 -48.8204556,-27.6919186992223,0.0 -48.8204875,-27.6918803992223,0.0 -48.8205485,-27.6918394992223,0.0 -48.8207638,-27.6917418992223,0.0 -48.8208484,-27.6917044992223,0.0 -48.8209184,-27.6916969992223,0.0 -48.8209862,-27.6916991992223,0.0 -48.8210439,-27.6917191992223,0.0 -48.8211308,-27.6917673992223,0.0 -48.8211729,-27.6918137992223,0.0 -48.8211925,-27.6918386992223,0.0 -48.8212111,-27.6918752992223,0.0 -48.8212137,-27.6919226992223,0.0 -48.8212153,-27.6920165992223,0.0 -48.8212021,-27.6921622992223,0.0 -48.8211976,-27.6922554992223,0.0 -48.8212088,-27.6923183992223,0.0 -48.8212662,-27.6923845992223,0.0 -48.8213311,-27.6924261992223,0.0 -48.8213884,-27.6924350992223,0.0 -48.8214727,-27.6924376992223,0.0 -48.8215304,-27.6924217992223,0.0 -48.8216216,-27.6923764992223,0.0 -48.8217044,-27.6923005992223,0.0 -48.821761,-27.6922382992223,0.0 -48.8218224,-27.6921343992223,0.0 -48.8218505,-27.6920527992223,0.0 -48.8218932,-27.6919123992223,0.0 -48.8219199,-27.6918634992223,0.0 -48.8220468,-27.6917271992223,0.0 -48.8221302,-27.6916227992223,0.0 -48.8221345,-27.6916160992223,0.0 -48.8222681,-27.6914124992223,0.0 -48.8222882,-27.6913759992223,0.0 -48.8223071,-27.6913551992223,0.0 -48.8223311,-27.6913398992223,0.0 -48.8223471,-27.6913338992223,0.0 -48.8224033,-27.6913347992223,0.0 -48.8224533,-27.6913433992223,0.0 -48.8227265,-27.6914330992223,0.0 -48.8227793,-27.6914662992223,0.0 -48.8227986,-27.6914925992223,0.0 -48.8228084,-27.6915254992223,0.0 -48.8228179,-27.6915716992223,0.0 -48.8228393,-27.6916107992223,0.0 -48.8228945,-27.6916353992223,0.0 -48.8229926,-27.6916349992223,0.0 -48.8230796,-27.6916303992223,0.0 -48.8232501,-27.6915696992223,0.0 -48.8235245,-27.6914084992223,0.0 -48.8235912,-27.6913603992223,0.0 -48.8236807,-27.6913198992223,0.0 -48.8237511,-27.6913040992223,0.0 -48.8238433,-27.6912974992223,0.0 -48.823937,-27.6912989992223,0.0 -48.8240642,-27.6913238992223,0.0 -48.8241402,-27.6913551992223,0.0 -48.8242286,-27.6913934992223,0.0 -48.8243365,-27.6914667992223,0.0 -48.8245573,-27.6917014992223,0.0 -48.8246416,-27.6917992992223,0.0 -48.8246641,-27.6918249992223,0.0 -48.8246942,-27.6918468992223,0.0 -48.8247408,-27.6918489992223,0.0 -48.8247763,-27.6918437992223,0.0 -48.824853,-27.6917796992223,0.0 -48.8248966,-27.6917357992223,0.0 -48.824956,-27.6916925992223,0.0 -48.8250286,-27.6916731992223,0.0 -48.8251054,-27.6916734992223,0.0 -48.8251677,-27.6916818992223,0.0 -48.8252081,-27.6917026992223,0.0 -48.8252545,-27.6917441992223,0.0 -48.8252835,-27.6917927992223,0.0 -48.8253244,-27.6919132992223,0.0 -48.8253616,-27.6920518992223,0.0 -48.8253738,-27.6920817992223,0.0 -48.8253833,-27.6920980992223,0.0 -48.8254145,-27.6921361992223,0.0 -48.8254513,-27.6921569992223,0.0 -48.8254705,-27.6921677992223,0.0 -48.8255052,-27.6921805992223,0.0 -48.8255572,-27.6921818992223,0.0 -48.8255781,-27.6921780992223,0.0 -48.825627,-27.6921563992223,0.0 -48.8257076,-27.6920907992223,0.0 -48.8258697,-27.6919242992223,0.0 -48.8259486,-27.6918117992223,0.0 -48.8260082,-27.6917320992223,0.0 -48.8260789,-27.6915573992223,0.0 -48.8261892,-27.6911581992223,0.0 -48.8262229,-27.6909968992223,0.0 -48.8262308,-27.6908686992223,0.0 -48.8262341,-27.6907927992223,0.0 -48.8262441,-27.6907359992223,0.0 -48.8262616,-27.6907061992223,0.0 -48.826295,-27.6906797992223,0.0 -48.8263679,-27.6906545992223,0.0 -48.8264655,-27.6906384992223,0.0 -48.8265341,-27.6906298992223,0.0 -48.8266421,-27.6906315992223,0.0 -48.8266925,-27.6906339992223,0.0 -48.8267264,-27.6906521992223,0.0 -48.8267902,-27.6907012992223,0.0 -48.8269662,-27.6908358992223,0.0 -48.8270932,-27.6909740992223,0.0 -48.8273601,-27.6911797992223,0.0 -48.827669,-27.6913924992223,0.0 -48.8278431,-27.6915106992223,0.0 -48.8279613,-27.6915865992223,0.0 -48.8280414,-27.6916437992223,0.0 -48.8281454,-27.6917350992223,0.0 -48.828219,-27.6917876992223,0.0 -48.8284182,-27.6918756992223,0.0 -48.8286909,-27.6919524992223,0.0 -48.8289206,-27.6920296992223,0.0 -48.8290722,-27.6921099992223,0.0 -48.8293244,-27.6922738992223,0.0 -48.829411,-27.6923225992223,0.0 -48.8294961,-27.6923505992223,0.0 -48.8296512,-27.6923745992223,0.0 -48.8299063,-27.6924026992223,0.0 -48.8302287,-27.6924332992223,0.0 -48.8302914,-27.6924380992223,0.0 -48.8304641,-27.6924382992223,0.0 -48.8307536,-27.6924122992223,0.0 -48.8309222,-27.6923983992223,0.0 -48.8310976,-27.6924049992223,0.0 -48.8314444,-27.6924384992223,0.0 -48.8315913,-27.6924445992223,0.0 -48.8317399,-27.6924354992223,0.0 -48.8319524,-27.6924017992223,0.0 -48.832071,-27.6923947992223,0.0 -48.8321994,-27.6923967992223,0.0 -48.8323119,-27.6924099992223,0.0 -48.8324351,-27.6924575992223,0.0 -48.8328394,-27.6926698992223,0.0 -48.833024,-27.6927491992223,0.0 -48.8331606,-27.6927702992223,0.0 -48.8333348,-27.6927615992223,0.0 -48.8334799,-27.6927130992223,0.0 -48.8335948,-27.6926193992223,0.0 -48.8336734,-27.6924669992223,0.0 -48.8337284,-27.6922869992223,0.0 -48.8337354,-27.6921448992223,0.0 -48.8337299,-27.6920302992223,0.0 -48.8337172,-27.6919769992223,0.0 -48.8336736,-27.6917941992223,0.0 -48.8336757,-27.6916911992223,0.0 -48.8337215,-27.6915460992223,0.0 -48.8338082,-27.6914046992223,0.0 -48.8339141,-27.6913148992223,0.0 -48.8340534,-27.6912353992223,0.0 -48.8342272,-27.6911792992223,0.0 -48.8344081,-27.6911561992223,0.0 -48.8345641,-27.6911653992223,0.0 -48.8346667,-27.6911988992223,0.0 -48.8348813,-27.6913355992223,0.0 -48.8348957,-27.6913457992223,0.0 -48.8350094,-27.6914256992223,0.0 -48.835118,-27.6915126992223,0.0 -48.8351834,-27.6915860992223,0.0 -48.8355266,-27.6920185992223,0.0 -48.8357682,-27.6923465992223,0.0 -48.8358447,-27.6924462992223,0.0 -48.8358827,-27.6924756992223,0.0 -48.8359316,-27.6924961992223,0.0 -48.83601,-27.6925009992223,0.0 -48.8360964,-27.6925085992223,0.0 -48.836385,-27.6924968992223,0.0 -48.8364597,-27.6924854992223,0.0 -48.8365161,-27.6924800992223,0.0 -48.8365878,-27.6924695992223,0.0 -48.8366486,-27.6924472992223,0.0 -48.8366947,-27.6924094992223,0.0 -48.8367313,-27.6923418992223,0.0 -48.8367412,-27.6922963992223,0.0 -48.8367379,-27.6922102992223,0.0 -48.836709,-27.6921406992223,0.0 -48.836657,-27.6920726992223,0.0 -48.8364913,-27.6918709992223,0.0 -48.8363453,-27.6916123992223,0.0 -48.8362868,-27.6914475992223,0.0 -48.836216,-27.6911021992223,0.0 -48.8361455,-27.6908819992223,0.0 -48.8360808,-27.6907284992223,0.0 -48.8359131,-27.6904799992223,0.0 -48.8358764,-27.6903715992223,0.0 -48.8358667,-27.6902765992223,0.0 -48.8358976,-27.6901696992223,0.0 -48.835972,-27.6900590992223,0.0 -48.8360832,-27.6899584992223,0.0 -48.836313,-27.6898298992223,0.0 -48.8364781,-27.6897451992223,0.0 -48.8367109,-27.6896429992224,0.0 -48.8370208,-27.6895482992223,0.0 -48.8374492,-27.6894453992224,0.0 -48.8380206,-27.6893168992224,0.0 -48.8381152,-27.6892851992224,0.0 -48.8383738,-27.6891609992224,0.0 -48.8385412,-27.6890951992224,0.0 -48.8386967,-27.6890385992224,0.0 -48.8387776,-27.6889920992224,0.0 -48.8388175,-27.6889407992224,0.0 -48.8388393,-27.6888811992224,0.0 -48.8388941,-27.6886635992224,0.0 -48.8389166,-27.6885649992224,0.0 -48.838977,-27.6883000992224,0.0 -48.8389825,-27.6882762992224,0.0 -48.8390626,-27.6880227992224,0.0 -48.8391086,-27.6879290992224,0.0 -48.8392271,-27.6877771992224,0.0 -48.8393217,-27.6876847992224,0.0 -48.8393772,-27.6876379992224,0.0 -48.8394506,-27.6876042992224,0.0 -48.8395479,-27.6875790992224,0.0 -48.8396416,-27.6875765992224,0.0 -48.8397825,-27.6875803992224,0.0 -48.8400118,-27.6876162992224,0.0 -48.8402833,-27.6876577992224,0.0 -48.8404089,-27.6876507992224,0.0 -48.8404919,-27.6876383992224,0.0 -48.8405305,-27.6876146992224,0.0 -48.8405712,-27.6875569992224,0.0 -48.8405935,-27.6874436992224,0.0 -48.8405974,-27.6873830992224,0.0 -48.8405987,-27.6872714992224,0.0 -48.8406082,-27.6872052992224,0.0 -48.8406472,-27.6871276992224,0.0 -48.8406713,-27.6870739992224,0.0 -48.8406781,-27.6870221992224,0.0 -48.8406744,-27.6869509992224,0.0 -48.8406659,-27.6869083992224,0.0 -48.8406217,-27.6868459992224,0.0 -48.8405726,-27.6867785992224,0.0 -48.840557,-27.6867269992224,0.0 -48.8405774,-27.6866828992224,0.0 -48.8406215,-27.6866380992224,0.0 -48.8407151,-27.6866036992224,0.0 -48.8407505,-27.6865964992224,0.0 -48.8407934,-27.6865798992224,0.0 -48.8408167,-27.6865641992224,0.0 -48.8408553,-27.6865096992224,0.0 -48.8408606,-27.6864538992224,0.0 -48.8408559,-27.6863941992224,0.0 -48.8408471,-27.6863238992224,0.0 -48.8408168,-27.6861569992224,0.0 -48.8408139,-27.6860076992224,0.0 -48.8407957,-27.6857775992224,0.0 -48.8407786,-27.6856908992224,0.0 -48.8407814,-27.6856606992224,0.0 -48.8407921,-27.6856305992224,0.0 -48.8408294,-27.6855749992224,0.0 -48.8408387,-27.6855435992224,0.0 -48.840836,-27.6854972992224,0.0 -48.8408175,-27.6854508992224,0.0 -48.8405588,-27.6851427992224,0.0 -48.8401906,-27.6847748992224,0.0 -48.8398576,-27.6844045992225,0.0 -48.8398098,-27.6843338992224,0.0 -48.839702,-27.6840190992224,0.0 -48.8396837,-27.6839821992225,0.0 -48.8396015,-27.6838763992225,0.0 -48.8395596,-27.6838166992225,0.0 -48.8395468,-27.6837522992225,0.0 -48.8395477,-27.6837064992225,0.0 -48.8395481,-27.6836880992225,0.0 -48.8395623,-27.6836485992225,0.0 -48.8398673,-27.6831248992225,0.0 -48.8399852,-27.6829221992225,0.0 -48.8400406,-27.6827857992225,0.0 -48.8400959,-27.6824554992225,0.0 -48.8401537,-27.6819968992225,0.0 -48.8401682,-27.6817781992225,0.0 -48.8402029,-27.6815650992225,0.0 -48.8402297,-27.6814422992225,0.0 -48.8403016,-27.6812952992225,0.0 -48.8403682,-27.6811722992225,0.0 -48.8404531,-27.6810154992225,0.0 -48.8405888,-27.6806866992225,0.0 -48.8406894,-27.6804188992225,0.0 -48.8407642,-27.6802358992225,0.0 -48.84081,-27.6800524992225,0.0 -48.8408681,-27.6797179992225,0.0 -48.8409166,-27.6795859992225,0.0 -48.8410291,-27.6794003992225,0.0 -48.8411467,-27.6792554992225,0.0 -48.8412757,-27.6791245992225,0.0 -48.8414266,-27.6790224992225,0.0 -48.8415977,-27.6789148992226,0.0 -48.8417365,-27.6788229992226,0.0 -48.8419104,-27.6787236992226,0.0 -48.8419971,-27.6786247992226,0.0 -48.842121,-27.6784168992226,0.0 -48.8422004,-27.6783180992226,0.0 -48.842285,-27.6782605992226,0.0 -48.8425917,-27.6780660992226,0.0 -48.8427372,-27.6779852992226,0.0 -48.8428137,-27.6779474992226,0.0 -48.8430022,-27.6778515992226,0.0 -48.8431036,-27.6778096992226,0.0 -48.8432141,-27.6777837992226,0.0 -48.8432603,-27.6777784992226,0.0 -48.8433502,-27.6777808992226,0.0 -48.8434636,-27.6777746992226,0.0 -48.8435521,-27.6777629992226,0.0 -48.8436454,-27.6777359992226,0.0 -48.8438026,-27.6776682992226,0.0 -48.843951,-27.6776002992226,0.0 -48.8440472,-27.6775459992226,0.0 -48.8441433,-27.6774916992226,0.0 -48.8442813,-27.6774156992226,0.0 -48.8444794,-27.6773153992226,0.0 -48.8446823,-27.6772436992226,0.0 -48.8448568,-27.6771956992226,0.0 -48.8449485,-27.6771665992226,0.0 -48.8450618,-27.6771426992226,0.0 -48.8453932,-27.6771035992226,0.0 -48.8456808,-27.6770847992226,0.0 -48.8458404,-27.6770872992226,0.0 -48.8460758,-27.6771125992226,0.0 -48.8462281,-27.6771197992226,0.0 -48.8464217,-27.6771534992226,0.0 -48.8468384,-27.6773109992226,0.0 -48.8469772,-27.6773607992226,0.0 -48.8470717,-27.6773898992226,0.0 -48.8471222,-27.6774231992226,0.0 -48.8471703,-27.6774873992226,0.0 -48.8472142,-27.6776412992226,0.0 -48.84723,-27.6777066992226,0.0 -48.8472428,-27.6777566992226,0.0 -48.8472625,-27.6778006992226,0.0 -48.8473237,-27.6778434992226,0.0 -48.8473738,-27.6778574992226,0.0 -48.8474355,-27.6778583992226,0.0 -48.8475205,-27.6778342992226,0.0 -48.8475679,-27.6778085992226,0.0 -48.8476421,-27.6777547992226,0.0 -48.8480109,-27.6776138992226,0.0 -48.8482299,-27.6775400992226,0.0 -48.8484819,-27.6774348992226,0.0 -48.8488157,-27.6772046992226,0.0 -48.8491917,-27.6769421992226,0.0 -48.8493471,-27.6768065992226,0.0 -48.8496482,-27.6765839992226,0.0 -48.8498511,-27.6763892992226,0.0 -48.8501732,-27.6760848992226,0.0 -48.8508161,-27.6753747992226,0.0 -48.8510174,-27.6750567992226,0.0 -48.851116,-27.6749264992226,0.0 -48.8512344,-27.6748004992226,0.0 -48.8512959,-27.6746687992226,0.0 -48.8513218,-27.6745639992226,0.0 -48.8513174,-27.6745097992226,0.0 -48.8513041,-27.6744342992226,0.0 -48.851265,-27.6743648992226,0.0 -48.8511168,-27.6742640992226,0.0 -48.8506963,-27.6740137992226,0.0 -48.8505996,-27.6739618992226,0.0 -48.8505309,-27.6739498992226,0.0 -48.8504101,-27.6739186992227,0.0 -48.8502938,-27.6738544992226,0.0 -48.8501781,-27.6737757992227,0.0 -48.8500304,-27.6736395992227,0.0 -48.8499558,-27.6735614992227,0.0 -48.8499048,-27.6734340992227,0.0 -48.8498957,-27.6733222992227,0.0 -48.8499002,-27.6732093992227,0.0 -48.8499065,-27.6730581992227,0.0 -48.849939,-27.6724843992227,0.0 -48.8499651,-27.6722934992227,0.0 -48.8500139,-27.6721677992227,0.0 -48.8500503,-27.6720851992227,0.0 -48.850091,-27.6719882992227,0.0 -48.8501659,-27.6718700992227,0.0 -48.8502012,-27.6718420992227,0.0 -48.8502351,-27.6718199992227,0.0 -48.8503266,-27.6717916992227,0.0 -48.850458,-27.6717698992227,0.0 -48.8505583,-27.6717702992227,0.0 -48.8506949,-27.6717902992227,0.0 -48.8508657,-27.6718059992227,0.0 -48.8509888,-27.6718055992227,0.0 -48.8510788,-27.6717807992227,0.0 -48.8513206,-27.6716180992227,0.0 -48.8515619,-27.6714983992227,0.0 -48.8517456,-27.6714272992227,0.0 -48.8520052,-27.6713758992227,0.0 -48.8521104,-27.6713497992227,0.0 -48.8521932,-27.6713090992227,0.0 -48.8522655,-27.6712791992227,0.0 -48.8523421,-27.6712694992227,0.0 -48.8524522,-27.6712639992227,0.0 -48.8526484,-27.6712806992227,0.0 -48.8528488,-27.6712903992227,0.0 -48.852968,-27.6712921992227,0.0 -48.8532981,-27.6712858992227,0.0 -48.85341,-27.6712743992227,0.0 -48.8534968,-27.6712416992227,0.0 -48.8535885,-27.6711777992227,0.0 -48.8537656,-27.6710010992227,0.0 -48.8538759,-27.6708704992227,0.0 -48.8539626,-27.6707865992227,0.0 -48.8542203,-27.6705704992227,0.0 -48.8543284,-27.6704549992227,0.0 -48.8543815,-27.6703829992227,0.0 -48.854502,-27.6702755992227,0.0 -48.854706,-27.6700980992227,0.0 -48.8548402,-27.6699544992227,0.0 -48.854947,-27.6696933992227,0.0 -48.85503,-27.6693925992227,0.0 -48.8550627,-27.6691813992227,0.0 -48.8550778,-27.6690341992227,0.0 -48.8550921,-27.6689755992227,0.0 -48.855094,-27.6689401992227,0.0 -48.8550729,-27.6688170992227,0.0 -48.8550656,-27.6687105992227,0.0 -48.8550797,-27.6686493992227,0.0 -48.8550941,-27.6686144992227,0.0 -48.8551534,-27.6685412992227,0.0 -48.8553892,-27.6682869992227,0.0 -48.8554766,-27.6682177992228,0.0 -48.8555637,-27.6681519992228,0.0 -48.8556579,-27.6680642992228,0.0 -48.8557921,-27.6679110992228,0.0 -48.8558757,-27.6678155992228,0.0 -48.8560256,-27.6676577992228,0.0 -48.8561605,-27.6673794992228,0.0 -48.856209,-27.6671818992228,0.0 -48.8562512,-27.6669508992228,0.0 -48.8562462,-27.6667902992228,0.0 -48.8562267,-27.6666695992228,0.0 -48.8561782,-27.6666022992228,0.0 -48.8561226,-27.6665551992228,0.0 -48.8560738,-27.6665143992228,0.0 -48.8560057,-27.6664599992228,0.0 -48.8559275,-27.6663868992228,0.0 -48.8558565,-27.6663026992228,0.0 -48.8557855,-27.6662173992228,0.0 -48.8557202,-27.6661383992228,0.0 -48.8556661,-27.6660622992228,0.0 -48.8556114,-27.6659680992228,0.0 -48.8555611,-27.6658773992228,0.0 -48.8555055,-27.6657697992228,0.0 -48.8554317,-27.6656526992228,0.0 -48.8553634,-27.6655468992228,0.0 -48.8553032,-27.6654273992228,0.0 -48.8552526,-27.6653023992228,0.0 -48.8552248,-27.6651890992228,0.0 -48.8552111,-27.6651190992228,0.0 -48.8552059,-27.6650379992228,0.0 -48.8552097,-27.6649891992228,0.0 -48.8552163,-27.6649494992228,0.0 -48.8552268,-27.6649284992228,0.0 -48.8552371,-27.6649151992228,0.0 -48.8552482,-27.6649050992228,0.0 -48.8552701,-27.6648906992228,0.0 -48.8553094,-27.6648707992228,0.0 -48.8553589,-27.6648477992228,0.0 -48.8554096,-27.6648187992228,0.0 -48.8555102,-27.6647637992228,0.0 -48.8555947,-27.6647227992228,0.0 -48.85569,-27.6646812992228,0.0 -48.8557961,-27.6646372992228,0.0 -48.855917,-27.6645932992228,0.0 -48.8560232,-27.6645493992228,0.0 -48.8561285,-27.6645092992228,0.0 -48.8562273,-27.6644754992228,0.0 -48.8563588,-27.6644159992228,0.0 -48.8565011,-27.6643367992228,0.0 -48.8566073,-27.6642689992228,0.0 -48.8567352,-27.6641904992228,0.0 -48.8568501,-27.6641122992228,0.0 -48.8569535,-27.6640260992228,0.0 -48.857067,-27.6639473992228,0.0 -48.8572032,-27.6638652992228,0.0 -48.8573094,-27.6637974992228,0.0 -48.8574278,-27.6637190992228,0.0 -48.8575379,-27.6636424992228,0.0 -48.8576253,-27.6635757992228,0.0 -48.8576993,-27.6635183992228,0.0 -48.8577775,-27.6634612992228,0.0 -48.8578582,-27.6634070992228,0.0 -48.8579376,-27.6633675992228,0.0 -48.8580555,-27.6633201992228,0.0 -48.858126,-27.6632972992228,0.0 -48.8581808,-27.6632843992228,0.0 -48.8582639,-27.6632764992228,0.0 -48.8583359,-27.6632747992228,0.0 -48.8584327,-27.6632722992228,0.0 -48.8584944,-27.6632708992228,0.0 -48.8585901,-27.6632718992228,0.0 -48.8586883,-27.6632756992228,0.0 -48.8587782,-27.6632804992228,0.0 -48.8588785,-27.6632968992228,0.0 -48.8589917,-27.6633226992228,0.0 -48.8590634,-27.6633391992228,0.0 -48.8591812,-27.6633604992228,0.0 -48.8592835,-27.6633825992228,0.0 -48.8593707,-27.6633947992228,0.0 -48.8594342,-27.6633992992228,0.0 -48.8594805,-27.6633987992228,0.0 -48.8595343,-27.6633949992228,0.0 -48.859644,-27.6633726992228,0.0 -48.8597226,-27.6633584992228,0.0 -48.8597859,-27.6633433992228,0.0 -48.8598414,-27.6633305992228,0.0 -48.8598954,-27.6633273992228,0.0 -48.8599897,-27.6633242992228,0.0 -48.8600558,-27.6633286992228,0.0 -48.8601232,-27.6633325992228,0.0 -48.8602092,-27.6633373992228,0.0 -48.8602753,-27.6633372992228,0.0 -48.8603384,-27.6633324992228,0.0 -48.8604023,-27.6633197992228,0.0 -48.8604768,-27.6632923992228,0.0 -48.8605472,-27.6632502992229,0.0 -48.8606228,-27.6631756992228,0.0 -48.860636,-27.6631568992229,0.0 -48.8606737,-27.6631030992229,0.0 -48.8607118,-27.6630246992228,0.0 -48.8607665,-27.6629573992228,0.0 -48.8608404,-27.6628861992229,0.0 -48.8609242,-27.6627949992229,0.0 -48.8610074,-27.6627007992229,0.0 -48.8610937,-27.6625965992229,0.0 -48.8611343,-27.6625434992229,0.0 -48.8611545,-27.6625168992229,0.0 -48.8611748,-27.6624902992229,0.0 -48.8612299,-27.6624165992229,0.0 -48.8613245,-27.6622948992229,0.0 -48.8613981,-27.6622095992229,0.0 -48.8614874,-27.6620982992229,0.0 -48.8615468,-27.6620170992229,0.0 -48.86164,-27.6618616992229,0.0 -48.8616826,-27.6617828992229,0.0 -48.8617689,-27.6616720992229,0.0 -48.8618341,-27.6615994992229,0.0 -48.8619207,-27.6615480992229,0.0 -48.8620211,-27.6615062992229,0.0 -48.8621114,-27.6614716992229,0.0 -48.8621557,-27.6614508992229,0.0 -48.8621811,-27.6614291992229,0.0 -48.8622007,-27.6613974992229,0.0 -48.8622193,-27.6613456992229,0.0 -48.8622251,-27.6612836992229,0.0 -48.8622246,-27.6612303992229,0.0 -48.8622341,-27.6611603992229,0.0 -48.8622503,-27.6610846992229,0.0 -48.8622797,-27.6610193992229,0.0 -48.8623226,-27.6609499992229,0.0 -48.8623686,-27.6609013992229,0.0 -48.8624177,-27.6608513992229,0.0 -48.862496,-27.6607897992229,0.0 -48.8625512,-27.6607389992229,0.0 -48.8626154,-27.6606680992229,0.0 -48.8626902,-27.6605853992229,0.0 -48.8627395,-27.6605067992229,0.0 -48.8627989,-27.6604130992229,0.0 -48.8628525,-27.6603189992229,0.0 -48.8629114,-27.6602211992229,0.0 -48.8629501,-27.6601479992229,0.0 -48.8630147,-27.6600538992229,0.0 -48.8630935,-27.6599469992229,0.0 -48.8630865,-27.6599104992229,0.0 -48.8630566,-27.6598797992229,0.0 -48.8629942,-27.6598440992229,0.0 -48.8629373,-27.6598124992229,0.0 -48.8628725,-27.6597749992229,0.0 -48.8628181,-27.6597492992229,0.0 -48.8627695,-27.6597192992229,0.0 -48.8627116,-27.6596894992229,0.0 -48.8626624,-27.6596616992229,0.0 -48.8626175,-27.6596358992229,0.0 -48.8625842,-27.6596180992229,0.0 -48.8625301,-27.6595865992229,0.0 -48.8624831,-27.6595590992229,0.0 -48.8624453,-27.6595398992229,0.0 -48.8624172,-27.6595267992229,0.0 -48.8623615,-27.6594980992229,0.0 -48.8623041,-27.6594690992229,0.0 -48.862249,-27.6594428992229,0.0 -48.8622049,-27.6594183992229,0.0 -48.8621489,-27.6593860992229,0.0 -48.8621027,-27.6593579992229,0.0 -48.8620474,-27.6593219992229,0.0 -48.8619994,-27.6592934992229,0.0 -48.8619516,-27.6592598992229,0.0 -48.8619258,-27.6592395992229,0.0 -48.8618784,-27.6591999992229,0.0 -48.861839,-27.6591616992229,0.0 -48.8618063,-27.6591242992229,0.0 -48.8617839,-27.6591014992229,0.0 -48.8617498,-27.6590405992229,0.0 -48.8617484,-27.6590370992229,0.0 -48.8617239,-27.6589770992229,0.0 -48.8617101,-27.6589314992229,0.0 -48.8616973,-27.6588916992229,0.0 -48.861685,-27.6588503992229,0.0 -48.8616731,-27.6588109992229,0.0 -48.8616591,-27.6587548992229,0.0 -48.861641,-27.6587024992229,0.0 -48.8616249,-27.6586520992229,0.0 -48.8616028,-27.6585850992229,0.0 -48.8615903,-27.6585304992229,0.0 -48.861582,-27.6584895992229,0.0 -48.8615678,-27.6584242992229,0.0 -48.8615578,-27.6583780992229,0.0 -48.8615473,-27.6583133992229,0.0 -48.8615382,-27.6582471992229,0.0 -48.8615303,-27.6582019992229,0.0 -48.8615231,-27.6581226992229,0.0 -48.8615199,-27.6580840992229,0.0 -48.8615189,-27.6580400992229,0.0 -48.8615235,-27.6579849992229,0.0 -48.8615296,-27.6579365992229,0.0 -48.8615398,-27.6578971992229,0.0 -48.861555,-27.6578435992229,0.0 -48.8615729,-27.6577983992229,0.0 -48.8615959,-27.657760999223,0.0 -48.8616362,-27.6577080992229,0.0 -48.8616734,-27.657657099223,0.0 -48.8617188,-27.657595499223,0.0 -48.8617588,-27.6575418992229,0.0 -48.8617872,-27.657504999223,0.0 -48.8618262,-27.657445799223,0.0 -48.8618536,-27.657403499223,0.0 -48.8618795,-27.657361099223,0.0 -48.8618975,-27.657329599223,0.0 -48.8619191,-27.657292899223,0.0 -48.8619412,-27.657248199223,0.0 -48.8619632,-27.657209199223,0.0 -48.8619838,-27.657166999223,0.0 -48.8620023,-27.657129299223,0.0 -48.8620214,-27.657095599223,0.0 -48.8620322,-27.657064499223,0.0 -48.8620363,-27.657038799223,0.0 -48.8620378,-27.657012199223,0.0 -48.8620395,-27.656982299223,0.0 -48.8620392,-27.656960899223,0.0 -48.8620316,-27.656934599223,0.0 -48.8620233,-27.656907399223,0.0 -48.8620126,-27.656873799223,0.0 -48.8619983,-27.656844799223,0.0 -48.8619811,-27.656817399223,0.0 -48.8619612,-27.656785599223,0.0 -48.8619388,-27.656754399223,0.0 -48.8619159,-27.656729399223,0.0 -48.8618903,-27.656696499223,0.0 -48.8618561,-27.656655999223,0.0 -48.8618271,-27.656617599223,0.0 -48.8618001,-27.656584399223,0.0 -48.8617839,-27.656563099223,0.0 -48.8617675,-27.656533799223,0.0 -48.8617518,-27.656501299223,0.0 -48.8617349,-27.656457899223,0.0 -48.8617222,-27.656414499223,0.0 -48.8617123,-27.656364199223,0.0 -48.8617016,-27.656327199223,0.0 -48.8616887,-27.656280299223,0.0 -48.8616788,-27.656228099223,0.0 -48.8616651,-27.656184299223,0.0 -48.8616536,-27.656139999223,0.0 -48.8616404,-27.656091299223,0.0 -48.8616317,-27.656044099223,0.0 -48.8616184,-27.656002299223,0.0 -48.8616078,-27.655947999223,0.0 -48.861597,-27.655904599223,0.0 -48.8615825,-27.655849199223,0.0 -48.8615668,-27.655797299223,0.0 -48.8615597,-27.655756199223,0.0 -48.861552,-27.655712399223,0.0 -48.8615485,-27.655687599223,0.0 -48.8615433,-27.655663899223,0.0 -48.8615275,-27.655639299223,0.0 -48.8615077,-27.655613899223,0.0 -48.8614937,-27.655599399223,0.0 -48.8614659,-27.655580899223,0.0 -48.8614448,-27.655562599223,0.0 -48.8614311,-27.655548599223,0.0 -48.8614272,-27.655531099223,0.0 -48.8614266,-27.655515199223,0.0 -48.8614265,-27.655492099223,0.0 -48.8614255,-27.655467999223,0.0 -48.8614229,-27.655453499223,0.0 -48.8614203,-27.655443499223,0.0 -48.8614145,-27.655432399223,0.0 -48.8613987,-27.655405999223,0.0 -48.8613823,-27.655382699223,0.0 -48.8613632,-27.655356999223,0.0 -48.8613434,-27.655330799223,0.0 -48.8613233,-27.655307899223,0.0 -48.8612996,-27.655288099223,0.0 -48.8612728,-27.655261299223,0.0 -48.8612554,-27.655245399223,0.0 -48.8612204,-27.655215699223,0.0 -48.8611988,-27.655198399223,0.0 -48.8611745,-27.655181899223,0.0 -48.8611396,-27.655161699223,0.0 -48.8611116,-27.655148399223,0.0 -48.8610803,-27.655131099223,0.0 -48.8610529,-27.655119199223,0.0 -48.8610349,-27.655113299223,0.0 -48.8610022,-27.655099199223,0.0 -48.8609654,-27.655084099223,0.0 -48.8609366,-27.655074399223,0.0 -48.8609046,-27.655068899223,0.0 -48.8608742,-27.655062999223,0.0 -48.8608311,-27.655058099223,0.0 -48.8607895,-27.655053199223,0.0 -48.8607486,-27.655048699223,0.0 -48.8607187,-27.655041599223,0.0 -48.8606913,-27.655030299223,0.0 -48.8606699,-27.655019399223,0.0 -48.8606496,-27.655002599223,0.0 -48.8606382,-27.654983099223,0.0 -48.8606359,-27.654964699223,0.0 -48.8606375,-27.654949499223,0.0 -48.8606431,-27.654928599223,0.0 -48.8606525,-27.654902199223,0.0 -48.8606585,-27.654874099223,0.0 -48.8606616,-27.654850899223,0.0 -48.8606602,-27.654831899223,0.0 -48.8606502,-27.654810199223,0.0 -48.8606383,-27.654791499223,0.0 -48.8606111,-27.654767999223,0.0 -48.8605783,-27.654735199223,0.0 -48.8605467,-27.654704699223,0.0 -48.8605304,-27.654681299223,0.0 -48.8605117,-27.654650399223,0.0 -48.8605005,-27.654622299223,0.0 -48.8604948,-27.654598899223,0.0 -48.86049,-27.654554699223,0.0 -48.8604857,-27.654521499223,0.0 -48.8604787,-27.654482299223,0.0 -48.8604729,-27.654446699223,0.0 -48.8604671,-27.654416999223,0.0 -48.8604616,-27.654388499223,0.0 -48.8604513,-27.654368099223,0.0 -48.8604377,-27.654344299223,0.0 -48.8604253,-27.654328099223,0.0 -48.8604053,-27.654297399223,0.0 -48.8603855,-27.654268699223,0.0 -48.8603643,-27.654238099223,0.0 -48.8603527,-27.654226399223,0.0 -48.8603287,-27.654202199223,0.0 -48.8603025,-27.654178899223,0.0 -48.8602712,-27.654159599223,0.0 -48.8602507,-27.654149599223,0.0 -48.8602342,-27.654139299223,0.0 -48.8602086,-27.654127199223,0.0 -48.8601756,-27.654112399223,0.0 -48.8601447,-27.654098699223,0.0 -48.860121,-27.654087499223,0.0 -48.8600926,-27.654077799223,0.0 -48.8600612,-27.654065999223,0.0 -48.8600373,-27.654053699223,0.0 -48.86001,-27.654037499223,0.0 -48.8599859,-27.654022599223,0.0 -48.859969,-27.654006899223,0.0 -48.8599484,-27.653989699223,0.0 -48.8599244,-27.653966999223,0.0 -48.8599069,-27.653949199223,0.0 -48.8598851,-27.653927199223,0.0 -48.8598698,-27.653911899223,0.0 -48.8598464,-27.653889799223,0.0 -48.859821,-27.653869799223,0.0 -48.8597937,-27.653851699223,0.0 -48.8597665,-27.653841399223,0.0 -48.8597386,-27.653829399223,0.0 -48.8596945,-27.653815599223,0.0 -48.85966,-27.653806999223,0.0 -48.859624,-27.653797199223,0.0 -48.8595872,-27.653787899223,0.0 -48.8595534,-27.653777699223,0.0 -48.8595264,-27.653771299223,0.0 -48.8594985,-27.653763199223,0.0 -48.859469,-27.653755299223,0.0 -48.8594362,-27.653745499223,0.0 -48.8594,-27.653734799223,0.0 -48.8593655,-27.653725999223,0.0 -48.8593311,-27.653716599223,0.0 -48.8593058,-27.653709599223,0.0 -48.8592673,-27.653695099223,0.0 -48.859225,-27.653681499223,0.0 -48.8592006,-27.653675299223,0.0 -48.8591761,-27.653667799223,0.0 -48.8591534,-27.653660599223,0.0 -48.8591257,-27.653652299223,0.0 -48.8590989,-27.653642999223,0.0 -48.8590744,-27.653633199223,0.0 -48.8590472,-27.653622499223,0.0 -48.8590229,-27.653613399223,0.0 -48.8589984,-27.653604299223,0.0 -48.8589627,-27.653589299223,0.0 -48.8589311,-27.653578399223,0.0 -48.8588947,-27.653562599223,0.0 -48.8588597,-27.653548899223,0.0 -48.8588316,-27.653536999223,0.0 -48.8588003,-27.653518599223,0.0 -48.8587751,-27.653503799223,0.0 -48.8587345,-27.653485299223,0.0 -48.8586984,-27.653466399223,0.0 -48.8586679,-27.653449299223,0.0 -48.8586305,-27.653427799223,0.0 -48.8586002,-27.653413599223,0.0 -48.8585706,-27.653397599223,0.0 -48.8585404,-27.653380999223,0.0 -48.8585139,-27.653366499223,0.0 -48.8584836,-27.653350899223,0.0 -48.8584493,-27.653333799223,0.0 -48.8584229,-27.653320099223,0.0 -48.8584074,-27.653309199223,0.0 -48.8583834,-27.653293199223,0.0 -48.8583452,-27.653270099223,0.0 -48.858321,-27.653253999223,0.0 -48.8582958,-27.653238099223,0.0 -48.8582657,-27.653214999223,0.0 -48.8582403,-27.653198999223,0.0 -48.8581958,-27.653170899223,0.0 -48.858164,-27.653150499223,0.0 -48.8581401,-27.653135199223,0.0 -48.8581154,-27.653119799223,0.0 -48.858081,-27.653097099223,0.0 -48.8580502,-27.653075899223,0.0 -48.8580228,-27.653060299223,0.0 -48.8579861,-27.653038599223,0.0 -48.8579508,-27.653013699223,0.0 -48.8579245,-27.652994099223,0.0 -48.857904,-27.652984099223,0.0 -48.8578782,-27.652974399223,0.0 -48.8578421,-27.652964199223,0.0 -48.8578039,-27.652953299223,0.0 -48.8577778,-27.652947599223,0.0 -48.8577296,-27.652935999223,0.0 -48.8576934,-27.652927199223,0.0 -48.8576588,-27.652915899223,0.0 -48.8576161,-27.652901299223,0.0 -48.8575695,-27.652886099223,0.0 -48.8575292,-27.652875399223,0.0 -48.8575028,-27.652867499223,0.0 -48.8574668,-27.652855599223,0.0 -48.8574381,-27.652843299223,0.0 -48.8574136,-27.652833299223,0.0 -48.8573837,-27.652820099223,0.0 -48.8573554,-27.652806699223,0.0 -48.8573168,-27.652787599223,0.0 -48.8572836,-27.652772199223,0.0 -48.8572527,-27.652754999223,0.0 -48.8572127,-27.652733899223,0.0 -48.8571737,-27.652715099223,0.0 -48.8571413,-27.652692299223,0.0 -48.8571107,-27.652669699223,0.0 -48.857074,-27.652646399223,0.0 -48.8570421,-27.652624199223,0.0 -48.8570162,-27.652604599223,0.0 -48.8569917,-27.652582399223,0.0 -48.8569604,-27.652550299223,0.0 -48.856931,-27.652520799223,0.0 -48.8569016,-27.652491099223,0.0 -48.8568784,-27.652470499223,0.0 -48.8568494,-27.652450499223,0.0 -48.8568231,-27.6524291992231,0.0 -48.8568018,-27.652410499223,0.0 -48.8567766,-27.652384799223,0.0 -48.8567696,-27.652365099223,0.0 -48.8567652,-27.6523416992231,0.0 -48.8567649,-27.652315799223,0.0 -48.8567733,-27.652288399223,0.0 -48.8567829,-27.652262599223,0.0 -48.8567915,-27.6522453992231,0.0 -48.8568109,-27.6522106992231,0.0 -48.856824,-27.652182499223,0.0 -48.8568432,-27.652148499223,0.0 -48.8568549,-27.6521300992231,0.0 -48.8568715,-27.6521059992231,0.0 -48.8568929,-27.6520807992231,0.0 -48.8569029,-27.652070299223,0.0 -48.8569275,-27.6520495992231,0.0 -48.8569507,-27.6520282992231,0.0 -48.8569635,-27.6520133992231,0.0 -48.8569716,-27.6519992992231,0.0 -48.8569748,-27.6519866992231,0.0 -48.8569814,-27.6519584992231,0.0 -48.8569842,-27.6519344992231,0.0 -48.856983,-27.6519065992231,0.0 -48.8569807,-27.6518755992231,0.0 -48.8569775,-27.6518433992231,0.0 -48.8569766,-27.6518010992231,0.0 -48.856976,-27.6517522992231,0.0 -48.8569763,-27.6517112992231,0.0 -48.8569745,-27.6516751992231,0.0 -48.8569688,-27.6516335992231,0.0 -48.8569609,-27.6515993992231,0.0 -48.8569502,-27.6515579992231,0.0 -48.8569417,-27.6515119992231,0.0 -48.8569332,-27.6514850992231,0.0 -48.856917,-27.6514334992231,0.0 -48.8569082,-27.6514044992231,0.0 -48.8568898,-27.6513808992231,0.0 -48.8568672,-27.6513644992231,0.0 -48.8568522,-27.6513516992231,0.0 -48.8568055,-27.6513108992231,0.0 -48.8567729,-27.6512822992231,0.0 -48.8567521,-27.6512542992231,0.0 -48.8567442,-27.6512377992231,0.0 -48.8567367,-27.6512046992231,0.0 -48.8567287,-27.6511517992231,0.0 -48.8567238,-27.6511108992231,0.0 -48.8567184,-27.6510612992231,0.0 -48.8567164,-27.6510202992231,0.0 -48.8567169,-27.6509821992231,0.0 -48.856717,-27.6509353992231,0.0 -48.8567156,-27.6509058992231,0.0 -48.8567155,-27.6508676992231,0.0 -48.8567145,-27.6508303992231,0.0 -48.856715,-27.6507916992231,0.0 -48.8567141,-27.6507673992231,0.0 -48.8567131,-27.6507263992231,0.0 -48.856712,-27.6507069992231,0.0 -48.8567077,-27.6506765992231,0.0 -48.8566992,-27.6506540992231,0.0 -48.856693,-27.6506417992231,0.0 -48.8566728,-27.6506271992231,0.0 -48.8566464,-27.6506137992231,0.0 -48.8566144,-27.6506004992231,0.0 -48.8565804,-27.6505876992231,0.0 -48.8565505,-27.6505763992231,0.0 -48.8565075,-27.6505615992231,0.0 -48.8564692,-27.6505439992231,0.0 -48.8564328,-27.6505303992231,0.0 -48.8563853,-27.6505129992231,0.0 -48.8563499,-27.6504993992231,0.0 -48.856315,-27.6504767992231,0.0 -48.8562867,-27.6504541992231,0.0 -48.8562618,-27.6504314992231,0.0 -48.8562483,-27.6504182992231,0.0 -48.8562317,-27.6503975992231,0.0 -48.8562097,-27.6503698992231,0.0 -48.8561967,-27.6503446992231,0.0 -48.8561835,-27.6503116992231,0.0 -48.856176,-27.6502853992231,0.0 -48.8561707,-27.6502533992231,0.0 -48.8561723,-27.6502263992231,0.0 -48.8561812,-27.6502013992231,0.0 -48.8561905,-27.6501870992231,0.0 -48.8562052,-27.6501674992231,0.0 -48.8562278,-27.6501518992231,0.0 -48.8562601,-27.6501368992231,0.0 -48.8563096,-27.6501171992231,0.0 -48.8563353,-27.6501032992231,0.0 -48.8563518,-27.6500852992231,0.0 -48.8563573,-27.6500516992231,0.0 -48.8563477,-27.6500198992231,0.0 -48.8563292,-27.6499940992231,0.0 -48.8563138,-27.6499760992231,0.0 -48.8562957,-27.6499571992231,0.0 -48.8562754,-27.6499346992231,0.0 -48.8562527,-27.6499042992231,0.0 -48.8562334,-27.6498787992231,0.0 -48.8562107,-27.6498469992231,0.0 -48.8561928,-27.6498090992231,0.0 -48.8561768,-27.6497730992231,0.0 -48.8561685,-27.6497516992231,0.0 -48.8561591,-27.6497218992231,0.0 -48.8561561,-27.6496921992231,0.0 -48.8561582,-27.6496649992231,0.0 -48.8561635,-27.6496404992231,0.0 -48.8561742,-27.6496157992231,0.0 -48.8561904,-27.6495895992231,0.0 -48.8562059,-27.6495721992231,0.0 -48.8562422,-27.6495458992231,0.0 -48.8562763,-27.6495308992231,0.0 -48.8563106,-27.6495156992231,0.0 -48.8563236,-27.6495083992231,0.0 -48.8563322,-27.6494988992231,0.0 -48.8563363,-27.6494891992231,0.0 -48.8563395,-27.6494682992231,0.0 -48.8563395,-27.6494534992231,0.0 -48.8563352,-27.6494396992231,0.0 -48.8563291,-27.6494231992231,0.0 -48.8563216,-27.6494055992231,0.0 -48.8563057,-27.6493642992231,0.0 -48.8562988,-27.6493243992231,0.0 -48.8562979,-27.6493007992231,0.0 -48.8563023,-27.6492613992231,0.0 -48.8563072,-27.6492220992231,0.0 -48.8563102,-27.6491977992231,0.0 -48.8563076,-27.6491508992231,0.0 -48.8563,-27.6491322992231,0.0 -48.8562915,-27.6491165992231,0.0 -48.8562732,-27.6490977992231,0.0 -48.856247,-27.6490755992231,0.0 -48.8562173,-27.6490527992231,0.0 -48.856184,-27.6490322992231,0.0 -48.8561489,-27.6490066992231,0.0 -48.85611,-27.6489807992231,0.0 -48.8560756,-27.6489590992231,0.0 -48.8560447,-27.6489435992231,0.0 -48.8560163,-27.6489318992231,0.0 -48.8559769,-27.6489175992231,0.0 -48.8559309,-27.6488995992231,0.0 -48.8558928,-27.6488871992231,0.0 -48.8558642,-27.6488777992231,0.0 -48.8557996,-27.6488643992231,0.0 -48.855731,-27.6488510992231,0.0 -48.8556694,-27.6488408992231,0.0 -48.8556169,-27.6488284992231,0.0 -48.8555728,-27.6488188992231,0.0 -48.8555593,-27.6488177992231,0.0 -48.8555339,-27.6488169992231,0.0 -48.8555082,-27.6488176992231,0.0 -48.8554575,-27.6488179992231,0.0 -48.8554083,-27.6488190992231,0.0 -48.8553702,-27.6488179992231,0.0 -48.855342,-27.6488147992231,0.0 -48.8553112,-27.6488072992231,0.0 -48.8552867,-27.6488000992231,0.0 -48.8552517,-27.6487851992231,0.0 -48.8552301,-27.6487747992231,0.0 -48.8552069,-27.6487566992231,0.0 -48.8551909,-27.6487365992231,0.0 -48.8551756,-27.6487193992231,0.0 -48.8551535,-27.6486955992231,0.0 -48.855136,-27.6486745992231,0.0 -48.8551173,-27.6486510992231,0.0 -48.8551011,-27.6486326992231,0.0 -48.8550802,-27.6486042992231,0.0 -48.8550623,-27.6485789992231,0.0 -48.8550413,-27.6485508992231,0.0 -48.8550178,-27.6485209992231,0.0 -48.8549978,-27.6484955992231,0.0 -48.8549743,-27.6484785992231,0.0 -48.8549483,-27.6484597992231,0.0 -48.8549316,-27.6484463992231,0.0 -48.8549116,-27.6484323992231,0.0 -48.8548967,-27.6484241992231,0.0 -48.8548624,-27.6484106992231,0.0 -48.8548405,-27.6484032992231,0.0 -48.8548173,-27.6483964992231,0.0 -48.8547718,-27.6483802992231,0.0 -48.8547339,-27.6483655992231,0.0 -48.8546978,-27.6483524992231,0.0 -48.8546587,-27.6483368992231,0.0 -48.8546373,-27.6483257992231,0.0 -48.8545972,-27.6483059992231,0.0 -48.8545601,-27.6482875992231,0.0 -48.8545175,-27.6482665992231,0.0 -48.8544868,-27.6482492992231,0.0 -48.8544582,-27.6482337992231,0.0 -48.8544289,-27.6482150992231,0.0 -48.854399,-27.6481946992231,0.0 -48.8543722,-27.6481650992231,0.0 -48.8543535,-27.6481381992231,0.0 -48.8543439,-27.6481206992231,0.0 -48.8543384,-27.6480974992231,0.0 -48.8543375,-27.6480782992231,0.0 -48.8543376,-27.6480573992231,0.0 -48.8543417,-27.6480341992231,0.0 -48.8543454,-27.6480122992231,0.0 -48.8543504,-27.6479813992231,0.0 -48.8543577,-27.6479604992231,0.0 -48.8543664,-27.6479359992231,0.0 -48.8543745,-27.6479147992231,0.0 -48.85439,-27.6478817992231,0.0 -48.8543991,-27.6478598992231,0.0 -48.8544043,-27.6478450992231,0.0 -48.8544092,-27.6478288992231,0.0 -48.854409,-27.6478028992231,0.0 -48.8544066,-27.6477823992231,0.0 -48.854401,-27.6477681992231,0.0 -48.8543886,-27.6477565992231,0.0 -48.8543735,-27.6477432992231,0.0 -48.8543489,-27.6477193992231,0.0 -48.8543252,-27.6476994992231,0.0 -48.8543086,-27.6476829992231,0.0 -48.8542954,-27.6476652992231,0.0 -48.8542915,-27.6476507992231,0.0 -48.8542922,-27.6476281992231,0.0 -48.8543014,-27.6476036992231,0.0 -48.8543073,-27.6475877992231,0.0 -48.8543217,-27.6475684992231,0.0 -48.8543443,-27.6475452992231,0.0 -48.8543596,-27.6475298992231,0.0 -48.8543735,-27.6475196992231,0.0 -48.8543988,-27.6475082992231,0.0 -48.8544295,-27.6474992992231,0.0 -48.854467,-27.6474879992231,0.0 -48.8545107,-27.6474709992231,0.0 -48.8545547,-27.6474509992231,0.0 -48.8545958,-27.6474323992231,0.0 -48.8546333,-27.6474178992231,0.0 -48.8546597,-27.6474088992231,0.0 -48.8546939,-27.6473968992231,0.0 -48.8547274,-27.6473872992231,0.0 -48.854769,-27.6473768992231,0.0 -48.8548075,-27.6473648992231,0.0 -48.8548354,-27.6473563992231,0.0 -48.8548751,-27.6473413992231,0.0 -48.8549199,-27.6473241992231,0.0 -48.8549573,-27.6473093992231,0.0 -48.8549882,-27.6472985992231,0.0 -48.8550218,-27.6472835992231,0.0 -48.8550495,-27.6472704992231,0.0 -48.8550786,-27.6472565992231,0.0 -48.8550952,-27.6472481992231,0.0 -48.8551198,-27.6472348992231,0.0 -48.8551442,-27.6472201992231,0.0 -48.8551653,-27.6472061992231,0.0 -48.8551761,-27.6471955992231,0.0 -48.8551986,-27.6471746992231,0.0 -48.8552161,-27.6471551992231,0.0 -48.8552326,-27.6471404992231,0.0 -48.8552456,-27.6471292992231,0.0 -48.8552719,-27.6471132992231,0.0 -48.8552941,-27.6470971992232,0.0 -48.8553184,-27.6470795992232,0.0 -48.8553365,-27.6470672992231,0.0 -48.8553564,-27.6470562992232,0.0 -48.8553769,-27.6470462992231,0.0 -48.8553985,-27.6470321992231,0.0 -48.8554154,-27.6470129992231,0.0 -48.8554238,-27.6469926992232,0.0 -48.8554299,-27.6469749992231,0.0 -48.8554384,-27.6469488992232,0.0 -48.8554463,-27.6469227992231,0.0 -48.8554508,-27.6469027992232,0.0 -48.855454,-27.6468856992232,0.0 -48.8554574,-27.6468668992231,0.0 -48.8554604,-27.6468493992232,0.0 -48.8554628,-27.6468345992231,0.0 -48.8554643,-27.6468249992231,0.0 -48.8554684,-27.6468080992232,0.0 -48.8554727,-27.6467906992232,0.0 -48.8554756,-27.6467770992231,0.0 -48.8554781,-27.6467593992231,0.0 -48.8554806,-27.6467362992232,0.0 -48.8554811,-27.6467183992232,0.0 -48.8554801,-27.6466997992232,0.0 -48.8554792,-27.6466885992232,0.0 -48.8554783,-27.6466651992232,0.0 -48.855477,-27.6466522992232,0.0 -48.8554753,-27.6466343992232,0.0 -48.8554737,-27.6466126992232,0.0 -48.8554725,-27.6465920992232,0.0 -48.8554709,-27.6465706992232,0.0 -48.8554681,-27.6465559992232,0.0 -48.8554623,-27.6465337992231,0.0 -48.8554531,-27.6465048992232,0.0 -48.8554454,-27.6464849992231,0.0 -48.8554383,-27.6464590992232,0.0 -48.8554283,-27.6464284992232,0.0 -48.8554173,-27.6464056992232,0.0 -48.8554097,-27.6463793992232,0.0 -48.8553996,-27.6463523992232,0.0 -48.8553919,-27.6463390992232,0.0 -48.8553833,-27.6463207992232,0.0 -48.8553723,-27.6462973992232,0.0 -48.8553589,-27.6462767992232,0.0 -48.8553432,-27.6462503992232,0.0 -48.8553301,-27.6462361992232,0.0 -48.8553063,-27.6462107992232,0.0 -48.8552914,-27.6461951992232,0.0 -48.8552725,-27.6461786992232,0.0 -48.8552463,-27.6461552992232,0.0 -48.855226,-27.6461355992232,0.0 -48.8552056,-27.6461191992232,0.0 -48.8551842,-27.6461010992232,0.0 -48.8551629,-27.6460848992232,0.0 -48.8551378,-27.6460635992232,0.0 -48.8551161,-27.6460505992232,0.0 -48.855098,-27.6460353992232,0.0 -48.8550704,-27.6460149992232,0.0 -48.8550501,-27.6460021992232,0.0 -48.8550457,-27.6460002992232,0.0 -48.8550362,-27.6459982992232,0.0 -48.8550288,-27.6459974992232,0.0 -48.8550213,-27.6459967992232,0.0 -48.8550134,-27.6459972992232,0.0 -48.8550052,-27.6459983992232,0.0 -48.8549981,-27.6460001992232,0.0 -48.8549915,-27.6460033992232,0.0 -48.8549797,-27.6460124992232,0.0 -48.8549661,-27.6460251992232,0.0 -48.8549538,-27.6460370992232,0.0 -48.8549447,-27.6460448992232,0.0 -48.8549187,-27.6460643992232,0.0 -48.8548912,-27.6460868992232,0.0 -48.854866,-27.6461020992232,0.0 -48.8548513,-27.6461100992232,0.0 -48.8548334,-27.6461141992232,0.0 -48.8548091,-27.6461150992232,0.0 -48.854773,-27.6461170992232,0.0 -48.8547408,-27.6461190992232,0.0 -48.8547105,-27.6461224992232,0.0 -48.8546819,-27.6461255992232,0.0 -48.8546579,-27.6461297992232,0.0 -48.8546285,-27.6461333992232,0.0 -48.8546114,-27.6461345992232,0.0 -48.8545958,-27.6461348992232,0.0 -48.8545831,-27.6461344992232,0.0 -48.8545652,-27.6461336992232,0.0 -48.8545488,-27.6461321992232,0.0 -48.8545314,-27.6461299992232,0.0 -48.854512,-27.6461268992232,0.0 -48.8544939,-27.6461237992232,0.0 -48.8544809,-27.6461229992232,0.0 -48.8544707,-27.6461228992232,0.0 -48.8544626,-27.6461236992232,0.0 -48.8544468,-27.6461275992232,0.0 -48.8544287,-27.6461341992232,0.0 -48.8544101,-27.6461391992232,0.0 -48.8543853,-27.6461458992232,0.0 -48.8543611,-27.6461509992232,0.0 -48.8543441,-27.6461532992232,0.0 -48.8543283,-27.6461560992232,0.0 -48.8543114,-27.6461587992232,0.0 -48.8542895,-27.6461624992232,0.0 -48.8542718,-27.6461656992232,0.0 -48.8542549,-27.6461681992232,0.0 -48.8542338,-27.6461714992232,0.0 -48.8542213,-27.6461726992232,0.0 -48.8542052,-27.6461731992232,0.0 -48.8541918,-27.6461733992232,0.0 -48.8541723,-27.6461735992232,0.0 -48.8541591,-27.6461744992232,0.0 -48.8541415,-27.6461748992232,0.0 -48.854117,-27.6461791992232,0.0 -48.854099,-27.6461821992232,0.0 -48.8540793,-27.6461873992232,0.0 -48.8540599,-27.6461917992232,0.0 -48.8540382,-27.6461964992232,0.0 -48.8540175,-27.6462012992232,0.0 -48.8539933,-27.6462070992232,0.0 -48.8539711,-27.6462122992232,0.0 -48.8539424,-27.6462189992232,0.0 -48.8539143,-27.6462258992232,0.0 -48.8538816,-27.6462334992232,0.0 -48.8538563,-27.6462389992232,0.0 -48.8538276,-27.6462453992232,0.0 -48.8537982,-27.6462523992232,0.0 -48.8537792,-27.6462570992232,0.0 -48.8537525,-27.6462644992232,0.0 -48.8537291,-27.6462677992232,0.0 -48.8537188,-27.6462682992232,0.0 -48.8537104,-27.6462666992232,0.0 -48.8537024,-27.6462633992232,0.0 -48.8536913,-27.6462574992232,0.0 -48.8536802,-27.6462520992232,0.0 -48.8536707,-27.6462460992232,0.0 -48.8536605,-27.6462385992232,0.0 -48.8536482,-27.6462294992232,0.0 -48.8536409,-27.6462236992232,0.0 -48.8536297,-27.6462155992232,0.0 -48.8536174,-27.6462070992232,0.0 -48.853607,-27.6461990992232,0.0 -48.8535958,-27.6461905992232,0.0 -48.8535853,-27.6461830992232,0.0 -48.8535769,-27.6461766992232,0.0 -48.8535681,-27.6461699992232,0.0 -48.8535576,-27.6461620992232,0.0 -48.8535449,-27.6461525992232,0.0 -48.8535339,-27.6461435992232,0.0 -48.8535266,-27.6461377992232,0.0 -48.8535145,-27.6461296992232,0.0 -48.8535032,-27.6461230992232,0.0 -48.8534955,-27.6461187992232,0.0 -48.8534807,-27.6461110992232,0.0 -48.8534703,-27.6461057992232,0.0 -48.8534521,-27.6460957992232,0.0 -48.8534373,-27.6460882992232,0.0 -48.8534223,-27.6460817992232,0.0 -48.8534087,-27.6460756992232,0.0 -48.8533994,-27.6460714992232,0.0 -48.8533845,-27.6460656992232,0.0 -48.8533693,-27.6460589992232,0.0 -48.8533565,-27.6460532992232,0.0 -48.8533397,-27.6460463992232,0.0 -48.8533224,-27.6460388992232,0.0 -48.8533074,-27.6460320992232,0.0 -48.8532966,-27.6460284992232,0.0 -48.853286,-27.6460265992232,0.0 -48.8532789,-27.6460260992232,0.0 -48.8532672,-27.6460256992232,0.0 -48.8532603,-27.6460255992232,0.0 -48.8532486,-27.6460262992232,0.0 -48.8532353,-27.6460279992232,0.0 -48.8532184,-27.6460297992232,0.0 -48.8531931,-27.6460322992232,0.0 -48.8531692,-27.6460349992232,0.0 -48.8531482,-27.6460380992232,0.0 -48.8531261,-27.6460415992232,0.0 -48.8531082,-27.6460433992232,0.0 -48.853091,-27.6460431992232,0.0 -48.8530761,-27.6460412992232,0.0 -48.8530634,-27.6460365992232,0.0 -48.8530501,-27.6460292992232,0.0 -48.8530379,-27.6460199992232,0.0 -48.8530292,-27.6460136992232,0.0 -48.8530179,-27.6460029992232,0.0 -48.8530066,-27.6459937992232,0.0 -48.8529914,-27.6459811992232,0.0 -48.8529776,-27.6459698992232,0.0 -48.8529624,-27.6459568992232,0.0 -48.8529483,-27.6459468992232,0.0 -48.8529352,-27.6459378992232,0.0 -48.8529245,-27.6459323992232,0.0 -48.8529068,-27.6459253992232,0.0 -48.8528892,-27.6459172992232,0.0 -48.8528741,-27.6459098992232,0.0 -48.8528603,-27.6459013992232,0.0 -48.8528458,-27.6458924992232,0.0 -48.852828,-27.6458800992232,0.0 -48.8528112,-27.6458671992232,0.0 -48.8527981,-27.6458568992232,0.0 -48.8527846,-27.6458464992232,0.0 -48.8527731,-27.6458365992232,0.0 -48.8527593,-27.6458251992232,0.0 -48.8527421,-27.6458107992232,0.0 -48.8527294,-27.6457992992232,0.0 -48.8527156,-27.6457867992232,0.0 -48.8527072,-27.6457771992232,0.0 -48.8526974,-27.6457658992232,0.0 -48.85269,-27.6457543992232,0.0 -48.852684,-27.6457437992232,0.0 -48.8526806,-27.6457362992232,0.0 -48.8526785,-27.6457273992232,0.0 -48.8526777,-27.6457191992232,0.0 -48.8526787,-27.6457094992232,0.0 -48.8526802,-27.6456966992232,0.0 -48.8526817,-27.6456836992232,0.0 -48.8526838,-27.6456731992232,0.0 -48.8526881,-27.6456593992232,0.0 -48.8526944,-27.6456452992232,0.0 -48.8526994,-27.6456336992232,0.0 -48.8527082,-27.6456190992232,0.0 -48.8527158,-27.6456077992232,0.0 -48.8527244,-27.6455978992232,0.0 -48.8527351,-27.6455868992232,0.0 -48.852746,-27.6455805992232,0.0 -48.8527586,-27.6455739992232,0.0 -48.8527684,-27.6455703992232,0.0 -48.852778,-27.6455682992232,0.0 -48.8527877,-27.6455670992232,0.0 -48.8528057,-27.6455657992232,0.0 -48.8528233,-27.6455641992232,0.0 -48.8528413,-27.6455618992232,0.0 -48.8528611,-27.6455576992232,0.0 -48.8528803,-27.6455533992232,0.0 -48.8528922,-27.6455502992232,0.0 -48.8529158,-27.6455426992232,0.0 -48.8529488,-27.6455334992232,0.0 -48.8529831,-27.6455238992232,0.0 -48.8530091,-27.6455155992232,0.0 -48.8530487,-27.6455054992232,0.0 -48.8530776,-27.6454958992232,0.0 -48.8530999,-27.6454860992232,0.0 -48.8531186,-27.6454704992232,0.0 -48.8531303,-27.6454565992232,0.0 -48.8531389,-27.6454423992232,0.0 -48.8531415,-27.6454277992232,0.0 -48.8531428,-27.6454042992232,0.0 -48.8531422,-27.6453823992232,0.0 -48.8531397,-27.6453615992232,0.0 -48.8531379,-27.6453387992232,0.0 -48.8531365,-27.6453177992232,0.0 -48.8531361,-27.6453016992232,0.0 -48.8531373,-27.6452763992232,0.0 -48.8531412,-27.6452560992232,0.0 -48.8531484,-27.6452291992232,0.0 -48.8531599,-27.6451960992232,0.0 -48.8531699,-27.6451667992232,0.0 -48.8531776,-27.6451402992232,0.0 -48.8531867,-27.6451117992232,0.0 -48.8531938,-27.6450853992232,0.0 -48.8531988,-27.6450609992232,0.0 -48.8531981,-27.6450366992232,0.0 -48.8531944,-27.6450147992232,0.0 -48.8531851,-27.6449947992232,0.0 -48.8531682,-27.6449753992232,0.0 -48.8531516,-27.6449599992232,0.0 -48.8531385,-27.6449470992232,0.0 -48.8531162,-27.6449292992232,0.0 -48.8530974,-27.6449175992232,0.0 -48.8530736,-27.6449023992232,0.0 -48.8530496,-27.6448874992232,0.0 -48.8530244,-27.6448702992232,0.0 -48.853002,-27.6448552992232,0.0 -48.8529811,-27.6448426992232,0.0 -48.8529578,-27.6448271992232,0.0 -48.8529389,-27.6448141992232,0.0 -48.852911,-27.6447956992232,0.0 -48.8528849,-27.6447784992232,0.0 -48.8528625,-27.6447655992232,0.0 -48.852842,-27.6447548992232,0.0 -48.8528167,-27.6447431992232,0.0 -48.8527956,-27.6447336992232,0.0 -48.8527708,-27.6447227992232,0.0 -48.8527441,-27.6447107992232,0.0 -48.8527197,-27.6447008992232,0.0 -48.8526946,-27.6446883992232,0.0 -48.8526632,-27.6446754992232,0.0 -48.8526334,-27.6446630992232,0.0 -48.8526069,-27.6446528992232,0.0 -48.8525723,-27.6446403992232,0.0 -48.8525379,-27.6446272992232,0.0 -48.8525065,-27.6446160992232,0.0 -48.8524818,-27.6446087992232,0.0 -48.8524524,-27.6446006992232,0.0 -48.8524287,-27.6445946992232,0.0 -48.8524084,-27.6445893992232,0.0 -48.8523831,-27.6445868992232,0.0 -48.8523666,-27.6445855992232,0.0 -48.8523492,-27.6445849992232,0.0 -48.852329,-27.6445847992232,0.0 -48.8523097,-27.6445860992232,0.0 -48.852279,-27.6445884992232,0.0 -48.8522403,-27.6445933992232,0.0 -48.8522188,-27.6445934992232,0.0 -48.8521983,-27.6445922992232,0.0 -48.8521844,-27.6445877992232,0.0 -48.8521714,-27.6445795992232,0.0 -48.8521631,-27.6445700992232,0.0 -48.8521555,-27.6445608992232,0.0 -48.8521465,-27.6445472992232,0.0 -48.8521399,-27.6445347992232,0.0 -48.8521348,-27.6445240992232,0.0 -48.85213,-27.6445118992232,0.0 -48.8521246,-27.6444978992232,0.0 -48.8521176,-27.6444809992232,0.0 -48.852111,-27.6444643992232,0.0 -48.8521061,-27.6444489992232,0.0 -48.8521025,-27.6444327992232,0.0 -48.8520979,-27.6444128992232,0.0 -48.8520934,-27.6443906992232,0.0 -48.85209,-27.6443757992232,0.0 -48.8520847,-27.6443532992232,0.0 -48.85208,-27.6443333992232,0.0 -48.8520769,-27.6443148992232,0.0 -48.8520735,-27.6442970992232,0.0 -48.8520702,-27.6442827992232,0.0 -48.8520671,-27.6442631992232,0.0 -48.8520631,-27.6442415992232,0.0 -48.8520591,-27.6442242992232,0.0 -48.8520561,-27.6442079992232,0.0 -48.8520519,-27.6441871992232,0.0 -48.8520457,-27.6441621992232,0.0 -48.8520411,-27.6441411992232,0.0 -48.8520368,-27.6441191992232,0.0 -48.8520325,-27.6441021992232,0.0 -48.8520283,-27.6440823992232,0.0 -48.8520231,-27.6440631992232,0.0 -48.852018,-27.6440478992232,0.0 -48.8520139,-27.6440313992232,0.0 -48.8520085,-27.6440166992232,0.0 -48.8520025,-27.6440063992232,0.0 -48.8519973,-27.6439953992232,0.0 -48.8519877,-27.6439758992232,0.0 -48.8519794,-27.6439582992232,0.0 -48.8519686,-27.6439376992232,0.0 -48.8519623,-27.6439265992232,0.0 -48.8519535,-27.6439068992232,0.0 -48.8519471,-27.6438892992232,0.0 -48.8519405,-27.6438739992232,0.0 -48.8519327,-27.6438555992232,0.0 -48.8519285,-27.6438423992232,0.0 -48.8519268,-27.6438255992232,0.0 -48.8519246,-27.6438075992232,0.0 -48.8519208,-27.6437853992232,0.0 -48.8519158,-27.6437586992232,0.0 -48.8519121,-27.6437302992232,0.0 -48.8519096,-27.6437127992232,0.0 -48.8519055,-27.6436894992232,0.0 -48.8518962,-27.6436673992232,0.0 -48.851887,-27.6436431992232,0.0 -48.8518745,-27.6436152992232,0.0 -48.8518615,-27.6435903992232,0.0 -48.8518521,-27.6435738992232,0.0 -48.851839,-27.6435502992232,0.0 -48.8518275,-27.6435314992232,0.0 -48.8518157,-27.6435126992232,0.0 -48.8518006,-27.6434886992232,0.0 -48.8517792,-27.6434565992232,0.0 -48.8517631,-27.6434268992232,0.0 -48.8517409,-27.6433915992232,0.0 -48.851723,-27.6433673992232,0.0 -48.8517124,-27.6433576992232,0.0 -48.8516973,-27.6433500992232,0.0 -48.851672,-27.6433454992232,0.0 -48.851641,-27.6433399992232,0.0 -48.8516151,-27.6433355992232,0.0 -48.8515649,-27.6433285992232,0.0 -48.8515084,-27.6433200992232,0.0 -48.8514613,-27.6433125992232,0.0 -48.8514211,-27.6433069992232,0.0 -48.8513815,-27.6432991992232,0.0 -48.8513376,-27.6432890992232,0.0 -48.8513042,-27.6432747992232,0.0 -48.8512613,-27.6432543992232,0.0 -48.8512154,-27.6432326992232,0.0 -48.8511777,-27.6432096992232,0.0 -48.8511391,-27.6431883992232,0.0 -48.8511089,-27.6431678992232,0.0 -48.8510805,-27.6431424992232,0.0 -48.8510552,-27.6431154992232,0.0 -48.8510399,-27.6430967992232,0.0 -48.8510143,-27.6430635992232,0.0 -48.8509944,-27.6430440992232,0.0 -48.8509736,-27.6430219992232,0.0 -48.850946,-27.6429975992232,0.0 -48.8509207,-27.6429783992232,0.0 -48.8508976,-27.6429579992232,0.0 -48.8508721,-27.6429316992232,0.0 -48.8508473,-27.6429006992232,0.0 -48.8508301,-27.6428795992232,0.0 -48.8508087,-27.6428502992232,0.0 -48.8507912,-27.6428304992232,0.0 -48.8507725,-27.6428055992232,0.0 -48.8507553,-27.6427844992232,0.0 -48.8507438,-27.6427701992232,0.0 -48.8507224,-27.6427454992232,0.0 -48.8507053,-27.6427232992232,0.0 -48.8506892,-27.6427011992232,0.0 -48.8506712,-27.6426784992232,0.0 -48.8506604,-27.6426626992232,0.0 -48.850647,-27.6426408992232,0.0 -48.8506336,-27.6426216992232,0.0 -48.8506239,-27.6426077992232,0.0 -48.8506135,-27.6425933992232,0.0 -48.8506021,-27.6425761992232,0.0 -48.8505964,-27.6425655992232,0.0 -48.850586,-27.6425490992232,0.0 -48.8505771,-27.6425326992232,0.0 -48.8505704,-27.6425163992232,0.0 -48.8505633,-27.6424971992232,0.0 -48.8505593,-27.6424850992232,0.0 -48.8505527,-27.6424656992232,0.0 -48.8505487,-27.6424527992232,0.0 -48.8505441,-27.6424294992232,0.0 -48.8505419,-27.6424106992232,0.0 -48.8505424,-27.6423855992232,0.0 -48.8505436,-27.6423653992232,0.0 -48.8505468,-27.6423432992232,0.0 -48.8505472,-27.6423211992232,0.0 -48.8505472,-27.6422976992232,0.0 -48.8505447,-27.6422754992232,0.0 -48.8505375,-27.6422554992232,0.0 -48.8505277,-27.6422403992232,0.0 -48.8505048,-27.6422257992232,0.0 -48.850489,-27.6422178992232,0.0 -48.8504632,-27.6422119992232,0.0 -48.8504359,-27.6422078992232,0.0 -48.8504025,-27.6422009992232,0.0 -48.8503779,-27.6421931992232,0.0 -48.8503543,-27.6421827992232,0.0 -48.8503271,-27.6421711992232,0.0 -48.8502997,-27.6421561992232,0.0 -48.8502697,-27.6421415992232,0.0 -48.8502358,-27.6421220992232,0.0 -48.8502011,-27.6421045992232,0.0 -48.8501612,-27.6420827992232,0.0 -48.8501283,-27.6420634992232,0.0 -48.8500871,-27.6420378992232,0.0 -48.850039,-27.6420089992232,0.0 -48.8499957,-27.6419898992232,0.0 -48.8499545,-27.6419777992232,0.0 -48.8499171,-27.6419661992232,0.0 -48.8498864,-27.6419599992232,0.0 -48.8498592,-27.6419547992232,0.0 -48.8498293,-27.6419507992232,0.0 -48.849801,-27.6419446992232,0.0 -48.8497711,-27.6419364992232,0.0 -48.8497455,-27.6419289992232,0.0 -48.8497234,-27.6419193992232,0.0 -48.8496919,-27.6419046992232,0.0 -48.8496681,-27.6418932992232,0.0 -48.8496311,-27.6418748992232,0.0 -48.8495989,-27.6418613992232,0.0 -48.8495677,-27.6418497992232,0.0 -48.8495438,-27.6418397992232,0.0 -48.8495212,-27.6418287992232,0.0 -48.8494969,-27.6418164992232,0.0 -48.8494813,-27.6418088992232,0.0 -48.8494695,-27.6418004992232,0.0 -48.8494577,-27.6417910992232,0.0 -48.8494417,-27.6417798992233,0.0 -48.8494257,-27.6417667992232,0.0 -48.849414,-27.6417584992232,0.0 -48.8493864,-27.6417467992232,0.0 -48.849369,-27.6417411992232,0.0 -48.8493392,-27.6417386992232,0.0 -48.8493071,-27.6417395992232,0.0 -48.8492651,-27.6417386992232,0.0 -48.8492236,-27.6417398992232,0.0 -48.8492001,-27.6417401992232,0.0 -48.8491547,-27.6417412992232,0.0 -48.84913,-27.6417397992233,0.0 -48.8491156,-27.6417381992233,0.0 -48.8490997,-27.6417335992232,0.0 -48.8490885,-27.6417267992232,0.0 -48.8490772,-27.6417121992232,0.0 -48.8490622,-27.6416910992232,0.0 -48.8490498,-27.6416674992232,0.0 -48.8490392,-27.6416406992232,0.0 -48.8490289,-27.6416134992232,0.0 -48.8490253,-27.6415976992232,0.0 -48.8490234,-27.6415639992233,0.0 -48.8490252,-27.6415412992232,0.0 -48.8490281,-27.6415240992233,0.0 -48.8490342,-27.6415061992233,0.0 -48.8490411,-27.6414911992233,0.0 -48.84905,-27.6414741992233,0.0 -48.8490597,-27.6414523992232,0.0 -48.8490693,-27.6414334992232,0.0 -48.8490766,-27.6414153992233,0.0 -48.8490813,-27.6413957992233,0.0 -48.8490846,-27.6413782992233,0.0 -48.8490856,-27.6413573992233,0.0 -48.8490886,-27.6413357992233,0.0 -48.849092,-27.6413194992233,0.0 -48.8491003,-27.6412981992233,0.0 -48.849109,-27.6412811992233,0.0 -48.8491181,-27.6412635992233,0.0 -48.8491269,-27.6412489992233,0.0 -48.8491371,-27.6412306992233,0.0 -48.8491451,-27.6412165992232,0.0 -48.8491536,-27.6411983992233,0.0 -48.8491622,-27.6411811992232,0.0 -48.8491734,-27.6411606992233,0.0 -48.849183,-27.6411395992233,0.0 -48.8491933,-27.6411156992232,0.0 -48.8492043,-27.6410940992233,0.0 -48.8492154,-27.6410762992233,0.0 -48.8492322,-27.6410539992233,0.0 -48.8492506,-27.6410329992233,0.0 -48.849265,-27.6410167992233,0.0 -48.8492823,-27.6409987992233,0.0 -48.8493314,-27.6408307992233,0.0 -48.8493619,-27.6406377992233,0.0 -48.8493573,-27.6405372992233,0.0 -48.8493454,-27.6404999992233,0.0 -48.8493292,-27.6404736992233,0.0 -48.8493014,-27.6404538992233,0.0 -48.849292,-27.6404471992233,0.0 -48.8492506,-27.6404298992233,0.0 -48.8492109,-27.6404292992233,0.0 -48.8491461,-27.6404321992233,0.0 -48.849115,-27.6404205992233,0.0 -48.8490345,-27.6403618992233,0.0 -48.8488767,-27.6403113992233,0.0 -48.8485923,-27.6402145992233,0.0 -48.8484721,-27.6401627992233,0.0 -48.8484351,-27.6401268992233,0.0 -48.8484108,-27.6400800992233,0.0 -48.8483946,-27.6400500992233,0.0 -48.8483532,-27.6400290992233,0.0 -48.848295,-27.6400152992233,0.0 -48.8482792,-27.6400160992233,0.0 -48.8482657,-27.6400167992233,0.0 -48.8481396,-27.6400633992233,0.0 -48.8481004,-27.6400834992233,0.0 -48.8480048,-27.6401322992233,0.0 -48.8478932,-27.6401902992233,0.0 -48.847866,-27.6401935992233,0.0 -48.8478514,-27.6401896992233,0.0 -48.8478223,-27.6401818992233,0.0 -48.8478145,-27.6401538992233,0.0 -48.8478093,-27.6400868992233,0.0 -48.8478168,-27.6400144992233,0.0 -48.8478108,-27.6399975992233,0.0 -48.8477965,-27.6399843992233,0.0 -48.8477814,-27.6399841992233,0.0 -48.8477777,-27.6399841992233,0.0 -48.8477001,-27.6400016992233,0.0 -48.8475829,-27.6400186992233,0.0 -48.8474986,-27.6401010992233,0.0 -48.8474347,-27.6401745992233,0.0 -48.8473729,-27.6402518992233,0.0 -48.8472965,-27.6403233992233,0.0 -48.8471884,-27.6404185992233,0.0 -48.8470129,-27.6405445992233,0.0 -48.8468586,-27.6406489992233,0.0 -48.8468553,-27.6406510992233,0.0 -48.8467169,-27.6407361992233,0.0 -48.8465187,-27.6408310992233,0.0 -48.8463771,-27.6409139992233,0.0 -48.8463287,-27.6409444992233,0.0 -48.8462331,-27.6409843992233,0.0 -48.8461994,-27.6409881992233,0.0 -48.8461603,-27.6409836992233,0.0 -48.8460834,-27.6409698992233,0.0 -48.8458609,-27.6409227992233,0.0 -48.8458137,-27.6409007992233,0.0 -48.8457757,-27.6408756992233,0.0 -48.8457463,-27.6408420992233,0.0 -48.8457017,-27.6407682992233,0.0 -48.8456701,-27.6407089992233,0.0 -48.8455881,-27.6405514992233,0.0 -48.8455239,-27.6404716992233,0.0 -48.8454711,-27.6404213992233,0.0 -48.8454289,-27.6403944992233,0.0 -48.8453642,-27.6403745992233,0.0 -48.8452682,-27.6403690992233,0.0 -48.8451509,-27.6403819992233,0.0 -48.8450433,-27.6403963992233,0.0 -48.8449732,-27.6403969992233,0.0 -48.8447735,-27.6403621992233,0.0 -48.8446729,-27.6403466992233,0.0 -48.8446217,-27.6403415992233,0.0 -48.8445966,-27.6403390992233,0.0 -48.8445368,-27.6403486992233,0.0 -48.8445072,-27.6403574992233,0.0 -48.844473,-27.6403793992233,0.0 -48.8444353,-27.6404042992233,0.0 -48.844383,-27.6404570992233,0.0 -48.8443311,-27.6405166992233,0.0 -48.8442952,-27.6405565992233,0.0 -48.8442687,-27.6405792992233,0.0 -48.8442433,-27.6405875992233,0.0 -48.8441767,-27.6405900992233,0.0 -48.8441577,-27.6405897992233,0.0 -48.8441398,-27.6405803992233,0.0 -48.8441085,-27.6405638992233,0.0 -48.8440955,-27.6405505992233,0.0 -48.8440855,-27.6405285992233,0.0 -48.8440592,-27.6404812992233,0.0 -48.8440407,-27.6404634992233,0.0 -48.8439948,-27.6404145992233,0.0 -48.8439851,-27.6404022992233,0.0 -48.8439587,-27.6403689992233,0.0 -48.8439306,-27.6403384992233,0.0 -48.8439109,-27.6403106992233,0.0 -48.843886,-27.6402352992233,0.0 -48.8438657,-27.6401693992233,0.0 -48.843837,-27.6401382992233,0.0 -48.84383,-27.6401343992233,0.0 -48.8437806,-27.6401210992233,0.0 -48.8437589,-27.6401193992233,0.0 -48.8437229,-27.6400962992233,0.0 -48.8436703,-27.6400378992233,0.0 -48.8436238,-27.6399515992233,0.0 -48.8435822,-27.6398690992233,0.0 -48.8435719,-27.6398294992233,0.0 -48.8435815,-27.6397734992233,0.0 -48.8436369,-27.6396789992233,0.0 -48.8436551,-27.6396492992233,0.0 -48.8436606,-27.6396231992233,0.0 -48.8436205,-27.6395681992233,0.0 -48.8435858,-27.6395194992233,0.0 -48.8435504,-27.6394751992233,0.0 -48.8435246,-27.6394365992233,0.0 -48.8434997,-27.6393880992233,0.0 -48.8434702,-27.6393600992233,0.0 -48.8434425,-27.6393416992233,0.0 -48.8434336,-27.6393356992233,0.0 -48.8434062,-27.6393058992233,0.0 -48.8433855,-27.6392624992233,0.0 -48.8433574,-27.6391839992233,0.0 -48.8433558,-27.6391794992233,0.0 -48.8433428,-27.6391349992233,0.0 -48.8433488,-27.6390869992233,0.0 -48.8433384,-27.6390474992233,0.0 -48.8432825,-27.6389802992233,0.0 -48.8432348,-27.6389344992233,0.0 -48.8431898,-27.6388911992233,0.0 -48.8431419,-27.6388391992233,0.0 -48.8431039,-27.6387829992233,0.0 -48.8430538,-27.6386727992233,0.0 -48.8430314,-27.6386411992233,0.0 -48.8430023,-27.6386225992233,0.0 -48.8429933,-27.6386179992233,0.0 -48.8429738,-27.6386132992233,0.0 -48.8429222,-27.6386029992233,0.0 -48.8429023,-27.6385959992233,0.0 -48.8428644,-27.6385826992233,0.0 -48.8428222,-27.6385581992233,0.0 -48.8427942,-27.6385251992233,0.0 -48.8427802,-27.6384949992233,0.0 -48.8427808,-27.6384650992233,0.0 -48.8428105,-27.6384230992233,0.0 -48.8428506,-27.6383875992233,0.0 -48.8429402,-27.6383304992233,0.0 -48.8429835,-27.6383044992233,0.0 -48.8430178,-27.6382775992233,0.0 -48.8430396,-27.6382404992233,0.0 -48.8430506,-27.6381894992233,0.0 -48.8430494,-27.6381507992233,0.0 -48.8429907,-27.6380547992233,0.0 -48.842973,-27.6380257992233,0.0 -48.8428508,-27.6378462992233,0.0 -48.8428449,-27.6378293992233,0.0 -48.8428538,-27.6378063992233,0.0 -48.842878,-27.6377918992233,0.0 -48.8429033,-27.6377854992233,0.0 -48.8429183,-27.6377756992233,0.0 -48.8429256,-27.6377602992233,0.0 -48.8429219,-27.6377407992233,0.0 -48.8428889,-27.6377089992233,0.0 -48.8428824,-27.6377049992233,0.0 -48.8428246,-27.6376697992233,0.0 -48.8427297,-27.6376499992233,0.0 -48.842506,-27.6375994992233,0.0 -48.8424898,-27.6375957992233,0.0 -48.8424523,-27.6375835992233,0.0 -48.8423582,-27.6375528992233,0.0 -48.8422992,-27.6375299992233,0.0 -48.8422246,-27.6374780992233,0.0 -48.8421841,-27.6374423992233,0.0 -48.8421402,-27.6373991992233,0.0 -48.8420593,-27.6373464992233,0.0 -48.8420283,-27.6373228992233,0.0 -48.842013,-27.6373053992233,0.0 -48.8420051,-27.6372961992233,0.0 -48.8419899,-27.6372534992233,0.0 -48.8419275,-27.6370650992233,0.0 -48.8419094,-27.6369991992233,0.0 -48.8419048,-27.6369898992233,0.0 -48.8418819,-27.6369431992233,0.0 -48.8418518,-27.6369076992233,0.0 -48.841814,-27.6368776992233,0.0 -48.8417614,-27.6368473992233,0.0 -48.8417139,-27.6368307992233,0.0 -48.8416974,-27.6368249992233,0.0 -48.8416813,-27.6368203992233,0.0 -48.8416406,-27.6367933992233,0.0 -48.841629,-27.6367800992233,0.0 -48.8416196,-27.6367592992233,0.0 -48.8416217,-27.6367287992233,0.0 -48.8416336,-27.6366977992233,0.0 -48.8416341,-27.6366764992233,0.0 -48.8416269,-27.6366545992233,0.0 -48.8416256,-27.6366527992233,0.0 -48.8416153,-27.6366393992233,0.0 -48.8416042,-27.6366328992233,0.0 -48.8415853,-27.6366331992233,0.0 -48.8415683,-27.6366384992233,0.0 -48.8415557,-27.6366382992233,0.0 -48.8415391,-27.6366279992233,0.0 -48.8414771,-27.6365494992233,0.0 -48.841461,-27.6365192992233,0.0 -48.8414586,-27.6364998992233,0.0 -48.8414641,-27.6364730992233,0.0 -48.8414766,-27.6364458992233,0.0 -48.8415007,-27.6364031992234,0.0 -48.8415152,-27.6363534992234,0.0 -48.8415271,-27.6363224992233,0.0 -48.8415535,-27.6363010992233,0.0 -48.8415755,-27.6362877992234,0.0 -48.8415951,-27.6362599992233,0.0 -48.8416011,-27.6362420992233,0.0 -48.8415943,-27.6362019992233,0.0 -48.8415595,-27.6361245992234,0.0 -48.8415349,-27.6360685992233,0.0 -48.8415191,-27.6360195992234,0.0 -48.8415219,-27.6359914992234,0.0 -48.8415237,-27.6359702992234,0.0 -48.8415171,-27.6359539992234,0.0 -48.8414972,-27.6359342992234,0.0 -48.84145,-27.6359159992234,0.0 -48.8413408,-27.6358740992234,0.0 -48.8412657,-27.6358470992234,0.0 -48.841199,-27.6358227992234,0.0 -48.8411294,-27.6357978992234,0.0 -48.8410596,-27.6357528992234,0.0 -48.8410073,-27.6357094992234,0.0 -48.840956,-27.6356530992234,0.0 -48.840947,-27.6356439992234,0.0 -48.8409183,-27.6354658992234,0.0 -48.8409048,-27.6353242992234,0.0 -48.8409077,-27.6351940992234,0.0 -48.8409297,-27.6350529992234,0.0 -48.8409347,-27.6349209992234,0.0 -48.840914,-27.6347288992234,0.0 -48.8409059,-27.6346599992234,0.0 -48.8409034,-27.6346393992234,0.0 -48.8408835,-27.6345962992234,0.0 -48.8408571,-27.6345641992234,0.0 -48.8407573,-27.6344469992234,0.0 -48.8405959,-27.6342840992234,0.0 -48.8404225,-27.6340967992234,0.0 -48.8403818,-27.6340457992234,0.0 -48.840325,-27.6339703992234,0.0 -48.8401916,-27.6337089992234,0.0 -48.840185,-27.6336306992234,0.0 -48.8401991,-27.6335602992234,0.0 -48.8402231,-27.6335159992234,0.0 -48.8402789,-27.6334462992234,0.0 -48.8403053,-27.6333909992234,0.0 -48.8403318,-27.6333262992234,0.0 -48.8403442,-27.6332390992234,0.0 -48.8403465,-27.6331367992234,0.0 -48.8403263,-27.6330098992234,0.0 -48.8402471,-27.6328167992234,0.0 -48.8401839,-27.6326537992234,0.0 -48.8401528,-27.6325489992234,0.0 -48.840147,-27.6324371992234,0.0 -48.8401613,-27.6323592992234,0.0 -48.8401707,-27.6323092992234,0.0 -48.8401953,-27.6322407992234,0.0 -48.8402454,-27.6321467992234,0.0 -48.8403847,-27.6318980992234,0.0 -48.8405008,-27.6316600992234,0.0 -48.8405951,-27.6316040992234,0.0 -48.8407324,-27.6315428992234,0.0 -48.8409202,-27.6314633992234,0.0 -48.8411369,-27.6313715992234,0.0 -48.8416585,-27.6310813992234,0.0 -48.8419355,-27.6308505992234,0.0 -48.8421338,-27.6306246992234,0.0 -48.8422277,-27.6304324992235,0.0 -48.8432471,-27.6299701992235,0.0 -48.8433597,-27.6299093992235,0.0 -48.8434644,-27.6298528992235,0.0 -48.8437113,-27.6296916992235,0.0 -48.843966,-27.6294986992235,0.0 -48.8443088,-27.6292052992235,0.0 -48.8446086,-27.6289174992235,0.0 -48.8447783,-27.6286846992235,0.0 -48.844832,-27.6285263992235,0.0 -48.8448678,-27.6282020992235,0.0 -48.8449723,-27.6276877992235,0.0 -48.84506,-27.6274242992235,0.0 -48.8449545,-27.6267037992235,0.0 -48.8448276,-27.6263004992235,0.0 -48.8448221,-27.6262796992235,0.0 -48.8447785,-27.6261439992235,0.0 -48.8447656,-27.6261029992235,0.0 -48.8447563,-27.6260667992235,0.0 -48.8447038,-27.6258603992235,0.0 -48.8446274,-27.6255605992235,0.0 -48.844564,-27.6253113992236,0.0 -48.8445282,-27.6251710992236,0.0 -48.8091129,-27.6216498992236,0.0 -48.8090955,-27.6216483992236,0.0 -48.7481005,-27.6155837992237,0.0</coordinates>
</LinearRing>
</outerBoundaryIs>
</Polygon>
</MultiGeometry>
</Placemark>
<Placemark id="13. Referência">
<name>TI - Morro dos Cavalos [50635]</name>
<visibility>0</visibility>
<snippet> </snippet>
<description>&lt;center&gt;&lt;table&gt;&lt;tr&gt;&lt;th colspan='2' align='center'&gt;&lt;em&gt;Attributes&lt;/em&gt;&lt;/th&gt;&lt;/tr&gt;&lt;tr bgcolor="#E3E3F3"&gt;
&lt;th&gt;COD_TI&lt;/th&gt;
&lt;td&gt;50635&lt;/td&gt;
&lt;/tr&gt;&lt;tr bgcolor=""&gt;
&lt;th&gt;NOM_TI&lt;/th&gt;
&lt;td&gt;Morro dos Cavalos&lt;/td&gt;
&lt;/tr&gt;&lt;/table&gt;&lt;/center&gt;</description>
<Style>
<IconStyle>
<scale>0.7</scale>
</IconStyle>
<LabelStyle>
<scale>0.7</scale>
</LabelStyle>
<LineStyle>
<color>ff00aaaa</color>
<width>3</width>
<gx:labelVisibility>1</gx:labelVisibility>
</LineStyle>
<PolyStyle>
<color>3300aaaa</color>
</PolyStyle>
</Style>
<ExtendedData>
<SchemaData schemaUrl="#kml_schema_ft_Terra_Indígena">
<SimpleData name="COD_TI">50635</SimpleData>
<SimpleData name="NOM_TI">Morro dos Cavalos</SimpleData>
</SchemaData>
</ExtendedData>
<MultiGeometry>
<Polygon>
<extrude>0</extrude>
<tessellate>1</tessellate>
<outerBoundaryIs>
<LinearRing>
<coordinates>-48.6808229770086,-27.7606317714811,0.0 -48.680712748,-27.7606068812209,0.0 -48.680233169,-27.760464784221,0.0 -48.6800804910444,-27.7604025821027,0.0 -48.6802332,-27.760464799221,0.0 -48.6807127,-27.760606899221,0.0 -48.6808229770086,-27.7606317714811,0.0</coordinates>
</LinearRing>
</outerBoundaryIs>
</Polygon>
<Polygon>
<extrude>0</extrude>
<tessellate>1</tessellate>
<outerBoundaryIs>
<LinearRing>
<coordinates>-48.6794108067908,-27.7599694652144,0.0 -48.679327297,-27.7598963942209,0.0 -48.6793183552541,-27.7598869360865,0.0 -48.6793273,-27.759896399221,0.0 -48.6794108067908,-27.7599694652144,0.0</coordinates>
</LinearRing>
</outerBoundaryIs>
</Polygon>
<Polygon>
<extrude>0</extrude>
<tessellate>1</tessellate>
<outerBoundaryIs>
<LinearRing>
<coordinates>-48.6791933855206,-27.7597547493134,0.0 -48.6790494109999,-27.7596024602209,0.0 -48.6783910967912,-27.7594107972237,0.0 -48.6783911,-27.759410799221,0.0 -48.6790494,-27.759602499221,0.0 -48.6791933855206,-27.7597547493134,0.0</coordinates>
</LinearRing>
</outerBoundaryIs>
</Polygon>
</MultiGeometry>
</Placemark>
</Folder>
</Document></kml>
