<?xml version='1.0' encoding='UTF-8'?>
<kml xmlns:xsd="http://www.w3.org/2001/XMLSchema" xmlns:gx="http://www.google.com/kml/ext/2.2" xmlns:atom="http://www.w3.org/2005/Atom" xmlns="http://www.opengis.net/kml/2.2">
<Document>
<name>sao_bonifacio_4215901_localidades_2022</name>
<visibility>1</visibility>
<Schema name="01. Cidade" id="kml_schema_ft_01._Cidade">
<SimpleField type="xsd:string" name="CD_UF">
<displayName>CD_UF</displayName>
</SimpleField>
<SimpleField type="xsd:string" name="NM_UF">
<displayName>NM_UF</displayName>
</SimpleField>
<SimpleField type="xsd:string" name="SIGLA_UF">
<displayName>SIGLA_UF</displayName>
</SimpleField>
<SimpleField type="xsd:string" name="CD_MUN">
<displayName>CD_MUN</displayName>
</SimpleField>
<SimpleField type="xsd:string" name="NM_MUN">
<displayName>NM_MUN</displayName>
</SimpleField>
<SimpleField type="xsd:string" name="CD_RGINT">
<displayName>CD_RGINT</displayName>
</SimpleField>
<SimpleField type="xsd:string" name="NM_RGINT">
<displayName>NM_RGINT</displayName>
</SimpleField>
<SimpleField type="xsd:string" name="CD_RGI">
<displayName>CD_RGI</displayName>
</SimpleField>
<SimpleField type="xsd:string" name="NM_RGI">
<displayName>NM_RGI</displayName>
</SimpleField>
<SimpleField type="xsd:string" name="CT_LOCALIDADE">
<displayName>CT_LOCALIDADE</displayName>
</SimpleField>
<SimpleField type="xsd:string" name="SCT_LOCALIDADE">
<displayName>SCT_LOCALIDADE</displayName>
</SimpleField>
<SimpleField type="xsd:string" name="CD_LOCALIDADE">
<displayName>CD_LOCALIDADE</displayName>
</SimpleField>
<SimpleField type="xsd:string" name="NM_LOCALIDADE">
<displayName>NM_LOCALIDADE</displayName>
</SimpleField>
<SimpleField type="xsd:string" name="LAT_LOCALIDADE">
<displayName>LAT_LOCALIDADE</displayName>
</SimpleField>
<SimpleField type="xsd:string" name="LONG_LOCALIDADE">
<displayName>LONG_LOCALIDADE</displayName>
</SimpleField>
</Schema>
<Schema name="Município" id="kml_schema_ft_Município">
<SimpleField type="xsd:string" name="CD_UF">
<displayName>CD_UF</displayName>
</SimpleField>
<SimpleField type="xsd:string" name="NM_UF">
<displayName>NM_UF</displayName>
</SimpleField>
<SimpleField type="xsd:string" name="CD_MUN">
<displayName>CD_MUN</displayName>
</SimpleField>
<SimpleField type="xsd:string" name="NM_MUN">
<displayName>NM_MUN</displayName>
</SimpleField>
<SimpleField type="xsd:string" name="CD_RGINT">
<displayName>CD_RGINT</displayName>
</SimpleField>
<SimpleField type="xsd:string" name="NM_RGINT">
<displayName>NM_RGINT</displayName>
</SimpleField>
<SimpleField type="xsd:string" name="CD_RGI">
<displayName>CD_RGI</displayName>
</SimpleField>
<SimpleField type="xsd:string" name="NM_RGI">
<displayName>NM_RGI</displayName>
</SimpleField>
</Schema>
<Folder id="01. Cidade">
<name>01. Cidade</name>
<Folder id="01.03. Sede Municipal">
<name>01.03. Sede Municipal</name>
<Placemark id="01.03. Sede Municipal">
<name>São Bonifácio [4215901]</name>
<visibility>1</visibility>
<snippet> </snippet>
<description>&lt;center&gt;&lt;table&gt;&lt;tr&gt;&lt;th colspan='2' align='center'&gt;&lt;em&gt;Atributos&lt;/em&gt;&lt;/th&gt;&lt;/tr&gt;&lt;tr bgcolor="#E3E3F3"&gt;
&lt;th&gt;CD_UF&lt;/th&gt;
&lt;td&gt;42&lt;/td&gt;
&lt;/tr&gt;&lt;tr bgcolor=""&gt;
&lt;th&gt;NM_UF&lt;/th&gt;
&lt;td&gt;Santa Catarina&lt;/td&gt;
&lt;/tr&gt;&lt;tr bgcolor="#E3E3F3"&gt;
&lt;th&gt;SIGLA_UF&lt;/th&gt;
&lt;td&gt;SC&lt;/td&gt;
&lt;/tr&gt;&lt;tr bgcolor=""&gt;
&lt;th&gt;CD_MUN&lt;/th&gt;
&lt;td&gt;4215901&lt;/td&gt;
&lt;/tr&gt;&lt;tr bgcolor="#E3E3F3"&gt;
&lt;th&gt;NM_MUN&lt;/th&gt;
&lt;td&gt;São Bonifácio&lt;/td&gt;
&lt;/tr&gt;&lt;tr bgcolor=""&gt;
&lt;th&gt;CD_RGINT&lt;/th&gt;
&lt;td&gt;4201&lt;/td&gt;
&lt;/tr&gt;&lt;tr bgcolor="#E3E3F3"&gt;
&lt;th&gt;NM_RGINT&lt;/th&gt;
&lt;td&gt;Florianópolis&lt;/td&gt;
&lt;/tr&gt;&lt;tr bgcolor=""&gt;
&lt;th&gt;CD_RGI&lt;/th&gt;
&lt;td&gt;420001&lt;/td&gt;
&lt;/tr&gt;&lt;tr bgcolor="#E3E3F3"&gt;
&lt;th&gt;NM_RGI&lt;/th&gt;
&lt;td&gt;Florianópolis&lt;/td&gt;
&lt;/tr&gt;&lt;tr bgcolor=""&gt;
&lt;th&gt;CT_LOCALIDADE&lt;/th&gt;
&lt;td&gt;Cidade&lt;/td&gt;
&lt;/tr&gt;&lt;tr bgcolor="#E3E3F3"&gt;
&lt;th&gt;SCT_LOCALIDADE&lt;/th&gt;
&lt;td&gt;Sede Municipal&lt;/td&gt;
&lt;/tr&gt;&lt;tr bgcolor=""&gt;
&lt;th&gt;CD_LOCALIDADE&lt;/th&gt;
&lt;td&gt;4215901&lt;/td&gt;
&lt;/tr&gt;&lt;tr bgcolor="#E3E3F3"&gt;
&lt;th&gt;NM_LOCALIDADE&lt;/th&gt;
&lt;td&gt;São Bonifácio&lt;/td&gt;
&lt;/tr&gt;&lt;tr bgcolor=""&gt;
&lt;th&gt;LAT_LOCALIDADE&lt;/th&gt;
&lt;td&gt;-27.9009&lt;/td&gt;
&lt;/tr&gt;&lt;tr bgcolor="#E3E3F3"&gt;
&lt;th&gt;LONG_LOCALIDADE&lt;/th&gt;
&lt;td&gt;-48.9303&lt;/td&gt;
&lt;/tr&gt;&lt;/table&gt;&lt;/center&gt;</description>
<Style>
<IconStyle>
<color>ff00aaff</color>
<scale>1.0</scale>
<Icon>
<href>http://maps.google.com/mapfiles/kml/shapes/placemark_circle.png</href>
</Icon>
</IconStyle>
<LabelStyle>
<scale>1.0</scale>
</LabelStyle>
<LineStyle>
<color>ffffffff</color>
<width>3</width>
<gx:labelVisibility>1</gx:labelVisibility>
</LineStyle>
<PolyStyle>
<color>00ffffff</color>
</PolyStyle>
</Style>
<ExtendedData>
<SchemaData schemaUrl="#kml_schema_ft_01._Cidade">
<SimpleData name="CD_UF">42</SimpleData>
<SimpleData name="NM_UF">Santa Catarina</SimpleData>
<SimpleData name="SIGLA_UF">SC</SimpleData>
<SimpleData name="CD_MUN">4215901</SimpleData>
<SimpleData name="NM_MUN">São Bonifácio</SimpleData>
<SimpleData name="CD_RGINT">4201</SimpleData>
<SimpleData name="NM_RGINT">Florianópolis</SimpleData>
<SimpleData name="CD_RGI">420001</SimpleData>
<SimpleData name="NM_RGI">Florianópolis</SimpleData>
<SimpleData name="CT_LOCALIDADE">Cidade</SimpleData>
<SimpleData name="SCT_LOCALIDADE">Sede Municipal</SimpleData>
<SimpleData name="CD_LOCALIDADE">4215901</SimpleData>
<SimpleData name="NM_LOCALIDADE">São Bonifácio</SimpleData>
<SimpleData name="LAT_LOCALIDADE">-27.9009</SimpleData>
<SimpleData name="LONG_LOCALIDADE">-48.9303</SimpleData>
</SchemaData>
</ExtendedData>
<Point>
<extrude>0</extrude>
<coordinates>-48.930292,-27.9008999992184,0.0</coordinates>
</Point>
</Placemark>
</Folder>
</Folder>
<Folder id="13. Referência">
<name>13. Referência</name>
<Placemark id="13. Referência">
<name>São Bonifácio [4215901]</name>
<visibility>1</visibility>
<snippet> </snippet>
<description>&lt;center&gt;&lt;table&gt;&lt;tr&gt;&lt;th colspan='2' align='center'&gt;&lt;em&gt;Attributes&lt;/em&gt;&lt;/th&gt;&lt;/tr&gt;&lt;tr bgcolor="#E3E3F3"&gt;
&lt;th&gt;CD_UF&lt;/th&gt;
&lt;td&gt;42&lt;/td&gt;
&lt;/tr&gt;&lt;tr bgcolor=""&gt;
&lt;th&gt;NM_UF&lt;/th&gt;
&lt;td&gt;Santa Catarina&lt;/td&gt;
&lt;/tr&gt;&lt;tr bgcolor="#E3E3F3"&gt;
&lt;th&gt;CD_MUN&lt;/th&gt;
&lt;td&gt;4215901&lt;/td&gt;
&lt;/tr&gt;&lt;tr bgcolor=""&gt;
&lt;th&gt;NM_MUN&lt;/th&gt;
&lt;td&gt;São Bonifácio&lt;/td&gt;
&lt;/tr&gt;&lt;tr bgcolor="#E3E3F3"&gt;
&lt;th&gt;CD_RGINT&lt;/th&gt;
&lt;td&gt;4201&lt;/td&gt;
&lt;/tr&gt;&lt;tr bgcolor=""&gt;
&lt;th&gt;NM_RGINT&lt;/th&gt;
&lt;td&gt;Florianópolis&lt;/td&gt;
&lt;/tr&gt;&lt;tr bgcolor="#E3E3F3"&gt;
&lt;th&gt;CD_RGI&lt;/th&gt;
&lt;td&gt;420001&lt;/td&gt;
&lt;/tr&gt;&lt;tr bgcolor=""&gt;
&lt;th&gt;NM_RGI&lt;/th&gt;
&lt;td&gt;Florianópolis&lt;/td&gt;
&lt;/tr&gt;&lt;/table&gt;&lt;/center&gt;</description>
<Style>
<IconStyle>
<scale>0.7</scale>
</IconStyle>
<LabelStyle>
<scale>0.7</scale>
</LabelStyle>
<LineStyle>
<color>ffffffff</color>
<width>3</width>
<gx:labelVisibility>1</gx:labelVisibility>
</LineStyle>
<PolyStyle>
<color>00ffffff</color>
</PolyStyle>
</Style>
<ExtendedData>
<SchemaData schemaUrl="#kml_schema_ft_Município">
<SimpleData name="CD_UF">42</SimpleData>
<SimpleData name="NM_UF">Santa Catarina</SimpleData>
<SimpleData name="CD_MUN">4215901</SimpleData>
<SimpleData name="NM_MUN">São Bonifácio</SimpleData>
<SimpleData name="CD_RGINT">4201</SimpleData>
<SimpleData name="NM_RGINT">Florianópolis</SimpleData>
<SimpleData name="CD_RGI">420001</SimpleData>
<SimpleData name="NM_RGI">Florianópolis</SimpleData>
</SchemaData>
</ExtendedData>
<MultiGeometry>
<Polygon>
<extrude>0</extrude>
<tessellate>1</tessellate>
<outerBoundaryIs>
<LinearRing>
<coordinates>-48.9749219,-28.0791025992152,0.0 -48.974841,-28.0789739992152,0.0 -48.974822,-28.0789167992152,0.0 -48.9748014,-28.0788475992152,0.0 -48.974805,-28.0787274992152,0.0 -48.9748333,-28.0785630992152,0.0 -48.9748415,-28.0785144992152,0.0 -48.9748595,-28.0784911992152,0.0 -48.9748828,-28.0784801992152,0.0 -48.9749012,-28.0784777992152,0.0 -48.9749238,-28.0784841992152,0.0 -48.9750026,-28.0785232992152,0.0 -48.975076,-28.0785634992152,0.0 -48.9750978,-28.0785637992152,0.0 -48.9751249,-28.0785577992152,0.0 -48.9751453,-28.0785428992152,0.0 -48.9751604,-28.0785082992152,0.0 -48.9751613,-28.0784634992152,0.0 -48.9751236,-28.0783860992152,0.0 -48.9750675,-28.0783135992152,0.0 -48.9750509,-28.0782830992152,0.0 -48.9750476,-28.0782420992152,0.0 -48.9750574,-28.0781961992152,0.0 -48.9750673,-28.0781803992152,0.0 -48.9751167,-28.0781344992152,0.0 -48.9752097,-28.0781018992152,0.0 -48.9752658,-28.0780984992152,0.0 -48.975307,-28.0781123992152,0.0 -48.9753242,-28.0781236992152,0.0 -48.9753388,-28.0781486992152,0.0 -48.9753386,-28.0781929992152,0.0 -48.9753308,-28.0782444992152,0.0 -48.9753265,-28.0783299992152,0.0 -48.9753419,-28.0783582992152,0.0 -48.9753774,-28.0783958992152,0.0 -48.9754141,-28.0784109992152,0.0 -48.9754387,-28.0784112992152,0.0 -48.9754704,-28.0784014992152,0.0 -48.9755161,-28.0783705992152,0.0 -48.9756054,-28.0782940992152,0.0 -48.9756908,-28.0782632992152,0.0 -48.9757165,-28.0782549992152,0.0 -48.9757552,-28.0782348992152,0.0 -48.9757851,-28.0782049992152,0.0 -48.9757985,-28.0781469992152,0.0 -48.97583,-28.0780018992152,0.0 -48.9758754,-28.0779232992152,0.0 -48.9759444,-28.0778556992152,0.0 -48.9760248,-28.0778075992152,0.0 -48.9761567,-28.0777529992152,0.0 -48.976288,-28.0777209992152,0.0 -48.9763993,-28.0776960992152,0.0 -48.9764511,-28.0776733992152,0.0 -48.9764937,-28.0776217992152,0.0 -48.9764896,-28.0774860992152,0.0 -48.9764941,-28.0773996992152,0.0 -48.9765116,-28.0773352992152,0.0 -48.976616,-28.0770526992152,0.0 -48.9766274,-28.0770228992152,0.0 -48.976641,-28.0769947992152,0.0 -48.9766821,-28.0769603992152,0.0 -48.9767493,-28.0769400992152,0.0 -48.9769115,-28.0769042992152,0.0 -48.9770314,-28.0768977992152,0.0 -48.9770861,-28.0768979992152,0.0 -48.9771382,-28.0769089992152,0.0 -48.9771617,-28.0769185992152,0.0 -48.977194,-28.0769403992152,0.0 -48.9772114,-28.0769742992152,0.0 -48.9772323,-28.0770295992152,0.0 -48.9772532,-28.0770679992152,0.0 -48.9772722,-28.0770830992152,0.0 -48.9773121,-28.0770919992152,0.0 -48.9773821,-28.0770911992152,0.0 -48.9774426,-28.0770672992152,0.0 -48.9775384,-28.0770302992152,0.0 -48.9775792,-28.0770243992152,0.0 -48.9776278,-28.0770267992152,0.0 -48.9776522,-28.0770413992152,0.0 -48.9776592,-28.0770580992152,0.0 -48.9776692,-28.0770936992152,0.0 -48.9776514,-28.0771548992152,0.0 -48.9776492,-28.0772421992152,0.0 -48.9776477,-28.0772846992152,0.0 -48.9776694,-28.0773382992152,0.0 -48.9777118,-28.0773559992152,0.0 -48.9777901,-28.0773736992152,0.0 -48.9778847,-28.0773774992152,0.0 -48.9780528,-28.0773580992152,0.0 -48.9781649,-28.0773561992152,0.0 -48.978301,-28.0774032992152,0.0 -48.97837,-28.0774562992152,0.0 -48.9784149,-28.0775172992152,0.0 -48.9784435,-28.0775947992152,0.0 -48.9784517,-28.0776296992152,0.0 -48.9784892,-28.0776858992152,0.0 -48.9785264,-28.0777018992152,0.0 -48.9785944,-28.0777064992152,0.0 -48.9786373,-28.0776958992152,0.0 -48.978743,-28.0776382992152,0.0 -48.9789734,-28.0775250992152,0.0 -48.9792993,-28.0773617992152,0.0 -48.9794987,-28.0772574992152,0.0 -48.9796098,-28.0771632992152,0.0 -48.9796683,-28.0770408992152,0.0 -48.9797303,-28.0769702992152,0.0 -48.979781,-28.0769458992152,0.0 -48.9798258,-28.0769376992152,0.0 -48.9798546,-28.0769327992152,0.0 -48.9798687,-28.0769281992152,0.0 -48.9799084,-28.0769057992152,0.0 -48.979921,-28.0768757992152,0.0 -48.9799265,-28.0768338992152,0.0 -48.9798848,-28.0767067992152,0.0 -48.9798852,-28.0766519992152,0.0 -48.97989,-28.0766079992152,0.0 -48.9798949,-28.0765639992152,0.0 -48.9799179,-28.0765070992152,0.0 -48.9799611,-28.0764467992152,0.0 -48.9800307,-28.0763972992152,0.0 -48.980128,-28.0763231992152,0.0 -48.9801791,-28.0762988992152,0.0 -48.9802188,-28.0762758992152,0.0 -48.9802552,-28.0762531992152,0.0 -48.9802814,-28.0762274992152,0.0 -48.9802922,-28.0761986992152,0.0 -48.9802914,-28.0761683992152,0.0 -48.9802829,-28.0761450992152,0.0 -48.9802196,-28.0761092992152,0.0 -48.9801577,-28.0760861992152,0.0 -48.9800756,-28.0760526992152,0.0 -48.9800171,-28.0760099992152,0.0 -48.9799267,-28.0759211992152,0.0 -48.9798743,-28.0758667992152,0.0 -48.9798378,-28.0758429992152,0.0 -48.9797571,-28.0757887992152,0.0 -48.9796642,-28.0757457992152,0.0 -48.9796135,-28.0757325992152,0.0 -48.979542,-28.0757269992152,0.0 -48.979503,-28.0757135992152,0.0 -48.979473,-28.0756935992152,0.0 -48.9794481,-28.0756505992152,0.0 -48.9794252,-28.0755772992152,0.0 -48.979396,-28.0754328992152,0.0 -48.9793634,-28.0753468992152,0.0 -48.9793582,-28.0753022992152,0.0 -48.9793595,-28.0752591992152,0.0 -48.9793675,-28.0752298992152,0.0 -48.9793848,-28.0752061992152,0.0 -48.9794056,-28.0751906992152,0.0 -48.9794399,-28.0751824992152,0.0 -48.9794913,-28.0751807992152,0.0 -48.9795709,-28.0751960992152,0.0 -48.9796402,-28.0752032992152,0.0 -48.9796644,-28.0752094992152,0.0 -48.9796963,-28.0752227992152,0.0 -48.9797277,-28.0752464992152,0.0 -48.9797592,-28.0752854992152,0.0 -48.979787,-28.0752982992152,0.0 -48.9798288,-28.0753039992152,0.0 -48.9798872,-28.0753035992152,0.0 -48.9799092,-28.0753018992152,0.0 -48.9799347,-28.0752868992152,0.0 -48.9799542,-28.0752672992152,0.0 -48.9799814,-28.0752146992152,0.0 -48.9800082,-28.0751079992152,0.0 -48.9800085,-28.0750439992152,0.0 -48.9800016,-28.0750123992152,0.0 -48.9799729,-28.0749754992152,0.0 -48.9799269,-28.0749333992152,0.0 -48.9799202,-28.0749127992152,0.0 -48.9799067,-28.0748876992152,0.0 -48.9798882,-28.0748741992152,0.0 -48.9798674,-28.0748655992152,0.0 -48.9798492,-28.0748631992152,0.0 -48.9798197,-28.0748669992152,0.0 -48.9797712,-28.0748723992152,0.0 -48.9797331,-28.0748635992152,0.0 -48.9797156,-28.0748500992152,0.0 -48.9796993,-28.0748228992152,0.0 -48.9796951,-28.0747970992152,0.0 -48.9796955,-28.0747506992152,0.0 -48.9797138,-28.0747200992152,0.0 -48.9797425,-28.0746853992152,0.0 -48.9797719,-28.0746600992152,0.0 -48.9798366,-28.0746331992152,0.0 -48.9799314,-28.0746105992152,0.0 -48.9799994,-28.0746048992152,0.0 -48.980027,-28.0746065992152,0.0 -48.980074,-28.0746163992152,0.0 -48.980099,-28.0746288992152,0.0 -48.9801301,-28.0746668992152,0.0 -48.9801807,-28.0747601992152,0.0 -48.9802256,-28.0748093992152,0.0 -48.980393,-28.0749316992152,0.0 -48.9804287,-28.0749572992152,0.0 -48.9804401,-28.0749625992152,0.0 -48.9804514,-28.0749679992152,0.0 -48.9804771,-28.0749695992152,0.0 -48.9805324,-28.0749629992152,0.0 -48.9806216,-28.0749405992152,0.0 -48.9806961,-28.0749113992152,0.0 -48.9807478,-28.0749021992152,0.0 -48.9808332,-28.0748967992152,0.0 -48.9809446,-28.0749108992152,0.0 -48.9810364,-28.0749263992152,0.0 -48.9810973,-28.0749251992152,0.0 -48.9811461,-28.0749134992152,0.0 -48.9812689,-28.0748774992152,0.0 -48.98142,-28.0748672992152,0.0 -48.9815881,-28.0748697992152,0.0 -48.9816319,-28.0748733992152,0.0 -48.9816607,-28.0748786992152,0.0 -48.9816971,-28.0748950992152,0.0 -48.9817317,-28.0749439992152,0.0 -48.9817776,-28.0750395992152,0.0 -48.9818666,-28.0752342992152,0.0 -48.9819496,-28.0753690992152,0.0 -48.9819967,-28.0754319992152,0.0 -48.9820335,-28.0754860992152,0.0 -48.9821205,-28.0756126992152,0.0 -48.9822201,-28.0756866992152,0.0 -48.9823287,-28.0757289992152,0.0 -48.9824556,-28.0757760992152,0.0 -48.9825825,-28.0758367992152,0.0 -48.982805,-28.0760074992152,0.0 -48.9830242,-28.0761167992152,0.0 -48.9832864,-28.0763021992152,0.0 -48.9833823,-28.0763726992152,0.0 -48.9834263,-28.0763948992152,0.0 -48.9834605,-28.0764013992152,0.0 -48.9834841,-28.0763972992152,0.0 -48.9835212,-28.0763843992152,0.0 -48.9836052,-28.0763298992152,0.0 -48.9837568,-28.0761640992152,0.0 -48.9838578,-28.0760643992152,0.0 -48.9839364,-28.0760077992152,0.0 -48.9839977,-28.0759397992152,0.0 -48.9840298,-28.0758595992152,0.0 -48.9840511,-28.0757242992152,0.0 -48.9840698,-28.0756357992152,0.0 -48.984085,-28.0755771992152,0.0 -48.9841368,-28.0754490992152,0.0 -48.9841951,-28.0752893992152,0.0 -48.9842512,-28.0750884992152,0.0 -48.984289,-28.0749882992152,0.0 -48.9843335,-28.0749261992152,0.0 -48.9843586,-28.0749042992152,0.0 -48.9844189,-28.0748701992152,0.0 -48.9844611,-28.0748514992152,0.0 -48.9845204,-28.0748185992152,0.0 -48.9845649,-28.0747707992152,0.0 -48.9846097,-28.0747089992152,0.0 -48.9846474,-28.0746356992152,0.0 -48.9846575,-28.0746040992152,0.0 -48.9846599,-28.0745617992152,0.0 -48.984649,-28.0745279992152,0.0 -48.9846211,-28.0744963992152,0.0 -48.9845424,-28.0744156992152,0.0 -48.9844834,-28.0743547992152,0.0 -48.9844686,-28.0743322992152,0.0 -48.984462,-28.0743088992152,0.0 -48.9844597,-28.0742770992153,0.0 -48.9844649,-28.0742399992152,0.0 -48.9844774,-28.0742098992153,0.0 -48.984505,-28.0741720992153,0.0 -48.9845464,-28.0741379992153,0.0 -48.9846224,-28.0740777992153,0.0 -48.9846769,-28.0740212992153,0.0 -48.9847536,-28.0739510992152,0.0 -48.9848016,-28.0739228992153,0.0 -48.9848496,-28.0739132992153,0.0 -48.984979,-28.0738855992153,0.0 -48.9850108,-28.0738802992153,0.0 -48.985046,-28.0738675992153,0.0 -48.9850802,-28.0738462992153,0.0 -48.9851014,-28.0738122992153,0.0 -48.9851033,-28.0737376992153,0.0 -48.9850981,-28.0736612992153,0.0 -48.9851007,-28.0736106992153,0.0 -48.985114,-28.0735616992153,0.0 -48.9851658,-28.0734996992153,0.0 -48.9852145,-28.0734629992153,0.0 -48.9852316,-28.0734531992153,0.0 -48.9853283,-28.0733978992153,0.0 -48.9855046,-28.0733202992153,0.0 -48.985702,-28.0732598992153,0.0 -48.9857819,-28.0732486992153,0.0 -48.9859421,-28.0732194992153,0.0 -48.986032,-28.0732059992153,0.0 -48.9860603,-28.0731953992153,0.0 -48.9860847,-28.0731773992153,0.0 -48.9861386,-28.0731333992153,0.0 -48.9861681,-28.0731080992153,0.0 -48.9862074,-28.0730887992153,0.0 -48.9862456,-28.0730842992153,0.0 -48.9862992,-28.0730938992153,0.0 -48.9864078,-28.0731276992153,0.0 -48.9864613,-28.0731416992153,0.0 -48.9864837,-28.0731390992153,0.0 -48.9864972,-28.0731275992153,0.0 -48.9865141,-28.0731079992153,0.0 -48.9865303,-28.0730803992153,0.0 -48.9865329,-28.0730286992153,0.0 -48.9865289,-28.0728988992153,0.0 -48.9865418,-28.0728755992153,0.0 -48.9865545,-28.0728559992153,0.0 -48.9865938,-28.0728389992153,0.0 -48.9866492,-28.0728397992153,0.0 -48.9867055,-28.0728437992153,0.0 -48.9867316,-28.0728435992153,0.0 -48.9867613,-28.0728378992153,0.0 -48.9867917,-28.0728249992153,0.0 -48.9868088,-28.0728087992153,0.0 -48.9868219,-28.0727919992153,0.0 -48.9868432,-28.0727367992153,0.0 -48.9868615,-28.0727023992153,0.0 -48.9869075,-28.0726562992153,0.0 -48.9869495,-28.0726430992153,0.0 -48.9870272,-28.0726410992153,0.0 -48.9871409,-28.0726504992153,0.0 -48.9872843,-28.0727060992153,0.0 -48.9873306,-28.0727195992153,0.0 -48.9873763,-28.0727228992153,0.0 -48.9874141,-28.0727161992153,0.0 -48.9874921,-28.0726725992153,0.0 -48.9875609,-28.0726216992153,0.0 -48.9876097,-28.0725843992153,0.0 -48.9876648,-28.0724970992153,0.0 -48.9877922,-28.0723213992153,0.0 -48.9878335,-28.0722432992153,0.0 -48.9878881,-28.0721318992153,0.0 -48.9879176,-28.0720491992153,0.0 -48.9879386,-28.0719471992153,0.0 -48.98797,-28.0718194992153,0.0 -48.9880301,-28.0716473992153,0.0 -48.9880877,-28.0715239992153,0.0 -48.9881178,-28.0714565992153,0.0 -48.988202,-28.0712668992153,0.0 -48.9882485,-28.0711428992153,0.0 -48.988265,-28.0710659992153,0.0 -48.988263,-28.0710299992153,0.0 -48.9882611,-28.0709939992153,0.0 -48.9882462,-28.0709221992153,0.0 -48.9882488,-28.0708473992153,0.0 -48.9882663,-28.0707792992153,0.0 -48.9883256,-28.0706706992153,0.0 -48.9883518,-28.0706131992153,0.0 -48.9883783,-28.0705302992153,0.0 -48.9883846,-28.0703522992153,0.0 -48.9883667,-28.0702225992153,0.0 -48.9883135,-28.0700891992153,0.0 -48.9882541,-28.0699455992153,0.0 -48.9882524,-28.0698780992153,0.0 -48.9882641,-28.0698113992153,0.0 -48.9882864,-28.0697644992153,0.0 -48.9883279,-28.0697156992153,0.0 -48.9883932,-28.0696352992153,0.0 -48.9885004,-28.0694863992153,0.0 -48.9885282,-28.0693971992153,0.0 -48.988546,-28.0692827992153,0.0 -48.9885616,-28.0691629992153,0.0 -48.9886046,-28.0690941992153,0.0 -48.9886941,-28.0689965992153,0.0 -48.9887849,-28.0689556992153,0.0 -48.9888099,-28.0689544992153,0.0 -48.9888393,-28.0689600992154,0.0 -48.9888658,-28.0689732992153,0.0 -48.9888822,-28.0689935992154,0.0 -48.988894,-28.0690168992153,0.0 -48.9889095,-28.0690520992153,0.0 -48.9889373,-28.0690868992153,0.0 -48.9889598,-28.0690928992153,0.0 -48.9889871,-28.0690896992153,0.0 -48.989044,-28.0690709992153,0.0 -48.9890745,-28.0690492992153,0.0 -48.9891017,-28.0690229992153,0.0 -48.9891219,-28.0689651992153,0.0 -48.9891224,-28.0688741992154,0.0 -48.989083,-28.0687479992154,0.0 -48.9890716,-28.0686709992153,0.0 -48.9890757,-28.0685795992154,0.0 -48.9890901,-28.0685219992154,0.0 -48.9891266,-28.0684597992154,0.0 -48.9892406,-28.0683542992154,0.0 -48.9892856,-28.0683110992154,0.0 -48.989309,-28.0682970992154,0.0 -48.9893428,-28.0682934992154,0.0 -48.9893912,-28.0683116992154,0.0 -48.9894737,-28.0683657992154,0.0 -48.9895174,-28.0683917992154,0.0 -48.9895452,-28.0684240992154,0.0 -48.9895701,-28.0684588992154,0.0 -48.9895951,-28.0684828992154,0.0 -48.9896556,-28.0685126992154,0.0 -48.9896908,-28.0685188992153,0.0 -48.9897338,-28.0685163992154,0.0 -48.9897991,-28.0684962992154,0.0 -48.9898579,-28.0684661992153,0.0 -48.9898931,-28.0684415992154,0.0 -48.9899215,-28.0683833992154,0.0 -48.989987,-28.0682961992154,0.0 -48.9900245,-28.0682346992154,0.0 -48.9900356,-28.0682130992154,0.0 -48.9900424,-28.0682067992154,0.0 -48.9900542,-28.0682015992154,0.0 -48.9900691,-28.0681976992154,0.0 -48.9900824,-28.0681965992154,0.0 -48.9900946,-28.0681985992154,0.0 -48.9901082,-28.0682086992154,0.0 -48.9901147,-28.0682187992154,0.0 -48.9901211,-28.0682292992154,0.0 -48.9901224,-28.0682446992154,0.0 -48.9901168,-28.0682676992154,0.0 -48.9901065,-28.0682991992154,0.0 -48.990093,-28.0683401992154,0.0 -48.990089,-28.0683645992154,0.0 -48.9900969,-28.0683982992154,0.0 -48.9901158,-28.0684278992154,0.0 -48.9901417,-28.0684396992154,0.0 -48.990185,-28.0684389992154,0.0 -48.9902843,-28.0684191992154,0.0 -48.9903836,-28.0684063992154,0.0 -48.9905258,-28.0684227992154,0.0 -48.9905924,-28.0684205992154,0.0 -48.990631,-28.0684154992154,0.0 -48.9906822,-28.0683939992154,0.0 -48.9907966,-28.0683276992154,0.0 -48.9908625,-28.0682898992154,0.0 -48.9909551,-28.0682225992154,0.0 -48.9909969,-28.0682088992154,0.0 -48.9910502,-28.0681991992154,0.0 -48.991096,-28.0681994992154,0.0 -48.9911719,-28.0682107992154,0.0 -48.9912241,-28.0682324992154,0.0 -48.9912889,-28.0682792992154,0.0 -48.9913153,-28.0683243992154,0.0 -48.9913367,-28.0683878992154,0.0 -48.9913501,-28.0684331992154,0.0 -48.9913684,-28.0684527992154,0.0 -48.9914119,-28.0684762992154,0.0 -48.9914576,-28.0684925992154,0.0 -48.9915092,-28.0685050992154,0.0 -48.9915611,-28.0685007992154,0.0 -48.9916055,-28.0684899992154,0.0 -48.9916715,-28.0684868992154,0.0 -48.9917221,-28.0684939992154,0.0 -48.9918278,-28.0685110992153,0.0 -48.9919328,-28.0685252992154,0.0 -48.9920112,-28.0685280992153,0.0 -48.9920735,-28.0685115992154,0.0 -48.9921317,-28.0684890992154,0.0 -48.9922075,-28.0684573992154,0.0 -48.9922604,-28.0684371992154,0.0 -48.9922839,-28.0684359992154,0.0 -48.9923062,-28.0684327992154,0.0 -48.9923318,-28.0684112992154,0.0 -48.9923434,-28.0683778992154,0.0 -48.9923479,-28.0682890992154,0.0 -48.9923561,-28.0682209992154,0.0 -48.9923805,-28.0681421992154,0.0 -48.9924209,-28.0680077992154,0.0 -48.9924454,-28.0678598992154,0.0 -48.9924404,-28.0677882992154,0.0 -48.9924377,-28.0676589992154,0.0 -48.9924473,-28.0675753992154,0.0 -48.9924742,-28.0674810992154,0.0 -48.9925074,-28.0673880992154,0.0 -48.9925083,-28.0671917992154,0.0 -48.9925432,-28.0670658992154,0.0 -48.9925957,-28.0669793992154,0.0 -48.9926307,-28.0669178992154,0.0 -48.9926805,-28.0668628992154,0.0 -48.9928352,-28.0667306992154,0.0 -48.9930284,-28.0666240992154,0.0 -48.9932224,-28.0664449992154,0.0 -48.9934228,-28.0663599992154,0.0 -48.9935663,-28.0663483992154,0.0 -48.9938382,-28.0663683992154,0.0 -48.9940249,-28.0663905992154,0.0 -48.9943023,-28.0664485992154,0.0 -48.9946142,-28.0665373992154,0.0 -48.9947291,-28.0665657992154,0.0 -48.9948056,-28.0665723992154,0.0 -48.9950333,-28.0665715992154,0.0 -48.9951477,-28.0665451992154,0.0 -48.9952052,-28.0665109992154,0.0 -48.9952931,-28.0664575992154,0.0 -48.9953842,-28.0664042992154,0.0 -48.9954245,-28.0663805992154,0.0 -48.9954786,-28.0663355992154,0.0 -48.995573,-28.0662727992154,0.0 -48.9956495,-28.0662365992154,0.0 -48.9957,-28.0662228992154,0.0 -48.9957561,-28.0662215992154,0.0 -48.9957919,-28.0662109992154,0.0 -48.9958582,-28.0661762992154,0.0 -48.9959584,-28.0660929992154,0.0 -48.9961059,-28.0659877992154,0.0 -48.9961447,-28.0659624992154,0.0 -48.9961678,-28.0659489992154,0.0 -48.9962504,-28.0659005992154,0.0 -48.9963509,-28.0658538992154,0.0 -48.9965369,-28.0657959992154,0.0 -48.9967528,-28.0657202992154,0.0 -48.9968883,-28.0656622992154,0.0 -48.9969449,-28.0656230992154,0.0 -48.9970191,-28.0655480992154,0.0 -48.9971251,-28.0654690992154,0.0 -48.9972071,-28.0654322992154,0.0 -48.9972763,-28.0654155992154,0.0 -48.9973512,-28.0653993992154,0.0 -48.9973826,-28.0653835992154,0.0 -48.9974323,-28.0653218992154,0.0 -48.9975254,-28.0652353992154,0.0 -48.9976343,-28.0651688992154,0.0 -48.9976431,-28.0651612992154,0.0 -48.9976959,-28.0650922992154,0.0 -48.9978094,-28.0649436992154,0.0 -48.9979003,-28.0647729992154,0.0 -48.9979875,-28.0645954992154,0.0 -48.9980449,-28.0643619992154,0.0 -48.9980528,-28.0642004992154,0.0 -48.9980379,-28.0640695992154,0.0 -48.9980296,-28.0640388992154,0.0 -48.9980287,-28.0640176992154,0.0 -48.9980285,-28.0639756992154,0.0 -48.998026,-28.0639322992154,0.0 -48.9980074,-28.0638964992154,0.0 -48.9979725,-28.0638623992154,0.0 -48.9979153,-28.0638275992154,0.0 -48.9978881,-28.0638105992154,0.0 -48.9978609,-28.0637935992154,0.0 -48.997832,-28.0637621992154,0.0 -48.9978035,-28.0637018992154,0.0 -48.9977682,-28.0636480992154,0.0 -48.9977552,-28.0636094992154,0.0 -48.9977717,-28.0635288992154,0.0 -48.9978114,-28.0634504992154,0.0 -48.9978492,-28.0633919992154,0.0 -48.9979178,-28.0633082992154,0.0 -48.9980666,-28.0632364992154,0.0 -48.9982111,-28.0631344992155,0.0 -48.9982828,-28.0630492992155,0.0 -48.9983041,-28.0629743992155,0.0 -48.9982874,-28.0628578992155,0.0 -48.9981776,-28.0626193992155,0.0 -48.9981677,-28.0625739992155,0.0 -48.9981507,-28.0624263992155,0.0 -48.9981472,-28.0623622992155,0.0 -48.998161,-28.0623274992155,0.0 -48.9982086,-28.0622768992155,0.0 -48.9982489,-28.0622283992155,0.0 -48.9982619,-28.0622061992155,0.0 -48.9982821,-28.0621884992155,0.0 -48.9983187,-28.0621795992155,0.0 -48.998356,-28.0621772992155,0.0 -48.9984479,-28.0621842992155,0.0 -48.9984691,-28.0621802992155,0.0 -48.9984904,-28.0621762992155,0.0 -48.9985596,-28.0621470992155,0.0 -48.9986061,-28.0621023992155,0.0 -48.9986554,-28.0620329992155,0.0 -48.9986962,-28.0620015992155,0.0 -48.998761,-28.0619878992155,0.0 -48.998843,-28.0619935992155,0.0 -48.9989595,-28.0620062992155,0.0 -48.999011,-28.0620135992155,0.0 -48.9990537,-28.0620227992155,0.0 -48.9990865,-28.0620207992155,0.0 -48.999118,-28.0620118992155,0.0 -48.9991446,-28.0619958992155,0.0 -48.9991593,-28.0619535992155,0.0 -48.9991551,-28.0619289992155,0.0 -48.9991421,-28.0618842992155,0.0 -48.9991123,-28.0617745992155,0.0 -48.9991111,-28.0617155992155,0.0 -48.9991281,-28.0616937992155,0.0 -48.9991421,-28.0616841992155,0.0 -48.9991945,-28.0616709992155,0.0 -48.9992282,-28.0616714992155,0.0 -48.9992676,-28.0616818992155,0.0 -48.9993357,-28.0616967992155,0.0 -48.999486,-28.0617226992155,0.0 -48.9995337,-28.0617192992155,0.0 -48.9995884,-28.0617016992155,0.0 -48.9996525,-28.0616731992155,0.0 -48.9997174,-28.0616621992155,0.0 -48.9997622,-28.0616579992155,0.0 -48.9997976,-28.0616645992155,0.0 -48.9998286,-28.0616781992155,0.0 -48.99987,-28.0617118992155,0.0 -48.9999072,-28.0617475992155,0.0 -48.9999406,-28.0617869992155,0.0 -48.9999643,-28.0618277992155,0.0 -48.9999911,-28.0618973992155,0.0 -49.0000001,-28.0619305992155,0.0 -49.0000095,-28.0619412992155,0.0 -49.0000214,-28.0619561992155,0.0 -49.0000485,-28.0619888992155,0.0 -49.0000585,-28.0620008992155,0.0 -49.0000684,-28.0620107992155,0.0 -49.0000814,-28.0620206992155,0.0 -49.0000941,-28.0620278992155,0.0 -49.000104,-28.0620316992155,0.0 -49.0001111,-28.0620334992155,0.0 -49.0001227,-28.0620352992155,0.0 -49.0001351,-28.0620361992155,0.0 -49.0001483,-28.0620362992155,0.0 -49.0001617,-28.0620357992155,0.0 -49.0001797,-28.0620340992155,0.0 -49.0001926,-28.0620322992155,0.0 -49.0002083,-28.0620290992155,0.0 -49.0002242,-28.0620244992155,0.0 -49.0002368,-28.0620185992155,0.0 -49.0002435,-28.0620139992155,0.0 -49.0002496,-28.0620086992155,0.0 -49.0002604,-28.0619963992155,0.0 -49.0002681,-28.0619840992155,0.0 -49.0002751,-28.0619687992155,0.0 -49.000278,-28.0619578992155,0.0 -49.0002787,-28.0619446992155,0.0 -49.0002773,-28.0619271992155,0.0 -49.0002747,-28.0619146992155,0.0 -49.0002632,-28.0618898992155,0.0 -49.0002578,-28.0618720992155,0.0 -49.0002556,-28.0618594992155,0.0 -49.0002558,-28.0618481992155,0.0 -49.0002593,-28.0618248992155,0.0 -49.0002634,-28.0618071992155,0.0 -49.0002672,-28.0617959992155,0.0 -49.0002799,-28.0617658992155,0.0 -49.0002855,-28.0617505992155,0.0 -49.0002878,-28.0617406992155,0.0 -49.0002878,-28.0617302992155,0.0 -49.0002853,-28.0617147992155,0.0 -49.0002811,-28.0616973992155,0.0 -49.000276,-28.0616818992155,0.0 -49.000269,-28.0616641992155,0.0 -49.0002606,-28.0616462992155,0.0 -49.0002405,-28.0616176992155,0.0 -49.0002324,-28.0616048992155,0.0 -49.000229,-28.0615976992155,0.0 -49.000227,-28.0615914992155,0.0 -49.0002261,-28.0615816992155,0.0 -49.0002274,-28.0615736992155,0.0 -49.0002303,-28.0615670992155,0.0 -49.0002574,-28.0615228992155,0.0 -49.0002676,-28.0615013992155,0.0 -49.0002784,-28.0614748992155,0.0 -49.0002837,-28.0614574992155,0.0 -49.0002875,-28.0614378992155,0.0 -49.0002887,-28.0614232992155,0.0 -49.0002882,-28.0614098992155,0.0 -49.000286,-28.0613908992155,0.0 -49.0002824,-28.0613718992155,0.0 -49.0002783,-28.0613584992155,0.0 -49.0002728,-28.0613471992155,0.0 -49.000265,-28.0613366992155,0.0 -49.0002543,-28.0613258992155,0.0 -49.0002445,-28.0613176992155,0.0 -49.000226,-28.0613035992155,0.0 -49.0002158,-28.0612945992155,0.0 -49.0002103,-28.0612880992155,0.0 -49.0002057,-28.0612813992155,0.0 -49.0001991,-28.0612681992155,0.0 -49.000195,-28.0612533992155,0.0 -49.0001941,-28.0612454992155,0.0 -49.0001941,-28.0612355992155,0.0 -49.0001953,-28.0612250992155,0.0 -49.0001977,-28.0612127992155,0.0 -49.0002009,-28.0612028992155,0.0 -49.0002039,-28.0611962992155,0.0 -49.0002099,-28.0611867992155,0.0 -49.0002147,-28.0611810992155,0.0 -49.00022,-28.0611758992155,0.0 -49.0002259,-28.0611714992155,0.0 -49.0002352,-28.0611660992155,0.0 -49.0002448,-28.0611613992155,0.0 -49.0002577,-28.0611556992155,0.0 -49.0002714,-28.0611505992155,0.0 -49.0002917,-28.0611453992155,0.0 -49.0003209,-28.0611409992155,0.0 -49.0003614,-28.0611372992155,0.0 -49.0004016,-28.0611354992155,0.0 -49.0004245,-28.0611336992155,0.0 -49.0004543,-28.0611298992155,0.0 -49.0004779,-28.0611253992155,0.0 -49.0004901,-28.0611218992155,0.0 -49.0004986,-28.0611185992155,0.0 -49.0005162,-28.0611093992155,0.0 -49.0005336,-28.0610977992155,0.0 -49.0005527,-28.0610816992155,0.0 -49.000569,-28.0610648992155,0.0 -49.0005797,-28.0610512992155,0.0 -49.0005876,-28.0610377992155,0.0 -49.0005925,-28.0610240992155,0.0 -49.0005946,-28.0610131992155,0.0 -49.0005958,-28.0610016992155,0.0 -49.0005989,-28.0609233992155,0.0 -49.0006015,-28.0608929992155,0.0 -49.000606,-28.0608681992155,0.0 -49.0006099,-28.0608545992155,0.0 -49.0006152,-28.0608391992155,0.0 -49.000622,-28.0608229992155,0.0 -49.0006272,-28.0608124992155,0.0 -49.0006389,-28.0607938992155,0.0 -49.0006451,-28.0607859992155,0.0 -49.0006543,-28.0607757992155,0.0 -49.0006632,-28.0607677992155,0.0 -49.0006721,-28.0607616992155,0.0 -49.0006812,-28.0607571992155,0.0 -49.0006904,-28.0607539992155,0.0 -49.0007021,-28.0607513992155,0.0 -49.0007136,-28.0607504992155,0.0 -49.0007414,-28.0607512992155,0.0 -49.0008542,-28.0607587992155,0.0 -49.0008796,-28.0607598992155,0.0 -49.0009204,-28.0607594992155,0.0 -49.0009349,-28.0607583992155,0.0 -49.000951,-28.0607560992155,0.0 -49.0009656,-28.0607528992155,0.0 -49.0009771,-28.0607493992155,0.0 -49.0009905,-28.0607439992155,0.0 -49.0010067,-28.0607362992155,0.0 -49.0010371,-28.0607202992155,0.0 -49.0010578,-28.0607085992155,0.0 -49.0010823,-28.0606926992155,0.0 -49.0010929,-28.0606841992155,0.0 -49.0011045,-28.0606700992155,0.0 -49.0011142,-28.0606549992155,0.0 -49.0011191,-28.0606425992155,0.0 -49.0011226,-28.0606268992155,0.0 -49.0011248,-28.0606015992155,0.0 -49.0011285,-28.0605136992155,0.0 -49.001127,-28.0604561992155,0.0 -49.0011347,-28.0604452992155,0.0 -49.0011668,-28.0604223992155,0.0 -49.0011763,-28.0604147992155,0.0 -49.0011952,-28.0604044992155,0.0 -49.0012087,-28.0603957992155,0.0 -49.0012244,-28.0603782992155,0.0 -49.0012366,-28.0603607992155,0.0 -49.0012379,-28.0603378992155,0.0 -49.0012422,-28.0603195992155,0.0 -49.0012466,-28.0603000992155,0.0 -49.0012516,-28.0602806992155,0.0 -49.0012585,-28.0602682992155,0.0 -49.0012682,-28.0602518992155,0.0 -49.0012845,-28.0602361992155,0.0 -49.0012974,-28.0602262992155,0.0 -49.0013189,-28.0602170992155,0.0 -49.0013432,-28.0602094992155,0.0 -49.0013844,-28.0602079992155,0.0 -49.001416,-28.0602059992155,0.0 -49.0014397,-28.0602034992155,0.0 -49.0014545,-28.0602012992155,0.0 -49.0014682,-28.0601986992155,0.0 -49.0014802,-28.0601955992155,0.0 -49.0014971,-28.0601893992155,0.0 -49.0015157,-28.0601801992155,0.0 -49.0015805,-28.0601435992155,0.0 -49.0016588,-28.0601030992155,0.0 -49.0016791,-28.0600912992155,0.0 -49.0017011,-28.0600770992155,0.0 -49.0017117,-28.0600715992155,0.0 -49.0017258,-28.0600670992155,0.0 -49.001733,-28.0600659992155,0.0 -49.0017373,-28.0600660992155,0.0 -49.0017458,-28.0600680992155,0.0 -49.0017616,-28.0600747992155,0.0 -49.0017661,-28.0600769992155,0.0 -49.0017675,-28.0600783992155,0.0 -49.0017719,-28.0600855992155,0.0 -49.0017757,-28.0600940992155,0.0 -49.0017833,-28.0601222992155,0.0 -49.0017984,-28.0601730992155,0.0 -49.0018025,-28.0601841992155,0.0 -49.0018082,-28.0601952992155,0.0 -49.0018161,-28.0602063992155,0.0 -49.0018263,-28.0602172992155,0.0 -49.0018381,-28.0602275992155,0.0 -49.0018578,-28.0602414992155,0.0 -49.0018781,-28.0602523992155,0.0 -49.0018974,-28.0602605992155,0.0 -49.001919,-28.0602674992155,0.0 -49.0019361,-28.0602705992155,0.0 -49.0019513,-28.0602714992155,0.0 -49.0019736,-28.0602702992155,0.0 -49.0019964,-28.0602678992155,0.0 -49.0020358,-28.0602623992155,0.0 -49.0020467,-28.0602621992155,0.0 -49.0020601,-28.0602635992155,0.0 -49.0020718,-28.0602667992155,0.0 -49.0020822,-28.0602718992155,0.0 -49.002094,-28.0602807992155,0.0 -49.0021019,-28.0602894992155,0.0 -49.0021093,-28.0603018992155,0.0 -49.0021179,-28.0603233992155,0.0 -49.0021212,-28.0603369992155,0.0 -49.0021217,-28.0603435992155,0.0 -49.0021213,-28.0603530992155,0.0 -49.0021191,-28.0603678992155,0.0 -49.0021156,-28.0603828992155,0.0 -49.0020851,-28.0604766992155,0.0 -49.0020765,-28.0605075992155,0.0 -49.0020719,-28.0605282992155,0.0 -49.0020687,-28.0605517992155,0.0 -49.0020684,-28.0605707992155,0.0 -49.0020701,-28.0605888992155,0.0 -49.0020725,-28.0605987992155,0.0 -49.0020751,-28.0606062992155,0.0 -49.0020811,-28.0606196992155,0.0 -49.0020898,-28.0606360992155,0.0 -49.0021017,-28.0606554992155,0.0 -49.002116,-28.0606766992155,0.0 -49.0021308,-28.0606967992155,0.0 -49.0021398,-28.0607079992155,0.0 -49.0021517,-28.0607206992155,0.0 -49.0021591,-28.0607268992155,0.0 -49.0021663,-28.0607315992155,0.0 -49.0021775,-28.0607365992155,0.0 -49.0021892,-28.0607398992155,0.0 -49.0022059,-28.0607429992155,0.0 -49.0022274,-28.0607456992155,0.0 -49.0022433,-28.0607467992155,0.0 -49.0022581,-28.0607466992155,0.0 -49.002272,-28.0607451992155,0.0 -49.0022821,-28.0607433992155,0.0 -49.0022952,-28.0607397992155,0.0 -49.0023138,-28.0607323992155,0.0 -49.0023258,-28.0607258992155,0.0 -49.0023954,-28.0606848992155,0.0 -49.0024165,-28.0606739992155,0.0 -49.0024326,-28.0606669992155,0.0 -49.002448,-28.0606615992155,0.0 -49.0024629,-28.0606579992155,0.0 -49.0025293,-28.0606482992155,0.0 -49.0025459,-28.0606448992155,0.0 -49.002563,-28.0606404992155,0.0 -49.0025771,-28.0606356992155,0.0 -49.0025899,-28.0606297992155,0.0 -49.0026001,-28.0606231992155,0.0 -49.00261,-28.0606148992155,0.0 -49.0026198,-28.0606046992155,0.0 -49.0026249,-28.0605966992155,0.0 -49.0026279,-28.0605894992155,0.0 -49.0026306,-28.0605807992155,0.0 -49.0026337,-28.0605647992155,0.0 -49.0026347,-28.0605488992155,0.0 -49.0026343,-28.0605208992155,0.0 -49.00263,-28.0604729992155,0.0 -49.0026292,-28.0604577992155,0.0 -49.0026296,-28.0604421992155,0.0 -49.0026318,-28.0604265992155,0.0 -49.002636,-28.0604112992155,0.0 -49.0026419,-28.0603967992155,0.0 -49.0026493,-28.0603833992155,0.0 -49.002658,-28.0603714992155,0.0 -49.0026677,-28.0603612992155,0.0 -49.0026823,-28.0603497992155,0.0 -49.0027332,-28.0603184992155,0.0 -49.0027598,-28.0603000992155,0.0 -49.0027816,-28.0602825992155,0.0 -49.002795,-28.0602698992155,0.0 -49.0028009,-28.0602630992155,0.0 -49.0028095,-28.0602509992155,0.0 -49.0028493,-28.0601854992155,0.0 -49.0028754,-28.0601471992155,0.0 -49.0028928,-28.0601240992155,0.0 -49.0029096,-28.0601031992155,0.0 -49.0029251,-28.0600859992155,0.0 -49.0029353,-28.0600763992155,0.0 -49.0029518,-28.0600637992155,0.0 -49.002971,-28.0600526992155,0.0 -49.0029914,-28.0600427992155,0.0 -49.0030611,-28.0600117992155,0.0 -49.0030765,-28.0600038992155,0.0 -49.0030925,-28.0599944992155,0.0 -49.0031089,-28.0599827992155,0.0 -49.0031206,-28.0599723992155,0.0 -49.0031349,-28.0599564992155,0.0 -49.0031479,-28.0599382992155,0.0 -49.0031619,-28.0599138992155,0.0 -49.0031711,-28.0598940992155,0.0 -49.0031785,-28.0598715992155,0.0 -49.0031831,-28.0598507992155,0.0 -49.0031931,-28.0597896992155,0.0 -49.0032017,-28.0597273992155,0.0 -49.0032083,-28.0596756992155,0.0 -49.0032197,-28.0595570992155,0.0 -49.0032248,-28.0595173992155,0.0 -49.0032288,-28.0594950992155,0.0 -49.0032344,-28.0594731992155,0.0 -49.0032404,-28.0594561992155,0.0 -49.0032488,-28.0594378992155,0.0 -49.0032562,-28.0594245992155,0.0 -49.0032654,-28.0594102992155,0.0 -49.0032875,-28.0593801992155,0.0 -49.0033055,-28.0593579992155,0.0 -49.0033591,-28.0592944992155,0.0 -49.0033955,-28.0592481992155,0.0 -49.0034283,-28.0592054992155,0.0 -49.003453,-28.0591706992155,0.0 -49.0034795,-28.0591286992155,0.0 -49.003498,-28.0590960992155,0.0 -49.0035153,-28.0590632992155,0.0 -49.0035362,-28.0590209992155,0.0 -49.0035508,-28.0589888992155,0.0 -49.003559,-28.0589688992155,0.0 -49.0035647,-28.0589524992155,0.0 -49.0035784,-28.0589011992155,0.0 -49.0035861,-28.0588777992155,0.0 -49.0035931,-28.0588598992155,0.0 -49.0035987,-28.0588475992155,0.0 -49.003605,-28.0588361992155,0.0 -49.0036097,-28.0588290992155,0.0 -49.0036178,-28.0588187992155,0.0 -49.0036304,-28.0588059992155,0.0 -49.0036816,-28.0587652992155,0.0 -49.0037015,-28.0587480992155,0.0 -49.0037166,-28.0587341992155,0.0 -49.0037497,-28.0587013992155,0.0 -49.0037803,-28.0586686992155,0.0 -49.0038021,-28.0586430992155,0.0 -49.0038328,-28.0586049992155,0.0 -49.0038405,-28.0585943992155,0.0 -49.0038472,-28.0585832992155,0.0 -49.003853,-28.0585713992155,0.0 -49.0038581,-28.0585585992155,0.0 -49.0038624,-28.0585452992155,0.0 -49.0038672,-28.0585252992155,0.0 -49.0038682,-28.0585128992155,0.0 -49.0038669,-28.0584985992155,0.0 -49.0038623,-28.0584811992155,0.0 -49.0038581,-28.0584707992155,0.0 -49.0038519,-28.0584584992155,0.0 -49.003838,-28.0584342992155,0.0 -49.003821,-28.0584097992155,0.0 -49.0037903,-28.0583712992155,0.0 -49.0037809,-28.0583572992155,0.0 -49.0037743,-28.0583450992155,0.0 -49.0037698,-28.0583314992155,0.0 -49.0037659,-28.0583072992155,0.0 -49.0037652,-28.0582896992155,0.0 -49.0037674,-28.0582714992155,0.0 -49.0037713,-28.0582578992155,0.0 -49.0037779,-28.0582436992155,0.0 -49.0037907,-28.0582229992155,0.0 -49.0038023,-28.0582073992155,0.0 -49.0038258,-28.0581813992155,0.0 -49.0038757,-28.0581326992155,0.0 -49.0038986,-28.0581083992155,0.0 -49.0039277,-28.0580735992155,0.0 -49.0039605,-28.0580302992155,0.0 -49.0039726,-28.0580117992155,0.0 -49.0039791,-28.0579981992155,0.0 -49.0039846,-28.0579806992156,0.0 -49.0039869,-28.0579648992156,0.0 -49.0039864,-28.0579558992155,0.0 -49.0039835,-28.0579436992155,0.0 -49.0039789,-28.0579318992155,0.0 -49.0039738,-28.0579220992156,0.0 -49.0039645,-28.0579089992155,0.0 -49.003936,-28.0578749992156,0.0 -49.0039226,-28.0578574992156,0.0 -49.0039038,-28.0578299992155,0.0 -49.0038936,-28.0578113992155,0.0 -49.0038785,-28.0577818992155,0.0 -49.0038678,-28.0577539992156,0.0 -49.0038603,-28.0577305992156,0.0 -49.0038546,-28.0577071992155,0.0 -49.0038489,-28.0576726992156,0.0 -49.0038454,-28.0576416992156,0.0 -49.0038441,-28.0576153992155,0.0 -49.003845,-28.0575946992156,0.0 -49.0038524,-28.0575296992156,0.0 -49.0038594,-28.0574811992156,0.0 -49.0038636,-28.0574596992156,0.0 -49.0038668,-28.0574471992156,0.0 -49.0038704,-28.0574354992156,0.0 -49.0038767,-28.0574188992156,0.0 -49.0038842,-28.0574024992156,0.0 -49.0038959,-28.0573807992156,0.0 -49.0039097,-28.0573588992156,0.0 -49.0039229,-28.0573406992156,0.0 -49.0039397,-28.0573196992156,0.0 -49.0040068,-28.0572390992156,0.0 -49.0040898,-28.0571358992156,0.0 -49.0041041,-28.0571190992156,0.0 -49.0041182,-28.0571042992156,0.0 -49.0041403,-28.0570841992156,0.0 -49.0041652,-28.0570638992156,0.0 -49.0041895,-28.0570453992156,0.0 -49.0042123,-28.0570299992156,0.0 -49.0042288,-28.0570206992156,0.0 -49.0042448,-28.0570133992156,0.0 -49.0043061,-28.0569901992156,0.0 -49.004324,-28.0569824992156,0.0 -49.0043357,-28.0569753992156,0.0 -49.0043416,-28.0569704992156,0.0 -49.0043478,-28.0569639992156,0.0 -49.0043607,-28.0569465992156,0.0 -49.0043787,-28.0569171992156,0.0 -49.0044096,-28.0568608992156,0.0 -49.0044242,-28.0568316992156,0.0 -49.0044345,-28.0568079992156,0.0 -49.0044443,-28.0567820992156,0.0 -49.0044664,-28.0567133992156,0.0 -49.0044786,-28.0566706992156,0.0 -49.004487,-28.0566383992156,0.0 -49.0045155,-28.0565164992156,0.0 -49.0045204,-28.0564895992156,0.0 -49.0045235,-28.0564652992156,0.0 -49.0045254,-28.0564392992156,0.0 -49.0045257,-28.0564224992156,0.0 -49.0045245,-28.0564077992156,0.0 -49.0045216,-28.0563927992156,0.0 -49.0045173,-28.0563790992156,0.0 -49.0045096,-28.0563611992156,0.0 -49.0044999,-28.0563421992156,0.0 -49.004481,-28.0563081992156,0.0 -49.0044256,-28.0562148992156,0.0 -49.0044104,-28.0561881992156,0.0 -49.004403,-28.0561737992156,0.0 -49.0043952,-28.0561563992156,0.0 -49.0043904,-28.0561428992156,0.0 -49.0043878,-28.0561316992156,0.0 -49.0043869,-28.0561180992156,0.0 -49.0043879,-28.0561034992156,0.0 -49.0043912,-28.0560864992156,0.0 -49.0043954,-28.0560757992156,0.0 -49.0044,-28.0560685992156,0.0 -49.0044061,-28.0560612992156,0.0 -49.0044301,-28.0560378992156,0.0 -49.0044389,-28.0560282992156,0.0 -49.0044461,-28.0560191992156,0.0 -49.0044495,-28.0560132992156,0.0 -49.0044513,-28.0560050992156,0.0 -49.0044516,-28.0559954992156,0.0 -49.0044503,-28.0559841992156,0.0 -49.0044476,-28.0559735992156,0.0 -49.0044434,-28.0559632992156,0.0 -49.0044385,-28.0559545992156,0.0 -49.0044316,-28.0559450992156,0.0 -49.0044258,-28.0559382992156,0.0 -49.0044065,-28.0559197992156,0.0 -49.0043812,-28.0558993992156,0.0 -49.004346,-28.0558742992156,0.0 -49.0042992,-28.0558428992156,0.0 -49.0042744,-28.0558277992156,0.0 -49.0042244,-28.0557992992156,0.0 -49.0041972,-28.0557824992156,0.0 -49.0041713,-28.0557643992156,0.0 -49.0041495,-28.0557469992156,0.0 -49.0041399,-28.0557377992156,0.0 -49.0041322,-28.0557288992156,0.0 -49.0041255,-28.0557197992156,0.0 -49.0041179,-28.0557073992156,0.0 -49.0041136,-28.0556984992156,0.0 -49.0041107,-28.0556899992156,0.0 -49.0041094,-28.0556812992156,0.0 -49.0041098,-28.0556765992156,0.0 -49.0041101,-28.0556717992156,0.0 -49.0041134,-28.0556586992156,0.0 -49.0041198,-28.0556449992156,0.0 -49.0041292,-28.0556322992156,0.0 -49.0041394,-28.0556225992156,0.0 -49.0041448,-28.0556189992156,0.0 -49.0041546,-28.0556138992156,0.0 -49.0042199,-28.0555877992156,0.0 -49.0042366,-28.0555800992156,0.0 -49.0042527,-28.0555712992156,0.0 -49.004273,-28.0555581992156,0.0 -49.0042939,-28.0555424992156,0.0 -49.0043142,-28.0555251992156,0.0 -49.0043323,-28.0555076992156,0.0 -49.0043473,-28.0554901992156,0.0 -49.0043576,-28.0554744992156,0.0 -49.004368,-28.0554545992156,0.0 -49.0043959,-28.0553955992156,0.0 -49.0044186,-28.0553498992156,0.0 -49.0044333,-28.0553242992156,0.0 -49.0044462,-28.0553070992156,0.0 -49.0044632,-28.0552882992156,0.0 -49.0044866,-28.0552641992156,0.0 -49.0046184,-28.0551321992156,0.0 -49.004694,-28.0550525992156,0.0 -49.0047795,-28.0549691992156,0.0 -49.0048223,-28.0549324992156,0.0 -49.0048318,-28.0549233992156,0.0 -49.0048426,-28.0549106992156,0.0 -49.0048503,-28.0548984992156,0.0 -49.0048536,-28.0548905992156,0.0 -49.0048553,-28.0548848992156,0.0 -49.004857,-28.0548761992156,0.0 -49.0048578,-28.0548655992156,0.0 -49.0048564,-28.0548520992156,0.0 -49.0048546,-28.0548458992156,0.0 -49.0048517,-28.0548396992156,0.0 -49.004844,-28.0548288992156,0.0 -49.0048384,-28.0548231992156,0.0 -49.0048316,-28.0548174992156,0.0 -49.0048177,-28.0548079992156,0.0 -49.0047835,-28.0547883992156,0.0 -49.0047695,-28.0547795992156,0.0 -49.0047558,-28.0547693992156,0.0 -49.0047485,-28.0547626992156,0.0 -49.0047443,-28.0547577992156,0.0 -49.0047386,-28.0547494992156,0.0 -49.0047354,-28.0547426992156,0.0 -49.0047324,-28.0547346992156,0.0 -49.0047286,-28.0547211992156,0.0 -49.004726,-28.0547066992156,0.0 -49.004725,-28.0546969992156,0.0 -49.0047247,-28.0546732992156,0.0 -49.0047269,-28.0546492992156,0.0 -49.0047308,-28.0546255992156,0.0 -49.0047407,-28.0545777992156,0.0 -49.0047519,-28.0545258992156,0.0 -49.0047658,-28.0544759992156,0.0 -49.0047976,-28.0543695992156,0.0 -49.0048058,-28.0543441992156,0.0 -49.0048124,-28.0543267992156,0.0 -49.0048198,-28.0543101992156,0.0 -49.0048257,-28.0542993992156,0.0 -49.0048354,-28.0542834992156,0.0 -49.0048455,-28.0542693992156,0.0 -49.0048552,-28.0542581992156,0.0 -49.0048653,-28.0542491992156,0.0 -49.0048735,-28.0542436992156,0.0 -49.0048954,-28.0542317992156,0.0 -49.0049233,-28.0542197992156,0.0 -49.0049459,-28.0542122992156,0.0 -49.0049756,-28.0542049992156,0.0 -49.0050027,-28.0542008992156,0.0 -49.0050261,-28.0541994992156,0.0 -49.0050461,-28.0541995992156,0.0 -49.0050594,-28.0542001992156,0.0 -49.0050715,-28.0542014992156,0.0 -49.0050827,-28.0542032992156,0.0 -49.0050966,-28.0542066992156,0.0 -49.0051095,-28.0542108992156,0.0 -49.0051598,-28.0542292992156,0.0 -49.0051824,-28.0542391992156,0.0 -49.0052008,-28.0542499992156,0.0 -49.0052496,-28.0542839992156,0.0 -49.0052832,-28.0543041992156,0.0 -49.0053094,-28.0543186992156,0.0 -49.0053333,-28.0543309992156,0.0 -49.005354,-28.0543406992156,0.0 -49.0053719,-28.0543480992156,0.0 -49.0053873,-28.0543533992156,0.0 -49.0054008,-28.0543570992156,0.0 -49.0054201,-28.0543614992156,0.0 -49.005435,-28.0543636992156,0.0 -49.0054517,-28.0543645992156,0.0 -49.005471,-28.0543639992156,0.0 -49.0054806,-28.0543628992156,0.0 -49.0054881,-28.0543603992156,0.0 -49.0054938,-28.0543573992156,0.0 -49.0054981,-28.0543540992156,0.0 -49.0055065,-28.0543447992156,0.0 -49.005519,-28.0543270992156,0.0 -49.0055283,-28.0543096992156,0.0 -49.0055451,-28.0542696992156,0.0 -49.0055934,-28.0541465992156,0.0 -49.0056043,-28.0541163992156,0.0 -49.0056087,-28.0541018992156,0.0 -49.0056117,-28.0540890992156,0.0 -49.0056139,-28.0540696992156,0.0 -49.0056138,-28.0540583992156,0.0 -49.0056127,-28.0540474992156,0.0 -49.0056108,-28.0540371992156,0.0 -49.0056057,-28.0540168992156,0.0 -49.0056047,-28.0540084992156,0.0 -49.005605,-28.0540015992156,0.0 -49.005606,-28.0539955992156,0.0 -49.0056075,-28.0539914992156,0.0 -49.0056097,-28.0539875992156,0.0 -49.0056132,-28.0539837992156,0.0 -49.0056166,-28.0539812992156,0.0 -49.00563,-28.0539747992156,0.0 -49.0056449,-28.0539701992156,0.0 -49.0056624,-28.0539666992156,0.0 -49.0056877,-28.0539635992156,0.0 -49.0057217,-28.0539609992156,0.0 -49.0058044,-28.0539569992156,0.0 -49.0058601,-28.0539551992156,0.0 -49.0058777,-28.0539538992156,0.0 -49.0058884,-28.0539520992156,0.0 -49.0058974,-28.0539493992156,0.0 -49.0059116,-28.0539430992156,0.0 -49.0059197,-28.0539379992156,0.0 -49.0059236,-28.0539343992156,0.0 -49.0059293,-28.0539272992156,0.0 -49.0059374,-28.0539136992156,0.0 -49.0059422,-28.0539012992156,0.0 -49.0059448,-28.0538884992156,0.0 -49.0059471,-28.0538665992156,0.0 -49.0059478,-28.0538426992156,0.0 -49.0059462,-28.0537603992156,0.0 -49.0059468,-28.0537491992156,0.0 -49.0059487,-28.0537384992156,0.0 -49.0059542,-28.0537230992156,0.0 -49.0059605,-28.0537109992156,0.0 -49.0059652,-28.0537033992156,0.0 -49.005975,-28.0536912992156,0.0 -49.0059867,-28.0536811992156,0.0 -49.0059953,-28.0536753992156,0.0 -49.0060017,-28.0536718992156,0.0 -49.0060107,-28.0536680992156,0.0 -49.006018,-28.0536660992156,0.0 -49.006026,-28.0536647992156,0.0 -49.0060348,-28.0536643992156,0.0 -49.0060512,-28.0536658992156,0.0 -49.0060696,-28.0536704992156,0.0 -49.0060804,-28.0536746992156,0.0 -49.0060871,-28.0536781992156,0.0 -49.0060936,-28.0536821992156,0.0 -49.0061027,-28.0536889992156,0.0 -49.0061113,-28.0536968992156,0.0 -49.0061165,-28.0537025992156,0.0 -49.0061233,-28.0537114992156,0.0 -49.0061299,-28.0537237992156,0.0 -49.0061344,-28.0537367992156,0.0 -49.0061381,-28.0537546992156,0.0 -49.0061405,-28.0537751992156,0.0 -49.0061418,-28.0537990992156,0.0 -49.0061403,-28.0538743992156,0.0 -49.0061409,-28.0539054992156,0.0 -49.0061422,-28.0539177992156,0.0 -49.0061448,-28.0539294992156,0.0 -49.006149,-28.0539418992156,0.0 -49.0061527,-28.0539501992156,0.0 -49.006157,-28.0539582992156,0.0 -49.006162,-28.0539658992156,0.0 -49.0061676,-28.0539727992156,0.0 -49.0061735,-28.0539789992156,0.0 -49.0061862,-28.0539891992156,0.0 -49.0061927,-28.0539932992156,0.0 -49.0062022,-28.0539979992156,0.0 -49.0062084,-28.0540002992156,0.0 -49.006217,-28.0540025992156,0.0 -49.0062305,-28.0540038992156,0.0 -49.0062383,-28.0540035992156,0.0 -49.0062461,-28.0540024992156,0.0 -49.0062566,-28.0539999992156,0.0 -49.0062642,-28.0539974992156,0.0 -49.0062746,-28.0539921992156,0.0 -49.0062842,-28.0539836992156,0.0 -49.0062994,-28.0539652992156,0.0 -49.0063207,-28.0539369992156,0.0 -49.0063331,-28.0539176992156,0.0 -49.0063451,-28.0538958992156,0.0 -49.0063555,-28.0538748992156,0.0 -49.0063633,-28.0538553992156,0.0 -49.0063697,-28.0538330992156,0.0 -49.0063721,-28.0538109992156,0.0 -49.0063729,-28.0537901992156,0.0 -49.0063737,-28.0536980992156,0.0 -49.0063752,-28.0536726992156,0.0 -49.006377,-28.0536631992156,0.0 -49.0063797,-28.0536547992156,0.0 -49.0063846,-28.0536451992156,0.0 -49.0063899,-28.0536382992156,0.0 -49.006395,-28.0536336992156,0.0 -49.0063991,-28.0536311992156,0.0 -49.0064085,-28.0536274992156,0.0 -49.0064138,-28.0536262992156,0.0 -49.006422,-28.0536255992156,0.0 -49.0064298,-28.0536257992156,0.0 -49.0064363,-28.0536266992156,0.0 -49.0064426,-28.0536291992156,0.0 -49.0064478,-28.0536338992156,0.0 -49.0064539,-28.0536432992156,0.0 -49.0064591,-28.0536547992156,0.0 -49.0064622,-28.0536650992156,0.0 -49.0064644,-28.0536766992156,0.0 -49.0064656,-28.0536889992156,0.0 -49.0064659,-28.0537006992156,0.0 -49.0064647,-28.0537235992156,0.0 -49.0064582,-28.0538025992156,0.0 -49.006458,-28.0538252992156,0.0 -49.0064595,-28.0538367992156,0.0 -49.0064625,-28.0538480992156,0.0 -49.0064668,-28.0538585992156,0.0 -49.0064724,-28.0538674992156,0.0 -49.0064769,-28.0538723992156,0.0 -49.006482,-28.0538765992156,0.0 -49.006491,-28.0538815992156,0.0 -49.0064979,-28.0538840992156,0.0 -49.0065051,-28.0538858992156,0.0 -49.0065196,-28.0538875992156,0.0 -49.006533,-28.0538869992156,0.0 -49.0065476,-28.0538839992156,0.0 -49.0065606,-28.0538791992156,0.0 -49.0065755,-28.0538719992156,0.0 -49.0065859,-28.0538648992156,0.0 -49.0065974,-28.0538543992156,0.0 -49.0066094,-28.0538408992156,0.0 -49.0066246,-28.0538207992156,0.0 -49.0066374,-28.0538007992156,0.0 -49.0066498,-28.0537779992156,0.0 -49.0066574,-28.0537614992156,0.0 -49.0066604,-28.0537529992156,0.0 -49.0066673,-28.0537308992156,0.0 -49.0066703,-28.0537170992156,0.0 -49.0066735,-28.0536895992156,0.0 -49.0066768,-28.0536428992156,0.0 -49.0066785,-28.0535696992156,0.0 -49.0066805,-28.0535403992156,0.0 -49.0066823,-28.0535287992156,0.0 -49.0066851,-28.0535170992156,0.0 -49.0066893,-28.0535054992156,0.0 -49.0066952,-28.0534937992156,0.0 -49.006707,-28.0534764992156,0.0 -49.0067262,-28.0534542992156,0.0 -49.006747,-28.0534339992156,0.0 -49.0067699,-28.0534146992156,0.0 -49.0068012,-28.0533912992156,0.0 -49.0068319,-28.0533708992156,0.0 -49.0068536,-28.0533592992156,0.0 -49.0068645,-28.0533547992156,0.0 -49.0068727,-28.0533521992156,0.0 -49.0068924,-28.0533480992156,0.0 -49.0069153,-28.0533456992156,0.0 -49.0069369,-28.0533453992156,0.0 -49.0069465,-28.0533459992156,0.0 -49.0069601,-28.0533477992156,0.0 -49.0069733,-28.0533504992156,0.0 -49.0069861,-28.0533538992156,0.0 -49.0070095,-28.0533620992156,0.0 -49.0070267,-28.0533706992156,0.0 -49.0070364,-28.0533772992156,0.0 -49.0070424,-28.0533822992156,0.0 -49.0070506,-28.0533905992156,0.0 -49.0070554,-28.0533966992156,0.0 -49.0070598,-28.0534033992156,0.0 -49.007066,-28.0534149992156,0.0 -49.0070721,-28.0534287992156,0.0 -49.0070778,-28.0534442992156,0.0 -49.0070823,-28.0534602992156,0.0 -49.0070842,-28.0534705992156,0.0 -49.0070854,-28.0534802992156,0.0 -49.007086,-28.0534933992156,0.0 -49.0070848,-28.0535101992156,0.0 -49.0070813,-28.0535245992156,0.0 -49.0070709,-28.0535576992156,0.0 -49.0070682,-28.0535704992156,0.0 -49.0070688,-28.0535799992156,0.0 -49.0070718,-28.0535888992156,0.0 -49.0070761,-28.0535953992156,0.0 -49.0070799,-28.0535991992156,0.0 -49.0070844,-28.0536025992156,0.0 -49.0070947,-28.0536076992156,0.0 -49.0071054,-28.0536106992156,0.0 -49.0071159,-28.0536115992156,0.0 -49.0071259,-28.0536106992156,0.0 -49.0071377,-28.0536073992156,0.0 -49.0071471,-28.0536030992156,0.0 -49.0071571,-28.0535968992156,0.0 -49.0071677,-28.0535886992156,0.0 -49.0071775,-28.0535799992156,0.0 -49.0071859,-28.0535711992156,0.0 -49.0071945,-28.0535603992156,0.0 -49.0072043,-28.0535467992156,0.0 -49.0072172,-28.0535273992156,0.0 -49.0072246,-28.0535147992156,0.0 -49.0072315,-28.0535007992156,0.0 -49.0072398,-28.0534791992156,0.0 -49.0072729,-28.0533772992156,0.0 -49.007275,-28.0533688992156,0.0 -49.0072757,-28.0533629992156,0.0 -49.007275,-28.0533492992156,0.0 -49.0072685,-28.0533094992156,0.0 -49.0072644,-28.0532944992156,0.0 -49.007254,-28.0532616992156,0.0 -49.0072519,-28.0532525992156,0.0 -49.0072504,-28.0532349992156,0.0 -49.007251,-28.0532161992156,0.0 -49.0072535,-28.0532043992156,0.0 -49.0072584,-28.0531898992156,0.0 -49.0072797,-28.0531385992156,0.0 -49.0073004,-28.0530817992156,0.0 -49.0073159,-28.0530461992156,0.0 -49.0073387,-28.0530009992156,0.0 -49.00736,-28.0529638992156,0.0 -49.0073683,-28.0529510992156,0.0 -49.0073804,-28.0529347992156,0.0 -49.0073878,-28.0529258992156,0.0 -49.0073978,-28.0529157992156,0.0 -49.007404,-28.0529108992156,0.0 -49.0074103,-28.0529071992156,0.0 -49.0074169,-28.0529043992156,0.0 -49.0074283,-28.0529010992156,0.0 -49.007441,-28.0528988992156,0.0 -49.0074546,-28.0528975992156,0.0 -49.0074728,-28.0528969992156,0.0 -49.0074851,-28.0528975992156,0.0 -49.0074954,-28.0528990992156,0.0 -49.0075039,-28.0529013992156,0.0 -49.0075112,-28.0529044992156,0.0 -49.0075179,-28.0529082992156,0.0 -49.0075269,-28.0529147992156,0.0 -49.0075366,-28.0529230992156,0.0 -49.0075541,-28.0529413992156,0.0 -49.0075652,-28.0529562992156,0.0 -49.0075727,-28.0529694992156,0.0 -49.0075803,-28.0529866992156,0.0 -49.0076004,-28.0530368992156,0.0 -49.0076121,-28.0530633992156,0.0 -49.0076248,-28.0530870992156,0.0 -49.007635,-28.0531017992156,0.0 -49.0076459,-28.0531143992156,0.0 -49.0076615,-28.0531291992156,0.0 -49.0076788,-28.0531432992156,0.0 -49.0077192,-28.0531740992156,0.0 -49.0077414,-28.0531934992156,0.0 -49.0077521,-28.0532043992156,0.0 -49.0077611,-28.0532148992156,0.0 -49.0077693,-28.0532256992156,0.0 -49.0077772,-28.0532380992156,0.0 -49.0077889,-28.0532594992156,0.0 -49.0078011,-28.0532860992156,0.0 -49.0078098,-28.0533079992156,0.0 -49.0078224,-28.0533427992156,0.0 -49.007835,-28.0533775992156,0.0 -49.0078486,-28.0534080992156,0.0 -49.0078612,-28.0534302992156,0.0 -49.0078752,-28.0534509992156,0.0 -49.0078886,-28.0534687992156,0.0 -49.0079121,-28.0534979992156,0.0 -49.0079193,-28.0535081992156,0.0 -49.007927,-28.0535217992156,0.0 -49.0079322,-28.0535352992156,0.0 -49.0079346,-28.0535454992156,0.0 -49.0079357,-28.0535560992156,0.0 -49.0079357,-28.0535671992156,0.0 -49.0079338,-28.0535844992156,0.0 -49.0079303,-28.0536067992156,0.0 -49.0079254,-28.0536314992156,0.0 -49.0079123,-28.0536804992156,0.0 -49.0079102,-28.0536922992156,0.0 -49.0079101,-28.0536974992156,0.0 -49.0079111,-28.0537051992156,0.0 -49.0079157,-28.0537185992156,0.0 -49.007922,-28.0537296992156,0.0 -49.0079338,-28.0537457992156,0.0 -49.0079464,-28.0537599992156,0.0 -49.0079584,-28.0537710992156,0.0 -49.0079723,-28.0537810992156,0.0 -49.007992,-28.0537933992156,0.0 -49.0080276,-28.0538138992156,0.0 -49.0080436,-28.0538217992156,0.0 -49.0080569,-28.0538258992156,0.0 -49.0080661,-28.0538270992156,0.0 -49.0080752,-28.0538272992156,0.0 -49.0081027,-28.0538254992156,0.0 -49.0081098,-28.0538237992156,0.0 -49.0081187,-28.0538203992156,0.0 -49.0081395,-28.0538094992156,0.0 -49.0081598,-28.0537966992156,0.0 -49.0081816,-28.0537811992156,0.0 -49.0082315,-28.0537421992156,0.0 -49.008244,-28.0537337992156,0.0 -49.0082573,-28.0537259992156,0.0 -49.0082776,-28.0537153992156,0.0 -49.0083029,-28.0537040992156,0.0 -49.0083245,-28.0536961992156,0.0 -49.0083427,-28.0536916992156,0.0 -49.0083557,-28.0536903992156,0.0 -49.0083653,-28.0536905992156,0.0 -49.0083961,-28.0536939992156,0.0 -49.008469,-28.0537057992156,0.0 -49.0085549,-28.0537226992156,0.0 -49.0086135,-28.0537319992156,0.0 -49.0086369,-28.0537347992156,0.0 -49.0086582,-28.0537365992156,0.0 -49.0086776,-28.0537373992156,0.0 -49.0086955,-28.0537373992156,0.0 -49.00872,-28.0537363992156,0.0 -49.0087507,-28.0537332992156,0.0 -49.0087741,-28.0537296992156,0.0 -49.0088075,-28.0537229992156,0.0 -49.0088411,-28.0537147992156,0.0 -49.0088651,-28.0537079992156,0.0 -49.0088812,-28.0537024992156,0.0 -49.0088974,-28.0536970992156,0.0 -49.008924,-28.0536866992156,0.0 -49.0089622,-28.0536702992156,0.0 -49.0090376,-28.0536350992156,0.0 -49.0090756,-28.0536186992156,0.0 -49.0092381,-28.0535559992156,0.0 -49.0092726,-28.0535433992156,0.0 -49.0093035,-28.0535304992156,0.0 -49.0093437,-28.0535117992156,0.0 -49.0093769,-28.0534947992156,0.0 -49.009401,-28.0534802992156,0.0 -49.0094083,-28.0534747992156,0.0 -49.0094142,-28.0534694992156,0.0 -49.0094188,-28.0534644992156,0.0 -49.009424,-28.0534572992156,0.0 -49.0094278,-28.0534504992156,0.0 -49.0094306,-28.0534439992156,0.0 -49.0094324,-28.0534377992156,0.0 -49.0094333,-28.0534316992156,0.0 -49.0094326,-28.0534205992156,0.0 -49.0094302,-28.0534102992156,0.0 -49.0094272,-28.0534019992156,0.0 -49.0094083,-28.0533625992156,0.0 -49.0093984,-28.0533352992156,0.0 -49.0093917,-28.0533117992156,0.0 -49.0093871,-28.0532920992156,0.0 -49.0093848,-28.0532781992156,0.0 -49.009384,-28.0532655992156,0.0 -49.0093844,-28.0532544992156,0.0 -49.0093855,-28.0532448992156,0.0 -49.0093872,-28.0532364992156,0.0 -49.0093895,-28.0532291992156,0.0 -49.0093924,-28.0532225992156,0.0 -49.0093973,-28.0532148992156,0.0 -49.0094017,-28.0532099992156,0.0 -49.0094082,-28.0532044992156,0.0 -49.0094222,-28.0531959992156,0.0 -49.0094377,-28.0531898992156,0.0 -49.0094586,-28.0531839992156,0.0 -49.0094824,-28.0531797992156,0.0 -49.0095196,-28.0531767992156,0.0 -49.0095848,-28.0531732992156,0.0 -49.009612,-28.0531738992156,0.0 -49.0096231,-28.0531749992156,0.0 -49.0096356,-28.0531772992156,0.0 -49.0096435,-28.0531795992156,0.0 -49.0096502,-28.0531824992156,0.0 -49.0096539,-28.0531846992156,0.0 -49.0096587,-28.0531884992156,0.0 -49.0096624,-28.0531928992156,0.0 -49.0096659,-28.0531991992156,0.0 -49.009668,-28.0532053992156,0.0 -49.0096693,-28.0532117992156,0.0 -49.00967,-28.0532230992156,0.0 -49.009669,-28.0532370992156,0.0 -49.0096603,-28.0532869992156,0.0 -49.0096573,-28.0533152992156,0.0 -49.0096559,-28.0533489992156,0.0 -49.0096563,-28.0533921992156,0.0 -49.0096577,-28.0534160992156,0.0 -49.0096598,-28.0534371992156,0.0 -49.0096624,-28.0534548992156,0.0 -49.0096671,-28.0534795992156,0.0 -49.0096695,-28.0534895992156,0.0 -49.0096725,-28.0534975992156,0.0 -49.0096768,-28.0535044992156,0.0 -49.009681,-28.0535081992156,0.0 -49.0096844,-28.0535096992156,0.0 -49.0096883,-28.0535105992156,0.0 -49.0097003,-28.0535103992156,0.0 -49.0097172,-28.0535074992156,0.0 -49.0097335,-28.0535031992156,0.0 -49.0097455,-28.0534984992156,0.0 -49.0097593,-28.0534912992156,0.0 -49.0097709,-28.0534836992156,0.0 -49.0097836,-28.0534742992156,0.0 -49.0097965,-28.0534630992156,0.0 -49.009805,-28.0534548992156,0.0 -49.009821,-28.0534369992156,0.0 -49.0098356,-28.0534171992156,0.0 -49.0098607,-28.0533777992156,0.0 -49.0098718,-28.0533621992156,0.0 -49.009884,-28.0533478992156,0.0 -49.0098909,-28.0533416992156,0.0 -49.0098958,-28.0533381992156,0.0 -49.0099041,-28.0533334992156,0.0 -49.0099136,-28.0533293992156,0.0 -49.0099317,-28.0533242992156,0.0 -49.0099433,-28.0533223992156,0.0 -49.0099547,-28.0533212992156,0.0 -49.0099754,-28.0533211992156,0.0 -49.0099877,-28.0533222992156,0.0 -49.0099989,-28.0533241992156,0.0 -49.0100091,-28.0533266992156,0.0 -49.0100165,-28.0533293992156,0.0 -49.010027,-28.0533344992156,0.0 -49.0100357,-28.0533398992156,0.0 -49.0100561,-28.0533549992156,0.0 -49.0101139,-28.0534025992156,0.0 -49.0101651,-28.0534498992156,0.0 -49.010197,-28.0534780992156,0.0 -49.0102086,-28.0534902992156,0.0 -49.0102194,-28.0535034992156,0.0 -49.0102321,-28.0535208992156,0.0 -49.0102425,-28.0535368992156,0.0 -49.0102488,-28.0535480992156,0.0 -49.0102539,-28.0535587992156,0.0 -49.0102612,-28.0535784992156,0.0 -49.010265,-28.0535962992156,0.0 -49.0102656,-28.0536049992156,0.0 -49.010265,-28.0536137992156,0.0 -49.0102632,-28.0536227992156,0.0 -49.0102611,-28.0536288992156,0.0 -49.0102537,-28.0536442992156,0.0 -49.0102419,-28.0536615992156,0.0 -49.0102331,-28.0536718992156,0.0 -49.0102261,-28.0536788992156,0.0 -49.0102094,-28.0536923992156,0.0 -49.0101921,-28.0537032992156,0.0 -49.0101733,-28.0537126992156,0.0 -49.0101555,-28.0537192992156,0.0 -49.0101429,-28.0537219992156,0.0 -49.0101256,-28.0537234992156,0.0 -49.0100965,-28.0537240992156,0.0 -49.0100594,-28.0537234992156,0.0 -49.0100471,-28.0537242992156,0.0 -49.0100376,-28.0537264992156,0.0 -49.0100312,-28.0537293992156,0.0 -49.0100263,-28.0537332992156,0.0 -49.0100219,-28.0537398992156,0.0 -49.0100196,-28.0537465992156,0.0 -49.0100184,-28.0537545992156,0.0 -49.0100178,-28.0537684992156,0.0 -49.0100181,-28.0537812992156,0.0 -49.0100196,-28.0537953992156,0.0 -49.0100236,-28.0538206992156,0.0 -49.0100276,-28.0538391992156,0.0 -49.0100308,-28.0538476992156,0.0 -49.0100339,-28.0538535992156,0.0 -49.0100432,-28.0538668992156,0.0 -49.0100589,-28.0538843992156,0.0 -49.0100711,-28.0538944992156,0.0 -49.0100798,-28.0538997992156,0.0 -49.0100888,-28.0539043992156,0.0 -49.0101014,-28.0539100992156,0.0 -49.0101142,-28.0539149992156,0.0 -49.0101385,-28.0539218992156,0.0 -49.0101639,-28.0539266992156,0.0 -49.0101783,-28.0539282992156,0.0 -49.0101891,-28.0539288992156,0.0 -49.0102088,-28.0539280992156,0.0 -49.0102193,-28.0539267992156,0.0 -49.0102275,-28.0539250992156,0.0 -49.010234,-28.0539225992156,0.0 -49.01024,-28.0539189992156,0.0 -49.0102436,-28.0539153992156,0.0 -49.0102471,-28.0539086992156,0.0 -49.0102514,-28.0538968992156,0.0 -49.0102536,-28.0538873992156,0.0 -49.0102553,-28.0538670992156,0.0 -49.0102573,-28.0538078992156,0.0 -49.0102589,-28.0537801992156,0.0 -49.0102616,-28.0537586992156,0.0 -49.0102651,-28.0537439992156,0.0 -49.0102693,-28.0537348992156,0.0 -49.0102717,-28.0537316992156,0.0 -49.0102763,-28.0537275992156,0.0 -49.010282,-28.0537236992156,0.0 -49.0102888,-28.0537200992156,0.0 -49.0103026,-28.0537149992156,0.0 -49.0103122,-28.0537124992156,0.0 -49.0103262,-28.0537097992156,0.0 -49.01034,-28.0537080992156,0.0 -49.0103518,-28.0537074992156,0.0 -49.0103648,-28.0537079992156,0.0 -49.010381,-28.0537095992156,0.0 -49.0103936,-28.0537115992156,0.0 -49.0104056,-28.0537142992156,0.0 -49.0104264,-28.0537209992156,0.0 -49.0104667,-28.0537386992156,0.0 -49.010473,-28.0537428992156,0.0 -49.010478,-28.0537474992156,0.0 -49.0104867,-28.0537576992156,0.0 -49.0104916,-28.0537652992156,0.0 -49.0104961,-28.0537771992156,0.0 -49.0104983,-28.0537910992156,0.0 -49.0104985,-28.0538065992156,0.0 -49.0104969,-28.0538268992156,0.0 -49.0104946,-28.0538437992156,0.0 -49.01049,-28.0538660992156,0.0 -49.0104786,-28.0539120992156,0.0 -49.0104732,-28.0539283992156,0.0 -49.0104673,-28.0539415992156,0.0 -49.0104624,-28.0539507992156,0.0 -49.0104498,-28.0539696992156,0.0 -49.0104339,-28.0539890992156,0.0 -49.0103994,-28.0540262992156,0.0 -49.010387,-28.0540410992156,0.0 -49.0103796,-28.0540537992156,0.0 -49.0103734,-28.0540711992156,0.0 -49.0103702,-28.0540866992156,0.0 -49.0103691,-28.0540977992156,0.0 -49.0103697,-28.0541873992156,0.0 -49.0103693,-28.0542028992156,0.0 -49.010368,-28.0542139992156,0.0 -49.0103649,-28.0542267992156,0.0 -49.0103616,-28.0542372992156,0.0 -49.0103344,-28.0543106992156,0.0 -49.01032,-28.0543529992156,0.0 -49.0103133,-28.0543785992156,0.0 -49.0103118,-28.0543878992156,0.0 -49.0103111,-28.0543988992156,0.0 -49.0103118,-28.0544092992156,0.0 -49.0103146,-28.0544203992156,0.0 -49.0103189,-28.0544297992156,0.0 -49.0103274,-28.0544434992156,0.0 -49.0103382,-28.0544571992156,0.0 -49.0103704,-28.0544927992156,0.0 -49.0103956,-28.0545232992156,0.0 -49.0104268,-28.0545648992156,0.0 -49.0104358,-28.0545782992156,0.0 -49.0104405,-28.0545868992156,0.0 -49.0104439,-28.0545951992156,0.0 -49.0104462,-28.0546038992156,0.0 -49.0104487,-28.0546254992156,0.0 -49.0104486,-28.0546413992156,0.0 -49.0104451,-28.0546713992156,0.0 -49.0104442,-28.0546848992156,0.0 -49.0104445,-28.0546971992156,0.0 -49.0104458,-28.0547059992156,0.0 -49.0104499,-28.0547186992156,0.0 -49.0104594,-28.0547377992156,0.0 -49.0104662,-28.0547482992156,0.0 -49.0104706,-28.0547539992156,0.0 -49.0104795,-28.0547623992156,0.0 -49.0104843,-28.0547653992156,0.0 -49.0104923,-28.0547687992156,0.0 -49.0105046,-28.0547714992156,0.0 -49.0105114,-28.0547719992156,0.0 -49.0105221,-28.0547716992156,0.0 -49.0105398,-28.0547691992156,0.0 -49.0105552,-28.0547653992156,0.0 -49.0105707,-28.0547601992156,0.0 -49.0106083,-28.0547434992156,0.0 -49.01063,-28.0547351992156,0.0 -49.0106525,-28.0547285992156,0.0 -49.0106689,-28.0547262992156,0.0 -49.0106908,-28.0547258992156,0.0 -49.0107109,-28.0547268992156,0.0 -49.0107304,-28.0547290992156,0.0 -49.010777,-28.0547358992156,0.0 -49.0108146,-28.0547392992156,0.0 -49.0108497,-28.0547402992156,0.0 -49.0108624,-28.0547397992156,0.0 -49.0108739,-28.0547383992156,0.0 -49.0108955,-28.0547341992156,0.0 -49.0109128,-28.0547296992156,0.0 -49.0109267,-28.0547250992156,0.0 -49.0109416,-28.0547183992156,0.0 -49.0109544,-28.0547107992156,0.0 -49.010963,-28.0547042992156,0.0 -49.0109719,-28.0546950992156,0.0 -49.0109812,-28.0546827992156,0.0 -49.0109851,-28.0546761992156,0.0 -49.0109879,-28.0546691992156,0.0 -49.0109889,-28.0546633992156,0.0 -49.0109893,-28.0546540992156,0.0 -49.0109888,-28.0546452992156,0.0 -49.0109871,-28.0546370992156,0.0 -49.0109848,-28.0546313992156,0.0 -49.0109811,-28.0546256992156,0.0 -49.0109743,-28.0546184992156,0.0 -49.0109643,-28.0546110992156,0.0 -49.010886,-28.0545665992156,0.0 -49.0108688,-28.0545581992156,0.0 -49.0108461,-28.0545490992156,0.0 -49.0108217,-28.0545413992156,0.0 -49.0107999,-28.0545361992156,0.0 -49.0107768,-28.0545321992156,0.0 -49.0107561,-28.0545297992156,0.0 -49.0107318,-28.0545283992156,0.0 -49.0106897,-28.0545271992156,0.0 -49.0106816,-28.0545263992156,0.0 -49.0106728,-28.0545247992156,0.0 -49.0106633,-28.0545214992156,0.0 -49.0106561,-28.0545172992156,0.0 -49.0106521,-28.0545126992156,0.0 -49.0106498,-28.0545067992156,0.0 -49.010649,-28.0544972992156,0.0 -49.01065,-28.0544818992156,0.0 -49.0106525,-28.0544687992156,0.0 -49.0106563,-28.0544561992156,0.0 -49.0106614,-28.0544432992156,0.0 -49.0106671,-28.0544317992156,0.0 -49.0106872,-28.0543989992156,0.0 -49.010691,-28.0543904992156,0.0 -49.0106946,-28.0543789992156,0.0 -49.0106978,-28.0543645992156,0.0 -49.0106994,-28.0543534992156,0.0 -49.0107004,-28.0543414992156,0.0 -49.0107018,-28.0543026992156,0.0 -49.0107048,-28.0542776992156,0.0 -49.0107071,-28.0542663992156,0.0 -49.0107114,-28.0542516992156,0.0 -49.0107146,-28.0542437992156,0.0 -49.0107199,-28.0542340992156,0.0 -49.0107259,-28.0542259992156,0.0 -49.0107326,-28.0542185992156,0.0 -49.0107459,-28.0542069992156,0.0 -49.0107554,-28.0542006992156,0.0 -49.0107625,-28.0541968992156,0.0 -49.0107783,-28.0541899992156,0.0 -49.0107959,-28.0541845992156,0.0 -49.0108185,-28.0541802992156,0.0 -49.010841,-28.0541786992156,0.0 -49.0108648,-28.0541792992156,0.0 -49.010888,-28.0541812992156,0.0 -49.0109107,-28.0541840992156,0.0 -49.0109716,-28.0541942992156,0.0 -49.0109957,-28.0541995992156,0.0 -49.0110116,-28.0542037992156,0.0 -49.0110252,-28.0542081992156,0.0 -49.0110375,-28.0542135992156,0.0 -49.0110458,-28.0542181992156,0.0 -49.0110597,-28.0542270992156,0.0 -49.0111407,-28.0542856992156,0.0 -49.0112067,-28.0543313992156,0.0 -49.0112776,-28.0543810992156,0.0 -49.0113276,-28.0544140992156,0.0 -49.0113493,-28.0544275992156,0.0 -49.0113749,-28.0544416992156,0.0 -49.0113882,-28.0544478992156,0.0 -49.0114365,-28.0544678992156,0.0 -49.011445,-28.0544720992156,0.0 -49.0114551,-28.0544782992156,0.0 -49.0114626,-28.0544843992156,0.0 -49.0114704,-28.0544927992156,0.0 -49.0114767,-28.0545014992156,0.0 -49.0114819,-28.0545104992156,0.0 -49.011488,-28.0545251992156,0.0 -49.0115023,-28.0545723992156,0.0 -49.011511,-28.0545956992156,0.0 -49.0115158,-28.0546060992156,0.0 -49.011521,-28.0546152992156,0.0 -49.0115264,-28.0546229992156,0.0 -49.011532,-28.0546292992156,0.0 -49.0115412,-28.0546368992156,0.0 -49.0115547,-28.0546451992156,0.0 -49.0115701,-28.0546528992156,0.0 -49.0116217,-28.0546763992156,0.0 -49.0116391,-28.0546861992156,0.0 -49.0116528,-28.0546957992156,0.0 -49.0116645,-28.0547055992156,0.0 -49.0116734,-28.0547139992156,0.0 -49.0117325,-28.0547748992156,0.0 -49.0117664,-28.0548073992156,0.0 -49.011792,-28.0548284992156,0.0 -49.0118037,-28.0548369992156,0.0 -49.0118196,-28.0548471992156,0.0 -49.0118379,-28.0548565992156,0.0 -49.0118506,-28.0548615992156,0.0 -49.0118631,-28.0548657992156,0.0 -49.0118756,-28.0548689992156,0.0 -49.0118839,-28.0548704992156,0.0 -49.011892,-28.0548714992156,0.0 -49.0119044,-28.0548718992156,0.0 -49.011926,-28.0548701992156,0.0 -49.011958,-28.0548646992156,0.0 -49.0119917,-28.0548566992156,0.0 -49.0120249,-28.0548468992156,0.0 -49.0120371,-28.0548420992156,0.0 -49.0120517,-28.0548345992156,0.0 -49.0120639,-28.0548270992156,0.0 -49.0120765,-28.0548182992156,0.0 -49.012094,-28.0548040992156,0.0 -49.0121785,-28.0547305992156,0.0 -49.0122049,-28.0547086992156,0.0 -49.0122304,-28.0546897992156,0.0 -49.0122752,-28.0546606992156,0.0 -49.0122854,-28.0546531992156,0.0 -49.0122962,-28.0546433992156,0.0 -49.0123043,-28.0546335992156,0.0 -49.0123116,-28.0546209992156,0.0 -49.0123171,-28.0546076992156,0.0 -49.0123204,-28.0545969992156,0.0 -49.0123232,-28.0545843992156,0.0 -49.0123244,-28.0545745992156,0.0 -49.0123246,-28.0545644992156,0.0 -49.0123238,-28.0545561992156,0.0 -49.012322,-28.0545472992156,0.0 -49.0123182,-28.0545338992156,0.0 -49.0123148,-28.0545250992156,0.0 -49.0123107,-28.0545184992156,0.0 -49.012304,-28.0545101992156,0.0 -49.0122974,-28.0545041992156,0.0 -49.0122923,-28.0545006992156,0.0 -49.0122841,-28.0544965992156,0.0 -49.0122756,-28.0544931992156,0.0 -49.0122396,-28.0544824992156,0.0 -49.0122253,-28.0544772992156,0.0 -49.0122149,-28.0544712992156,0.0 -49.0122071,-28.0544637992156,0.0 -49.0122026,-28.0544569992156,0.0 -49.0121983,-28.0544483992156,0.0 -49.0121942,-28.0544378992156,0.0 -49.0121921,-28.0544291992156,0.0 -49.0121913,-28.0544171992156,0.0 -49.0121918,-28.0543967992156,0.0 -49.0121925,-28.0543842992156,0.0 -49.0121942,-28.0543733992156,0.0 -49.0121973,-28.0543647992156,0.0 -49.0122043,-28.0543540992156,0.0 -49.0122159,-28.0543406992156,0.0 -49.0122397,-28.0543182992156,0.0 -49.0122502,-28.0543072992156,0.0 -49.0122587,-28.0542957992156,0.0 -49.0122668,-28.0542798992156,0.0 -49.0123197,-28.0541411992156,0.0 -49.0123569,-28.0540468992156,0.0 -49.0123665,-28.0540207992156,0.0 -49.0123753,-28.0539930992156,0.0 -49.0123953,-28.0539242992156,0.0 -49.012426,-28.0538245992156,0.0 -49.0124359,-28.0537871992156,0.0 -49.0124418,-28.0537576992156,0.0 -49.0124617,-28.0536164992156,0.0 -49.012476,-28.0535249992156,0.0 -49.0124903,-28.0534334992156,0.0 -49.0125166,-28.0532810992156,0.0 -49.0125195,-28.0532669992156,0.0 -49.0125233,-28.0532544992156,0.0 -49.0125285,-28.0532418992156,0.0 -49.0125386,-28.0532223992156,0.0 -49.0126007,-28.0531145992156,0.0 -49.0126594,-28.0530204992156,0.0 -49.0126723,-28.0530023992156,0.0 -49.0126875,-28.0529854992156,0.0 -49.0127051,-28.0529694992156,0.0 -49.0127245,-28.0529547992156,0.0 -49.0127405,-28.0529445992156,0.0 -49.0127588,-28.0529348992156,0.0 -49.0127799,-28.0529257992156,0.0 -49.0128096,-28.0529144992156,0.0 -49.012906,-28.0528801992156,0.0 -49.0129377,-28.0528702992156,0.0 -49.0129533,-28.0528666992156,0.0 -49.0129727,-28.0528633992156,0.0 -49.0129929,-28.0528606992156,0.0 -49.013015,-28.0528584992156,0.0 -49.0130383,-28.0528569992156,0.0 -49.013065,-28.0528561992156,0.0 -49.0131348,-28.0528577992156,0.0 -49.0131589,-28.0528575992156,0.0 -49.013178,-28.0528562992156,0.0 -49.0131921,-28.0528545992156,0.0 -49.0132026,-28.0528526992156,0.0 -49.0132137,-28.0528494992156,0.0 -49.01322,-28.0528467992156,0.0 -49.013226,-28.0528431992156,0.0 -49.0132335,-28.0528370992156,0.0 -49.0132394,-28.0528308992156,0.0 -49.0132452,-28.0528219992156,0.0 -49.0132561,-28.0527977992156,0.0 -49.0132622,-28.0527900992156,0.0 -49.013268,-28.0527851992156,0.0 -49.0132766,-28.0527794992156,0.0 -49.0132843,-28.0527759992156,0.0 -49.0132912,-28.0527740992156,0.0 -49.0133143,-28.0527704992157,0.0 -49.0133322,-28.0527687992156,0.0 -49.013347,-28.0527687992156,0.0 -49.0133655,-28.0527701992156,0.0 -49.0133809,-28.0527724992156,0.0 -49.0133955,-28.0527756992156,0.0 -49.0134373,-28.0527887992156,0.0 -49.0134507,-28.0527921992156,0.0 -49.0134751,-28.0527964992156,0.0 -49.0134936,-28.0527981992156,0.0 -49.0135172,-28.0527979992156,0.0 -49.0135374,-28.0527960992156,0.0 -49.0135438,-28.0527948992156,0.0 -49.0135516,-28.0527923992156,0.0 -49.0135634,-28.0527864992156,0.0 -49.0135719,-28.0527794992156,0.0 -49.01358,-28.0527699992156,0.0 -49.0135854,-28.0527614992156,0.0 -49.0135911,-28.0527490992156,0.0 -49.0135965,-28.0527338992156,0.0 -49.0135996,-28.0527216992156,0.0 -49.0136041,-28.0526980992157,0.0 -49.0136073,-28.0526766992156,0.0 -49.0136091,-28.0526546992156,0.0 -49.01361,-28.0526189992156,0.0 -49.0136113,-28.0525675992156,0.0 -49.0136071,-28.0525118992156,0.0 -49.0136065,-28.0524893992157,0.0 -49.0136068,-28.0524671992156,0.0 -49.013611,-28.0523959992157,0.0 -49.0136132,-28.0523771992157,0.0 -49.0136166,-28.0523594992157,0.0 -49.0136219,-28.0523424992157,0.0 -49.0136268,-28.0523312992156,0.0 -49.0136363,-28.0523142992156,0.0 -49.013647,-28.0522980992156,0.0 -49.0136631,-28.0522754992157,0.0 -49.0136754,-28.0522601992157,0.0 -49.0136904,-28.0522440992157,0.0 -49.013708,-28.0522273992157,0.0 -49.013731,-28.0522085992157,0.0 -49.0137533,-28.0521931992157,0.0 -49.0137742,-28.0521812992157,0.0 -49.0137903,-28.0521747992157,0.0 -49.0138019,-28.0521716992157,0.0 -49.0138128,-28.0521695992157,0.0 -49.0138261,-28.0521677992156,0.0 -49.0138363,-28.0521669992157,0.0 -49.013852,-28.0521667992157,0.0 -49.0138685,-28.0521674992157,0.0 -49.0138835,-28.0521691992157,0.0 -49.0138934,-28.0521710992157,0.0 -49.0139024,-28.0521735992157,0.0 -49.0139111,-28.0521768992157,0.0 -49.0139424,-28.0521924992156,0.0 -49.0139621,-28.0522042992156,0.0 -49.0139821,-28.0522194992157,0.0 -49.0140028,-28.0522372992157,0.0 -49.0140137,-28.0522484992156,0.0 -49.0140221,-28.0522588992157,0.0 -49.0140435,-28.0522878992157,0.0 -49.0140574,-28.0523042992157,0.0 -49.0140719,-28.0523180992157,0.0 -49.0140828,-28.0523259992157,0.0 -49.0140899,-28.0523298992157,0.0 -49.0140965,-28.0523327992157,0.0 -49.0141028,-28.0523344992157,0.0 -49.0141115,-28.0523352992157,0.0 -49.01412,-28.0523343992157,0.0 -49.0141286,-28.0523324992157,0.0 -49.0141398,-28.0523283992157,0.0 -49.0141475,-28.0523244992156,0.0 -49.0141579,-28.0523172992157,0.0 -49.0141702,-28.0523060992157,0.0 -49.0141916,-28.0522835992157,0.0 -49.0142118,-28.0522611992156,0.0 -49.0142231,-28.0522468992157,0.0 -49.0142323,-28.0522333992157,0.0 -49.0142402,-28.0522191992156,0.0 -49.0142442,-28.0522091992157,0.0 -49.0142462,-28.0522011992157,0.0 -49.014248,-28.0521892992157,0.0 -49.0142489,-28.0521757992157,0.0 -49.0142492,-28.0521574992157,0.0 -49.014248,-28.0521317992157,0.0 -49.0142416,-28.0520658992157,0.0 -49.014241,-28.0520465992157,0.0 -49.0142417,-28.0520277992157,0.0 -49.0142444,-28.0520063992157,0.0 -49.014249,-28.0519888992157,0.0 -49.0142527,-28.0519802992157,0.0 -49.0142557,-28.0519751992157,0.0 -49.0142639,-28.0519655992157,0.0 -49.0142724,-28.0519583992157,0.0 -49.0142869,-28.0519485992157,0.0 -49.0143449,-28.0519159992157,0.0 -49.0143598,-28.0519064992157,0.0 -49.0143729,-28.0518968992157,0.0 -49.0143844,-28.0518874992157,0.0 -49.0143969,-28.0518756992157,0.0 -49.0144304,-28.0518392992157,0.0 -49.0144466,-28.0518225992157,0.0 -49.0144567,-28.0518137992157,0.0 -49.0144679,-28.0518062992157,0.0 -49.0144845,-28.0517982992157,0.0 -49.0144946,-28.0517947992157,0.0 -49.0145042,-28.0517923992157,0.0 -49.0145221,-28.0517898992157,0.0 -49.0145802,-28.0517862992157,0.0 -49.0145906,-28.0517837992157,0.0 -49.0145965,-28.0517812992157,0.0 -49.0146003,-28.0517788992157,0.0 -49.0146051,-28.0517736992157,0.0 -49.0146078,-28.0517665992157,0.0 -49.0146097,-28.0517556992157,0.0 -49.0146113,-28.0517339992157,0.0 -49.0146127,-28.0517243992157,0.0 -49.0146152,-28.0517138992157,0.0 -49.014619,-28.0517043992157,0.0 -49.0146254,-28.0516947992157,0.0 -49.014633,-28.0516875992157,0.0 -49.0146419,-28.0516821992157,0.0 -49.0146529,-28.0516781992157,0.0 -49.0146695,-28.0516757992157,0.0 -49.0146817,-28.0516751992157,0.0 -49.0146889,-28.0516755992157,0.0 -49.0146961,-28.0516771992157,0.0 -49.0147023,-28.0516794992157,0.0 -49.014717,-28.0516877992157,0.0 -49.0147355,-28.0517017992157,0.0 -49.0147507,-28.0517158992157,0.0 -49.0147645,-28.0517308992157,0.0 -49.0147943,-28.0517663992157,0.0 -49.0148079,-28.0517801992157,0.0 -49.0148232,-28.0517920992156,0.0 -49.0148343,-28.0517990992157,0.0 -49.0148423,-28.0518031992157,0.0 -49.0148503,-28.0518065992157,0.0 -49.0148616,-28.0518097992157,0.0 -49.0148737,-28.0518118992157,0.0 -49.0148863,-28.0518127992157,0.0 -49.0148981,-28.0518124992157,0.0 -49.014908,-28.0518110992157,0.0 -49.0149164,-28.0518083992157,0.0 -49.0149234,-28.0518047992157,0.0 -49.0149299,-28.0517998992157,0.0 -49.0149342,-28.0517945992157,0.0 -49.0149381,-28.0517862992157,0.0 -49.0149402,-28.0517783992157,0.0 -49.0149418,-28.0517536992157,0.0 -49.0149413,-28.0517008992157,0.0 -49.0149423,-28.0516858992157,0.0 -49.0149441,-28.0516761992157,0.0 -49.0149475,-28.0516689992157,0.0 -49.0149543,-28.0516589992157,0.0 -49.0149899,-28.0516163992157,0.0 -49.0149953,-28.0516076992157,0.0 -49.0149999,-28.0515985992157,0.0 -49.0150036,-28.0515868992157,0.0 -49.0150053,-28.0515738992157,0.0 -49.0150058,-28.0515581992157,0.0 -49.0150044,-28.0515229992157,0.0 -49.0150051,-28.0515156992157,0.0 -49.0150074,-28.0515051992157,0.0 -49.0150099,-28.0514976992157,0.0 -49.0150136,-28.0514926992157,0.0 -49.0150204,-28.0514870992157,0.0 -49.0150294,-28.0514814992157,0.0 -49.0150363,-28.0514784992157,0.0 -49.0150447,-28.0514759992157,0.0 -49.015057,-28.0514736992157,0.0 -49.0150665,-28.0514728992157,0.0 -49.0150759,-28.0514729992157,0.0 -49.015085,-28.0514737992157,0.0 -49.0150938,-28.0514752992157,0.0 -49.0151051,-28.0514779992157,0.0 -49.0151213,-28.0514835992157,0.0 -49.0151337,-28.0514894992157,0.0 -49.0151455,-28.0514970992157,0.0 -49.0151741,-28.0515175992157,0.0 -49.0151871,-28.0515255992157,0.0 -49.015195,-28.0515290992157,0.0 -49.0152007,-28.0515307992157,0.0 -49.0152153,-28.0515331992157,0.0 -49.0152473,-28.0515345992157,0.0 -49.0153055,-28.0515328992157,0.0 -49.0153301,-28.0515335992157,0.0 -49.0153457,-28.0515355992157,0.0 -49.0154381,-28.0515521992157,0.0 -49.0154537,-28.0515540992157,0.0 -49.0154661,-28.0515547992157,0.0 -49.0154847,-28.0515535992157,0.0 -49.0155025,-28.0515496992157,0.0 -49.0155113,-28.0515466992157,0.0 -49.0155196,-28.0515430992157,0.0 -49.0155252,-28.0515399992157,0.0 -49.0155324,-28.0515347992157,0.0 -49.0155636,-28.0515065992157,0.0 -49.0155865,-28.0514835992157,0.0 -49.0156041,-28.0514629992157,0.0 -49.0156163,-28.0514452992157,0.0 -49.0156196,-28.0514388992157,0.0 -49.0156233,-28.0514291992157,0.0 -49.0156276,-28.0514105992157,0.0 -49.0156294,-28.0513890992157,0.0 -49.0156291,-28.0513661992157,0.0 -49.0156272,-28.0513442992157,0.0 -49.0156243,-28.0513211992157,0.0 -49.0156222,-28.0513104992157,0.0 -49.015619,-28.0513011992157,0.0 -49.0156127,-28.0512910992157,0.0 -49.0155745,-28.0512462992157,0.0 -49.0155576,-28.0512248992157,0.0 -49.0155456,-28.0512067992157,0.0 -49.0155317,-28.0511821992157,0.0 -49.0155239,-28.0511665992157,0.0 -49.0155174,-28.0511512992157,0.0 -49.01551,-28.0511284992157,0.0 -49.0155077,-28.0511165992157,0.0 -49.0155068,-28.0511062992157,0.0 -49.0155071,-28.0510973992157,0.0 -49.0155083,-28.0510897992157,0.0 -49.0155112,-28.0510810992157,0.0 -49.0155152,-28.0510734992157,0.0 -49.0155238,-28.0510611992157,0.0 -49.0155316,-28.0510518992157,0.0 -49.0155438,-28.0510405992157,0.0 -49.015567,-28.0510212992157,0.0 -49.0155974,-28.0509985992157,0.0 -49.0156094,-28.0509887992157,0.0 -49.0156233,-28.0509750992157,0.0 -49.0156269,-28.0509704992157,0.0 -49.01563,-28.0509647992157,0.0 -49.0156326,-28.0509572992157,0.0 -49.0156342,-28.0509500992157,0.0 -49.0156357,-28.0509313992157,0.0 -49.0156354,-28.0509019992157,0.0 -49.0156329,-28.0508150992157,0.0 -49.0156346,-28.0507462992157,0.0 -49.015637,-28.0507287992157,0.0 -49.0156421,-28.0507015992157,0.0 -49.0156528,-28.0506493992157,0.0 -49.0156597,-28.0506201992157,0.0 -49.0156658,-28.0506000992157,0.0 -49.0156735,-28.0505819992157,0.0 -49.0156826,-28.0505655992157,0.0 -49.0156964,-28.0505461992157,0.0 -49.0157021,-28.0505396992157,0.0 -49.0157078,-28.0505331992157,0.0 -49.0157243,-28.0505179992157,0.0 -49.0157375,-28.0505081992157,0.0 -49.015756,-28.0504971992157,0.0 -49.0157753,-28.0504881992157,0.0 -49.0157957,-28.0504808992157,0.0 -49.0158174,-28.0504748992157,0.0 -49.0158475,-28.0504689992157,0.0 -49.0158737,-28.0504653992157,0.0 -49.0158995,-28.0504632992157,0.0 -49.0159242,-28.0504630992157,0.0 -49.0159507,-28.0504647992157,0.0 -49.0159799,-28.0504679992157,0.0 -49.0160136,-28.0504731992157,0.0 -49.0161289,-28.0504958992157,0.0 -49.0162469,-28.0505226992157,0.0 -49.0163288,-28.0505440992157,0.0 -49.0163768,-28.0505542992157,0.0 -49.0163957,-28.0505575992157,0.0 -49.0164148,-28.0505598992157,0.0 -49.0164374,-28.0505612992157,0.0 -49.0164528,-28.0505611992157,0.0 -49.0164668,-28.0505595992157,0.0 -49.0164834,-28.0505552992157,0.0 -49.0164943,-28.0505507992157,0.0 -49.0165035,-28.0505441992157,0.0 -49.0165108,-28.0505360992157,0.0 -49.0165174,-28.0505265992157,0.0 -49.0165471,-28.0504752992157,0.0 -49.0165589,-28.0504575992157,0.0 -49.0165657,-28.0504492992157,0.0 -49.0165772,-28.0504375992157,0.0 -49.0165887,-28.0504273992157,0.0 -49.0166023,-28.0504163992157,0.0 -49.0166191,-28.0504050992157,0.0 -49.0166291,-28.0503996992157,0.0 -49.016639,-28.0503951992157,0.0 -49.0166641,-28.0503863992157,0.0 -49.0166818,-28.0503813992157,0.0 -49.0166932,-28.0503787992157,0.0 -49.0167044,-28.0503777992157,0.0 -49.0167197,-28.0503782992157,0.0 -49.0167322,-28.0503804992157,0.0 -49.0167419,-28.0503839992157,0.0 -49.0167491,-28.0503881992157,0.0 -49.0167568,-28.0503935992157,0.0 -49.016788,-28.0504194992157,0.0 -49.0168065,-28.0504328992157,0.0 -49.0168269,-28.0504443992157,0.0 -49.0168477,-28.0504533992157,0.0 -49.0168667,-28.0504595992157,0.0 -49.0168822,-28.0504631992157,0.0 -49.0169031,-28.0504662992157,0.0 -49.0169229,-28.0504676992157,0.0 -49.0169405,-28.0504675992157,0.0 -49.0169646,-28.0504664992157,0.0 -49.0170221,-28.0504619992157,0.0 -49.017077,-28.0504554992157,0.0 -49.0171174,-28.0504486992157,0.0 -49.0171525,-28.0504409992157,0.0 -49.0171791,-28.0504338992157,0.0 -49.017207,-28.0504246992157,0.0 -49.0172706,-28.0504020992157,0.0 -49.0172882,-28.0503973992157,0.0 -49.0172995,-28.0503955992157,0.0 -49.0173126,-28.0503950992157,0.0 -49.0173244,-28.0503960992157,0.0 -49.0173521,-28.0504011992157,0.0 -49.0173881,-28.0504089992157,0.0 -49.0174014,-28.0504108992157,0.0 -49.0174116,-28.0504115992157,0.0 -49.0174253,-28.0504113992157,0.0 -49.0174411,-28.0504091992157,0.0 -49.017451,-28.0504060992157,0.0 -49.0174551,-28.0504040992157,0.0 -49.0174603,-28.0504005992157,0.0 -49.0174661,-28.0503945992157,0.0 -49.0174708,-28.0503863992157,0.0 -49.0174753,-28.0503725992157,0.0 -49.0174777,-28.0503580992157,0.0 -49.0174781,-28.0503452992157,0.0 -49.0174768,-28.0503311992157,0.0 -49.017474,-28.0503176992157,0.0 -49.0174693,-28.0503024992157,0.0 -49.0174636,-28.0502868992157,0.0 -49.0174577,-28.0502736992157,0.0 -49.0174361,-28.0502335992157,0.0 -49.0174066,-28.0501821992157,0.0 -49.0173742,-28.0501313992157,0.0 -49.0173681,-28.0501205992157,0.0 -49.0173626,-28.0501068992157,0.0 -49.0173454,-28.0500513992157,0.0 -49.0173372,-28.0500304992157,0.0 -49.0173298,-28.0500137992157,0.0 -49.0173261,-28.0500072992157,0.0 -49.0173218,-28.0500012992157,0.0 -49.0173164,-28.0499956992157,0.0 -49.0173097,-28.0499899992157,0.0 -49.0172957,-28.0499800992157,0.0 -49.0172496,-28.0499499992157,0.0 -49.0172351,-28.0499392992157,0.0 -49.0172188,-28.0499260992157,0.0 -49.0171995,-28.0499077992157,0.0 -49.0171674,-28.0498724992157,0.0 -49.0171595,-28.0498616992157,0.0 -49.0171528,-28.0498498992157,0.0 -49.0171476,-28.0498381992157,0.0 -49.017143,-28.0498251992157,0.0 -49.0171413,-28.0498175992157,0.0 -49.0171404,-28.0498081992157,0.0 -49.0171415,-28.0497843992157,0.0 -49.0171437,-28.0497742992157,0.0 -49.0171483,-28.0497612992157,0.0 -49.0171536,-28.0497503992157,0.0 -49.01716,-28.0497397992157,0.0 -49.017176,-28.0497184992157,0.0 -49.0172078,-28.0496827992157,0.0 -49.017213,-28.0496758992157,0.0 -49.0172178,-28.0496679992157,0.0 -49.0172257,-28.0496507992157,0.0 -49.0172419,-28.0496080992157,0.0 -49.0172485,-28.0495948992157,0.0 -49.017256,-28.0495822992157,0.0 -49.0172629,-28.0495725992157,0.0 -49.0172695,-28.0495649992157,0.0 -49.0173043,-28.0495302992157,0.0 -49.0173193,-28.0495119992157,0.0 -49.017327,-28.0495001992157,0.0 -49.0173319,-28.0494896992157,0.0 -49.0173347,-28.0494812992157,0.0 -49.017343,-28.0494402992157,0.0 -49.0173474,-28.0494244992157,0.0 -49.0173565,-28.0494016992157,0.0 -49.0173613,-28.0493931992157,0.0 -49.0173661,-28.0493863992157,0.0 -49.0173793,-28.0493719992157,0.0 -49.0173939,-28.0493589992157,0.0 -49.0174447,-28.0493192992157,0.0 -49.0175247,-28.0492512992157,0.0 -49.0175711,-28.0492131992157,0.0 -49.0176163,-28.0491776992157,0.0 -49.0176385,-28.0491617992157,0.0 -49.0176558,-28.0491527992157,0.0 -49.0176809,-28.0491435992157,0.0 -49.0177362,-28.0491277992157,0.0 -49.0178538,-28.0490939992157,0.0 -49.0178872,-28.0490847992157,0.0 -49.0179166,-28.0490777992157,0.0 -49.0179469,-28.0490713992157,0.0 -49.017962,-28.0490692992157,0.0 -49.0179729,-28.0490689992157,0.0 -49.0179849,-28.0490700992157,0.0 -49.017994,-28.0490723992157,0.0 -49.0180025,-28.0490762992157,0.0 -49.0180079,-28.0490801992157,0.0 -49.0180155,-28.0490875992157,0.0 -49.018046,-28.0491244992157,0.0 -49.01806,-28.0491380992157,0.0 -49.0180674,-28.0491436992157,0.0 -49.0180759,-28.0491483992157,0.0 -49.0180834,-28.0491509992157,0.0 -49.0180947,-28.0491531992157,0.0 -49.0181038,-28.0491537992157,0.0 -49.0181163,-28.0491531992157,0.0 -49.0181292,-28.0491510992157,0.0 -49.0181389,-28.0491483992157,0.0 -49.0181522,-28.0491431992157,0.0 -49.0181838,-28.0491268992157,0.0 -49.0182038,-28.0491176992157,0.0 -49.018216,-28.0491127992157,0.0 -49.0182285,-28.0491092992157,0.0 -49.0182441,-28.0491072992157,0.0 -49.0182599,-28.0491072992157,0.0 -49.0182751,-28.0491088992157,0.0 -49.018289,-28.0491120992157,0.0 -49.0182993,-28.0491160992157,0.0 -49.0183066,-28.0491198992157,0.0 -49.0183133,-28.0491243992157,0.0 -49.0183213,-28.0491314992157,0.0 -49.0183278,-28.0491390992157,0.0 -49.0183327,-28.0491463992157,0.0 -49.0183372,-28.0491557992157,0.0 -49.0183396,-28.0491645992157,0.0 -49.0183405,-28.0491766992157,0.0 -49.01834,-28.0491895992157,0.0 -49.0183289,-28.0493007992157,0.0 -49.0183249,-28.0493725992157,0.0 -49.0183252,-28.0493799992157,0.0 -49.0183264,-28.0493869992157,0.0 -49.01833,-28.0493972992157,0.0 -49.0183368,-28.0494095992157,0.0 -49.0183442,-28.0494183992157,0.0 -49.018348,-28.0494214992157,0.0 -49.0183544,-28.0494253992157,0.0 -49.0183674,-28.0494307992157,0.0 -49.0183895,-28.0494372992157,0.0 -49.0184086,-28.0494409992157,0.0 -49.0184262,-28.0494429992157,0.0 -49.0184442,-28.0494440992157,0.0 -49.0184982,-28.0494441992157,0.0 -49.0185176,-28.0494447992157,0.0 -49.0185366,-28.0494464992157,0.0 -49.0185527,-28.0494494992157,0.0 -49.0185621,-28.0494524992157,0.0 -49.0185701,-28.0494561992157,0.0 -49.0186028,-28.0494763992157,0.0 -49.0186125,-28.0494816992157,0.0 -49.0186218,-28.0494854992157,0.0 -49.0186316,-28.0494877992157,0.0 -49.0186493,-28.0494892992157,0.0 -49.0186747,-28.0494890992157,0.0 -49.0186922,-28.0494876992157,0.0 -49.0187077,-28.0494846992157,0.0 -49.0187247,-28.0494797992157,0.0 -49.018739,-28.0494742992157,0.0 -49.0187559,-28.0494656992157,0.0 -49.0187726,-28.0494552992157,0.0 -49.0187859,-28.0494451992157,0.0 -49.0187961,-28.0494355992157,0.0 -49.0188042,-28.0494255992157,0.0 -49.0188091,-28.0494167992157,0.0 -49.018813,-28.0494059992157,0.0 -49.018818,-28.0493876992157,0.0 -49.0188196,-28.0493791992157,0.0 -49.0188202,-28.0493717992157,0.0 -49.0188189,-28.0493491992157,0.0 -49.0188115,-28.0492995992157,0.0 -49.0188107,-28.0492877992157,0.0 -49.018811,-28.0492768992157,0.0 -49.0188126,-28.0492643992157,0.0 -49.0188149,-28.0492548992157,0.0 -49.0188175,-28.0492487992157,0.0 -49.0188218,-28.0492425992157,0.0 -49.0188347,-28.0492290992157,0.0 -49.0188518,-28.0492139992157,0.0 -49.0188785,-28.0491922992157,0.0 -49.018937,-28.0491473992157,0.0 -49.0189659,-28.0491232992157,0.0 -49.0189905,-28.0491014992157,0.0 -49.0190261,-28.0490668992157,0.0 -49.0191159,-28.0489747992157,0.0 -49.019167,-28.0489235992157,0.0 -49.0191969,-28.0488906992157,0.0 -49.0192202,-28.0488616992157,0.0 -49.019241,-28.0488307992157,0.0 -49.0192752,-28.0487748992157,0.0 -49.0192834,-28.0487636992157,0.0 -49.01929,-28.0487562992157,0.0 -49.0193021,-28.0487458992157,0.0 -49.0193116,-28.0487396992157,0.0 -49.0193218,-28.0487340992157,0.0 -49.0193467,-28.0487227992157,0.0 -49.0193656,-28.0487163992157,0.0 -49.0193862,-28.0487115992157,0.0 -49.0194154,-28.0487073992157,0.0 -49.0194398,-28.0487055992157,0.0 -49.0194694,-28.0487049992157,0.0 -49.019491,-28.0487058992157,0.0 -49.019514,-28.0487085992157,0.0 -49.0195329,-28.0487124992157,0.0 -49.0195603,-28.0487199992157,0.0 -49.0195766,-28.0487258992157,0.0 -49.0195888,-28.0487315992157,0.0 -49.0196062,-28.0487416992157,0.0 -49.019621,-28.0487514992157,0.0 -49.0196369,-28.0487636992157,0.0 -49.0196479,-28.0487733992157,0.0 -49.0196704,-28.0487963992157,0.0 -49.0196938,-28.0488241992157,0.0 -49.0197413,-28.0488856992157,0.0 -49.0197568,-28.0489041992157,0.0 -49.019766,-28.0489141992157,0.0 -49.0197744,-28.0489223992157,0.0 -49.0197819,-28.0489287992157,0.0 -49.0197885,-28.0489333992157,0.0 -49.0197972,-28.0489379992157,0.0 -49.0198097,-28.0489424992157,0.0 -49.0198205,-28.0489447992157,0.0 -49.0198351,-28.0489461992157,0.0 -49.0198515,-28.0489464992157,0.0 -49.0198695,-28.0489450992157,0.0 -49.0199057,-28.0489383992157,0.0 -49.0199224,-28.0489362992157,0.0 -49.0199495,-28.0489346992157,0.0 -49.0199709,-28.0489350992157,0.0 -49.0199921,-28.0489372992157,0.0 -49.0200118,-28.0489412992157,0.0 -49.0200243,-28.0489455992157,0.0 -49.0200373,-28.0489523992157,0.0 -49.0200505,-28.0489617992157,0.0 -49.0200632,-28.0489731992157,0.0 -49.0200811,-28.0489919992157,0.0 -49.0200938,-28.0490076992157,0.0 -49.020102,-28.0490198992157,0.0 -49.020107,-28.0490285992157,0.0 -49.0201331,-28.0490810992157,0.0 -49.020141,-28.0490936992157,0.0 -49.0201496,-28.0491051992157,0.0 -49.0201597,-28.0491153992157,0.0 -49.0201678,-28.0491215992157,0.0 -49.0201772,-28.0491273992157,0.0 -49.0201883,-28.0491328992157,0.0 -49.0202139,-28.0491431992157,0.0 -49.020344,-28.0491896992157,0.0 -49.0203798,-28.0492001992157,0.0 -49.0204165,-28.0492082992157,0.0 -49.0204442,-28.0492124992157,0.0 -49.0204708,-28.0492153992157,0.0 -49.0205011,-28.0492175992157,0.0 -49.02053,-28.0492185992157,0.0 -49.0205631,-28.0492185992157,0.0 -49.0205867,-28.0492175992157,0.0 -49.0206104,-28.0492155992157,0.0 -49.0206325,-28.0492122992157,0.0 -49.0206516,-28.0492076992157,0.0 -49.0206684,-28.0492017992157,0.0 -49.0206836,-28.0491943992157,0.0 -49.0206978,-28.0491856992157,0.0 -49.0207475,-28.0491488992157,0.0 -49.0207648,-28.0491347992157,0.0 -49.0207846,-28.0491159992157,0.0 -49.0208058,-28.0490924992157,0.0 -49.0208226,-28.0490713992157,0.0 -49.020842,-28.0490441992157,0.0 -49.0208577,-28.0490188992157,0.0 -49.0208677,-28.0489988992157,0.0 -49.0208721,-28.0489848992157,0.0 -49.0208745,-28.0489681992157,0.0 -49.0208739,-28.0489497992157,0.0 -49.0208711,-28.0489313992157,0.0 -49.020868,-28.0489220992157,0.0 -49.020863,-28.0489139992157,0.0 -49.0208562,-28.0489065992157,0.0 -49.020846,-28.0488994992157,0.0 -49.0208367,-28.0488949992157,0.0 -49.0208258,-28.0488908992157,0.0 -49.0207711,-28.0488738992157,0.0 -49.0207492,-28.0488650992157,0.0 -49.0207328,-28.0488566992157,0.0 -49.0207198,-28.0488490992157,0.0 -49.0207059,-28.0488398992157,0.0 -49.0206908,-28.0488285992157,0.0 -49.0206682,-28.0488097992157,0.0 -49.0206433,-28.0487872992157,0.0 -49.0205188,-28.0486692992157,0.0 -49.0204636,-28.0486154992157,0.0 -49.0204482,-28.0485990992157,0.0 -49.0204384,-28.0485874992157,0.0 -49.0204289,-28.0485747992157,0.0 -49.0204153,-28.0485535992157,0.0 -49.0204029,-28.0485305992157,0.0 -49.0203921,-28.0485068992157,0.0 -49.0203831,-28.0484836992157,0.0 -49.0203739,-28.0484550992157,0.0 -49.020369,-28.0484364992157,0.0 -49.0203658,-28.0484167992157,0.0 -49.0203638,-28.0484009992157,0.0 -49.0203643,-28.0483883992157,0.0 -49.0203667,-28.0483767992157,0.0 -49.0203708,-28.0483660992157,0.0 -49.0203762,-28.0483566992157,0.0 -49.0203841,-28.0483466992157,0.0 -49.0203927,-28.0483390992157,0.0 -49.0204046,-28.0483318992157,0.0 -49.0204136,-28.0483284992157,0.0 -49.0204211,-28.0483263992157,0.0 -49.0204435,-28.0483219992157,0.0 -49.0204743,-28.0483176992157,0.0 -49.0205027,-28.0483155992157,0.0 -49.0205265,-28.0483153992157,0.0 -49.0205481,-28.0483162992157,0.0 -49.0205834,-28.0483191992157,0.0 -49.0206161,-28.0483229992157,0.0 -49.0207865,-28.0483462992157,0.0 -49.0208429,-28.0483549992157,0.0 -49.0209031,-28.0483649992157,0.0 -49.0210562,-28.0483922992157,0.0 -49.0212207,-28.0484199992157,0.0 -49.0213288,-28.0484389992157,0.0 -49.0213662,-28.0484468992157,0.0 -49.0213788,-28.0484502992157,0.0 -49.0213968,-28.0484560992157,0.0 -49.0214279,-28.0484682992157,0.0 -49.0214703,-28.0484878992157,0.0 -49.0215012,-28.0485036992157,0.0 -49.0215917,-28.0485519992157,0.0 -49.0216243,-28.0485680992157,0.0 -49.0216444,-28.0485768992157,0.0 -49.0216628,-28.0485840992157,0.0 -49.021745,-28.0486126992157,0.0 -49.0217734,-28.0486233992157,0.0 -49.021793,-28.0486329992157,0.0 -49.0218035,-28.0486397992157,0.0 -49.0218127,-28.0486468992157,0.0 -49.0218246,-28.0486583992157,0.0 -49.0218351,-28.0486727992157,0.0 -49.0218393,-28.0486805992157,0.0 -49.0218426,-28.0486888992157,0.0 -49.0218457,-28.0487032992157,0.0 -49.0218461,-28.0487149992157,0.0 -49.0218447,-28.0487267992157,0.0 -49.0218344,-28.0487661992157,0.0 -49.0218301,-28.0487892992157,0.0 -49.0218291,-28.0488039992157,0.0 -49.0218309,-28.0488160992157,0.0 -49.0218328,-28.0488211992157,0.0 -49.0218356,-28.0488258992157,0.0 -49.0218394,-28.0488299992157,0.0 -49.0218442,-28.0488335992157,0.0 -49.0218509,-28.0488371992157,0.0 -49.0218559,-28.0488389992157,0.0 -49.0218611,-28.0488399992157,0.0 -49.0218689,-28.0488401992157,0.0 -49.0218779,-28.0488392992157,0.0 -49.0218906,-28.0488368992157,0.0 -49.0219004,-28.0488341992157,0.0 -49.0219085,-28.0488310992157,0.0 -49.0219166,-28.0488263992157,0.0 -49.0219267,-28.0488193992157,0.0 -49.021938,-28.0488103992157,0.0 -49.0219468,-28.0488024992157,0.0 -49.0219715,-28.0487772992157,0.0 -49.0220098,-28.0487355992157,0.0 -49.0221263,-28.0485996992157,0.0 -49.0221592,-28.0485626992157,0.0 -49.0221931,-28.0485257992157,0.0 -49.022214,-28.0485046992157,0.0 -49.0222311,-28.0484892992157,0.0 -49.0222497,-28.0484742992157,0.0 -49.0222693,-28.0484609992157,0.0 -49.0222897,-28.0484499992157,0.0 -49.0223108,-28.0484409992157,0.0 -49.0223326,-28.0484335992157,0.0 -49.0223999,-28.0484148992157,0.0 -49.0224374,-28.0484027992157,0.0 -49.0224759,-28.0483881992157,0.0 -49.0226037,-28.0483371992157,0.0 -49.0226465,-28.0483189992157,0.0 -49.0227504,-28.0482726992157,0.0 -49.0228182,-28.0482437992157,0.0 -49.0229013,-28.0482072992157,0.0 -49.0229137,-28.0481983992157,0.0 -49.0229232,-28.0481879992157,0.0 -49.0229307,-28.0481744992157,0.0 -49.0229394,-28.0481509992157,0.0 -49.0229448,-28.0481295992157,0.0 -49.0229468,-28.0481136992157,0.0 -49.0229466,-28.0480979992157,0.0 -49.0229438,-28.0480787992157,0.0 -49.0229388,-28.0480605992157,0.0 -49.0229308,-28.0480397992157,0.0 -49.0229015,-28.0479723992157,0.0 -49.0228806,-28.0479114992157,0.0 -49.0228448,-28.0478212992157,0.0 -49.0228151,-28.0477697992157,0.0 -49.0228053,-28.0477489992157,0.0 -49.0227983,-28.0477319992157,0.0 -49.0227927,-28.0477153992157,0.0 -49.0227891,-28.0477008992157,0.0 -49.0227871,-28.0476880992157,0.0 -49.0227843,-28.0476530992157,0.0 -49.0227813,-28.0476295992157,0.0 -49.0227754,-28.0475976992157,0.0 -49.0227679,-28.0475668992157,0.0 -49.0227619,-28.0475489992157,0.0 -49.0227544,-28.0475304992157,0.0 -49.0227053,-28.0474225992157,0.0 -49.0226941,-28.0474001992157,0.0 -49.0226805,-28.0473757992157,0.0 -49.022648,-28.0473223992157,0.0 -49.0226295,-28.0472939992157,0.0 -49.0225997,-28.0472516992157,0.0 -49.0225811,-28.0472268992157,0.0 -49.022523,-28.0471532992157,0.0 -49.0224816,-28.0471042992157,0.0 -49.0224703,-28.0470870992157,0.0 -49.0224614,-28.0470685992157,0.0 -49.0224579,-28.0470555992158,0.0 -49.0224564,-28.0470371992157,0.0 -49.0224582,-28.0469553992158,0.0 -49.0224561,-28.0468009992158,0.0 -49.0224545,-28.0467473992158,0.0 -49.022453,-28.0467289992158,0.0 -49.0224514,-28.0467197992158,0.0 -49.0224493,-28.0467138992158,0.0 -49.0224438,-28.0467034992158,0.0 -49.0224292,-28.0466777992158,0.0 -49.0224088,-28.0466446992158,0.0 -49.0224005,-28.0466297992158,0.0 -49.022393,-28.0466127992158,0.0 -49.0223853,-28.0465896992157,0.0 -49.0223779,-28.0465593992158,0.0 -49.022369,-28.0465093992158,0.0 -49.0223661,-28.0464824992158,0.0 -49.0223651,-28.0464498992158,0.0 -49.0223636,-28.0464299992158,0.0 -49.0223609,-28.0464104992158,0.0 -49.0223575,-28.0463990992158,0.0 -49.0223529,-28.0463899992158,0.0 -49.0223448,-28.0463781992158,0.0 -49.0223332,-28.0463635992158,0.0 -49.0223225,-28.0463521992158,0.0 -49.0223105,-28.0463421992158,0.0 -49.022279,-28.0463200992158,0.0 -49.0222563,-28.0463027992158,0.0 -49.022242,-28.0462901992158,0.0 -49.0222362,-28.0462825992158,0.0 -49.022234,-28.0462772992158,0.0 -49.022232,-28.0462678992158,0.0 -49.0222269,-28.0462160992158,0.0 -49.0222191,-28.0461665992158,0.0 -49.022215,-28.0461502992158,0.0 -49.0222094,-28.0461387992158,0.0 -49.0222037,-28.0461309992158,0.0 -49.0221856,-28.0461101992158,0.0 -49.0221665,-28.0460898992158,0.0 -49.0221425,-28.0460685992158,0.0 -49.0220906,-28.0460265992158,0.0 -49.022073,-28.0460114992158,0.0 -49.0220556,-28.0459940992158,0.0 -49.022024,-28.0459584992158,0.0 -49.0220123,-28.0459484992158,0.0 -49.0219969,-28.0459389992158,0.0 -49.0219784,-28.0459295992158,0.0 -49.021961,-28.0459218992158,0.0 -49.0219156,-28.0459041992158,0.0 -49.0219078,-28.0459004992158,0.0 -49.0219,-28.0458956992158,0.0 -49.0218821,-28.0458812992158,0.0 -49.0218445,-28.0458457992158,0.0 -49.0217955,-28.0458010992158,0.0 -49.021782,-28.0457898992158,0.0 -49.021772,-28.0457831992158,0.0 -49.0217621,-28.0457786992158,0.0 -49.0217525,-28.0457761992158,0.0 -49.0217414,-28.0457744992158,0.0 -49.0217168,-28.0457717992158,0.0 -49.0217069,-28.0457699992158,0.0 -49.0216993,-28.0457674992158,0.0 -49.0216925,-28.0457633992158,0.0 -49.0216885,-28.0457594992158,0.0 -49.0216851,-28.0457547992158,0.0 -49.0216786,-28.0457417992158,0.0 -49.0216742,-28.0457282992158,0.0 -49.0216661,-28.0456926992158,0.0 -49.0216607,-28.0456737992158,0.0 -49.0216571,-28.0456642992158,0.0 -49.0216523,-28.0456545992158,0.0 -49.0216489,-28.0456492992158,0.0 -49.0216444,-28.0456440992158,0.0 -49.0216134,-28.0456160992158,0.0 -49.0215743,-28.0455829992158,0.0 -49.0215329,-28.0455505992158,0.0 -49.0214518,-28.0454844992158,0.0 -49.0213216,-28.0453818992158,0.0 -49.021292,-28.0453574992158,0.0 -49.0212467,-28.0453183992158,0.0 -49.0212306,-28.0453056992158,0.0 -49.0211849,-28.0452739992158,0.0 -49.0211442,-28.0452459992158,0.0 -49.0210533,-28.0451874992158,0.0 -49.0209602,-28.0451293992158,0.0 -49.0209383,-28.0451149992158,0.0 -49.0209124,-28.0450957992158,0.0 -49.0209005,-28.0450858992158,0.0 -49.0208834,-28.0450703992158,0.0 -49.0208613,-28.0450482992158,0.0 -49.0208396,-28.0450250992158,0.0 -49.0208178,-28.0450007992158,0.0 -49.020796,-28.0449748992158,0.0 -49.0207697,-28.0449414992158,0.0 -49.0207435,-28.0449063992158,0.0 -49.0207298,-28.0448863992158,0.0 -49.0207184,-28.0448674992158,0.0 -49.0207084,-28.0448471992158,0.0 -49.0206988,-28.0448238992158,0.0 -49.0206903,-28.0447995992158,0.0 -49.0206818,-28.0447706992158,0.0 -49.0206733,-28.0447351992158,0.0 -49.0206646,-28.0446915992158,0.0 -49.0206624,-28.0446746992158,0.0 -49.0206624,-28.0446598992158,0.0 -49.0206653,-28.0446454992158,0.0 -49.0206718,-28.0446298992158,0.0 -49.0206832,-28.0446097992158,0.0 -49.0206985,-28.0445877992158,0.0 -49.0207128,-28.0445702992158,0.0 -49.020727,-28.0445559992158,0.0 -49.0207408,-28.0445445992158,0.0 -49.0208162,-28.0444932992158,0.0 -49.0208692,-28.0444580992158,0.0 -49.020906,-28.0444356992158,0.0 -49.0209377,-28.0444182992158,0.0 -49.0210487,-28.0443593992158,0.0 -49.0211564,-28.0443005992158,0.0 -49.0212362,-28.0442559992158,0.0 -49.0213052,-28.0442157992158,0.0 -49.0213415,-28.0441932992158,0.0 -49.0214157,-28.0441448992158,0.0 -49.0214802,-28.0441037992158,0.0 -49.0215107,-28.0440825992158,0.0 -49.0215433,-28.0440573992158,0.0 -49.0215728,-28.0440328992158,0.0 -49.0215944,-28.0440133992158,0.0 -49.0216097,-28.0439980992158,0.0 -49.0216251,-28.0439807992158,0.0 -49.021653,-28.0439445992158,0.0 -49.0217113,-28.0438617992158,0.0 -49.0217341,-28.0438302992158,0.0 -49.0217565,-28.0438012992158,0.0 -49.0217976,-28.0437510992158,0.0 -49.0218106,-28.0437338992158,0.0 -49.0218222,-28.0437164992158,0.0 -49.0218329,-28.0436986992158,0.0 -49.0218556,-28.0436553992158,0.0 -49.0218724,-28.0436188992158,0.0 -49.0218774,-28.0436048992158,0.0 -49.0218813,-28.0435904992158,0.0 -49.0218855,-28.0435666992158,0.0 -49.0218875,-28.0435446992158,0.0 -49.0218896,-28.0434175992158,0.0 -49.0218926,-28.0433674992158,0.0 -49.021896,-28.0433369992158,0.0 -49.0218993,-28.0433178992158,0.0 -49.0219035,-28.0433016992158,0.0 -49.0219086,-28.0432884992158,0.0 -49.0219175,-28.0432725992158,0.0 -49.0219438,-28.0432336992158,0.0 -49.0219576,-28.0432154992158,0.0 -49.0219688,-28.0432029992158,0.0 -49.0219913,-28.0431819992158,0.0 -49.022042,-28.0431398992158,0.0 -49.022071,-28.0431144992158,0.0 -49.0221026,-28.0430843992158,0.0 -49.0221261,-28.0430596992158,0.0 -49.0221346,-28.0430489992158,0.0 -49.0221437,-28.0430344992158,0.0 -49.022151,-28.0430192992158,0.0 -49.0221586,-28.0429991992158,0.0 -49.0221634,-28.0429807992158,0.0 -49.022166,-28.0429646992158,0.0 -49.0221686,-28.0429369992158,0.0 -49.0221691,-28.0429171992158,0.0 -49.0221683,-28.0429029992158,0.0 -49.0221663,-28.0428881992158,0.0 -49.0221528,-28.0428229992158,0.0 -49.0221498,-28.0427970992158,0.0 -49.0221481,-28.0426849992158,0.0 -49.0221491,-28.0426555992158,0.0 -49.0221512,-28.0426276992158,0.0 -49.0221543,-28.0426007992158,0.0 -49.0221579,-28.0425770992158,0.0 -49.0221617,-28.0425593992158,0.0 -49.0221665,-28.0425454992158,0.0 -49.0221734,-28.0425309992158,0.0 -49.0221833,-28.0425145992158,0.0 -49.0221933,-28.0425014992158,0.0 -49.0222103,-28.0424827992158,0.0 -49.0222321,-28.0424622992158,0.0 -49.022258,-28.0424397992158,0.0 -49.0223388,-28.0423714992158,0.0 -49.0224532,-28.0422762992158,0.0 -49.0225485,-28.0421940992158,0.0 -49.0225833,-28.0421664992158,0.0 -49.0225998,-28.0421548992158,0.0 -49.0226146,-28.0421459992158,0.0 -49.0226408,-28.0421319992158,0.0 -49.0226653,-28.0421198992158,0.0 -49.0226928,-28.0421071992158,0.0 -49.0227352,-28.0420886992158,0.0 -49.0228383,-28.0420456992158,0.0 -49.0229837,-28.0419881992158,0.0 -49.0230404,-28.0419651992158,0.0 -49.0230785,-28.0419488992158,0.0 -49.0231248,-28.0419277992158,0.0 -49.0233956,-28.0417933992158,0.0 -49.0235258,-28.0417208992159,0.0 -49.023616,-28.0416699992158,0.0 -49.0236969,-28.0416241992158,0.0 -49.0237616,-28.0415830992158,0.0 -49.0238152,-28.0415428992159,0.0 -49.0238414,-28.0415085992159,0.0 -49.0238532,-28.0414806992158,0.0 -49.0238628,-28.0414481992158,0.0 -49.0238649,-28.0414161992159,0.0 -49.0238626,-28.0413805992159,0.0 -49.0238544,-28.0413317992158,0.0 -49.0238478,-28.0412829992159,0.0 -49.0238382,-28.0412321992159,0.0 -49.0238299,-28.0411929992159,0.0 -49.0238115,-28.0411264992159,0.0 -49.0237946,-28.0410685992159,0.0 -49.0237851,-28.0410275992159,0.0 -49.0237846,-28.0410033992159,0.0 -49.0237886,-28.0409765992159,0.0 -49.0238015,-28.0409221992159,0.0 -49.0238148,-28.0408958992159,0.0 -49.0238306,-28.0408779992159,0.0 -49.0238505,-28.0408630992159,0.0 -49.0238664,-28.0408572992159,0.0 -49.0238823,-28.0408513992159,0.0 -49.0239158,-28.0408420992159,0.0 -49.0239664,-28.0408359992159,0.0 -49.0240262,-28.0408337992159,0.0 -49.0241053,-28.0408356992159,0.0 -49.024188,-28.0408428992159,0.0 -49.024241,-28.0408421992159,0.0 -49.0242804,-28.0408396992159,0.0 -49.0243191,-28.0408288992159,0.0 -49.024344,-28.0408178992159,0.0 -49.0243647,-28.0408113992159,0.0 -49.0244034,-28.0408088992159,0.0 -49.0244572,-28.0408111992159,0.0 -49.0245178,-28.0408172992159,0.0 -49.0246184,-28.0408308992159,0.0 -49.0247173,-28.0408436992159,0.0 -49.0247916,-28.0408492992159,0.0 -49.0248335,-28.0408475992159,0.0 -49.0248635,-28.0408389992159,0.0 -49.0249117,-28.0408206992159,0.0 -49.0249516,-28.0407932992159,0.0 -49.0249711,-28.0407690992159,0.0 -49.0249835,-28.0407426992159,0.0 -49.0249864,-28.0407230992159,0.0 -49.0249842,-28.0407055992159,0.0 -49.0249776,-28.0406910992159,0.0 -49.0249541,-28.0406680992159,0.0 -49.0249382,-28.0406469992159,0.0 -49.0249351,-28.0406309992159,0.0 -49.0249379,-28.0406143992159,0.0 -49.0249459,-28.0405993992159,0.0 -49.0249642,-28.0405821992159,0.0 -49.0250178,-28.0405443992159,0.0 -49.025075,-28.0405042992159,0.0 -49.0251037,-28.0404766992159,0.0 -49.0251187,-28.0404503992159,0.0 -49.0251236,-28.0404234992159,0.0 -49.0251276,-28.0403901992159,0.0 -49.0251344,-28.0403463992159,0.0 -49.0251371,-28.0403411992159,0.0 -49.0251468,-28.0403230992159,0.0 -49.0251991,-28.0402654992159,0.0 -49.0252785,-28.0401859992159,0.0 -49.0253801,-28.0400734992159,0.0 -49.0254471,-28.0400084992159,0.0 -49.0254775,-28.0399801992159,0.0 -49.0255422,-28.0399477992159,0.0 -49.0256274,-28.0399163992159,0.0 -49.0256888,-28.0398974992159,0.0 -49.0257668,-28.0398826992159,0.0 -49.0258045,-28.0398786992159,0.0 -49.0258472,-28.0398785992159,0.0 -49.0259189,-28.0398871992159,0.0 -49.0259879,-28.0398982992159,0.0 -49.0259964,-28.0398995992159,0.0 -49.026064,-28.0399181992159,0.0 -49.0261803,-28.0399599992159,0.0 -49.0262766,-28.0399910992159,0.0 -49.0263173,-28.0400090992159,0.0 -49.0263545,-28.0400300992159,0.0 -49.0264028,-28.0400534992159,0.0 -49.0264436,-28.0400661992159,0.0 -49.0264836,-28.0400735992159,0.0 -49.0265356,-28.0400788992159,0.0 -49.0265655,-28.0400830992159,0.0 -49.0265859,-28.0400894992159,0.0 -49.0266069,-28.0401056992159,0.0 -49.0266197,-28.0401218992159,0.0 -49.0266599,-28.0402125992159,0.0 -49.0267168,-28.0403337992159,0.0 -49.026743,-28.0403985992159,0.0 -49.026763,-28.0404261992159,0.0 -49.026789,-28.0404514992159,0.0 -49.0268362,-28.0404869992159,0.0 -49.0268759,-28.0405118992159,0.0 -49.0269106,-28.0405312992159,0.0 -49.0269403,-28.0405453992159,0.0 -49.0269769,-28.0405511992159,0.0 -49.0270111,-28.0405507992159,0.0 -49.0270268,-28.0405457992159,0.0 -49.0270455,-28.0405398992159,0.0 -49.0270732,-28.0405197992159,0.0 -49.0270916,-28.0404980992159,0.0 -49.0271094,-28.0404559992159,0.0 -49.0271316,-28.0403852992159,0.0 -49.02714,-28.0403520992159,0.0 -49.0271643,-28.0403161992159,0.0 -49.0271853,-28.0403011992159,0.0 -49.0272101,-28.0402888992159,0.0 -49.0272641,-28.0402699992159,0.0 -49.0273419,-28.0402355992159,0.0 -49.0274114,-28.0401947992159,0.0 -49.0274768,-28.0401525992159,0.0 -49.0275256,-28.0401249992159,0.0 -49.0275777,-28.0401061992159,0.0 -49.0276177,-28.0401001992159,0.0 -49.0276341,-28.0400980992159,0.0 -49.0276574,-28.0400976992159,0.0 -49.0276841,-28.0401018992159,0.0 -49.0277137,-28.0401091992159,0.0 -49.0277594,-28.0401274992159,0.0 -49.0278114,-28.0401606992159,0.0 -49.0278336,-28.0401720992159,0.0 -49.0278589,-28.0401808992159,0.0 -49.0278842,-28.0401838992159,0.0 -49.0279197,-28.0401793992159,0.0 -49.0279764,-28.0401653992159,0.0 -49.0280242,-28.0401449992159,0.0 -49.0280383,-28.0401343992159,0.0 -49.0280582,-28.0401067992159,0.0 -49.028072,-28.0400817992159,0.0 -49.0280854,-28.0400381992159,0.0 -49.028093,-28.0400210992159,0.0 -49.0281071,-28.0400044992159,0.0 -49.0281364,-28.0399826992159,0.0 -49.0281691,-28.0399606992159,0.0 -49.0282061,-28.0399303992159,0.0 -49.0282433,-28.0399049992159,0.0 -49.028282,-28.0398829992159,0.0 -49.0283441,-28.0398581992159,0.0 -49.0284077,-28.0398345992159,0.0 -49.0284762,-28.0398156992159,0.0 -49.028527,-28.0398056992159,0.0 -49.0285763,-28.0397998992159,0.0 -49.0286121,-28.0397988992159,0.0 -49.0286448,-28.0398019992159,0.0 -49.0286936,-28.0398084992159,0.0 -49.0287333,-28.0398122992159,0.0 -49.028744,-28.0398133992159,0.0 -49.0287858,-28.0398158992159,0.0 -49.0288121,-28.0398150992159,0.0 -49.0288308,-28.0398115992159,0.0 -49.0288836,-28.0398019992159,0.0 -49.0289265,-28.0397926992159,0.0 -49.0289659,-28.0397878992159,0.0 -49.0290078,-28.0397857992159,0.0 -49.0290514,-28.0397856992159,0.0 -49.0290849,-28.0397879992159,0.0 -49.0291298,-28.0397978992159,0.0 -49.0291719,-28.0398034992159,0.0 -49.0292504,-28.0398060992159,0.0 -49.0293034,-28.0398072992159,0.0 -49.0293378,-28.0398103992159,0.0 -49.0293701,-28.0398158992159,0.0 -49.0294306,-28.0398323992159,0.0 -49.0294682,-28.0398390992159,0.0 -49.0294997,-28.0398380992159,0.0 -49.0295485,-28.0398360992159,0.0 -49.0295784,-28.0398391992159,0.0 -49.029614,-28.0398457992159,0.0 -49.0296419,-28.0398549992159,0.0 -49.0296685,-28.0398629992159,0.0 -49.0296874,-28.0398659992159,0.0 -49.0297137,-28.0398659992159,0.0 -49.0297422,-28.0398625992159,0.0 -49.0297669,-28.0398544992159,0.0 -49.0297992,-28.0398369992159,0.0 -49.0298738,-28.0397995992159,0.0 -49.0299291,-28.0397724992159,0.0 -49.0299978,-28.0397421992159,0.0 -49.0300851,-28.0397074992159,0.0 -49.0301504,-28.0396857992159,0.0 -49.0301872,-28.0396740992159,0.0 -49.0302441,-28.0396594992159,0.0 -49.0303186,-28.0396410992159,0.0 -49.0303933,-28.0396224992159,0.0 -49.030438,-28.0396097992159,0.0 -49.0304713,-28.0396029992159,0.0 -49.0304981,-28.0396006992159,0.0 -49.030536,-28.0396008992159,0.0 -49.030587,-28.0395973992159,0.0 -49.0306134,-28.0395901992159,0.0 -49.0306499,-28.0395757992159,0.0 -49.0306903,-28.0395594992159,0.0 -49.030734,-28.0395388992159,0.0 -49.0307762,-28.0395188992159,0.0 -49.0308113,-28.0395082992159,0.0 -49.0308487,-28.0394900992159,0.0 -49.0308784,-28.0394712992159,0.0 -49.0309013,-28.0394482992159,0.0 -49.030935,-28.0393967992159,0.0 -49.0309609,-28.0393518992159,0.0 -49.0309641,-28.0393451992159,0.0 -49.0309748,-28.0393229992159,0.0 -49.0309887,-28.0392952992159,0.0 -49.0309991,-28.0392698992159,0.0 -49.0310178,-28.0392232992159,0.0 -49.0310272,-28.0392021992159,0.0 -49.0310313,-28.0391793992159,0.0 -49.0310329,-28.0391523992159,0.0 -49.0310327,-28.0391254992159,0.0 -49.0310341,-28.0390833992159,0.0 -49.0310351,-28.0390449992159,0.0 -49.0310366,-28.0390028992159,0.0 -49.0310362,-28.0389697992159,0.0 -49.0310335,-28.0389480992159,0.0 -49.0310303,-28.0389344992159,0.0 -49.031022,-28.0389167992159,0.0 -49.0310141,-28.0388998992159,0.0 -49.0310106,-28.0388826992159,0.0 -49.0310103,-28.0388601992159,0.0 -49.0310123,-28.0388437992159,0.0 -49.031022,-28.0388207992159,0.0 -49.0310476,-28.0387759992159,0.0 -49.0310799,-28.0387148992159,0.0 -49.0311104,-28.0386618992159,0.0 -49.0311347,-28.0386116992159,0.0 -49.0311415,-28.0385873992159,0.0 -49.0311447,-28.0385590992159,0.0 -49.0311469,-28.0385307992159,0.0 -49.0311451,-28.0385162992159,0.0 -49.0311328,-28.0384747992159,0.0 -49.031122,-28.0384455992159,0.0 -49.0311016,-28.0383986992159,0.0 -49.0310808,-28.0383529992159,0.0 -49.0310695,-28.0383284992159,0.0 -49.0310658,-28.0383063992159,0.0 -49.0310669,-28.0382856992159,0.0 -49.0310699,-28.0382707992159,0.0 -49.0310773,-28.0382590992159,0.0 -49.0310892,-28.0382470992159,0.0 -49.0311038,-28.0382370992159,0.0 -49.0311187,-28.0382284992159,0.0 -49.0311323,-28.0382182992159,0.0 -49.0311394,-28.0382059992159,0.0 -49.0311463,-28.0381847992159,0.0 -49.0311538,-28.0381476992159,0.0 -49.0311595,-28.0381174992159,0.0 -49.0311599,-28.0380973992159,0.0 -49.0311584,-28.0380827992159,0.0 -49.0311555,-28.0380765992159,0.0 -49.0311481,-28.0380685992159,0.0 -49.0311354,-28.0380619992159,0.0 -49.0311122,-28.0380549992159,0.0 -49.0310831,-28.0380493992159,0.0 -49.0310553,-28.0380486992159,0.0 -49.0310034,-28.0380497992159,0.0 -49.0309072,-28.0380516992159,0.0 -49.030814,-28.0380540992159,0.0 -49.0307263,-28.0380567992159,0.0 -49.0306376,-28.0380600992159,0.0 -49.0306009,-28.0380616992159,0.0 -49.030581,-28.0380601992159,0.0 -49.030567,-28.0380568992159,0.0 -49.0305489,-28.0380508992159,0.0 -49.0305258,-28.0380369992159,0.0 -49.0305123,-28.0380240992159,0.0 -49.0305046,-28.0380105992159,0.0 -49.0305018,-28.0379931992159,0.0 -49.030502,-28.0379818992159,0.0 -49.0305065,-28.0379614992159,0.0 -49.0305161,-28.0379359992159,0.0 -49.0305379,-28.0378950992159,0.0 -49.0305551,-28.0378713992159,0.0 -49.0305745,-28.0378529992159,0.0 -49.0305984,-28.0378354992159,0.0 -49.0306176,-28.0378253992159,0.0 -49.0306389,-28.0378143992159,0.0 -49.030666,-28.0378051992159,0.0 -49.030699,-28.0377956992159,0.0 -49.0307189,-28.0377862992159,0.0 -49.0307377,-28.0377713992159,0.0 -49.0307712,-28.0377358992159,0.0 -49.0307967,-28.0377116992159,0.0 -49.0308459,-28.0376737992159,0.0 -49.0309133,-28.0376295992159,0.0 -49.0309729,-28.0375958992159,0.0 -49.0310045,-28.0375771992159,0.0 -49.0310858,-28.0375267992159,0.0 -49.0311468,-28.0374841992159,0.0 -49.0312099,-28.0374379992159,0.0 -49.0312629,-28.0374031992159,0.0 -49.0313258,-28.0373705992159,0.0 -49.031446,-28.0373139992159,0.0 -49.0315378,-28.0372718992159,0.0 -49.0316107,-28.0372380992159,0.0 -49.0316833,-28.0372052992159,0.0 -49.0317234,-28.0371832992159,0.0 -49.0317398,-28.0371695992159,0.0 -49.0317786,-28.0371295992159,0.0 -49.0318006,-28.0370994992159,0.0 -49.0318364,-28.0370520992159,0.0 -49.031866,-28.0370101992159,0.0 -49.031883,-28.0369852992159,0.0 -49.0319135,-28.0369289992159,0.0 -49.0319279,-28.0368983992159,0.0 -49.0319416,-28.0368681992159,0.0 -49.0319541,-28.0368357992159,0.0 -49.0319576,-28.0368123992159,0.0 -49.031959,-28.0367860992159,0.0 -49.0319572,-28.0367669992159,0.0 -49.0319541,-28.0367511992159,0.0 -49.0319424,-28.0367240992159,0.0 -49.0319289,-28.0366974992159,0.0 -49.0318928,-28.0366370992159,0.0 -49.031873,-28.0365969992159,0.0 -49.0318652,-28.0365672992159,0.0 -49.0318663,-28.0365304992159,0.0 -49.0318717,-28.0365028992159,0.0 -49.0318853,-28.0364728992159,0.0 -49.0319195,-28.0364240992159,0.0 -49.0319636,-28.0363750992159,0.0 -49.0319966,-28.0363463992159,0.0 -49.0320436,-28.0363094992159,0.0 -49.0321504,-28.0362279992159,0.0 -49.032244,-28.0361570992159,0.0 -49.0323158,-28.036106499216,0.0 -49.0323507,-28.036085299216,0.0 -49.0323926,-28.0360673992159,0.0 -49.0324173,-28.0360599992159,0.0 -49.0324356,-28.0360594992159,0.0 -49.0324487,-28.0360615992159,0.0 -49.0324691,-28.0360676992159,0.0 -49.0324978,-28.0360801992159,0.0 -49.0325263,-28.0360976992159,0.0 -49.0325642,-28.0361276992159,0.0 -49.0325973,-28.0361615992159,0.0 -49.0326346,-28.0362015992159,0.0 -49.0326587,-28.0362240992159,0.0 -49.0326929,-28.0362439992159,0.0 -49.0327389,-28.0362639992159,0.0 -49.0327802,-28.0362734992159,0.0 -49.0328317,-28.0362834992159,0.0 -49.0328736,-28.0362883992159,0.0 -49.0328928,-28.0362882992159,0.0 -49.0329182,-28.0362858992159,0.0 -49.0329322,-28.0362818992159,0.0 -49.0329895,-28.0362655992159,0.0 -49.0330865,-28.0362406992159,0.0 -49.0331317,-28.0362292992159,0.0 -49.0331727,-28.0362145992159,0.0 -49.0331939,-28.0362024992159,0.0 -49.033209,-28.0361883992159,0.0 -49.0332189,-28.036174999216,0.0 -49.0332279,-28.0361588992159,0.0 -49.0332317,-28.036144499216,0.0 -49.0332338,-28.036101499216,0.0 -49.0332342,-28.0360546992159,0.0 -49.033233,-28.0360032992159,0.0 -49.03323,-28.035949699216,0.0 -49.0332269,-28.035901599216,0.0 -49.033224,-28.035820699216,0.0 -49.0332175,-28.035743899216,0.0 -49.0332115,-28.035662699216,0.0 -49.0332051,-28.035580999216,0.0 -49.0332024,-28.035538399216,0.0 -49.033196,-28.035480799216,0.0 -49.0331924,-28.035417299216,0.0 -49.0331926,-28.035412799216,0.0 -49.0331942,-28.035387899216,0.0 -49.0332008,-28.035362099216,0.0 -49.0332117,-28.035342499216,0.0 -49.0332331,-28.035318399216,0.0 -49.0332483,-28.035303799216,0.0 -49.0332815,-28.035279899216,0.0 -49.0333275,-28.035246099216,0.0 -49.0333664,-28.035221799216,0.0 -49.033431,-28.035186899216,0.0 -49.0335135,-28.035146299216,0.0 -49.0335877,-28.035108499216,0.0 -49.0337089,-28.035045399216,0.0 -49.0337426,-28.035028799216,0.0 -49.0337747,-28.035012899216,0.0 -49.0338024,-28.034999099216,0.0 -49.0338169,-28.034991699216,0.0 -49.0338412,-28.034979099216,0.0 -49.0338678,-28.034965299216,0.0 -49.0338926,-28.034952399216,0.0 -49.0339151,-28.034940799216,0.0 -49.0339374,-28.034930499216,0.0 -49.0339546,-28.034925999216,0.0 -49.0339822,-28.034923599216,0.0 -49.0340073,-28.034923899216,0.0 -49.0340477,-28.034926899216,0.0 -49.0340753,-28.034931199216,0.0 -49.0341047,-28.034937899216,0.0 -49.0341347,-28.034948299216,0.0 -49.0341591,-28.034962199216,0.0 -49.0341783,-28.034978299216,0.0 -49.0341916,-28.034992099216,0.0 -49.0342049,-28.035005999216,0.0 -49.0342221,-28.035026299216,0.0 -49.0342329,-28.035039299216,0.0 -49.0342437,-28.035053499216,0.0 -49.0342639,-28.035091199216,0.0 -49.0342809,-28.035118799216,0.0 -49.0342912,-28.035135399216,0.0 -49.0343339,-28.035212199216,0.0 -49.0343716,-28.035257999216,0.0 -49.0344142,-28.035295299216,0.0 -49.0344776,-28.035330799216,0.0 -49.0345215,-28.035338499216,0.0 -49.0345718,-28.035340699216,0.0 -49.0345981,-28.035333399216,0.0 -49.0346152,-28.035328599216,0.0 -49.0346549,-28.035303699216,0.0 -49.0346948,-28.035259799216,0.0 -49.0347276,-28.035212299216,0.0 -49.0347775,-28.035000499216,0.0 -49.0347911,-28.034954099216,0.0 -49.0348049,-28.034893599216,0.0 -49.0348109,-28.034853199216,0.0 -49.0348121,-28.034845699216,0.0 -49.0348175,-28.034810499216,0.0 -49.034821,-28.034739199216,0.0 -49.0348219,-28.034688399216,0.0 -49.0348172,-28.034631799216,0.0 -49.03478,-28.034175199216,0.0 -49.0347428,-28.033718499216,0.0 -49.034737,-28.033632299216,0.0 -49.0347277,-28.033567899216,0.0 -49.0347015,-28.033506799216,0.0 -49.0342531,-28.032705299216,0.0 -49.0342577,-28.032620599216,0.0 -49.0342741,-28.032547399216,0.0 -49.0342948,-28.032508899216,0.0 -49.0343352,-28.032416599216,0.0 -49.0343713,-28.032334199216,0.0 -49.0343964,-28.032263899216,0.0 -49.0344156,-28.032216199216,0.0 -49.0345837,-28.032108499216,0.0 -49.0346204,-28.032077599216,0.0 -49.0346531,-28.032038599216,0.0 -49.0346859,-28.031989699216,0.0 -49.0347198,-28.031935599216,0.0 -49.0347548,-28.031874199216,0.0 -49.0354199,-28.031217499216,0.0 -49.0358596,-28.030668899216,0.0 -49.0359886,-28.030508099216,0.0 -49.0360674,-28.030391899216,0.0 -49.0361129,-28.0303248992161,0.0 -49.0362378,-28.0301383992161,0.0 -49.0362754,-28.0300821992161,0.0 -49.0364812,-28.0296813992161,0.0 -49.0365297,-28.0295486992161,0.0 -49.0365907,-28.0293871992161,0.0 -49.0366128,-28.0292433992161,0.0 -49.0365855,-28.0290471992161,0.0 -49.0365545,-28.0289413992161,0.0 -49.0365589,-28.0286766992161,0.0 -49.036565,-28.0286031992161,0.0 -49.0365718,-28.0285213992161,0.0 -49.0366286,-28.0283897992161,0.0 -49.036746,-28.0282108992161,0.0 -49.0368445,-28.0281244992161,0.0 -49.0368601,-28.0277713992161,0.0 -49.0369065,-28.0276514992161,0.0 -49.0369949,-28.0275014992161,0.0 -49.0370461,-28.0273352992161,0.0 -49.0370446,-28.0271862992161,0.0 -49.0370264,-28.0271169992161,0.0 -49.0369783,-28.0270006992161,0.0 -49.036931,-28.0269053992161,0.0 -49.0368302,-28.0267612992161,0.0 -49.03673,-28.0266451992161,0.0 -49.0366809,-28.0265569992161,0.0 -49.036621,-28.0263672992161,0.0 -49.0366043,-28.0262037992161,0.0 -49.0366344,-28.0260461992161,0.0 -49.0366404,-28.0260147992161,0.0 -49.0367449,-28.0258046992161,0.0 -49.0369064,-28.0255874992161,0.0 -49.0370624,-28.0253953992161,0.0 -49.0371682,-28.0252908992161,0.0 -49.0372353,-28.0252340992161,0.0 -49.0373772,-28.0251139992162,0.0 -49.0377025,-28.0248176992162,0.0 -49.0378339,-28.0246837992162,0.0 -49.0379646,-28.0245719992162,0.0 -49.0380916,-28.0244296992162,0.0 -49.0381016,-28.0244143992162,0.0 -49.038147,-28.0243438992162,0.0 -49.0382169,-28.0241948992162,0.0 -49.0382881,-28.0240030992162,0.0 -49.0383122,-28.0238792992162,0.0 -49.0383551,-28.0235085992162,0.0 -49.0383647,-28.0234766992162,0.0 -49.0384697,-28.0231269992162,0.0 -49.0385235,-28.0229701992162,0.0 -49.0385808,-28.0227585992162,0.0 -49.0385981,-28.0225529992162,0.0 -49.0386095,-28.0223867992162,0.0 -49.0386187,-28.0222410992162,0.0 -49.0385825,-28.0220765992162,0.0 -49.0385318,-28.0219362992162,0.0 -49.0384584,-28.0216863992162,0.0 -49.0384604,-28.0215254992162,0.0 -49.0384858,-28.0213541992162,0.0 -49.0385444,-28.0211999992162,0.0 -49.0386305,-28.0208491992162,0.0 -49.0386897,-28.0206079992162,0.0 -49.0387085,-28.0203996992162,0.0 -49.0387216,-28.0202248992162,0.0 -49.0387204,-28.0200739992162,0.0 -49.0387139,-28.0199752992162,0.0 -49.0387102,-28.0199188992162,0.0 -49.0386516,-28.0196145992163,0.0 -49.038604,-28.0194882992162,0.0 -49.0385345,-28.0193008992163,0.0 -49.03853,-28.0192886992163,0.0 -49.038525,-28.0191121992163,0.0 -49.038514,-28.0189341992163,0.0 -49.0384669,-28.0186987992163,0.0 -49.0382888,-28.0183462992163,0.0 -49.0381885,-28.0181990992163,0.0 -49.0380696,-28.0180221992163,0.0 -49.038014,-28.0178839992163,0.0 -49.0380103,-28.0178527992163,0.0 -49.0379941,-28.0177118992163,0.0 -49.0379876,-28.0174962992163,0.0 -49.0379755,-28.0173176992163,0.0 -49.0379793,-28.0171541992163,0.0 -49.0379659,-28.0170445992163,0.0 -49.037958,-28.0169794992163,0.0 -49.0378756,-28.0167900992163,0.0 -49.0377586,-28.0165998992163,0.0 -49.0376317,-28.0163206992163,0.0 -49.0375047,-28.0160413992163,0.0 -49.0374347,-28.0159048992163,0.0 -49.0372819,-28.0157374992163,0.0 -49.037077,-28.0156495992163,0.0 -49.0368654,-28.0156290992163,0.0 -49.0367275,-28.0156365992163,0.0 -49.036543,-28.0156510992163,0.0 -49.0363432,-28.0156333992163,0.0 -49.036098,-28.0155433992163,0.0 -49.0358319,-28.0154527992163,0.0 -49.0353431,-28.0152091992163,0.0 -49.0352753,-28.0151423992163,0.0 -49.0352364,-28.0150801992163,0.0 -49.0352253,-28.0150452992163,0.0 -49.0352162,-28.0150170992163,0.0 -49.0352096,-28.0149495992163,0.0 -49.035214,-28.0148473992163,0.0 -49.0352256,-28.0147275992163,0.0 -49.0352308,-28.0146241992163,0.0 -49.0352361,-28.0145569992163,0.0 -49.0352275,-28.0144828992163,0.0 -49.0351881,-28.0144159992164,0.0 -49.0350353,-28.0142813992163,0.0 -49.0349348,-28.0142091992163,0.0 -49.0348633,-28.0141415992164,0.0 -49.0348561,-28.0141228992163,0.0 -49.0348393,-28.0140790992164,0.0 -49.0348312,-28.0139093992164,0.0 -49.0348439,-28.0138161992164,0.0 -49.0348509,-28.0137654992164,0.0 -49.0348666,-28.0136929992164,0.0 -49.034964,-28.0136080992164,0.0 -49.0351882,-28.0135688992164,0.0 -49.0353964,-28.0135215992164,0.0 -49.0355681,-28.0135071992164,0.0 -49.0356916,-28.0134774992164,0.0 -49.035796,-28.0134030992164,0.0 -49.0358251,-28.0133269992164,0.0 -49.0358261,-28.0133168992164,0.0 -49.0358321,-28.0132543992164,0.0 -49.035817,-28.0131343992164,0.0 -49.0357671,-28.0130409992164,0.0 -49.0356766,-28.0129270992164,0.0 -49.0355193,-28.0127389992164,0.0 -49.0354606,-28.0126452992164,0.0 -49.03541,-28.0124855992164,0.0 -49.0354271,-28.0123753992164,0.0 -49.0354969,-28.0123197992164,0.0 -49.0356484,-28.0122906992164,0.0 -49.0358143,-28.0123138992164,0.0 -49.0358614,-28.0123187992164,0.0 -49.0359718,-28.0122835992164,0.0 -49.0360199,-28.0122144992164,0.0 -49.0360382,-28.0121121992164,0.0 -49.0360312,-28.0120157992164,0.0 -49.0360116,-28.0119411992164,0.0 -49.0359778,-28.0118507992164,0.0 -49.0359418,-28.0117835992164,0.0 -49.0358743,-28.0116858992164,0.0 -49.035764,-28.0115481992164,0.0 -49.0356249,-28.0112589992164,0.0 -49.0355987,-28.0111205992164,0.0 -49.0355546,-28.0109882992164,0.0 -49.0355514,-28.0109728992164,0.0 -49.035477,-28.0106149992164,0.0 -49.0354434,-28.0105388992164,0.0 -49.0355809,-28.0103314992164,0.0 -49.0356412,-28.0102594992164,0.0 -49.0356911,-28.0101764992164,0.0 -49.0357537,-28.0100796992164,0.0 -49.0358098,-28.0100056992164,0.0 -49.0358723,-28.0099344992164,0.0 -49.0359853,-28.0098489992164,0.0 -49.0360973,-28.0097915992164,0.0 -49.0363806,-28.0096793992164,0.0 -49.0365268,-28.0096391992164,0.0 -49.0366196,-28.0095857992164,0.0 -49.03668,-28.0095146992164,0.0 -49.0366951,-28.0094664992164,0.0 -49.0367233,-28.0093939992164,0.0 -49.0367787,-28.0092999992164,0.0 -49.0368497,-28.0092126992164,0.0 -49.0368782,-28.0091509992164,0.0 -49.0368836,-28.0090942992164,0.0 -49.0368833,-28.0090400992164,0.0 -49.0368438,-28.0088866992164,0.0 -49.0368404,-28.0087295992165,0.0 -49.0368533,-28.0086649992165,0.0 -49.0368891,-28.0086209992165,0.0 -49.0369194,-28.0086057992165,0.0 -49.0369467,-28.0085919992164,0.0 -49.0369935,-28.0086075992165,0.0 -49.037228,-28.0088189992164,0.0 -49.0373193,-28.0088998992164,0.0 -49.037411,-28.0089435992165,0.0 -49.0374899,-28.0089642992164,0.0 -49.0375453,-28.0089774992165,0.0 -49.037616,-28.0089632992164,0.0 -49.0376883,-28.0089220992164,0.0 -49.037737,-28.0088790992164,0.0 -49.037811,-28.0086984992165,0.0 -49.0378219,-28.0086306992165,0.0 -49.0378161,-28.0085906992164,0.0 -49.0378143,-28.0085781992165,0.0 -49.0377661,-28.0084509992165,0.0 -49.0377382,-28.0083614992165,0.0 -49.0376741,-28.0082635992165,0.0 -49.0376263,-28.0081691992165,0.0 -49.0375972,-28.0080928992165,0.0 -49.037577,-28.0080117992165,0.0 -49.0375693,-28.0079390992165,0.0 -49.0375691,-28.0078589992165,0.0 -49.0375762,-28.0077935992165,0.0 -49.0375785,-28.0077242992165,0.0 -49.0375784,-28.0076612992165,0.0 -49.037558,-28.0076052992165,0.0 -49.0375345,-28.0075587992165,0.0 -49.037484,-28.0075021992165,0.0 -49.0374625,-28.0074587992165,0.0 -49.037458,-28.0073981992165,0.0 -49.0374588,-28.0073272992165,0.0 -49.0374639,-28.0072599992165,0.0 -49.0374692,-28.0072326992165,0.0 -49.0374987,-28.0071781992165,0.0 -49.0375161,-28.0071341992165,0.0 -49.0375313,-28.0070581992165,0.0 -49.0375256,-28.0070072992165,0.0 -49.0374907,-28.0069441992165,0.0 -49.0374676,-28.0069192992165,0.0 -49.0374544,-28.0068821992165,0.0 -49.0374526,-28.0068397992165,0.0 -49.0374726,-28.0068043992165,0.0 -49.037525,-28.0067449992165,0.0 -49.0375767,-28.0067173992165,0.0 -49.037659,-28.0066903992165,0.0 -49.0377579,-28.0066610992165,0.0 -49.0378802,-28.0066406992165,0.0 -49.0379877,-28.0065979992165,0.0 -49.0380751,-28.0065412992165,0.0 -49.0381332,-28.0064733992165,0.0 -49.0381689,-28.0064148992165,0.0 -49.038225,-28.0063751992165,0.0 -49.0382697,-28.0063573992165,0.0 -49.038323,-28.0063520992165,0.0 -49.0383854,-28.0063504992165,0.0 -49.0384656,-28.0063577992165,0.0 -49.0385209,-28.0063659992165,0.0 -49.0385759,-28.0063900992165,0.0 -49.0386608,-28.0064465992165,0.0 -49.0387265,-28.0064917992165,0.0 -49.0388293,-28.0065533992165,0.0 -49.0388993,-28.0065887992165,0.0 -49.0389419,-28.0066102992165,0.0 -49.0390094,-28.0066309992165,0.0 -49.0390812,-28.0066454992165,0.0 -49.0391297,-28.0066449992165,0.0 -49.0392019,-28.0066373992165,0.0 -49.0392688,-28.0066174992165,0.0 -49.0393552,-28.0065928992165,0.0 -49.0394165,-28.0065740992165,0.0 -49.0394423,-28.0065748992165,0.0 -49.039465,-28.0065881992165,0.0 -49.0394744,-28.0065955992165,0.0 -49.03954,-28.0066517992165,0.0 -49.0395957,-28.0067058992165,0.0 -49.0396603,-28.0067519992165,0.0 -49.0396979,-28.0067635992165,0.0 -49.0397719,-28.0067802992165,0.0 -49.0397926,-28.0067902992165,0.0 -49.0398144,-28.0068007992165,0.0 -49.0399788,-28.0068799992165,0.0 -49.0400391,-28.0068989992165,0.0 -49.0401731,-28.0069220992165,0.0 -49.0401808,-28.0069208992165,0.0 -49.0402673,-28.0069071992165,0.0 -49.0403651,-28.0068690992165,0.0 -49.0405136,-28.0068103992165,0.0 -49.0405388,-28.0068004992165,0.0 -49.0405433,-28.0067986992165,0.0 -49.0407207,-28.0067094992165,0.0 -49.0408781,-28.0066651992165,0.0 -49.0409769,-28.0066514992165,0.0 -49.040996,-28.0066098992165,0.0 -49.0410006,-28.0065827992165,0.0 -49.0410037,-28.0065428992165,0.0 -49.0410071,-28.0065129992165,0.0 -49.0410082,-28.0064676992165,0.0 -49.0410067,-28.0064054992165,0.0 -49.0409931,-28.0063029992165,0.0 -49.0409783,-28.0062667992165,0.0 -49.0409607,-28.0062202992165,0.0 -49.0409553,-28.0061973992165,0.0 -49.0409484,-28.0061390992165,0.0 -49.0409543,-28.0060942992165,0.0 -49.0409668,-28.0059713992165,0.0 -49.0409653,-28.0059335992165,0.0 -49.0409631,-28.0058854992165,0.0 -49.0409608,-28.0058581992165,0.0 -49.040949,-28.0058122992165,0.0 -49.0409381,-28.0057633992165,0.0 -49.040924,-28.0057049992165,0.0 -49.0408991,-28.0056323992165,0.0 -49.0408775,-28.0055860992165,0.0 -49.0408511,-28.0055400992165,0.0 -49.0407828,-28.0053346992165,0.0 -49.0407268,-28.0051436992165,0.0 -49.04068,-28.0049695992165,0.0 -49.0406582,-28.0048687992165,0.0 -49.040666,-28.0048658992165,0.0 -49.0406774,-28.0048645992165,0.0 -49.0406895,-28.0048646992165,0.0 -49.0407016,-28.0048682992165,0.0 -49.0407249,-28.0048828992165,0.0 -49.0407518,-28.0048956992165,0.0 -49.0407712,-28.0049003992165,0.0 -49.0407978,-28.0049032992165,0.0 -49.0408187,-28.0049046992165,0.0 -49.0408542,-28.0049069992165,0.0 -49.0409259,-28.0049103992165,0.0 -49.0409422,-28.0049145992165,0.0 -49.0409479,-28.0049162992165,0.0 -49.0409598,-28.0049274992165,0.0 -49.0409673,-28.0049456992165,0.0 -49.040976,-28.0049762992165,0.0 -49.040983,-28.0049987992165,0.0 -49.0409926,-28.0050251992165,0.0 -49.0410022,-28.0050450992165,0.0 -49.0410146,-28.0050587992165,0.0 -49.0410308,-28.0050648992165,0.0 -49.0410574,-28.0050638992165,0.0 -49.0410767,-28.0050587992165,0.0 -49.0411089,-28.0050499992165,0.0 -49.0411789,-28.0050138992165,0.0 -49.0411906,-28.0049990992165,0.0 -49.0411997,-28.0049799992165,0.0 -49.0412003,-28.0049644992165,0.0 -49.0411939,-28.0049464992165,0.0 -49.0411849,-28.0049356992165,0.0 -49.0411658,-28.0049215992165,0.0 -49.0411545,-28.0049095992165,0.0 -49.0411325,-28.0048600992165,0.0 -49.0411257,-28.0048342992165,0.0 -49.0411118,-28.0047891992165,0.0 -49.0410794,-28.0047138992165,0.0 -49.0410822,-28.0046936992165,0.0 -49.0410843,-28.0046863992165,0.0 -49.0410936,-28.0046753992165,0.0 -49.0411001,-28.0046717992165,0.0 -49.0411159,-28.0046668992165,0.0 -49.0411319,-28.0046635992165,0.0 -49.0411503,-28.0046592992165,0.0 -49.0411627,-28.0046552992165,0.0 -49.0411797,-28.0046480992165,0.0 -49.0411963,-28.0046375992165,0.0 -49.0412143,-28.0046204992165,0.0 -49.0412295,-28.0046039992165,0.0 -49.0412401,-28.0045916992165,0.0 -49.0412491,-28.0045743992165,0.0 -49.0412543,-28.0045601992165,0.0 -49.0412586,-28.0045521992165,0.0 -49.0412689,-28.0045441992165,0.0 -49.0412835,-28.0045407992165,0.0 -49.0413031,-28.0045460992165,0.0 -49.0413424,-28.0045727992165,0.0 -49.0413604,-28.0045856992165,0.0 -49.0413714,-28.0045909992165,0.0 -49.0413778,-28.0045922992165,0.0 -49.0413921,-28.0045923992165,0.0 -49.041403,-28.0045874992165,0.0 -49.0414339,-28.0045627992165,0.0 -49.0414587,-28.0045496992165,0.0 -49.0414713,-28.0045475992165,0.0 -49.041495,-28.0045510992165,0.0 -49.0415131,-28.0045565992165,0.0 -49.0415416,-28.0045679992165,0.0 -49.0415716,-28.0045765992165,0.0 -49.0415955,-28.0045871992165,0.0 -49.0416217,-28.0046015992165,0.0 -49.0416429,-28.0046184992165,0.0 -49.0416591,-28.0046374992165,0.0 -49.0416775,-28.0046634992165,0.0 -49.0416848,-28.0046956992165,0.0 -49.0416888,-28.0047183992165,0.0 -49.041686,-28.0047382992165,0.0 -49.0416767,-28.0047494992165,0.0 -49.0416633,-28.0047623992165,0.0 -49.0416465,-28.0047816992165,0.0 -49.0416353,-28.0048014992165,0.0 -49.0416353,-28.0048241992165,0.0 -49.0416422,-28.0048378992165,0.0 -49.0416606,-28.0048517992165,0.0 -49.041685,-28.0048670992165,0.0 -49.0417053,-28.0048841992165,0.0 -49.0417269,-28.0049186992165,0.0 -49.0417373,-28.0049609992165,0.0 -49.0417697,-28.0050201992165,0.0 -49.0417894,-28.0050300992165,0.0 -49.0418017,-28.0050325992165,0.0 -49.0418347,-28.0050270992165,0.0 -49.0418524,-28.0050111992165,0.0 -49.0418883,-28.0050002992165,0.0 -49.0419174,-28.0050018992165,0.0 -49.0419321,-28.0050076992165,0.0 -49.0419598,-28.0050237992165,0.0 -49.0419956,-28.0050454992165,0.0 -49.0420138,-28.0050588992165,0.0 -49.0420507,-28.0050886992165,0.0 -49.0421592,-28.0051728992165,0.0 -49.0421812,-28.0051795992165,0.0 -49.0421989,-28.0051798992165,0.0 -49.042227,-28.0051789992165,0.0 -49.0422467,-28.0051752992165,0.0 -49.042279,-28.0051657992165,0.0 -49.0423339,-28.0051167992165,0.0 -49.0423544,-28.0050928992165,0.0 -49.0423825,-28.0050518992165,0.0 -49.0424053,-28.0050110992165,0.0 -49.0424411,-28.0049029992165,0.0 -49.0424612,-28.0048496992165,0.0 -49.0424904,-28.0047762992165,0.0 -49.042552,-28.0046630992165,0.0 -49.0425763,-28.0046296992165,0.0 -49.0426131,-28.0045917992165,0.0 -49.0426633,-28.0045512992165,0.0 -49.0427045,-28.0045274992165,0.0 -49.0427978,-28.0044998992165,0.0 -49.0428454,-28.0044842992165,0.0 -49.0428805,-28.0044705992165,0.0 -49.0428974,-28.0044562992165,0.0 -49.0429405,-28.0044201992165,0.0 -49.0429368,-28.0043941992165,0.0 -49.0429024,-28.0043718992165,0.0 -49.0428331,-28.0043563992165,0.0 -49.0427123,-28.0043142992165,0.0 -49.0426744,-28.0042713992165,0.0 -49.0426663,-28.0042335992165,0.0 -49.0426656,-28.0041881992165,0.0 -49.0426708,-28.0041343992165,0.0 -49.0427093,-28.0040220992165,0.0 -49.0427508,-28.0039363992165,0.0 -49.04277,-28.0038911992165,0.0 -49.0428641,-28.0037969992165,0.0 -49.0429539,-28.0037629992165,0.0 -49.0430162,-28.0037540992165,0.0 -49.0430688,-28.0037546992165,0.0 -49.0431059,-28.0037609992165,0.0 -49.0431683,-28.0037774992165,0.0 -49.0432369,-28.0037941992165,0.0 -49.0432831,-28.0037998992165,0.0 -49.0433578,-28.0038038992165,0.0 -49.0434909,-28.0037874992165,0.0 -49.0435512,-28.0037702992165,0.0 -49.0435947,-28.0037615992165,0.0 -49.0436725,-28.0037583992165,0.0 -49.0437634,-28.0037607992165,0.0 -49.0440141,-28.0037644992165,0.0 -49.044137,-28.0037560992165,0.0 -49.0441677,-28.0037559992165,0.0 -49.0443104,-28.0037225992165,0.0 -49.0443511,-28.0036913992165,0.0 -49.0443882,-28.0036499992165,0.0 -49.0444088,-28.0036030992165,0.0 -49.0444263,-28.0035508992165,0.0 -49.0444339,-28.0035317992165,0.0 -49.0444367,-28.0035245992165,0.0 -49.0444552,-28.0034890992165,0.0 -49.0444769,-28.0034643992165,0.0 -49.0445159,-28.0034280992165,0.0 -49.0445473,-28.0033889992165,0.0 -49.0446017,-28.0032556992166,0.0 -49.0446092,-28.0032294992165,0.0 -49.0446161,-28.0031975992165,0.0 -49.0446157,-28.0031834992166,0.0 -49.0446113,-28.0031703992165,0.0 -49.0446038,-28.0031612992166,0.0 -49.0445824,-28.0031485992166,0.0 -49.0445476,-28.0031349992165,0.0 -49.0445343,-28.0031246992166,0.0 -49.0445251,-28.0031088992166,0.0 -49.0445231,-28.0030896992165,0.0 -49.0445233,-28.0030719992166,0.0 -49.0445301,-28.0030024992166,0.0 -49.0445328,-28.0029375992166,0.0 -49.0445452,-28.0028711992166,0.0 -49.0445593,-28.0028159992166,0.0 -49.0445672,-28.0027772992166,0.0 -49.0445649,-28.0027384992166,0.0 -49.0445522,-28.0027044992166,0.0 -49.0445321,-28.0026612992166,0.0 -49.0445101,-28.0025372992166,0.0 -49.0445074,-28.0024740992166,0.0 -49.0445053,-28.0023957992166,0.0 -49.044507,-28.0022086992166,0.0 -49.0445081,-28.0020801992166,0.0 -49.0444894,-28.0020042992166,0.0 -49.0444813,-28.0019524992166,0.0 -49.0444829,-28.0019235992166,0.0 -49.0445177,-28.0018674992166,0.0 -49.0445547,-28.0018393992166,0.0 -49.0445795,-28.0018213992166,0.0 -49.044628,-28.0017428992166,0.0 -49.0446455,-28.0017026992166,0.0 -49.0446875,-28.0016227992166,0.0 -49.044746,-28.0015080992166,0.0 -49.0447674,-28.0014741992166,0.0 -49.0447888,-28.0014428992166,0.0 -49.0448333,-28.0013416992166,0.0 -49.0448464,-28.0012758992166,0.0 -49.044854,-28.0011719992166,0.0 -49.0448634,-28.0011033992166,0.0 -49.0448731,-28.0010427992166,0.0 -49.0448831,-28.0009462992166,0.0 -49.0448813,-28.0008882992166,0.0 -49.0448786,-28.0008272992166,0.0 -49.044877,-28.0007759992166,0.0 -49.0448691,-28.0006153992166,0.0 -49.0448644,-28.0005474992166,0.0 -49.0448618,-28.0004868992166,0.0 -49.0448584,-28.0004242992166,0.0 -49.0448364,-28.0002649992166,0.0 -49.0448348,-28.0002572992166,0.0 -49.0448245,-28.0002074992166,0.0 -49.0448162,-28.0001482992166,0.0 -49.0448109,-28.0000845992166,0.0 -49.0448065,-28.0000024992166,0.0 -49.0447986,-27.9998537992166,0.0 -49.0447972,-27.9997975992166,0.0 -49.0447973,-27.9997436992166,0.0 -49.0448051,-27.9996815992166,0.0 -49.0448352,-27.9995922992166,0.0 -49.0448614,-27.9994131992166,0.0 -49.0448587,-27.9993624992166,0.0 -49.0448524,-27.9993324992166,0.0 -49.0448312,-27.9992906992166,0.0 -49.0447985,-27.9992496992166,0.0 -49.0447738,-27.9992123992166,0.0 -49.0447594,-27.9991793992166,0.0 -49.0447466,-27.9991273992166,0.0 -49.0447389,-27.9990664992166,0.0 -49.0447342,-27.9989985992166,0.0 -49.0447227,-27.9988620992166,0.0 -49.0447033,-27.9986334992166,0.0 -49.0446708,-27.9985045992166,0.0 -49.0446557,-27.9984136992166,0.0 -49.0446391,-27.9982964992166,0.0 -49.0446306,-27.9982342992166,0.0 -49.0446204,-27.9981720992166,0.0 -49.0446053,-27.9981064992166,0.0 -49.0445924,-27.9980729992166,0.0 -49.0445794,-27.9980394992167,0.0 -49.0445185,-27.9979492992166,0.0 -49.0444815,-27.9979059992167,0.0 -49.0444433,-27.9978620992166,0.0 -49.0443874,-27.9977932992166,0.0 -49.0442908,-27.9976667992167,0.0 -49.044219,-27.9975512992167,0.0 -49.0441584,-27.9974330992167,0.0 -49.0441104,-27.9972805992167,0.0 -49.0440861,-27.9972035992167,0.0 -49.0440623,-27.9971280992167,0.0 -49.0440502,-27.9970618992167,0.0 -49.0440383,-27.9969353992167,0.0 -49.044023,-27.9966963992167,0.0 -49.0440194,-27.9965806992167,0.0 -49.0439874,-27.9964065992167,0.0 -49.0439484,-27.9963273992167,0.0 -49.0438894,-27.9961590992167,0.0 -49.0438863,-27.9961051992167,0.0 -49.0438917,-27.9960465992167,0.0 -49.0439074,-27.9960010992167,0.0 -49.0439329,-27.9959457992167,0.0 -49.0439714,-27.9958717992167,0.0 -49.0440263,-27.9957923992167,0.0 -49.0440597,-27.9957387992167,0.0 -49.0440849,-27.9956988992167,0.0 -49.0441364,-27.9956276992167,0.0 -49.0441942,-27.9955506992167,0.0 -49.0442492,-27.9954782992167,0.0 -49.0443597,-27.9952989992167,0.0 -49.0444028,-27.9952114992167,0.0 -49.0444601,-27.9950976992167,0.0 -49.0445444,-27.9947931992167,0.0 -49.0445917,-27.9946104992167,0.0 -49.0446145,-27.9945173992167,0.0 -49.044753,-27.9941627992167,0.0 -49.0447764,-27.9941242992167,0.0 -49.0448211,-27.9940516992167,0.0 -49.0448606,-27.9939916992167,0.0 -49.044918,-27.9939200992167,0.0 -49.0449359,-27.9938993992167,0.0 -49.0451634,-27.9939001992167,0.0 -49.0453082,-27.9939052992167,0.0 -49.0453582,-27.9939040992167,0.0 -49.045516,-27.9938975992167,0.0 -49.0456099,-27.9938955992167,0.0 -49.0456592,-27.9938947992167,0.0 -49.0457261,-27.9938934992167,0.0 -49.0459956,-27.9938955992167,0.0 -49.046065,-27.9938948992167,0.0 -49.0461627,-27.9938913992167,0.0 -49.0462381,-27.9938857992167,0.0 -49.0463494,-27.9938661992167,0.0 -49.0465657,-27.9938119992167,0.0 -49.0465832,-27.9938053992167,0.0 -49.0466184,-27.9937926992167,0.0 -49.0466421,-27.9937844992167,0.0 -49.0466897,-27.9937683992167,0.0 -49.0467254,-27.9937562992167,0.0 -49.0467609,-27.9937439992167,0.0 -49.0467785,-27.9937375992167,0.0 -49.0468047,-27.9937277992167,0.0 -49.0468278,-27.9937186992167,0.0 -49.0468392,-27.9937139992167,0.0 -49.0468561,-27.9937066992167,0.0 -49.0468729,-27.9936990992167,0.0 -49.0468811,-27.9936951992167,0.0 -49.0468976,-27.9936870992167,0.0 -49.0469056,-27.9936829992167,0.0 -49.0469177,-27.9936764992167,0.0 -49.0469239,-27.9936730992167,0.0 -49.0469363,-27.9936658992167,0.0 -49.0469485,-27.9936583992167,0.0 -49.0469565,-27.9936532992167,0.0 -49.0469722,-27.9936426992167,0.0 -49.0469839,-27.9936344992167,0.0 -49.0470068,-27.9936175992167,0.0 -49.0470293,-27.9936000992167,0.0 -49.0470442,-27.9935882992167,0.0 -49.0470737,-27.9935641992167,0.0 -49.0471069,-27.9935372992167,0.0 -49.0471237,-27.9935239992167,0.0 -49.0471491,-27.9935044992167,0.0 -49.04741,-27.9932771992167,0.0 -49.0474466,-27.9932310992167,0.0 -49.047455,-27.9932153992167,0.0 -49.0474662,-27.9931886992167,0.0 -49.0474732,-27.9931430992167,0.0 -49.047782,-27.9930320992167,0.0 -49.0477857,-27.9930309992167,0.0 -49.0477931,-27.9930290992167,0.0 -49.0478007,-27.9930276992167,0.0 -49.0478058,-27.9930269992167,0.0 -49.0478161,-27.9930260992167,0.0 -49.0478238,-27.9930258992167,0.0 -49.047829,-27.9930258992167,0.0 -49.0478395,-27.9930262992167,0.0 -49.04785,-27.9930269992167,0.0 -49.0478709,-27.9930290992167,0.0 -49.0478864,-27.9930305992167,0.0 -49.0479,-27.9930319992167,0.0 -49.0479067,-27.9930327992167,0.0 -49.0479169,-27.9930342992167,0.0 -49.047927,-27.9930359992167,0.0 -49.047932,-27.9930370992167,0.0 -49.0479421,-27.9930393992167,0.0 -49.0479471,-27.9930407992167,0.0 -49.0479547,-27.9930430992167,0.0 -49.0479611,-27.9930452992167,0.0 -49.0479738,-27.9930498992167,0.0 -49.047982,-27.9930531992167,0.0 -49.0479874,-27.9930554992167,0.0 -49.0479979,-27.9930603992167,0.0 -49.0480095,-27.9930662992167,0.0 -49.0480207,-27.9930726992167,0.0 -49.0480261,-27.9930760992167,0.0 -49.0480341,-27.9930815992167,0.0 -49.0480526,-27.9930947992167,0.0 -49.0480648,-27.9931036992167,0.0 -49.0480888,-27.9931216992167,0.0 -49.0481065,-27.9931353992167,0.0 -49.0481153,-27.9931423992167,0.0 -49.0481558,-27.9931749992167,0.0 -49.048176,-27.9931913992167,0.0 -49.0482058,-27.9932161992167,0.0 -49.0482129,-27.9932221992167,0.0 -49.0482268,-27.9932345992167,0.0 -49.0482358,-27.9932429992167,0.0 -49.0482538,-27.9932599992167,0.0 -49.0482673,-27.9932726992167,0.0 -49.0482878,-27.9932913992167,0.0 -49.0482983,-27.9933004992167,0.0 -49.0483066,-27.9933073992167,0.0 -49.0483122,-27.9933119992167,0.0 -49.0483234,-27.9933209992167,0.0 -49.048329,-27.9933254992167,0.0 -49.0483404,-27.9933342992167,0.0 -49.0483634,-27.9933515992167,0.0 -49.0483751,-27.9933600992167,0.0 -49.0483868,-27.9933685992167,0.0 -49.0483927,-27.9933727992167,0.0 -49.0484016,-27.9933790992167,0.0 -49.0484105,-27.9933852992167,0.0 -49.048415,-27.9933884992167,0.0 -49.0484286,-27.9933977992167,0.0 -49.0484562,-27.9934160992167,0.0 -49.0484842,-27.9934338992167,0.0 -49.0485031,-27.9934455992167,0.0 -49.0485414,-27.9934687992167,0.0 -49.0485601,-27.9934797992167,0.0 -49.0485695,-27.9934850992167,0.0 -49.0485838,-27.9934927992167,0.0 -49.0485983,-27.9935000992167,0.0 -49.0486056,-27.9935035992167,0.0 -49.0486207,-27.9935101992167,0.0 -49.0486283,-27.9935132992167,0.0 -49.0486401,-27.9935176992167,0.0 -49.0486477,-27.9935201992167,0.0 -49.0486529,-27.9935216992167,0.0 -49.0486632,-27.9935242992167,0.0 -49.0486683,-27.9935253992167,0.0 -49.0486788,-27.9935273992167,0.0 -49.0486893,-27.9935290992167,0.0 -49.0487104,-27.9935320992167,0.0 -49.0487348,-27.9935350992167,0.0 -49.048747,-27.9935363992167,0.0 -49.0487654,-27.9935381992167,0.0 -49.0487928,-27.9935403992167,0.0 -49.0488203,-27.9935418992167,0.0 -49.0488341,-27.9935422992167,0.0 -49.0488542,-27.9935424992167,0.0 -49.0488643,-27.9935422992167,0.0 -49.0488793,-27.9935415992167,0.0 -49.0488944,-27.9935402992167,0.0 -49.048902,-27.9935393992167,0.0 -49.048917,-27.9935371992167,0.0 -49.0489246,-27.9935357992167,0.0 -49.0489358,-27.9935332992167,0.0 -49.0489487,-27.9935301992167,0.0 -49.0489741,-27.9935236992167,0.0 -49.0489991,-27.9935167992167,0.0 -49.0490156,-27.9935120992167,0.0 -49.0490484,-27.9935020992167,0.0 -49.0490727,-27.9934942992167,0.0 -49.0490887,-27.9934888992167,0.0 -49.0491207,-27.9934777992167,0.0 -49.0491366,-27.9934720992167,0.0 -49.0491683,-27.9934603992167,0.0 -49.0491999,-27.9934483992167,0.0 -49.0492633,-27.9934234992167,0.0 -49.0492945,-27.9934108992167,0.0 -49.04931,-27.9934044992167,0.0 -49.0493329,-27.9933945992167,0.0 -49.0493557,-27.9933843992167,0.0 -49.0493671,-27.9933790992167,0.0 -49.0493896,-27.9933682992167,0.0 -49.0494008,-27.9933626992167,0.0 -49.0494176,-27.9933540992167,0.0 -49.0494344,-27.9933449992167,0.0 -49.0494427,-27.9933402992167,0.0 -49.0494551,-27.9933331992167,0.0 -49.0494732,-27.9933221992167,0.0 -49.0494911,-27.9933106992167,0.0 -49.0494998,-27.9933047992167,0.0 -49.049517,-27.9932925992167,0.0 -49.0495254,-27.9932863992167,0.0 -49.0495379,-27.9932767992167,0.0 -49.0495541,-27.9932635992167,0.0 -49.049562,-27.9932567992167,0.0 -49.0495737,-27.9932463992167,0.0 -49.0495851,-27.9932357992167,0.0 -49.0495907,-27.9932302992167,0.0 -49.0495955,-27.9932253992167,0.0 -49.0495985,-27.9932220992167,0.0 -49.0496043,-27.9932152992167,0.0 -49.0496099,-27.9932082992167,0.0 -49.0496207,-27.9931940992167,0.0 -49.0496287,-27.9931833992167,0.0 -49.0496371,-27.9931730992167,0.0 -49.0496416,-27.9931680992167,0.0 -49.0496487,-27.9931607992167,0.0 -49.0496678,-27.9931425992167,0.0 -49.0497065,-27.9931061992167,0.0 -49.0497354,-27.9930788992167,0.0 -49.0497477,-27.9930672992167,0.0 -49.0497724,-27.9930444992167,0.0 -49.0497907,-27.9930269992167,0.0 -49.0498026,-27.9930148992167,0.0 -49.0498085,-27.9930085992167,0.0 -49.0498171,-27.9929987992167,0.0 -49.0498204,-27.9929947992167,0.0 -49.0498224,-27.9929920992167,0.0 -49.049826,-27.9929865992167,0.0 -49.0498277,-27.9929837992167,0.0 -49.0498307,-27.9929780992167,0.0 -49.0498334,-27.9929722992167,0.0 -49.049835,-27.9929683992167,0.0 -49.0498378,-27.9929603992167,0.0 -49.0498396,-27.9929542992167,0.0 -49.0498425,-27.9929418992167,0.0 -49.0498448,-27.9929292992167,0.0 -49.0498483,-27.9929039992167,0.0 -49.0498502,-27.9928913992167,0.0 -49.0498512,-27.9928850992167,0.0 -49.049853,-27.9928757992167,0.0 -49.049854,-27.9928704992167,0.0 -49.0498546,-27.9928668992167,0.0 -49.0498553,-27.9928596992167,0.0 -49.0498558,-27.9928523992167,0.0 -49.0498566,-27.9928378992167,0.0 -49.0498575,-27.9928269992167,0.0 -49.0498586,-27.9928197992167,0.0 -49.0498593,-27.9928162992167,0.0 -49.0498606,-27.9928109992167,0.0 -49.0498624,-27.9928056992167,0.0 -49.0498634,-27.9928030992167,0.0 -49.049865,-27.9927995992167,0.0 -49.0498683,-27.9927927992167,0.0 -49.0498721,-27.9927860992167,0.0 -49.0498748,-27.9927817992167,0.0 -49.0498805,-27.9927732992167,0.0 -49.0498851,-27.9927670992167,0.0 -49.049895,-27.9927550992167,0.0 -49.0499055,-27.9927432992167,0.0 -49.049927,-27.9927201992167,0.0 -49.0499376,-27.9927085992167,0.0 -49.0499427,-27.9927026992167,0.0 -49.04995,-27.9926935992167,0.0 -49.0499568,-27.9926842992167,0.0 -49.04996,-27.9926794992167,0.0 -49.049976,-27.9926548992167,0.0 -49.0500083,-27.9926057992167,0.0 -49.0500321,-27.9925686992167,0.0 -49.0500474,-27.9925436992167,0.0 -49.0500549,-27.9925310992167,0.0 -49.0500657,-27.9925119992167,0.0 -49.050075,-27.9924948992168,0.0 -49.0500795,-27.9924862992167,0.0 -49.050086,-27.9924731992167,0.0 -49.0500953,-27.9924533992167,0.0 -49.0501039,-27.9924332992167,0.0 -49.050108,-27.9924230992168,0.0 -49.0501118,-27.9924126992167,0.0 -49.0501141,-27.9924057992168,0.0 -49.0501183,-27.9923917992168,0.0 -49.0501202,-27.9923846992167,0.0 -49.0501236,-27.9923705992168,0.0 -49.0501266,-27.9923563992167,0.0 -49.0501284,-27.9923469992167,0.0 -49.0501317,-27.9923278992167,0.0 -49.0501333,-27.9923173992168,0.0 -49.0501362,-27.9922961992167,0.0 -49.0501379,-27.9922820992168,0.0 -49.0501411,-27.9922538992168,0.0 -49.0501435,-27.9922327992168,0.0 -49.0501475,-27.9922010992168,0.0 -49.0501499,-27.9921852992168,0.0 -49.0501515,-27.9921758992168,0.0 -49.0501547,-27.9921572992168,0.0 -49.0501582,-27.9921386992168,0.0 -49.0501607,-27.9921262992168,0.0 -49.0501658,-27.9921015992168,0.0 -49.0501714,-27.9920768992167,0.0 -49.0501752,-27.9920604992168,0.0 -49.0501834,-27.9920276992168,0.0 -49.0501931,-27.9919907992168,0.0 -49.0502,-27.9919662992168,0.0 -49.0502035,-27.9919539992168,0.0 -49.0502089,-27.9919355992168,0.0 -49.050217,-27.9919092992168,0.0 -49.0502213,-27.9918960992168,0.0 -49.0502283,-27.9918765992168,0.0 -49.0502361,-27.9918571992168,0.0 -49.0502402,-27.9918476992168,0.0 -49.0502461,-27.9918350992168,0.0 -49.0502492,-27.9918288992168,0.0 -49.0502541,-27.9918196992168,0.0 -49.050262,-27.9918061992168,0.0 -49.0502696,-27.9917943992168,0.0 -49.0502736,-27.9917885992168,0.0 -49.0502799,-27.9917801992168,0.0 -49.0502865,-27.9917718992168,0.0 -49.05029,-27.9917677992168,0.0 -49.0502972,-27.9917597992168,0.0 -49.050301,-27.9917558992168,0.0 -49.0503068,-27.9917501992168,0.0 -49.0503151,-27.9917423992168,0.0 -49.0503321,-27.9917273992168,0.0 -49.0503495,-27.9917128992168,0.0 -49.0503847,-27.9916848992168,0.0 -49.050411,-27.9916636992168,0.0 -49.050424,-27.9916527992168,0.0 -49.0504324,-27.9916459992168,0.0 -49.0504495,-27.9916329992168,0.0 -49.0504578,-27.9916262992168,0.0 -49.0504619,-27.9916226992168,0.0 -49.0504671,-27.9916175992168,0.0 -49.0504696,-27.9916148992168,0.0 -49.0504733,-27.9916105992168,0.0 -49.0504785,-27.9916035992168,0.0 -49.0504797,-27.9916016992168,0.0 -49.0504818,-27.9915977992168,0.0 -49.0504833,-27.9915938992168,0.0 -49.050484,-27.9915912992168,0.0 -49.0504849,-27.9915859992168,0.0 -49.0504852,-27.9915819992168,0.0 -49.0504852,-27.9915793992168,0.0 -49.0504847,-27.9915740992168,0.0 -49.0504833,-27.9915660992168,0.0 -49.050482,-27.9915606992168,0.0 -49.0504791,-27.9915499992168,0.0 -49.0504771,-27.9915419992168,0.0 -49.0504763,-27.9915379992168,0.0 -49.0504754,-27.9915319992168,0.0 -49.0504751,-27.9915259992168,0.0 -49.0504752,-27.9915229992168,0.0 -49.0504765,-27.9915042992168,0.0 -49.0504775,-27.9914949992168,0.0 -49.0504791,-27.9914856992168,0.0 -49.0504802,-27.9914809992168,0.0 -49.0504813,-27.9914774992168,0.0 -49.0504821,-27.9914752992168,0.0 -49.0504841,-27.9914708992168,0.0 -49.0504878,-27.9914645992168,0.0 -49.0504907,-27.9914604992168,0.0 -49.0504969,-27.9914525992168,0.0 -49.0504982,-27.9914511992168,0.0 -49.050501,-27.9914486992168,0.0 -49.0505101,-27.9914418992168,0.0 -49.0505145,-27.9914381992168,0.0 -49.0505166,-27.9914359992168,0.0 -49.0505225,-27.9914289992168,0.0 -49.0505251,-27.9914253992168,0.0 -49.0505274,-27.9914216992168,0.0 -49.0505283,-27.9914198992168,0.0 -49.0505298,-27.9914161992168,0.0 -49.0505303,-27.9914142992168,0.0 -49.0505306,-27.9914114992168,0.0 -49.0505307,-27.9914089992168,0.0 -49.0505305,-27.9914038992168,0.0 -49.0505298,-27.9913988992168,0.0 -49.0505291,-27.9913954992168,0.0 -49.0505271,-27.9913887992168,0.0 -49.0505253,-27.9913836992168,0.0 -49.0505208,-27.9913735992168,0.0 -49.0505174,-27.9913667992168,0.0 -49.0505099,-27.9913530992168,0.0 -49.0505043,-27.9913428992168,0.0 -49.050499,-27.9913325992168,0.0 -49.0504967,-27.9913274992168,0.0 -49.0504935,-27.9913196992168,0.0 -49.0504911,-27.9913118992168,0.0 -49.0504902,-27.9913080992168,0.0 -49.050488,-27.9912992992168,0.0 -49.0504847,-27.9912870992168,0.0 -49.0504831,-27.9912808992168,0.0 -49.0504819,-27.9912747992168,0.0 -49.0504815,-27.9912716992168,0.0 -49.0504811,-27.9912671992168,0.0 -49.0504812,-27.9912611992168,0.0 -49.0504816,-27.9912582992168,0.0 -49.0504825,-27.9912539992168,0.0 -49.0504841,-27.9912498992168,0.0 -49.0504851,-27.9912478992168,0.0 -49.0504947,-27.9912308992168,0.0 -49.0505077,-27.9912083992168,0.0 -49.0505142,-27.9911971992168,0.0 -49.0505419,-27.9911498992168,0.0 -49.0505527,-27.9911313992168,0.0 -49.0505614,-27.9911197992168,0.0 -49.0505691,-27.9911121992168,0.0 -49.0505839,-27.9911002992168,0.0 -49.0506693,-27.9910415992168,0.0 -49.0507134,-27.9910108992168,0.0 -49.0507179,-27.9910009992168,0.0 -49.0507216,-27.9909748992168,0.0 -49.0507177,-27.9909527992168,0.0 -49.0507044,-27.9909284992168,0.0 -49.0506841,-27.9908997992168,0.0 -49.0506698,-27.9908675992168,0.0 -49.0506665,-27.9908414992168,0.0 -49.050687,-27.9905208992168,0.0 -49.0506873,-27.9905119992168,0.0 -49.0506879,-27.9904986992168,0.0 -49.0506889,-27.9904853992168,0.0 -49.0506896,-27.9904786992168,0.0 -49.0506904,-27.9904728992168,0.0 -49.0506913,-27.9904690992168,0.0 -49.0506934,-27.9904615992168,0.0 -49.0506946,-27.9904578992168,0.0 -49.0506975,-27.9904504992168,0.0 -49.0507007,-27.9904430992168,0.0 -49.0507077,-27.9904284992168,0.0 -49.050727,-27.9903872992168,0.0 -49.0507338,-27.9903737992168,0.0 -49.0507373,-27.9903670992168,0.0 -49.0507448,-27.9903540992168,0.0 -49.0507488,-27.9903476992168,0.0 -49.0507551,-27.9903383992168,0.0 -49.0507612,-27.9903304992168,0.0 -49.0507644,-27.9903265992168,0.0 -49.0507694,-27.9903208992168,0.0 -49.0507775,-27.9903127992168,0.0 -49.0507833,-27.9903075992168,0.0 -49.0507863,-27.9903050992168,0.0 -49.050791,-27.9903014992168,0.0 -49.0507956,-27.9902981992168,0.0 -49.0508049,-27.9902918992168,0.0 -49.0508144,-27.9902858992168,0.0 -49.0508335,-27.9902741992168,0.0 -49.0508526,-27.9902620992168,0.0 -49.0508907,-27.9902378992168,0.0 -49.0509099,-27.9902259992168,0.0 -49.0509196,-27.9902201992168,0.0 -49.0509393,-27.9902088992168,0.0 -49.0509493,-27.9902034992168,0.0 -49.0509646,-27.9901956992168,0.0 -49.05097,-27.9901930992168,0.0 -49.0509809,-27.9901884992168,0.0 -49.050992,-27.9901844992168,0.0 -49.0509995,-27.9901821992168,0.0 -49.0510046,-27.9901806992168,0.0 -49.0510149,-27.9901779992168,0.0 -49.0510265,-27.9901753992168,0.0 -49.0510344,-27.9901738992168,0.0 -49.0510503,-27.9901712992168,0.0 -49.0510583,-27.9901701992168,0.0 -49.0510744,-27.9901681992168,0.0 -49.0510906,-27.9901663992168,0.0 -49.0511231,-27.9901631992168,0.0 -49.0511474,-27.9901605992168,0.0 -49.0511595,-27.9901589992168,0.0 -49.0511774,-27.9901560992168,0.0 -49.0511891,-27.9901537992168,0.0 -49.0511949,-27.9901525992168,0.0 -49.0512036,-27.9901504992168,0.0 -49.0512159,-27.9901470992168,0.0 -49.0512241,-27.9901447992168,0.0 -49.0512403,-27.9901397992168,0.0 -49.0512565,-27.9901345992168,0.0 -49.0512888,-27.9901237992168,0.0 -49.0513131,-27.9901159992168,0.0 -49.0513294,-27.9901110992168,0.0 -49.0513376,-27.9901087992168,0.0 -49.05135,-27.9901055992168,0.0 -49.0513625,-27.9901026992168,0.0 -49.0513688,-27.9901013992168,0.0 -49.0513856,-27.9900983992168,0.0 -49.0513968,-27.9900966992168,0.0 -49.0514044,-27.9900956992168,0.0 -49.0514195,-27.9900937992168,0.0 -49.0514495,-27.9900896992168,0.0 -49.0515229,-27.9900858992168,0.0 -49.0515458,-27.9900840992168,0.0 -49.0515572,-27.9900829992168,0.0 -49.0515743,-27.9900811992168,0.0 -49.0515912,-27.9900788992168,0.0 -49.0515996,-27.9900775992168,0.0 -49.051611,-27.9900755992168,0.0 -49.0516185,-27.9900741992168,0.0 -49.0516485,-27.9900677992168,0.0 -49.0516782,-27.9900608992168,0.0 -49.0517007,-27.9900557992168,0.0 -49.0517233,-27.9900510992168,0.0 -49.0517347,-27.9900488992168,0.0 -49.051752,-27.9900460992168,0.0 -49.0517618,-27.9900446992168,0.0 -49.0517815,-27.9900420992168,0.0 -49.0517902,-27.9900409992168,0.0 -49.0518078,-27.9900390992168,0.0 -49.0518209,-27.9900378992168,0.0 -49.0518406,-27.9900366992168,0.0 -49.0518537,-27.9900362992168,0.0 -49.0518603,-27.9900362992168,0.0 -49.0518701,-27.9900363992168,0.0 -49.0518799,-27.9900366992168,0.0 -49.0518847,-27.9900369992168,0.0 -49.0519108,-27.9900387992168,0.0 -49.0520129,-27.9900454992168,0.0 -49.0520992,-27.9896089992168,0.0 -49.0520371,-27.9894863992168,0.0 -49.0519749,-27.9893637992168,0.0 -49.0516263,-27.9890612992168,0.0 -49.0509616,-27.9888592992168,0.0 -49.0504292,-27.9886651992168,0.0 -49.0500649,-27.9883705992168,0.0 -49.0498857,-27.9879858992168,0.0 -49.049602,-27.9877160992168,0.0 -49.0493478,-27.9875523992168,0.0 -49.0490648,-27.9872968992168,0.0 -49.0487999,-27.9869959992168,0.0 -49.0487187,-27.9867255992169,0.0 -49.0487877,-27.9865032992169,0.0 -49.0495132,-27.9856484992169,0.0 -49.0498033,-27.9851743992169,0.0 -49.0500784,-27.9844563992169,0.0 -49.0502641,-27.9838108992169,0.0 -49.0502319,-27.9833132992169,0.0 -49.0499738,-27.9827754992169,0.0 -49.0496111,-27.9822094992169,0.0 -49.0491132,-27.9817504992169,0.0 -49.0486803,-27.9813977992169,0.0 -49.0479981,-27.980805599217,0.0 -49.047735,-27.980074199217,0.0 -49.0477108,-27.979298099217,0.0 -49.0476865,-27.978158199217,0.0 -49.0477771,-27.977294299217,0.0 -49.0477108,-27.976775799217,0.0 -49.047735,-27.975999699217,0.0 -49.0479533,-27.9755388992171,0.0 -49.0479777,-27.9755179992171,0.0 -49.0482928,-27.9752477992171,0.0 -49.0486081,-27.9748597992171,0.0 -49.0487294,-27.9744717992171,0.0 -49.0486809,-27.9738411992171,0.0 -49.0483413,-27.9734288992171,0.0 -49.0480988,-27.9731620992171,0.0 -49.047638,-27.9729922992171,0.0 -49.0471772,-27.9728710992171,0.0 -49.0464254,-27.9726284992171,0.0 -49.0455522,-27.9718523992171,0.0 -49.0447034,-27.9711732992171,0.0 -49.0443153,-27.9707609992171,0.0 -49.0440938,-27.9704720992172,0.0 -49.0440491,-27.9702277992171,0.0 -49.0439651,-27.9699945992172,0.0 -49.0438177,-27.9698188992172,0.0 -49.043223,-27.9695598992172,0.0 -49.0428639,-27.9693648992172,0.0 -49.0423906,-27.9691160992172,0.0 -49.0417906,-27.9689096992172,0.0 -49.0413219,-27.9687578992172,0.0 -49.0409588,-27.9688008992172,0.0 -49.0405573,-27.9690709992172,0.0 -49.0402224,-27.9692384992172,0.0 -49.0400314,-27.9693283992172,0.0 -49.039827,-27.9692295992172,0.0 -49.0397172,-27.9687974992172,0.0 -49.0395133,-27.9675596992172,0.0 -49.0393192,-27.9669047992172,0.0 -49.0391737,-27.9664439992172,0.0 -49.0390039,-27.9657891992172,0.0 -49.0389312,-27.9652070992172,0.0 -49.0390282,-27.9647705992173,0.0 -49.039198,-27.9644794992173,0.0 -49.039489,-27.9642611992173,0.0 -49.0399498,-27.9641641992173,0.0 -49.0403379,-27.9642611992173,0.0 -49.0407259,-27.9642369992173,0.0 -49.0410654,-27.9641156992173,0.0 -49.0416718,-27.9634851992173,0.0 -49.0422781,-27.9627817992173,0.0 -49.0426419,-27.9623937992173,0.0 -49.0428117,-27.9619086992173,0.0 -49.0433609,-27.9611529992173,0.0 -49.0437575,-27.9604534992173,0.0 -49.0440728,-27.9599926992173,0.0 -49.0445579,-27.9594348992174,0.0 -49.0448004,-27.9592165992174,0.0 -49.0448974,-27.9588042992174,0.0 -49.0444609,-27.9581979992174,0.0 -49.0438788,-27.9577128992174,0.0 -49.0433452,-27.9574703992174,0.0 -49.0425934,-27.9575673992174,0.0 -49.0418415,-27.9580766992174,0.0 -49.0411542,-27.9585033992174,0.0 -49.0411382,-27.9585132992174,0.0 -49.0403621,-27.9587800992174,0.0 -49.0394405,-27.9588770992174,0.0 -49.0387857,-27.9589255992174,0.0 -49.0380823,-27.9588285992174,0.0 -49.0372092,-27.9586345992174,0.0 -49.0368764,-27.9584725992174,0.0 -49.0363119,-27.9581979992174,0.0 -49.0357783,-27.9578341992174,0.0 -49.0353175,-27.9576401992174,0.0 -49.0345899,-27.9574218992174,0.0 -49.0339836,-27.9572278992174,0.0 -49.0334743,-27.9566942992174,0.0 -49.0332621,-27.9560943992174,0.0 -49.033168,-27.9555544992174,0.0 -49.0330435,-27.9549871992174,0.0 -49.0330349,-27.9547428992174,0.0 -49.0330264,-27.9544984992175,0.0 -49.0330047,-27.9538748992175,0.0 -49.032939,-27.9534394992175,0.0 -49.0329961,-27.9527633992175,0.0 -49.0334286,-27.9521474992175,0.0 -49.0341577,-27.9515820992175,0.0 -49.0348183,-27.9511875992175,0.0 -49.0361663,-27.9502421992175,0.0 -49.0368777,-27.9499700992175,0.0 -49.0375126,-27.9495184992175,0.0 -49.0382662,-27.9486544992176,0.0 -49.0385818,-27.9477263992176,0.0 -49.038896,-27.9472373992176,0.0 -49.0392089,-27.9468386992176,0.0 -49.0396503,-27.9465525992176,0.0 -49.0402408,-27.9465080992176,0.0 -49.0408957,-27.9467020992176,0.0 -49.0413807,-27.9467262992176,0.0 -49.0422053,-27.9465807992176,0.0 -49.0427874,-27.9463139992176,0.0 -49.0433695,-27.9461684992176,0.0 -49.0438545,-27.9459501992176,0.0 -49.0440728,-27.9456349992176,0.0 -49.0442911,-27.9451498992176,0.0 -49.0443881,-27.9447132992176,0.0 -49.043709,-27.9437431992176,0.0 -49.0431449,-27.9432597992176,0.0 -49.0428832,-27.9424445992177,0.0 -49.0428602,-27.9417301992177,0.0 -49.0427772,-27.9407353992177,0.0 -49.0428117,-27.9398384992177,0.0 -49.0428602,-27.9391351992177,0.0 -49.0430299,-27.9385772992177,0.0 -49.0433452,-27.9380437992177,0.0 -49.0436419,-27.9377983992177,0.0 -49.043868,-27.9376223992178,0.0 -49.0440869,-27.9373830992178,0.0 -49.0443113,-27.9371580992178,0.0 -49.0445607,-27.9369804992178,0.0 -49.0448337,-27.9368329992178,0.0 -49.0452751,-27.9363918992178,0.0 -49.0454941,-27.9359228992178,0.0 -49.0454964,-27.9357190992178,0.0 -49.0452855,-27.9354001992178,0.0 -49.0450622,-27.9353082992178,0.0 -49.0448732,-27.9352303992178,0.0 -49.0443396,-27.9351576992178,0.0 -49.0438788,-27.9349635992178,0.0 -49.043612,-27.9347695992178,0.0 -49.0433695,-27.9347210992178,0.0 -49.0429814,-27.9346968992178,0.0 -49.0428359,-27.9347938992178,0.0 -49.0423266,-27.9350848992178,0.0 -49.0414797,-27.9354261992178,0.0 -49.041308,-27.9355941992178,0.0 -49.0409684,-27.9357396992178,0.0 -49.0406774,-27.9355941992178,0.0 -49.0405561,-27.9352788992178,0.0 -49.0405404,-27.9350982992178,0.0 -49.0405076,-27.9347210992178,0.0 -49.0404349,-27.9345270992178,0.0 -49.0402285,-27.9343018992178,0.0 -49.0401681,-27.9342360992178,0.0 -49.0397073,-27.9335326992178,0.0 -49.0391832,-27.9330889992178,0.0 -49.0387614,-27.9326595992179,0.0 -49.0382764,-27.9323200992178,0.0 -49.0379611,-27.9320289992179,0.0 -49.0374517,-27.9315924992179,0.0 -49.037088,-27.9312528992179,0.0 -49.0368491,-27.9309431992179,0.0 -49.0367934,-27.9303823992179,0.0 -49.0370348,-27.9296959992179,0.0 -49.0372569,-27.9293238992179,0.0 -49.0375908,-27.9286567992179,0.0 -49.0376514,-27.9280757992179,0.0 -49.03767,-27.9276634992179,0.0 -49.0376215,-27.9274209992179,0.0 -49.0373729,-27.927065699218,0.0 -49.037282,-27.926935899218,0.0 -49.037088,-27.926572099218,0.0 -49.0369356,-27.926126299218,0.0 -49.0367727,-27.925383699218,0.0 -49.0365786,-27.924995699218,0.0 -49.0361906,-27.924680399218,0.0 -49.0357783,-27.924486399218,0.0 -49.035366,-27.924365099218,0.0 -49.0348567,-27.924146799218,0.0 -49.0337862,-27.923275899218,0.0 -49.033256,-27.922934199218,0.0 -49.0327952,-27.922546099218,0.0 -49.0324556,-27.922327799218,0.0 -49.0317523,-27.922206599218,0.0 -49.0306367,-27.922012599218,0.0 -49.0301273,-27.921915499218,0.0 -49.0298363,-27.921769999218,0.0 -49.0296665,-27.921672999218,0.0 -49.0292458,-27.9213236992181,0.0 -49.0291191,-27.9209523992181,0.0 -49.0290148,-27.9205573992181,0.0 -49.0288047,-27.9201982992181,0.0 -49.028507,-27.9197030992181,0.0 -49.028305,-27.9192308992181,0.0 -49.0279392,-27.9189080992181,0.0 -49.0272802,-27.9186615992181,0.0 -49.0262336,-27.9185169992181,0.0 -49.0258468,-27.9180047992181,0.0 -49.0256042,-27.9172921992181,0.0 -49.0252975,-27.9166294992181,0.0 -49.0250941,-27.9160503992182,0.0 -49.0251643,-27.9156078992182,0.0 -49.0256042,-27.9149863992182,0.0 -49.0260888,-27.9144306992182,0.0 -49.0263242,-27.9138688992182,0.0 -49.0262693,-27.9134032992182,0.0 -49.0260278,-27.9131338992182,0.0 -49.025708,-27.9129788992182,0.0 -49.0254357,-27.9130150992182,0.0 -49.0250422,-27.9131197992182,0.0 -49.0241893,-27.9131964992182,0.0 -49.0233899,-27.9132449992182,0.0 -49.0226874,-27.9132691992182,0.0 -49.0221125,-27.9131700992182,0.0 -49.0219849,-27.9131480992182,0.0 -49.0214277,-27.9130269992182,0.0 -49.0207009,-27.9126635992182,0.0 -49.020386,-27.9122517992182,0.0 -49.0199015,-27.9115734992182,0.0 -49.0196835,-27.9109920992182,0.0 -49.019417,-27.9105317992183,0.0 -49.0191617,-27.9102445992183,0.0 -49.018763,-27.9099988992183,0.0 -49.0182785,-27.9099019992183,0.0 -49.0175042,-27.9098491992183,0.0 -49.0172126,-27.9098292992183,0.0 -49.0166312,-27.9097808992183,0.0 -49.0162678,-27.9095385992183,0.0 -49.0159287,-27.9092478992183,0.0 -49.0157591,-27.9087875992183,0.0 -49.0156643,-27.9084559992183,0.0 -49.015639,-27.9083674992183,0.0 -49.0156137,-27.9082788992183,0.0 -49.0153473,-27.9078912992183,0.0 -49.0150081,-27.9076248992183,0.0 -49.0149597,-27.9073341992183,0.0 -49.0150324,-27.9070918992183,0.0 -49.0152988,-27.9068738992183,0.0 -49.0155674,-27.9066812992183,0.0 -49.0160503,-27.9062578992183,0.0 -49.0163766,-27.9056960992183,0.0 -49.0163942,-27.9044470992184,0.0 -49.0160133,-27.9034854992184,0.0 -49.0156209,-27.9024945992184,0.0 -49.0154442,-27.9018593992184,0.0 -49.0153957,-27.9014232992184,0.0 -49.0153473,-27.9010841992184,0.0 -49.0152746,-27.9006238992184,0.0 -49.0152504,-27.9002362992184,0.0 -49.0152019,-27.8998244992185,0.0 -49.0152988,-27.8995337992185,0.0 -49.0153957,-27.8993641992185,0.0 -49.0156137,-27.8991461992185,0.0 -49.0160765,-27.8990199992185,0.0 -49.0161467,-27.8990007992185,0.0 -49.0167039,-27.8989765992185,0.0 -49.0171399,-27.8989765992185,0.0 -49.0176971,-27.8988554992185,0.0 -49.0181331,-27.8987585992185,0.0 -49.0183996,-27.8985163992185,0.0 -49.0186418,-27.8983951992185,0.0 -49.0188114,-27.8981771992185,0.0 -49.0189083,-27.8979349992185,0.0 -49.0188599,-27.8976442992185,0.0 -49.018763,-27.8974504992185,0.0 -49.0184965,-27.8972566992185,0.0 -49.0182785,-27.8970385992185,0.0 -49.0179878,-27.8965783992185,0.0 -49.0178424,-27.8963360992185,0.0 -49.0176729,-27.8960938992185,0.0 -49.017576,-27.8958515992185,0.0 -49.0171467,-27.8950157992185,0.0 -49.0169647,-27.8946613992186,0.0 -49.0168734,-27.8941074992186,0.0 -49.016825,-27.8932110992186,0.0 -49.0168492,-27.8923147992186,0.0 -49.0169461,-27.8916364992186,0.0 -49.0170915,-27.8909581992186,0.0 -49.0172368,-27.8905948992186,0.0 -49.0174306,-27.8902798992186,0.0 -49.0175872,-27.8900711992186,0.0 -49.0177213,-27.8898923992186,0.0 -49.0177455,-27.8896258992186,0.0 -49.0176244,-27.8894078992186,0.0 -49.0175613,-27.8893368992186,0.0 -49.0174306,-27.8891897992186,0.0 -49.017261,-27.8888506992187,0.0 -49.0172126,-27.8884630992187,0.0 -49.0172368,-27.8880512992187,0.0 -49.0170915,-27.8877120992187,0.0 -49.0169703,-27.8873487992187,0.0 -49.0169469,-27.8870211992187,0.0 -49.0169461,-27.8870095992187,0.0 -49.0168734,-27.8868642992187,0.0 -49.0167281,-27.8864766992187,0.0 -49.0165827,-27.8861374992187,0.0 -49.0163647,-27.8858709992187,0.0 -49.0161285,-27.8857042992187,0.0 -49.0159529,-27.8855802992187,0.0 -49.0157591,-27.8854107992187,0.0 -49.0155169,-27.8850231992187,0.0 -49.0152988,-27.8846113992187,0.0 -49.0153231,-27.8843932992187,0.0 -49.0153957,-27.8842963992187,0.0 -49.0155411,-27.8842237992187,0.0 -49.0159044,-27.8841994992187,0.0 -49.016241,-27.8841826992187,0.0 -49.0163889,-27.8841752992187,0.0 -49.0166554,-27.8841025992187,0.0 -49.0167523,-27.8838845992188,0.0 -49.0168977,-27.8833516992188,0.0 -49.0169703,-27.8829155992188,0.0 -49.0170188,-27.8824553992188,0.0 -49.016825,-27.8821646992188,0.0 -49.0163163,-27.8818496992188,0.0 -49.0160256,-27.8816801992188,0.0 -49.0155169,-27.8817285992188,0.0 -49.0149355,-27.8817527992188,0.0 -49.0145236,-27.8819950992188,0.0 -49.0142087,-27.8821161992188,0.0 -49.0138453,-27.8820434992188,0.0 -49.0134335,-27.8819708992188,0.0 -49.0129248,-27.8818496992188,0.0 -49.0126099,-27.8818739992188,0.0 -49.0123919,-27.8819465992188,0.0 -49.0120527,-27.8819465992188,0.0 -49.0118966,-27.8818889992188,0.0 -49.0115198,-27.8816316992188,0.0 -49.0113744,-27.8813409992188,0.0 -49.0112782,-27.8811064992188,0.0 -49.0110585,-27.8809506992188,0.0 -49.0108085,-27.8807995992188,0.0 -49.0106061,-27.8807925992188,0.0 -49.0102688,-27.8807925992188,0.0 -49.0099563,-27.8808117992188,0.0 -49.0095794,-27.8808324992188,0.0 -49.0087844,-27.8807649992188,0.0 -49.008132,-27.8808335992188,0.0 -49.0078564,-27.8808159992188,0.0 -49.0075119,-27.8806164992188,0.0 -49.0072876,-27.8804582992188,0.0 -49.0069417,-27.8801474992188,0.0 -49.0067321,-27.8797786992188,0.0 -49.0066912,-27.8795792992188,0.0 -49.0066778,-27.8791681992188,0.0 -49.006841,-27.8784849992189,0.0 -49.0072143,-27.8778460992189,0.0 -49.0077233,-27.8772228992189,0.0 -49.0076438,-27.8767624992189,0.0 -49.0073047,-27.8760599992189,0.0 -49.0068928,-27.8755997992189,0.0 -49.0066021,-27.8751878992189,0.0 -49.0065537,-27.8747276992189,0.0 -49.0066748,-27.8744369992189,0.0 -49.0069897,-27.8740493992189,0.0 -49.0073289,-27.8739039992189,0.0 -49.0076438,-27.8737828992189,0.0 -49.0078861,-27.8737344992189,0.0 -49.008333,-27.8737087992189,0.0 -49.0086155,-27.8738088992189,0.0 -49.0089645,-27.8738181992189,0.0 -49.0092935,-27.8737768992189,0.0 -49.0095289,-27.8737599992189,0.0 -49.0097373,-27.8735065992189,0.0 -49.0097565,-27.8733237992189,0.0 -49.009796,-27.872912399219,0.0 -49.009856,-27.872219599219,0.0 -49.0100582,-27.871822199219,0.0 -49.0104365,-27.871427999219,0.0 -49.0115076,-27.870723399219,0.0 -49.0120043,-27.870124999219,0.0 -49.0122465,-27.869858499219,0.0 -49.0125857,-27.869640499219,0.0 -49.0127795,-27.869446699219,0.0 -49.0129537,-27.869210299219,0.0 -49.0131186,-27.868986399219,0.0 -49.0133609,-27.868598799219,0.0 -49.0136515,-27.868429199219,0.0 -49.0140149,-27.868332299219,0.0 -49.0143298,-27.868235399219,0.0 -49.0144267,-27.868114299219,0.0 -49.0145927,-27.867976999219,0.0 -49.0147908,-27.8674415992191,0.0 -49.0151616,-27.8670478992191,0.0 -49.0157049,-27.8668721992191,0.0 -49.0160991,-27.8667653992191,0.0 -49.0165005,-27.8664912992191,0.0 -49.0159683,-27.8663825992191,0.0 -49.0150946,-27.8662124992191,0.0 -49.0146713,-27.8659676992191,0.0 -49.0143258,-27.8656912992191,0.0 -49.0136174,-27.8654493992191,0.0 -49.0127363,-27.8651384992191,0.0 -49.0115961,-27.8648101992191,0.0 -49.0105941,-27.8647756992191,0.0 -49.009281,-27.8647756992191,0.0 -49.0084345,-27.8646373992191,0.0 -49.0078392,-27.8637981992191,0.0 -49.0072597,-27.8634107992191,0.0 -49.0069833,-27.8631688992191,0.0 -49.0065686,-27.8630134992191,0.0 -49.0064132,-27.8628924992191,0.0 -49.006154,-27.8625123992191,0.0 -49.0058603,-27.8621668992191,0.0 -49.0055148,-27.8618904992192,0.0 -49.004841,-27.8616658992192,0.0 -49.0043227,-27.8615276992192,0.0 -49.0037871,-27.8613721992192,0.0 -49.003407,-27.8611129992192,0.0 -49.0030732,-27.8606659992192,0.0 -49.0025741,-27.8601830992192,0.0 -49.0021113,-27.8598345992192,0.0 -49.0016967,-27.8594890992192,0.0 -49.0013684,-27.8591952992192,0.0 -49.0010747,-27.8587288992192,0.0 -49.0007983,-27.8582278992192,0.0 -49.0003664,-27.8575885992192,0.0 -49.0002109,-27.8573639992192,0.0 -49.0001793,-27.8572611992192,0.0 -49.0001418,-27.8571394992192,0.0 -49.0000727,-27.8570011992192,0.0 -48.9999518,-27.8568802992192,0.0 -48.9997617,-27.8568629992193,0.0 -48.9996235,-27.8569148992192,0.0 -48.9994162,-27.8570357992192,0.0 -48.999278,-27.8571394992192,0.0 -48.9991225,-27.8573294992192,0.0 -48.9988461,-27.8574503992192,0.0 -48.9985005,-27.8575713992192,0.0 -48.9983105,-27.8575540992192,0.0 -48.9981377,-27.8573812992192,0.0 -48.997965,-27.8570357992192,0.0 -48.9977058,-27.8565865992193,0.0 -48.9974475,-27.8561473992193,0.0 -48.9973603,-27.8559991992193,0.0 -48.9971875,-27.8555672992193,0.0 -48.9971357,-27.8552044992193,0.0 -48.9972739,-27.8548243992193,0.0 -48.9973106,-27.8546834992193,0.0 -48.9973776,-27.8544269992193,0.0 -48.997343,-27.8539950992193,0.0 -48.9972049,-27.8536444992193,0.0 -48.9971184,-27.8534249992193,0.0 -48.9968765,-27.8530621992193,0.0 -48.9967038,-27.8527166992193,0.0 -48.996531,-27.8524747992193,0.0 -48.99622,-27.8523710992193,0.0 -48.9959609,-27.8523192992193,0.0 -48.9954253,-27.8521810992193,0.0 -48.9951143,-27.8522501992193,0.0 -48.9948206,-27.8523365992193,0.0 -48.9945788,-27.8524574992193,0.0 -48.9943887,-27.8525093992193,0.0 -48.9941987,-27.8524920992193,0.0 -48.9939568,-27.8522847992193,0.0 -48.9934731,-27.8518527992193,0.0 -48.9930239,-27.8515590992193,0.0 -48.9927993,-27.8512653992193,0.0 -48.9926611,-27.8508853992194,0.0 -48.9925747,-27.8505397992194,0.0 -48.9924883,-27.8500214992194,0.0 -48.9924192,-27.8496414992194,0.0 -48.9924192,-27.8491403992194,0.0 -48.9923328,-27.8487775992194,0.0 -48.9921255,-27.8486220992194,0.0 -48.9917973,-27.8484838992194,0.0 -48.9914517,-27.8483629992194,0.0 -48.9910716,-27.8482938992194,0.0 -48.990657,-27.8482420992194,0.0 -48.989655,-27.8480174992194,0.0 -48.9892058,-27.8478792992194,0.0 -48.9888123,-27.8478919992194,0.0 -48.9886702,-27.8478964992194,0.0 -48.9883247,-27.8478273992194,0.0 -48.9881346,-27.8477237992194,0.0 -48.9879792,-27.8473781992194,0.0 -48.9878582,-27.8471363992194,0.0 -48.987632,-27.8469100992194,0.0 -48.9875645,-27.8468426992194,0.0 -48.9874263,-27.8466525992194,0.0 -48.9871499,-27.8465316992194,0.0 -48.9867698,-27.8463934992194,0.0 -48.9864761,-27.8461688992194,0.0 -48.9863379,-27.8459269992195,0.0 -48.986217,-27.8454777992195,0.0 -48.9859233,-27.8451149992195,0.0 -48.9855259,-27.8448039992195,0.0 -48.9851976,-27.8444066992195,0.0 -48.9848176,-27.8442165992195,0.0 -48.9846102,-27.8439920992195,0.0 -48.984472,-27.8437501992195,0.0 -48.9841783,-27.8431454992195,0.0 -48.9839365,-27.8428517992195,0.0 -48.9834527,-27.8425062992195,0.0 -48.9831763,-27.8423852992195,0.0 -48.9827444,-27.8421779992195,0.0 -48.9823643,-27.8421088992195,0.0 -48.9820015,-27.8420224992195,0.0 -48.9815696,-27.8418151992195,0.0 -48.981345,-27.8415905992195,0.0 -48.9812068,-27.8412623992195,0.0 -48.9810686,-27.8409340992195,0.0 -48.9809304,-27.8406058992196,0.0 -48.9808094,-27.8403639992196,0.0 -48.9807058,-27.8400529992196,0.0 -48.9806885,-27.8398110992196,0.0 -48.980723,-27.8394310992196,0.0 -48.9806885,-27.8388954992196,0.0 -48.980704,-27.8385232992196,0.0 -48.9807058,-27.8384808992196,0.0 -48.9807058,-27.8382216992196,0.0 -48.9806021,-27.8379970992196,0.0 -48.9804008,-27.8378236992196,0.0 -48.9801011,-27.8375651992196,0.0 -48.9798765,-27.8373232992196,0.0 -48.9796001,-27.8372196992196,0.0 -48.97941,-27.8371850992196,0.0 -48.9789263,-27.8372023992196,0.0 -48.9784425,-27.8373232992196,0.0 -48.978268,-27.8373717992196,0.0 -48.9781316,-27.8374096992196,0.0 -48.9777688,-27.8374269992196,0.0 -48.977406,-27.8373405992196,0.0 -48.9768358,-27.8372196992196,0.0 -48.9764846,-27.8371063992196,0.0 -48.9763003,-27.8370468992196,0.0 -48.9760066,-27.8369432992196,0.0 -48.9757992,-27.8367531992196,0.0 -48.9756956,-27.8365976992196,0.0 -48.9755401,-27.8363558992196,0.0 -48.9752982,-27.8362003992196,0.0 -48.9749527,-27.8360448992196,0.0 -48.9745035,-27.8358029992196,0.0 -48.9741753,-27.8356129992196,0.0 -48.9738643,-27.8353537992196,0.0 -48.9737261,-27.8351291992197,0.0 -48.9736851,-27.8349651992196,0.0 -48.973657,-27.8348527992197,0.0 -48.9737088,-27.8345936992197,0.0 -48.973888,-27.8343564992197,0.0 -48.973847,-27.8340753992197,0.0 -48.9737606,-27.8336952992197,0.0 -48.9737261,-27.8334706992197,0.0 -48.9737952,-27.8332114992197,0.0 -48.9739276,-27.8328925992197,0.0 -48.9739161,-27.8327277992197,0.0 -48.9739064,-27.8327180992197,0.0 -48.9737606,-27.8325722992197,0.0 -48.9734669,-27.8322094992197,0.0 -48.9732078,-27.8318466992197,0.0 -48.9730024,-27.8315866992197,0.0 -48.9728795,-27.8313974992197,0.0 -48.9727931,-27.8313456992197,0.0 -48.9727068,-27.8313456992197,0.0 -48.972591,-27.8313642992197,0.0 -48.9720741,-27.8313070992197,0.0 -48.971495,-27.8314359992197,0.0 -48.9709928,-27.8317208992197,0.0 -48.9705126,-27.8318293992197,0.0 -48.970098,-27.8318466992197,0.0 -48.9698216,-27.8318984992197,0.0 -48.9694069,-27.8319330992197,0.0 -48.9689923,-27.8317429992197,0.0 -48.9687159,-27.8315702992197,0.0 -48.9684395,-27.8313456992197,0.0 -48.9681976,-27.8312419992197,0.0 -48.9678002,-27.8312246992197,0.0 -48.9674374,-27.8311728992197,0.0 -48.9667118,-27.8306200992197,0.0 -48.9661935,-27.8301189992197,0.0 -48.9658307,-27.8299635992197,0.0 -48.9652088,-27.8298598992197,0.0 -48.9644832,-27.8296698992197,0.0 -48.9638958,-27.8294970992198,0.0 -48.9635502,-27.8293588992198,0.0 -48.9634638,-27.8292033992198,0.0 -48.963412,-27.8288059992198,0.0 -48.9633571,-27.8286631992198,0.0 -48.9633256,-27.8285813992198,0.0 -48.963222,-27.8284431992198,0.0 -48.9628592,-27.8282876992198,0.0 -48.9623754,-27.8282358992198,0.0 -48.9619435,-27.8283049992198,0.0 -48.961477,-27.8284777992198,0.0 -48.961324,-27.8285695992198,0.0 -48.9610451,-27.8287368992198,0.0 -48.9605441,-27.8289096992198,0.0 -48.9601122,-27.8289787992198,0.0 -48.9596983,-27.8290595992198,0.0 -48.9593605,-27.8291088992198,0.0 -48.9592138,-27.8289096992198,0.0 -48.9589029,-27.8284604992198,0.0 -48.9584594,-27.8280271992198,0.0 -48.9581427,-27.8277175992198,0.0 -48.9577108,-27.8276311992198,0.0 -48.957227,-27.8274929992198,0.0 -48.9568469,-27.8274929992198,0.0 -48.9564496,-27.8275966992198,0.0 -48.9562077,-27.8275620992198,0.0 -48.9559486,-27.8273547992198,0.0 -48.955724,-27.8271301992198,0.0 -48.9555858,-27.8268019992198,0.0 -48.9554648,-27.8264218992198,0.0 -48.9554476,-27.8260244992198,0.0 -48.9554648,-27.8256616992198,0.0 -48.9554994,-27.8253161992198,0.0 -48.9554648,-27.8250397992198,0.0 -48.955413,-27.8246423992198,0.0 -48.9553266,-27.8241586992199,0.0 -48.9552574,-27.8240085992199,0.0 -48.955223,-27.8239340992199,0.0 -48.9549984,-27.8237785992199,0.0 -48.9547219,-27.8237439992199,0.0 -48.9544407,-27.8237252992199,0.0 -48.9542036,-27.8237094992199,0.0 -48.9537372,-27.8236921992199,0.0 -48.9536135,-27.8237010992199,0.0 -48.9532707,-27.8236403992199,0.0 -48.9531498,-27.8235193992199,0.0 -48.9529079,-27.8232256992199,0.0 -48.9525451,-27.8229319992199,0.0 -48.9521823,-27.8225518992199,0.0 -48.9519059,-27.8224136992199,0.0 -48.9512666,-27.8221890992199,0.0 -48.9509729,-27.8220854992199,0.0 -48.9508347,-27.8218953992199,0.0 -48.950755,-27.8216244992199,0.0 -48.9507484,-27.8216016992199,0.0 -48.9507311,-27.8211525992199,0.0 -48.9506792,-27.8206687992199,0.0 -48.9504374,-27.8201677992199,0.0 -48.9501091,-27.8199085992199,0.0 -48.9497636,-27.8198049992199,0.0 -48.9495736,-27.8196840992199,0.0 -48.9493144,-27.8194075992199,0.0 -48.9492192,-27.8193247992199,0.0 -48.948917,-27.8190620992199,0.0 -48.9486752,-27.8188720992199,0.0 -48.9482605,-27.8187165992199,0.0 -48.9479841,-27.81833649922,0.0 -48.947915,-27.81806009922,0.0 -48.9479841,-27.81774909922,0.0 -48.9482433,-27.81733449922,0.0 -48.948537,-27.81700619922,0.0 -48.9486925,-27.81679889922,0.0 -48.9487961,-27.81652249922,0.0 -48.9486685,-27.81628699922,0.0 -48.948537,-27.81603869922,0.0 -48.9483988,-27.81591779922,0.0 -48.948226,-27.81588319922,0.0 -48.9480359,-27.81588319922,0.0 -48.9477595,-27.81591779922,0.0 -48.9475695,-27.81600419922,0.0 -48.9473103,-27.81607329922,0.0 -48.9469475,-27.81614239922,0.0 -48.9467229,-27.81622879922,0.0 -48.9464465,-27.81650519922,0.0 -48.9461771,-27.81674289922,0.0 -48.9461528,-27.81676429922,0.0 -48.946135,-27.81677259922,0.0 -48.9456345,-27.81700619922,0.0 -48.9454618,-27.81712709922,0.0 -48.9448916,-27.81733449922,0.0 -48.9443215,-27.81742079922,0.0 -48.9434577,-27.81748989922,0.0 -48.9429048,-27.81754179922,0.0 -48.9423865,-27.81755899922,0.0 -48.942041,-27.81761089922,0.0 -48.9417819,-27.81780089922,0.0 -48.941712,-27.81782709922,0.0 -48.941229,-27.81800819922,0.0 -48.9409353,-27.81811189922,0.0 -48.9407453,-27.81814639922,0.0 -48.9404861,-27.81802549922,0.0 -48.9397432,-27.81759359922,0.0 -48.9395092,-27.81751319922,0.0 -48.9389831,-27.81733449922,0.0 -48.938603,-27.81724809922,0.0 -48.938413,-27.81724809922,0.0 -48.9381711,-27.81736899922,0.0 -48.9380156,-27.81752449922,0.0 -48.9379638,-27.81776639922,0.0 -48.937791,-27.81790459922,0.0 -48.9375837,-27.81785269922,0.0 -48.9372382,-27.81773179922,0.0 -48.9368753,-27.81766269922,0.0 -48.9363916,-27.81747269922,0.0 -48.9356487,-27.81736899922,0.0 -48.9348022,-27.81714439922,0.0 -48.9341681,-27.81699319922,0.0 -48.933541,-27.81712709922,0.0 -48.9329363,-27.81728259922,0.0 -48.9324871,-27.81731719922,0.0 -48.9323144,-27.81740359922,0.0 -48.9321934,-27.81748989922,0.0 -48.9321493,-27.81762229922,0.0 -48.9321243,-27.81769729922,0.0 -48.9319516,-27.81809459922,0.0 -48.9317442,-27.81837099922,0.0 -48.9315542,-27.81849199922,0.0 -48.9313123,-27.81869929922,0.0 -48.931105,-27.81882019922,0.0 -48.9308804,-27.81876839922,0.0 -48.9306385,-27.81852649922,0.0 -48.9304363,-27.81836829922,0.0 -48.9302412,-27.81821559922,0.0 -48.9299129,-27.81812919922,0.0 -48.9296432,-27.81809049922,0.0 -48.9293774,-27.81821559922,0.0 -48.9292046,-27.81830189922,0.0 -48.9288245,-27.81854379922,0.0 -48.9287607,-27.81857009922,0.0 -48.9285308,-27.81866469922,0.0 -48.9281162,-27.81878569922,0.0 -48.927667,-27.81888929922,0.0 -48.9272523,-27.8189411992199,0.0 -48.9268895,-27.8189065992199,0.0 -48.9263885,-27.8189583992199,0.0 -48.9261121,-27.81901029922,0.0 -48.9258184,-27.8190793992199,0.0 -48.9254038,-27.8192866992199,0.0 -48.925222,-27.8194910992199,0.0 -48.9251273,-27.8195976992199,0.0 -48.92492,-27.8197012992199,0.0 -48.9245227,-27.8198567992199,0.0 -48.9241426,-27.8200640992199,0.0 -48.9238662,-27.8203059992199,0.0 -48.9236416,-27.8204959992199,0.0 -48.9233997,-27.8206514992199,0.0 -48.9230369,-27.8206514992199,0.0 -48.922605,-27.8204268992199,0.0 -48.9222767,-27.8201850992199,0.0 -48.9216893,-27.8199777992199,0.0 -48.9212422,-27.8197818992199,0.0 -48.920377,-27.8192320992199,0.0 -48.9198235,-27.81856109922,0.0 -48.9196507,-27.81838829922,0.0 -48.919547,-27.81814639922,0.0 -48.9193397,-27.81785269922,0.0 -48.919167,-27.81766269922,0.0 -48.9189596,-27.81757629922,0.0 -48.918735,-27.81757629922,0.0 -48.9184932,-27.81750719922,0.0 -48.9183204,-27.81738629922,0.0 -48.9182686,-27.81721349922,0.0 -48.9181304,-27.81685069922,0.0 -48.9176985,-27.81643609922,0.0 -48.9175948,-27.81621149922,0.0 -48.917471,-27.81586759922,0.0 -48.917232,-27.81531309922,0.0 -48.9169901,-27.81501939922,0.0 -48.9166791,-27.81460479922,0.0 -48.9162127,-27.81400009922,0.0 -48.9159881,-27.8134990992201,0.0 -48.9159535,-27.8131362992201,0.0 -48.915919,-27.8128597992201,0.0 -48.915919,-27.8125488992201,0.0 -48.9159881,-27.8121687992201,0.0 -48.916109,-27.8114258992201,0.0 -48.9162127,-27.8110112992201,0.0 -48.9162472,-27.8107347992201,0.0 -48.9161781,-27.8104756992201,0.0 -48.9161263,-27.8103547992201,0.0 -48.9159535,-27.8101301992201,0.0 -48.9158499,-27.8097845992201,0.0 -48.9157808,-27.8093008992201,0.0 -48.9157808,-27.8090416992201,0.0 -48.9157808,-27.8088343992201,0.0 -48.9157117,-27.8087307992201,0.0 -48.9155907,-27.8086788992201,0.0 -48.9154007,-27.8086961992201,0.0 -48.9152798,-27.8087134992201,0.0 -48.9151415,-27.8087307992201,0.0 -48.9148478,-27.8087652992201,0.0 -48.9145369,-27.8087825992201,0.0 -48.9143468,-27.8087998992201,0.0 -48.9140531,-27.8089034992201,0.0 -48.9139322,-27.8089553992201,0.0 -48.9138458,-27.8091108992201,0.0 -48.9138113,-27.8092662992201,0.0 -48.9137714,-27.8094471992201,0.0 -48.9137076,-27.8096636992201,0.0 -48.9134312,-27.8097154992201,0.0 -48.9132237,-27.8097046992201,0.0 -48.9129129,-27.8097327992201,0.0 -48.9124982,-27.8097500992201,0.0 -48.9122391,-27.8098191992201,0.0 -48.9120145,-27.8099400992201,0.0 -48.9119627,-27.8102510992201,0.0 -48.9119281,-27.8103892992201,0.0 -48.9119281,-27.8104314992201,0.0 -48.9119281,-27.8107693992201,0.0 -48.9118936,-27.8109593992201,0.0 -48.9117726,-27.8112358992201,0.0 -48.9116171,-27.8113394992201,0.0 -48.9113753,-27.8113740992201,0.0 -48.9109779,-27.8113049992201,0.0 -48.9105773,-27.8112448992201,0.0 -48.9102869,-27.8112012992201,0.0 -48.9096476,-27.8111667992201,0.0 -48.9088356,-27.8110803992201,0.0 -48.9084037,-27.8110284992201,0.0 -48.9080064,-27.8109421992201,0.0 -48.9076884,-27.8108261992201,0.0 -48.9072635,-27.8105965992201,0.0 -48.9069352,-27.8103028992201,0.0 -48.9067626,-27.8100506992201,0.0 -48.9067106,-27.8099746992201,0.0 -48.9065206,-27.8096982992201,0.0 -48.9062787,-27.8095427992201,0.0 -48.9059505,-27.8094563992201,0.0 -48.9056913,-27.8094390992201,0.0 -48.9051903,-27.8093699992201,0.0 -48.9051065,-27.8093736992201,0.0 -48.9044129,-27.8094045992201,0.0 -48.9038082,-27.8094045992201,0.0 -48.903359,-27.8093872992201,0.0 -48.9030998,-27.8093872992201,0.0 -48.9028752,-27.8092490992201,0.0 -48.9026334,-27.8090935992201,0.0 -48.9023742,-27.8087652992201,0.0 -48.902236,-27.8086616992201,0.0 -48.9020978,-27.8086788992201,0.0 -48.9018905,-27.8087652992201,0.0 -48.9018288,-27.8088809992201,0.0 -48.9017523,-27.8090244992201,0.0 -48.9016832,-27.8092662992201,0.0 -48.9016486,-27.8096118992201,0.0 -48.9015795,-27.8098709992201,0.0 -48.9013549,-27.8103201992201,0.0 -48.9009921,-27.8109421992201,0.0 -48.9006911,-27.8111678992201,0.0 -48.9006466,-27.8112012992201,0.0 -48.9004393,-27.8114776992201,0.0 -48.9003702,-27.8116504992201,0.0 -48.9004393,-27.8118750992201,0.0 -48.9005775,-27.8120650992201,0.0 -48.9008395,-27.8122443992201,0.0 -48.901234,-27.8125142992201,0.0 -48.9018559,-27.8129116992201,0.0 -48.9021151,-27.8131707992201,0.0 -48.9021669,-27.8134990992201,0.0 -48.9019941,-27.81365459922,0.0 -48.9016313,-27.81374089922,0.0 -48.9011994,-27.81372369922,0.0 -48.9005775,-27.81358549922,0.0 -48.9001974,-27.8134990992201,0.0 -48.8998626,-27.8131490992201,0.0 -48.8998173,-27.81310169922,0.0 -48.8993508,-27.8129461992201,0.0 -48.8988326,-27.8129116992201,0.0 -48.8984179,-27.8129289992201,0.0 -48.8977096,-27.8129461992201,0.0 -48.8972777,-27.8128770992201,0.0 -48.8970704,-27.8128597992201,0.0 -48.8969149,-27.8128770992201,0.0 -48.8967248,-27.8129807992201,0.0 -48.896521,-27.8130362992201,0.0 -48.8962584,-27.8131880992201,0.0 -48.8959992,-27.81327449922,0.0 -48.8956018,-27.8132053992201,0.0 -48.8951527,-27.8130325992201,0.0 -48.8946689,-27.8127215992201,0.0 -48.8942543,-27.8120996992201,0.0 -48.8939606,-27.8118404992201,0.0 -48.8937533,-27.8114085992201,0.0 -48.8937014,-27.8111667992201,0.0 -48.8937187,-27.8109248992201,0.0 -48.8936669,-27.8107520992201,0.0 -48.893546,-27.8106484992201,0.0 -48.8933386,-27.8106484992201,0.0 -48.8931486,-27.8106656992201,0.0 -48.8928894,-27.8107175992201,0.0 -48.892423,-27.8106484992201,0.0 -48.8921293,-27.8106138992201,0.0 -48.8918356,-27.8104929992201,0.0 -48.8916283,-27.8103201992201,0.0 -48.8915464,-27.8102200992201,0.0 -48.8914728,-27.8101301992201,0.0 -48.8913,-27.8100437992201,0.0 -48.8911791,-27.8100610992201,0.0 -48.8910236,-27.8102164992201,0.0 -48.890989,-27.8104410992201,0.0 -48.8909827,-27.8104884992201,0.0 -48.8909545,-27.8107002992201,0.0 -48.8909199,-27.8109075992201,0.0 -48.8907299,-27.8110803992201,0.0 -48.8904537,-27.8111897992201,0.0 -48.8898063,-27.8116247992201,0.0 -48.8885695,-27.8124333992201,0.0 -48.888268,-27.8126217992201,0.0 -48.887727,-27.8127961992201,0.0 -48.8867983,-27.8128478992201,0.0 -48.8860823,-27.8130739992201,0.0 -48.8856019,-27.8131991992201,0.0 -48.8852084,-27.8133380992201,0.0 -48.8848612,-27.8135927992201,0.0 -48.8838201,-27.81429309922,0.0 -48.883588,-27.81444929922,0.0 -48.8830631,-27.81476139922,0.0 -48.8824255,-27.81514049922,0.0 -48.8835103,-27.81545199922,0.0 -48.883787,-27.81565949922,0.0 -48.8840982,-27.81609169922,0.0 -48.8842365,-27.81636839922,0.0 -48.8843118,-27.81647719922,0.0 -48.8843921,-27.81659309922,0.0 -48.8849453,-27.81680059922,0.0 -48.8852738,-27.81683519922,0.0 -48.8855332,-27.81678329922,0.0 -48.8858098,-27.81666229922,0.0 -48.8861383,-27.81638569922,0.0 -48.8866743,-27.81617819922,0.0 -48.8870201,-27.81614359922,0.0 -48.8873486,-27.81602259922,0.0 -48.887556,-27.81586699922,0.0 -48.8876943,-27.81572869922,0.0 -48.8878672,-27.81571139922,0.0 -48.8881093,-27.81586699922,0.0 -48.8883513,-27.81609169922,0.0 -48.8886798,-27.81647209922,0.0 -48.8889392,-27.81674869922,0.0 -48.8891639,-27.81695619922,0.0 -48.8894924,-27.81707719922,0.0 -48.8898901,-27.81721559922,0.0 -48.890305,-27.81747489922,0.0 -48.8905817,-27.81766509922,0.0 -48.8908756,-27.81785529922,0.0 -48.8913597,-27.81802819922,0.0 -48.891619,-27.81806269922,0.0 -48.8921204,-27.81801089922,0.0 -48.8926918,-27.81797069922,0.0 -48.8931751,-27.81804539922,0.0 -48.8934517,-27.81814919922,0.0 -48.8936419,-27.81840849922,0.0 -48.8936592,-27.81871969922,0.0 -48.8936896,-27.8189782992199,0.0 -48.8936938,-27.8190135992199,0.0 -48.8938548,-27.8193757992199,0.0 -48.894005,-27.8200163992199,0.0 -48.8939704,-27.8202930992199,0.0 -48.8939012,-27.8204313992199,0.0 -48.8938148,-27.8206560992199,0.0 -48.8937629,-27.8210364992199,0.0 -48.8937968,-27.8213313992199,0.0 -48.89397,-27.8213971992199,0.0 -48.8941432,-27.8214629992199,0.0 -48.894781,-27.8218685992199,0.0 -48.8959287,-27.8224408992199,0.0 -48.8962007,-27.8224195992199,0.0 -48.8968231,-27.8221948992199,0.0 -48.8970998,-27.8220565992199,0.0 -48.8972899,-27.8219700992199,0.0 -48.8973687,-27.8219025992199,0.0 -48.897411,-27.8218663992199,0.0 -48.8973826,-27.8218015992199,0.0 -48.8972899,-27.8215897992199,0.0 -48.8971476,-27.8213222992199,0.0 -48.897117,-27.8212266992199,0.0 -48.8971516,-27.8210537992199,0.0 -48.8972208,-27.8205177992199,0.0 -48.8972208,-27.8201719992199,0.0 -48.8973418,-27.8199990992199,0.0 -48.8976357,-27.8197916992199,0.0 -48.8979296,-27.8196533992199,0.0 -48.8981544,-27.8194285992199,0.0 -48.89831,-27.8191000992199,0.0 -48.8983427,-27.8188713992199,0.0 -48.8983446,-27.81885799922,0.0 -48.8985348,-27.81868509922,0.0 -48.8988633,-27.81865059922,0.0 -48.8992263,-27.81877159922,0.0 -48.8996563,-27.8190422992199,0.0 -48.8996932,-27.8190654992199,0.0 -48.9001254,-27.8193593992199,0.0 -48.9006614,-27.8196878992199,0.0 -48.9012665,-27.8201374992199,0.0 -48.9016469,-27.8204140992199,0.0 -48.9019235,-27.8208981992199,0.0 -48.9020272,-27.8212785992199,0.0 -48.9023039,-27.8216588992199,0.0 -48.9027015,-27.8219009992199,0.0 -48.9027836,-27.8219595992199,0.0 -48.9030646,-27.8221602992199,0.0 -48.9032721,-27.8223677992199,0.0 -48.9035487,-27.8226616992199,0.0 -48.9037216,-27.8229037992199,0.0 -48.9039265,-27.8232089992199,0.0 -48.9045777,-27.8245446992198,0.0 -48.9047416,-27.8247882992198,0.0 -48.9051047,-27.8253242992198,0.0 -48.9053468,-27.8257391992198,0.0 -48.9055024,-27.8259293992198,0.0 -48.9058136,-27.8261022992198,0.0 -48.9064014,-27.8264307992198,0.0 -48.9067991,-27.8266900992198,0.0 -48.9070584,-27.8270704992198,0.0 -48.9071622,-27.8273643992198,0.0 -48.9072324,-27.8278005992198,0.0 -48.9072832,-27.8284708992198,0.0 -48.9072651,-27.8289851992198,0.0 -48.9073523,-27.8296465992197,0.0 -48.9073696,-27.8300269992197,0.0 -48.9074388,-27.8302343992197,0.0 -48.9075944,-27.8304418992197,0.0 -48.9079575,-27.8306493992197,0.0 -48.9083724,-27.8310815992197,0.0 -48.9085453,-27.8312025992197,0.0 -48.9087182,-27.8313236992197,0.0 -48.9088565,-27.8314965992197,0.0 -48.9089948,-27.8318077992197,0.0 -48.9089948,-27.8320574992197,0.0 -48.9089948,-27.8321535992197,0.0 -48.9090294,-27.8324474992197,0.0 -48.909185,-27.8326548992197,0.0 -48.9094142,-27.8328124992197,0.0 -48.9094616,-27.8328450992197,0.0 -48.9097383,-27.8331044992197,0.0 -48.9098827,-27.8333622992197,0.0 -48.9099803,-27.8335366992197,0.0 -48.9103434,-27.8338997992197,0.0 -48.9107766,-27.8341434992197,0.0 -48.9108967,-27.8342109992197,0.0 -48.9111906,-27.8344184992197,0.0 -48.9115018,-27.8347469992197,0.0 -48.9116758,-27.8350815992196,0.0 -48.9119513,-27.8356113992196,0.0 -48.9123144,-27.8361819992196,0.0 -48.9126992,-27.8366395992196,0.0 -48.9129541,-27.8369426992196,0.0 -48.9134036,-27.8375650992196,0.0 -48.9137667,-27.8381183992196,0.0 -48.91402,-27.8387178992196,0.0 -48.9142681,-27.8393458992196,0.0 -48.9143027,-27.8398472992196,0.0 -48.9142681,-27.8402276992196,0.0 -48.9141643,-27.8408154992195,0.0 -48.9137494,-27.8416626992195,0.0 -48.9133172,-27.8420948992195,0.0 -48.9130068,-27.8424939992195,0.0 -48.9129541,-27.8425616992195,0.0 -48.9121761,-27.8431841992195,0.0 -48.9116055,-27.8435471992195,0.0 -48.9110004,-27.8438238992195,0.0 -48.9101186,-27.8439102992195,0.0 -48.9093406,-27.8439794992195,0.0 -48.9084934,-27.8438411992195,0.0 -48.9076183,-27.8434210992195,0.0 -48.9068164,-27.8432014992195,0.0 -48.9059173,-27.8430976992195,0.0 -48.9052776,-27.8429074992195,0.0 -48.9045515,-27.8428901992195,0.0 -48.9038426,-27.8429593992195,0.0 -48.9032202,-27.8430630992195,0.0 -48.9025286,-27.8432014992195,0.0 -48.9016987,-27.8433397992195,0.0 -48.9010936,-27.8434953992195,0.0 -48.9008615,-27.8435984992195,0.0 -48.9007824,-27.8436336992195,0.0 -48.9004539,-27.8439967992195,0.0 -48.9001427,-27.8444289992195,0.0 -48.8999006,-27.8448265992195,0.0 -48.899624,-27.8452415992195,0.0 -48.8995548,-27.8454663992195,0.0 -48.8994857,-27.8457775992194,0.0 -48.8996035,-27.8461406992194,0.0 -48.8996413,-27.8465209992194,0.0 -48.8996067,-27.8469358992194,0.0 -48.8993647,-27.8472989992194,0.0 -48.8990707,-27.8476274992194,0.0 -48.8989391,-27.8477388992194,0.0 -48.898846,-27.8478176992194,0.0 -48.8986904,-27.8479559992194,0.0 -48.8985175,-27.8481980992194,0.0 -48.89831,-27.8486475992194,0.0 -48.8979642,-27.8489587992194,0.0 -48.8976511,-27.8494920992194,0.0 -48.8974628,-27.8497886992194,0.0 -48.8972381,-27.8499961992194,0.0 -48.8969787,-27.8501862992194,0.0 -48.896754,-27.8505320992194,0.0 -48.8966675,-27.8508432992194,0.0 -48.8965465,-27.8511890992193,0.0 -48.8963295,-27.8516268992193,0.0 -48.8960797,-27.8520708992193,0.0 -48.8959759,-27.8522783992193,0.0 -48.8958895,-27.8525030992193,0.0 -48.8959068,-27.8527797992193,0.0 -48.8958928,-27.8528564992193,0.0 -48.8958722,-27.8529698992193,0.0 -48.8957339,-27.8531773992193,0.0 -48.8952943,-27.8535803992193,0.0 -48.8951461,-27.8537824992193,0.0 -48.8950942,-27.8540936992193,0.0 -48.8950942,-27.8543703992193,0.0 -48.8951288,-27.8550273992193,0.0 -48.895117,-27.8551802992193,0.0 -48.8951115,-27.8552520992193,0.0 -48.8949905,-27.8553903992193,0.0 -48.8945928,-27.8554768992193,0.0 -48.8933998,-27.8555287992193,0.0 -48.8927774,-27.8555459992193,0.0 -48.8923106,-27.8554941992193,0.0 -48.8923055,-27.8554948992193,0.0 -48.8917228,-27.8555805992193,0.0 -48.8912041,-27.8556670992193,0.0 -48.8907027,-27.8557016992193,0.0 -48.8902359,-27.8556151992193,0.0 -48.8898209,-27.8554249992193,0.0 -48.8893195,-27.8553212992193,0.0 -48.8888354,-27.8553385992193,0.0 -48.8883317,-27.8553334992193,0.0 -48.8872102,-27.8554595992193,0.0 -48.8868299,-27.8555459992193,0.0 -48.8866899,-27.8556299992193,0.0 -48.8864841,-27.8557534992193,0.0 -48.8863861,-27.8558949992193,0.0 -48.8863285,-27.8559782992193,0.0 -48.8861729,-27.8563067992193,0.0 -48.8861037,-27.8566525992192,0.0 -48.8859827,-27.8569983992192,0.0 -48.8854986,-27.8576725992192,0.0 -48.8852047,-27.8581394992192,0.0 -48.885063,-27.8583431992192,0.0 -48.8849281,-27.8585370992192,0.0 -48.8845304,-27.8592632992192,0.0 -48.8843748,-27.8594706992192,0.0 -48.8841327,-27.8595744992192,0.0 -48.8837178,-27.8595398992192,0.0 -48.8833374,-27.8596089992192,0.0 -48.8825767,-27.8596435992192,0.0 -48.8818743,-27.8595975992192,0.0 -48.881522,-27.8595744992192,0.0 -48.8805538,-27.8593496992192,0.0 -48.8802253,-27.8592804992192,0.0 -48.8797067,-27.8592804992192,0.0 -48.8794473,-27.8593150992192,0.0 -48.8791534,-27.8594533992192,0.0 -48.8787558,-27.8596608992192,0.0 -48.8786759,-27.8596883992192,0.0 -48.8782025,-27.8598510992192,0.0 -48.8778913,-27.8598683992192,0.0 -48.8774936,-27.8598164992192,0.0 -48.8770787,-27.8598164992192,0.0 -48.8766465,-27.8599720992192,0.0 -48.8763698,-27.8603005992192,0.0 -48.8761451,-27.8607155992192,0.0 -48.8760067,-27.8610440992192,0.0 -48.8759549,-27.8613725992192,0.0 -48.876024,-27.8617701992192,0.0 -48.8761453,-27.8621448992191,0.0 -48.8762142,-27.8623580992191,0.0 -48.876439,-27.8632224992191,0.0 -48.8766465,-27.8639832992191,0.0 -48.8768366,-27.8646229992191,0.0 -48.8769922,-27.8650378992191,0.0 -48.8771449,-27.8654183992191,0.0 -48.8774102,-27.8665914992191,0.0 -48.8773899,-27.8671298992191,0.0 -48.8773207,-27.867562099219,0.0 -48.8771478,-27.868046199219,0.0 -48.877096,-27.868391999219,0.0 -48.8770095,-27.868876099219,0.0 -48.8769577,-27.869170099219,0.0 -48.8768885,-27.869446699219,0.0 -48.8769577,-27.869775199219,0.0 -48.8770441,-27.870034499219,0.0 -48.8771651,-27.870449499219,0.0 -48.8771306,-27.870847099219,0.0 -48.8769577,-27.871279399219,0.0 -48.876681,-27.871521399219,0.0 -48.8763352,-27.871815299219,0.0 -48.876024,-27.871936399219,0.0 -48.8756184,-27.872130599219,0.0 -48.8750558,-27.872333999219,0.0 -48.8746755,-27.872489599219,0.0 -48.8742432,-27.872662499219,0.0 -48.8740185,-27.8727489992189,0.0 -48.873811,-27.872818099219,0.0 -48.8736035,-27.8730428992189,0.0 -48.8733096,-27.8734577992189,0.0 -48.8729638,-27.8739072992189,0.0 -48.8728428,-27.8743913992189,0.0 -48.8726872,-27.8747198992189,0.0 -48.8725489,-27.8750656992189,0.0 -48.8724797,-27.8753250992189,0.0 -48.8724557,-27.8758360992189,0.0 -48.8724279,-27.8761203992189,0.0 -48.8723587,-27.8762586992189,0.0 -48.8721858,-27.8763277992189,0.0 -48.8719265,-27.8762932992189,0.0 -48.8712695,-27.8762067992189,0.0 -48.8702494,-27.8759647992189,0.0 -48.869937,-27.8758866992189,0.0 -48.869627,-27.8758091992189,0.0 -48.8690737,-27.8756362992189,0.0 -48.8688835,-27.8754979992189,0.0 -48.8686933,-27.8753423992189,0.0 -48.8685205,-27.8751175992189,0.0 -48.8678289,-27.8743913992189,0.0 -48.8676906,-27.8742184992189,0.0 -48.867403,-27.8738829992189,0.0 -48.8673794,-27.8738554992189,0.0 -48.8670854,-27.8736306992189,0.0 -48.8668261,-27.8735615992189,0.0 -48.866584,-27.8735960992189,0.0 -48.8662085,-27.8735830992189,0.0 -48.8659098,-27.8734750992189,0.0 -48.8655121,-27.8731984992189,0.0 -48.8646822,-27.872610599219,0.0 -48.8639734,-27.872195699219,0.0 -48.8632991,-27.871780699219,0.0 -48.8628841,-27.871521399219,0.0 -48.8624692,-27.871400399219,0.0 -48.862279,-27.871331199219,0.0 -48.8621061,-27.871417699219,0.0 -48.8619851,-27.871521399219,0.0 -48.8618122,-27.871797999219,0.0 -48.8615874,-27.872178399219,0.0 -48.8612244,-27.872645199219,0.0 -48.8609996,-27.8730255992189,0.0 -48.860723,-27.8731638992189,0.0 -48.8605155,-27.8731292992189,0.0 -48.8603772,-27.8729563992189,0.0 -48.8602216,-27.872368599219,0.0 -48.8600141,-27.872022799219,0.0 -48.8598066,-27.871780699219,0.0 -48.8593225,-27.871659699219,0.0 -48.8588038,-27.871452299219,0.0 -48.8580085,-27.871019999219,0.0 -48.8569885,-27.870708799219,0.0 -48.8565389,-27.870311199219,0.0 -48.8560894,-27.870103699219,0.0 -48.8548964,-27.870138299219,0.0 -48.8541703,-27.870138299219,0.0 -48.8535479,-27.870086399219,0.0 -48.8530984,-27.869948099219,0.0 -48.8528217,-27.869671399219,0.0 -48.8524759,-27.868945299219,0.0 -48.8523895,-27.868651399219,0.0 -48.8522166,-27.868028999219,0.0 -48.8519918,-27.867631299219,0.0 -48.8516979,-27.8671644992191,0.0 -48.8513867,-27.8667494992191,0.0 -48.8512311,-27.8663691992191,0.0 -48.851283,-27.8659023992191,0.0 -48.8513003,-27.8654873992191,0.0 -48.8511792,-27.8650551992191,0.0 -48.8510793,-27.8648139992191,0.0 -48.8505867,-27.8640614992191,0.0 -48.8501964,-27.8630390992191,0.0 -48.8501786,-27.8620006992191,0.0 -48.8500554,-27.8616145992192,0.0 -48.849848,-27.8613206992192,0.0 -48.8496059,-27.8610785992192,0.0 -48.8490354,-27.8609402992192,0.0 -48.8486723,-27.8608192992192,0.0 -48.8480672,-27.8606982992192,0.0 -48.8475312,-27.8606290992192,0.0 -48.8472718,-27.8606463992192,0.0 -48.8471335,-27.8606809992192,0.0 -48.8470125,-27.8607846992192,0.0 -48.8469779,-27.8609056992192,0.0 -48.8468915,-27.8609921992192,0.0 -48.846805,-27.8610440992192,0.0 -48.846684,-27.8610785992192,0.0 -48.8465457,-27.8610267992192,0.0 -48.8462864,-27.8609402992192,0.0 -48.8460097,-27.8606982992192,0.0 -48.8458887,-27.8606117992192,0.0 -48.8457504,-27.8605426992192,0.0 -48.8453527,-27.8603005992192,0.0 -48.8453235,-27.8602713992192,0.0 -48.8452317,-27.8601795992192,0.0 -48.8450069,-27.8601449992192,0.0 -48.844834,-27.8601622992192,0.0 -48.8446957,-27.8602314992192,0.0 -48.844592,-27.8603178992192,0.0 -48.8445401,-27.8604734992192,0.0 -48.8445574,-27.8604907992192,0.0 -48.8445806,-27.8607110992192,0.0 -48.844592,-27.8608192992192,0.0 -48.8446439,-27.8610785992192,0.0 -48.8446439,-27.8613725992192,0.0 -48.8446266,-27.8616837992192,0.0 -48.8445574,-27.8619084992192,0.0 -48.8443845,-27.8620467992192,0.0 -48.8441943,-27.8620986992192,0.0 -48.8441589,-27.8621008992192,0.0 -48.8439177,-27.8621159992191,0.0 -48.8434336,-27.8621332992192,0.0 -48.8430187,-27.8621159992192,0.0 -48.8428458,-27.8620295992192,0.0 -48.8426729,-27.8619430992192,0.0 -48.8422752,-27.8616837992192,0.0 -48.8420287,-27.8614801992192,0.0 -48.8415008,-27.8620186992192,0.0 -48.841212,-27.8627349992191,0.0 -48.8411287,-27.8631354992191,0.0 -48.8411514,-27.8635897992191,0.0 -48.8412593,-27.8640637992191,0.0 -48.8413286,-27.8645138992191,0.0 -48.8414907,-27.8647865992191,0.0 -48.8417815,-27.8647404992191,0.0 -48.8420384,-27.8647908992191,0.0 -48.84235,-27.8648427992191,0.0 -48.8426962,-27.8649466992191,0.0 -48.8431464,-27.8650851992191,0.0 -48.8433022,-27.8651543992191,0.0 -48.8434407,-27.8653275992191,0.0 -48.8434753,-27.8655352992191,0.0 -48.843406,-27.8658468992191,0.0 -48.8434171,-27.8659021992191,0.0 -48.843458,-27.8661065992191,0.0 -48.8437696,-27.8664181992191,0.0 -48.8439254,-27.8667644992191,0.0 -48.8438908,-27.8671279992191,0.0 -48.8435792,-27.8676473992191,0.0 -48.8431637,-27.867958999219,0.0 -48.8427136,-27.868478399219,0.0 -48.8423673,-27.868963099219,0.0 -48.8420717,-27.869258899219,0.0 -48.8419518,-27.869499799219,0.0 -48.8418252,-27.869867099219,0.0 -48.8417787,-27.870001799219,0.0 -48.8417835,-27.870158899219,0.0 -48.841796,-27.870573099219,0.0 -48.8419033,-27.870827899219,0.0 -48.8419345,-27.870901999219,0.0 -48.8421249,-27.871334799219,0.0 -48.8422981,-27.871559899219,0.0 -48.8425058,-27.871888799219,0.0 -48.842674,-27.872369299219,0.0 -48.8427309,-27.872598599219,0.0 -48.8429397,-27.8730347992189,0.0 -48.8429386,-27.8733949992189,0.0 -48.842904,-27.8738277992189,0.0 -48.8428001,-27.8744163992189,0.0 -48.8426962,-27.8747798992189,0.0 -48.8425924,-27.8750741992189,0.0 -48.8423846,-27.8755243992189,0.0 -48.8422634,-27.8760782992189,0.0 -48.8421076,-27.8768053992189,0.0 -48.8418214,-27.8774020992189,0.0 -48.8416047,-27.8778919992189,0.0 -48.841388,-27.8783818992188,0.0 -48.841242,-27.8788655992188,0.0 -48.841242,-27.8792810992188,0.0 -48.8412767,-27.8796272992188,0.0 -48.8413805,-27.8800254992188,0.0 -48.8413632,-27.8804236992188,0.0 -48.8409997,-27.8811507992188,0.0 -48.8408092,-27.8814450992188,0.0 -48.840463,-27.8816873992188,0.0 -48.8400129,-27.8818432992188,0.0 -48.8395455,-27.8820509992188,0.0 -48.8388876,-27.8822067992188,0.0 -48.8384029,-27.8822586992188,0.0 -48.8381086,-27.8822933992188,0.0 -48.8378142,-27.8823452992188,0.0 -48.8375546,-27.8823279992188,0.0 -48.8373122,-27.8823279992188,0.0 -48.8369736,-27.8824646992188,0.0 -48.8368448,-27.8827261992188,0.0 -48.8368275,-27.8829165992188,0.0 -48.8369313,-27.8831762992188,0.0 -48.837191,-27.8834359992188,0.0 -48.8374507,-27.8838167992188,0.0 -48.8376758,-27.8842322992187,0.0 -48.8378239,-27.8845819992187,0.0 -48.8377796,-27.8848035992187,0.0 -48.8376238,-27.8851151992187,0.0 -48.8374161,-27.8854960992187,0.0 -48.8372083,-27.8859288992187,0.0 -48.8371391,-27.8863789992187,0.0 -48.8371218,-27.8867944992187,0.0 -48.8369742,-27.8873272992187,0.0 -48.8367055,-27.8876493992187,0.0 -48.8364578,-27.8877635992187,0.0 -48.8358926,-27.8877119992187,0.0 -48.8356329,-27.8877119992187,0.0 -48.8354085,-27.8877453992187,0.0 -48.8351482,-27.8879197992187,0.0 -48.8348193,-27.8881967992187,0.0 -48.8347154,-27.8883698992187,0.0 -48.834525,-27.8887853992187,0.0 -48.8344211,-27.8889238992187,0.0 -48.8341268,-27.8890103992187,0.0 -48.8337459,-27.8891142992187,0.0 -48.8335035,-27.8893046992186,0.0 -48.8331573,-27.8894431992186,0.0 -48.8328457,-27.8897201992186,0.0 -48.8317031,-27.8900491992186,0.0 -48.8315546,-27.8901357992186,0.0 -48.8315421,-27.8901429992186,0.0 -48.8312876,-27.8902914992186,0.0 -48.8308894,-27.8904126992186,0.0 -48.8305259,-27.8904992992186,0.0 -48.82992,-27.8903780992186,0.0 -48.8294352,-27.8900837992186,0.0 -48.82876,-27.8897028992186,0.0 -48.8280329,-27.8894085992186,0.0 -48.8272193,-27.8893566992186,0.0 -48.8266307,-27.8892181992186,0.0 -48.8262152,-27.8889411992187,0.0 -48.8259209,-27.8888545992186,0.0 -48.8256785,-27.8888892992187,0.0 -48.825595,-27.8889727992186,0.0 -48.82554,-27.8890276992187,0.0 -48.8254955,-27.8893153992186,0.0 -48.8255639,-27.8898309992186,0.0 -48.8258054,-27.8905728992186,0.0 -48.8257488,-27.8910627992186,0.0 -48.8251459,-27.8916468992186,0.0 -48.8249794,-27.8917568992186,0.0 -48.8248129,-27.8918668992186,0.0 -48.8244667,-27.8919707992186,0.0 -48.824425,-27.8919899992186,0.0 -48.8242416,-27.8920746992186,0.0 -48.8241204,-27.8923342992186,0.0 -48.8240339,-27.8925593992186,0.0 -48.8239992,-27.8931479992186,0.0 -48.8239473,-27.8934942992186,0.0 -48.8239646,-27.8939096992186,0.0 -48.8239127,-27.8945848992185,0.0 -48.82393,-27.8951907992185,0.0 -48.8239646,-27.8957967992185,0.0 -48.823927,-27.8962697992185,0.0 -48.8240166,-27.8966796992185,0.0 -48.8241377,-27.8971989992185,0.0 -48.824207,-27.8974413992185,0.0 -48.8242243,-27.8976144992185,0.0 -48.8241897,-27.8978914992185,0.0 -48.8241093,-27.8983161992185,0.0 -48.8240685,-27.8985320992185,0.0 -48.8239127,-27.8997784992185,0.0 -48.8239762,-27.9002547992184,0.0 -48.8239819,-27.9002978992184,0.0 -48.8240166,-27.9007825992184,0.0 -48.8238834,-27.9015014992184,0.0 -48.8236357,-27.9021848992184,0.0 -48.8234279,-27.9030504992184,0.0 -48.8233587,-27.9036563992184,0.0 -48.8234453,-27.9041930992184,0.0 -48.8236703,-27.9046950992184,0.0 -48.8237569,-27.9051798992184,0.0 -48.8238025,-27.9056251992183,0.0 -48.8238261,-27.9058550992183,0.0 -48.8240166,-27.9062704992183,0.0 -48.8243109,-27.9065301992183,0.0 -48.8245067,-27.9065301992183,0.0 -48.8245705,-27.9065301992183,0.0 -48.8248129,-27.9064436992183,0.0 -48.825038,-27.9063916992183,0.0 -48.825315,-27.9065128992183,0.0 -48.8254708,-27.9067379992183,0.0 -48.82554,-27.9071534992183,0.0 -48.8255227,-27.9074477992183,0.0 -48.8254534,-27.9077593992183,0.0 -48.8254361,-27.9080536992183,0.0 -48.8255227,-27.9085037992183,0.0 -48.8254881,-27.9089192992183,0.0 -48.8256266,-27.9090750992183,0.0 -48.8257651,-27.9090923992183,0.0 -48.8260074,-27.9088846992183,0.0 -48.8263537,-27.9086768992183,0.0 -48.8266653,-27.9080190992183,0.0 -48.8269942,-27.9075688992183,0.0 -48.8271673,-27.9071534992183,0.0 -48.8272539,-27.9068071992183,0.0 -48.8274963,-27.9065128992183,0.0 -48.8277733,-27.9063743992183,0.0 -48.8282753,-27.9063743992183,0.0 -48.8285696,-27.9063397992183,0.0 -48.8289159,-27.9064089992183,0.0 -48.8292275,-27.9064436992183,0.0 -48.8292769,-27.9064515992183,0.0 -48.8296603,-27.9065128992183,0.0 -48.8299892,-27.9065474992183,0.0 -48.830422,-27.9064955992183,0.0 -48.830699,-27.9064436992183,0.0 -48.8310452,-27.9062185992183,0.0 -48.8312351,-27.9059511992183,0.0 -48.8313395,-27.9058376992183,0.0 -48.8314954,-27.9058030992183,0.0 -48.8315998,-27.9058378992183,0.0 -48.8317031,-27.9058723992183,0.0 -48.8318416,-27.9060627992183,0.0 -48.8319108,-27.9061839992183,0.0 -48.8319801,-27.9063916992183,0.0 -48.8319876,-27.9065870992183,0.0 -48.8319933,-27.9067346992183,0.0 -48.8319974,-27.9068417992183,0.0 -48.8320147,-27.9072919992183,0.0 -48.8322225,-27.9076554992183,0.0 -48.8324475,-27.9077073992183,0.0 -48.8326726,-27.9076727992183,0.0 -48.8330697,-27.9075996992183,0.0 -48.8333304,-27.9075515992183,0.0 -48.8338844,-27.9074477992183,0.0 -48.8341441,-27.9073438992183,0.0 -48.8345596,-27.9070322992183,0.0 -48.8349404,-27.9066340992183,0.0 -48.8352174,-27.9062185992183,0.0 -48.8355464,-27.9059761992183,0.0 -48.8362562,-27.9056991992183,0.0 -48.8366543,-27.9055260992183,0.0 -48.8372776,-27.9050932992184,0.0 -48.8375911,-27.9048651992184,0.0 -48.8380469,-27.9042656992184,0.0 -48.8382279,-27.9037267992184,0.0 -48.8384918,-27.9032766992184,0.0 -48.8387716,-27.9030312992184,0.0 -48.8392994,-27.9027896992184,0.0 -48.8397013,-27.9026522992184,0.0 -48.8401687,-27.9025137992184,0.0 -48.8404976,-27.9023060992184,0.0 -48.8408958,-27.9019771992184,0.0 -48.8411382,-27.9017520992184,0.0 -48.8413459,-27.9015962992184,0.0 -48.8416575,-27.9013884992184,0.0 -48.8419518,-27.9012499992184,0.0 -48.8421769,-27.9011807992184,0.0 -48.8423154,-27.9012326992184,0.0 -48.8424019,-27.9014231992184,0.0 -48.8424127,-27.9014840992184,0.0 -48.8424539,-27.9017174992184,0.0 -48.8425058,-27.9019597992184,0.0 -48.8427482,-27.9023233992184,0.0 -48.8429213,-27.9025310992184,0.0 -48.8430079,-27.9027388992184,0.0 -48.8430425,-27.9030331992184,0.0 -48.8430079,-27.9034832992184,0.0 -48.8430771,-27.9040545992184,0.0 -48.8431637,-27.9045046992184,0.0 -48.8433714,-27.9048162992184,0.0 -48.8435272,-27.9050759992184,0.0 -48.8437083,-27.9052188992184,0.0 -48.8438562,-27.9053356992184,0.0 -48.8443236,-27.9055780992183,0.0 -48.8447218,-27.9058550992183,0.0 -48.8450166,-27.9061646992183,0.0 -48.845068,-27.9062185992183,0.0 -48.8453796,-27.9069456992183,0.0 -48.8454835,-27.9071187992183,0.0 -48.8455354,-27.9072919992183,0.0 -48.8455354,-27.9074996992183,0.0 -48.8455008,-27.9077247992183,0.0 -48.8454142,-27.9078805992183,0.0 -48.8452238,-27.9079843992183,0.0 -48.845068,-27.9081228992183,0.0 -48.8448602,-27.9082267992183,0.0 -48.8446201,-27.9083249992183,0.0 -48.8443928,-27.9083998992183,0.0 -48.8442024,-27.9086768992183,0.0 -48.8440812,-27.9089192992183,0.0 -48.8439946,-27.9091269992183,0.0 -48.8439254,-27.9093866992183,0.0 -48.8438908,-27.9095770992183,0.0 -48.8439946,-27.9100964992183,0.0 -48.8440496,-27.9102613992183,0.0 -48.8440985,-27.9104080992183,0.0 -48.8442543,-27.9109966992182,0.0 -48.8443582,-27.9112736992182,0.0 -48.8445833,-27.9117064992182,0.0 -48.8448776,-27.9120007992182,0.0 -48.8450853,-27.9123297992182,0.0 -48.8452065,-27.9126586992182,0.0 -48.8452455,-27.9128730992182,0.0 -48.8456751,-27.9134788992182,0.0 -48.845847,-27.9138704992182,0.0 -48.8459163,-27.9141820992182,0.0 -48.8458817,-27.9147360992182,0.0 -48.8458181,-27.9150858992182,0.0 -48.8457778,-27.9153073992182,0.0 -48.8457085,-27.9157921992182,0.0 -48.8456393,-27.9162249992182,0.0 -48.84557,-27.9166230992181,0.0 -48.8455527,-27.9170732992181,0.0 -48.8456393,-27.9178522992181,0.0 -48.8455204,-27.9189105992181,0.0 -48.8454662,-27.9193930992181,0.0 -48.8455181,-27.9201201992181,0.0 -48.8456912,-27.9207087992181,0.0 -48.8458297,-27.9211242992181,0.0 -48.8458817,-27.9215570992181,0.0 -48.8458643,-27.921972599218,0.0 -48.8457778,-27.922509199218,0.0 -48.8457046,-27.922839899218,0.0 -48.8454885,-27.923074799218,0.0 -48.8452785,-27.923174799218,0.0 -48.8448581,-27.923223599218,0.0 -48.8444564,-27.923104999218,0.0 -48.844186,-27.922961199218,0.0 -48.8437177,-27.922768899218,0.0 -48.8434233,-27.922768899218,0.0 -48.8431117,-27.922838199218,0.0 -48.8428521,-27.922976699218,0.0 -48.8423347,-27.923191199218,0.0 -48.8421423,-27.923270999218,0.0 -48.8416748,-27.923478699218,0.0 -48.8413919,-27.923525899218,0.0 -48.8412593,-27.923547999218,0.0 -48.840965,-27.923634499218,0.0 -48.8407573,-27.923807599218,0.0 -48.8405842,-27.924136599218,0.0 -48.8404803,-27.924465499218,0.0 -48.8403591,-27.924759799218,0.0 -48.8401259,-27.924967599218,0.0 -48.8399783,-27.925088699218,0.0 -48.8395801,-27.925296499218,0.0 -48.8393896,-27.925521499218,0.0 -48.8391992,-27.925763899218,0.0 -48.8386972,-27.926213999218,0.0 -48.8385174,-27.926359599218,0.0 -48.8383336,-27.926508299218,0.0 -48.8379527,-27.926785299218,0.0 -48.8377623,-27.9270276992179,0.0 -48.8376238,-27.9273046992179,0.0 -48.8375719,-27.9275296992179,0.0 -48.837483,-27.9279073992179,0.0 -48.8374334,-27.9281182992179,0.0 -48.8373468,-27.9283260992179,0.0 -48.8371569,-27.9287488992179,0.0 -48.8369833,-27.9292781992179,0.0 -48.8369486,-27.9299706992179,0.0 -48.8369486,-27.9302130992179,0.0 -48.8369486,-27.9305419992179,0.0 -48.8369486,-27.9309401992179,0.0 -48.836914,-27.9313383992179,0.0 -48.8368448,-27.9317884992179,0.0 -48.836914,-27.9321866992179,0.0 -48.8369926,-27.9324112992179,0.0 -48.8371564,-27.9328791992178,0.0 -48.8375026,-27.9334677992178,0.0 -48.8377277,-27.9338658992178,0.0 -48.8378835,-27.9342986992178,0.0 -48.8378782,-27.9344049992178,0.0 -48.8378489,-27.9349911992178,0.0 -48.8379354,-27.9356144992178,0.0 -48.8380393,-27.9359606992178,0.0 -48.8381778,-27.9362030992178,0.0 -48.8384375,-27.9365146992178,0.0 -48.8386768,-27.9368043992178,0.0 -48.8387664,-27.9369128992178,0.0 -48.8389049,-27.9372590992178,0.0 -48.8389568,-27.9377437992178,0.0 -48.8389568,-27.9381765992177,0.0 -48.8389568,-27.9384882992177,0.0 -48.839078,-27.9387998992177,0.0 -48.8391992,-27.9391633992177,0.0 -48.8391819,-27.9395442992177,0.0 -48.838853,-27.9400635992177,0.0 -48.838801,-27.9403752992177,0.0 -48.8388357,-27.9408080992177,0.0 -48.8389395,-27.9412235992177,0.0 -48.8391646,-27.9414312992177,0.0 -48.8395281,-27.9417948992177,0.0 -48.8396839,-27.9421929992177,0.0 -48.839909,-27.9427123992177,0.0 -48.8402379,-27.9431624992177,0.0 -48.8404803,-27.9434048992176,0.0 -48.8408785,-27.9435779992176,0.0 -48.8413113,-27.9437510992176,0.0 -48.841796,-27.9438203992176,0.0 -48.8422981,-27.9439414992176,0.0 -48.8425751,-27.9439241992177,0.0 -48.8428001,-27.9438029992176,0.0 -48.8429905,-27.9437164992176,0.0 -48.843129,-27.9437164992176,0.0 -48.8432502,-27.9437683992176,0.0 -48.8434753,-27.9438722992176,0.0 -48.8438042,-27.9440280992176,0.0 -48.8442024,-27.9440799992176,0.0 -48.8446006,-27.9440626992176,0.0 -48.8451719,-27.9441838992176,0.0 -48.84557,-27.9443916992176,0.0 -48.8458124,-27.9447205992176,0.0 -48.8459509,-27.9450321992176,0.0 -48.8460894,-27.9453957992176,0.0 -48.8461413,-27.9457765992176,0.0 -48.8462871,-27.9460449992176,0.0 -48.8464639,-27.9466574992176,0.0 -48.846568,-27.9470390992176,0.0 -48.8467241,-27.9475768992176,0.0 -48.8469324,-27.9480455992176,0.0 -48.8471058,-27.9485309992176,0.0 -48.8472927,-27.9490341992176,0.0 -48.8475394,-27.9492941992175,0.0 -48.8476448,-27.9493427992175,0.0 -48.8479904,-27.9495023992175,0.0 -48.8486323,-27.9497972992175,0.0 -48.8488751,-27.9499706992175,0.0 -48.8490486,-27.9502135992175,0.0 -48.84917,-27.9506125992175,0.0 -48.8491874,-27.9509247992175,0.0 -48.84917,-27.9511676992175,0.0 -48.8490486,-27.9514451992175,0.0 -48.8487884,-27.9517574992175,0.0 -48.8487636,-27.9517957992175,0.0 -48.8486392,-27.9519879992175,0.0 -48.8485976,-27.9520523992175,0.0 -48.8484588,-27.9523819992175,0.0 -48.8483027,-27.9528155992175,0.0 -48.8482982,-27.9528259992175,0.0 -48.8481466,-27.9531798992175,0.0 -48.8478864,-27.9534747992175,0.0 -48.8476088,-27.9538563992175,0.0 -48.8471231,-27.9543594992174,0.0 -48.8468629,-27.9546369992174,0.0 -48.8467235,-27.9546950992174,0.0 -48.8466547,-27.9547237992174,0.0 -48.8464466,-27.9548278992174,0.0 -48.846169,-27.9551747992174,0.0 -48.8458741,-27.9555390992174,0.0 -48.8456003,-27.9559255992174,0.0 -48.8455792,-27.9559553992174,0.0 -48.8451803,-27.9565451992174,0.0 -48.8449548,-27.9569267992174,0.0 -48.8447119,-27.9573084992174,0.0 -48.8445384,-27.9575339992174,0.0 -48.8441568,-27.9577420992174,0.0 -48.8440542,-27.9578507992174,0.0 -48.8438619,-27.9580543992174,0.0 -48.8437405,-27.9584532992174,0.0 -48.8436711,-27.9588869992174,0.0 -48.8435497,-27.9597022992173,0.0 -48.8434976,-27.9601879992173,0.0 -48.8432721,-27.9606736992173,0.0 -48.8431041,-27.9611442992173,0.0 -48.8430986,-27.9611593992173,0.0 -48.8430518,-27.9612274992173,0.0 -48.8429078,-27.9614369992173,0.0 -48.8426303,-27.9615930992173,0.0 -48.84259,-27.9616109992173,0.0 -48.842318,-27.9617318992173,0.0 -48.8419711,-27.9619920992173,0.0 -48.8415374,-27.9623563992173,0.0 -48.8413293,-27.9625124992173,0.0 -48.8412425,-27.9626512992173,0.0 -48.8412252,-27.9628246992173,0.0 -48.8412559,-27.9629342992173,0.0 -48.8413466,-27.9632583992173,0.0 -48.8413987,-27.9635359992173,0.0 -48.8413293,-27.9637787992173,0.0 -48.8411905,-27.9638654992173,0.0 -48.8411126,-27.9638817992173,0.0 -48.8407742,-27.9639522992173,0.0 -48.8406007,-27.9640216992173,0.0 -48.8405694,-27.9640294992173,0.0 -48.8401844,-27.9641256992173,0.0 -48.8399242,-27.9641256992173,0.0 -48.839664,-27.9639348992173,0.0 -48.8394905,-27.9637440992173,0.0 -48.8393864,-27.9634144992173,0.0 -48.8393596,-27.9633827992173,0.0 -48.8391956,-27.9631889992173,0.0 -48.8389874,-27.9631195992173,0.0 -48.838814,-27.9631542992173,0.0 -48.8386405,-27.9632410992173,0.0 -48.8384323,-27.9634318992173,0.0 -48.8383283,-27.9636746992173,0.0 -48.838319,-27.9637023992173,0.0 -48.8382242,-27.9639869992173,0.0 -48.8381201,-27.9645073992173,0.0 -48.8380116,-27.9648160992173,0.0 -48.8378946,-27.9651491992173,0.0 -48.8378599,-27.9655654992172,0.0 -48.8378599,-27.9660338992172,0.0 -48.837964,-27.9666930992172,0.0 -48.8381201,-27.9671960992172,0.0 -48.8381721,-27.9674215992172,0.0 -48.8382242,-27.9676471992172,0.0 -48.8381504,-27.9679739992172,0.0 -48.8377692,-27.9681993992172,0.0 -48.8375639,-27.9683471992172,0.0 -48.8373283,-27.9685010992172,0.0 -48.8368364,-27.9687399992172,0.0 -48.8365762,-27.9689481992172,0.0 -48.8364028,-27.9691736992172,0.0 -48.8363854,-27.9693470992172,0.0 -48.8365069,-27.9695205992172,0.0 -48.8369232,-27.9696766992172,0.0 -48.8372528,-27.9698848992172,0.0 -48.8374262,-27.9701276992172,0.0 -48.8374956,-27.9703879992172,0.0 -48.8374262,-27.9707348992171,0.0 -48.8372007,-27.9718276992171,0.0 -48.8370273,-27.9727123992171,0.0 -48.8368364,-27.9731633992171,0.0 -48.8367671,-27.9734235992171,0.0 -48.8367671,-27.9737011992171,0.0 -48.8368017,-27.9739093992171,0.0 -48.8368711,-27.9739960992171,0.0 -48.8371313,-27.9740307992171,0.0 -48.8373395,-27.9740480992171,0.0 -48.8374783,-27.9740827992171,0.0 -48.8376344,-27.9741868992171,0.0 -48.8377905,-27.9743429992171,0.0 -48.8378268,-27.9745723992171,0.0 -48.8376384,-27.9754014992171,0.0 -48.8376517,-27.9758001992171,0.0 -48.8377385,-27.976199099217,0.0 -48.8378426,-27.976667499217,0.0 -48.8378946,-27.977101199217,0.0 -48.8378252,-27.977378699217,0.0 -48.8376864,-27.977656299217,0.0 -48.837513,-27.977829699217,0.0 -48.8372354,-27.978037899217,0.0 -48.8370793,-27.978263399217,0.0 -48.8369752,-27.978402199217,0.0 -48.8368711,-27.978644999217,0.0 -48.8368364,-27.978835799217,0.0 -48.8368512,-27.978909799217,0.0 -48.8368711,-27.979009299217,0.0 -48.8369865,-27.979261699217,0.0 -48.8371313,-27.979581799217,0.0 -48.8372354,-27.979911399217,0.0 -48.8374089,-27.980136899217,0.0 -48.8376517,-27.980414399217,0.0 -48.8380334,-27.980934799217,0.0 -48.8383007,-27.981268899217,0.0 -48.8386579,-27.9817153992169,0.0 -48.838866,-27.9820623992169,0.0 -48.8389354,-27.9823051992169,0.0 -48.8389978,-27.9825798992169,0.0 -48.8390221,-27.9826867992169,0.0 -48.8391089,-27.9830857992169,0.0 -48.839213,-27.9834327992169,0.0 -48.8394558,-27.9839010992169,0.0 -48.8395686,-27.9840832992169,0.0 -48.8396813,-27.9842653992169,0.0 -48.8400125,-27.9845900992169,0.0 -48.8404854,-27.9851887992169,0.0 -48.8408436,-27.9860000992169,0.0 -48.8410691,-27.9865724992169,0.0 -48.8417109,-27.9877867992168,0.0 -48.8422833,-27.9888622992168,0.0 -48.8426129,-27.9894173992168,0.0 -48.8433935,-27.9903887992168,0.0 -48.8434629,-27.9904928992168,0.0 -48.8435497,-27.9907357992168,0.0 -48.843515,-27.9908918992168,0.0 -48.8433935,-27.9910479992168,0.0 -48.8430627,-27.9912181992168,0.0 -48.8427864,-27.9913602992168,0.0 -48.8425262,-27.9915510992168,0.0 -48.8423527,-27.9919846992168,0.0 -48.8422925,-27.9922842992167,0.0 -48.8423007,-27.9925744992168,0.0 -48.8423874,-27.9930601992167,0.0 -48.8424915,-27.9934591992167,0.0 -48.8426476,-27.9938234992167,0.0 -48.8428037,-27.9941009992167,0.0 -48.8429599,-27.9943785992167,0.0 -48.8430639,-27.9946907992167,0.0 -48.8430813,-27.9951244992167,0.0 -48.8429078,-27.9956275992167,0.0 -48.8426476,-27.9959224992167,0.0 -48.8419515,-27.9966274992167,0.0 -48.8416094,-27.9973318992167,0.0 -48.8413799,-27.9978287992166,0.0 -48.8412078,-27.9980907992166,0.0 -48.8411645,-27.9982035992166,0.0 -48.8411211,-27.9983162992166,0.0 -48.8411038,-27.9986111992166,0.0 -48.8411731,-27.9988713992166,0.0 -48.8412082,-27.9990351992166,0.0 -48.8412252,-27.9991142992166,0.0 -48.8412517,-27.9992867992166,0.0 -48.8412946,-27.9995652992166,0.0 -48.8413119,-27.9998254992166,0.0 -48.8413813,-28.0000162992166,0.0 -48.8415721,-28.0002070992166,0.0 -48.8417629,-28.0002938992166,0.0 -48.8420729,-28.0003916992166,0.0 -48.8420925,-28.0003978992166,0.0 -48.8422313,-28.0005019992166,0.0 -48.8424221,-28.0006580992166,0.0 -48.8425262,-28.0008142992166,0.0 -48.8425782,-28.0009529992166,0.0 -48.8425609,-28.0012131992166,0.0 -48.8424915,-28.0013519992166,0.0 -48.8423701,-28.0015254992166,0.0 -48.8422358,-28.0017017992166,0.0 -48.8420925,-28.0018897992166,0.0 -48.8420405,-28.0021846992166,0.0 -48.8420578,-28.0025662992166,0.0 -48.8421272,-28.0028264992166,0.0 -48.842266,-28.0030172992166,0.0 -48.8423441,-28.0031386992166,0.0 -48.8424221,-28.0032601992165,0.0 -48.842594,-28.0034013992165,0.0 -48.842665,-28.0036417992165,0.0 -48.8426823,-28.0038152992165,0.0 -48.8426548,-28.0043377992165,0.0 -48.8426476,-28.0044743992165,0.0 -48.8426476,-28.0048907992165,0.0 -48.8427691,-28.0053590992165,0.0 -48.8428731,-28.0056539992165,0.0 -48.8430119,-28.0058274992165,0.0 -48.8432374,-28.0059835992165,0.0 -48.8434282,-28.0061049992165,0.0 -48.8436364,-28.0061743992165,0.0 -48.8436489,-28.0061818992165,0.0 -48.8438099,-28.0062784992165,0.0 -48.8439833,-28.0064866992165,0.0 -48.8440354,-28.0066774992165,0.0 -48.8440354,-28.0069202992165,0.0 -48.8440007,-28.0073886992165,0.0 -48.843966,-28.0077182992165,0.0 -48.8439529,-28.0082179992165,0.0 -48.8441013,-28.0084887992165,0.0 -48.8443628,-28.0086642992165,0.0 -48.8446252,-28.0087417992164,0.0 -48.8450762,-28.0089498992164,0.0 -48.8452496,-28.0091753992164,0.0 -48.8455099,-28.0094876992164,0.0 -48.8458394,-28.0100080992164,0.0 -48.8460823,-28.0105284992164,0.0 -48.8463252,-28.0108753992164,0.0 -48.8466547,-28.0112223992164,0.0 -48.8468951,-28.0115567992164,0.0 -48.8470537,-28.0117774992164,0.0 -48.8473486,-28.0125927992164,0.0 -48.8475568,-28.0130090992164,0.0 -48.8478182,-28.0132704992164,0.0 -48.8478517,-28.0133039992164,0.0 -48.8481292,-28.0137375992164,0.0 -48.848268,-28.0142579992163,0.0 -48.84832,-28.0148304992163,0.0 -48.848268,-28.0153335992163,0.0 -48.8482764,-28.0155017992163,0.0 -48.8482853,-28.0156804992163,0.0 -48.8483374,-28.0159059992163,0.0 -48.8485455,-28.0162355992163,0.0 -48.848667,-28.0164523992163,0.0 -48.8487884,-28.0166692992163,0.0 -48.8490192,-28.0170819992163,0.0 -48.8494129,-28.0173110992163,0.0 -48.8496731,-28.0174324992163,0.0 -48.8500894,-28.0175712992163,0.0 -48.8503336,-28.0176106992163,0.0 -48.8506272,-28.0176579992163,0.0 -48.8509568,-28.0176753992163,0.0 -48.8512516,-28.0177620992163,0.0 -48.8515465,-28.0179355992163,0.0 -48.8518241,-28.0181610992163,0.0 -48.8519629,-28.0183865992163,0.0 -48.8521016,-28.0187334992163,0.0 -48.8521652,-28.0191544992163,0.0 -48.8522251,-28.0198807992162,0.0 -48.8522578,-28.0201385992162,0.0 -48.8523445,-28.0204855992162,0.0 -48.8525006,-28.0207630992162,0.0 -48.8527074,-28.0208584992162,0.0 -48.8527261,-28.0208671992162,0.0 -48.8531078,-28.0209365992162,0.0 -48.8532986,-28.0209538992162,0.0 -48.8535935,-28.0210752992162,0.0 -48.8537843,-28.0213181992162,0.0 -48.8539404,-28.0217518992162,0.0 -48.8540792,-28.0225844992162,0.0 -48.8540713,-28.0229800992162,0.0 -48.8540618,-28.0234518992162,0.0 -48.8540618,-28.0242844992162,0.0 -48.8541139,-28.0250997992162,0.0 -48.854322,-28.0258803992161,0.0 -48.8544208,-28.0260669992161,0.0 -48.8544782,-28.0261752992161,0.0 -48.8545475,-28.0264701992161,0.0 -48.8545128,-28.0268170992161,0.0 -48.8544088,-28.0272854992161,0.0 -48.854322,-28.0275630992161,0.0 -48.8542853,-28.0276730992161,0.0 -48.8541486,-28.0280834992161,0.0 -48.8541472,-28.0280972992161,0.0 -48.8540965,-28.0286211992161,0.0 -48.8541486,-28.0290548992161,0.0 -48.8541312,-28.0295058992161,0.0 -48.8541833,-28.0298007992161,0.0 -48.854322,-28.0303038992161,0.0 -48.8544261,-28.030928299216,0.0 -48.8545649,-28.031448699216,0.0 -48.8546863,-28.031986499216,0.0 -48.854721,-28.032298699216,0.0 -48.8546865,-28.032601599216,0.0 -48.8544782,-28.032853799216,0.0 -48.8542353,-28.033252799216,0.0 -48.8541312,-28.033495699216,0.0 -48.8540618,-28.033807899216,0.0 -48.8540271,-28.034172199216,0.0 -48.8540965,-28.034519099216,0.0 -48.854244,-28.034631899216,0.0 -48.8543914,-28.034744599216,0.0 -48.8546736,-28.034879599216,0.0 -48.8547904,-28.034935499216,0.0 -48.8552067,-28.035230399216,0.0 -48.855519,-28.035716099216,0.0 -48.8556404,-28.036062999216,0.0 -48.855665,-28.0364294992159,0.0 -48.8557292,-28.0373269992159,0.0 -48.8556404,-28.0381619992159,0.0 -48.8555363,-28.0386476992159,0.0 -48.8554707,-28.0389754992159,0.0 -48.8554322,-28.0391680992159,0.0 -48.8553281,-28.0393414992159,0.0 -48.8552067,-28.0394976992159,0.0 -48.855172,-28.0397057992159,0.0 -48.8552067,-28.0398965992159,0.0 -48.8553281,-28.0400527992159,0.0 -48.8555363,-28.0401741992159,0.0 -48.8557271,-28.0402261992159,0.0 -48.8558659,-28.0402088992159,0.0 -48.8559353,-28.0401047992159,0.0 -48.856022,-28.0399486992159,0.0 -48.8561608,-28.0398098992159,0.0 -48.8563169,-28.0397231992159,0.0 -48.8563746,-28.0396927992159,0.0 -48.8566465,-28.0395496992159,0.0 -48.856872,-28.0394976992159,0.0 -48.8570802,-28.0394629992159,0.0 -48.8573404,-28.0394802992159,0.0 -48.8576353,-28.0395323992159,0.0 -48.8580169,-28.0396884992159,0.0 -48.8582424,-28.0398792992159,0.0 -48.8585547,-28.0401567992159,0.0 -48.8588149,-28.0403476992159,0.0 -48.8589363,-28.0406425992159,0.0 -48.859023,-28.0410414992159,0.0 -48.8591444,-28.0414404992159,0.0 -48.85937,-28.0418567992158,0.0 -48.8596822,-28.0423424992158,0.0 -48.8598904,-28.0427935992158,0.0 -48.8599622,-28.0429492992158,0.0 -48.8600985,-28.0432445992158,0.0 -48.8601853,-28.0433659992158,0.0 -48.8602893,-28.0434526992158,0.0 -48.8604975,-28.0436435992158,0.0 -48.8608618,-28.0440771992158,0.0 -48.8611201,-28.0444708992158,0.0 -48.8614342,-28.0448751992158,0.0 -48.8616077,-28.0450485992158,0.0 -48.8617985,-28.0451353992158,0.0 -48.8620934,-28.0452914992158,0.0 -48.8625097,-28.0455169992158,0.0 -48.8626429,-28.0456500992158,0.0 -48.8627873,-28.0457945992158,0.0 -48.8629781,-28.0461067992158,0.0 -48.8630822,-28.0463843992158,0.0 -48.863273,-28.0465230992158,0.0 -48.8635158,-28.0466965992158,0.0 -48.8638281,-28.0468353992158,0.0 -48.8642965,-28.0469394992158,0.0 -48.8648342,-28.0470955992157,0.0 -48.8656322,-28.0472863992157,0.0 -48.866357,-28.0473788992157,0.0 -48.8664475,-28.0473904992157,0.0 -48.8676097,-28.0476332992157,0.0 -48.8685638,-28.0478067992157,0.0 -48.8693791,-28.0479628992157,0.0 -48.8698301,-28.0480842992157,0.0 -48.870125,-28.0481883992157,0.0 -48.8702017,-28.0482395992157,0.0 -48.8703852,-28.0483618992157,0.0 -48.8705066,-28.0485006992157,0.0 -48.8705413,-28.0486220992157,0.0 -48.8705413,-28.0490210992157,0.0 -48.8705587,-28.0494720992157,0.0 -48.870524,-28.0498189992157,0.0 -48.8704025,-28.0501659992157,0.0 -48.8703686,-28.0502676992157,0.0 -48.8702985,-28.0504781992157,0.0 -48.8702985,-28.0507036992157,0.0 -48.8704025,-28.0509465992157,0.0 -48.8705413,-28.0510852992157,0.0 -48.8707668,-28.0512414992157,0.0 -48.8711138,-28.0513628992157,0.0 -48.8715474,-28.0515016992157,0.0 -48.8721025,-28.0516750992157,0.0 -48.8725188,-28.0517097992157,0.0 -48.8728137,-28.0517097992157,0.0 -48.8728869,-28.0517182992157,0.0 -48.8732648,-28.0517618992157,0.0 -48.873629,-28.0518832992157,0.0 -48.8744753,-28.0521843992157,0.0 -48.8748954,-28.0522301992157,0.0 -48.8753984,-28.0521607992157,0.0 -48.8757107,-28.0520393992157,0.0 -48.8764913,-28.0517271992157,0.0 -48.8767688,-28.0515189992157,0.0 -48.8768382,-28.0513975992157,0.0 -48.8768902,-28.0510852992157,0.0 -48.8769076,-28.0508597992157,0.0 -48.8769423,-28.0505822992157,0.0 -48.877029,-28.0503567992157,0.0 -48.8771158,-28.0501485992157,0.0 -48.8773413,-28.0500791992157,0.0 -48.8775841,-28.0500444992157,0.0 -48.8780178,-28.0499924992157,0.0 -48.8786423,-28.0499057992157,0.0 -48.879128,-28.0498710992157,0.0 -48.8797004,-28.0500444992157,0.0 -48.8801815,-28.0502234992157,0.0 -48.8804463,-28.0503220992157,0.0 -48.880828,-28.0504434992157,0.0 -48.8811749,-28.0506516992157,0.0 -48.8814004,-28.0509291992157,0.0 -48.881512,-28.0511616992157,0.0 -48.8816086,-28.0513628992157,0.0 -48.8817647,-28.0520046992157,0.0 -48.8819208,-28.0525424992157,0.0 -48.8820769,-28.0528546992156,0.0 -48.8827535,-28.0533750992156,0.0 -48.8833606,-28.0538087992156,0.0 -48.8834152,-28.0538682992156,0.0 -48.8835514,-28.0540169992156,0.0 -48.8836902,-28.0541903992156,0.0 -48.8837943,-28.0544332992156,0.0 -48.8838637,-28.0550056992156,0.0 -48.8838285,-28.0551267992156,0.0 -48.8837075,-28.0555434992156,0.0 -48.8836626,-28.0561272992156,0.0 -48.8836208,-28.0566709992156,0.0 -48.8837422,-28.0571740992156,0.0 -48.8839504,-28.0574342992156,0.0 -48.8843417,-28.0577929992156,0.0 -48.8846061,-28.0579948992156,0.0 -48.8849928,-28.0581136992155,0.0 -48.8854485,-28.0584395992155,0.0 -48.8856302,-28.0589658992155,0.0 -48.8856415,-28.0595001992155,0.0 -48.885517,-28.0600793992155,0.0 -48.8854249,-28.0604699992155,0.0 -48.8852167,-28.0608342992155,0.0 -48.8849045,-28.0611984992155,0.0 -48.8846894,-28.0615102992155,0.0 -48.8845575,-28.0617015992155,0.0 -48.88428,-28.0622219992155,0.0 -48.8840198,-28.0626729992155,0.0 -48.8838463,-28.0630025992155,0.0 -48.8837249,-28.0634015992154,0.0 -48.8837596,-28.0638525992154,0.0 -48.8838463,-28.0642168992154,0.0 -48.8840371,-28.0645117992154,0.0 -48.8843242,-28.0648767992154,0.0 -48.8846611,-28.0652802992154,0.0 -48.8850632,-28.0655398992154,0.0 -48.8853567,-28.0658561992154,0.0 -48.8856129,-28.0664578992154,0.0 -48.8856786,-28.0671968992154,0.0 -48.8859003,-28.0675285992154,0.0 -48.8866392,-28.0678596992154,0.0 -48.8868376,-28.0679859992154,0.0 -48.8872116,-28.0682239992154,0.0 -48.8876973,-28.0685882992153,0.0 -48.8878881,-28.0689178992154,0.0 -48.8880442,-28.0693341992153,0.0 -48.888131,-28.0697331992153,0.0 -48.8882004,-28.0701841992153,0.0 -48.8883738,-28.0706004992153,0.0 -48.8887555,-28.0711729992153,0.0 -48.8889116,-28.0713984992153,0.0 -48.8890677,-28.0715718992153,0.0 -48.8892932,-28.0717800992153,0.0 -48.8893973,-28.0719361992153,0.0 -48.8895708,-28.0722137992153,0.0 -48.8896103,-28.0723619992153,0.0 -48.8896402,-28.0724739992153,0.0 -48.8897442,-28.0732371992153,0.0 -48.8897396,-28.0732821992153,0.0 -48.8896922,-28.0737402992153,0.0 -48.8895534,-28.0744861992152,0.0 -48.8893279,-28.0751453992152,0.0 -48.8892412,-28.0754055992152,0.0 -48.8892289,-28.0756641992152,0.0 -48.8892238,-28.0757698992152,0.0 -48.8892412,-28.0762208992152,0.0 -48.8892759,-28.0767065992152,0.0 -48.88938,-28.0771055992152,0.0 -48.8896575,-28.0775218992152,0.0 -48.8900044,-28.0778514992152,0.0 -48.8902551,-28.0780463992152,0.0 -48.8903167,-28.0780942992152,0.0 -48.890598,-28.0781945992152,0.0 -48.8916402,-28.0782074992152,0.0 -48.892215,-28.0784764992152,0.0 -48.8927719,-28.0789085992152,0.0 -48.8933287,-28.0793406992152,0.0 -48.8934392,-28.0795502992152,0.0 -48.8936953,-28.0800360992151,0.0 -48.9016991,-28.0608539992155,0.0 -48.9049201,-28.0620639992155,0.0 -48.9142807,-28.0655802992154,0.0 -48.9163916,-28.0663732992154,0.0 -48.9174289,-28.0667629992154,0.0 -48.9281747,-28.0707996992153,0.0 -48.9318829,-28.0721926992153,0.0 -48.9321089,-28.0722050992153,0.0 -48.9326588,-28.0722351992153,0.0 -48.9327959,-28.0722426992153,0.0 -48.9332896,-28.0722696992153,0.0 -48.9336797,-28.0722910992153,0.0 -48.9346946,-28.0724728992153,0.0 -48.9353823,-28.0726262992153,0.0 -48.9360683,-28.0726853992153,0.0 -48.9367714,-28.0728619992153,0.0 -48.9368569,-28.0733775992153,0.0 -48.9369673,-28.0741060992153,0.0 -48.9369882,-28.0745004992152,0.0 -48.9370196,-28.0756688992152,0.0 -48.9370899,-28.0767684992152,0.0 -48.9371631,-28.0774309992152,0.0 -48.9372352,-28.0779197992152,0.0 -48.9372527,-28.0779886992152,0.0 -48.9373251,-28.0782735992152,0.0 -48.9374979,-28.0787802992152,0.0 -48.9375001,-28.0787863992152,0.0 -48.9375785,-28.0790056992152,0.0 -48.9377331,-28.0792899992152,0.0 -48.9378158,-28.0794465992152,0.0 -48.9378719,-28.0795333992151,0.0 -48.9379141,-28.0796096992152,0.0 -48.9379692,-28.0798368992151,0.0 -48.9380002,-28.0798702992152,0.0 -48.9380174,-28.0798812992151,0.0 -48.9380395,-28.0798915992151,0.0 -48.9380541,-28.0799052992151,0.0 -48.9380665,-28.0799212992151,0.0 -48.9380872,-28.0799667992151,0.0 -48.9381045,-28.0800192992151,0.0 -48.9381282,-28.0800676992152,0.0 -48.9381579,-28.0801044992152,0.0 -48.9382113,-28.0801888992151,0.0 -48.9382402,-28.0802332992151,0.0 -48.9382716,-28.0802534992151,0.0 -48.9383355,-28.0802734992151,0.0 -48.9383994,-28.0802699992151,0.0 -48.9384775,-28.0802490992151,0.0 -48.9385295,-28.0802402992151,0.0 -48.9385702,-28.0802488992151,0.0 -48.9386137,-28.0802784992151,0.0 -48.9386482,-28.0803353992151,0.0 -48.9386723,-28.0803969992151,0.0 -48.9387154,-28.0804566992151,0.0 -48.9387393,-28.0804647992151,0.0 -48.9388013,-28.0804626992151,0.0 -48.9388638,-28.0804543992151,0.0 -48.9389219,-28.0804635992151,0.0 -48.9389512,-28.0804930992151,0.0 -48.9389747,-28.0805511992151,0.0 -48.9389897,-28.0805974992151,0.0 -48.9390177,-28.0806528992151,0.0 -48.9390797,-28.0806672992151,0.0 -48.9391893,-28.0806962992151,0.0 -48.9393062,-28.0807317992151,0.0 -48.9393241,-28.0807464992151,0.0 -48.9393229,-28.0807740992151,0.0 -48.9392859,-28.0808119992151,0.0 -48.9392251,-28.0808346992151,0.0 -48.939198,-28.0808486992151,0.0 -48.9391879,-28.0808603992151,0.0 -48.9391792,-28.0808867992151,0.0 -48.9391828,-28.0808986992151,0.0 -48.9392071,-28.0809310992151,0.0 -48.9392507,-28.0809796992151,0.0 -48.939289,-28.0810203992151,0.0 -48.9393267,-28.0810449992151,0.0 -48.939378,-28.0810529992151,0.0 -48.9394133,-28.0810424992151,0.0 -48.9394403,-28.0810372992151,0.0 -48.9394518,-28.0810425992151,0.0 -48.9394579,-28.0810526992151,0.0 -48.9394774,-28.0810735992151,0.0 -48.9395016,-28.0810882992151,0.0 -48.9395387,-28.0811031992151,0.0 -48.939566,-28.0811028992151,0.0 -48.9396009,-28.0810918992151,0.0 -48.9396565,-28.0810554992151,0.0 -48.9397095,-28.0810258992151,0.0 -48.9397574,-28.0810099992151,0.0 -48.9398321,-28.0809947992151,0.0 -48.9398743,-28.0809979992151,0.0 -48.9399108,-28.0810228992151,0.0 -48.9399226,-28.0810602992151,0.0 -48.9399588,-28.0811333992151,0.0 -48.9400024,-28.0811812992151,0.0 -48.9400285,-28.0812070992151,0.0 -48.9400755,-28.0812172992151,0.0 -48.940127,-28.0812065992151,0.0 -48.9401853,-28.0811859992151,0.0 -48.9402205,-28.0811809992151,0.0 -48.9402673,-28.0811849992151,0.0 -48.9403163,-28.0812010992151,0.0 -48.9403821,-28.0812315992151,0.0 -48.9405093,-28.0813106992151,0.0 -48.9405949,-28.0813807992151,0.0 -48.9406527,-28.0814705992151,0.0 -48.9407095,-28.0815818992151,0.0 -48.9407914,-28.0817371992151,0.0 -48.940884,-28.0819037992151,0.0 -48.9410126,-28.0821087992151,0.0 -48.9412185,-28.0823829992151,0.0 -48.9414354,-28.0825839992151,0.0 -48.9415983,-28.0827130992151,0.0 -48.9417233,-28.0828178992151,0.0 -48.9417899,-28.0829053992151,0.0 -48.9418302,-28.0829492992151,0.0 -48.9418648,-28.0829733992151,0.0 -48.9419178,-28.0829931992151,0.0 -48.9420199,-28.0830010992151,0.0 -48.9420858,-28.0830076992151,0.0 -48.9421248,-28.0830199992151,0.0 -48.9421699,-28.0830232992151,0.0 -48.9422121,-28.0830143992151,0.0 -48.9422543,-28.0830123992151,0.0 -48.9423005,-28.0830255992151,0.0 -48.9423324,-28.0830613992151,0.0 -48.942339,-28.0830865992151,0.0 -48.9423324,-28.0831042992151,0.0 -48.9423169,-28.0831181992151,0.0 -48.9422789,-28.0831290992151,0.0 -48.9422083,-28.0831550992151,0.0 -48.9421933,-28.0831681992151,0.0 -48.9421803,-28.0831892992151,0.0 -48.9421788,-28.0832120992151,0.0 -48.9421975,-28.0832468992151,0.0 -48.9421993,-28.0832735992151,0.0 -48.9421872,-28.0832935992151,0.0 -48.9421728,-28.0833222992151,0.0 -48.9421744,-28.0833342992151,0.0 -48.9421759,-28.0833454992151,0.0 -48.9422015,-28.0833830992151,0.0 -48.9422417,-28.0834384992151,0.0 -48.9422727,-28.0835145992151,0.0 -48.9422818,-28.0835754992151,0.0 -48.9422703,-28.0836513992151,0.0 -48.9422447,-28.0836943992151,0.0 -48.9422271,-28.0837036992151,0.0 -48.9422023,-28.0837127992151,0.0 -48.9421627,-28.0837186992151,0.0 -48.9420938,-28.0837127992151,0.0 -48.9420153,-28.0836914992151,0.0 -48.9419598,-28.0836709992151,0.0 -48.94193,-28.0836724992151,0.0 -48.9419021,-28.0836853992151,0.0 -48.9418865,-28.0837143992151,0.0 -48.9418701,-28.0837693992151,0.0 -48.941863,-28.0838338992151,0.0 -48.9418537,-28.0838998992151,0.0 -48.9418292,-28.0839919992151,0.0 -48.9417863,-28.0840616992151,0.0 -48.9417371,-28.0841199992151,0.0 -48.9416667,-28.0841996992151,0.0 -48.9416558,-28.0842243992151,0.0 -48.9416521,-28.0842491992151,0.0 -48.9416606,-28.0842848992151,0.0 -48.9416851,-28.0843069992151,0.0 -48.9417264,-28.0843224992151,0.0 -48.9417852,-28.0843336992151,0.0 -48.941841,-28.0843527992151,0.0 -48.9418914,-28.0843886992151,0.0 -48.9419151,-28.0844517992151,0.0 -48.9419037,-28.0845804992151,0.0 -48.9419106,-28.0847228992151,0.0 -48.9419103,-28.0848245992151,0.0 -48.941897,-28.0849050992151,0.0 -48.9418909,-28.0849810992151,0.0 -48.941875,-28.0850672992151,0.0 -48.9418542,-28.0851277992151,0.0 -48.9418383,-28.0851730992151,0.0 -48.9418332,-28.0852062992151,0.0 -48.94184,-28.085243899215,0.0 -48.941869,-28.0852851992151,0.0 -48.9419039,-28.085333099215,0.0 -48.9419151,-28.085364299215,0.0 -48.9419251,-28.085427399215,0.0 -48.9419065,-28.085531899215,0.0 -48.9419088,-28.085591299215,0.0 -48.9418982,-28.085640299215,0.0 -48.9418754,-28.085689099215,0.0 -48.9418526,-28.085737999215,0.0 -48.9415875,-28.085825599215,0.0 -48.9409787,-28.086066699215,0.0 -48.9408268,-28.086131699215,0.0 -48.9406506,-28.086281799215,0.0 -48.9398788,-28.086900399215,0.0 -48.9395569,-28.087086399215,0.0 -48.9390072,-28.087352899215,0.0 -48.9388315,-28.087452699215,0.0 -48.9383452,-28.087913499215,0.0 -48.9380076,-28.088203599215,0.0 -48.9377676,-28.088428599215,0.0 -48.9375732,-28.088703599215,0.0 -48.9375001,-28.089073999215,0.0 -48.9374354,-28.089263499215,0.0 -48.9373777,-28.089467599215,0.0 -48.9372971,-28.089740599215,0.0 -48.9372877,-28.089950199215,0.0 -48.9372956,-28.090151099215,0.0 -48.9373333,-28.090245099215,0.0 -48.9374042,-28.090334299215,0.0 -48.9374624,-28.090387699215,0.0 -48.9375001,-28.090414399215,0.0 -48.9377835,-28.090554499215,0.0 -48.9380471,-28.090781999215,0.0 -48.9382509,-28.0909645992149,0.0 -48.9383729,-28.0910306992149,0.0 -48.93849,-28.0910803992149,0.0 -48.9386215,-28.0911273992149,0.0 -48.9387245,-28.0911417992149,0.0 -48.9388824,-28.0911392992149,0.0 -48.9391245,-28.0910882992149,0.0 -48.9394678,-28.0909783992149,0.0 -48.9397865,-28.0908443992149,0.0 -48.9400124,-28.0907089992149,0.0 -48.9403508,-28.090600999215,0.0 -48.9407377,-28.0905399992149,0.0 -48.9410638,-28.090467799215,0.0 -48.9413256,-28.090321899215,0.0 -48.9415386,-28.090101499215,0.0 -48.9417787,-28.089847099215,0.0 -48.9418965,-28.089753799215,0.0 -48.9419788,-28.089693399215,0.0 -48.9421314,-28.089597999215,0.0 -48.9422547,-28.089555999215,0.0 -48.9423594,-28.089537099215,0.0 -48.9424755,-28.089533699215,0.0 -48.9426461,-28.089561899215,0.0 -48.9428247,-28.089623699215,0.0 -48.9431866,-28.089856899215,0.0 -48.9433436,-28.089984099215,0.0 -48.9436713,-28.090284599215,0.0 -48.943848,-28.090491199215,0.0 -48.9440234,-28.090642499215,0.0 -48.9443895,-28.0909901992149,0.0 -48.9445307,-28.0911959992149,0.0 -48.9446342,-28.0914582992149,0.0 -48.9446845,-28.0916545992149,0.0 -48.9447681,-28.0921338992149,0.0 -48.9448104,-28.0925130992149,0.0 -48.9448905,-28.0928766992149,0.0 -48.9450202,-28.0932319992149,0.0 -48.9451407,-28.0934496992149,0.0 -48.9453791,-28.0938414992149,0.0 -48.9456205,-28.0944934992149,0.0 -48.9456992,-28.0947512992149,0.0 -48.9457527,-28.0949406992149,0.0 -48.9458259,-28.0951639992149,0.0 -48.9458617,-28.0952558992149,0.0 -48.9461213,-28.0959221992149,0.0 -48.9463119,-28.0962910992148,0.0 -48.946478,-28.0965531992148,0.0 -48.9466372,-28.0967439992148,0.0 -48.9468462,-28.0968859992148,0.0 -48.9470299,-28.0969863992148,0.0 -48.9472622,-28.0971575992148,0.0 -48.9473206,-28.0972110992148,0.0 -48.947379,-28.0972646992148,0.0 -48.9474822,-28.0973278992148,0.0 -48.947612,-28.0973632992148,0.0 -48.9477342,-28.0973624992148,0.0 -48.9479072,-28.0972622992148,0.0 -48.9481345,-28.0970497992148,0.0 -48.9484319,-28.0967189992148,0.0 -48.9486159,-28.0964980992148,0.0 -48.9487719,-28.0963796992148,0.0 -48.9490421,-28.0962339992148,0.0 -48.9492202,-28.0961672992148,0.0 -48.949514,-28.0961202992149,0.0 -48.9500052,-28.0961043992149,0.0 -48.9503357,-28.0961093992149,0.0 -48.9505786,-28.0961489992149,0.0 -48.9508397,-28.0962392992148,0.0 -48.9510026,-28.0963305992148,0.0 -48.9511899,-28.0965466992148,0.0 -48.9513599,-28.0968136992148,0.0 -48.9516478,-28.0973540992148,0.0 -48.9516774,-28.0976408992148,0.0 -48.9516759,-28.0980238992148,0.0 -48.9516321,-28.0982635992148,0.0 -48.9514294,-28.0991646992148,0.0 -48.9513835,-28.0993635992148,0.0 -48.9513418,-28.0995359992148,0.0 -48.9512485,-28.0999208992148,0.0 -48.9510607,-28.1006178992148,0.0 -48.9509551,-28.1009838992148,0.0 -48.9509278,-28.1011992992148,0.0 -48.9508518,-28.1016880992148,0.0 -48.9508045,-28.1020394992147,0.0 -48.9506432,-28.1024114992147,0.0 -48.9505428,-28.1026580992147,0.0 -48.9503829,-28.1031185992147,0.0 -48.9501927,-28.1037324992147,0.0 -48.9500238,-28.1042912992147,0.0 -48.9498278,-28.1050897992147,0.0 -48.9497495,-28.1055463992147,0.0 -48.9497212,-28.1058370992147,0.0 -48.9497312,-28.1061629992147,0.0 -48.9497685,-28.1066087992147,0.0 -48.9497757,-28.1069144992147,0.0 -48.9497729,-28.1069809992147,0.0 -48.9498061,-28.1073860992146,0.0 -48.9498391,-28.1075335992146,0.0 -48.9498957,-28.1076352992146,0.0 -48.950024,-28.1077323992146,0.0 -48.9503062,-28.1078410992146,0.0 -48.9503797,-28.1078691992146,0.0 -48.9505807,-28.1079460992146,0.0 -48.9507389,-28.1080118992146,0.0 -48.9509171,-28.1080490992146,0.0 -48.9511832,-28.1080876992146,0.0 -48.9513818,-28.1080761992146,0.0 -48.9516807,-28.1080979992146,0.0 -48.952041,-28.1081379992146,0.0 -48.9522402,-28.1082045992146,0.0 -48.9524239,-28.1082937992146,0.0 -48.9525688,-28.1083737992146,0.0 -48.9527662,-28.1084286992146,0.0 -48.9530813,-28.1084535992146,0.0 -48.9534723,-28.1084190992146,0.0 -48.9543443,-28.1081363992146,0.0 -48.9545011,-28.1080814992146,0.0 -48.9551958,-28.1078381992146,0.0 -48.955478,-28.1077097992146,0.0 -48.9558168,-28.1075158992146,0.0 -48.9560666,-28.1074152992146,0.0 -48.9565039,-28.1073439992146,0.0 -48.9568951,-28.1072650992146,0.0 -48.9574194,-28.1071843992147,0.0 -48.9576119,-28.1071584992146,0.0 -48.9578294,-28.1071789992146,0.0 -48.958028,-28.1072023992146,0.0 -48.9581963,-28.1072452992147,0.0 -48.9583414,-28.1073136992146,0.0 -48.9585501,-28.1074745992146,0.0 -48.9587115,-28.1076266992146,0.0 -48.958827,-28.1077485992146,0.0 -48.9589064,-28.1078243992146,0.0 -48.9589427,-28.1078617992146,0.0 -48.9590137,-28.1079075992146,0.0 -48.9590873,-28.1079375992146,0.0 -48.9591623,-28.1079485992146,0.0 -48.9592659,-28.1079482992146,0.0 -48.9594179,-28.1079266992146,0.0 -48.9595995,-28.1079064992146,0.0 -48.9597668,-28.1079059992146,0.0 -48.9600114,-28.1079225992146,0.0 -48.960259,-28.1079521992146,0.0 -48.9604992,-28.1079845992146,0.0 -48.960977,-28.1079937992146,0.0 -48.9611736,-28.1079985992146,0.0 -48.9613004,-28.1080016992146,0.0 -48.961572,-28.1080135992146,0.0 -48.9620182,-28.1080601992146,0.0 -48.9625439,-28.1081370992146,0.0 -48.96297,-28.1082006992146,0.0 -48.9636117,-28.1082962992146,0.0 -48.9642347,-28.1083624992146,0.0 -48.9644935,-28.1083383992146,0.0 -48.9646957,-28.1082726992146,0.0 -48.9650408,-28.1081373992146,0.0 -48.9654167,-28.1079953992146,0.0 -48.9658428,-28.1079304992146,0.0 -48.9662351,-28.1078877992146,0.0 -48.9666948,-28.1078691992146,0.0 -48.9669043,-28.1078722992146,0.0 -48.9671251,-28.1079292992146,0.0 -48.9674729,-28.1080616992146,0.0 -48.9677233,-28.1081823992146,0.0 -48.9678774,-28.1082278992146,0.0 -48.9681125,-28.1082466992146,0.0 -48.968539,-28.1082147992146,0.0 -48.9687994,-28.1081986992146,0.0 -48.96952,-28.1081400992146,0.0 -48.9696519,-28.1080987992146,0.0 -48.9697414,-28.1080200992146,0.0 -48.9698831,-28.1077607992146,0.0 -48.9699264,-28.1076744992146,0.0 -48.9700716,-28.1074133992146,0.0 -48.9701802,-28.1072829992146,0.0 -48.9702725,-28.1071424992147,0.0 -48.9703274,-28.1070188992147,0.0 -48.9703727,-28.1067773992147,0.0 -48.970458,-28.1064532992147,0.0 -48.970589,-28.1062149992147,0.0 -48.9706795,-28.1058359992147,0.0 -48.9707259,-28.1056633992147,0.0 -48.9708665,-28.1053932992147,0.0 -48.970985,-28.1051275992147,0.0 -48.9710349,-28.1049961992147,0.0 -48.9711327,-28.1047213992147,0.0 -48.9711962,-28.1044037992147,0.0 -48.9712766,-28.1040384992147,0.0 -48.9713166,-28.1037118992147,0.0 -48.9713394,-28.1033370992147,0.0 -48.9713978,-28.1029956992147,0.0 -48.9715358,-28.1026363992147,0.0 -48.9717172,-28.1023608992147,0.0 -48.9719778,-28.1021840992147,0.0 -48.972201,-28.1020641992147,0.0 -48.9724867,-28.1019337992147,0.0 -48.9725812,-28.1018451992148,0.0 -48.9729073,-28.1015181992147,0.0 -48.9727765,-28.1015720992148,0.0 -48.9726359,-28.1015809992148,0.0 -48.9719692,-28.1016546992147,0.0 -48.9717991,-28.1016865992148,0.0 -48.9716874,-28.1016907992147,0.0 -48.9716199,-28.1016773992148,0.0 -48.971568,-28.1016441992147,0.0 -48.9715202,-28.1015935992148,0.0 -48.9715035,-28.1015149992147,0.0 -48.971482,-28.1013339992148,0.0 -48.9714635,-28.1012670992148,0.0 -48.9713735,-28.1011620992148,0.0 -48.9713041,-28.1011134992148,0.0 -48.9712564,-28.1010995992148,0.0 -48.9711806,-28.1010888992148,0.0 -48.9711033,-28.1010928992148,0.0 -48.9710485,-28.1011081992148,0.0 -48.9709959,-28.1011367992148,0.0 -48.9708943,-28.1012073992148,0.0 -48.9708112,-28.1012735992148,0.0 -48.9707509,-28.1013400992148,0.0 -48.9705403,-28.1015945992148,0.0 -48.9704088,-28.1017211992147,0.0 -48.970338,-28.1017918992147,0.0 -48.9702083,-28.1018649992147,0.0 -48.97015,-28.1018853992147,0.0 -48.9700944,-28.1018932992147,0.0 -48.9700424,-28.1018895992147,0.0 -48.9699268,-28.1018702992147,0.0 -48.9698181,-28.1018466992147,0.0 -48.9697506,-28.1018288992147,0.0 -48.9696392,-28.1017683992147,0.0 -48.969564,-28.1017203992147,0.0 -48.9694307,-28.1016264992147,0.0 -48.969341,-28.1015599992148,0.0 -48.9692881,-28.1015115992147,0.0 -48.9692563,-28.1014426992148,0.0 -48.969236,-28.1013339992148,0.0 -48.9692361,-28.1012434992148,0.0 -48.9692483,-28.1011674992148,0.0 -48.9692879,-28.1009417992148,0.0 -48.9693118,-28.1007429992148,0.0 -48.9693323,-28.1006197992148,0.0 -48.969346,-28.1005498992148,0.0 -48.96936,-28.1004932992148,0.0 -48.9694034,-28.1003872992148,0.0 -48.9694311,-28.1003212992148,0.0 -48.9694539,-28.1002352992148,0.0 -48.9694587,-28.1001968992148,0.0 -48.9694628,-28.1001177992148,0.0 -48.9694587,-28.1000627992148,0.0 -48.9694379,-28.0999555992148,0.0 -48.9694144,-28.0998550992148,0.0 -48.9693763,-28.0997398992148,0.0 -48.9693457,-28.0996571992148,0.0 -48.9692763,-28.0995102992148,0.0 -48.9692632,-28.0994784992148,0.0 -48.9692307,-28.0994379992148,0.0 -48.9691856,-28.0993905992148,0.0 -48.9691373,-28.0993463992148,0.0 -48.9690875,-28.0993253992148,0.0 -48.9690529,-28.0993188992148,0.0 -48.9690209,-28.0993174992148,0.0 -48.9689815,-28.0993233992148,0.0 -48.9689158,-28.0993278992148,0.0 -48.9688884,-28.0993265992148,0.0 -48.9688611,-28.0993210992148,0.0 -48.9688106,-28.0992996992148,0.0 -48.9687472,-28.0992592992148,0.0 -48.9687232,-28.0992392992148,0.0 -48.968696,-28.0992287992148,0.0 -48.9686399,-28.0992187992148,0.0 -48.9685636,-28.0991963992148,0.0 -48.9685421,-28.0991823992148,0.0 -48.9685205,-28.0991494992148,0.0 -48.9685064,-28.0991041992148,0.0 -48.9685006,-28.0990774992148,0.0 -48.9685002,-28.0990458992148,0.0 -48.9685053,-28.0990243992148,0.0 -48.9685133,-28.0990102992148,0.0 -48.9685296,-28.0989879992148,0.0 -48.9685447,-28.0989771992148,0.0 -48.9685759,-28.0989702992148,0.0 -48.9686605,-28.0989554992148,0.0 -48.968729,-28.0989409992148,0.0 -48.9688001,-28.0989236992148,0.0 -48.9688485,-28.0989106992148,0.0 -48.9688805,-28.0988912992148,0.0 -48.9689154,-28.0988495992148,0.0 -48.9689398,-28.0987903992148,0.0 -48.96895,-28.0987419992148,0.0 -48.9689689,-28.0986814992148,0.0 -48.9689871,-28.0986492992148,0.0 -48.9690082,-28.0986275992148,0.0 -48.9690411,-28.0986096992148,0.0 -48.9690874,-28.0985911992148,0.0 -48.9691752,-28.0985583992148,0.0 -48.9692345,-28.0985390992148,0.0 -48.9693106,-28.0985058992148,0.0 -48.9693702,-28.0984800992148,0.0 -48.9694174,-28.0984719992148,0.0 -48.9694822,-28.0984624992148,0.0 -48.9695555,-28.0984396992148,0.0 -48.9695805,-28.0984313992148,0.0 -48.9696255,-28.0984066992148,0.0 -48.9696708,-28.0983723992148,0.0 -48.969763,-28.0982807992148,0.0 -48.9698504,-28.0982048992148,0.0 -48.969921,-28.0981618992148,0.0 -48.9699878,-28.0981275992148,0.0 -48.9700505,-28.0981095992148,0.0 -48.9701159,-28.0980935992148,0.0 -48.9701512,-28.0980863992148,0.0 -48.9702027,-28.0980710992148,0.0 -48.9702518,-28.0980487992148,0.0 -48.970324,-28.0980007992148,0.0 -48.9703692,-28.0979643992148,0.0 -48.9703903,-28.0979399992148,0.0 -48.9704145,-28.0978933992148,0.0 -48.9704237,-28.0978687992148,0.0 -48.9704233,-28.0978375992148,0.0 -48.9704162,-28.0978030992148,0.0 -48.9703984,-28.0977535992148,0.0 -48.9703484,-28.0976941992148,0.0 -48.9702759,-28.0976117992148,0.0 -48.9702231,-28.0975329992148,0.0 -48.9701606,-28.0974182992148,0.0 -48.9701285,-28.0973627992148,0.0 -48.9701041,-28.0973422992148,0.0 -48.9700081,-28.0972998992148,0.0 -48.969935,-28.0972529992148,0.0 -48.9698769,-28.0972019992148,0.0 -48.9698152,-28.0971263992148,0.0 -48.9697125,-28.0970021992148,0.0 -48.9696334,-28.0969148992148,0.0 -48.9696043,-28.0968676992148,0.0 -48.9695957,-28.0968331992148,0.0 -48.9695936,-28.0968056992148,0.0 -48.9696006,-28.0967646992148,0.0 -48.9696171,-28.0967122992148,0.0 -48.9696446,-28.0965973992148,0.0 -48.9696532,-28.0965283992148,0.0 -48.9696543,-28.0964455992148,0.0 -48.9696519,-28.0964070992148,0.0 -48.9696329,-28.0963687992148,0.0 -48.9695854,-28.0962867992149,0.0 -48.9695731,-28.0962503992148,0.0 -48.9695856,-28.0961926992148,0.0 -48.9696122,-28.0961522992149,0.0 -48.9696428,-28.0961229992148,0.0 -48.9697233,-28.0960791992149,0.0 -48.9697764,-28.0960629992149,0.0 -48.9698732,-28.0960524992148,0.0 -48.9699649,-28.0960570992148,0.0 -48.9700154,-28.0960674992149,0.0 -48.9700498,-28.0960803992148,0.0 -48.9702217,-28.0961640992148,0.0 -48.9702891,-28.0961991992149,0.0 -48.9703566,-28.0962342992148,0.0 -48.9703839,-28.0962407992149,0.0 -48.9703981,-28.0962446992149,0.0 -48.9704175,-28.0962452992148,0.0 -48.9704402,-28.0962401992148,0.0 -48.9704625,-28.0962288992149,0.0 -48.9704894,-28.0962060992149,0.0 -48.9705233,-28.0961644992149,0.0 -48.970581,-28.0960674992149,0.0 -48.9706236,-28.0959774992149,0.0 -48.9706522,-28.0959254992149,0.0 -48.9707224,-28.0958517992149,0.0 -48.97078,-28.0958059992149,0.0 -48.9708177,-28.0957905992149,0.0 -48.9708606,-28.0957802992149,0.0 -48.9709212,-28.0957781992149,0.0 -48.9709751,-28.0957749992149,0.0 -48.9710174,-28.0957744992149,0.0 -48.9710458,-28.0957723992149,0.0 -48.9710743,-28.0957643992149,0.0 -48.9710909,-28.0957544992149,0.0 -48.9711056,-28.0957415992149,0.0 -48.9711154,-28.0957198992149,0.0 -48.9711235,-28.0956840992149,0.0 -48.9711191,-28.0956362992149,0.0 -48.9711046,-28.0955967992149,0.0 -48.9710233,-28.0954805992149,0.0 -48.9709891,-28.0954354992149,0.0 -48.9709134,-28.0953120992149,0.0 -48.970859,-28.0952255992149,0.0 -48.9708232,-28.0951623992149,0.0 -48.9707891,-28.0950935992149,0.0 -48.9707708,-28.0950404992149,0.0 -48.9707415,-28.0949787992149,0.0 -48.9707271,-28.0949406992149,0.0 -48.9707135,-28.0948527992149,0.0 -48.9707115,-28.0947846992149,0.0 -48.9707155,-28.0947054992149,0.0 -48.9707236,-28.0946465992149,0.0 -48.9707345,-28.0946114992149,0.0 -48.9707617,-28.0945675992149,0.0 -48.9707868,-28.0945460992149,0.0 -48.9708179,-28.0945305992149,0.0 -48.9708448,-28.0945236992149,0.0 -48.9708769,-28.0945197992149,0.0 -48.9709359,-28.0944920992149,0.0 -48.9709559,-28.0944726992149,0.0 -48.970972,-28.0944514992149,0.0 -48.9709801,-28.0944318992149,0.0 -48.9709833,-28.0943942992149,0.0 -48.9709799,-28.0943581992149,0.0 -48.9709647,-28.0942703992149,0.0 -48.9709631,-28.0942466992149,0.0 -48.9709698,-28.0942176992149,0.0 -48.9709794,-28.0941640992149,0.0 -48.9709838,-28.0941262992149,0.0 -48.9710105,-28.0940211992149,0.0 -48.9710324,-28.0939284992149,0.0 -48.9710432,-28.0938801992149,0.0 -48.9710672,-28.0938082992149,0.0 -48.9710797,-28.0937555992149,0.0 -48.9710836,-28.0937012992149,0.0 -48.9710787,-28.0936562992149,0.0 -48.9710624,-28.0936275992149,0.0 -48.9710372,-28.0935900992149,0.0 -48.9709859,-28.0935414992149,0.0 -48.9709402,-28.0935003992149,0.0 -48.9709145,-28.0934719992149,0.0 -48.9708853,-28.0934265992149,0.0 -48.9708788,-28.0934005992149,0.0 -48.9708826,-28.0933751992149,0.0 -48.9708883,-28.0933551992149,0.0 -48.9708956,-28.0933388992149,0.0 -48.9709023,-28.0933320992149,0.0 -48.9709193,-28.0933246992149,0.0 -48.9709321,-28.0933226992149,0.0 -48.9709559,-28.0933233992149,0.0 -48.9709678,-28.0933261992149,0.0 -48.970995,-28.0933400992149,0.0 -48.9710213,-28.0933647992149,0.0 -48.9710398,-28.0933851992149,0.0 -48.9710823,-28.0934292992149,0.0 -48.9711112,-28.0934423992149,0.0 -48.97113,-28.0934477992149,0.0 -48.9711567,-28.0934492992149,0.0 -48.9711884,-28.0934464992149,0.0 -48.9712306,-28.0934386992149,0.0 -48.971295,-28.0934417992149,0.0 -48.9713557,-28.0934488992149,0.0 -48.9713802,-28.0934565992149,0.0 -48.9714144,-28.0934752992149,0.0 -48.9714815,-28.0934992992149,0.0 -48.9715257,-28.0935085992149,0.0 -48.9715783,-28.0935101992149,0.0 -48.9716434,-28.0935081992149,0.0 -48.9716792,-28.0935046992149,0.0 -48.9717155,-28.0934978992149,0.0 -48.971744,-28.0934892992149,0.0 -48.9717619,-28.0934763992149,0.0 -48.9717754,-28.0934619992149,0.0 -48.9717827,-28.0934446992149,0.0 -48.9717856,-28.0934209992149,0.0 -48.9717817,-28.0933854992149,0.0 -48.97177,-28.0933539992149,0.0 -48.9717554,-28.0933209992149,0.0 -48.9717347,-28.0933029992149,0.0 -48.9716889,-28.0932688992149,0.0 -48.9716609,-28.0932494992149,0.0 -48.9716379,-28.0932305992149,0.0 -48.9716078,-28.0932005992149,0.0 -48.9715624,-28.0931546992149,0.0 -48.9714986,-28.0930937992149,0.0 -48.9714178,-28.0930301992149,0.0 -48.9713867,-28.0930039992149,0.0 -48.9713688,-28.0929806992149,0.0 -48.9713618,-28.0929642992149,0.0 -48.9713565,-28.0929335992149,0.0 -48.9713563,-28.0929046992149,0.0 -48.9713605,-28.0928777992149,0.0 -48.9713703,-28.0928447992149,0.0 -48.9713862,-28.0928170992149,0.0 -48.9714067,-28.0927971992149,0.0 -48.9714291,-28.0927834992149,0.0 -48.9714464,-28.0927772992149,0.0 -48.9714707,-28.0927710992149,0.0 -48.9715104,-28.0927674992149,0.0 -48.9715354,-28.0927626992149,0.0 -48.9715556,-28.0927570992149,0.0 -48.9715967,-28.0927420992149,0.0 -48.9716383,-28.0927309992149,0.0 -48.9716688,-28.0927287992149,0.0 -48.9717006,-28.0927321992149,0.0 -48.9717206,-28.0927383992149,0.0 -48.9717416,-28.0927509992149,0.0 -48.9717688,-28.0927709992149,0.0 -48.9718261,-28.0928201992149,0.0 -48.9718788,-28.0928528992149,0.0 -48.971912,-28.0928635992149,0.0 -48.9719589,-28.0928725992149,0.0 -48.9720963,-28.0928787992149,0.0 -48.9721642,-28.0928769992149,0.0 -48.9722237,-28.0928811992149,0.0 -48.9722613,-28.0928844992149,0.0 -48.9722973,-28.0928872992149,0.0 -48.9723251,-28.0928775992149,0.0 -48.9723522,-28.0928556992149,0.0 -48.9723691,-28.0928172992149,0.0 -48.9723744,-28.0927881992149,0.0 -48.9723703,-28.0927543992149,0.0 -48.9723625,-28.0927278992149,0.0 -48.9723518,-28.0927109992149,0.0 -48.972324,-28.0926905992149,0.0 -48.9723017,-28.0926823992149,0.0 -48.9722704,-28.0926786992149,0.0 -48.972227,-28.0926789992149,0.0 -48.972164,-28.0926873992149,0.0 -48.9720686,-28.0927012992149,0.0 -48.9720336,-28.0927035992149,0.0 -48.972006,-28.0926989992149,0.0 -48.9719812,-28.0926860992149,0.0 -48.9719644,-28.0926700992149,0.0 -48.9719391,-28.0926320992149,0.0 -48.9718838,-28.0925571992149,0.0 -48.9718643,-28.0925245992149,0.0 -48.9718539,-28.0924834992149,0.0 -48.9718605,-28.0924492992149,0.0 -48.9718833,-28.0924063992149,0.0 -48.971912,-28.0923849992149,0.0 -48.9719598,-28.0923764992149,0.0 -48.972011,-28.0923831992149,0.0 -48.9720444,-28.0923908992149,0.0 -48.9720711,-28.0923998992149,0.0 -48.9720986,-28.0924002992149,0.0 -48.9721605,-28.0923958992149,0.0 -48.9721986,-28.0923885992149,0.0 -48.9722414,-28.0923706992149,0.0 -48.972282,-28.0923514992149,0.0 -48.9723123,-28.0923222992149,0.0 -48.972334,-28.0922801992149,0.0 -48.9723532,-28.0922091992149,0.0 -48.9723611,-28.0921410992149,0.0 -48.9723203,-28.0919426992149,0.0 -48.9722378,-28.0918438992149,0.0 -48.9721732,-28.0918310992149,0.0 -48.9721241,-28.0918316992149,0.0 -48.9720726,-28.0918348992149,0.0 -48.9719706,-28.0918246992149,0.0 -48.9719373,-28.0918135992149,0.0 -48.9719042,-28.0917880992149,0.0 -48.9718639,-28.0917544992149,0.0 -48.9718344,-28.0916943992149,0.0 -48.9718153,-28.0916445992149,0.0 -48.9718017,-28.0916140992149,0.0 -48.9717648,-28.0915506992149,0.0 -48.9716978,-28.0914710992149,0.0 -48.9716555,-28.0914235992149,0.0 -48.9716416,-28.0914134992149,0.0 -48.9715985,-28.0914042992149,0.0 -48.9715518,-28.0913963992149,0.0 -48.9713642,-28.0913729992149,0.0 -48.9712767,-28.0913544992149,0.0 -48.971233,-28.0913425992149,0.0 -48.9711894,-28.0913234992149,0.0 -48.9711028,-28.0912743992149,0.0 -48.9709612,-28.0911614992149,0.0 -48.9706987,-28.0909420992149,0.0 -48.9706127,-28.090867499215,0.0 -48.9705249,-28.0907890992149,0.0 -48.9704762,-28.0907455992149,0.0 -48.9704646,-28.090733299215,0.0 -48.9704215,-28.0906873992149,0.0 -48.9702336,-28.090412999215,0.0 -48.9701298,-28.090262699215,0.0 -48.9700917,-28.090229099215,0.0 -48.9700466,-28.090213899215,0.0 -48.9699783,-28.090204299215,0.0 -48.9698815,-28.090200899215,0.0 -48.96971,-28.090199599215,0.0 -48.9696195,-28.090185699215,0.0 -48.9695684,-28.090170399215,0.0 -48.969536,-28.090148199215,0.0 -48.9695164,-28.090117899215,0.0 -48.9694978,-28.090077999215,0.0 -48.9694962,-28.090044999215,0.0 -48.9695056,-28.090016699215,0.0 -48.9695264,-28.089982699215,0.0 -48.9695492,-28.089958599215,0.0 -48.9695973,-28.089932999215,0.0 -48.9698218,-28.089854899215,0.0 -48.970142,-28.089755899215,0.0 -48.9704868,-28.089651799215,0.0 -48.9705783,-28.089617599215,0.0 -48.9706182,-28.089593699215,0.0 -48.9706694,-28.089563499215,0.0 -48.9707269,-28.089520499215,0.0 -48.9707651,-28.089470899215,0.0 -48.9707945,-28.089410599215,0.0 -48.970818,-28.089350199215,0.0 -48.9708378,-28.089254999215,0.0 -48.9708868,-28.088941599215,0.0 -48.9709069,-28.088814799215,0.0 -48.9709352,-28.088663299215,0.0 -48.9709603,-28.088525399215,0.0 -48.9709678,-28.088443199215,0.0 -48.9709838,-28.088312499215,0.0 -48.9709952,-28.088210199215,0.0 -48.9710077,-28.088115499215,0.0 -48.9710354,-28.088030099215,0.0 -48.971065,-28.087967499215,0.0 -48.9710804,-28.087937899215,0.0 -48.9711122,-28.087916299215,0.0 -48.9711771,-28.087879899215,0.0 -48.9712093,-28.087868299215,0.0 -48.9712466,-28.087866699215,0.0 -48.9712797,-28.087869299215,0.0 -48.9714421,-28.087896899215,0.0 -48.9714758,-28.087902199215,0.0 -48.9715095,-28.087901099215,0.0 -48.9715512,-28.087888599215,0.0 -48.9715817,-28.087872299215,0.0 -48.9716004,-28.087854699215,0.0 -48.9716219,-28.087814499215,0.0 -48.9716403,-28.087779599215,0.0 -48.9716523,-28.087739399215,0.0 -48.9716545,-28.087620499215,0.0 -48.9716594,-28.087453999215,0.0 -48.9716683,-28.087297099215,0.0 -48.9716785,-28.087101699215,0.0 -48.9716895,-28.086988499215,0.0 -48.9716962,-28.086819299215,0.0 -48.9716992,-28.086691099215,0.0 -48.9717007,-28.086612999215,0.0 -48.9716979,-28.086511399215,0.0 -48.9716983,-28.086426999215,0.0 -48.9717061,-28.086357299215,0.0 -48.9717203,-28.086298999215,0.0 -48.9717563,-28.086214499215,0.0 -48.9717982,-28.086131399215,0.0 -48.97184,-28.086077499215,0.0 -48.9718816,-28.086037199215,0.0 -48.9719176,-28.086013599215,0.0 -48.9720264,-28.085960999215,0.0 -48.9720807,-28.085937599215,0.0 -48.9721344,-28.085918999215,0.0 -48.9721793,-28.085889799215,0.0 -48.9722084,-28.085857499215,0.0 -48.9722214,-28.085824599215,0.0 -48.9722327,-28.085791699215,0.0 -48.9722423,-28.085750899215,0.0 -48.9722406,-28.085715799215,0.0 -48.9722191,-28.085660599215,0.0 -48.9721888,-28.085606099215,0.0 -48.9721543,-28.085546699215,0.0 -48.9721449,-28.085513999215,0.0 -48.9721542,-28.085492099215,0.0 -48.9721677,-28.085463499215,0.0 -48.9721712,-28.085437799215,0.0 -48.9721683,-28.085402099215,0.0 -48.972156,-28.0853612992151,0.0 -48.9721404,-28.085340099215,0.0 -48.9721171,-28.0853192992151,0.0 -48.9720661,-28.085291199215,0.0 -48.9720315,-28.0852770992151,0.0 -48.9720003,-28.085268199215,0.0 -48.971961,-28.0852492992151,0.0 -48.971917,-28.0852250992151,0.0 -48.9718177,-28.085177199215,0.0 -48.9717261,-28.0851299992151,0.0 -48.971692,-28.085117499215,0.0 -48.9716415,-28.0850988992151,0.0 -48.9715223,-28.0850377992151,0.0 -48.9714496,-28.084998399215,0.0 -48.9713918,-28.0849722992151,0.0 -48.9713339,-28.0849461992151,0.0 -48.9712918,-28.0849208992151,0.0 -48.9712579,-28.0848941992151,0.0 -48.9712248,-28.0848552992151,0.0 -48.9711527,-28.0847542992151,0.0 -48.9710411,-28.0846379992151,0.0 -48.970975,-28.0845883992151,0.0 -48.9707726,-28.0844554992151,0.0 -48.9706441,-28.0843824992151,0.0 -48.9704506,-28.0842595992151,0.0 -48.9703868,-28.0842171992151,0.0 -48.9702309,-28.0841393992151,0.0 -48.9701197,-28.0840791992151,0.0 -48.9699606,-28.0839883992151,0.0 -48.9697527,-28.0838772992151,0.0 -48.9696301,-28.0838146992151,0.0 -48.9695886,-28.0837966992151,0.0 -48.9695474,-28.0837842992151,0.0 -48.9695077,-28.0837813992151,0.0 -48.9694817,-28.0837845992151,0.0 -48.9694583,-28.0837914992151,0.0 -48.9694186,-28.0838123992151,0.0 -48.9693822,-28.0838366992151,0.0 -48.9693497,-28.0838709992151,0.0 -48.9693038,-28.0839253992151,0.0 -48.9692215,-28.0839923992151,0.0 -48.9691074,-28.0840837992151,0.0 -48.9689916,-28.0841610992151,0.0 -48.9689364,-28.0841928992151,0.0 -48.9688452,-28.0842230992151,0.0 -48.9688109,-28.0842339992151,0.0 -48.9687384,-28.0842424992151,0.0 -48.968694,-28.0842421992151,0.0 -48.9686582,-28.0842386992151,0.0 -48.9686269,-28.0842283992151,0.0 -48.9686035,-28.0842139992151,0.0 -48.9685553,-28.0841713992151,0.0 -48.9684864,-28.0840944992151,0.0 -48.9684492,-28.0840577992151,0.0 -48.9684305,-28.0840489992151,0.0 -48.9684147,-28.0840444992151,0.0 -48.9683965,-28.0840451992151,0.0 -48.9683835,-28.0840508992151,0.0 -48.96837,-28.0840601992151,0.0 -48.9683555,-28.0840812992151,0.0 -48.9683488,-28.0841041992151,0.0 -48.9683416,-28.0841517992151,0.0 -48.9683416,-28.0842081992151,0.0 -48.9683363,-28.0842618992151,0.0 -48.9683277,-28.0843011992151,0.0 -48.9683099,-28.0843190992151,0.0 -48.9682795,-28.0843387992151,0.0 -48.968246,-28.0843490992151,0.0 -48.9681917,-28.0843589992151,0.0 -48.9680975,-28.0843753992151,0.0 -48.9680477,-28.0843872992151,0.0 -48.9680088,-28.0844081992151,0.0 -48.9679682,-28.0844511992151,0.0 -48.9679212,-28.0845625992151,0.0 -48.9678944,-28.0846426992151,0.0 -48.9678872,-28.0847091992151,0.0 -48.9678841,-28.0847376992151,0.0 -48.967862,-28.0847611992151,0.0 -48.9678433,-28.0847726992151,0.0 -48.9678205,-28.0847769992151,0.0 -48.9677705,-28.0847729992151,0.0 -48.9677258,-28.0847633992151,0.0 -48.9676917,-28.0847525992151,0.0 -48.9676677,-28.0847410992151,0.0 -48.9676475,-28.0847206992151,0.0 -48.9676328,-28.0846876992151,0.0 -48.9676027,-28.0846000992151,0.0 -48.9675804,-28.0845208992151,0.0 -48.9675615,-28.0844616992151,0.0 -48.967552,-28.0844151992151,0.0 -48.9675494,-28.0843733992151,0.0 -48.9675559,-28.0843393992151,0.0 -48.9675698,-28.0843002992151,0.0 -48.9676033,-28.0842373992151,0.0 -48.9676432,-28.0841645992151,0.0 -48.9676727,-28.0840851992151,0.0 -48.9676897,-28.0840213992151,0.0 -48.9677107,-28.0839449992151,0.0 -48.9677248,-28.0838705992151,0.0 -48.9677295,-28.0838163992151,0.0 -48.9677249,-28.0837835992151,0.0 -48.967707,-28.0837212992151,0.0 -48.967698,-28.0836663992151,0.0 -48.9677029,-28.0836009992151,0.0 -48.9677149,-28.0835611992151,0.0 -48.9677437,-28.0835129992151,0.0 -48.9677875,-28.0834579992151,0.0 -48.9678554,-28.0833836992151,0.0 -48.9679088,-28.0833368992151,0.0 -48.9679466,-28.0833004992151,0.0 -48.9680199,-28.0832394992151,0.0 -48.9681323,-28.0831508992151,0.0 -48.9681651,-28.0830958992151,0.0 -48.9682605,-28.0828773992151,0.0 -48.9683254,-28.0827518992151,0.0 -48.9683743,-28.0826439992151,0.0 -48.9684197,-28.0825345992151,0.0 -48.9684469,-28.0824861992151,0.0 -48.9684951,-28.0824247992151,0.0 -48.968595,-28.0823347992151,0.0 -48.9687033,-28.0822577992151,0.0 -48.968761,-28.0822259992151,0.0 -48.9687817,-28.0822175992151,0.0 -48.9688222,-28.0822076992151,0.0 -48.9689189,-28.0821903992151,0.0 -48.9690747,-28.0821933992151,0.0 -48.9691736,-28.0822018992151,0.0 -48.9693296,-28.0822193992151,0.0 -48.9694101,-28.0822349992151,0.0 -48.9694767,-28.0822300992151,0.0 -48.9695086,-28.0822157992151,0.0 -48.9695808,-28.0821542992151,0.0 -48.96968,-28.0821074992151,0.0 -48.9697932,-28.0820229992151,0.0 -48.9698756,-28.0819806992151,0.0 -48.9699336,-28.0819623992151,0.0 -48.970004,-28.0819543992151,0.0 -48.9701397,-28.0819684992151,0.0 -48.9703454,-28.0819815992151,0.0 -48.9704725,-28.0819971992151,0.0 -48.9705324,-28.0820229992151,0.0 -48.9706053,-28.0820657992151,0.0 -48.9706899,-28.0821367992151,0.0 -48.9707556,-28.0821539992151,0.0 -48.9708972,-28.0821665992151,0.0 -48.9710573,-28.0821658992151,0.0 -48.9711592,-28.0821786992151,0.0 -48.9712823,-28.0822016992151,0.0 -48.9713707,-28.0822004992151,0.0 -48.9714234,-28.0821838992151,0.0 -48.971476,-28.0821671992151,0.0 -48.9716107,-28.0820775992151,0.0 -48.9719183,-28.0818571992151,0.0 -48.9721788,-28.0816784992151,0.0 -48.9724491,-28.0815564992151,0.0 -48.9725721,-28.0815136992151,0.0 -48.9727146,-28.0814839992151,0.0 -48.9728411,-28.0814795992151,0.0 -48.9729115,-28.0814923992151,0.0 -48.9730619,-28.0815156992151,0.0 -48.9731954,-28.0815027992151,0.0 -48.9733199,-28.0814944992151,0.0 -48.9733783,-28.0814772992151,0.0 -48.9734088,-28.0814589992151,0.0 -48.9734576,-28.0814010992151,0.0 -48.9735164,-28.0812920992151,0.0 -48.9735435,-28.0812095992151,0.0 -48.9735885,-28.0811601992151,0.0 -48.9736679,-28.0811128992151,0.0 -48.9737488,-28.0811021992151,0.0 -48.9738192,-28.0811078992151,0.0 -48.9738891,-28.0811003992151,0.0 -48.9739638,-28.0810701992151,0.0 -48.9740079,-28.0810238992151,0.0 -48.9740306,-28.0809034992151,0.0 -48.9740318,-28.0808392992151,0.0 -48.9740457,-28.0807573992151,0.0 -48.9740612,-28.0807116992151,0.0 -48.9740993,-28.0806307992151,0.0 -48.9741312,-28.0805694992151,0.0 -48.9741507,-28.0805005992151,0.0 -48.9741719,-28.0803858992151,0.0 -48.9741897,-28.0803192992151,0.0 -48.9742,-28.0802998992151,0.0 -48.9742184,-28.0802897992151,0.0 -48.9742405,-28.0802888992151,0.0 -48.9742827,-28.0802983992151,0.0 -48.9743226,-28.0803235992151,0.0 -48.9743898,-28.0803540992151,0.0 -48.9744421,-28.0803571992151,0.0 -48.9744921,-28.0803501992151,0.0 -48.9745395,-28.0803409992151,0.0 -48.9745655,-28.0803239992151,0.0 -48.9746055,-28.0802910992151,0.0 -48.9746179,-28.0802540992151,0.0 -48.9746088,-28.0801882992151,0.0 -48.9745596,-28.0799959992151,0.0 -48.9745231,-28.0797911992151,0.0 -48.9744665,-28.0796478992152,0.0 -48.9744479,-28.0795719992151,0.0 -48.9744463,-28.0795478992152,0.0 -48.9744534,-28.0795289992152,0.0 -48.9744671,-28.0795140992152,0.0 -48.9745267,-28.0794911992152,0.0 -48.9746874,-28.0794491992152,0.0 -48.9747978,-28.0794034992152,0.0 -48.9748642,-28.0793757992152,0.0 -48.974917,-28.0793613992152,0.0 -48.9749515,-28.0793434992152,0.0 -48.9749685,-28.0793140992152,0.0 -48.9749781,-28.0792302992152,0.0 -48.9749676,-28.0791818992152,0.0 -48.9749414,-28.0791364992152,0.0 -48.9749316,-28.0791193992152,0.0 -48.9749219,-28.0791025992152,0.0</coordinates>
</LinearRing>
</outerBoundaryIs>
</Polygon>
</MultiGeometry>
</Placemark>
</Folder>
</Document></kml>
